registry_category,repo_relative_path,file_size_bytes,sha256,asset_identifier,license_class
pallet_models,data/pallet/assets/pallets/models/models_usd/_scale_report.txt,388,d9e33499a9d5227f8a621984c4d23fccfab5e11b6111a0ee2ec286de53a71243,_scale_report,CC-BY (P0/P1) · NoAI 원본은 quarantine (ledger B1/B3/B5)
pallet_models,data/pallet/assets/pallets/models/models_usd/_shader_report.txt,392,92888332d41f0d12d94e4c885900054a67de9b7277d6b7eec9600e57ed5afa73,_shader_report,CC-BY (P0/P1) · NoAI 원본은 quarantine (ledger B1/B3/B5)
pallet_models,data/pallet/assets/pallets/models/models_usd/_shape_inspect/compare_angle.png,1841758,d0b5b26ee4eff3d64086667ce4943feb79d1b3668f67ea589fae96b945468e0e,compare_angle,CC-BY (P0/P1) · NoAI 원본은 quarantine (ledger B1/B3/B5)
pallet_models,data/pallet/assets/pallets/models/models_usd/_shape_inspect/compare_top.png,1836139,b0fd1175d9fb828969aee89227e42270ac7e749bd3db3c182308aae9daae1c14,compare_top,CC-BY (P0/P1) · NoAI 원본은 quarantine (ledger B1/B3/B5)
pallet_models,data/pallet/assets/pallets/models/models_usd/_shape_inspect/scene_1_angle.png,730033,203b820557dfb8e525d954bcb24e6f0ed2f0c6045d97c651ace92a735b99830e,scene_1_angle,CC-BY (P0/P1) · NoAI 원본은 quarantine (ledger B1/B3/B5)
pallet_models,data/pallet/assets/pallets/models/models_usd/_shape_inspect/scene_1_top.png,749194,211f6a2dabc8a57d462d6278597fe9422f7b0c8a2db7c4af4e7d47d84aa7ab50,scene_1_top,CC-BY (P0/P1) · NoAI 원본은 quarantine (ledger B1/B3/B5)
pallet_models,data/pallet/assets/pallets/models/models_usd/_shape_inspect/scene_2_angle.png,707607,96de01721f2e7cc156c5f9e2ba81b5a9caf8fa2e64265ffa7819995eefec3790,scene_2_angle,CC-BY (P0/P1) · NoAI 원본은 quarantine (ledger B1/B3/B5)
pallet_models,data/pallet/assets/pallets/models/models_usd/_shape_inspect/scene_2_top.png,708835,cccbe4a2512656a165c9001540ebe586c9f50d0b8c6c2bddabb4c30f0a7c2075,scene_2_top,CC-BY (P0/P1) · NoAI 원본은 quarantine (ledger B1/B3/B5)
pallet_models,data/pallet/assets/pallets/models/models_usd/_shape_inspect/scene_3_angle.png,721584,91f21c175e7a619116d95a7deaddd274050cc07f569dfea0caca2e7c80b0057d,scene_3_angle,CC-BY (P0/P1) · NoAI 원본은 quarantine (ledger B1/B3/B5)
pallet_models,data/pallet/assets/pallets/models/models_usd/_shape_inspect/scene_3_top.png,714736,e5b654e0f60eb2555a732564a325e69d63cfbb36963e3d745bd8b786de0defbb,scene_3_top,CC-BY (P0/P1) · NoAI 원본은 quarantine (ledger B1/B3/B5)
pallet_models,data/pallet/assets/pallets/models/models_usd/eur_pallet_bk_cc0.glb,1277996,26c0ded54a55d50d3844d4a13e1faf0f6cf64835daa7717895e56147df7cafe8,eur_pallet_bk_cc0,CC-BY (P0/P1) · NoAI 원본은 quarantine (ledger B1/B3/B5)
pallet_models,data/pallet/assets/pallets/models/models_usd/scene.usd,20860994,6d4094a1d3188f9c9a9f1803baf7cceacbff62166635b132ebc0b492d299066e,scene,CC-BY (P0/P1) · NoAI 원본은 quarantine (ledger B1/B3/B5)
pallet_models,data/pallet/assets/pallets/models/models_usd/scene_1.usd,332916,814a977030f7d456cc51f6f6cabea8661dbafcf41a5ab64290efbb3ace12fa28,scene_1,CC-BY (P0/P1) · NoAI 원본은 quarantine (ledger B1/B3/B5)
pallet_models,data/pallet/assets/pallets/models/models_usd/scene_noemit.usd,20861071,fe99f6463434175b50a15e7e23d8c4bdab0fc2964f1227c3e33c53d4f16b95b4,scene_noemit,CC-BY (P0/P1) · NoAI 원본은 quarantine (ledger B1/B3/B5)
pallet_models,data/pallet/assets/pallets/models/models_usd/textures/blinn1_baseColor.png,4810604,255ceb90dd07aadb4ac4a2454679291d81e683c3ea139a5fd0b1718c05102c94,blinn1_baseColor,CC-BY (P0/P1) · NoAI 원본은 quarantine (ledger B1/B3/B5)
pallet_models,data/pallet/assets/pallets/models/models_usd/textures/blinn1_metallicRoughness.png,5019535,336b98fce7998dddf6baa0c876277d83acc6f3f49698a89774a75cbc177731b5,blinn1_metallicRoughness,CC-BY (P0/P1) · NoAI 원본은 quarantine (ledger B1/B3/B5)
pallet_models,data/pallet/assets/pallets/models/models_usd/textures/blinn1_normal.png,2393481,9dfa5381e092495939f76e0054a1dd45144fb24cf1953ef63239a8263ba2477f,blinn1_normal,CC-BY (P0/P1) · NoAI 원본은 quarantine (ledger B1/B3/B5)
pallet_models,data/pallet/assets/pallets/models/models_usd/textures/lambert16_baseColor.png,4514893,2efb1ed1b95192c251ef3ec67a4b40b0cf5a14dd01c3573c2fdd224e4805fd81,lambert16_baseColor,CC-BY (P0/P1) · NoAI 원본은 quarantine (ledger B1/B3/B5)
pallet_models,data/pallet/assets/pallets/models/models_usd/textures/lambert16_metallicRoughness.png,4964794,aac543a403434a94000070ddd125d899e55911827c0a2fcbf665989744410d3a,lambert16_metallicRoughness,CC-BY (P0/P1) · NoAI 원본은 quarantine (ledger B1/B3/B5)
pallet_models,data/pallet/assets/pallets/models/models_usd/textures/lambert16_normal.png,6260003,dbc4f69e5a1b4e8ea921215b74db538b4e3356a6de3ed7acca119150ea1e786e,lambert16_normal,CC-BY (P0/P1) · NoAI 원본은 quarantine (ledger B1/B3/B5)
pallet_models,data/pallet/assets/pallets/models/models_usd/woodpallet_block_jtoastie_ccby.glb,305252,5a86aff0dab9a97843135b26418cdef8d77dd9e741012532aa34797493c7ae53,woodpallet_block_jtoastie_ccby,CC-BY (P0/P1) · NoAI 원본은 quarantine (ledger B1/B3/B5)
pallet_source_v2,data/pallet/assets/pallets/source/pallets_v2_add/models/eur_pallet_bk_cc0.glb,1277996,26c0ded54a55d50d3844d4a13e1faf0f6cf64835daa7717895e56147df7cafe8,eur_pallet_bk_cc0,CC-BY 3.0 (J-Toastie) + CC0 (BlenderKit EUR-pallet)
pallet_source_v2,data/pallet/assets/pallets/source/pallets_v2_add/models/stringer_2way_quaternius_cc0.glb,10264,b773bbfe85743cd14ccb95b46219d99781b6f402babcc4a7a25f4179232ba1d5,stringer_2way_quaternius_cc0,CC-BY 3.0 (J-Toastie) + CC0 (BlenderKit EUR-pallet)
pallet_source_v2,data/pallet/assets/pallets/source/pallets_v2_add/models/woodpallet_block_jtoastie_ccby.glb,305252,5a86aff0dab9a97843135b26418cdef8d77dd9e741012532aa34797493c7ae53,woodpallet_block_jtoastie_ccby,CC-BY 3.0 (J-Toastie) + CC0 (BlenderKit EUR-pallet)
pallet_measurements,data/pallet/assets/pallets/source/pallets_v2_add/measurements.json,14352,b7b47a202cce069a09177bf1c7d46d558a66c37981780e7c5ce104de16fa7dcb,measurements,see SOURCES
pallet_materials,data/pallet/assets/materials/pallet/textures_wood/brown_planks_03_diff.png,1935737,7a0c10741eee671610a271170007409be4af590bf11ab3b614cdd4cb5dc736fb,brown_planks_03_diff,CC0 / CC-BY — 각 폴더 LICENSE·SOURCES 참조
pallet_materials,data/pallet/assets/materials/pallet/textures_wood/brown_planks_03_nor_gl.png,1642309,466bfaa1b009378c6f91f4c12d38d4c691885903b55ca245c07b80143c83945f,brown_planks_03_nor_gl,CC0 / CC-BY — 각 폴더 LICENSE·SOURCES 참조
pallet_materials,data/pallet/assets/materials/pallet/textures_wood/brown_planks_03_rough.png,1828448,8d53fc3e6c93e238af07d98dc35e3326f86215d3e251fce54ebff9fe4643158f,brown_planks_03_rough,CC0 / CC-BY — 각 폴더 LICENSE·SOURCES 참조
pallet_materials,data/pallet/assets/materials/pallet/textures_wood/brown_planks_04_diff.png,25307788,f4e84a3453180bac88d9f97ad38a6b954422437df420f10487d1e3362f651005,brown_planks_04_diff,CC0 / CC-BY — 각 폴더 LICENSE·SOURCES 참조
pallet_materials,data/pallet/assets/materials/pallet/textures_wood/brown_planks_04_nor_gl.png,26166796,855e5b515c99bc5755c7731451edc56243defb046c53210c827de6b4bd6f4c35,brown_planks_04_nor_gl,CC0 / CC-BY — 각 폴더 LICENSE·SOURCES 참조
pallet_materials,data/pallet/assets/materials/pallet/textures_wood/brown_planks_04_rough.png,6927576,df735b1d40d044ec9f890c279fa4456372525e60877d40b25a42263dde2e6aff,brown_planks_04_rough,CC0 / CC-BY — 각 폴더 LICENSE·SOURCES 참조
pallet_materials,data/pallet/assets/materials/pallet/textures_wood/dark_planks_diff.png,6279466,6cf4be834c4e1401e420549f911853cbc4fca06ae29def71e729fed30abd17c2,dark_planks_diff,CC0 / CC-BY — 각 폴더 LICENSE·SOURCES 참조
pallet_materials,data/pallet/assets/materials/pallet/textures_wood/dark_planks_nor_gl.png,6374645,ff607f20ca5980fa519a99c766b431f4b18dae3208dd00c29654ba22931f80ec,dark_planks_nor_gl,CC0 / CC-BY — 각 폴더 LICENSE·SOURCES 참조
pallet_materials,data/pallet/assets/materials/pallet/textures_wood/dark_planks_rough.png,6830812,153d99a8fb164bce51f9c8d41477a0f21ed4c3e424b6baecb975138cb6c25d99,dark_planks_rough,CC0 / CC-BY — 각 폴더 LICENSE·SOURCES 참조
pallet_materials,data/pallet/assets/materials/pallet/textures_wood/plank_flooring_03_diff.png,21328228,1a3ebc2dea1d7df12701cf357e74d83fa910aed3f1ffd67c4b830ac2b58e02ed,plank_flooring_03_diff,CC0 / CC-BY — 각 폴더 LICENSE·SOURCES 참조
pallet_materials,data/pallet/assets/materials/pallet/textures_wood/plank_flooring_03_nor_gl.png,22552823,165dca4dd5f41118f63b0a493f2bc07705f0b9fe86fa1356c3639241be67e494,plank_flooring_03_nor_gl,CC0 / CC-BY — 각 폴더 LICENSE·SOURCES 참조
pallet_materials,data/pallet/assets/materials/pallet/textures_wood/plank_flooring_03_rough.png,6781837,d68a0065391765c526970a216a32ff0b867c8dd53cf598f83d73a57b032bbace,plank_flooring_03_rough,CC0 / CC-BY — 각 폴더 LICENSE·SOURCES 참조
pallet_materials,data/pallet/assets/materials/pallet/textures_wood/weathered_brown_planks_diff.png,6362508,3ffad98780c3a025fc15466fc9e926fc158b789ef17a6cc2664bf06c848dc5c5,weathered_brown_planks_diff,CC0 / CC-BY — 각 폴더 LICENSE·SOURCES 참조
pallet_materials,data/pallet/assets/materials/pallet/textures_wood/weathered_brown_planks_nor_gl.png,6305092,17e74f7e4742f6b7f385b1ca57637fd448247bb1dcfcee3dbd58f4de8d32b1b2,weathered_brown_planks_nor_gl,CC0 / CC-BY — 각 폴더 LICENSE·SOURCES 참조
pallet_materials,data/pallet/assets/materials/pallet/textures_wood/weathered_brown_planks_rough.png,3030210,b469a8792495a1b157bb85290f41c9f40caf9135cc36e567813cbb3c20762b24,weathered_brown_planks_rough,CC0 / CC-BY — 각 폴더 LICENSE·SOURCES 참조
pallet_materials,data/pallet/assets/materials/pallet/textures_wood/weathered_planks_diff.png,20990419,36761823f0014cc7d7a4f5ae4976272eabb0aa72aee33991a1340e77021e0e23,weathered_planks_diff,CC0 / CC-BY — 각 폴더 LICENSE·SOURCES 참조
pallet_materials,data/pallet/assets/materials/pallet/textures_wood/weathered_planks_nor_gl.png,22124504,8ae4f3c4f250464b43f0d446790bcc3b97e8edf4ee43a6c7f7c0613710da3721,weathered_planks_nor_gl,CC0 / CC-BY — 각 폴더 LICENSE·SOURCES 참조
pallet_materials,data/pallet/assets/materials/pallet/textures_wood/weathered_planks_rough.png,8582588,d89bad774f0cf5b4ca96075d1a14589af77743ced5992fbf204e307113d830e1,weathered_planks_rough,CC0 / CC-BY — 각 폴더 LICENSE·SOURCES 참조
pallet_materials,data/pallet/assets/materials/pallet/textures_wood/wood_planks_diff.png,20036922,547552b9a8a34829a9bc5eddf1d6b50162504147f28dc623fa9632623ce01308,wood_planks_diff,CC0 / CC-BY — 각 폴더 LICENSE·SOURCES 참조
pallet_materials,data/pallet/assets/materials/pallet/textures_wood/wood_planks_grey_diff.png,22409165,e0a6dfa443835f22a2e8a9475f25ca33e3e1ff8bde74b0b1e148050e7d7225a5,wood_planks_grey_diff,CC0 / CC-BY — 각 폴더 LICENSE·SOURCES 참조
pallet_materials,data/pallet/assets/materials/pallet/textures_wood/wood_planks_grey_nor_gl.png,20807642,c8cc509c74efa77bf9e2f09002b32dbf0cb12913494c664070d599a182fbcaf0,wood_planks_grey_nor_gl,CC0 / CC-BY — 각 폴더 LICENSE·SOURCES 참조
pallet_materials,data/pallet/assets/materials/pallet/textures_wood/wood_planks_grey_rough.png,7380375,0e76025babe056bfdcd750a8f186df92d359fa804273fceb0f23d4884b9f5520,wood_planks_grey_rough,CC0 / CC-BY — 각 폴더 LICENSE·SOURCES 참조
pallet_materials,data/pallet/assets/materials/pallet/textures_wood/wood_planks_nor_gl.png,23969660,322e30f9ccf72979e81a69641b2fa4a3f5530a8fffa498a1a0d9f8512b1ea1f1,wood_planks_nor_gl,CC0 / CC-BY — 각 폴더 LICENSE·SOURCES 참조
pallet_materials,data/pallet/assets/materials/pallet/textures_wood/wood_planks_rough.png,6443347,d74ceb15426018d526fb86b5cf09d4a893b127a2071c88bd1b5c553baefdc178,wood_planks_rough,CC0 / CC-BY — 각 폴더 LICENSE·SOURCES 참조
pallet_materials,data/pallet/assets/materials/pallet/textures_wood/worn_planks_diff.png,5708839,8d53b26beb330582dba56cc898d382b4041afb97749acbd90796a96408c6b2c3,worn_planks_diff,CC0 / CC-BY — 각 폴더 LICENSE·SOURCES 참조
pallet_materials,data/pallet/assets/materials/pallet/textures_wood/worn_planks_nor_gl.png,4886529,e0d3c0cafc13cdfc1165bad7c93b1599aac343aae408e7ca9c9b76ca2e1fac2d,worn_planks_nor_gl,CC0 / CC-BY — 각 폴더 LICENSE·SOURCES 참조
pallet_materials,data/pallet/assets/materials/pallet/textures_wood/worn_planks_rough.png,1939374,755629519d8e0caecc929d962e5e7d4b0d18c0d1de00b96b2d507106cd8c5187,worn_planks_rough,CC0 / CC-BY — 각 폴더 LICENSE·SOURCES 참조
floor_materials,data/pallet/assets/materials/floor/textures_floor/LICENSE.txt,1843,0b92644ad49fb7608f162b1680af0f2f7fde66482445e44cc1588f5871032955,LICENSE,"CC0 (Poly Haven, ledger B4)"
floor_materials,data/pallet/assets/materials/floor/textures_floor/SOURCES.txt,5943,bfab377feb4757d7bcd6de9c6896b0186d717143a15e1596ed0fadb9f2fe28e7,SOURCES,"CC0 (Poly Haven, ledger B4)"
floor_materials,data/pallet/assets/materials/floor/textures_floor/_replaced_originals/dirt_ground_diff.png,7482717,b8231d14aeb21edcca0f877fb46496987faa2c901541c22a22398784bbaeb78b,dirt_ground_diff,"CC0 (Poly Haven, ledger B4)"
floor_materials,data/pallet/assets/materials/floor/textures_floor/_replaced_originals/dirt_ground_nor_gl.png,9149931,09945cf77dc108b8d8e7420b966ae583a615994d4d86423a368b145b5908b6e5,dirt_ground_nor_gl,"CC0 (Poly Haven, ledger B4)"
floor_materials,data/pallet/assets/materials/floor/textures_floor/_replaced_originals/dirt_ground_rough.png,2707444,95904d72fccaee9d01a9ef9135980ab15f4096f14bc10c325641b7852a9a2784,dirt_ground_rough,"CC0 (Poly Haven, ledger B4)"
floor_materials,data/pallet/assets/materials/floor/textures_floor/_replaced_originals/red_earth_diff.png,6666452,a97406121c55d42dbb9793c92e8493b7bcc369e278ef3bcec431c3286bd21bb1,red_earth_diff,"CC0 (Poly Haven, ledger B4)"
floor_materials,data/pallet/assets/materials/floor/textures_floor/_replaced_originals/red_earth_nor_gl.png,8318533,472bcfb6ebc56758278f2120e8d2b6a52d8fd8bcdd754f3aad6fe748fe61055c,red_earth_nor_gl,"CC0 (Poly Haven, ledger B4)"
floor_materials,data/pallet/assets/materials/floor/textures_floor/_replaced_originals/red_earth_rough.png,6222549,b89be9be7b11e123f796bffec1a0fb05f914e2c3ec45d1fec8f986dc21948c4d,red_earth_rough,"CC0 (Poly Haven, ledger B4)"
floor_materials,data/pallet/assets/materials/floor/textures_floor/_replaced_originals/tile_brown_diff.png,8491559,4f7c278e818ad3858ea4a2927e9f3a8e772d8c357eb57acb5ee0f8fe2000d703,tile_brown_diff,"CC0 (Poly Haven, ledger B4)"
floor_materials,data/pallet/assets/materials/floor/textures_floor/_replaced_originals/tile_brown_nor_gl.png,3910851,04439eb420bc34547e176fbc998f8f0991a7f3444659cbbf90684fad13c38a13,tile_brown_nor_gl,"CC0 (Poly Haven, ledger B4)"
floor_materials,data/pallet/assets/materials/floor/textures_floor/_replaced_originals/tile_brown_rough.png,8100269,53ca60a239948087a968020319a2e74076008519c03aee4be3825dc373fe010e,tile_brown_rough,"CC0 (Poly Haven, ledger B4)"
floor_materials,data/pallet/assets/materials/floor/textures_floor/_replaced_originals/tile_white_diff.png,7029222,76e57789cda17ec344a6f402f8a0bbe6927d3cc12d1cc3bba37f125ac28e68ca,tile_white_diff,"CC0 (Poly Haven, ledger B4)"
floor_materials,data/pallet/assets/materials/floor/textures_floor/_replaced_originals/tile_white_nor_gl.png,6461382,17adc22652aede320b6ae365c7ecee3d03876a7aa814951a292c7491ad1dc715,tile_white_nor_gl,"CC0 (Poly Haven, ledger B4)"
floor_materials,data/pallet/assets/materials/floor/textures_floor/_replaced_originals/tile_white_rough.png,6558242,dfe7cb1c1bc49f07b4546cdd2df7af33a23990df4bc5707b377a2eb5cd8280ca,tile_white_rough,"CC0 (Poly Haven, ledger B4)"
floor_materials,data/pallet/assets/materials/floor/textures_floor/_replaced_originals/wood_laminate_diff.png,7457084,9495f007c40a33f2f8883c8bc1078494a048feffc83ba4f7daf19828d7bd93a6,wood_laminate_diff,"CC0 (Poly Haven, ledger B4)"
floor_materials,data/pallet/assets/materials/floor/textures_floor/_replaced_originals/wood_laminate_nor_gl.png,5045778,449246aeb8df4fbfc454481bf0d70dbe2c9c16d667ab961cd9da26f559e34f4b,wood_laminate_nor_gl,"CC0 (Poly Haven, ledger B4)"
floor_materials,data/pallet/assets/materials/floor/textures_floor/_replaced_originals/wood_laminate_rough.png,6631781,f1482c631c6ad9d4575e30656fc6c060e480219b94403cf321da2f0aab5ee7a2,wood_laminate_rough,"CC0 (Poly Haven, ledger B4)"
floor_materials,data/pallet/assets/materials/floor/textures_floor/asphalt_02_diff.png,9989224,0f33cc1f8142bc1c19858b95f694dbf3a7be99a3c385462b1729cf65804af1d3,asphalt_02_diff,"CC0 (Poly Haven, ledger B4)"
floor_materials,data/pallet/assets/materials/floor/textures_floor/asphalt_02_nor_gl.png,9122344,f96c0a1664e556d233b3f76e8f70ab08af5b1c342786efb99b72b8854563440e,asphalt_02_nor_gl,"CC0 (Poly Haven, ledger B4)"
floor_materials,data/pallet/assets/materials/floor/textures_floor/asphalt_02_rough.png,2987659,778fc203e68ddeee5fd42214f199a3d43498f46cda75a60dc9286074d81c9fff,asphalt_02_rough,"CC0 (Poly Haven, ledger B4)"
floor_materials,data/pallet/assets/materials/floor/textures_floor/brick_floor_02_diff.png,22520524,d1c8823954a3bcb2a4743487f7c63e99a6eb5f393907c54f55e86bb9b52479a7,brick_floor_02_diff,"CC0 (Poly Haven, ledger B4)"
floor_materials,data/pallet/assets/materials/floor/textures_floor/brick_floor_02_nor_gl.png,22310582,fee64e18d8ca09cff0c9149803d6d4d0e6d7682758aed8bce8ce026a964ac74f,brick_floor_02_nor_gl,"CC0 (Poly Haven, ledger B4)"
floor_materials,data/pallet/assets/materials/floor/textures_floor/brick_floor_02_rough.png,10168290,6da243ddf0fcf9717464148046a7e2002401b27a914a6aee76eaa85f4a8f81f7,brick_floor_02_rough,"CC0 (Poly Haven, ledger B4)"
floor_materials,data/pallet/assets/materials/floor/textures_floor/cobblestone_floor_08_diff.png,7656774,6811316df3e4b1552066937a3605b8cdff98461bb271bc6e1927f21c85b97ba2,cobblestone_floor_08_diff,"CC0 (Poly Haven, ledger B4)"
floor_materials,data/pallet/assets/materials/floor/textures_floor/cobblestone_floor_08_nor_gl.png,8380430,cdff801186a47be267f3b0e5c531255704cfdf1c484e88da5c701305c0c30ab5,cobblestone_floor_08_nor_gl,"CC0 (Poly Haven, ledger B4)"
floor_materials,data/pallet/assets/materials/floor/textures_floor/cobblestone_floor_08_rough.png,2523847,c92a405684e329ad61e0950078bc05236705c77302477752585edb47b298c398,cobblestone_floor_08_rough,"CC0 (Poly Haven, ledger B4)"
floor_materials,data/pallet/assets/materials/floor/textures_floor/concrete_floor_02_diff.png,10037331,c438815b55874b9bbab5befa559c9ef2b635f674ebf9415c7341f6865156b03b,concrete_floor_02_diff,"CC0 (Poly Haven, ledger B4)"
floor_materials,data/pallet/assets/materials/floor/textures_floor/concrete_floor_02_nor_gl.png,25222001,0b13102bbf79daef40b7230c20aaca402620b618e043413f1ff677c47acc2861,concrete_floor_02_nor_gl,"CC0 (Poly Haven, ledger B4)"
floor_materials,data/pallet/assets/materials/floor/textures_floor/concrete_floor_02_rough.png,7596762,255fdd0bc8c2e6cdfafa4fd6697b6eadca4b906ed72375ef0a791de4a33151ed,concrete_floor_02_rough,"CC0 (Poly Haven, ledger B4)"
floor_materials,data/pallet/assets/materials/floor/textures_floor/concrete_floor_painted_diff.png,25119659,1da7fe4a428cc7cf4fc52ecb34b3cee5cc11c40a6e3277be3fbd7ba31880b4aa,concrete_floor_painted_diff,"CC0 (Poly Haven, ledger B4)"
floor_materials,data/pallet/assets/materials/floor/textures_floor/concrete_floor_painted_nor_gl.png,25820939,0d060716625dfa853b18fbf3753fb6e0e3760f0ba7d961d8c36fb377733ce433,concrete_floor_painted_nor_gl,"CC0 (Poly Haven, ledger B4)"
floor_materials,data/pallet/assets/materials/floor/textures_floor/concrete_floor_painted_rough.png,9210860,c32881438638b1ac56b6ec4e3d1f9162c5009161435e02baddae3b4ba923135c,concrete_floor_painted_rough,"CC0 (Poly Haven, ledger B4)"
floor_materials,data/pallet/assets/materials/floor/textures_floor/concrete_pavers_02_diff.png,22613080,02ef1c1141bda595947876e2bfd35f3a4c62338c1cd535f0c141c4cd2d328417,concrete_pavers_02_diff,"CC0 (Poly Haven, ledger B4)"
floor_materials,data/pallet/assets/materials/floor/textures_floor/concrete_pavers_02_nor_gl.png,22165918,f5a1b7f90b18e1d4f1b39a70fc9721e40147b618e72e68f18ad94d3c2eb7be85,concrete_pavers_02_nor_gl,"CC0 (Poly Haven, ledger B4)"
floor_materials,data/pallet/assets/materials/floor/textures_floor/concrete_pavers_02_rough.png,6901225,5a8e912c52188b5a9f3e7170e1685c903ee2fd36b0440352bceac97b723bcc90,concrete_pavers_02_rough,"CC0 (Poly Haven, ledger B4)"
floor_materials,data/pallet/assets/materials/floor/textures_floor/damaged_concrete_floor_diff.png,21895671,7d6728b5d92cbbb831dabc4b12b154d4415e4ee89036dfe9bfc17f220d90f622,damaged_concrete_floor_diff,"CC0 (Poly Haven, ledger B4)"
floor_materials,data/pallet/assets/materials/floor/textures_floor/damaged_concrete_floor_nor_gl.png,20663862,9b1cb60652637d1a88fecfd63faeb60ecb393b652a23513c15d7f2d3f51038dc,damaged_concrete_floor_nor_gl,"CC0 (Poly Haven, ledger B4)"
floor_materials,data/pallet/assets/materials/floor/textures_floor/damaged_concrete_floor_rough.png,7430748,0166c5c2d9c4f5dea9a0e9526d8a6d7374e302d998601abdc80bd1e9317f5719,damaged_concrete_floor_rough,"CC0 (Poly Haven, ledger B4)"
floor_materials,data/pallet/assets/materials/floor/textures_floor/dirt_ground_diff.png,9827093,0d20a4256657755ea98960787ad54830e5dd1ba70a5037d12a30f354e08c0463,dirt_ground_diff,"CC0 (Poly Haven, ledger B4)"
floor_materials,data/pallet/assets/materials/floor/textures_floor/dirt_ground_nor_gl.png,9578253,3ad892a618f546cc572eecd1ee28103f8c3a3a2d9d8b9b5667ec32fecdfee0b6,dirt_ground_nor_gl,"CC0 (Poly Haven, ledger B4)"
floor_materials,data/pallet/assets/materials/floor/textures_floor/dirt_ground_rough.png,7795860,f2026ce7a227def955ac4687a8b18f463a7fb8ada7f1acdb408eab44fc406a2c,dirt_ground_rough,"CC0 (Poly Haven, ledger B4)"
floor_materials,data/pallet/assets/materials/floor/textures_floor/gravel_concrete_02_diff.png,23146169,d31e57c66bc78f910c016bfbec0322280a640ddf1fa282af74710a46997a12d4,gravel_concrete_02_diff,"CC0 (Poly Haven, ledger B4)"
floor_materials,data/pallet/assets/materials/floor/textures_floor/gravel_concrete_02_nor_gl.png,23370069,1e1741a9538196c9e74a320fc35eb39cec44917f42b0777e05008ee6679fa49c,gravel_concrete_02_nor_gl,"CC0 (Poly Haven, ledger B4)"
floor_materials,data/pallet/assets/materials/floor/textures_floor/gravel_concrete_02_rough.png,9463325,11ba6e4aad64a1d7f361bd782e33ed19cbb4fd61af2f184be5a132bc900aad0d,gravel_concrete_02_rough,"CC0 (Poly Haven, ledger B4)"
floor_materials,data/pallet/assets/materials/floor/textures_floor/red_brick_diff.png,7476746,4cf55817d531b575a4b3cd5a12ca2fbe6bad3f127dc8310d242a4d7c3419847a,red_brick_diff,"CC0 (Poly Haven, ledger B4)"
floor_materials,data/pallet/assets/materials/floor/textures_floor/red_brick_nor_gl.png,8226203,fa921935e5cfc602bc3ae53c9031d0056890e3fdbad3c7c7a750ad6631b79f96,red_brick_nor_gl,"CC0 (Poly Haven, ledger B4)"
floor_materials,data/pallet/assets/materials/floor/textures_floor/red_brick_rough.png,1305068,cb74386b2a62cbb0becdb8bdb602af0207929faefdee6310af869c4bd6f154fb,red_brick_rough,"CC0 (Poly Haven, ledger B4)"
floor_materials,data/pallet/assets/materials/floor/textures_floor/red_earth_diff.png,24355718,3c02e4c5cf530c7d925feedd88f7ab992acefc9828f18440ac265b92cec98dd0,red_earth_diff,"CC0 (Poly Haven, ledger B4)"
floor_materials,data/pallet/assets/materials/floor/textures_floor/red_earth_nor_gl.png,26140699,091214783a26ad4c45377550e5e620c654e0e5b12532d1073aef32af0aeb4601,red_earth_nor_gl,"CC0 (Poly Haven, ledger B4)"
floor_materials,data/pallet/assets/materials/floor/textures_floor/red_earth_rough.png,7167800,c8a4d0e921e9b389bd8d45841450c0b9d697cc82766e492a79026b5aac37561f,red_earth_rough,"CC0 (Poly Haven, ledger B4)"
floor_materials,data/pallet/assets/materials/floor/textures_floor/tile_brown_diff.png,26080970,d0150464aab528d69c8290d5cdd48fb9fa1f0b8a8259b32645d641a8a86cba90,tile_brown_diff,"CC0 (Poly Haven, ledger B4)"
floor_materials,data/pallet/assets/materials/floor/textures_floor/tile_brown_nor_gl.png,19788844,cd8b4863d2d41372d072727aa6c47513080e7b82007d7092ae0662e0a8e4c9c4,tile_brown_nor_gl,"CC0 (Poly Haven, ledger B4)"
floor_materials,data/pallet/assets/materials/floor/textures_floor/tile_brown_rough.png,7586325,ccffe6f2c4f499f060cd63bfdb8dd543ee5667751d369f03df537550f9446762,tile_brown_rough,"CC0 (Poly Haven, ledger B4)"
floor_materials,data/pallet/assets/materials/floor/textures_floor/tile_white_diff.png,5357586,f9cac1d535ee3f16382def457b4301ba9ad8b1ee93b20a1705d728bdffff21a4,tile_white_diff,"CC0 (Poly Haven, ledger B4)"
floor_materials,data/pallet/assets/materials/floor/textures_floor/tile_white_nor_gl.png,2091599,2c86654f26322b8467a2738a8fbe87f572e55df6ac7e5dc58956ae0a3dd6c6c6,tile_white_nor_gl,"CC0 (Poly Haven, ledger B4)"
floor_materials,data/pallet/assets/materials/floor/textures_floor/tile_white_rough.png,2814424,1d7dd6c8e4ced9202ceef174cf2bf848a7c02e017ad135819d4ec1e0326eecb8,tile_white_rough,"CC0 (Poly Haven, ledger B4)"
floor_materials,data/pallet/assets/materials/floor/textures_floor/wood_laminate_diff.png,22380278,271b099a75704b77df6d30378846143cb3584242a4c98cb58cf284fc332a90a9,wood_laminate_diff,"CC0 (Poly Haven, ledger B4)"
floor_materials,data/pallet/assets/materials/floor/textures_floor/wood_laminate_nor_gl.png,20435606,66a5bed81e1c5330037fd9b538b79922c85a29102534a3425922c52ab155222b,wood_laminate_nor_gl,"CC0 (Poly Haven, ledger B4)"
floor_materials,data/pallet/assets/materials/floor/textures_floor/wood_laminate_rough.png,9964849,b51d56203b41fcf5dc46b116ac7d633929ab8c54aab0990e2ea0145a00536a34,wood_laminate_rough,"CC0 (Poly Haven, ledger B4)"
hdri,data/pallet/assets/lighting/hdri/library/LICENSE.txt,1073,1656ac9065fbb4d6f28feb85120b8a14e927060e6ff85d3f07e459c298539bc1,LICENSE,"CC0 (Poly Haven, ledger B4)"
hdri,data/pallet/assets/lighting/hdri/library/SOURCES.txt,5430,d2a61f0b3625394b02ce4ec3a8a6d3c79b2af063601049d45b93cfc442fbfcd5,SOURCES,"CC0 (Poly Haven, ledger B4)"
hdri,data/pallet/assets/lighting/hdri/library/_hdri_preview_montage.png,2855109,fc83be4de501a7de140d5b7d0f441d35f4711adbc4a125e089b291d58158c6c7,_hdri_preview_montage,"CC0 (Poly Haven, ledger B4)"
hdri,data/pallet/assets/lighting/hdri/library/abandoned_tank_farm_01_2k.hdr,6160675,b1b6e001ca0efea73de6c961dc44d90edd27c9c71eacdc0c537e61856f8bd85f,abandoned_tank_farm_01_2k,"CC0 (Poly Haven, ledger B4)"
hdri,data/pallet/assets/lighting/hdri/library/auto_service_2k.hdr,6445851,937f6aef69a66b4598b034afb8face41fd5205ecfc6b21ef8f649d55cc5275d6,auto_service_2k,"CC0 (Poly Haven, ledger B4)"
hdri,data/pallet/assets/lighting/hdri/library/autoshop_01_2k.hdr,6451683,d6c700aadd0133186d6c7ac258dfb2bc5b1bfa0ace73483f77cf85fcf4abc932,autoshop_01_2k,"CC0 (Poly Haven, ledger B4)"
hdri,data/pallet/assets/lighting/hdri/library/boiler_room_2k.hdr,6707438,07c353cb275f1e359cdfa1710acb77c5cd075ce7770859ca56641993263d2d19,boiler_room_2k,"CC0 (Poly Haven, ledger B4)"
hdri,data/pallet/assets/lighting/hdri/library/cobblestone_street_night_2k.hdr,7064424,e3c95d049ea26dc5d54b24a2904bfdd1929fac65d655e83328dfb958715e779a,cobblestone_street_night_2k,"CC0 (Poly Haven, ledger B4)"
hdri,data/pallet/assets/lighting/hdri/library/concrete_tunnel_2k.hdr,6636076,2b11365a358a067db0f07a707bbf2d1791c1499f9715b1db1f2070f826f7b5cb,concrete_tunnel_2k,"CC0 (Poly Haven, ledger B4)"
hdri,data/pallet/assets/lighting/hdri/library/construction_yard_2k.hdr,6601844,5246d42f612a8e0e7fc47f3c32a0551086b2a09bbb1f8aff1d864c59f8060ffb,construction_yard_2k,"CC0 (Poly Haven, ledger B4)"
hdri,data/pallet/assets/lighting/hdri/library/docklands_02_2k.hdr,6251914,7eb4ec7cd77e923632aceae6d702c3316933d4b2530a912519103e0e4efd7dbc,docklands_02_2k,"CC0 (Poly Haven, ledger B4)"
hdri,data/pallet/assets/lighting/hdri/library/dresden_station_night_2k.hdr,6806640,c825fa36208881432981ea5bbf1ad1d0b19070b5ae3c7d555b734b7f726f05c1,dresden_station_night_2k,"CC0 (Poly Haven, ledger B4)"
hdri,data/pallet/assets/lighting/hdri/library/empty_warehouse_01_2k.hdr,6581920,9734d30c83fe480a2a7c7521b7bdb816d869c2468d45d3794bde729d6181f830,empty_warehouse_01_2k,"CC0 (Poly Haven, ledger B4)"
hdri,data/pallet/assets/lighting/hdri/library/factory_yard_2k.hdr,6393026,71d5b32c0e179f5b59f652c59cc4eac18b390e0639e3de2e6049de6bae95caf4,factory_yard_2k,"CC0 (Poly Haven, ledger B4)"
hdri,data/pallet/assets/lighting/hdri/library/freight_station_2k.hdr,6496208,be341edf1220ca62acf2bbcbc5798fdd2a8860678e5f349cd43db63fba11a076,freight_station_2k,"CC0 (Poly Haven, ledger B4)"
hdri,data/pallet/assets/lighting/hdri/library/future_parking_2k.hdr,6217527,8621abbe080b52a2abe7e9a20c8019466b0664290069bfd040a4897df490c80d,future_parking_2k,"CC0 (Poly Haven, ledger B4)"
hdri,data/pallet/assets/lighting/hdri/library/hangar_interior_2k.hdr,6939075,55e18cdbaca6e03ad99573829a8828744edf80d762ebfbc3714e674cd1604a4c,hangar_interior_2k,"CC0 (Poly Haven, ledger B4)"
hdri,data/pallet/assets/lighting/hdri/library/hanger_exterior_cloudy_2k.hdr,6463643,3ef7bd52d2f502266b3b24edd56d69fb7aaaaf2eed13625e1390ba985524d6fa,hanger_exterior_cloudy_2k,"CC0 (Poly Haven, ledger B4)"
hdri,data/pallet/assets/lighting/hdri/library/industrial_pipe_and_valve_01_2k.hdr,6720770,ffd30e34a7dab7d9fca2c03553719bda324ebd781db3c4acd29f6b6c226fc772,industrial_pipe_and_valve_01_2k,"CC0 (Poly Haven, ledger B4)"
hdri,data/pallet/assets/lighting/hdri/library/industrial_pipe_and_valve_02_2k.hdr,6667739,ffc2cae5565d7905055873baac202439358046b13a633e4a226eecef08792a0c,industrial_pipe_and_valve_02_2k,"CC0 (Poly Haven, ledger B4)"
hdri,data/pallet/assets/lighting/hdri/library/industrial_workshop_foundry_2k.hdr,6636267,e202851c21d46df24526d7641da4bea3db94cb2bf9b6cf09dcba4f80ea8e3c58,industrial_workshop_foundry_2k,"CC0 (Poly Haven, ledger B4)"
hdri,data/pallet/assets/lighting/hdri/library/interior_construction_2k.hdr,6529966,6817a43426e25495517185ff87844d77f8b7a9ad7132de9c5b68e320457d6492,interior_construction_2k,"CC0 (Poly Haven, ledger B4)"
hdri,data/pallet/assets/lighting/hdri/library/machine_shop_01_2k.hdr,7004194,2873e0e8a7fdff45d1815f4a8c3cb60c9f425b74c88d7981bf14c32d0464f29a,machine_shop_01_2k,"CC0 (Poly Haven, ledger B4)"
hdri,data/pallet/assets/lighting/hdri/library/mall_parking_lot_2k.hdr,6074339,c1aa99a0f0a68aa48297f7995c830a925acf708dc71aa96497470624008adb53,mall_parking_lot_2k,"CC0 (Poly Haven, ledger B4)"
hdri,data/pallet/assets/lighting/hdri/library/metro_noord_2k.hdr,6852060,e662181d58ff296c05f94c00d2cbbbc5eec5314155b3f7b074d6e56644b83729,metro_noord_2k,"CC0 (Poly Haven, ledger B4)"
hdri,data/pallet/assets/lighting/hdri/library/overcast_industrial_courtyard_2k.hdr,6210286,2a259d2d85dad866182ccfd11a098d9f6c923a892ab50ea8766cf0110022b9e7,overcast_industrial_courtyard_2k,"CC0 (Poly Haven, ledger B4)"
hdri,data/pallet/assets/lighting/hdri/library/pump_station_2k.hdr,6337833,ad9767ddf0a5b42056ce6fea3cae80c9ff33560ddde24a38664927bad585c7a7,pump_station_2k,"CC0 (Poly Haven, ledger B4)"
hdri,data/pallet/assets/lighting/hdri/library/small_hangar_01_2k.hdr,6684096,cb7d97c4896891579ed92c306949acf8d1c18510905e8d5e5041716fbd12d036,small_hangar_01_2k,"CC0 (Poly Haven, ledger B4)"
hdri,data/pallet/assets/lighting/hdri/library/street_lamp_2k.hdr,7097629,b1b061f100363a59a267828dfab3dd379906535bbd32ee91e56de232f87aed35,street_lamp_2k,"CC0 (Poly Haven, ledger B4)"
hdri,data/pallet/assets/lighting/hdri/library/unfinished_office_night_2k.hdr,5813789,67b763235db6b0236a9a889b73c48b29c07a924140e493c68f036d7c337d2f2c,unfinished_office_night_2k,"CC0 (Poly Haven, ledger B4)"
hdri,data/pallet/assets/lighting/hdri/library/urban_courtyard_02_2k.hdr,6741381,e948119143c4170d32ff16bdb7faa6c94db117eb6335980941c229cb4d484358,urban_courtyard_02_2k,"CC0 (Poly Haven, ledger B4)"
hdri,data/pallet/assets/lighting/hdri/library/viale_giuseppe_garibaldi_2k.hdr,6660681,7cee9291137dc9ca703a7886d574efa1d5817971330b67d703bd31b366dce3b6,viale_giuseppe_garibaldi_2k,"CC0 (Poly Haven, ledger B4)"
hdri,data/pallet/assets/lighting/hdri/library/winter_evening_2k.hdr,5890947,54decf2722b54f3b84860ae7c2880e59da26e382d69f3e3d86b5a96d2d568c02,winter_evening_2k,"CC0 (Poly Haven, ledger B4)"
backgrounds,data/pallet/assets/scenes/backgrounds/background/_bg_preview_montage.png,822458,5a2de9520cba58cd394b7db3170adcc37cbf49161ebb0f33be22280baf5f57a9,_bg_preview_montage,CC-BY 4.0 (Sketchfab: parking_lot Veterock · industrial BazukaliKartal)
backgrounds,data/pallet/assets/scenes/backgrounds/background/modular_buildings_industrial_area/license.txt,780,8f9ce13c8ed4263fd4a54aaaf5b1fe36e7c2c927ba04aeec4b281522888d5da2,license,CC-BY 4.0 (Sketchfab: parking_lot Veterock · industrial BazukaliKartal)
backgrounds,data/pallet/assets/scenes/backgrounds/background/modular_buildings_industrial_area/scene.bin,1724200,b3854221ef70e9bb4609322e9a703f48d4f9c02caea40de032d19236df8c2a5f,scene,CC-BY 4.0 (Sketchfab: parking_lot Veterock · industrial BazukaliKartal)
backgrounds,data/pallet/assets/scenes/backgrounds/background/modular_buildings_industrial_area/scene.gltf,220804,fcd0d933c5be2f692fbf0610df61c8c792464e6aae924310b559852bf47f55e9,scene,CC-BY 4.0 (Sketchfab: parking_lot Veterock · industrial BazukaliKartal)
backgrounds,data/pallet/assets/scenes/backgrounds/background/modular_buildings_industrial_area/textures/Asphalt_baseColor.png,2567541,914a12226fb5e0d408f419d349ea7f1e13dc560265c80bc739eb8e8f2f5c86fb,Asphalt_baseColor,CC-BY 4.0 (Sketchfab: parking_lot Veterock · industrial BazukaliKartal)
backgrounds,data/pallet/assets/scenes/backgrounds/background/modular_buildings_industrial_area/textures/Asphalt_normal.png,2717255,aa18b6de43930988926abcf646085a13cf49f23b18276fab6b6635b79b814a8a,Asphalt_normal,CC-BY 4.0 (Sketchfab: parking_lot Veterock · industrial BazukaliKartal)
backgrounds,data/pallet/assets/scenes/backgrounds/background/modular_buildings_industrial_area/textures/Blue_Metal_baseColor.png,1599295,938fd4945e6ea419eaba474f8be10249009299a10c01b8a2a9b8d1aacfa8c3fb,Blue_Metal_baseColor,CC-BY 4.0 (Sketchfab: parking_lot Veterock · industrial BazukaliKartal)
backgrounds,data/pallet/assets/scenes/backgrounds/background/modular_buildings_industrial_area/textures/Blue_Metal_normal.png,1192597,8cc5d91a7ac613e809fa1b9a4019f47b54b5321d9aea98c1b39c099016255b7b,Blue_Metal_normal,CC-BY 4.0 (Sketchfab: parking_lot Veterock · industrial BazukaliKartal)
backgrounds,data/pallet/assets/scenes/backgrounds/background/modular_buildings_industrial_area/textures/Brick_Wall_baseColor.png,1208855,f3117385f241a59c76e8b7cbf63a68a01b5ead16dbeb25107064561c4ac1adea,Brick_Wall_baseColor,CC-BY 4.0 (Sketchfab: parking_lot Veterock · industrial BazukaliKartal)
backgrounds,data/pallet/assets/scenes/backgrounds/background/modular_buildings_industrial_area/textures/Brick_Wall_normal.png,1701430,2bff7a4fa7cd4c65fb8a86ac5af2280b2f32f65c216388622930e941b04c191e,Brick_Wall_normal,CC-BY 4.0 (Sketchfab: parking_lot Veterock · industrial BazukaliKartal)
backgrounds,data/pallet/assets/scenes/backgrounds/background/modular_buildings_industrial_area/textures/Carton_baseColor.png,284515,5cbd1fda2fb3046e16a58b4d7f66d146498cbff39ff521037d58daf9b26539c3,Carton_baseColor,CC-BY 4.0 (Sketchfab: parking_lot Veterock · industrial BazukaliKartal)
backgrounds,data/pallet/assets/scenes/backgrounds/background/modular_buildings_industrial_area/textures/Carton_normal.png,228718,4001b261f11a15c7b67d001c6d661e3d0ae3d71ccb5387028760b778771b5985,Carton_normal,CC-BY 4.0 (Sketchfab: parking_lot Veterock · industrial BazukaliKartal)
backgrounds,data/pallet/assets/scenes/backgrounds/background/modular_buildings_industrial_area/textures/Cement_baseColor.png,310975,a0e309bd7147cda00e58d632050a5d01bdd49fd98ec5fb8831443310119d3470,Cement_baseColor,CC-BY 4.0 (Sketchfab: parking_lot Veterock · industrial BazukaliKartal)
backgrounds,data/pallet/assets/scenes/backgrounds/background/modular_buildings_industrial_area/textures/Cement_normal.png,503850,c576776d5af9f2bc817c2b9f6faa654cdae43c4d3793eacfb97be32f0cde12ff,Cement_normal,CC-BY 4.0 (Sketchfab: parking_lot Veterock · industrial BazukaliKartal)
backgrounds,data/pallet/assets/scenes/backgrounds/background/modular_buildings_industrial_area/textures/Metal_Roof_baseColor.png,1337675,3ee6a3a3e821bdb5256ee189699734e4017f4d6a0f1ace86024f520556635869,Metal_Roof_baseColor,CC-BY 4.0 (Sketchfab: parking_lot Veterock · industrial BazukaliKartal)
backgrounds,data/pallet/assets/scenes/backgrounds/background/modular_buildings_industrial_area/textures/Metal_Roof_normal.png,773601,f1a40033f90b8ab738c602dc79236302c64de950b367bd1873408f21f17d2a7d,Metal_Roof_normal,CC-BY 4.0 (Sketchfab: parking_lot Veterock · industrial BazukaliKartal)
backgrounds,data/pallet/assets/scenes/backgrounds/background/modular_buildings_industrial_area/textures/Netting_baseColor.png,482618,6da1fd9d2066c48232830ddfa1cad09b257a49d7df8762503a8fa71513e595bf,Netting_baseColor,CC-BY 4.0 (Sketchfab: parking_lot Veterock · industrial BazukaliKartal)
backgrounds,data/pallet/assets/scenes/backgrounds/background/modular_buildings_industrial_area/textures/Netting_normal.png,213239,c1f37f53d1069cb3039835b878ee1799be13f59674b40268177969823935734a,Netting_normal,CC-BY 4.0 (Sketchfab: parking_lot Veterock · industrial BazukaliKartal)
backgrounds,data/pallet/assets/scenes/backgrounds/background/modular_buildings_industrial_area/textures/Plastic_baseColor.png,22785,0e2d0b3cc2c24745ee9f05d76ccbb42ace41198d8bff10bd00cf527a3f5f2c28,Plastic_baseColor,CC-BY 4.0 (Sketchfab: parking_lot Veterock · industrial BazukaliKartal)
backgrounds,data/pallet/assets/scenes/backgrounds/background/modular_buildings_industrial_area/textures/Red_Metal_baseColor.png,676081,caf9f7b41cca5f5d80f314e21b81c7ce94f8204bac7c3d69902fabd0e8fc3280,Red_Metal_baseColor,CC-BY 4.0 (Sketchfab: parking_lot Veterock · industrial BazukaliKartal)
backgrounds,data/pallet/assets/scenes/backgrounds/background/modular_buildings_industrial_area/textures/Rusty_Metal_baseColor.png,829578,dc47a72215b07fed81fd4b53cecf97e73eb6059bb501856d09865a3c347a2082,Rusty_Metal_baseColor,CC-BY 4.0 (Sketchfab: parking_lot Veterock · industrial BazukaliKartal)
backgrounds,data/pallet/assets/scenes/backgrounds/background/modular_buildings_industrial_area/textures/Rusty_Metal_normal.png,720931,f6dd9dfd7bfa3e8d4841a4e6efc7bcd8703c9031e1892c09216cd3d7c6c4275d,Rusty_Metal_normal,CC-BY 4.0 (Sketchfab: parking_lot Veterock · industrial BazukaliKartal)
backgrounds,data/pallet/assets/scenes/backgrounds/background/modular_buildings_industrial_area/textures/White_Plastic_baseColor.png,940748,99b7ae901f61ce1082e22ec46356ca8bd80be979847ad1b4f7d003cd545a8f9f,White_Plastic_baseColor,CC-BY 4.0 (Sketchfab: parking_lot Veterock · industrial BazukaliKartal)
backgrounds,data/pallet/assets/scenes/backgrounds/background/modular_buildings_industrial_area/textures/White_Plastic_normal.png,1776967,cc70dda9d8b7f92108b8e03ce59a6131ca6c79e1925da092affe4a77460566f0,White_Plastic_normal,CC-BY 4.0 (Sketchfab: parking_lot Veterock · industrial BazukaliKartal)
backgrounds,data/pallet/assets/scenes/backgrounds/background/modular_buildings_industrial_area/textures/Wood_baseColor.png,1124901,25f010535b5a9f4a7bb2501728ef9014f35412879a902b11cd1bc62ba6aae6d3,Wood_baseColor,CC-BY 4.0 (Sketchfab: parking_lot Veterock · industrial BazukaliKartal)
backgrounds,data/pallet/assets/scenes/backgrounds/background/modular_buildings_industrial_area/textures/Wood_normal.png,1626719,e61f3dfeb65289efe903af881d004c19fd5594d418c899881f6305d285f160a3,Wood_normal,CC-BY 4.0 (Sketchfab: parking_lot Veterock · industrial BazukaliKartal)
backgrounds,data/pallet/assets/scenes/backgrounds/background/modular_buildings_industrial_area/textures/material_0_baseColor.png,1861527,b10dfd87000baf9bd1d4a509075abcdeaefc102a57d670ef5234c2edb942d22e,material_0_baseColor,CC-BY 4.0 (Sketchfab: parking_lot Veterock · industrial BazukaliKartal)
backgrounds,data/pallet/assets/scenes/backgrounds/background/modular_buildings_industrial_area/textures/material_0_normal.png,865285,72c18c78626731b8f26eac659b001179c4f0056dbe0b7cd4107ea5b4647ecd37,material_0_normal,CC-BY 4.0 (Sketchfab: parking_lot Veterock · industrial BazukaliKartal)
backgrounds,data/pallet/assets/scenes/backgrounds/background/modular_buildings_industrial_area/textures/material_1_baseColor.png,431108,65fc1105a8c720e277d863e1f592bbcef6c1ed49eab71a82051819f134a25649,material_1_baseColor,CC-BY 4.0 (Sketchfab: parking_lot Veterock · industrial BazukaliKartal)
backgrounds,data/pallet/assets/scenes/backgrounds/background/modular_buildings_industrial_area/textures/material_1_normal.png,1625049,55494508c1622e870010eca62c2e8d73e6f679148292f08e7949262ab7b7e597,material_1_normal,CC-BY 4.0 (Sketchfab: parking_lot Veterock · industrial BazukaliKartal)
backgrounds,data/pallet/assets/scenes/backgrounds/background/parking_lot/license.txt,670,f6ebac47f9e8b03364b7edd4e2d85fcd90c06f68d1f6b5d8777860b376e983a6,license,CC-BY 4.0 (Sketchfab: parking_lot Veterock · industrial BazukaliKartal)
backgrounds,data/pallet/assets/scenes/backgrounds/background/parking_lot/scene.bin,2088536,f7c814db968b264ece6c8ec133e5bd4125a52cf9a5b74d1824bb71a1a8ad09db,scene,CC-BY 4.0 (Sketchfab: parking_lot Veterock · industrial BazukaliKartal)
backgrounds,data/pallet/assets/scenes/backgrounds/background/parking_lot/scene.gltf,90482,f2caef4d861abf4a83363e05fda2b163b40749a1a2ded6df60356e6db2c79310,scene,CC-BY 4.0 (Sketchfab: parking_lot Veterock · industrial BazukaliKartal)
backgrounds,data/pallet/assets/scenes/backgrounds/background/parking_lot/textures/atlas_mat_diffuse.jpeg,270820,efa748decafbb4a09b57fe7c9dc5d25d57f6c3f02ec68f12b4ede009100fcf57,atlas_mat_diffuse,CC-BY 4.0 (Sketchfab: parking_lot Veterock · industrial BazukaliKartal)
backgrounds,data/pallet/assets/scenes/backgrounds/background/parking_lot/textures/atlas_mat_normal.png,179603,4c94670b03d65b6353ea43c193ebb6076ede986807368d4dc7be008f44bc1e9f,atlas_mat_normal,CC-BY 4.0 (Sketchfab: parking_lot Veterock · industrial BazukaliKartal)
backgrounds,data/pallet/assets/scenes/backgrounds/background/parking_lot/textures/base_m_diffuse.jpeg,726921,1b09b38c4cb0b31ae2f9536bc5d4fe911d3a035c839388b6431d556ccf1b8ade,base_m_diffuse,CC-BY 4.0 (Sketchfab: parking_lot Veterock · industrial BazukaliKartal)
backgrounds,data/pallet/assets/scenes/backgrounds/background/parking_lot/textures/base_m_normal.png,2392701,cb53ef5cf2f67fad82cbc7be73332b3c1a527fce2299c88afb50a7ead06d75c7,base_m_normal,CC-BY 4.0 (Sketchfab: parking_lot Veterock · industrial BazukaliKartal)
backgrounds,data/pallet/assets/scenes/backgrounds/background/parking_lot/textures/blackpaint_m_diffuse.jpeg,6036681,272728412201aff1bf992371ae0016ad9b73d5dd9cfb5fd7f30bfae8093a313d,blackpaint_m_diffuse,CC-BY 4.0 (Sketchfab: parking_lot Veterock · industrial BazukaliKartal)
backgrounds,data/pallet/assets/scenes/backgrounds/background/parking_lot/textures/blackpaint_m_normal.png,224155,8e52738648efc3deffe11824d3b6c2f60195e4db96df20d857062abc3bc176da,blackpaint_m_normal,CC-BY 4.0 (Sketchfab: parking_lot Veterock · industrial BazukaliKartal)
backgrounds,data/pallet/assets/scenes/backgrounds/background/parking_lot/textures/box2_m_diffuse.jpeg,455188,96a3e006d74c7d993727899e79ca6eac2f472b2525dc0193cf29ea67ced7a804,box2_m_diffuse,CC-BY 4.0 (Sketchfab: parking_lot Veterock · industrial BazukaliKartal)
backgrounds,data/pallet/assets/scenes/backgrounds/background/parking_lot/textures/box2_m_normal.png,619175,f3ceab37b325f8eaa49c4de2273b7e61dffe434d679b45b2a92d77664bfe8089,box2_m_normal,CC-BY 4.0 (Sketchfab: parking_lot Veterock · industrial BazukaliKartal)
backgrounds,data/pallet/assets/scenes/backgrounds/background/parking_lot/textures/concrete_floor_m_diffuse.jpeg,11453719,193ea550c571c7c6b78435b6ebc9569319048902e382feef9f3f510006bcdedc,concrete_floor_m_diffuse,CC-BY 4.0 (Sketchfab: parking_lot Veterock · industrial BazukaliKartal)
backgrounds,data/pallet/assets/scenes/backgrounds/background/parking_lot/textures/concrete_floor_m_normal.png,390294,426f83b610e187c5a1dd6417a3ae6b6fd70bf0e730b510fbebb8cbe8abc50a45,concrete_floor_m_normal,CC-BY 4.0 (Sketchfab: parking_lot Veterock · industrial BazukaliKartal)
backgrounds,data/pallet/assets/scenes/backgrounds/background/parking_lot/textures/fencebase_mat_diffuse.jpeg,173475,ca203d0e8303bcc535dbd2d7c76f0ed25ae3e65160b6c8be10176e6ece2e6b0a,fencebase_mat_diffuse,CC-BY 4.0 (Sketchfab: parking_lot Veterock · industrial BazukaliKartal)
backgrounds,data/pallet/assets/scenes/backgrounds/background/parking_lot/textures/fencebase_mat_normal.png,410949,396d9f097840417a3297e331d8535a2e6f5b1dc62be65afb277dbc8d8cdf667e,fencebase_mat_normal,CC-BY 4.0 (Sketchfab: parking_lot Veterock · industrial BazukaliKartal)
backgrounds,data/pallet/assets/scenes/backgrounds/background/parking_lot/textures/fenceframe_mat_diffuse.jpeg,414219,66657e7cfcee663d6996c6d75f919e36b7c2ac1166cf46d3adf935f02f9f439d,fenceframe_mat_diffuse,CC-BY 4.0 (Sketchfab: parking_lot Veterock · industrial BazukaliKartal)
backgrounds,data/pallet/assets/scenes/backgrounds/background/parking_lot/textures/fenceframe_mat_normal.png,478781,58b2689bd5266ec309ebaf10ec4f5eca6370de7f781b4f003edd5e13d0b2d521,fenceframe_mat_normal,CC-BY 4.0 (Sketchfab: parking_lot Veterock · industrial BazukaliKartal)
backgrounds,data/pallet/assets/scenes/backgrounds/background/parking_lot/textures/fencemesh_mat_diffuse.png,60999,30c8e68f883f4a73247f28fa52626ec6560740e18bf494138cf3f79dda46f01e,fencemesh_mat_diffuse,CC-BY 4.0 (Sketchfab: parking_lot Veterock · industrial BazukaliKartal)
backgrounds,data/pallet/assets/scenes/backgrounds/background/parking_lot/textures/fencemesh_mat_normal.png,82625,e21df2035e2d3db11e5aba84334904ea138c5e195e4bce0fbab267d836cf3a07,fencemesh_mat_normal,CC-BY 4.0 (Sketchfab: parking_lot Veterock · industrial BazukaliKartal)
backgrounds,data/pallet/assets/scenes/backgrounds/background/parking_lot/textures/fencerings_mat_diffuse.jpeg,82001,3693bef106db1a414993db9a2b6f8316f1f9a17a746a29e31b7850c4744937b7,fencerings_mat_diffuse,CC-BY 4.0 (Sketchfab: parking_lot Veterock · industrial BazukaliKartal)
backgrounds,data/pallet/assets/scenes/backgrounds/background/parking_lot/textures/fencerings_mat_normal.png,49556,0a97c4ca9fe151215bc851985b6ed4afca3597c53e30bf3ab1f8bd16957f9503,fencerings_mat_normal,CC-BY 4.0 (Sketchfab: parking_lot Veterock · industrial BazukaliKartal)
backgrounds,data/pallet/assets/scenes/backgrounds/background/parking_lot/textures/fix_m_diffuse.jpeg,419291,a18fe7e3c15fb596156ddbb855f7b87734c2da9d7c952e3268c32033afa0e560,fix_m_diffuse,CC-BY 4.0 (Sketchfab: parking_lot Veterock · industrial BazukaliKartal)
backgrounds,data/pallet/assets/scenes/backgrounds/background/parking_lot/textures/gate_m_diffuse.jpeg,1432669,f215765974549ca21ffa2d5ee6b045d94356ee37ba590456d871ca2c1bff3c93,gate_m_diffuse,CC-BY 4.0 (Sketchfab: parking_lot Veterock · industrial BazukaliKartal)
backgrounds,data/pallet/assets/scenes/backgrounds/background/parking_lot/textures/gate_m_normal.png,575035,d4350a9cdc1ff99829b9ff8db57776921dba3e8b466807338d0305b5a77ab608,gate_m_normal,CC-BY 4.0 (Sketchfab: parking_lot Veterock · industrial BazukaliKartal)
backgrounds,data/pallet/assets/scenes/backgrounds/background/parking_lot/textures/lamp3_m_diffuse.jpeg,475630,c93f5c9cda1bd34058f1b73efdc844100f9803f2ac42f6d7bd5da43f1a6bbc8b,lamp3_m_diffuse,CC-BY 4.0 (Sketchfab: parking_lot Veterock · industrial BazukaliKartal)
backgrounds,data/pallet/assets/scenes/backgrounds/background/parking_lot/textures/lamp3_m_normal.png,619880,22d0248c5dec6cf79e3e73d236a852cf573ef285bba51c07271cd510a35f8f95,lamp3_m_normal,CC-BY 4.0 (Sketchfab: parking_lot Veterock · industrial BazukaliKartal)
backgrounds,data/pallet/assets/scenes/backgrounds/background/parking_lot/textures/lampframe_m_diffuse.jpeg,93008,2d3d38f41072e89dfbc875808628de36839fd92e7992f917bbc72d50e748aad6,lampframe_m_diffuse,CC-BY 4.0 (Sketchfab: parking_lot Veterock · industrial BazukaliKartal)
backgrounds,data/pallet/assets/scenes/backgrounds/background/parking_lot/textures/lampframe_m_normal.png,240125,b3d8b058ddb108acf13c8692b9e27124dc833fa8e4815863322e58ed8be7c0d1,lampframe_m_normal,CC-BY 4.0 (Sketchfab: parking_lot Veterock · industrial BazukaliKartal)
backgrounds,data/pallet/assets/scenes/backgrounds/background/parking_lot/textures/lampgrill_m_diffuse.jpeg,13128,e5ed5be68132882b2e7c521e04bf4a37d48714dd0f9fef62d467fbc7c64ef309,lampgrill_m_diffuse,CC-BY 4.0 (Sketchfab: parking_lot Veterock · industrial BazukaliKartal)
backgrounds,data/pallet/assets/scenes/backgrounds/background/parking_lot/textures/lampgrill_m_normal.png,28827,d847df834a920508dd4411790f508245e270b897b4c9c53e7681ba35dacffc29,lampgrill_m_normal,CC-BY 4.0 (Sketchfab: parking_lot Veterock · industrial BazukaliKartal)
backgrounds,data/pallet/assets/scenes/backgrounds/background/parking_lot/textures/marks_m_diffuse.jpeg,12607069,4c144e51ab881b33d086ad69136e14dff6b91a615c7c9a51934916d3594cbde3,marks_m_diffuse,CC-BY 4.0 (Sketchfab: parking_lot Veterock · industrial BazukaliKartal)
backgrounds,data/pallet/assets/scenes/backgrounds/background/parking_lot/textures/marks_m_normal.png,36373705,31d2004e8cd474e3adc0b0613323f7c7ca1711323dbebe2aff9af555709fff34,marks_m_normal,CC-BY 4.0 (Sketchfab: parking_lot Veterock · industrial BazukaliKartal)
backgrounds,data/pallet/assets/scenes/backgrounds/background/parking_lot/textures/pipechair1_m_diffuse.jpeg,41421,4bf36f160867127a1b1208deeba7e29223705d7380f91123dc531d3881ca3d68,pipechair1_m_diffuse,CC-BY 4.0 (Sketchfab: parking_lot Veterock · industrial BazukaliKartal)
backgrounds,data/pallet/assets/scenes/backgrounds/background/parking_lot/textures/pipechair1_m_normal.png,66651,405b5ab1518aca72ee3aa32043166f308b44443d01b7da11c5339f0f5dd1bd5f,pipechair1_m_normal,CC-BY 4.0 (Sketchfab: parking_lot Veterock · industrial BazukaliKartal)
backgrounds,data/pallet/assets/scenes/backgrounds/background/parking_lot/textures/plastic_m_diffuse.jpeg,6373093,92501172c89485ea3a87fe6ef21c535a044e5059d50953239d99f9aa870ea5b4,plastic_m_diffuse,CC-BY 4.0 (Sketchfab: parking_lot Veterock · industrial BazukaliKartal)
backgrounds,data/pallet/assets/scenes/backgrounds/background/parking_lot/textures/plastic_m_normal.png,184349,f041b4b6ded0a51645d886bb38f1e1befe6f0b0e4e793612682d810635c3d6a1,plastic_m_normal,CC-BY 4.0 (Sketchfab: parking_lot Veterock · industrial BazukaliKartal)
backgrounds,data/pallet/assets/scenes/backgrounds/background/parking_lot/textures/steel_m_diffuse.jpeg,9595144,b5dde85ef8fbf4dc35ad3e2c69a0bb19c4147c064927ab814368cc54605f0448,steel_m_diffuse,CC-BY 4.0 (Sketchfab: parking_lot Veterock · industrial BazukaliKartal)
backgrounds,data/pallet/assets/scenes/backgrounds/background/parking_lot/textures/steel_m_normal.png,150825,66643f456fff0a29d803971a9e3c5c8861af6ae998784dcab8d2dcd9d7a2ac67,steel_m_normal,CC-BY 4.0 (Sketchfab: parking_lot Veterock · industrial BazukaliKartal)
backgrounds,data/pallet/assets/scenes/backgrounds/background/parking_lot/textures/switches_m_diffuse.jpeg,166841,fa5d7939c94b58108ccb979b0e25f07a0b5a56abcf103f57a4d421006d739945,switches_m_diffuse,CC-BY 4.0 (Sketchfab: parking_lot Veterock · industrial BazukaliKartal)
backgrounds,data/pallet/assets/scenes/backgrounds/background/parking_lot/textures/switches_m_normal.png,422035,9118c0548f86803b9e1278a1a7b2488ebf6e4a69516d6827221f6ae50a576668,switches_m_normal,CC-BY 4.0 (Sketchfab: parking_lot Veterock · industrial BazukaliKartal)
backgrounds,data/pallet/assets/scenes/backgrounds/background/parking_lot/textures/vent_m_diffuse.jpeg,246639,af8eb4a175a98db8dddecdd154ebda684f14381dfb7564dcb3a59561ff622c9c,vent_m_diffuse,CC-BY 4.0 (Sketchfab: parking_lot Veterock · industrial BazukaliKartal)
backgrounds,data/pallet/assets/scenes/backgrounds/background/parking_lot/textures/vent_m_normal.png,484887,49261ada5323477fb5f96b3b043896f8dc7d37b196cc43018b0c20a7be6eff1b,vent_m_normal,CC-BY 4.0 (Sketchfab: parking_lot Veterock · industrial BazukaliKartal)
backgrounds,data/pallet/assets/scenes/backgrounds/background/parking_lot/textures/whitepaint_m_diffuse.jpeg,5738118,e5f34ee03f6cb101ea98e35deabfdfc5f44ab78242a4845d8bc8cd9d9a0e5dfb,whitepaint_m_diffuse,CC-BY 4.0 (Sketchfab: parking_lot Veterock · industrial BazukaliKartal)
backgrounds,data/pallet/assets/scenes/backgrounds/background/parking_lot/textures/whitepaint_m_normal.png,224349,49e705b79e16b733a369c23a59b8e60f15efc725ac43358339cc8ec45d183a44,whitepaint_m_normal,CC-BY 4.0 (Sketchfab: parking_lot Veterock · industrial BazukaliKartal)
distractors,data/pallet/assets/distractors/library/_download_log.json,11311,53b063b1b7fb32538e02bd4a9fd23ef4082fb9edae22a0f74198b017aeeb9fc8,_download_log,CC0 / CC-BY 4.0 — library/{tier}/LICENSE·SOURCES 참조 (ledger B5)
distractors,data/pallet/assets/distractors/library/_gso_expansion_classmap.json,4762,812f58cc8ee5b89a82df241371a38726c9b30f2e55b6ddf95a639a7f24f3bbbe,_gso_expansion_classmap,CC0 / CC-BY 4.0 — library/{tier}/LICENSE·SOURCES 참조 (ledger B5)
distractors,data/pallet/assets/distractors/library/_gso_expansion_montage.png,2504782,4b40b807a2ef2dad33d66d94d1ac299c69bd604ae4fa6c5ea482a92626adf09d,_gso_expansion_montage,CC0 / CC-BY 4.0 — library/{tier}/LICENSE·SOURCES 참조 (ledger B5)
distractors,data/pallet/assets/distractors/library/_gso_expansion_montage_p1_boxes_containers.png,1852682,3f5c588f68799ef5fbeaca1657574580e2d01ec06419c9bb586dcbf63dcb9278,_gso_expansion_montage_p1_boxes_containers,CC0 / CC-BY 4.0 — library/{tier}/LICENSE·SOURCES 참조 (ledger B5)
distractors,data/pallet/assets/distractors/library/_gso_expansion_montage_p2_office_warehouse_other.png,654874,89a0bd8954da7e0bb312f94b7c9ebd06f05ebf9eded63b4b75f8f2fdd0c1cbe2,_gso_expansion_montage_p2_office_warehouse_other,CC0 / CC-BY 4.0 — library/{tier}/LICENSE·SOURCES 참조 (ledger B5)
distractors,data/pallet/assets/distractors/library/_measurements.json,49423,06a4f0ed22069efcd74ae0543ab59e0a235eeada45218b151b2e438ee2eeab8c,_measurements,CC0 / CC-BY 4.0 — library/{tier}/LICENSE·SOURCES 참조 (ledger B5)
distractors,data/pallet/assets/distractors/library/_sketchfab_gap_montage.png,1905633,2bf774bd0a910c7b2c48cf700880b94c477f8be07f4a2037f658efc4dfc26b32,_sketchfab_gap_montage,CC0 / CC-BY 4.0 — library/{tier}/LICENSE·SOURCES 참조 (ledger B5)
distractors,data/pallet/assets/distractors/library/distractors_manifest.csv,59011,327239153fddf5bc640072e3c52a5982f81fd4358e5651d72ae6c603081dde7e,distractors_manifest,CC0 / CC-BY 4.0 — library/{tier}/LICENSE·SOURCES 참조 (ledger B5)
distractors,data/pallet/assets/distractors/library/distractors_manifest.csv.bak_prefill,49880,07165249a4eb40c49e616c42e8db948794134e50bf7ac5a73e1525e5ada14d41,distractors_manifest.csv,CC0 / CC-BY 4.0 — library/{tier}/LICENSE·SOURCES 참조 (ledger B5)
distractors,data/pallet/assets/distractors/library/indoor/LICENSE.txt,1042,74060574277238f0d6da093f262992677c18274b5126777c45e452350ef237f9,LICENSE,CC0 / CC-BY 4.0 — library/{tier}/LICENSE·SOURCES 참조 (ledger B5)
distractors,data/pallet/assets/distractors/library/indoor/SOURCES.txt,6421,b4f0981132dffb39500975fe785561a8dc57adb288d2c872fc0ec04349e602f6,SOURCES,CC0 / CC-BY 4.0 — library/{tier}/LICENSE·SOURCES 참조 (ledger B5)
distractors,data/pallet/assets/distractors/library/indoor/gso__ACE_Coffee_Mug_Kristen_16_oz_cup/materials/textures/texture.png,9780486,056fe075297343bd294678be0f8df694a4f4e0563f42033bb167ce6b5bd0b3a9,texture,CC0 / CC-BY 4.0 — library/{tier}/LICENSE·SOURCES 참조 (ledger B5)
distractors,data/pallet/assets/distractors/library/indoor/gso__ACE_Coffee_Mug_Kristen_16_oz_cup/meshes/model.mtl,444,3f95530679f169527864c1449868794e574c999561f3dba59ec96cc2b1aaafeb,model,CC0 / CC-BY 4.0 — library/{tier}/LICENSE·SOURCES 참조 (ledger B5)
distractors,data/pallet/assets/distractors/library/indoor/gso__ACE_Coffee_Mug_Kristen_16_oz_cup/meshes/model.obj,975380,edf06b108af231c8e48aea1a5e82d1c5c595e0c1964e0ec8480d985980f389cb,model,CC0 / CC-BY 4.0 — library/{tier}/LICENSE·SOURCES 참조 (ledger B5)
distractors,data/pallet/assets/distractors/library/indoor/gso__ACE_Coffee_Mug_Kristen_16_oz_cup/metadata.pbtxt,576,bf140b7f59920a3364f8eb27cdda8e9677834fcc5928cc39bd46c942d008cba2,metadata,CC0 / CC-BY 4.0 — library/{tier}/LICENSE·SOURCES 참조 (ledger B5)
distractors,data/pallet/assets/distractors/library/indoor/gso__ACE_Coffee_Mug_Kristen_16_oz_cup/model.config,572,db78baa3727e1df8c0b9f7ef987a4326ce59fd2de0dabb7fc7e121fcbd4c85ec,model,CC0 / CC-BY 4.0 — library/{tier}/LICENSE·SOURCES 참조 (ledger B5)
distractors,data/pallet/assets/distractors/library/indoor/gso__ACE_Coffee_Mug_Kristen_16_oz_cup/model.sdf,765,fd4960091e2b6ff483144b8c842cc5337b1e838409a9dad83a0f3b6b9fa2987e,model,CC0 / CC-BY 4.0 — library/{tier}/LICENSE·SOURCES 참조 (ledger B5)
distractors,data/pallet/assets/distractors/library/indoor/gso__Central_Garden_Flower_Pot_Goo_425/materials/textures/texture.png,8154232,5d5ca65c0e92708d268f7e1323b77ce6439ec068ad985524d3a8540715eddfe7,texture,CC0 / CC-BY 4.0 — library/{tier}/LICENSE·SOURCES 참조 (ledger B5)
distractors,data/pallet/assets/distractors/library/indoor/gso__Central_Garden_Flower_Pot_Goo_425/meshes/model.mtl,444,3f95530679f169527864c1449868794e574c999561f3dba59ec96cc2b1aaafeb,model,CC0 / CC-BY 4.0 — library/{tier}/LICENSE·SOURCES 참조 (ledger B5)
distractors,data/pallet/assets/distractors/library/indoor/gso__Central_Garden_Flower_Pot_Goo_425/meshes/model.obj,669333,744194360bd542c7ec0c27da97519261e0b23dcff9eb0b6e2363c22d245e049f,model,CC0 / CC-BY 4.0 — library/{tier}/LICENSE·SOURCES 참조 (ledger B5)
distractors,data/pallet/assets/distractors/library/indoor/gso__Central_Garden_Flower_Pot_Goo_425/metadata.pbtxt,592,79bc7cce690533ab42e303ace60f2accc4a391d7063841c84df2abcb18a99a07,metadata,CC0 / CC-BY 4.0 — library/{tier}/LICENSE·SOURCES 참조 (ledger B5)
distractors,data/pallet/assets/distractors/library/indoor/gso__Central_Garden_Flower_Pot_Goo_425/model.config,576,b42202a5537f62a40f253eea190c7e1905d234befb11308d09bbd53f113818e7,model,CC0 / CC-BY 4.0 — library/{tier}/LICENSE·SOURCES 참조 (ledger B5)
distractors,data/pallet/assets/distractors/library/indoor/gso__Central_Garden_Flower_Pot_Goo_425/model.sdf,766,f5098d10e6fd947f231ed4f11761ed3ed5778d6bac362a8d29eedfa452719934,model,CC0 / CC-BY 4.0 — library/{tier}/LICENSE·SOURCES 참조 (ledger B5)
distractors,data/pallet/assets/distractors/library/indoor/gso__Closetmaid_Premium_Fabric_Cube_Red/materials/textures/texture.png,11845994,63ae7f12ccb38326297aca63ac3a079bd2028a8ae09d7a151065215c18ab9ac1,texture,CC0 / CC-BY 4.0 — library/{tier}/LICENSE·SOURCES 참조 (ledger B5)
distractors,data/pallet/assets/distractors/library/indoor/gso__Closetmaid_Premium_Fabric_Cube_Red/meshes/model.mtl,444,3f95530679f169527864c1449868794e574c999561f3dba59ec96cc2b1aaafeb,model,CC0 / CC-BY 4.0 — library/{tier}/LICENSE·SOURCES 참조 (ledger B5)
distractors,data/pallet/assets/distractors/library/indoor/gso__Closetmaid_Premium_Fabric_Cube_Red/meshes/model.obj,1072315,f3d3f8d5fb1e1abd229326ce7010b543435ec2c4ddf0c05d395b14cb3abd82f9,model,CC0 / CC-BY 4.0 — library/{tier}/LICENSE·SOURCES 참조 (ledger B5)
distractors,data/pallet/assets/distractors/library/indoor/gso__Closetmaid_Premium_Fabric_Cube_Red/metadata.pbtxt,561,884f89a0cec8ba7e8aaf4b265cc969419afde995e67fc4a8d7ec0edb94804f83,metadata,CC0 / CC-BY 4.0 — library/{tier}/LICENSE·SOURCES 참조 (ledger B5)
distractors,data/pallet/assets/distractors/library/indoor/gso__Closetmaid_Premium_Fabric_Cube_Red/model.config,576,670d1307db6248878fa6f728b6d93659975c05731ec3a263b5d649761af1831e,model,CC0 / CC-BY 4.0 — library/{tier}/LICENSE·SOURCES 참조 (ledger B5)
distractors,data/pallet/assets/distractors/library/indoor/gso__Closetmaid_Premium_Fabric_Cube_Red/model.sdf,767,c7bca07a2981aad8632c6b96c88b52ff9d24be2548985f28092252af53973dda,model,CC0 / CC-BY 4.0 — library/{tier}/LICENSE·SOURCES 참조 (ledger B5)
distractors,data/pallet/assets/distractors/library/indoor/gso__Cole_Hardware_Flower_Pot_1025/materials/textures/texture.png,7890019,1aabcb2e9ad479161a823c14a29b510db3ee479c9ed95455e1997db90ff9f2d4,texture,CC0 / CC-BY 4.0 — library/{tier}/LICENSE·SOURCES 참조 (ledger B5)
distractors,data/pallet/assets/distractors/library/indoor/gso__Cole_Hardware_Flower_Pot_1025/meshes/model.mtl,444,3f95530679f169527864c1449868794e574c999561f3dba59ec96cc2b1aaafeb,model,CC0 / CC-BY 4.0 — library/{tier}/LICENSE·SOURCES 참조 (ledger B5)
distractors,data/pallet/assets/distractors/library/indoor/gso__Cole_Hardware_Flower_Pot_1025/meshes/model.obj,498287,8909ef95cb17cce320f4071d3a26302705e4396864aa9587c33f9b3a5077f043,model,CC0 / CC-BY 4.0 — library/{tier}/LICENSE·SOURCES 참조 (ledger B5)
distractors,data/pallet/assets/distractors/library/indoor/gso__Cole_Hardware_Flower_Pot_1025/metadata.pbtxt,556,3bda3e3933c18ddd5eacbe1a23b2ad70c404aae5062326f4da8159816d56932e,metadata,CC0 / CC-BY 4.0 — library/{tier}/LICENSE·SOURCES 참조 (ledger B5)
distractors,data/pallet/assets/distractors/library/indoor/gso__Cole_Hardware_Flower_Pot_1025/model.config,567,37b682444034e835e75f6eb075bc003a899b741c577fde84295fa92bcd0f0fb9,model,CC0 / CC-BY 4.0 — library/{tier}/LICENSE·SOURCES 참조 (ledger B5)
distractors,data/pallet/assets/distractors/library/indoor/gso__Cole_Hardware_Flower_Pot_1025/model.sdf,762,18ee24a3bcf91af18b3fb5ed3aeecb971caa34333ce04703c1faf039c3d62987,model,CC0 / CC-BY 4.0 — library/{tier}/LICENSE·SOURCES 참조 (ledger B5)
distractors,data/pallet/assets/distractors/library/indoor/gso__Cole_Hardware_Mug_Classic_Blue/materials/textures/texture.png,8006125,b6f207ccdc25ed41c45acef5301b0812ae6ac18a1094db312e0615fc6016aa26,texture,CC0 / CC-BY 4.0 — library/{tier}/LICENSE·SOURCES 참조 (ledger B5)
distractors,data/pallet/assets/distractors/library/indoor/gso__Cole_Hardware_Mug_Classic_Blue/meshes/model.mtl,444,3f95530679f169527864c1449868794e574c999561f3dba59ec96cc2b1aaafeb,model,CC0 / CC-BY 4.0 — library/{tier}/LICENSE·SOURCES 참조 (ledger B5)
distractors,data/pallet/assets/distractors/library/indoor/gso__Cole_Hardware_Mug_Classic_Blue/meshes/model.obj,753399,de01da68fd544ed7ded9c3121ec0f6873fc9b36cfc0dbe35b20ce641abae3501,model,CC0 / CC-BY 4.0 — library/{tier}/LICENSE·SOURCES 참조 (ledger B5)
distractors,data/pallet/assets/distractors/library/indoor/gso__Cole_Hardware_Mug_Classic_Blue/metadata.pbtxt,555,e79869902e726d889c39ac9ba1653c2b2e7f5fecdc50fc6ab7b7c142211824be,metadata,CC0 / CC-BY 4.0 — library/{tier}/LICENSE·SOURCES 참조 (ledger B5)
distractors,data/pallet/assets/distractors/library/indoor/gso__Cole_Hardware_Mug_Classic_Blue/model.config,567,3a4595f5319654e892c6913fb1805b4ed2e908fda32bc40586e67a8bc9a3a047,model,CC0 / CC-BY 4.0 — library/{tier}/LICENSE·SOURCES 참조 (ledger B5)
distractors,data/pallet/assets/distractors/library/indoor/gso__Cole_Hardware_Mug_Classic_Blue/model.sdf,763,7b6bd4db273ae0d9d41e5f9985061004f7e612b649f5427e173d7db735721fdc,model,CC0 / CC-BY 4.0 — library/{tier}/LICENSE·SOURCES 참조 (ledger B5)
distractors,data/pallet/assets/distractors/library/indoor/gso__Curver_Storage_Bin_Black_Small/materials/textures/texture.png,10446778,6cf3d72cab602cc64726cd1d08bc31481dab9fda7cdbad46112f0c47cd3030b8,texture,CC0 / CC-BY 4.0 — library/{tier}/LICENSE·SOURCES 참조 (ledger B5)
distractors,data/pallet/assets/distractors/library/indoor/gso__Curver_Storage_Bin_Black_Small/meshes/model.mtl,444,3f95530679f169527864c1449868794e574c999561f3dba59ec96cc2b1aaafeb,model,CC0 / CC-BY 4.0 — library/{tier}/LICENSE·SOURCES 참조 (ledger B5)
distractors,data/pallet/assets/distractors/library/indoor/gso__Curver_Storage_Bin_Black_Small/meshes/model.obj,8584190,62b94a11b517797c63fad9dd71bbe4bc5d257258db69ffe047b2e57b9419f4f9,model,CC0 / CC-BY 4.0 — library/{tier}/LICENSE·SOURCES 참조 (ledger B5)
distractors,data/pallet/assets/distractors/library/indoor/gso__Curver_Storage_Bin_Black_Small/metadata.pbtxt,549,7d77ef1c36f041c61fc99125764e8b197b3f22f06d23cf00c48b54d8ed226d8f,metadata,CC0 / CC-BY 4.0 — library/{tier}/LICENSE·SOURCES 참조 (ledger B5)
distractors,data/pallet/assets/distractors/library/indoor/gso__Curver_Storage_Bin_Black_Small/model.config,568,c5e5a4452ff59abc6cc26e0f31c824cb6b8858bfa45ef3fd80fe5fbd4cd89414,model,CC0 / CC-BY 4.0 — library/{tier}/LICENSE·SOURCES 참조 (ledger B5)
distractors,data/pallet/assets/distractors/library/indoor/gso__Curver_Storage_Bin_Black_Small/model.sdf,763,fcade5fea2f8adda33eccd1d23b56fa86bb0370f6bd2451bc537e5f3921d2e4f,model,CC0 / CC-BY 4.0 — library/{tier}/LICENSE·SOURCES 참조 (ledger B5)
distractors,data/pallet/assets/distractors/library/indoor/gso__Down_To_Earth_Orchid_Pot_Ceramic_Red/materials/textures/texture.png,9496884,0c20a1619b99c7b1865bdd8c10f2a58f0bc0ba304ece82b4e3901116733af150,texture,CC0 / CC-BY 4.0 — library/{tier}/LICENSE·SOURCES 참조 (ledger B5)
distractors,data/pallet/assets/distractors/library/indoor/gso__Down_To_Earth_Orchid_Pot_Ceramic_Red/meshes/model.mtl,444,3f95530679f169527864c1449868794e574c999561f3dba59ec96cc2b1aaafeb,model,CC0 / CC-BY 4.0 — library/{tier}/LICENSE·SOURCES 참조 (ledger B5)
distractors,data/pallet/assets/distractors/library/indoor/gso__Down_To_Earth_Orchid_Pot_Ceramic_Red/meshes/model.obj,2219468,dfbaf7100b148055ca4b3b6ebd79f654ad89b98350cde12284cbba418dd8fb52,model,CC0 / CC-BY 4.0 — library/{tier}/LICENSE·SOURCES 참조 (ledger B5)
distractors,data/pallet/assets/distractors/library/indoor/gso__Down_To_Earth_Orchid_Pot_Ceramic_Red/metadata.pbtxt,594,eec6284830b2e7687ee2904af44a74d7b442c0e8a1dc547f971937a5239b08f5,metadata,CC0 / CC-BY 4.0 — library/{tier}/LICENSE·SOURCES 참조 (ledger B5)
distractors,data/pallet/assets/distractors/library/indoor/gso__Down_To_Earth_Orchid_Pot_Ceramic_Red/model.config,580,b6f15eb67576bc0681a26ed56efb8bb83f3739301bc4e344f45485b648fc337f,model,CC0 / CC-BY 4.0 — library/{tier}/LICENSE·SOURCES 참조 (ledger B5)
distractors,data/pallet/assets/distractors/library/indoor/gso__Down_To_Earth_Orchid_Pot_Ceramic_Red/model.sdf,769,07d15c8d14d1ecc0edbcee787ec202bd7803fd21b0405dd63b86a956580c296e,model,CC0 / CC-BY 4.0 — library/{tier}/LICENSE·SOURCES 참조 (ledger B5)
distractors,data/pallet/assets/distractors/library/indoor/gso__Ecoforms_Garden_Pot_GP16ATurquois/materials/textures/texture.png,9834687,c93c520c63a886572b58d425eeb7f0b5100b80b3911070444c09ac2f24d723c6,texture,CC0 / CC-BY 4.0 — library/{tier}/LICENSE·SOURCES 참조 (ledger B5)
distractors,data/pallet/assets/distractors/library/indoor/gso__Ecoforms_Garden_Pot_GP16ATurquois/meshes/model.mtl,444,3f95530679f169527864c1449868794e574c999561f3dba59ec96cc2b1aaafeb,model,CC0 / CC-BY 4.0 — library/{tier}/LICENSE·SOURCES 참조 (ledger B5)
distractors,data/pallet/assets/distractors/library/indoor/gso__Ecoforms_Garden_Pot_GP16ATurquois/meshes/model.obj,796577,131e274b0711aaebefc58e450006a7dea16280ee24b44feb3ca9697b3d8ca392,model,CC0 / CC-BY 4.0 — library/{tier}/LICENSE·SOURCES 참조 (ledger B5)
distractors,data/pallet/assets/distractors/library/indoor/gso__Ecoforms_Garden_Pot_GP16ATurquois/metadata.pbtxt,557,76c9846d62cd0bdaad882db1503ac84e0ff163178bbc2452b0c8115a3da4633b,metadata,CC0 / CC-BY 4.0 — library/{tier}/LICENSE·SOURCES 참조 (ledger B5)
distractors,data/pallet/assets/distractors/library/indoor/gso__Ecoforms_Garden_Pot_GP16ATurquois/model.config,574,989e030613517b5bda1be0b27ebf6c023f73f013f0c4b0e65a170ad18a1ff963,model,CC0 / CC-BY 4.0 — library/{tier}/LICENSE·SOURCES 참조 (ledger B5)
distractors,data/pallet/assets/distractors/library/indoor/gso__Ecoforms_Garden_Pot_GP16ATurquois/model.sdf,766,88f9fc902cbdd3b42f7748993b66cbc5d65a3b474a3b8fe97b73125a6c79a877,model,CC0 / CC-BY 4.0 — library/{tier}/LICENSE·SOURCES 참조 (ledger B5)
distractors,data/pallet/assets/distractors/library/indoor/gso__Ecoforms_Plant_Bowl_Turquoise_7/materials/textures/texture.png,9423621,4f532a4d138fd09dd2c6d26bc98f22d204190fdf9ecfc23da8b2d2c8dd33ae1a,texture,CC0 / CC-BY 4.0 — library/{tier}/LICENSE·SOURCES 참조 (ledger B5)
distractors,data/pallet/assets/distractors/library/indoor/gso__Ecoforms_Plant_Bowl_Turquoise_7/meshes/model.mtl,444,3f95530679f169527864c1449868794e574c999561f3dba59ec96cc2b1aaafeb,model,CC0 / CC-BY 4.0 — library/{tier}/LICENSE·SOURCES 참조 (ledger B5)
distractors,data/pallet/assets/distractors/library/indoor/gso__Ecoforms_Plant_Bowl_Turquoise_7/meshes/model.obj,537285,4b0ecd58ed98a4cc338b0e3c50caa6b5f985cd03adff207311004faf21564819,model,CC0 / CC-BY 4.0 — library/{tier}/LICENSE·SOURCES 참조 (ledger B5)
distractors,data/pallet/assets/distractors/library/indoor/gso__Ecoforms_Plant_Bowl_Turquoise_7/metadata.pbtxt,555,d1840d586d5d3d9625c9c707560cf76fb228a6e453d47cf3366a256aee88ab0e,metadata,CC0 / CC-BY 4.0 — library/{tier}/LICENSE·SOURCES 참조 (ledger B5)
distractors,data/pallet/assets/distractors/library/indoor/gso__Ecoforms_Plant_Bowl_Turquoise_7/model.config,571,72290c6c0306b5ec216d235f99edb1260647af8d284b17720a8ab6b43fcb88ef,model,CC0 / CC-BY 4.0 — library/{tier}/LICENSE·SOURCES 참조 (ledger B5)
distractors,data/pallet/assets/distractors/library/indoor/gso__Ecoforms_Plant_Bowl_Turquoise_7/model.sdf,764,6ba792c2dbdaf509588599cda1784e68f5a7800feb682a4a10be4e5ac6b20b51,model,CC0 / CC-BY 4.0 — library/{tier}/LICENSE·SOURCES 참조 (ledger B5)
distractors,data/pallet/assets/distractors/library/indoor/gso__Ecoforms_Plant_Container_QP_Turquoise/materials/textures/texture.png,9702734,e1e58b4a522e5bcbef20e1b6f10bdb2e36a7e0ecdb6d803ae2340db3eec07c3b,texture,CC0 / CC-BY 4.0 — library/{tier}/LICENSE·SOURCES 참조 (ledger B5)
distractors,data/pallet/assets/distractors/library/indoor/gso__Ecoforms_Plant_Container_QP_Turquoise/meshes/model.mtl,444,3f95530679f169527864c1449868794e574c999561f3dba59ec96cc2b1aaafeb,model,CC0 / CC-BY 4.0 — library/{tier}/LICENSE·SOURCES 참조 (ledger B5)
distractors,data/pallet/assets/distractors/library/indoor/gso__Ecoforms_Plant_Container_QP_Turquoise/meshes/model.obj,1290185,a8c8d7d8e4e6cd481a5fe0ce4cb5bd57c72fa30827fb2ae6ce8c14abff119eea,model,CC0 / CC-BY 4.0 — library/{tier}/LICENSE·SOURCES 참조 (ledger B5)
distractors,data/pallet/assets/distractors/library/indoor/gso__Ecoforms_Plant_Container_QP_Turquoise/metadata.pbtxt,565,e1299e538bc5cf5ef18d89e95c53eb436e5a01d11a2f0c66de59e24f4c8fe62f,metadata,CC0 / CC-BY 4.0 — library/{tier}/LICENSE·SOURCES 참조 (ledger B5)
distractors,data/pallet/assets/distractors/library/indoor/gso__Ecoforms_Plant_Container_QP_Turquoise/model.config,582,c16c001d6027bc5b43491e515f8194a6ee8e89feef41c79a628ebfcfecadaddd,model,CC0 / CC-BY 4.0 — library/{tier}/LICENSE·SOURCES 참조 (ledger B5)
distractors,data/pallet/assets/distractors/library/indoor/gso__Ecoforms_Plant_Container_QP_Turquoise/model.sdf,770,31d331c65790e7b03f08789323edbb9b2514eda3f533cc666f4d3f0da334d57a,model,CC0 / CC-BY 4.0 — library/{tier}/LICENSE·SOURCES 참조 (ledger B5)
distractors,data/pallet/assets/distractors/library/indoor/gso__Ecoforms_Plant_Container_URN_NAT/materials/textures/texture.png,13008733,36f2b888d70dd4f4ac4375621a8dc5b4ebe15b92bee9887477a0e9281c53df39,texture,CC0 / CC-BY 4.0 — library/{tier}/LICENSE·SOURCES 참조 (ledger B5)
distractors,data/pallet/assets/distractors/library/indoor/gso__Ecoforms_Plant_Container_URN_NAT/meshes/model.mtl,444,3f95530679f169527864c1449868794e574c999561f3dba59ec96cc2b1aaafeb,model,CC0 / CC-BY 4.0 — library/{tier}/LICENSE·SOURCES 참조 (ledger B5)
distractors,data/pallet/assets/distractors/library/indoor/gso__Ecoforms_Plant_Container_URN_NAT/meshes/model.obj,418319,a77d3101a258470d2175168b92e13164047de5e2dc1c450e7160cc62a9cb74ea,model,CC0 / CC-BY 4.0 — library/{tier}/LICENSE·SOURCES 참조 (ledger B5)
distractors,data/pallet/assets/distractors/library/indoor/gso__Ecoforms_Plant_Container_URN_NAT/metadata.pbtxt,580,997fc2e8398d59a4676fbdaf0c2ff5f5a3751fd85486f5bfef7dabb1b3fc626c,metadata,CC0 / CC-BY 4.0 — library/{tier}/LICENSE·SOURCES 참조 (ledger B5)
distractors,data/pallet/assets/distractors/library/indoor/gso__Ecoforms_Plant_Container_URN_NAT/model.config,571,37fc301e3578b0cab00598e84627fae0cc427daad32453002d042dc976ceccca,model,CC0 / CC-BY 4.0 — library/{tier}/LICENSE·SOURCES 참조 (ledger B5)
distractors,data/pallet/assets/distractors/library/indoor/gso__Ecoforms_Plant_Container_URN_NAT/model.sdf,765,89d30b5520fea7387c65e0209d8fe8adc549dc1a8361f76196cafa6a0c3a5c44,model,CC0 / CC-BY 4.0 — library/{tier}/LICENSE·SOURCES 참조 (ledger B5)
distractors,data/pallet/assets/distractors/library/indoor/gso__Ecoforms_Plant_Container_URN_SAN/materials/textures/texture.png,10292755,e78bc9710be165c6fe006a276010e9c558765e16cbda57bb2148037176725f55,texture,CC0 / CC-BY 4.0 — library/{tier}/LICENSE·SOURCES 참조 (ledger B5)
distractors,data/pallet/assets/distractors/library/indoor/gso__Ecoforms_Plant_Container_URN_SAN/meshes/model.mtl,444,3f95530679f169527864c1449868794e574c999561f3dba59ec96cc2b1aaafeb,model,CC0 / CC-BY 4.0 — library/{tier}/LICENSE·SOURCES 참조 (ledger B5)
distractors,data/pallet/assets/distractors/library/indoor/gso__Ecoforms_Plant_Container_URN_SAN/meshes/model.obj,419948,b6e21a2fdd7c2e133c84c8ef3ea434fe09b25131830bce7f1ac5655afffea0c1,model,CC0 / CC-BY 4.0 — library/{tier}/LICENSE·SOURCES 참조 (ledger B5)
distractors,data/pallet/assets/distractors/library/indoor/gso__Ecoforms_Plant_Container_URN_SAN/metadata.pbtxt,580,897f19ee50dcafa9b82f9ccd520a129015fe844fdabcadc25ef70f44fa141248,metadata,CC0 / CC-BY 4.0 — library/{tier}/LICENSE·SOURCES 참조 (ledger B5)
distractors,data/pallet/assets/distractors/library/indoor/gso__Ecoforms_Plant_Container_URN_SAN/model.config,571,ed856eb32740e5236d306dfb9d4441419925e489e74a895b80555e210902365b,model,CC0 / CC-BY 4.0 — library/{tier}/LICENSE·SOURCES 참조 (ledger B5)
distractors,data/pallet/assets/distractors/library/indoor/gso__Ecoforms_Plant_Container_URN_SAN/model.sdf,765,ba8d3cde2aa33da8923bed6fc1318a65f0f74603478c05365f8f6ea2575d10fb,model,CC0 / CC-BY 4.0 — library/{tier}/LICENSE·SOURCES 참조 (ledger B5)
distractors,data/pallet/assets/distractors/library/indoor/gso__Hefty_Waste_Basket_Decorative_Bronze_85_liter/materials/textures/texture.png,9644575,b8896320c215b63181d14af5e052b3b7e6d1966c62d7236a681332d90690939d,texture,CC0 / CC-BY 4.0 — library/{tier}/LICENSE·SOURCES 참조 (ledger B5)
distractors,data/pallet/assets/distractors/library/indoor/gso__Hefty_Waste_Basket_Decorative_Bronze_85_liter/meshes/model.mtl,444,3f95530679f169527864c1449868794e574c999561f3dba59ec96cc2b1aaafeb,model,CC0 / CC-BY 4.0 — library/{tier}/LICENSE·SOURCES 참조 (ledger B5)
distractors,data/pallet/assets/distractors/library/indoor/gso__Hefty_Waste_Basket_Decorative_Bronze_85_liter/meshes/model.obj,1412516,9b5ef2e169e43a1ee9e8b47d8f686d21f642d9658779169d5e83114fc72c9ef1,model,CC0 / CC-BY 4.0 — library/{tier}/LICENSE·SOURCES 참조 (ledger B5)
distractors,data/pallet/assets/distractors/library/indoor/gso__Hefty_Waste_Basket_Decorative_Bronze_85_liter/metadata.pbtxt,581,52daaa121a3e95f588a3ecc89b34aebd0b78964b619f0c8123b548e2e6deba87,metadata,CC0 / CC-BY 4.0 — library/{tier}/LICENSE·SOURCES 참조 (ledger B5)
distractors,data/pallet/assets/distractors/library/indoor/gso__Hefty_Waste_Basket_Decorative_Bronze_85_liter/model.config,601,d3976dcb566f0aded3f50bab57cce2f7572edac58e171e04bb717d1ea327790e,model,CC0 / CC-BY 4.0 — library/{tier}/LICENSE·SOURCES 참조 (ledger B5)
distractors,data/pallet/assets/distractors/library/indoor/gso__Hefty_Waste_Basket_Decorative_Bronze_85_liter/model.sdf,778,529b3f3cd67e363b25a451dfb59b884ee93faaf08f7c917f26046c2923651188,model,CC0 / CC-BY 4.0 — library/{tier}/LICENSE·SOURCES 참조 (ledger B5)
distractors,data/pallet/assets/distractors/library/indoor/gso__Markings_Desk_Caddy/materials/textures/texture.png,11230178,ea07fb85ab5ef7167040e459ae4442827d114d778aaf4f6a8229bc3898406238,texture,CC0 / CC-BY 4.0 — library/{tier}/LICENSE·SOURCES 참조 (ledger B5)
distractors,data/pallet/assets/distractors/library/indoor/gso__Markings_Desk_Caddy/meshes/model.mtl,444,3f95530679f169527864c1449868794e574c999561f3dba59ec96cc2b1aaafeb,model,CC0 / CC-BY 4.0 — library/{tier}/LICENSE·SOURCES 참조 (ledger B5)
distractors,data/pallet/assets/distractors/library/indoor/gso__Markings_Desk_Caddy/meshes/model.obj,2247290,3cafde8be85fa926e6bfd3fe8724b8c090089429601e8e4e2fe496d0f95beec7,model,CC0 / CC-BY 4.0 — library/{tier}/LICENSE·SOURCES 참조 (ledger B5)
distractors,data/pallet/assets/distractors/library/indoor/gso__Markings_Desk_Caddy/metadata.pbtxt,527,6376782bf48678068e74c69db4663b188319b11712466e556ae12daf66fcc3ba,metadata,CC0 / CC-BY 4.0 — library/{tier}/LICENSE·SOURCES 참조 (ledger B5)
distractors,data/pallet/assets/distractors/library/indoor/gso__Markings_Desk_Caddy/model.config,544,b4f7858b9f7eceb5adc23c7d795538b6e9c6b7d1783b4919c39b89e6ff48d2be,model,CC0 / CC-BY 4.0 — library/{tier}/LICENSE·SOURCES 참조 (ledger B5)
distractors,data/pallet/assets/distractors/library/indoor/gso__Markings_Desk_Caddy/model.sdf,752,168ff71cbcb8779a192903ad0c76e1a3dc61087dc2340ae1da736acbc60a5721,model,CC0 / CC-BY 4.0 — library/{tier}/LICENSE·SOURCES 참조 (ledger B5)
distractors,data/pallet/assets/distractors/library/indoor/gso__Now_Designs_Bowl_Akita_Black/materials/textures/texture.png,12751242,8a646d98b084b7400dd91beed9c83e10b4a4dca572896b3974356b7937a4bd85,texture,CC0 / CC-BY 4.0 — library/{tier}/LICENSE·SOURCES 참조 (ledger B5)
distractors,data/pallet/assets/distractors/library/indoor/gso__Now_Designs_Bowl_Akita_Black/meshes/model.mtl,444,3f95530679f169527864c1449868794e574c999561f3dba59ec96cc2b1aaafeb,model,CC0 / CC-BY 4.0 — library/{tier}/LICENSE·SOURCES 참조 (ledger B5)
distractors,data/pallet/assets/distractors/library/indoor/gso__Now_Designs_Bowl_Akita_Black/meshes/model.obj,3941982,3babb433d87f0d19eab5312c8bdbc3b41c86c3006615f788c4eae47bd468e17c,model,CC0 / CC-BY 4.0 — library/{tier}/LICENSE·SOURCES 참조 (ledger B5)
distractors,data/pallet/assets/distractors/library/indoor/gso__Now_Designs_Bowl_Akita_Black/metadata.pbtxt,550,2d669ab4ead4229f3231b52d62f93340d65efccbdd09e166976a03f0e9fe9235,metadata,CC0 / CC-BY 4.0 — library/{tier}/LICENSE·SOURCES 참조 (ledger B5)
distractors,data/pallet/assets/distractors/library/indoor/gso__Now_Designs_Bowl_Akita_Black/model.config,564,734a5559add3efc3d6fa245f9a25f43d7d545c5307fcfe7199dd501ccdb28021,model,CC0 / CC-BY 4.0 — library/{tier}/LICENSE·SOURCES 참조 (ledger B5)
distractors,data/pallet/assets/distractors/library/indoor/gso__Now_Designs_Bowl_Akita_Black/model.sdf,761,7f2e7920ae5bfbb3ea931fc1abf56069901d01fef3f3b79cc212e30342a62b16,model,CC0 / CC-BY 4.0 — library/{tier}/LICENSE·SOURCES 참조 (ledger B5)
distractors,data/pallet/assets/distractors/library/indoor/gso__Room_Essentials_Bowl_Turquiose/materials/textures/texture.png,8040932,46df34ea8856890379e385f75ce5b68801e2fed05a3a5491c1885dd5d4b4056a,texture,CC0 / CC-BY 4.0 — library/{tier}/LICENSE·SOURCES 참조 (ledger B5)
distractors,data/pallet/assets/distractors/library/indoor/gso__Room_Essentials_Bowl_Turquiose/meshes/model.mtl,444,3f95530679f169527864c1449868794e574c999561f3dba59ec96cc2b1aaafeb,model,CC0 / CC-BY 4.0 — library/{tier}/LICENSE·SOURCES 참조 (ledger B5)
distractors,data/pallet/assets/distractors/library/indoor/gso__Room_Essentials_Bowl_Turquiose/meshes/model.obj,433692,5f275360c6f4185e7a02dcb11d7e2ee7a83c64b054087dc25b1552acdf8417eb,model,CC0 / CC-BY 4.0 — library/{tier}/LICENSE·SOURCES 참조 (ledger B5)
distractors,data/pallet/assets/distractors/library/indoor/gso__Room_Essentials_Bowl_Turquiose/metadata.pbtxt,557,7d0f65f6e3317e96ff8d12ab73f7fe1ae37ca39a069de8a76d61a2f1dcc237d1,metadata,CC0 / CC-BY 4.0 — library/{tier}/LICENSE·SOURCES 참조 (ledger B5)
distractors,data/pallet/assets/distractors/library/indoor/gso__Room_Essentials_Bowl_Turquiose/model.config,567,e1e5cdd851e11de1190c3fb88b523c075e8ba6601db53dda693198068430601d,model,CC0 / CC-BY 4.0 — library/{tier}/LICENSE·SOURCES 참조 (ledger B5)
distractors,data/pallet/assets/distractors/library/indoor/gso__Room_Essentials_Bowl_Turquiose/model.sdf,763,0f6e19d51a9b06baa384043afea34f5d4a2989b6cbddf067ec40cfe3ed9441ec,model,CC0 / CC-BY 4.0 — library/{tier}/LICENSE·SOURCES 참조 (ledger B5)
distractors,data/pallet/assets/distractors/library/indoor/gso__Room_Essentials_Fabric_Cube_Lavender/materials/textures/texture.png,16926514,f993d32e092d7d036e795b490523a1828ddf96f32b0d51f5a6637a4efe1b9de3,texture,CC0 / CC-BY 4.0 — library/{tier}/LICENSE·SOURCES 참조 (ledger B5)
distractors,data/pallet/assets/distractors/library/indoor/gso__Room_Essentials_Fabric_Cube_Lavender/meshes/model.mtl,444,3f95530679f169527864c1449868794e574c999561f3dba59ec96cc2b1aaafeb,model,CC0 / CC-BY 4.0 — library/{tier}/LICENSE·SOURCES 참조 (ledger B5)
distractors,data/pallet/assets/distractors/library/indoor/gso__Room_Essentials_Fabric_Cube_Lavender/meshes/model.obj,1019863,d26aa8cfc03795d08c45e5e0eaa65c86db78e017f5db944a8e5a72adcd068acd,model,CC0 / CC-BY 4.0 — library/{tier}/LICENSE·SOURCES 참조 (ledger B5)
distractors,data/pallet/assets/distractors/library/indoor/gso__Room_Essentials_Fabric_Cube_Lavender/metadata.pbtxt,559,d231547198746151f19188988b4cc5f0d7fb3977133a5b782f7ad688710654a6,metadata,CC0 / CC-BY 4.0 — library/{tier}/LICENSE·SOURCES 참조 (ledger B5)
distractors,data/pallet/assets/distractors/library/indoor/gso__Room_Essentials_Fabric_Cube_Lavender/model.config,580,307c1e44c43b0a977f8ebe64b4e6264b030e7393a9cb57b7903d1119c4a1b542,model,CC0 / CC-BY 4.0 — library/{tier}/LICENSE·SOURCES 참조 (ledger B5)
distractors,data/pallet/assets/distractors/library/indoor/gso__Room_Essentials_Fabric_Cube_Lavender/model.sdf,769,81f06a10265bb9d3accfde3520b832e43b262d1dc5ff2f90e292b86453999321,model,CC0 / CC-BY 4.0 — library/{tier}/LICENSE·SOURCES 참조 (ledger B5)
distractors,data/pallet/assets/distractors/library/indoor/gso__Room_Essentials_Mug_White_Yellow/materials/textures/texture.png,8119611,152a4b711c33e8cb6956233043580331bd0f54d5b3dbc13a9bc870201b295890,texture,CC0 / CC-BY 4.0 — library/{tier}/LICENSE·SOURCES 참조 (ledger B5)
distractors,data/pallet/assets/distractors/library/indoor/gso__Room_Essentials_Mug_White_Yellow/meshes/model.mtl,444,3f95530679f169527864c1449868794e574c999561f3dba59ec96cc2b1aaafeb,model,CC0 / CC-BY 4.0 — library/{tier}/LICENSE·SOURCES 참조 (ledger B5)
distractors,data/pallet/assets/distractors/library/indoor/gso__Room_Essentials_Mug_White_Yellow/meshes/model.obj,730042,04e85728c4139d0a43f888c38b1f1d15077169cba7c972211d2b41f21b39600f,model,CC0 / CC-BY 4.0 — library/{tier}/LICENSE·SOURCES 참조 (ledger B5)
distractors,data/pallet/assets/distractors/library/indoor/gso__Room_Essentials_Mug_White_Yellow/metadata.pbtxt,562,b196285abaa0217bcb968f4a054bdc89d784125d5dfb7765658e535c47000ae6,metadata,CC0 / CC-BY 4.0 — library/{tier}/LICENSE·SOURCES 참조 (ledger B5)
distractors,data/pallet/assets/distractors/library/indoor/gso__Room_Essentials_Mug_White_Yellow/model.config,572,9e59132617b2698011ec195fd677a8253404c5249bc9d0d59eae437cdfd5a44e,model,CC0 / CC-BY 4.0 — library/{tier}/LICENSE·SOURCES 참조 (ledger B5)
distractors,data/pallet/assets/distractors/library/indoor/gso__Room_Essentials_Mug_White_Yellow/model.sdf,765,ae5919b556069ad95e76288f80fcfc42f4f93d911969d4eb0f8137bf0a1a77bd,model,CC0 / CC-BY 4.0 — library/{tier}/LICENSE·SOURCES 참조 (ledger B5)
distractors,data/pallet/assets/distractors/library/indoor/gso__Sapota_Threshold_4_Ceramic_Round_Planter_Red/materials/textures/texture.png,8333893,b1648241e519bdee0a97d6d07abc31d440df11799ab377ecda640043c5a25524,texture,CC0 / CC-BY 4.0 — library/{tier}/LICENSE·SOURCES 참조 (ledger B5)
distractors,data/pallet/assets/distractors/library/indoor/gso__Sapota_Threshold_4_Ceramic_Round_Planter_Red/meshes/model.mtl,444,3f95530679f169527864c1449868794e574c999561f3dba59ec96cc2b1aaafeb,model,CC0 / CC-BY 4.0 — library/{tier}/LICENSE·SOURCES 참조 (ledger B5)
distractors,data/pallet/assets/distractors/library/indoor/gso__Sapota_Threshold_4_Ceramic_Round_Planter_Red/meshes/model.obj,1162756,f88b7911b6a4ebb82e40731e46c84e93ebe76216fb6dd2275df6ef680b761ec5,model,CC0 / CC-BY 4.0 — library/{tier}/LICENSE·SOURCES 참조 (ledger B5)
distractors,data/pallet/assets/distractors/library/indoor/gso__Sapota_Threshold_4_Ceramic_Round_Planter_Red/metadata.pbtxt,603,24f14a796cba27483ac645a641e88a98c1a6735162baf807167207e97650a0da,metadata,CC0 / CC-BY 4.0 — library/{tier}/LICENSE·SOURCES 참조 (ledger B5)
distractors,data/pallet/assets/distractors/library/indoor/gso__Sapota_Threshold_4_Ceramic_Round_Planter_Red/model.config,595,c3db1d3d81c9ea3fb0dfb8e6323e4329881dbd7a3d890db6bb472e3d182ac99a,model,CC0 / CC-BY 4.0 — library/{tier}/LICENSE·SOURCES 참조 (ledger B5)
distractors,data/pallet/assets/distractors/library/indoor/gso__Sapota_Threshold_4_Ceramic_Round_Planter_Red/model.sdf,777,233882855360293428ae85905b8a0c582ca483817683c7a17258337460bdce19,model,CC0 / CC-BY 4.0 — library/{tier}/LICENSE·SOURCES 참조 (ledger B5)
distractors,data/pallet/assets/distractors/library/indoor/gso__Snack_Catcher_Snack_Dispenser/materials/textures/texture.png,9541392,6d4a31e932bcc1271df9fb4c476d93334c1360a2428408b303c768d6a07457bf,texture,CC0 / CC-BY 4.0 — library/{tier}/LICENSE·SOURCES 참조 (ledger B5)
distractors,data/pallet/assets/distractors/library/indoor/gso__Snack_Catcher_Snack_Dispenser/meshes/model.mtl,444,3f95530679f169527864c1449868794e574c999561f3dba59ec96cc2b1aaafeb,model,CC0 / CC-BY 4.0 — library/{tier}/LICENSE·SOURCES 참조 (ledger B5)
distractors,data/pallet/assets/distractors/library/indoor/gso__Snack_Catcher_Snack_Dispenser/meshes/model.obj,1435444,2eaa6f1b86d7a3b21aa9dd25b8634e6f282c72d089f8348e5c2b9dfd4e79a290,model,CC0 / CC-BY 4.0 — library/{tier}/LICENSE·SOURCES 참조 (ledger B5)
distractors,data/pallet/assets/distractors/library/indoor/gso__Snack_Catcher_Snack_Dispenser/metadata.pbtxt,608,21c868f7a3588f0c63a2f50df2c6cf2c252723622abc7cd4616cf17a1ef95aa0,metadata,CC0 / CC-BY 4.0 — library/{tier}/LICENSE·SOURCES 참조 (ledger B5)
distractors,data/pallet/assets/distractors/library/indoor/gso__Snack_Catcher_Snack_Dispenser/model.config,564,ae97f98a3ecaceb8c605e2ca75c033350e5de201e10b9928d81ad47fda5d6fe9,model,CC0 / CC-BY 4.0 — library/{tier}/LICENSE·SOURCES 참조 (ledger B5)
distractors,data/pallet/assets/distractors/library/indoor/gso__Snack_Catcher_Snack_Dispenser/model.sdf,762,373fd6ededcb0917449805bb2db75ab209269e3867d9d5da6fd254dea5868710,model,CC0 / CC-BY 4.0 — library/{tier}/LICENSE·SOURCES 참조 (ledger B5)
distractors,data/pallet/assets/distractors/library/indoor/gso__Spritz_Easter_Basket_Plastic_Teal/materials/textures/texture.png,7573910,05e75891ad0e47c0c4a38f751c50d6c4a50c6eeba9cd50b8f44ee44b30cd3666,texture,CC0 / CC-BY 4.0 — library/{tier}/LICENSE·SOURCES 참조 (ledger B5)
distractors,data/pallet/assets/distractors/library/indoor/gso__Spritz_Easter_Basket_Plastic_Teal/meshes/model.mtl,444,3f95530679f169527864c1449868794e574c999561f3dba59ec96cc2b1aaafeb,model,CC0 / CC-BY 4.0 — library/{tier}/LICENSE·SOURCES 참조 (ledger B5)
distractors,data/pallet/assets/distractors/library/indoor/gso__Spritz_Easter_Basket_Plastic_Teal/meshes/model.obj,1137869,a4e201a9a17125212a0d1104d66119b8bc32f30dfcd3d66ccaa90654744871d2,model,CC0 / CC-BY 4.0 — library/{tier}/LICENSE·SOURCES 참조 (ledger B5)
distractors,data/pallet/assets/distractors/library/indoor/gso__Spritz_Easter_Basket_Plastic_Teal/metadata.pbtxt,555,3ef571297e7898fc231d1510642e0c54c3ae6cc58133987c7ec87eb250fcc59e,metadata,CC0 / CC-BY 4.0 — library/{tier}/LICENSE·SOURCES 참조 (ledger B5)
distractors,data/pallet/assets/distractors/library/indoor/gso__Spritz_Easter_Basket_Plastic_Teal/model.config,574,1c8c8c0af90de8ec7437bc6b46d444774cb56326bb7632dc07924261acaef688,model,CC0 / CC-BY 4.0 — library/{tier}/LICENSE·SOURCES 참조 (ledger B5)
distractors,data/pallet/assets/distractors/library/indoor/gso__Spritz_Easter_Basket_Plastic_Teal/model.sdf,766,51ea5927dfd5d4835a7e789cbac8ba72dccc865602c2e72e0ffd09fdf7522165,model,CC0 / CC-BY 4.0 — library/{tier}/LICENSE·SOURCES 참조 (ledger B5)
distractors,data/pallet/assets/distractors/library/indoor/gso__Squirt_Strain_Fruit_Basket/materials/textures/texture.png,8393911,981a13be1505fccf9209919450b49d27a48f1dd0a8ae0ed849d989c9568d71b3,texture,CC0 / CC-BY 4.0 — library/{tier}/LICENSE·SOURCES 참조 (ledger B5)
distractors,data/pallet/assets/distractors/library/indoor/gso__Squirt_Strain_Fruit_Basket/meshes/model.mtl,444,3f95530679f169527864c1449868794e574c999561f3dba59ec96cc2b1aaafeb,model,CC0 / CC-BY 4.0 — library/{tier}/LICENSE·SOURCES 참조 (ledger B5)
distractors,data/pallet/assets/distractors/library/indoor/gso__Squirt_Strain_Fruit_Basket/meshes/model.obj,1364106,241de41d07a428e2c257684056efd8b41b1053cc40d79edb913f129f2d5fd4c5,model,CC0 / CC-BY 4.0 — library/{tier}/LICENSE·SOURCES 참조 (ledger B5)
distractors,data/pallet/assets/distractors/library/indoor/gso__Squirt_Strain_Fruit_Basket/metadata.pbtxt,604,f3ac4b77190261e5673794e204769ad16e25320d72d63de61c5ed24d9c56e5fa,metadata,CC0 / CC-BY 4.0 — library/{tier}/LICENSE·SOURCES 참조 (ledger B5)
distractors,data/pallet/assets/distractors/library/indoor/gso__Squirt_Strain_Fruit_Basket/model.config,564,87ddb4c427698511e4953555511869689c0f3c82204da4ebb5795111fcf81a83,model,CC0 / CC-BY 4.0 — library/{tier}/LICENSE·SOURCES 참조 (ledger B5)
distractors,data/pallet/assets/distractors/library/indoor/gso__Squirt_Strain_Fruit_Basket/model.sdf,759,88a46e2b19f1bd9f5e396f1ead45587f14ee0e383fe166650fa8bb3b385febb3,model,CC0 / CC-BY 4.0 — library/{tier}/LICENSE·SOURCES 참조 (ledger B5)
distractors,data/pallet/assets/distractors/library/indoor/gso__Target_Basket_Medium/materials/textures/texture.png,12102285,3f5811e2b81fd6159a4db10a2e9ea4b249b1e93baa768eec7fb4072c93d1a015,texture,CC0 / CC-BY 4.0 — library/{tier}/LICENSE·SOURCES 참조 (ledger B5)
distractors,data/pallet/assets/distractors/library/indoor/gso__Target_Basket_Medium/meshes/model.mtl,444,3f95530679f169527864c1449868794e574c999561f3dba59ec96cc2b1aaafeb,model,CC0 / CC-BY 4.0 — library/{tier}/LICENSE·SOURCES 참조 (ledger B5)
distractors,data/pallet/assets/distractors/library/indoor/gso__Target_Basket_Medium/meshes/model.obj,8444731,4818cf9f9f44d007d095fb2facc5aaf2f611ea9cf59352bac342d57da25dd936,model,CC0 / CC-BY 4.0 — library/{tier}/LICENSE·SOURCES 참조 (ledger B5)
distractors,data/pallet/assets/distractors/library/indoor/gso__Target_Basket_Medium/metadata.pbtxt,554,92cf1dff5cb22d3824ceca5d3295a54933d82c9d52a41083d06d1f71af896baa,metadata,CC0 / CC-BY 4.0 — library/{tier}/LICENSE·SOURCES 참조 (ledger B5)
distractors,data/pallet/assets/distractors/library/indoor/gso__Target_Basket_Medium/model.config,547,0eb8da6df28897084664f68c0d415e0bbd314d6fb1bcd438d7db069d22f20527,model,CC0 / CC-BY 4.0 — library/{tier}/LICENSE·SOURCES 참조 (ledger B5)
distractors,data/pallet/assets/distractors/library/indoor/gso__Target_Basket_Medium/model.sdf,753,e5f30487acf01b3f9bf3dda0a79a260e75e26f00fc200bf30f8de0f164840554,model,CC0 / CC-BY 4.0 — library/{tier}/LICENSE·SOURCES 참조 (ledger B5)
distractors,data/pallet/assets/distractors/library/indoor/gso__Threshold_Basket_Natural_Finish_Fabric_Liner_Small/materials/textures/texture.png,11112400,89c2107a39ce27d7dffc383153153e021958408cd6fffd8bf8f318a0bb2c302b,texture,CC0 / CC-BY 4.0 — library/{tier}/LICENSE·SOURCES 참조 (ledger B5)
distractors,data/pallet/assets/distractors/library/indoor/gso__Threshold_Basket_Natural_Finish_Fabric_Liner_Small/meshes/model.mtl,444,3f95530679f169527864c1449868794e574c999561f3dba59ec96cc2b1aaafeb,model,CC0 / CC-BY 4.0 — library/{tier}/LICENSE·SOURCES 참조 (ledger B5)
distractors,data/pallet/assets/distractors/library/indoor/gso__Threshold_Basket_Natural_Finish_Fabric_Liner_Small/meshes/model.obj,6505870,06ff21dad63cdf1d39ed94114d077ccf3db9b50b87be8c1660ec87a97f971777,model,CC0 / CC-BY 4.0 — library/{tier}/LICENSE·SOURCES 참조 (ledger B5)
distractors,data/pallet/assets/distractors/library/indoor/gso__Threshold_Basket_Natural_Finish_Fabric_Liner_Small/metadata.pbtxt,593,47a8e5aa2f36417b8dfcf5e4f5dcdc06b997e24251bfe3e9cb64428022abe1b6,metadata,CC0 / CC-BY 4.0 — library/{tier}/LICENSE·SOURCES 참조 (ledger B5)
distractors,data/pallet/assets/distractors/library/indoor/gso__Threshold_Basket_Natural_Finish_Fabric_Liner_Small/model.config,609,227dd9c258c2e10a726e555ae4f4e729de3ba3b910c35fc190247f7f8584d3be,model,CC0 / CC-BY 4.0 — library/{tier}/LICENSE·SOURCES 참조 (ledger B5)
distractors,data/pallet/assets/distractors/library/indoor/gso__Threshold_Basket_Natural_Finish_Fabric_Liner_Small/model.sdf,783,cf38b9c4edca50cde4ef344739e0499be8e8a213634bab15e0d88f4a7cdc122f,model,CC0 / CC-BY 4.0 — library/{tier}/LICENSE·SOURCES 참조 (ledger B5)
distractors,data/pallet/assets/distractors/library/indoor/gso__Threshold_Porcelain_Pitcher_White/materials/textures/texture.png,7272587,3c4679ddda21ef372d9ca11737e13d4f592d32d087086802d40b394668cac58f,texture,CC0 / CC-BY 4.0 — library/{tier}/LICENSE·SOURCES 참조 (ledger B5)
distractors,data/pallet/assets/distractors/library/indoor/gso__Threshold_Porcelain_Pitcher_White/meshes/model.mtl,444,3f95530679f169527864c1449868794e574c999561f3dba59ec96cc2b1aaafeb,model,CC0 / CC-BY 4.0 — library/{tier}/LICENSE·SOURCES 참조 (ledger B5)
distractors,data/pallet/assets/distractors/library/indoor/gso__Threshold_Porcelain_Pitcher_White/meshes/model.obj,812387,0458fb14f62b3fb1e612d27bda0cc3fd6b7ced872f92d02b5a0cec44b122f93a,model,CC0 / CC-BY 4.0 — library/{tier}/LICENSE·SOURCES 참조 (ledger B5)
distractors,data/pallet/assets/distractors/library/indoor/gso__Threshold_Porcelain_Pitcher_White/metadata.pbtxt,557,c5548c0cf8bf4f4fa917662e04eafe9b9987a615828341ee3bffdb673053decb,metadata,CC0 / CC-BY 4.0 — library/{tier}/LICENSE·SOURCES 참조 (ledger B5)
distractors,data/pallet/assets/distractors/library/indoor/gso__Threshold_Porcelain_Pitcher_White/model.config,573,f9736b19a882c7b339a618aeecca9b1d70dee2e178e8a04bad5790e3fd4b2c96,model,CC0 / CC-BY 4.0 — library/{tier}/LICENSE·SOURCES 참조 (ledger B5)
distractors,data/pallet/assets/distractors/library/indoor/gso__Threshold_Porcelain_Pitcher_White/model.sdf,766,82411fa2763ac2496eb9b9ba692358c3fa408d585586fead4d85d04afcbfa4f9,model,CC0 / CC-BY 4.0 — library/{tier}/LICENSE·SOURCES 참조 (ledger B5)
distractors,data/pallet/assets/distractors/library/indoor/gso__Threshold_Porcelain_Serving_Bowl_Coupe_White/materials/textures/texture.png,7541215,b93445b91dc7c717e482c4934b1e14889f1395ed600f45dd66db7b556d794bbf,texture,CC0 / CC-BY 4.0 — library/{tier}/LICENSE·SOURCES 참조 (ledger B5)
distractors,data/pallet/assets/distractors/library/indoor/gso__Threshold_Porcelain_Serving_Bowl_Coupe_White/meshes/model.mtl,444,3f95530679f169527864c1449868794e574c999561f3dba59ec96cc2b1aaafeb,model,CC0 / CC-BY 4.0 — library/{tier}/LICENSE·SOURCES 참조 (ledger B5)
distractors,data/pallet/assets/distractors/library/indoor/gso__Threshold_Porcelain_Serving_Bowl_Coupe_White/meshes/model.obj,507190,87a4abb33e8127f7fd940f06eeb6507bb0fa816b10452a5c95c4ea78aacfbc4c,model,CC0 / CC-BY 4.0 — library/{tier}/LICENSE·SOURCES 참조 (ledger B5)
distractors,data/pallet/assets/distractors/library/indoor/gso__Threshold_Porcelain_Serving_Bowl_Coupe_White/metadata.pbtxt,580,28874d13f34db54e0930633c517932cd19bc7cca72c7c518141d885750a52ebe,metadata,CC0 / CC-BY 4.0 — library/{tier}/LICENSE·SOURCES 참조 (ledger B5)
distractors,data/pallet/assets/distractors/library/indoor/gso__Threshold_Porcelain_Serving_Bowl_Coupe_White/model.config,596,82c9d4ea2b01836581a0e52fb4d866fecb3b22bb6b3566bb7bca3638bf38ac67,model,CC0 / CC-BY 4.0 — library/{tier}/LICENSE·SOURCES 참조 (ledger B5)
distractors,data/pallet/assets/distractors/library/indoor/gso__Threshold_Porcelain_Serving_Bowl_Coupe_White/model.sdf,777,0bb4acf4e5f2e7a4be77134f857979fc22835a68f95d7e0d1f719a3e1330e444,model,CC0 / CC-BY 4.0 — library/{tier}/LICENSE·SOURCES 참조 (ledger B5)
distractors,data/pallet/assets/distractors/library/indoor/gso__Threshold_Porcelain_Teapot_White/materials/textures/texture.png,7473732,dd50c3b27df09948ed2c91b9d5b11c56e9b8b1a7e040002c6aa922afe591e0e8,texture,CC0 / CC-BY 4.0 — library/{tier}/LICENSE·SOURCES 참조 (ledger B5)
distractors,data/pallet/assets/distractors/library/indoor/gso__Threshold_Porcelain_Teapot_White/meshes/model.mtl,444,3f95530679f169527864c1449868794e574c999561f3dba59ec96cc2b1aaafeb,model,CC0 / CC-BY 4.0 — library/{tier}/LICENSE·SOURCES 참조 (ledger B5)
distractors,data/pallet/assets/distractors/library/indoor/gso__Threshold_Porcelain_Teapot_White/meshes/model.obj,720862,3573de18679033cdd4ad9e8f1a03753942987449a623539192e89d585473d28a,model,CC0 / CC-BY 4.0 — library/{tier}/LICENSE·SOURCES 참조 (ledger B5)
distractors,data/pallet/assets/distractors/library/indoor/gso__Threshold_Porcelain_Teapot_White/metadata.pbtxt,555,bffc7c47702daa2dc995190d95e8308b2ba4cb0bd101cf57f4801062b0ba5b18,metadata,CC0 / CC-BY 4.0 — library/{tier}/LICENSE·SOURCES 참조 (ledger B5)
distractors,data/pallet/assets/distractors/library/indoor/gso__Threshold_Porcelain_Teapot_White/model.config,571,fd1c07750c3661e32c1ab1d7be52b3cf1a7ba83f28b70db051d4408cf2dc88f5,model,CC0 / CC-BY 4.0 — library/{tier}/LICENSE·SOURCES 참조 (ledger B5)
distractors,data/pallet/assets/distractors/library/indoor/gso__Threshold_Porcelain_Teapot_White/model.sdf,765,fe0af1441e37e9e07a277366526252d1c85d6b4dfa5618aaecc45632eaaa32f0,model,CC0 / CC-BY 4.0 — library/{tier}/LICENSE·SOURCES 참조 (ledger B5)
distractors,data/pallet/assets/distractors/library/indoor/gso__TriStar_Products_PPC_Power_Pressure_Cooker_XL_in_Black/materials/textures/texture.png,10689761,08aa5c67f2f2ff344e2bf0a58048cac7775ec9ce2ff05163faf36e20ca951610,texture,CC0 / CC-BY 4.0 — library/{tier}/LICENSE·SOURCES 참조 (ledger B5)
distractors,data/pallet/assets/distractors/library/indoor/gso__TriStar_Products_PPC_Power_Pressure_Cooker_XL_in_Black/meshes/model.mtl,444,3f95530679f169527864c1449868794e574c999561f3dba59ec96cc2b1aaafeb,model,CC0 / CC-BY 4.0 — library/{tier}/LICENSE·SOURCES 참조 (ledger B5)
distractors,data/pallet/assets/distractors/library/indoor/gso__TriStar_Products_PPC_Power_Pressure_Cooker_XL_in_Black/meshes/model.obj,2267378,a7a43ba26d49670c9fafa62f207d1376bb0cb4b0a091aae20b932cbf0aba4414,model,CC0 / CC-BY 4.0 — library/{tier}/LICENSE·SOURCES 참조 (ledger B5)
distractors,data/pallet/assets/distractors/library/indoor/gso__TriStar_Products_PPC_Power_Pressure_Cooker_XL_in_Black/metadata.pbtxt,598,f41c352982fb804319c1414e13e4e305d6d1f8da5c7d5a24afc0c98e9cb33a2f,metadata,CC0 / CC-BY 4.0 — library/{tier}/LICENSE·SOURCES 참조 (ledger B5)
distractors,data/pallet/assets/distractors/library/indoor/gso__TriStar_Products_PPC_Power_Pressure_Cooker_XL_in_Black/model.config,615,47ded088290b0bb4c4ecf375b211675ca7721fd9c785bcacc5dadcf95ee7fdf2,model,CC0 / CC-BY 4.0 — library/{tier}/LICENSE·SOURCES 참조 (ledger B5)
distractors,data/pallet/assets/distractors/library/indoor/gso__TriStar_Products_PPC_Power_Pressure_Cooker_XL_in_Black/model.sdf,787,dd173ed01c5572511e356faeffbc1bc44146476862ecb404854d8a758174e2aa,model,CC0 / CC-BY 4.0 — library/{tier}/LICENSE·SOURCES 참조 (ledger B5)
distractors,data/pallet/assets/distractors/library/indoor/gso__Utana_5_Porcelain_Ramekin_Large/materials/textures/texture.png,7877009,bec8949f79b1baf8034e6d7cb24b3bf594f13ec299427f2bc16bd17bb80f880e,texture,CC0 / CC-BY 4.0 — library/{tier}/LICENSE·SOURCES 참조 (ledger B5)
distractors,data/pallet/assets/distractors/library/indoor/gso__Utana_5_Porcelain_Ramekin_Large/meshes/model.mtl,444,3f95530679f169527864c1449868794e574c999561f3dba59ec96cc2b1aaafeb,model,CC0 / CC-BY 4.0 — library/{tier}/LICENSE·SOURCES 참조 (ledger B5)
distractors,data/pallet/assets/distractors/library/indoor/gso__Utana_5_Porcelain_Ramekin_Large/meshes/model.obj,1630463,7b46d9c795bf8c7535c87becec002fac8583481e9bdc70b75b7a93a8cdbdbefa,model,CC0 / CC-BY 4.0 — library/{tier}/LICENSE·SOURCES 참조 (ledger B5)
distractors,data/pallet/assets/distractors/library/indoor/gso__Utana_5_Porcelain_Ramekin_Large/metadata.pbtxt,551,208df4ab046a865dc4925ea628188eeb38aae1a19e3753a18880f7daac7422d9,metadata,CC0 / CC-BY 4.0 — library/{tier}/LICENSE·SOURCES 참조 (ledger B5)
distractors,data/pallet/assets/distractors/library/indoor/gso__Utana_5_Porcelain_Ramekin_Large/model.config,570,082e4e14c3faef78370d7f6f2f0c1ddaa3a8e5de823f51d9adc4a1a0771444fd,model,CC0 / CC-BY 4.0 — library/{tier}/LICENSE·SOURCES 참조 (ledger B5)
distractors,data/pallet/assets/distractors/library/indoor/gso__Utana_5_Porcelain_Ramekin_Large/model.sdf,764,b9dee987f03105fd302558a285c7007512f46fcebb2780dc51dc2c3892d37600,model,CC0 / CC-BY 4.0 — library/{tier}/LICENSE·SOURCES 참조 (ledger B5)
distractors,data/pallet/assets/distractors/library/indoor/ph__Shelf_01/Shelf_01.bin,12676,21ee76dda6320ba423e76d192cfd38885e334ae394c03978d092f96b508f175b,Shelf_01,CC0 / CC-BY 4.0 — library/{tier}/LICENSE·SOURCES 참조 (ledger B5)
distractors,data/pallet/assets/distractors/library/indoor/ph__Shelf_01/Shelf_01_1k.gltf,2617,715bce6ff1886eccdd43d558f5cf9242a24396e0eb9e8ae391905186bb339e52,Shelf_01_1k,CC0 / CC-BY 4.0 — library/{tier}/LICENSE·SOURCES 참조 (ledger B5)
distractors,data/pallet/assets/distractors/library/indoor/ph__Shelf_01/textures/Shelf_01_arm_1k.jpg,205542,d5d180b15c48ed6ab7b27a663de8f399f813ed0c32ff2706520d677a1e387cdc,Shelf_01_arm_1k,CC0 / CC-BY 4.0 — library/{tier}/LICENSE·SOURCES 참조 (ledger B5)
distractors,data/pallet/assets/distractors/library/indoor/ph__Shelf_01/textures/Shelf_01_diff_1k.jpg,153220,875bb8110dec4f409d9127cba95f7c0ead02bdfeef6dd47232df939e4de35a5c,Shelf_01_diff_1k,CC0 / CC-BY 4.0 — library/{tier}/LICENSE·SOURCES 참조 (ledger B5)
distractors,data/pallet/assets/distractors/library/indoor/ph__Shelf_01/textures/Shelf_01_nor_gl_1k.jpg,231393,c817d7966974be2da13e4b0a57918e8e142edc50eb41d438229c3bad70df0f91,Shelf_01_nor_gl_1k,CC0 / CC-BY 4.0 — library/{tier}/LICENSE·SOURCES 참조 (ledger B5)
distractors,data/pallet/assets/distractors/library/indoor/ph__drawer_cabinet/drawer_cabinet.bin,798852,3460b9fe00ffbe779b7f7f2de3b159c214cfec275c06194add0eebd951ee14e9,drawer_cabinet,CC0 / CC-BY 4.0 — library/{tier}/LICENSE·SOURCES 참조 (ledger B5)
distractors,data/pallet/assets/distractors/library/indoor/ph__drawer_cabinet/drawer_cabinet_1k.gltf,8031,899581e6a041644139a138f909c6ba001684cc55b5d1702e08f01094e20d0617,drawer_cabinet_1k,CC0 / CC-BY 4.0 — library/{tier}/LICENSE·SOURCES 참조 (ledger B5)
distractors,data/pallet/assets/distractors/library/indoor/ph__drawer_cabinet/textures/drawer_cabinet_arm_1k.jpg,124942,8f8eefaaadcee247204c5658c2f4d9cac598222336918b01eb48e4190317788c,drawer_cabinet_arm_1k,CC0 / CC-BY 4.0 — library/{tier}/LICENSE·SOURCES 참조 (ledger B5)
distractors,data/pallet/assets/distractors/library/indoor/ph__drawer_cabinet/textures/drawer_cabinet_diff_1k.jpg,150011,0fe270409b54a5609662dda14afaa94af4bd3267dcd83dd824e05fa880d96efb,drawer_cabinet_diff_1k,CC0 / CC-BY 4.0 — library/{tier}/LICENSE·SOURCES 참조 (ledger B5)
distractors,data/pallet/assets/distractors/library/indoor/ph__drawer_cabinet/textures/drawer_cabinet_nor_gl_1k.jpg,61593,26d0904ad341353e095ef619d157a5f416be014500475976f1144827cc849faa,drawer_cabinet_nor_gl_1k,CC0 / CC-BY 4.0 — library/{tier}/LICENSE·SOURCES 참조 (ledger B5)
distractors,data/pallet/assets/distractors/library/indoor/ph__dustpan/dustpan.bin,108296,14d316b081ed949f8897fcc26bdc7abb8775c630ad4fe69712f9eacf2e027c30,dustpan,CC0 / CC-BY 4.0 — library/{tier}/LICENSE·SOURCES 참조 (ledger B5)
distractors,data/pallet/assets/distractors/library/indoor/ph__dustpan/dustpan_1k.gltf,2711,68011bba3b576e5af7e03988c2796c87bba35cacd15e355e001ded4c7add68d8,dustpan_1k,CC0 / CC-BY 4.0 — library/{tier}/LICENSE·SOURCES 참조 (ledger B5)
distractors,data/pallet/assets/distractors/library/indoor/ph__dustpan/textures/dustpan_arm_1k.jpg,729106,6b8f2ad6da74821f4773b217329db3a135760e6c96fcfad29d2c3263747b9763,dustpan_arm_1k,CC0 / CC-BY 4.0 — library/{tier}/LICENSE·SOURCES 참조 (ledger B5)
distractors,data/pallet/assets/distractors/library/indoor/ph__dustpan/textures/dustpan_diff_1k.jpg,636302,6dbfaddae00c9d1cd323c4ab3a9350441c3c55c378cd8068cfd786680faa8a20,dustpan_diff_1k,CC0 / CC-BY 4.0 — library/{tier}/LICENSE·SOURCES 참조 (ledger B5)
distractors,data/pallet/assets/distractors/library/indoor/ph__dustpan/textures/dustpan_nor_gl_1k.jpg,799568,28f228e904c6402d66b15dc958a74e3a51c54d95d69f058fa45408b5a8b0950f,dustpan_nor_gl_1k,CC0 / CC-BY 4.0 — library/{tier}/LICENSE·SOURCES 참조 (ledger B5)
distractors,data/pallet/assets/distractors/library/indoor/ph__multi_cleaner_5_litre/multi_cleaner_5_litre.bin,116488,11f978c7be90faa675e3020b3b09e20e35083ce5c591d3c89ad2d2f7250c1ec7,multi_cleaner_5_litre,CC0 / CC-BY 4.0 — library/{tier}/LICENSE·SOURCES 참조 (ledger B5)
distractors,data/pallet/assets/distractors/library/indoor/ph__multi_cleaner_5_litre/multi_cleaner_5_litre_1k.gltf,4406,449a1f5ad8d511f635aafe4233b1d1e216eacf0c987cc2202b2052ce2ec879c3,multi_cleaner_5_litre_1k,CC0 / CC-BY 4.0 — library/{tier}/LICENSE·SOURCES 참조 (ledger B5)
distractors,data/pallet/assets/distractors/library/indoor/ph__multi_cleaner_5_litre/textures/multi_cleaner_5_litre_arm_1k.jpg,568077,570f40e4989ccd5ed4f59385c9dce05605d7c5f855ba7e422de3a4b38b235ed0,multi_cleaner_5_litre_arm_1k,CC0 / CC-BY 4.0 — library/{tier}/LICENSE·SOURCES 참조 (ledger B5)
distractors,data/pallet/assets/distractors/library/indoor/ph__multi_cleaner_5_litre/textures/multi_cleaner_5_litre_diff_1k.jpg,366299,dc59d4cdb8f85c6ef09b3730f17d2bdb7ec2b819de29b8e03e56e69cc0d76a9e,multi_cleaner_5_litre_diff_1k,CC0 / CC-BY 4.0 — library/{tier}/LICENSE·SOURCES 참조 (ledger B5)
distractors,data/pallet/assets/distractors/library/indoor/ph__multi_cleaner_5_litre/textures/multi_cleaner_5_litre_nor_gl_1k.jpg,311822,893673ea82d00f4afe84fbcf29ac0d92cde7057a13fb6b5f8b0d719530bfca2b,multi_cleaner_5_litre_nor_gl_1k,CC0 / CC-BY 4.0 — library/{tier}/LICENSE·SOURCES 참조 (ledger B5)
distractors,data/pallet/assets/distractors/library/indoor/ph__painted_wooden_cabinet/painted_wooden_cabinet.bin,78072,1023d773d84c42f2709ec297247d90b0e2833e37241fbe852e2f33b41ae10cda,painted_wooden_cabinet,CC0 / CC-BY 4.0 — library/{tier}/LICENSE·SOURCES 참조 (ledger B5)
distractors,data/pallet/assets/distractors/library/indoor/ph__painted_wooden_cabinet/painted_wooden_cabinet_1k.gltf,9253,ce04543cdb10e05fe9c2cc08e9c118b16c1c717a07bcbfac9b99859465c8d1ed,painted_wooden_cabinet_1k,CC0 / CC-BY 4.0 — library/{tier}/LICENSE·SOURCES 참조 (ledger B5)
distractors,data/pallet/assets/distractors/library/indoor/ph__painted_wooden_cabinet/textures/painted_wooden_cabinet_arm_1k.jpg,622122,34e0bcb00a62704d85161d41e844e798d4f894e416e7769079d50a21d561d171,painted_wooden_cabinet_arm_1k,CC0 / CC-BY 4.0 — library/{tier}/LICENSE·SOURCES 참조 (ledger B5)
distractors,data/pallet/assets/distractors/library/indoor/ph__painted_wooden_cabinet/textures/painted_wooden_cabinet_diff_1k.jpg,688654,2dbed9f9ec8e49fc2e87de8cd86e2029a80e9001b5102b4e47c7dfa913f34d89,painted_wooden_cabinet_diff_1k,CC0 / CC-BY 4.0 — library/{tier}/LICENSE·SOURCES 참조 (ledger B5)
distractors,data/pallet/assets/distractors/library/indoor/ph__painted_wooden_cabinet/textures/painted_wooden_cabinet_nor_gl_1k.jpg,463678,e94edf68faeaf68016c28da9b9f299bb38c57463acd94130ecf98dcaef790016,painted_wooden_cabinet_nor_gl_1k,CC0 / CC-BY 4.0 — library/{tier}/LICENSE·SOURCES 참조 (ledger B5)
distractors,data/pallet/assets/distractors/library/indoor/ph__plastic_broom/plastic_broom.bin,590400,236ced2fe52ffb6b890ca2e2aa8c1e3e2df538689fcbc77e9757f8e87819ff6c,plastic_broom,CC0 / CC-BY 4.0 — library/{tier}/LICENSE·SOURCES 참조 (ledger B5)
distractors,data/pallet/assets/distractors/library/indoor/ph__plastic_broom/plastic_broom_1k.gltf,4696,2c5520d7eecc1206fc9c5c65faa2cee262ae67b71988f9b164d13e8f38e3b7d6,plastic_broom_1k,CC0 / CC-BY 4.0 — library/{tier}/LICENSE·SOURCES 참조 (ledger B5)
distractors,data/pallet/assets/distractors/library/indoor/ph__plastic_broom/textures/plastic_broom_arm_1k.jpg,507260,9d7bce015163853e93f9dd35f5299e8c351b3eaca8d0399fbaed05f89e845757,plastic_broom_arm_1k,CC0 / CC-BY 4.0 — library/{tier}/LICENSE·SOURCES 참조 (ledger B5)
distractors,data/pallet/assets/distractors/library/indoor/ph__plastic_broom/textures/plastic_broom_diff_1k.jpg,265496,fcffd470ca8e8dd126e072c6d5b0a604fbffc07ff38da442efcda50db29965e6,plastic_broom_diff_1k,CC0 / CC-BY 4.0 — library/{tier}/LICENSE·SOURCES 참조 (ledger B5)
distractors,data/pallet/assets/distractors/library/indoor/ph__plastic_broom/textures/plastic_broom_nor_gl_1k.jpg,92643,b5bed424a1f8347d839add0f329fb856ea02ced5929f7cdb4f558f7ae581552c,plastic_broom_nor_gl_1k,CC0 / CC-BY 4.0 — library/{tier}/LICENSE·SOURCES 참조 (ledger B5)
distractors,data/pallet/assets/distractors/library/indoor/ph__steel_frame_shelves_02/steel_frame_shelves_02.bin,142344,bcfe8e37632961b13f7ac845f7f2505181c394e7bd356c123a0ef7706aabd70d,steel_frame_shelves_02,CC0 / CC-BY 4.0 — library/{tier}/LICENSE·SOURCES 참조 (ledger B5)
distractors,data/pallet/assets/distractors/library/indoor/ph__steel_frame_shelves_02/steel_frame_shelves_02_1k.gltf,2775,df103b9fbb08a60e262cc1d8af5cb37f3c1231a8764eeacec23d363be24feca6,steel_frame_shelves_02_1k,CC0 / CC-BY 4.0 — library/{tier}/LICENSE·SOURCES 참조 (ledger B5)
distractors,data/pallet/assets/distractors/library/indoor/ph__steel_frame_shelves_02/textures/steel_frame_shelves_02_arm_1k.jpg,199312,7fbcad4858018270eec05cbcdfec886adf4de39a057a8fc15a3c1d1d009f0307,steel_frame_shelves_02_arm_1k,CC0 / CC-BY 4.0 — library/{tier}/LICENSE·SOURCES 참조 (ledger B5)
distractors,data/pallet/assets/distractors/library/indoor/ph__steel_frame_shelves_02/textures/steel_frame_shelves_02_diff_1k.jpg,144386,2b41f59f3fbc6464e10ce11ee17c80f35173de8321865e4c4a966c55f5898f15,steel_frame_shelves_02_diff_1k,CC0 / CC-BY 4.0 — library/{tier}/LICENSE·SOURCES 참조 (ledger B5)
distractors,data/pallet/assets/distractors/library/indoor/ph__steel_frame_shelves_02/textures/steel_frame_shelves_02_nor_gl_1k.jpg,51446,c0033947364a267d17307943df975bc9d81268b51532c73340dd0bf45d204990,steel_frame_shelves_02_nor_gl_1k,CC0 / CC-BY 4.0 — library/{tier}/LICENSE·SOURCES 참조 (ledger B5)
distractors,data/pallet/assets/distractors/library/indoor/ph__watering_can_metal_01/textures/watering_can_metal_01_arm_1k.jpg,944654,966f78fca72dd7ae358c3199f6f7734830a7b09c782673e3e4bdfd0ce2d16689,watering_can_metal_01_arm_1k,CC0 / CC-BY 4.0 — library/{tier}/LICENSE·SOURCES 참조 (ledger B5)
distractors,data/pallet/assets/distractors/library/indoor/ph__watering_can_metal_01/textures/watering_can_metal_01_diff_1k.jpg,619613,e684096ed02bf20dbe46875185aeef02bbc50d31730badfe5853a36ccc5ee2fe,watering_can_metal_01_diff_1k,CC0 / CC-BY 4.0 — library/{tier}/LICENSE·SOURCES 참조 (ledger B5)
distractors,data/pallet/assets/distractors/library/indoor/ph__watering_can_metal_01/textures/watering_can_metal_01_nor_gl_1k.jpg,725001,13aaedd908aba518ab28d3401881529c9d2ee656459a110f5619b9aad2e86be7,watering_can_metal_01_nor_gl_1k,CC0 / CC-BY 4.0 — library/{tier}/LICENSE·SOURCES 참조 (ledger B5)
distractors,data/pallet/assets/distractors/library/indoor/ph__watering_can_metal_01/watering_can_metal_01.bin,318736,8d8db62f70b3a0a8887dbc31f6507bd2dfb93b2878527cc06362dca766493a32,watering_can_metal_01,CC0 / CC-BY 4.0 — library/{tier}/LICENSE·SOURCES 참조 (ledger B5)
distractors,data/pallet/assets/distractors/library/indoor/ph__watering_can_metal_01/watering_can_metal_01_1k.gltf,3183,aaf3cdf52d64d1081fc7a9113a1ee91a0f8c9bcf569b5ac9927c713b65bbbd2e,watering_can_metal_01_1k,CC0 / CC-BY 4.0 — library/{tier}/LICENSE·SOURCES 참조 (ledger B5)
distractors,data/pallet/assets/distractors/library/indoor/ph__wooden_bookshelf_worn/textures/wooden_bookshelf_worn_arm_1k.jpg,713979,41b3aca38fb55cb300d971016a597c80425da3744a6d33d82fe78f9dbe609eaa,wooden_bookshelf_worn_arm_1k,CC0 / CC-BY 4.0 — library/{tier}/LICENSE·SOURCES 참조 (ledger B5)
distractors,data/pallet/assets/distractors/library/indoor/ph__wooden_bookshelf_worn/textures/wooden_bookshelf_worn_diff_1k.jpg,799126,970f60178decadd0d8fb1e5872f718350a49b027fd69469210c41ead350cba56,wooden_bookshelf_worn_diff_1k,CC0 / CC-BY 4.0 — library/{tier}/LICENSE·SOURCES 참조 (ledger B5)
distractors,data/pallet/assets/distractors/library/indoor/ph__wooden_bookshelf_worn/textures/wooden_bookshelf_worn_nor_gl_1k.jpg,993276,90ffb1b3f7bb638d5a7e1a2b244a260d623e314a6010a6b8c23c57203e510ac9,wooden_bookshelf_worn_nor_gl_1k,CC0 / CC-BY 4.0 — library/{tier}/LICENSE·SOURCES 참조 (ledger B5)
distractors,data/pallet/assets/distractors/library/indoor/ph__wooden_bookshelf_worn/wooden_bookshelf_worn.bin,267964,170758113b50132380ab46943f6eab18f2714460dead065aae37241a94abf0f9,wooden_bookshelf_worn,CC0 / CC-BY 4.0 — library/{tier}/LICENSE·SOURCES 참조 (ledger B5)
distractors,data/pallet/assets/distractors/library/indoor/ph__wooden_bookshelf_worn/wooden_bookshelf_worn_1k.gltf,2849,a1c5b3f1e71ae0b5eb73047e8097bceaa5f17e5d2d0d7ae1b8053d5ec0878fc6,wooden_bookshelf_worn_1k,CC0 / CC-BY 4.0 — library/{tier}/LICENSE·SOURCES 참조 (ledger B5)
distractors,data/pallet/assets/distractors/library/indoor/ph__wooden_broom/textures/wooden_broom_arm_1k.jpg,885939,43692c6109afa9a3a694a4295c69051e21edcbe30d8750ba434cc1674bb9db0c,wooden_broom_arm_1k,CC0 / CC-BY 4.0 — library/{tier}/LICENSE·SOURCES 참조 (ledger B5)
distractors,data/pallet/assets/distractors/library/indoor/ph__wooden_broom/textures/wooden_broom_bristles_diff_1k.jpg,388640,deebfae62affe0007c73bc57b5afcd216d920ec69c2f67d8399a5aab6a9088a8,wooden_broom_bristles_diff_1k,CC0 / CC-BY 4.0 — library/{tier}/LICENSE·SOURCES 참조 (ledger B5)
distractors,data/pallet/assets/distractors/library/indoor/ph__wooden_broom/textures/wooden_broom_diff_1k.jpg,759771,525f5ba0cb4669b4e0c9d1ea0ca45471bcc28d3e061e0e1e5ab72a3c0c8edb81,wooden_broom_diff_1k,CC0 / CC-BY 4.0 — library/{tier}/LICENSE·SOURCES 참조 (ledger B5)
distractors,data/pallet/assets/distractors/library/indoor/ph__wooden_broom/textures/wooden_broom_nor_gl_1k.jpg,873442,6ecda3297647a6b8b36b6a2d96240fa6c3ba973e4c795d307a5e8829e661b1be,wooden_broom_nor_gl_1k,CC0 / CC-BY 4.0 — library/{tier}/LICENSE·SOURCES 참조 (ledger B5)
distractors,data/pallet/assets/distractors/library/indoor/ph__wooden_broom/wooden_broom.bin,508940,35007174a2e19607154914d21f21116aaac67adf152f3f1c4e91163f43d4443e,wooden_broom,CC0 / CC-BY 4.0 — library/{tier}/LICENSE·SOURCES 참조 (ledger B5)
distractors,data/pallet/assets/distractors/library/indoor/ph__wooden_broom/wooden_broom_1k.gltf,7588,0849b601ff9b967b8d891edcee64fd39cf1e192161d989720ca6a93caf242d70,wooden_broom_1k,CC0 / CC-BY 4.0 — library/{tier}/LICENSE·SOURCES 참조 (ledger B5)
distractors,data/pallet/assets/distractors/library/indoor/sf__water_dispenser_01/water_dispenser_01.glb,196688,a6034e824d2eb8e2996f9fac4c194442ae827259d9ab50f2b66c42d8762be8fa,water_dispenser_01,CC0 / CC-BY 4.0 — library/{tier}/LICENSE·SOURCES 참조 (ledger B5)
distractors,data/pallet/assets/distractors/library/large/LICENSE.txt,608,73d0f5e6174d3745a2dc0a66a6a4d0b4f185d8f9e008e039a39addb3411e318d,LICENSE,CC0 / CC-BY 4.0 — library/{tier}/LICENSE·SOURCES 참조 (ledger B5)
distractors,data/pallet/assets/distractors/library/large/SOURCES.txt,3311,ef80761ea87a1f2ecac2b6455d96444c27e69ec77abb02fafe0a6295f9b42b24,SOURCES,CC0 / CC-BY 4.0 — library/{tier}/LICENSE·SOURCES 참조 (ledger B5)
distractors,data/pallet/assets/distractors/library/large/ph__barrel_stove/barrel_stove.bin,267680,09d7eb63b75a4a214fdb9f03349e5ddf990ea9865b3fbfb3fede6e5ccfa19e68,barrel_stove,CC0 / CC-BY 4.0 — library/{tier}/LICENSE·SOURCES 참조 (ledger B5)
distractors,data/pallet/assets/distractors/library/large/ph__barrel_stove/barrel_stove_1k.gltf,2747,33006d0166cda06b377b749553571220c9dcbb6f89d42d123d74d0308cf4df32,barrel_stove_1k,CC0 / CC-BY 4.0 — library/{tier}/LICENSE·SOURCES 참조 (ledger B5)
distractors,data/pallet/assets/distractors/library/large/ph__barrel_stove/textures/barrel_stove_arm_1k.jpg,789380,f0ec5ddee6660953cad654e883e641f60e0c814afcbab2fa7c90a75843790145,barrel_stove_arm_1k,CC0 / CC-BY 4.0 — library/{tier}/LICENSE·SOURCES 참조 (ledger B5)
distractors,data/pallet/assets/distractors/library/large/ph__barrel_stove/textures/barrel_stove_diff_1k.jpg,858608,7661395a02b37db8dde222dd16947e41fa3b06d2ee9a198c57b6d015222afaeb,barrel_stove_diff_1k,CC0 / CC-BY 4.0 — library/{tier}/LICENSE·SOURCES 참조 (ledger B5)
distractors,data/pallet/assets/distractors/library/large/ph__barrel_stove/textures/barrel_stove_nor_gl_1k.jpg,228496,533b75cb95ae236aab74c3a5b8ccbeff567b4a402c5bc3373c20c9afea48d680,barrel_stove_nor_gl_1k,CC0 / CC-BY 4.0 — library/{tier}/LICENSE·SOURCES 참조 (ledger B5)
distractors,data/pallet/assets/distractors/library/large/ph__chinese_screen_panels/chinese_screen_panels.bin,35936,34a2f03180313ed4dbf6ac8dd6c0277b1b873929daf6bf8f06a209af6c9b2fc3,chinese_screen_panels,CC0 / CC-BY 4.0 — library/{tier}/LICENSE·SOURCES 참조 (ledger B5)
distractors,data/pallet/assets/distractors/library/large/ph__chinese_screen_panels/chinese_screen_panels_1k.gltf,4225,80eea5b87ed1355f4628c791dc14d7c45ce77888ee9314aa97d92438d43b61a2,chinese_screen_panels_1k,CC0 / CC-BY 4.0 — library/{tier}/LICENSE·SOURCES 참조 (ledger B5)
distractors,data/pallet/assets/distractors/library/large/ph__chinese_screen_panels/textures/chinese_screen_panels_arm_1k.jpg,558223,fec093ccc5d21ed333c3ef489c0b71cc067359a6fbda62146fb39826425d5f93,chinese_screen_panels_arm_1k,CC0 / CC-BY 4.0 — library/{tier}/LICENSE·SOURCES 참조 (ledger B5)
distractors,data/pallet/assets/distractors/library/large/ph__chinese_screen_panels/textures/chinese_screen_panels_diff_1k.jpg,666440,2240dd186b02a778871cc55348e392f05f9bc451882896ec7457895cf7cbcb9d,chinese_screen_panels_diff_1k,CC0 / CC-BY 4.0 — library/{tier}/LICENSE·SOURCES 참조 (ledger B5)
distractors,data/pallet/assets/distractors/library/large/ph__chinese_screen_panels/textures/chinese_screen_panels_nor_gl_1k.jpg,428108,e887b7e2ce2483fe835ddc8978dd42704505d110ec72e07c84bfef916205ef80,chinese_screen_panels_nor_gl_1k,CC0 / CC-BY 4.0 — library/{tier}/LICENSE·SOURCES 참조 (ledger B5)
distractors,data/pallet/assets/distractors/library/large/ph__covered_car/covered_car.bin,394464,dcbd7bf82d415e30d02c3e7056013b44729de7b712868b5ab9bf29f2b3b8bc57,covered_car,CC0 / CC-BY 4.0 — library/{tier}/LICENSE·SOURCES 참조 (ledger B5)
distractors,data/pallet/assets/distractors/library/large/ph__covered_car/covered_car_1k.gltf,9687,80b210b08673833a8085812b9ee71286213b2af92654886e5a1a368977265aa7,covered_car_1k,CC0 / CC-BY 4.0 — library/{tier}/LICENSE·SOURCES 참조 (ledger B5)
distractors,data/pallet/assets/distractors/library/large/ph__covered_car/textures/covered_car_arm_1k.jpg,745781,e77f73234311701dd8088ec572e61d4ec7838bd28e9ea13ffe5e28f79da8e085,covered_car_arm_1k,CC0 / CC-BY 4.0 — library/{tier}/LICENSE·SOURCES 참조 (ledger B5)
distractors,data/pallet/assets/distractors/library/large/ph__covered_car/textures/covered_car_diff_1k.jpg,558004,c4616a5c7c1327e4bc127b600e59d9dcb2123f8926f1570a1ca4a068d97f4d34,covered_car_diff_1k,CC0 / CC-BY 4.0 — library/{tier}/LICENSE·SOURCES 참조 (ledger B5)
distractors,data/pallet/assets/distractors/library/large/ph__covered_car/textures/covered_car_nor_gl_1k.jpg,641340,6769694abe28c53e5c35ad1cefdd462b56416e7d89a6bcf5a9d9f6c922b46d05,covered_car_nor_gl_1k,CC0 / CC-BY 4.0 — library/{tier}/LICENSE·SOURCES 참조 (ledger B5)
distractors,data/pallet/assets/distractors/library/large/ph__ladder_sectioned_01/ladder_sectioned_01.bin,914488,e5d5265fa87cec63bb60a5ec54b787235d257b4e6c45ab7edcc68e7cbb515206,ladder_sectioned_01,CC0 / CC-BY 4.0 — library/{tier}/LICENSE·SOURCES 참조 (ledger B5)
distractors,data/pallet/assets/distractors/library/large/ph__ladder_sectioned_01/ladder_sectioned_01_1k.gltf,7585,68df434461bc1ed2dff4ec10bd34c14a3b319706da512a520f4291abe6fb5132,ladder_sectioned_01_1k,CC0 / CC-BY 4.0 — library/{tier}/LICENSE·SOURCES 참조 (ledger B5)
distractors,data/pallet/assets/distractors/library/large/ph__ladder_sectioned_01/textures/ladder_sectioned_01_arm_1k.jpg,797514,40cd96307107f0fc068b174c496d2f5611495160f915a4c293f55e2109235b13,ladder_sectioned_01_arm_1k,CC0 / CC-BY 4.0 — library/{tier}/LICENSE·SOURCES 참조 (ledger B5)
distractors,data/pallet/assets/distractors/library/large/ph__ladder_sectioned_01/textures/ladder_sectioned_01_diff_1k.jpg,509874,3154595e9a43befafb994f7faf60f084cb929bbdf4b29be24d7d3cee62fa6a34,ladder_sectioned_01_diff_1k,CC0 / CC-BY 4.0 — library/{tier}/LICENSE·SOURCES 참조 (ledger B5)
distractors,data/pallet/assets/distractors/library/large/ph__ladder_sectioned_01/textures/ladder_sectioned_01_nor_gl_1k.jpg,342722,e8dc89873db016f78d585747aa7f2bb253ce4f620269ad4aeac2eba42d9e4ebd,ladder_sectioned_01_nor_gl_1k,CC0 / CC-BY 4.0 — library/{tier}/LICENSE·SOURCES 참조 (ledger B5)
distractors,data/pallet/assets/distractors/library/large/ph__old_military_compressor/old_military_compressor.bin,2341548,cb4f99372897713112e468283fa399a4122adf145b8059c8d57b057def4408a3,old_military_compressor,CC0 / CC-BY 4.0 — library/{tier}/LICENSE·SOURCES 참조 (ledger B5)
distractors,data/pallet/assets/distractors/library/large/ph__old_military_compressor/old_military_compressor_1k.gltf,4806,dd43d023cf1005bc4f71fb6e32fc7f28aa648c40221478f570adf8b6341ad6be,old_military_compressor_1k,CC0 / CC-BY 4.0 — library/{tier}/LICENSE·SOURCES 참조 (ledger B5)
distractors,data/pallet/assets/distractors/library/large/ph__old_military_compressor/textures/old_military_compressor_arm_1k.jpg,821928,41a93c81e36e45073de5985de94afde0bcd83ce68c00cea2f5398aafe015e4d2,old_military_compressor_arm_1k,CC0 / CC-BY 4.0 — library/{tier}/LICENSE·SOURCES 참조 (ledger B5)
distractors,data/pallet/assets/distractors/library/large/ph__old_military_compressor/textures/old_military_compressor_diff_1k.jpg,744836,cb02b7b02cee27c7f04187be26b9a9079a58725353c56726c939b051178424a4,old_military_compressor_diff_1k,CC0 / CC-BY 4.0 — library/{tier}/LICENSE·SOURCES 참조 (ledger B5)
distractors,data/pallet/assets/distractors/library/large/ph__old_military_compressor/textures/old_military_compressor_nor_gl_1k.jpg,519610,f7e289152c3edf5c4edd406ac470b9d69412dceb8c700a5d7b3e5e0cb7f6e7b8,old_military_compressor_nor_gl_1k,CC0 / CC-BY 4.0 — library/{tier}/LICENSE·SOURCES 참조 (ledger B5)
distractors,data/pallet/assets/distractors/library/large/ph__portable_generator/portable_generator.bin,939572,fb7dcfedec1331ad541569e4ca8d4157284b2164084b7fe5a97928d4abc0ea2d,portable_generator,CC0 / CC-BY 4.0 — library/{tier}/LICENSE·SOURCES 참조 (ledger B5)
distractors,data/pallet/assets/distractors/library/large/ph__portable_generator/portable_generator_1k.gltf,10130,d5afe27834f824dfe753391713c45be03479e8100831f320796030531f61b848,portable_generator_1k,CC0 / CC-BY 4.0 — library/{tier}/LICENSE·SOURCES 참조 (ledger B5)
distractors,data/pallet/assets/distractors/library/large/ph__portable_generator/textures/portable_generator_arm_1k.jpg,887711,10236e967baddd90ec7d4ab68969b06fb419f98782a2796db94edc0249b0dad2,portable_generator_arm_1k,CC0 / CC-BY 4.0 — library/{tier}/LICENSE·SOURCES 참조 (ledger B5)
distractors,data/pallet/assets/distractors/library/large/ph__portable_generator/textures/portable_generator_diff_1k.jpg,755079,32acc300105a2df2290d872889b24e1b29ff1ca2c56c0a0cf8fbba0c5966a063,portable_generator_diff_1k,CC0 / CC-BY 4.0 — library/{tier}/LICENSE·SOURCES 참조 (ledger B5)
distractors,data/pallet/assets/distractors/library/large/ph__portable_generator/textures/portable_generator_nor_gl_1k.jpg,818829,8a868edab1a2f5ffa50b2b1680c2c342491b3eeeac443734178c445c7286c25d,portable_generator_nor_gl_1k,CC0 / CC-BY 4.0 — library/{tier}/LICENSE·SOURCES 참조 (ledger B5)
distractors,data/pallet/assets/distractors/library/large/ph__portable_generator/textures/portable_generator_spec_1k.jpg,23119,acf30e81c367898eb846f353d77e404f6831ac23bf071e0e718fddb8881b86cb,portable_generator_spec_1k,CC0 / CC-BY 4.0 — library/{tier}/LICENSE·SOURCES 참조 (ledger B5)
distractors,data/pallet/assets/distractors/library/large/ph__portable_welding_cart/portable_welding_cart.bin,864348,b5b073932eeb1d39f9b33893d5b96432e24a067000db8a15e53a0508516700a6,portable_welding_cart,CC0 / CC-BY 4.0 — library/{tier}/LICENSE·SOURCES 참조 (ledger B5)
distractors,data/pallet/assets/distractors/library/large/ph__portable_welding_cart/portable_welding_cart_1k.gltf,4797,2ee1f60ab9985755bd4a18bd6296bbfa60939909ffce802b6fd0dcbac3e6e113,portable_welding_cart_1k,CC0 / CC-BY 4.0 — library/{tier}/LICENSE·SOURCES 참조 (ledger B5)
distractors,data/pallet/assets/distractors/library/large/ph__portable_welding_cart/textures/portable_welding_cart_arm_1k.jpg,756251,6b5036f5ff4d8aa1b25da4aeb504a92d1a29373e22299080b3186b6385b6504d,portable_welding_cart_arm_1k,CC0 / CC-BY 4.0 — library/{tier}/LICENSE·SOURCES 참조 (ledger B5)
distractors,data/pallet/assets/distractors/library/large/ph__portable_welding_cart/textures/portable_welding_cart_diff_1k.jpg,705644,3efec798f2f63c7dc68bd22deee74d12de0453195ee7f568f9e171d848624208,portable_welding_cart_diff_1k,CC0 / CC-BY 4.0 — library/{tier}/LICENSE·SOURCES 참조 (ledger B5)
distractors,data/pallet/assets/distractors/library/large/ph__portable_welding_cart/textures/portable_welding_cart_nor_gl_1k.jpg,469656,1ed87f8854486f3ba5fd426b1947584cdae3374e27f441ef46ef513fbfbc39a2,portable_welding_cart_nor_gl_1k,CC0 / CC-BY 4.0 — library/{tier}/LICENSE·SOURCES 참조 (ledger B5)
distractors,data/pallet/assets/distractors/library/large/ph__steel_frame_shelves_01/steel_frame_shelves_01.bin,142312,306d7e72d12a5d3047b8a189f8d0add51075eaf7f51f935286fda4e1c16dd066,steel_frame_shelves_01,CC0 / CC-BY 4.0 — library/{tier}/LICENSE·SOURCES 참조 (ledger B5)
distractors,data/pallet/assets/distractors/library/large/ph__steel_frame_shelves_01/steel_frame_shelves_01_1k.gltf,2766,4eff8994825d654e337f8dc425e959ed6add7f4773188c87ba64402d9edd9842,steel_frame_shelves_01_1k,CC0 / CC-BY 4.0 — library/{tier}/LICENSE·SOURCES 참조 (ledger B5)
distractors,data/pallet/assets/distractors/library/large/ph__steel_frame_shelves_01/textures/steel_frame_shelves_01_arm_1k.jpg,655560,858629eeaa8f68ddb4fc1a813afe6ed988ded3d6d49184ec45a14611760f0bb3,steel_frame_shelves_01_arm_1k,CC0 / CC-BY 4.0 — library/{tier}/LICENSE·SOURCES 참조 (ledger B5)
distractors,data/pallet/assets/distractors/library/large/ph__steel_frame_shelves_01/textures/steel_frame_shelves_01_diff_1k.jpg,477882,85e205b334e15e05bec9b02be1258da6ab949ae908aa57e0bee6b94ba45b4415,steel_frame_shelves_01_diff_1k,CC0 / CC-BY 4.0 — library/{tier}/LICENSE·SOURCES 참조 (ledger B5)
distractors,data/pallet/assets/distractors/library/large/ph__steel_frame_shelves_01/textures/steel_frame_shelves_01_nor_gl_1k.jpg,318836,2a67ed7dd4f53c3e225396e6381992b768fe58b5261be703d540678e366e46ed,steel_frame_shelves_01_nor_gl_1k,CC0 / CC-BY 4.0 — library/{tier}/LICENSE·SOURCES 참조 (ledger B5)
distractors,data/pallet/assets/distractors/library/large/ph__steel_frame_shelves_03/steel_frame_shelves_03.bin,259368,6e299e00e277642eb1a1ac67776a8c43bd9c9dbad9a12b768bf3df274afde66f,steel_frame_shelves_03,CC0 / CC-BY 4.0 — library/{tier}/LICENSE·SOURCES 참조 (ledger B5)
distractors,data/pallet/assets/distractors/library/large/ph__steel_frame_shelves_03/steel_frame_shelves_03_1k.gltf,9767,5778bc40d135c7c02a62acdaa4be11fa856fe462c574cbc09033e78a269833d8,steel_frame_shelves_03_1k,CC0 / CC-BY 4.0 — library/{tier}/LICENSE·SOURCES 참조 (ledger B5)
distractors,data/pallet/assets/distractors/library/large/ph__steel_frame_shelves_03/textures/steel_frame_shelves_03_arm_1k.jpg,719712,9cbeebb818f340837554f59a46cd482e4a7ed6bf3fb7eb0a4707fe775473ad32,steel_frame_shelves_03_arm_1k,CC0 / CC-BY 4.0 — library/{tier}/LICENSE·SOURCES 참조 (ledger B5)
distractors,data/pallet/assets/distractors/library/large/ph__steel_frame_shelves_03/textures/steel_frame_shelves_03_diff_1k.jpg,375274,1bbaf63d2905ddfa94a83c9aa1fe01ec8d867c0b073308cc02821ae624e31b9a,steel_frame_shelves_03_diff_1k,CC0 / CC-BY 4.0 — library/{tier}/LICENSE·SOURCES 참조 (ledger B5)
distractors,data/pallet/assets/distractors/library/large/ph__steel_frame_shelves_03/textures/steel_frame_shelves_03_drawers_arm_1k.jpg,543122,cfa78c59c402b8aa26e200a9993ffd260cebbb1b7768cc9a6f8c5c0c0b28ca6e,steel_frame_shelves_03_drawers_arm_1k,CC0 / CC-BY 4.0 — library/{tier}/LICENSE·SOURCES 참조 (ledger B5)
distractors,data/pallet/assets/distractors/library/large/ph__steel_frame_shelves_03/textures/steel_frame_shelves_03_drawers_diff_1k.jpg,663476,5128e44871e33eebe494fe93fba2c572b9a7970d37864ae294c6d25fc59064eb,steel_frame_shelves_03_drawers_diff_1k,CC0 / CC-BY 4.0 — library/{tier}/LICENSE·SOURCES 참조 (ledger B5)
distractors,data/pallet/assets/distractors/library/large/ph__steel_frame_shelves_03/textures/steel_frame_shelves_03_drawers_nor_gl_1k.jpg,487786,e686d0d595eca83cc6ef2186cd199c2d2dde5729788f607e2b1f996d133415af,steel_frame_shelves_03_drawers_nor_gl_1k,CC0 / CC-BY 4.0 — library/{tier}/LICENSE·SOURCES 참조 (ledger B5)
distractors,data/pallet/assets/distractors/library/large/ph__steel_frame_shelves_03/textures/steel_frame_shelves_03_nor_gl_1k.jpg,504726,0e069fedd3573fe09096d766ca950e79903e8f971baaf6078ac7326d3c3dcfc8,steel_frame_shelves_03_nor_gl_1k,CC0 / CC-BY 4.0 — library/{tier}/LICENSE·SOURCES 참조 (ledger B5)
distractors,data/pallet/assets/distractors/library/large/ph__wine_barrel_01/textures/wine_barrel_01_arm_1k.jpg,172531,be658e1389dbe8669e847b8fc7df8affdce46d6582f01ac701555b6446a40b9d,wine_barrel_01_arm_1k,CC0 / CC-BY 4.0 — library/{tier}/LICENSE·SOURCES 참조 (ledger B5)
distractors,data/pallet/assets/distractors/library/large/ph__wine_barrel_01/textures/wine_barrel_01_diff_1k.jpg,195980,6bea25b4fadda0636b6b7e46e0cc15153eda21ef62c823d5ee2e06a5a7589214,wine_barrel_01_diff_1k,CC0 / CC-BY 4.0 — library/{tier}/LICENSE·SOURCES 참조 (ledger B5)
distractors,data/pallet/assets/distractors/library/large/ph__wine_barrel_01/textures/wine_barrel_01_nor_gl_1k.jpg,163587,86cdb0729b44d1687c75d895e6d0ef650f7580d70f3bcb52bce6fedc5fd79b6f,wine_barrel_01_nor_gl_1k,CC0 / CC-BY 4.0 — library/{tier}/LICENSE·SOURCES 참조 (ledger B5)
distractors,data/pallet/assets/distractors/library/large/ph__wine_barrel_01/wine_barrel_01.bin,385912,d827c31afed824b923ea9168462c93ab3ad3a88c4a68b155bd35efb1a02cbf00,wine_barrel_01,CC0 / CC-BY 4.0 — library/{tier}/LICENSE·SOURCES 참조 (ledger B5)
distractors,data/pallet/assets/distractors/library/large/ph__wine_barrel_01/wine_barrel_01_1k.gltf,6673,503d3339677217c3241a3cdbc1c803ed1eb82d1a48f51436d1545ec5745ae8d8,wine_barrel_01_1k,CC0 / CC-BY 4.0 — library/{tier}/LICENSE·SOURCES 참조 (ledger B5)
distractors,data/pallet/assets/distractors/library/large/ph__wooden_ladder/textures/wooden_ladder_arm_1k.jpg,798553,ed5fc0f9b1f053dbb43adbfb1e8db0429c42f01af49da117499a44f743db5a91,wooden_ladder_arm_1k,CC0 / CC-BY 4.0 — library/{tier}/LICENSE·SOURCES 참조 (ledger B5)
distractors,data/pallet/assets/distractors/library/large/ph__wooden_ladder/textures/wooden_ladder_diff_1k.jpg,758088,c4219c7c0516099c04a1620e74967d358e70438dda042eb99a18cf8471462cfb,wooden_ladder_diff_1k,CC0 / CC-BY 4.0 — library/{tier}/LICENSE·SOURCES 참조 (ledger B5)
distractors,data/pallet/assets/distractors/library/large/ph__wooden_ladder/textures/wooden_ladder_nor_gl_1k.jpg,750034,4539a49d3834e423b0940d1f04c06704acb56025c5fda24a5451ea7120efac50,wooden_ladder_nor_gl_1k,CC0 / CC-BY 4.0 — library/{tier}/LICENSE·SOURCES 참조 (ledger B5)
distractors,data/pallet/assets/distractors/library/large/ph__wooden_ladder/wooden_ladder.bin,282184,a86818f7a4a6fbedf147d413cc761983fa03b2d5b88dfdda346ffb3ed71698ef,wooden_ladder,CC0 / CC-BY 4.0 — library/{tier}/LICENSE·SOURCES 참조 (ledger B5)
distractors,data/pallet/assets/distractors/library/large/ph__wooden_ladder/wooden_ladder_1k.gltf,4390,ad20acb57354f726ef0970ba8e1e02ac12028581173d02b941a8dcf0325c333c,wooden_ladder_1k,CC0 / CC-BY 4.0 — library/{tier}/LICENSE·SOURCES 참조 (ledger B5)
distractors,data/pallet/assets/distractors/library/large/ph__worn_metal_rack/textures/worn_metal_rack_arm_1k.jpg,696941,b3523f947b3ebd960d508361bb323cec5a959d0b7043a8a7118ffab781925a65,worn_metal_rack_arm_1k,CC0 / CC-BY 4.0 — library/{tier}/LICENSE·SOURCES 참조 (ledger B5)
distractors,data/pallet/assets/distractors/library/large/ph__worn_metal_rack/textures/worn_metal_rack_diff_1k.jpg,604202,295c2d48ad55289fed76b7438513520cadd94516639ab8ffd8790ffe7c903dbb,worn_metal_rack_diff_1k,CC0 / CC-BY 4.0 — library/{tier}/LICENSE·SOURCES 참조 (ledger B5)
distractors,data/pallet/assets/distractors/library/large/ph__worn_metal_rack/textures/worn_metal_rack_nor_gl_1k.jpg,435767,3222c47e6fac0d103afec06b8a53476828777f5282d6703266010ecf587ad49e,worn_metal_rack_nor_gl_1k,CC0 / CC-BY 4.0 — library/{tier}/LICENSE·SOURCES 참조 (ledger B5)
distractors,data/pallet/assets/distractors/library/large/ph__worn_metal_rack/worn_metal_rack.bin,269400,b8cfa4138b7c0e0e69738c6f24dec7fecdc2f336f524312db48167816776fd13,worn_metal_rack,CC0 / CC-BY 4.0 — library/{tier}/LICENSE·SOURCES 참조 (ledger B5)
distractors,data/pallet/assets/distractors/library/large/ph__worn_metal_rack/worn_metal_rack_1k.gltf,2796,e757448bd448460ecb6c7218e7857c8d071f271e3cdc2bd013ca63d824c0c308,worn_metal_rack_1k,CC0 / CC-BY 4.0 — library/{tier}/LICENSE·SOURCES 참조 (ledger B5)
distractors,data/pallet/assets/distractors/library/large/sf__cargo_truck_01/cargo_truck_01.glb,2394840,2661462cdf3191d1de96f5881d525e6b762a90631268f267ad01582ad7d73b00,cargo_truck_01,CC0 / CC-BY 4.0 — library/{tier}/LICENSE·SOURCES 참조 (ledger B5)
distractors,data/pallet/assets/distractors/library/large/sf__delivery_truck_01/delivery_truck_01.glb,530156,3f1d443286db335e3891b9d658f56437c9d3d4d46826f439f36664a65dbd8535,delivery_truck_01,CC0 / CC-BY 4.0 — library/{tier}/LICENSE·SOURCES 참조 (ledger B5)
distractors,data/pallet/assets/distractors/library/large/sf__delivery_van_01/delivery_van_01.glb,8968340,a0e6f74066aef79882324b4783d41a2b54c4f76ee57b66af16b6e8496ef95727,delivery_van_01,CC0 / CC-BY 4.0 — library/{tier}/LICENSE·SOURCES 참조 (ledger B5)
distractors,data/pallet/assets/distractors/library/large/sf__forklift_01/forklift_01.glb,2973600,40ddfd73f577bc196cceeb09a483f5bcc1317014e93fa6dfe87ee5507e41f5f7,forklift_01,CC0 / CC-BY 4.0 — library/{tier}/LICENSE·SOURCES 참조 (ledger B5)
distractors,data/pallet/assets/distractors/library/large/sf__forklift_02/forklift_02.glb,36321652,4b2c5abd67c425af52d9e825ec38694b236980069b83abb46bf50d484bb8fab7,forklift_02,CC0 / CC-BY 4.0 — library/{tier}/LICENSE·SOURCES 참조 (ledger B5)
distractors,data/pallet/assets/distractors/library/large/sf__storage_rack_01/storage_rack_01.glb,5662328,3e411e1d5f2fafdd078946257221993483fc6c4a43e9aacb382936fe40dab58f,storage_rack_01,CC0 / CC-BY 4.0 — library/{tier}/LICENSE·SOURCES 참조 (ledger B5)
distractors,data/pallet/assets/distractors/library/medium/LICENSE.txt,609,1cc52cf740b28bc8ea14163df0fb233f678e967a29a73f0b31331338aecbd58b,LICENSE,CC0 / CC-BY 4.0 — library/{tier}/LICENSE·SOURCES 참조 (ledger B5)
distractors,data/pallet/assets/distractors/library/medium/SOURCES.txt,2886,7f0cb3ee391452c86ac3403115de5af72a16f9904fed65a538e92f3fb5e12afa,SOURCES,CC0 / CC-BY 4.0 — library/{tier}/LICENSE·SOURCES 참조 (ledger B5)
distractors,data/pallet/assets/distractors/library/medium/ph__SchoolChair_01/SchoolChair_01.bin,134912,7d64d556ba88d3962778085b9a190f1adb0d84e667bca8ef032c0ae34b31a9fe,SchoolChair_01,CC0 / CC-BY 4.0 — library/{tier}/LICENSE·SOURCES 참조 (ledger B5)
distractors,data/pallet/assets/distractors/library/medium/ph__SchoolChair_01/SchoolChair_01_1k.gltf,2695,1db6aca4bf379c2d568b2068492dcfcda15d764c0c3d98a970055af25b46281e,SchoolChair_01_1k,CC0 / CC-BY 4.0 — library/{tier}/LICENSE·SOURCES 참조 (ledger B5)
distractors,data/pallet/assets/distractors/library/medium/ph__SchoolChair_01/textures/SchoolChair_01_arm_1k.jpg,104994,ff773eb01c9d59130dc3cc0274951ac626d73fa1b2f7eee519af4ca80835568b,SchoolChair_01_arm_1k,CC0 / CC-BY 4.0 — library/{tier}/LICENSE·SOURCES 참조 (ledger B5)
distractors,data/pallet/assets/distractors/library/medium/ph__SchoolChair_01/textures/SchoolChair_01_diff_1k.jpg,52590,f10ae4dbddfb056ef716770ebd96e0eff0aa6f0b5ad0f263ff51c5cade6e1d8f,SchoolChair_01_diff_1k,CC0 / CC-BY 4.0 — library/{tier}/LICENSE·SOURCES 참조 (ledger B5)
distractors,data/pallet/assets/distractors/library/medium/ph__SchoolChair_01/textures/SchoolChair_01_nor_gl_1k.jpg,189532,4ee930562ad26e8c98af75e8aa6577d01cb56f6d22628f4e95c385e5364f0623,SchoolChair_01_nor_gl_1k,CC0 / CC-BY 4.0 — library/{tier}/LICENSE·SOURCES 참조 (ledger B5)
distractors,data/pallet/assets/distractors/library/medium/ph__SchoolDesk_01/SchoolDesk_01.bin,127564,80d0ece097fde9b1efe15a9babfb6bb1573d228bab6e02e3806cb5eca39c2c0c,SchoolDesk_01,CC0 / CC-BY 4.0 — library/{tier}/LICENSE·SOURCES 참조 (ledger B5)
distractors,data/pallet/assets/distractors/library/medium/ph__SchoolDesk_01/SchoolDesk_01_1k.gltf,2686,9d840b58a9e66ce9dc3d8d5396fb97cf954b12dc27adaf41b8cc78ae1a6404eb,SchoolDesk_01_1k,CC0 / CC-BY 4.0 — library/{tier}/LICENSE·SOURCES 참조 (ledger B5)
distractors,data/pallet/assets/distractors/library/medium/ph__SchoolDesk_01/textures/SchoolDesk_01_arm_1k.jpg,134042,ee1e2ea17ca21471b8a4822400ddc6bd3a4d441822a7eb429bef8cb1ab6dd43d,SchoolDesk_01_arm_1k,CC0 / CC-BY 4.0 — library/{tier}/LICENSE·SOURCES 참조 (ledger B5)
distractors,data/pallet/assets/distractors/library/medium/ph__SchoolDesk_01/textures/SchoolDesk_01_diff_1k.jpg,71566,4fed6d98265c6be27b9e6c9b010a5bba55a9aca4edfcc3fae9a12309ca6a5b94,SchoolDesk_01_diff_1k,CC0 / CC-BY 4.0 — library/{tier}/LICENSE·SOURCES 참조 (ledger B5)
distractors,data/pallet/assets/distractors/library/medium/ph__SchoolDesk_01/textures/SchoolDesk_01_nor_gl_1k.jpg,85765,64de8791fec46894945136190504127d194c1fc8d999e15c639dc94d053581be,SchoolDesk_01_nor_gl_1k,CC0 / CC-BY 4.0 — library/{tier}/LICENSE·SOURCES 참조 (ledger B5)
distractors,data/pallet/assets/distractors/library/medium/ph__ammo_box/ammo_box.bin,153588,7f7211c643fe5fc4e7ec033e644e4fdea18188e15bc55a27972b72e6ff7e1d03,ammo_box,CC0 / CC-BY 4.0 — library/{tier}/LICENSE·SOURCES 참조 (ledger B5)
distractors,data/pallet/assets/distractors/library/medium/ph__ammo_box/ammo_box_1k.gltf,8802,05dd0a1f2a09d170c1274e7d28d001177920d5c325de6c7460f10d4f314b5638,ammo_box_1k,CC0 / CC-BY 4.0 — library/{tier}/LICENSE·SOURCES 참조 (ledger B5)
distractors,data/pallet/assets/distractors/library/medium/ph__ammo_box/textures/ammo_box_arm_1k.jpg,583082,fc4ce56bc139d7482ea6e59e5410a19f58af07631d02840a6f0bbf08a1b33189,ammo_box_arm_1k,CC0 / CC-BY 4.0 — library/{tier}/LICENSE·SOURCES 참조 (ledger B5)
distractors,data/pallet/assets/distractors/library/medium/ph__ammo_box/textures/ammo_box_diff_1k.jpg,461002,6a21a1ca96526f97bd05b52808986152d3266a056d1dbe90204bf191697f0f56,ammo_box_diff_1k,CC0 / CC-BY 4.0 — library/{tier}/LICENSE·SOURCES 참조 (ledger B5)
distractors,data/pallet/assets/distractors/library/medium/ph__ammo_box/textures/ammo_box_nor_gl_1k.jpg,266201,5fc921d93f97646944b4bacae9e8eed1325091103766a8e6477c54bf199e5579,ammo_box_nor_gl_1k,CC0 / CC-BY 4.0 — library/{tier}/LICENSE·SOURCES 참조 (ledger B5)
distractors,data/pallet/assets/distractors/library/medium/ph__compost_bags/compost_bags.bin,473352,59f7bd0da2ed5cbed8f620bb48922591859db98ac5e4dbec035f6d44eae3c258,compost_bags,CC0 / CC-BY 4.0 — library/{tier}/LICENSE·SOURCES 참조 (ledger B5)
distractors,data/pallet/assets/distractors/library/medium/ph__compost_bags/compost_bags_1k.gltf,11308,ccbb538016405b763fd09f804be2ea7d19c61702856b0c51d1d488ef0c88f489,compost_bags_1k,CC0 / CC-BY 4.0 — library/{tier}/LICENSE·SOURCES 참조 (ledger B5)
distractors,data/pallet/assets/distractors/library/medium/ph__compost_bags/textures/compost_bags_arm_1k.jpg,679780,602437897781a5ff00e5edf5a29f881b884ea7f4965d9b26c770b5c5ff47ca72,compost_bags_arm_1k,CC0 / CC-BY 4.0 — library/{tier}/LICENSE·SOURCES 참조 (ledger B5)
distractors,data/pallet/assets/distractors/library/medium/ph__compost_bags/textures/compost_bags_diff_1k.jpg,523267,20e0c2d0cc3f8706d8e602a67a450963b5ece5ed571175a2155e60b566dc6ca0,compost_bags_diff_1k,CC0 / CC-BY 4.0 — library/{tier}/LICENSE·SOURCES 참조 (ledger B5)
distractors,data/pallet/assets/distractors/library/medium/ph__compost_bags/textures/compost_bags_nor_gl_1k.jpg,537959,84b10f72764874621df259a0e62e0e9d0e069f273da9911224eb9ab521863a01,compost_bags_nor_gl_1k,CC0 / CC-BY 4.0 — library/{tier}/LICENSE·SOURCES 참조 (ledger B5)
distractors,data/pallet/assets/distractors/library/medium/ph__compost_bags/textures/compost_bags_sss_1k.jpg,375670,e537888b2e5c63aba0f74ce5947471ad1ccb739534368f1c257bfd2af94204e6,compost_bags_sss_1k,CC0 / CC-BY 4.0 — library/{tier}/LICENSE·SOURCES 참조 (ledger B5)
distractors,data/pallet/assets/distractors/library/medium/ph__hand_truck/hand_truck.bin,535704,2a7ca50cdfac207defa68f71600f37e7cdd05d35bc94139df5269ea7d8b7a214,hand_truck,CC0 / CC-BY 4.0 — library/{tier}/LICENSE·SOURCES 참조 (ledger B5)
distractors,data/pallet/assets/distractors/library/medium/ph__hand_truck/hand_truck_1k.gltf,2754,303029ba829f2975ebed80f6f36e38d57cec87379e7214fcfb7d8e6e921c8e58,hand_truck_1k,CC0 / CC-BY 4.0 — library/{tier}/LICENSE·SOURCES 참조 (ledger B5)
distractors,data/pallet/assets/distractors/library/medium/ph__hand_truck/textures/hand_truck_arm_1k.jpg,894412,30ceadb1fa303f36dc0372a5681203e69715546219838e1bc0634c274407204c,hand_truck_arm_1k,CC0 / CC-BY 4.0 — library/{tier}/LICENSE·SOURCES 참조 (ledger B5)
distractors,data/pallet/assets/distractors/library/medium/ph__hand_truck/textures/hand_truck_diff_1k.jpg,802329,a1c528e0c88a03a96b89215eab228083f9dd66a502174936bccc0fe427ce345a,hand_truck_diff_1k,CC0 / CC-BY 4.0 — library/{tier}/LICENSE·SOURCES 참조 (ledger B5)
distractors,data/pallet/assets/distractors/library/medium/ph__hand_truck/textures/hand_truck_nor_gl_1k.jpg,944148,8674bbaa5562c24efceef0ab77f374ffe32fa583ef5dc2a44846305aa0fd8f79,hand_truck_nor_gl_1k,CC0 / CC-BY 4.0 — library/{tier}/LICENSE·SOURCES 참조 (ledger B5)
distractors,data/pallet/assets/distractors/library/medium/ph__industrial_storage_cart/industrial_storage_cart.bin,664580,ae46bc3aceda8234515054b3b4595db14e7eb72148100b5c2cafe1de7393410c,industrial_storage_cart,CC0 / CC-BY 4.0 — library/{tier}/LICENSE·SOURCES 참조 (ledger B5)
distractors,data/pallet/assets/distractors/library/medium/ph__industrial_storage_cart/industrial_storage_cart_1k.gltf,2878,f420b66b2e56513542b9598f038eb5f5ce120746735997807e58552049884043,industrial_storage_cart_1k,CC0 / CC-BY 4.0 — library/{tier}/LICENSE·SOURCES 참조 (ledger B5)
distractors,data/pallet/assets/distractors/library/medium/ph__industrial_storage_cart/textures/industrial_storage_cart_arm_1k.jpg,849352,956ee8d02021aba0b5fdbf393029b0aaabd7d29076caa3a5678e394f79adcca1,industrial_storage_cart_arm_1k,CC0 / CC-BY 4.0 — library/{tier}/LICENSE·SOURCES 참조 (ledger B5)
distractors,data/pallet/assets/distractors/library/medium/ph__industrial_storage_cart/textures/industrial_storage_cart_diff_1k.jpg,553691,7e779d7f7385307ebb332aec41bafff10c21972aaf92382f30cacb16957e7d37,industrial_storage_cart_diff_1k,CC0 / CC-BY 4.0 — library/{tier}/LICENSE·SOURCES 참조 (ledger B5)
distractors,data/pallet/assets/distractors/library/medium/ph__industrial_storage_cart/textures/industrial_storage_cart_nor_gl_1k.jpg,567119,a4fcd4309516e6005b5f3636399bd801df72fc75986831fad9cc5c31b737070a,industrial_storage_cart_nor_gl_1k,CC0 / CC-BY 4.0 — library/{tier}/LICENSE·SOURCES 참조 (ledger B5)
distractors,data/pallet/assets/distractors/library/medium/ph__korean_fire_extinguisher_01/korean_fire_extinguisher_01.bin,279480,a460dd65b63477bb641196d77393258af0c8a6e2a64728156cb45d92658c86bd,korean_fire_extinguisher_01,CC0 / CC-BY 4.0 — library/{tier}/LICENSE·SOURCES 참조 (ledger B5)
distractors,data/pallet/assets/distractors/library/medium/ph__korean_fire_extinguisher_01/korean_fire_extinguisher_01_1k.gltf,7450,565f9e41909165c2bead24b722746e29ba55e8eb5e541f61fe0d1ef7e66d2ecf,korean_fire_extinguisher_01_1k,CC0 / CC-BY 4.0 — library/{tier}/LICENSE·SOURCES 참조 (ledger B5)
distractors,data/pallet/assets/distractors/library/medium/ph__korean_fire_extinguisher_01/textures/korean_fire_extinguisher_01_body_arm_1k.jpg,209865,2c8fa0a85d5acc5f4e784ecefd8bfd16e1aafd112e553bfcece0c81c9b129eea,korean_fire_extinguisher_01_body_arm_1k,CC0 / CC-BY 4.0 — library/{tier}/LICENSE·SOURCES 참조 (ledger B5)
distractors,data/pallet/assets/distractors/library/medium/ph__korean_fire_extinguisher_01/textures/korean_fire_extinguisher_01_body_diff_1k.jpg,127270,2d874513cfb6d7485b67e936ee32e7af14992da6a5eedf980dbdfc32a2119987,korean_fire_extinguisher_01_body_diff_1k,CC0 / CC-BY 4.0 — library/{tier}/LICENSE·SOURCES 참조 (ledger B5)
distractors,data/pallet/assets/distractors/library/medium/ph__korean_fire_extinguisher_01/textures/korean_fire_extinguisher_01_body_nor_gl_1k.jpg,95607,b6ba7a7cafa04557c93dc63b44260b635863f0a95f8ba1445b75758dac3443d3,korean_fire_extinguisher_01_body_nor_gl_1k,CC0 / CC-BY 4.0 — library/{tier}/LICENSE·SOURCES 참조 (ledger B5)
distractors,data/pallet/assets/distractors/library/medium/ph__korean_fire_extinguisher_01/textures/korean_fire_extinguisher_01_glass_arm_1k.jpg,61925,412712fddc3654d801949889f78c9ee92d8855624a1fe1057be29a38e766bda0,korean_fire_extinguisher_01_glass_arm_1k,CC0 / CC-BY 4.0 — library/{tier}/LICENSE·SOURCES 참조 (ledger B5)
distractors,data/pallet/assets/distractors/library/medium/ph__korean_fire_extinguisher_01/textures/korean_fire_extinguisher_01_glass_diff_1k.jpg,150097,ca7e49959126aa51e2d4ab440aeb9f7ff17a8a6d025b116f6327f2343ee041af,korean_fire_extinguisher_01_glass_diff_1k,CC0 / CC-BY 4.0 — library/{tier}/LICENSE·SOURCES 참조 (ledger B5)
distractors,data/pallet/assets/distractors/library/medium/ph__korean_fire_extinguisher_01/textures/korean_fire_extinguisher_01_glass_nor_gl_1k.jpg,36344,3b299c54cb9b6f72d4f79e6ecd2f8cfcc618292c87881de1d17892b5ca668896,korean_fire_extinguisher_01_glass_nor_gl_1k,CC0 / CC-BY 4.0 — library/{tier}/LICENSE·SOURCES 참조 (ledger B5)
distractors,data/pallet/assets/distractors/library/medium/ph__korean_fire_extinguisher_01/textures/korean_fire_extinguisher_01_paper_arm_1k.jpg,221117,542b45184bb0ea66cdd2f180792148c45d45862a12f1ac341f798e53029015b9,korean_fire_extinguisher_01_paper_arm_1k,CC0 / CC-BY 4.0 — library/{tier}/LICENSE·SOURCES 참조 (ledger B5)
distractors,data/pallet/assets/distractors/library/medium/ph__korean_fire_extinguisher_01/textures/korean_fire_extinguisher_01_paper_diff_1k.jpg,161849,2d56948aa72a9bad6133db3e6b17fa0df1a56cdf25db4b7e21e6ceb21999a038,korean_fire_extinguisher_01_paper_diff_1k,CC0 / CC-BY 4.0 — library/{tier}/LICENSE·SOURCES 참조 (ledger B5)
distractors,data/pallet/assets/distractors/library/medium/ph__korean_fire_extinguisher_01/textures/korean_fire_extinguisher_01_paper_nor_gl_1k.jpg,267306,caaa26dd438e827e994c69605091d58ecc6a152813ece776cc561e0b24a8433a,korean_fire_extinguisher_01_paper_nor_gl_1k,CC0 / CC-BY 4.0 — library/{tier}/LICENSE·SOURCES 참조 (ledger B5)
distractors,data/pallet/assets/distractors/library/medium/ph__metal_office_desk/metal_office_desk.bin,229700,65b558f41a75ad4822e31cc2a97eb34ed359199279a6bfbd650deb27cef78767,metal_office_desk,CC0 / CC-BY 4.0 — library/{tier}/LICENSE·SOURCES 참조 (ledger B5)
distractors,data/pallet/assets/distractors/library/medium/ph__metal_office_desk/metal_office_desk_1k.gltf,13510,f07032a5ee89aacceebf10fd9fa192c22775ae81861cfb0bdb1594497179373c,metal_office_desk_1k,CC0 / CC-BY 4.0 — library/{tier}/LICENSE·SOURCES 참조 (ledger B5)
distractors,data/pallet/assets/distractors/library/medium/ph__metal_office_desk/textures/metal_office_desk_arm_1k.jpg,721614,752916dd9bf8a163dc7e0d3673900791ee6d558bbe23894263ac92b42387f51b,metal_office_desk_arm_1k,CC0 / CC-BY 4.0 — library/{tier}/LICENSE·SOURCES 참조 (ledger B5)
distractors,data/pallet/assets/distractors/library/medium/ph__metal_office_desk/textures/metal_office_desk_diff_1k.jpg,470831,1f02e3e77e8f82a3600664c991bd45c1c187452d61e9ede4336c6f90f7fa3139,metal_office_desk_diff_1k,CC0 / CC-BY 4.0 — library/{tier}/LICENSE·SOURCES 참조 (ledger B5)
distractors,data/pallet/assets/distractors/library/medium/ph__metal_office_desk/textures/metal_office_desk_nor_gl_1k.jpg,170875,f57eb004937e46392151b803e0cb1d88983958d01ad11d93df78a82cfcc6c407,metal_office_desk_nor_gl_1k,CC0 / CC-BY 4.0 — library/{tier}/LICENSE·SOURCES 참조 (ledger B5)
distractors,data/pallet/assets/distractors/library/medium/ph__metal_stool_01/metal_stool_01.bin,216340,a57dae498990e7b56cba33b64721d1d0b940ca6352248de149740cd4678d451d,metal_stool_01,CC0 / CC-BY 4.0 — library/{tier}/LICENSE·SOURCES 참조 (ledger B5)
distractors,data/pallet/assets/distractors/library/medium/ph__metal_stool_01/metal_stool_01_1k.gltf,2790,e69a99778cacbbf0a2447971d8917a2463b411cdd2a50ff2c53c2230b4c43881,metal_stool_01_1k,CC0 / CC-BY 4.0 — library/{tier}/LICENSE·SOURCES 참조 (ledger B5)
distractors,data/pallet/assets/distractors/library/medium/ph__metal_stool_01/textures/metal_stool_01_arm_1k.jpg,790390,2adae2a8617a0693fbdb6286c87a3920e0bfb204f9a84e65c8a3a819e31df4fe,metal_stool_01_arm_1k,CC0 / CC-BY 4.0 — library/{tier}/LICENSE·SOURCES 참조 (ledger B5)
distractors,data/pallet/assets/distractors/library/medium/ph__metal_stool_01/textures/metal_stool_01_diff_1k.jpg,636230,79d83b4dc2d3455139dbf6a8bf96fb2abd63fdc72c4aa4f29696e2aa4582f13c,metal_stool_01_diff_1k,CC0 / CC-BY 4.0 — library/{tier}/LICENSE·SOURCES 참조 (ledger B5)
distractors,data/pallet/assets/distractors/library/medium/ph__metal_stool_01/textures/metal_stool_01_nor_gl_1k.jpg,663778,0e7bb58644b309f6396f417ef35eeebb74db13fb3b8876c6eb79c882a0f407e8,metal_stool_01_nor_gl_1k,CC0 / CC-BY 4.0 — library/{tier}/LICENSE·SOURCES 참조 (ledger B5)
distractors,data/pallet/assets/distractors/library/medium/ph__metal_tool_chest/metal_tool_chest.bin,434496,c2bde4e96af4aad171e57e00ff78f0aa9e3b603286a2c74cd6d7c2a20c487342,metal_tool_chest,CC0 / CC-BY 4.0 — library/{tier}/LICENSE·SOURCES 참조 (ledger B5)
distractors,data/pallet/assets/distractors/library/medium/ph__metal_tool_chest/metal_tool_chest_1k.gltf,12256,2f66fbb723cd52382f73daec184b68d9b36842a488ecaf120e5c3a6354e9dea4,metal_tool_chest_1k,CC0 / CC-BY 4.0 — library/{tier}/LICENSE·SOURCES 참조 (ledger B5)
distractors,data/pallet/assets/distractors/library/medium/ph__metal_tool_chest/textures/metal_tool_chest_arm_1k.jpg,755794,d5552ee63ac9bc53527ee1bf19bcbd31d8424bcc15fe9861f79bba917e857828,metal_tool_chest_arm_1k,CC0 / CC-BY 4.0 — library/{tier}/LICENSE·SOURCES 참조 (ledger B5)
distractors,data/pallet/assets/distractors/library/medium/ph__metal_tool_chest/textures/metal_tool_chest_diff_1k.jpg,552016,da37ba2a8d064637c7206cb091597275986e788ce379bee58a96c949cce06511,metal_tool_chest_diff_1k,CC0 / CC-BY 4.0 — library/{tier}/LICENSE·SOURCES 참조 (ledger B5)
distractors,data/pallet/assets/distractors/library/medium/ph__metal_tool_chest/textures/metal_tool_chest_nor_gl_1k.jpg,604781,bc5a4009a544a9504849b951afd984d6ac7c5adb0d43c5a08c0a834f8e811a01,metal_tool_chest_nor_gl_1k,CC0 / CC-BY 4.0 — library/{tier}/LICENSE·SOURCES 참조 (ledger B5)
distractors,data/pallet/assets/distractors/library/medium/ph__metal_toolbox/metal_toolbox.bin,468892,fe5551028e5b398c78c86911abf549010f83831c30b01593ca3eb3d8ba7ceae7,metal_toolbox,CC0 / CC-BY 4.0 — library/{tier}/LICENSE·SOURCES 참조 (ledger B5)
distractors,data/pallet/assets/distractors/library/medium/ph__metal_toolbox/metal_toolbox_1k.gltf,10717,9b8d240f1e41e83119771a063e4f4b4bb9ddfefd47f9f5baeda998107aa135c5,metal_toolbox_1k,CC0 / CC-BY 4.0 — library/{tier}/LICENSE·SOURCES 참조 (ledger B5)
distractors,data/pallet/assets/distractors/library/medium/ph__metal_toolbox/textures/metal_toolbox_arm_1k.jpg,1033149,97676b2324b105b710904b20bfdeb32bfce3c6b4ccaaf215827b37961fc22763,metal_toolbox_arm_1k,CC0 / CC-BY 4.0 — library/{tier}/LICENSE·SOURCES 참조 (ledger B5)
distractors,data/pallet/assets/distractors/library/medium/ph__metal_toolbox/textures/metal_toolbox_diff_1k.jpg,661804,21e1d21880e49db3fde0457d53b78a70db61234a201da9f0181dd0880b110473,metal_toolbox_diff_1k,CC0 / CC-BY 4.0 — library/{tier}/LICENSE·SOURCES 참조 (ledger B5)
distractors,data/pallet/assets/distractors/library/medium/ph__metal_toolbox/textures/metal_toolbox_nor_gl_1k.jpg,572273,7ba19a233bcfff9c3d95b62c3a992c8e19cb2d6355c98d6e12bdc756a8af44cf,metal_toolbox_nor_gl_1k,CC0 / CC-BY 4.0 — library/{tier}/LICENSE·SOURCES 참조 (ledger B5)
distractors,data/pallet/assets/distractors/library/medium/ph__metal_trash_can/metal_trash_can.bin,378288,a9b9f526b655bef865933335f2cfc8c8f0bd1a35fda05b290a93e3061f2b6c8a,metal_trash_can,CC0 / CC-BY 4.0 — library/{tier}/LICENSE·SOURCES 참조 (ledger B5)
distractors,data/pallet/assets/distractors/library/medium/ph__metal_trash_can/metal_trash_can_1k.gltf,15481,ccdc55ecfe43db2174c9257891e92551882a874564bb9a7908cafc5268b46c0c,metal_trash_can_1k,CC0 / CC-BY 4.0 — library/{tier}/LICENSE·SOURCES 참조 (ledger B5)
distractors,data/pallet/assets/distractors/library/medium/ph__metal_trash_can/textures/metal_trash_can_arm_1k.jpg,731776,b23dcdb2ed40c1c6cfbd2d2779c6f075025b7269bfbbed2a70c6bdb7167e47fb,metal_trash_can_arm_1k,CC0 / CC-BY 4.0 — library/{tier}/LICENSE·SOURCES 참조 (ledger B5)
distractors,data/pallet/assets/distractors/library/medium/ph__metal_trash_can/textures/metal_trash_can_diff_1k.jpg,551939,920c895a31b1cd2c000123c0592c70c33d46562752987da98070e7e0eebb662f,metal_trash_can_diff_1k,CC0 / CC-BY 4.0 — library/{tier}/LICENSE·SOURCES 참조 (ledger B5)
distractors,data/pallet/assets/distractors/library/medium/ph__metal_trash_can/textures/metal_trash_can_nor_gl_1k.jpg,842945,b977f17aa9d4718ffc91a62868b7171b4479578b8cffd1d32001d92552af81a4,metal_trash_can_nor_gl_1k,CC0 / CC-BY 4.0 — library/{tier}/LICENSE·SOURCES 참조 (ledger B5)
distractors,data/pallet/assets/distractors/library/medium/ph__metal_trash_can/textures/metal_trash_can_rust_arm_1k.jpg,620549,31a6269e98a3a8b2a2d6db8f58724e0151d5312b5137e6d59b5a2ba873989159,metal_trash_can_rust_arm_1k,CC0 / CC-BY 4.0 — library/{tier}/LICENSE·SOURCES 참조 (ledger B5)
distractors,data/pallet/assets/distractors/library/medium/ph__metal_trash_can/textures/metal_trash_can_rust_diff_1k.jpg,768161,51c44248305b111d978f7e0cbfe4a71ab7f49549968ce37c54b635d74c2cfba1,metal_trash_can_rust_diff_1k,CC0 / CC-BY 4.0 — library/{tier}/LICENSE·SOURCES 참조 (ledger B5)
distractors,data/pallet/assets/distractors/library/medium/ph__metal_trash_can/textures/metal_trash_can_rust_nor_gl_1k.jpg,1085844,a5497588e00e5e56db72e701457fc8a46d3a1fa7d9dd7bf9d79e02cada09e84b,metal_trash_can_rust_nor_gl_1k,CC0 / CC-BY 4.0 — library/{tier}/LICENSE·SOURCES 참조 (ledger B5)
distractors,data/pallet/assets/distractors/library/medium/ph__old_military_crate/old_military_crate.bin,329004,80eb5ad690aaa6f4f401df0f8e323666bf8f3f9943c7cb703eb37002f5084ce1,old_military_crate,CC0 / CC-BY 4.0 — library/{tier}/LICENSE·SOURCES 참조 (ledger B5)
distractors,data/pallet/assets/distractors/library/medium/ph__old_military_crate/old_military_crate_1k.gltf,10126,ef4b69dca61542c4d724c4807233161129150220695742b5137ed65d8d2e1f24,old_military_crate_1k,CC0 / CC-BY 4.0 — library/{tier}/LICENSE·SOURCES 참조 (ledger B5)
distractors,data/pallet/assets/distractors/library/medium/ph__old_military_crate/textures/old_military_crate_arm_1k.jpg,704105,7b3a94f18f15783d9940fe4bd25316e8daffd0bdcbdfbe3e234b3cbb636bf5da,old_military_crate_arm_1k,CC0 / CC-BY 4.0 — library/{tier}/LICENSE·SOURCES 참조 (ledger B5)
distractors,data/pallet/assets/distractors/library/medium/ph__old_military_crate/textures/old_military_crate_diff_1k.jpg,709506,9e74a72787364fee09a450e442db97a687d237051e98f8ed709af516434e895d,old_military_crate_diff_1k,CC0 / CC-BY 4.0 — library/{tier}/LICENSE·SOURCES 참조 (ledger B5)
distractors,data/pallet/assets/distractors/library/medium/ph__old_military_crate/textures/old_military_crate_nor_gl_1k.jpg,742682,88935171626be79c4a44d0c52a33bc8d88b7b232ae48157d639a9ada0ab6e92b,old_military_crate_nor_gl_1k,CC0 / CC-BY 4.0 — library/{tier}/LICENSE·SOURCES 참조 (ledger B5)
distractors,data/pallet/assets/distractors/library/medium/ph__old_tyre/old_tyre.bin,84160,659e7982c2de92ca1d13194c97bf112b6dec22d91daecc88e3912d37ce1b7252,old_tyre,CC0 / CC-BY 4.0 — library/{tier}/LICENSE·SOURCES 참조 (ledger B5)
distractors,data/pallet/assets/distractors/library/medium/ph__old_tyre/old_tyre_1k.gltf,2734,ba7b417eb3dc747c356ac3cd1f125754755684eb664737a9f1fc9e490c0b766e,old_tyre_1k,CC0 / CC-BY 4.0 — library/{tier}/LICENSE·SOURCES 참조 (ledger B5)
distractors,data/pallet/assets/distractors/library/medium/ph__old_tyre/textures/old_tyre_arm_1k.jpg,776823,3bcf192f5b99a7a574f9e21e75927043e6726c601a5da15e3210a31db05e12d4,old_tyre_arm_1k,CC0 / CC-BY 4.0 — library/{tier}/LICENSE·SOURCES 참조 (ledger B5)
distractors,data/pallet/assets/distractors/library/medium/ph__old_tyre/textures/old_tyre_diff_1k.jpg,650708,0e34ce658c0844c0c94022233226d495930d514c917a5fa15ffee4760567439e,old_tyre_diff_1k,CC0 / CC-BY 4.0 — library/{tier}/LICENSE·SOURCES 참조 (ledger B5)
distractors,data/pallet/assets/distractors/library/medium/ph__old_tyre/textures/old_tyre_nor_gl_1k.jpg,722778,34b716e140408985ddbab7d4bf1d8d430edf834cd2fd4639d82b14cb393fa73e,old_tyre_nor_gl_1k,CC0 / CC-BY 4.0 — library/{tier}/LICENSE·SOURCES 참조 (ledger B5)
distractors,data/pallet/assets/distractors/library/medium/ph__planter_box_01/planter_box_01.bin,250580,cc97bc9ee05a90c78e27ca575a83eba86955e863dea8a12826f6ff02c2c11db3,planter_box_01,CC0 / CC-BY 4.0 — library/{tier}/LICENSE·SOURCES 참조 (ledger B5)
distractors,data/pallet/assets/distractors/library/medium/ph__planter_box_01/planter_box_01_1k.gltf,2787,15c7ff7396d872e5cad6743c796ff0f42e1f3f831fd334a26aa1fdbd11834a1f,planter_box_01_1k,CC0 / CC-BY 4.0 — library/{tier}/LICENSE·SOURCES 참조 (ledger B5)
distractors,data/pallet/assets/distractors/library/medium/ph__planter_box_01/textures/planter_box_01_arm_1k.jpg,745610,b80b08f88166360af32a076082daaed820f0d364a5bef0acea651485017ccbd6,planter_box_01_arm_1k,CC0 / CC-BY 4.0 — library/{tier}/LICENSE·SOURCES 참조 (ledger B5)
distractors,data/pallet/assets/distractors/library/medium/ph__planter_box_01/textures/planter_box_01_diff_1k.jpg,633117,5ad77068bf07ca371e18322c04641754a7758f4479e2835b93f671b4a5143bee,planter_box_01_diff_1k,CC0 / CC-BY 4.0 — library/{tier}/LICENSE·SOURCES 참조 (ledger B5)
distractors,data/pallet/assets/distractors/library/medium/ph__planter_box_01/textures/planter_box_01_nor_gl_1k.jpg,707323,7d2ad01fdfc8ea9e39af0ddc1db710380afad859dc3848302ff72d21a6e21a27,planter_box_01_nor_gl_1k,CC0 / CC-BY 4.0 — library/{tier}/LICENSE·SOURCES 참조 (ledger B5)
distractors,data/pallet/assets/distractors/library/medium/ph__plastic_monobloc_chair_01/plastic_monobloc_chair_01.bin,124808,db5c778488d01d7e7d3409e2cda53ee8f6dd523a327c080000d549dd0f83b375,plastic_monobloc_chair_01,CC0 / CC-BY 4.0 — library/{tier}/LICENSE·SOURCES 참조 (ledger B5)
distractors,data/pallet/assets/distractors/library/medium/ph__plastic_monobloc_chair_01/plastic_monobloc_chair_01_1k.gltf,2892,899bf148139ab8d1718c25ec06112a652631f9476b5aaeeacb9eb1da9b7f1d3a,plastic_monobloc_chair_01_1k,CC0 / CC-BY 4.0 — library/{tier}/LICENSE·SOURCES 참조 (ledger B5)
distractors,data/pallet/assets/distractors/library/medium/ph__plastic_monobloc_chair_01/textures/plastic_monobloc_chair_01_arm_1k.jpg,634320,78a67659a19a9df9efc0ef71789de0c949a727db62ade4c4c8887cd2c803c1a2,plastic_monobloc_chair_01_arm_1k,CC0 / CC-BY 4.0 — library/{tier}/LICENSE·SOURCES 참조 (ledger B5)
distractors,data/pallet/assets/distractors/library/medium/ph__plastic_monobloc_chair_01/textures/plastic_monobloc_chair_01_diff_1k.jpg,560823,fdd1255a02bf684cfcff2eae75c0e3eea0db1fb5ecbfbd8c4f9beab8fd83ff6c,plastic_monobloc_chair_01_diff_1k,CC0 / CC-BY 4.0 — library/{tier}/LICENSE·SOURCES 참조 (ledger B5)
distractors,data/pallet/assets/distractors/library/medium/ph__plastic_monobloc_chair_01/textures/plastic_monobloc_chair_01_nor_gl_1k.jpg,630024,9ffa876b37d72ae1c0aed84d4dc1f62c956c844b3efec1f786f9080c10f63c9e,plastic_monobloc_chair_01_nor_gl_1k,CC0 / CC-BY 4.0 — library/{tier}/LICENSE·SOURCES 참조 (ledger B5)
distractors,data/pallet/assets/distractors/library/medium/ph__potted_plant_01/potted_plant_01.bin,5345188,a8dd1f7ce75f50dc25bbedc20809da02ee4193815c155b883a329925fa5548f7,potted_plant_01,CC0 / CC-BY 4.0 — library/{tier}/LICENSE·SOURCES 참조 (ledger B5)
distractors,data/pallet/assets/distractors/library/medium/ph__potted_plant_01/potted_plant_01_1k.gltf,7969,23b30294407684b02f14800d6685bd8938da5d2111e17753ac8dd3c37d8c88a0,potted_plant_01_1k,CC0 / CC-BY 4.0 — library/{tier}/LICENSE·SOURCES 참조 (ledger B5)
distractors,data/pallet/assets/distractors/library/medium/ph__potted_plant_01/textures/potted_plant_01_leaves_diff_1k.jpg,124730,b73891a0a606e139d0fcdd9e6fe503cd1210be3fc9c55fbd033941288231ccaa,potted_plant_01_leaves_diff_1k,CC0 / CC-BY 4.0 — library/{tier}/LICENSE·SOURCES 참조 (ledger B5)
distractors,data/pallet/assets/distractors/library/medium/ph__potted_plant_01/textures/potted_plant_01_leaves_nor_gl_1k.jpg,177105,2faa756e0ee2b8341c752b283b93599157bf56f4083a9f61b825cdfa0c7138ff,potted_plant_01_leaves_nor_gl_1k,CC0 / CC-BY 4.0 — library/{tier}/LICENSE·SOURCES 참조 (ledger B5)
distractors,data/pallet/assets/distractors/library/medium/ph__potted_plant_01/textures/potted_plant_01_leaves_rough_1k.jpg,91706,765e3bd1bfdad39dd0d1cd755eafd1f9f1d46cbbb6013988cbfd1197de27a1f9,potted_plant_01_leaves_rough_1k,CC0 / CC-BY 4.0 — library/{tier}/LICENSE·SOURCES 참조 (ledger B5)
distractors,data/pallet/assets/distractors/library/medium/ph__potted_plant_01/textures/potted_plant_01_pot_diff_1k.jpg,204900,51c9d80e8abe585bd3dbcebe7cba1d3ed1a22b137c7cb66baf0e462c08dca312,potted_plant_01_pot_diff_1k,CC0 / CC-BY 4.0 — library/{tier}/LICENSE·SOURCES 참조 (ledger B5)
distractors,data/pallet/assets/distractors/library/medium/ph__potted_plant_01/textures/potted_plant_01_pot_nor_gl_1k.jpg,200349,ec02e51751e0822d229d48bea1373b06e2675c3725ff04fd1f87ac516719e620,potted_plant_01_pot_nor_gl_1k,CC0 / CC-BY 4.0 — library/{tier}/LICENSE·SOURCES 참조 (ledger B5)
distractors,data/pallet/assets/distractors/library/medium/ph__potted_plant_01/textures/potted_plant_01_pot_rough_1k.jpg,173192,1256199fe3a88a0534bcd4c8bf141cfa9a28b68fce3f286193d0713796fd8561,potted_plant_01_pot_rough_1k,CC0 / CC-BY 4.0 — library/{tier}/LICENSE·SOURCES 참조 (ledger B5)
distractors,data/pallet/assets/distractors/library/medium/ph__propane_tank/propane_tank.bin,174180,1e139c9a5a04de7b44a665cb504670c2e899d1f8f62ad84a238165874d4eea6c,propane_tank,CC0 / CC-BY 4.0 — library/{tier}/LICENSE·SOURCES 참조 (ledger B5)
distractors,data/pallet/assets/distractors/library/medium/ph__propane_tank/propane_tank_1k.gltf,2733,b62862832ab6bfb3262563749b9196cf6dd2b011ca86a7ccb1b35f007e5685b5,propane_tank_1k,CC0 / CC-BY 4.0 — library/{tier}/LICENSE·SOURCES 참조 (ledger B5)
distractors,data/pallet/assets/distractors/library/medium/ph__propane_tank/textures/propane_tank_arm_1k.jpg,675391,c56b34618f8d3a2681f559e66bbd4616010ba092b8266ee4249940e1dfecf820,propane_tank_arm_1k,CC0 / CC-BY 4.0 — library/{tier}/LICENSE·SOURCES 참조 (ledger B5)
distractors,data/pallet/assets/distractors/library/medium/ph__propane_tank/textures/propane_tank_diff_1k.jpg,702492,09ae9f12f41ed0c8c7fb8e22f16871727b9b6ed7e06cde98ec9b8052395f46a4,propane_tank_diff_1k,CC0 / CC-BY 4.0 — library/{tier}/LICENSE·SOURCES 참조 (ledger B5)
distractors,data/pallet/assets/distractors/library/medium/ph__propane_tank/textures/propane_tank_nor_gl_1k.jpg,659305,e17827f800150fb069dbe36ff4464eaf9f8c4d2d4608f1cc87a48dea0fe3d8f0,propane_tank_nor_gl_1k,CC0 / CC-BY 4.0 — library/{tier}/LICENSE·SOURCES 참조 (ledger B5)
distractors,data/pallet/assets/distractors/library/medium/ph__tool_cart/textures/tool_cart_arm_1k.jpg,744873,2b928779ab242468c90e6074ab72567bc58ecf3e0240fd709e4507b59764aef7,tool_cart_arm_1k,CC0 / CC-BY 4.0 — library/{tier}/LICENSE·SOURCES 참조 (ledger B5)
distractors,data/pallet/assets/distractors/library/medium/ph__tool_cart/textures/tool_cart_diff_1k.jpg,711555,3a3e18efa54d18f2d01ad51cb40f8edd9af76e054a6a9c21324bc14fe49be965,tool_cart_diff_1k,CC0 / CC-BY 4.0 — library/{tier}/LICENSE·SOURCES 참조 (ledger B5)
distractors,data/pallet/assets/distractors/library/medium/ph__tool_cart/textures/tool_cart_nor_gl_1k.jpg,817628,fa995e77eacad81c78f650e28a6d4c1c7b9d6c74a3f314d5f5ebdddf6de510fc,tool_cart_nor_gl_1k,CC0 / CC-BY 4.0 — library/{tier}/LICENSE·SOURCES 참조 (ledger B5)
distractors,data/pallet/assets/distractors/library/medium/ph__tool_cart/tool_cart.bin,895660,3962637a4faec733b10d9970bfeea6696a48b6fd361fda085cc3d122138f6aaa,tool_cart,CC0 / CC-BY 4.0 — library/{tier}/LICENSE·SOURCES 참조 (ledger B5)
distractors,data/pallet/assets/distractors/library/medium/ph__tool_cart/tool_cart_1k.gltf,2744,ba4290f62b37dc08d4f99da2b3c78d8cb584bd229e8805ce586ed3f3b5303759,tool_cart_1k,CC0 / CC-BY 4.0 — library/{tier}/LICENSE·SOURCES 참조 (ledger B5)
distractors,data/pallet/assets/distractors/library/medium/sf__hand_truck_01/hand_truck_01.glb,665404,ffd35c6d8d8adf53d323ad0f2a9e3b1a779f6fa3896ce6c52da49ac1af2b55e7,hand_truck_01,CC0 / CC-BY 4.0 — library/{tier}/LICENSE·SOURCES 참조 (ledger B5)
distractors,data/pallet/assets/distractors/library/medium/sf__hand_truck_scan_02/hand_truck_scan_02.glb,3654760,3f911116cd0b0ef5608718493413e2667217f71101875abeb3e265277a9a396e,hand_truck_scan_02,CC0 / CC-BY 4.0 — library/{tier}/LICENSE·SOURCES 참조 (ledger B5)
distractors,data/pallet/assets/distractors/library/road/LICENSE.txt,610,80d302ef79e07ee9596ea67e3a12f56bcd182ccc00b9f80d8208e58ace31c07f,LICENSE,CC0 / CC-BY 4.0 — library/{tier}/LICENSE·SOURCES 참조 (ledger B5)
distractors,data/pallet/assets/distractors/library/road/SOURCES.txt,2561,21eafd5fe877c88e34ad08748cfb4ecade8903ff0771e276d872796ea71f387b,SOURCES,CC0 / CC-BY 4.0 — library/{tier}/LICENSE·SOURCES 참조 (ledger B5)
distractors,data/pallet/assets/distractors/library/road/ph__WetFloorSign_01/WetFloorSign_01.bin,9496,d23cdec8975ac452d64ae97b08f1eecd22e38f052bd5d588d352dbc0f0373af0,WetFloorSign_01,CC0 / CC-BY 4.0 — library/{tier}/LICENSE·SOURCES 참조 (ledger B5)
distractors,data/pallet/assets/distractors/library/road/ph__WetFloorSign_01/WetFloorSign_01_1k.gltf,2688,ba5b10d2de7bb60b77dc3e44a96446181a078e35597947a490a4b6de906059e4,WetFloorSign_01_1k,CC0 / CC-BY 4.0 — library/{tier}/LICENSE·SOURCES 참조 (ledger B5)
distractors,data/pallet/assets/distractors/library/road/ph__WetFloorSign_01/textures/WetFloorSign_01_arm_1k.jpg,126370,6cd1d7c6648c36d2d66a7ddfc620ea78374ac770a5726f879b6914366e133e1a,WetFloorSign_01_arm_1k,CC0 / CC-BY 4.0 — library/{tier}/LICENSE·SOURCES 참조 (ledger B5)
distractors,data/pallet/assets/distractors/library/road/ph__WetFloorSign_01/textures/WetFloorSign_01_diff_1k.jpg,39755,01e18486a858defc0f44a73ec5037c4bee770bae88e7fed5beb6877df120fa90,WetFloorSign_01_diff_1k,CC0 / CC-BY 4.0 — library/{tier}/LICENSE·SOURCES 참조 (ledger B5)
distractors,data/pallet/assets/distractors/library/road/ph__WetFloorSign_01/textures/WetFloorSign_01_nor_gl_1k.jpg,88138,62269358f3b30569783c1872613d1d70d5eda36babe5b5f04fcfd5e92de1af62,WetFloorSign_01_nor_gl_1k,CC0 / CC-BY 4.0 — library/{tier}/LICENSE·SOURCES 참조 (ledger B5)
distractors,data/pallet/assets/distractors/library/road/ph__concrete_road_barrier/concrete_road_barrier.bin,1374016,64a4f9bc6e4af64d714a252c3c13428c430a60569deba3d52ca6b7dd3aa70d8c,concrete_road_barrier,CC0 / CC-BY 4.0 — library/{tier}/LICENSE·SOURCES 참조 (ledger B5)
distractors,data/pallet/assets/distractors/library/road/ph__concrete_road_barrier/concrete_road_barrier_1k.gltf,2868,c371e87d303fff3f0c9fbe88520f7837514364e5c66aac3244e115ffa673d061,concrete_road_barrier_1k,CC0 / CC-BY 4.0 — library/{tier}/LICENSE·SOURCES 참조 (ledger B5)
distractors,data/pallet/assets/distractors/library/road/ph__concrete_road_barrier/textures/concrete_road_barrier_arm_1k.jpg,619502,b940847648012f2db8c24b16e07ad1e39b3bd33ea493203364deca209606e4b4,concrete_road_barrier_arm_1k,CC0 / CC-BY 4.0 — library/{tier}/LICENSE·SOURCES 참조 (ledger B5)
distractors,data/pallet/assets/distractors/library/road/ph__concrete_road_barrier/textures/concrete_road_barrier_diff_1k.jpg,792641,88b2d79829ffec7b11ac4d9c8554328f30b665d2c17f634197fde4f1ca8696fe,concrete_road_barrier_diff_1k,CC0 / CC-BY 4.0 — library/{tier}/LICENSE·SOURCES 참조 (ledger B5)
distractors,data/pallet/assets/distractors/library/road/ph__concrete_road_barrier/textures/concrete_road_barrier_nor_gl_1k.jpg,961760,c1072f51ff5c3d7158f0fbb0aa26e82b816b745b9f03639c4816832af2b37c52,concrete_road_barrier_nor_gl_1k,CC0 / CC-BY 4.0 — library/{tier}/LICENSE·SOURCES 참조 (ledger B5)
distractors,data/pallet/assets/distractors/library/road/ph__concrete_road_barrier_02/concrete_road_barrier_02.bin,542900,254ee05467733e224e127dc76e019e5b5211c0da4248fa3fc75117ec005d7c90,concrete_road_barrier_02,CC0 / CC-BY 4.0 — library/{tier}/LICENSE·SOURCES 참조 (ledger B5)
distractors,data/pallet/assets/distractors/library/road/ph__concrete_road_barrier_02/concrete_road_barrier_02_1k.gltf,2910,52d13b5105ce861db5dd1413a1a924ad5594dee5a8eb37dbe1a9df441fcd7caf,concrete_road_barrier_02_1k,CC0 / CC-BY 4.0 — library/{tier}/LICENSE·SOURCES 참조 (ledger B5)
distractors,data/pallet/assets/distractors/library/road/ph__concrete_road_barrier_02/textures/concrete_road_barrier_02_arm_1k.jpg,717138,6fb282f242ce86a3e44663678c2e0366c37de8244b08acc003d99771cb780e53,concrete_road_barrier_02_arm_1k,CC0 / CC-BY 4.0 — library/{tier}/LICENSE·SOURCES 참조 (ledger B5)
distractors,data/pallet/assets/distractors/library/road/ph__concrete_road_barrier_02/textures/concrete_road_barrier_02_diff_1k.jpg,741673,9329260ebfc8632a5d47d9b344ab6f916e26604e73ebd2c495fee544df4bdefa,concrete_road_barrier_02_diff_1k,CC0 / CC-BY 4.0 — library/{tier}/LICENSE·SOURCES 참조 (ledger B5)
distractors,data/pallet/assets/distractors/library/road/ph__concrete_road_barrier_02/textures/concrete_road_barrier_02_nor_gl_1k.jpg,923479,42ec702843df209f0aef1d247c76dfb91385f0bf3b226b752d22a4c0e3780a31,concrete_road_barrier_02_nor_gl_1k,CC0 / CC-BY 4.0 — library/{tier}/LICENSE·SOURCES 참조 (ledger B5)
distractors,data/pallet/assets/distractors/library/road/ph__fire_hydrant/fire_hydrant.bin,1928772,a3c7ed023bc4aff190902764326e7f83ae1a108f6bac2a1b637c38a8e03eb516,fire_hydrant,CC0 / CC-BY 4.0 — library/{tier}/LICENSE·SOURCES 참조 (ledger B5)
distractors,data/pallet/assets/distractors/library/road/ph__fire_hydrant/fire_hydrant_1k.gltf,20926,aaca81b2904e6e5f1fb10a854c7b9a921232624387d1f8757b5c6bdaedcd9eb0,fire_hydrant_1k,CC0 / CC-BY 4.0 — library/{tier}/LICENSE·SOURCES 참조 (ledger B5)
distractors,data/pallet/assets/distractors/library/road/ph__fire_hydrant/textures/fire_hydrant_aged_arm_1k.jpg,665642,9c46b014735a4e8df5a80e4c030ddb321c9aeaa715ad4ea3eb60e6f0909c9d0a,fire_hydrant_aged_arm_1k,CC0 / CC-BY 4.0 — library/{tier}/LICENSE·SOURCES 참조 (ledger B5)
distractors,data/pallet/assets/distractors/library/road/ph__fire_hydrant/textures/fire_hydrant_aged_diff_1k.jpg,629331,3198cabcaf5107e59109bd07dfe8e4c87b3f0533173d10fafdaf86f8024a291e,fire_hydrant_aged_diff_1k,CC0 / CC-BY 4.0 — library/{tier}/LICENSE·SOURCES 참조 (ledger B5)
distractors,data/pallet/assets/distractors/library/road/ph__fire_hydrant/textures/fire_hydrant_aged_nor_gl_1k.jpg,543768,6fadc78fd5d696bf594ff021aaf93a0c6aced761830f9aa6971c51b17c869c35,fire_hydrant_aged_nor_gl_1k,CC0 / CC-BY 4.0 — library/{tier}/LICENSE·SOURCES 참조 (ledger B5)
distractors,data/pallet/assets/distractors/library/road/ph__fire_hydrant/textures/fire_hydrant_arm_1k.jpg,671743,d15bf8fc6389ae48a1060a38057c2093469e62f585c8033d300b80af81d40f9d,fire_hydrant_arm_1k,CC0 / CC-BY 4.0 — library/{tier}/LICENSE·SOURCES 참조 (ledger B5)
distractors,data/pallet/assets/distractors/library/road/ph__fire_hydrant/textures/fire_hydrant_diff_1k.jpg,570746,a3d0b8b6fcd8a39c8d5067f8ef95e3290053131887398f89baf57c1f8d24ab45,fire_hydrant_diff_1k,CC0 / CC-BY 4.0 — library/{tier}/LICENSE·SOURCES 참조 (ledger B5)
distractors,data/pallet/assets/distractors/library/road/ph__fire_hydrant/textures/fire_hydrant_nor_gl_1k.jpg,490552,f6786775276c7b48f0582fdd7c43984b63b15b7a8e0ea0e2f2af8cdab98c06d7,fire_hydrant_nor_gl_1k,CC0 / CC-BY 4.0 — library/{tier}/LICENSE·SOURCES 참조 (ledger B5)
distractors,data/pallet/assets/distractors/library/road/ph__modular_chainlink_fence/modular_chainlink_fence.bin,3168016,be9ea1817089fd35b0927a8271358f6abd2ec80b306a085de435613d936fcb9a,modular_chainlink_fence,CC0 / CC-BY 4.0 — library/{tier}/LICENSE·SOURCES 참조 (ledger B5)
distractors,data/pallet/assets/distractors/library/road/ph__modular_chainlink_fence/modular_chainlink_fence_1k.gltf,41838,4204f151f809b4abd41ea0b18b1b6a5d9c23e6bcc0b6a81e44d03690f26604e9,modular_chainlink_fence_1k,CC0 / CC-BY 4.0 — library/{tier}/LICENSE·SOURCES 참조 (ledger B5)
distractors,data/pallet/assets/distractors/library/road/ph__modular_chainlink_fence/textures/modular_chainlink_fence_posts_arm_1k.jpg,839858,1694ecc2746ddaa93951ea5d2f2b830f544adf929f7ac9fae855f8b8fdfbad50,modular_chainlink_fence_posts_arm_1k,CC0 / CC-BY 4.0 — library/{tier}/LICENSE·SOURCES 참조 (ledger B5)
distractors,data/pallet/assets/distractors/library/road/ph__modular_chainlink_fence/textures/modular_chainlink_fence_posts_diff_1k.jpg,707116,ec273fedef04fbcac26460b996beeeceeff3f91c1bea73ed2c6db1d0fdb30b73,modular_chainlink_fence_posts_diff_1k,CC0 / CC-BY 4.0 — library/{tier}/LICENSE·SOURCES 참조 (ledger B5)
distractors,data/pallet/assets/distractors/library/road/ph__modular_chainlink_fence/textures/modular_chainlink_fence_posts_nor_gl_1k.jpg,505743,b43b8214c90a55bb84222d2a27430b31080d68dc14879632b86dbd316cb5f060,modular_chainlink_fence_posts_nor_gl_1k,CC0 / CC-BY 4.0 — library/{tier}/LICENSE·SOURCES 참조 (ledger B5)
distractors,data/pallet/assets/distractors/library/road/ph__modular_chainlink_fence/textures/modular_chainlink_fence_wire_arm_1k.jpg,694743,88af8364890b0645cd730eca11b30e6cd1c7578ad3aa1f012bb84915b9be5a03,modular_chainlink_fence_wire_arm_1k,CC0 / CC-BY 4.0 — library/{tier}/LICENSE·SOURCES 참조 (ledger B5)
distractors,data/pallet/assets/distractors/library/road/ph__modular_chainlink_fence/textures/modular_chainlink_fence_wire_diff_1k.jpg,670536,79253847a00b67a616148d753df8f4e44ba4615f848b82310426618b5a8dd79b,modular_chainlink_fence_wire_diff_1k,CC0 / CC-BY 4.0 — library/{tier}/LICENSE·SOURCES 참조 (ledger B5)
distractors,data/pallet/assets/distractors/library/road/ph__modular_chainlink_fence/textures/modular_chainlink_fence_wire_nor_gl_1k.jpg,664165,5cbf280f80e948de2422f0bb2fe2223a3b6f8e6fc75f54b00cd8d3e070938230,modular_chainlink_fence_wire_nor_gl_1k,CC0 / CC-BY 4.0 — library/{tier}/LICENSE·SOURCES 참조 (ledger B5)
distractors,data/pallet/assets/distractors/library/road/ph__power_box_01/power_box_01.bin,782096,b46efdf668ec2d4e04ff51604b5f1486caf20df632f442aab62601718058db05,power_box_01,CC0 / CC-BY 4.0 — library/{tier}/LICENSE·SOURCES 참조 (ledger B5)
distractors,data/pallet/assets/distractors/library/road/ph__power_box_01/power_box_01_1k.gltf,4417,edb54e68fb1229e9f59906459d782c2ddc576f6bd1141cf09ad864f48d7cb93b,power_box_01_1k,CC0 / CC-BY 4.0 — library/{tier}/LICENSE·SOURCES 참조 (ledger B5)
distractors,data/pallet/assets/distractors/library/road/ph__power_box_01/textures/power_box_01_arm_1k.jpg,801803,4601e901e2f7c1584ab5ecf65e0e192a99a4be86da505527f1622658e1b1e527,power_box_01_arm_1k,CC0 / CC-BY 4.0 — library/{tier}/LICENSE·SOURCES 참조 (ledger B5)
distractors,data/pallet/assets/distractors/library/road/ph__power_box_01/textures/power_box_01_diff_1k.jpg,490782,845c425ebc0ded263a7d49909e2c26710dd6160da11c0ca44aebd723f4f6f168,power_box_01_diff_1k,CC0 / CC-BY 4.0 — library/{tier}/LICENSE·SOURCES 참조 (ledger B5)
distractors,data/pallet/assets/distractors/library/road/ph__power_box_01/textures/power_box_01_nor_gl_1k.jpg,646545,199b6fe93776aa0934f7bc36d8c82f1b4db9be9243e82e0cb3727bbcf25d85f1,power_box_01_nor_gl_1k,CC0 / CC-BY 4.0 — library/{tier}/LICENSE·SOURCES 참조 (ledger B5)
distractors,data/pallet/assets/distractors/library/road/ph__street_lamp_01/street_lamp_01.bin,748908,c283db9b6d95835d9e8fc1692829acadcb21a0623b2daaa7231cec1440488401,street_lamp_01,CC0 / CC-BY 4.0 — library/{tier}/LICENSE·SOURCES 참조 (ledger B5)
distractors,data/pallet/assets/distractors/library/road/ph__street_lamp_01/street_lamp_01_1k.gltf,6419,5d0358ede168b5e04547780b99d8e6d651cbe644e468e67cb505019047cbd5c8,street_lamp_01_1k,CC0 / CC-BY 4.0 — library/{tier}/LICENSE·SOURCES 참조 (ledger B5)
distractors,data/pallet/assets/distractors/library/road/ph__street_lamp_01/textures/street_lamp_01_arm_1k.jpg,664324,4b5487a6c7ee300c3cf5449629e01c35409e5c7ac1695edb9fe69d4821853c7c,street_lamp_01_arm_1k,CC0 / CC-BY 4.0 — library/{tier}/LICENSE·SOURCES 참조 (ledger B5)
distractors,data/pallet/assets/distractors/library/road/ph__street_lamp_01/textures/street_lamp_01_diff_1k.jpg,307889,3e9d3471b33eb1f8075ed741c2b1932103598626d057ca12ef38005ea5fcb165,street_lamp_01_diff_1k,CC0 / CC-BY 4.0 — library/{tier}/LICENSE·SOURCES 참조 (ledger B5)
distractors,data/pallet/assets/distractors/library/road/ph__street_lamp_01/textures/street_lamp_01_nor_gl_1k.jpg,438623,172af0fd7ed4999e9f520b9f56e1f357a6dba87adbd7b8aa87e0a0b95840c63d,street_lamp_01_nor_gl_1k,CC0 / CC-BY 4.0 — library/{tier}/LICENSE·SOURCES 참조 (ledger B5)
distractors,data/pallet/assets/distractors/library/road/ph__utility_box_01/textures/utility_box_01_arm_1k.jpg,716061,e65428774e94b6a8aeb7a23802e0af8f1568952ea79e21a7a3475b957e34956b,utility_box_01_arm_1k,CC0 / CC-BY 4.0 — library/{tier}/LICENSE·SOURCES 참조 (ledger B5)
distractors,data/pallet/assets/distractors/library/road/ph__utility_box_01/textures/utility_box_01_diff_1k.jpg,558681,6a703a4cdf20c3fc3d0400fa815e5a1834836c96c207bdb57ba9e4a5db3a5532,utility_box_01_diff_1k,CC0 / CC-BY 4.0 — library/{tier}/LICENSE·SOURCES 참조 (ledger B5)
distractors,data/pallet/assets/distractors/library/road/ph__utility_box_01/textures/utility_box_01_nor_gl_1k.jpg,557001,1c4e377906c13e864c9c7ffbd31a7d86075f28b948bf54872d6ad3ab38a08124,utility_box_01_nor_gl_1k,CC0 / CC-BY 4.0 — library/{tier}/LICENSE·SOURCES 참조 (ledger B5)
distractors,data/pallet/assets/distractors/library/road/ph__utility_box_01/utility_box_01.bin,142552,e4249eb754d7802154eed36bb12070dc24c90fc331f355d60ef7570d61fc0f5c,utility_box_01,CC0 / CC-BY 4.0 — library/{tier}/LICENSE·SOURCES 참조 (ledger B5)
distractors,data/pallet/assets/distractors/library/road/ph__utility_box_01/utility_box_01_1k.gltf,2766,5b9f8c45f2640c9dd831dc3450529e45b24c987208ddcf73010fe717ce8c454e,utility_box_01_1k,CC0 / CC-BY 4.0 — library/{tier}/LICENSE·SOURCES 참조 (ledger B5)
distractors,data/pallet/assets/distractors/library/road/sf__bollard_01/bollard_01.glb,2320116,d49ffa70e7284bd628085dbd2e463449efc6288eb712a7110cc916a2f9ad4f19,bollard_01,CC0 / CC-BY 4.0 — library/{tier}/LICENSE·SOURCES 참조 (ledger B5)
distractors,data/pallet/assets/distractors/library/road/sf__construction_barrier_01/construction_barrier_01.glb,11756,889d12415233ea56754b6d4e9e10472d3063e5eae270805cb6a6abde2c36d294,construction_barrier_01,CC0 / CC-BY 4.0 — library/{tier}/LICENSE·SOURCES 참조 (ledger B5)
distractors,data/pallet/assets/distractors/library/road/sf__construction_sign_01/construction_sign_01.glb,1420328,e400ebc7a0827d1b04f3cf38a043a141c674818058dc1861b1b3010648092b4d,construction_sign_01,CC0 / CC-BY 4.0 — library/{tier}/LICENSE·SOURCES 참조 (ledger B5)
distractors,data/pallet/assets/distractors/library/road/sf__no_parking_sign_01/no_parking_sign_01.glb,771664,0e35d1b6313fec3496f939e9cbc01f0e542b0ea476be03a14a1f627236cc97e0,no_parking_sign_01,CC0 / CC-BY 4.0 — library/{tier}/LICENSE·SOURCES 참조 (ledger B5)
distractors,data/pallet/assets/distractors/library/road/sf__traffic_barricade_01/traffic_barricade_01.glb,1995740,ac3dabb3641a8e956a8e98016b0ecd698c0fb202b788294421fb93916824c176,traffic_barricade_01,CC0 / CC-BY 4.0 — library/{tier}/LICENSE·SOURCES 참조 (ledger B5)
distractors,data/pallet/assets/distractors/library/small/LICENSE.txt,1038,8fd4f6d02adefcdca9fdc299d37399f5bbf502ecf25904841b60c30b7fe76219,LICENSE,CC0 / CC-BY 4.0 — library/{tier}/LICENSE·SOURCES 참조 (ledger B5)
distractors,data/pallet/assets/distractors/library/small/SOURCES.txt,19497,56aaabfc991d047dafb9282e0068b1d777bf021c3ff3742cd834af022853fa19,SOURCES,CC0 / CC-BY 4.0 — library/{tier}/LICENSE·SOURCES 참조 (ledger B5)
distractors,data/pallet/assets/distractors/library/small/gso__3M_Vinyl_Tape_Green_1_x_36_yd/materials/textures/texture.png,7589458,7eb30f94e5861b201356dd2c0493d03f897e38f3779d7b1a293d1d852baa08a2,texture,CC0 / CC-BY 4.0 — library/{tier}/LICENSE·SOURCES 참조 (ledger B5)
distractors,data/pallet/assets/distractors/library/small/gso__3M_Vinyl_Tape_Green_1_x_36_yd/meshes/model.mtl,444,3f95530679f169527864c1449868794e574c999561f3dba59ec96cc2b1aaafeb,model,CC0 / CC-BY 4.0 — library/{tier}/LICENSE·SOURCES 참조 (ledger B5)
distractors,data/pallet/assets/distractors/library/small/gso__3M_Vinyl_Tape_Green_1_x_36_yd/meshes/model.obj,994313,026179b0d3e0bf61a02569d0d849cb05f2e51a455c95d40277df3a30cfdee615,model,CC0 / CC-BY 4.0 — library/{tier}/LICENSE·SOURCES 참조 (ledger B5)
distractors,data/pallet/assets/distractors/library/small/gso__3M_Vinyl_Tape_Green_1_x_36_yd/metadata.pbtxt,545,3be58753199e6a9f75b5618f7b3b7d655300b8e3d97e24511dd7ef6d71f3f411,metadata,CC0 / CC-BY 4.0 — library/{tier}/LICENSE·SOURCES 참조 (ledger B5)
distractors,data/pallet/assets/distractors/library/small/gso__3M_Vinyl_Tape_Green_1_x_36_yd/model.config,567,09247bda4aee2b93c57218edce0050397933e3d2b72a373ac64ea8c440c552fb,model,CC0 / CC-BY 4.0 — library/{tier}/LICENSE·SOURCES 참조 (ledger B5)
distractors,data/pallet/assets/distractors/library/small/gso__3M_Vinyl_Tape_Green_1_x_36_yd/model.sdf,762,062e0ecc9bf6550ac96e50d8224894c4689f150a62345d4002232db857d1dc67,model,CC0 / CC-BY 4.0 — library/{tier}/LICENSE·SOURCES 참조 (ledger B5)
distractors,data/pallet/assets/distractors/library/small/gso__Animal_Crossing_New_Leaf_Nintendo_3DS_Game/materials/textures/texture.png,14007326,327181ccc9a073f93fcf8baefd3f297c46a40d18d0cfa335906dd59ecd19b626,texture,CC0 / CC-BY 4.0 — library/{tier}/LICENSE·SOURCES 참조 (ledger B5)
distractors,data/pallet/assets/distractors/library/small/gso__Animal_Crossing_New_Leaf_Nintendo_3DS_Game/meshes/model.mtl,444,3f95530679f169527864c1449868794e574c999561f3dba59ec96cc2b1aaafeb,model,CC0 / CC-BY 4.0 — library/{tier}/LICENSE·SOURCES 참조 (ledger B5)
distractors,data/pallet/assets/distractors/library/small/gso__Animal_Crossing_New_Leaf_Nintendo_3DS_Game/meshes/model.obj,198769,4674d62d143951a8529946a229012f0ea33918f228b6c0c5f472cd350dfc988e,model,CC0 / CC-BY 4.0 — library/{tier}/LICENSE·SOURCES 참조 (ledger B5)
distractors,data/pallet/assets/distractors/library/small/gso__Animal_Crossing_New_Leaf_Nintendo_3DS_Game/metadata.pbtxt,603,ea8698fc87f7aa5b222a6582089703fe7965db1efe4270fc38c8af05a46d98bd,metadata,CC0 / CC-BY 4.0 — library/{tier}/LICENSE·SOURCES 참조 (ledger B5)
distractors,data/pallet/assets/distractors/library/small/gso__Animal_Crossing_New_Leaf_Nintendo_3DS_Game/model.config,593,d2278c112a11d1b83eff8ee4ed63e2d263e717bc010b9c29e52e6d8c56dea925,model,CC0 / CC-BY 4.0 — library/{tier}/LICENSE·SOURCES 참조 (ledger B5)
distractors,data/pallet/assets/distractors/library/small/gso__Animal_Crossing_New_Leaf_Nintendo_3DS_Game/model.sdf,775,2982d1ed5a5af45220846875a437447dcbefc7980e895bce0bdb699d31b25014,model,CC0 / CC-BY 4.0 — library/{tier}/LICENSE·SOURCES 참조 (ledger B5)
distractors,data/pallet/assets/distractors/library/small/gso__Asus_Z97AR_LGA_1150_Intel_ATX_Motherboard/materials/textures/texture.png,15304558,b21a5a148bfcb6fc58934e1c9a9bbd30b5fbf7ed5f26abc7dc5b0f55d77e2541,texture,CC0 / CC-BY 4.0 — library/{tier}/LICENSE·SOURCES 참조 (ledger B5)
distractors,data/pallet/assets/distractors/library/small/gso__Asus_Z97AR_LGA_1150_Intel_ATX_Motherboard/meshes/model.mtl,444,3f95530679f169527864c1449868794e574c999561f3dba59ec96cc2b1aaafeb,model,CC0 / CC-BY 4.0 — library/{tier}/LICENSE·SOURCES 참조 (ledger B5)
distractors,data/pallet/assets/distractors/library/small/gso__Asus_Z97AR_LGA_1150_Intel_ATX_Motherboard/meshes/model.obj,508408,2e316f474acf7f8171f8efce42d6be131a3ffda0b4f2d1f4dabb8aed5672bfe3,model,CC0 / CC-BY 4.0 — library/{tier}/LICENSE·SOURCES 참조 (ledger B5)
distractors,data/pallet/assets/distractors/library/small/gso__Asus_Z97AR_LGA_1150_Intel_ATX_Motherboard/metadata.pbtxt,566,cc12c622adcb745e92224bb926b632d8d5019878aa1445fea09a1ddd95e925bb,metadata,CC0 / CC-BY 4.0 — library/{tier}/LICENSE·SOURCES 참조 (ledger B5)
distractors,data/pallet/assets/distractors/library/small/gso__Asus_Z97AR_LGA_1150_Intel_ATX_Motherboard/model.config,589,5b2d83c3dfc43c3824dbc8f1bdf8c62ca704eb647fc14cf3103d70064fe5c5f2,model,CC0 / CC-BY 4.0 — library/{tier}/LICENSE·SOURCES 참조 (ledger B5)
distractors,data/pallet/assets/distractors/library/small/gso__Asus_Z97AR_LGA_1150_Intel_ATX_Motherboard/model.sdf,774,4358fd95b95226d23498ab71ec1995937f1186250bdc961c89db4033df1375b9,model,CC0 / CC-BY 4.0 — library/{tier}/LICENSE·SOURCES 참조 (ledger B5)
distractors,data/pallet/assets/distractors/library/small/gso__Balderdash_Game/materials/textures/texture.png,15387296,369d8681fa772380deb5214215580926408406264c407355b5dd4a4263c58df2,texture,CC0 / CC-BY 4.0 — library/{tier}/LICENSE·SOURCES 참조 (ledger B5)
distractors,data/pallet/assets/distractors/library/small/gso__Balderdash_Game/meshes/model.mtl,444,3f95530679f169527864c1449868794e574c999561f3dba59ec96cc2b1aaafeb,model,CC0 / CC-BY 4.0 — library/{tier}/LICENSE·SOURCES 참조 (ledger B5)
distractors,data/pallet/assets/distractors/library/small/gso__Balderdash_Game/meshes/model.obj,116638,a2bd11238698ffdcc3937da9ce018d4ff551893000d14c6403d877cdc8dbe749,model,CC0 / CC-BY 4.0 — library/{tier}/LICENSE·SOURCES 참조 (ledger B5)
distractors,data/pallet/assets/distractors/library/small/gso__Balderdash_Game/metadata.pbtxt,544,4e4eba61ab23d31b809ad5ee506d593c4309cf39bcbeba5bd4bfa93271f60f4a,metadata,CC0 / CC-BY 4.0 — library/{tier}/LICENSE·SOURCES 참조 (ledger B5)
distractors,data/pallet/assets/distractors/library/small/gso__Balderdash_Game/model.config,536,c96b3a69df9343ee32cc83b168bb87e9056309a9746bf01271a44b61db767f78,model,CC0 / CC-BY 4.0 — library/{tier}/LICENSE·SOURCES 참조 (ledger B5)
distractors,data/pallet/assets/distractors/library/small/gso__Balderdash_Game/model.sdf,748,7e062aa5a8f849a232d70d553428134e678480b36101ee3de0250193eed088a9,model,CC0 / CC-BY 4.0 — library/{tier}/LICENSE·SOURCES 참조 (ledger B5)
distractors,data/pallet/assets/distractors/library/small/gso__Blue_Jasmine_Includes_Digital_Copy_UltraViolet_DVD/materials/textures/texture.png,13417346,b663147aabc64292cbd3b93b06b42366eb745474c630c3175030b854df5dde0b,texture,CC0 / CC-BY 4.0 — library/{tier}/LICENSE·SOURCES 참조 (ledger B5)
distractors,data/pallet/assets/distractors/library/small/gso__Blue_Jasmine_Includes_Digital_Copy_UltraViolet_DVD/meshes/model.mtl,444,3f95530679f169527864c1449868794e574c999561f3dba59ec96cc2b1aaafeb,model,CC0 / CC-BY 4.0 — library/{tier}/LICENSE·SOURCES 참조 (ledger B5)
distractors,data/pallet/assets/distractors/library/small/gso__Blue_Jasmine_Includes_Digital_Copy_UltraViolet_DVD/meshes/model.obj,541254,1787ae6cb3983c55c87e0e6d38d5b51434eefa5df95d38cb80ac3ec5290d7c95,model,CC0 / CC-BY 4.0 — library/{tier}/LICENSE·SOURCES 참조 (ledger B5)
distractors,data/pallet/assets/distractors/library/small/gso__Blue_Jasmine_Includes_Digital_Copy_UltraViolet_DVD/metadata.pbtxt,623,aab7884420ae5c5a6735ff9671be43246553c9380d2668f21c723ae9db45ad70,metadata,CC0 / CC-BY 4.0 — library/{tier}/LICENSE·SOURCES 참조 (ledger B5)
distractors,data/pallet/assets/distractors/library/small/gso__Blue_Jasmine_Includes_Digital_Copy_UltraViolet_DVD/model.config,612,144f7d2c6284143de8cd9d1e150e96eeb2801112f981c7d58a177676461e5bea,model,CC0 / CC-BY 4.0 — library/{tier}/LICENSE·SOURCES 참조 (ledger B5)
distractors,data/pallet/assets/distractors/library/small/gso__Blue_Jasmine_Includes_Digital_Copy_UltraViolet_DVD/model.sdf,783,1b8e940ced395278bdb5cf1de135a7beb0a0a09ab0254d82386f4754f6e5a2b0,model,CC0 / CC-BY 4.0 — library/{tier}/LICENSE·SOURCES 참조 (ledger B5)
distractors,data/pallet/assets/distractors/library/small/gso__Brother_Ink_Cartridge_Magenta_LC75M/materials/textures/texture.png,14779694,8726a0a431436d27f6eb6fbfbe2354e35bfc6fe51f2e16cffc828f43f2cbfaff,texture,CC0 / CC-BY 4.0 — library/{tier}/LICENSE·SOURCES 참조 (ledger B5)
distractors,data/pallet/assets/distractors/library/small/gso__Brother_Ink_Cartridge_Magenta_LC75M/meshes/model.mtl,444,3f95530679f169527864c1449868794e574c999561f3dba59ec96cc2b1aaafeb,model,CC0 / CC-BY 4.0 — library/{tier}/LICENSE·SOURCES 참조 (ledger B5)
distractors,data/pallet/assets/distractors/library/small/gso__Brother_Ink_Cartridge_Magenta_LC75M/meshes/model.obj,406890,4f9a36859781eed8e900f1442ad193385bed6a856b21a8586a0522c55b351ec1,model,CC0 / CC-BY 4.0 — library/{tier}/LICENSE·SOURCES 참조 (ledger B5)
distractors,data/pallet/assets/distractors/library/small/gso__Brother_Ink_Cartridge_Magenta_LC75M/metadata.pbtxt,585,a8e9bba4615257f2f4dcb2956a2222b6a6643f060e90b7cc9f54b4b1b1a93fac,metadata,CC0 / CC-BY 4.0 — library/{tier}/LICENSE·SOURCES 참조 (ledger B5)
distractors,data/pallet/assets/distractors/library/small/gso__Brother_Ink_Cartridge_Magenta_LC75M/model.config,577,a765712d7f152fac457d3b4a041bcdbe6db6671209306d4e369ad626bf0c74fc,model,CC0 / CC-BY 4.0 — library/{tier}/LICENSE·SOURCES 참조 (ledger B5)
distractors,data/pallet/assets/distractors/library/small/gso__Brother_Ink_Cartridge_Magenta_LC75M/model.sdf,768,7fcac81688fdf0fdd59cf4ef1589174726c1330ae7454739c81ddb81bebc05a2,model,CC0 / CC-BY 4.0 — library/{tier}/LICENSE·SOURCES 참조 (ledger B5)
distractors,data/pallet/assets/distractors/library/small/gso__Canon_Pixma_Ink_Cartridge_251_M/materials/textures/texture.png,10388004,10050846e3df1b3bfc1f4fee77a20bd6036e08a6368481bcebef2d6d19b7d391,texture,CC0 / CC-BY 4.0 — library/{tier}/LICENSE·SOURCES 참조 (ledger B5)
distractors,data/pallet/assets/distractors/library/small/gso__Canon_Pixma_Ink_Cartridge_251_M/meshes/model.mtl,444,3f95530679f169527864c1449868794e574c999561f3dba59ec96cc2b1aaafeb,model,CC0 / CC-BY 4.0 — library/{tier}/LICENSE·SOURCES 참조 (ledger B5)
distractors,data/pallet/assets/distractors/library/small/gso__Canon_Pixma_Ink_Cartridge_251_M/meshes/model.obj,562433,aebbb7b86d4800b228f2414b57c45cbf5a86b99f20bf5f1233e1392de1264119,model,CC0 / CC-BY 4.0 — library/{tier}/LICENSE·SOURCES 참조 (ledger B5)
distractors,data/pallet/assets/distractors/library/small/gso__Canon_Pixma_Ink_Cartridge_251_M/metadata.pbtxt,575,a04e4a04e1c170aa16b8088a86172acadfb5434a3c8dc4127a76a7a611078650,metadata,CC0 / CC-BY 4.0 — library/{tier}/LICENSE·SOURCES 참조 (ledger B5)
distractors,data/pallet/assets/distractors/library/small/gso__Canon_Pixma_Ink_Cartridge_251_M/model.config,569,1c95344fd8bb12a72da49644f753b32fb2967c9e03df2b1fa742c7b0823fbf17,model,CC0 / CC-BY 4.0 — library/{tier}/LICENSE·SOURCES 참조 (ledger B5)
distractors,data/pallet/assets/distractors/library/small/gso__Canon_Pixma_Ink_Cartridge_251_M/model.sdf,764,17cd5c23e902ecd7b4667d67d71df6431448348f20eef155eac1befd4217839e,model,CC0 / CC-BY 4.0 — library/{tier}/LICENSE·SOURCES 참조 (ledger B5)
distractors,data/pallet/assets/distractors/library/small/gso__Clorox_Premium_Choice_Gloves_SM_1_pair/materials/textures/texture.png,8404587,e509e39b208430d72b5182535cfa115d089df1c63feffd22cae88b9003a84ed0,texture,CC0 / CC-BY 4.0 — library/{tier}/LICENSE·SOURCES 참조 (ledger B5)
distractors,data/pallet/assets/distractors/library/small/gso__Clorox_Premium_Choice_Gloves_SM_1_pair/meshes/model.mtl,444,3f95530679f169527864c1449868794e574c999561f3dba59ec96cc2b1aaafeb,model,CC0 / CC-BY 4.0 — library/{tier}/LICENSE·SOURCES 참조 (ledger B5)
distractors,data/pallet/assets/distractors/library/small/gso__Clorox_Premium_Choice_Gloves_SM_1_pair/meshes/model.obj,921568,514c8862958833376b314f23edccd5af4798304a581c63cf5cd6222a39523c16,model,CC0 / CC-BY 4.0 — library/{tier}/LICENSE·SOURCES 참조 (ledger B5)
distractors,data/pallet/assets/distractors/library/small/gso__Clorox_Premium_Choice_Gloves_SM_1_pair/metadata.pbtxt,638,d6108b4fe5315e3b7703f8b1f252fd17c2b5739cc5cf841853219856b84e8d1a,metadata,CC0 / CC-BY 4.0 — library/{tier}/LICENSE·SOURCES 참조 (ledger B5)
distractors,data/pallet/assets/distractors/library/small/gso__Clorox_Premium_Choice_Gloves_SM_1_pair/model.config,655,d35b48812b5fc43b6ed9faba50a3168e25528581b3a876b6a1e2f9b03e26bab0,model,CC0 / CC-BY 4.0 — library/{tier}/LICENSE·SOURCES 참조 (ledger B5)
distractors,data/pallet/assets/distractors/library/small/gso__Clorox_Premium_Choice_Gloves_SM_1_pair/model.sdf,771,b2545cec9765b03ea95b5c98df600649c9eaff5ca7c3a83a7188cf9884cf4981,model,CC0 / CC-BY 4.0 — library/{tier}/LICENSE·SOURCES 참조 (ledger B5)
distractors,data/pallet/assets/distractors/library/small/gso__Clue_Board_Game_Classic_Edition/materials/textures/texture.png,24608815,e99af593a7bdecb608289d39d1815c54c4ed9925a196565ccfab44f32cec44e6,texture,CC0 / CC-BY 4.0 — library/{tier}/LICENSE·SOURCES 참조 (ledger B5)
distractors,data/pallet/assets/distractors/library/small/gso__Clue_Board_Game_Classic_Edition/meshes/model.mtl,444,3f95530679f169527864c1449868794e574c999561f3dba59ec96cc2b1aaafeb,model,CC0 / CC-BY 4.0 — library/{tier}/LICENSE·SOURCES 참조 (ledger B5)
distractors,data/pallet/assets/distractors/library/small/gso__Clue_Board_Game_Classic_Edition/meshes/model.obj,386260,d114f9cf04807ba037593cd8da7f543bd84189d9635ebaf8ee4d22cb6f89b6f8,model,CC0 / CC-BY 4.0 — library/{tier}/LICENSE·SOURCES 참조 (ledger B5)
distractors,data/pallet/assets/distractors/library/small/gso__Clue_Board_Game_Classic_Edition/metadata.pbtxt,571,dee02f3d3146c45633774c467e861c781baf7ce1f9d45a9ea0fa425662a24f89,metadata,CC0 / CC-BY 4.0 — library/{tier}/LICENSE·SOURCES 참조 (ledger B5)
distractors,data/pallet/assets/distractors/library/small/gso__Clue_Board_Game_Classic_Edition/model.config,569,5795b22d51e6d2fe2a90a19fe302a953ce1ecd39db00cf52ca569f4f28567a45,model,CC0 / CC-BY 4.0 — library/{tier}/LICENSE·SOURCES 참조 (ledger B5)
distractors,data/pallet/assets/distractors/library/small/gso__Clue_Board_Game_Classic_Edition/model.sdf,764,845f6e8cdb67543162c5170265e31597c553bdcff017be863e9b88a90a90aadd,model,CC0 / CC-BY 4.0 — library/{tier}/LICENSE·SOURCES 참조 (ledger B5)
distractors,data/pallet/assets/distractors/library/small/gso__CoQ10/materials/textures/texture.png,10891495,16422a6e7306579fb1848ab10360f5fb52c29461e69e85c22fe7712689b0c43e,texture,CC0 / CC-BY 4.0 — library/{tier}/LICENSE·SOURCES 참조 (ledger B5)
distractors,data/pallet/assets/distractors/library/small/gso__CoQ10/meshes/model.mtl,444,3f95530679f169527864c1449868794e574c999561f3dba59ec96cc2b1aaafeb,model,CC0 / CC-BY 4.0 — library/{tier}/LICENSE·SOURCES 참조 (ledger B5)
distractors,data/pallet/assets/distractors/library/small/gso__CoQ10/meshes/model.obj,909423,d743a9b294c9d0462fc5cbc29d03eb4eae8f0a29dedef06a670e73facd1f660a,model,CC0 / CC-BY 4.0 — library/{tier}/LICENSE·SOURCES 참조 (ledger B5)
distractors,data/pallet/assets/distractors/library/small/gso__CoQ10/metadata.pbtxt,583,722411c1a5fbb2c3143d4d3465ce0d4a2f4a7aac046a4d6a4bb385bd969a0743,metadata,CC0 / CC-BY 4.0 — library/{tier}/LICENSE·SOURCES 참조 (ledger B5)
distractors,data/pallet/assets/distractors/library/small/gso__CoQ10/model.config,517,1e4f63a33b08ede3e985ab49bf76c142ba73384db0b459735a05e2e630a13860,model,CC0 / CC-BY 4.0 — library/{tier}/LICENSE·SOURCES 참조 (ledger B5)
distractors,data/pallet/assets/distractors/library/small/gso__CoQ10/model.sdf,738,206004f47b4117604a49b0ce7a0ee285c1cf767ca651b6a61fd68dc0922605bb,model,CC0 / CC-BY 4.0 — library/{tier}/LICENSE·SOURCES 참조 (ledger B5)
distractors,data/pallet/assets/distractors/library/small/gso__Cole_Hardware_Hammer_Black/materials/textures/texture.png,7378602,96e01eb662cbd0f23b3620c2e159a21a7a63eb8f1169a1693ec7e91ed282773d,texture,CC0 / CC-BY 4.0 — library/{tier}/LICENSE·SOURCES 참조 (ledger B5)
distractors,data/pallet/assets/distractors/library/small/gso__Cole_Hardware_Hammer_Black/meshes/model.mtl,444,3f95530679f169527864c1449868794e574c999561f3dba59ec96cc2b1aaafeb,model,CC0 / CC-BY 4.0 — library/{tier}/LICENSE·SOURCES 참조 (ledger B5)
distractors,data/pallet/assets/distractors/library/small/gso__Cole_Hardware_Hammer_Black/meshes/model.obj,677583,34d0468921a8e86a50a45c1a02470489ed250424962844533d2bad3c6f83972d,model,CC0 / CC-BY 4.0 — library/{tier}/LICENSE·SOURCES 참조 (ledger B5)
distractors,data/pallet/assets/distractors/library/small/gso__Cole_Hardware_Hammer_Black/metadata.pbtxt,547,948b76cf7c32ffa86f91f0c7e4bf81d9c915b35f06f1e84c642094b6f7232f17,metadata,CC0 / CC-BY 4.0 — library/{tier}/LICENSE·SOURCES 참조 (ledger B5)
distractors,data/pallet/assets/distractors/library/small/gso__Cole_Hardware_Hammer_Black/model.config,559,a706d563eaf123c30600dbe3457af6b506ff609444c62522186ae26048d8c9a8,model,CC0 / CC-BY 4.0 — library/{tier}/LICENSE·SOURCES 참조 (ledger B5)
distractors,data/pallet/assets/distractors/library/small/gso__Cole_Hardware_Hammer_Black/model.sdf,759,60fbd4b6597394b6cdb3afe19c60d090d37dfce68b26f06c92b8bccc0e6de246,model,CC0 / CC-BY 4.0 — library/{tier}/LICENSE·SOURCES 참조 (ledger B5)
distractors,data/pallet/assets/distractors/library/small/gso__Craftsman_Grip_Screwdriver_Phillips_Cushion/materials/textures/texture.png,7718898,fb1651cb9e4f060d893d63ffd9795d4bf1efbc67894d19fc4282f212ab04cab6,texture,CC0 / CC-BY 4.0 — library/{tier}/LICENSE·SOURCES 참조 (ledger B5)
distractors,data/pallet/assets/distractors/library/small/gso__Craftsman_Grip_Screwdriver_Phillips_Cushion/meshes/model.mtl,444,3f95530679f169527864c1449868794e574c999561f3dba59ec96cc2b1aaafeb,model,CC0 / CC-BY 4.0 — library/{tier}/LICENSE·SOURCES 참조 (ledger B5)
distractors,data/pallet/assets/distractors/library/small/gso__Craftsman_Grip_Screwdriver_Phillips_Cushion/meshes/model.obj,492035,bed3c2dcc2dca92f55e9d64efb5e5462d020bf62554d964272c5ee53e17d2fcd,model,CC0 / CC-BY 4.0 — library/{tier}/LICENSE·SOURCES 참조 (ledger B5)
distractors,data/pallet/assets/distractors/library/small/gso__Craftsman_Grip_Screwdriver_Phillips_Cushion/metadata.pbtxt,577,ea03478f2164c4790ff8dbdcd190e26b57f4397ee76e31642250ebf4a80c79e4,metadata,CC0 / CC-BY 4.0 — library/{tier}/LICENSE·SOURCES 참조 (ledger B5)
distractors,data/pallet/assets/distractors/library/small/gso__Craftsman_Grip_Screwdriver_Phillips_Cushion/model.config,593,7893aa021f50f94d74fdcc7ac4503e01e1f3d7fd008180ff7adc7a558fb2e504,model,CC0 / CC-BY 4.0 — library/{tier}/LICENSE·SOURCES 참조 (ledger B5)
distractors,data/pallet/assets/distractors/library/small/gso__Craftsman_Grip_Screwdriver_Phillips_Cushion/model.sdf,776,59e72b4724df653dbe5636c3c77753db3e2610635d5c65ed92907e20802d94b2,model,CC0 / CC-BY 4.0 — library/{tier}/LICENSE·SOURCES 참조 (ledger B5)
distractors,data/pallet/assets/distractors/library/small/gso__Crayola_Crayons_24_count/materials/textures/texture.png,14413736,a5addafcec74ca8e7bb7b5832dcb6c2d2e1c5bd409c5465010aa32b3616fea1b,texture,CC0 / CC-BY 4.0 — library/{tier}/LICENSE·SOURCES 참조 (ledger B5)
distractors,data/pallet/assets/distractors/library/small/gso__Crayola_Crayons_24_count/meshes/model.mtl,444,3f95530679f169527864c1449868794e574c999561f3dba59ec96cc2b1aaafeb,model,CC0 / CC-BY 4.0 — library/{tier}/LICENSE·SOURCES 참조 (ledger B5)
distractors,data/pallet/assets/distractors/library/small/gso__Crayola_Crayons_24_count/meshes/model.obj,654288,67ffcd7fce41d82c3b83599989b315f8db99b659b81d7ea7ffb4dcc612f96733,model,CC0 / CC-BY 4.0 — library/{tier}/LICENSE·SOURCES 참조 (ledger B5)
distractors,data/pallet/assets/distractors/library/small/gso__Crayola_Crayons_24_count/metadata.pbtxt,560,875c3b779c688c4c66ab56b670b80b918bd80802fea0ec17aafccbf5109a3d42,metadata,CC0 / CC-BY 4.0 — library/{tier}/LICENSE·SOURCES 참조 (ledger B5)
distractors,data/pallet/assets/distractors/library/small/gso__Crayola_Crayons_24_count/model.config,556,6cc8b3566fbbfc00652d3367983a7e23e3c3fce8e1dfa87bb6c355d804142bd1,model,CC0 / CC-BY 4.0 — library/{tier}/LICENSE·SOURCES 참조 (ledger B5)
distractors,data/pallet/assets/distractors/library/small/gso__Crayola_Crayons_24_count/model.sdf,757,101d77f0513edcc7dae3eca7ca47433170acccb73002d27c2d0a6a0201a99911,model,CC0 / CC-BY 4.0 — library/{tier}/LICENSE·SOURCES 참조 (ledger B5)
distractors,data/pallet/assets/distractors/library/small/gso__Crayola_Washable_Sidewalk_Chalk_16_pack/materials/textures/texture.png,14383845,231438ea0abe569468900cc3fc63920f3b14be69da52b96b803a27179c5985e6,texture,CC0 / CC-BY 4.0 — library/{tier}/LICENSE·SOURCES 참조 (ledger B5)
distractors,data/pallet/assets/distractors/library/small/gso__Crayola_Washable_Sidewalk_Chalk_16_pack/meshes/model.mtl,444,3f95530679f169527864c1449868794e574c999561f3dba59ec96cc2b1aaafeb,model,CC0 / CC-BY 4.0 — library/{tier}/LICENSE·SOURCES 참조 (ledger B5)
distractors,data/pallet/assets/distractors/library/small/gso__Crayola_Washable_Sidewalk_Chalk_16_pack/meshes/model.obj,504720,5881efcff5f5d7a4dbf63df72ae76070d5b2735899e3ef014ef6390f90d8078b,model,CC0 / CC-BY 4.0 — library/{tier}/LICENSE·SOURCES 참조 (ledger B5)
distractors,data/pallet/assets/distractors/library/small/gso__Crayola_Washable_Sidewalk_Chalk_16_pack/metadata.pbtxt,594,dcddd737abbdc917a776b537004303b7219dcee310592de524d777d81585311a,metadata,CC0 / CC-BY 4.0 — library/{tier}/LICENSE·SOURCES 참조 (ledger B5)
distractors,data/pallet/assets/distractors/library/small/gso__Crayola_Washable_Sidewalk_Chalk_16_pack/model.config,586,66c47678cf18d96050eb55f1f5a991cc661adf098c5388f1b7f6b445260911f5,model,CC0 / CC-BY 4.0 — library/{tier}/LICENSE·SOURCES 참조 (ledger B5)
distractors,data/pallet/assets/distractors/library/small/gso__Crayola_Washable_Sidewalk_Chalk_16_pack/model.sdf,772,a743e167e1470685021017c2360d3e428c39d5b64e440a7514f699a3bb1228cb,model,CC0 / CC-BY 4.0 — library/{tier}/LICENSE·SOURCES 참조 (ledger B5)
distractors,data/pallet/assets/distractors/library/small/gso__Creatine_Monohydrate/materials/textures/texture.png,11341926,8a28b2bd3316d4286fc6b5871f9b91cec46bd4272d547e628e3345fddce764fb,texture,CC0 / CC-BY 4.0 — library/{tier}/LICENSE·SOURCES 참조 (ledger B5)
distractors,data/pallet/assets/distractors/library/small/gso__Creatine_Monohydrate/meshes/model.mtl,444,3f95530679f169527864c1449868794e574c999561f3dba59ec96cc2b1aaafeb,model,CC0 / CC-BY 4.0 — library/{tier}/LICENSE·SOURCES 참조 (ledger B5)
distractors,data/pallet/assets/distractors/library/small/gso__Creatine_Monohydrate/meshes/model.obj,858857,d0c3729d95ba4679483dbfb146f2955f95af4d8e4d5e90c9b6a2a27b1efe517a,model,CC0 / CC-BY 4.0 — library/{tier}/LICENSE·SOURCES 참조 (ledger B5)
distractors,data/pallet/assets/distractors/library/small/gso__Creatine_Monohydrate/metadata.pbtxt,616,508df4af7995de611964f2e182c1b219e718dd05dac76bfd1e5939c0ca6a213c,metadata,CC0 / CC-BY 4.0 — library/{tier}/LICENSE·SOURCES 참조 (ledger B5)
distractors,data/pallet/assets/distractors/library/small/gso__Creatine_Monohydrate/model.config,546,83122efd48283face4d021534ebce513f7634224f978627cdaed807a031deeb8,model,CC0 / CC-BY 4.0 — library/{tier}/LICENSE·SOURCES 참조 (ledger B5)
distractors,data/pallet/assets/distractors/library/small/gso__Creatine_Monohydrate/model.sdf,753,c6183300a2225caada77c74807938dccc7349e6e28e09eb3ebeffb994a08ddd7,model,CC0 / CC-BY 4.0 — library/{tier}/LICENSE·SOURCES 참조 (ledger B5)
distractors,data/pallet/assets/distractors/library/small/gso__Crosley_Alarm_Clock_Vintage_Metal/materials/textures/texture.png,10130890,ef239ad22f49fa3db52aa1765caa77e41b4a5af7b62fe89f05fea169c0f7116e,texture,CC0 / CC-BY 4.0 — library/{tier}/LICENSE·SOURCES 참조 (ledger B5)
distractors,data/pallet/assets/distractors/library/small/gso__Crosley_Alarm_Clock_Vintage_Metal/meshes/model.mtl,444,3f95530679f169527864c1449868794e574c999561f3dba59ec96cc2b1aaafeb,model,CC0 / CC-BY 4.0 — library/{tier}/LICENSE·SOURCES 참조 (ledger B5)
distractors,data/pallet/assets/distractors/library/small/gso__Crosley_Alarm_Clock_Vintage_Metal/meshes/model.obj,897004,25358c8967a20acb49a4d132b0a81c3ad0d32c0331fbc6dbc8eb3dad68431671,model,CC0 / CC-BY 4.0 — library/{tier}/LICENSE·SOURCES 참조 (ledger B5)
distractors,data/pallet/assets/distractors/library/small/gso__Crosley_Alarm_Clock_Vintage_Metal/metadata.pbtxt,581,286837ca01de53aa19277ed95fbcfe831854c40b7db09af0378e176349615312,metadata,CC0 / CC-BY 4.0 — library/{tier}/LICENSE·SOURCES 참조 (ledger B5)
distractors,data/pallet/assets/distractors/library/small/gso__Crosley_Alarm_Clock_Vintage_Metal/model.config,573,21cb9415808a372eafc723808c69bc90e2cdeebc38a3fe91e6c817e3438793f1,model,CC0 / CC-BY 4.0 — library/{tier}/LICENSE·SOURCES 참조 (ledger B5)
distractors,data/pallet/assets/distractors/library/small/gso__Crosley_Alarm_Clock_Vintage_Metal/model.sdf,766,4908b5345c04cc1ff16ec21fa35e394145a67367631e29044691f85e949a178e,model,CC0 / CC-BY 4.0 — library/{tier}/LICENSE·SOURCES 참조 (ledger B5)
distractors,data/pallet/assets/distractors/library/small/gso__Crunch_Girl_Scouts_Candy_Bars_Peanut_Butter_Creme_78_oz_box/materials/textures/texture.png,17884047,6b01db3e21054400ac1c1b8e4a0831db73bf9817cd7e087e644d0af512695aab,texture,CC0 / CC-BY 4.0 — library/{tier}/LICENSE·SOURCES 참조 (ledger B5)
distractors,data/pallet/assets/distractors/library/small/gso__Crunch_Girl_Scouts_Candy_Bars_Peanut_Butter_Creme_78_oz_box/meshes/model.mtl,444,3f95530679f169527864c1449868794e574c999561f3dba59ec96cc2b1aaafeb,model,CC0 / CC-BY 4.0 — library/{tier}/LICENSE·SOURCES 참조 (ledger B5)
distractors,data/pallet/assets/distractors/library/small/gso__Crunch_Girl_Scouts_Candy_Bars_Peanut_Butter_Creme_78_oz_box/meshes/model.obj,309942,15af5173e6eaba4636c9088b9f4c9da325e57687b758648cf3bdd94730a3dec8,model,CC0 / CC-BY 4.0 — library/{tier}/LICENSE·SOURCES 참조 (ledger B5)
distractors,data/pallet/assets/distractors/library/small/gso__Crunch_Girl_Scouts_Candy_Bars_Peanut_Butter_Creme_78_oz_box/metadata.pbtxt,635,d8c811e5516557ad386a139e769cf1018856ab93b8ca86c9c320ed4b9c2cdfaa,metadata,CC0 / CC-BY 4.0 — library/{tier}/LICENSE·SOURCES 참조 (ledger B5)
distractors,data/pallet/assets/distractors/library/small/gso__Crunch_Girl_Scouts_Candy_Bars_Peanut_Butter_Creme_78_oz_box/model.config,628,b661a175ca75a28457b51a46fafc56142eb86b3b73c41a40957d8cdeefa6a69b,model,CC0 / CC-BY 4.0 — library/{tier}/LICENSE·SOURCES 참조 (ledger B5)
distractors,data/pallet/assets/distractors/library/small/gso__Crunch_Girl_Scouts_Candy_Bars_Peanut_Butter_Creme_78_oz_box/model.sdf,792,54909c23a4bd1c8f9c4223681f13276a0b5ad3a13ef35cd14a04f25f05035afc,model,CC0 / CC-BY 4.0 — library/{tier}/LICENSE·SOURCES 참조 (ledger B5)
distractors,data/pallet/assets/distractors/library/small/gso__DPC_Handmade_Hat_Brown/materials/textures/texture.png,9337430,a4388225500bf97976c86295738d63e2bedb963de7363de98c568d1cb488ca1d,texture,CC0 / CC-BY 4.0 — library/{tier}/LICENSE·SOURCES 참조 (ledger B5)
distractors,data/pallet/assets/distractors/library/small/gso__DPC_Handmade_Hat_Brown/meshes/model.mtl,552,2b2040bdc813a3056a166f90bc93cdd97e251e21af6666972552482d93adef10,model,CC0 / CC-BY 4.0 — library/{tier}/LICENSE·SOURCES 참조 (ledger B5)
distractors,data/pallet/assets/distractors/library/small/gso__DPC_Handmade_Hat_Brown/meshes/model.obj,2049446,263f654bf7ef5a61096383c5f9b89d420227629b24a52bd554af88ff6466dfc4,model,CC0 / CC-BY 4.0 — library/{tier}/LICENSE·SOURCES 참조 (ledger B5)
distractors,data/pallet/assets/distractors/library/small/gso__DPC_Handmade_Hat_Brown/metadata.pbtxt,544,91a3df05dd498eeaf7e509392a5bab5e2046b179af331fd00fa8a3d786e7072d,metadata,CC0 / CC-BY 4.0 — library/{tier}/LICENSE·SOURCES 참조 (ledger B5)
distractors,data/pallet/assets/distractors/library/small/gso__DPC_Handmade_Hat_Brown/model.config,551,78d0193f6d46e902b28905a5692201e4d1b617d586fb6354b98911a827369d48,model,CC0 / CC-BY 4.0 — library/{tier}/LICENSE·SOURCES 참조 (ledger B5)
distractors,data/pallet/assets/distractors/library/small/gso__DPC_Handmade_Hat_Brown/model.sdf,755,0f2e268b8cea04bf45b4312885790aa961f051eb30da461ab85b59346a824712,model,CC0 / CC-BY 4.0 — library/{tier}/LICENSE·SOURCES 참조 (ledger B5)
distractors,data/pallet/assets/distractors/library/small/gso__DPC_Thinsulate_Isolate_Gloves_Brown/materials/textures/texture.png,12123899,79c10862c68cc6a852f17efc38bccfc0f6fb42ec3dc4d07a491c458c2aaaa106,texture,CC0 / CC-BY 4.0 — library/{tier}/LICENSE·SOURCES 참조 (ledger B5)
distractors,data/pallet/assets/distractors/library/small/gso__DPC_Thinsulate_Isolate_Gloves_Brown/meshes/model.mtl,444,3f95530679f169527864c1449868794e574c999561f3dba59ec96cc2b1aaafeb,model,CC0 / CC-BY 4.0 — library/{tier}/LICENSE·SOURCES 참조 (ledger B5)
distractors,data/pallet/assets/distractors/library/small/gso__DPC_Thinsulate_Isolate_Gloves_Brown/meshes/model.obj,3176911,d896a90d18fe254eb22f931a91d7c7fc15a2be13653d5c0f6703757fbf523e64,model,CC0 / CC-BY 4.0 — library/{tier}/LICENSE·SOURCES 참조 (ledger B5)
distractors,data/pallet/assets/distractors/library/small/gso__DPC_Thinsulate_Isolate_Gloves_Brown/metadata.pbtxt,555,df5a6b7eb896d1be764b2d475322d285be9b3f2ac2cf1f5beec424aaa21efd50,metadata,CC0 / CC-BY 4.0 — library/{tier}/LICENSE·SOURCES 참조 (ledger B5)
distractors,data/pallet/assets/distractors/library/small/gso__DPC_Thinsulate_Isolate_Gloves_Brown/model.config,577,043063e0bc4f386f9c674c55e186d0e2f6516178b6e6249e92015f12e6f32953,model,CC0 / CC-BY 4.0 — library/{tier}/LICENSE·SOURCES 참조 (ledger B5)
distractors,data/pallet/assets/distractors/library/small/gso__DPC_Thinsulate_Isolate_Gloves_Brown/model.sdf,768,a3f25ce6542cb4020425649277f6cab0b9d259a1940ea0cab51d70ec6478af21,model,CC0 / CC-BY 4.0 — library/{tier}/LICENSE·SOURCES 참조 (ledger B5)
distractors,data/pallet/assets/distractors/library/small/gso__DPC_tropical_Trends_Hat/materials/textures/texture.png,13362234,2eaf13ddc63e9a391a5fa8923dbd70948f289a16ab24944b5468744e149f5cb2,texture,CC0 / CC-BY 4.0 — library/{tier}/LICENSE·SOURCES 참조 (ledger B5)
distractors,data/pallet/assets/distractors/library/small/gso__DPC_tropical_Trends_Hat/meshes/model.mtl,444,3f95530679f169527864c1449868794e574c999561f3dba59ec96cc2b1aaafeb,model,CC0 / CC-BY 4.0 — library/{tier}/LICENSE·SOURCES 참조 (ledger B5)
distractors,data/pallet/assets/distractors/library/small/gso__DPC_tropical_Trends_Hat/meshes/model.obj,5550049,bdfca5377c5fd1f7244220d023c8243d5cd295363f3ac106de5658b032b5a36d,model,CC0 / CC-BY 4.0 — library/{tier}/LICENSE·SOURCES 참조 (ledger B5)
distractors,data/pallet/assets/distractors/library/small/gso__DPC_tropical_Trends_Hat/metadata.pbtxt,546,3d6a7ed6f6a0ed532cd96621ea506b3ee30d22ec937320bd18ac6cb69fa8e144,metadata,CC0 / CC-BY 4.0 — library/{tier}/LICENSE·SOURCES 참조 (ledger B5)
distractors,data/pallet/assets/distractors/library/small/gso__DPC_tropical_Trends_Hat/model.config,553,9b7043df4b82c91e01a6b877fe51f043d751526f5317f468eccacc7dc8f4f831,model,CC0 / CC-BY 4.0 — library/{tier}/LICENSE·SOURCES 참조 (ledger B5)
distractors,data/pallet/assets/distractors/library/small/gso__DPC_tropical_Trends_Hat/model.sdf,756,ab64ba554d3ff4189e8f5766147e45dd28ce9683002a69394cb60b73357563a2,model,CC0 / CC-BY 4.0 — library/{tier}/LICENSE·SOURCES 참조 (ledger B5)
distractors,data/pallet/assets/distractors/library/small/gso__Diet_Pepsi_Soda_Cola12_Pack_12_oz_Cans/materials/textures/texture.png,15174860,5c13308d257f51c4f546be786d3cd3f364dd5abc80e19e5141262a9ee7feb5f3,texture,CC0 / CC-BY 4.0 — library/{tier}/LICENSE·SOURCES 참조 (ledger B5)
distractors,data/pallet/assets/distractors/library/small/gso__Diet_Pepsi_Soda_Cola12_Pack_12_oz_Cans/meshes/model.mtl,444,3f95530679f169527864c1449868794e574c999561f3dba59ec96cc2b1aaafeb,model,CC0 / CC-BY 4.0 — library/{tier}/LICENSE·SOURCES 참조 (ledger B5)
distractors,data/pallet/assets/distractors/library/small/gso__Diet_Pepsi_Soda_Cola12_Pack_12_oz_Cans/meshes/model.obj,159554,62f905660db3613f45c7ff218a137a7f58127a44be308bd620d9deb030436bd2,model,CC0 / CC-BY 4.0 — library/{tier}/LICENSE·SOURCES 참조 (ledger B5)
distractors,data/pallet/assets/distractors/library/small/gso__Diet_Pepsi_Soda_Cola12_Pack_12_oz_Cans/metadata.pbtxt,637,3905064fdae3c396cd48881a19446c8d8be0f956aa0824c4496174128d428ef0,metadata,CC0 / CC-BY 4.0 — library/{tier}/LICENSE·SOURCES 참조 (ledger B5)
distractors,data/pallet/assets/distractors/library/small/gso__Diet_Pepsi_Soda_Cola12_Pack_12_oz_Cans/model.config,583,a0f16f4c6fd9c62a8a27dd0e2f2b7078988a539b40b1b2b1e810d048f23b2b66,model,CC0 / CC-BY 4.0 — library/{tier}/LICENSE·SOURCES 참조 (ledger B5)
distractors,data/pallet/assets/distractors/library/small/gso__Diet_Pepsi_Soda_Cola12_Pack_12_oz_Cans/model.sdf,771,d2118f6c955af93048681578ef8cd056c800e35c42f8227bb27cb5f901e995f4,model,CC0 / CC-BY 4.0 — library/{tier}/LICENSE·SOURCES 참조 (ledger B5)
distractors,data/pallet/assets/distractors/library/small/gso__Digital_Camo_Double_Decker_Lunch_Bag/materials/textures/texture.png,16146505,2cd9ed5d0693257fbfb081395b6c6f54e9850d6ec3acdafe446d98359723c320,texture,CC0 / CC-BY 4.0 — library/{tier}/LICENSE·SOURCES 참조 (ledger B5)
distractors,data/pallet/assets/distractors/library/small/gso__Digital_Camo_Double_Decker_Lunch_Bag/meshes/model.mtl,444,3f95530679f169527864c1449868794e574c999561f3dba59ec96cc2b1aaafeb,model,CC0 / CC-BY 4.0 — library/{tier}/LICENSE·SOURCES 참조 (ledger B5)
distractors,data/pallet/assets/distractors/library/small/gso__Digital_Camo_Double_Decker_Lunch_Bag/meshes/model.obj,1462204,7645babbb28c0c828ee4a9fa681e5df701adfcbeab7763bb77f29744efcea514,model,CC0 / CC-BY 4.0 — library/{tier}/LICENSE·SOURCES 참조 (ledger B5)
distractors,data/pallet/assets/distractors/library/small/gso__Digital_Camo_Double_Decker_Lunch_Bag/metadata.pbtxt,610,66e56f68cd0440ad22be5a4b104d8a28c17c2457f7dd427630043efac995ab80,metadata,CC0 / CC-BY 4.0 — library/{tier}/LICENSE·SOURCES 참조 (ledger B5)
distractors,data/pallet/assets/distractors/library/small/gso__Digital_Camo_Double_Decker_Lunch_Bag/model.config,578,77d58dcbcf2dc571aaf7a5bb4b61f2aa2a4cc320fd3d54227046f96c9cb4b9e9,model,CC0 / CC-BY 4.0 — library/{tier}/LICENSE·SOURCES 참조 (ledger B5)
distractors,data/pallet/assets/distractors/library/small/gso__Digital_Camo_Double_Decker_Lunch_Bag/model.sdf,769,e505e9cabfbed46cca7367fec58cdbd1c526345498435f5e401c4838a79df1c9,model,CC0 / CC-BY 4.0 — library/{tier}/LICENSE·SOURCES 참조 (ledger B5)
distractors,data/pallet/assets/distractors/library/small/gso__Don_Franciscos_Gourmet_Coffee_Medium_Decaf_100_Colombian_12_oz_340_g/materials/textures/texture.png,12749141,be1688162c7a0baa3bf1e0da71257632d804b4a98d3c8eed1fb75270aaaeb03f,texture,CC0 / CC-BY 4.0 — library/{tier}/LICENSE·SOURCES 참조 (ledger B5)
distractors,data/pallet/assets/distractors/library/small/gso__Don_Franciscos_Gourmet_Coffee_Medium_Decaf_100_Colombian_12_oz_340_g/meshes/model.mtl,444,3f95530679f169527864c1449868794e574c999561f3dba59ec96cc2b1aaafeb,model,CC0 / CC-BY 4.0 — library/{tier}/LICENSE·SOURCES 참조 (ledger B5)
distractors,data/pallet/assets/distractors/library/small/gso__Don_Franciscos_Gourmet_Coffee_Medium_Decaf_100_Colombian_12_oz_340_g/meshes/model.obj,819132,3d398415b0d1b4987e4bec1503705cccb47e4ea929ac82a3e7bb6e48f08812a0,model,CC0 / CC-BY 4.0 — library/{tier}/LICENSE·SOURCES 참조 (ledger B5)
distractors,data/pallet/assets/distractors/library/small/gso__Don_Franciscos_Gourmet_Coffee_Medium_Decaf_100_Colombian_12_oz_340_g/metadata.pbtxt,717,95cfb40c58eeb5f408948d809cd6e25423af6028c49a7e3cd907f72a7886ba62,metadata,CC0 / CC-BY 4.0 — library/{tier}/LICENSE·SOURCES 참조 (ledger B5)
distractors,data/pallet/assets/distractors/library/small/gso__Don_Franciscos_Gourmet_Coffee_Medium_Decaf_100_Colombian_12_oz_340_g/model.config,651,d5476c13beb1ba3ad4e15bd23998d113b4a0034d15b90e68878d3b65e7a139eb,model,CC0 / CC-BY 4.0 — library/{tier}/LICENSE·SOURCES 참조 (ledger B5)
distractors,data/pallet/assets/distractors/library/small/gso__Don_Franciscos_Gourmet_Coffee_Medium_Decaf_100_Colombian_12_oz_340_g/model.sdf,801,7014c1ea82292c7f98cb734859c79a1acd220f81d4b5bd0cfccbdc52c32f3b4f,model,CC0 / CC-BY 4.0 — library/{tier}/LICENSE·SOURCES 참조 (ledger B5)
distractors,data/pallet/assets/distractors/library/small/gso__Epson_273XL_Ink_Cartridge_Magenta/materials/textures/texture.png,13537902,e8b79872b48c15d65a8a6b52b526c7aed9c70b0a1b2c08a526edefba7eb2c6bb,texture,CC0 / CC-BY 4.0 — library/{tier}/LICENSE·SOURCES 참조 (ledger B5)
distractors,data/pallet/assets/distractors/library/small/gso__Epson_273XL_Ink_Cartridge_Magenta/meshes/model.mtl,444,3f95530679f169527864c1449868794e574c999561f3dba59ec96cc2b1aaafeb,model,CC0 / CC-BY 4.0 — library/{tier}/LICENSE·SOURCES 참조 (ledger B5)
distractors,data/pallet/assets/distractors/library/small/gso__Epson_273XL_Ink_Cartridge_Magenta/meshes/model.obj,477565,b6effaab224c1d37bf974f2ae5187c31770a8db61f9dcc32044a6fbe9cde5d56,model,CC0 / CC-BY 4.0 — library/{tier}/LICENSE·SOURCES 참조 (ledger B5)
distractors,data/pallet/assets/distractors/library/small/gso__Epson_273XL_Ink_Cartridge_Magenta/metadata.pbtxt,580,baab171f5c85aef436180085ad5924dfcffba4ec8093e474ebd7209aea24ce5e,metadata,CC0 / CC-BY 4.0 — library/{tier}/LICENSE·SOURCES 참조 (ledger B5)
distractors,data/pallet/assets/distractors/library/small/gso__Epson_273XL_Ink_Cartridge_Magenta/model.config,574,72deeacdd96abd1f12fb046332d7c825840ce69f74f3109c75c4783980fd0eca,model,CC0 / CC-BY 4.0 — library/{tier}/LICENSE·SOURCES 참조 (ledger B5)
distractors,data/pallet/assets/distractors/library/small/gso__Epson_273XL_Ink_Cartridge_Magenta/model.sdf,766,46d5bd4ed2d0d6152b866928df08b45641ea1fb35e89faac418bbf4309137cbb,model,CC0 / CC-BY 4.0 — library/{tier}/LICENSE·SOURCES 참조 (ledger B5)
distractors,data/pallet/assets/distractors/library/small/gso__Fisher_price_Classic_Toys_Buzzy_Bee/materials/textures/texture.png,9607858,a80e4459a8d40bec56df83064a25b498982ded0597bba0f9cc20b3aea332b57b,texture,CC0 / CC-BY 4.0 — library/{tier}/LICENSE·SOURCES 참조 (ledger B5)
distractors,data/pallet/assets/distractors/library/small/gso__Fisher_price_Classic_Toys_Buzzy_Bee/meshes/model.mtl,444,3f95530679f169527864c1449868794e574c999561f3dba59ec96cc2b1aaafeb,model,CC0 / CC-BY 4.0 — library/{tier}/LICENSE·SOURCES 참조 (ledger B5)
distractors,data/pallet/assets/distractors/library/small/gso__Fisher_price_Classic_Toys_Buzzy_Bee/meshes/model.obj,1191722,d7b1e279ddedfbb2be363a788600846431d1a770dd559d9641eae608320e0692,model,CC0 / CC-BY 4.0 — library/{tier}/LICENSE·SOURCES 참조 (ledger B5)
distractors,data/pallet/assets/distractors/library/small/gso__Fisher_price_Classic_Toys_Buzzy_Bee/metadata.pbtxt,561,22caee6cb44afffff60c00ced87d655c2f70dc10867cc5d8438ebd5dc6101520,metadata,CC0 / CC-BY 4.0 — library/{tier}/LICENSE·SOURCES 참조 (ledger B5)
distractors,data/pallet/assets/distractors/library/small/gso__Fisher_price_Classic_Toys_Buzzy_Bee/model.config,577,5efb5e2ff517bc960479f79e826e942a7b1fdf69d4bd37804a919b450ac287ab,model,CC0 / CC-BY 4.0 — library/{tier}/LICENSE·SOURCES 참조 (ledger B5)
distractors,data/pallet/assets/distractors/library/small/gso__Fisher_price_Classic_Toys_Buzzy_Bee/model.sdf,768,4a73db94afac4c385f1051500789c053bd8dd91e73d1b047d4181e8bc35ce064,model,CC0 / CC-BY 4.0 — library/{tier}/LICENSE·SOURCES 참조 (ledger B5)
distractors,data/pallet/assets/distractors/library/small/gso__Folic_Acid/materials/textures/texture.png,10519513,38665cc117115cd74dbf3274f015ab0b18904cbe7d252073e26347c0f40551cf,texture,CC0 / CC-BY 4.0 — library/{tier}/LICENSE·SOURCES 참조 (ledger B5)
distractors,data/pallet/assets/distractors/library/small/gso__Folic_Acid/meshes/model.mtl,444,3f95530679f169527864c1449868794e574c999561f3dba59ec96cc2b1aaafeb,model,CC0 / CC-BY 4.0 — library/{tier}/LICENSE·SOURCES 참조 (ledger B5)
distractors,data/pallet/assets/distractors/library/small/gso__Folic_Acid/meshes/model.obj,947875,7439dc1abd411f64455bab8634a048c9afe43be18a19b1951a31de42cde28a73,model,CC0 / CC-BY 4.0 — library/{tier}/LICENSE·SOURCES 참조 (ledger B5)
distractors,data/pallet/assets/distractors/library/small/gso__Folic_Acid/metadata.pbtxt,595,13f6b076290d214709110ec6e59d13a7fd3fadb32577f62f3d2cb1ed8408cbe2,metadata,CC0 / CC-BY 4.0 — library/{tier}/LICENSE·SOURCES 참조 (ledger B5)
distractors,data/pallet/assets/distractors/library/small/gso__Folic_Acid/model.config,526,b20e83743ca4f20c6ea4ea9234b88f31706bc09c129f5f383387328f6e9996f0,model,CC0 / CC-BY 4.0 — library/{tier}/LICENSE·SOURCES 참조 (ledger B5)
distractors,data/pallet/assets/distractors/library/small/gso__Folic_Acid/model.sdf,743,dcb222d0bffdff07c2a299bb03bdcfdc46ac407f11415d349dc7da37d8523fc8,model,CC0 / CC-BY 4.0 — library/{tier}/LICENSE·SOURCES 참조 (ledger B5)
distractors,data/pallet/assets/distractors/library/small/gso__Fresca_Peach_Citrus_Sparkling_Flavored_Soda_12_PK/materials/textures/texture.png,17198298,8028201680eb10f4700dcee94029aea439aa5aa0de32ec233cea2e259eafe4c8,texture,CC0 / CC-BY 4.0 — library/{tier}/LICENSE·SOURCES 참조 (ledger B5)
distractors,data/pallet/assets/distractors/library/small/gso__Fresca_Peach_Citrus_Sparkling_Flavored_Soda_12_PK/meshes/model.mtl,444,3f95530679f169527864c1449868794e574c999561f3dba59ec96cc2b1aaafeb,model,CC0 / CC-BY 4.0 — library/{tier}/LICENSE·SOURCES 참조 (ledger B5)
distractors,data/pallet/assets/distractors/library/small/gso__Fresca_Peach_Citrus_Sparkling_Flavored_Soda_12_PK/meshes/model.obj,264530,9a3b56b76aee3c56ef381bd1c9775a0bfcd012e16b3e615bc8728082d1fc0a05,model,CC0 / CC-BY 4.0 — library/{tier}/LICENSE·SOURCES 참조 (ledger B5)
distractors,data/pallet/assets/distractors/library/small/gso__Fresca_Peach_Citrus_Sparkling_Flavored_Soda_12_PK/metadata.pbtxt,663,85958d1e3d2600f13aa7f0b3cc9aa0ce8f6512b75b625c8f01d8352740408b28,metadata,CC0 / CC-BY 4.0 — library/{tier}/LICENSE·SOURCES 참조 (ledger B5)
distractors,data/pallet/assets/distractors/library/small/gso__Fresca_Peach_Citrus_Sparkling_Flavored_Soda_12_PK/model.config,606,d88d858ea32e358d9b58045ce881b8ac53abecaf00827a2f9b8c1f4086b4815c,model,CC0 / CC-BY 4.0 — library/{tier}/LICENSE·SOURCES 참조 (ledger B5)
distractors,data/pallet/assets/distractors/library/small/gso__Fresca_Peach_Citrus_Sparkling_Flavored_Soda_12_PK/model.sdf,782,650dafa545faec57324ea0ad70ec6bae6e3a16226b63a1b2b72361acf178bb36,model,CC0 / CC-BY 4.0 — library/{tier}/LICENSE·SOURCES 참조 (ledger B5)
distractors,data/pallet/assets/distractors/library/small/gso__Frozen_Scrabble_Jr/materials/textures/texture.png,15662595,7f47079e7643a36d20ceb5a541d060ec963568087c21a279daa2af4969863858,texture,CC0 / CC-BY 4.0 — library/{tier}/LICENSE·SOURCES 참조 (ledger B5)
distractors,data/pallet/assets/distractors/library/small/gso__Frozen_Scrabble_Jr/meshes/model.mtl,444,3f95530679f169527864c1449868794e574c999561f3dba59ec96cc2b1aaafeb,model,CC0 / CC-BY 4.0 — library/{tier}/LICENSE·SOURCES 참조 (ledger B5)
distractors,data/pallet/assets/distractors/library/small/gso__Frozen_Scrabble_Jr/meshes/model.obj,116018,d408772d3886f691c62ecd5c597f034a3c8b10f21de8493c5c8786c1ae1f595c,model,CC0 / CC-BY 4.0 — library/{tier}/LICENSE·SOURCES 참조 (ledger B5)
distractors,data/pallet/assets/distractors/library/small/gso__Frozen_Scrabble_Jr/metadata.pbtxt,544,07f1f68864f38c8569c556be88f1363dea0676f4e6eaf0981941532c929690af,metadata,CC0 / CC-BY 4.0 — library/{tier}/LICENSE·SOURCES 참조 (ledger B5)
distractors,data/pallet/assets/distractors/library/small/gso__Frozen_Scrabble_Jr/model.config,543,21b92cdd5bee2f438e72994e65ad6f262a6e397a9a36c828414e185a7c97d510,model,CC0 / CC-BY 4.0 — library/{tier}/LICENSE·SOURCES 참조 (ledger B5)
distractors,data/pallet/assets/distractors/library/small/gso__Frozen_Scrabble_Jr/model.sdf,751,8a9691256df65d15d6e9e8a6eab5a460ef069af3775ef935bc2eb852aa755315,model,CC0 / CC-BY 4.0 — library/{tier}/LICENSE·SOURCES 참조 (ledger B5)
distractors,data/pallet/assets/distractors/library/small/gso__Gigabyte_GA78LMTUSB3_50_Motherboard_Micro_ATX_Socket_AM3/materials/textures/texture.png,15301792,5612ff6965d2f5f4e3c2671e0726ab5d94782ef8553a0c6579dae6fed83baf2c,texture,CC0 / CC-BY 4.0 — library/{tier}/LICENSE·SOURCES 참조 (ledger B5)
distractors,data/pallet/assets/distractors/library/small/gso__Gigabyte_GA78LMTUSB3_50_Motherboard_Micro_ATX_Socket_AM3/meshes/model.mtl,444,3f95530679f169527864c1449868794e574c999561f3dba59ec96cc2b1aaafeb,model,CC0 / CC-BY 4.0 — library/{tier}/LICENSE·SOURCES 참조 (ledger B5)
distractors,data/pallet/assets/distractors/library/small/gso__Gigabyte_GA78LMTUSB3_50_Motherboard_Micro_ATX_Socket_AM3/meshes/model.obj,1079750,cbef2b229a33e938dc8ef90f48cd69d47443a270d8b0f73f9f617ed77e27c916,model,CC0 / CC-BY 4.0 — library/{tier}/LICENSE·SOURCES 참조 (ledger B5)
distractors,data/pallet/assets/distractors/library/small/gso__Gigabyte_GA78LMTUSB3_50_Motherboard_Micro_ATX_Socket_AM3/metadata.pbtxt,607,fbc9dd46b8b4eeb37ffa9c36afbde035c8ed4ba197859587da5da40a2685ede1,metadata,CC0 / CC-BY 4.0 — library/{tier}/LICENSE·SOURCES 참조 (ledger B5)
distractors,data/pallet/assets/distractors/library/small/gso__Gigabyte_GA78LMTUSB3_50_Motherboard_Micro_ATX_Socket_AM3/model.config,625,8d55439fa5f26a283e81da794ddb250543c064a925363153ca7f3a8745073d73,model,CC0 / CC-BY 4.0 — library/{tier}/LICENSE·SOURCES 참조 (ledger B5)
distractors,data/pallet/assets/distractors/library/small/gso__Gigabyte_GA78LMTUSB3_50_Motherboard_Micro_ATX_Socket_AM3/model.sdf,789,bbf4b243468e16f48d65b186a0f19f04af30372e8911354b7eef51f101c4b0ca,model,CC0 / CC-BY 4.0 — library/{tier}/LICENSE·SOURCES 참조 (ledger B5)
distractors,data/pallet/assets/distractors/library/small/gso__Google_Cardboard_Original_package/materials/textures/texture.png,13165099,77d9847ae7982853000cc824627cab53594fe1e106c2a86be4ade9a47640092f,texture,CC0 / CC-BY 4.0 — library/{tier}/LICENSE·SOURCES 참조 (ledger B5)
distractors,data/pallet/assets/distractors/library/small/gso__Google_Cardboard_Original_package/meshes/model.mtl,444,3f95530679f169527864c1449868794e574c999561f3dba59ec96cc2b1aaafeb,model,CC0 / CC-BY 4.0 — library/{tier}/LICENSE·SOURCES 참조 (ledger B5)
distractors,data/pallet/assets/distractors/library/small/gso__Google_Cardboard_Original_package/meshes/model.obj,443731,9f1f4ed2a840f3db4c0779704862615fc5f25a22d9a46129c522cc81f1d9074b,model,CC0 / CC-BY 4.0 — library/{tier}/LICENSE·SOURCES 참조 (ledger B5)
distractors,data/pallet/assets/distractors/library/small/gso__Google_Cardboard_Original_package/metadata.pbtxt,564,10780111537c2700d3481a41b4b98ded82c0e46aef59f9a7c4d3996ba2a12ee4,metadata,CC0 / CC-BY 4.0 — library/{tier}/LICENSE·SOURCES 참조 (ledger B5)
distractors,data/pallet/assets/distractors/library/small/gso__Google_Cardboard_Original_package/model.config,574,aee43c7c2b9cba16eb801d7653d78f24f441445a181606c4db68b9442391a637,model,CC0 / CC-BY 4.0 — library/{tier}/LICENSE·SOURCES 참조 (ledger B5)
distractors,data/pallet/assets/distractors/library/small/gso__Google_Cardboard_Original_package/model.sdf,766,98111d1d7c58951fdebbba2d4cb56ee3a78264e8350b5b119e81e883520c926c,model,CC0 / CC-BY 4.0 — library/{tier}/LICENSE·SOURCES 참조 (ledger B5)
distractors,data/pallet/assets/distractors/library/small/gso__Hasbro_Monopoly_Hotels_Game/materials/textures/texture.png,18295284,da17ac27c8dcac59f89de889861724333ffcbb501f71fa3d7eb0c61f2e2421a3,texture,CC0 / CC-BY 4.0 — library/{tier}/LICENSE·SOURCES 참조 (ledger B5)
distractors,data/pallet/assets/distractors/library/small/gso__Hasbro_Monopoly_Hotels_Game/meshes/model.mtl,444,3f95530679f169527864c1449868794e574c999561f3dba59ec96cc2b1aaafeb,model,CC0 / CC-BY 4.0 — library/{tier}/LICENSE·SOURCES 참조 (ledger B5)
distractors,data/pallet/assets/distractors/library/small/gso__Hasbro_Monopoly_Hotels_Game/meshes/model.obj,352648,5916a7a845c002f861e36ea4fd3ac063abe5fb0a1a29216ed1097c7e8d603c56,model,CC0 / CC-BY 4.0 — library/{tier}/LICENSE·SOURCES 참조 (ledger B5)
distractors,data/pallet/assets/distractors/library/small/gso__Hasbro_Monopoly_Hotels_Game/metadata.pbtxt,564,6234085f0a074842af3072eb0639ae55c484f398a08331a9265e9241f40b3d8c,metadata,CC0 / CC-BY 4.0 — library/{tier}/LICENSE·SOURCES 참조 (ledger B5)
distractors,data/pallet/assets/distractors/library/small/gso__Hasbro_Monopoly_Hotels_Game/model.config,560,af044b53a0e739b208410e2f20ecdc0fa50b001df80e5e4203bc1e18ee732f73,model,CC0 / CC-BY 4.0 — library/{tier}/LICENSE·SOURCES 참조 (ledger B5)
distractors,data/pallet/assets/distractors/library/small/gso__Hasbro_Monopoly_Hotels_Game/model.sdf,760,ca7364a9c5686e0f2dcf2b20ef6c3dee623ca3db63a9ce78acd58e1f1debe798,model,CC0 / CC-BY 4.0 — library/{tier}/LICENSE·SOURCES 참조 (ledger B5)
distractors,data/pallet/assets/distractors/library/small/gso__Hasbro_Trivial_Pursuit_Family_Edition_Game/materials/textures/texture.png,15121848,1f8b23e13a39cd2735a5670e75ce805eadd4b027fd8d8bd38a88d14ea287e295,texture,CC0 / CC-BY 4.0 — library/{tier}/LICENSE·SOURCES 참조 (ledger B5)
distractors,data/pallet/assets/distractors/library/small/gso__Hasbro_Trivial_Pursuit_Family_Edition_Game/meshes/model.mtl,444,3f95530679f169527864c1449868794e574c999561f3dba59ec96cc2b1aaafeb,model,CC0 / CC-BY 4.0 — library/{tier}/LICENSE·SOURCES 참조 (ledger B5)
distractors,data/pallet/assets/distractors/library/small/gso__Hasbro_Trivial_Pursuit_Family_Edition_Game/meshes/model.obj,398356,d141c5dc9e60e3c080f7d49667b7c9a691a7dd7d725ed91547c3c774456f013a,model,CC0 / CC-BY 4.0 — library/{tier}/LICENSE·SOURCES 참조 (ledger B5)
distractors,data/pallet/assets/distractors/library/small/gso__Hasbro_Trivial_Pursuit_Family_Edition_Game/metadata.pbtxt,599,aba3def8c353f32de45a17770dd5585f15f6cecf13a32fd7468de7b73a4e1fbc,metadata,CC0 / CC-BY 4.0 — library/{tier}/LICENSE·SOURCES 참조 (ledger B5)
distractors,data/pallet/assets/distractors/library/small/gso__Hasbro_Trivial_Pursuit_Family_Edition_Game/model.config,590,37edb742fa1fcd89dd46c9f30786dd0730678d5706c7fdf2eebdcbc8ad8a4cce,model,CC0 / CC-BY 4.0 — library/{tier}/LICENSE·SOURCES 참조 (ledger B5)
distractors,data/pallet/assets/distractors/library/small/gso__Hasbro_Trivial_Pursuit_Family_Edition_Game/model.sdf,775,3668ac3aad89342ce914a61554b248e8232721b8fabc7dcf3b7184d0860b54b2,model,CC0 / CC-BY 4.0 — library/{tier}/LICENSE·SOURCES 참조 (ledger B5)
distractors,data/pallet/assets/distractors/library/small/gso__HeavyDuty_Flashlight/materials/textures/texture.png,8468502,63e85d37f4ac01e7df18c554997fe951510d0f5f06711db42b3e0c3588eee33a,texture,CC0 / CC-BY 4.0 — library/{tier}/LICENSE·SOURCES 참조 (ledger B5)
distractors,data/pallet/assets/distractors/library/small/gso__HeavyDuty_Flashlight/meshes/model.mtl,444,3f95530679f169527864c1449868794e574c999561f3dba59ec96cc2b1aaafeb,model,CC0 / CC-BY 4.0 — library/{tier}/LICENSE·SOURCES 참조 (ledger B5)
distractors,data/pallet/assets/distractors/library/small/gso__HeavyDuty_Flashlight/meshes/model.obj,1578622,bcb8b60a87026eefb9c0bc49cd354c0af97210eaa4a31787a5302f3970e1a9a2,model,CC0 / CC-BY 4.0 — library/{tier}/LICENSE·SOURCES 참조 (ledger B5)
distractors,data/pallet/assets/distractors/library/small/gso__HeavyDuty_Flashlight/metadata.pbtxt,532,1c97e3578e399aff81795488a73190a99838f1cb65a5b11a65a674967cc11551,metadata,CC0 / CC-BY 4.0 — library/{tier}/LICENSE·SOURCES 참조 (ledger B5)
distractors,data/pallet/assets/distractors/library/small/gso__HeavyDuty_Flashlight/model.config,547,ce59de142b2307d78043cc3802d4fd06c782f8b4a7d0b4a7df3a6066438674f9,model,CC0 / CC-BY 4.0 — library/{tier}/LICENSE·SOURCES 참조 (ledger B5)
distractors,data/pallet/assets/distractors/library/small/gso__HeavyDuty_Flashlight/model.sdf,753,9e39df7d207548d57b79bbac32527c5fdfd79b858f8745b6dceaee692739e00b,model,CC0 / CC-BY 4.0 — library/{tier}/LICENSE·SOURCES 참조 (ledger B5)
distractors,data/pallet/assets/distractors/library/small/gso__House_of_Cards_The_Complete_First_Season_4_Discs_DVD/materials/textures/texture.png,14025849,52e950ad2d5189181fbade96c8c5d79ab79ec380e0fa4024b01ba633e6fd2f32,texture,CC0 / CC-BY 4.0 — library/{tier}/LICENSE·SOURCES 참조 (ledger B5)
distractors,data/pallet/assets/distractors/library/small/gso__House_of_Cards_The_Complete_First_Season_4_Discs_DVD/meshes/model.mtl,444,3f95530679f169527864c1449868794e574c999561f3dba59ec96cc2b1aaafeb,model,CC0 / CC-BY 4.0 — library/{tier}/LICENSE·SOURCES 참조 (ledger B5)
distractors,data/pallet/assets/distractors/library/small/gso__House_of_Cards_The_Complete_First_Season_4_Discs_DVD/meshes/model.obj,295143,d9041694cdede025849816fee8d5066a05834d4457e051b4d9f7652383d79d54,model,CC0 / CC-BY 4.0 — library/{tier}/LICENSE·SOURCES 참조 (ledger B5)
distractors,data/pallet/assets/distractors/library/small/gso__House_of_Cards_The_Complete_First_Season_4_Discs_DVD/metadata.pbtxt,626,7c6c055afacceceb0ff7c0fc0c96b4d1e5513c1e4a478b09bbb111f573f65c25,metadata,CC0 / CC-BY 4.0 — library/{tier}/LICENSE·SOURCES 참조 (ledger B5)
distractors,data/pallet/assets/distractors/library/small/gso__House_of_Cards_The_Complete_First_Season_4_Discs_DVD/model.config,615,6871738d0a4d24bf9e2b09a2d8e00f0ff42640992fca2d7aba4d30e47c4e0e02,model,CC0 / CC-BY 4.0 — library/{tier}/LICENSE·SOURCES 참조 (ledger B5)
distractors,data/pallet/assets/distractors/library/small/gso__House_of_Cards_The_Complete_First_Season_4_Discs_DVD/model.sdf,785,1bf89336642c2223f6bce7e16bf94798321f93f5e37265e3c56a45c1bb6ef7e5,model,CC0 / CC-BY 4.0 — library/{tier}/LICENSE·SOURCES 참조 (ledger B5)
distractors,data/pallet/assets/distractors/library/small/gso__Hyaluronic_Acid/materials/textures/texture.png,10664785,8b559a1383ee8e77e88d166094b9f402d39638a98505088e572ce5121d0a780e,texture,CC0 / CC-BY 4.0 — library/{tier}/LICENSE·SOURCES 참조 (ledger B5)
distractors,data/pallet/assets/distractors/library/small/gso__Hyaluronic_Acid/meshes/model.mtl,444,3f95530679f169527864c1449868794e574c999561f3dba59ec96cc2b1aaafeb,model,CC0 / CC-BY 4.0 — library/{tier}/LICENSE·SOURCES 참조 (ledger B5)
distractors,data/pallet/assets/distractors/library/small/gso__Hyaluronic_Acid/meshes/model.obj,762339,18eb5702999f67803fc999fd955fe8fd23e495e40fd476d4ff5fd2527b59a333,model,CC0 / CC-BY 4.0 — library/{tier}/LICENSE·SOURCES 참조 (ledger B5)
distractors,data/pallet/assets/distractors/library/small/gso__Hyaluronic_Acid/metadata.pbtxt,604,0d0bd32dec6f929614498ced76ce2ed1ac40f86c2f72a012cff2d3b212b7d836,metadata,CC0 / CC-BY 4.0 — library/{tier}/LICENSE·SOURCES 참조 (ledger B5)
distractors,data/pallet/assets/distractors/library/small/gso__Hyaluronic_Acid/model.config,536,6b90e9f3837472c91f8251a795cad2cadce8aab3f701bb7caedfed224dcdc596,model,CC0 / CC-BY 4.0 — library/{tier}/LICENSE·SOURCES 참조 (ledger B5)
distractors,data/pallet/assets/distractors/library/small/gso__Hyaluronic_Acid/model.sdf,748,4915325a9fed9ca5adab309a511d8a98d6a52661481e7a4d06dd6259e60a12d9,model,CC0 / CC-BY 4.0 — library/{tier}/LICENSE·SOURCES 참조 (ledger B5)
distractors,data/pallet/assets/distractors/library/small/gso__HyperX_Cloud_II_Headset_Red/materials/textures/texture.png,14984528,e7956cea4242f90dc0d04d18303752614662f484b91356ffee8c0fcd1e4eb0cd,texture,CC0 / CC-BY 4.0 — library/{tier}/LICENSE·SOURCES 참조 (ledger B5)
distractors,data/pallet/assets/distractors/library/small/gso__HyperX_Cloud_II_Headset_Red/meshes/model.mtl,444,3f95530679f169527864c1449868794e574c999561f3dba59ec96cc2b1aaafeb,model,CC0 / CC-BY 4.0 — library/{tier}/LICENSE·SOURCES 참조 (ledger B5)
distractors,data/pallet/assets/distractors/library/small/gso__HyperX_Cloud_II_Headset_Red/meshes/model.obj,339957,3b4441d40fbe13878af4cacdfa4d9419024e319c7a79686411efcb5a7628a52b,model,CC0 / CC-BY 4.0 — library/{tier}/LICENSE·SOURCES 참조 (ledger B5)
distractors,data/pallet/assets/distractors/library/small/gso__HyperX_Cloud_II_Headset_Red/metadata.pbtxt,2369,8900bfaeb81c8ea07ed8600ff3d8fc9f855c672aab81b77e9bc8531604ae0492,metadata,CC0 / CC-BY 4.0 — library/{tier}/LICENSE·SOURCES 참조 (ledger B5)
distractors,data/pallet/assets/distractors/library/small/gso__HyperX_Cloud_II_Headset_Red/model.config,2272,4fee231857edfff0779a1f104a5a0cf930891d6cdd85a9e71f071fe267b22533,model,CC0 / CC-BY 4.0 — library/{tier}/LICENSE·SOURCES 참조 (ledger B5)
distractors,data/pallet/assets/distractors/library/small/gso__HyperX_Cloud_II_Headset_Red/model.sdf,760,d3430ddaad2c846ab1801f376c27c6503762d32f361133b24a90a0d20a1dbc4b,model,CC0 / CC-BY 4.0 — library/{tier}/LICENSE·SOURCES 참조 (ledger B5)
distractors,data/pallet/assets/distractors/library/small/gso__JBL_Charge_Speaker_portable_wireless_wired_Green/materials/textures/texture.png,11413419,8fc01bc261a2f1599221ddff73ee22f47ff0518cb224ce35231a9127af1c04a5,texture,CC0 / CC-BY 4.0 — library/{tier}/LICENSE·SOURCES 참조 (ledger B5)
distractors,data/pallet/assets/distractors/library/small/gso__JBL_Charge_Speaker_portable_wireless_wired_Green/meshes/model.mtl,444,3f95530679f169527864c1449868794e574c999561f3dba59ec96cc2b1aaafeb,model,CC0 / CC-BY 4.0 — library/{tier}/LICENSE·SOURCES 참조 (ledger B5)
distractors,data/pallet/assets/distractors/library/small/gso__JBL_Charge_Speaker_portable_wireless_wired_Green/meshes/model.obj,595117,6b5ebd416c915846127703a5d0fbb8684708e3740f4ea86da61a0c6ee51bc8db,model,CC0 / CC-BY 4.0 — library/{tier}/LICENSE·SOURCES 참조 (ledger B5)
distractors,data/pallet/assets/distractors/library/small/gso__JBL_Charge_Speaker_portable_wireless_wired_Green/metadata.pbtxt,612,c36e6c85b5ad938b54c9bdb4b0cba4ffbdbecb541a664c62305f81965e86bd6a,metadata,CC0 / CC-BY 4.0 — library/{tier}/LICENSE·SOURCES 참조 (ledger B5)
distractors,data/pallet/assets/distractors/library/small/gso__JBL_Charge_Speaker_portable_wireless_wired_Green/model.config,608,92e6ae1af7d2026cc9a9779a8508447e770a4e65940286e5daac4d9ed27ca26f,model,CC0 / CC-BY 4.0 — library/{tier}/LICENSE·SOURCES 참조 (ledger B5)
distractors,data/pallet/assets/distractors/library/small/gso__JBL_Charge_Speaker_portable_wireless_wired_Green/model.sdf,781,e09804a5c4c7eac1f12e6ca2027e8c9b0e5b6223da6dbc664dfb2137fd08f36d,model,CC0 / CC-BY 4.0 — library/{tier}/LICENSE·SOURCES 참조 (ledger B5)
distractors,data/pallet/assets/distractors/library/small/gso__Jansport_School_Backpack_Blue_Streak/materials/textures/texture.png,11426085,63fb44985112382ed53e394e703b96be060aaf7aa8432b4f63f77144f74d27d0,texture,CC0 / CC-BY 4.0 — library/{tier}/LICENSE·SOURCES 참조 (ledger B5)
distractors,data/pallet/assets/distractors/library/small/gso__Jansport_School_Backpack_Blue_Streak/meshes/model.mtl,444,3f95530679f169527864c1449868794e574c999561f3dba59ec96cc2b1aaafeb,model,CC0 / CC-BY 4.0 — library/{tier}/LICENSE·SOURCES 참조 (ledger B5)
distractors,data/pallet/assets/distractors/library/small/gso__Jansport_School_Backpack_Blue_Streak/meshes/model.obj,2829716,922ecd2e715a3a07b569555621586607ae041157e57ec012850982a428a71cf0,model,CC0 / CC-BY 4.0 — library/{tier}/LICENSE·SOURCES 참조 (ledger B5)
distractors,data/pallet/assets/distractors/library/small/gso__Jansport_School_Backpack_Blue_Streak/metadata.pbtxt,577,7dc7600d41ac95cc9a1e2386521dcf74b6dc8f94c85a1b80a75b7f2e583d55ac,metadata,CC0 / CC-BY 4.0 — library/{tier}/LICENSE·SOURCES 참조 (ledger B5)
distractors,data/pallet/assets/distractors/library/small/gso__Jansport_School_Backpack_Blue_Streak/model.config,579,1e19e31456b216103fda5e0a8fd613218650e659a194c959dcc9bf56dcf1817a,model,CC0 / CC-BY 4.0 — library/{tier}/LICENSE·SOURCES 참조 (ledger B5)
distractors,data/pallet/assets/distractors/library/small/gso__Jansport_School_Backpack_Blue_Streak/model.sdf,769,0ec2c65fbdbd1c926cd8051ac8a5f513cd7126f681733400d8ea1d7fd02b8f55,model,CC0 / CC-BY 4.0 — library/{tier}/LICENSE·SOURCES 참조 (ledger B5)
distractors,data/pallet/assets/distractors/library/small/gso__Justified_The_Complete_Fourth_Season_3_Discs_DVD/materials/textures/texture.png,19502356,d0b2918e19703b79597070f667cb7e602faab56bff9d6e26bee2d5f796e3e4ab,texture,CC0 / CC-BY 4.0 — library/{tier}/LICENSE·SOURCES 참조 (ledger B5)
distractors,data/pallet/assets/distractors/library/small/gso__Justified_The_Complete_Fourth_Season_3_Discs_DVD/meshes/model.mtl,444,3f95530679f169527864c1449868794e574c999561f3dba59ec96cc2b1aaafeb,model,CC0 / CC-BY 4.0 — library/{tier}/LICENSE·SOURCES 참조 (ledger B5)
distractors,data/pallet/assets/distractors/library/small/gso__Justified_The_Complete_Fourth_Season_3_Discs_DVD/meshes/model.obj,398027,6a10b9e7881e3214c2b6bcf5a419715f1fbd045f6da1f6380b5a1af96dc2279e,model,CC0 / CC-BY 4.0 — library/{tier}/LICENSE·SOURCES 참조 (ledger B5)
distractors,data/pallet/assets/distractors/library/small/gso__Justified_The_Complete_Fourth_Season_3_Discs_DVD/metadata.pbtxt,615,610a2ff05537ddd1f5da637d0504d4a9e28678eb27f6e9955305078bb1628034,metadata,CC0 / CC-BY 4.0 — library/{tier}/LICENSE·SOURCES 참조 (ledger B5)
distractors,data/pallet/assets/distractors/library/small/gso__Justified_The_Complete_Fourth_Season_3_Discs_DVD/model.config,607,a7b28670e24f79d56a0c9e504192ca47b54e183e66bdea09c8683559709d561f,model,CC0 / CC-BY 4.0 — library/{tier}/LICENSE·SOURCES 참조 (ledger B5)
distractors,data/pallet/assets/distractors/library/small/gso__Justified_The_Complete_Fourth_Season_3_Discs_DVD/model.sdf,781,d1e08d92e9bc29dd559570cb88b8e91ba226a092601a294290c669a018cdb9f9,model,CC0 / CC-BY 4.0 — library/{tier}/LICENSE·SOURCES 참조 (ledger B5)
distractors,data/pallet/assets/distractors/library/small/gso__KS_Chocolate_Cube_Box_Assortment_By_Neuhaus_2010_Ounces/materials/textures/texture.png,10904673,ffcee7b1ff5d3e2002bf425df78f6b7c6d8134cee3df211d5292ad27fbfaa077,texture,CC0 / CC-BY 4.0 — library/{tier}/LICENSE·SOURCES 참조 (ledger B5)
distractors,data/pallet/assets/distractors/library/small/gso__KS_Chocolate_Cube_Box_Assortment_By_Neuhaus_2010_Ounces/meshes/model.mtl,444,3f95530679f169527864c1449868794e574c999561f3dba59ec96cc2b1aaafeb,model,CC0 / CC-BY 4.0 — library/{tier}/LICENSE·SOURCES 참조 (ledger B5)
distractors,data/pallet/assets/distractors/library/small/gso__KS_Chocolate_Cube_Box_Assortment_By_Neuhaus_2010_Ounces/meshes/model.obj,1187656,faaffeb1762dccbddff36b90c65c71ebc53216760e6f7abf3b7ea809e19773e7,model,CC0 / CC-BY 4.0 — library/{tier}/LICENSE·SOURCES 참조 (ledger B5)
distractors,data/pallet/assets/distractors/library/small/gso__KS_Chocolate_Cube_Box_Assortment_By_Neuhaus_2010_Ounces/metadata.pbtxt,620,ba7feaf7a0f01bc4fddddedf7889c82f7b96a1ecbfbfade214761b2a0d285eba,metadata,CC0 / CC-BY 4.0 — library/{tier}/LICENSE·SOURCES 참조 (ledger B5)
distractors,data/pallet/assets/distractors/library/small/gso__KS_Chocolate_Cube_Box_Assortment_By_Neuhaus_2010_Ounces/model.config,617,164f61b2c61f267d99ae2f4a2d26a377df7b8bc73d4958eba3e4bd5e5d40cb8d,model,CC0 / CC-BY 4.0 — library/{tier}/LICENSE·SOURCES 참조 (ledger B5)
distractors,data/pallet/assets/distractors/library/small/gso__KS_Chocolate_Cube_Box_Assortment_By_Neuhaus_2010_Ounces/model.sdf,788,36ab5d16fd82cba662d3d2143f354f7cdbbd3446339aa64a8f9ba6d7362e270f,model,CC0 / CC-BY 4.0 — library/{tier}/LICENSE·SOURCES 참조 (ledger B5)
distractors,data/pallet/assets/distractors/library/small/gso__Kanex_MultiSync_Wireless_Keyboard/materials/textures/texture.png,11474928,f01ed0737861fc0b14171018e594d9c59f97b296c32ea0ef202ce14308d045e4,texture,CC0 / CC-BY 4.0 — library/{tier}/LICENSE·SOURCES 참조 (ledger B5)
distractors,data/pallet/assets/distractors/library/small/gso__Kanex_MultiSync_Wireless_Keyboard/meshes/model.mtl,444,3f95530679f169527864c1449868794e574c999561f3dba59ec96cc2b1aaafeb,model,CC0 / CC-BY 4.0 — library/{tier}/LICENSE·SOURCES 참조 (ledger B5)
distractors,data/pallet/assets/distractors/library/small/gso__Kanex_MultiSync_Wireless_Keyboard/meshes/model.obj,751379,e4ded2f0d70c1109833b95593c17e4d170d8582951578a189973a1dedf3eaf6f,model,CC0 / CC-BY 4.0 — library/{tier}/LICENSE·SOURCES 참조 (ledger B5)
distractors,data/pallet/assets/distractors/library/small/gso__Kanex_MultiSync_Wireless_Keyboard/metadata.pbtxt,575,7ccf98a7d4b741858e7ee49228f3c852fe24ac243c060955661aef65796d9f5b,metadata,CC0 / CC-BY 4.0 — library/{tier}/LICENSE·SOURCES 참조 (ledger B5)
distractors,data/pallet/assets/distractors/library/small/gso__Kanex_MultiSync_Wireless_Keyboard/model.config,575,77c73601341a1f4dc81588a75c5f5a96ff0098a32d58825b908b66fb99df95b0,model,CC0 / CC-BY 4.0 — library/{tier}/LICENSE·SOURCES 참조 (ledger B5)
distractors,data/pallet/assets/distractors/library/small/gso__Kanex_MultiSync_Wireless_Keyboard/model.sdf,766,a8b56b0c45c98df387d2c8dc231c94f867edbd6b6c2feeaaafff996b7ea941ac,model,CC0 / CC-BY 4.0 — library/{tier}/LICENSE·SOURCES 참조 (ledger B5)
distractors,data/pallet/assets/distractors/library/small/gso__LEGO_Bricks_More_Creative_Suitcase/materials/textures/texture.png,16837925,761fbbbfb63d4f1aef96e7a8c5ee9c48368a72dd1b893cc7247a423548f72d88,texture,CC0 / CC-BY 4.0 — library/{tier}/LICENSE·SOURCES 참조 (ledger B5)
distractors,data/pallet/assets/distractors/library/small/gso__LEGO_Bricks_More_Creative_Suitcase/meshes/model.mtl,444,3f95530679f169527864c1449868794e574c999561f3dba59ec96cc2b1aaafeb,model,CC0 / CC-BY 4.0 — library/{tier}/LICENSE·SOURCES 참조 (ledger B5)
distractors,data/pallet/assets/distractors/library/small/gso__LEGO_Bricks_More_Creative_Suitcase/meshes/model.obj,467977,81862290d5f03b60e2c516b6c57e41498089a70510b870371e1a7534aca2d687,model,CC0 / CC-BY 4.0 — library/{tier}/LICENSE·SOURCES 참조 (ledger B5)
distractors,data/pallet/assets/distractors/library/small/gso__LEGO_Bricks_More_Creative_Suitcase/metadata.pbtxt,616,94066a4c45a604f44aa14fa10479e286f28528cd113388feea1094a2eae30219,metadata,CC0 / CC-BY 4.0 — library/{tier}/LICENSE·SOURCES 참조 (ledger B5)
distractors,data/pallet/assets/distractors/library/small/gso__LEGO_Bricks_More_Creative_Suitcase/model.config,580,bf9bcbf3a2f342fec719e49fc2701d6b73bdd871330c45e2e66a53c8b7ae9ddc,model,CC0 / CC-BY 4.0 — library/{tier}/LICENSE·SOURCES 참조 (ledger B5)
distractors,data/pallet/assets/distractors/library/small/gso__LEGO_Bricks_More_Creative_Suitcase/model.sdf,767,c6dc385f3b5fda495833417e012b8368a07f41ae4d273f835f9437f0244b2b54,model,CC0 / CC-BY 4.0 — library/{tier}/LICENSE·SOURCES 참조 (ledger B5)
distractors,data/pallet/assets/distractors/library/small/gso__LEGO_City_Advent_Calendar/materials/textures/texture.png,20022964,8d712e8daec57a7ccf0028bfcbf0c0ac0abd699f1fb16267f4dc9c072ac0db44,texture,CC0 / CC-BY 4.0 — library/{tier}/LICENSE·SOURCES 참조 (ledger B5)
distractors,data/pallet/assets/distractors/library/small/gso__LEGO_City_Advent_Calendar/meshes/model.mtl,444,3f95530679f169527864c1449868794e574c999561f3dba59ec96cc2b1aaafeb,model,CC0 / CC-BY 4.0 — library/{tier}/LICENSE·SOURCES 참조 (ledger B5)
distractors,data/pallet/assets/distractors/library/small/gso__LEGO_City_Advent_Calendar/meshes/model.obj,157731,ed64708a1f4aad8b42d9dcf23e045c91acd2cc3c6d78c948e26269b2d3087c65,model,CC0 / CC-BY 4.0 — library/{tier}/LICENSE·SOURCES 참조 (ledger B5)
distractors,data/pallet/assets/distractors/library/small/gso__LEGO_City_Advent_Calendar/metadata.pbtxt,596,463e4a23c87861878ca83cca0850ecdf8f0f7f8bbb48a6792ca7e3d3bc58ae27,metadata,CC0 / CC-BY 4.0 — library/{tier}/LICENSE·SOURCES 참조 (ledger B5)
distractors,data/pallet/assets/distractors/library/small/gso__LEGO_City_Advent_Calendar/model.config,556,8f5e4d255b992598bf637b159463163b3e90b2c54c6f97710f834c4fa46c889b,model,CC0 / CC-BY 4.0 — library/{tier}/LICENSE·SOURCES 참조 (ledger B5)
distractors,data/pallet/assets/distractors/library/small/gso__LEGO_City_Advent_Calendar/model.sdf,758,bbbcff4e0530bc5a1698ac9493e6a01f09e3c643413415be07c43629a9c610ec,model,CC0 / CC-BY 4.0 — library/{tier}/LICENSE·SOURCES 참조 (ledger B5)
distractors,data/pallet/assets/distractors/library/small/gso__LEGO_Duplo_Build_and_Play_Box_4629/materials/textures/texture.png,11251809,63f838f12b8dc88181feb916ed352ea98ccc110031ab242bf7bd00a57865661e,texture,CC0 / CC-BY 4.0 — library/{tier}/LICENSE·SOURCES 참조 (ledger B5)
distractors,data/pallet/assets/distractors/library/small/gso__LEGO_Duplo_Build_and_Play_Box_4629/meshes/model.mtl,444,3f95530679f169527864c1449868794e574c999561f3dba59ec96cc2b1aaafeb,model,CC0 / CC-BY 4.0 — library/{tier}/LICENSE·SOURCES 참조 (ledger B5)
distractors,data/pallet/assets/distractors/library/small/gso__LEGO_Duplo_Build_and_Play_Box_4629/meshes/model.obj,5213950,46d0d96b8a0d600a6e7678ff64198ab9ebc9f6a22d71d5023acdfb6220794fbb,model,CC0 / CC-BY 4.0 — library/{tier}/LICENSE·SOURCES 참조 (ledger B5)
distractors,data/pallet/assets/distractors/library/small/gso__LEGO_Duplo_Build_and_Play_Box_4629/metadata.pbtxt,572,1cf9f0fdccb36ea02a76f916a5b91e194cb32ed84a0d5536c5065197af2c1c96,metadata,CC0 / CC-BY 4.0 — library/{tier}/LICENSE·SOURCES 참조 (ledger B5)
distractors,data/pallet/assets/distractors/library/small/gso__LEGO_Duplo_Build_and_Play_Box_4629/model.config,576,1dc84cc98265031c5cc6047bc0b01a8d903ceac9677fade769f5514d603c374e,model,CC0 / CC-BY 4.0 — library/{tier}/LICENSE·SOURCES 참조 (ledger B5)
distractors,data/pallet/assets/distractors/library/small/gso__LEGO_Duplo_Build_and_Play_Box_4629/model.sdf,767,689a9a69e7ec7c5cfccea59e28151ed08490f856db88c79cc8ce1f6f35da1026,model,CC0 / CC-BY 4.0 — library/{tier}/LICENSE·SOURCES 참조 (ledger B5)
distractors,data/pallet/assets/distractors/library/small/gso__LEGO_Star_Wars_Advent_Calendar/materials/textures/texture.png,19612248,1b7b66ac6b2805102d11a1ee2b0e53544b2a5d21d318ba9fc46b97ef3bf8cef4,texture,CC0 / CC-BY 4.0 — library/{tier}/LICENSE·SOURCES 참조 (ledger B5)
distractors,data/pallet/assets/distractors/library/small/gso__LEGO_Star_Wars_Advent_Calendar/meshes/model.mtl,444,3f95530679f169527864c1449868794e574c999561f3dba59ec96cc2b1aaafeb,model,CC0 / CC-BY 4.0 — library/{tier}/LICENSE·SOURCES 참조 (ledger B5)
distractors,data/pallet/assets/distractors/library/small/gso__LEGO_Star_Wars_Advent_Calendar/meshes/model.obj,216840,d073d0ece7cc518be8ccc03ca9cda8cb21fabdb5fac1d3385f8d0c46658c8feb,model,CC0 / CC-BY 4.0 — library/{tier}/LICENSE·SOURCES 참조 (ledger B5)
distractors,data/pallet/assets/distractors/library/small/gso__LEGO_Star_Wars_Advent_Calendar/metadata.pbtxt,606,a310a27125565cd05756e189bfcae85d6599cedca43b89bfc951021acc9fc275,metadata,CC0 / CC-BY 4.0 — library/{tier}/LICENSE·SOURCES 참조 (ledger B5)
distractors,data/pallet/assets/distractors/library/small/gso__LEGO_Star_Wars_Advent_Calendar/model.config,566,7a7a29f07d7f27ea4f4f02d0f714476c3686489d1233c951a1a735ede494fdae,model,CC0 / CC-BY 4.0 — library/{tier}/LICENSE·SOURCES 참조 (ledger B5)
distractors,data/pallet/assets/distractors/library/small/gso__LEGO_Star_Wars_Advent_Calendar/model.sdf,763,bb1366ffd1f4dff24400b881067b2978bf87d8b170b1c0d04fb6158d2c23a279,model,CC0 / CC-BY 4.0 — library/{tier}/LICENSE·SOURCES 참조 (ledger B5)
distractors,data/pallet/assets/distractors/library/small/gso__Little_Debbie_Chocolate_Cupcakes_8_ct/materials/textures/texture.png,17448450,7c3067f4f02216962fbc3711b1258a779d0f4d29e1b2801d4a39ca2f47aff66d,texture,CC0 / CC-BY 4.0 — library/{tier}/LICENSE·SOURCES 참조 (ledger B5)
distractors,data/pallet/assets/distractors/library/small/gso__Little_Debbie_Chocolate_Cupcakes_8_ct/meshes/model.mtl,444,3f95530679f169527864c1449868794e574c999561f3dba59ec96cc2b1aaafeb,model,CC0 / CC-BY 4.0 — library/{tier}/LICENSE·SOURCES 참조 (ledger B5)
distractors,data/pallet/assets/distractors/library/small/gso__Little_Debbie_Chocolate_Cupcakes_8_ct/meshes/model.obj,252766,629670078ac3e6d3aa5e7b730a04bc2e0f3cdd4a47c993bf93c290d561144f51,model,CC0 / CC-BY 4.0 — library/{tier}/LICENSE·SOURCES 참조 (ledger B5)
distractors,data/pallet/assets/distractors/library/small/gso__Little_Debbie_Chocolate_Cupcakes_8_ct/metadata.pbtxt,587,fe38c7f532c7a1102c180ed21287d096ce991efd95ffc6232eee198ef460dda3,metadata,CC0 / CC-BY 4.0 — library/{tier}/LICENSE·SOURCES 참조 (ledger B5)
distractors,data/pallet/assets/distractors/library/small/gso__Little_Debbie_Chocolate_Cupcakes_8_ct/model.config,580,c97967d12ff0fe93d1bf918caf0be5b4d7f57bea3f89b78a94370fa0cd7cb31a,model,CC0 / CC-BY 4.0 — library/{tier}/LICENSE·SOURCES 참조 (ledger B5)
distractors,data/pallet/assets/distractors/library/small/gso__Little_Debbie_Chocolate_Cupcakes_8_ct/model.sdf,770,4ea87f204f15f8cbb579a77550771c6932cef49f520d3b93da452ab0af387d88,model,CC0 / CC-BY 4.0 — library/{tier}/LICENSE·SOURCES 참조 (ledger B5)
distractors,data/pallet/assets/distractors/library/small/gso__Little_Debbie_Cloud_Cakes_10_ct/materials/textures/texture.png,14400319,324076d46be2849550b247d0915e2e0a8090ccfe1f8d3db914356046e2e88498,texture,CC0 / CC-BY 4.0 — library/{tier}/LICENSE·SOURCES 참조 (ledger B5)
distractors,data/pallet/assets/distractors/library/small/gso__Little_Debbie_Cloud_Cakes_10_ct/meshes/model.mtl,444,3f95530679f169527864c1449868794e574c999561f3dba59ec96cc2b1aaafeb,model,CC0 / CC-BY 4.0 — library/{tier}/LICENSE·SOURCES 참조 (ledger B5)
distractors,data/pallet/assets/distractors/library/small/gso__Little_Debbie_Cloud_Cakes_10_ct/meshes/model.obj,207734,f3a35317022a9d6f7ca71e0370141362c9f73b6eabb00bada5a74ab53d29a752,model,CC0 / CC-BY 4.0 — library/{tier}/LICENSE·SOURCES 참조 (ledger B5)
distractors,data/pallet/assets/distractors/library/small/gso__Little_Debbie_Cloud_Cakes_10_ct/metadata.pbtxt,575,34c29341c1cecd31b6cd6454c3733697943b919f98c2f929fe3adac9c65fc7e6,metadata,CC0 / CC-BY 4.0 — library/{tier}/LICENSE·SOURCES 참조 (ledger B5)
distractors,data/pallet/assets/distractors/library/small/gso__Little_Debbie_Cloud_Cakes_10_ct/model.config,568,849afa633b9b9cae2e76129b2b4b18c4771287a8f2145586066b51ade2baf27a,model,CC0 / CC-BY 4.0 — library/{tier}/LICENSE·SOURCES 참조 (ledger B5)
distractors,data/pallet/assets/distractors/library/small/gso__Little_Debbie_Cloud_Cakes_10_ct/model.sdf,764,b2412c539289ebccc0ebeeb93876f3c40c11cbd94c92924be77a8ee5d3719f38,model,CC0 / CC-BY 4.0 — library/{tier}/LICENSE·SOURCES 참조 (ledger B5)
distractors,data/pallet/assets/distractors/library/small/gso__Little_Debbie_Donut_Sticks_6_cake_donuts_10_oz_total/materials/textures/texture.png,15205638,54b3442be2828816b4cd73c3ebd63c089ae7ccfd19055b56f8c89cdb2e03333b,texture,CC0 / CC-BY 4.0 — library/{tier}/LICENSE·SOURCES 참조 (ledger B5)
distractors,data/pallet/assets/distractors/library/small/gso__Little_Debbie_Donut_Sticks_6_cake_donuts_10_oz_total/meshes/model.mtl,444,3f95530679f169527864c1449868794e574c999561f3dba59ec96cc2b1aaafeb,model,CC0 / CC-BY 4.0 — library/{tier}/LICENSE·SOURCES 참조 (ledger B5)
distractors,data/pallet/assets/distractors/library/small/gso__Little_Debbie_Donut_Sticks_6_cake_donuts_10_oz_total/meshes/model.obj,191747,c2f87d03dac2ef0602fdc605fc0bbfd888bb55941e0610b3d60c7831090b3dfb,model,CC0 / CC-BY 4.0 — library/{tier}/LICENSE·SOURCES 참조 (ledger B5)
distractors,data/pallet/assets/distractors/library/small/gso__Little_Debbie_Donut_Sticks_6_cake_donuts_10_oz_total/metadata.pbtxt,621,9bfb04f8192a3b009b5531b9c39a19b69b3e436cdbff586c5dbbf496ebeaae23,metadata,CC0 / CC-BY 4.0 — library/{tier}/LICENSE·SOURCES 참조 (ledger B5)
distractors,data/pallet/assets/distractors/library/small/gso__Little_Debbie_Donut_Sticks_6_cake_donuts_10_oz_total/model.config,614,a89fbb11ec5ccabab024aa862899e7be1347364cb06f321492dc2150c093dcae,model,CC0 / CC-BY 4.0 — library/{tier}/LICENSE·SOURCES 참조 (ledger B5)
distractors,data/pallet/assets/distractors/library/small/gso__Little_Debbie_Donut_Sticks_6_cake_donuts_10_oz_total/model.sdf,785,d7a66ae2daa88a5b75b4b492051fe4c18c274dd140cc02ac597b4255414979a9,model,CC0 / CC-BY 4.0 — library/{tier}/LICENSE·SOURCES 참조 (ledger B5)
distractors,data/pallet/assets/distractors/library/small/gso__Mario_Party_9_Wii_Game/materials/textures/texture.png,14971485,f8d694157f91efbf8349bb8cbe52a869d81b56ff7183d8ba475b2cf74143ec8d,texture,CC0 / CC-BY 4.0 — library/{tier}/LICENSE·SOURCES 참조 (ledger B5)
distractors,data/pallet/assets/distractors/library/small/gso__Mario_Party_9_Wii_Game/meshes/model.mtl,444,3f95530679f169527864c1449868794e574c999561f3dba59ec96cc2b1aaafeb,model,CC0 / CC-BY 4.0 — library/{tier}/LICENSE·SOURCES 참조 (ledger B5)
distractors,data/pallet/assets/distractors/library/small/gso__Mario_Party_9_Wii_Game/meshes/model.obj,230350,5a62758b8f18e1a426bfde17f3ccaf08cc1f1115b182833bfc9f447626d55074,model,CC0 / CC-BY 4.0 — library/{tier}/LICENSE·SOURCES 참조 (ledger B5)
distractors,data/pallet/assets/distractors/library/small/gso__Mario_Party_9_Wii_Game/metadata.pbtxt,567,3df335beb1a43c9a7beb73a71a6ba43979a33130f52ca621a9fc12cca393079a,metadata,CC0 / CC-BY 4.0 — library/{tier}/LICENSE·SOURCES 참조 (ledger B5)
distractors,data/pallet/assets/distractors/library/small/gso__Mario_Party_9_Wii_Game/model.config,552,360de908031d0b984a7b5348e2d0d2cf53256f223a94381daf186402ecf7166e,model,CC0 / CC-BY 4.0 — library/{tier}/LICENSE·SOURCES 참조 (ledger B5)
distractors,data/pallet/assets/distractors/library/small/gso__Mario_Party_9_Wii_Game/model.sdf,755,4822701935c83208e2cd20f6f82dda3f67486a933740502d4a5725885cbffe67,model,CC0 / CC-BY 4.0 — library/{tier}/LICENSE·SOURCES 참조 (ledger B5)
distractors,data/pallet/assets/distractors/library/small/gso__Markings_Letter_Holder/materials/textures/texture.png,9911038,c87c8afbbc0a0a9f7a53c1e3a263d34c627f978dc8feddda8a684a021cf42a6f,texture,CC0 / CC-BY 4.0 — library/{tier}/LICENSE·SOURCES 참조 (ledger B5)
distractors,data/pallet/assets/distractors/library/small/gso__Markings_Letter_Holder/meshes/model.mtl,444,3f95530679f169527864c1449868794e574c999561f3dba59ec96cc2b1aaafeb,model,CC0 / CC-BY 4.0 — library/{tier}/LICENSE·SOURCES 참조 (ledger B5)
distractors,data/pallet/assets/distractors/library/small/gso__Markings_Letter_Holder/meshes/model.obj,1693373,45d615b118e832b8f47e3c00a50ccc3e4d7d098abde447b667cb025eb759f4a8,model,CC0 / CC-BY 4.0 — library/{tier}/LICENSE·SOURCES 참조 (ledger B5)
distractors,data/pallet/assets/distractors/library/small/gso__Markings_Letter_Holder/metadata.pbtxt,533,9f7642c1f12060d3187e0250732521c135aa24d968f2f1c5540e46ac101e419f,metadata,CC0 / CC-BY 4.0 — library/{tier}/LICENSE·SOURCES 참조 (ledger B5)
distractors,data/pallet/assets/distractors/library/small/gso__Markings_Letter_Holder/model.config,550,53eab0e24bcf45314a30ce421470b3f3a350b5dae60f2110e382125fd93eb016,model,CC0 / CC-BY 4.0 — library/{tier}/LICENSE·SOURCES 참조 (ledger B5)
distractors,data/pallet/assets/distractors/library/small/gso__Markings_Letter_Holder/model.sdf,755,4ed98850f9ffc0466e6fe3d63a5989ef96db468fe29ac1136b6159a89b981e37,model,CC0 / CC-BY 4.0 — library/{tier}/LICENSE·SOURCES 참조 (ledger B5)
distractors,data/pallet/assets/distractors/library/small/gso__Mastic_Gum/materials/textures/texture.png,9642029,f72689b1425133092fe0f30989e7f2535b11ce860b42fd0cf3d8f99cedb8ec74,texture,CC0 / CC-BY 4.0 — library/{tier}/LICENSE·SOURCES 참조 (ledger B5)
distractors,data/pallet/assets/distractors/library/small/gso__Mastic_Gum/meshes/model.mtl,444,3f95530679f169527864c1449868794e574c999561f3dba59ec96cc2b1aaafeb,model,CC0 / CC-BY 4.0 — library/{tier}/LICENSE·SOURCES 참조 (ledger B5)
distractors,data/pallet/assets/distractors/library/small/gso__Mastic_Gum/meshes/model.obj,670205,87e4429c3b10dbecc68589c52c74efed468822b3f906a0496cff3e497b642cdd,model,CC0 / CC-BY 4.0 — library/{tier}/LICENSE·SOURCES 참조 (ledger B5)
distractors,data/pallet/assets/distractors/library/small/gso__Mastic_Gum/metadata.pbtxt,594,bab39ec7a94d01f781db41e250077b000e82a40e8574e9b69175fe11b75d9410,metadata,CC0 / CC-BY 4.0 — library/{tier}/LICENSE·SOURCES 참조 (ledger B5)
distractors,data/pallet/assets/distractors/library/small/gso__Mastic_Gum/model.config,526,8f284d236c60f5ac30da1dceae2f5c973637d2a37a60cf92555b0aa55a2686f2,model,CC0 / CC-BY 4.0 — library/{tier}/LICENSE·SOURCES 참조 (ledger B5)
distractors,data/pallet/assets/distractors/library/small/gso__Mastic_Gum/model.sdf,743,e0d238c69a34c404ade285bc406c3f8eb72f8f00668ed834bd208fb55f0544b8,model,CC0 / CC-BY 4.0 — library/{tier}/LICENSE·SOURCES 참조 (ledger B5)
distractors,data/pallet/assets/distractors/library/small/gso__Mens_Striper_Sneaker_in_White_rnp8HUli59Y/materials/textures/texture.png,9979120,67e6dac0c93f9f9c32f6f2a2f388883a68654a63108667586a540b20921b32b1,texture,CC0 / CC-BY 4.0 — library/{tier}/LICENSE·SOURCES 참조 (ledger B5)
distractors,data/pallet/assets/distractors/library/small/gso__Mens_Striper_Sneaker_in_White_rnp8HUli59Y/meshes/model.mtl,444,3f95530679f169527864c1449868794e574c999561f3dba59ec96cc2b1aaafeb,model,CC0 / CC-BY 4.0 — library/{tier}/LICENSE·SOURCES 참조 (ledger B5)
distractors,data/pallet/assets/distractors/library/small/gso__Mens_Striper_Sneaker_in_White_rnp8HUli59Y/meshes/model.obj,2589187,2deb513ab8c7c21cac60ab685ba156d47482cdc0e59c7dcc7d8c4cdb7d98f635,model,CC0 / CC-BY 4.0 — library/{tier}/LICENSE·SOURCES 참조 (ledger B5)
distractors,data/pallet/assets/distractors/library/small/gso__Mens_Striper_Sneaker_in_White_rnp8HUli59Y/metadata.pbtxt,662,f6f22f1ab75f660d28c76e7c3faeae193fb437a087ee02a3a8ec390cf8dffaae,metadata,CC0 / CC-BY 4.0 — library/{tier}/LICENSE·SOURCES 참조 (ledger B5)
distractors,data/pallet/assets/distractors/library/small/gso__Mens_Striper_Sneaker_in_White_rnp8HUli59Y/model.config,599,d16debd9bae239706a7eb6ba5e4e9dc784604737959f1ca098141e0652c58af7,model,CC0 / CC-BY 4.0 — library/{tier}/LICENSE·SOURCES 참조 (ledger B5)
distractors,data/pallet/assets/distractors/library/small/gso__Mens_Striper_Sneaker_in_White_rnp8HUli59Y/model.sdf,774,65a8df47c44e82061c888ac2c09e82b13a4aad6a96334eea12eb94e93b942c50,model,CC0 / CC-BY 4.0 — library/{tier}/LICENSE·SOURCES 참조 (ledger B5)
distractors,data/pallet/assets/distractors/library/small/gso__My_Monopoly_Board_Game/materials/textures/texture.png,18588461,db7061c74c6f425b7ce8614a369ee1ca25cd3ca4ec28f7c9b36bf8c1787b4dd7,texture,CC0 / CC-BY 4.0 — library/{tier}/LICENSE·SOURCES 참조 (ledger B5)
distractors,data/pallet/assets/distractors/library/small/gso__My_Monopoly_Board_Game/meshes/model.mtl,444,3f95530679f169527864c1449868794e574c999561f3dba59ec96cc2b1aaafeb,model,CC0 / CC-BY 4.0 — library/{tier}/LICENSE·SOURCES 참조 (ledger B5)
distractors,data/pallet/assets/distractors/library/small/gso__My_Monopoly_Board_Game/meshes/model.obj,107835,fa6f71ad4011915d003f395d90a6ec142854e2f3020d9511e09a458ae245ee5c,model,CC0 / CC-BY 4.0 — library/{tier}/LICENSE·SOURCES 참조 (ledger B5)
distractors,data/pallet/assets/distractors/library/small/gso__My_Monopoly_Board_Game/metadata.pbtxt,552,bf3a42c5777952f7344d4ba21d82a2260e3eb3c43035be081b3bdfc33edd3024,metadata,CC0 / CC-BY 4.0 — library/{tier}/LICENSE·SOURCES 참조 (ledger B5)
distractors,data/pallet/assets/distractors/library/small/gso__My_Monopoly_Board_Game/model.config,550,8be9455c4abbb210d51f4092f2a66197d202cdc8c28a3225c93fe98a4fde45c3,model,CC0 / CC-BY 4.0 — library/{tier}/LICENSE·SOURCES 참조 (ledger B5)
distractors,data/pallet/assets/distractors/library/small/gso__My_Monopoly_Board_Game/model.sdf,755,0fe833dd719ebd76555d6a887e444ae8b8b0386d8c63e2f20d9f1a0651b6c22e,model,CC0 / CC-BY 4.0 — library/{tier}/LICENSE·SOURCES 참조 (ledger B5)
distractors,data/pallet/assets/distractors/library/small/gso__Nescafe_Tasters_Choice_Instant_Coffee_Decaf_House_Blend_Light_7_oz/materials/textures/texture.png,11282660,d6732861e536bef5aff7804cc64fe95f81f8eaba68ae92e4318bd1b1af8387b1,texture,CC0 / CC-BY 4.0 — library/{tier}/LICENSE·SOURCES 참조 (ledger B5)
distractors,data/pallet/assets/distractors/library/small/gso__Nescafe_Tasters_Choice_Instant_Coffee_Decaf_House_Blend_Light_7_oz/meshes/model.mtl,444,3f95530679f169527864c1449868794e574c999561f3dba59ec96cc2b1aaafeb,model,CC0 / CC-BY 4.0 — library/{tier}/LICENSE·SOURCES 참조 (ledger B5)
distractors,data/pallet/assets/distractors/library/small/gso__Nescafe_Tasters_Choice_Instant_Coffee_Decaf_House_Blend_Light_7_oz/meshes/model.obj,796616,b7c961dabad07595b282d161c8a3d551cac34319ab1647d073ce04b9f9226255,model,CC0 / CC-BY 4.0 — library/{tier}/LICENSE·SOURCES 참조 (ledger B5)
distractors,data/pallet/assets/distractors/library/small/gso__Nescafe_Tasters_Choice_Instant_Coffee_Decaf_House_Blend_Light_7_oz/metadata.pbtxt,687,d65e265a2c1e7be4216af8eef859d73dd24ddba660dd3896524f35de44a76dd6,metadata,CC0 / CC-BY 4.0 — library/{tier}/LICENSE·SOURCES 참조 (ledger B5)
distractors,data/pallet/assets/distractors/library/small/gso__Nescafe_Tasters_Choice_Instant_Coffee_Decaf_House_Blend_Light_7_oz/model.config,643,d84ea5cb2a93ad33ead739b7230d8704515e2ffb0bbf11f5e38f1b02fe3a6162,model,CC0 / CC-BY 4.0 — library/{tier}/LICENSE·SOURCES 참조 (ledger B5)
distractors,data/pallet/assets/distractors/library/small/gso__Nescafe_Tasters_Choice_Instant_Coffee_Decaf_House_Blend_Light_7_oz/model.sdf,799,5b632fdb12fd9b835c9a424cf290e0b67c0a00f1549cd103c50c63309f9fa090,model,CC0 / CC-BY 4.0 — library/{tier}/LICENSE·SOURCES 참조 (ledger B5)
distractors,data/pallet/assets/distractors/library/small/gso__Nestle_Carnation_Cinnamon_Coffeecake_Kit_1913OZ/materials/textures/texture.png,15284497,00c81ea880e86bca30f9b47a81d0098c0bcf399ec7caa545fb126e686623dbdf,texture,CC0 / CC-BY 4.0 — library/{tier}/LICENSE·SOURCES 참조 (ledger B5)
distractors,data/pallet/assets/distractors/library/small/gso__Nestle_Carnation_Cinnamon_Coffeecake_Kit_1913OZ/meshes/model.mtl,444,3f95530679f169527864c1449868794e574c999561f3dba59ec96cc2b1aaafeb,model,CC0 / CC-BY 4.0 — library/{tier}/LICENSE·SOURCES 참조 (ledger B5)
distractors,data/pallet/assets/distractors/library/small/gso__Nestle_Carnation_Cinnamon_Coffeecake_Kit_1913OZ/meshes/model.obj,165954,c507c40eff92f06752d54518e53c3d939c5560f9838b4c53d167adc27c4ed719,model,CC0 / CC-BY 4.0 — library/{tier}/LICENSE·SOURCES 참조 (ledger B5)
distractors,data/pallet/assets/distractors/library/small/gso__Nestle_Carnation_Cinnamon_Coffeecake_Kit_1913OZ/metadata.pbtxt,608,7209e03f15e51aef92dc0c0c12d3259c32b63d5483297ea21a38afb1bf60cecc,metadata,CC0 / CC-BY 4.0 — library/{tier}/LICENSE·SOURCES 참조 (ledger B5)
distractors,data/pallet/assets/distractors/library/small/gso__Nestle_Carnation_Cinnamon_Coffeecake_Kit_1913OZ/model.config,601,4ea2d231bcefaaafa36e862d810b92df2f8cb4e4b5717e138b82ae20b4223189,model,CC0 / CC-BY 4.0 — library/{tier}/LICENSE·SOURCES 참조 (ledger B5)
distractors,data/pallet/assets/distractors/library/small/gso__Nestle_Carnation_Cinnamon_Coffeecake_Kit_1913OZ/model.sdf,780,eca6c3deda87ac579f0335f015ea5b05f44ece60df73b2ff76ccece117c0dc4f,model,CC0 / CC-BY 4.0 — library/{tier}/LICENSE·SOURCES 참조 (ledger B5)
distractors,data/pallet/assets/distractors/library/small/gso__Nestle_Nesquik_Chocolate_Powder_Flavored_Milk_Additive_109_Oz_Canister/materials/textures/texture.png,11302672,a97e1efb1f35941ae27520106d9f7fed67838bdc0c11cf33c4ab92cbbd800cf8,texture,CC0 / CC-BY 4.0 — library/{tier}/LICENSE·SOURCES 참조 (ledger B5)
distractors,data/pallet/assets/distractors/library/small/gso__Nestle_Nesquik_Chocolate_Powder_Flavored_Milk_Additive_109_Oz_Canister/meshes/model.mtl,444,3f95530679f169527864c1449868794e574c999561f3dba59ec96cc2b1aaafeb,model,CC0 / CC-BY 4.0 — library/{tier}/LICENSE·SOURCES 참조 (ledger B5)
distractors,data/pallet/assets/distractors/library/small/gso__Nestle_Nesquik_Chocolate_Powder_Flavored_Milk_Additive_109_Oz_Canister/meshes/model.obj,1296548,b496fb7e4ae487be1c3dd3e910acdc7a551876fd744724b57724f5a21fa92b66,model,CC0 / CC-BY 4.0 — library/{tier}/LICENSE·SOURCES 참조 (ledger B5)
distractors,data/pallet/assets/distractors/library/small/gso__Nestle_Nesquik_Chocolate_Powder_Flavored_Milk_Additive_109_Oz_Canister/metadata.pbtxt,2173,82c12837fb8dad23b45a3fa1a5ebeb127cf6516bfd1fcf47cf1623b710f5f36d,metadata,CC0 / CC-BY 4.0 — library/{tier}/LICENSE·SOURCES 참조 (ledger B5)
distractors,data/pallet/assets/distractors/library/small/gso__Nestle_Nesquik_Chocolate_Powder_Flavored_Milk_Additive_109_Oz_Canister/model.config,2109,1a46ac052e3f037961854e38bacb6ab23fd40e00af7917205feae4841ac8ed93,model,CC0 / CC-BY 4.0 — library/{tier}/LICENSE·SOURCES 참조 (ledger B5)
distractors,data/pallet/assets/distractors/library/small/gso__Nestle_Nesquik_Chocolate_Powder_Flavored_Milk_Additive_109_Oz_Canister/model.sdf,803,c7bfe1824526c858bc4fd1a3c03bca34eef26465b36a0d80f28192c88939761e,model,CC0 / CC-BY 4.0 — library/{tier}/LICENSE·SOURCES 참조 (ledger B5)
distractors,data/pallet/assets/distractors/library/small/gso__Netgear_N750_Wireless_Dual_Band_Gigabit_Router/materials/textures/texture.png,14500401,5c3bc9e55bc8fda122a93f6caad8f9fda58a1c0d4132eeb145a41533b3878ffa,texture,CC0 / CC-BY 4.0 — library/{tier}/LICENSE·SOURCES 참조 (ledger B5)
distractors,data/pallet/assets/distractors/library/small/gso__Netgear_N750_Wireless_Dual_Band_Gigabit_Router/meshes/model.mtl,444,3f95530679f169527864c1449868794e574c999561f3dba59ec96cc2b1aaafeb,model,CC0 / CC-BY 4.0 — library/{tier}/LICENSE·SOURCES 참조 (ledger B5)
distractors,data/pallet/assets/distractors/library/small/gso__Netgear_N750_Wireless_Dual_Band_Gigabit_Router/meshes/model.obj,163582,6914998bcfe0aa5def22b2dc441f10eeca17caa63123a598e75c4bfbb5976b79,model,CC0 / CC-BY 4.0 — library/{tier}/LICENSE·SOURCES 참조 (ledger B5)
distractors,data/pallet/assets/distractors/library/small/gso__Netgear_N750_Wireless_Dual_Band_Gigabit_Router/metadata.pbtxt,649,ff293b0a4da5f816b824955d5202dd309d3f0a3d85ecbe406ba1aaefb8d5970d,metadata,CC0 / CC-BY 4.0 — library/{tier}/LICENSE·SOURCES 참조 (ledger B5)
distractors,data/pallet/assets/distractors/library/small/gso__Netgear_N750_Wireless_Dual_Band_Gigabit_Router/model.config,598,245b025996f52950e520105f0967ad40d093f8acacd89400984fa13544f29419,model,CC0 / CC-BY 4.0 — library/{tier}/LICENSE·SOURCES 참조 (ledger B5)
distractors,data/pallet/assets/distractors/library/small/gso__Netgear_N750_Wireless_Dual_Band_Gigabit_Router/model.sdf,779,b609d825ebd6fae4624cc55c7cb91d4f0681dd17cb67375802f4c067a1be4e06,model,CC0 / CC-BY 4.0 — library/{tier}/LICENSE·SOURCES 참조 (ledger B5)
distractors,data/pallet/assets/distractors/library/small/gso__New_Super_Mario_BrosWii_Wii_Game/materials/textures/texture.png,13808759,38c5b7434473761c87da450aee1c25c61192d2f109a39e7aff366d3ccc0aa41f,texture,CC0 / CC-BY 4.0 — library/{tier}/LICENSE·SOURCES 참조 (ledger B5)
distractors,data/pallet/assets/distractors/library/small/gso__New_Super_Mario_BrosWii_Wii_Game/meshes/model.mtl,444,3f95530679f169527864c1449868794e574c999561f3dba59ec96cc2b1aaafeb,model,CC0 / CC-BY 4.0 — library/{tier}/LICENSE·SOURCES 참조 (ledger B5)
distractors,data/pallet/assets/distractors/library/small/gso__New_Super_Mario_BrosWii_Wii_Game/meshes/model.obj,274680,30665daa8cee9223a6d4405a00c088c6213889f1a724f6591b06072134e1d466,model,CC0 / CC-BY 4.0 — library/{tier}/LICENSE·SOURCES 참조 (ledger B5)
distractors,data/pallet/assets/distractors/library/small/gso__New_Super_Mario_BrosWii_Wii_Game/metadata.pbtxt,583,7db858907422378f015b77216372354dda840f99ebfefc1056b1e5c982aff146,metadata,CC0 / CC-BY 4.0 — library/{tier}/LICENSE·SOURCES 참조 (ledger B5)
distractors,data/pallet/assets/distractors/library/small/gso__New_Super_Mario_BrosWii_Wii_Game/model.config,573,372f6af9ec71304e9b13cc26b98677ffcb2c9d766fddd178ef04acb0830fa586,model,CC0 / CC-BY 4.0 — library/{tier}/LICENSE·SOURCES 참조 (ledger B5)
distractors,data/pallet/assets/distractors/library/small/gso__New_Super_Mario_BrosWii_Wii_Game/model.sdf,765,6e66aa0ce2c109df4086f8a8df69a90f4cd67b6f32f00234c34124fa42b460e7,model,CC0 / CC-BY 4.0 — library/{tier}/LICENSE·SOURCES 참조 (ledger B5)
distractors,data/pallet/assets/distractors/library/small/gso__Nikon_1_AW1_w11275mm_Lens_Silver/materials/textures/texture.png,14918718,6203baeb6c8475340e7a9d0f187920a3a72702a8b7fff44ee7498c8c2eb27154,texture,CC0 / CC-BY 4.0 — library/{tier}/LICENSE·SOURCES 참조 (ledger B5)
distractors,data/pallet/assets/distractors/library/small/gso__Nikon_1_AW1_w11275mm_Lens_Silver/meshes/model.mtl,549,4f9ab771a3effc51d50466f99327d4a905fc47f9db3bc0a2b91f4892c7d9371c,model,CC0 / CC-BY 4.0 — library/{tier}/LICENSE·SOURCES 참조 (ledger B5)
distractors,data/pallet/assets/distractors/library/small/gso__Nikon_1_AW1_w11275mm_Lens_Silver/meshes/model.obj,828749,0c653e4f1244c4fdc1412c63704a7664a9ea9d23acae5f904b71e9062a7fb616,model,CC0 / CC-BY 4.0 — library/{tier}/LICENSE·SOURCES 참조 (ledger B5)
distractors,data/pallet/assets/distractors/library/small/gso__Nikon_1_AW1_w11275mm_Lens_Silver/metadata.pbtxt,875,c73211541b5b9e92bf96f8b2062e4f2d40e5708426ee9d42c67dbaa3620817b9,metadata,CC0 / CC-BY 4.0 — library/{tier}/LICENSE·SOURCES 참조 (ledger B5)
distractors,data/pallet/assets/distractors/library/small/gso__Nikon_1_AW1_w11275mm_Lens_Silver/model.config,840,4fe83bcea14f54c2311f11e49fd7d8c070a81ddc6e685864bf46b7e671205a6a,model,CC0 / CC-BY 4.0 — library/{tier}/LICENSE·SOURCES 참조 (ledger B5)
distractors,data/pallet/assets/distractors/library/small/gso__Nikon_1_AW1_w11275mm_Lens_Silver/model.sdf,765,77600072626762409f9ab42ca59b4b3f417e794c1094081ee26c8b19a9a21540,model,CC0 / CC-BY 4.0 — library/{tier}/LICENSE·SOURCES 참조 (ledger B5)
distractors,data/pallet/assets/distractors/library/small/gso__Nintendo_Wii_Party_U_with_Controller_Wii_U_Game/materials/textures/texture.png,14233785,a54caedb7ec3b9f7a25753c8755207cc054d63ea2846460b5833199fbdbdedea,texture,CC0 / CC-BY 4.0 — library/{tier}/LICENSE·SOURCES 참조 (ledger B5)
distractors,data/pallet/assets/distractors/library/small/gso__Nintendo_Wii_Party_U_with_Controller_Wii_U_Game/meshes/model.mtl,444,3f95530679f169527864c1449868794e574c999561f3dba59ec96cc2b1aaafeb,model,CC0 / CC-BY 4.0 — library/{tier}/LICENSE·SOURCES 참조 (ledger B5)
distractors,data/pallet/assets/distractors/library/small/gso__Nintendo_Wii_Party_U_with_Controller_Wii_U_Game/meshes/model.obj,205155,dc52969ce31efd8edd5eee089f91502553d20bc9f116609dcd547d03e5a48dcb,model,CC0 / CC-BY 4.0 — library/{tier}/LICENSE·SOURCES 참조 (ledger B5)
distractors,data/pallet/assets/distractors/library/small/gso__Nintendo_Wii_Party_U_with_Controller_Wii_U_Game/metadata.pbtxt,608,3dfa94b676fed06e4ce8809ac338d7e779dd6ee4acdcf496ac2ac32a5bc69c99,metadata,CC0 / CC-BY 4.0 — library/{tier}/LICENSE·SOURCES 참조 (ledger B5)
distractors,data/pallet/assets/distractors/library/small/gso__Nintendo_Wii_Party_U_with_Controller_Wii_U_Game/model.config,602,e56eff7391533427c2b3bb5f67e62507d887732122956e7f500217b5605d07ab,model,CC0 / CC-BY 4.0 — library/{tier}/LICENSE·SOURCES 참조 (ledger B5)
distractors,data/pallet/assets/distractors/library/small/gso__Nintendo_Wii_Party_U_with_Controller_Wii_U_Game/model.sdf,780,06a27e7963183c19d7f335e5cdf5ae338f758414faa7b326d5a4ae7009bf66db,model,CC0 / CC-BY 4.0 — library/{tier}/LICENSE·SOURCES 참조 (ledger B5)
distractors,data/pallet/assets/distractors/library/small/gso__OXO_Soft_Works_Can_Opener_SnapLock/materials/textures/texture.png,8667968,ac19a07d7f1d24ca456f0ccf3cb32efeb760c953a44383a6c5361271f1de34e5,texture,CC0 / CC-BY 4.0 — library/{tier}/LICENSE·SOURCES 참조 (ledger B5)
distractors,data/pallet/assets/distractors/library/small/gso__OXO_Soft_Works_Can_Opener_SnapLock/meshes/model.mtl,444,3f95530679f169527864c1449868794e574c999561f3dba59ec96cc2b1aaafeb,model,CC0 / CC-BY 4.0 — library/{tier}/LICENSE·SOURCES 참조 (ledger B5)
distractors,data/pallet/assets/distractors/library/small/gso__OXO_Soft_Works_Can_Opener_SnapLock/meshes/model.obj,1825110,46f5bebf5211c6a34667c9d0d5fe4ef722a611070eba76cee4b340346a416c80,model,CC0 / CC-BY 4.0 — library/{tier}/LICENSE·SOURCES 참조 (ledger B5)
distractors,data/pallet/assets/distractors/library/small/gso__OXO_Soft_Works_Can_Opener_SnapLock/metadata.pbtxt,554,b7bd0f028b8658fd9e5f507398d6059014118288790b6743ea9fc8fe9380bbac,metadata,CC0 / CC-BY 4.0 — library/{tier}/LICENSE·SOURCES 참조 (ledger B5)
distractors,data/pallet/assets/distractors/library/small/gso__OXO_Soft_Works_Can_Opener_SnapLock/model.config,576,a6e1c65002a8c2c82c1db124bbeb0d2b975ae33483f5007027fc6a8bcd75666f,model,CC0 / CC-BY 4.0 — library/{tier}/LICENSE·SOURCES 참조 (ledger B5)
distractors,data/pallet/assets/distractors/library/small/gso__OXO_Soft_Works_Can_Opener_SnapLock/model.sdf,767,900a04fbaf6bec56a87d2bd5702cb41dc3f786b419486d5e483cd960372c446c,model,CC0 / CC-BY 4.0 — library/{tier}/LICENSE·SOURCES 참조 (ledger B5)
distractors,data/pallet/assets/distractors/library/small/gso__Office_Depot_Canon_CLI_221BK_Ink_Cartridge_Black_2946B001/materials/textures/texture.png,12393451,ca776c9a9a01618d894b65ef77b60c8d2d6343d60e3b788b7bd944301d71d801,texture,CC0 / CC-BY 4.0 — library/{tier}/LICENSE·SOURCES 참조 (ledger B5)
distractors,data/pallet/assets/distractors/library/small/gso__Office_Depot_Canon_CLI_221BK_Ink_Cartridge_Black_2946B001/meshes/model.mtl,444,3f95530679f169527864c1449868794e574c999561f3dba59ec96cc2b1aaafeb,model,CC0 / CC-BY 4.0 — library/{tier}/LICENSE·SOURCES 참조 (ledger B5)
distractors,data/pallet/assets/distractors/library/small/gso__Office_Depot_Canon_CLI_221BK_Ink_Cartridge_Black_2946B001/meshes/model.obj,508278,4211fde0c2f0b193e2ff246270655d32062d037fc80ecadb782733d7d1657295,model,CC0 / CC-BY 4.0 — library/{tier}/LICENSE·SOURCES 참조 (ledger B5)
distractors,data/pallet/assets/distractors/library/small/gso__Office_Depot_Canon_CLI_221BK_Ink_Cartridge_Black_2946B001/metadata.pbtxt,636,1bf2ba63db762d9fe87532b352a4debdff0cc3b5674fda5853447698fdb66a0c,metadata,CC0 / CC-BY 4.0 — library/{tier}/LICENSE·SOURCES 참조 (ledger B5)
distractors,data/pallet/assets/distractors/library/small/gso__Office_Depot_Canon_CLI_221BK_Ink_Cartridge_Black_2946B001/model.config,623,8fe0b0a014ff82ff4eb076dce6f779cbbce77e29746e39d34aa65f3f07ba3db5,model,CC0 / CC-BY 4.0 — library/{tier}/LICENSE·SOURCES 참조 (ledger B5)
distractors,data/pallet/assets/distractors/library/small/gso__Office_Depot_Canon_CLI_221BK_Ink_Cartridge_Black_2946B001/model.sdf,790,8c3354d0b523febec0be6f938a75a5aa78100a929bf3d2eb163a45662c6056dc,model,CC0 / CC-BY 4.0 — library/{tier}/LICENSE·SOURCES 참조 (ledger B5)
distractors,data/pallet/assets/distractors/library/small/gso__Office_Depot_HP_564XL_Ink_Cartridge_Black_CN684WN/materials/textures/texture.png,10675869,c456b76a5ce9115e118f941f4af0999954d9616582beea4421051253ac56c3d7,texture,CC0 / CC-BY 4.0 — library/{tier}/LICENSE·SOURCES 참조 (ledger B5)
distractors,data/pallet/assets/distractors/library/small/gso__Office_Depot_HP_564XL_Ink_Cartridge_Black_CN684WN/meshes/model.mtl,444,3f95530679f169527864c1449868794e574c999561f3dba59ec96cc2b1aaafeb,model,CC0 / CC-BY 4.0 — library/{tier}/LICENSE·SOURCES 참조 (ledger B5)
distractors,data/pallet/assets/distractors/library/small/gso__Office_Depot_HP_564XL_Ink_Cartridge_Black_CN684WN/meshes/model.obj,355732,55ec4b6774256dcaa4e3075aa7c41aae113bb5735512b078c11a26b88e4a5c36,model,CC0 / CC-BY 4.0 — library/{tier}/LICENSE·SOURCES 참조 (ledger B5)
distractors,data/pallet/assets/distractors/library/small/gso__Office_Depot_HP_564XL_Ink_Cartridge_Black_CN684WN/metadata.pbtxt,620,720dcdb87f7c6be60573f925cec407bbd5f7010695bce36fb4807352ccb15e46,metadata,CC0 / CC-BY 4.0 — library/{tier}/LICENSE·SOURCES 참조 (ledger B5)
distractors,data/pallet/assets/distractors/library/small/gso__Office_Depot_HP_564XL_Ink_Cartridge_Black_CN684WN/model.config,607,48a86912e848bb067313241cdeac2553f0fea55a1b93840e8c01a28bf3d28416,model,CC0 / CC-BY 4.0 — library/{tier}/LICENSE·SOURCES 참조 (ledger B5)
distractors,data/pallet/assets/distractors/library/small/gso__Office_Depot_HP_564XL_Ink_Cartridge_Black_CN684WN/model.sdf,782,46f33edfbe39dddfd4f669f06bac4bbca94eaf204abffa1222e4502538e0cb03,model,CC0 / CC-BY 4.0 — library/{tier}/LICENSE·SOURCES 참조 (ledger B5)
distractors,data/pallet/assets/distractors/library/small/gso__Olive_Kids_Dinosaur_Land_Sidekick_Backpack/materials/textures/texture.png,13076359,3a6f2f860b026acaa83a4b91e20af191ffe78c9dd6c1a818d945171cdeec893c,texture,CC0 / CC-BY 4.0 — library/{tier}/LICENSE·SOURCES 참조 (ledger B5)
distractors,data/pallet/assets/distractors/library/small/gso__Olive_Kids_Dinosaur_Land_Sidekick_Backpack/meshes/model.mtl,444,3f95530679f169527864c1449868794e574c999561f3dba59ec96cc2b1aaafeb,model,CC0 / CC-BY 4.0 — library/{tier}/LICENSE·SOURCES 참조 (ledger B5)
distractors,data/pallet/assets/distractors/library/small/gso__Olive_Kids_Dinosaur_Land_Sidekick_Backpack/meshes/model.obj,2048028,df92c01851186fc30becc39acf05cfad2d1c574d3f2e9d982c5fb37a9c311e0a,model,CC0 / CC-BY 4.0 — library/{tier}/LICENSE·SOURCES 참조 (ledger B5)
distractors,data/pallet/assets/distractors/library/small/gso__Olive_Kids_Dinosaur_Land_Sidekick_Backpack/metadata.pbtxt,622,c77461acbd661068aa383b5677e0d0debecde098e40749f7c56edfc39a7c0624,metadata,CC0 / CC-BY 4.0 — library/{tier}/LICENSE·SOURCES 참조 (ledger B5)
distractors,data/pallet/assets/distractors/library/small/gso__Olive_Kids_Dinosaur_Land_Sidekick_Backpack/model.config,590,69aa26b0e461a5767e3229b169dfba704d03d65ae963d9473dacd8066ca2a82b,model,CC0 / CC-BY 4.0 — library/{tier}/LICENSE·SOURCES 참조 (ledger B5)
distractors,data/pallet/assets/distractors/library/small/gso__Olive_Kids_Dinosaur_Land_Sidekick_Backpack/model.sdf,775,d2e08e121c91b1ef4cf874a35a72eed3a3ef34c3c5afcd8c4bd294bafe4ae839,model,CC0 / CC-BY 4.0 — library/{tier}/LICENSE·SOURCES 참조 (ledger B5)
distractors,data/pallet/assets/distractors/library/small/gso__Organic_Whey_Protein_Unflavored/materials/textures/texture.png,10058649,c8716fe080122b1d2e5e773f0953afc263d8caf52216fdcf86984b6d59ffd386,texture,CC0 / CC-BY 4.0 — library/{tier}/LICENSE·SOURCES 참조 (ledger B5)
distractors,data/pallet/assets/distractors/library/small/gso__Organic_Whey_Protein_Unflavored/meshes/model.mtl,444,3f95530679f169527864c1449868794e574c999561f3dba59ec96cc2b1aaafeb,model,CC0 / CC-BY 4.0 — library/{tier}/LICENSE·SOURCES 참조 (ledger B5)
distractors,data/pallet/assets/distractors/library/small/gso__Organic_Whey_Protein_Unflavored/meshes/model.obj,787124,869e56af33da892c24b945f861ee60b6f877e611502ca49abdec6dd837a4a3af,model,CC0 / CC-BY 4.0 — library/{tier}/LICENSE·SOURCES 참조 (ledger B5)
distractors,data/pallet/assets/distractors/library/small/gso__Organic_Whey_Protein_Unflavored/metadata.pbtxt,640,532b70708aaf9e43acf01e6635f8ea1fe20f5c3e7769efc4deffe5c2226e04ef,metadata,CC0 / CC-BY 4.0 — library/{tier}/LICENSE·SOURCES 참조 (ledger B5)
distractors,data/pallet/assets/distractors/library/small/gso__Organic_Whey_Protein_Unflavored/model.config,569,a1d80f1802e8640cf273213f5e43b2ed2d87dfae9372dc6bf392caf59e966930,model,CC0 / CC-BY 4.0 — library/{tier}/LICENSE·SOURCES 참조 (ledger B5)
distractors,data/pallet/assets/distractors/library/small/gso__Organic_Whey_Protein_Unflavored/model.sdf,764,6495c86ea32a0bb85443b6b5d5114d88811b456723dad87d853dca3026448727,model,CC0 / CC-BY 4.0 — library/{tier}/LICENSE·SOURCES 참조 (ledger B5)
distractors,data/pallet/assets/distractors/library/small/gso__Organic_Whey_Protein_Vanilla/materials/textures/texture.png,10494574,505ea8e1a0cbb3fe32df01f9c56746082b4570832625e36c0d6f48308aa2dcb0,texture,CC0 / CC-BY 4.0 — library/{tier}/LICENSE·SOURCES 참조 (ledger B5)
distractors,data/pallet/assets/distractors/library/small/gso__Organic_Whey_Protein_Vanilla/meshes/model.mtl,444,3f95530679f169527864c1449868794e574c999561f3dba59ec96cc2b1aaafeb,model,CC0 / CC-BY 4.0 — library/{tier}/LICENSE·SOURCES 참조 (ledger B5)
distractors,data/pallet/assets/distractors/library/small/gso__Organic_Whey_Protein_Vanilla/meshes/model.obj,819207,de45fc95b8651cad6b7da08fb46473b301cd8060257fcad3bdff30b5627b3f1f,model,CC0 / CC-BY 4.0 — library/{tier}/LICENSE·SOURCES 참조 (ledger B5)
distractors,data/pallet/assets/distractors/library/small/gso__Organic_Whey_Protein_Vanilla/metadata.pbtxt,634,0df5eee51d7f8f270f25741ec427419b91dc5faffb58f0518d8e3b5d56d0e4e6,metadata,CC0 / CC-BY 4.0 — library/{tier}/LICENSE·SOURCES 참조 (ledger B5)
distractors,data/pallet/assets/distractors/library/small/gso__Organic_Whey_Protein_Vanilla/model.config,563,0ac1420a4d06efcf5fb0295ffc99faa247148018a682ad63e6a71b2e263eb1ed,model,CC0 / CC-BY 4.0 — library/{tier}/LICENSE·SOURCES 참조 (ledger B5)
distractors,data/pallet/assets/distractors/library/small/gso__Organic_Whey_Protein_Vanilla/model.sdf,761,51e88f5ff10902cfbcf6770c2fb551798e5c287854b3756bc77199fde4c03116,model,CC0 / CC-BY 4.0 — library/{tier}/LICENSE·SOURCES 참조 (ledger B5)
distractors,data/pallet/assets/distractors/library/small/gso__Pass_The_Popcorn_Movie_Guessing_Game/materials/textures/texture.png,16419704,29f88e13f73ecb09f1ea2232c1186b508d4e2dba93ea257db0cb373dfc6ab2dc,texture,CC0 / CC-BY 4.0 — library/{tier}/LICENSE·SOURCES 참조 (ledger B5)
distractors,data/pallet/assets/distractors/library/small/gso__Pass_The_Popcorn_Movie_Guessing_Game/meshes/model.mtl,444,3f95530679f169527864c1449868794e574c999561f3dba59ec96cc2b1aaafeb,model,CC0 / CC-BY 4.0 — library/{tier}/LICENSE·SOURCES 참조 (ledger B5)
distractors,data/pallet/assets/distractors/library/small/gso__Pass_The_Popcorn_Movie_Guessing_Game/meshes/model.obj,385794,297cf46f92de3d515b6ba58d40fb64d5e0734144254449e3646ff0e1227ca892,model,CC0 / CC-BY 4.0 — library/{tier}/LICENSE·SOURCES 참조 (ledger B5)
distractors,data/pallet/assets/distractors/library/small/gso__Pass_The_Popcorn_Movie_Guessing_Game/metadata.pbtxt,586,d701685cf11de6f373eda109534491ce36ae3ae52ab7aa00462f8a1ede525280,metadata,CC0 / CC-BY 4.0 — library/{tier}/LICENSE·SOURCES 참조 (ledger B5)
distractors,data/pallet/assets/distractors/library/small/gso__Pass_The_Popcorn_Movie_Guessing_Game/model.config,578,1950dff86c6ddfc42f253352944adf853eb2f5d38e1142c9cc0a2822f44336da,model,CC0 / CC-BY 4.0 — library/{tier}/LICENSE·SOURCES 참조 (ledger B5)
distractors,data/pallet/assets/distractors/library/small/gso__Pass_The_Popcorn_Movie_Guessing_Game/model.sdf,769,32504d28668760df79f9b6f5e49157c1806c035d1f78b86e62f9ea1f0c97810a,model,CC0 / CC-BY 4.0 — library/{tier}/LICENSE·SOURCES 참조 (ledger B5)
distractors,data/pallet/assets/distractors/library/small/gso__Pepsi_Caffeine_Free_Diet_12_CT/materials/textures/texture.png,11753465,f95638f8897019319b9cfeabc272278658d26dc2e14cf9f00c8066a94d6ee271,texture,CC0 / CC-BY 4.0 — library/{tier}/LICENSE·SOURCES 참조 (ledger B5)
distractors,data/pallet/assets/distractors/library/small/gso__Pepsi_Caffeine_Free_Diet_12_CT/meshes/model.mtl,444,3f95530679f169527864c1449868794e574c999561f3dba59ec96cc2b1aaafeb,model,CC0 / CC-BY 4.0 — library/{tier}/LICENSE·SOURCES 참조 (ledger B5)
distractors,data/pallet/assets/distractors/library/small/gso__Pepsi_Caffeine_Free_Diet_12_CT/meshes/model.obj,190858,039f9768404c22318ccfc2ba2e1cd70f026de6ea59f05e0d1b1461523387cda8,model,CC0 / CC-BY 4.0 — library/{tier}/LICENSE·SOURCES 참조 (ledger B5)
distractors,data/pallet/assets/distractors/library/small/gso__Pepsi_Caffeine_Free_Diet_12_CT/metadata.pbtxt,742,54404afeddcfbb4ac7d061cec6cf81ceef17fea79a50581f80db846ca72858bd,metadata,CC0 / CC-BY 4.0 — library/{tier}/LICENSE·SOURCES 참조 (ledger B5)
distractors,data/pallet/assets/distractors/library/small/gso__Pepsi_Caffeine_Free_Diet_12_CT/model.config,672,234943cbe8364e56800338d3a34fe9b3e29ad414d4cd10048b93bb510b3952a7,model,CC0 / CC-BY 4.0 — library/{tier}/LICENSE·SOURCES 참조 (ledger B5)
distractors,data/pallet/assets/distractors/library/small/gso__Pepsi_Caffeine_Free_Diet_12_CT/model.sdf,763,f1dfb9a4b3c9b84de0e8587590342d26f33b9a159add4b145d5f1b394583fe14,model,CC0 / CC-BY 4.0 — library/{tier}/LICENSE·SOURCES 참조 (ledger B5)
distractors,data/pallet/assets/distractors/library/small/gso__Pony_C_Clamp_1440/materials/textures/texture.png,9535802,394ce475c8477f8dc2f28c90dbb0f2d90509b9b3d2afa5a3b7f8fb154151e2a5,texture,CC0 / CC-BY 4.0 — library/{tier}/LICENSE·SOURCES 참조 (ledger B5)
distractors,data/pallet/assets/distractors/library/small/gso__Pony_C_Clamp_1440/meshes/model.mtl,444,3f95530679f169527864c1449868794e574c999561f3dba59ec96cc2b1aaafeb,model,CC0 / CC-BY 4.0 — library/{tier}/LICENSE·SOURCES 참조 (ledger B5)
distractors,data/pallet/assets/distractors/library/small/gso__Pony_C_Clamp_1440/meshes/model.obj,1419892,ba9230f0401d2e8e1499d17c8739a0522c442bf8e0aded989fb081c474a06c42,model,CC0 / CC-BY 4.0 — library/{tier}/LICENSE·SOURCES 참조 (ledger B5)
distractors,data/pallet/assets/distractors/library/small/gso__Pony_C_Clamp_1440/metadata.pbtxt,520,501febdd3c858cb6d0fcb1225bd3ec8bf30f51b6925cc13300e4852dced6e17b,metadata,CC0 / CC-BY 4.0 — library/{tier}/LICENSE·SOURCES 참조 (ledger B5)
distractors,data/pallet/assets/distractors/library/small/gso__Pony_C_Clamp_1440/model.config,541,a9ade71ca6e643e168407dab06bc805088b0057aad843415046ec350595b587c,model,CC0 / CC-BY 4.0 — library/{tier}/LICENSE·SOURCES 참조 (ledger B5)
distractors,data/pallet/assets/distractors/library/small/gso__Pony_C_Clamp_1440/model.sdf,750,6698f8439e5d8f6a94f0a5edb97e7307ba25af08015888e2192aa2f8eea53352,model,CC0 / CC-BY 4.0 — library/{tier}/LICENSE·SOURCES 참조 (ledger B5)
distractors,data/pallet/assets/distractors/library/small/gso__Poppin_File_Sorter_Blue/materials/textures/texture.png,7238551,419ecf225d8c390b1a2a956c57334e737576f4d85578abfcbfec88e244a470f9,texture,CC0 / CC-BY 4.0 — library/{tier}/LICENSE·SOURCES 참조 (ledger B5)
distractors,data/pallet/assets/distractors/library/small/gso__Poppin_File_Sorter_Blue/meshes/model.mtl,444,3f95530679f169527864c1449868794e574c999561f3dba59ec96cc2b1aaafeb,model,CC0 / CC-BY 4.0 — library/{tier}/LICENSE·SOURCES 참조 (ledger B5)
distractors,data/pallet/assets/distractors/library/small/gso__Poppin_File_Sorter_Blue/meshes/model.obj,536653,6982dabf59864f694383ce17ea2886b7955fb835e564f2d6dbb47d622ab6fc96,model,CC0 / CC-BY 4.0 — library/{tier}/LICENSE·SOURCES 참조 (ledger B5)
distractors,data/pallet/assets/distractors/library/small/gso__Poppin_File_Sorter_Blue/metadata.pbtxt,560,8630f73f421a0e8835d78714813a699ede05b0b932ee0b7d276b9eb11a749406,metadata,CC0 / CC-BY 4.0 — library/{tier}/LICENSE·SOURCES 참조 (ledger B5)
distractors,data/pallet/assets/distractors/library/small/gso__Poppin_File_Sorter_Blue/model.config,553,522e0b32a9bb8a8de52aa28e9ba167b2e52da2d9e7affc23353266b335f272be,model,CC0 / CC-BY 4.0 — library/{tier}/LICENSE·SOURCES 참조 (ledger B5)
distractors,data/pallet/assets/distractors/library/small/gso__Poppin_File_Sorter_Blue/model.sdf,756,78540c831bb24f31c1499f1fef6c84e33bd8b6161a8fc2da0275e9f2b242f155,model,CC0 / CC-BY 4.0 — library/{tier}/LICENSE·SOURCES 참조 (ledger B5)
distractors,data/pallet/assets/distractors/library/small/gso__Poppin_File_Sorter_White/materials/textures/texture.png,7183371,b3ea0934beb1e8a6590f6fbb622777537466c50c99dbeafed33d1cfd8738cfcf,texture,CC0 / CC-BY 4.0 — library/{tier}/LICENSE·SOURCES 참조 (ledger B5)
distractors,data/pallet/assets/distractors/library/small/gso__Poppin_File_Sorter_White/meshes/model.mtl,444,3f95530679f169527864c1449868794e574c999561f3dba59ec96cc2b1aaafeb,model,CC0 / CC-BY 4.0 — library/{tier}/LICENSE·SOURCES 참조 (ledger B5)
distractors,data/pallet/assets/distractors/library/small/gso__Poppin_File_Sorter_White/meshes/model.obj,558096,53811085c4d70730caa14722fe0cf755755fd537eee7565f06b07dfdefb7280f,model,CC0 / CC-BY 4.0 — library/{tier}/LICENSE·SOURCES 참조 (ledger B5)
distractors,data/pallet/assets/distractors/library/small/gso__Poppin_File_Sorter_White/metadata.pbtxt,562,ef5d254b43e0c6c31b487af1ef24bcb98c6f4cf7a356bca09d86765be60cd263,metadata,CC0 / CC-BY 4.0 — library/{tier}/LICENSE·SOURCES 참조 (ledger B5)
distractors,data/pallet/assets/distractors/library/small/gso__Poppin_File_Sorter_White/model.config,555,2b61dc83574de01cc6e4fea7d7d00819bdfadc618e12196536f89b5d9175b129,model,CC0 / CC-BY 4.0 — library/{tier}/LICENSE·SOURCES 참조 (ledger B5)
distractors,data/pallet/assets/distractors/library/small/gso__Poppin_File_Sorter_White/model.sdf,757,2b478e36fd433cba9dcbd5982e6d360597f47b43022607cad3b9cf817ada63c2,model,CC0 / CC-BY 4.0 — library/{tier}/LICENSE·SOURCES 참조 (ledger B5)
distractors,data/pallet/assets/distractors/library/small/gso__Quercetin_500/materials/textures/texture.png,10165121,03932cdfb45b3108fba5b8bcb5b5cfb454bd6bca3646209a9278f919c55bb96a,texture,CC0 / CC-BY 4.0 — library/{tier}/LICENSE·SOURCES 참조 (ledger B5)
distractors,data/pallet/assets/distractors/library/small/gso__Quercetin_500/meshes/model.mtl,444,3f95530679f169527864c1449868794e574c999561f3dba59ec96cc2b1aaafeb,model,CC0 / CC-BY 4.0 — library/{tier}/LICENSE·SOURCES 참조 (ledger B5)
distractors,data/pallet/assets/distractors/library/small/gso__Quercetin_500/meshes/model.obj,676348,ce2da7d57e726254a21ecaed4f2030de7c353145e45e883b334d56d49d77bd53,model,CC0 / CC-BY 4.0 — library/{tier}/LICENSE·SOURCES 참조 (ledger B5)
distractors,data/pallet/assets/distractors/library/small/gso__Quercetin_500/metadata.pbtxt,602,1324541904447c546c7869a53ecfe7bebbbb5a12687200edc311b1ead25c7790,metadata,CC0 / CC-BY 4.0 — library/{tier}/LICENSE·SOURCES 참조 (ledger B5)
distractors,data/pallet/assets/distractors/library/small/gso__Quercetin_500/model.config,532,cb0e80b87f287caa38ab7763e99840c9a0ed524200b9a082a995ee4960b9d375,model,CC0 / CC-BY 4.0 — library/{tier}/LICENSE·SOURCES 참조 (ledger B5)
distractors,data/pallet/assets/distractors/library/small/gso__Quercetin_500/model.sdf,746,94e8eb0c3f9c529e69fcaf84454addb29c0bce6476632cfb7ef8cc279f1021a7,model,CC0 / CC-BY 4.0 — library/{tier}/LICENSE·SOURCES 참조 (ledger B5)
distractors,data/pallet/assets/distractors/library/small/gso__Razer_Abyssus_Ambidextrous_Gaming_Mouse/materials/textures/texture.png,9628875,853127af6c90e2ad2a697de816272938802cd5b30466c5689d16214d06fc9faf,texture,CC0 / CC-BY 4.0 — library/{tier}/LICENSE·SOURCES 참조 (ledger B5)
distractors,data/pallet/assets/distractors/library/small/gso__Razer_Abyssus_Ambidextrous_Gaming_Mouse/meshes/model.mtl,444,3f95530679f169527864c1449868794e574c999561f3dba59ec96cc2b1aaafeb,model,CC0 / CC-BY 4.0 — library/{tier}/LICENSE·SOURCES 참조 (ledger B5)
distractors,data/pallet/assets/distractors/library/small/gso__Razer_Abyssus_Ambidextrous_Gaming_Mouse/meshes/model.obj,3072117,352c01a3e92efaf2f63e469e9e4f7e4b2d1e23fb98b31b3bd3ef2d0717e6e7e6,model,CC0 / CC-BY 4.0 — library/{tier}/LICENSE·SOURCES 참조 (ledger B5)
distractors,data/pallet/assets/distractors/library/small/gso__Razer_Abyssus_Ambidextrous_Gaming_Mouse/metadata.pbtxt,888,3daf8536728ec389004326df67a8307fe3c7d91bae4e1f03c6718ef580077d81,metadata,CC0 / CC-BY 4.0 — library/{tier}/LICENSE·SOURCES 참조 (ledger B5)
distractors,data/pallet/assets/distractors/library/small/gso__Razer_Abyssus_Ambidextrous_Gaming_Mouse/model.config,835,b39ba61f42a7e63fc1e2930709b8ec9ef49ae63f562b108ccfff58d2c6a343ee,model,CC0 / CC-BY 4.0 — library/{tier}/LICENSE·SOURCES 참조 (ledger B5)
distractors,data/pallet/assets/distractors/library/small/gso__Razer_Abyssus_Ambidextrous_Gaming_Mouse/model.sdf,772,ad2eee8fdd11c58cc1560056e0e8c39f7ef9c0174baabf3bbd571a4353cb706b,model,CC0 / CC-BY 4.0 — library/{tier}/LICENSE·SOURCES 참조 (ledger B5)
distractors,data/pallet/assets/distractors/library/small/gso__Razer_Kraken_Pro_headset_Full_size_Black/materials/textures/texture.png,8529781,c5ddeaa93d198c6f62cf65f7ea5d179c3c9048e4813858825b56f84dc03d83ca,texture,CC0 / CC-BY 4.0 — library/{tier}/LICENSE·SOURCES 참조 (ledger B5)
distractors,data/pallet/assets/distractors/library/small/gso__Razer_Kraken_Pro_headset_Full_size_Black/meshes/model.mtl,444,3f95530679f169527864c1449868794e574c999561f3dba59ec96cc2b1aaafeb,model,CC0 / CC-BY 4.0 — library/{tier}/LICENSE·SOURCES 참조 (ledger B5)
distractors,data/pallet/assets/distractors/library/small/gso__Razer_Kraken_Pro_headset_Full_size_Black/meshes/model.obj,2743607,2e4987902fe75a9698f9976926f9ee47a75a6472c998fca78657593d2c40d1d2,model,CC0 / CC-BY 4.0 — library/{tier}/LICENSE·SOURCES 참조 (ledger B5)
distractors,data/pallet/assets/distractors/library/small/gso__Razer_Kraken_Pro_headset_Full_size_Black/metadata.pbtxt,1060,6062218e39c2dffd95706c8a55c452fc4e86af50e4de25fd7dc0b6033391326b,metadata,CC0 / CC-BY 4.0 — library/{tier}/LICENSE·SOURCES 참조 (ledger B5)
distractors,data/pallet/assets/distractors/library/small/gso__Razer_Kraken_Pro_headset_Full_size_Black/model.config,1001,34c15a0572ca8044e39197d2b37d0a1fbe79d81ab375f2d8ad6205b31cf6b7c4,model,CC0 / CC-BY 4.0 — library/{tier}/LICENSE·SOURCES 참조 (ledger B5)
distractors,data/pallet/assets/distractors/library/small/gso__Razer_Kraken_Pro_headset_Full_size_Black/model.sdf,773,295c8d2ac991aff0f2d6109b9c79a141453478c2203a08e2d1ae0e9102181bb8,model,CC0 / CC-BY 4.0 — library/{tier}/LICENSE·SOURCES 참조 (ledger B5)
distractors,data/pallet/assets/distractors/library/small/gso__Razer_Taipan_Black_Ambidextrous_Gaming_Mouse/materials/textures/texture.png,9433440,b7064a1ae486073500684b657767fa355e588c026ec729fe5f27e6c619f7dd49,texture,CC0 / CC-BY 4.0 — library/{tier}/LICENSE·SOURCES 참조 (ledger B5)
distractors,data/pallet/assets/distractors/library/small/gso__Razer_Taipan_Black_Ambidextrous_Gaming_Mouse/meshes/model.mtl,444,3f95530679f169527864c1449868794e574c999561f3dba59ec96cc2b1aaafeb,model,CC0 / CC-BY 4.0 — library/{tier}/LICENSE·SOURCES 참조 (ledger B5)
distractors,data/pallet/assets/distractors/library/small/gso__Razer_Taipan_Black_Ambidextrous_Gaming_Mouse/meshes/model.obj,2915944,f6e2301c60792d56b35faeabfb5f49a52883d20497bf929e4c3e32c5a811ba2a,model,CC0 / CC-BY 4.0 — library/{tier}/LICENSE·SOURCES 참조 (ledger B5)
distractors,data/pallet/assets/distractors/library/small/gso__Razer_Taipan_Black_Ambidextrous_Gaming_Mouse/metadata.pbtxt,896,f6a5d4d08f98e1eb240b4bc3e46e63c58aec1c3624665c227075880b97c18e14,metadata,CC0 / CC-BY 4.0 — library/{tier}/LICENSE·SOURCES 참조 (ledger B5)
distractors,data/pallet/assets/distractors/library/small/gso__Razer_Taipan_Black_Ambidextrous_Gaming_Mouse/model.config,843,b68f08c35f8b6d4726fa0f0981bce878f2f65429f386c544e34cf740d38b653a,model,CC0 / CC-BY 4.0 — library/{tier}/LICENSE·SOURCES 참조 (ledger B5)
distractors,data/pallet/assets/distractors/library/small/gso__Razer_Taipan_Black_Ambidextrous_Gaming_Mouse/model.sdf,777,dc89415b8dc87fce90c083dc27356b697e28df34bfc6b32c22c125cff512e485,model,CC0 / CC-BY 4.0 — library/{tier}/LICENSE·SOURCES 참조 (ledger B5)
distractors,data/pallet/assets/distractors/library/small/gso__ReadytoUse_Rolled_Fondant_Pure_White_24_oz_box/materials/textures/texture.png,13125687,d56cb285b1aef4df9783aff1597b02c388823214131d92604016c3b4c211c514,texture,CC0 / CC-BY 4.0 — library/{tier}/LICENSE·SOURCES 참조 (ledger B5)
distractors,data/pallet/assets/distractors/library/small/gso__ReadytoUse_Rolled_Fondant_Pure_White_24_oz_box/meshes/model.mtl,444,3f95530679f169527864c1449868794e574c999561f3dba59ec96cc2b1aaafeb,model,CC0 / CC-BY 4.0 — library/{tier}/LICENSE·SOURCES 참조 (ledger B5)
distractors,data/pallet/assets/distractors/library/small/gso__ReadytoUse_Rolled_Fondant_Pure_White_24_oz_box/meshes/model.obj,138438,36e50c0f12f541ec1c643f9cc011d30e0e6590294c2d73edf65f53dd97c058e3,model,CC0 / CC-BY 4.0 — library/{tier}/LICENSE·SOURCES 참조 (ledger B5)
distractors,data/pallet/assets/distractors/library/small/gso__ReadytoUse_Rolled_Fondant_Pure_White_24_oz_box/metadata.pbtxt,616,53a18f3eb1f5b435fa74e0c6ce9e9b6c089cfea7595cb326941687eae638c0f5,metadata,CC0 / CC-BY 4.0 — library/{tier}/LICENSE·SOURCES 참조 (ledger B5)
distractors,data/pallet/assets/distractors/library/small/gso__ReadytoUse_Rolled_Fondant_Pure_White_24_oz_box/model.config,603,e3e6571110143a27539eb9f60df25b25aec9fda7003868f1d21c8f94f51b34f4,model,CC0 / CC-BY 4.0 — library/{tier}/LICENSE·SOURCES 참조 (ledger B5)
distractors,data/pallet/assets/distractors/library/small/gso__ReadytoUse_Rolled_Fondant_Pure_White_24_oz_box/model.sdf,779,bd56d96e1e6b3abd566088f8e099efb70ccb00a0f6559d3ed94797ef789ec91e,model,CC0 / CC-BY 4.0 — library/{tier}/LICENSE·SOURCES 참조 (ledger B5)
distractors,data/pallet/assets/distractors/library/small/gso__Rexy_Glove_Heavy_Duty_Large/materials/textures/texture.png,13745862,ae720fc106a325860618b56892833796b2ec56d21930aef4a6b8b3a67eba98d2,texture,CC0 / CC-BY 4.0 — library/{tier}/LICENSE·SOURCES 참조 (ledger B5)
distractors,data/pallet/assets/distractors/library/small/gso__Rexy_Glove_Heavy_Duty_Large/meshes/model.mtl,444,3f95530679f169527864c1449868794e574c999561f3dba59ec96cc2b1aaafeb,model,CC0 / CC-BY 4.0 — library/{tier}/LICENSE·SOURCES 참조 (ledger B5)
distractors,data/pallet/assets/distractors/library/small/gso__Rexy_Glove_Heavy_Duty_Large/meshes/model.obj,3968171,b30b8a558bd9321ee82c1f4f048beb07825d5ecf329a915370fbaeee6261c902,model,CC0 / CC-BY 4.0 — library/{tier}/LICENSE·SOURCES 참조 (ledger B5)
distractors,data/pallet/assets/distractors/library/small/gso__Rexy_Glove_Heavy_Duty_Large/metadata.pbtxt,540,1eb2e79235f917f07c03e826522cfe889818fdd9b98d8eff283b0042b3fe880a,metadata,CC0 / CC-BY 4.0 — library/{tier}/LICENSE·SOURCES 참조 (ledger B5)
distractors,data/pallet/assets/distractors/library/small/gso__Rexy_Glove_Heavy_Duty_Large/model.config,561,b591ff079d59a42dca2b2c04939c786fa55becfe4097eb7c934a31ecf780c6a6,model,CC0 / CC-BY 4.0 — library/{tier}/LICENSE·SOURCES 참조 (ledger B5)
distractors,data/pallet/assets/distractors/library/small/gso__Rexy_Glove_Heavy_Duty_Large/model.sdf,760,426e9da154502f2f32d5349f3a6dd34e7eeed44e9c0d9aaf9be11ff7c86f4422,model,CC0 / CC-BY 4.0 — library/{tier}/LICENSE·SOURCES 참조 (ledger B5)
distractors,data/pallet/assets/distractors/library/small/gso__Samsung_CLTC406S_Toner_Cartridge_Cyan_1pack/materials/textures/texture.png,16639022,d3b92487378f100ab9a73e0aca2ce4416991ad15b5280350ccce3bdb6badfaf6,texture,CC0 / CC-BY 4.0 — library/{tier}/LICENSE·SOURCES 참조 (ledger B5)
distractors,data/pallet/assets/distractors/library/small/gso__Samsung_CLTC406S_Toner_Cartridge_Cyan_1pack/meshes/model.mtl,444,3f95530679f169527864c1449868794e574c999561f3dba59ec96cc2b1aaafeb,model,CC0 / CC-BY 4.0 — library/{tier}/LICENSE·SOURCES 참조 (ledger B5)
distractors,data/pallet/assets/distractors/library/small/gso__Samsung_CLTC406S_Toner_Cartridge_Cyan_1pack/meshes/model.obj,165925,b59356db2ca1f0ad84956e6817fcf86575f64e76294359bd81e0473ea8831254,model,CC0 / CC-BY 4.0 — library/{tier}/LICENSE·SOURCES 참조 (ledger B5)
distractors,data/pallet/assets/distractors/library/small/gso__Samsung_CLTC406S_Toner_Cartridge_Cyan_1pack/metadata.pbtxt,605,83130029c0159273aed3cd0d553e36535d424fe12e2894e9b3b99726c26a93b1,metadata,CC0 / CC-BY 4.0 — library/{tier}/LICENSE·SOURCES 참조 (ledger B5)
distractors,data/pallet/assets/distractors/library/small/gso__Samsung_CLTC406S_Toner_Cartridge_Cyan_1pack/model.config,597,7d8457caeeae63ec6016fb76affbf51750ea3c2766ef76c6d4506e21301bd6b2,model,CC0 / CC-BY 4.0 — library/{tier}/LICENSE·SOURCES 참조 (ledger B5)
distractors,data/pallet/assets/distractors/library/small/gso__Samsung_CLTC406S_Toner_Cartridge_Cyan_1pack/model.sdf,776,d609e4b5edd1cd89e351fdef62690102ab98935a8d92ae6a281fb286d4072fa4,model,CC0 / CC-BY 4.0 — library/{tier}/LICENSE·SOURCES 참조 (ledger B5)
distractors,data/pallet/assets/distractors/library/small/gso__Seagate_1TB_Backup_Plus_portable_drive_Blue/materials/textures/texture.png,10216860,5b20c261a9a639a5eb4a92043d21061cdc74427d81de60ea6178dced06ad7001,texture,CC0 / CC-BY 4.0 — library/{tier}/LICENSE·SOURCES 참조 (ledger B5)
distractors,data/pallet/assets/distractors/library/small/gso__Seagate_1TB_Backup_Plus_portable_drive_Blue/meshes/model.mtl,444,3f95530679f169527864c1449868794e574c999561f3dba59ec96cc2b1aaafeb,model,CC0 / CC-BY 4.0 — library/{tier}/LICENSE·SOURCES 참조 (ledger B5)
distractors,data/pallet/assets/distractors/library/small/gso__Seagate_1TB_Backup_Plus_portable_drive_Blue/meshes/model.obj,272608,bcda9e8e1905f30dcbbc33ab7d86f83a2191725f608964e92ad1a5af7b4ce224,model,CC0 / CC-BY 4.0 — library/{tier}/LICENSE·SOURCES 참조 (ledger B5)
distractors,data/pallet/assets/distractors/library/small/gso__Seagate_1TB_Backup_Plus_portable_drive_Blue/metadata.pbtxt,806,39713bc96c05a9b9232a0039a68f2de63fddc39097173386e9a39ad05a32cff7,metadata,CC0 / CC-BY 4.0 — library/{tier}/LICENSE·SOURCES 참조 (ledger B5)
distractors,data/pallet/assets/distractors/library/small/gso__Seagate_1TB_Backup_Plus_portable_drive_Blue/model.config,768,6f5233e26ef7509b7eb504a374ee0ff48e5559e953d01a0b4ea26c1dcc57fe74,model,CC0 / CC-BY 4.0 — library/{tier}/LICENSE·SOURCES 참조 (ledger B5)
distractors,data/pallet/assets/distractors/library/small/gso__Seagate_1TB_Backup_Plus_portable_drive_Blue/model.sdf,776,b0e29f0a8fa90d8989c96f7572509ae8220edd9b2ed3c2d89eb7d66f78d9dd29,model,CC0 / CC-BY 4.0 — library/{tier}/LICENSE·SOURCES 참조 (ledger B5)
distractors,data/pallet/assets/distractors/library/small/gso__Shurtape_Gaffers_Tape_Silver_2_x_60_yd/materials/textures/texture.png,8911206,0202c7b605ba460d48a10d8a969f28295917a6779b4c23d9e05cd972a74c933c,texture,CC0 / CC-BY 4.0 — library/{tier}/LICENSE·SOURCES 참조 (ledger B5)
distractors,data/pallet/assets/distractors/library/small/gso__Shurtape_Gaffers_Tape_Silver_2_x_60_yd/meshes/model.mtl,444,3f95530679f169527864c1449868794e574c999561f3dba59ec96cc2b1aaafeb,model,CC0 / CC-BY 4.0 — library/{tier}/LICENSE·SOURCES 참조 (ledger B5)
distractors,data/pallet/assets/distractors/library/small/gso__Shurtape_Gaffers_Tape_Silver_2_x_60_yd/meshes/model.obj,274496,fda02202f7d7979bfb9515bd0d1499a24abbb8ab02f47e0662645776bda2e76e,model,CC0 / CC-BY 4.0 — library/{tier}/LICENSE·SOURCES 참조 (ledger B5)
distractors,data/pallet/assets/distractors/library/small/gso__Shurtape_Gaffers_Tape_Silver_2_x_60_yd/metadata.pbtxt,595,0ac5cd0917746a30f7472b0cd27066b52c959c28321db752bd9df42c254706f5,metadata,CC0 / CC-BY 4.0 — library/{tier}/LICENSE·SOURCES 참조 (ledger B5)
distractors,data/pallet/assets/distractors/library/small/gso__Shurtape_Gaffers_Tape_Silver_2_x_60_yd/model.config,585,51943c4366c431ad6590bc9730f2fae9dd18d560a25c91a687f212d791e59e6d,model,CC0 / CC-BY 4.0 — library/{tier}/LICENSE·SOURCES 참조 (ledger B5)
distractors,data/pallet/assets/distractors/library/small/gso__Shurtape_Gaffers_Tape_Silver_2_x_60_yd/model.sdf,771,2edc1cf2a906d75c93a07b27dc8432da3f36300829e0d29312a07774adf5b828,model,CC0 / CC-BY 4.0 — library/{tier}/LICENSE·SOURCES 참조 (ledger B5)
distractors,data/pallet/assets/distractors/library/small/gso__Sonny_School_Bus/materials/textures/texture.png,9617264,119191543e6dba141e2ef22edb3560350913c3d416b36655a51e8d3a3b233d84,texture,CC0 / CC-BY 4.0 — library/{tier}/LICENSE·SOURCES 참조 (ledger B5)
distractors,data/pallet/assets/distractors/library/small/gso__Sonny_School_Bus/meshes/model.mtl,444,3f95530679f169527864c1449868794e574c999561f3dba59ec96cc2b1aaafeb,model,CC0 / CC-BY 4.0 — library/{tier}/LICENSE·SOURCES 참조 (ledger B5)
distractors,data/pallet/assets/distractors/library/small/gso__Sonny_School_Bus/meshes/model.obj,3609889,119ae3f6fa4c34206d6d873a40038dabc14d6721d4ecda31667f7ef618d021b9,model,CC0 / CC-BY 4.0 — library/{tier}/LICENSE·SOURCES 참조 (ledger B5)
distractors,data/pallet/assets/distractors/library/small/gso__Sonny_School_Bus/metadata.pbtxt,543,33c46fef24e9d89c739b50229ca2c07b6e3d7e3a08a90d7e77df71a6ff6c3346,metadata,CC0 / CC-BY 4.0 — library/{tier}/LICENSE·SOURCES 참조 (ledger B5)
distractors,data/pallet/assets/distractors/library/small/gso__Sonny_School_Bus/model.config,538,4dfaf999372b79f801cc21fd35c13f77978cf72b76f64bbe3646d19d1ac2caec,model,CC0 / CC-BY 4.0 — library/{tier}/LICENSE·SOURCES 참조 (ledger B5)
distractors,data/pallet/assets/distractors/library/small/gso__Sonny_School_Bus/model.sdf,749,2ed7f0d30fd952b5d54611234226f65754004385aedd72dbd02756e3e96c45e3,model,CC0 / CC-BY 4.0 — library/{tier}/LICENSE·SOURCES 참조 (ledger B5)
distractors,data/pallet/assets/distractors/library/small/gso__Sorry_Sliders_Board_Game/materials/textures/texture.png,18104645,523eeea2e5343704fdcb04eacd3b2338a0db05f95d41b2e93324ee1bedb84e1c,texture,CC0 / CC-BY 4.0 — library/{tier}/LICENSE·SOURCES 참조 (ledger B5)
distractors,data/pallet/assets/distractors/library/small/gso__Sorry_Sliders_Board_Game/meshes/model.mtl,444,3f95530679f169527864c1449868794e574c999561f3dba59ec96cc2b1aaafeb,model,CC0 / CC-BY 4.0 — library/{tier}/LICENSE·SOURCES 참조 (ledger B5)
distractors,data/pallet/assets/distractors/library/small/gso__Sorry_Sliders_Board_Game/meshes/model.obj,130384,a8087f2099c05b393e751770265c3a28c82424ec2dc86ee08154e90761f4910d,model,CC0 / CC-BY 4.0 — library/{tier}/LICENSE·SOURCES 참조 (ledger B5)
distractors,data/pallet/assets/distractors/library/small/gso__Sorry_Sliders_Board_Game/metadata.pbtxt,565,8881f19db2e78d52826ad65ea92dd75f0aa74c92ffed87fe63272b84e37a1ba8,metadata,CC0 / CC-BY 4.0 — library/{tier}/LICENSE·SOURCES 참조 (ledger B5)
distractors,data/pallet/assets/distractors/library/small/gso__Sorry_Sliders_Board_Game/model.config,554,4657718c66d775c18649325acb65b4cd5a9b4f3f3db576e84de5e22bbba0f487,model,CC0 / CC-BY 4.0 — library/{tier}/LICENSE·SOURCES 참조 (ledger B5)
distractors,data/pallet/assets/distractors/library/small/gso__Sorry_Sliders_Board_Game/model.sdf,757,1d88ae82278025e3e36bd7343be4d34bee69050bb276447d36567e864148fa36,model,CC0 / CC-BY 4.0 — library/{tier}/LICENSE·SOURCES 참조 (ledger B5)
distractors,data/pallet/assets/distractors/library/small/gso__Super_Mario_3D_World_Wii_U_Game/materials/textures/texture.png,15179325,136de929a563c0de5bf8962ba9c5cfd04343faceded35a4e71f885e718e66b86,texture,CC0 / CC-BY 4.0 — library/{tier}/LICENSE·SOURCES 참조 (ledger B5)
distractors,data/pallet/assets/distractors/library/small/gso__Super_Mario_3D_World_Wii_U_Game/meshes/model.mtl,444,3f95530679f169527864c1449868794e574c999561f3dba59ec96cc2b1aaafeb,model,CC0 / CC-BY 4.0 — library/{tier}/LICENSE·SOURCES 참조 (ledger B5)
distractors,data/pallet/assets/distractors/library/small/gso__Super_Mario_3D_World_Wii_U_Game/meshes/model.obj,212667,80d05473a42459473cb8376a409f18788190700c87fec3ce85beed95bfe40d66,model,CC0 / CC-BY 4.0 — library/{tier}/LICENSE·SOURCES 참조 (ledger B5)
distractors,data/pallet/assets/distractors/library/small/gso__Super_Mario_3D_World_Wii_U_Game/metadata.pbtxt,580,45b335f80864ddb6037cd66e40fd4f47466ec9c894ffef67e9b0a31e4b555407,metadata,CC0 / CC-BY 4.0 — library/{tier}/LICENSE·SOURCES 참조 (ledger B5)
distractors,data/pallet/assets/distractors/library/small/gso__Super_Mario_3D_World_Wii_U_Game/model.config,570,949141e2b196e6c16aa18d4fb6411fc99ab49cbc4e03655650ec15738a25f900,model,CC0 / CC-BY 4.0 — library/{tier}/LICENSE·SOURCES 참조 (ledger B5)
distractors,data/pallet/assets/distractors/library/small/gso__Super_Mario_3D_World_Wii_U_Game/model.sdf,764,8545ce962165be4e9115068c53912395ee0179afdbdd3b61a41c5ccca5bf16e4,model,CC0 / CC-BY 4.0 — library/{tier}/LICENSE·SOURCES 참조 (ledger B5)
distractors,data/pallet/assets/distractors/library/small/gso__Supernatural_Ouija_Board_Game/materials/textures/texture.png,19087864,97dd32a7f9e30312676da9ce75a5c6b94ec39f214170dc63ca69f318b31eb43f,texture,CC0 / CC-BY 4.0 — library/{tier}/LICENSE·SOURCES 참조 (ledger B5)
distractors,data/pallet/assets/distractors/library/small/gso__Supernatural_Ouija_Board_Game/meshes/model.mtl,444,3f95530679f169527864c1449868794e574c999561f3dba59ec96cc2b1aaafeb,model,CC0 / CC-BY 4.0 — library/{tier}/LICENSE·SOURCES 참조 (ledger B5)
distractors,data/pallet/assets/distractors/library/small/gso__Supernatural_Ouija_Board_Game/meshes/model.obj,807617,32647762ec86c769dd706e7e8bdb0fda4ba7329902636579c464175a38a540e5,model,CC0 / CC-BY 4.0 — library/{tier}/LICENSE·SOURCES 참조 (ledger B5)
distractors,data/pallet/assets/distractors/library/small/gso__Supernatural_Ouija_Board_Game/metadata.pbtxt,566,3739dad3170b5b2c5c343b42f972d43eef20153da66345a18b0e7c1d82ccde8b,metadata,CC0 / CC-BY 4.0 — library/{tier}/LICENSE·SOURCES 참조 (ledger B5)
distractors,data/pallet/assets/distractors/library/small/gso__Supernatural_Ouija_Board_Game/model.config,564,1a39040d8e9b31e06db028678f2cfe1e94193e378899a248a770bf79d61ed42a,model,CC0 / CC-BY 4.0 — library/{tier}/LICENSE·SOURCES 참조 (ledger B5)
distractors,data/pallet/assets/distractors/library/small/gso__Supernatural_Ouija_Board_Game/model.sdf,762,f8d4425b8b4e28984e447b24642e18acf8999133fa12adbf90e67ae8e8da9944,model,CC0 / CC-BY 4.0 — library/{tier}/LICENSE·SOURCES 참조 (ledger B5)
distractors,data/pallet/assets/distractors/library/small/gso__Swiss_Miss_Hot_Cocoa_KCups_Milk_Chocolate_12_count/materials/textures/texture.png,14006940,203341082f6bb2eb5d2817358d2c2fb9f5a238e0b6e1194c79e5aae96af1790c,texture,CC0 / CC-BY 4.0 — library/{tier}/LICENSE·SOURCES 참조 (ledger B5)
distractors,data/pallet/assets/distractors/library/small/gso__Swiss_Miss_Hot_Cocoa_KCups_Milk_Chocolate_12_count/meshes/model.mtl,444,3f95530679f169527864c1449868794e574c999561f3dba59ec96cc2b1aaafeb,model,CC0 / CC-BY 4.0 — library/{tier}/LICENSE·SOURCES 참조 (ledger B5)
distractors,data/pallet/assets/distractors/library/small/gso__Swiss_Miss_Hot_Cocoa_KCups_Milk_Chocolate_12_count/meshes/model.obj,364342,78217cb6ef6dd9e361651ef2340a4cc48928ef418058e25b424de4b949fc1fae,model,CC0 / CC-BY 4.0 — library/{tier}/LICENSE·SOURCES 참조 (ledger B5)
distractors,data/pallet/assets/distractors/library/small/gso__Swiss_Miss_Hot_Cocoa_KCups_Milk_Chocolate_12_count/metadata.pbtxt,616,36a09a9b3f3fea9f800bf8b10deccf53361aa95899f7fe6da54f48abfb65a0f2,metadata,CC0 / CC-BY 4.0 — library/{tier}/LICENSE·SOURCES 참조 (ledger B5)
distractors,data/pallet/assets/distractors/library/small/gso__Swiss_Miss_Hot_Cocoa_KCups_Milk_Chocolate_12_count/model.config,610,84e72ae0e73c747ecec8e1779a47b328c76669d2d3dc3a41310e1e5aba71709d,model,CC0 / CC-BY 4.0 — library/{tier}/LICENSE·SOURCES 참조 (ledger B5)
distractors,data/pallet/assets/distractors/library/small/gso__Swiss_Miss_Hot_Cocoa_KCups_Milk_Chocolate_12_count/model.sdf,783,a6e712ba4a0fd7526fa9115d173a3eaeac3e2f1d68c4a3438c0d73bb02d87bcf,model,CC0 / CC-BY 4.0 — library/{tier}/LICENSE·SOURCES 참조 (ledger B5)
distractors,data/pallet/assets/distractors/library/small/gso__Tetris_Link_Game/materials/textures/texture.png,16193436,f9215eb8d65e6d00fa6d2ef42a79efdc095dff439840553a45c418e11f016366,texture,CC0 / CC-BY 4.0 — library/{tier}/LICENSE·SOURCES 참조 (ledger B5)
distractors,data/pallet/assets/distractors/library/small/gso__Tetris_Link_Game/meshes/model.mtl,444,3f95530679f169527864c1449868794e574c999561f3dba59ec96cc2b1aaafeb,model,CC0 / CC-BY 4.0 — library/{tier}/LICENSE·SOURCES 참조 (ledger B5)
distractors,data/pallet/assets/distractors/library/small/gso__Tetris_Link_Game/meshes/model.obj,267336,2d56118340784e80ac2a5b888bfd0bde3334eb5924b4a58d77827901e7efaa59,model,CC0 / CC-BY 4.0 — library/{tier}/LICENSE·SOURCES 참조 (ledger B5)
distractors,data/pallet/assets/distractors/library/small/gso__Tetris_Link_Game/metadata.pbtxt,547,7db2d1f67a01a7bc74be68f95452cfc3fb270bacf2efd9e5758d2479bc204f40,metadata,CC0 / CC-BY 4.0 — library/{tier}/LICENSE·SOURCES 참조 (ledger B5)
distractors,data/pallet/assets/distractors/library/small/gso__Tetris_Link_Game/model.config,538,b7b827e7d104962de7886129e5b16714608d16de5f29e3c75bfc21f5d5efb8ae,model,CC0 / CC-BY 4.0 — library/{tier}/LICENSE·SOURCES 참조 (ledger B5)
distractors,data/pallet/assets/distractors/library/small/gso__Tetris_Link_Game/model.sdf,749,f20e7610e6df6319927b3576bd49f81a10d81e6d1254a78cbac99f290f938458,model,CC0 / CC-BY 4.0 — library/{tier}/LICENSE·SOURCES 참조 (ledger B5)
distractors,data/pallet/assets/distractors/library/small/gso__Timberland_Mens_Earthkeepers_Newmarket_6Inch_Cupsole_Boot/materials/textures/texture.png,10473253,4f3f06bf85bcdbbdad8f9a1afaebe77f39ca3fc020ef35a5371ee6baae85658a,texture,CC0 / CC-BY 4.0 — library/{tier}/LICENSE·SOURCES 참조 (ledger B5)
distractors,data/pallet/assets/distractors/library/small/gso__Timberland_Mens_Earthkeepers_Newmarket_6Inch_Cupsole_Boot/meshes/model.mtl,444,3f95530679f169527864c1449868794e574c999561f3dba59ec96cc2b1aaafeb,model,CC0 / CC-BY 4.0 — library/{tier}/LICENSE·SOURCES 참조 (ledger B5)
distractors,data/pallet/assets/distractors/library/small/gso__Timberland_Mens_Earthkeepers_Newmarket_6Inch_Cupsole_Boot/meshes/model.obj,1512451,23b5bc55006b7dbb086f5909fcddf37453b76943b7ca395d49dbc3e2f3075150,model,CC0 / CC-BY 4.0 — library/{tier}/LICENSE·SOURCES 참조 (ledger B5)
distractors,data/pallet/assets/distractors/library/small/gso__Timberland_Mens_Earthkeepers_Newmarket_6Inch_Cupsole_Boot/metadata.pbtxt,1136,db85c42ac1a78c9fea39d1fae9f446129b06054eede4da08db46ad843cb5fa61,metadata,CC0 / CC-BY 4.0 — library/{tier}/LICENSE·SOURCES 참조 (ledger B5)
distractors,data/pallet/assets/distractors/library/small/gso__Timberland_Mens_Earthkeepers_Newmarket_6Inch_Cupsole_Boot/model.config,1087,18618bc43d032d55fbccf0f60ab7efac52741b58b1182be435890423037150ac,model,CC0 / CC-BY 4.0 — library/{tier}/LICENSE·SOURCES 참조 (ledger B5)
distractors,data/pallet/assets/distractors/library/small/gso__Timberland_Mens_Earthkeepers_Newmarket_6Inch_Cupsole_Boot/model.sdf,790,b68de54243232c84a2911220ae9077cd9c10ab15bfe1c2a13a057fccacc3064e,model,CC0 / CC-BY 4.0 — library/{tier}/LICENSE·SOURCES 참조 (ledger B5)
distractors,data/pallet/assets/distractors/library/small/gso__Twinlab_100_Whey_Protein_Fuel_Chocolate/materials/textures/texture.png,13628959,0dde90374a1c8b44fa73e08555f25199bfe62a985577003608d8401536d8d044,texture,CC0 / CC-BY 4.0 — library/{tier}/LICENSE·SOURCES 참조 (ledger B5)
distractors,data/pallet/assets/distractors/library/small/gso__Twinlab_100_Whey_Protein_Fuel_Chocolate/meshes/model.mtl,444,3f95530679f169527864c1449868794e574c999561f3dba59ec96cc2b1aaafeb,model,CC0 / CC-BY 4.0 — library/{tier}/LICENSE·SOURCES 참조 (ledger B5)
distractors,data/pallet/assets/distractors/library/small/gso__Twinlab_100_Whey_Protein_Fuel_Chocolate/meshes/model.obj,1111526,2719b102a4284de53a4f36c7a0b56a32e50b0fa566ff446fc21da412c1d237ac,model,CC0 / CC-BY 4.0 — library/{tier}/LICENSE·SOURCES 참조 (ledger B5)
distractors,data/pallet/assets/distractors/library/small/gso__Twinlab_100_Whey_Protein_Fuel_Chocolate/metadata.pbtxt,2009,d6cebbe92e93c74b15da1357a15374319a2925b4411a19f312779d797f108b59,metadata,CC0 / CC-BY 4.0 — library/{tier}/LICENSE·SOURCES 참조 (ledger B5)
distractors,data/pallet/assets/distractors/library/small/gso__Twinlab_100_Whey_Protein_Fuel_Chocolate/model.config,1939,46447cc076cdf09ef648a05928ea41d11c8d064aa409ba189ea17ff3e1567b7b,model,CC0 / CC-BY 4.0 — library/{tier}/LICENSE·SOURCES 참조 (ledger B5)
distractors,data/pallet/assets/distractors/library/small/gso__Twinlab_100_Whey_Protein_Fuel_Chocolate/model.sdf,772,37090a446a5839f2221345ad26eadb9d03c4fdf1558b7a3614ce9cd7e4975826,model,CC0 / CC-BY 4.0 — library/{tier}/LICENSE·SOURCES 참조 (ledger B5)
distractors,data/pallet/assets/distractors/library/small/gso__Twinlab_100_Whey_Protein_Fuel_Vanilla/materials/textures/texture.png,14163590,3ba650ff42d87fb6f2575ca06a42681bc2397d414d81d8485e3e482c1cee20b6,texture,CC0 / CC-BY 4.0 — library/{tier}/LICENSE·SOURCES 참조 (ledger B5)
distractors,data/pallet/assets/distractors/library/small/gso__Twinlab_100_Whey_Protein_Fuel_Vanilla/meshes/model.mtl,444,3f95530679f169527864c1449868794e574c999561f3dba59ec96cc2b1aaafeb,model,CC0 / CC-BY 4.0 — library/{tier}/LICENSE·SOURCES 참조 (ledger B5)
distractors,data/pallet/assets/distractors/library/small/gso__Twinlab_100_Whey_Protein_Fuel_Vanilla/meshes/model.obj,871331,c1e8e604125f6b677b33dd3fefdd0f003f6ebd92971cec166db499d4579f229a,model,CC0 / CC-BY 4.0 — library/{tier}/LICENSE·SOURCES 참조 (ledger B5)
distractors,data/pallet/assets/distractors/library/small/gso__Twinlab_100_Whey_Protein_Fuel_Vanilla/metadata.pbtxt,2005,d72bddd8bc342b5bd46205c6c111b1881d6af5d7b62bb0dc9c9e8fbb526c5c78,metadata,CC0 / CC-BY 4.0 — library/{tier}/LICENSE·SOURCES 참조 (ledger B5)
distractors,data/pallet/assets/distractors/library/small/gso__Twinlab_100_Whey_Protein_Fuel_Vanilla/model.config,1935,ea5d739838632ee4e8fb69a3c7a6ed36831ca4629ff2d41dea3439a76a9e0a05,model,CC0 / CC-BY 4.0 — library/{tier}/LICENSE·SOURCES 참조 (ledger B5)
distractors,data/pallet/assets/distractors/library/small/gso__Twinlab_100_Whey_Protein_Fuel_Vanilla/model.sdf,770,ce29a0721b4beb8681660bd986bb05434479c91cbec6062fb9ea46f6b1baa447,model,CC0 / CC-BY 4.0 — library/{tier}/LICENSE·SOURCES 참조 (ledger B5)
distractors,data/pallet/assets/distractors/library/small/gso__UGG_Classic_Tall_Womens_Boots_Chestnut_7/materials/textures/texture.png,9996622,8f272ef27ea9e09cc965538353b81613427b8e37d93936de927445819799998b,texture,CC0 / CC-BY 4.0 — library/{tier}/LICENSE·SOURCES 참조 (ledger B5)
distractors,data/pallet/assets/distractors/library/small/gso__UGG_Classic_Tall_Womens_Boots_Chestnut_7/meshes/model.mtl,444,3f95530679f169527864c1449868794e574c999561f3dba59ec96cc2b1aaafeb,model,CC0 / CC-BY 4.0 — library/{tier}/LICENSE·SOURCES 참조 (ledger B5)
distractors,data/pallet/assets/distractors/library/small/gso__UGG_Classic_Tall_Womens_Boots_Chestnut_7/meshes/model.obj,1559973,611e0bb77e21309ba11a8f6e8a5b714971918fe3cc8433f649feba40f4206e5e,model,CC0 / CC-BY 4.0 — library/{tier}/LICENSE·SOURCES 참조 (ledger B5)
distractors,data/pallet/assets/distractors/library/small/gso__UGG_Classic_Tall_Womens_Boots_Chestnut_7/metadata.pbtxt,1041,db3472f02f3685944fb5b59f81b3bf5a2d5e2acdb2d5da7dc8d3517af1431589,metadata,CC0 / CC-BY 4.0 — library/{tier}/LICENSE·SOURCES 참조 (ledger B5)
distractors,data/pallet/assets/distractors/library/small/gso__UGG_Classic_Tall_Womens_Boots_Chestnut_7/model.config,1001,54983a9fd6aee3f676e595e25b890ef09b3880fea4e6f7afaca09a30c74c76eb,model,CC0 / CC-BY 4.0 — library/{tier}/LICENSE·SOURCES 참조 (ledger B5)
distractors,data/pallet/assets/distractors/library/small/gso__UGG_Classic_Tall_Womens_Boots_Chestnut_7/model.sdf,773,1754d01ca05a50a9cca7fd5f9bb8dbf31c30d3a7b98a52052332e3b427dd0cc7,model,CC0 / CC-BY 4.0 — library/{tier}/LICENSE·SOURCES 참조 (ledger B5)
distractors,data/pallet/assets/distractors/library/small/gso__US_Army_Stash_Lunch_Bag/materials/textures/texture.png,17395730,a80e0e7c7a4140d2b3551f61b2a8ce73d2788345058126a4190fb3093a15a95c,texture,CC0 / CC-BY 4.0 — library/{tier}/LICENSE·SOURCES 참조 (ledger B5)
distractors,data/pallet/assets/distractors/library/small/gso__US_Army_Stash_Lunch_Bag/meshes/model.mtl,444,3f95530679f169527864c1449868794e574c999561f3dba59ec96cc2b1aaafeb,model,CC0 / CC-BY 4.0 — library/{tier}/LICENSE·SOURCES 참조 (ledger B5)
distractors,data/pallet/assets/distractors/library/small/gso__US_Army_Stash_Lunch_Bag/meshes/model.obj,1445816,813d5d73d4ad4604a12907a7d63b6dbbe4f9fc23285f753c4e28ef26f8615233,model,CC0 / CC-BY 4.0 — library/{tier}/LICENSE·SOURCES 참조 (ledger B5)
distractors,data/pallet/assets/distractors/library/small/gso__US_Army_Stash_Lunch_Bag/metadata.pbtxt,586,227d55646c427255aa923c2fa8d9b4d3424df657814c30baba09633f7ec1591b,metadata,CC0 / CC-BY 4.0 — library/{tier}/LICENSE·SOURCES 참조 (ledger B5)
distractors,data/pallet/assets/distractors/library/small/gso__US_Army_Stash_Lunch_Bag/model.config,554,1cdd6c43434b5d938859fe041d052406af970c675c902f9ae55175a47306b661,model,CC0 / CC-BY 4.0 — library/{tier}/LICENSE·SOURCES 참조 (ledger B5)
distractors,data/pallet/assets/distractors/library/small/gso__US_Army_Stash_Lunch_Bag/model.sdf,756,597258cb282adabc53bbb1fd0a5d765c7563b553174aeda1a101b02173860535,model,CC0 / CC-BY 4.0 — library/{tier}/LICENSE·SOURCES 참조 (ledger B5)
distractors,data/pallet/assets/distractors/library/small/gso__U_By_Kotex_Sleek_Regular_Unscented_Tampons_36_Ct_Box/materials/textures/texture.png,13026581,99ece9018983d4295e25fe14ab9d7461b3aa9134def9ddafdab1d85aa55df0ed,texture,CC0 / CC-BY 4.0 — library/{tier}/LICENSE·SOURCES 참조 (ledger B5)
distractors,data/pallet/assets/distractors/library/small/gso__U_By_Kotex_Sleek_Regular_Unscented_Tampons_36_Ct_Box/meshes/model.mtl,444,3f95530679f169527864c1449868794e574c999561f3dba59ec96cc2b1aaafeb,model,CC0 / CC-BY 4.0 — library/{tier}/LICENSE·SOURCES 참조 (ledger B5)
distractors,data/pallet/assets/distractors/library/small/gso__U_By_Kotex_Sleek_Regular_Unscented_Tampons_36_Ct_Box/meshes/model.obj,598646,54d4f8ded31b01aaf9f0e57b991002dedfba609a055c98cf461e66c94def7e48,model,CC0 / CC-BY 4.0 — library/{tier}/LICENSE·SOURCES 참조 (ledger B5)
distractors,data/pallet/assets/distractors/library/small/gso__U_By_Kotex_Sleek_Regular_Unscented_Tampons_36_Ct_Box/metadata.pbtxt,962,71b62d0fce1039f8f1097aec285a5984288d0e93de011df28c1da69e7c7884bb,metadata,CC0 / CC-BY 4.0 — library/{tier}/LICENSE·SOURCES 참조 (ledger B5)
distractors,data/pallet/assets/distractors/library/small/gso__U_By_Kotex_Sleek_Regular_Unscented_Tampons_36_Ct_Box/model.config,875,4a265883174587498f8b68465db91c415d5c8d8197467bfa3d2dca091a028eae,model,CC0 / CC-BY 4.0 — library/{tier}/LICENSE·SOURCES 참조 (ledger B5)
distractors,data/pallet/assets/distractors/library/small/gso__U_By_Kotex_Sleek_Regular_Unscented_Tampons_36_Ct_Box/model.sdf,785,3f2d797617eda08df29194bfbebb45fde08a5a7a93c23afae872fd359ac61d22,model,CC0 / CC-BY 4.0 — library/{tier}/LICENSE·SOURCES 참조 (ledger B5)
distractors,data/pallet/assets/distractors/library/small/gso__Vans_Cereal_Honey_Nut_Crunch_11_oz_box/materials/textures/texture.png,14245895,a8d20a316353504800253efbafbf143a7a26a5e265420541bf52a7a486e1b697,texture,CC0 / CC-BY 4.0 — library/{tier}/LICENSE·SOURCES 참조 (ledger B5)
distractors,data/pallet/assets/distractors/library/small/gso__Vans_Cereal_Honey_Nut_Crunch_11_oz_box/meshes/model.mtl,444,3f95530679f169527864c1449868794e574c999561f3dba59ec96cc2b1aaafeb,model,CC0 / CC-BY 4.0 — library/{tier}/LICENSE·SOURCES 참조 (ledger B5)
distractors,data/pallet/assets/distractors/library/small/gso__Vans_Cereal_Honey_Nut_Crunch_11_oz_box/meshes/model.obj,114781,8e877cb87f4914f967f51b1cad73e9b83a4bfc4ee8f9cdbb31330d8f7370e3af,model,CC0 / CC-BY 4.0 — library/{tier}/LICENSE·SOURCES 참조 (ledger B5)
distractors,data/pallet/assets/distractors/library/small/gso__Vans_Cereal_Honey_Nut_Crunch_11_oz_box/metadata.pbtxt,622,ad086046ded6d8aa23dd5d4e2861b88d6c80b52db13af9f0f2c9963f8244211b,metadata,CC0 / CC-BY 4.0 — library/{tier}/LICENSE·SOURCES 참조 (ledger B5)
distractors,data/pallet/assets/distractors/library/small/gso__Vans_Cereal_Honey_Nut_Crunch_11_oz_box/model.config,586,f5894b977c753c40bf5c7f2887de05e461d4a21723f87c90e510f2866391f355,model,CC0 / CC-BY 4.0 — library/{tier}/LICENSE·SOURCES 참조 (ledger B5)
distractors,data/pallet/assets/distractors/library/small/gso__Vans_Cereal_Honey_Nut_Crunch_11_oz_box/model.sdf,771,71cd9ea1f485d6dc14c257af0513de4db1a73fd24f27506a48750dad43fd8efa,model,CC0 / CC-BY 4.0 — library/{tier}/LICENSE·SOURCES 참조 (ledger B5)
distractors,data/pallet/assets/distractors/library/small/gso__Victor_Reversible_Bookend/materials/textures/texture.png,8726396,71ccf020a97b92dc07e6d85e2d6c6b893b7e8066c59399e31caeaf58d8dfa97b,texture,CC0 / CC-BY 4.0 — library/{tier}/LICENSE·SOURCES 참조 (ledger B5)
distractors,data/pallet/assets/distractors/library/small/gso__Victor_Reversible_Bookend/meshes/model.mtl,444,3f95530679f169527864c1449868794e574c999561f3dba59ec96cc2b1aaafeb,model,CC0 / CC-BY 4.0 — library/{tier}/LICENSE·SOURCES 참조 (ledger B5)
distractors,data/pallet/assets/distractors/library/small/gso__Victor_Reversible_Bookend/meshes/model.obj,1515415,7b7e740402532a5782185c1007a1faa37aaf9928a8ae871f039f48aa5ef60813,model,CC0 / CC-BY 4.0 — library/{tier}/LICENSE·SOURCES 참조 (ledger B5)
distractors,data/pallet/assets/distractors/library/small/gso__Victor_Reversible_Bookend/metadata.pbtxt,563,f7ac922c9235df2c4d7d207413fc8249804d4924ed074540f9f12f47e0e9dd94,metadata,CC0 / CC-BY 4.0 — library/{tier}/LICENSE·SOURCES 참조 (ledger B5)
distractors,data/pallet/assets/distractors/library/small/gso__Victor_Reversible_Bookend/model.config,556,37210daba89925caea30e08a8465e8b5de05a5ae3d986f7c142e04a6bdfd55df,model,CC0 / CC-BY 4.0 — library/{tier}/LICENSE·SOURCES 참조 (ledger B5)
distractors,data/pallet/assets/distractors/library/small/gso__Victor_Reversible_Bookend/model.sdf,758,5017d84c865ca6694b579f7c508d5cc834a060fac60dee18b47bfe878f18220d,model,CC0 / CC-BY 4.0 — library/{tier}/LICENSE·SOURCES 참조 (ledger B5)
distractors,data/pallet/assets/distractors/library/small/gso__Vtech_Stack_Sing_Rings_636_Months/materials/textures/texture.png,10588962,3fc37dee409d40e9f2c98b90f6394d6b9622b3f88c82850e5a3524853a85c884,texture,CC0 / CC-BY 4.0 — library/{tier}/LICENSE·SOURCES 참조 (ledger B5)
distractors,data/pallet/assets/distractors/library/small/gso__Vtech_Stack_Sing_Rings_636_Months/meshes/model.mtl,444,3f95530679f169527864c1449868794e574c999561f3dba59ec96cc2b1aaafeb,model,CC0 / CC-BY 4.0 — library/{tier}/LICENSE·SOURCES 참조 (ledger B5)
distractors,data/pallet/assets/distractors/library/small/gso__Vtech_Stack_Sing_Rings_636_Months/meshes/model.obj,1893735,294b63f5676a33ec7d814edc17cdfdb82a7120dde0bb2edd0c9ce2971fbdca48,model,CC0 / CC-BY 4.0 — library/{tier}/LICENSE·SOURCES 참조 (ledger B5)
distractors,data/pallet/assets/distractors/library/small/gso__Vtech_Stack_Sing_Rings_636_Months/metadata.pbtxt,572,46724ec97e9650d7cf00632188ba7745179826c613f17b40c6673b5ff39c08ea,metadata,CC0 / CC-BY 4.0 — library/{tier}/LICENSE·SOURCES 참조 (ledger B5)
distractors,data/pallet/assets/distractors/library/small/gso__Vtech_Stack_Sing_Rings_636_Months/model.config,580,612e89abb5004945d6305785ff23eb9babcd24b914b465cc5fcb60bc054c364e,model,CC0 / CC-BY 4.0 — library/{tier}/LICENSE·SOURCES 참조 (ledger B5)
distractors,data/pallet/assets/distractors/library/small/gso__Vtech_Stack_Sing_Rings_636_Months/model.sdf,766,962c27021919baa602a525d8fa176cffb69060ace788d40773fbc47b1f3c84a3,model,CC0 / CC-BY 4.0 — library/{tier}/LICENSE·SOURCES 참조 (ledger B5)
distractors,data/pallet/assets/distractors/library/small/gso__Weisshai_Great_White_Shark/materials/textures/texture.png,7892031,ba9ce34f7a97ae62a35d62c34710ab56597f58ba0014363d8a38535d5f744858,texture,CC0 / CC-BY 4.0 — library/{tier}/LICENSE·SOURCES 참조 (ledger B5)
distractors,data/pallet/assets/distractors/library/small/gso__Weisshai_Great_White_Shark/meshes/model.mtl,444,3f95530679f169527864c1449868794e574c999561f3dba59ec96cc2b1aaafeb,model,CC0 / CC-BY 4.0 — library/{tier}/LICENSE·SOURCES 참조 (ledger B5)
distractors,data/pallet/assets/distractors/library/small/gso__Weisshai_Great_White_Shark/meshes/model.obj,511642,d2c6823767376d90347296a37cd1495ccb402fbc1159353ee67c10216317c28f,model,CC0 / CC-BY 4.0 — library/{tier}/LICENSE·SOURCES 참조 (ledger B5)
distractors,data/pallet/assets/distractors/library/small/gso__Weisshai_Great_White_Shark/metadata.pbtxt,537,f7eb1824178c016cc73c34f5ab4c40739e0144e49114aaf3d656379435c7fa99,metadata,CC0 / CC-BY 4.0 — library/{tier}/LICENSE·SOURCES 참조 (ledger B5)
distractors,data/pallet/assets/distractors/library/small/gso__Weisshai_Great_White_Shark/model.config,563,05e2b52e09bb7bfa25af1aa88e120287f01519a41824151ede3213475958d5fe,model,CC0 / CC-BY 4.0 — library/{tier}/LICENSE·SOURCES 참조 (ledger B5)
distractors,data/pallet/assets/distractors/library/small/gso__Weisshai_Great_White_Shark/model.sdf,759,03129a015924d10dad96b07e81d2499313e9c3dd2c75ba897619e2288da75e05,model,CC0 / CC-BY 4.0 — library/{tier}/LICENSE·SOURCES 참조 (ledger B5)
distractors,data/pallet/assets/distractors/library/small/gso__Winning_Moves_1180_Aggravation_Board_Game/materials/textures/texture.png,18641145,3f555481654e11f4cb5412308dbf0c0eb238f2617d7a2f502f68571da3416750,texture,CC0 / CC-BY 4.0 — library/{tier}/LICENSE·SOURCES 참조 (ledger B5)
distractors,data/pallet/assets/distractors/library/small/gso__Winning_Moves_1180_Aggravation_Board_Game/meshes/model.mtl,444,3f95530679f169527864c1449868794e574c999561f3dba59ec96cc2b1aaafeb,model,CC0 / CC-BY 4.0 — library/{tier}/LICENSE·SOURCES 참조 (ledger B5)
distractors,data/pallet/assets/distractors/library/small/gso__Winning_Moves_1180_Aggravation_Board_Game/meshes/model.obj,80887,b7da70d45f2b43b20a7b44dceb39dba8d3c6f8df6473489af34c16c9f6e1f2ef,model,CC0 / CC-BY 4.0 — library/{tier}/LICENSE·SOURCES 참조 (ledger B5)
distractors,data/pallet/assets/distractors/library/small/gso__Winning_Moves_1180_Aggravation_Board_Game/metadata.pbtxt,590,58bbd66ae56dea7252c04d92b3c36f0392fe6c19deabb0c9e179b44ec2cce5d7,metadata,CC0 / CC-BY 4.0 — library/{tier}/LICENSE·SOURCES 참조 (ledger B5)
distractors,data/pallet/assets/distractors/library/small/gso__Winning_Moves_1180_Aggravation_Board_Game/model.config,588,df038b59f61e3acee2929f012670452b6d728f453b319d7fad1f219c688c9655,model,CC0 / CC-BY 4.0 — library/{tier}/LICENSE·SOURCES 참조 (ledger B5)
distractors,data/pallet/assets/distractors/library/small/gso__Winning_Moves_1180_Aggravation_Board_Game/model.sdf,774,0f62fee9e4ded0cf5f3f80dd2f735a0731232a03b8fdf021bf2064da2dd9209b,model,CC0 / CC-BY 4.0 — library/{tier}/LICENSE·SOURCES 참조 (ledger B5)
distractors,data/pallet/assets/distractors/library/small/gso__Wooden_ABC_123_Blocks_50_pack/materials/textures/texture.png,19147284,d07c0d4c951c623e20d8a1c6b3319934a662bbbe963c3a444351d660ac203ec0,texture,CC0 / CC-BY 4.0 — library/{tier}/LICENSE·SOURCES 참조 (ledger B5)
distractors,data/pallet/assets/distractors/library/small/gso__Wooden_ABC_123_Blocks_50_pack/meshes/model.mtl,444,3f95530679f169527864c1449868794e574c999561f3dba59ec96cc2b1aaafeb,model,CC0 / CC-BY 4.0 — library/{tier}/LICENSE·SOURCES 참조 (ledger B5)
distractors,data/pallet/assets/distractors/library/small/gso__Wooden_ABC_123_Blocks_50_pack/meshes/model.obj,1481819,688edfd969956708034d26f09b57a2598a1982088bb18494e265e94edf7800b2,model,CC0 / CC-BY 4.0 — library/{tier}/LICENSE·SOURCES 참조 (ledger B5)
distractors,data/pallet/assets/distractors/library/small/gso__Wooden_ABC_123_Blocks_50_pack/metadata.pbtxt,566,e92a8e88b377eeab7a0041be15ede6be5606e5ada16eef2e62dc852747e6a460,metadata,CC0 / CC-BY 4.0 — library/{tier}/LICENSE·SOURCES 참조 (ledger B5)
distractors,data/pallet/assets/distractors/library/small/gso__Wooden_ABC_123_Blocks_50_pack/model.config,566,cc5a5f9dbfea9e7ddc361af01e6a84ea4300a5ba28bf03612ea463a8f69ffa8a,model,CC0 / CC-BY 4.0 — library/{tier}/LICENSE·SOURCES 참조 (ledger B5)
distractors,data/pallet/assets/distractors/library/small/gso__Wooden_ABC_123_Blocks_50_pack/model.sdf,762,9ca750b5b51af3d46dbd3a562cdd66bcc2505b368648fecea92bb01f8049ba8c,model,CC0 / CC-BY 4.0 — library/{tier}/LICENSE·SOURCES 참조 (ledger B5)
distractors,data/pallet/assets/distractors/library/small/gso__Xyli_Pure_Xylitol/materials/textures/texture.png,9899609,286e23a29218633f18ce0d4a837340ecacb685439ff139d615885cfbb3b1f78a,texture,CC0 / CC-BY 4.0 — library/{tier}/LICENSE·SOURCES 참조 (ledger B5)
distractors,data/pallet/assets/distractors/library/small/gso__Xyli_Pure_Xylitol/meshes/model.mtl,444,3f95530679f169527864c1449868794e574c999561f3dba59ec96cc2b1aaafeb,model,CC0 / CC-BY 4.0 — library/{tier}/LICENSE·SOURCES 참조 (ledger B5)
distractors,data/pallet/assets/distractors/library/small/gso__Xyli_Pure_Xylitol/meshes/model.obj,471949,9b9f56c2fbe6ae5771074ef65510642d485904df43537044f9d1d206bfd3be6c,model,CC0 / CC-BY 4.0 — library/{tier}/LICENSE·SOURCES 참조 (ledger B5)
distractors,data/pallet/assets/distractors/library/small/gso__Xyli_Pure_Xylitol/metadata.pbtxt,610,2078700764f8ade0da08d3cf3759c4a691c0d37fbb6e9d6e11b69dd541ac4f22,metadata,CC0 / CC-BY 4.0 — library/{tier}/LICENSE·SOURCES 참조 (ledger B5)
distractors,data/pallet/assets/distractors/library/small/gso__Xyli_Pure_Xylitol/model.config,540,2f34ebdf02ba7b75f6037b2e14ddf5fb3b55e083b551a9f07a1ae5aa91e2deb7,model,CC0 / CC-BY 4.0 — library/{tier}/LICENSE·SOURCES 참조 (ledger B5)
distractors,data/pallet/assets/distractors/library/small/gso__Xyli_Pure_Xylitol/model.sdf,750,6921c5aa5ef127e17039369050fda9c5d57f52ac03a9633c8816c7b42e2d4e36,model,CC0 / CC-BY 4.0 — library/{tier}/LICENSE·SOURCES 참조 (ledger B5)
distractors,data/pallet/assets/distractors/library/small/ph__adjustable_wrench/adjustable_wrench.bin,189556,6a61050c0eb32f4139c49168fe403f04d255e9ca9255bc293e4cd4f503bd5883,adjustable_wrench,CC0 / CC-BY 4.0 — library/{tier}/LICENSE·SOURCES 참조 (ledger B5)
distractors,data/pallet/assets/distractors/library/small/ph__adjustable_wrench/adjustable_wrench_1k.gltf,5659,1fc7df249bd4aa5f8cad48eb0b23381bad305b17a3095d06758d76ac1605fea1,adjustable_wrench_1k,CC0 / CC-BY 4.0 — library/{tier}/LICENSE·SOURCES 참조 (ledger B5)
distractors,data/pallet/assets/distractors/library/small/ph__adjustable_wrench/textures/adjustable_wrench_arm_1k.jpg,872289,0fe9de7c2fce586621364cc02549d524e31b99831d93b330a51175b42e4a276a,adjustable_wrench_arm_1k,CC0 / CC-BY 4.0 — library/{tier}/LICENSE·SOURCES 참조 (ledger B5)
distractors,data/pallet/assets/distractors/library/small/ph__adjustable_wrench/textures/adjustable_wrench_diff_1k.jpg,783317,d4725eb3c741e337c28c0ed57712ecdfb5f3ee34f130907e34cea0b8e7809595,adjustable_wrench_diff_1k,CC0 / CC-BY 4.0 — library/{tier}/LICENSE·SOURCES 참조 (ledger B5)
distractors,data/pallet/assets/distractors/library/small/ph__adjustable_wrench/textures/adjustable_wrench_nor_gl_1k.jpg,791361,68eb00858eefe4d80a75640c81dc4b202a3b946fd5800d7d2ea3cad29d8e0120,adjustable_wrench_nor_gl_1k,CC0 / CC-BY 4.0 — library/{tier}/LICENSE·SOURCES 참조 (ledger B5)
distractors,data/pallet/assets/distractors/library/small/ph__bleach_bottle/bleach_bottle.bin,106328,2b223425b640f6da3924698a5b94ed4ad31e7fef08fa9cfa0004a096b0b5727e,bleach_bottle,CC0 / CC-BY 4.0 — library/{tier}/LICENSE·SOURCES 참조 (ledger B5)
distractors,data/pallet/assets/distractors/library/small/ph__bleach_bottle/bleach_bottle_1k.gltf,2784,0a0dc6e370afd86f5fc1b2c3fded4edf8e4b0fc8ab1947e0454752fb3e62c80f,bleach_bottle_1k,CC0 / CC-BY 4.0 — library/{tier}/LICENSE·SOURCES 참조 (ledger B5)
distractors,data/pallet/assets/distractors/library/small/ph__bleach_bottle/textures/bleach_bottle_01_arm_1k.jpg,492206,7aec58d92d982aaeb8a23b6ebc3486aa959641badf848eaf2893c271ec767112,bleach_bottle_01_arm_1k,CC0 / CC-BY 4.0 — library/{tier}/LICENSE·SOURCES 참조 (ledger B5)
distractors,data/pallet/assets/distractors/library/small/ph__bleach_bottle/textures/bleach_bottle_01_diff_1k.jpg,380740,340329a562c3b5a1d5441577cb9ecbb4e1bbbd3e5221439681a392db566b08a1,bleach_bottle_01_diff_1k,CC0 / CC-BY 4.0 — library/{tier}/LICENSE·SOURCES 참조 (ledger B5)
distractors,data/pallet/assets/distractors/library/small/ph__bleach_bottle/textures/bleach_bottle_01_nor_gl_1k.jpg,286558,cc16f4c13f17c7f511e36a614a91b2e932cdf85263788bba9ea58d2a94e049bf,bleach_bottle_01_nor_gl_1k,CC0 / CC-BY 4.0 — library/{tier}/LICENSE·SOURCES 참조 (ledger B5)
distractors,data/pallet/assets/distractors/library/small/ph__can_rusted/can_rusted.bin,97440,169b333e0cbbb987f2874fa4d4af1b0d9bc710a39156e0e9b11b3b2283b2ccae,can_rusted,CC0 / CC-BY 4.0 — library/{tier}/LICENSE·SOURCES 참조 (ledger B5)
distractors,data/pallet/assets/distractors/library/small/ph__can_rusted/can_rusted_1k.gltf,2990,0014435958bacf2744a4a8e1d6aa180fbd4411533db59e5f80bc7c13bbd235c2,can_rusted_1k,CC0 / CC-BY 4.0 — library/{tier}/LICENSE·SOURCES 참조 (ledger B5)
distractors,data/pallet/assets/distractors/library/small/ph__can_rusted/textures/can_rusted_arm_1k.jpg,609708,d1eb839ad1f4c3eca3032de0298176ce5ef7ae49e10cd0c13dd789945ce36849,can_rusted_arm_1k,CC0 / CC-BY 4.0 — library/{tier}/LICENSE·SOURCES 참조 (ledger B5)
distractors,data/pallet/assets/distractors/library/small/ph__can_rusted/textures/can_rusted_diff_1k.jpg,739913,ed838bd8c1f0bd73d5a2914cebb68b394d97b18e191785f214b919a233b4b246,can_rusted_diff_1k,CC0 / CC-BY 4.0 — library/{tier}/LICENSE·SOURCES 참조 (ledger B5)
distractors,data/pallet/assets/distractors/library/small/ph__can_rusted/textures/can_rusted_nor_gl_1k.jpg,663638,f4f049846ec80e39d65b29dee588ea643643e0e3ca12b56d6f6374acffefd366,can_rusted_nor_gl_1k,CC0 / CC-BY 4.0 — library/{tier}/LICENSE·SOURCES 참조 (ledger B5)
distractors,data/pallet/assets/distractors/library/small/ph__cardboard_box_01/cardboard_box_01.bin,381936,7212d43b4cb56459e46d31ab34dc7c310fcfbe170f4a588416dea07ae5628a4b,cardboard_box_01,CC0 / CC-BY 4.0 — library/{tier}/LICENSE·SOURCES 참조 (ledger B5)
distractors,data/pallet/assets/distractors/library/small/ph__cardboard_box_01/cardboard_box_01_1k.gltf,2903,6038bcc5bba5a08a5f6643a265977e37e3d14553e62981e144c33a89f10b78e1,cardboard_box_01_1k,CC0 / CC-BY 4.0 — library/{tier}/LICENSE·SOURCES 참조 (ledger B5)
distractors,data/pallet/assets/distractors/library/small/ph__cardboard_box_01/textures/cardboard_box_01_arm_1k.jpg,398433,5db63828d0f904c6a8d9c83afc912260b2a27261c15a28d06360519384574d2b,cardboard_box_01_arm_1k,CC0 / CC-BY 4.0 — library/{tier}/LICENSE·SOURCES 참조 (ledger B5)
distractors,data/pallet/assets/distractors/library/small/ph__cardboard_box_01/textures/cardboard_box_01_diff_1k.jpg,567741,122c7ba8c5935e289804a730b480677a4bffdf74a45c91970cba682df92e171c,cardboard_box_01_diff_1k,CC0 / CC-BY 4.0 — library/{tier}/LICENSE·SOURCES 참조 (ledger B5)
distractors,data/pallet/assets/distractors/library/small/ph__cardboard_box_01/textures/cardboard_box_01_nor_gl_1k.jpg,817424,d2d1f529a851966b65411b5094510dd9eba03cd5c0a89921f79325c377a8e8eb,cardboard_box_01_nor_gl_1k,CC0 / CC-BY 4.0 — library/{tier}/LICENSE·SOURCES 참조 (ledger B5)
distractors,data/pallet/assets/distractors/library/small/ph__cement_bag/cement_bag.bin,22280,6f5bb09b0a706d330b208c5a820b23b03d1ddf535fea8c459de398b55bb9e3b0,cement_bag,CC0 / CC-BY 4.0 — library/{tier}/LICENSE·SOURCES 참조 (ledger B5)
distractors,data/pallet/assets/distractors/library/small/ph__cement_bag/cement_bag_1k.gltf,2745,60749af5830f8df1bc1388b177763b1ab09b9f40de3577d21a8c88659f6562a7,cement_bag_1k,CC0 / CC-BY 4.0 — library/{tier}/LICENSE·SOURCES 참조 (ledger B5)
distractors,data/pallet/assets/distractors/library/small/ph__cement_bag/textures/cement_bag_arm_1k.jpg,409263,ab39330e5c00b8d8c3febc58076717394d261daea50faba1c9fa90d8c51f06a4,cement_bag_arm_1k,CC0 / CC-BY 4.0 — library/{tier}/LICENSE·SOURCES 참조 (ledger B5)
distractors,data/pallet/assets/distractors/library/small/ph__cement_bag/textures/cement_bag_diff_1k.jpg,616339,0f1a45ba37e569b744325976b0a4514bc9e0b073bc12f1adb4d3232f6e90ed3e,cement_bag_diff_1k,CC0 / CC-BY 4.0 — library/{tier}/LICENSE·SOURCES 참조 (ledger B5)
distractors,data/pallet/assets/distractors/library/small/ph__cement_bag/textures/cement_bag_nor_gl_1k.jpg,397422,4f9b5ff34b029b47744dca27b864d35c167472792073a2141a5f69fc4cb39ddd,cement_bag_nor_gl_1k,CC0 / CC-BY 4.0 — library/{tier}/LICENSE·SOURCES 참조 (ledger B5)
distractors,data/pallet/assets/distractors/library/small/ph__crowbar_01/crowbar_01.bin,58664,85e90d3ac56ace801b3036c806f9578aed78cce85724aa01b7c5b32e8606996d,crowbar_01,CC0 / CC-BY 4.0 — library/{tier}/LICENSE·SOURCES 참조 (ledger B5)
distractors,data/pallet/assets/distractors/library/small/ph__crowbar_01/crowbar_01_1k.gltf,2741,bb1d8974df16b2d75a786b2e019a0382a38aacab9850efe94df40899c7d0bab3,crowbar_01_1k,CC0 / CC-BY 4.0 — library/{tier}/LICENSE·SOURCES 참조 (ledger B5)
distractors,data/pallet/assets/distractors/library/small/ph__crowbar_01/textures/crowbar_01_arm_1k.jpg,514358,e6a836987045f155b6856f739369081fd0aa93578282c57723318cc834a3d739,crowbar_01_arm_1k,CC0 / CC-BY 4.0 — library/{tier}/LICENSE·SOURCES 참조 (ledger B5)
distractors,data/pallet/assets/distractors/library/small/ph__crowbar_01/textures/crowbar_01_diff_1k.jpg,488739,940d6566a26806daf0e729cbe1a641a964d96a0bc073aba769973f757a92adb3,crowbar_01_diff_1k,CC0 / CC-BY 4.0 — library/{tier}/LICENSE·SOURCES 참조 (ledger B5)
distractors,data/pallet/assets/distractors/library/small/ph__crowbar_01/textures/crowbar_01_nor_gl_1k.jpg,523819,09689be72e5dedb35ba6be5eaca4cc7865f5fb0899d9a91f856f040adec3a31e,crowbar_01_nor_gl_1k,CC0 / CC-BY 4.0 — library/{tier}/LICENSE·SOURCES 참조 (ledger B5)
distractors,data/pallet/assets/distractors/library/small/ph__metal_jerrycan/metal_jerrycan.bin,484676,d84ce2528b28a477c5309fc289a50a3deb61287265a787bd728e639c5230408c,metal_jerrycan,CC0 / CC-BY 4.0 — library/{tier}/LICENSE·SOURCES 참조 (ledger B5)
distractors,data/pallet/assets/distractors/library/small/ph__metal_jerrycan/metal_jerrycan_1k.gltf,2793,7ae6f2aa0b7f35e38baa89c1c243312848391a9d1c0e67acf02aa7dac32599ff,metal_jerrycan_1k,CC0 / CC-BY 4.0 — library/{tier}/LICENSE·SOURCES 참조 (ledger B5)
distractors,data/pallet/assets/distractors/library/small/ph__metal_jerrycan/textures/metal_jerrycan_arm_1k.jpg,988166,fda20dd47d809fd5bd4cd29cd11e77fc2de97bd35569a7efb51fbf78705e659c,metal_jerrycan_arm_1k,CC0 / CC-BY 4.0 — library/{tier}/LICENSE·SOURCES 참조 (ledger B5)
distractors,data/pallet/assets/distractors/library/small/ph__metal_jerrycan/textures/metal_jerrycan_diff_1k.jpg,673499,64781939c4b3f739c52c335d26473def75d736173f3cc11a50ac2876d511d123,metal_jerrycan_diff_1k,CC0 / CC-BY 4.0 — library/{tier}/LICENSE·SOURCES 참조 (ledger B5)
distractors,data/pallet/assets/distractors/library/small/ph__metal_jerrycan/textures/metal_jerrycan_nor_gl_1k.jpg,885424,88dd8f6566cc5faa8fee658777115b518642508f23ffa1917128dba9539ae14d,metal_jerrycan_nor_gl_1k,CC0 / CC-BY 4.0 — library/{tier}/LICENSE·SOURCES 참조 (ledger B5)
distractors,data/pallet/assets/distractors/library/small/ph__oil_tin/oil_tin.bin,73676,451a4e86538771566c7f049fbcd5662952d53b2960c3a312542adcd012b95082,oil_tin,CC0 / CC-BY 4.0 — library/{tier}/LICENSE·SOURCES 참조 (ledger B5)
distractors,data/pallet/assets/distractors/library/small/ph__oil_tin/oil_tin_1k.gltf,4273,abf6f4bae28bfdc8834e428b2d422b95b52aa532e38ee835d98e37bdaee7e69a,oil_tin_1k,CC0 / CC-BY 4.0 — library/{tier}/LICENSE·SOURCES 참조 (ledger B5)
distractors,data/pallet/assets/distractors/library/small/ph__oil_tin/textures/oil_tin_arm_1k.jpg,650313,d1877a3a060addbbe0a1390c2ccbff1f5f3fa7358115f88c3bd9bdf48782066b,oil_tin_arm_1k,CC0 / CC-BY 4.0 — library/{tier}/LICENSE·SOURCES 참조 (ledger B5)
distractors,data/pallet/assets/distractors/library/small/ph__oil_tin/textures/oil_tin_diff_1k.jpg,615722,6ceb66c99081fb1b5528176b2ee57423b951b0a7c9f4624c85f144715e9b6fb5,oil_tin_diff_1k,CC0 / CC-BY 4.0 — library/{tier}/LICENSE·SOURCES 참조 (ledger B5)
distractors,data/pallet/assets/distractors/library/small/ph__oil_tin/textures/oil_tin_nor_gl_1k.jpg,744753,6002933496c5f9cab97f24daa6a1b743f8b052f98ae45135fc052bbdd35b0d19,oil_tin_nor_gl_1k,CC0 / CC-BY 4.0 — library/{tier}/LICENSE·SOURCES 참조 (ledger B5)
distractors,data/pallet/assets/distractors/library/small/ph__plastic_bottle_gallon/plastic_bottle_gallon.bin,313632,b1b6177d5f54389102442aeaef488364a685d0c2320aa8911abce9b7c97a15a8,plastic_bottle_gallon,CC0 / CC-BY 4.0 — library/{tier}/LICENSE·SOURCES 참조 (ledger B5)
distractors,data/pallet/assets/distractors/library/small/ph__plastic_bottle_gallon/plastic_bottle_gallon_1k.gltf,2868,1be99f87a6cb9e32917920a5ba4446e6ae83ef69433275b2eda95e8f887108a3,plastic_bottle_gallon_1k,CC0 / CC-BY 4.0 — library/{tier}/LICENSE·SOURCES 참조 (ledger B5)
distractors,data/pallet/assets/distractors/library/small/ph__plastic_bottle_gallon/textures/plastic_bottle_gallon_arm_1k.jpg,343990,9586b0b81719f6a97213f59682822331e77dbf5291b29869413ee526b18403d4,plastic_bottle_gallon_arm_1k,CC0 / CC-BY 4.0 — library/{tier}/LICENSE·SOURCES 참조 (ledger B5)
distractors,data/pallet/assets/distractors/library/small/ph__plastic_bottle_gallon/textures/plastic_bottle_gallon_diff_1k.jpg,317396,b763c4dd071baf9aa319eb3a94e8045614fa7f52404fda9e61c660164f8444f2,plastic_bottle_gallon_diff_1k,CC0 / CC-BY 4.0 — library/{tier}/LICENSE·SOURCES 참조 (ledger B5)
distractors,data/pallet/assets/distractors/library/small/ph__plastic_bottle_gallon/textures/plastic_bottle_gallon_nor_gl_1k.jpg,407414,8cefc29b47a68200fa9c8b4330a6c76a9c21153d0e5e95ef45a4c45793d110a6,plastic_bottle_gallon_nor_gl_1k,CC0 / CC-BY 4.0 — library/{tier}/LICENSE·SOURCES 참조 (ledger B5)
distractors,data/pallet/assets/distractors/library/small/ph__plastic_crate_01/plastic_crate_01.bin,789920,59b307238a27f304739aeef0b1c9622d1e4efb31a96d805d2cfc0c461f9bb06d,plastic_crate_01,CC0 / CC-BY 4.0 — library/{tier}/LICENSE·SOURCES 참조 (ledger B5)
distractors,data/pallet/assets/distractors/library/small/ph__plastic_crate_01/plastic_crate_01_1k.gltf,2793,42556fc8e39e5834ebf474dff79d4c0524fd3074be6c86c0c6704a10be8b3756,plastic_crate_01_1k,CC0 / CC-BY 4.0 — library/{tier}/LICENSE·SOURCES 참조 (ledger B5)
distractors,data/pallet/assets/distractors/library/small/ph__plastic_crate_01/textures/plastic_crate_01_arm_1k.jpg,993636,9a4af28d6fe8d5459a3c1a8706c0f8877221873ac9b83de580e6cfa63c3ecaa0,plastic_crate_01_arm_1k,CC0 / CC-BY 4.0 — library/{tier}/LICENSE·SOURCES 참조 (ledger B5)
distractors,data/pallet/assets/distractors/library/small/ph__plastic_crate_01/textures/plastic_crate_01_diff_1k.jpg,518288,d9109a42e397e39bbd7f42976d93122dbd5ccdef8ff64bce353571e1c1b994f6,plastic_crate_01_diff_1k,CC0 / CC-BY 4.0 — library/{tier}/LICENSE·SOURCES 참조 (ledger B5)
distractors,data/pallet/assets/distractors/library/small/ph__plastic_crate_01/textures/plastic_crate_01_nor_gl_1k.jpg,884228,6f0c44778216d50672d6a23660b22dec8b96bb6e71518d699c24630c34cf9217,plastic_crate_01_nor_gl_1k,CC0 / CC-BY 4.0 — library/{tier}/LICENSE·SOURCES 참조 (ledger B5)
distractors,data/pallet/assets/distractors/library/small/ph__plastic_crate_03/plastic_crate_03.bin,897608,bbe5394d543ab57819e926bd23158e8c00706b929273508d79e3b3230001b33e,plastic_crate_03,CC0 / CC-BY 4.0 — library/{tier}/LICENSE·SOURCES 참조 (ledger B5)
distractors,data/pallet/assets/distractors/library/small/ph__plastic_crate_03/plastic_crate_03_1k.gltf,2817,cb4629a4ab7e6f7aa5d6ba9d3dcd6affe59553386acc7612cd5a8bb8f263f05f,plastic_crate_03_1k,CC0 / CC-BY 4.0 — library/{tier}/LICENSE·SOURCES 참조 (ledger B5)
distractors,data/pallet/assets/distractors/library/small/ph__plastic_crate_03/textures/plastic_crate_03_arm_1k.jpg,937207,b102504f012af9f5b8d3e229a106f6cd74df485f3650558e03fad22b33147452,plastic_crate_03_arm_1k,CC0 / CC-BY 4.0 — library/{tier}/LICENSE·SOURCES 참조 (ledger B5)
distractors,data/pallet/assets/distractors/library/small/ph__plastic_crate_03/textures/plastic_crate_03_diff_1k.jpg,730169,fb7f0b70da651e260aec7ee3506ecdc8aad62e65d2bf9341609e2a18749591bd,plastic_crate_03_diff_1k,CC0 / CC-BY 4.0 — library/{tier}/LICENSE·SOURCES 참조 (ledger B5)
distractors,data/pallet/assets/distractors/library/small/ph__plastic_crate_03/textures/plastic_crate_03_nor_gl_1k.jpg,772566,a7d01166ab720a51036e9390cb6aa2f8ef057b9d976062bf78205a089100e087,plastic_crate_03_nor_gl_1k,CC0 / CC-BY 4.0 — library/{tier}/LICENSE·SOURCES 참조 (ledger B5)
distractors,data/pallet/assets/distractors/library/small/ph__russian_food_cans_01/russian_food_cans_01.bin,32144,8d2470449464756e656401478e16987cfd1a4aaa3635194cff56191adf9015cf,russian_food_cans_01,CC0 / CC-BY 4.0 — library/{tier}/LICENSE·SOURCES 참조 (ledger B5)
distractors,data/pallet/assets/distractors/library/small/ph__russian_food_cans_01/russian_food_cans_01_1k.gltf,5587,13ac2f451403a95fda749d822e6911abc0ae2db682467b97a2da1adbaf18fada,russian_food_cans_01_1k,CC0 / CC-BY 4.0 — library/{tier}/LICENSE·SOURCES 참조 (ledger B5)
distractors,data/pallet/assets/distractors/library/small/ph__russian_food_cans_01/textures/russian_food_cans_01_arm_1k.jpg,541378,1f22207ed5e6bb9ae5c887a7bee1d1ec7ea8365f5ebc3671e71bda0b57dbbf67,russian_food_cans_01_arm_1k,CC0 / CC-BY 4.0 — library/{tier}/LICENSE·SOURCES 참조 (ledger B5)
distractors,data/pallet/assets/distractors/library/small/ph__russian_food_cans_01/textures/russian_food_cans_01_diff_1k.jpg,559914,e146ea577102e36c58a2a1445b7b140e2b57f8047049a9182d5d60e174b6a8da,russian_food_cans_01_diff_1k,CC0 / CC-BY 4.0 — library/{tier}/LICENSE·SOURCES 참조 (ledger B5)
distractors,data/pallet/assets/distractors/library/small/ph__russian_food_cans_01/textures/russian_food_cans_01_nor_gl_1k.jpg,362877,b4d24b5704dd114f244e4ba1c18051e4279372427762cff65d6915888ffe9d69,russian_food_cans_01_nor_gl_1k,CC0 / CC-BY 4.0 — library/{tier}/LICENSE·SOURCES 참조 (ledger B5)
distractors,data/pallet/assets/distractors/library/small/ph__sledgehammer_01/sledgehammer_01.bin,66872,9194d3f758bdb9ad93742345a7cc67742f8a1711ceefcae53a4934cbefcd5d3e,sledgehammer_01,CC0 / CC-BY 4.0 — library/{tier}/LICENSE·SOURCES 참조 (ledger B5)
distractors,data/pallet/assets/distractors/library/small/ph__sledgehammer_01/sledgehammer_01_1k.gltf,2796,ff0a88b9e5d9a708e582e646d86d35654254a2fc73b9af4fe5d25393a7268e2a,sledgehammer_01_1k,CC0 / CC-BY 4.0 — library/{tier}/LICENSE·SOURCES 참조 (ledger B5)
distractors,data/pallet/assets/distractors/library/small/ph__sledgehammer_01/textures/sledgehammer_01_arm_1k.jpg,656760,4b232405acdf35d8b2fa9a498d10df8f159c4f88f4c0ec8931b045a39ceea385,sledgehammer_01_arm_1k,CC0 / CC-BY 4.0 — library/{tier}/LICENSE·SOURCES 참조 (ledger B5)
distractors,data/pallet/assets/distractors/library/small/ph__sledgehammer_01/textures/sledgehammer_01_diff_1k.jpg,634798,7da22edba16c2bc18d4ff82b475adf016714e5780c119fa79245bb64aa728c52,sledgehammer_01_diff_1k,CC0 / CC-BY 4.0 — library/{tier}/LICENSE·SOURCES 참조 (ledger B5)
distractors,data/pallet/assets/distractors/library/small/ph__sledgehammer_01/textures/sledgehammer_01_nor_gl_1k.jpg,422903,876cb4773511179ce459e73ea85fbdaf2639c7edab0bb56220650c50156ecfb9,sledgehammer_01_nor_gl_1k,CC0 / CC-BY 4.0 — library/{tier}/LICENSE·SOURCES 참조 (ledger B5)
distractors,data/pallet/assets/distractors/library/small/ph__wicker_basket_01/textures/wicker_basket_01_arm_1k.jpg,874111,5150638cbcd8f1bc07b76af3b60b31a4c5e7d38ce66ac8906b9c3192f3283b9a,wicker_basket_01_arm_1k,CC0 / CC-BY 4.0 — library/{tier}/LICENSE·SOURCES 참조 (ledger B5)
distractors,data/pallet/assets/distractors/library/small/ph__wicker_basket_01/textures/wicker_basket_01_diff_1k.jpg,679110,15156c7855d5642f6bb594edfad5bcdcfe11f87f3e109956cb9e8fdb15fef921,wicker_basket_01_diff_1k,CC0 / CC-BY 4.0 — library/{tier}/LICENSE·SOURCES 참조 (ledger B5)
distractors,data/pallet/assets/distractors/library/small/ph__wicker_basket_01/textures/wicker_basket_01_nor_gl_1k.jpg,549218,d06024a37ef330d05bf128b8488f72769af05e72d266ffbc810d7f09ea2b32f9,wicker_basket_01_nor_gl_1k,CC0 / CC-BY 4.0 — library/{tier}/LICENSE·SOURCES 참조 (ledger B5)
distractors,data/pallet/assets/distractors/library/small/ph__wicker_basket_01/wicker_basket_01.bin,624920,8e96025ffcdc64a7e75d1aa980f2491b1219912a4554272cd1e192a966c399f8,wicker_basket_01,CC0 / CC-BY 4.0 — library/{tier}/LICENSE·SOURCES 참조 (ledger B5)
distractors,data/pallet/assets/distractors/library/small/ph__wicker_basket_01/wicker_basket_01_1k.gltf,2792,9ad86c33f00f46a18c9bc8bfc28c0036090ee819f7270d0028ec408512c04094,wicker_basket_01_1k,CC0 / CC-BY 4.0 — library/{tier}/LICENSE·SOURCES 참조 (ledger B5)
distractors,data/pallet/assets/distractors/library/small/ph__wine_bottles_01/textures/wine_bottles_01_arm_1k.jpg,464325,c3deadf0db4c9c98ad39f389e95fe2b09d8df0e3abb95a47f01478f31fd261a9,wine_bottles_01_arm_1k,CC0 / CC-BY 4.0 — library/{tier}/LICENSE·SOURCES 참조 (ledger B5)
distractors,data/pallet/assets/distractors/library/small/ph__wine_bottles_01/textures/wine_bottles_01_diff_1k.jpg,110230,f440b6364c87eb440c9ca201759cfdaf2735e3147488eadc24be334f1e457a09,wine_bottles_01_diff_1k,CC0 / CC-BY 4.0 — library/{tier}/LICENSE·SOURCES 참조 (ledger B5)
distractors,data/pallet/assets/distractors/library/small/ph__wine_bottles_01/textures/wine_bottles_01_label_clearwater_crystals_01_arm_1k.jpg,148023,67041443fc09702bc93c9481d1492aeaad659cdb9a5a5dab478a86f41017e83c,wine_bottles_01_label_clearwater_crystals_01_arm_1k,CC0 / CC-BY 4.0 — library/{tier}/LICENSE·SOURCES 참조 (ledger B5)
distractors,data/pallet/assets/distractors/library/small/ph__wine_bottles_01/textures/wine_bottles_01_label_clearwater_crystals_01_diff_1k.jpg,148172,fca5e598c73d877c636e3c28345254fb9f6320e765fdd0b923fdb4ead5769ccf,wine_bottles_01_label_clearwater_crystals_01_diff_1k,CC0 / CC-BY 4.0 — library/{tier}/LICENSE·SOURCES 참조 (ledger B5)
distractors,data/pallet/assets/distractors/library/small/ph__wine_bottles_01/textures/wine_bottles_01_label_ftero_vinea_01_arm_1k.jpg,214807,5808aed6b27b1812bbead8c6d733d412c1ed56adf587770dedf5f5e9d2e5310f,wine_bottles_01_label_ftero_vinea_01_arm_1k,CC0 / CC-BY 4.0 — library/{tier}/LICENSE·SOURCES 참조 (ledger B5)
distractors,data/pallet/assets/distractors/library/small/ph__wine_bottles_01/textures/wine_bottles_01_label_ftero_vinea_01_diff_1k.jpg,323568,3d1f02a201c8d573b155b2ea2265b31bf1d532e4c9a7baf2dfe54e2633e5e9c0,wine_bottles_01_label_ftero_vinea_01_diff_1k,CC0 / CC-BY 4.0 — library/{tier}/LICENSE·SOURCES 참조 (ledger B5)
distractors,data/pallet/assets/distractors/library/small/ph__wine_bottles_01/textures/wine_bottles_01_label_ftero_vinea_02_arm_1k.jpg,152387,c07bcbd4cde7bf713b0512d52345b949c4684ec0735c5798ac79a0fb4719b92c,wine_bottles_01_label_ftero_vinea_02_arm_1k,CC0 / CC-BY 4.0 — library/{tier}/LICENSE·SOURCES 참조 (ledger B5)
distractors,data/pallet/assets/distractors/library/small/ph__wine_bottles_01/textures/wine_bottles_01_label_ftero_vinea_02_diff_1k.jpg,207588,5a35e83b08e3be62ae42773727d94d5c41da3df55b79fd7e53fca3fadc382a17,wine_bottles_01_label_ftero_vinea_02_diff_1k,CC0 / CC-BY 4.0 — library/{tier}/LICENSE·SOURCES 참조 (ledger B5)
distractors,data/pallet/assets/distractors/library/small/ph__wine_bottles_01/textures/wine_bottles_01_label_intertwine_01_arm_1k.jpg,104730,712d20fa4caabdf830e454ddc240643319700843e3bda349ae0c3c98dccbd582,wine_bottles_01_label_intertwine_01_arm_1k,CC0 / CC-BY 4.0 — library/{tier}/LICENSE·SOURCES 참조 (ledger B5)
distractors,data/pallet/assets/distractors/library/small/ph__wine_bottles_01/textures/wine_bottles_01_label_intertwine_01_diff_1k.jpg,143130,e5571a24e0f025361dfeecd7a09f4c3ee9be36dadf817177ee75919078002513,wine_bottles_01_label_intertwine_01_diff_1k,CC0 / CC-BY 4.0 — library/{tier}/LICENSE·SOURCES 참조 (ledger B5)
distractors,data/pallet/assets/distractors/library/small/ph__wine_bottles_01/textures/wine_bottles_01_nor_gl_1k.jpg,194721,ed92387b827b7aebf4602e655c8e9cbaf53bbed24b7228106b04b3456e2d779c,wine_bottles_01_nor_gl_1k,CC0 / CC-BY 4.0 — library/{tier}/LICENSE·SOURCES 참조 (ledger B5)
distractors,data/pallet/assets/distractors/library/small/ph__wine_bottles_01/textures/wine_bottles_01_paper_nor_gl_1k.jpg,980529,b05b6f021b942032d45f23e46066da715c4f9624acea7d8db77928a90076a049,wine_bottles_01_paper_nor_gl_1k,CC0 / CC-BY 4.0 — library/{tier}/LICENSE·SOURCES 참조 (ledger B5)
distractors,data/pallet/assets/distractors/library/small/ph__wine_bottles_01/wine_bottles_01.bin,688000,a520b717c7f9d15b7f114d1be5f454f18b2cfd056757fb4d4c5f5054de5db6d6,wine_bottles_01,CC0 / CC-BY 4.0 — library/{tier}/LICENSE·SOURCES 참조 (ledger B5)
distractors,data/pallet/assets/distractors/library/small/ph__wine_bottles_01/wine_bottles_01_1k.gltf,29107,70a8a5eabeac24cf298774aca78bbcf39145ca6bf5ebdf2f296edab73fbce039,wine_bottles_01_1k,CC0 / CC-BY 4.0 — library/{tier}/LICENSE·SOURCES 참조 (ledger B5)
distractors,data/pallet/assets/distractors/library/small/ph__wooden_crate_01/textures/wooden_crate_01_arm_1k.jpg,776699,cd0b031c3924905e16ffd78ead062c2cc274148c4104d09635310097738b4679,wooden_crate_01_arm_1k,CC0 / CC-BY 4.0 — library/{tier}/LICENSE·SOURCES 참조 (ledger B5)
distractors,data/pallet/assets/distractors/library/small/ph__wooden_crate_01/textures/wooden_crate_01_diff_1k.jpg,711292,16653f4abaf4c1d9bca94bde3bd8c54d0ea9a5298d1648abcf57de1f7ecc34cc,wooden_crate_01_diff_1k,CC0 / CC-BY 4.0 — library/{tier}/LICENSE·SOURCES 참조 (ledger B5)
distractors,data/pallet/assets/distractors/library/small/ph__wooden_crate_01/textures/wooden_crate_01_nor_gl_1k.jpg,594076,f4ea44c7dc1686123d337039cb713d74e8a2dbc6d1bd2beeac276d06f5df3fab,wooden_crate_01_nor_gl_1k,CC0 / CC-BY 4.0 — library/{tier}/LICENSE·SOURCES 참조 (ledger B5)
distractors,data/pallet/assets/distractors/library/small/ph__wooden_crate_01/wooden_crate_01.bin,189408,85f381f8035f7a6f2f3b848640894c6d3333b261946dd8a338c0fe19e0bea21e,wooden_crate_01,CC0 / CC-BY 4.0 — library/{tier}/LICENSE·SOURCES 참조 (ledger B5)
distractors,data/pallet/assets/distractors/library/small/ph__wooden_crate_01/wooden_crate_01_1k.gltf,5612,fd9c6073acfc671e12b64666053f2805ae33aff5d3dbbcfe5c97c08c06644927,wooden_crate_01_1k,CC0 / CC-BY 4.0 — library/{tier}/LICENSE·SOURCES 참조 (ledger B5)
distractors,data/pallet/assets/distractors/library/small/sf__hard_hat_01/hard_hat_01.glb,903616,eb1929d58c6d43a7f94bbeba948d78864395a5c37f8d251343c69a9d0bf3e12a,hard_hat_01,CC0 / CC-BY 4.0 — library/{tier}/LICENSE·SOURCES 참조 (ledger B5)
distractors,data/pallet/assets/distractors/library/small/sf__hard_hat_02/hard_hat_02.glb,3106556,dce18f9c61ee644481a3ccfa4f87e59d002a371918216e2333821ef4b2034a71,hard_hat_02,CC0 / CC-BY 4.0 — library/{tier}/LICENSE·SOURCES 참조 (ledger B5)
