idx,frame_id,diagnostic_mode,stage,path,present,decode_ok,decode_error,sha256,content_sha256,width,height,area,all_black,rgb_sha256,within_frame_duplicate_group,cross_frame_duplicate_frame_count,cross_frame_duplicate_class
0,f0000,clean-static,m0,mask\f0000_m0.png,True,True,,d21dea5c29654c8543ec498b04214f42a664009f55d62fc9a3a2c1c8372d8e9a,31417f330c6f8cdc80cab986080941ab31ca0f92263b5a5d65f00bb3e71e5323,640,480,31029,False,aedbf5aae9260bc7462a8df47c6a8ccee178ec8496686db180daf80491e47f1b,m0+m1+m2+m3+m4 [expected_no_op],,
0,f0000,clean-static,m1,mask\f0000_m1.png,True,True,,1b34a8813bdbdcf2953932f60947e7690add9338c9080aab5e6d749f2669d1b3,31417f330c6f8cdc80cab986080941ab31ca0f92263b5a5d65f00bb3e71e5323,640,480,31029,False,aedbf5aae9260bc7462a8df47c6a8ccee178ec8496686db180daf80491e47f1b,m0+m1+m2+m3+m4 [expected_no_op],,
0,f0000,clean-static,m2,mask\f0000_m2.png,True,True,,62ee3dd590368b701890500b87cf301ab95a8383778a4e67e9754aeef570f0ae,31417f330c6f8cdc80cab986080941ab31ca0f92263b5a5d65f00bb3e71e5323,640,480,31029,False,aedbf5aae9260bc7462a8df47c6a8ccee178ec8496686db180daf80491e47f1b,m0+m1+m2+m3+m4 [expected_no_op],,
0,f0000,clean-static,m3,mask\f0000_m3.png,True,True,,693c1dd2381daa3c4af93fcb74962906f451b90c9109c41de50160b4238902ec,31417f330c6f8cdc80cab986080941ab31ca0f92263b5a5d65f00bb3e71e5323,640,480,31029,False,aedbf5aae9260bc7462a8df47c6a8ccee178ec8496686db180daf80491e47f1b,m0+m1+m2+m3+m4 [expected_no_op],,
0,f0000,clean-static,m4,mask\f0000_m4.png,True,True,,b9acc7985ea4803154deaa6524c5f739c8d35bb43b685af438ba8015181637d1,31417f330c6f8cdc80cab986080941ab31ca0f92263b5a5d65f00bb3e71e5323,640,480,31029,False,aedbf5aae9260bc7462a8df47c6a8ccee178ec8496686db180daf80491e47f1b,m0+m1+m2+m3+m4 [expected_no_op],,
1,f0001,controlled-occlusion,m0,mask\f0001_m0.png,True,True,,b24f8288974bdd9576a1466c4f8af6deff06f73790db82d0bd4dbfc5ccb27375,9a44b5b673ff92fafa73b7e759fa022040f4b849322e128c11bf46d74c68c8c4,960,540,25775,False,370e34c8edae5630584ae8ed9786cc0da0447381127cd7c093b49ea30b5828f5,m0+m1+m2+m3 [no_op_placed_but_not_occluding],,
1,f0001,controlled-occlusion,m1,mask\f0001_m1.png,True,True,,56cc5d04b00ceca4a0efb3e4c1285cd01703bc1387a8e6d2c529542faa8bed07,9a44b5b673ff92fafa73b7e759fa022040f4b849322e128c11bf46d74c68c8c4,960,540,25775,False,370e34c8edae5630584ae8ed9786cc0da0447381127cd7c093b49ea30b5828f5,m0+m1+m2+m3 [no_op_placed_but_not_occluding],,
1,f0001,controlled-occlusion,m2,mask\f0001_m2.png,True,True,,d4d82d58ca373a82c1a44679ade1f5d016686064bf9df135dba6e88d85d4e352,9a44b5b673ff92fafa73b7e759fa022040f4b849322e128c11bf46d74c68c8c4,960,540,25775,False,370e34c8edae5630584ae8ed9786cc0da0447381127cd7c093b49ea30b5828f5,m0+m1+m2+m3 [no_op_placed_but_not_occluding],,
1,f0001,controlled-occlusion,m3,mask\f0001_m3.png,True,True,,97b6dd537fef76435b5b010060397f370527e7eb68845e626794bfc152ae6be6,9a44b5b673ff92fafa73b7e759fa022040f4b849322e128c11bf46d74c68c8c4,960,540,25775,False,370e34c8edae5630584ae8ed9786cc0da0447381127cd7c093b49ea30b5828f5,m0+m1+m2+m3 [no_op_placed_but_not_occluding],,
1,f0001,controlled-occlusion,m4,mask\f0001_m4.png,True,True,,578887dc764a5e7b828b24160c689a3b2ce8647acf27dd1105f0d4e93a39dc77,31abcf68f8552bd1abcc3999c153285734b2307cc11076413ee09028eb653f22,960,540,18598,False,370e34c8edae5630584ae8ed9786cc0da0447381127cd7c093b49ea30b5828f5,,,
2,f0002,controlled-occlusion,m0,mask\f0002_m0.png,True,True,,f1ce8df6f36fa75b8ea5b1fea66c1090f3e49868ffde13528139e86d12be9d99,eb4628a8049e470aa0387da175b449414a092f0c8dc2e2106f7cc4552965021e,560,560,6489,False,bb2b45794423adf37aff762ec37e98360b838ebcfc6f574d044c1a7e2a3baadd,m0+m1+m2 [expected_no_op],,
2,f0002,controlled-occlusion,m1,mask\f0002_m1.png,True,True,,62d448dcd86e607d2803026c09c3aa5db2c993c9c51ea13be44773178987702a,eb4628a8049e470aa0387da175b449414a092f0c8dc2e2106f7cc4552965021e,560,560,6489,False,bb2b45794423adf37aff762ec37e98360b838ebcfc6f574d044c1a7e2a3baadd,m0+m1+m2 [expected_no_op],,
2,f0002,controlled-occlusion,m2,mask\f0002_m2.png,True,True,,cc3c0e1deb6468410a456c8fcc537ade890b001b1cb77787bda8096091be1582,eb4628a8049e470aa0387da175b449414a092f0c8dc2e2106f7cc4552965021e,560,560,6489,False,bb2b45794423adf37aff762ec37e98360b838ebcfc6f574d044c1a7e2a3baadd,m0+m1+m2 [expected_no_op],,
2,f0002,controlled-occlusion,m3,mask\f0002_m3.png,True,True,,651e643b45e53bffe3a3453e4bbe712ad090c0288ffb9e7c9b1387193fbaaf31,8890e2af305361afd610aa46605209e236d018e769d63afb00a7281b8ca6e1fe,560,560,6187,False,bb2b45794423adf37aff762ec37e98360b838ebcfc6f574d044c1a7e2a3baadd,,,
2,f0002,controlled-occlusion,m4,mask\f0002_m4.png,True,True,,4394cfeee3b86beaa1e9d84b5eec21ef6e949ef7bd76cf5e922354afdc23ba41,2408b333b55f3072cb7305b8e854a3de4e18827bc5fb16b9dda814b977452e44,560,560,5709,False,bb2b45794423adf37aff762ec37e98360b838ebcfc6f574d044c1a7e2a3baadd,,,
3,f0003,clean-static,m0,mask\f0003_m0.png,True,True,,2e2d498d5f813ed81083677f97928f0168325d398fe0732aaa050fe5181f9df9,5dd7ae9a038e554cda3666e5226e93cab2969abf905f3167ba28525abbd2ddff,640,480,41972,False,3a62029fe79aa82794cf51d6d4857af6e8170bcbbbe6b61c56627adb53fb3431,m0+m1+m2+m3+m4 [expected_no_op],,
3,f0003,clean-static,m1,mask\f0003_m1.png,True,True,,bae467e8b923502955e77e1311e93fa1371a53cf1c7acc4c704ae608d8514345,5dd7ae9a038e554cda3666e5226e93cab2969abf905f3167ba28525abbd2ddff,640,480,41972,False,3a62029fe79aa82794cf51d6d4857af6e8170bcbbbe6b61c56627adb53fb3431,m0+m1+m2+m3+m4 [expected_no_op],,
3,f0003,clean-static,m2,mask\f0003_m2.png,True,True,,1ac2fd9446296991d407f879d3dc9cf6939a4d4e704b4777578a3185bc5fda99,5dd7ae9a038e554cda3666e5226e93cab2969abf905f3167ba28525abbd2ddff,640,480,41972,False,3a62029fe79aa82794cf51d6d4857af6e8170bcbbbe6b61c56627adb53fb3431,m0+m1+m2+m3+m4 [expected_no_op],,
3,f0003,clean-static,m3,mask\f0003_m3.png,True,True,,1c515722878a2f1da27c79f683f17ac04c3023c8da158009cac179bd89508c07,5dd7ae9a038e554cda3666e5226e93cab2969abf905f3167ba28525abbd2ddff,640,480,41972,False,3a62029fe79aa82794cf51d6d4857af6e8170bcbbbe6b61c56627adb53fb3431,m0+m1+m2+m3+m4 [expected_no_op],,
3,f0003,clean-static,m4,mask\f0003_m4.png,True,True,,bfe0fa12a0b4f2a644bf836b88d82134b5200d6bb2c17ab2f3fc817c7d0f112e,5dd7ae9a038e554cda3666e5226e93cab2969abf905f3167ba28525abbd2ddff,640,480,41972,False,3a62029fe79aa82794cf51d6d4857af6e8170bcbbbe6b61c56627adb53fb3431,m0+m1+m2+m3+m4 [expected_no_op],,
4,f0004,clean-static,m0,mask\f0004_m0.png,True,True,,6af7ac5a32fe407596ffe9e5a02b9fdc33905a296d1af96e3da97a6f907ad21b,0de81b2ce2fd1d894448b47ff78f52cd9e4f051c152299608553a791e149ce24,640,480,30,False,f855d16913e7101be830ef63d70888eaa5c78a5f34af1e87c82077432232513a,m0+m1+m2+m3+m4 [expected_no_op],,
4,f0004,clean-static,m1,mask\f0004_m1.png,True,True,,bc5d20d31d9375512020daf432e79ee8fd53caaaf1c48ffa533917936bcd400a,0de81b2ce2fd1d894448b47ff78f52cd9e4f051c152299608553a791e149ce24,640,480,30,False,f855d16913e7101be830ef63d70888eaa5c78a5f34af1e87c82077432232513a,m0+m1+m2+m3+m4 [expected_no_op],,
4,f0004,clean-static,m2,mask\f0004_m2.png,True,True,,bc5d20d31d9375512020daf432e79ee8fd53caaaf1c48ffa533917936bcd400a,0de81b2ce2fd1d894448b47ff78f52cd9e4f051c152299608553a791e149ce24,640,480,30,False,f855d16913e7101be830ef63d70888eaa5c78a5f34af1e87c82077432232513a,m0+m1+m2+m3+m4 [expected_no_op],,
4,f0004,clean-static,m3,mask\f0004_m3.png,True,True,,19548a12c6c77963c0e904af8b5369694ebfabca9877b5b027330609f75c8ce6,0de81b2ce2fd1d894448b47ff78f52cd9e4f051c152299608553a791e149ce24,640,480,30,False,f855d16913e7101be830ef63d70888eaa5c78a5f34af1e87c82077432232513a,m0+m1+m2+m3+m4 [expected_no_op],,
4,f0004,clean-static,m4,mask\f0004_m4.png,True,True,,356050a791d6c691fa145d071d23942694520ff73a0c2e4d3244bba4456cbf89,0de81b2ce2fd1d894448b47ff78f52cd9e4f051c152299608553a791e149ce24,640,480,30,False,f855d16913e7101be830ef63d70888eaa5c78a5f34af1e87c82077432232513a,m0+m1+m2+m3+m4 [expected_no_op],,
5,f0005,clean-static,m0,mask\f0005_m0.png,True,True,,44b7dbf3f3efd9a39587758b18034413b8e007276f5f6b88b63bd0325c20d957,ed1876b81988fd3344f4cb65c13c5d6a44244e6c9a74a9dd36133248d4f7055e,720,480,24596,False,a3f646d8821a0684f8d02037f8e4e64633bfd22e06210fe2fc5ccfb96ac8b974,m0+m1+m2+m3+m4 [expected_no_op],,
5,f0005,clean-static,m1,mask\f0005_m1.png,True,True,,6b58f2211de5d342be79c1093fecc44730c5e804ad673775f90d5102305c6498,ed1876b81988fd3344f4cb65c13c5d6a44244e6c9a74a9dd36133248d4f7055e,720,480,24596,False,a3f646d8821a0684f8d02037f8e4e64633bfd22e06210fe2fc5ccfb96ac8b974,m0+m1+m2+m3+m4 [expected_no_op],,
5,f0005,clean-static,m2,mask\f0005_m2.png,True,True,,d06a91f89e23ee8b1d6822233556c24a51e57b8d907174e89f1ff6e8b77026f5,ed1876b81988fd3344f4cb65c13c5d6a44244e6c9a74a9dd36133248d4f7055e,720,480,24596,False,a3f646d8821a0684f8d02037f8e4e64633bfd22e06210fe2fc5ccfb96ac8b974,m0+m1+m2+m3+m4 [expected_no_op],,
5,f0005,clean-static,m3,mask\f0005_m3.png,True,True,,8b0b1cc2c162b6c9ece52301d4038beacadb97d7c5e135bd19579697fcf74834,ed1876b81988fd3344f4cb65c13c5d6a44244e6c9a74a9dd36133248d4f7055e,720,480,24596,False,a3f646d8821a0684f8d02037f8e4e64633bfd22e06210fe2fc5ccfb96ac8b974,m0+m1+m2+m3+m4 [expected_no_op],,
5,f0005,clean-static,m4,mask\f0005_m4.png,True,True,,5a4b9ef45e84c0a631d6a29ec0900152b260acf7346cff865f0eb777f676dd6e,ed1876b81988fd3344f4cb65c13c5d6a44244e6c9a74a9dd36133248d4f7055e,720,480,24596,False,a3f646d8821a0684f8d02037f8e4e64633bfd22e06210fe2fc5ccfb96ac8b974,m0+m1+m2+m3+m4 [expected_no_op],,
6,f0006,controlled-occlusion,m0,mask\f0006_m0.png,True,True,,867bfd54a1ff1c901fe8324c26ceacec849f357c2c3072b581c000121cd38b0d,d409ff45d43522be71649a2fc421be5832962ce522273780fd92819c44cffd47,640,480,14277,False,27a17181922ff34ffcf62317ed7dd0277077036e42cc054a0987627d26af7705,m0+m1+m2+m3 [no_op_placed_but_not_occluding],,
6,f0006,controlled-occlusion,m1,mask\f0006_m1.png,True,True,,a7999c8f10eac4422128b9cc21705765bdc74c0e64ef3eb85111ca6b291c9029,d409ff45d43522be71649a2fc421be5832962ce522273780fd92819c44cffd47,640,480,14277,False,27a17181922ff34ffcf62317ed7dd0277077036e42cc054a0987627d26af7705,m0+m1+m2+m3 [no_op_placed_but_not_occluding],,
6,f0006,controlled-occlusion,m2,mask\f0006_m2.png,True,True,,971d142e8c46338a84390939bda66de90325748f4e192d8ef29836ceecf73936,d409ff45d43522be71649a2fc421be5832962ce522273780fd92819c44cffd47,640,480,14277,False,27a17181922ff34ffcf62317ed7dd0277077036e42cc054a0987627d26af7705,m0+m1+m2+m3 [no_op_placed_but_not_occluding],,
6,f0006,controlled-occlusion,m3,mask\f0006_m3.png,True,True,,f094d814f8cca56e9d2ed7508931fc1454a9c34916bef31a1b615a9f2e976ac9,d409ff45d43522be71649a2fc421be5832962ce522273780fd92819c44cffd47,640,480,14277,False,27a17181922ff34ffcf62317ed7dd0277077036e42cc054a0987627d26af7705,m0+m1+m2+m3 [no_op_placed_but_not_occluding],,
6,f0006,controlled-occlusion,m4,mask\f0006_m4.png,True,True,,be5e7ff1204d57b4f98a49b9fe0583643583605df50ddceb927d7c4b530aa0fa,2ae9731418fb9066a836f697a76efb7384cd9b848acd0cabffa216e3d86d47f0,640,480,9725,False,27a17181922ff34ffcf62317ed7dd0277077036e42cc054a0987627d26af7705,,,
7,f0007,clean-static,m0,mask\f0007_m0.png,True,True,,db7bdf0ea17b960a7827abaab217efb865e8c33f14ba8c2ba92b656a8b3e8535,2e81343eefe74eed368c238b20720f11bd9ea211e79084071c94a80925e8d170,960,540,250550,False,7e6da24629b08db980e91b84362cc51071d24ff2f2ff66443bfbdde431445e96,m0+m1+m2+m3+m4 [expected_no_op],,
7,f0007,clean-static,m1,mask\f0007_m1.png,True,True,,f05be51ab61ebe3d8c3ff5e1c8aab057dc136aa669d549a8fbf43d361843496a,2e81343eefe74eed368c238b20720f11bd9ea211e79084071c94a80925e8d170,960,540,250550,False,7e6da24629b08db980e91b84362cc51071d24ff2f2ff66443bfbdde431445e96,m0+m1+m2+m3+m4 [expected_no_op],,
7,f0007,clean-static,m2,mask\f0007_m2.png,True,True,,ca00860d385aefb3579d601746e6dac210201055b6c33c42dd99f496578c511e,2e81343eefe74eed368c238b20720f11bd9ea211e79084071c94a80925e8d170,960,540,250550,False,7e6da24629b08db980e91b84362cc51071d24ff2f2ff66443bfbdde431445e96,m0+m1+m2+m3+m4 [expected_no_op],,
7,f0007,clean-static,m3,mask\f0007_m3.png,True,True,,9dbdee7c00ee8d2287954c1450f039569c92470610089d6a10f8f6d68a689de8,2e81343eefe74eed368c238b20720f11bd9ea211e79084071c94a80925e8d170,960,540,250550,False,7e6da24629b08db980e91b84362cc51071d24ff2f2ff66443bfbdde431445e96,m0+m1+m2+m3+m4 [expected_no_op],,
7,f0007,clean-static,m4,mask\f0007_m4.png,True,True,,93e880ebe366f874bfbffe0da1dfc616853c03543142b0906baf0c729c3911b5,2e81343eefe74eed368c238b20720f11bd9ea211e79084071c94a80925e8d170,960,540,250550,False,7e6da24629b08db980e91b84362cc51071d24ff2f2ff66443bfbdde431445e96,m0+m1+m2+m3+m4 [expected_no_op],,
8,f0008,clean-static,m0,mask\f0008_m0.png,True,True,,9211f3cb9dc1ee4580e16eccbf037244619efbe87d6bed1a4107503e837f8d01,712b0d22121e0e0142ad507ee0cbda1680b9191258a3668704a5dcb4d263f4ea,640,480,99256,False,42d8d395d7d805b9deee124698e99bb9e0040546a2c00f985002eb658b0d699b,m0+m1+m2+m3+m4 [expected_no_op],,
8,f0008,clean-static,m1,mask\f0008_m1.png,True,True,,31715e9a30dfae3bec2aac37ae0179d10f4c3243c402fbada9d6ff938b408acb,712b0d22121e0e0142ad507ee0cbda1680b9191258a3668704a5dcb4d263f4ea,640,480,99256,False,42d8d395d7d805b9deee124698e99bb9e0040546a2c00f985002eb658b0d699b,m0+m1+m2+m3+m4 [expected_no_op],,
8,f0008,clean-static,m2,mask\f0008_m2.png,True,True,,29eb7e9d8a03942d2158a27925b063aa37af44c7977f30a9176dc3d0e7e2ffc0,712b0d22121e0e0142ad507ee0cbda1680b9191258a3668704a5dcb4d263f4ea,640,480,99256,False,42d8d395d7d805b9deee124698e99bb9e0040546a2c00f985002eb658b0d699b,m0+m1+m2+m3+m4 [expected_no_op],,
8,f0008,clean-static,m3,mask\f0008_m3.png,True,True,,1e139fff26bf3978ba10ab48159d3bf00c88f17022512a66c30661ba299c93e9,712b0d22121e0e0142ad507ee0cbda1680b9191258a3668704a5dcb4d263f4ea,640,480,99256,False,42d8d395d7d805b9deee124698e99bb9e0040546a2c00f985002eb658b0d699b,m0+m1+m2+m3+m4 [expected_no_op],,
8,f0008,clean-static,m4,mask\f0008_m4.png,True,True,,f9bf952acdb732dca58cd5ad7d3e96b2a6b17f5a807eb19943c305ae08e6d8ea,712b0d22121e0e0142ad507ee0cbda1680b9191258a3668704a5dcb4d263f4ea,640,480,99256,False,42d8d395d7d805b9deee124698e99bb9e0040546a2c00f985002eb658b0d699b,m0+m1+m2+m3+m4 [expected_no_op],,
9,f0009,clean-static,m0,mask\f0009_m0.png,True,True,,75184132aac4fb08f9edd71fc119c19dc49ad474c64e661d78e5a5bf08f7d3e1,d03324d976bbd3cadb26eaea978ef31ade89291032e4b81a6693ab670ced02fd,720,480,1217,False,d80af0b94aacb28165e5db584586885730fbb294fbab5cd4f8cce65eb66a5197,m0+m1+m2+m3+m4 [expected_no_op],,
9,f0009,clean-static,m1,mask\f0009_m1.png,True,True,,9b0261729cc137d830941959165799fce52e5aea23afd0df81e31211a0463f46,d03324d976bbd3cadb26eaea978ef31ade89291032e4b81a6693ab670ced02fd,720,480,1217,False,d80af0b94aacb28165e5db584586885730fbb294fbab5cd4f8cce65eb66a5197,m0+m1+m2+m3+m4 [expected_no_op],,
9,f0009,clean-static,m2,mask\f0009_m2.png,True,True,,c80fef21b3530b5d3ab04c6d64924e2a384b59d23e9300fa8b56b94bf24e2b86,d03324d976bbd3cadb26eaea978ef31ade89291032e4b81a6693ab670ced02fd,720,480,1217,False,d80af0b94aacb28165e5db584586885730fbb294fbab5cd4f8cce65eb66a5197,m0+m1+m2+m3+m4 [expected_no_op],,
9,f0009,clean-static,m3,mask\f0009_m3.png,True,True,,72b6e166db14db280e04e5a07020a48efab1e4022bbf60cc88f7440a100d61fb,d03324d976bbd3cadb26eaea978ef31ade89291032e4b81a6693ab670ced02fd,720,480,1217,False,d80af0b94aacb28165e5db584586885730fbb294fbab5cd4f8cce65eb66a5197,m0+m1+m2+m3+m4 [expected_no_op],,
9,f0009,clean-static,m4,mask\f0009_m4.png,True,True,,5304c2abdfe683ab3a6c7e6173d40c3a4d251efd04d8d27476ca76d47e17a733,d03324d976bbd3cadb26eaea978ef31ade89291032e4b81a6693ab670ced02fd,720,480,1217,False,d80af0b94aacb28165e5db584586885730fbb294fbab5cd4f8cce65eb66a5197,m0+m1+m2+m3+m4 [expected_no_op],,
10,f0010,controlled-occlusion,m0,mask\f0010_m0.png,True,True,,0f6ff7145233f09a91a68c690d4a1029bc0a674c4560a62afa43ca62eb3dd8cc,b4cd3a14fee2f7c8cfa0a1548a0a8ee8fe49958c3732c4302cfa63b65a2ade8a,960,540,3342,False,21abc92b21d77729a4c63f5fc2c77f96c3448343e50b065fe1546ca8a4d688f8,m0+m1 [expected_no_op],,
10,f0010,controlled-occlusion,m1,mask\f0010_m1.png,True,True,,b42c2b263dd8e92ab61d73fac49f662202e935f0dc8d8cff1b705395a368c4e8,b4cd3a14fee2f7c8cfa0a1548a0a8ee8fe49958c3732c4302cfa63b65a2ade8a,960,540,3342,False,21abc92b21d77729a4c63f5fc2c77f96c3448343e50b065fe1546ca8a4d688f8,m0+m1 [expected_no_op],,
10,f0010,controlled-occlusion,m2,mask\f0010_m2.png,True,True,,e3a43c6ed355327898c771f53a88ec864062d53c0d4a68f675a1db58ffe54159,53db870050687662031e83a8013c57afbe0ea998cfad45965d5f9c395068290d,960,540,3147,False,21abc92b21d77729a4c63f5fc2c77f96c3448343e50b065fe1546ca8a4d688f8,m2+m3 [no_op_placed_but_not_occluding],,
10,f0010,controlled-occlusion,m3,mask\f0010_m3.png,True,True,,8a4bed11c02413ecc792df5767152573912bf9b067dda58719d79f2e7ab7a054,53db870050687662031e83a8013c57afbe0ea998cfad45965d5f9c395068290d,960,540,3147,False,21abc92b21d77729a4c63f5fc2c77f96c3448343e50b065fe1546ca8a4d688f8,m2+m3 [no_op_placed_but_not_occluding],,
10,f0010,controlled-occlusion,m4,mask\f0010_m4.png,True,True,,503c518ab391794118c8a667786fdfe202b24c71b8ec752aadd87cb25976cf08,0b680756faa82565444e91c7d383e59b912934dd118e583aaf603ec463778b47,960,540,2982,False,21abc92b21d77729a4c63f5fc2c77f96c3448343e50b065fe1546ca8a4d688f8,,,
11,f0011,clean-static,m0,mask\f0011_m0.png,True,True,,ea90faea6eab30a6cdb5db8dc722d4aa8acc7ec97cf32ca8fb765039bff5eaa7,11e11925466c92df7b86ab9c4e7e40e080c2c36c31a912b1819a75e0b8c00f7e,640,480,2454,False,04099f67a9f14e153844d05962627307f42da9ab26fea3bdb663174cdd67ffa4,m0+m1+m2+m3+m4 [expected_no_op],,
11,f0011,clean-static,m1,mask\f0011_m1.png,True,True,,08fa93ac308d6d680c2752a1e442715aa8012a6ca10c4a99204d6714c259db0d,11e11925466c92df7b86ab9c4e7e40e080c2c36c31a912b1819a75e0b8c00f7e,640,480,2454,False,04099f67a9f14e153844d05962627307f42da9ab26fea3bdb663174cdd67ffa4,m0+m1+m2+m3+m4 [expected_no_op],,
11,f0011,clean-static,m2,mask\f0011_m2.png,True,True,,08fa93ac308d6d680c2752a1e442715aa8012a6ca10c4a99204d6714c259db0d,11e11925466c92df7b86ab9c4e7e40e080c2c36c31a912b1819a75e0b8c00f7e,640,480,2454,False,04099f67a9f14e153844d05962627307f42da9ab26fea3bdb663174cdd67ffa4,m0+m1+m2+m3+m4 [expected_no_op],,
11,f0011,clean-static,m3,mask\f0011_m3.png,True,True,,bde22a4bd7d9a612a8e80beb6a5f708cee6390fb3a0caa6df4e6b144f6c48353,11e11925466c92df7b86ab9c4e7e40e080c2c36c31a912b1819a75e0b8c00f7e,640,480,2454,False,04099f67a9f14e153844d05962627307f42da9ab26fea3bdb663174cdd67ffa4,m0+m1+m2+m3+m4 [expected_no_op],,
11,f0011,clean-static,m4,mask\f0011_m4.png,True,True,,ea34285bcf1b4c133e832eebdba905598972068eb76766dc83dc6103217e4abd,11e11925466c92df7b86ab9c4e7e40e080c2c36c31a912b1819a75e0b8c00f7e,640,480,2454,False,04099f67a9f14e153844d05962627307f42da9ab26fea3bdb663174cdd67ffa4,m0+m1+m2+m3+m4 [expected_no_op],,
12,f0012,clean-static,m0,mask\f0012_m0.png,True,True,,91b745b07925ead0291e25d44c5f6a090d5347e0185bb2334d9e39161510f9b3,0f0152f523917782a48f94c6a76efdcf65b32c8952fad33a1f9481d5c4d5668f,960,540,394165,False,16f78b21308d8c2d672422d2483a4cf9ef708c98345ff439e919084f2dccb39c,m0+m1+m2+m3+m4 [expected_no_op],,
12,f0012,clean-static,m1,mask\f0012_m1.png,True,True,,96fb798d24bd725c04f6c0e35c3ed7b068ccdf1fa7d8c585e61ac1b24b518e20,0f0152f523917782a48f94c6a76efdcf65b32c8952fad33a1f9481d5c4d5668f,960,540,394165,False,16f78b21308d8c2d672422d2483a4cf9ef708c98345ff439e919084f2dccb39c,m0+m1+m2+m3+m4 [expected_no_op],,
12,f0012,clean-static,m2,mask\f0012_m2.png,True,True,,2975ffe45ae81502c26df07ea2cc89d4d11a9117d4effa20d98113681691668b,0f0152f523917782a48f94c6a76efdcf65b32c8952fad33a1f9481d5c4d5668f,960,540,394165,False,16f78b21308d8c2d672422d2483a4cf9ef708c98345ff439e919084f2dccb39c,m0+m1+m2+m3+m4 [expected_no_op],,
12,f0012,clean-static,m3,mask\f0012_m3.png,True,True,,d396d8509f4ed43e8bd2640cea0345188965cb2a942b455a845e79844ec78ccb,0f0152f523917782a48f94c6a76efdcf65b32c8952fad33a1f9481d5c4d5668f,960,540,394165,False,16f78b21308d8c2d672422d2483a4cf9ef708c98345ff439e919084f2dccb39c,m0+m1+m2+m3+m4 [expected_no_op],,
12,f0012,clean-static,m4,mask\f0012_m4.png,True,True,,f22285f0eece12c280d2442dd6fc51841ce699fec8df40c1db32e77bb6739c41,0f0152f523917782a48f94c6a76efdcf65b32c8952fad33a1f9481d5c4d5668f,960,540,394165,False,16f78b21308d8c2d672422d2483a4cf9ef708c98345ff439e919084f2dccb39c,m0+m1+m2+m3+m4 [expected_no_op],,
13,f0013,clean-static,m0,mask\f0013_m0.png,True,True,,238adc1026f7c4b1c7c2b1ef75d18928e0d6b02fc14e2caf437b73f8209dfa81,ee738d1e5ed997e92591e238a4045a85ef5fc60664526b1ca74c87e297e9215d,640,480,55537,False,9028b9b853db75fd3713e5424df24160208e9d15e9d4b3786f732263299df7ac,m0+m1+m2+m3+m4 [expected_no_op],,
13,f0013,clean-static,m1,mask\f0013_m1.png,True,True,,6c75c997333e6ec91e92bb52e6e28ed03915468993f707161ed19d3b1db05bc3,ee738d1e5ed997e92591e238a4045a85ef5fc60664526b1ca74c87e297e9215d,640,480,55537,False,9028b9b853db75fd3713e5424df24160208e9d15e9d4b3786f732263299df7ac,m0+m1+m2+m3+m4 [expected_no_op],,
13,f0013,clean-static,m2,mask\f0013_m2.png,True,True,,f4d161c31a81f53ba724aee11f164121f81cfa84d063a6c7600b04376a1ab266,ee738d1e5ed997e92591e238a4045a85ef5fc60664526b1ca74c87e297e9215d,640,480,55537,False,9028b9b853db75fd3713e5424df24160208e9d15e9d4b3786f732263299df7ac,m0+m1+m2+m3+m4 [expected_no_op],,
13,f0013,clean-static,m3,mask\f0013_m3.png,True,True,,31fe2b418cfa34d9bb682020c070b99a03b08777cc5c6a7d648a12175be97c5a,ee738d1e5ed997e92591e238a4045a85ef5fc60664526b1ca74c87e297e9215d,640,480,55537,False,9028b9b853db75fd3713e5424df24160208e9d15e9d4b3786f732263299df7ac,m0+m1+m2+m3+m4 [expected_no_op],,
13,f0013,clean-static,m4,mask\f0013_m4.png,True,True,,2ef8d4c1f632efdb049102d4a27bf7e2d5ed023b4170adf6520e229cc9fa2f4a,ee738d1e5ed997e92591e238a4045a85ef5fc60664526b1ca74c87e297e9215d,640,480,55537,False,9028b9b853db75fd3713e5424df24160208e9d15e9d4b3786f732263299df7ac,m0+m1+m2+m3+m4 [expected_no_op],,
14,f0014,controlled-occlusion,m0,mask\f0014_m0.png,False,False,missing,,,,,,,,,,
14,f0014,controlled-occlusion,m1,mask\f0014_m1.png,False,False,missing,,,,,,,,,,
14,f0014,controlled-occlusion,m2,mask\f0014_m2.png,False,False,missing,,,,,,,,,,
14,f0014,controlled-occlusion,m3,mask\f0014_m3.png,False,False,missing,,,,,,,,,,
14,f0014,controlled-occlusion,m4,mask\f0014_m4.png,False,False,missing,,,,,,,,,,
15,f0015,clean-static,m0,mask\f0015_m0.png,True,True,,ed6681f1f498024d27d9217d0126faa7f2277a113b7da8ff2b20495548227933,efd6ae8ed64c1eb4be3d5736777ea44d15c5c5abd1fc33b81e669722a59c2c8b,640,480,1345,False,302040e334e0b35fa8af081f25513a3dff06c4314a033d16fd6ccce6ed0576a5,m0+m1+m2+m3+m4 [expected_no_op],,
15,f0015,clean-static,m1,mask\f0015_m1.png,True,True,,40f6394fccdb3fa01e82e5d2a9e203a956a372bbae1dc917225d7ff61a6b986b,efd6ae8ed64c1eb4be3d5736777ea44d15c5c5abd1fc33b81e669722a59c2c8b,640,480,1345,False,302040e334e0b35fa8af081f25513a3dff06c4314a033d16fd6ccce6ed0576a5,m0+m1+m2+m3+m4 [expected_no_op],,
15,f0015,clean-static,m2,mask\f0015_m2.png,True,True,,6db25ae2cf502e47211bff3113ea7122468674c6cfba88c6c202e038d9681765,efd6ae8ed64c1eb4be3d5736777ea44d15c5c5abd1fc33b81e669722a59c2c8b,640,480,1345,False,302040e334e0b35fa8af081f25513a3dff06c4314a033d16fd6ccce6ed0576a5,m0+m1+m2+m3+m4 [expected_no_op],,
15,f0015,clean-static,m3,mask\f0015_m3.png,True,True,,894515fe31449d67f1fe9e62814306a15e24e34319be85eea1e16cc1a71cd7dc,efd6ae8ed64c1eb4be3d5736777ea44d15c5c5abd1fc33b81e669722a59c2c8b,640,480,1345,False,302040e334e0b35fa8af081f25513a3dff06c4314a033d16fd6ccce6ed0576a5,m0+m1+m2+m3+m4 [expected_no_op],,
15,f0015,clean-static,m4,mask\f0015_m4.png,True,True,,9b1592c8ab81f67c544e305c339c4368869b4f58c4d7c06a183ff069087ca2ff,efd6ae8ed64c1eb4be3d5736777ea44d15c5c5abd1fc33b81e669722a59c2c8b,640,480,1345,False,302040e334e0b35fa8af081f25513a3dff06c4314a033d16fd6ccce6ed0576a5,m0+m1+m2+m3+m4 [expected_no_op],,
16,f0016,clean-static,m0,mask\f0016_m0.png,True,True,,44390eb98b01e82b8cc29927b0861d1514144c2f692cdf262955d820676136d6,747e70e24528be578f22b3cd86a5609e49a9d0daaebf6e5a5452a32291e827cc,720,480,78151,False,fe10bcb9cde949911dde1c7ef21571db2959b8ee7381a8709a0e88f7a5b2bdbf,m0+m1+m2+m3+m4 [expected_no_op],,
16,f0016,clean-static,m1,mask\f0016_m1.png,True,True,,fc7840d14373f84adb9b8d14341c7be167f0f08c9bbdacab56733c78e012fca4,747e70e24528be578f22b3cd86a5609e49a9d0daaebf6e5a5452a32291e827cc,720,480,78151,False,fe10bcb9cde949911dde1c7ef21571db2959b8ee7381a8709a0e88f7a5b2bdbf,m0+m1+m2+m3+m4 [expected_no_op],,
16,f0016,clean-static,m2,mask\f0016_m2.png,True,True,,b97afc9cb3c2eb5f4dbe2c052e1ece11ca4e434f17979fa4de837cd46b4b5fc6,747e70e24528be578f22b3cd86a5609e49a9d0daaebf6e5a5452a32291e827cc,720,480,78151,False,fe10bcb9cde949911dde1c7ef21571db2959b8ee7381a8709a0e88f7a5b2bdbf,m0+m1+m2+m3+m4 [expected_no_op],,
16,f0016,clean-static,m3,mask\f0016_m3.png,True,True,,b97afc9cb3c2eb5f4dbe2c052e1ece11ca4e434f17979fa4de837cd46b4b5fc6,747e70e24528be578f22b3cd86a5609e49a9d0daaebf6e5a5452a32291e827cc,720,480,78151,False,fe10bcb9cde949911dde1c7ef21571db2959b8ee7381a8709a0e88f7a5b2bdbf,m0+m1+m2+m3+m4 [expected_no_op],,
16,f0016,clean-static,m4,mask\f0016_m4.png,True,True,,61f1aa294c959deed7b5e8aed0dff440318b89786b3e4fc21b4e4a0dbb6799d4,747e70e24528be578f22b3cd86a5609e49a9d0daaebf6e5a5452a32291e827cc,720,480,78151,False,fe10bcb9cde949911dde1c7ef21571db2959b8ee7381a8709a0e88f7a5b2bdbf,m0+m1+m2+m3+m4 [expected_no_op],,
17,f0017,clean-static,m0,mask\f0017_m0.png,True,True,,596c2699e78e015c5797a887b7a10cbebbf6313713b7d3fd4cad79b8363af083,0acd70aed3c0c6e651e19a5764763ec310e7d30e14b79fa5af5e17dc0a58cc38,640,480,2966,False,c699dceea7919f4f7377deeac18cea0721ffcce185cf1ea2caf41324a14c9e36,m0+m1+m2+m3+m4 [expected_no_op],,
17,f0017,clean-static,m1,mask\f0017_m1.png,True,True,,5287979c447ac0b3086984531f7e567dd5d68815d901ca74d1c16c20674d1100,0acd70aed3c0c6e651e19a5764763ec310e7d30e14b79fa5af5e17dc0a58cc38,640,480,2966,False,c699dceea7919f4f7377deeac18cea0721ffcce185cf1ea2caf41324a14c9e36,m0+m1+m2+m3+m4 [expected_no_op],,
17,f0017,clean-static,m2,mask\f0017_m2.png,True,True,,5287979c447ac0b3086984531f7e567dd5d68815d901ca74d1c16c20674d1100,0acd70aed3c0c6e651e19a5764763ec310e7d30e14b79fa5af5e17dc0a58cc38,640,480,2966,False,c699dceea7919f4f7377deeac18cea0721ffcce185cf1ea2caf41324a14c9e36,m0+m1+m2+m3+m4 [expected_no_op],,
17,f0017,clean-static,m3,mask\f0017_m3.png,True,True,,a2de2c623ff37876828d97b45c0eece5a84be404bb64a3c958d6e21cd239c05b,0acd70aed3c0c6e651e19a5764763ec310e7d30e14b79fa5af5e17dc0a58cc38,640,480,2966,False,c699dceea7919f4f7377deeac18cea0721ffcce185cf1ea2caf41324a14c9e36,m0+m1+m2+m3+m4 [expected_no_op],,
17,f0017,clean-static,m4,mask\f0017_m4.png,True,True,,a5585c77730330b225beeb34e775d70d663738a4deeec657b47fde671bcf574f,0acd70aed3c0c6e651e19a5764763ec310e7d30e14b79fa5af5e17dc0a58cc38,640,480,2966,False,c699dceea7919f4f7377deeac18cea0721ffcce185cf1ea2caf41324a14c9e36,m0+m1+m2+m3+m4 [expected_no_op],,
18,f0018,controlled-occlusion,m0,mask\f0018_m0.png,True,True,,416411b4cc9e1c9bd69ce6b1c5fe7e0e498ce11a87d2ddfd2d770e17d19e553d,cb76dff24737f2150c58c6ade7a4a4188733b0a897ab613e0a2a13d382e1bfa2,640,480,96436,False,fcb9224f43dd30b57c1ab400148aab883c9a00fd5ffd87aba1ef17582ba0d6eb,m0+m1+m2+m3 [expected_no_op],,
18,f0018,controlled-occlusion,m1,mask\f0018_m1.png,True,True,,447b749c3a908e80e9bdc9944f2661dfc2b7df1efd54b470583789b2b4efe611,cb76dff24737f2150c58c6ade7a4a4188733b0a897ab613e0a2a13d382e1bfa2,640,480,96436,False,fcb9224f43dd30b57c1ab400148aab883c9a00fd5ffd87aba1ef17582ba0d6eb,m0+m1+m2+m3 [expected_no_op],,
18,f0018,controlled-occlusion,m2,mask\f0018_m2.png,True,True,,a9550799a22c6a3e593f5701492a56d0f691e121587d07072ab39b501563a0ce,cb76dff24737f2150c58c6ade7a4a4188733b0a897ab613e0a2a13d382e1bfa2,640,480,96436,False,fcb9224f43dd30b57c1ab400148aab883c9a00fd5ffd87aba1ef17582ba0d6eb,m0+m1+m2+m3 [expected_no_op],,
18,f0018,controlled-occlusion,m3,mask\f0018_m3.png,True,True,,b95ca13c39a7df4e13c67a290eda6d43fb4ee51e051d0b9a35245c971bfe5143,cb76dff24737f2150c58c6ade7a4a4188733b0a897ab613e0a2a13d382e1bfa2,640,480,96436,False,fcb9224f43dd30b57c1ab400148aab883c9a00fd5ffd87aba1ef17582ba0d6eb,m0+m1+m2+m3 [expected_no_op],,
18,f0018,controlled-occlusion,m4,mask\f0018_m4.png,True,True,,36f24d6c7a59127a4a200bd6f4ec7a01fb54bdc12a11eb4754644d66ef8e121a,d87a5ebaef1826ffad0808dee96cea4ec9ab747d69ca5d01cd155ea611b8e65a,640,480,67110,False,fcb9224f43dd30b57c1ab400148aab883c9a00fd5ffd87aba1ef17582ba0d6eb,,,
19,f0019,controlled-occlusion,m0,mask\f0019_m0.png,False,False,missing,,,,,,,,,,
19,f0019,controlled-occlusion,m1,mask\f0019_m1.png,False,False,missing,,,,,,,,,,
19,f0019,controlled-occlusion,m2,mask\f0019_m2.png,False,False,missing,,,,,,,,,,
19,f0019,controlled-occlusion,m3,mask\f0019_m3.png,False,False,missing,,,,,,,,,,
19,f0019,controlled-occlusion,m4,mask\f0019_m4.png,False,False,missing,,,,,,,,,,
20,f0020,clean-static,m0,mask\f0020_m0.png,True,True,,47996c8dbcc36143da5a88dd19ceb851723a5f9e1673bad84d29fbaa35b7b83f,aa49d03353aef3370d920065182a6b0a3f079e596ed81a6d420e9344f1369e7a,640,480,43776,False,cde69c3777d7857177617ed5443313a06777fece3c215c742480e709701fb8fb,m0+m1+m2+m3+m4 [expected_no_op],,
20,f0020,clean-static,m1,mask\f0020_m1.png,True,True,,18f9fc890b2345659bea332e4a0afc74f76c0de82b5ebf2e53dbac167338d32a,aa49d03353aef3370d920065182a6b0a3f079e596ed81a6d420e9344f1369e7a,640,480,43776,False,cde69c3777d7857177617ed5443313a06777fece3c215c742480e709701fb8fb,m0+m1+m2+m3+m4 [expected_no_op],,
20,f0020,clean-static,m2,mask\f0020_m2.png,True,True,,b5d9ebfc32fb1970874c19fe02b91704085835f6cd713d387c625ad22afb371b,aa49d03353aef3370d920065182a6b0a3f079e596ed81a6d420e9344f1369e7a,640,480,43776,False,cde69c3777d7857177617ed5443313a06777fece3c215c742480e709701fb8fb,m0+m1+m2+m3+m4 [expected_no_op],,
20,f0020,clean-static,m3,mask\f0020_m3.png,True,True,,17637517ed6ebb66dd01df5cd0918bb1d12998ce0961fcf79527283a9aa09c02,aa49d03353aef3370d920065182a6b0a3f079e596ed81a6d420e9344f1369e7a,640,480,43776,False,cde69c3777d7857177617ed5443313a06777fece3c215c742480e709701fb8fb,m0+m1+m2+m3+m4 [expected_no_op],,
20,f0020,clean-static,m4,mask\f0020_m4.png,True,True,,3518b7b82f57df63f151b337d76050105d2097e4318e46ad72ceedab220dd330,aa49d03353aef3370d920065182a6b0a3f079e596ed81a6d420e9344f1369e7a,640,480,43776,False,cde69c3777d7857177617ed5443313a06777fece3c215c742480e709701fb8fb,m0+m1+m2+m3+m4 [expected_no_op],,
21,f0021,clean-static,m0,mask\f0021_m0.png,True,True,,2ad903fd89581ea123fa406b0f5c784c4d3fc9fbc3a3249540b89ac20d111ce3,674a61fbfab48b34b1aacbd6a826633c6fe264ec10f09d55c80c4970b1d7554b,560,560,273,False,f3406fe2fb5d8c06bf9f1ee02b81d6a68964370c1d59de8d8a3977076b9ac70e,m0+m1+m2+m3+m4 [expected_no_op],,
21,f0021,clean-static,m1,mask\f0021_m1.png,True,True,,85808df06fc67602eb7dfd2f4a078a159db748fc6803339abffd91fd14075aa3,674a61fbfab48b34b1aacbd6a826633c6fe264ec10f09d55c80c4970b1d7554b,560,560,273,False,f3406fe2fb5d8c06bf9f1ee02b81d6a68964370c1d59de8d8a3977076b9ac70e,m0+m1+m2+m3+m4 [expected_no_op],,
21,f0021,clean-static,m2,mask\f0021_m2.png,True,True,,e2387b2aad687e26ca4674cdddf09ad68ca01c8ef7c0e1147de377782ed41566,674a61fbfab48b34b1aacbd6a826633c6fe264ec10f09d55c80c4970b1d7554b,560,560,273,False,f3406fe2fb5d8c06bf9f1ee02b81d6a68964370c1d59de8d8a3977076b9ac70e,m0+m1+m2+m3+m4 [expected_no_op],,
21,f0021,clean-static,m3,mask\f0021_m3.png,True,True,,1ef4b7516ea853cd46debced52ea1fd891889eb2a9118ef0e99e9283003a529a,674a61fbfab48b34b1aacbd6a826633c6fe264ec10f09d55c80c4970b1d7554b,560,560,273,False,f3406fe2fb5d8c06bf9f1ee02b81d6a68964370c1d59de8d8a3977076b9ac70e,m0+m1+m2+m3+m4 [expected_no_op],,
21,f0021,clean-static,m4,mask\f0021_m4.png,True,True,,0b7b34180fc2e279bb959b1db9b0f8fd1367768fae1ae71ae8147c0d2c9281b4,674a61fbfab48b34b1aacbd6a826633c6fe264ec10f09d55c80c4970b1d7554b,560,560,273,False,f3406fe2fb5d8c06bf9f1ee02b81d6a68964370c1d59de8d8a3977076b9ac70e,m0+m1+m2+m3+m4 [expected_no_op],,
22,f0022,clean-static,m0,mask\f0022_m0.png,True,True,,78dc87718d015c22f010d222157f1ece38b4b1c89f51221a009cfa2d45c10ba1,584f3955e9737dbf516d49b59943c198014d503f8dcfaf38a226b98ac591d807,640,480,74202,False,de3488d203fd88e49a2ecf188f6709e933da1c2c2e50be54f314f8f45fbd2c3d,m0+m1+m2+m3+m4 [expected_no_op],,
22,f0022,clean-static,m1,mask\f0022_m1.png,True,True,,bcad4548c7b0966da34f13b581c6c628797c1b5231d3d3107eb9d7040d8a5878,584f3955e9737dbf516d49b59943c198014d503f8dcfaf38a226b98ac591d807,640,480,74202,False,de3488d203fd88e49a2ecf188f6709e933da1c2c2e50be54f314f8f45fbd2c3d,m0+m1+m2+m3+m4 [expected_no_op],,
22,f0022,clean-static,m2,mask\f0022_m2.png,True,True,,c53048ca0e4885f6b45ccfd1af89ac271e87678e217cff2f58c2949496e155fa,584f3955e9737dbf516d49b59943c198014d503f8dcfaf38a226b98ac591d807,640,480,74202,False,de3488d203fd88e49a2ecf188f6709e933da1c2c2e50be54f314f8f45fbd2c3d,m0+m1+m2+m3+m4 [expected_no_op],,
22,f0022,clean-static,m3,mask\f0022_m3.png,True,True,,c53048ca0e4885f6b45ccfd1af89ac271e87678e217cff2f58c2949496e155fa,584f3955e9737dbf516d49b59943c198014d503f8dcfaf38a226b98ac591d807,640,480,74202,False,de3488d203fd88e49a2ecf188f6709e933da1c2c2e50be54f314f8f45fbd2c3d,m0+m1+m2+m3+m4 [expected_no_op],,
22,f0022,clean-static,m4,mask\f0022_m4.png,True,True,,3543cc874da11e543b43e8f779f2769c9b64d5d3163e77673a808f5271eba739,584f3955e9737dbf516d49b59943c198014d503f8dcfaf38a226b98ac591d807,640,480,74202,False,de3488d203fd88e49a2ecf188f6709e933da1c2c2e50be54f314f8f45fbd2c3d,m0+m1+m2+m3+m4 [expected_no_op],,
23,f0023,clean-static,m0,mask\f0023_m0.png,True,True,,40642fe6316ecaa42eea6016c6092e7140953730f352eb69c9ab182c966914a9,e628ac17a994577245aa93dcad38c120289e3fe4f2974796a477b76c2ece9db2,960,540,9646,False,d9023cd11ad85672a3530d5dff4dcaadf0d210b38f3fede140c2b2922d78d5c5,m0+m1+m2+m3+m4 [expected_no_op],,
23,f0023,clean-static,m1,mask\f0023_m1.png,True,True,,5b501898e5892d5f4949c03d530b82e5d7dedd65e4dce03f973da05802804fe3,e628ac17a994577245aa93dcad38c120289e3fe4f2974796a477b76c2ece9db2,960,540,9646,False,d9023cd11ad85672a3530d5dff4dcaadf0d210b38f3fede140c2b2922d78d5c5,m0+m1+m2+m3+m4 [expected_no_op],,
23,f0023,clean-static,m2,mask\f0023_m2.png,True,True,,5b460372c0ba7729d7bafc929b6fb1a8f00716c5d2eadd9d50858ecad8f86bca,e628ac17a994577245aa93dcad38c120289e3fe4f2974796a477b76c2ece9db2,960,540,9646,False,d9023cd11ad85672a3530d5dff4dcaadf0d210b38f3fede140c2b2922d78d5c5,m0+m1+m2+m3+m4 [expected_no_op],,
23,f0023,clean-static,m3,mask\f0023_m3.png,True,True,,f8bc7f995db5043d3207e9a743c01601b963d413a0acd7b0c5fc4e50513088a8,e628ac17a994577245aa93dcad38c120289e3fe4f2974796a477b76c2ece9db2,960,540,9646,False,d9023cd11ad85672a3530d5dff4dcaadf0d210b38f3fede140c2b2922d78d5c5,m0+m1+m2+m3+m4 [expected_no_op],,
23,f0023,clean-static,m4,mask\f0023_m4.png,True,True,,14fed82841eaa01fe638f673c76a808391970c86ede4f08608813940fe45c450,e628ac17a994577245aa93dcad38c120289e3fe4f2974796a477b76c2ece9db2,960,540,9646,False,d9023cd11ad85672a3530d5dff4dcaadf0d210b38f3fede140c2b2922d78d5c5,m0+m1+m2+m3+m4 [expected_no_op],,
24,f0024,clean-static,m0,mask\f0024_m0.png,True,True,,9a11f293b551c326f1fbd2f481c9b77a286d2be2211f0be2dc0d176f135873cc,430e8206b25aeeb047a6b02418e957ff88a993469d1a786926ad746d9d5f1bda,640,480,70192,False,0f030eda07da586d9478e63537056e03bff07ae44b05bac356134a516499134d,m0+m1+m2+m3+m4 [expected_no_op],,
24,f0024,clean-static,m1,mask\f0024_m1.png,True,True,,8aca1df2cf63ddd46891b81909bc943908a63c84c983b539ae81fbbdd6660f05,430e8206b25aeeb047a6b02418e957ff88a993469d1a786926ad746d9d5f1bda,640,480,70192,False,0f030eda07da586d9478e63537056e03bff07ae44b05bac356134a516499134d,m0+m1+m2+m3+m4 [expected_no_op],,
24,f0024,clean-static,m2,mask\f0024_m2.png,True,True,,ecc19f6571c826b85697b92b379c5a70ea1492ac1eced4fba09d864f699bac97,430e8206b25aeeb047a6b02418e957ff88a993469d1a786926ad746d9d5f1bda,640,480,70192,False,0f030eda07da586d9478e63537056e03bff07ae44b05bac356134a516499134d,m0+m1+m2+m3+m4 [expected_no_op],,
24,f0024,clean-static,m3,mask\f0024_m3.png,True,True,,e0dfb3dace386187bb9b51f84ad02266a904d4986f9eb10ab92726d033956f5f,430e8206b25aeeb047a6b02418e957ff88a993469d1a786926ad746d9d5f1bda,640,480,70192,False,0f030eda07da586d9478e63537056e03bff07ae44b05bac356134a516499134d,m0+m1+m2+m3+m4 [expected_no_op],,
24,f0024,clean-static,m4,mask\f0024_m4.png,True,True,,26d05f78b04c79e2f12f47472f6bf25667b3c49dcf435fa995df33cca0fe07af,430e8206b25aeeb047a6b02418e957ff88a993469d1a786926ad746d9d5f1bda,640,480,70192,False,0f030eda07da586d9478e63537056e03bff07ae44b05bac356134a516499134d,m0+m1+m2+m3+m4 [expected_no_op],,
25,f0025,controlled-occlusion,m0,mask\f0025_m0.png,True,True,,c9d4776de0177b776f55dc4e78cfb8fbc16416d74ffa3aa42cf8bb45dcc4f8d3,c1a20cadc8eba8b337779a1be3e6e674e3f461bf4955c330ffd978864c3fcf91,960,540,57221,False,5a39cd0ed6f9a3e88b460fec4e635e9e80635f1e0de77c9b606a10e83b117906,m0+m1+m2+m3 [no_op_placed_but_not_occluding],,
25,f0025,controlled-occlusion,m1,mask\f0025_m1.png,True,True,,c93c7d7ffbfb4c0c83ab38e91f379a606be6b2e37bfe16fa5190a613265489f3,c1a20cadc8eba8b337779a1be3e6e674e3f461bf4955c330ffd978864c3fcf91,960,540,57221,False,5a39cd0ed6f9a3e88b460fec4e635e9e80635f1e0de77c9b606a10e83b117906,m0+m1+m2+m3 [no_op_placed_but_not_occluding],,
25,f0025,controlled-occlusion,m2,mask\f0025_m2.png,True,True,,e4ee6070c080d43fabf8e8e2bd7608d9f05cb95fac3478a3ed2c51adffc794a3,c1a20cadc8eba8b337779a1be3e6e674e3f461bf4955c330ffd978864c3fcf91,960,540,57221,False,5a39cd0ed6f9a3e88b460fec4e635e9e80635f1e0de77c9b606a10e83b117906,m0+m1+m2+m3 [no_op_placed_but_not_occluding],,
25,f0025,controlled-occlusion,m3,mask\f0025_m3.png,True,True,,b5ca2b5a0be3d92295013e2bbdce27b609f7c8b1f50ecb18a392b4f1da8ade20,c1a20cadc8eba8b337779a1be3e6e674e3f461bf4955c330ffd978864c3fcf91,960,540,57221,False,5a39cd0ed6f9a3e88b460fec4e635e9e80635f1e0de77c9b606a10e83b117906,m0+m1+m2+m3 [no_op_placed_but_not_occluding],,
25,f0025,controlled-occlusion,m4,mask\f0025_m4.png,True,True,,e86f8269aac3ad792097c09e89b73187894670837736bd540953e94ccf16c651,76c4edd2b5466e336f6da0b74fb25f7d36d6f356a6f2d9c5dd21e2f8199c03fd,960,540,53218,False,5a39cd0ed6f9a3e88b460fec4e635e9e80635f1e0de77c9b606a10e83b117906,,,
26,f0026,clean-static,m0,mask\f0026_m0.png,True,True,,aaeaee35f07a77d1c1a51096c9f09c52c7b08ac104382f43ba81d2b75f531e8a,71661e10cf39a8cd26c67f5f7a1c049ef34443d3a970a15fffb192ef5edb0d0d,720,480,20032,False,053d40c773600a19b733ac995e88cd754f2000e9b4dff7ca232176d5bb8c7e76,m0+m1+m2+m3+m4 [expected_no_op],,
26,f0026,clean-static,m1,mask\f0026_m1.png,True,True,,86d10fb5bcf839d5e862c7e57c97cdbeee0596f9f6270dfaedd19563db158daa,71661e10cf39a8cd26c67f5f7a1c049ef34443d3a970a15fffb192ef5edb0d0d,720,480,20032,False,053d40c773600a19b733ac995e88cd754f2000e9b4dff7ca232176d5bb8c7e76,m0+m1+m2+m3+m4 [expected_no_op],,
26,f0026,clean-static,m2,mask\f0026_m2.png,True,True,,46c9b3312d72cdf950a34409ea8b1ba1eabccd24503c82b8ed9921e4376e24f9,71661e10cf39a8cd26c67f5f7a1c049ef34443d3a970a15fffb192ef5edb0d0d,720,480,20032,False,053d40c773600a19b733ac995e88cd754f2000e9b4dff7ca232176d5bb8c7e76,m0+m1+m2+m3+m4 [expected_no_op],,
26,f0026,clean-static,m3,mask\f0026_m3.png,True,True,,0b5bf124d225d2d6641709ad0475385aaa914bede242adb7c929784243c5e572,71661e10cf39a8cd26c67f5f7a1c049ef34443d3a970a15fffb192ef5edb0d0d,720,480,20032,False,053d40c773600a19b733ac995e88cd754f2000e9b4dff7ca232176d5bb8c7e76,m0+m1+m2+m3+m4 [expected_no_op],,
26,f0026,clean-static,m4,mask\f0026_m4.png,True,True,,62a907e0fceb8af5686899737c1330b3f5884ecd320275aeab74834e9ba4c5ea,71661e10cf39a8cd26c67f5f7a1c049ef34443d3a970a15fffb192ef5edb0d0d,720,480,20032,False,053d40c773600a19b733ac995e88cd754f2000e9b4dff7ca232176d5bb8c7e76,m0+m1+m2+m3+m4 [expected_no_op],,
27,f0027,controlled-occlusion,m0,mask\f0027_m0.png,False,False,missing,,,,,,,,,,
27,f0027,controlled-occlusion,m1,mask\f0027_m1.png,False,False,missing,,,,,,,,,,
27,f0027,controlled-occlusion,m2,mask\f0027_m2.png,False,False,missing,,,,,,,,,,
27,f0027,controlled-occlusion,m3,mask\f0027_m3.png,False,False,missing,,,,,,,,,,
27,f0027,controlled-occlusion,m4,mask\f0027_m4.png,False,False,missing,,,,,,,,,,
28,f0028,clean-static,m0,mask\f0028_m0.png,True,True,,5f7717e46c6f99e0816a4ea12f9d9bc1175c7f00aac5091f9a4587750f7bd572,a63bb57d3af4a5231dfd455312b3098a4c63e998cc6bf66a48e427e3105b4eb9,640,480,4049,False,3efdeafcb2965aefa7b2f0ea2c0579acd6083128ff953e332872a398c15ebb31,m0+m1+m2+m3+m4 [expected_no_op],,
28,f0028,clean-static,m1,mask\f0028_m1.png,True,True,,0d0532aa0ea8ef4273db835688d1e65fdb449b9393766a159fef9436b4c69a70,a63bb57d3af4a5231dfd455312b3098a4c63e998cc6bf66a48e427e3105b4eb9,640,480,4049,False,3efdeafcb2965aefa7b2f0ea2c0579acd6083128ff953e332872a398c15ebb31,m0+m1+m2+m3+m4 [expected_no_op],,
28,f0028,clean-static,m2,mask\f0028_m2.png,True,True,,31ec0f5bd47ac662f19c4aeb2aba34d1ede6ec084063d20260036e9725beb609,a63bb57d3af4a5231dfd455312b3098a4c63e998cc6bf66a48e427e3105b4eb9,640,480,4049,False,3efdeafcb2965aefa7b2f0ea2c0579acd6083128ff953e332872a398c15ebb31,m0+m1+m2+m3+m4 [expected_no_op],,
28,f0028,clean-static,m3,mask\f0028_m3.png,True,True,,6d52da6939f9ffff120001a455400f47ed34c179194f54c37b04fe5d1278bd18,a63bb57d3af4a5231dfd455312b3098a4c63e998cc6bf66a48e427e3105b4eb9,640,480,4049,False,3efdeafcb2965aefa7b2f0ea2c0579acd6083128ff953e332872a398c15ebb31,m0+m1+m2+m3+m4 [expected_no_op],,
28,f0028,clean-static,m4,mask\f0028_m4.png,True,True,,b6110ac727d3fe60ccac9a495447e2b1426d49ee0c78731a4f708ec73b4ec484,a63bb57d3af4a5231dfd455312b3098a4c63e998cc6bf66a48e427e3105b4eb9,640,480,4049,False,3efdeafcb2965aefa7b2f0ea2c0579acd6083128ff953e332872a398c15ebb31,m0+m1+m2+m3+m4 [expected_no_op],,
29,f0029,clean-static,m0,mask\f0029_m0.png,True,True,,92a1df5b5c5cf5031ab25b170f652c02bd99cec338371b09c0e7fb16c2b42b1c,d8c0fe90241f6cb64a6633e252fb86cf6e27fc2cdc799a52b883d168a180096e,640,480,69628,False,207daea0496242e13cdcdd684231af8d61daedd958c1f765d5b933ea7e9a4e04,m0+m1+m2+m3+m4 [expected_no_op],,
29,f0029,clean-static,m1,mask\f0029_m1.png,True,True,,aa76d446d4a3c2ffa73aeaadae6ac849f348e0781753fa29aabcc5f91e035c8e,d8c0fe90241f6cb64a6633e252fb86cf6e27fc2cdc799a52b883d168a180096e,640,480,69628,False,207daea0496242e13cdcdd684231af8d61daedd958c1f765d5b933ea7e9a4e04,m0+m1+m2+m3+m4 [expected_no_op],,
29,f0029,clean-static,m2,mask\f0029_m2.png,True,True,,8db7fb03577247fdc82cb02d897177fd70eb2947aa3ed689300e5a6dfd9982ef,d8c0fe90241f6cb64a6633e252fb86cf6e27fc2cdc799a52b883d168a180096e,640,480,69628,False,207daea0496242e13cdcdd684231af8d61daedd958c1f765d5b933ea7e9a4e04,m0+m1+m2+m3+m4 [expected_no_op],,
29,f0029,clean-static,m3,mask\f0029_m3.png,True,True,,2afe42aa5a00a39ff017f7a25a406ba00f998aabc7184a87b30de796b4af8f74,d8c0fe90241f6cb64a6633e252fb86cf6e27fc2cdc799a52b883d168a180096e,640,480,69628,False,207daea0496242e13cdcdd684231af8d61daedd958c1f765d5b933ea7e9a4e04,m0+m1+m2+m3+m4 [expected_no_op],,
29,f0029,clean-static,m4,mask\f0029_m4.png,True,True,,e97205699ac481ee679e0f5d724ed639c2112cca26134e17ddd4fa25561b8ebb,d8c0fe90241f6cb64a6633e252fb86cf6e27fc2cdc799a52b883d168a180096e,640,480,69628,False,207daea0496242e13cdcdd684231af8d61daedd958c1f765d5b933ea7e9a4e04,m0+m1+m2+m3+m4 [expected_no_op],,
30,f0030,controlled-occlusion,m0,mask\f0030_m0.png,True,True,,bd3f81f997e32bf35ef5aad78e614e7f8c3d1600252cebe28a18260c62d7c7ef,ad281a7320794694848c981ed067ad7d893fb6ac6777447510efebb20e357ba7,960,540,6679,False,99b214bb2fa18aa119577bf0d98998e79d47bd955517f003433375c58664fd38,m0+m1+m2+m3 [no_op_placed_but_not_occluding],,
30,f0030,controlled-occlusion,m1,mask\f0030_m1.png,True,True,,b2d7cafec648b65d8f60213274bfedbeed3f57bbea28ed81f7bac906b4c33542,ad281a7320794694848c981ed067ad7d893fb6ac6777447510efebb20e357ba7,960,540,6679,False,99b214bb2fa18aa119577bf0d98998e79d47bd955517f003433375c58664fd38,m0+m1+m2+m3 [no_op_placed_but_not_occluding],,
30,f0030,controlled-occlusion,m2,mask\f0030_m2.png,True,True,,31f9e37585fbc4738702b3cb9e331a1b7b688dfdfe7733cb9cf30c487c8f9b95,ad281a7320794694848c981ed067ad7d893fb6ac6777447510efebb20e357ba7,960,540,6679,False,99b214bb2fa18aa119577bf0d98998e79d47bd955517f003433375c58664fd38,m0+m1+m2+m3 [no_op_placed_but_not_occluding],,
30,f0030,controlled-occlusion,m3,mask\f0030_m3.png,True,True,,8f4d3ff61fcf340ca3e2e3468c2b85a97c358cc770366bec2cc30285d3541384,ad281a7320794694848c981ed067ad7d893fb6ac6777447510efebb20e357ba7,960,540,6679,False,99b214bb2fa18aa119577bf0d98998e79d47bd955517f003433375c58664fd38,m0+m1+m2+m3 [no_op_placed_but_not_occluding],,
30,f0030,controlled-occlusion,m4,mask\f0030_m4.png,True,True,,63f76bf16b63447afd2c4068a59f6cf92afb68b4ffc0edcab0477b4a11f7c3e5,4cbe4d162e2938cf8a02bf6dc9f12e72de648031c8257a499964a90dad8bc496,960,540,6390,False,99b214bb2fa18aa119577bf0d98998e79d47bd955517f003433375c58664fd38,,,
31,f0031,clean-static,m0,mask\f0031_m0.png,True,True,,d95d4346b5cb4d5ebd7d74a4b1adb3a1f531f684851044e5070484f7ae1372cc,a94e645093df4590017042eb8996c55f89430c06a80d904b964421325c8e68d1,640,480,10167,False,420be36c375995c00c41dd46b2cac35b68a4bc82a51f044b3001dbd018179571,m0+m1+m2+m3+m4 [expected_no_op],,
31,f0031,clean-static,m1,mask\f0031_m1.png,True,True,,8d64f3c9311380b175e30d3c15a94e09456836c2de10297d79eab2c7674a8966,a94e645093df4590017042eb8996c55f89430c06a80d904b964421325c8e68d1,640,480,10167,False,420be36c375995c00c41dd46b2cac35b68a4bc82a51f044b3001dbd018179571,m0+m1+m2+m3+m4 [expected_no_op],,
31,f0031,clean-static,m2,mask\f0031_m2.png,True,True,,2a0b02d6971da6a625c68509b5653da395afe44b36000f53c5df222f28dfc992,a94e645093df4590017042eb8996c55f89430c06a80d904b964421325c8e68d1,640,480,10167,False,420be36c375995c00c41dd46b2cac35b68a4bc82a51f044b3001dbd018179571,m0+m1+m2+m3+m4 [expected_no_op],,
31,f0031,clean-static,m3,mask\f0031_m3.png,True,True,,c3b28aa4e827cf17c321c49ddb07b6248b88cd6735dd046ef6ca4c3539222372,a94e645093df4590017042eb8996c55f89430c06a80d904b964421325c8e68d1,640,480,10167,False,420be36c375995c00c41dd46b2cac35b68a4bc82a51f044b3001dbd018179571,m0+m1+m2+m3+m4 [expected_no_op],,
31,f0031,clean-static,m4,mask\f0031_m4.png,True,True,,4889a0c332347ac8acc43b865252649cd0999c98198641061a77ec7a1e829908,a94e645093df4590017042eb8996c55f89430c06a80d904b964421325c8e68d1,640,480,10167,False,420be36c375995c00c41dd46b2cac35b68a4bc82a51f044b3001dbd018179571,m0+m1+m2+m3+m4 [expected_no_op],,
32,f0032,clean-static,m0,mask\f0032_m0.png,True,True,,1e7f4ba5f7bfb56299bebe1b7caa8c43e6e8e377b2b0061a431e171c4f037649,7f7d60dfd9c2cb91cc3d18c51978d15c988d96869bfe9866f73f468c8e260ab4,960,540,297377,False,d5262356c2c59bff14a2fdc00079b4161cb174282edbdc390e4760bf1de68d84,m0+m1+m2+m3+m4 [expected_no_op],,
32,f0032,clean-static,m1,mask\f0032_m1.png,True,True,,3ebdffaae61c9953d8f7dc71e85d2e6e5fa9864922bd92a1f3fdee91856e5751,7f7d60dfd9c2cb91cc3d18c51978d15c988d96869bfe9866f73f468c8e260ab4,960,540,297377,False,d5262356c2c59bff14a2fdc00079b4161cb174282edbdc390e4760bf1de68d84,m0+m1+m2+m3+m4 [expected_no_op],,
32,f0032,clean-static,m2,mask\f0032_m2.png,True,True,,3abddbf9642e1d48af76c7f96c365cd748ca6495d3725aa0604274d64c0c7d6a,7f7d60dfd9c2cb91cc3d18c51978d15c988d96869bfe9866f73f468c8e260ab4,960,540,297377,False,d5262356c2c59bff14a2fdc00079b4161cb174282edbdc390e4760bf1de68d84,m0+m1+m2+m3+m4 [expected_no_op],,
32,f0032,clean-static,m3,mask\f0032_m3.png,True,True,,10264295753bc40fe8dbde93e8d7a03f5ab882389535923129378fe369271590,7f7d60dfd9c2cb91cc3d18c51978d15c988d96869bfe9866f73f468c8e260ab4,960,540,297377,False,d5262356c2c59bff14a2fdc00079b4161cb174282edbdc390e4760bf1de68d84,m0+m1+m2+m3+m4 [expected_no_op],,
32,f0032,clean-static,m4,mask\f0032_m4.png,True,True,,7acef3be48509736a67fd46d43a01f14a03cccc5e6b7625d98798681fe49f684,7f7d60dfd9c2cb91cc3d18c51978d15c988d96869bfe9866f73f468c8e260ab4,960,540,297377,False,d5262356c2c59bff14a2fdc00079b4161cb174282edbdc390e4760bf1de68d84,m0+m1+m2+m3+m4 [expected_no_op],,
33,f0033,controlled-occlusion,m0,mask\f0033_m0.png,True,True,,804dfa86ea00b6dd289055e2bbd67cc95a3b46c754ad11016fb4a6503132a074,91bfa3568c4af7742e9173fc591ef7d10ce785a8119e2e75d6c21ec12d7644ff,560,560,25034,False,9fe70331feb8f003aae6c5cb0a9be018bc71da2a740398215aa92ba1116abf75,m0+m1 [expected_no_op],,
33,f0033,controlled-occlusion,m1,mask\f0033_m1.png,True,True,,1c49743ee615613af170320d545baf7fc0f143e2c8d6a358da11db583c0a6c06,91bfa3568c4af7742e9173fc591ef7d10ce785a8119e2e75d6c21ec12d7644ff,560,560,25034,False,9fe70331feb8f003aae6c5cb0a9be018bc71da2a740398215aa92ba1116abf75,m0+m1 [expected_no_op],,
33,f0033,controlled-occlusion,m2,mask\f0033_m2.png,True,True,,e9f949ebc11fcf60df5cdcaee5a9fd4e9a89fed619d60df10d468029c8c4cdd3,d317718662a2342ea74bb6aea60c7d839f92c76e14c6b7855782a58f065cfae0,560,560,22251,False,9fe70331feb8f003aae6c5cb0a9be018bc71da2a740398215aa92ba1116abf75,m2+m3 [no_op_placed_but_not_occluding],,
33,f0033,controlled-occlusion,m3,mask\f0033_m3.png,True,True,,56c66d0d39fb1d84df9d2f24de5655ef47ae3278e11d16b6c5b20f6da6f21aac,d317718662a2342ea74bb6aea60c7d839f92c76e14c6b7855782a58f065cfae0,560,560,22251,False,9fe70331feb8f003aae6c5cb0a9be018bc71da2a740398215aa92ba1116abf75,m2+m3 [no_op_placed_but_not_occluding],,
33,f0033,controlled-occlusion,m4,mask\f0033_m4.png,True,True,,8c44de96dd205fcbb4fe4a67b872c3e8b08ad02942b3d0d05392e057d8bcafee,e9de9370a515e57767fe59e375944a125261ed103533238c5bfaa142363263d8,560,560,18039,False,9fe70331feb8f003aae6c5cb0a9be018bc71da2a740398215aa92ba1116abf75,,,
34,f0034,clean-static,m0,mask\f0034_m0.png,True,True,,a014bb7406cdb1cc72259e720cb4cf632147b712d10109425290ef164e26cd28,f475046f69067dfb6eae19b645ca2cb8a29aa739a4424c38390cba8aad076b89,720,480,3221,False,92a503318c117d3955350ebb65c5254295869e51551ac1e100dcd91d0976cca3,m0+m1+m2+m3+m4 [expected_no_op],,
34,f0034,clean-static,m1,mask\f0034_m1.png,True,True,,5598ff7834310b4758b608b78f57d2746d5ab00b854a85ad6395a4138bdb2a72,f475046f69067dfb6eae19b645ca2cb8a29aa739a4424c38390cba8aad076b89,720,480,3221,False,92a503318c117d3955350ebb65c5254295869e51551ac1e100dcd91d0976cca3,m0+m1+m2+m3+m4 [expected_no_op],,
34,f0034,clean-static,m2,mask\f0034_m2.png,True,True,,72c63c6fc763e109d6aea2d8ac2ed49c86907d2497483745fa909ee24daa9b02,f475046f69067dfb6eae19b645ca2cb8a29aa739a4424c38390cba8aad076b89,720,480,3221,False,92a503318c117d3955350ebb65c5254295869e51551ac1e100dcd91d0976cca3,m0+m1+m2+m3+m4 [expected_no_op],,
34,f0034,clean-static,m3,mask\f0034_m3.png,True,True,,69a13dd546b3ca1e03368a7dcde41d8283bb7fde0e6874751afe05ba7fa5fb05,f475046f69067dfb6eae19b645ca2cb8a29aa739a4424c38390cba8aad076b89,720,480,3221,False,92a503318c117d3955350ebb65c5254295869e51551ac1e100dcd91d0976cca3,m0+m1+m2+m3+m4 [expected_no_op],,
34,f0034,clean-static,m4,mask\f0034_m4.png,True,True,,f84ec17d07d6be338a736b659fb51f06e6e28bf71c95dc32f37b16176b91e66b,f475046f69067dfb6eae19b645ca2cb8a29aa739a4424c38390cba8aad076b89,720,480,3221,False,92a503318c117d3955350ebb65c5254295869e51551ac1e100dcd91d0976cca3,m0+m1+m2+m3+m4 [expected_no_op],,
35,f0035,clean-static,m0,mask\f0035_m0.png,True,True,,a803c42cb24670adb5819def5d4b03fa613893ed0d09249f4622e1509cf4b833,9791a60bea0f8370196b222fb45bf252a0ebdcfb3ecffd7fa18d675da97b1ba2,640,480,212,False,c4cb9b360075064794ef1f71e94fdf754f0099b304dc0abbaba9303e9c44d900,m0+m1+m2+m3+m4 [expected_no_op],,
35,f0035,clean-static,m1,mask\f0035_m1.png,True,True,,cac6fb8cd74f0cedf40ba672873de9af563110e20a113de7abe62a14a8a489e5,9791a60bea0f8370196b222fb45bf252a0ebdcfb3ecffd7fa18d675da97b1ba2,640,480,212,False,c4cb9b360075064794ef1f71e94fdf754f0099b304dc0abbaba9303e9c44d900,m0+m1+m2+m3+m4 [expected_no_op],,
35,f0035,clean-static,m2,mask\f0035_m2.png,True,True,,aeb5c9cbaff9a67dd3720976cb6ac46c14c899c1ebe640df5592ee0ff338661c,9791a60bea0f8370196b222fb45bf252a0ebdcfb3ecffd7fa18d675da97b1ba2,640,480,212,False,c4cb9b360075064794ef1f71e94fdf754f0099b304dc0abbaba9303e9c44d900,m0+m1+m2+m3+m4 [expected_no_op],,
35,f0035,clean-static,m3,mask\f0035_m3.png,True,True,,da87d3df4d0f72e9ce8d80abe31c2f0235354543d467581dcd243483145392ba,9791a60bea0f8370196b222fb45bf252a0ebdcfb3ecffd7fa18d675da97b1ba2,640,480,212,False,c4cb9b360075064794ef1f71e94fdf754f0099b304dc0abbaba9303e9c44d900,m0+m1+m2+m3+m4 [expected_no_op],,
35,f0035,clean-static,m4,mask\f0035_m4.png,True,True,,c90783baaee9cd14af77660b82a40b4b904a8c82207dc75d57115d5dfd89d2a7,9791a60bea0f8370196b222fb45bf252a0ebdcfb3ecffd7fa18d675da97b1ba2,640,480,212,False,c4cb9b360075064794ef1f71e94fdf754f0099b304dc0abbaba9303e9c44d900,m0+m1+m2+m3+m4 [expected_no_op],,
36,f0036,clean-static,m0,mask\f0036_m0.png,True,True,,224715802b9a4628d3b938e877c96eb12dd0cb1cdf267cf6f6a79ca3fed04d77,4b50a8ef2392c2940e588745e0c9112c394ff393d9043717127bbb67851c4607,640,480,124785,False,dd54d7b6413d414e2309496f59abc09c6907ddfcb31541a7804424abdf1f00f1,m0+m1+m2+m3+m4 [expected_no_op],,
36,f0036,clean-static,m1,mask\f0036_m1.png,True,True,,e920e0250fc959d0517fb9cc2d9be5d513374310f7baeeb0714ba9362737d247,4b50a8ef2392c2940e588745e0c9112c394ff393d9043717127bbb67851c4607,640,480,124785,False,dd54d7b6413d414e2309496f59abc09c6907ddfcb31541a7804424abdf1f00f1,m0+m1+m2+m3+m4 [expected_no_op],,
36,f0036,clean-static,m2,mask\f0036_m2.png,True,True,,a1efcc4683bfadb9b2b4cfd25c58c02895bc104000c7b7b107679ee2ae2ddd36,4b50a8ef2392c2940e588745e0c9112c394ff393d9043717127bbb67851c4607,640,480,124785,False,dd54d7b6413d414e2309496f59abc09c6907ddfcb31541a7804424abdf1f00f1,m0+m1+m2+m3+m4 [expected_no_op],,
36,f0036,clean-static,m3,mask\f0036_m3.png,True,True,,6ec748bb9d454dba37bd9731050bfe3548a47a35468f5885d47e9b60a2b07cf4,4b50a8ef2392c2940e588745e0c9112c394ff393d9043717127bbb67851c4607,640,480,124785,False,dd54d7b6413d414e2309496f59abc09c6907ddfcb31541a7804424abdf1f00f1,m0+m1+m2+m3+m4 [expected_no_op],,
36,f0036,clean-static,m4,mask\f0036_m4.png,True,True,,7d2c0d003d1d772a33b4827e67379b014a0ef8a5c68fca557ee2e81965121cab,4b50a8ef2392c2940e588745e0c9112c394ff393d9043717127bbb67851c4607,640,480,124785,False,dd54d7b6413d414e2309496f59abc09c6907ddfcb31541a7804424abdf1f00f1,m0+m1+m2+m3+m4 [expected_no_op],,
37,f0037,controlled-occlusion,m0,mask\f0037_m0.png,True,True,,10272ce38a207b35ec2857d71b6e7ef3ca4680863529bc3af90c8bcb923bc36f,d313d4b2e9342e125454ce58ad0aa5b6e95d3e572442c80ca5281187abc038ea,960,540,85464,False,98631b2509a052a7a8827162cb13c4a3db9fc1d45a5123c78895d9201dd49a75,,,
37,f0037,controlled-occlusion,m1,mask\f0037_m1.png,True,True,,22fb92721504bdac6fbb5a2d3efb4eea0ae4a95741786af7a653f651b050446c,6a2a983f1a4f506b3e20e66af6f4ab665fc0591ad654e82046f0adfdbfc18670,960,540,85463,False,98631b2509a052a7a8827162cb13c4a3db9fc1d45a5123c78895d9201dd49a75,m1+m2+m3 [expected_no_op],,
37,f0037,controlled-occlusion,m2,mask\f0037_m2.png,True,True,,ba07d505252c50768e1b0747e23e8121e5585eaa65048b46dc0effdda59c0b49,6a2a983f1a4f506b3e20e66af6f4ab665fc0591ad654e82046f0adfdbfc18670,960,540,85463,False,98631b2509a052a7a8827162cb13c4a3db9fc1d45a5123c78895d9201dd49a75,m1+m2+m3 [expected_no_op],,
37,f0037,controlled-occlusion,m3,mask\f0037_m3.png,True,True,,c6156665ade06425234153e7d907aefc6628e684f75096af53f00211173cf430,6a2a983f1a4f506b3e20e66af6f4ab665fc0591ad654e82046f0adfdbfc18670,960,540,85463,False,98631b2509a052a7a8827162cb13c4a3db9fc1d45a5123c78895d9201dd49a75,m1+m2+m3 [expected_no_op],,
37,f0037,controlled-occlusion,m4,mask\f0037_m4.png,True,True,,42210e7c13e02b0536eafdb5b56620eeb898b1434ef617348d59b72975c1681b,696e5fd275e2a55dbfa4bb420a5a67768386d5014329e9c6d2f3d587e8fd5c7a,960,540,54295,False,98631b2509a052a7a8827162cb13c4a3db9fc1d45a5123c78895d9201dd49a75,,,
38,f0038,controlled-occlusion,m0,mask\f0038_m0.png,True,True,,a3613bda41231c30be4190b97809993d26da3ef3f17393e92c9ab84c8c44c482,38df191ad960480eafa93dfb4042255c9099ea6c1dc5b5076d554bfa76bf1f73,640,480,21976,False,0880a398ae2db6925aa1e6ed625b943c918e04cc89b1ebeb86ec040c3157d24f,m0+m1+m2+m3 [expected_no_op],,
38,f0038,controlled-occlusion,m1,mask\f0038_m1.png,True,True,,7789ddba330a80cdb35b2a6eb27123e62f3c9a11316a1502b00c01b070574293,38df191ad960480eafa93dfb4042255c9099ea6c1dc5b5076d554bfa76bf1f73,640,480,21976,False,0880a398ae2db6925aa1e6ed625b943c918e04cc89b1ebeb86ec040c3157d24f,m0+m1+m2+m3 [expected_no_op],,
38,f0038,controlled-occlusion,m2,mask\f0038_m2.png,True,True,,f4566fc480224adf7dbe7e01a5e5d979ed85f4d0fb0e0f9198dfadda18253558,38df191ad960480eafa93dfb4042255c9099ea6c1dc5b5076d554bfa76bf1f73,640,480,21976,False,0880a398ae2db6925aa1e6ed625b943c918e04cc89b1ebeb86ec040c3157d24f,m0+m1+m2+m3 [expected_no_op],,
38,f0038,controlled-occlusion,m3,mask\f0038_m3.png,True,True,,ce048a9312ad3a0a8f1383064b04b23afb9812d677e8154162b08e5e63120b38,38df191ad960480eafa93dfb4042255c9099ea6c1dc5b5076d554bfa76bf1f73,640,480,21976,False,0880a398ae2db6925aa1e6ed625b943c918e04cc89b1ebeb86ec040c3157d24f,m0+m1+m2+m3 [expected_no_op],,
38,f0038,controlled-occlusion,m4,mask\f0038_m4.png,True,True,,b18d385266ea80b5f1a3a1fa47c2d4ef63a5d5bbc53cd9d45ea26887f2069ce6,62076153bb1562f26c845923d2a1bf35849d8f54697291e70e334f0d819d1d6c,640,480,18344,False,0880a398ae2db6925aa1e6ed625b943c918e04cc89b1ebeb86ec040c3157d24f,,,
39,f0039,clean-static,m0,mask\f0039_m0.png,True,True,,e8a392673acb1c1ab50ee630dad7d02d105f86aad12ad9baa03c20e2d3602ce1,7fed1d878a29029246e07984cfd1117a6a4d1db5fb8fb26a3fbe1cc04f44111f,640,480,7742,False,6d8b67a76a43427d40623097927c00a7001eabeefefc4c52af8b493faef0fd53,m0+m1+m2+m3+m4 [expected_no_op],,
39,f0039,clean-static,m1,mask\f0039_m1.png,True,True,,70abdfb9a0fc8874114ad760a3238225818808a28c4094b1ba09f0f0840ba45a,7fed1d878a29029246e07984cfd1117a6a4d1db5fb8fb26a3fbe1cc04f44111f,640,480,7742,False,6d8b67a76a43427d40623097927c00a7001eabeefefc4c52af8b493faef0fd53,m0+m1+m2+m3+m4 [expected_no_op],,
39,f0039,clean-static,m2,mask\f0039_m2.png,True,True,,23d2325a2638627ab64fd44159d04b94fb8c435f78ccdc1d4b9c1cf4ab398cad,7fed1d878a29029246e07984cfd1117a6a4d1db5fb8fb26a3fbe1cc04f44111f,640,480,7742,False,6d8b67a76a43427d40623097927c00a7001eabeefefc4c52af8b493faef0fd53,m0+m1+m2+m3+m4 [expected_no_op],,
39,f0039,clean-static,m3,mask\f0039_m3.png,True,True,,9dc1c7b7dff2b4b99fa684bbb8c7831f2b589f987230f2b5bbf467440037fef4,7fed1d878a29029246e07984cfd1117a6a4d1db5fb8fb26a3fbe1cc04f44111f,640,480,7742,False,6d8b67a76a43427d40623097927c00a7001eabeefefc4c52af8b493faef0fd53,m0+m1+m2+m3+m4 [expected_no_op],,
39,f0039,clean-static,m4,mask\f0039_m4.png,True,True,,14e65b9a7f9ef5b999014cfc1ad6691e81ad710e7de1dfba96db8b1df102a2e4,7fed1d878a29029246e07984cfd1117a6a4d1db5fb8fb26a3fbe1cc04f44111f,640,480,7742,False,6d8b67a76a43427d40623097927c00a7001eabeefefc4c52af8b493faef0fd53,m0+m1+m2+m3+m4 [expected_no_op],,
40,f0040,controlled-occlusion,m0,mask\f0040_m0.png,False,False,missing,,,,,,,,,,
40,f0040,controlled-occlusion,m1,mask\f0040_m1.png,False,False,missing,,,,,,,,,,
40,f0040,controlled-occlusion,m2,mask\f0040_m2.png,False,False,missing,,,,,,,,,,
40,f0040,controlled-occlusion,m3,mask\f0040_m3.png,False,False,missing,,,,,,,,,,
40,f0040,controlled-occlusion,m4,mask\f0040_m4.png,False,False,missing,,,,,,,,,,
41,f0041,clean-static,m0,mask\f0041_m0.png,True,True,,8c3f08e2bf252e89c546c63eeed3a0f37465725c323e4fceea9f57eefb96c3c6,f8b0fdaa40269dcf2f515bb97f40093097b68cd0e70af15af56209ba96378169,560,560,10,False,8a33c343ecc58ca3c26bc79de396c13cea957714a4f186e805cb967d5cc4c88c,m0+m1+m2+m3+m4 [expected_no_op],,
41,f0041,clean-static,m1,mask\f0041_m1.png,True,True,,ca72e84447e7f36cb9fda18636356736e9e5e53273384d70748d10c94f935ef1,f8b0fdaa40269dcf2f515bb97f40093097b68cd0e70af15af56209ba96378169,560,560,10,False,8a33c343ecc58ca3c26bc79de396c13cea957714a4f186e805cb967d5cc4c88c,m0+m1+m2+m3+m4 [expected_no_op],,
41,f0041,clean-static,m2,mask\f0041_m2.png,True,True,,e0a760cc50ed135bd45b849da24da80eed844314a40143eebc3ca5f38c032a3a,f8b0fdaa40269dcf2f515bb97f40093097b68cd0e70af15af56209ba96378169,560,560,10,False,8a33c343ecc58ca3c26bc79de396c13cea957714a4f186e805cb967d5cc4c88c,m0+m1+m2+m3+m4 [expected_no_op],,
41,f0041,clean-static,m3,mask\f0041_m3.png,True,True,,ab14b505478bb4f31274e483b7b0a74839b30b8a69fe01bb92efb2b81311fb6f,f8b0fdaa40269dcf2f515bb97f40093097b68cd0e70af15af56209ba96378169,560,560,10,False,8a33c343ecc58ca3c26bc79de396c13cea957714a4f186e805cb967d5cc4c88c,m0+m1+m2+m3+m4 [expected_no_op],,
41,f0041,clean-static,m4,mask\f0041_m4.png,True,True,,4476c95abe563c3374a9683b1b09bc4c1ba08b83e2e548b20438adf035752012,f8b0fdaa40269dcf2f515bb97f40093097b68cd0e70af15af56209ba96378169,560,560,10,False,8a33c343ecc58ca3c26bc79de396c13cea957714a4f186e805cb967d5cc4c88c,m0+m1+m2+m3+m4 [expected_no_op],,
42,f0042,clean-static,m0,mask\f0042_m0.png,True,True,,501de511a9019cd3efaaee37c1857df165bfb5f4e10b9d1d593d07622426d12e,0a7e2a8c8ec2e5827c173296827a446fec76f0273813d660156f5d1737fda175,960,540,28517,False,ab93bfda6e744b047029afaf30cc25fffac058b2b373d38c34027be46f1aff4b,m0+m1+m2+m3+m4 [expected_no_op],,
42,f0042,clean-static,m1,mask\f0042_m1.png,True,True,,b2258ad7fb36756b24bb86ab7245181e48cfaefef581681f27d3e10c03b04710,0a7e2a8c8ec2e5827c173296827a446fec76f0273813d660156f5d1737fda175,960,540,28517,False,ab93bfda6e744b047029afaf30cc25fffac058b2b373d38c34027be46f1aff4b,m0+m1+m2+m3+m4 [expected_no_op],,
42,f0042,clean-static,m2,mask\f0042_m2.png,True,True,,faaa8f020e9c9803ea1c57a24682ad486fdf8b853acc33c359abc678c44f4993,0a7e2a8c8ec2e5827c173296827a446fec76f0273813d660156f5d1737fda175,960,540,28517,False,ab93bfda6e744b047029afaf30cc25fffac058b2b373d38c34027be46f1aff4b,m0+m1+m2+m3+m4 [expected_no_op],,
42,f0042,clean-static,m3,mask\f0042_m3.png,True,True,,10e902d67728efa696287f7a7daf6ee06bf7d23e517b02f6173a0be13f8ecb8f,0a7e2a8c8ec2e5827c173296827a446fec76f0273813d660156f5d1737fda175,960,540,28517,False,ab93bfda6e744b047029afaf30cc25fffac058b2b373d38c34027be46f1aff4b,m0+m1+m2+m3+m4 [expected_no_op],,
42,f0042,clean-static,m4,mask\f0042_m4.png,True,True,,dd17a43113ea4fa3cc84db5d94dc2f569aabf4b54822db5db64fcd388f20350e,0a7e2a8c8ec2e5827c173296827a446fec76f0273813d660156f5d1737fda175,960,540,28517,False,ab93bfda6e744b047029afaf30cc25fffac058b2b373d38c34027be46f1aff4b,m0+m1+m2+m3+m4 [expected_no_op],,
43,f0043,clean-static,m0,mask\f0043_m0.png,True,True,,72552eb6526bc416881de7f6ad2fb07407bd378ddfb884d9581bc4dde4501c2b,55180ebf938ff67fc95f9775e97f69a353ecb63c401160389ec489282b6e8a5b,640,480,11826,False,516e52cd5c8d8bec1dc78955ff8442256e4452ea3c1bbd51a51ad7dd5ebdaa32,m0+m1+m2+m3+m4 [expected_no_op],,
43,f0043,clean-static,m1,mask\f0043_m1.png,True,True,,c28a53175f94dc48cf28b702c7b28a1dfd3ab1ae6fb4bc5f441e61b03f9178d2,55180ebf938ff67fc95f9775e97f69a353ecb63c401160389ec489282b6e8a5b,640,480,11826,False,516e52cd5c8d8bec1dc78955ff8442256e4452ea3c1bbd51a51ad7dd5ebdaa32,m0+m1+m2+m3+m4 [expected_no_op],,
43,f0043,clean-static,m2,mask\f0043_m2.png,True,True,,21ec51aec761825fdc6ac59a15f026fb96b4f6dd04b2b0fabef3a359782029dc,55180ebf938ff67fc95f9775e97f69a353ecb63c401160389ec489282b6e8a5b,640,480,11826,False,516e52cd5c8d8bec1dc78955ff8442256e4452ea3c1bbd51a51ad7dd5ebdaa32,m0+m1+m2+m3+m4 [expected_no_op],,
43,f0043,clean-static,m3,mask\f0043_m3.png,True,True,,2e72c64d0d9c29066c2164eb44ddb65b93fd5eb238e9b2b9d00f975a96700852,55180ebf938ff67fc95f9775e97f69a353ecb63c401160389ec489282b6e8a5b,640,480,11826,False,516e52cd5c8d8bec1dc78955ff8442256e4452ea3c1bbd51a51ad7dd5ebdaa32,m0+m1+m2+m3+m4 [expected_no_op],,
43,f0043,clean-static,m4,mask\f0043_m4.png,True,True,,b7265d083865fe324f7ea2d8f5b24fab2abafea28f5da99123cf92c76b7c4182,55180ebf938ff67fc95f9775e97f69a353ecb63c401160389ec489282b6e8a5b,640,480,11826,False,516e52cd5c8d8bec1dc78955ff8442256e4452ea3c1bbd51a51ad7dd5ebdaa32,m0+m1+m2+m3+m4 [expected_no_op],,
44,f0044,clean-static,m0,mask\f0044_m0.png,True,True,,a9bef1f3eaf0e3dbddefe69d789628d7ea620afc00c46b9806ed2a9a5f0684cf,fc84289c842de97b983d70fe7de5f51f053ce6dcea1fbd65f6b39d0609dae894,720,480,57436,False,e76f1f929068d42d14335c48767a6e33278d469b556c60720d14a093b4f18936,m0+m1+m2+m3+m4 [expected_no_op],,
44,f0044,clean-static,m1,mask\f0044_m1.png,True,True,,4c05538b54b48281cde6baf741dfa2eec00633001c09530dd1ada9ac533b8e51,fc84289c842de97b983d70fe7de5f51f053ce6dcea1fbd65f6b39d0609dae894,720,480,57436,False,e76f1f929068d42d14335c48767a6e33278d469b556c60720d14a093b4f18936,m0+m1+m2+m3+m4 [expected_no_op],,
44,f0044,clean-static,m2,mask\f0044_m2.png,True,True,,d25fc27362e3efeec1a998b35b1d1fbdb1a36a8b5bba48ac461eed895718fe3d,fc84289c842de97b983d70fe7de5f51f053ce6dcea1fbd65f6b39d0609dae894,720,480,57436,False,e76f1f929068d42d14335c48767a6e33278d469b556c60720d14a093b4f18936,m0+m1+m2+m3+m4 [expected_no_op],,
44,f0044,clean-static,m3,mask\f0044_m3.png,True,True,,818eeed3eefea44462cefd6bd2a6abb8c6ecebc86fe6f6f2e9c956408b483221,fc84289c842de97b983d70fe7de5f51f053ce6dcea1fbd65f6b39d0609dae894,720,480,57436,False,e76f1f929068d42d14335c48767a6e33278d469b556c60720d14a093b4f18936,m0+m1+m2+m3+m4 [expected_no_op],,
44,f0044,clean-static,m4,mask\f0044_m4.png,True,True,,818eeed3eefea44462cefd6bd2a6abb8c6ecebc86fe6f6f2e9c956408b483221,fc84289c842de97b983d70fe7de5f51f053ce6dcea1fbd65f6b39d0609dae894,720,480,57436,False,e76f1f929068d42d14335c48767a6e33278d469b556c60720d14a093b4f18936,m0+m1+m2+m3+m4 [expected_no_op],,
45,f0045,clean-static,m0,mask\f0045_m0.png,True,True,,5b0dae31885f12931b662b7dd338c48b6ded4735ac8f50d67c0c5f31ad85cc9c,b7fcd322a2e4135466b864924d74f338892f9428bea04c40fb2e887e8c34bc8e,960,540,306577,False,a1e9c232e58b558d9d881d0a6fe1564dd0c626a3d7da66cd851029f4fd2932e1,m0+m1+m2+m3+m4 [expected_no_op],,
45,f0045,clean-static,m1,mask\f0045_m1.png,True,True,,7d118e6072e76259f21e4f14645de2f717add337c8187f53839ac0a74b1b8255,b7fcd322a2e4135466b864924d74f338892f9428bea04c40fb2e887e8c34bc8e,960,540,306577,False,a1e9c232e58b558d9d881d0a6fe1564dd0c626a3d7da66cd851029f4fd2932e1,m0+m1+m2+m3+m4 [expected_no_op],,
45,f0045,clean-static,m2,mask\f0045_m2.png,True,True,,60ceaf3e60e58a4603bbfe4bd2cbcfaf74f68281858fc5a115659f6e337a792c,b7fcd322a2e4135466b864924d74f338892f9428bea04c40fb2e887e8c34bc8e,960,540,306577,False,a1e9c232e58b558d9d881d0a6fe1564dd0c626a3d7da66cd851029f4fd2932e1,m0+m1+m2+m3+m4 [expected_no_op],,
45,f0045,clean-static,m3,mask\f0045_m3.png,True,True,,7bd6845b779b9a9ea6e86af5ca19aa006c8131894970645961f935f1f68a23fe,b7fcd322a2e4135466b864924d74f338892f9428bea04c40fb2e887e8c34bc8e,960,540,306577,False,a1e9c232e58b558d9d881d0a6fe1564dd0c626a3d7da66cd851029f4fd2932e1,m0+m1+m2+m3+m4 [expected_no_op],,
45,f0045,clean-static,m4,mask\f0045_m4.png,True,True,,4d3dce577f3b805a8ce650bbc1d871a7e63cf735255d573fb83ccfdecfc69d24,b7fcd322a2e4135466b864924d74f338892f9428bea04c40fb2e887e8c34bc8e,960,540,306577,False,a1e9c232e58b558d9d881d0a6fe1564dd0c626a3d7da66cd851029f4fd2932e1,m0+m1+m2+m3+m4 [expected_no_op],,
46,f0046,controlled-occlusion,m0,mask\f0046_m0.png,True,True,,ead61d94b45b57a87c4dfcec11fa74e152161c57f30bb679ac05cebbd515bbd7,288f83579e0ea3aff9d53f9cd8491091c613d8cc692772c74425ddd2aef6257d,640,480,97023,False,fc2ca52f39a73c64637fb84e7ae19f5866e561ba6f5312c240aa287599d95d4d,m0+m1 [expected_no_op],,
46,f0046,controlled-occlusion,m1,mask\f0046_m1.png,True,True,,02dc8610b2cca92366f813923397440968bf735d1e6e5a0539e8d59e3096d694,288f83579e0ea3aff9d53f9cd8491091c613d8cc692772c74425ddd2aef6257d,640,480,97023,False,fc2ca52f39a73c64637fb84e7ae19f5866e561ba6f5312c240aa287599d95d4d,m0+m1 [expected_no_op],,
46,f0046,controlled-occlusion,m2,mask\f0046_m2.png,True,True,,e4900942563b519845dfac2e2cb3b079ba6048e48959f91af3e075612ffc311c,a3b735c8eebbca0fbef22c7a65d32344572d74b5b99cbdf751eabb3f4e2b0a8b,640,480,81328,False,fc2ca52f39a73c64637fb84e7ae19f5866e561ba6f5312c240aa287599d95d4d,m2+m3 [expected_no_op],,
46,f0046,controlled-occlusion,m3,mask\f0046_m3.png,True,True,,0bc043b2f0a468900a3e27685d9e81e4d66f91a93988d27c6e0518a9d212f153,a3b735c8eebbca0fbef22c7a65d32344572d74b5b99cbdf751eabb3f4e2b0a8b,640,480,81328,False,fc2ca52f39a73c64637fb84e7ae19f5866e561ba6f5312c240aa287599d95d4d,m2+m3 [expected_no_op],,
46,f0046,controlled-occlusion,m4,mask\f0046_m4.png,True,True,,dd03bd95fdaf9d508fc8c862fe5da9397a886a1178cd788b8c28949080b46a08,feab3eba3e79d030e62ac5ce0c655c9a5472f9cc88d6160ac8c519a3ad1339a2,640,480,60848,False,fc2ca52f39a73c64637fb84e7ae19f5866e561ba6f5312c240aa287599d95d4d,,,
47,f0047,clean-static,m0,mask\f0047_m0.png,True,True,,3953b6814fc1ccd1bc61a6cf18fe91301adf47b911758a97f63f4637d75ddfe3,77472d416670ded6c93587bc5faf0d6b367c4f8e0d3a0a77a74d5e88b045f181,640,480,45258,False,8210a8c975fa83b315e745a45a30c45ffd20c3ea2961b43e21a703e1e65e08b3,m0+m1+m2+m3+m4 [expected_no_op],,
47,f0047,clean-static,m1,mask\f0047_m1.png,True,True,,dc3a9fd8cde0f15989d54afb64d7c789b1dc3682961bf4e74fccc996810340ea,77472d416670ded6c93587bc5faf0d6b367c4f8e0d3a0a77a74d5e88b045f181,640,480,45258,False,8210a8c975fa83b315e745a45a30c45ffd20c3ea2961b43e21a703e1e65e08b3,m0+m1+m2+m3+m4 [expected_no_op],,
47,f0047,clean-static,m2,mask\f0047_m2.png,True,True,,db6ad388a70b4e9d419dd4d3a7961b65a8515ea5cf57b7de797677736017a64b,77472d416670ded6c93587bc5faf0d6b367c4f8e0d3a0a77a74d5e88b045f181,640,480,45258,False,8210a8c975fa83b315e745a45a30c45ffd20c3ea2961b43e21a703e1e65e08b3,m0+m1+m2+m3+m4 [expected_no_op],,
47,f0047,clean-static,m3,mask\f0047_m3.png,True,True,,cf8786e7ca9af6490b4e1e750c8576b22437ca27ccd48854e07540e2795d653f,77472d416670ded6c93587bc5faf0d6b367c4f8e0d3a0a77a74d5e88b045f181,640,480,45258,False,8210a8c975fa83b315e745a45a30c45ffd20c3ea2961b43e21a703e1e65e08b3,m0+m1+m2+m3+m4 [expected_no_op],,
47,f0047,clean-static,m4,mask\f0047_m4.png,True,True,,774c62b09ea7aca012665007b102903d71361d4aef91741e213c0f5bc02fec3e,77472d416670ded6c93587bc5faf0d6b367c4f8e0d3a0a77a74d5e88b045f181,640,480,45258,False,8210a8c975fa83b315e745a45a30c45ffd20c3ea2961b43e21a703e1e65e08b3,m0+m1+m2+m3+m4 [expected_no_op],,
48,f0048,clean-static,m0,mask\f0048_m0.png,True,True,,153c56b4bed52862ee84445b6e735dc55e4575a8aaa0551a607d5dee48f77dd6,41675cfe55ddb92559fef6763aed3e9d0b9780cede460736776a533a2155e55c,640,480,0,True,c8cf3953761aba937d684bd73c0b50f6643610e35b40ea3d7239a5b0b79b157e,m0+m1+m2+m3+m4 [unverified_no_op],4,empty_target_defect
48,f0048,clean-static,m1,mask\f0048_m1.png,True,True,,851994469c58bbf72536e6293ffab338d4143baca51fba35eb877ec770227b07,41675cfe55ddb92559fef6763aed3e9d0b9780cede460736776a533a2155e55c,640,480,0,True,c8cf3953761aba937d684bd73c0b50f6643610e35b40ea3d7239a5b0b79b157e,m0+m1+m2+m3+m4 [unverified_no_op],4,all_black_stage_duplicate
48,f0048,clean-static,m2,mask\f0048_m2.png,True,True,,25942ea72ce4b69042703b8633d51a599fd96839559a8dc0647a9c225ec601c3,41675cfe55ddb92559fef6763aed3e9d0b9780cede460736776a533a2155e55c,640,480,0,True,c8cf3953761aba937d684bd73c0b50f6643610e35b40ea3d7239a5b0b79b157e,m0+m1+m2+m3+m4 [unverified_no_op],4,all_black_stage_duplicate
48,f0048,clean-static,m3,mask\f0048_m3.png,True,True,,67c3664365f79cbbb3b230a72e73aced8f1534795f15b9cd9ebc3af25279062b,41675cfe55ddb92559fef6763aed3e9d0b9780cede460736776a533a2155e55c,640,480,0,True,c8cf3953761aba937d684bd73c0b50f6643610e35b40ea3d7239a5b0b79b157e,m0+m1+m2+m3+m4 [unverified_no_op],4,all_black_stage_duplicate
48,f0048,clean-static,m4,mask\f0048_m4.png,True,True,,d95b61be514700a4236eac648a43ff4cd575a9574a9f62b3403932326a49c34c,41675cfe55ddb92559fef6763aed3e9d0b9780cede460736776a533a2155e55c,640,480,0,True,c8cf3953761aba937d684bd73c0b50f6643610e35b40ea3d7239a5b0b79b157e,m0+m1+m2+m3+m4 [unverified_no_op],4,all_black_stage_duplicate
49,f0049,controlled-occlusion,m0,mask\f0049_m0.png,False,False,missing,,,,,,,,,,
49,f0049,controlled-occlusion,m1,mask\f0049_m1.png,False,False,missing,,,,,,,,,,
49,f0049,controlled-occlusion,m2,mask\f0049_m2.png,False,False,missing,,,,,,,,,,
49,f0049,controlled-occlusion,m3,mask\f0049_m3.png,False,False,missing,,,,,,,,,,
49,f0049,controlled-occlusion,m4,mask\f0049_m4.png,False,False,missing,,,,,,,,,,
50,f0050,clean-static,m0,mask\f0050_m0.png,True,True,,23fd79b11756ee96fa3e9e8e03e5da48d59925e37918413e0bd5fe583119f238,f7d2e1149850d35fc0705d7522263701e43b4e792b64a59d297bb0a2c283d56b,640,480,47439,False,06315a0ad04a83a802fe43c5c2fc51ae4f6aa6db0711d378ba40219905bc843c,m0+m1+m2+m3+m4 [expected_no_op],,
50,f0050,clean-static,m1,mask\f0050_m1.png,True,True,,23dcdbf0a6ae7841520ac5ffc4006b1ca28ddd8e8f4948c88fbdbe8ca0d5c79a,f7d2e1149850d35fc0705d7522263701e43b4e792b64a59d297bb0a2c283d56b,640,480,47439,False,06315a0ad04a83a802fe43c5c2fc51ae4f6aa6db0711d378ba40219905bc843c,m0+m1+m2+m3+m4 [expected_no_op],,
50,f0050,clean-static,m2,mask\f0050_m2.png,True,True,,c24ce25e1d0473f4ead85864c11ed11854a63db2fc5fedfa9e1bd6d1db0f83eb,f7d2e1149850d35fc0705d7522263701e43b4e792b64a59d297bb0a2c283d56b,640,480,47439,False,06315a0ad04a83a802fe43c5c2fc51ae4f6aa6db0711d378ba40219905bc843c,m0+m1+m2+m3+m4 [expected_no_op],,
50,f0050,clean-static,m3,mask\f0050_m3.png,True,True,,ac7d703ad52db7315b1f6f5b8b09d7555f7f2b17c8cce5e17978d1e86adf1368,f7d2e1149850d35fc0705d7522263701e43b4e792b64a59d297bb0a2c283d56b,640,480,47439,False,06315a0ad04a83a802fe43c5c2fc51ae4f6aa6db0711d378ba40219905bc843c,m0+m1+m2+m3+m4 [expected_no_op],,
50,f0050,clean-static,m4,mask\f0050_m4.png,True,True,,14b260403cf32530f167a686d1ea1e2557216e081bbe4ec4aa440638d0eedbbd,f7d2e1149850d35fc0705d7522263701e43b4e792b64a59d297bb0a2c283d56b,640,480,47439,False,06315a0ad04a83a802fe43c5c2fc51ae4f6aa6db0711d378ba40219905bc843c,m0+m1+m2+m3+m4 [expected_no_op],,
51,f0051,clean-static,m0,mask\f0051_m0.png,True,True,,baab0d26d021e741ddb66b336e8f4c94ffb79e576064770df9361f31a268faa3,a6c5e850bddd2abc3b58af1d6d4d08b53f643f602e41f4c825b37763016352cd,720,480,5054,False,23ca8bede40dd9eec3b51574d25caf24a2f9799eb50b33558dfa17a73180243c,m0+m1+m2+m3+m4 [expected_no_op],,
51,f0051,clean-static,m1,mask\f0051_m1.png,True,True,,0a54b207a4f9011ce93bdc724d290e9ff7e2572308317b4aae1acf8641819c5c,a6c5e850bddd2abc3b58af1d6d4d08b53f643f602e41f4c825b37763016352cd,720,480,5054,False,23ca8bede40dd9eec3b51574d25caf24a2f9799eb50b33558dfa17a73180243c,m0+m1+m2+m3+m4 [expected_no_op],,
51,f0051,clean-static,m2,mask\f0051_m2.png,True,True,,f22d31821a93d04b5fec03f7f797c37bdd5be1872eaf9a36838c084aa985047c,a6c5e850bddd2abc3b58af1d6d4d08b53f643f602e41f4c825b37763016352cd,720,480,5054,False,23ca8bede40dd9eec3b51574d25caf24a2f9799eb50b33558dfa17a73180243c,m0+m1+m2+m3+m4 [expected_no_op],,
51,f0051,clean-static,m3,mask\f0051_m3.png,True,True,,f22d31821a93d04b5fec03f7f797c37bdd5be1872eaf9a36838c084aa985047c,a6c5e850bddd2abc3b58af1d6d4d08b53f643f602e41f4c825b37763016352cd,720,480,5054,False,23ca8bede40dd9eec3b51574d25caf24a2f9799eb50b33558dfa17a73180243c,m0+m1+m2+m3+m4 [expected_no_op],,
51,f0051,clean-static,m4,mask\f0051_m4.png,True,True,,e63d45140b27700ddccc444b4fceee9d8242ee2e9ae83ca0c0253408765e6dde,a6c5e850bddd2abc3b58af1d6d4d08b53f643f602e41f4c825b37763016352cd,720,480,5054,False,23ca8bede40dd9eec3b51574d25caf24a2f9799eb50b33558dfa17a73180243c,m0+m1+m2+m3+m4 [expected_no_op],,
52,f0052,controlled-occlusion,m0,mask\f0052_m0.png,False,False,missing,,,,,,,,,,
52,f0052,controlled-occlusion,m1,mask\f0052_m1.png,False,False,missing,,,,,,,,,,
52,f0052,controlled-occlusion,m2,mask\f0052_m2.png,False,False,missing,,,,,,,,,,
52,f0052,controlled-occlusion,m3,mask\f0052_m3.png,False,False,missing,,,,,,,,,,
52,f0052,controlled-occlusion,m4,mask\f0052_m4.png,False,False,missing,,,,,,,,,,
53,f0053,clean-static,m0,mask\f0053_m0.png,True,True,,391e705eea084c6b72c4b56d1cc9fb437a25963f0f874284cabf80671129cbea,7afbaebb3827e0bd4a0489e722c60bb44a26b30e3081631ce03df082a16c3d57,560,560,38911,False,bb3ef2086ac4a09c7cb7f08fac1a135a088cefd0b85b4c30926f7f1917365093,m0+m1+m2+m3+m4 [expected_no_op],,
53,f0053,clean-static,m1,mask\f0053_m1.png,True,True,,32e4fc8f72bcb536b688f50f3dac3e3d2472e7c8d2ef346a325dfcd931859958,7afbaebb3827e0bd4a0489e722c60bb44a26b30e3081631ce03df082a16c3d57,560,560,38911,False,bb3ef2086ac4a09c7cb7f08fac1a135a088cefd0b85b4c30926f7f1917365093,m0+m1+m2+m3+m4 [expected_no_op],,
53,f0053,clean-static,m2,mask\f0053_m2.png,True,True,,f29b27aa503a9d720eb87a3584c2621fb2cb6bf589b92967674d564efa636595,7afbaebb3827e0bd4a0489e722c60bb44a26b30e3081631ce03df082a16c3d57,560,560,38911,False,bb3ef2086ac4a09c7cb7f08fac1a135a088cefd0b85b4c30926f7f1917365093,m0+m1+m2+m3+m4 [expected_no_op],,
53,f0053,clean-static,m3,mask\f0053_m3.png,True,True,,00290a97857146b1bc517a70a63c50fa2303e16275dff205159a5e8727651331,7afbaebb3827e0bd4a0489e722c60bb44a26b30e3081631ce03df082a16c3d57,560,560,38911,False,bb3ef2086ac4a09c7cb7f08fac1a135a088cefd0b85b4c30926f7f1917365093,m0+m1+m2+m3+m4 [expected_no_op],,
53,f0053,clean-static,m4,mask\f0053_m4.png,True,True,,0aafc475e12fdcd64ef8a0c51a7935fa0c32660a66ec5f740edd3773df74a7c2,7afbaebb3827e0bd4a0489e722c60bb44a26b30e3081631ce03df082a16c3d57,560,560,38911,False,bb3ef2086ac4a09c7cb7f08fac1a135a088cefd0b85b4c30926f7f1917365093,m0+m1+m2+m3+m4 [expected_no_op],,
54,f0054,clean-static,m0,mask\f0054_m0.png,True,True,,543ea249109f19e2ad059926d2c49d3483a42619c1778233dc53b2a331e242a2,ed4d0b8e02962298990a758621cec8cced9bbd0681a78f8c2c240ff1c5870958,960,540,212,False,0fc96afef7eb92866487c69d882de4b91af74e6ea590a11f8e8f8f89b40ae305,m0+m1+m2+m3+m4 [expected_no_op],,
54,f0054,clean-static,m1,mask\f0054_m1.png,True,True,,05ff83c9ff19753d518e59dac0ff33c847203543cbb4d0df5159796d7337cc27,ed4d0b8e02962298990a758621cec8cced9bbd0681a78f8c2c240ff1c5870958,960,540,212,False,0fc96afef7eb92866487c69d882de4b91af74e6ea590a11f8e8f8f89b40ae305,m0+m1+m2+m3+m4 [expected_no_op],,
54,f0054,clean-static,m2,mask\f0054_m2.png,True,True,,247e10c407ed09695ada05ea3689d4d759f710da43fe181b130e4afb626c8322,ed4d0b8e02962298990a758621cec8cced9bbd0681a78f8c2c240ff1c5870958,960,540,212,False,0fc96afef7eb92866487c69d882de4b91af74e6ea590a11f8e8f8f89b40ae305,m0+m1+m2+m3+m4 [expected_no_op],,
54,f0054,clean-static,m3,mask\f0054_m3.png,True,True,,d47e1d3a094d9dfa4294d71fdfd6ebb2535aeaeb00c2336e0982f30f4955ff37,ed4d0b8e02962298990a758621cec8cced9bbd0681a78f8c2c240ff1c5870958,960,540,212,False,0fc96afef7eb92866487c69d882de4b91af74e6ea590a11f8e8f8f89b40ae305,m0+m1+m2+m3+m4 [expected_no_op],,
54,f0054,clean-static,m4,mask\f0054_m4.png,True,True,,d9f1088a3496f79adf9c4310f00c243e4fc1ce1a1c48a4a327974303b7aeb450,ed4d0b8e02962298990a758621cec8cced9bbd0681a78f8c2c240ff1c5870958,960,540,212,False,0fc96afef7eb92866487c69d882de4b91af74e6ea590a11f8e8f8f89b40ae305,m0+m1+m2+m3+m4 [expected_no_op],,
55,f0055,controlled-occlusion,m0,mask\f0055_m0.png,False,False,missing,,,,,,,,,,
55,f0055,controlled-occlusion,m1,mask\f0055_m1.png,False,False,missing,,,,,,,,,,
55,f0055,controlled-occlusion,m2,mask\f0055_m2.png,False,False,missing,,,,,,,,,,
55,f0055,controlled-occlusion,m3,mask\f0055_m3.png,False,False,missing,,,,,,,,,,
55,f0055,controlled-occlusion,m4,mask\f0055_m4.png,False,False,missing,,,,,,,,,,
56,f0056,clean-static,m0,mask\f0056_m0.png,True,True,,381545655aaa1ad0f8152fbf016ca2198ddabcc0b6a7ec292cdad79e721711e9,1e59e9ba1a52232babdd1d3fbce082ef3ac15a34d3683e263d9916a5829b0903,720,480,52398,False,b094e6924e6915ab7e577a0f8b27d145f44870ce976088a3f4d7505f97d30b93,m0+m1+m2+m3+m4 [expected_no_op],,
56,f0056,clean-static,m1,mask\f0056_m1.png,True,True,,76a3b40dc466f225718ac3a7e33f3d9ec603cf2331e2a70334a0fe788f085d5a,1e59e9ba1a52232babdd1d3fbce082ef3ac15a34d3683e263d9916a5829b0903,720,480,52398,False,b094e6924e6915ab7e577a0f8b27d145f44870ce976088a3f4d7505f97d30b93,m0+m1+m2+m3+m4 [expected_no_op],,
56,f0056,clean-static,m2,mask\f0056_m2.png,True,True,,ec3175ae7d977f5629324b012ca8858b1504078df2b92585e27355317a06592e,1e59e9ba1a52232babdd1d3fbce082ef3ac15a34d3683e263d9916a5829b0903,720,480,52398,False,b094e6924e6915ab7e577a0f8b27d145f44870ce976088a3f4d7505f97d30b93,m0+m1+m2+m3+m4 [expected_no_op],,
56,f0056,clean-static,m3,mask\f0056_m3.png,True,True,,850d809125cbf9bd8ef82df1e5ca2de7da711723c91a13d47a46da41df33c4f7,1e59e9ba1a52232babdd1d3fbce082ef3ac15a34d3683e263d9916a5829b0903,720,480,52398,False,b094e6924e6915ab7e577a0f8b27d145f44870ce976088a3f4d7505f97d30b93,m0+m1+m2+m3+m4 [expected_no_op],,
56,f0056,clean-static,m4,mask\f0056_m4.png,True,True,,60eaf74bab7f91a0e1a154d92691b072922b0ab6733a2e094f0b3a699fcc52c9,1e59e9ba1a52232babdd1d3fbce082ef3ac15a34d3683e263d9916a5829b0903,720,480,52398,False,b094e6924e6915ab7e577a0f8b27d145f44870ce976088a3f4d7505f97d30b93,m0+m1+m2+m3+m4 [expected_no_op],,
57,f0057,clean-static,m0,mask\f0057_m0.png,True,True,,9c9c176bd500797b45a2eeb76d10a5feaf7d07f87d1ec809388e47b4fe281fc5,2b5678e34d87e1b5aa924b04ae966aae858c30da6694fbbb825c4e1e5a0d8503,960,540,2886,False,bc2c505e7d5af6b86410af71c39864c09b12ea7e04881bbe12151b13aa83f537,m0+m1+m2+m3+m4 [expected_no_op],,
57,f0057,clean-static,m1,mask\f0057_m1.png,True,True,,c075089f6ec7cf88b90517a3986699709ec071e476955e26f106fb75da1d1c50,2b5678e34d87e1b5aa924b04ae966aae858c30da6694fbbb825c4e1e5a0d8503,960,540,2886,False,bc2c505e7d5af6b86410af71c39864c09b12ea7e04881bbe12151b13aa83f537,m0+m1+m2+m3+m4 [expected_no_op],,
57,f0057,clean-static,m2,mask\f0057_m2.png,True,True,,eab5addc97b7d6247895eb965017e4a42a1798d06ea5866bf1244e9e3ebfe321,2b5678e34d87e1b5aa924b04ae966aae858c30da6694fbbb825c4e1e5a0d8503,960,540,2886,False,bc2c505e7d5af6b86410af71c39864c09b12ea7e04881bbe12151b13aa83f537,m0+m1+m2+m3+m4 [expected_no_op],,
57,f0057,clean-static,m3,mask\f0057_m3.png,True,True,,15275a4c7d90806c0d49e625e73323f172c166e615480aaee30b92b69c0c24ee,2b5678e34d87e1b5aa924b04ae966aae858c30da6694fbbb825c4e1e5a0d8503,960,540,2886,False,bc2c505e7d5af6b86410af71c39864c09b12ea7e04881bbe12151b13aa83f537,m0+m1+m2+m3+m4 [expected_no_op],,
57,f0057,clean-static,m4,mask\f0057_m4.png,True,True,,f3a448da07b2b4f90963214c1a5000231534be097f17f948628770edd0ada444,2b5678e34d87e1b5aa924b04ae966aae858c30da6694fbbb825c4e1e5a0d8503,960,540,2886,False,bc2c505e7d5af6b86410af71c39864c09b12ea7e04881bbe12151b13aa83f537,m0+m1+m2+m3+m4 [expected_no_op],,
58,f0058,clean-static,m0,mask\f0058_m0.png,True,True,,c7b9fe1f1f298273b035b90dc064d74790ca0691713fc4399f237c5a96f02ada,b35bd7a673abc91704b2bbb093d33bc143ef4f1abb08fccd82a671f0c1b7b0e4,640,480,28989,False,b93adac03b210ef7a49912583bd0a3b31c70e0d769f45dc03060c3bf1c6fd9cd,m0+m1+m2+m3+m4 [expected_no_op],,
58,f0058,clean-static,m1,mask\f0058_m1.png,True,True,,3b81cd9a69a0c8995bbf2b59700a4e296c79be422a4f5369cdcd886b754bd9de,b35bd7a673abc91704b2bbb093d33bc143ef4f1abb08fccd82a671f0c1b7b0e4,640,480,28989,False,b93adac03b210ef7a49912583bd0a3b31c70e0d769f45dc03060c3bf1c6fd9cd,m0+m1+m2+m3+m4 [expected_no_op],,
58,f0058,clean-static,m2,mask\f0058_m2.png,True,True,,01a79c76de6fd1dfe3741fa692db014c1eab6b58ad64c88a69fbb3bb0d74110b,b35bd7a673abc91704b2bbb093d33bc143ef4f1abb08fccd82a671f0c1b7b0e4,640,480,28989,False,b93adac03b210ef7a49912583bd0a3b31c70e0d769f45dc03060c3bf1c6fd9cd,m0+m1+m2+m3+m4 [expected_no_op],,
58,f0058,clean-static,m3,mask\f0058_m3.png,True,True,,260f005405d662085ffa79ae2785a64f8254718decc9f499529c75d38224fc8b,b35bd7a673abc91704b2bbb093d33bc143ef4f1abb08fccd82a671f0c1b7b0e4,640,480,28989,False,b93adac03b210ef7a49912583bd0a3b31c70e0d769f45dc03060c3bf1c6fd9cd,m0+m1+m2+m3+m4 [expected_no_op],,
58,f0058,clean-static,m4,mask\f0058_m4.png,True,True,,334d4e1594451f1108a228a1f4c531a1e5b0cabbdce6a1b5163a5ecd8c280c97,b35bd7a673abc91704b2bbb093d33bc143ef4f1abb08fccd82a671f0c1b7b0e4,640,480,28989,False,b93adac03b210ef7a49912583bd0a3b31c70e0d769f45dc03060c3bf1c6fd9cd,m0+m1+m2+m3+m4 [expected_no_op],,
59,f0059,clean-static,m0,mask\f0059_m0.png,True,True,,2df20b3dfba7f184c3b92abca6e8fef47f87494fb725af87971b040372fbb42d,8106342cb7cb511aba41c1e27619ad443d7430874dbbd76350dcb09f89f0da31,640,480,118500,False,021b1350eae665e10adb6cff6341e5e8ebd6a369baa2a2342e1c03e9fefd7ae3,m0+m1+m2+m3+m4 [expected_no_op],,
59,f0059,clean-static,m1,mask\f0059_m1.png,True,True,,4902e9ec7a6715e50bd772910e30e6053be0c84699a0e6a2a30db3c27636827f,8106342cb7cb511aba41c1e27619ad443d7430874dbbd76350dcb09f89f0da31,640,480,118500,False,021b1350eae665e10adb6cff6341e5e8ebd6a369baa2a2342e1c03e9fefd7ae3,m0+m1+m2+m3+m4 [expected_no_op],,
59,f0059,clean-static,m2,mask\f0059_m2.png,True,True,,f7a55edca51e1a396f21f714358132751311680f4aaaa2dfdf59dc8663b8144a,8106342cb7cb511aba41c1e27619ad443d7430874dbbd76350dcb09f89f0da31,640,480,118500,False,021b1350eae665e10adb6cff6341e5e8ebd6a369baa2a2342e1c03e9fefd7ae3,m0+m1+m2+m3+m4 [expected_no_op],,
59,f0059,clean-static,m3,mask\f0059_m3.png,True,True,,11b27633b4de439c5d453530e0729c09bf47e754afd17e568c4586a196d665ca,8106342cb7cb511aba41c1e27619ad443d7430874dbbd76350dcb09f89f0da31,640,480,118500,False,021b1350eae665e10adb6cff6341e5e8ebd6a369baa2a2342e1c03e9fefd7ae3,m0+m1+m2+m3+m4 [expected_no_op],,
59,f0059,clean-static,m4,mask\f0059_m4.png,True,True,,7901b3225dee95f56aa22ce90f0864ab9f2a2d8855babd0aaa6872bd240693c3,8106342cb7cb511aba41c1e27619ad443d7430874dbbd76350dcb09f89f0da31,640,480,118500,False,021b1350eae665e10adb6cff6341e5e8ebd6a369baa2a2342e1c03e9fefd7ae3,m0+m1+m2+m3+m4 [expected_no_op],,
60,f0060,clean-static,m0,mask\f0060_m0.png,True,True,,5dfe1acae13935f2d2e7676b2c3b0197451d052c034ff40d9da0a39734bdbd8a,7bcdc3321212303fc857b3c6e98e2d784566b1f988f5c958ec811c4e8312354c,640,480,268,False,0df15b12090343480afa5ceb40d611fff282aa530779165965cd31f1cbd9d82e,m0+m1+m2+m3+m4 [expected_no_op],,
60,f0060,clean-static,m1,mask\f0060_m1.png,True,True,,1dbb327e67fb636b409653409ede338ad08c209cf8ac85e0286a2a00ee4f777f,7bcdc3321212303fc857b3c6e98e2d784566b1f988f5c958ec811c4e8312354c,640,480,268,False,0df15b12090343480afa5ceb40d611fff282aa530779165965cd31f1cbd9d82e,m0+m1+m2+m3+m4 [expected_no_op],,
60,f0060,clean-static,m2,mask\f0060_m2.png,True,True,,d6d5dc61b03adec452cd174f20ba0ac131644548c86fbd3f30eb217832f4674c,7bcdc3321212303fc857b3c6e98e2d784566b1f988f5c958ec811c4e8312354c,640,480,268,False,0df15b12090343480afa5ceb40d611fff282aa530779165965cd31f1cbd9d82e,m0+m1+m2+m3+m4 [expected_no_op],,
60,f0060,clean-static,m3,mask\f0060_m3.png,True,True,,ac0ab0cbf6f3e786b26c4a38b73e7412f9e7a8e7a3bf0a0d1455c8fa9e1b1524,7bcdc3321212303fc857b3c6e98e2d784566b1f988f5c958ec811c4e8312354c,640,480,268,False,0df15b12090343480afa5ceb40d611fff282aa530779165965cd31f1cbd9d82e,m0+m1+m2+m3+m4 [expected_no_op],,
60,f0060,clean-static,m4,mask\f0060_m4.png,True,True,,7fcb391f34436fb8de9b46c04ed93c2af0d1da53df20b2220be14b5cb96691a5,7bcdc3321212303fc857b3c6e98e2d784566b1f988f5c958ec811c4e8312354c,640,480,268,False,0df15b12090343480afa5ceb40d611fff282aa530779165965cd31f1cbd9d82e,m0+m1+m2+m3+m4 [expected_no_op],,
61,f0061,clean-static,m0,mask\f0061_m0.png,True,True,,8e0d23afdbde6ba7d9c7dbc3a29a74d19f245b06a055a2a507575ba34bf333b3,fbb0176ee146698adcc96a1bca861898340299d8f0771af37581559b04463ea1,560,560,51521,False,a5cc6fb4e4748cdefb0b963a8740acaa7598bed6671734ae72cb66f46e6053a5,m0+m1+m2+m3+m4 [expected_no_op],,
61,f0061,clean-static,m1,mask\f0061_m1.png,True,True,,ba9b0269c644f27abf5cde0d0891d4c0f546ef480c0ae6a743880c937e3f23cb,fbb0176ee146698adcc96a1bca861898340299d8f0771af37581559b04463ea1,560,560,51521,False,a5cc6fb4e4748cdefb0b963a8740acaa7598bed6671734ae72cb66f46e6053a5,m0+m1+m2+m3+m4 [expected_no_op],,
61,f0061,clean-static,m2,mask\f0061_m2.png,True,True,,5bcd24b952fd21396fa44824ce14d5c144894673b6da3e60d6feb4134bc8b463,fbb0176ee146698adcc96a1bca861898340299d8f0771af37581559b04463ea1,560,560,51521,False,a5cc6fb4e4748cdefb0b963a8740acaa7598bed6671734ae72cb66f46e6053a5,m0+m1+m2+m3+m4 [expected_no_op],,
61,f0061,clean-static,m3,mask\f0061_m3.png,True,True,,7373084cf83b4d51d71efac0907309809263466ac8cc30f9d823513943f1de90,fbb0176ee146698adcc96a1bca861898340299d8f0771af37581559b04463ea1,560,560,51521,False,a5cc6fb4e4748cdefb0b963a8740acaa7598bed6671734ae72cb66f46e6053a5,m0+m1+m2+m3+m4 [expected_no_op],,
61,f0061,clean-static,m4,mask\f0061_m4.png,True,True,,ac57f2ffc70e3c7ed388fe813475ed417923bd8b62210ee3d1bd0c16e69fb190,fbb0176ee146698adcc96a1bca861898340299d8f0771af37581559b04463ea1,560,560,51521,False,a5cc6fb4e4748cdefb0b963a8740acaa7598bed6671734ae72cb66f46e6053a5,m0+m1+m2+m3+m4 [expected_no_op],,
62,f0062,controlled-occlusion,m0,mask\f0062_m0.png,True,True,,fa98ebbbd22919a4deb53a5d5741fca26e4b88590476ad8469bbfa3c2d579824,2da101e5b884347839082537f8d810e9c59db477cd834090dc6ef60224e2fdf0,960,540,31092,False,db3b03605f761d451f714b5b895c3a1502a991b774afb7278a7f7ef62a491a69,m0+m1 [expected_no_op],,
62,f0062,controlled-occlusion,m1,mask\f0062_m1.png,True,True,,e417bfe15fcdc6469d47902259b4b7d35960076489d701b53dec2471b74f30af,2da101e5b884347839082537f8d810e9c59db477cd834090dc6ef60224e2fdf0,960,540,31092,False,db3b03605f761d451f714b5b895c3a1502a991b774afb7278a7f7ef62a491a69,m0+m1 [expected_no_op],,
62,f0062,controlled-occlusion,m2,mask\f0062_m2.png,True,True,,f7e0eaef9ea7f524e8f5ce187dcc5155a1a7e77a330bbe3885f3ec3e46571a60,12e9281a978963898c9126d45001d1970c6251745295b1f3fabab9eff6f4e45c,960,540,26893,False,db3b03605f761d451f714b5b895c3a1502a991b774afb7278a7f7ef62a491a69,m2+m3 [no_op_placed_but_not_occluding],,
62,f0062,controlled-occlusion,m3,mask\f0062_m3.png,True,True,,6ba9d9b9868b3fa82971d7eb77db7c8b199b136656ce9c8e899e639fe94d6ad7,12e9281a978963898c9126d45001d1970c6251745295b1f3fabab9eff6f4e45c,960,540,26893,False,db3b03605f761d451f714b5b895c3a1502a991b774afb7278a7f7ef62a491a69,m2+m3 [no_op_placed_but_not_occluding],,
62,f0062,controlled-occlusion,m4,mask\f0062_m4.png,True,True,,fbc749aec6ef90356eca0d14494e703015682a782e33b99fac59ebc857a0d0d5,918e9ac20e7d49ca1b64c2077ad88d2f32ea73232976bba368778100cb6b0724,960,540,24040,False,db3b03605f761d451f714b5b895c3a1502a991b774afb7278a7f7ef62a491a69,,,
63,f0063,clean-static,m0,mask\f0063_m0.png,True,True,,00256a3517400d8b29672dcbf30b18b79758101b431efd4cd3d24efc54081d48,305e5cf1da51052cf69170ff5b02aceafda82314286e6bebcecc5f73b6875281,720,480,37562,False,8d90074a808e09596e8de6561efbb9df497ec5aa61fcdabf24949cdeaa933ce0,m0+m1+m2+m3+m4 [expected_no_op],,
63,f0063,clean-static,m1,mask\f0063_m1.png,True,True,,9399aeb0e03402430fd85a6054523874b38cdadab62087401041fef13960b397,305e5cf1da51052cf69170ff5b02aceafda82314286e6bebcecc5f73b6875281,720,480,37562,False,8d90074a808e09596e8de6561efbb9df497ec5aa61fcdabf24949cdeaa933ce0,m0+m1+m2+m3+m4 [expected_no_op],,
63,f0063,clean-static,m2,mask\f0063_m2.png,True,True,,8968e4024dc0b8d8102c0a6b44be69dd58ca7bd464eb5ba6ee146e4965f7d287,305e5cf1da51052cf69170ff5b02aceafda82314286e6bebcecc5f73b6875281,720,480,37562,False,8d90074a808e09596e8de6561efbb9df497ec5aa61fcdabf24949cdeaa933ce0,m0+m1+m2+m3+m4 [expected_no_op],,
63,f0063,clean-static,m3,mask\f0063_m3.png,True,True,,4a2c04660a23dc7981885f4aa593542aa74970253925ce2a9ac666cd02bd560b,305e5cf1da51052cf69170ff5b02aceafda82314286e6bebcecc5f73b6875281,720,480,37562,False,8d90074a808e09596e8de6561efbb9df497ec5aa61fcdabf24949cdeaa933ce0,m0+m1+m2+m3+m4 [expected_no_op],,
63,f0063,clean-static,m4,mask\f0063_m4.png,True,True,,84550b2bf2c55f04296f9ed2de0d917cff20ac177b7c9e75fe92a585381157ee,305e5cf1da51052cf69170ff5b02aceafda82314286e6bebcecc5f73b6875281,720,480,37562,False,8d90074a808e09596e8de6561efbb9df497ec5aa61fcdabf24949cdeaa933ce0,m0+m1+m2+m3+m4 [expected_no_op],,
64,f0064,clean-static,m0,mask\f0064_m0.png,True,True,,e3d1cbc972ddaf11e6fcd37a55af4174bc167e8c46770417d9943e184b836d96,7199a87e331595695a65d534672f557db25a84da686526318aaaf939b6ee0ac4,640,480,91933,False,b0c3a6670ad42e3c16465daed5799e85abc11536640fe1c0f9a6bbfad930b8a8,m0+m1+m2+m3+m4 [expected_no_op],,
64,f0064,clean-static,m1,mask\f0064_m1.png,True,True,,bae04ab27bdcaff0814161f7cd1c0b5b4724a92e14aa625ad12634021d5de2da,7199a87e331595695a65d534672f557db25a84da686526318aaaf939b6ee0ac4,640,480,91933,False,b0c3a6670ad42e3c16465daed5799e85abc11536640fe1c0f9a6bbfad930b8a8,m0+m1+m2+m3+m4 [expected_no_op],,
64,f0064,clean-static,m2,mask\f0064_m2.png,True,True,,ae6a68ff02a06eaa47efa57954304a83e4730a5234eb1f653e626b37e7e06828,7199a87e331595695a65d534672f557db25a84da686526318aaaf939b6ee0ac4,640,480,91933,False,b0c3a6670ad42e3c16465daed5799e85abc11536640fe1c0f9a6bbfad930b8a8,m0+m1+m2+m3+m4 [expected_no_op],,
64,f0064,clean-static,m3,mask\f0064_m3.png,True,True,,660aec071468b9d092cc05ac1a9e98b8d5821c8d43d22461efc298874400eb40,7199a87e331595695a65d534672f557db25a84da686526318aaaf939b6ee0ac4,640,480,91933,False,b0c3a6670ad42e3c16465daed5799e85abc11536640fe1c0f9a6bbfad930b8a8,m0+m1+m2+m3+m4 [expected_no_op],,
64,f0064,clean-static,m4,mask\f0064_m4.png,True,True,,f71c7f63944198680fc4c68ad8a0e0ffff4b6bff5f9b92795b574c119fb01ff5,7199a87e331595695a65d534672f557db25a84da686526318aaaf939b6ee0ac4,640,480,91933,False,b0c3a6670ad42e3c16465daed5799e85abc11536640fe1c0f9a6bbfad930b8a8,m0+m1+m2+m3+m4 [expected_no_op],,
65,f0065,clean-static,m0,mask\f0065_m0.png,True,True,,d332f37ed17e58a2d9d61f63f4c217f4fc71a8a2ad88ddeac92a2de94adb06d9,ea733ec5483e1c8f6a90d0007c9b1df3ea808c3f2fb78ff796d665d2808f42ff,640,480,187,False,cde0fed0c7bb0774031d8fa6d104c97de56ab3e56cf9f5ca24d530486d8c716e,m0+m1+m2+m3+m4 [expected_no_op],,
65,f0065,clean-static,m1,mask\f0065_m1.png,True,True,,d8ff97e4e37cdb19d105fc965de9d08d50819fd27928783ba4a7077c675440cd,ea733ec5483e1c8f6a90d0007c9b1df3ea808c3f2fb78ff796d665d2808f42ff,640,480,187,False,cde0fed0c7bb0774031d8fa6d104c97de56ab3e56cf9f5ca24d530486d8c716e,m0+m1+m2+m3+m4 [expected_no_op],,
65,f0065,clean-static,m2,mask\f0065_m2.png,True,True,,2ac72befb82087f029e44c7834080b9bf5d772cabfa0b96e2943bae3607302ea,ea733ec5483e1c8f6a90d0007c9b1df3ea808c3f2fb78ff796d665d2808f42ff,640,480,187,False,cde0fed0c7bb0774031d8fa6d104c97de56ab3e56cf9f5ca24d530486d8c716e,m0+m1+m2+m3+m4 [expected_no_op],,
65,f0065,clean-static,m3,mask\f0065_m3.png,True,True,,77d6c7427b8b4b116e3e2f72aea073919c2e2a9d46721cf2351dfb57dbe500e2,ea733ec5483e1c8f6a90d0007c9b1df3ea808c3f2fb78ff796d665d2808f42ff,640,480,187,False,cde0fed0c7bb0774031d8fa6d104c97de56ab3e56cf9f5ca24d530486d8c716e,m0+m1+m2+m3+m4 [expected_no_op],,
65,f0065,clean-static,m4,mask\f0065_m4.png,True,True,,266fd7a1fd9e0867b67f916372f5128ec3573b1afa98988702a4140b59635a07,ea733ec5483e1c8f6a90d0007c9b1df3ea808c3f2fb78ff796d665d2808f42ff,640,480,187,False,cde0fed0c7bb0774031d8fa6d104c97de56ab3e56cf9f5ca24d530486d8c716e,m0+m1+m2+m3+m4 [expected_no_op],,
66,f0066,controlled-occlusion,m0,mask\f0066_m0.png,True,True,,04b0e02a2ed4df6bdf70b9e1f02cbdb89e465bd036e2c75ea1e90157e9990d4e,fd7417d09d01bd14e5f9cfa8c97db76efe8a2d21bead55f277284a84a1c6b52b,960,540,7841,False,09c5f113b43979b5226aa9999060d5f355d2e4ae1e206cf75a02405bd163affb,m0+m1 [expected_no_op],,
66,f0066,controlled-occlusion,m1,mask\f0066_m1.png,True,True,,f315a464643a7d6a187bfa1890bf6025158adafd5f89f3d86452e621303981c8,fd7417d09d01bd14e5f9cfa8c97db76efe8a2d21bead55f277284a84a1c6b52b,960,540,7841,False,09c5f113b43979b5226aa9999060d5f355d2e4ae1e206cf75a02405bd163affb,m0+m1 [expected_no_op],,
66,f0066,controlled-occlusion,m2,mask\f0066_m2.png,True,True,,18c8389cbdc43566353d860e6d9ac11ea8b514698c578c033a34c70aa26706c1,f1133cefdcc8b171274534f67e7932a0163531a3bba6078bfd492a9710f44711,960,540,7839,False,09c5f113b43979b5226aa9999060d5f355d2e4ae1e206cf75a02405bd163affb,m2+m3 [no_op_placed_but_not_occluding],,
66,f0066,controlled-occlusion,m3,mask\f0066_m3.png,True,True,,ee27b6b1ef58feb85948658bc8345f80e2323967cef59b8187d6ab028cbb79bb,f1133cefdcc8b171274534f67e7932a0163531a3bba6078bfd492a9710f44711,960,540,7839,False,09c5f113b43979b5226aa9999060d5f355d2e4ae1e206cf75a02405bd163affb,m2+m3 [no_op_placed_but_not_occluding],,
66,f0066,controlled-occlusion,m4,mask\f0066_m4.png,True,True,,ddc7a73a205c42fade004c2e6fbbf423d0858b8bcd16d24dc8b5129959eaf48e,11959eed777607cdd6f6d74e16a229a9af32b12454131d43db2d3a8050aa6891,960,540,6542,False,09c5f113b43979b5226aa9999060d5f355d2e4ae1e206cf75a02405bd163affb,,,
67,f0067,clean-static,m0,mask\f0067_m0.png,True,True,,04af224f6ffc7759681f0622651c7994700e9989592cc3f7bcd4061d5c520f52,fad9f92d606c4df5a8f88290a0444b83ce9bade5ba0e05746560e0720d53d9e6,720,480,186541,False,e7754273a59b246429619d3dcabdba00338be657d376c0fcf0728262834f388c,m0+m1+m2+m3+m4 [expected_no_op],,
67,f0067,clean-static,m1,mask\f0067_m1.png,True,True,,fc13ed5528f4cbd208a80eedd9d51bad0d155c0a1f60578eb19c9088004edd06,fad9f92d606c4df5a8f88290a0444b83ce9bade5ba0e05746560e0720d53d9e6,720,480,186541,False,e7754273a59b246429619d3dcabdba00338be657d376c0fcf0728262834f388c,m0+m1+m2+m3+m4 [expected_no_op],,
67,f0067,clean-static,m2,mask\f0067_m2.png,True,True,,925ccce2149c370a4236944c73f366e659448abb52b1834d44afa0e9111368cb,fad9f92d606c4df5a8f88290a0444b83ce9bade5ba0e05746560e0720d53d9e6,720,480,186541,False,e7754273a59b246429619d3dcabdba00338be657d376c0fcf0728262834f388c,m0+m1+m2+m3+m4 [expected_no_op],,
67,f0067,clean-static,m3,mask\f0067_m3.png,True,True,,4ae14999dfb2884bf92183716775c0375ab1d7ae4c9bd3031b74118453ec70ab,fad9f92d606c4df5a8f88290a0444b83ce9bade5ba0e05746560e0720d53d9e6,720,480,186541,False,e7754273a59b246429619d3dcabdba00338be657d376c0fcf0728262834f388c,m0+m1+m2+m3+m4 [expected_no_op],,
67,f0067,clean-static,m4,mask\f0067_m4.png,True,True,,427c77c8fee3d78915f439e8eb5264acabeb65799170c2e30a8e64d68d68b88e,fad9f92d606c4df5a8f88290a0444b83ce9bade5ba0e05746560e0720d53d9e6,720,480,186541,False,e7754273a59b246429619d3dcabdba00338be657d376c0fcf0728262834f388c,m0+m1+m2+m3+m4 [expected_no_op],,
68,f0068,clean-static,m0,mask\f0068_m0.png,True,True,,6863398e17f775fd55f0448903c99a81af2812ec781e79d2336070e5f703a2d4,2780b655417e3c88480236e399dc502a223561ae634883afc598e250eff147f3,640,480,67583,False,6f93a691f5f8c3b83f4a1bf0e9875d2ee91a42f7c13e712df5fe774b50cdf758,m0+m1+m2+m3+m4 [expected_no_op],,
68,f0068,clean-static,m1,mask\f0068_m1.png,True,True,,83512ce2bf4ee4efb18b817509058e5d7098109a22f76b286e7b41ee04238cec,2780b655417e3c88480236e399dc502a223561ae634883afc598e250eff147f3,640,480,67583,False,6f93a691f5f8c3b83f4a1bf0e9875d2ee91a42f7c13e712df5fe774b50cdf758,m0+m1+m2+m3+m4 [expected_no_op],,
68,f0068,clean-static,m2,mask\f0068_m2.png,True,True,,b08d717acce51b3cac5a2eea7ccaa9507b520edfa074561e823f1dba0a2de70f,2780b655417e3c88480236e399dc502a223561ae634883afc598e250eff147f3,640,480,67583,False,6f93a691f5f8c3b83f4a1bf0e9875d2ee91a42f7c13e712df5fe774b50cdf758,m0+m1+m2+m3+m4 [expected_no_op],,
68,f0068,clean-static,m3,mask\f0068_m3.png,True,True,,88c000e90cc58448735df96f8182b9328cc223cf30e27bbf76b69ec1402874ba,2780b655417e3c88480236e399dc502a223561ae634883afc598e250eff147f3,640,480,67583,False,6f93a691f5f8c3b83f4a1bf0e9875d2ee91a42f7c13e712df5fe774b50cdf758,m0+m1+m2+m3+m4 [expected_no_op],,
68,f0068,clean-static,m4,mask\f0068_m4.png,True,True,,21edf28325a50089f54bc8616c9fe9d099fa36cd5e975a8719d16be0f3e2da56,2780b655417e3c88480236e399dc502a223561ae634883afc598e250eff147f3,640,480,67583,False,6f93a691f5f8c3b83f4a1bf0e9875d2ee91a42f7c13e712df5fe774b50cdf758,m0+m1+m2+m3+m4 [expected_no_op],,
69,f0069,controlled-occlusion,m0,mask\f0069_m0.png,False,False,missing,,,,,,,,,,
69,f0069,controlled-occlusion,m1,mask\f0069_m1.png,False,False,missing,,,,,,,,,,
69,f0069,controlled-occlusion,m2,mask\f0069_m2.png,False,False,missing,,,,,,,,,,
69,f0069,controlled-occlusion,m3,mask\f0069_m3.png,False,False,missing,,,,,,,,,,
69,f0069,controlled-occlusion,m4,mask\f0069_m4.png,False,False,missing,,,,,,,,,,
70,f0070,clean-static,m0,mask\f0070_m0.png,True,True,,dec3dec983e044a5c7a9879b60300259d964a82bae62a6ed3778d29abc2f18bc,e1131f60293d580c65cbeebc794d176ec396703a7d2fae019ae854688a9c1582,640,480,1587,False,b86a95cfa0a3329284138824334d5cc5b0c761b34a87bd7dce6f5e76072d57db,m0+m1+m2+m3+m4 [expected_no_op],,
70,f0070,clean-static,m1,mask\f0070_m1.png,True,True,,8e23827d2e38ff8f4216adfb6fdba332a91621a3603969a6913a703b49521642,e1131f60293d580c65cbeebc794d176ec396703a7d2fae019ae854688a9c1582,640,480,1587,False,b86a95cfa0a3329284138824334d5cc5b0c761b34a87bd7dce6f5e76072d57db,m0+m1+m2+m3+m4 [expected_no_op],,
70,f0070,clean-static,m2,mask\f0070_m2.png,True,True,,be95a5a9095c31a4a8da39f3d310be138abc0c57577f7d66c1b4e52d0282cc1d,e1131f60293d580c65cbeebc794d176ec396703a7d2fae019ae854688a9c1582,640,480,1587,False,b86a95cfa0a3329284138824334d5cc5b0c761b34a87bd7dce6f5e76072d57db,m0+m1+m2+m3+m4 [expected_no_op],,
70,f0070,clean-static,m3,mask\f0070_m3.png,True,True,,13e004aa8b42f10289044bf77046c830f59a692518f9c95a33758c77e3524ee4,e1131f60293d580c65cbeebc794d176ec396703a7d2fae019ae854688a9c1582,640,480,1587,False,b86a95cfa0a3329284138824334d5cc5b0c761b34a87bd7dce6f5e76072d57db,m0+m1+m2+m3+m4 [expected_no_op],,
70,f0070,clean-static,m4,mask\f0070_m4.png,True,True,,304188e53b290fe623d0f2fc7ac23b8bed9214667065be4ed44332838810c264,e1131f60293d580c65cbeebc794d176ec396703a7d2fae019ae854688a9c1582,640,480,1587,False,b86a95cfa0a3329284138824334d5cc5b0c761b34a87bd7dce6f5e76072d57db,m0+m1+m2+m3+m4 [expected_no_op],,
71,f0071,clean-static,m0,mask\f0071_m0.png,True,True,,35fc7105445fb9f1176313c381b57b10e7e06c428c3e90e529c3acf8e8ef022a,8537f26fba2b4e61f38e5b5c7df6a0801f934a00417f596e980f829f8ab0f969,960,540,319174,False,c4d06c626de5158bc2bcbf388551d2311a2515bb27824722aaeff78121060680,m0+m1+m2+m3+m4 [expected_no_op],,
71,f0071,clean-static,m1,mask\f0071_m1.png,True,True,,945a1fa3a1f4d33667c0e5dfd7d4e71ae19c8e9bcc94f9a1bafffd23b2059ac1,8537f26fba2b4e61f38e5b5c7df6a0801f934a00417f596e980f829f8ab0f969,960,540,319174,False,c4d06c626de5158bc2bcbf388551d2311a2515bb27824722aaeff78121060680,m0+m1+m2+m3+m4 [expected_no_op],,
71,f0071,clean-static,m2,mask\f0071_m2.png,True,True,,93bb58dd6892b6d2548b88478d94edd1fbbb9e5f8fa149b34e9057f2769b2a2e,8537f26fba2b4e61f38e5b5c7df6a0801f934a00417f596e980f829f8ab0f969,960,540,319174,False,c4d06c626de5158bc2bcbf388551d2311a2515bb27824722aaeff78121060680,m0+m1+m2+m3+m4 [expected_no_op],,
71,f0071,clean-static,m3,mask\f0071_m3.png,True,True,,30c0116a710758333a5a9f3972cd1d93bb9b970f2f97fab3c91b77a27486b1c6,8537f26fba2b4e61f38e5b5c7df6a0801f934a00417f596e980f829f8ab0f969,960,540,319174,False,c4d06c626de5158bc2bcbf388551d2311a2515bb27824722aaeff78121060680,m0+m1+m2+m3+m4 [expected_no_op],,
71,f0071,clean-static,m4,mask\f0071_m4.png,True,True,,8f6f541f92e647bd1246d977315d3fda060e2e1254c73f0b577d810b1a058eab,8537f26fba2b4e61f38e5b5c7df6a0801f934a00417f596e980f829f8ab0f969,960,540,319174,False,c4d06c626de5158bc2bcbf388551d2311a2515bb27824722aaeff78121060680,m0+m1+m2+m3+m4 [expected_no_op],,
72,f0072,controlled-occlusion,m0,mask\f0072_m0.png,True,True,,71d437bc08884426e4515347ba47a85322e737669a4355adb9b0bc9d083aea4e,068776f3c0f47744307f302e46b324afea7b0b687c6046d79e39d7b869290f0a,560,560,7061,False,356ce740f23c190196fd9a761ba3b5f6e440781deadd62a557ce72e11fc8233f,m0+m1+m2+m3 [no_op_placed_but_not_occluding],,
72,f0072,controlled-occlusion,m1,mask\f0072_m1.png,True,True,,1b4046004e2f7dc9d3146b022d74c30943fb19db5fec5e1d96b867e3da9eae29,068776f3c0f47744307f302e46b324afea7b0b687c6046d79e39d7b869290f0a,560,560,7061,False,356ce740f23c190196fd9a761ba3b5f6e440781deadd62a557ce72e11fc8233f,m0+m1+m2+m3 [no_op_placed_but_not_occluding],,
72,f0072,controlled-occlusion,m2,mask\f0072_m2.png,True,True,,6a5c0fd864db537a549eaf3aed269d378d1650f41320928c4f0ffecad53a1676,068776f3c0f47744307f302e46b324afea7b0b687c6046d79e39d7b869290f0a,560,560,7061,False,356ce740f23c190196fd9a761ba3b5f6e440781deadd62a557ce72e11fc8233f,m0+m1+m2+m3 [no_op_placed_but_not_occluding],,
72,f0072,controlled-occlusion,m3,mask\f0072_m3.png,True,True,,fe6ca9015368b7248daa18d8abb031a69046c0904f5837764cd0df8615a688bd,068776f3c0f47744307f302e46b324afea7b0b687c6046d79e39d7b869290f0a,560,560,7061,False,356ce740f23c190196fd9a761ba3b5f6e440781deadd62a557ce72e11fc8233f,m0+m1+m2+m3 [no_op_placed_but_not_occluding],,
72,f0072,controlled-occlusion,m4,mask\f0072_m4.png,True,True,,9c7f5da7a4e294fc6e1d35c8a5725eee4fa6adfaf133768ba23fd17da5dcc8ee,26a41d9ea4c87a9813df0a89cc76c4857502c775e51be34595515eb4e9cc9cb7,560,560,5961,False,356ce740f23c190196fd9a761ba3b5f6e440781deadd62a557ce72e11fc8233f,,,
73,f0073,controlled-occlusion,m0,mask\f0073_m0.png,True,True,,a3dfb184c0c0bfcdfc9d8343908f6effdf52d1d4dc8d732ab27e0cbf05573b8a,d30b6da776b72f21469a79e10cfa55f5a664fd62f3a74229f89d75d8166081c1,640,480,365,False,44fe7d6dc4e0f185ee9de4f897ef5cf68b73f8941877376c56114d69da0036b7,m0+m1 [expected_no_op],,
73,f0073,controlled-occlusion,m1,mask\f0073_m1.png,True,True,,a4c6a10135740e651caee4b68537a847297bcc1ca78b44bcf79796a636e94780,d30b6da776b72f21469a79e10cfa55f5a664fd62f3a74229f89d75d8166081c1,640,480,365,False,44fe7d6dc4e0f185ee9de4f897ef5cf68b73f8941877376c56114d69da0036b7,m0+m1 [expected_no_op],,
73,f0073,controlled-occlusion,m2,mask\f0073_m2.png,True,True,,8a7f3bd22aec4ddf7c9713825f4e5d9c71b67de2e0cbe5c5d5f5266d08556544,eb17c8b292cd4608df87494f930d0a3af683f25c6806ed4c63bc23702ad9db5c,640,480,346,False,44fe7d6dc4e0f185ee9de4f897ef5cf68b73f8941877376c56114d69da0036b7,m2+m3 [expected_no_op],,
73,f0073,controlled-occlusion,m3,mask\f0073_m3.png,True,True,,e7551e36e530d365f765a476e67f48c841b744a40f8bd755105733decadb378d,eb17c8b292cd4608df87494f930d0a3af683f25c6806ed4c63bc23702ad9db5c,640,480,346,False,44fe7d6dc4e0f185ee9de4f897ef5cf68b73f8941877376c56114d69da0036b7,m2+m3 [expected_no_op],,
73,f0073,controlled-occlusion,m4,mask\f0073_m4.png,True,True,,dba3caaa162132dca061c767debfb76d59bd9676e9cc1868ad33b6242869552a,0ed71ee0a24c9fed8cc74380f39d6a40c15dd0a7f8e065cf5dbc8f245ea73142,640,480,317,False,44fe7d6dc4e0f185ee9de4f897ef5cf68b73f8941877376c56114d69da0036b7,,,
74,f0074,clean-static,m0,mask\f0074_m0.png,True,True,,a0459b441b3b197704ead02647470f2f35eac828014020c4a6a7023a0ffefd70,77b757d8cf16b75a5440955169bf065d3f0e9fa86d04f62c1b45ee47f5b3b4c5,960,540,210910,False,c9c001b41b4ceb4fe3d7348cf0102951a9b2580e7093cbb3ac96ae7c37c60a82,m0+m1+m2+m3+m4 [expected_no_op],,
74,f0074,clean-static,m1,mask\f0074_m1.png,True,True,,598e41801b41079526850682179a62579b2ea3b9e11b7b8391fb5b785a993a5b,77b757d8cf16b75a5440955169bf065d3f0e9fa86d04f62c1b45ee47f5b3b4c5,960,540,210910,False,c9c001b41b4ceb4fe3d7348cf0102951a9b2580e7093cbb3ac96ae7c37c60a82,m0+m1+m2+m3+m4 [expected_no_op],,
74,f0074,clean-static,m2,mask\f0074_m2.png,True,True,,45613029d09815605c14816cf30665e4ade1ba16692d8190113b5964ea3854c4,77b757d8cf16b75a5440955169bf065d3f0e9fa86d04f62c1b45ee47f5b3b4c5,960,540,210910,False,c9c001b41b4ceb4fe3d7348cf0102951a9b2580e7093cbb3ac96ae7c37c60a82,m0+m1+m2+m3+m4 [expected_no_op],,
74,f0074,clean-static,m3,mask\f0074_m3.png,True,True,,d61aa4a59b0f0c18e3cea2911570a3113d32f0554810a3b0f82736cd4f419f09,77b757d8cf16b75a5440955169bf065d3f0e9fa86d04f62c1b45ee47f5b3b4c5,960,540,210910,False,c9c001b41b4ceb4fe3d7348cf0102951a9b2580e7093cbb3ac96ae7c37c60a82,m0+m1+m2+m3+m4 [expected_no_op],,
74,f0074,clean-static,m4,mask\f0074_m4.png,True,True,,38028a29d10719ceadcafbc745226b42ba71c480f9a0bad53ba75b0f13569ac6,77b757d8cf16b75a5440955169bf065d3f0e9fa86d04f62c1b45ee47f5b3b4c5,960,540,210910,False,c9c001b41b4ceb4fe3d7348cf0102951a9b2580e7093cbb3ac96ae7c37c60a82,m0+m1+m2+m3+m4 [expected_no_op],,
75,f0075,clean-static,m0,mask\f0075_m0.png,True,True,,d9ccda3ce50e5f269411ca85c2e0a5c028cd58c682da7ad6d9787d4fbe85b7cd,78df7b5a4fe658e96feb0f949da68ddb60d95fd0172621d7c7a1b8aa48225603,640,480,2089,False,4ef5c7bf870e7c8c4f06a4e3788dbd77d561cedc5ba8d44baab4759623ae7733,m0+m1+m2+m3+m4 [expected_no_op],,
75,f0075,clean-static,m1,mask\f0075_m1.png,True,True,,4ab1d82954d5fd18767f118259ca8626806c1c0757c56c32424e892418b662b0,78df7b5a4fe658e96feb0f949da68ddb60d95fd0172621d7c7a1b8aa48225603,640,480,2089,False,4ef5c7bf870e7c8c4f06a4e3788dbd77d561cedc5ba8d44baab4759623ae7733,m0+m1+m2+m3+m4 [expected_no_op],,
75,f0075,clean-static,m2,mask\f0075_m2.png,True,True,,32d523fba986c0e210f812f4964b2958b5dda9efc372da5b00bcef2d62dc27cc,78df7b5a4fe658e96feb0f949da68ddb60d95fd0172621d7c7a1b8aa48225603,640,480,2089,False,4ef5c7bf870e7c8c4f06a4e3788dbd77d561cedc5ba8d44baab4759623ae7733,m0+m1+m2+m3+m4 [expected_no_op],,
75,f0075,clean-static,m3,mask\f0075_m3.png,True,True,,6844cc1d816e3698e65e9a679edcea9eff0e2e6cdf15c14a91076380212c56ac,78df7b5a4fe658e96feb0f949da68ddb60d95fd0172621d7c7a1b8aa48225603,640,480,2089,False,4ef5c7bf870e7c8c4f06a4e3788dbd77d561cedc5ba8d44baab4759623ae7733,m0+m1+m2+m3+m4 [expected_no_op],,
75,f0075,clean-static,m4,mask\f0075_m4.png,True,True,,33a7eb043248ee202b40ab0c043d7acac8b738978fb9edd2f2203a3a5e3ddd5a,78df7b5a4fe658e96feb0f949da68ddb60d95fd0172621d7c7a1b8aa48225603,640,480,2089,False,4ef5c7bf870e7c8c4f06a4e3788dbd77d561cedc5ba8d44baab4759623ae7733,m0+m1+m2+m3+m4 [expected_no_op],,
76,f0076,controlled-occlusion,m0,mask\f0076_m0.png,False,False,missing,,,,,,,,,,
76,f0076,controlled-occlusion,m1,mask\f0076_m1.png,False,False,missing,,,,,,,,,,
76,f0076,controlled-occlusion,m2,mask\f0076_m2.png,False,False,missing,,,,,,,,,,
76,f0076,controlled-occlusion,m3,mask\f0076_m3.png,False,False,missing,,,,,,,,,,
76,f0076,controlled-occlusion,m4,mask\f0076_m4.png,False,False,missing,,,,,,,,,,
77,f0077,clean-static,m0,mask\f0077_m0.png,True,True,,2e5f58a1cc01e41f6b1ce7685e514d1d637573b6e8d3df0bf06fd286700f3cc3,8bf0e1c76739043eeba2349062abb0e87edd51e7f6a75ada898533b5b3dff288,720,480,204491,False,2c4e63f1ba35a182f3a38da43d62cb9fdeef42b088039b924459d84b00b66012,m0+m1+m2+m3+m4 [expected_no_op],,
77,f0077,clean-static,m1,mask\f0077_m1.png,True,True,,a875c099d524f797c32afa1571684d2479a8146e96fce1983dbd0d498b727fa5,8bf0e1c76739043eeba2349062abb0e87edd51e7f6a75ada898533b5b3dff288,720,480,204491,False,2c4e63f1ba35a182f3a38da43d62cb9fdeef42b088039b924459d84b00b66012,m0+m1+m2+m3+m4 [expected_no_op],,
77,f0077,clean-static,m2,mask\f0077_m2.png,True,True,,838c75b0b4a46354fa2997d7f280249db540c43e51a79e6993f1fe83fb769bca,8bf0e1c76739043eeba2349062abb0e87edd51e7f6a75ada898533b5b3dff288,720,480,204491,False,2c4e63f1ba35a182f3a38da43d62cb9fdeef42b088039b924459d84b00b66012,m0+m1+m2+m3+m4 [expected_no_op],,
77,f0077,clean-static,m3,mask\f0077_m3.png,True,True,,cd1c99917db828cbedd47a3516d239f5a5ccc10f930caaf7d2328f791b174c5f,8bf0e1c76739043eeba2349062abb0e87edd51e7f6a75ada898533b5b3dff288,720,480,204491,False,2c4e63f1ba35a182f3a38da43d62cb9fdeef42b088039b924459d84b00b66012,m0+m1+m2+m3+m4 [expected_no_op],,
77,f0077,clean-static,m4,mask\f0077_m4.png,True,True,,f546874e24432217eb9c7b887978f83687b23f1de5fe6e04e23408382880f2d3,8bf0e1c76739043eeba2349062abb0e87edd51e7f6a75ada898533b5b3dff288,720,480,204491,False,2c4e63f1ba35a182f3a38da43d62cb9fdeef42b088039b924459d84b00b66012,m0+m1+m2+m3+m4 [expected_no_op],,
78,f0078,clean-static,m0,mask\f0078_m0.png,True,True,,f58b98b9d1fa50893af261264f9a6209267d2ed08e6d4feafccac8282217a42b,2c386dfb92ae94eedb9494bde508e154fba9d996bec87fa3ec43c944e70c2c07,640,480,79572,False,be4447c8a179ea5e150a38c3a47c01984aedc70e0a3f01ba03e05649a2021501,m0+m1+m2+m3+m4 [expected_no_op],,
78,f0078,clean-static,m1,mask\f0078_m1.png,True,True,,7b8c12ae97815d93bee695da5892b720345926c14e7ece020812d7dc5f7a45b4,2c386dfb92ae94eedb9494bde508e154fba9d996bec87fa3ec43c944e70c2c07,640,480,79572,False,be4447c8a179ea5e150a38c3a47c01984aedc70e0a3f01ba03e05649a2021501,m0+m1+m2+m3+m4 [expected_no_op],,
78,f0078,clean-static,m2,mask\f0078_m2.png,True,True,,2ef94b59801f9b729689bff6c5101a6dc2a44198701e4a7a53f24a76094ef3c5,2c386dfb92ae94eedb9494bde508e154fba9d996bec87fa3ec43c944e70c2c07,640,480,79572,False,be4447c8a179ea5e150a38c3a47c01984aedc70e0a3f01ba03e05649a2021501,m0+m1+m2+m3+m4 [expected_no_op],,
78,f0078,clean-static,m3,mask\f0078_m3.png,True,True,,5c2d160ca2c434287540b91a2a890a8e1344dba8d4bf19232767ef0b63fab2ff,2c386dfb92ae94eedb9494bde508e154fba9d996bec87fa3ec43c944e70c2c07,640,480,79572,False,be4447c8a179ea5e150a38c3a47c01984aedc70e0a3f01ba03e05649a2021501,m0+m1+m2+m3+m4 [expected_no_op],,
78,f0078,clean-static,m4,mask\f0078_m4.png,True,True,,3bcb5fb23884766a6acb62f7d9b471005be03eaf4fc8ea9412d1cb5443713965,2c386dfb92ae94eedb9494bde508e154fba9d996bec87fa3ec43c944e70c2c07,640,480,79572,False,be4447c8a179ea5e150a38c3a47c01984aedc70e0a3f01ba03e05649a2021501,m0+m1+m2+m3+m4 [expected_no_op],,
79,f0079,controlled-occlusion,m0,mask\f0079_m0.png,True,True,,c7b8301296bfc734f7fc0bc4771ca5c8fe093b2ca4ba28daa8ef4fb2c4f2d5b8,95a804f4012629b9158aaef5ee409904e2a7b9b4c39668e3874efbb83cf4709e,960,540,1841,False,211e200f8b1fa29c21d8d53b68ebff557bdc8363985cf36c93ead190ce18472f,m0+m1 [expected_no_op],,
79,f0079,controlled-occlusion,m1,mask\f0079_m1.png,True,True,,0d5a34e399b72880c76360cc9cce800e4329ddafba41cc305d1aa7be4b3eb054,95a804f4012629b9158aaef5ee409904e2a7b9b4c39668e3874efbb83cf4709e,960,540,1841,False,211e200f8b1fa29c21d8d53b68ebff557bdc8363985cf36c93ead190ce18472f,m0+m1 [expected_no_op],,
79,f0079,controlled-occlusion,m2,mask\f0079_m2.png,True,True,,760d48bff317bf6638cdf7bbb7ec65322a60f8d20d42feff6b7686e93ad2f874,6256ce463af3bd7101b9dcd1171c774a70cecbdadab58067b810af113d68f95f,960,540,1565,False,211e200f8b1fa29c21d8d53b68ebff557bdc8363985cf36c93ead190ce18472f,m2+m3 [no_op_placed_but_not_occluding],,
79,f0079,controlled-occlusion,m3,mask\f0079_m3.png,True,True,,f6c1e1777d3896d8c38a7f491bb511bc062a717c2e0fc1c3bcfcf6733a81613f,6256ce463af3bd7101b9dcd1171c774a70cecbdadab58067b810af113d68f95f,960,540,1565,False,211e200f8b1fa29c21d8d53b68ebff557bdc8363985cf36c93ead190ce18472f,m2+m3 [no_op_placed_but_not_occluding],,
79,f0079,controlled-occlusion,m4,mask\f0079_m4.png,True,True,,f3db223102c362b426f49cd298b48ec434627c40f9da4cfc509887afd1f6c04e,37a5739d985d04ab2d8a0423fe519bf17dd51ff11ca1d8df048f59e2e7230708,960,540,1367,False,211e200f8b1fa29c21d8d53b68ebff557bdc8363985cf36c93ead190ce18472f,,,
80,f0080,controlled-occlusion,m0,mask\f0080_m0.png,True,True,,75d57a569490629614f01e26141d98433262075f2a4541521a7265c09dd72ddf,d4ea96ccae3f782f86f4782d91d467fdf35f434b5a4a79dd2c21a1302f94387a,560,560,558,False,ffb0646e9f082ce611fbd586d3f972f991421284f7f36420719814c01f26ed04,m0+m1+m2+m3 [no_op_placed_but_not_occluding],,
80,f0080,controlled-occlusion,m1,mask\f0080_m1.png,True,True,,1848065027a9c3194707ba5fd3f756e974a95dbca459fc8a875daa9cecb79737,d4ea96ccae3f782f86f4782d91d467fdf35f434b5a4a79dd2c21a1302f94387a,560,560,558,False,ffb0646e9f082ce611fbd586d3f972f991421284f7f36420719814c01f26ed04,m0+m1+m2+m3 [no_op_placed_but_not_occluding],,
80,f0080,controlled-occlusion,m2,mask\f0080_m2.png,True,True,,ef19eb84563972ed63a5b103fa132e1b32b5639ec3e2e4630dad3444ef887735,d4ea96ccae3f782f86f4782d91d467fdf35f434b5a4a79dd2c21a1302f94387a,560,560,558,False,ffb0646e9f082ce611fbd586d3f972f991421284f7f36420719814c01f26ed04,m0+m1+m2+m3 [no_op_placed_but_not_occluding],,
80,f0080,controlled-occlusion,m3,mask\f0080_m3.png,True,True,,a6194e3ff6032ac336b90c5cad310953ab47ed34012678a85a7ef93bab00a859,d4ea96ccae3f782f86f4782d91d467fdf35f434b5a4a79dd2c21a1302f94387a,560,560,558,False,ffb0646e9f082ce611fbd586d3f972f991421284f7f36420719814c01f26ed04,m0+m1+m2+m3 [no_op_placed_but_not_occluding],,
80,f0080,controlled-occlusion,m4,mask\f0080_m4.png,True,True,,c9918b2f5f49a385871d3f9910bbc2b965792411189a8d36d50d74851c91245c,5c34b0454decdff84fb9e2e44738309a1a7d15a539479130ed636ce078a8c27f,560,560,351,False,ffb0646e9f082ce611fbd586d3f972f991421284f7f36420719814c01f26ed04,,,
81,f0081,controlled-occlusion,m0,mask\f0081_m0.png,True,True,,56f7f14126736e4ecaa2bc2e336c303b24007b2802849bfb7d8aeac70a7a44f3,45cb7a690c0d4ba110209fb17c80aec961922620240243b10f4ec5f97ca0b80b,960,540,107781,False,8bd64d445d013081919f6a2320461cbc76bbfc81283eb8584070182d65f1c95b,m0+m1 [expected_no_op],,
81,f0081,controlled-occlusion,m1,mask\f0081_m1.png,True,True,,f4bbf49526a5b8c3879cf0ce7c180a6e9e688e7e3b82ae6dc827b72259d01c3d,45cb7a690c0d4ba110209fb17c80aec961922620240243b10f4ec5f97ca0b80b,960,540,107781,False,8bd64d445d013081919f6a2320461cbc76bbfc81283eb8584070182d65f1c95b,m0+m1 [expected_no_op],,
81,f0081,controlled-occlusion,m2,mask\f0081_m2.png,True,True,,c8e47fdfa833a6c5fccfb1d45b81ea2a025de0a913683f6f5e430caf86611be3,3949761cf50c6a4575f3389f44862488113bc7f8e0a6afa70ec839378344002b,960,540,83554,False,8bd64d445d013081919f6a2320461cbc76bbfc81283eb8584070182d65f1c95b,m2+m3 [expected_no_op],,
81,f0081,controlled-occlusion,m3,mask\f0081_m3.png,True,True,,9a191921f667fc43bc09b06faa3f1e712f743b16668e91705ef975eab2df3d89,3949761cf50c6a4575f3389f44862488113bc7f8e0a6afa70ec839378344002b,960,540,83554,False,8bd64d445d013081919f6a2320461cbc76bbfc81283eb8584070182d65f1c95b,m2+m3 [expected_no_op],,
81,f0081,controlled-occlusion,m4,mask\f0081_m4.png,True,True,,ed878ca93ae2eb3a12e1e1241b2454a17a0416bd1fa9d7895521186a1b356588,6124044043d07218acefd3b1cb6838e025343490bfc840a12671d88eee59ce7d,960,540,57461,False,8bd64d445d013081919f6a2320461cbc76bbfc81283eb8584070182d65f1c95b,,,
82,f0082,clean-static,m0,mask\f0082_m0.png,True,True,,3633a8280fb5e86e7ae7c5e353aadc3414089965ef8fa77a87692417b28e59cf,892f28b9436266f622ec666cb62ae693642bfa849f79b04a57cb34ba184140f4,640,480,36007,False,3d79630564bd737c8b6dd4274e203cc603735a106d81093b4a7c1f430ed057dd,m0+m1+m2+m3+m4 [expected_no_op],,
82,f0082,clean-static,m1,mask\f0082_m1.png,True,True,,e64d5a2fab60c1283715d4c01a10999004a05bca63500fc1b19a4a343d824a09,892f28b9436266f622ec666cb62ae693642bfa849f79b04a57cb34ba184140f4,640,480,36007,False,3d79630564bd737c8b6dd4274e203cc603735a106d81093b4a7c1f430ed057dd,m0+m1+m2+m3+m4 [expected_no_op],,
82,f0082,clean-static,m2,mask\f0082_m2.png,True,True,,9bd4fa139518a17473d4122b03636058bbb138ec40b3b1af63e1a73e37c13000,892f28b9436266f622ec666cb62ae693642bfa849f79b04a57cb34ba184140f4,640,480,36007,False,3d79630564bd737c8b6dd4274e203cc603735a106d81093b4a7c1f430ed057dd,m0+m1+m2+m3+m4 [expected_no_op],,
82,f0082,clean-static,m3,mask\f0082_m3.png,True,True,,834ef643af27512a3d2c0a5167af067db9d801dc60246485fac6410becedd95e,892f28b9436266f622ec666cb62ae693642bfa849f79b04a57cb34ba184140f4,640,480,36007,False,3d79630564bd737c8b6dd4274e203cc603735a106d81093b4a7c1f430ed057dd,m0+m1+m2+m3+m4 [expected_no_op],,
82,f0082,clean-static,m4,mask\f0082_m4.png,True,True,,33d6363ea51fbcd264727bae94fc21108848450ed5a99c18b8a1caae37ffcc57,892f28b9436266f622ec666cb62ae693642bfa849f79b04a57cb34ba184140f4,640,480,36007,False,3d79630564bd737c8b6dd4274e203cc603735a106d81093b4a7c1f430ed057dd,m0+m1+m2+m3+m4 [expected_no_op],,
83,f0083,clean-static,m0,mask\f0083_m0.png,True,True,,664029ad6ce4c253142497cfaa30a24bf8902bd65d6f6589dddb82063019913c,07f1739473a968396709794cb194ac0d85a22c60f52df1ce25cf9b8a1dedf0b3,640,480,154975,False,521d79ebcbfafccc55b43b67c679ee85e265084ed34a89f74138ff181c835403,m0+m1+m2+m3+m4 [expected_no_op],,
83,f0083,clean-static,m1,mask\f0083_m1.png,True,True,,577f794b9420908882be5de9146ac09283e1926ed923f8243318714d5bacebb3,07f1739473a968396709794cb194ac0d85a22c60f52df1ce25cf9b8a1dedf0b3,640,480,154975,False,521d79ebcbfafccc55b43b67c679ee85e265084ed34a89f74138ff181c835403,m0+m1+m2+m3+m4 [expected_no_op],,
83,f0083,clean-static,m2,mask\f0083_m2.png,True,True,,40a4ba8a9feaa09292d1c1680d1edcc31cb18c24eee53d801587b8ac8fa0204f,07f1739473a968396709794cb194ac0d85a22c60f52df1ce25cf9b8a1dedf0b3,640,480,154975,False,521d79ebcbfafccc55b43b67c679ee85e265084ed34a89f74138ff181c835403,m0+m1+m2+m3+m4 [expected_no_op],,
83,f0083,clean-static,m3,mask\f0083_m3.png,True,True,,f95ab0a3cc21768a939a05d1bbf1662d817df36c5ad6439f7692a92a023513ec,07f1739473a968396709794cb194ac0d85a22c60f52df1ce25cf9b8a1dedf0b3,640,480,154975,False,521d79ebcbfafccc55b43b67c679ee85e265084ed34a89f74138ff181c835403,m0+m1+m2+m3+m4 [expected_no_op],,
83,f0083,clean-static,m4,mask\f0083_m4.png,True,True,,40a4ba8a9feaa09292d1c1680d1edcc31cb18c24eee53d801587b8ac8fa0204f,07f1739473a968396709794cb194ac0d85a22c60f52df1ce25cf9b8a1dedf0b3,640,480,154975,False,521d79ebcbfafccc55b43b67c679ee85e265084ed34a89f74138ff181c835403,m0+m1+m2+m3+m4 [expected_no_op],,
84,f0084,controlled-occlusion,m0,mask\f0084_m0.png,False,False,missing,,,,,,,,,,
84,f0084,controlled-occlusion,m1,mask\f0084_m1.png,False,False,missing,,,,,,,,,,
84,f0084,controlled-occlusion,m2,mask\f0084_m2.png,False,False,missing,,,,,,,,,,
84,f0084,controlled-occlusion,m3,mask\f0084_m3.png,False,False,missing,,,,,,,,,,
84,f0084,controlled-occlusion,m4,mask\f0084_m4.png,False,False,missing,,,,,,,,,,
85,f0085,controlled-occlusion,m0,mask\f0085_m0.png,True,True,,ef0592f7b227e89b88e4962d481571d7a93c198ebe3a2b30181eb532abdbeed9,933f5c53f093aeb9212329ee06ca38b322f9416d55773b975facdeea567590fe,960,540,10609,False,e1d95481f454750f18ae8305ef19c113ec0b6d5deb3bc5eb083e37c30f2ed116,m0+m1+m2+m3 [no_op_placed_but_not_occluding],,
85,f0085,controlled-occlusion,m1,mask\f0085_m1.png,True,True,,185ad7711efe3923f32656f8e0ee099d6859a5bb7e4ca5b502a4a151effc0d74,933f5c53f093aeb9212329ee06ca38b322f9416d55773b975facdeea567590fe,960,540,10609,False,e1d95481f454750f18ae8305ef19c113ec0b6d5deb3bc5eb083e37c30f2ed116,m0+m1+m2+m3 [no_op_placed_but_not_occluding],,
85,f0085,controlled-occlusion,m2,mask\f0085_m2.png,True,True,,e36a50fb22de35cf3f68fa219064d6a36dfae89ee192d810e64f21b3339bbc2d,933f5c53f093aeb9212329ee06ca38b322f9416d55773b975facdeea567590fe,960,540,10609,False,e1d95481f454750f18ae8305ef19c113ec0b6d5deb3bc5eb083e37c30f2ed116,m0+m1+m2+m3 [no_op_placed_but_not_occluding],,
85,f0085,controlled-occlusion,m3,mask\f0085_m3.png,True,True,,59dc7978a020cb16d5432836feb9e5bbb71dcdcd709d6ea73829d3674773dbec,933f5c53f093aeb9212329ee06ca38b322f9416d55773b975facdeea567590fe,960,540,10609,False,e1d95481f454750f18ae8305ef19c113ec0b6d5deb3bc5eb083e37c30f2ed116,m0+m1+m2+m3 [no_op_placed_but_not_occluding],,
85,f0085,controlled-occlusion,m4,mask\f0085_m4.png,True,True,,b4012380b83ea3b6cdd1312f0ff5c77d068d0dd8b5a957913611fc8a6ca6b184,4a5107f327dba32fe6a28d59864dd691c176d59479c96fbe304c4228054528ad,960,540,9561,False,e1d95481f454750f18ae8305ef19c113ec0b6d5deb3bc5eb083e37c30f2ed116,,,
86,f0086,clean-static,m0,mask\f0086_m0.png,True,True,,3eff40936f6617eda55069639dc280f8db9fcd22079aabc1d5664617783f52d6,30f26095a6f4747f6cc72d0693a3c0df5bf2143ba00c5dde71c4fe9c04a3e8e4,640,480,386,False,e9e780fa764737d3fb7cf3087e08e0cf7587e2979af05bc7f524a04cd2e73d0c,m0+m1+m2+m3+m4 [expected_no_op],,
86,f0086,clean-static,m1,mask\f0086_m1.png,True,True,,a08208c9d3e1f15e14b219c13f437908f6f37d20323e2c9284f85467990f639b,30f26095a6f4747f6cc72d0693a3c0df5bf2143ba00c5dde71c4fe9c04a3e8e4,640,480,386,False,e9e780fa764737d3fb7cf3087e08e0cf7587e2979af05bc7f524a04cd2e73d0c,m0+m1+m2+m3+m4 [expected_no_op],,
86,f0086,clean-static,m2,mask\f0086_m2.png,True,True,,2e29e5abc4883397bd1122f8a9b6cb59f4846d812e599989d17a06dcaaa1b50d,30f26095a6f4747f6cc72d0693a3c0df5bf2143ba00c5dde71c4fe9c04a3e8e4,640,480,386,False,e9e780fa764737d3fb7cf3087e08e0cf7587e2979af05bc7f524a04cd2e73d0c,m0+m1+m2+m3+m4 [expected_no_op],,
86,f0086,clean-static,m3,mask\f0086_m3.png,True,True,,2191d5cd9f4774347b9d4e59d5d293244460a7f58ce15174e804ad5cd365ec05,30f26095a6f4747f6cc72d0693a3c0df5bf2143ba00c5dde71c4fe9c04a3e8e4,640,480,386,False,e9e780fa764737d3fb7cf3087e08e0cf7587e2979af05bc7f524a04cd2e73d0c,m0+m1+m2+m3+m4 [expected_no_op],,
86,f0086,clean-static,m4,mask\f0086_m4.png,True,True,,bd687720773e156c0bf5eadee7a1f2abb5516197b5f1e947e323f541014c66d4,30f26095a6f4747f6cc72d0693a3c0df5bf2143ba00c5dde71c4fe9c04a3e8e4,640,480,386,False,e9e780fa764737d3fb7cf3087e08e0cf7587e2979af05bc7f524a04cd2e73d0c,m0+m1+m2+m3+m4 [expected_no_op],,
87,f0087,clean-static,m0,mask\f0087_m0.png,True,True,,f8fee109e1bdc4852fef92ed8853c65e09d34bfe273a6e0fa67fd52347af6d55,3861aa5167742a2d23ab917b2c216a43816a279eb7ed42bb9421e8d1887e6f76,640,480,12806,False,afa78f54873391fc02e8ab9b59c00c530cd0187aa753f4e28f2392d616127620,m0+m1+m2+m3+m4 [expected_no_op],,
87,f0087,clean-static,m1,mask\f0087_m1.png,True,True,,5b32795d06d9746f67c21f8e5f88480705c48003d1ca61abb6d9d8e47e4e7478,3861aa5167742a2d23ab917b2c216a43816a279eb7ed42bb9421e8d1887e6f76,640,480,12806,False,afa78f54873391fc02e8ab9b59c00c530cd0187aa753f4e28f2392d616127620,m0+m1+m2+m3+m4 [expected_no_op],,
87,f0087,clean-static,m2,mask\f0087_m2.png,True,True,,496b07afc5e67921a9047e564c0f3e0a9feab17c25315fee7b0b98bb18e45faa,3861aa5167742a2d23ab917b2c216a43816a279eb7ed42bb9421e8d1887e6f76,640,480,12806,False,afa78f54873391fc02e8ab9b59c00c530cd0187aa753f4e28f2392d616127620,m0+m1+m2+m3+m4 [expected_no_op],,
87,f0087,clean-static,m3,mask\f0087_m3.png,True,True,,ff0c870424f47f4f9caceb196b1f77198a0219694b4562343b36ece17f073708,3861aa5167742a2d23ab917b2c216a43816a279eb7ed42bb9421e8d1887e6f76,640,480,12806,False,afa78f54873391fc02e8ab9b59c00c530cd0187aa753f4e28f2392d616127620,m0+m1+m2+m3+m4 [expected_no_op],,
87,f0087,clean-static,m4,mask\f0087_m4.png,True,True,,b1bb3a1e5a217717295a540100661c125ddf9e8258dc9a3ee9a4ea761c3747d0,3861aa5167742a2d23ab917b2c216a43816a279eb7ed42bb9421e8d1887e6f76,640,480,12806,False,afa78f54873391fc02e8ab9b59c00c530cd0187aa753f4e28f2392d616127620,m0+m1+m2+m3+m4 [expected_no_op],,
88,f0088,clean-static,m0,mask\f0088_m0.png,True,True,,80f5559ae91270591c7c92da0ad4022fe7683acd04d5759121e42994cba240e4,4911d244067cf96711e9e90b7cd19041c72a1436bd14f6e74eb1c2d6fd424db6,640,480,60607,False,a57bc6a0139b8d794674a8e249be2ff8407df989999cf4f2cc8b9c4dcddf6102,m0+m1+m2+m3+m4 [expected_no_op],,
88,f0088,clean-static,m1,mask\f0088_m1.png,True,True,,64ae8e9c57e91c5d562e4b0d2ab3b47f9272022e5b2f9bacfe924ba56ae406ff,4911d244067cf96711e9e90b7cd19041c72a1436bd14f6e74eb1c2d6fd424db6,640,480,60607,False,a57bc6a0139b8d794674a8e249be2ff8407df989999cf4f2cc8b9c4dcddf6102,m0+m1+m2+m3+m4 [expected_no_op],,
88,f0088,clean-static,m2,mask\f0088_m2.png,True,True,,018cb73acac4bd8b5c788a18e10afdf00ae2943b4f16d6a0432df8e8c695eff0,4911d244067cf96711e9e90b7cd19041c72a1436bd14f6e74eb1c2d6fd424db6,640,480,60607,False,a57bc6a0139b8d794674a8e249be2ff8407df989999cf4f2cc8b9c4dcddf6102,m0+m1+m2+m3+m4 [expected_no_op],,
88,f0088,clean-static,m3,mask\f0088_m3.png,True,True,,f66afe784a62765bffc9a34c3814f9f5e8cf406e26f9603758ebcb0a5df2f5a8,4911d244067cf96711e9e90b7cd19041c72a1436bd14f6e74eb1c2d6fd424db6,640,480,60607,False,a57bc6a0139b8d794674a8e249be2ff8407df989999cf4f2cc8b9c4dcddf6102,m0+m1+m2+m3+m4 [expected_no_op],,
88,f0088,clean-static,m4,mask\f0088_m4.png,True,True,,07d5f0983be5fbfe4ba52540be329166dd277e2349ca4e8c07fbe23c1724500c,4911d244067cf96711e9e90b7cd19041c72a1436bd14f6e74eb1c2d6fd424db6,640,480,60607,False,a57bc6a0139b8d794674a8e249be2ff8407df989999cf4f2cc8b9c4dcddf6102,m0+m1+m2+m3+m4 [expected_no_op],,
89,f0089,clean-static,m0,mask\f0089_m0.png,True,True,,f80cb8340d049e4831cb3f01bebb3a81ec93c0784cab30c25949ce3ff97f9858,59fcda4ecd7b3f464a95770622877bd84e4d2e2833026ff27ed6a73823dcdd00,720,480,236871,False,f25f00457ae61d2682877124e1f2ff70abd9f3ddea848bb4db8a65b61633bc1d,m0+m1+m2+m3+m4 [expected_no_op],,
89,f0089,clean-static,m1,mask\f0089_m1.png,True,True,,4dda67523d2bc799d0182972b0a2197ca9b4fbba27aa0579378c5d22f8f11d6b,59fcda4ecd7b3f464a95770622877bd84e4d2e2833026ff27ed6a73823dcdd00,720,480,236871,False,f25f00457ae61d2682877124e1f2ff70abd9f3ddea848bb4db8a65b61633bc1d,m0+m1+m2+m3+m4 [expected_no_op],,
89,f0089,clean-static,m2,mask\f0089_m2.png,True,True,,d63c618c56681661865a82ecb5113c126dcd3b6d0f2855c98fcc0df010f02374,59fcda4ecd7b3f464a95770622877bd84e4d2e2833026ff27ed6a73823dcdd00,720,480,236871,False,f25f00457ae61d2682877124e1f2ff70abd9f3ddea848bb4db8a65b61633bc1d,m0+m1+m2+m3+m4 [expected_no_op],,
89,f0089,clean-static,m3,mask\f0089_m3.png,True,True,,dcda766f59c3dc5f5adab72e5354b81aa0659a9894745664762f54688120dd76,59fcda4ecd7b3f464a95770622877bd84e4d2e2833026ff27ed6a73823dcdd00,720,480,236871,False,f25f00457ae61d2682877124e1f2ff70abd9f3ddea848bb4db8a65b61633bc1d,m0+m1+m2+m3+m4 [expected_no_op],,
89,f0089,clean-static,m4,mask\f0089_m4.png,True,True,,1062fa33e702b300c9f0382c6c27646b869d56f5c96f1f37a62e7c3ce62a149c,59fcda4ecd7b3f464a95770622877bd84e4d2e2833026ff27ed6a73823dcdd00,720,480,236871,False,f25f00457ae61d2682877124e1f2ff70abd9f3ddea848bb4db8a65b61633bc1d,m0+m1+m2+m3+m4 [expected_no_op],,
90,f0090,clean-static,m0,mask\f0090_m0.png,True,True,,73b80aeb486201432ad339c8a5db16fc4b0384f0821390740f78421d09b3ad54,bc605691dd5a17126e89f6596128613ed34d4fb1c851a7c7537ae04b67a8a12d,640,480,510,False,79a9c013fb779820caa3c0652956a3db3ac748d065f35343c5af2ea2f50291bf,m0+m1+m2+m3+m4 [expected_no_op],,
90,f0090,clean-static,m1,mask\f0090_m1.png,True,True,,7ea9acf9cfa797f8cd184e3c2d48d7008c57d93ee8ebf0b6e99a54e77dba11b7,bc605691dd5a17126e89f6596128613ed34d4fb1c851a7c7537ae04b67a8a12d,640,480,510,False,79a9c013fb779820caa3c0652956a3db3ac748d065f35343c5af2ea2f50291bf,m0+m1+m2+m3+m4 [expected_no_op],,
90,f0090,clean-static,m2,mask\f0090_m2.png,True,True,,c30727099beb64bb1a37196b8f8953d7250ae0c182e694ee4d62d68490de5a57,bc605691dd5a17126e89f6596128613ed34d4fb1c851a7c7537ae04b67a8a12d,640,480,510,False,79a9c013fb779820caa3c0652956a3db3ac748d065f35343c5af2ea2f50291bf,m0+m1+m2+m3+m4 [expected_no_op],,
90,f0090,clean-static,m3,mask\f0090_m3.png,True,True,,77b418d49c6add99a3bdac3e444bd7b119ec869d14463e6c1465a82d25f64c30,bc605691dd5a17126e89f6596128613ed34d4fb1c851a7c7537ae04b67a8a12d,640,480,510,False,79a9c013fb779820caa3c0652956a3db3ac748d065f35343c5af2ea2f50291bf,m0+m1+m2+m3+m4 [expected_no_op],,
90,f0090,clean-static,m4,mask\f0090_m4.png,True,True,,08a86f9e50f3c0254086526c336d25e5996dce08340b21f5f02690ee11083778,bc605691dd5a17126e89f6596128613ed34d4fb1c851a7c7537ae04b67a8a12d,640,480,510,False,79a9c013fb779820caa3c0652956a3db3ac748d065f35343c5af2ea2f50291bf,m0+m1+m2+m3+m4 [expected_no_op],,
91,f0091,clean-static,m0,mask\f0091_m0.png,True,True,,e386ef7b9b27fd2d050286b05aa8adec0788fe6eae209fb5719111d266176aa0,03ff7076d985aa01d702f6eb6ca4ce09f72b78c2d90da982acd83da8c980c17c,560,560,5400,False,04954b00182ce31ba87738bc426cd3e8bd1f278f3c357cba87517d11a27c8a43,m0+m1+m2+m3+m4 [expected_no_op],,
91,f0091,clean-static,m1,mask\f0091_m1.png,True,True,,f1addf33aeb0c0afee7cef7a3ec7344415985b95f1ad179921e4c02774965fd7,03ff7076d985aa01d702f6eb6ca4ce09f72b78c2d90da982acd83da8c980c17c,560,560,5400,False,04954b00182ce31ba87738bc426cd3e8bd1f278f3c357cba87517d11a27c8a43,m0+m1+m2+m3+m4 [expected_no_op],,
91,f0091,clean-static,m2,mask\f0091_m2.png,True,True,,9f8cfd52c2925408fe7b4bca841fa53b4be0ead047349b01e95778c19b9950f0,03ff7076d985aa01d702f6eb6ca4ce09f72b78c2d90da982acd83da8c980c17c,560,560,5400,False,04954b00182ce31ba87738bc426cd3e8bd1f278f3c357cba87517d11a27c8a43,m0+m1+m2+m3+m4 [expected_no_op],,
91,f0091,clean-static,m3,mask\f0091_m3.png,True,True,,396c005ba3076f6d75a2072c18af7bc1ab8dd82fb67678b8bfe7d93983afa85b,03ff7076d985aa01d702f6eb6ca4ce09f72b78c2d90da982acd83da8c980c17c,560,560,5400,False,04954b00182ce31ba87738bc426cd3e8bd1f278f3c357cba87517d11a27c8a43,m0+m1+m2+m3+m4 [expected_no_op],,
91,f0091,clean-static,m4,mask\f0091_m4.png,True,True,,453c60e2fe1195dfd3e9bf09a0364f7de65131614e18c68b21ab6fb19b72a91f,03ff7076d985aa01d702f6eb6ca4ce09f72b78c2d90da982acd83da8c980c17c,560,560,5400,False,04954b00182ce31ba87738bc426cd3e8bd1f278f3c357cba87517d11a27c8a43,m0+m1+m2+m3+m4 [expected_no_op],,
92,f0092,clean-static,m0,mask\f0092_m0.png,True,True,,241224bf80d01445bf943fb1d7bfa8aa53920bb4f9272ece4f571a8c28391a47,6889b11beefc22d9ed5dcbb48b1a52972d38e9ac3b7e9e2214e07b93f99e8214,640,480,166400,False,4cd4b5a98f290c563589474f3b6d574ce6a27810cf24a5557eb93703c5bebc05,m0+m1+m2+m3+m4 [expected_no_op],,
92,f0092,clean-static,m1,mask\f0092_m1.png,True,True,,53023cbe4abe52a8c61f45352cc73467910277f1bfaaf2ac0b07158126378042,6889b11beefc22d9ed5dcbb48b1a52972d38e9ac3b7e9e2214e07b93f99e8214,640,480,166400,False,4cd4b5a98f290c563589474f3b6d574ce6a27810cf24a5557eb93703c5bebc05,m0+m1+m2+m3+m4 [expected_no_op],,
92,f0092,clean-static,m2,mask\f0092_m2.png,True,True,,dd4e50ef7587c932f7369c57aad7041d9c3004fffe0a9980fcce163cd6b4d310,6889b11beefc22d9ed5dcbb48b1a52972d38e9ac3b7e9e2214e07b93f99e8214,640,480,166400,False,4cd4b5a98f290c563589474f3b6d574ce6a27810cf24a5557eb93703c5bebc05,m0+m1+m2+m3+m4 [expected_no_op],,
92,f0092,clean-static,m3,mask\f0092_m3.png,True,True,,273c7b52787f97dda510175b4f7590ec93401c8b96a1dfab27cdb9e06c8d29b3,6889b11beefc22d9ed5dcbb48b1a52972d38e9ac3b7e9e2214e07b93f99e8214,640,480,166400,False,4cd4b5a98f290c563589474f3b6d574ce6a27810cf24a5557eb93703c5bebc05,m0+m1+m2+m3+m4 [expected_no_op],,
92,f0092,clean-static,m4,mask\f0092_m4.png,True,True,,3ae10525650f393ef7e5c3b118a9d2b89fc990a2c2778bde6f5c91576d0522c7,6889b11beefc22d9ed5dcbb48b1a52972d38e9ac3b7e9e2214e07b93f99e8214,640,480,166400,False,4cd4b5a98f290c563589474f3b6d574ce6a27810cf24a5557eb93703c5bebc05,m0+m1+m2+m3+m4 [expected_no_op],,
93,f0093,clean-static,m0,mask\f0093_m0.png,True,True,,8d77f6611ef6697f7568bde0860cfda4285946548d01c20e4f815953a332bb69,387066bd2ff59a62fe167ecf36b4618023bc7be695731d18dfe2fd34aaa2e47c,960,540,84281,False,8c490dbae32f355942197f38f754d0627721f6aa57baff403d5ba638bb871f8f,m0+m1+m2+m3+m4 [expected_no_op],,
93,f0093,clean-static,m1,mask\f0093_m1.png,True,True,,750941741f274c17f74ff62cc2c506915454d278d6a5cb09a7d50671430e1504,387066bd2ff59a62fe167ecf36b4618023bc7be695731d18dfe2fd34aaa2e47c,960,540,84281,False,8c490dbae32f355942197f38f754d0627721f6aa57baff403d5ba638bb871f8f,m0+m1+m2+m3+m4 [expected_no_op],,
93,f0093,clean-static,m2,mask\f0093_m2.png,True,True,,c9d3f52d1187ef6520d28fca6a13cae478e2a0d521fbb63f05819297c2d172b9,387066bd2ff59a62fe167ecf36b4618023bc7be695731d18dfe2fd34aaa2e47c,960,540,84281,False,8c490dbae32f355942197f38f754d0627721f6aa57baff403d5ba638bb871f8f,m0+m1+m2+m3+m4 [expected_no_op],,
93,f0093,clean-static,m3,mask\f0093_m3.png,True,True,,629483bd9fca27fa7c6a46a68e1a0decb27fb0863558bfcfdb5a63e6c3994cd5,387066bd2ff59a62fe167ecf36b4618023bc7be695731d18dfe2fd34aaa2e47c,960,540,84281,False,8c490dbae32f355942197f38f754d0627721f6aa57baff403d5ba638bb871f8f,m0+m1+m2+m3+m4 [expected_no_op],,
93,f0093,clean-static,m4,mask\f0093_m4.png,True,True,,03f9c5300c858737857e06b32677831b5143963d9e91ac451e08847bc838e95e,387066bd2ff59a62fe167ecf36b4618023bc7be695731d18dfe2fd34aaa2e47c,960,540,84281,False,8c490dbae32f355942197f38f754d0627721f6aa57baff403d5ba638bb871f8f,m0+m1+m2+m3+m4 [expected_no_op],,
94,f0094,clean-static,m0,mask\f0094_m0.png,True,True,,d63faf6b5a038fa6ade66dc2a195c7274ba7597bc5dcacdf515718852d17cfbc,5bf8bdd244fa1aa839d3bc036208a25d28da06c91a6979e5246784b664fbf760,640,480,39883,False,ba86808c51d419f85a9fdb0b3d0b0df4e1b65c6fcfa589d3d6d3771496c07213,m0+m1+m2+m3+m4 [expected_no_op],,
94,f0094,clean-static,m1,mask\f0094_m1.png,True,True,,8061f9ceffaa1f46a8dc6349132d041ed23c3fe6fd1b52011130634da292ea2a,5bf8bdd244fa1aa839d3bc036208a25d28da06c91a6979e5246784b664fbf760,640,480,39883,False,ba86808c51d419f85a9fdb0b3d0b0df4e1b65c6fcfa589d3d6d3771496c07213,m0+m1+m2+m3+m4 [expected_no_op],,
94,f0094,clean-static,m2,mask\f0094_m2.png,True,True,,382c7ce297e8ec2edbc60cdd9a2cb7c6c622f98cd914195c5d48698ad939c0cc,5bf8bdd244fa1aa839d3bc036208a25d28da06c91a6979e5246784b664fbf760,640,480,39883,False,ba86808c51d419f85a9fdb0b3d0b0df4e1b65c6fcfa589d3d6d3771496c07213,m0+m1+m2+m3+m4 [expected_no_op],,
94,f0094,clean-static,m3,mask\f0094_m3.png,True,True,,5e4aedee5135fd30923a33a61b6f9e4899ed5f5efcbbb479e21e79c4613fec1b,5bf8bdd244fa1aa839d3bc036208a25d28da06c91a6979e5246784b664fbf760,640,480,39883,False,ba86808c51d419f85a9fdb0b3d0b0df4e1b65c6fcfa589d3d6d3771496c07213,m0+m1+m2+m3+m4 [expected_no_op],,
94,f0094,clean-static,m4,mask\f0094_m4.png,True,True,,552b2c3875907e9e8e2c4630f106bc3e3a52fb2208cdfea4693b416ca195a392,5bf8bdd244fa1aa839d3bc036208a25d28da06c91a6979e5246784b664fbf760,640,480,39883,False,ba86808c51d419f85a9fdb0b3d0b0df4e1b65c6fcfa589d3d6d3771496c07213,m0+m1+m2+m3+m4 [expected_no_op],,
95,f0095,clean-static,m0,mask\f0095_m0.png,True,True,,5832034a21cece44295649b0bb632bb8d252ab9f5b9dff4b6d4ae3f03767f084,2d3a8f92cfb26616c9270006dab3fd360d051f755a2350a614d1f293ed2fcf41,960,540,6398,False,af563c60ab10dec1b530077b67e19b822a4d777567f00cdedbb6574b80bc2ee2,m0+m1+m2+m3+m4 [expected_no_op],,
95,f0095,clean-static,m1,mask\f0095_m1.png,True,True,,4bfe12c5267b1b5c25db3d14b91843bb09a7e5b182d093e37ebd8fbb2eb08017,2d3a8f92cfb26616c9270006dab3fd360d051f755a2350a614d1f293ed2fcf41,960,540,6398,False,af563c60ab10dec1b530077b67e19b822a4d777567f00cdedbb6574b80bc2ee2,m0+m1+m2+m3+m4 [expected_no_op],,
95,f0095,clean-static,m2,mask\f0095_m2.png,True,True,,41bb11b40b4cb412a7ff86796fcf0cfda55206ec745ff60a0c97c988914c5d2e,2d3a8f92cfb26616c9270006dab3fd360d051f755a2350a614d1f293ed2fcf41,960,540,6398,False,af563c60ab10dec1b530077b67e19b822a4d777567f00cdedbb6574b80bc2ee2,m0+m1+m2+m3+m4 [expected_no_op],,
95,f0095,clean-static,m3,mask\f0095_m3.png,True,True,,d41cef3436ff22c48e8f999c525b0748dc9973f5ecece448cbe480048b4b1db7,2d3a8f92cfb26616c9270006dab3fd360d051f755a2350a614d1f293ed2fcf41,960,540,6398,False,af563c60ab10dec1b530077b67e19b822a4d777567f00cdedbb6574b80bc2ee2,m0+m1+m2+m3+m4 [expected_no_op],,
95,f0095,clean-static,m4,mask\f0095_m4.png,True,True,,72f104e1799caa429213704a1b44d7c5d004fef3b0bd2c125fdb8728425e6971,2d3a8f92cfb26616c9270006dab3fd360d051f755a2350a614d1f293ed2fcf41,960,540,6398,False,af563c60ab10dec1b530077b67e19b822a4d777567f00cdedbb6574b80bc2ee2,m0+m1+m2+m3+m4 [expected_no_op],,
96,f0096,controlled-occlusion,m0,mask\f0096_m0.png,True,True,,3889a1b2245fb46e3164eebedb80c4b2cd61cd006e0ae44d26c1b9e314a36c9b,4483c12c18c37efde1d2d141a1ba3db82c8160a00e3a1fbf88d659fdc9d02ddf,640,480,94835,False,9eb0e76c62ede6bc7369476faa09291f29d84c6343c90da33e673d154d6a4d10,m0+m1+m2+m3 [no_op_placed_but_not_occluding],,
96,f0096,controlled-occlusion,m1,mask\f0096_m1.png,True,True,,c2ed38910087442969ef270b04578fd0cf99aa7ad251e1e5333fb665ccd05769,4483c12c18c37efde1d2d141a1ba3db82c8160a00e3a1fbf88d659fdc9d02ddf,640,480,94835,False,9eb0e76c62ede6bc7369476faa09291f29d84c6343c90da33e673d154d6a4d10,m0+m1+m2+m3 [no_op_placed_but_not_occluding],,
96,f0096,controlled-occlusion,m2,mask\f0096_m2.png,True,True,,663bd16708fc4f203a2afa3e5c585437761aef2439bde078950e39921bcf3e49,4483c12c18c37efde1d2d141a1ba3db82c8160a00e3a1fbf88d659fdc9d02ddf,640,480,94835,False,9eb0e76c62ede6bc7369476faa09291f29d84c6343c90da33e673d154d6a4d10,m0+m1+m2+m3 [no_op_placed_but_not_occluding],,
96,f0096,controlled-occlusion,m3,mask\f0096_m3.png,True,True,,2c869f71931cf9dc3e52dc0a7a7c38bba6e96c8e8d238252af045521f5a2329d,4483c12c18c37efde1d2d141a1ba3db82c8160a00e3a1fbf88d659fdc9d02ddf,640,480,94835,False,9eb0e76c62ede6bc7369476faa09291f29d84c6343c90da33e673d154d6a4d10,m0+m1+m2+m3 [no_op_placed_but_not_occluding],,
96,f0096,controlled-occlusion,m4,mask\f0096_m4.png,True,True,,93f249b03e8621636c354a5da767ad839d7b34eb87e927d56e663020ede08934,1107afc8dc3fae9c1fe964939f39b6ec5283d289ec85a4e87fde8ae23d5a6b12,640,480,63036,False,9eb0e76c62ede6bc7369476faa09291f29d84c6343c90da33e673d154d6a4d10,,,
97,f0097,clean-static,m0,mask\f0097_m0.png,True,True,,7412406287d55946b591292a3ceb499aeeb9c7b9f139df3c2c5d9604d7356696,84770a7d6a4affa53b076327380f194205f4f7d63dc5e7ce136340b6b73009f9,720,480,33845,False,3409cb6cb6d456c2e0a948f549fa7b58db436cbcae9e684954b9586dc1a37eb1,m0+m1+m2+m3+m4 [expected_no_op],,
97,f0097,clean-static,m1,mask\f0097_m1.png,True,True,,0a3acc2ed65f42ec3a34e6e39004b64e39332c6f8e39433d87e8170783380963,84770a7d6a4affa53b076327380f194205f4f7d63dc5e7ce136340b6b73009f9,720,480,33845,False,3409cb6cb6d456c2e0a948f549fa7b58db436cbcae9e684954b9586dc1a37eb1,m0+m1+m2+m3+m4 [expected_no_op],,
97,f0097,clean-static,m2,mask\f0097_m2.png,True,True,,32e29a03301af1be45b1b95eb8eecca6faf1e7d957950d6f2474de58e80c4e92,84770a7d6a4affa53b076327380f194205f4f7d63dc5e7ce136340b6b73009f9,720,480,33845,False,3409cb6cb6d456c2e0a948f549fa7b58db436cbcae9e684954b9586dc1a37eb1,m0+m1+m2+m3+m4 [expected_no_op],,
97,f0097,clean-static,m3,mask\f0097_m3.png,True,True,,e6f00e7b90b1ea1cd2d7536ba560c419f2d0e8d407f8485f55ef358aa6d541bc,84770a7d6a4affa53b076327380f194205f4f7d63dc5e7ce136340b6b73009f9,720,480,33845,False,3409cb6cb6d456c2e0a948f549fa7b58db436cbcae9e684954b9586dc1a37eb1,m0+m1+m2+m3+m4 [expected_no_op],,
97,f0097,clean-static,m4,mask\f0097_m4.png,True,True,,3efea599e7381bda69274eda8c92fc1f714a02d5da01837647e31c4c6385e5ff,84770a7d6a4affa53b076327380f194205f4f7d63dc5e7ce136340b6b73009f9,720,480,33845,False,3409cb6cb6d456c2e0a948f549fa7b58db436cbcae9e684954b9586dc1a37eb1,m0+m1+m2+m3+m4 [expected_no_op],,
98,f0098,controlled-occlusion,m0,mask\f0098_m0.png,True,True,,d1f2d9c951b37cc320cabc2c404e53a2a4ecd04db1e4c51d4032fa500b035cc4,9c58f6dfae2ac6b5019dc328e95c96ea726d4053c59bc06fe247aa56818933d2,960,540,7717,False,e863a641ecf4560f022983c11ce20426b403b394ef504f403d63018597687b3a,m0+m1+m2+m3 [no_op_placed_but_not_occluding],,
98,f0098,controlled-occlusion,m1,mask\f0098_m1.png,True,True,,685e5be499befab722776a20e1de8cd98dd6fcad4e6a514d265fd60120aeec31,9c58f6dfae2ac6b5019dc328e95c96ea726d4053c59bc06fe247aa56818933d2,960,540,7717,False,e863a641ecf4560f022983c11ce20426b403b394ef504f403d63018597687b3a,m0+m1+m2+m3 [no_op_placed_but_not_occluding],,
98,f0098,controlled-occlusion,m2,mask\f0098_m2.png,True,True,,c0d1a15843cf3e64e406a3f2ed26082c8c0f188943431a938f49065d014f06d2,9c58f6dfae2ac6b5019dc328e95c96ea726d4053c59bc06fe247aa56818933d2,960,540,7717,False,e863a641ecf4560f022983c11ce20426b403b394ef504f403d63018597687b3a,m0+m1+m2+m3 [no_op_placed_but_not_occluding],,
98,f0098,controlled-occlusion,m3,mask\f0098_m3.png,True,True,,ddf27f1e5918a4ec5a0a7632f9da87cdd27542b0c5a4fa8dd1ef75fa6b525a37,9c58f6dfae2ac6b5019dc328e95c96ea726d4053c59bc06fe247aa56818933d2,960,540,7717,False,e863a641ecf4560f022983c11ce20426b403b394ef504f403d63018597687b3a,m0+m1+m2+m3 [no_op_placed_but_not_occluding],,
98,f0098,controlled-occlusion,m4,mask\f0098_m4.png,True,True,,8c0277770a835808fe9f4034df56e0b01a9ea2a32cdf160dbc24d27bbd5c3bb2,17753611bb58cb8feafbe409d6f54d77c764d77ca662eb7ed49e3df1eda966ba,960,540,7186,False,e863a641ecf4560f022983c11ce20426b403b394ef504f403d63018597687b3a,,,
99,f0099,clean-static,m0,mask\f0099_m0.png,True,True,,2c7e7dd39a11d305973a2e82c44ad68b388e0a447d34590c392282734debb233,771d57e5728510cfbc1566e1ed40abb1c75a762364b96990998d9374a8c59ab3,640,480,136349,False,1f88461cdf5a4ac95c391a30ca56dfca520151b1468760aca94a1444cdff40c6,m0+m1+m2+m3+m4 [expected_no_op],,
99,f0099,clean-static,m1,mask\f0099_m1.png,True,True,,4107ebc31b268051d9455a5eddb8eb904e3b202ec88ddc99880ef0203fff4614,771d57e5728510cfbc1566e1ed40abb1c75a762364b96990998d9374a8c59ab3,640,480,136349,False,1f88461cdf5a4ac95c391a30ca56dfca520151b1468760aca94a1444cdff40c6,m0+m1+m2+m3+m4 [expected_no_op],,
99,f0099,clean-static,m2,mask\f0099_m2.png,True,True,,509eaef89f138cc723c0956c2bc24fcf9de104092ecb63f49fd6ab6a37ae56c9,771d57e5728510cfbc1566e1ed40abb1c75a762364b96990998d9374a8c59ab3,640,480,136349,False,1f88461cdf5a4ac95c391a30ca56dfca520151b1468760aca94a1444cdff40c6,m0+m1+m2+m3+m4 [expected_no_op],,
99,f0099,clean-static,m3,mask\f0099_m3.png,True,True,,36a851916c5d77021c83814fea10b6d222e11c945ee3eddb86293a37818db414,771d57e5728510cfbc1566e1ed40abb1c75a762364b96990998d9374a8c59ab3,640,480,136349,False,1f88461cdf5a4ac95c391a30ca56dfca520151b1468760aca94a1444cdff40c6,m0+m1+m2+m3+m4 [expected_no_op],,
99,f0099,clean-static,m4,mask\f0099_m4.png,True,True,,a4076bcb5d70a622d0c2da3fa528b5edec01e52e804750ba963059438b9e459e,771d57e5728510cfbc1566e1ed40abb1c75a762364b96990998d9374a8c59ab3,640,480,136349,False,1f88461cdf5a4ac95c391a30ca56dfca520151b1468760aca94a1444cdff40c6,m0+m1+m2+m3+m4 [expected_no_op],,
100,f0100,controlled-occlusion,m0,mask\f0100_m0.png,True,True,,f9c37ee3c9db8cd18eba5d2fc3a03aae0eb1fa06587992798fc554b74cac9ad1,f7d0fe5682397777a3e3a931de22846306ddd02d5b53c4a185442aadbeb37a8c,640,480,2007,False,abc19865d88573a199951ae6e6d7744a556ba55790186411e3fd7b75c5910922,m0+m1+m2+m3 [expected_no_op],,
100,f0100,controlled-occlusion,m1,mask\f0100_m1.png,True,True,,9a26e1cd5f04c2316bd2e9ef7047359c9184abc877d51370cb09f1efe790dbd7,f7d0fe5682397777a3e3a931de22846306ddd02d5b53c4a185442aadbeb37a8c,640,480,2007,False,abc19865d88573a199951ae6e6d7744a556ba55790186411e3fd7b75c5910922,m0+m1+m2+m3 [expected_no_op],,
100,f0100,controlled-occlusion,m2,mask\f0100_m2.png,True,True,,a6658e076ec2284aef8fa85acf3d9a745ef31781f046e10be7a792d530abb3e7,f7d0fe5682397777a3e3a931de22846306ddd02d5b53c4a185442aadbeb37a8c,640,480,2007,False,abc19865d88573a199951ae6e6d7744a556ba55790186411e3fd7b75c5910922,m0+m1+m2+m3 [expected_no_op],,
100,f0100,controlled-occlusion,m3,mask\f0100_m3.png,True,True,,3056a9008864fb2348ec17b6c5e7c458530f9dd9a078f611584e7046ffa59136,f7d0fe5682397777a3e3a931de22846306ddd02d5b53c4a185442aadbeb37a8c,640,480,2007,False,abc19865d88573a199951ae6e6d7744a556ba55790186411e3fd7b75c5910922,m0+m1+m2+m3 [expected_no_op],,
100,f0100,controlled-occlusion,m4,mask\f0100_m4.png,True,True,,f759a8fd225839197c7b13e00e60a1da3493a2e26df9110acd64a42942a59e3f,f46541d6b7b8098a6dc323e61e4d9ff184fac079b6e8121e0d732037496a4945,640,480,1698,False,abc19865d88573a199951ae6e6d7744a556ba55790186411e3fd7b75c5910922,,,
101,f0101,cargo-only,m0,mask\f0101_m0.png,True,True,,f3b61c01254be44d5b8ab9f8e7cb5d9d628832990e2d838a84392206fa589e48,f766818de4272ec7ec2e6c841f05e708c0af9bf6aa2a5bddd2a0ee5bb1c57f25,560,560,51758,False,3b28d9ffdb6d6df2e16fc3d596a319ba78ff1e5280a17a0a8f62c7ee675a6d5e,m0+m1 [expected_no_op],,
101,f0101,cargo-only,m1,mask\f0101_m1.png,True,True,,46ac26612eb99d0dce022dde3da0b47dba5bc765154b350acca6402b1d6e78f8,f766818de4272ec7ec2e6c841f05e708c0af9bf6aa2a5bddd2a0ee5bb1c57f25,560,560,51758,False,3b28d9ffdb6d6df2e16fc3d596a319ba78ff1e5280a17a0a8f62c7ee675a6d5e,m0+m1 [expected_no_op],,
101,f0101,cargo-only,m2,mask\f0101_m2.png,True,True,,5f9a0caa94c5396e33e17472a70d8cdc76b8abc6ccccca944f65c8f8a9582c75,0dddcfe5744b6d247c5fbfafb4276906012489e07391ad2ed2a7eb63ccd933c5,560,560,40445,False,3b28d9ffdb6d6df2e16fc3d596a319ba78ff1e5280a17a0a8f62c7ee675a6d5e,m2+m3+m4 [expected_no_op],,
101,f0101,cargo-only,m3,mask\f0101_m3.png,True,True,,e9385174d59219245b4e452ba08491c8d8aa7ab21d9d2faf42bc07d9fc965780,0dddcfe5744b6d247c5fbfafb4276906012489e07391ad2ed2a7eb63ccd933c5,560,560,40445,False,3b28d9ffdb6d6df2e16fc3d596a319ba78ff1e5280a17a0a8f62c7ee675a6d5e,m2+m3+m4 [expected_no_op],,
101,f0101,cargo-only,m4,mask\f0101_m4.png,True,True,,01f454a5892733a3a1b06ea4b273000dfd07f6bfbec21ebddc4ebb82c3c2b691,0dddcfe5744b6d247c5fbfafb4276906012489e07391ad2ed2a7eb63ccd933c5,560,560,40445,False,3b28d9ffdb6d6df2e16fc3d596a319ba78ff1e5280a17a0a8f62c7ee675a6d5e,m2+m3+m4 [expected_no_op],,
102,f0102,cargo-only,m0,mask\f0102_m0.png,True,True,,2a0bfef84a18ad30cf07516d5d27cbefc09fe709852af767ed550d572c16cb03,09b47a57859d8551247a1152a72dc1aa7ffc0cdac41aeaaa2dff8215faa9f901,720,480,57860,False,d1ba8f4176df9b2dd26d394858a1508fa08814b75211fe5c1f7a3d01125d60c8,m0+m1 [expected_no_op],,
102,f0102,cargo-only,m1,mask\f0102_m1.png,True,True,,f7c6e766ee667edddbc84439f47d6323a1ed0a12d18ff7014cd62e983bfe3826,09b47a57859d8551247a1152a72dc1aa7ffc0cdac41aeaaa2dff8215faa9f901,720,480,57860,False,d1ba8f4176df9b2dd26d394858a1508fa08814b75211fe5c1f7a3d01125d60c8,m0+m1 [expected_no_op],,
102,f0102,cargo-only,m2,mask\f0102_m2.png,True,True,,c627669f118e788e4dff9b005f6a6ed39671787ea548a7ef386c62292bc289eb,5e3c9f490fef89f8c82146aee0e2568b5c4e785f3c461732a80c3172dcc5fe81,720,480,52407,False,d1ba8f4176df9b2dd26d394858a1508fa08814b75211fe5c1f7a3d01125d60c8,m2+m3+m4 [expected_no_op],,
102,f0102,cargo-only,m3,mask\f0102_m3.png,True,True,,c627669f118e788e4dff9b005f6a6ed39671787ea548a7ef386c62292bc289eb,5e3c9f490fef89f8c82146aee0e2568b5c4e785f3c461732a80c3172dcc5fe81,720,480,52407,False,d1ba8f4176df9b2dd26d394858a1508fa08814b75211fe5c1f7a3d01125d60c8,m2+m3+m4 [expected_no_op],,
102,f0102,cargo-only,m4,mask\f0102_m4.png,True,True,,344bf1a49a439d6d11b07b0c53bcad4134b2146ae4563e4f0d31f5f5fd392a02,5e3c9f490fef89f8c82146aee0e2568b5c4e785f3c461732a80c3172dcc5fe81,720,480,52407,False,d1ba8f4176df9b2dd26d394858a1508fa08814b75211fe5c1f7a3d01125d60c8,m2+m3+m4 [expected_no_op],,
103,f0103,controlled-occlusion,m0,mask\f0103_m0.png,False,False,missing,,,,,,,,,,
103,f0103,controlled-occlusion,m1,mask\f0103_m1.png,False,False,missing,,,,,,,,,,
103,f0103,controlled-occlusion,m2,mask\f0103_m2.png,False,False,missing,,,,,,,,,,
103,f0103,controlled-occlusion,m3,mask\f0103_m3.png,False,False,missing,,,,,,,,,,
103,f0103,controlled-occlusion,m4,mask\f0103_m4.png,False,False,missing,,,,,,,,,,
104,f0104,cargo-only,m0,mask\f0104_m0.png,True,True,,9b6a0bef0f1ab271b1594c8a965dcb03b0834f3b4d989c24a32ad2a6a05db9fc,7b237e02a10b957dafd161b83ace2a720f76ec61768925fa3a368beac4bc22d3,960,540,266436,False,b6f977a026038d3490d1056cb27b8f17fe444f6296bc35d283709fd11177a444,m0+m1 [expected_no_op],,
104,f0104,cargo-only,m1,mask\f0104_m1.png,True,True,,4da1f7bcbb43f8b201e84dbdbc4d5e1835039225ad9e1a0791da2c58cad295c9,7b237e02a10b957dafd161b83ace2a720f76ec61768925fa3a368beac4bc22d3,960,540,266436,False,b6f977a026038d3490d1056cb27b8f17fe444f6296bc35d283709fd11177a444,m0+m1 [expected_no_op],,
104,f0104,cargo-only,m2,mask\f0104_m2.png,True,True,,7b37b3d862cb5a622a28487183fb7925fac119f856dd134ec54981bf242f68e3,d15f982b4a1b229464fa5368a129e91c0ce09ff45a4fbbb423fedd8a70e505b2,960,540,211524,False,b6f977a026038d3490d1056cb27b8f17fe444f6296bc35d283709fd11177a444,m2+m3+m4 [expected_no_op],,
104,f0104,cargo-only,m3,mask\f0104_m3.png,True,True,,5cdea15ce82ade20e649ed80c68eb12f68536f785ec2447d8de760bd7d6ece02,d15f982b4a1b229464fa5368a129e91c0ce09ff45a4fbbb423fedd8a70e505b2,960,540,211524,False,b6f977a026038d3490d1056cb27b8f17fe444f6296bc35d283709fd11177a444,m2+m3+m4 [expected_no_op],,
104,f0104,cargo-only,m4,mask\f0104_m4.png,True,True,,e4cfeeab5fd6ed93034c97fbffc77daf8e538b10de50d0d42bd3ec5b988d1ff7,d15f982b4a1b229464fa5368a129e91c0ce09ff45a4fbbb423fedd8a70e505b2,960,540,211524,False,b6f977a026038d3490d1056cb27b8f17fe444f6296bc35d283709fd11177a444,m2+m3+m4 [expected_no_op],,
105,f0105,controlled-occlusion,m0,mask\f0105_m0.png,False,False,missing,,,,,,,,,,
105,f0105,controlled-occlusion,m1,mask\f0105_m1.png,False,False,missing,,,,,,,,,,
105,f0105,controlled-occlusion,m2,mask\f0105_m2.png,False,False,missing,,,,,,,,,,
105,f0105,controlled-occlusion,m3,mask\f0105_m3.png,False,False,missing,,,,,,,,,,
105,f0105,controlled-occlusion,m4,mask\f0105_m4.png,False,False,missing,,,,,,,,,,
106,f0106,cargo-only,m0,mask\f0106_m0.png,True,True,,b8d39eb92d1dd102e37c9076a54579e90c0eefd86d07758ab1405fa7283b845e,d97cd2c3afbc0b7c6c4d8912150d4c6fe9a327fba98a96be19daed5c77e5abc1,960,540,269,False,f50756d4667f974202b1629366c19955d48fb69f80d0da61128e778cbd81c934,m0+m1 [expected_no_op],,
106,f0106,cargo-only,m1,mask\f0106_m1.png,True,True,,86f61cf79c8245753b8812770d636c3f4cd81d3a35730dd06a6b62fe30dc05e7,d97cd2c3afbc0b7c6c4d8912150d4c6fe9a327fba98a96be19daed5c77e5abc1,960,540,269,False,f50756d4667f974202b1629366c19955d48fb69f80d0da61128e778cbd81c934,m0+m1 [expected_no_op],,
106,f0106,cargo-only,m2,mask\f0106_m2.png,True,True,,a758a53927cb3e2a197b96c2815d1ceb229df550e6e7091bfaa1381e440080af,ca8c5c125016b246dc06ec985faeae079e4a0a22ce409842e0d570b7037230d8,960,540,264,False,f50756d4667f974202b1629366c19955d48fb69f80d0da61128e778cbd81c934,m2+m3+m4 [expected_no_op],,
106,f0106,cargo-only,m3,mask\f0106_m3.png,True,True,,6f23d6153996c248a67013f93cfbbf1c92c5782b4c99b6a539a6a90eac62fa2a,ca8c5c125016b246dc06ec985faeae079e4a0a22ce409842e0d570b7037230d8,960,540,264,False,f50756d4667f974202b1629366c19955d48fb69f80d0da61128e778cbd81c934,m2+m3+m4 [expected_no_op],,
106,f0106,cargo-only,m4,mask\f0106_m4.png,True,True,,4f7e1f3673152ee37b5f5fb3535ab7638fdf87cd7f97b803bd5092683ea172d3,ca8c5c125016b246dc06ec985faeae079e4a0a22ce409842e0d570b7037230d8,960,540,264,False,f50756d4667f974202b1629366c19955d48fb69f80d0da61128e778cbd81c934,m2+m3+m4 [expected_no_op],,
107,f0107,controlled-occlusion,m0,mask\f0107_m0.png,False,False,missing,,,,,,,,,,
107,f0107,controlled-occlusion,m1,mask\f0107_m1.png,False,False,missing,,,,,,,,,,
107,f0107,controlled-occlusion,m2,mask\f0107_m2.png,False,False,missing,,,,,,,,,,
107,f0107,controlled-occlusion,m3,mask\f0107_m3.png,False,False,missing,,,,,,,,,,
107,f0107,controlled-occlusion,m4,mask\f0107_m4.png,False,False,missing,,,,,,,,,,
108,f0108,cargo-only,m0,mask\f0108_m0.png,True,True,,2a5cc98e94e4a9fdafeae1c5e4f21755489dd2d24f98c1071653fe296dcc370d,c670561d4d5c21636d662756ce1d29ff50c1f4dce284ffb6153d67a2b4b94693,640,480,2151,False,f606be1124a1903ab7340c7d95e7f6dbaad38ff3c4fe11c7818e34db3e302457,m0+m1 [expected_no_op],,
108,f0108,cargo-only,m1,mask\f0108_m1.png,True,True,,515749ca77c557ac7e4d059c0b24e4dc1902578230361f5fafe76470322187b0,c670561d4d5c21636d662756ce1d29ff50c1f4dce284ffb6153d67a2b4b94693,640,480,2151,False,f606be1124a1903ab7340c7d95e7f6dbaad38ff3c4fe11c7818e34db3e302457,m0+m1 [expected_no_op],,
108,f0108,cargo-only,m2,mask\f0108_m2.png,True,True,,d6e1f1f0a1ea14609f51da313ba5e79d262783a0d634eabf27ed65e57d8d6eec,5343b76d67db86a9f489cd4f9f907ac8ae34be1af293e86f7ccf59b95f864cf4,640,480,2011,False,f606be1124a1903ab7340c7d95e7f6dbaad38ff3c4fe11c7818e34db3e302457,m2+m3+m4 [expected_no_op],,
108,f0108,cargo-only,m3,mask\f0108_m3.png,True,True,,a3bfd75876c1b99ebc1e7b2d403a0f2859e66e9f115b17aaebcd6f81489dfa90,5343b76d67db86a9f489cd4f9f907ac8ae34be1af293e86f7ccf59b95f864cf4,640,480,2011,False,f606be1124a1903ab7340c7d95e7f6dbaad38ff3c4fe11c7818e34db3e302457,m2+m3+m4 [expected_no_op],,
108,f0108,cargo-only,m4,mask\f0108_m4.png,True,True,,045de407a3e8e3902e3b915592ba37a58eecef05344e788b991d88f1e7aa3399,5343b76d67db86a9f489cd4f9f907ac8ae34be1af293e86f7ccf59b95f864cf4,640,480,2011,False,f606be1124a1903ab7340c7d95e7f6dbaad38ff3c4fe11c7818e34db3e302457,m2+m3+m4 [expected_no_op],,
109,f0109,controlled-occlusion,m0,mask\f0109_m0.png,False,False,missing,,,,,,,,,,
109,f0109,controlled-occlusion,m1,mask\f0109_m1.png,False,False,missing,,,,,,,,,,
109,f0109,controlled-occlusion,m2,mask\f0109_m2.png,False,False,missing,,,,,,,,,,
109,f0109,controlled-occlusion,m3,mask\f0109_m3.png,False,False,missing,,,,,,,,,,
109,f0109,controlled-occlusion,m4,mask\f0109_m4.png,False,False,missing,,,,,,,,,,
110,f0110,cargo-only,m0,mask\f0110_m0.png,True,True,,7de2c662d26c89d881b2d9288182d1d5c2ca060b45a69b47b8b52a8c13abc578,a0e2bc46865c7ce53e14f5ae27e84d5f46029c38770e0081808201e9bd20e696,640,480,83180,False,51b48842b21c1377ead97d864da4864f08f841579fd250663dd5942b79cf7797,m0+m1 [expected_no_op],,
110,f0110,cargo-only,m1,mask\f0110_m1.png,True,True,,529ed5d0bd3bbcbdb8cac6791f81499518f021ddab8920024b6ebbf3d4ff4971,a0e2bc46865c7ce53e14f5ae27e84d5f46029c38770e0081808201e9bd20e696,640,480,83180,False,51b48842b21c1377ead97d864da4864f08f841579fd250663dd5942b79cf7797,m0+m1 [expected_no_op],,
110,f0110,cargo-only,m2,mask\f0110_m2.png,True,True,,7dd212ce87160c68a0e06e120c46540868f224f4436262b9d896735a0a9cfabd,62644020b5a08a466570a5b58f66f6be763155c89a457e9345ecc340dd6888ba,640,480,64771,False,51b48842b21c1377ead97d864da4864f08f841579fd250663dd5942b79cf7797,m2+m3+m4 [expected_no_op],,
110,f0110,cargo-only,m3,mask\f0110_m3.png,True,True,,a7a7fd552118e0d4f5fc736c4b3ca7ce6b25901999337278fa209801fc81f247,62644020b5a08a466570a5b58f66f6be763155c89a457e9345ecc340dd6888ba,640,480,64771,False,51b48842b21c1377ead97d864da4864f08f841579fd250663dd5942b79cf7797,m2+m3+m4 [expected_no_op],,
110,f0110,cargo-only,m4,mask\f0110_m4.png,True,True,,85a655fd81dd454145a4c4ad7a4e956c8dd2860f260139bc1d8a1c5739787d24,62644020b5a08a466570a5b58f66f6be763155c89a457e9345ecc340dd6888ba,640,480,64771,False,51b48842b21c1377ead97d864da4864f08f841579fd250663dd5942b79cf7797,m2+m3+m4 [expected_no_op],,
111,f0111,cargo-only,m0,mask\f0111_m0.png,True,True,,23cf095833135c99a21083170d681ee0bdad52b61b475ffd997a7ee477f309c6,41c8bf49d172533c225578d53bb40901fec84330c92c613db47ecb19de92353f,960,540,188925,False,e362cbd6f56d21211cd7b1b7fd4444738cb9b79b878f2c75b32cb4987ae8895a,,,
111,f0111,cargo-only,m1,mask\f0111_m1.png,True,True,,4114b440dad3091f640b3e36fe7378df55f936b00115d9840a2bf957e587db44,10bc47b35f8fa882ed5f7485175c937afdb98a78697ab372d769511fe2c58409,960,540,188924,False,e362cbd6f56d21211cd7b1b7fd4444738cb9b79b878f2c75b32cb4987ae8895a,,,
111,f0111,cargo-only,m2,mask\f0111_m2.png,True,True,,64c52706f796eeb706ba020e6c2c27a0fe894dca8b36967a44893ddf2cb6e66a,c42ccbeec13c58352fec3f03d5dd06803de5ead74700c67d9655d92d3d66dd5d,960,540,188532,False,e362cbd6f56d21211cd7b1b7fd4444738cb9b79b878f2c75b32cb4987ae8895a,m2+m3+m4 [expected_no_op],,
111,f0111,cargo-only,m3,mask\f0111_m3.png,True,True,,128c10956080e683b536f9487721564c3a700087f9c8a7815b86d1cf0b5eebdc,c42ccbeec13c58352fec3f03d5dd06803de5ead74700c67d9655d92d3d66dd5d,960,540,188532,False,e362cbd6f56d21211cd7b1b7fd4444738cb9b79b878f2c75b32cb4987ae8895a,m2+m3+m4 [expected_no_op],,
111,f0111,cargo-only,m4,mask\f0111_m4.png,True,True,,e98d0fa94e64144f49cf5d8b2a32e34db7290ea45678fc6d6257472c1b83d2fd,c42ccbeec13c58352fec3f03d5dd06803de5ead74700c67d9655d92d3d66dd5d,960,540,188532,False,e362cbd6f56d21211cd7b1b7fd4444738cb9b79b878f2c75b32cb4987ae8895a,m2+m3+m4 [expected_no_op],,
112,f0112,cargo-only,m0,mask\f0112_m0.png,True,True,,1bd50fa596c0ba23d9dda19ac5e43cb845659ef034094e50b6d74176fd69e9a7,963c74a2e41d54df36b5ccdfd4494cc23dd8f0982368fa28ed87e33bec79708d,960,540,49400,False,1ab9d1ecaf41da360cbba2bc056ae22a27031b7e19f74a7ef1dc180b744c2cfa,m0+m1 [expected_no_op],,
112,f0112,cargo-only,m1,mask\f0112_m1.png,True,True,,8982ce36046b8d327e2116ac11628aeff82ddb6fb874f0ae6d8170215b4a36e4,963c74a2e41d54df36b5ccdfd4494cc23dd8f0982368fa28ed87e33bec79708d,960,540,49400,False,1ab9d1ecaf41da360cbba2bc056ae22a27031b7e19f74a7ef1dc180b744c2cfa,m0+m1 [expected_no_op],,
112,f0112,cargo-only,m2,mask\f0112_m2.png,True,True,,875a7db854014f439fc8ee3efa6b1dce1756972c1264e56c87a058f70e12fcbc,8eacaf27f56883a2704afb9e67b9171ab0a8fe72e42cf94843aabc3a2a4845a7,960,540,42908,False,1ab9d1ecaf41da360cbba2bc056ae22a27031b7e19f74a7ef1dc180b744c2cfa,m2+m3+m4 [expected_no_op],,
112,f0112,cargo-only,m3,mask\f0112_m3.png,True,True,,c17da05d3f021f3b694000e0eaed332957e0a5fdb0540ae01cb13b972116ea68,8eacaf27f56883a2704afb9e67b9171ab0a8fe72e42cf94843aabc3a2a4845a7,960,540,42908,False,1ab9d1ecaf41da360cbba2bc056ae22a27031b7e19f74a7ef1dc180b744c2cfa,m2+m3+m4 [expected_no_op],,
112,f0112,cargo-only,m4,mask\f0112_m4.png,True,True,,917a2ee996158460007f4cf96e76f7f0401a821785358e71da65cbe1f7d3c115,8eacaf27f56883a2704afb9e67b9171ab0a8fe72e42cf94843aabc3a2a4845a7,960,540,42908,False,1ab9d1ecaf41da360cbba2bc056ae22a27031b7e19f74a7ef1dc180b744c2cfa,m2+m3+m4 [expected_no_op],,
113,f0113,controlled-occlusion,m0,mask\f0113_m0.png,False,False,missing,,,,,,,,,,
113,f0113,controlled-occlusion,m1,mask\f0113_m1.png,False,False,missing,,,,,,,,,,
113,f0113,controlled-occlusion,m2,mask\f0113_m2.png,False,False,missing,,,,,,,,,,
113,f0113,controlled-occlusion,m3,mask\f0113_m3.png,False,False,missing,,,,,,,,,,
113,f0113,controlled-occlusion,m4,mask\f0113_m4.png,False,False,missing,,,,,,,,,,
114,f0114,controlled-occlusion,m0,mask\f0114_m0.png,False,False,missing,,,,,,,,,,
114,f0114,controlled-occlusion,m1,mask\f0114_m1.png,False,False,missing,,,,,,,,,,
114,f0114,controlled-occlusion,m2,mask\f0114_m2.png,False,False,missing,,,,,,,,,,
114,f0114,controlled-occlusion,m3,mask\f0114_m3.png,False,False,missing,,,,,,,,,,
114,f0114,controlled-occlusion,m4,mask\f0114_m4.png,False,False,missing,,,,,,,,,,
115,f0115,cargo-only,m0,mask\f0115_m0.png,True,True,,804d569e5b039901fe5f4a7cd21d46e37fb91f6f02996ca0bfe2143cf99cbd22,017acfcee4d20826a86964060027075062df90843fa1eb79af139d4e0a2b22a3,640,480,2791,False,6e21dcb00b66b993d694c557fa8a80c2a971f4b2352ef12748ee83e6c1be934c,m0+m1 [expected_no_op],,
115,f0115,cargo-only,m1,mask\f0115_m1.png,True,True,,a61651f2b4dfedb53477010f63026c4e7b8a65ad4dd6c1cbf39d80462fb5a51d,017acfcee4d20826a86964060027075062df90843fa1eb79af139d4e0a2b22a3,640,480,2791,False,6e21dcb00b66b993d694c557fa8a80c2a971f4b2352ef12748ee83e6c1be934c,m0+m1 [expected_no_op],,
115,f0115,cargo-only,m2,mask\f0115_m2.png,True,True,,728eb36de84b999e1718eae01efbb95346213f698c85a686cb9d411a24ebf391,fc9fdbe540c6ec2ed38a74a2a0db444f0e3354643d5922e6c8c1519449b913a5,640,480,2334,False,6e21dcb00b66b993d694c557fa8a80c2a971f4b2352ef12748ee83e6c1be934c,m2+m3+m4 [expected_no_op],,
115,f0115,cargo-only,m3,mask\f0115_m3.png,True,True,,53da20fdb4a6a7ce9ba4fa369e620313f73dae91b17969da133c4b2fdeb256e2,fc9fdbe540c6ec2ed38a74a2a0db444f0e3354643d5922e6c8c1519449b913a5,640,480,2334,False,6e21dcb00b66b993d694c557fa8a80c2a971f4b2352ef12748ee83e6c1be934c,m2+m3+m4 [expected_no_op],,
115,f0115,cargo-only,m4,mask\f0115_m4.png,True,True,,63f4e4ce18e5da7bde6dab8446fd8e3dce60cd4cc395706c10848b6b9c6ead72,fc9fdbe540c6ec2ed38a74a2a0db444f0e3354643d5922e6c8c1519449b913a5,640,480,2334,False,6e21dcb00b66b993d694c557fa8a80c2a971f4b2352ef12748ee83e6c1be934c,m2+m3+m4 [expected_no_op],,
116,f0116,cargo-only,m0,mask\f0116_m0.png,True,True,,a04224cacd3798b5eb0b7f9c509339712b097eeed5b9eba09da4510b71223884,fe775e618769b6c6b4ff395d1bc34df91e3b93ad7045ad26ab6ede96e300d64d,720,480,35424,False,f43a87621b4ed490622cb5c48574d9aba9adf5630cb532f5267316be5e5dac25,m0+m1 [expected_no_op],,
116,f0116,cargo-only,m1,mask\f0116_m1.png,True,True,,6c457c0463e5bb2d9fd94dbf712a134abde7d8b51a68331803fd750b83b03187,fe775e618769b6c6b4ff395d1bc34df91e3b93ad7045ad26ab6ede96e300d64d,720,480,35424,False,f43a87621b4ed490622cb5c48574d9aba9adf5630cb532f5267316be5e5dac25,m0+m1 [expected_no_op],,
116,f0116,cargo-only,m2,mask\f0116_m2.png,True,True,,550c9afa1aa9c7522c8d49e155e3bcae959c8cfc6234d4eb66b2119ae19ba35e,7f25adbcca3734f7e366dab39958399e8bc98b8777ad53d012b16bf10af87e1a,720,480,29150,False,f43a87621b4ed490622cb5c48574d9aba9adf5630cb532f5267316be5e5dac25,m2+m3+m4 [expected_no_op],,
116,f0116,cargo-only,m3,mask\f0116_m3.png,True,True,,7563f0e3c0745e9d105987b7663e024aa78a59f0e982c556a6e718a54be59715,7f25adbcca3734f7e366dab39958399e8bc98b8777ad53d012b16bf10af87e1a,720,480,29150,False,f43a87621b4ed490622cb5c48574d9aba9adf5630cb532f5267316be5e5dac25,m2+m3+m4 [expected_no_op],,
116,f0116,cargo-only,m4,mask\f0116_m4.png,True,True,,1238773cf622aba66d9800f8d8df55712952d51f6072b1432cce839ee3ae427a,7f25adbcca3734f7e366dab39958399e8bc98b8777ad53d012b16bf10af87e1a,720,480,29150,False,f43a87621b4ed490622cb5c48574d9aba9adf5630cb532f5267316be5e5dac25,m2+m3+m4 [expected_no_op],,
117,f0117,cargo-only,m0,mask\f0117_m0.png,True,True,,a4c1f9d42ed537a8695c1790c2c2cef99ba7d9d1378647d9a5ed59071643f7a0,23a1eb44f4e8743890a3c94c890c503f6dfa4473046a73a4f2622f694552fff1,640,480,459,False,b55251feba02dda830c596669ef8426749bb37214d763c510afed0c1b7538fc4,m0+m1 [expected_no_op],,
117,f0117,cargo-only,m1,mask\f0117_m1.png,True,True,,fc277665f525b2b62a65ba51e35fa58e111eee51aacdab78c1170e694e2874c7,23a1eb44f4e8743890a3c94c890c503f6dfa4473046a73a4f2622f694552fff1,640,480,459,False,b55251feba02dda830c596669ef8426749bb37214d763c510afed0c1b7538fc4,m0+m1 [expected_no_op],,
117,f0117,cargo-only,m2,mask\f0117_m2.png,True,True,,4035dd28cf5c089963ed4954c45f482dc3531ac1d06179d4eb41e26e85659604,7adf33c054f4f0a10ee39536e6ff09b25d669c893de1246191f6f07e5f96cc1e,640,480,364,False,b55251feba02dda830c596669ef8426749bb37214d763c510afed0c1b7538fc4,m2+m3+m4 [expected_no_op],,
117,f0117,cargo-only,m3,mask\f0117_m3.png,True,True,,89d30d4c8c3874376667d81c9dabda5ea036edfd1302e7d2a7f38237e46653a2,7adf33c054f4f0a10ee39536e6ff09b25d669c893de1246191f6f07e5f96cc1e,640,480,364,False,b55251feba02dda830c596669ef8426749bb37214d763c510afed0c1b7538fc4,m2+m3+m4 [expected_no_op],,
117,f0117,cargo-only,m4,mask\f0117_m4.png,True,True,,5e699163b156043880c4929d1bc3d0d7480324a5fb6353025fbfab848f8aac46,7adf33c054f4f0a10ee39536e6ff09b25d669c893de1246191f6f07e5f96cc1e,640,480,364,False,b55251feba02dda830c596669ef8426749bb37214d763c510afed0c1b7538fc4,m2+m3+m4 [expected_no_op],,
118,f0118,cargo-only,m0,mask\f0118_m0.png,True,True,,88d6d7123b3c56144929908955e930e4f8f59d5c380c2a55eaaccc72ebdc907a,f5aa9fe3542053b3043f5852894de8da4bca33f5da948f36237b1cd612864df3,640,480,43547,False,8b8c3b9821f3aa6d2d6bed988a27ff3f10d74b29b696ce62cde3d46757cd8d92,m0+m1 [expected_no_op],,
118,f0118,cargo-only,m1,mask\f0118_m1.png,True,True,,9b53855a95e04b6d31b6804482612bdfa4de579b78de7bf5ce323619b6d919e6,f5aa9fe3542053b3043f5852894de8da4bca33f5da948f36237b1cd612864df3,640,480,43547,False,8b8c3b9821f3aa6d2d6bed988a27ff3f10d74b29b696ce62cde3d46757cd8d92,m0+m1 [expected_no_op],,
118,f0118,cargo-only,m2,mask\f0118_m2.png,True,True,,e66fbeea438a4a6e8a93236093a7fb9f22a7494e0f72b7ae7ab7fec264fd1f1e,512f994d537d2692c0eb7fbadf63f43d31af4c641f7e2c7d040dc2ab598ca623,640,480,43541,False,8b8c3b9821f3aa6d2d6bed988a27ff3f10d74b29b696ce62cde3d46757cd8d92,m2+m3+m4 [expected_no_op],,
118,f0118,cargo-only,m3,mask\f0118_m3.png,True,True,,6ef7f558f9f05b97de82aca2b4cf42f63f764135b63650730ebbce62cc7c6538,512f994d537d2692c0eb7fbadf63f43d31af4c641f7e2c7d040dc2ab598ca623,640,480,43541,False,8b8c3b9821f3aa6d2d6bed988a27ff3f10d74b29b696ce62cde3d46757cd8d92,m2+m3+m4 [expected_no_op],,
118,f0118,cargo-only,m4,mask\f0118_m4.png,True,True,,2cc0d8fdc156eebaddaac383d8f742ad004dc0db07be2322c580a68fe936cc8b,512f994d537d2692c0eb7fbadf63f43d31af4c641f7e2c7d040dc2ab598ca623,640,480,43541,False,8b8c3b9821f3aa6d2d6bed988a27ff3f10d74b29b696ce62cde3d46757cd8d92,m2+m3+m4 [expected_no_op],,
119,f0119,cargo-only,m0,mask\f0119_m0.png,True,True,,1d1b01a041310fd1eec721d6d890849d7409ece4c18aa1784915bf07893f6ec9,7cbd642edb069987fa166ad5b4fbee34888ae2849501912d9f1a4b256d3b92f9,960,540,163734,False,fa3d1e3482e4c88c1cd9d1b1a9d505ceeeb9bd26904e6d8b8a0f0ac5bd8022ec,m0+m1+m2+m3+m4 [no_op_placed_but_not_occluding],,
119,f0119,cargo-only,m1,mask\f0119_m1.png,True,True,,75a3614779fbcf3dd1f8acf47bf336d0e6256c2eaf710518bca97d587bc08b6a,7cbd642edb069987fa166ad5b4fbee34888ae2849501912d9f1a4b256d3b92f9,960,540,163734,False,fa3d1e3482e4c88c1cd9d1b1a9d505ceeeb9bd26904e6d8b8a0f0ac5bd8022ec,m0+m1+m2+m3+m4 [no_op_placed_but_not_occluding],,
119,f0119,cargo-only,m2,mask\f0119_m2.png,True,True,,0b8e1f7f4a31fa29bfd71a5ba187558b51fce8f49990be957f74bb7a23c2708f,7cbd642edb069987fa166ad5b4fbee34888ae2849501912d9f1a4b256d3b92f9,960,540,163734,False,fa3d1e3482e4c88c1cd9d1b1a9d505ceeeb9bd26904e6d8b8a0f0ac5bd8022ec,m0+m1+m2+m3+m4 [no_op_placed_but_not_occluding],,
119,f0119,cargo-only,m3,mask\f0119_m3.png,True,True,,3f30de6aba6cb5f75675b4a75b0cd339902344ac80892a5fdc36331893592218,7cbd642edb069987fa166ad5b4fbee34888ae2849501912d9f1a4b256d3b92f9,960,540,163734,False,fa3d1e3482e4c88c1cd9d1b1a9d505ceeeb9bd26904e6d8b8a0f0ac5bd8022ec,m0+m1+m2+m3+m4 [no_op_placed_but_not_occluding],,
119,f0119,cargo-only,m4,mask\f0119_m4.png,True,True,,cebf2970b7b335a69b951038aa727c5b9e1b01aa858eacc47cd41c27d4fe5f7c,7cbd642edb069987fa166ad5b4fbee34888ae2849501912d9f1a4b256d3b92f9,960,540,163734,False,fa3d1e3482e4c88c1cd9d1b1a9d505ceeeb9bd26904e6d8b8a0f0ac5bd8022ec,m0+m1+m2+m3+m4 [no_op_placed_but_not_occluding],,
120,f0120,controlled-occlusion,m0,mask\f0120_m0.png,True,True,,2e49b295f6ab0599923b0b34f0279e51cd76f74eceb6a67ecbb1f489d9e9ec97,d854c7dcc8493773e4076039b5e5a419e0794089c47370da1ef86a245d93e921,640,480,23281,False,8168ce911339475cc822528719f8000a88cd13b716ca407cbf2c8dd6cb892672,m0+m1+m2+m3 [no_op_placed_but_not_occluding],,
120,f0120,controlled-occlusion,m1,mask\f0120_m1.png,True,True,,2490fa959d24a330d708e797fc54c0d0bedad5382237769b8e92a3c3e5609ac6,d854c7dcc8493773e4076039b5e5a419e0794089c47370da1ef86a245d93e921,640,480,23281,False,8168ce911339475cc822528719f8000a88cd13b716ca407cbf2c8dd6cb892672,m0+m1+m2+m3 [no_op_placed_but_not_occluding],,
120,f0120,controlled-occlusion,m2,mask\f0120_m2.png,True,True,,bf11d667ff0c498596af2cbdf96b823ba720e8f39f4d667474a381adb41ec747,d854c7dcc8493773e4076039b5e5a419e0794089c47370da1ef86a245d93e921,640,480,23281,False,8168ce911339475cc822528719f8000a88cd13b716ca407cbf2c8dd6cb892672,m0+m1+m2+m3 [no_op_placed_but_not_occluding],,
120,f0120,controlled-occlusion,m3,mask\f0120_m3.png,True,True,,8cf571bfd865316915849db695d587332e333f3e0f6baba55ef135dd18a50adc,d854c7dcc8493773e4076039b5e5a419e0794089c47370da1ef86a245d93e921,640,480,23281,False,8168ce911339475cc822528719f8000a88cd13b716ca407cbf2c8dd6cb892672,m0+m1+m2+m3 [no_op_placed_but_not_occluding],,
120,f0120,controlled-occlusion,m4,mask\f0120_m4.png,True,True,,0b94451dce037ddde84ae5464113ec1755d6d7c1b504d15c88d3b838c8933f8c,323f7ecd850daae8bf50bcc0d52e58e0a3127fabb59248a477f9b430b395ac25,640,480,22147,False,8168ce911339475cc822528719f8000a88cd13b716ca407cbf2c8dd6cb892672,,,
121,f0121,cargo-only,m0,mask\f0121_m0.png,True,True,,c7635fe159d9d04d7efe78fc1da30feb6a81ded5d1502e7ceb8a08ded5bc95fe,858b966bb22d934bcd8f601eefe2bc142d38feeec957f0d72da2a632b62a4a86,720,480,32343,False,c9cbf54ea70c6ae492ed266ec40db03d983c7a6ddb9650a393eeb8f42d7cab2f,m0+m1 [expected_no_op],,
121,f0121,cargo-only,m1,mask\f0121_m1.png,True,True,,2924c8605a7fadbd4b27646745d65c631712002bafd930be1b17c61abe990b20,858b966bb22d934bcd8f601eefe2bc142d38feeec957f0d72da2a632b62a4a86,720,480,32343,False,c9cbf54ea70c6ae492ed266ec40db03d983c7a6ddb9650a393eeb8f42d7cab2f,m0+m1 [expected_no_op],,
121,f0121,cargo-only,m2,mask\f0121_m2.png,True,True,,f5ef5574ad2ef5d1b05145792202dd0515a914dfa6f109373cc001cd9825a636,c5ce71226a57bda25862489ad47375d6671546e9b64cab9250136c7ec8766e0e,720,480,25576,False,c9cbf54ea70c6ae492ed266ec40db03d983c7a6ddb9650a393eeb8f42d7cab2f,m2+m3+m4 [expected_no_op],,
121,f0121,cargo-only,m3,mask\f0121_m3.png,True,True,,dc8403bb9412a668fd3cf14d6770d3677d252341139cd3201f923a6693878837,c5ce71226a57bda25862489ad47375d6671546e9b64cab9250136c7ec8766e0e,720,480,25576,False,c9cbf54ea70c6ae492ed266ec40db03d983c7a6ddb9650a393eeb8f42d7cab2f,m2+m3+m4 [expected_no_op],,
121,f0121,cargo-only,m4,mask\f0121_m4.png,True,True,,a4c932c0f8f841c73cd98830c1ef8cc8dfc7ae9e23ff6ee98101ea18ad1fc3d2,c5ce71226a57bda25862489ad47375d6671546e9b64cab9250136c7ec8766e0e,720,480,25576,False,c9cbf54ea70c6ae492ed266ec40db03d983c7a6ddb9650a393eeb8f42d7cab2f,m2+m3+m4 [expected_no_op],,
122,f0122,cargo-only,m0,mask\f0122_m0.png,True,True,,33d278fbdc925ca35c7c9ad1d43cf0029c4fc34bc5be8e5d681d4ea0b2552157,45e542ae73f0a43b140e0ac04a95c52f6c7333bb12d0d0dc690fc7db4b60ac46,960,540,104005,False,f8b395f08c1ee9abff3e9f08749d857fcee1ead57e9af392094bbe55802a684b,m0+m1+m2+m3+m4 [no_op_placed_but_not_occluding],,
122,f0122,cargo-only,m1,mask\f0122_m1.png,True,True,,841880f86a434ecda53cdb7bde6a8ef06097668ae41186c05da99b92833d7c59,45e542ae73f0a43b140e0ac04a95c52f6c7333bb12d0d0dc690fc7db4b60ac46,960,540,104005,False,f8b395f08c1ee9abff3e9f08749d857fcee1ead57e9af392094bbe55802a684b,m0+m1+m2+m3+m4 [no_op_placed_but_not_occluding],,
122,f0122,cargo-only,m2,mask\f0122_m2.png,True,True,,eaa755c8ce4c2587923b680653671cb020b87acdd239420cf44fdf5d22cf85fc,45e542ae73f0a43b140e0ac04a95c52f6c7333bb12d0d0dc690fc7db4b60ac46,960,540,104005,False,f8b395f08c1ee9abff3e9f08749d857fcee1ead57e9af392094bbe55802a684b,m0+m1+m2+m3+m4 [no_op_placed_but_not_occluding],,
122,f0122,cargo-only,m3,mask\f0122_m3.png,True,True,,eafd8f2ba6b7332d17159e62a6367e356f81860ddbe56ebd62916407e53fa30a,45e542ae73f0a43b140e0ac04a95c52f6c7333bb12d0d0dc690fc7db4b60ac46,960,540,104005,False,f8b395f08c1ee9abff3e9f08749d857fcee1ead57e9af392094bbe55802a684b,m0+m1+m2+m3+m4 [no_op_placed_but_not_occluding],,
122,f0122,cargo-only,m4,mask\f0122_m4.png,True,True,,61966317c0a107d234371b077b0005bb3b1401abe6e1bd27af0ccb2ca8355861,45e542ae73f0a43b140e0ac04a95c52f6c7333bb12d0d0dc690fc7db4b60ac46,960,540,104005,False,f8b395f08c1ee9abff3e9f08749d857fcee1ead57e9af392094bbe55802a684b,m0+m1+m2+m3+m4 [no_op_placed_but_not_occluding],,
123,f0123,cargo-only,m0,mask\f0123_m0.png,True,True,,86d7c1bc47c212178426593ad98e4b371505c33d3d755b0b5507c3a4da77ba86,8478c54771b9d057ca9c65594762d36758086c51572db92ea3668fc7172a80c7,640,480,355,False,0c332747a84389899797f5754836f3e820e4380c1456ee1499923f92380bc35a,m0+m1 [expected_no_op],,
123,f0123,cargo-only,m1,mask\f0123_m1.png,True,True,,488fba29688d06ed2bfe00d8b8a4f270c7a483f4735f49ebdd81e19174f55c9e,8478c54771b9d057ca9c65594762d36758086c51572db92ea3668fc7172a80c7,640,480,355,False,0c332747a84389899797f5754836f3e820e4380c1456ee1499923f92380bc35a,m0+m1 [expected_no_op],,
123,f0123,cargo-only,m2,mask\f0123_m2.png,True,True,,f0446da8c0ce49348bf50a8685088f7a2c255115a0355f76e8c9ce653acd7bf4,a2c6d74817989d65ba79ef9dc3a943a48d6cf98e696abfb8786d489a70fde9b5,640,480,298,False,0c332747a84389899797f5754836f3e820e4380c1456ee1499923f92380bc35a,m2+m3+m4 [expected_no_op],,
123,f0123,cargo-only,m3,mask\f0123_m3.png,True,True,,2f72f02826e5fea2a013115b89fcb49a0f20f8465d5afdddda5d339367e04fde,a2c6d74817989d65ba79ef9dc3a943a48d6cf98e696abfb8786d489a70fde9b5,640,480,298,False,0c332747a84389899797f5754836f3e820e4380c1456ee1499923f92380bc35a,m2+m3+m4 [expected_no_op],,
123,f0123,cargo-only,m4,mask\f0123_m4.png,True,True,,e59045de1860ecabc52cd958548981fc7e750dae75ef9a67e7202bfb849580a4,a2c6d74817989d65ba79ef9dc3a943a48d6cf98e696abfb8786d489a70fde9b5,640,480,298,False,0c332747a84389899797f5754836f3e820e4380c1456ee1499923f92380bc35a,m2+m3+m4 [expected_no_op],,
124,f0124,cargo-only,m0,mask\f0124_m0.png,True,True,,dfa2208b4ae4fd98a1d0bbcb526c8e9484c3ee7f7d553768c75d35fb9e048faa,18d6427f6fc41543d13415f9c88b00466baca2a9475d376638e7aa970b6be39a,960,540,19216,False,72aa7f4366e125449e09de3e74bd8177b6b4b31b174db47c09646524aaaf224c,m0+m1 [expected_no_op],,
124,f0124,cargo-only,m1,mask\f0124_m1.png,True,True,,95df6bc875bf856b7d24edfd44a54607f29ac63655f6d40417490602b1d72579,18d6427f6fc41543d13415f9c88b00466baca2a9475d376638e7aa970b6be39a,960,540,19216,False,72aa7f4366e125449e09de3e74bd8177b6b4b31b174db47c09646524aaaf224c,m0+m1 [expected_no_op],,
124,f0124,cargo-only,m2,mask\f0124_m2.png,True,True,,8c5c989e38181202bd7479a965b926116165dd6d554050415eaaec2a8eaee0c2,e0d3c732b9b183279c3cc1db9011c9ed4d15057af52fb42c2716d172f67529cd,960,540,15621,False,72aa7f4366e125449e09de3e74bd8177b6b4b31b174db47c09646524aaaf224c,m2+m3+m4 [expected_no_op],,
124,f0124,cargo-only,m3,mask\f0124_m3.png,True,True,,20fb1b05bff6d8b4ea1f453a70f4c022fde86602bcfdaff02b7796f50c26393f,e0d3c732b9b183279c3cc1db9011c9ed4d15057af52fb42c2716d172f67529cd,960,540,15621,False,72aa7f4366e125449e09de3e74bd8177b6b4b31b174db47c09646524aaaf224c,m2+m3+m4 [expected_no_op],,
124,f0124,cargo-only,m4,mask\f0124_m4.png,True,True,,49328edc59400a1c67b55b143df49c067eb38d656509422f4723dbc2958a037a,e0d3c732b9b183279c3cc1db9011c9ed4d15057af52fb42c2716d172f67529cd,960,540,15621,False,72aa7f4366e125449e09de3e74bd8177b6b4b31b174db47c09646524aaaf224c,m2+m3+m4 [expected_no_op],,
125,f0125,cargo-only,m0,mask\f0125_m0.png,True,True,,f6d43405fa451782d9540450228c3dd79f36d22a2e5c9c2f30c5ba29ae9f2588,0277ee8a44bd5b768b59d818440247c0642417e93a3e88dddcbff43970de2090,560,560,94,False,768e80f3b335d95873223f52612d05f56aa652b79d41918f76c1531a82d16407,m0+m1+m2+m3+m4 [no_op_placed_but_not_occluding],,
125,f0125,cargo-only,m1,mask\f0125_m1.png,True,True,,6bf07c9f6c3c81e137d387c95c140cc3218f9c286e96f77c291095355d3d8d4d,0277ee8a44bd5b768b59d818440247c0642417e93a3e88dddcbff43970de2090,560,560,94,False,768e80f3b335d95873223f52612d05f56aa652b79d41918f76c1531a82d16407,m0+m1+m2+m3+m4 [no_op_placed_but_not_occluding],,
125,f0125,cargo-only,m2,mask\f0125_m2.png,True,True,,782fef64995884a251239f25081770ef4a294e3dc6072e76ec9c9980a4a5bae6,0277ee8a44bd5b768b59d818440247c0642417e93a3e88dddcbff43970de2090,560,560,94,False,768e80f3b335d95873223f52612d05f56aa652b79d41918f76c1531a82d16407,m0+m1+m2+m3+m4 [no_op_placed_but_not_occluding],,
125,f0125,cargo-only,m3,mask\f0125_m3.png,True,True,,9a31f99baa6421e563acd16b3b0c30741e6fdcb200e57d9c6558f44a3633d0b2,0277ee8a44bd5b768b59d818440247c0642417e93a3e88dddcbff43970de2090,560,560,94,False,768e80f3b335d95873223f52612d05f56aa652b79d41918f76c1531a82d16407,m0+m1+m2+m3+m4 [no_op_placed_but_not_occluding],,
125,f0125,cargo-only,m4,mask\f0125_m4.png,True,True,,cdefc77c61417fd3626f39789c2b8624b858fe96419f7fd0ce341f440c5779c8,0277ee8a44bd5b768b59d818440247c0642417e93a3e88dddcbff43970de2090,560,560,94,False,768e80f3b335d95873223f52612d05f56aa652b79d41918f76c1531a82d16407,m0+m1+m2+m3+m4 [no_op_placed_but_not_occluding],,
126,f0126,controlled-occlusion,m0,mask\f0126_m0.png,True,True,,e994c6d21f7eb5e3569310576dfe59d4268b310de8fb31be285f76cf59af2e47,aea7899b65e4e51b0b06e26b022fea8db1d98abb7683c4fa3b5c4c9f2dbb64bf,640,480,8002,False,f93dc788469adbdabb47cbb0bdb9b3101c19b1fdf4b16d3624ef6ea30a65e711,m0+m1+m2+m3 [no_op_placed_but_not_occluding],,
126,f0126,controlled-occlusion,m1,mask\f0126_m1.png,True,True,,b1ace0d547f95ee45077138f5dbc4a99459ee67e135eafdbd95a4f23f147afdf,aea7899b65e4e51b0b06e26b022fea8db1d98abb7683c4fa3b5c4c9f2dbb64bf,640,480,8002,False,f93dc788469adbdabb47cbb0bdb9b3101c19b1fdf4b16d3624ef6ea30a65e711,m0+m1+m2+m3 [no_op_placed_but_not_occluding],,
126,f0126,controlled-occlusion,m2,mask\f0126_m2.png,True,True,,defd92f71b651b09ad5564e7b4c8aa9a35573029920e963baab5725802da563d,aea7899b65e4e51b0b06e26b022fea8db1d98abb7683c4fa3b5c4c9f2dbb64bf,640,480,8002,False,f93dc788469adbdabb47cbb0bdb9b3101c19b1fdf4b16d3624ef6ea30a65e711,m0+m1+m2+m3 [no_op_placed_but_not_occluding],,
126,f0126,controlled-occlusion,m3,mask\f0126_m3.png,True,True,,551ddd5bfd56ae99511ed4cd6b281f626671fe13f0fa596faf02c6327021a675,aea7899b65e4e51b0b06e26b022fea8db1d98abb7683c4fa3b5c4c9f2dbb64bf,640,480,8002,False,f93dc788469adbdabb47cbb0bdb9b3101c19b1fdf4b16d3624ef6ea30a65e711,m0+m1+m2+m3 [no_op_placed_but_not_occluding],,
126,f0126,controlled-occlusion,m4,mask\f0126_m4.png,True,True,,c6844775b8caa8f88683f839916c547058cbf2f67437e22ffd8340479b6eddda,65a852e7e4f2e2a08389a13f5479d890eec89f4aced3cb94515d88e82506b66e,640,480,5166,False,f93dc788469adbdabb47cbb0bdb9b3101c19b1fdf4b16d3624ef6ea30a65e711,,,
127,f0127,cargo-only,m0,mask\f0127_m0.png,True,True,,7bbb658cddde716651ca9acf59eab851772605f4525fdd12236bdf9b5f75a776,d3129a8e8c540d1753a2e313d066cb46ba36f5592f670d2b3fffdd82600d1f9e,640,480,192875,False,054db4d520723d7f0043fc41715c0adb883d61a9bc35b8e5230ef8926a780e24,m0+m1 [expected_no_op],,
127,f0127,cargo-only,m1,mask\f0127_m1.png,True,True,,a443c198cf9a668fc6b365fd73b290b1a13ef0a2de5438426c23b46317e3e15a,d3129a8e8c540d1753a2e313d066cb46ba36f5592f670d2b3fffdd82600d1f9e,640,480,192875,False,054db4d520723d7f0043fc41715c0adb883d61a9bc35b8e5230ef8926a780e24,m0+m1 [expected_no_op],,
127,f0127,cargo-only,m2,mask\f0127_m2.png,True,True,,a4460e10f89cba6c685544440f762fc8ea9d451336395034c266d98e1f4815c5,7bec0a86ea4b52a3d00d5cd7f00918c542fe20123a5214df0d68514f2752ddf5,640,480,155559,False,054db4d520723d7f0043fc41715c0adb883d61a9bc35b8e5230ef8926a780e24,m2+m3+m4 [expected_no_op],,
127,f0127,cargo-only,m3,mask\f0127_m3.png,True,True,,0eb15c96b008f743e3cfd9549ce19449cb64c353fc791b50411485e93f643179,7bec0a86ea4b52a3d00d5cd7f00918c542fe20123a5214df0d68514f2752ddf5,640,480,155559,False,054db4d520723d7f0043fc41715c0adb883d61a9bc35b8e5230ef8926a780e24,m2+m3+m4 [expected_no_op],,
127,f0127,cargo-only,m4,mask\f0127_m4.png,True,True,,7c3c2cc9435b5d662ce119df84e5b1a4c43ba739f636202a8d2d5ece42bdec3c,7bec0a86ea4b52a3d00d5cd7f00918c542fe20123a5214df0d68514f2752ddf5,640,480,155559,False,054db4d520723d7f0043fc41715c0adb883d61a9bc35b8e5230ef8926a780e24,m2+m3+m4 [expected_no_op],,
128,f0128,cargo-only,m0,mask\f0128_m0.png,True,True,,e01dc434e03fdb9bb5bc5e633b5de9305cfb9af29eaa5255325aa89f5b9abdfe,c98310b7fcf9552f7eb3a70f3ec53309486e149dab8767615d5e783377d03c09,640,480,27807,False,dc77281fd2675d5432475495b1f6b389bd4c3db971b943b5a4e07bf71604ff44,m0+m1 [expected_no_op],,
128,f0128,cargo-only,m1,mask\f0128_m1.png,True,True,,ae2377a2dfe661c18ecdd063b6aee7ccf0d601f8b7912e36fb2531770807224f,c98310b7fcf9552f7eb3a70f3ec53309486e149dab8767615d5e783377d03c09,640,480,27807,False,dc77281fd2675d5432475495b1f6b389bd4c3db971b943b5a4e07bf71604ff44,m0+m1 [expected_no_op],,
128,f0128,cargo-only,m2,mask\f0128_m2.png,True,True,,7760d4159375c82611d869d654d5f3dc1480cff89c20cc542a1c80dfb2c543f2,2fba63cf1c10c34fb87eaf5dabd55838b471ed348156cbf3848eb9d2928235d6,640,480,24874,False,dc77281fd2675d5432475495b1f6b389bd4c3db971b943b5a4e07bf71604ff44,m2+m3+m4 [expected_no_op],,
128,f0128,cargo-only,m3,mask\f0128_m3.png,True,True,,4c0e5f38d8ce8566d4875941d0fd13b7fb97b9d13b17f51d7ab4ec88bad027a1,2fba63cf1c10c34fb87eaf5dabd55838b471ed348156cbf3848eb9d2928235d6,640,480,24874,False,dc77281fd2675d5432475495b1f6b389bd4c3db971b943b5a4e07bf71604ff44,m2+m3+m4 [expected_no_op],,
128,f0128,cargo-only,m4,mask\f0128_m4.png,True,True,,1f3be70cbbebbdbc83dd26642aa8f4b44d196c7b8dc8e096f29a34621a4a22e9,2fba63cf1c10c34fb87eaf5dabd55838b471ed348156cbf3848eb9d2928235d6,640,480,24874,False,dc77281fd2675d5432475495b1f6b389bd4c3db971b943b5a4e07bf71604ff44,m2+m3+m4 [expected_no_op],,
129,f0129,cargo-only,m0,mask\f0129_m0.png,True,True,,e25825a5a555935cf924eccee521db6fc5c3c10114e5755eaf13789964be4f95,ee36d66f5a9191fc2e97077549dfd19150228d3f87defb28e97b5ed455051e3a,960,540,51542,False,fae4482f23b1245ae82cc250a35c8ef05699c1df3b0eeed7399210490a18648f,m0+m1 [expected_no_op],,
129,f0129,cargo-only,m1,mask\f0129_m1.png,True,True,,4d235ec1935654ee5b03479fe51ae521332c9aee9186f52ad4936f7cf56b29a7,ee36d66f5a9191fc2e97077549dfd19150228d3f87defb28e97b5ed455051e3a,960,540,51542,False,fae4482f23b1245ae82cc250a35c8ef05699c1df3b0eeed7399210490a18648f,m0+m1 [expected_no_op],,
129,f0129,cargo-only,m2,mask\f0129_m2.png,True,True,,cc63f5317514b4a26d40bd73121b3e727d2f25b22835866afaadfe99030c9f47,0c77d2187989a6cefba35b10dc7b3888dbdc5cec99384bc3025fca3571493317,960,540,45175,False,fae4482f23b1245ae82cc250a35c8ef05699c1df3b0eeed7399210490a18648f,m2+m3+m4 [expected_no_op],,
129,f0129,cargo-only,m3,mask\f0129_m3.png,True,True,,8b4cd1b507ecd8989653ea30a504dd383f447912d0bea17b6285f8182c4fb545,0c77d2187989a6cefba35b10dc7b3888dbdc5cec99384bc3025fca3571493317,960,540,45175,False,fae4482f23b1245ae82cc250a35c8ef05699c1df3b0eeed7399210490a18648f,m2+m3+m4 [expected_no_op],,
129,f0129,cargo-only,m4,mask\f0129_m4.png,True,True,,1f51bb8a855701e692b9b780842ba760f5757f720bb3cf22496dc8b006dc1453,0c77d2187989a6cefba35b10dc7b3888dbdc5cec99384bc3025fca3571493317,960,540,45175,False,fae4482f23b1245ae82cc250a35c8ef05699c1df3b0eeed7399210490a18648f,m2+m3+m4 [expected_no_op],,
130,f0130,cargo-only,m0,mask\f0130_m0.png,True,True,,416472eda1e8ce7f1670a496774bab60e187d834416fe1c6436f6516ecdfbf86,fd34a16c1b0542ac4d0db88a71c8c9e664890bd42b6729f3b77eb1393fbe7f47,640,480,104825,False,fe94c17af45f8b4c59cc1dc9b89afffe86391834d4fc45c7e0c144e80a9bc838,m0+m1 [expected_no_op],,
130,f0130,cargo-only,m1,mask\f0130_m1.png,True,True,,47e014a0a9f06ebb64d178f8c83dbdc0fd9457d9a463e5ef5972979777360564,fd34a16c1b0542ac4d0db88a71c8c9e664890bd42b6729f3b77eb1393fbe7f47,640,480,104825,False,fe94c17af45f8b4c59cc1dc9b89afffe86391834d4fc45c7e0c144e80a9bc838,m0+m1 [expected_no_op],,
130,f0130,cargo-only,m2,mask\f0130_m2.png,True,True,,89c3aab9128bafc0634de6be7c4291349376660a4090966b103ff7e30dd6c8bd,daa7b73775fef521155ce1349c315f1636c38b987b024e043ca16c06b4b27841,640,480,82857,False,fe94c17af45f8b4c59cc1dc9b89afffe86391834d4fc45c7e0c144e80a9bc838,m2+m3+m4 [expected_no_op],,
130,f0130,cargo-only,m3,mask\f0130_m3.png,True,True,,e4eb962b76cf9b2988bde4abad68dc5e8521a2e061f54c276ff3106f04870316,daa7b73775fef521155ce1349c315f1636c38b987b024e043ca16c06b4b27841,640,480,82857,False,fe94c17af45f8b4c59cc1dc9b89afffe86391834d4fc45c7e0c144e80a9bc838,m2+m3+m4 [expected_no_op],,
130,f0130,cargo-only,m4,mask\f0130_m4.png,True,True,,d27ddaf6cf3cf6860e70c61dc5f62aa7c2f077cab71fa7b79312c27b95242274,daa7b73775fef521155ce1349c315f1636c38b987b024e043ca16c06b4b27841,640,480,82857,False,fe94c17af45f8b4c59cc1dc9b89afffe86391834d4fc45c7e0c144e80a9bc838,m2+m3+m4 [expected_no_op],,
131,f0131,controlled-occlusion,m0,mask\f0131_m0.png,False,False,missing,,,,,,,,,,
131,f0131,controlled-occlusion,m1,mask\f0131_m1.png,False,False,missing,,,,,,,,,,
131,f0131,controlled-occlusion,m2,mask\f0131_m2.png,False,False,missing,,,,,,,,,,
131,f0131,controlled-occlusion,m3,mask\f0131_m3.png,False,False,missing,,,,,,,,,,
131,f0131,controlled-occlusion,m4,mask\f0131_m4.png,False,False,missing,,,,,,,,,,
132,f0132,cargo-only,m0,mask\f0132_m0.png,True,True,,9c9db4d0f0e2739786014fcb2624405203f3bd21c86c7aea24515e72f06114ee,d1d01388fd35ac35d4c13b3df8bf2a1b2ff373f6c960464815b0f1849de78d5c,640,480,6243,False,b4ce70bf02ab97172ad558bc655cc195700a9fed7bc95ec8ad6bf571059df1fe,m0+m1 [expected_no_op],,
132,f0132,cargo-only,m1,mask\f0132_m1.png,True,True,,bbe5d55b8f0e27bce1d549d098348ded84414bffb6ac4a1cddfc884e42c5585d,d1d01388fd35ac35d4c13b3df8bf2a1b2ff373f6c960464815b0f1849de78d5c,640,480,6243,False,b4ce70bf02ab97172ad558bc655cc195700a9fed7bc95ec8ad6bf571059df1fe,m0+m1 [expected_no_op],,
132,f0132,cargo-only,m2,mask\f0132_m2.png,True,True,,90f318fca24f861e836aaafaf08d288653565d538d1423f06465463e12791a20,f2748c4cbfb39eb9dfa0a7858692a3a39f3697edb7373ba7c52c28397cdd21e5,640,480,5564,False,b4ce70bf02ab97172ad558bc655cc195700a9fed7bc95ec8ad6bf571059df1fe,m2+m3+m4 [expected_no_op],,
132,f0132,cargo-only,m3,mask\f0132_m3.png,True,True,,bcfd994a6e81307f452a76e9bd3870d632d61ca645e97e605a246a59f8da9923,f2748c4cbfb39eb9dfa0a7858692a3a39f3697edb7373ba7c52c28397cdd21e5,640,480,5564,False,b4ce70bf02ab97172ad558bc655cc195700a9fed7bc95ec8ad6bf571059df1fe,m2+m3+m4 [expected_no_op],,
132,f0132,cargo-only,m4,mask\f0132_m4.png,True,True,,38ce8f117c9d105be0d8e99565eff98b9c3a12cf4cdc9188b4e8f790cb98dd01,f2748c4cbfb39eb9dfa0a7858692a3a39f3697edb7373ba7c52c28397cdd21e5,640,480,5564,False,b4ce70bf02ab97172ad558bc655cc195700a9fed7bc95ec8ad6bf571059df1fe,m2+m3+m4 [expected_no_op],,
133,f0133,cargo-only,m0,mask\f0133_m0.png,True,True,,613ced67d5d5bc0f0d16ecbc3ec1a260cfacc89df6d62fa79bb73e8cc7ee3b62,9f891bfaa7991e63f45b9e36ba15878596168dfe5010d1b3f2e5724d1a1a86b1,560,560,5112,False,da6f7008bd5c27e7a2d0d55889f4efb0cc526366bff047af5d833d8f016f17d6,m0+m1 [expected_no_op],,
133,f0133,cargo-only,m1,mask\f0133_m1.png,True,True,,c96f5b51d8d0ed2faf3a63057665ec8d49ea50cda703cefa6a0e8a603b4acd96,9f891bfaa7991e63f45b9e36ba15878596168dfe5010d1b3f2e5724d1a1a86b1,560,560,5112,False,da6f7008bd5c27e7a2d0d55889f4efb0cc526366bff047af5d833d8f016f17d6,m0+m1 [expected_no_op],,
133,f0133,cargo-only,m2,mask\f0133_m2.png,True,True,,fd20d91f660c12f91a91e0c30b914ce9b6f3ff4d3f31e32a4c8d84e0d9e38738,0a85be9851eea6455a1240fc70d1fc6e79a1e201a09c278657b4324a4b8c81e1,560,560,4797,False,da6f7008bd5c27e7a2d0d55889f4efb0cc526366bff047af5d833d8f016f17d6,m2+m3+m4 [expected_no_op],,
133,f0133,cargo-only,m3,mask\f0133_m3.png,True,True,,8af194f0473559f9cb089f793052ae5c08c99759eab06728364f7fc5bdc59b11,0a85be9851eea6455a1240fc70d1fc6e79a1e201a09c278657b4324a4b8c81e1,560,560,4797,False,da6f7008bd5c27e7a2d0d55889f4efb0cc526366bff047af5d833d8f016f17d6,m2+m3+m4 [expected_no_op],,
133,f0133,cargo-only,m4,mask\f0133_m4.png,True,True,,936271702250ac381703d2cd1e7606e00209de2e1b6c3aa39e4dc35058bae3ca,0a85be9851eea6455a1240fc70d1fc6e79a1e201a09c278657b4324a4b8c81e1,560,560,4797,False,da6f7008bd5c27e7a2d0d55889f4efb0cc526366bff047af5d833d8f016f17d6,m2+m3+m4 [expected_no_op],,
134,f0134,cargo-only,m0,mask\f0134_m0.png,True,True,,6bca0fd30bfbb7abec262e4b6be105fd99235216e44c888d115811c0ee4f678b,58374003bcc57e950cc60cef12a1510c576508c3f222e85ad2a9ad500a87855b,640,480,122412,False,265b72f3663e790f0a48db825e51603f9efa1d3ef036af5b25cfadade9abd9af,,,
134,f0134,cargo-only,m1,mask\f0134_m1.png,True,True,,24f2be787785a6d525d2f5065fc1a86a4fd36dfc0856a94d01468582a81a4692,dece8faab4d9d2170ee4fe83793573f52ec12d13260a53b22fec36b6af242239,640,480,122411,False,265b72f3663e790f0a48db825e51603f9efa1d3ef036af5b25cfadade9abd9af,,,
134,f0134,cargo-only,m2,mask\f0134_m2.png,True,True,,d582d6a8d6931bfdb21a971b1baf1d079bcfb6ec41f2ac06a9607c497ec2714d,81881a0037746c42d7c51a635f0314b2f6a8ad155c498dca0b160156012a2ab7,640,480,101202,False,265b72f3663e790f0a48db825e51603f9efa1d3ef036af5b25cfadade9abd9af,m2+m3+m4 [expected_no_op],,
134,f0134,cargo-only,m3,mask\f0134_m3.png,True,True,,2e74ce87e1e6aa86872ffb14e46a688e44696e89dcd8d05ed4e1d56e88150cd3,81881a0037746c42d7c51a635f0314b2f6a8ad155c498dca0b160156012a2ab7,640,480,101202,False,265b72f3663e790f0a48db825e51603f9efa1d3ef036af5b25cfadade9abd9af,m2+m3+m4 [expected_no_op],,
134,f0134,cargo-only,m4,mask\f0134_m4.png,True,True,,b2a63371f99ab65cbed34ab5d14677aaf22d96a01b5c398dd6bd6341371db6a7,81881a0037746c42d7c51a635f0314b2f6a8ad155c498dca0b160156012a2ab7,640,480,101202,False,265b72f3663e790f0a48db825e51603f9efa1d3ef036af5b25cfadade9abd9af,m2+m3+m4 [expected_no_op],,
135,f0135,controlled-occlusion,m0,mask\f0135_m0.png,False,False,missing,,,,,,,,,,
135,f0135,controlled-occlusion,m1,mask\f0135_m1.png,False,False,missing,,,,,,,,,,
135,f0135,controlled-occlusion,m2,mask\f0135_m2.png,False,False,missing,,,,,,,,,,
135,f0135,controlled-occlusion,m3,mask\f0135_m3.png,False,False,missing,,,,,,,,,,
135,f0135,controlled-occlusion,m4,mask\f0135_m4.png,False,False,missing,,,,,,,,,,
136,f0136,controlled-occlusion,m0,mask\f0136_m0.png,False,False,missing,,,,,,,,,,
136,f0136,controlled-occlusion,m1,mask\f0136_m1.png,False,False,missing,,,,,,,,,,
136,f0136,controlled-occlusion,m2,mask\f0136_m2.png,False,False,missing,,,,,,,,,,
136,f0136,controlled-occlusion,m3,mask\f0136_m3.png,False,False,missing,,,,,,,,,,
136,f0136,controlled-occlusion,m4,mask\f0136_m4.png,False,False,missing,,,,,,,,,,
137,f0137,cargo-only,m0,mask\f0137_m0.png,True,True,,16cc8dd050c1ca89fc42e3736434b540342b456570307b39bc5290254eef5890,8e56343ef508c12cc04a99b88b448d5e2d7bd66967168ac3715f16ecde2e3bb0,960,540,8674,False,6256f6ac10e8a9bc7e4e5fe4f0d97004ec990266857bb986de3d4e2e83ca45e4,m0+m1+m2+m3+m4 [expected_no_op],,
137,f0137,cargo-only,m1,mask\f0137_m1.png,True,True,,deb8ae6bddfa8d1e4f0d6bba3763b61991a40460626e017eacd1691107f0489f,8e56343ef508c12cc04a99b88b448d5e2d7bd66967168ac3715f16ecde2e3bb0,960,540,8674,False,6256f6ac10e8a9bc7e4e5fe4f0d97004ec990266857bb986de3d4e2e83ca45e4,m0+m1+m2+m3+m4 [expected_no_op],,
137,f0137,cargo-only,m2,mask\f0137_m2.png,True,True,,4a893a2c84f5476874384bb3ea47f305064750ffc9394c44d8bed092fd74a530,8e56343ef508c12cc04a99b88b448d5e2d7bd66967168ac3715f16ecde2e3bb0,960,540,8674,False,6256f6ac10e8a9bc7e4e5fe4f0d97004ec990266857bb986de3d4e2e83ca45e4,m0+m1+m2+m3+m4 [expected_no_op],,
137,f0137,cargo-only,m3,mask\f0137_m3.png,True,True,,2bcd1e2852ae3b948d577f231199ea875b433d0612d9294249a77c1f6f94a2e2,8e56343ef508c12cc04a99b88b448d5e2d7bd66967168ac3715f16ecde2e3bb0,960,540,8674,False,6256f6ac10e8a9bc7e4e5fe4f0d97004ec990266857bb986de3d4e2e83ca45e4,m0+m1+m2+m3+m4 [expected_no_op],,
137,f0137,cargo-only,m4,mask\f0137_m4.png,True,True,,7d8d9239d62140f7c05317732128a49e06f8991063a608a0709f8f3caf0a20f7,8e56343ef508c12cc04a99b88b448d5e2d7bd66967168ac3715f16ecde2e3bb0,960,540,8674,False,6256f6ac10e8a9bc7e4e5fe4f0d97004ec990266857bb986de3d4e2e83ca45e4,m0+m1+m2+m3+m4 [expected_no_op],,
138,f0138,cargo-only,m0,mask\f0138_m0.png,True,True,,08e4b24b150b5273c2f9339b9856ff8a10ea438b73512c223f38b4731f3d58b7,4b1ea1b12bb056de420d4e36c3959e904dd4b20719091a87a663b823cf8e4f13,720,480,80454,False,13f5c342602440b8cace329f58ea1df27e513f04923254ecf2dabf4c235d068b,,,
138,f0138,cargo-only,m1,mask\f0138_m1.png,True,True,,90bc0f5ecbdb37c721c4da1a063c7415b92ed05a4285294cb561622e32c39a4b,4d0397902aa7bf8c6f7a1c5203f76b0ee40f4d88db7702dcc2e18fc5b55e7096,720,480,80453,False,13f5c342602440b8cace329f58ea1df27e513f04923254ecf2dabf4c235d068b,m1+m2+m3+m4 [no_op_placed_but_not_occluding],,
138,f0138,cargo-only,m2,mask\f0138_m2.png,True,True,,7351faa29f1ab54297f081b490572548d869d1a265a802e0b241133506f92274,4d0397902aa7bf8c6f7a1c5203f76b0ee40f4d88db7702dcc2e18fc5b55e7096,720,480,80453,False,13f5c342602440b8cace329f58ea1df27e513f04923254ecf2dabf4c235d068b,m1+m2+m3+m4 [no_op_placed_but_not_occluding],,
138,f0138,cargo-only,m3,mask\f0138_m3.png,True,True,,61a3398a3bbc77fe19ee3064a72e9215b6adc732407496c8ec8066f0f843584c,4d0397902aa7bf8c6f7a1c5203f76b0ee40f4d88db7702dcc2e18fc5b55e7096,720,480,80453,False,13f5c342602440b8cace329f58ea1df27e513f04923254ecf2dabf4c235d068b,m1+m2+m3+m4 [no_op_placed_but_not_occluding],,
138,f0138,cargo-only,m4,mask\f0138_m4.png,True,True,,a48e496e6b0645a760e657bf031ca2cb08613ff32e45784e05d58d3df6306467,4d0397902aa7bf8c6f7a1c5203f76b0ee40f4d88db7702dcc2e18fc5b55e7096,720,480,80453,False,13f5c342602440b8cace329f58ea1df27e513f04923254ecf2dabf4c235d068b,m1+m2+m3+m4 [no_op_placed_but_not_occluding],,
139,f0139,cargo-only,m0,mask\f0139_m0.png,True,True,,19da971c962cd2f773989148db15305f75d7f9e064800455d126217622f5321a,8f4df88273e2574182a41258b91867713147b4ab5484d303280b609e91c10dbf,640,480,14353,False,5cd655e577253a78d5f059a3893d9d5a11bc40eeab2f8feabdf92eed1631227d,m0+m1 [expected_no_op],,
139,f0139,cargo-only,m1,mask\f0139_m1.png,True,True,,74828cbf189098bae386be533f5ea3d80280e61edfca3cdd37846941f585bf69,8f4df88273e2574182a41258b91867713147b4ab5484d303280b609e91c10dbf,640,480,14353,False,5cd655e577253a78d5f059a3893d9d5a11bc40eeab2f8feabdf92eed1631227d,m0+m1 [expected_no_op],,
139,f0139,cargo-only,m2,mask\f0139_m2.png,True,True,,f3d003c6c38838ec328c9bea355c13e2fd8e7d10751516dbb151140f93ca9cd9,638ad6891e7015529512086ffcfdbf0a646bddb21b066d686a92a06df7a148da,640,480,13018,False,5cd655e577253a78d5f059a3893d9d5a11bc40eeab2f8feabdf92eed1631227d,m2+m3+m4 [expected_no_op],,
139,f0139,cargo-only,m3,mask\f0139_m3.png,True,True,,6766576ea93628e5876ca70472faeab194e5653934c73be5731065ed345a3432,638ad6891e7015529512086ffcfdbf0a646bddb21b066d686a92a06df7a148da,640,480,13018,False,5cd655e577253a78d5f059a3893d9d5a11bc40eeab2f8feabdf92eed1631227d,m2+m3+m4 [expected_no_op],,
139,f0139,cargo-only,m4,mask\f0139_m4.png,True,True,,66cb1ec6a470a5b70e32e70ee1f44978b8abc1e251b9ddcc1d87c8f542e96b11,638ad6891e7015529512086ffcfdbf0a646bddb21b066d686a92a06df7a148da,640,480,13018,False,5cd655e577253a78d5f059a3893d9d5a11bc40eeab2f8feabdf92eed1631227d,m2+m3+m4 [expected_no_op],,
140,f0140,cargo-only,m0,mask\f0140_m0.png,True,True,,105ed36d1af7c52c5af6548aed7c4bebdcc2d4e23bd56e615c534ade4090c276,9a3c590d517cef8bc0adf991fe0035948f5d0998775d69da8b2643074f3981ee,960,540,353,False,55c2957396aa2c2b46bfb5a7913e5ff4a6c392ab0900653858c97d5d00020751,m0+m1 [expected_no_op],,
140,f0140,cargo-only,m1,mask\f0140_m1.png,True,True,,7a77cdfc95391d2cc01fc85708991f8a37e9bfa50e88278899786d05722ccdc3,9a3c590d517cef8bc0adf991fe0035948f5d0998775d69da8b2643074f3981ee,960,540,353,False,55c2957396aa2c2b46bfb5a7913e5ff4a6c392ab0900653858c97d5d00020751,m0+m1 [expected_no_op],,
140,f0140,cargo-only,m2,mask\f0140_m2.png,True,True,,3eef6d5d0a04134c8c30bb9cd501133107ff59a7264e47456210cf97ac27b327,ac06e04bdf263122843dad48569aad2800b6c53cdd2cab494f0fc46ea6953850,960,540,266,False,55c2957396aa2c2b46bfb5a7913e5ff4a6c392ab0900653858c97d5d00020751,m2+m3+m4 [expected_no_op],,
140,f0140,cargo-only,m3,mask\f0140_m3.png,True,True,,f4894453029ee330a6dcd3970cbe47537d5a64b367625450a97c4a792be04fd4,ac06e04bdf263122843dad48569aad2800b6c53cdd2cab494f0fc46ea6953850,960,540,266,False,55c2957396aa2c2b46bfb5a7913e5ff4a6c392ab0900653858c97d5d00020751,m2+m3+m4 [expected_no_op],,
140,f0140,cargo-only,m4,mask\f0140_m4.png,True,True,,bf2bdc6bb92d2d4db4d8dd2ba4ebaabf037917666a57a3a9f9523dcff74760e1,ac06e04bdf263122843dad48569aad2800b6c53cdd2cab494f0fc46ea6953850,960,540,266,False,55c2957396aa2c2b46bfb5a7913e5ff4a6c392ab0900653858c97d5d00020751,m2+m3+m4 [expected_no_op],,
141,f0141,cargo-only,m0,mask\f0141_m0.png,True,True,,ffaec45caaab6ad7f348be85fbd7028dbadfce850ad5c1c37b7bbccc7a0681f3,b1c2e4f9b221bea5f90ff093baed9ecacd6048373528fa6732f7320909d29d10,560,560,1218,False,34e7ac1974ceb87292a76cd1e1a60ef97c0130f00ff57934b8175bf56758e39d,m0+m1+m2+m3+m4 [expected_no_op],,
141,f0141,cargo-only,m1,mask\f0141_m1.png,True,True,,5406a9e920c7bc1f6c10eaf4aa46d4b85b25f53807098b9233810b5f5abd2a26,b1c2e4f9b221bea5f90ff093baed9ecacd6048373528fa6732f7320909d29d10,560,560,1218,False,34e7ac1974ceb87292a76cd1e1a60ef97c0130f00ff57934b8175bf56758e39d,m0+m1+m2+m3+m4 [expected_no_op],,
141,f0141,cargo-only,m2,mask\f0141_m2.png,True,True,,b7509ba9a0a7cda737c897bbb8d270585bc417edf1b13f2aeed44365b9c1d759,b1c2e4f9b221bea5f90ff093baed9ecacd6048373528fa6732f7320909d29d10,560,560,1218,False,34e7ac1974ceb87292a76cd1e1a60ef97c0130f00ff57934b8175bf56758e39d,m0+m1+m2+m3+m4 [expected_no_op],,
141,f0141,cargo-only,m3,mask\f0141_m3.png,True,True,,f4814cf13ca6d94934c970d9ab22f9be26f2012c19e4d4898fa24661aec70acb,b1c2e4f9b221bea5f90ff093baed9ecacd6048373528fa6732f7320909d29d10,560,560,1218,False,34e7ac1974ceb87292a76cd1e1a60ef97c0130f00ff57934b8175bf56758e39d,m0+m1+m2+m3+m4 [expected_no_op],,
141,f0141,cargo-only,m4,mask\f0141_m4.png,True,True,,c3ab2d7edab7a389769df33d06a934d12a5a60d9034fcac22484c6ee1b29b901,b1c2e4f9b221bea5f90ff093baed9ecacd6048373528fa6732f7320909d29d10,560,560,1218,False,34e7ac1974ceb87292a76cd1e1a60ef97c0130f00ff57934b8175bf56758e39d,m0+m1+m2+m3+m4 [expected_no_op],,
142,f0142,cargo-only,m0,mask\f0142_m0.png,True,True,,65127b3f4a57ff1dacd8a9a78fbac41388310111da61383c2026c5802b1e6879,8c23395848284969d0288dc4636b60d45d87bb1a012913b231202687416e4494,640,480,29458,False,488d72ce41bc2db39ae7511d94a52c748e0bd70c6116f962aa7aa879451c1743,m0+m1+m2+m3+m4 [expected_no_op],,
142,f0142,cargo-only,m1,mask\f0142_m1.png,True,True,,d9ecfb8919d070ecf84ef2225a22648bffb1f425b66d0065e3de3eb264cc1939,8c23395848284969d0288dc4636b60d45d87bb1a012913b231202687416e4494,640,480,29458,False,488d72ce41bc2db39ae7511d94a52c748e0bd70c6116f962aa7aa879451c1743,m0+m1+m2+m3+m4 [expected_no_op],,
142,f0142,cargo-only,m2,mask\f0142_m2.png,True,True,,d9ecfb8919d070ecf84ef2225a22648bffb1f425b66d0065e3de3eb264cc1939,8c23395848284969d0288dc4636b60d45d87bb1a012913b231202687416e4494,640,480,29458,False,488d72ce41bc2db39ae7511d94a52c748e0bd70c6116f962aa7aa879451c1743,m0+m1+m2+m3+m4 [expected_no_op],,
142,f0142,cargo-only,m3,mask\f0142_m3.png,True,True,,29c40811351d2057eb887375505715121b322e2d526398587aa4fcb94c3bc6c0,8c23395848284969d0288dc4636b60d45d87bb1a012913b231202687416e4494,640,480,29458,False,488d72ce41bc2db39ae7511d94a52c748e0bd70c6116f962aa7aa879451c1743,m0+m1+m2+m3+m4 [expected_no_op],,
142,f0142,cargo-only,m4,mask\f0142_m4.png,True,True,,f927f10eb85e9735030365da477e6c3534b1efabc0b86f6ba0c1d4a1364d1eca,8c23395848284969d0288dc4636b60d45d87bb1a012913b231202687416e4494,640,480,29458,False,488d72ce41bc2db39ae7511d94a52c748e0bd70c6116f962aa7aa879451c1743,m0+m1+m2+m3+m4 [expected_no_op],,
143,f0143,cargo-only,m0,mask\f0143_m0.png,True,True,,9f2aabc9167ed9edc3fb03ca18bfd0881b871f2fc1d036e3aa241668e260a9e7,413833c50f9028b5df7e7be73018351fb936b65df7145d5026f8113f39baf246,640,480,150287,False,05a13967899dba148cbf6cac5ffde2ef54b311accdaf88971f73c0d14c71e6c6,m0+m1 [expected_no_op],,
143,f0143,cargo-only,m1,mask\f0143_m1.png,True,True,,f530c8c54707106e50effda824299cc8e0b9fa03ed33f71af9757edca3cab735,413833c50f9028b5df7e7be73018351fb936b65df7145d5026f8113f39baf246,640,480,150287,False,05a13967899dba148cbf6cac5ffde2ef54b311accdaf88971f73c0d14c71e6c6,m0+m1 [expected_no_op],,
143,f0143,cargo-only,m2,mask\f0143_m2.png,True,True,,f2f8e9064cab9b585e528cb512ae39709474e44a23766fbbefa8ee9766582776,7bf5990e23d0850dc350d19155e3da1df71ab8164f49fed9bceb0e7ba439d299,640,480,127474,False,05a13967899dba148cbf6cac5ffde2ef54b311accdaf88971f73c0d14c71e6c6,m2+m3+m4 [expected_no_op],,
143,f0143,cargo-only,m3,mask\f0143_m3.png,True,True,,d04fb57772f995ac8d3b503d80de71883c3ce3c7a899b4a4017dc97f260fe805,7bf5990e23d0850dc350d19155e3da1df71ab8164f49fed9bceb0e7ba439d299,640,480,127474,False,05a13967899dba148cbf6cac5ffde2ef54b311accdaf88971f73c0d14c71e6c6,m2+m3+m4 [expected_no_op],,
143,f0143,cargo-only,m4,mask\f0143_m4.png,True,True,,9b10de6f7b5a184a6cc8955bd9d0bd3145322507d4363dedcf17b485799cd8ab,7bf5990e23d0850dc350d19155e3da1df71ab8164f49fed9bceb0e7ba439d299,640,480,127474,False,05a13967899dba148cbf6cac5ffde2ef54b311accdaf88971f73c0d14c71e6c6,m2+m3+m4 [expected_no_op],,
144,f0144,controlled-occlusion,m0,mask\f0144_m0.png,False,False,missing,,,,,,,,,,
144,f0144,controlled-occlusion,m1,mask\f0144_m1.png,False,False,missing,,,,,,,,,,
144,f0144,controlled-occlusion,m2,mask\f0144_m2.png,False,False,missing,,,,,,,,,,
144,f0144,controlled-occlusion,m3,mask\f0144_m3.png,False,False,missing,,,,,,,,,,
144,f0144,controlled-occlusion,m4,mask\f0144_m4.png,False,False,missing,,,,,,,,,,
145,f0145,cargo-only,m0,mask\f0145_m0.png,True,True,,8dae31e8d3bb7428788cd71e617337d922c746b1c3b29371c284bd9286990d09,f22e47aea3f3b6f68e4c40be72c7254bf600015a7ab45464ebbd280889e7c8f4,640,480,79,False,b44ca9ac991dd5e5496ec1cbba507569309b95f30d0406e85be97348632b39cf,m0+m1 [expected_no_op],,
145,f0145,cargo-only,m1,mask\f0145_m1.png,True,True,,73630447197312fc1f05d17366a5ddb02851bfcae3fbdc0d8ad3f05fbd49fcd7,f22e47aea3f3b6f68e4c40be72c7254bf600015a7ab45464ebbd280889e7c8f4,640,480,79,False,b44ca9ac991dd5e5496ec1cbba507569309b95f30d0406e85be97348632b39cf,m0+m1 [expected_no_op],,
145,f0145,cargo-only,m2,mask\f0145_m2.png,True,True,,660d9a16a53640a9aff13508dd7e48ad48f9c672d9c3418616c1a542ea8a1b82,f1b89b9a65dced773a83c6c7bee6c6d6a8e8cf0507a35e39d50848ae6b2e5580,640,480,68,False,b44ca9ac991dd5e5496ec1cbba507569309b95f30d0406e85be97348632b39cf,m2+m3+m4 [expected_no_op],,
145,f0145,cargo-only,m3,mask\f0145_m3.png,True,True,,7a5ea569cdba9189b2450fcfd1b735f0af5eba29f584d8e2351212f5b4183209,f1b89b9a65dced773a83c6c7bee6c6d6a8e8cf0507a35e39d50848ae6b2e5580,640,480,68,False,b44ca9ac991dd5e5496ec1cbba507569309b95f30d0406e85be97348632b39cf,m2+m3+m4 [expected_no_op],,
145,f0145,cargo-only,m4,mask\f0145_m4.png,True,True,,ff041306247e1ed61635a6589fef0e824e6d71fab23f0b10556afa189415b589,f1b89b9a65dced773a83c6c7bee6c6d6a8e8cf0507a35e39d50848ae6b2e5580,640,480,68,False,b44ca9ac991dd5e5496ec1cbba507569309b95f30d0406e85be97348632b39cf,m2+m3+m4 [expected_no_op],,
146,f0146,cargo-only,m0,mask\f0146_m0.png,True,True,,12b16590abaa5448eec2f7bdbd9f1dc09d85f6228ee9f1cf4b3600c643090c3e,a284b99298d90478c01c7d1745943a8b9ec2c7b6bf92090312c2101a05c16df0,640,480,8500,False,5009a162721c04588b1288aa7bab80aa2e62e898f92a34cff742da6d6941ce26,m0+m1 [expected_no_op],,
146,f0146,cargo-only,m1,mask\f0146_m1.png,True,True,,06bf87c0283dd0ef0d17c317c2b8f111907e0e1b9ccde1e3a5e57f0a8a7e8263,a284b99298d90478c01c7d1745943a8b9ec2c7b6bf92090312c2101a05c16df0,640,480,8500,False,5009a162721c04588b1288aa7bab80aa2e62e898f92a34cff742da6d6941ce26,m0+m1 [expected_no_op],,
146,f0146,cargo-only,m2,mask\f0146_m2.png,True,True,,3ab6255ad9bc4ef0405376692be2939049e8fa1fe8a007101bf92877439fab58,1c8a2ac1170a07d936912a466d0a15db5d17550cc318789f5b81b509faccb311,640,480,6661,False,5009a162721c04588b1288aa7bab80aa2e62e898f92a34cff742da6d6941ce26,m2+m3+m4 [expected_no_op],,
146,f0146,cargo-only,m3,mask\f0146_m3.png,True,True,,784a9c02959a6f330430d55f86e8928e4cb58bcf441ba675c0597dc81d87829f,1c8a2ac1170a07d936912a466d0a15db5d17550cc318789f5b81b509faccb311,640,480,6661,False,5009a162721c04588b1288aa7bab80aa2e62e898f92a34cff742da6d6941ce26,m2+m3+m4 [expected_no_op],,
146,f0146,cargo-only,m4,mask\f0146_m4.png,True,True,,d7bb40df5f393e1dd339cb12a7d34448c92e961d4e8d7f220c460f95e48b6e03,1c8a2ac1170a07d936912a466d0a15db5d17550cc318789f5b81b509faccb311,640,480,6661,False,5009a162721c04588b1288aa7bab80aa2e62e898f92a34cff742da6d6941ce26,m2+m3+m4 [expected_no_op],,
147,f0147,controlled-occlusion,m0,mask\f0147_m0.png,True,True,,234838e461a6262d75acdf6149ec15d7625eef2e69a865bc81a78249e9ee392a,5a6e084d6e875772557d5aecde9dbb88e930f75f2ad2c60d8a0b340f586ea63d,720,480,20624,False,1e0247a3572a9a03a036d088524792b73d204572140efaf8811d9f6428561131,m0+m1 [expected_no_op],,
147,f0147,controlled-occlusion,m1,mask\f0147_m1.png,True,True,,d26d54a1804b39ddccd3d311ded833cd0c2fd8434f1c0aa4936d6b2f89f578eb,5a6e084d6e875772557d5aecde9dbb88e930f75f2ad2c60d8a0b340f586ea63d,720,480,20624,False,1e0247a3572a9a03a036d088524792b73d204572140efaf8811d9f6428561131,m0+m1 [expected_no_op],,
147,f0147,controlled-occlusion,m2,mask\f0147_m2.png,True,True,,335df4b0afa7aa86982c67afca5563cef459ae1f3ce97053276c04ceeb845b2c,c7e15e86da7f7b8e1d24239940c03156594ca72d94142446b72b319e52f780a9,720,480,18716,False,1e0247a3572a9a03a036d088524792b73d204572140efaf8811d9f6428561131,m2+m3 [expected_no_op],,
147,f0147,controlled-occlusion,m3,mask\f0147_m3.png,True,True,,7be0eba8418a1fea2b4348b0f05008207534712ef8299e385685a102768f7302,c7e15e86da7f7b8e1d24239940c03156594ca72d94142446b72b319e52f780a9,720,480,18716,False,1e0247a3572a9a03a036d088524792b73d204572140efaf8811d9f6428561131,m2+m3 [expected_no_op],,
147,f0147,controlled-occlusion,m4,mask\f0147_m4.png,True,True,,17f0fdebc4ff3b578e2eca201248033b72651b29f425eda00ee837c804eb751e,999ff58d791ce956703770f965287761a1dedd59ab0f3d2c0200cfe8c8df2041,720,480,14879,False,1e0247a3572a9a03a036d088524792b73d204572140efaf8811d9f6428561131,,,
148,f0148,cargo-only,m0,mask\f0148_m0.png,True,True,,e0a0ac40695e4aef8e32157d1b1d5831cffb7024c5434a604a2b770f564f8770,92fd11d7bec447d5d24a6baad181aeb1bbfc60df40752ebb87273cd8754e3d77,720,480,27030,False,d7b2c3fcf12478fc3118f95f86c8e70617e1d16f5a4d30243e8085039a14e9ea,m0+m1+m2+m3+m4 [no_op_placed_but_not_occluding],,
148,f0148,cargo-only,m1,mask\f0148_m1.png,True,True,,ede503feafcd55a4fd893ca1b6b2145b6480e27703bcb5a08a0219c30ea3ea84,92fd11d7bec447d5d24a6baad181aeb1bbfc60df40752ebb87273cd8754e3d77,720,480,27030,False,d7b2c3fcf12478fc3118f95f86c8e70617e1d16f5a4d30243e8085039a14e9ea,m0+m1+m2+m3+m4 [no_op_placed_but_not_occluding],,
148,f0148,cargo-only,m2,mask\f0148_m2.png,True,True,,33a44f1b54ceae9140c1b39e3bcda720b7446c1b0349c9483354838748c696b8,92fd11d7bec447d5d24a6baad181aeb1bbfc60df40752ebb87273cd8754e3d77,720,480,27030,False,d7b2c3fcf12478fc3118f95f86c8e70617e1d16f5a4d30243e8085039a14e9ea,m0+m1+m2+m3+m4 [no_op_placed_but_not_occluding],,
148,f0148,cargo-only,m3,mask\f0148_m3.png,True,True,,7bc54563981ad798702f0ae5a60f22f76bd926eab90f0b9d386daf3831a216c7,92fd11d7bec447d5d24a6baad181aeb1bbfc60df40752ebb87273cd8754e3d77,720,480,27030,False,d7b2c3fcf12478fc3118f95f86c8e70617e1d16f5a4d30243e8085039a14e9ea,m0+m1+m2+m3+m4 [no_op_placed_but_not_occluding],,
148,f0148,cargo-only,m4,mask\f0148_m4.png,True,True,,3e8654c96058749ca226f7cfb9d7f5d2ee13683aef5b781a54fc24baa740e1ef,92fd11d7bec447d5d24a6baad181aeb1bbfc60df40752ebb87273cd8754e3d77,720,480,27030,False,d7b2c3fcf12478fc3118f95f86c8e70617e1d16f5a4d30243e8085039a14e9ea,m0+m1+m2+m3+m4 [no_op_placed_but_not_occluding],,
149,f0149,cargo-only,m0,mask\f0149_m0.png,True,True,,21d2c1b273e162141351e711c990b01634fb371bc0f02170f044ae903fdb2a10,b0b76db4a7df69669a364c4415817573c4ba8109d6ac7199d213bc5375ed2436,640,480,181031,False,c56a261c4fcfa57530bf1cd69d49c34b0df2f2c4f7e0a8ff70c23fd5b68bb9a6,m0+m1 [expected_no_op],,
149,f0149,cargo-only,m1,mask\f0149_m1.png,True,True,,e20d8f963cff4eb993a86622102ee3dcfc97c6bc7c7e917c61292866e38b2acb,b0b76db4a7df69669a364c4415817573c4ba8109d6ac7199d213bc5375ed2436,640,480,181031,False,c56a261c4fcfa57530bf1cd69d49c34b0df2f2c4f7e0a8ff70c23fd5b68bb9a6,m0+m1 [expected_no_op],,
149,f0149,cargo-only,m2,mask\f0149_m2.png,True,True,,50d58001f97b60e497158455acba03e5e40d4366812228d28be658998435ae37,0488a3aa452278427c636ec8e332f16a08b6bb446697603ee000b4c1f103b2fe,640,480,152756,False,c56a261c4fcfa57530bf1cd69d49c34b0df2f2c4f7e0a8ff70c23fd5b68bb9a6,m2+m3+m4 [expected_no_op],,
149,f0149,cargo-only,m3,mask\f0149_m3.png,True,True,,bfc4b3bac895d9202b4bcd56e00c93d518efd93b62c64677330728dc1381df41,0488a3aa452278427c636ec8e332f16a08b6bb446697603ee000b4c1f103b2fe,640,480,152756,False,c56a261c4fcfa57530bf1cd69d49c34b0df2f2c4f7e0a8ff70c23fd5b68bb9a6,m2+m3+m4 [expected_no_op],,
149,f0149,cargo-only,m4,mask\f0149_m4.png,True,True,,f845f7ac7b2a6f26a19b97b71770e003a32f53781b755c7d5c65b0b1a78133f5,0488a3aa452278427c636ec8e332f16a08b6bb446697603ee000b4c1f103b2fe,640,480,152756,False,c56a261c4fcfa57530bf1cd69d49c34b0df2f2c4f7e0a8ff70c23fd5b68bb9a6,m2+m3+m4 [expected_no_op],,
150,f0150,controlled-occlusion,m0,mask\f0150_m0.png,True,True,,47582ebc3c70026cb6ee3adad74203805e00a07785a97478c64118ba6be81546,eb606c6f6919b163a1976539d774f0f972234851cc31391f9450f1b1ebfb1a49,640,480,4835,False,97d9975986d551f7a2ffff68201a4acae1d37eb62f2be7771139e06a4660e414,m0+m1+m2+m3 [expected_no_op],,
150,f0150,controlled-occlusion,m1,mask\f0150_m1.png,True,True,,9b7db4396424c5a8836ccbda61ec054ace20f627bbbf15209138fb5e8c18260c,eb606c6f6919b163a1976539d774f0f972234851cc31391f9450f1b1ebfb1a49,640,480,4835,False,97d9975986d551f7a2ffff68201a4acae1d37eb62f2be7771139e06a4660e414,m0+m1+m2+m3 [expected_no_op],,
150,f0150,controlled-occlusion,m2,mask\f0150_m2.png,True,True,,83cd470c6eb8b6572a9208663c08ce3a06054fc85bf88754fd9f5caf2dee4839,eb606c6f6919b163a1976539d774f0f972234851cc31391f9450f1b1ebfb1a49,640,480,4835,False,97d9975986d551f7a2ffff68201a4acae1d37eb62f2be7771139e06a4660e414,m0+m1+m2+m3 [expected_no_op],,
150,f0150,controlled-occlusion,m3,mask\f0150_m3.png,True,True,,ff2df64b89bf9ddaf9708d367f0e1bfc2295297bde17551848cd42152df4042e,eb606c6f6919b163a1976539d774f0f972234851cc31391f9450f1b1ebfb1a49,640,480,4835,False,97d9975986d551f7a2ffff68201a4acae1d37eb62f2be7771139e06a4660e414,m0+m1+m2+m3 [expected_no_op],,
150,f0150,controlled-occlusion,m4,mask\f0150_m4.png,True,True,,352bf02fedaedc165561747f84c5f7f4f703e173f65deb1ed259e19f2ad07033,cb78f1139ebc93cf6142fdfe5a4bca0e303843a9a63faf769f7096f1c2062783,640,480,2798,False,97d9975986d551f7a2ffff68201a4acae1d37eb62f2be7771139e06a4660e414,,,
151,f0151,cargo-only,m0,mask\f0151_m0.png,True,True,,c304152d4b10c66793da415946eeadba2d7a87c2fa088753ff8749a6e8b6cd20,1fd753792c2ecab29c9f8dab51fba17bc6fedaa619088d81dd24dd0b9026c7a1,560,560,593,False,d7a6fa6b17614c11e606ead47c9b30f512ed7a52f475ef099f76c664b7a93431,m0+m1 [expected_no_op],,
151,f0151,cargo-only,m1,mask\f0151_m1.png,True,True,,e3edaa398af0b0db468d3bbc79aa1a6c02fac9b9160bf2c37f88464ae2a6d395,1fd753792c2ecab29c9f8dab51fba17bc6fedaa619088d81dd24dd0b9026c7a1,560,560,593,False,d7a6fa6b17614c11e606ead47c9b30f512ed7a52f475ef099f76c664b7a93431,m0+m1 [expected_no_op],,
151,f0151,cargo-only,m2,mask\f0151_m2.png,True,True,,2c03fecfbfc17ea0d1921b99c77bbbe98663af45bfd1b62a249ba574efa265e5,da42c8f0b935ceef22e4f76558b30ca3a67ba538b8b6c439abeadea84a87f4d1,560,560,559,False,d7a6fa6b17614c11e606ead47c9b30f512ed7a52f475ef099f76c664b7a93431,m2+m3+m4 [expected_no_op],,
151,f0151,cargo-only,m3,mask\f0151_m3.png,True,True,,ba287d255394c1c433e1496e9fdd97a2373430dd6fba74311a1886157fc10497,da42c8f0b935ceef22e4f76558b30ca3a67ba538b8b6c439abeadea84a87f4d1,560,560,559,False,d7a6fa6b17614c11e606ead47c9b30f512ed7a52f475ef099f76c664b7a93431,m2+m3+m4 [expected_no_op],,
151,f0151,cargo-only,m4,mask\f0151_m4.png,True,True,,48eda5978a51027819088fe2b5a6d177848c15b842bb7bd07291826d7d630704,da42c8f0b935ceef22e4f76558b30ca3a67ba538b8b6c439abeadea84a87f4d1,560,560,559,False,d7a6fa6b17614c11e606ead47c9b30f512ed7a52f475ef099f76c664b7a93431,m2+m3+m4 [expected_no_op],,
152,f0152,cargo-only,m0,mask\f0152_m0.png,True,True,,b897987015d8b6502cd928fc709e0ae442df202dbc8fd1c04df954f013006f88,e444840f195713b93a94b00e1aff1be733dbf5375de4ebf2805ab064283708bb,960,540,51646,False,c91b956ab852287a34242a000291895cb90309d465315c3f8c70a5269345bf78,m0+m1+m2+m3+m4 [expected_no_op],,
152,f0152,cargo-only,m1,mask\f0152_m1.png,True,True,,e1836413bc755435060826858de914a26307338e713336fafa5cf578561515b9,e444840f195713b93a94b00e1aff1be733dbf5375de4ebf2805ab064283708bb,960,540,51646,False,c91b956ab852287a34242a000291895cb90309d465315c3f8c70a5269345bf78,m0+m1+m2+m3+m4 [expected_no_op],,
152,f0152,cargo-only,m2,mask\f0152_m2.png,True,True,,4b449b9c061e75cd0146d6e910ba77715b924a6dbae0fb4435627679951e6e32,e444840f195713b93a94b00e1aff1be733dbf5375de4ebf2805ab064283708bb,960,540,51646,False,c91b956ab852287a34242a000291895cb90309d465315c3f8c70a5269345bf78,m0+m1+m2+m3+m4 [expected_no_op],,
152,f0152,cargo-only,m3,mask\f0152_m3.png,True,True,,da02c47831de6946fc738c74cf87e762b1751262d795643f3ced4a63f756dd1d,e444840f195713b93a94b00e1aff1be733dbf5375de4ebf2805ab064283708bb,960,540,51646,False,c91b956ab852287a34242a000291895cb90309d465315c3f8c70a5269345bf78,m0+m1+m2+m3+m4 [expected_no_op],,
152,f0152,cargo-only,m4,mask\f0152_m4.png,True,True,,770d41502acad6950602d5a456f0be023d807176e69ce88be3cfbdda1aaca7c3,e444840f195713b93a94b00e1aff1be733dbf5375de4ebf2805ab064283708bb,960,540,51646,False,c91b956ab852287a34242a000291895cb90309d465315c3f8c70a5269345bf78,m0+m1+m2+m3+m4 [expected_no_op],,
153,f0153,cargo-only,m0,mask\f0153_m0.png,True,True,,9f4b045883b2b3248696e5c2e73096bca8d452fe4b7dc184635230ca5db554aa,0c4c430c1a00080f23f87372e84c9e261d25c81455d08a3c5310f9d47516ddce,640,480,133421,False,b478abc488c63512c5602132f15299fa82829b878ee6253d3ea5cc4a36de1b22,,,
153,f0153,cargo-only,m1,mask\f0153_m1.png,True,True,,9ae718cb6b879ef11b2830fba95d1de5e1e1a40c42d97251270af88deed98b76,ddf1d916117d4fd69a165d497e8c01dc7da23a899faf5cd5f080ee8c741ba80d,640,480,133420,False,b478abc488c63512c5602132f15299fa82829b878ee6253d3ea5cc4a36de1b22,,,
153,f0153,cargo-only,m2,mask\f0153_m2.png,True,True,,4a69da83e79aa29207122b0f045f37661ae897bc6f1e04fa511b018ec6f460c2,2490ae75d5230707c1de35452f9a8e008c0eebf81f4831555078d85b4679a699,640,480,129274,False,b478abc488c63512c5602132f15299fa82829b878ee6253d3ea5cc4a36de1b22,m2+m3+m4 [expected_no_op],,
153,f0153,cargo-only,m3,mask\f0153_m3.png,True,True,,54c673246a02a2572f38f85328f768ca8a3833c8122c8c2feff910f51d536c63,2490ae75d5230707c1de35452f9a8e008c0eebf81f4831555078d85b4679a699,640,480,129274,False,b478abc488c63512c5602132f15299fa82829b878ee6253d3ea5cc4a36de1b22,m2+m3+m4 [expected_no_op],,
153,f0153,cargo-only,m4,mask\f0153_m4.png,True,True,,34a433a7e30d0fd47a026fdc6db835b16fe4ec2272325eb1d612071a0d630131,2490ae75d5230707c1de35452f9a8e008c0eebf81f4831555078d85b4679a699,640,480,129274,False,b478abc488c63512c5602132f15299fa82829b878ee6253d3ea5cc4a36de1b22,m2+m3+m4 [expected_no_op],,
154,f0154,cargo-only,m0,mask\f0154_m0.png,True,True,,94a89b9f8fefc50c5396e9faf3939cbacf5b74833e405fce8e8ea992136cbbfc,d8d4438c489d2ab5e2c2986ff68f508450688660f299fa47283180e4be75c6cd,720,480,138998,False,10ab9dfa74a4413e006af5861206fb1f443a9bd74a9db1dc5f731b0ba4f5810a,m0+m1 [expected_no_op],,
154,f0154,cargo-only,m1,mask\f0154_m1.png,True,True,,cd70f7f8d41ea6e3d413cfa09b907fe58cdfc273184c34f4bf555d8a84a4f8c4,d8d4438c489d2ab5e2c2986ff68f508450688660f299fa47283180e4be75c6cd,720,480,138998,False,10ab9dfa74a4413e006af5861206fb1f443a9bd74a9db1dc5f731b0ba4f5810a,m0+m1 [expected_no_op],,
154,f0154,cargo-only,m2,mask\f0154_m2.png,True,True,,4909dfb0a2e49f6e4c279ad91d52ba2044c87612a2a0191234ec5cffe40bac7f,fd9c5c663298eb03fe4ee2a7b949dd03ac00877d1dc25a065834806d4000a428,720,480,105487,False,10ab9dfa74a4413e006af5861206fb1f443a9bd74a9db1dc5f731b0ba4f5810a,m2+m3+m4 [expected_no_op],,
154,f0154,cargo-only,m3,mask\f0154_m3.png,True,True,,4909dfb0a2e49f6e4c279ad91d52ba2044c87612a2a0191234ec5cffe40bac7f,fd9c5c663298eb03fe4ee2a7b949dd03ac00877d1dc25a065834806d4000a428,720,480,105487,False,10ab9dfa74a4413e006af5861206fb1f443a9bd74a9db1dc5f731b0ba4f5810a,m2+m3+m4 [expected_no_op],,
154,f0154,cargo-only,m4,mask\f0154_m4.png,True,True,,c39733fd5a656eb003b84d44636d6d203e722cea7bc51164101f28a7b7ac0a8f,fd9c5c663298eb03fe4ee2a7b949dd03ac00877d1dc25a065834806d4000a428,720,480,105487,False,10ab9dfa74a4413e006af5861206fb1f443a9bd74a9db1dc5f731b0ba4f5810a,m2+m3+m4 [expected_no_op],,
155,f0155,cargo-only,m0,mask\f0155_m0.png,True,True,,62a6e0228a17c22375707b01417332b577d57175a43f541bc5126e9d57915f9e,1e93ae413e51e219349b9f0e88c72c10e7ed07f131ccad9ec987e6ecec53778b,640,480,67726,False,884a65ce85dfce040fc0ebed8cfd3e8a6aceb9bd1193cb9aeb18034e0e9d47b8,m0+m1 [expected_no_op],,
155,f0155,cargo-only,m1,mask\f0155_m1.png,True,True,,cca95b1df5bbacdcb70520eb8bb3f02f3ae0627a569c93c90d9ab94a9844e4ba,1e93ae413e51e219349b9f0e88c72c10e7ed07f131ccad9ec987e6ecec53778b,640,480,67726,False,884a65ce85dfce040fc0ebed8cfd3e8a6aceb9bd1193cb9aeb18034e0e9d47b8,m0+m1 [expected_no_op],,
155,f0155,cargo-only,m2,mask\f0155_m2.png,True,True,,17c3ed7c1cd72eea43ac4c24459423186d4acf7e8b443425027535f52c86e05e,7d06848354b763dbe8ea529f9fdc57ac9565cfdd1534b754d091fc89ec6b3af1,640,480,51207,False,884a65ce85dfce040fc0ebed8cfd3e8a6aceb9bd1193cb9aeb18034e0e9d47b8,m2+m3+m4 [expected_no_op],,
155,f0155,cargo-only,m3,mask\f0155_m3.png,True,True,,079e4980a63716a77549bd0cc70337da9840e23d6a607e70294e9fc24bdec91c,7d06848354b763dbe8ea529f9fdc57ac9565cfdd1534b754d091fc89ec6b3af1,640,480,51207,False,884a65ce85dfce040fc0ebed8cfd3e8a6aceb9bd1193cb9aeb18034e0e9d47b8,m2+m3+m4 [expected_no_op],,
155,f0155,cargo-only,m4,mask\f0155_m4.png,True,True,,59d2455981b5ec2712891edc39a01f0b0f8faaa27507da5e2ae0d729e293bf2b,7d06848354b763dbe8ea529f9fdc57ac9565cfdd1534b754d091fc89ec6b3af1,640,480,51207,False,884a65ce85dfce040fc0ebed8cfd3e8a6aceb9bd1193cb9aeb18034e0e9d47b8,m2+m3+m4 [expected_no_op],,
156,f0156,controlled-occlusion,m0,mask\f0156_m0.png,False,False,missing,,,,,,,,,,
156,f0156,controlled-occlusion,m1,mask\f0156_m1.png,False,False,missing,,,,,,,,,,
156,f0156,controlled-occlusion,m2,mask\f0156_m2.png,False,False,missing,,,,,,,,,,
156,f0156,controlled-occlusion,m3,mask\f0156_m3.png,False,False,missing,,,,,,,,,,
156,f0156,controlled-occlusion,m4,mask\f0156_m4.png,False,False,missing,,,,,,,,,,
157,f0157,cargo-only,m0,mask\f0157_m0.png,True,True,,ca895b484487ee20ce9e225394312e5ee0e1e1f45d662cc7047f7a3c42ab0292,bcd09a2dd41f3472342ff5890042e9602d3dc15d4cb619923d618ab2be23cc9b,960,540,499,False,924a057fb65aa46587d992acb337bbbd03745ba9812f1266bda07364024a6b81,m0+m1 [expected_no_op],,
157,f0157,cargo-only,m1,mask\f0157_m1.png,True,True,,5ec1e09fb64a0f24acb531f9cfb61a9fb1f3fdfc127facb18f35bc81ee19e5f9,bcd09a2dd41f3472342ff5890042e9602d3dc15d4cb619923d618ab2be23cc9b,960,540,499,False,924a057fb65aa46587d992acb337bbbd03745ba9812f1266bda07364024a6b81,m0+m1 [expected_no_op],,
157,f0157,cargo-only,m2,mask\f0157_m2.png,True,True,,d9612c86fce22fe4eddaa08377af1570c999533d54e8710b57bcaac0672dece1,b9879ad7d7dcec402161af94dc8d60e95f9a2d41c93d56681ee09f45144f8809,960,540,424,False,924a057fb65aa46587d992acb337bbbd03745ba9812f1266bda07364024a6b81,m2+m3+m4 [expected_no_op],,
157,f0157,cargo-only,m3,mask\f0157_m3.png,True,True,,06548686212639e942ec5bfe20b82c2494ba9785cbbc48140e244645fd42f68b,b9879ad7d7dcec402161af94dc8d60e95f9a2d41c93d56681ee09f45144f8809,960,540,424,False,924a057fb65aa46587d992acb337bbbd03745ba9812f1266bda07364024a6b81,m2+m3+m4 [expected_no_op],,
157,f0157,cargo-only,m4,mask\f0157_m4.png,True,True,,c134560a7d5a588a54f8932cd4370938f01ac6939a336dcbfb946e0248112af2,b9879ad7d7dcec402161af94dc8d60e95f9a2d41c93d56681ee09f45144f8809,960,540,424,False,924a057fb65aa46587d992acb337bbbd03745ba9812f1266bda07364024a6b81,m2+m3+m4 [expected_no_op],,
158,f0158,controlled-occlusion,m0,mask\f0158_m0.png,True,True,,bd84135b4a27191b6591ea5c2a8a27e325614f614543fddfd6d166c6949289cb,d92c1b2cef746d8ff363b4a58fbac9d92c958f34736efd1fe889f197eef6ad80,640,480,14675,False,acb94e7152cdc18e81b779eba990322adf03131bc8c8fae954547fd51d16e6eb,m0+m1+m2+m3 [no_op_placed_but_not_occluding],,
158,f0158,controlled-occlusion,m1,mask\f0158_m1.png,True,True,,7ee62502fb840e7f77847f08b7ef9fec7bbe40edc9c59bcf611853d6df4663e1,d92c1b2cef746d8ff363b4a58fbac9d92c958f34736efd1fe889f197eef6ad80,640,480,14675,False,acb94e7152cdc18e81b779eba990322adf03131bc8c8fae954547fd51d16e6eb,m0+m1+m2+m3 [no_op_placed_but_not_occluding],,
158,f0158,controlled-occlusion,m2,mask\f0158_m2.png,True,True,,615e5713ecbaf882b9eb5457f69350175a902c70eac35b700e2991b8dc3b3827,d92c1b2cef746d8ff363b4a58fbac9d92c958f34736efd1fe889f197eef6ad80,640,480,14675,False,acb94e7152cdc18e81b779eba990322adf03131bc8c8fae954547fd51d16e6eb,m0+m1+m2+m3 [no_op_placed_but_not_occluding],,
158,f0158,controlled-occlusion,m3,mask\f0158_m3.png,True,True,,f05e77951d57b3818c0faba3e05773801bb51de5084884c96e7651676d5d3ca2,d92c1b2cef746d8ff363b4a58fbac9d92c958f34736efd1fe889f197eef6ad80,640,480,14675,False,acb94e7152cdc18e81b779eba990322adf03131bc8c8fae954547fd51d16e6eb,m0+m1+m2+m3 [no_op_placed_but_not_occluding],,
158,f0158,controlled-occlusion,m4,mask\f0158_m4.png,True,True,,43a59ebe875155c01f89bf16aa4eef454293eb4a749af4bdd8d277171f6a5011,1c601777b8b69495ec90d61d264bc503da0d0bbc4eada424ec13a0f5d32faea3,640,480,14637,False,acb94e7152cdc18e81b779eba990322adf03131bc8c8fae954547fd51d16e6eb,,,
159,f0159,cargo-only,m0,mask\f0159_m0.png,True,True,,3aa89c91b3206d9fc00df662d201d48379dc365bde3f14b25f4d521facc4e9b4,09e3d9d49e975512b0a042cf707ae4d226d703e8d31adc5e6bdee9421c533af7,640,480,72117,False,20a5e3d43259d3c0d042994e73eaad0ecb094ddcf35ed07c321d11f726c13bd7,m0+m1 [expected_no_op],,
159,f0159,cargo-only,m1,mask\f0159_m1.png,True,True,,8e7e243f87d050ec6dd07045f3d2f9546e922238331f7635c87141c12d25efc0,09e3d9d49e975512b0a042cf707ae4d226d703e8d31adc5e6bdee9421c533af7,640,480,72117,False,20a5e3d43259d3c0d042994e73eaad0ecb094ddcf35ed07c321d11f726c13bd7,m0+m1 [expected_no_op],,
159,f0159,cargo-only,m2,mask\f0159_m2.png,True,True,,1ed7e3a21e6891196a41496e39690ec9e8033fc564a3a11e38e3473c69768eb8,d068209efa19714b79a70d2fb20b54d02206bb4152a71e8cb60110d6ea17400f,640,480,64165,False,20a5e3d43259d3c0d042994e73eaad0ecb094ddcf35ed07c321d11f726c13bd7,m2+m3+m4 [expected_no_op],,
159,f0159,cargo-only,m3,mask\f0159_m3.png,True,True,,0d6ae10271b65fe7ec9c974bc3c205f38b8a0b4680051ecaf4fed31c7ecfb705,d068209efa19714b79a70d2fb20b54d02206bb4152a71e8cb60110d6ea17400f,640,480,64165,False,20a5e3d43259d3c0d042994e73eaad0ecb094ddcf35ed07c321d11f726c13bd7,m2+m3+m4 [expected_no_op],,
159,f0159,cargo-only,m4,mask\f0159_m4.png,True,True,,2ef3076330a88b021f6a23ffdcaf7181ce50f0f892a6c311eddb22f08de5181c,d068209efa19714b79a70d2fb20b54d02206bb4152a71e8cb60110d6ea17400f,640,480,64165,False,20a5e3d43259d3c0d042994e73eaad0ecb094ddcf35ed07c321d11f726c13bd7,m2+m3+m4 [expected_no_op],,
160,f0160,controlled-occlusion,m0,mask\f0160_m0.png,True,True,,43f4fb2404aad0d0dcb84393e045510544e4ad0bca14172b2045bf4d0a94991b,c8f2f91146fdb0da7513b12731d87dd138d45f1d565b375b1ebf791bfe520130,640,480,7601,False,fc45e35d7257fe9992537654ec6ee4c35d54e78aac283bb45ac0d8b50d3fc013,m0+m1 [expected_no_op],,
160,f0160,controlled-occlusion,m1,mask\f0160_m1.png,True,True,,478ba9ecc42de9091c586fd44a3f4bfb7bb473b11b57bcbe6b7009cc3077c312,c8f2f91146fdb0da7513b12731d87dd138d45f1d565b375b1ebf791bfe520130,640,480,7601,False,fc45e35d7257fe9992537654ec6ee4c35d54e78aac283bb45ac0d8b50d3fc013,m0+m1 [expected_no_op],,
160,f0160,controlled-occlusion,m2,mask\f0160_m2.png,True,True,,e244aca0062d0f32e940f2fde4b2a85618f9759fbfca8793aec59770e41eccae,95a874e466017b923c135c0539cb26112bede7cec394add1b284b4ad5271ff61,640,480,6410,False,fc45e35d7257fe9992537654ec6ee4c35d54e78aac283bb45ac0d8b50d3fc013,m2+m3 [no_op_placed_but_not_occluding],,
160,f0160,controlled-occlusion,m3,mask\f0160_m3.png,True,True,,7a9b97fbc827f266082607006d31dee5897d4bb588c9404769b3d59ba6cc74f5,95a874e466017b923c135c0539cb26112bede7cec394add1b284b4ad5271ff61,640,480,6410,False,fc45e35d7257fe9992537654ec6ee4c35d54e78aac283bb45ac0d8b50d3fc013,m2+m3 [no_op_placed_but_not_occluding],,
160,f0160,controlled-occlusion,m4,mask\f0160_m4.png,True,True,,014de32cb1c578fbcbb418a360a7f8c503a8b025c0ab35db37e2013a7f8ad681,020992e9be39a79c19a90891b765be7a25ca6338b3a33a11ad53cce4ce65b4e3,640,480,5574,False,fc45e35d7257fe9992537654ec6ee4c35d54e78aac283bb45ac0d8b50d3fc013,,,
161,f0161,cargo-only,m0,mask\f0161_m0.png,True,True,,8d104efea3dbfcd95c9b8b0749d2f8270993e37ebf0971423e09ff62a8bd5a5f,c9a8075ccad3afc71af9482427333fc26467f6d19ad8a0249d1177d01ac9f3df,960,540,277400,False,cf92cae8a85be9f76d5389573338efdcdd0d0df51b598074e626ecf7af52c459,m0+m1+m2+m3+m4 [expected_no_op],,
161,f0161,cargo-only,m1,mask\f0161_m1.png,True,True,,d59e7a4d7e50145be5d107034ab958c8d7aeae19444ca92c60c6e75cbdc0110a,c9a8075ccad3afc71af9482427333fc26467f6d19ad8a0249d1177d01ac9f3df,960,540,277400,False,cf92cae8a85be9f76d5389573338efdcdd0d0df51b598074e626ecf7af52c459,m0+m1+m2+m3+m4 [expected_no_op],,
161,f0161,cargo-only,m2,mask\f0161_m2.png,True,True,,7d37a87e807f445da9c2fb15f3b1a23abfdfa39e8860e4184d4ddb5cdffc6e5e,c9a8075ccad3afc71af9482427333fc26467f6d19ad8a0249d1177d01ac9f3df,960,540,277400,False,cf92cae8a85be9f76d5389573338efdcdd0d0df51b598074e626ecf7af52c459,m0+m1+m2+m3+m4 [expected_no_op],,
161,f0161,cargo-only,m3,mask\f0161_m3.png,True,True,,54e173581865ec52b8f14c9331a7ba18e6ae0cd37b0b6151d79e66631c603448,c9a8075ccad3afc71af9482427333fc26467f6d19ad8a0249d1177d01ac9f3df,960,540,277400,False,cf92cae8a85be9f76d5389573338efdcdd0d0df51b598074e626ecf7af52c459,m0+m1+m2+m3+m4 [expected_no_op],,
161,f0161,cargo-only,m4,mask\f0161_m4.png,True,True,,71d894eaa1e4f5574714b0aa61be99d0e1f99cc0792f45e333bc1799b28cae0b,c9a8075ccad3afc71af9482427333fc26467f6d19ad8a0249d1177d01ac9f3df,960,540,277400,False,cf92cae8a85be9f76d5389573338efdcdd0d0df51b598074e626ecf7af52c459,m0+m1+m2+m3+m4 [expected_no_op],,
162,f0162,controlled-occlusion,m0,mask\f0162_m0.png,False,False,missing,,,,,,,,,,
162,f0162,controlled-occlusion,m1,mask\f0162_m1.png,False,False,missing,,,,,,,,,,
162,f0162,controlled-occlusion,m2,mask\f0162_m2.png,False,False,missing,,,,,,,,,,
162,f0162,controlled-occlusion,m3,mask\f0162_m3.png,False,False,missing,,,,,,,,,,
162,f0162,controlled-occlusion,m4,mask\f0162_m4.png,False,False,missing,,,,,,,,,,
163,f0163,cargo-only,m0,mask\f0163_m0.png,True,True,,7dd35cd8e703c4986b46e467ed386a7103d7c8db73646a20b13d44dd20e1be13,d1ba40d09d662a91ef66226ee7844c66191f471427e8e331e3a69a6bbf1eab29,640,480,13899,False,0eae0d684826b7d86f7f797479a926d4425906fc9d58702d0fb6e51a2debf4e9,m0+m1+m2+m3+m4 [no_op_placed_but_not_occluding],,
163,f0163,cargo-only,m1,mask\f0163_m1.png,True,True,,aafbf1a485adcc0601b7b99cc5dcc73409278ddda84cdbaedc1ca309a66bef1f,d1ba40d09d662a91ef66226ee7844c66191f471427e8e331e3a69a6bbf1eab29,640,480,13899,False,0eae0d684826b7d86f7f797479a926d4425906fc9d58702d0fb6e51a2debf4e9,m0+m1+m2+m3+m4 [no_op_placed_but_not_occluding],,
163,f0163,cargo-only,m2,mask\f0163_m2.png,True,True,,fd73372d5cfa146fa14728777d513ff8849aa5e479842b6ff064240517ba433d,d1ba40d09d662a91ef66226ee7844c66191f471427e8e331e3a69a6bbf1eab29,640,480,13899,False,0eae0d684826b7d86f7f797479a926d4425906fc9d58702d0fb6e51a2debf4e9,m0+m1+m2+m3+m4 [no_op_placed_but_not_occluding],,
163,f0163,cargo-only,m3,mask\f0163_m3.png,True,True,,75d160ded154adbed7daa9bd3fe2bef396963f028de3059beec5ac38ff69d635,d1ba40d09d662a91ef66226ee7844c66191f471427e8e331e3a69a6bbf1eab29,640,480,13899,False,0eae0d684826b7d86f7f797479a926d4425906fc9d58702d0fb6e51a2debf4e9,m0+m1+m2+m3+m4 [no_op_placed_but_not_occluding],,
163,f0163,cargo-only,m4,mask\f0163_m4.png,True,True,,33eaf3cbf583a1e061869bfc2af3417a3c306558a82b6f799cb5de7e95087898,d1ba40d09d662a91ef66226ee7844c66191f471427e8e331e3a69a6bbf1eab29,640,480,13899,False,0eae0d684826b7d86f7f797479a926d4425906fc9d58702d0fb6e51a2debf4e9,m0+m1+m2+m3+m4 [no_op_placed_but_not_occluding],,
164,f0164,cargo-only,m0,mask\f0164_m0.png,True,True,,e9ebc36e0513fe3bfc0eda6acc253b2ea72ae5909e34694b0ab38d7fcb9205cc,8df6084c14abc9686df51ec6e4b3eb7266e3ab805738344d10b2c49ac810bc21,560,560,712,False,f8ebc799f3bb82bf37a74d81ca06a5b24af3b0979c7074d2ad7513cd4b89f48e,m0+m1 [expected_no_op],,
164,f0164,cargo-only,m1,mask\f0164_m1.png,True,True,,7ad58d8c3c9786135262b629b126f9c5d8684104dd28f5d1eba694fcc483d558,8df6084c14abc9686df51ec6e4b3eb7266e3ab805738344d10b2c49ac810bc21,560,560,712,False,f8ebc799f3bb82bf37a74d81ca06a5b24af3b0979c7074d2ad7513cd4b89f48e,m0+m1 [expected_no_op],,
164,f0164,cargo-only,m2,mask\f0164_m2.png,True,True,,35dfb74c5cd166d84a5960db5ebc292958a6645bedbfa37bd959da4ec7e9f084,30d31556a56a86ca419926a2d37ef2a2d1d0f7ec5e4cc52543cb6d69a12d5f3f,560,560,566,False,f8ebc799f3bb82bf37a74d81ca06a5b24af3b0979c7074d2ad7513cd4b89f48e,m2+m3+m4 [expected_no_op],,
164,f0164,cargo-only,m3,mask\f0164_m3.png,True,True,,291af090fb3fd2953d8beadff24b5f6acadefc1ea354424881318ff62d3d9b83,30d31556a56a86ca419926a2d37ef2a2d1d0f7ec5e4cc52543cb6d69a12d5f3f,560,560,566,False,f8ebc799f3bb82bf37a74d81ca06a5b24af3b0979c7074d2ad7513cd4b89f48e,m2+m3+m4 [expected_no_op],,
164,f0164,cargo-only,m4,mask\f0164_m4.png,True,True,,d4b295fdab201fbb7bb1dee9368b13ad58740071326f9198e67a79701e6d8d5d,30d31556a56a86ca419926a2d37ef2a2d1d0f7ec5e4cc52543cb6d69a12d5f3f,560,560,566,False,f8ebc799f3bb82bf37a74d81ca06a5b24af3b0979c7074d2ad7513cd4b89f48e,m2+m3+m4 [expected_no_op],,
165,f0165,cargo-only,m0,mask\f0165_m0.png,True,True,,b379b637397ccdd289c858cbc98c68b3a7a7316a66d1966f18f4d847904737a8,0725cb731d67b64841d8726741d7dae8a9f712c9facc800da03bbac328dd338e,960,540,208604,False,0c72fe339c90e134a0500859724e64287c35e21319181348e0c28c3511d7d6a8,m0+m1+m2+m3+m4 [no_op_placed_but_not_occluding],,
165,f0165,cargo-only,m1,mask\f0165_m1.png,True,True,,959b4451ca01e54cbec3d18ceb2943ba44fcbbb7099cdf847086235a07cc8c06,0725cb731d67b64841d8726741d7dae8a9f712c9facc800da03bbac328dd338e,960,540,208604,False,0c72fe339c90e134a0500859724e64287c35e21319181348e0c28c3511d7d6a8,m0+m1+m2+m3+m4 [no_op_placed_but_not_occluding],,
165,f0165,cargo-only,m2,mask\f0165_m2.png,True,True,,be17dd529e7123c2052787222d0e08f437192182f52dfdbc7847620ae495f97c,0725cb731d67b64841d8726741d7dae8a9f712c9facc800da03bbac328dd338e,960,540,208604,False,0c72fe339c90e134a0500859724e64287c35e21319181348e0c28c3511d7d6a8,m0+m1+m2+m3+m4 [no_op_placed_but_not_occluding],,
165,f0165,cargo-only,m3,mask\f0165_m3.png,True,True,,903c307312df221f466de957ba1e4923ea804bf5a4491258d242b1656a1f1458,0725cb731d67b64841d8726741d7dae8a9f712c9facc800da03bbac328dd338e,960,540,208604,False,0c72fe339c90e134a0500859724e64287c35e21319181348e0c28c3511d7d6a8,m0+m1+m2+m3+m4 [no_op_placed_but_not_occluding],,
165,f0165,cargo-only,m4,mask\f0165_m4.png,True,True,,4e792cde79710e9298fe94c2cfdbcddc2a85ca5e8a42d5826ac4609ac4362daf,0725cb731d67b64841d8726741d7dae8a9f712c9facc800da03bbac328dd338e,960,540,208604,False,0c72fe339c90e134a0500859724e64287c35e21319181348e0c28c3511d7d6a8,m0+m1+m2+m3+m4 [no_op_placed_but_not_occluding],,
166,f0166,cargo-only,m0,mask\f0166_m0.png,True,True,,36914266ca74b0b5d446cdc8f99d6f95bb838bdd1d993f654a2e25967bc89e24,c0619f1eee5d57e03548332e22e5705a1c1d415713574bc4e583fab35b05cdce,640,480,1590,False,9cba2e444a0e754eea008e49f2630daf152a126087f579f9bfa0958439ea95ae,m0+m1 [expected_no_op],,
166,f0166,cargo-only,m1,mask\f0166_m1.png,True,True,,5aa6c87bd200af91876e4610d98b38f4db9fac08a98e18898fbc997686e7c5ff,c0619f1eee5d57e03548332e22e5705a1c1d415713574bc4e583fab35b05cdce,640,480,1590,False,9cba2e444a0e754eea008e49f2630daf152a126087f579f9bfa0958439ea95ae,m0+m1 [expected_no_op],,
166,f0166,cargo-only,m2,mask\f0166_m2.png,True,True,,7d11f62915e96fe37e6ef3b22ec54b21122ebbfd8a38dc27953cd9d056360115,9eaef57dfc5ac0a68e875754bd61e874a2bbc9cc876607ce44efee3301e2a5af,640,480,1246,False,9cba2e444a0e754eea008e49f2630daf152a126087f579f9bfa0958439ea95ae,m2+m3+m4 [expected_no_op],,
166,f0166,cargo-only,m3,mask\f0166_m3.png,True,True,,262491c92c00e2c49dd8ba9769ebaa087190db817f62cd700cd973c547e4d2bc,9eaef57dfc5ac0a68e875754bd61e874a2bbc9cc876607ce44efee3301e2a5af,640,480,1246,False,9cba2e444a0e754eea008e49f2630daf152a126087f579f9bfa0958439ea95ae,m2+m3+m4 [expected_no_op],,
166,f0166,cargo-only,m4,mask\f0166_m4.png,True,True,,b6bde57c140a2a288d0e3106d5624c9131bbc9806b9e74eafc809a4935f36b52,9eaef57dfc5ac0a68e875754bd61e874a2bbc9cc876607ce44efee3301e2a5af,640,480,1246,False,9cba2e444a0e754eea008e49f2630daf152a126087f579f9bfa0958439ea95ae,m2+m3+m4 [expected_no_op],,
167,f0167,cargo-only,m0,mask\f0167_m0.png,True,True,,74f57bbad9af363436160d5cbcaab8a057c701dba1bcbde698e71fafc0750448,1ad2b64a64ecfd0f6dd9d9148627995a427b1654818d43d6f56a457421124bf3,640,480,9926,False,c53e2d6f0596fc82db3e9a35fd09a0c08144c171c753d000511c06e202839cd4,m0+m1 [expected_no_op],,
167,f0167,cargo-only,m1,mask\f0167_m1.png,True,True,,462948c6e39c287f5aa3f94a85f9554ee1bed2f7fe4ad780b74d8b89d16e19fd,1ad2b64a64ecfd0f6dd9d9148627995a427b1654818d43d6f56a457421124bf3,640,480,9926,False,c53e2d6f0596fc82db3e9a35fd09a0c08144c171c753d000511c06e202839cd4,m0+m1 [expected_no_op],,
167,f0167,cargo-only,m2,mask\f0167_m2.png,True,True,,ac7d06d13f34ca3480bc00832fd73087cf7d569a718fb2b4291da19cc3c9a5f1,7623f69c1cd3e5198edc3d2d6a795812986f12dfaffd2a1bcc90438087721456,640,480,8050,False,c53e2d6f0596fc82db3e9a35fd09a0c08144c171c753d000511c06e202839cd4,m2+m3+m4 [expected_no_op],,
167,f0167,cargo-only,m3,mask\f0167_m3.png,True,True,,35a3d2c5a9f7cafcbc1adf30531f8580dc3f9b8c16c058165bea530e854599f0,7623f69c1cd3e5198edc3d2d6a795812986f12dfaffd2a1bcc90438087721456,640,480,8050,False,c53e2d6f0596fc82db3e9a35fd09a0c08144c171c753d000511c06e202839cd4,m2+m3+m4 [expected_no_op],,
167,f0167,cargo-only,m4,mask\f0167_m4.png,True,True,,cdbd9e15e8a54f8070cdaa5c19ec58a69c41ecee2f3ccf2e36fec1717dfd01a8,7623f69c1cd3e5198edc3d2d6a795812986f12dfaffd2a1bcc90438087721456,640,480,8050,False,c53e2d6f0596fc82db3e9a35fd09a0c08144c171c753d000511c06e202839cd4,m2+m3+m4 [expected_no_op],,
168,f0168,controlled-occlusion,m0,mask\f0168_m0.png,False,False,missing,,,,,,,,,,
168,f0168,controlled-occlusion,m1,mask\f0168_m1.png,False,False,missing,,,,,,,,,,
168,f0168,controlled-occlusion,m2,mask\f0168_m2.png,False,False,missing,,,,,,,,,,
168,f0168,controlled-occlusion,m3,mask\f0168_m3.png,False,False,missing,,,,,,,,,,
168,f0168,controlled-occlusion,m4,mask\f0168_m4.png,False,False,missing,,,,,,,,,,
169,f0169,cargo-only,m0,mask\f0169_m0.png,True,True,,214ef190e01b6c9294a445731f8b654a4637019ce4a975ebe171ec04fe2de418,3a150fcebaa2d5b3dfb0eba9b73fcd2613d31ce821ae756a7d9a01a0d8df15db,640,480,75771,False,9e6e939e5b82c6f3609f53014d90a218371d35c24feab337175ebf563386cdde,m0+m1 [expected_no_op],,
169,f0169,cargo-only,m1,mask\f0169_m1.png,True,True,,2fe1e35a469e854f71a1f6dc6fbd6789cc1458c97becd641b67eeeec1a1539ea,3a150fcebaa2d5b3dfb0eba9b73fcd2613d31ce821ae756a7d9a01a0d8df15db,640,480,75771,False,9e6e939e5b82c6f3609f53014d90a218371d35c24feab337175ebf563386cdde,m0+m1 [expected_no_op],,
169,f0169,cargo-only,m2,mask\f0169_m2.png,True,True,,6607e68580b1de40c7d1789a5b5ea2abb8e98c36550369137a72c63f368572d5,8610ca2f8e805b198044b15e4a4b3ff43412457bd3017b8a081950d13db1b557,640,480,61302,False,9e6e939e5b82c6f3609f53014d90a218371d35c24feab337175ebf563386cdde,m2+m3+m4 [expected_no_op],,
169,f0169,cargo-only,m3,mask\f0169_m3.png,True,True,,58e7018faa5941defdd4be2985916b7ca2f146223be56e97096f7214427f3317,8610ca2f8e805b198044b15e4a4b3ff43412457bd3017b8a081950d13db1b557,640,480,61302,False,9e6e939e5b82c6f3609f53014d90a218371d35c24feab337175ebf563386cdde,m2+m3+m4 [expected_no_op],,
169,f0169,cargo-only,m4,mask\f0169_m4.png,True,True,,3e3e352ed1792fd88d4a720c8f3ccb88f3a929de50d6a81acbc47501db5c553f,8610ca2f8e805b198044b15e4a4b3ff43412457bd3017b8a081950d13db1b557,640,480,61302,False,9e6e939e5b82c6f3609f53014d90a218371d35c24feab337175ebf563386cdde,m2+m3+m4 [expected_no_op],,
170,f0170,controlled-occlusion,m0,mask\f0170_m0.png,True,True,,71cf3b330a04823cc7e8deb5575747a5cd7733229a5adacb63a5e7bf1fa1b381,05ff64a4890085ac8cefeecaa9655bb6fcef3625545169915e804cf1b1056a0f,640,480,26241,False,44d1d938b1a2c03295c6c3405aae43622af12821e449812758271bc7b2719e98,m0+m1 [expected_no_op],,
170,f0170,controlled-occlusion,m1,mask\f0170_m1.png,True,True,,9437d1f8612277377cd45218a3a1151ff9378effa782bd8f3c261ef20f29e9d8,05ff64a4890085ac8cefeecaa9655bb6fcef3625545169915e804cf1b1056a0f,640,480,26241,False,44d1d938b1a2c03295c6c3405aae43622af12821e449812758271bc7b2719e98,m0+m1 [expected_no_op],,
170,f0170,controlled-occlusion,m2,mask\f0170_m2.png,True,True,,d84303ab798ad46a6db510d5928196b99b643025fa7ffe9ce0d56af25d5d5224,1ec15188bb357ed8a5492fdfeef8b1cc5782b9261a5160b33a5a71dde7979868,640,480,22134,False,44d1d938b1a2c03295c6c3405aae43622af12821e449812758271bc7b2719e98,m2+m3 [no_op_placed_but_not_occluding],,
170,f0170,controlled-occlusion,m3,mask\f0170_m3.png,True,True,,454ee7b90df4d810856612a568df848708afe41e10d53821aecce1c89787da04,1ec15188bb357ed8a5492fdfeef8b1cc5782b9261a5160b33a5a71dde7979868,640,480,22134,False,44d1d938b1a2c03295c6c3405aae43622af12821e449812758271bc7b2719e98,m2+m3 [no_op_placed_but_not_occluding],,
170,f0170,controlled-occlusion,m4,mask\f0170_m4.png,True,True,,6555fcfd949821d29a98219a86167e34dee89088c4e18771189d39c5292e7126,456a2743e3f6cc4a03884ca8f83b47ee75ca7881ee485d33c9c88add9a564c37,640,480,11945,False,44d1d938b1a2c03295c6c3405aae43622af12821e449812758271bc7b2719e98,,,
171,f0171,controlled-occlusion,m0,mask\f0171_m0.png,False,False,missing,,,,,,,,,,
171,f0171,controlled-occlusion,m1,mask\f0171_m1.png,False,False,missing,,,,,,,,,,
171,f0171,controlled-occlusion,m2,mask\f0171_m2.png,False,False,missing,,,,,,,,,,
171,f0171,controlled-occlusion,m3,mask\f0171_m3.png,False,False,missing,,,,,,,,,,
171,f0171,controlled-occlusion,m4,mask\f0171_m4.png,False,False,missing,,,,,,,,,,
172,f0172,cargo-only,m0,mask\f0172_m0.png,True,True,,f83ea51af68026ff232cc8356d6d20ae32222d1aac20cd4d66102043b56e7c06,5ab9bb80d8b4db127b6657e45488f96b5239a3e96298957045d8414cfe87e94e,560,560,62971,False,c282d1885b640e876004dda797f4d317233ffbdb92783d2008535f071fe193ee,m0+m1+m2+m3+m4 [no_op_placed_but_not_occluding],,
172,f0172,cargo-only,m1,mask\f0172_m1.png,True,True,,28043023ec75974918078618d9de1494a144eed1578f57a0e42195c07383ec4d,5ab9bb80d8b4db127b6657e45488f96b5239a3e96298957045d8414cfe87e94e,560,560,62971,False,c282d1885b640e876004dda797f4d317233ffbdb92783d2008535f071fe193ee,m0+m1+m2+m3+m4 [no_op_placed_but_not_occluding],,
172,f0172,cargo-only,m2,mask\f0172_m2.png,True,True,,34cfcee18441877e0681c039e8f4c77ecedeec0db45961ad6d14416ca68604d6,5ab9bb80d8b4db127b6657e45488f96b5239a3e96298957045d8414cfe87e94e,560,560,62971,False,c282d1885b640e876004dda797f4d317233ffbdb92783d2008535f071fe193ee,m0+m1+m2+m3+m4 [no_op_placed_but_not_occluding],,
172,f0172,cargo-only,m3,mask\f0172_m3.png,True,True,,754677c9ccf0ba72625ede3996ed5bcb107ec6661128e45f8a9e674efbca44ae,5ab9bb80d8b4db127b6657e45488f96b5239a3e96298957045d8414cfe87e94e,560,560,62971,False,c282d1885b640e876004dda797f4d317233ffbdb92783d2008535f071fe193ee,m0+m1+m2+m3+m4 [no_op_placed_but_not_occluding],,
172,f0172,cargo-only,m4,mask\f0172_m4.png,True,True,,b6f1f918262bdcee4c82ce632fb11ac967f7512e34ac709953000b23ad1f6ef5,5ab9bb80d8b4db127b6657e45488f96b5239a3e96298957045d8414cfe87e94e,560,560,62971,False,c282d1885b640e876004dda797f4d317233ffbdb92783d2008535f071fe193ee,m0+m1+m2+m3+m4 [no_op_placed_but_not_occluding],,
173,f0173,cargo-only,m0,mask\f0173_m0.png,True,True,,6781b2a449b4ee70d26e75358fded0e7f82dfc5a304d3ed3b96e2c4ab9ea081b,db365ecb85d3a261d937803557689821fc8cbf3230e579ff1f84fa910cc977f7,640,480,25459,False,ecb09aee6ae688c835b1f2dad0bdde018a523ceacf4984de467a2749ad6c7ad9,m0+m1 [expected_no_op],,
173,f0173,cargo-only,m1,mask\f0173_m1.png,True,True,,662a5579c456d5db97d6638f46784f33855bdca7c464e933ec3cc8282c948cb7,db365ecb85d3a261d937803557689821fc8cbf3230e579ff1f84fa910cc977f7,640,480,25459,False,ecb09aee6ae688c835b1f2dad0bdde018a523ceacf4984de467a2749ad6c7ad9,m0+m1 [expected_no_op],,
173,f0173,cargo-only,m2,mask\f0173_m2.png,True,True,,93f4ca4010cc596a29ce47595472a4e152539c064880f595f9113b5cdc43d288,3cdfb57248bbffb158f15bf1ceb4be689d596fc6ca7ac6bd274b7c0967ae39ed,640,480,19363,False,ecb09aee6ae688c835b1f2dad0bdde018a523ceacf4984de467a2749ad6c7ad9,m2+m3+m4 [expected_no_op],,
173,f0173,cargo-only,m3,mask\f0173_m3.png,True,True,,24aeecd720ef107b642205eca7c6bb81551bb23bb0c54a6d8c89c7e3107114fd,3cdfb57248bbffb158f15bf1ceb4be689d596fc6ca7ac6bd274b7c0967ae39ed,640,480,19363,False,ecb09aee6ae688c835b1f2dad0bdde018a523ceacf4984de467a2749ad6c7ad9,m2+m3+m4 [expected_no_op],,
173,f0173,cargo-only,m4,mask\f0173_m4.png,True,True,,cbf5fea0c1af8a5fab057112cdd2f54bc2d52ef65d496f3ed5b996fc43bc50db,3cdfb57248bbffb158f15bf1ceb4be689d596fc6ca7ac6bd274b7c0967ae39ed,640,480,19363,False,ecb09aee6ae688c835b1f2dad0bdde018a523ceacf4984de467a2749ad6c7ad9,m2+m3+m4 [expected_no_op],,
174,f0174,controlled-occlusion,m0,mask\f0174_m0.png,True,True,,d4e04525418c62e0042e80b85bd1c1e3e8d668d51a142d828bfc256e3ac9ee30,91d088767aa5de64759cee13e10eb6233c9d666050572e10710a8e0ed54d855b,960,540,4274,False,a40e234df2fa0f2681a147fc3ff0ce43d36bafa0a33023db7ebd814cdd4a38c1,m0+m1+m2+m3 [no_op_placed_but_not_occluding],,
174,f0174,controlled-occlusion,m1,mask\f0174_m1.png,True,True,,7fbdee2c53aec35c63b5ae074d8809e221d6f872a36fb6dd204e811aa3f2efa5,91d088767aa5de64759cee13e10eb6233c9d666050572e10710a8e0ed54d855b,960,540,4274,False,a40e234df2fa0f2681a147fc3ff0ce43d36bafa0a33023db7ebd814cdd4a38c1,m0+m1+m2+m3 [no_op_placed_but_not_occluding],,
174,f0174,controlled-occlusion,m2,mask\f0174_m2.png,True,True,,e519799114ef8ef56be6c5c48c8024a9c8e143f0d08b9b7e951b7d08807a12d1,91d088767aa5de64759cee13e10eb6233c9d666050572e10710a8e0ed54d855b,960,540,4274,False,a40e234df2fa0f2681a147fc3ff0ce43d36bafa0a33023db7ebd814cdd4a38c1,m0+m1+m2+m3 [no_op_placed_but_not_occluding],,
174,f0174,controlled-occlusion,m3,mask\f0174_m3.png,True,True,,9c02f0901ba5f8d9e00169de4e3a6ac9699f5613857c0f1ef9df5179cfbcc47d,91d088767aa5de64759cee13e10eb6233c9d666050572e10710a8e0ed54d855b,960,540,4274,False,a40e234df2fa0f2681a147fc3ff0ce43d36bafa0a33023db7ebd814cdd4a38c1,m0+m1+m2+m3 [no_op_placed_but_not_occluding],,
174,f0174,controlled-occlusion,m4,mask\f0174_m4.png,True,True,,dd142a68ed87e6f1454865e1a6a740eb200ad91b024b71ace90d9b6be608014a,1e2e89c9ad9353c89e8945f46cde0873061474a0f26ba8d4cc63a654ee3db2b4,960,540,3659,False,a40e234df2fa0f2681a147fc3ff0ce43d36bafa0a33023db7ebd814cdd4a38c1,,,
175,f0175,controlled-occlusion,m0,mask\f0175_m0.png,False,False,missing,,,,,,,,,,
175,f0175,controlled-occlusion,m1,mask\f0175_m1.png,False,False,missing,,,,,,,,,,
175,f0175,controlled-occlusion,m2,mask\f0175_m2.png,False,False,missing,,,,,,,,,,
175,f0175,controlled-occlusion,m3,mask\f0175_m3.png,False,False,missing,,,,,,,,,,
175,f0175,controlled-occlusion,m4,mask\f0175_m4.png,False,False,missing,,,,,,,,,,
176,f0176,cargo-only,m0,mask\f0176_m0.png,True,True,,b65fe63f38f6d4ef2584f322e05c70bf4f80a7231face0f89497d530efdcdcc3,9573134dc3ece6f4254593f3b99dd2836c3c33e17fc6b6db4f96eee86dfb5f79,640,480,38213,False,e97d514b0b9a2ed3ad49c23304a6fda4abc05db6828b1983a893099b013f676d,m0+m1 [expected_no_op],,
176,f0176,cargo-only,m1,mask\f0176_m1.png,True,True,,a151c879930b6d3bcfe8a350ecb54a6f8a742e445752b5fc6c19626f80de37ff,9573134dc3ece6f4254593f3b99dd2836c3c33e17fc6b6db4f96eee86dfb5f79,640,480,38213,False,e97d514b0b9a2ed3ad49c23304a6fda4abc05db6828b1983a893099b013f676d,m0+m1 [expected_no_op],,
176,f0176,cargo-only,m2,mask\f0176_m2.png,True,True,,ae6df5d148bb65a66893c0cb8e5a9cee0aa78f5ad799005d7e8ca4e3a6a74efc,8b7d0e629159603312be42b0f3b6d0be15b2eaba5b0373b84bc3fa6568b888f7,640,480,29285,False,e97d514b0b9a2ed3ad49c23304a6fda4abc05db6828b1983a893099b013f676d,m2+m3+m4 [expected_no_op],,
176,f0176,cargo-only,m3,mask\f0176_m3.png,True,True,,307be1e8faae487f3dc1d7a7557458b7923ed362ac9c96a83847c767709c14e3,8b7d0e629159603312be42b0f3b6d0be15b2eaba5b0373b84bc3fa6568b888f7,640,480,29285,False,e97d514b0b9a2ed3ad49c23304a6fda4abc05db6828b1983a893099b013f676d,m2+m3+m4 [expected_no_op],,
176,f0176,cargo-only,m4,mask\f0176_m4.png,True,True,,d3a62911e675317455ad26cc7a6e188894471a1509bb6eb430f5489d5bfc8e6c,8b7d0e629159603312be42b0f3b6d0be15b2eaba5b0373b84bc3fa6568b888f7,640,480,29285,False,e97d514b0b9a2ed3ad49c23304a6fda4abc05db6828b1983a893099b013f676d,m2+m3+m4 [expected_no_op],,
177,f0177,cargo-only,m0,mask\f0177_m0.png,True,True,,69e2be5a7501328a36409bfd5f6fa83f97fbea678287d38cae6052bf779d94de,b14714b9a083340eadd5ca4998fa4814e223b1264526dfea35584d871e1c7fbd,720,480,62383,False,939abdc1782874397c5427a5e3bee2bbc68e900baa8d8152f4ab81d68e6b333f,m0+m1 [expected_no_op],,
177,f0177,cargo-only,m1,mask\f0177_m1.png,True,True,,3e289b5a9a3aadc6f38d375e3fc7bb6854a75f8637bae31350312d6f4c7c1f9e,b14714b9a083340eadd5ca4998fa4814e223b1264526dfea35584d871e1c7fbd,720,480,62383,False,939abdc1782874397c5427a5e3bee2bbc68e900baa8d8152f4ab81d68e6b333f,m0+m1 [expected_no_op],,
177,f0177,cargo-only,m2,mask\f0177_m2.png,True,True,,40608af4e642c488aa17f29a9d5a914fe3b8435be02d87bd997171fce8cd1b23,eda1cb0021d8cde114883ea3aca63b440963fee986b9b141c337de25da137ba9,720,480,62376,False,939abdc1782874397c5427a5e3bee2bbc68e900baa8d8152f4ab81d68e6b333f,m2+m3+m4 [expected_no_op],,
177,f0177,cargo-only,m3,mask\f0177_m3.png,True,True,,e8e21d58a15946516889c0fc7e145c7b2cc2ca44aecc2f3552b11d7aef990d02,eda1cb0021d8cde114883ea3aca63b440963fee986b9b141c337de25da137ba9,720,480,62376,False,939abdc1782874397c5427a5e3bee2bbc68e900baa8d8152f4ab81d68e6b333f,m2+m3+m4 [expected_no_op],,
177,f0177,cargo-only,m4,mask\f0177_m4.png,True,True,,4fe2bad163f62e79137e8960f0bf28b6e3dc9bdb6ddca8e4be88310d1b6a6bd3,eda1cb0021d8cde114883ea3aca63b440963fee986b9b141c337de25da137ba9,720,480,62376,False,939abdc1782874397c5427a5e3bee2bbc68e900baa8d8152f4ab81d68e6b333f,m2+m3+m4 [expected_no_op],,
178,f0178,cargo-only,m0,mask\f0178_m0.png,True,True,,daf58049d40837fafa9e95c7d3f49e75b085f2c8b81b04a049cecd0bb0a42081,3520cb9f3e2e264d41c25700a53571b0e4308e122936dad8718a9bc8b141292b,960,540,366207,False,59ce52823630f9ac9a00322a685851f53362346eb3e5026cb13b3bad15c206dd,m0+m1+m2+m3+m4 [expected_no_op],,
178,f0178,cargo-only,m1,mask\f0178_m1.png,True,True,,fb01adb51d812d4dca0f75906b8d42f622b3a1d3098707f939c357cb6ba317d7,3520cb9f3e2e264d41c25700a53571b0e4308e122936dad8718a9bc8b141292b,960,540,366207,False,59ce52823630f9ac9a00322a685851f53362346eb3e5026cb13b3bad15c206dd,m0+m1+m2+m3+m4 [expected_no_op],,
178,f0178,cargo-only,m2,mask\f0178_m2.png,True,True,,184cfc53bdef17b6f5ec3378ea4aaa93bab59fd2940f30f7d3dcb1f753dc9848,3520cb9f3e2e264d41c25700a53571b0e4308e122936dad8718a9bc8b141292b,960,540,366207,False,59ce52823630f9ac9a00322a685851f53362346eb3e5026cb13b3bad15c206dd,m0+m1+m2+m3+m4 [expected_no_op],,
178,f0178,cargo-only,m3,mask\f0178_m3.png,True,True,,317f8a6065a2834e1912d3098fdb36f18174e8edbe0b3bf172367031ed143165,3520cb9f3e2e264d41c25700a53571b0e4308e122936dad8718a9bc8b141292b,960,540,366207,False,59ce52823630f9ac9a00322a685851f53362346eb3e5026cb13b3bad15c206dd,m0+m1+m2+m3+m4 [expected_no_op],,
178,f0178,cargo-only,m4,mask\f0178_m4.png,True,True,,43ef5ba36279ae9f7d36fccb34da14c3ebe5432cf2e427be9cb868f01beb0812,3520cb9f3e2e264d41c25700a53571b0e4308e122936dad8718a9bc8b141292b,960,540,366207,False,59ce52823630f9ac9a00322a685851f53362346eb3e5026cb13b3bad15c206dd,m0+m1+m2+m3+m4 [expected_no_op],,
179,f0179,cargo-only,m0,mask\f0179_m0.png,True,True,,625f15d42f94215537cdbb26279cfbe403ef9bfb6511be0006586102ec3586b5,ecb08c2fb9275a13918bfd37d91a562f7e978fa7daceb5d07e219c21f76110af,640,480,789,False,c83f062e672b01ad0b5942457b6aebfc61e9658fedddd20038b105d5eb76fe49,m0+m1 [expected_no_op],,
179,f0179,cargo-only,m1,mask\f0179_m1.png,True,True,,23ad74177af492e0be096ee81e42d8a5b932b9722075fe4dff980efcfb41b7e5,ecb08c2fb9275a13918bfd37d91a562f7e978fa7daceb5d07e219c21f76110af,640,480,789,False,c83f062e672b01ad0b5942457b6aebfc61e9658fedddd20038b105d5eb76fe49,m0+m1 [expected_no_op],,
179,f0179,cargo-only,m2,mask\f0179_m2.png,True,True,,abc6ba71506b84c5375d99b96b93776fcfc5a5a8c94198bc439970d3fcefcef3,b6e700918f193f52aa3b346ea6f612ae36863391026ea87a7175c3432592c0c6,640,480,652,False,c83f062e672b01ad0b5942457b6aebfc61e9658fedddd20038b105d5eb76fe49,m2+m3+m4 [expected_no_op],,
179,f0179,cargo-only,m3,mask\f0179_m3.png,True,True,,0b0fac93a479c2d1eeda3859adfe5c65f2a1ff5f7fb64c07489f57ba8aaa1628,b6e700918f193f52aa3b346ea6f612ae36863391026ea87a7175c3432592c0c6,640,480,652,False,c83f062e672b01ad0b5942457b6aebfc61e9658fedddd20038b105d5eb76fe49,m2+m3+m4 [expected_no_op],,
179,f0179,cargo-only,m4,mask\f0179_m4.png,True,True,,480d74893c3c4874794ad30d17945de9fbf02e23b94df4cc05d9dcef68b8c63b,b6e700918f193f52aa3b346ea6f612ae36863391026ea87a7175c3432592c0c6,640,480,652,False,c83f062e672b01ad0b5942457b6aebfc61e9658fedddd20038b105d5eb76fe49,m2+m3+m4 [expected_no_op],,
180,f0180,cargo-only,m0,mask\f0180_m0.png,True,True,,3e162145a81c2091df0c5affcf7a1d80553a3303d4ce9934e215b3d402779c21,fa983ce3331c1aa5777589472ef9fe68225818ced846e7f553f7c14ad6223cb9,720,480,354,False,72d757b01d6745380bd068679a337ff7ebcc0e4df1b9a0d4080547f72ca31163,m0+m1 [expected_no_op],,
180,f0180,cargo-only,m1,mask\f0180_m1.png,True,True,,afcbd563ef4dd49ed46a25eb165ce1fd0a450e342bae971e8018a9953cc94b0d,fa983ce3331c1aa5777589472ef9fe68225818ced846e7f553f7c14ad6223cb9,720,480,354,False,72d757b01d6745380bd068679a337ff7ebcc0e4df1b9a0d4080547f72ca31163,m0+m1 [expected_no_op],,
180,f0180,cargo-only,m2,mask\f0180_m2.png,True,True,,6c3f61b1e3c389f7b230b6b6918737d41eb218ef2ddfa73830ac8d6515a58b3d,f3a5bff3c5f28e63295086d6dd896165515264fdc49daf34c9d92ded586c23df,720,480,315,False,72d757b01d6745380bd068679a337ff7ebcc0e4df1b9a0d4080547f72ca31163,m2+m3+m4 [expected_no_op],,
180,f0180,cargo-only,m3,mask\f0180_m3.png,True,True,,54aeb164c0b6e06a9b6c97420eb795c85b80d3a8850d63d36bf7d5462b273fb1,f3a5bff3c5f28e63295086d6dd896165515264fdc49daf34c9d92ded586c23df,720,480,315,False,72d757b01d6745380bd068679a337ff7ebcc0e4df1b9a0d4080547f72ca31163,m2+m3+m4 [expected_no_op],,
180,f0180,cargo-only,m4,mask\f0180_m4.png,True,True,,3561b4afe1c5cdcd54631a87dd5b29ff9f62d0c01a49886e7f9626c2374ef869,f3a5bff3c5f28e63295086d6dd896165515264fdc49daf34c9d92ded586c23df,720,480,315,False,72d757b01d6745380bd068679a337ff7ebcc0e4df1b9a0d4080547f72ca31163,m2+m3+m4 [expected_no_op],,
181,f0181,controlled-occlusion,m0,mask\f0181_m0.png,True,True,,f14d85b5634c133a697b3d14ad85cc46ce15ba90b0866abfe5b439d4c7e6f549,fbb0555e922e253a075e39d02fe4da9b4d04532345de0afb15e72f1eff6328f6,960,540,44749,False,fd3baaa35e8ee8c78b28474dab0563f3ca0504ed51dc64f3bab3868023594202,m0+m1 [expected_no_op],,
181,f0181,controlled-occlusion,m1,mask\f0181_m1.png,True,True,,3f8de3ba25a6879f047d7073790b059c07739dde4848d32ad61442bb80f9e797,fbb0555e922e253a075e39d02fe4da9b4d04532345de0afb15e72f1eff6328f6,960,540,44749,False,fd3baaa35e8ee8c78b28474dab0563f3ca0504ed51dc64f3bab3868023594202,m0+m1 [expected_no_op],,
181,f0181,controlled-occlusion,m2,mask\f0181_m2.png,True,True,,2c5fbcdf20162d5abd1457317980acd532ac9db2232e23fb8a33157a16374709,fd6cf7ad5ec622cf9704499a2b34538b745f6db16e66b0f876b33ac6e096a0ab,960,540,36067,False,fd3baaa35e8ee8c78b28474dab0563f3ca0504ed51dc64f3bab3868023594202,m2+m3 [expected_no_op],,
181,f0181,controlled-occlusion,m3,mask\f0181_m3.png,True,True,,216a6715ecb2f120d403e98a5f3031f25e973703d43d645826bf1d60dbd76316,fd6cf7ad5ec622cf9704499a2b34538b745f6db16e66b0f876b33ac6e096a0ab,960,540,36067,False,fd3baaa35e8ee8c78b28474dab0563f3ca0504ed51dc64f3bab3868023594202,m2+m3 [expected_no_op],,
181,f0181,controlled-occlusion,m4,mask\f0181_m4.png,True,True,,c6c676bc16352f273ac460dcd05f0e229fdc51c8c96ec89c1701d7e2ddf7151d,3b466dd59dd7fc431ae52bb4fc4d493963620ba774d021ec23a05a6cc94a4492,960,540,28654,False,fd3baaa35e8ee8c78b28474dab0563f3ca0504ed51dc64f3bab3868023594202,,,
182,f0182,cargo-only,m0,mask\f0182_m0.png,True,True,,c48323fd5da6e33eb13f89885e8f52257252ce9b6cc9062d06888c7dddbd1a5c,730e27b3e5cf014d1366a01b2168d7a118bf58516ef62b950a93d847294b0f02,560,560,1532,False,fcc0fabda57d07ed69887c2a6bc694d7ebb17bb77bb9cb29a6d7ac3f4c03f147,m0+m1 [expected_no_op],,
182,f0182,cargo-only,m1,mask\f0182_m1.png,True,True,,4c614b0dce4bcaa9002089c3eec75a451f3ec8bd144a1ff838424615b8b32e96,730e27b3e5cf014d1366a01b2168d7a118bf58516ef62b950a93d847294b0f02,560,560,1532,False,fcc0fabda57d07ed69887c2a6bc694d7ebb17bb77bb9cb29a6d7ac3f4c03f147,m0+m1 [expected_no_op],,
182,f0182,cargo-only,m2,mask\f0182_m2.png,True,True,,affcc10c0f849ab03c6ebdab77bb062876dcf0dcf6d246f9768fd964c8986aa9,ec5f2c3d21fd84838af07262e09952870c705d04a65f7a5b2727385e880f2f5b,560,560,1280,False,fcc0fabda57d07ed69887c2a6bc694d7ebb17bb77bb9cb29a6d7ac3f4c03f147,m2+m3+m4 [expected_no_op],,
182,f0182,cargo-only,m3,mask\f0182_m3.png,True,True,,7490e2edca0c043120e7034b2bfbd144b8504679c983f127e53ecc09314b6327,ec5f2c3d21fd84838af07262e09952870c705d04a65f7a5b2727385e880f2f5b,560,560,1280,False,fcc0fabda57d07ed69887c2a6bc694d7ebb17bb77bb9cb29a6d7ac3f4c03f147,m2+m3+m4 [expected_no_op],,
182,f0182,cargo-only,m4,mask\f0182_m4.png,True,True,,b14b1c9174b24ad9ae03a8361f3724b7aa2d97e66be21e3bea6e6a634914b83d,ec5f2c3d21fd84838af07262e09952870c705d04a65f7a5b2727385e880f2f5b,560,560,1280,False,fcc0fabda57d07ed69887c2a6bc694d7ebb17bb77bb9cb29a6d7ac3f4c03f147,m2+m3+m4 [expected_no_op],,
183,f0183,cargo-only,m0,mask\f0183_m0.png,True,True,,85b4054900ad4fde83c254e18f42f144d9965fc8a2ea8fae4089f1f7adcdb042,1fdd2edded070693e0ca01d0b17a27c8432dcdf17980da864e0787a7a6632f08,640,480,107537,False,41487214a4f3c16ecbdc19c7228b66a0bc16a5dc5e0e9fd20674c1969921660c,m0+m1 [expected_no_op],,
183,f0183,cargo-only,m1,mask\f0183_m1.png,True,True,,fdce4761bc7a57fabdcdd9e022e03db15d2ed1883de36b137fdbac7e7f6dbc3e,1fdd2edded070693e0ca01d0b17a27c8432dcdf17980da864e0787a7a6632f08,640,480,107537,False,41487214a4f3c16ecbdc19c7228b66a0bc16a5dc5e0e9fd20674c1969921660c,m0+m1 [expected_no_op],,
183,f0183,cargo-only,m2,mask\f0183_m2.png,True,True,,34c0006c3c19eb37f03f2cec348238639362ceacca6f4fc7651f6d22f17b7ab9,a6e03d636499dabb137a62bf9eac4fe123db2f88aa495fcc3d9c737ef735f465,640,480,84274,False,41487214a4f3c16ecbdc19c7228b66a0bc16a5dc5e0e9fd20674c1969921660c,m2+m3+m4 [expected_no_op],,
183,f0183,cargo-only,m3,mask\f0183_m3.png,True,True,,f1133f4b10f7033c33bfd61feff5a17ed23b3ab2f594ad70fe2f5e946a2f0b7a,a6e03d636499dabb137a62bf9eac4fe123db2f88aa495fcc3d9c737ef735f465,640,480,84274,False,41487214a4f3c16ecbdc19c7228b66a0bc16a5dc5e0e9fd20674c1969921660c,m2+m3+m4 [expected_no_op],,
183,f0183,cargo-only,m4,mask\f0183_m4.png,True,True,,f1133f4b10f7033c33bfd61feff5a17ed23b3ab2f594ad70fe2f5e946a2f0b7a,a6e03d636499dabb137a62bf9eac4fe123db2f88aa495fcc3d9c737ef735f465,640,480,84274,False,41487214a4f3c16ecbdc19c7228b66a0bc16a5dc5e0e9fd20674c1969921660c,m2+m3+m4 [expected_no_op],,
184,f0184,cargo-only,m0,mask\f0184_m0.png,True,True,,769851e92440005bb5f011740928722b5e3d20066eb759c6ce9df4e3268b6015,6a56701681a769c56f9fec0e6c61bc9b3a20e6023dea9c72911887c4ee7b9e48,640,480,68028,False,aa0500711f230952ee81e893694a1f6af9345e4ddf2b70fdcca8769fd4394d4d,m0+m1 [expected_no_op],,
184,f0184,cargo-only,m1,mask\f0184_m1.png,True,True,,c99480ef45d6d087f1ce70e5dd60b021b5be12c76937f7a023474977292428bc,6a56701681a769c56f9fec0e6c61bc9b3a20e6023dea9c72911887c4ee7b9e48,640,480,68028,False,aa0500711f230952ee81e893694a1f6af9345e4ddf2b70fdcca8769fd4394d4d,m0+m1 [expected_no_op],,
184,f0184,cargo-only,m2,mask\f0184_m2.png,True,True,,bc306386596900525ce7173261d64bb6eb9605186f39a499410cbc9e458b016b,86726b007218c37906d287a404998246d5c5493c5103a82aaeb4e3ddc4572469,640,480,56641,False,aa0500711f230952ee81e893694a1f6af9345e4ddf2b70fdcca8769fd4394d4d,m2+m3+m4 [expected_no_op],,
184,f0184,cargo-only,m3,mask\f0184_m3.png,True,True,,75eccf4b8eb73acc9de212d2cc0b399bda544d882742818acf9d1bc72b4b0f81,86726b007218c37906d287a404998246d5c5493c5103a82aaeb4e3ddc4572469,640,480,56641,False,aa0500711f230952ee81e893694a1f6af9345e4ddf2b70fdcca8769fd4394d4d,m2+m3+m4 [expected_no_op],,
184,f0184,cargo-only,m4,mask\f0184_m4.png,True,True,,9060e639cc19f0edbec180f6e0d039ffdf9159d1dafc92e31982ca9a61f0e404,86726b007218c37906d287a404998246d5c5493c5103a82aaeb4e3ddc4572469,640,480,56641,False,aa0500711f230952ee81e893694a1f6af9345e4ddf2b70fdcca8769fd4394d4d,m2+m3+m4 [expected_no_op],,
185,f0185,cargo-only,m0,mask\f0185_m0.png,True,True,,064f24ce467af7211e8ddd8c44d01f4a428bd3c372f40ef2f99a904b2b5bfbc2,c56d5c38a86eb6dd8fa647f7196b9a15812908d9a0002a7cad2687bca7764152,960,540,30696,False,5231ce22022d1dffca7fad2c701576a4bbae92bdf36de7806e604141ece28f1c,m0+m1 [expected_no_op],,
185,f0185,cargo-only,m1,mask\f0185_m1.png,True,True,,ef2b7d3ca68f9793d1422543dc6f3e2a9098774fb37eeea1ed34b35b2e352772,c56d5c38a86eb6dd8fa647f7196b9a15812908d9a0002a7cad2687bca7764152,960,540,30696,False,5231ce22022d1dffca7fad2c701576a4bbae92bdf36de7806e604141ece28f1c,m0+m1 [expected_no_op],,
185,f0185,cargo-only,m2,mask\f0185_m2.png,True,True,,cdb2ebc0b7734bf69ab0569c75bfa0f64373dd00b8a0840ee5856a4ed7ad9ba6,07ecb43bc7187e9b81bfe1c23875f598d4819ee105c582b8e2431799e0214c0d,960,540,26648,False,5231ce22022d1dffca7fad2c701576a4bbae92bdf36de7806e604141ece28f1c,m2+m3+m4 [expected_no_op],,
185,f0185,cargo-only,m3,mask\f0185_m3.png,True,True,,cdb2ebc0b7734bf69ab0569c75bfa0f64373dd00b8a0840ee5856a4ed7ad9ba6,07ecb43bc7187e9b81bfe1c23875f598d4819ee105c582b8e2431799e0214c0d,960,540,26648,False,5231ce22022d1dffca7fad2c701576a4bbae92bdf36de7806e604141ece28f1c,m2+m3+m4 [expected_no_op],,
185,f0185,cargo-only,m4,mask\f0185_m4.png,True,True,,c1ab1b15f3e3717c7008d851041d374b5e56a47bcdf5b833f54859bb6efb2d1a,07ecb43bc7187e9b81bfe1c23875f598d4819ee105c582b8e2431799e0214c0d,960,540,26648,False,5231ce22022d1dffca7fad2c701576a4bbae92bdf36de7806e604141ece28f1c,m2+m3+m4 [expected_no_op],,
186,f0186,controlled-occlusion,m0,mask\f0186_m0.png,True,True,,662c74bc3cc7437e31c4dec32b5c01025299929402aa4818b86fa7180c00a78d,6201e06608ff747fcfc29d90a976a56eade014e509d113d7605cb08c617147b1,640,480,930,False,6fa5c1ff8b10602a616efde3d99a7d71c46183756a17fca1e3b824ad18e97ec9,m0+m1 [expected_no_op],,
186,f0186,controlled-occlusion,m1,mask\f0186_m1.png,True,True,,714b506f09b1c7161f13f997c3d708665f5a27badbf26ca96ed2c0a098fea5af,6201e06608ff747fcfc29d90a976a56eade014e509d113d7605cb08c617147b1,640,480,930,False,6fa5c1ff8b10602a616efde3d99a7d71c46183756a17fca1e3b824ad18e97ec9,m0+m1 [expected_no_op],,
186,f0186,controlled-occlusion,m2,mask\f0186_m2.png,True,True,,fe5d2c0b0d82dd341a652d2bd1d8237f9407739b4d55ae4c9874ec8ef8779a0e,8724664226e1cef3f96ed228b9a29747e4d4c418c4e3a086122eefbcdaae9dad,640,480,678,False,6fa5c1ff8b10602a616efde3d99a7d71c46183756a17fca1e3b824ad18e97ec9,m2+m3 [no_op_placed_but_not_occluding],,
186,f0186,controlled-occlusion,m3,mask\f0186_m3.png,True,True,,15f466047eb61ff354ab47f3df0ea8bb1b4692343ec6a5feb78bfc1c95d53186,8724664226e1cef3f96ed228b9a29747e4d4c418c4e3a086122eefbcdaae9dad,640,480,678,False,6fa5c1ff8b10602a616efde3d99a7d71c46183756a17fca1e3b824ad18e97ec9,m2+m3 [no_op_placed_but_not_occluding],,
186,f0186,controlled-occlusion,m4,mask\f0186_m4.png,True,True,,f95d8cbe9aa428cc2015bec3e3741bb03e223e1de87170ad122a6c2fe7987358,f233025b3ff080102c9d7b3699b1964b09cd8abd090efed1cb7f08c5d56d870b,640,480,594,False,6fa5c1ff8b10602a616efde3d99a7d71c46183756a17fca1e3b824ad18e97ec9,,,
187,f0187,cargo-only,m0,mask\f0187_m0.png,True,True,,8664c2ffb272f0cb6a6ba717dec404060282b24ed76677ddb8b1c9864e8bd476,fdb759bf619e23190f09c21ba1e4225f898376ea5aa3de6f1a9e0e3e812ac784,640,480,1742,False,30f069203a649ce1ea92c6968aa618ee8b34db48eeeff927f0e9a07cebf95a45,m0+m1 [expected_no_op],,
187,f0187,cargo-only,m1,mask\f0187_m1.png,True,True,,ce26d0f35f0ab57d09aea8051c45de081fac10dc7ad5fb0a411639194ddc2b89,fdb759bf619e23190f09c21ba1e4225f898376ea5aa3de6f1a9e0e3e812ac784,640,480,1742,False,30f069203a649ce1ea92c6968aa618ee8b34db48eeeff927f0e9a07cebf95a45,m0+m1 [expected_no_op],,
187,f0187,cargo-only,m2,mask\f0187_m2.png,True,True,,5d2e1f78f758be239ecc5a474e34d415e0b9303531493fd62168a2dd4c2522d6,1244547e592534d302a6b0feeb45da5825f8b1ac3353019d5ee77bc7c8b97dda,640,480,1708,False,30f069203a649ce1ea92c6968aa618ee8b34db48eeeff927f0e9a07cebf95a45,m2+m3+m4 [expected_no_op],,
187,f0187,cargo-only,m3,mask\f0187_m3.png,True,True,,9f6953f4f7169e1bf8c9eed2ee494df95baf62e7ae560f71e95b251fc961ac66,1244547e592534d302a6b0feeb45da5825f8b1ac3353019d5ee77bc7c8b97dda,640,480,1708,False,30f069203a649ce1ea92c6968aa618ee8b34db48eeeff927f0e9a07cebf95a45,m2+m3+m4 [expected_no_op],,
187,f0187,cargo-only,m4,mask\f0187_m4.png,True,True,,423a90afd1eea25fcd7ec0b1bd58a4036f84510ce97dd5139e872eb9e500957f,1244547e592534d302a6b0feeb45da5825f8b1ac3353019d5ee77bc7c8b97dda,640,480,1708,False,30f069203a649ce1ea92c6968aa618ee8b34db48eeeff927f0e9a07cebf95a45,m2+m3+m4 [expected_no_op],,
188,f0188,cargo-only,m0,mask\f0188_m0.png,True,True,,a171207365671d2a006a97c5c10310caf4c76ff6481164fbd0e249353abdcd05,3d4e9e16f6d1d78e732840a920805b1595bfb3eead67b91a60bc7d3a250f8fb0,720,480,27453,False,c270fe789cbe47b98e80e864243cdf10d356458f08970785fbbbccc7fc04801d,,,
188,f0188,cargo-only,m1,mask\f0188_m1.png,True,True,,f4cab78e9ec544e126cfd252a589a9497482cc3ac1fb3fe0c1b711bf11c034ff,45f1951e1c74c8d339e9609b8d1c44cdd878cd55305ad871097c773d09ec8026,720,480,27452,False,c270fe789cbe47b98e80e864243cdf10d356458f08970785fbbbccc7fc04801d,m1+m2+m3+m4 [no_op_placed_but_not_occluding],,
188,f0188,cargo-only,m2,mask\f0188_m2.png,True,True,,80026ce613608cf19b09c600a414d313ce7c664ff6c9922a471016df6847ec61,45f1951e1c74c8d339e9609b8d1c44cdd878cd55305ad871097c773d09ec8026,720,480,27452,False,c270fe789cbe47b98e80e864243cdf10d356458f08970785fbbbccc7fc04801d,m1+m2+m3+m4 [no_op_placed_but_not_occluding],,
188,f0188,cargo-only,m3,mask\f0188_m3.png,True,True,,59846af6b340e37ea539e990cb74774f1c5379d8cab139bae887883ae49ea318,45f1951e1c74c8d339e9609b8d1c44cdd878cd55305ad871097c773d09ec8026,720,480,27452,False,c270fe789cbe47b98e80e864243cdf10d356458f08970785fbbbccc7fc04801d,m1+m2+m3+m4 [no_op_placed_but_not_occluding],,
188,f0188,cargo-only,m4,mask\f0188_m4.png,True,True,,f41fdefdf714f09a56940de33f5226bcdaac308be7a4eb923c57304cc48da6b7,45f1951e1c74c8d339e9609b8d1c44cdd878cd55305ad871097c773d09ec8026,720,480,27452,False,c270fe789cbe47b98e80e864243cdf10d356458f08970785fbbbccc7fc04801d,m1+m2+m3+m4 [no_op_placed_but_not_occluding],,
189,f0189,cargo-only,m0,mask\f0189_m0.png,True,True,,9c850aa5d37ef3a1e48fea517a951b033119a3d5d6761768ef46db1317c56c2e,f9b84ff053115ff19f632891e6802b9e37641f4f5142d178f0fba35106356a17,640,480,50044,False,5d86a8f478b95f335be85d95d2223f39a8e3270ca2913acd9cbe4243a5f13acd,m0+m1 [expected_no_op],,
189,f0189,cargo-only,m1,mask\f0189_m1.png,True,True,,8831c092aed63ac035c2f90092a93daf121b0533d9ccf40e9d87c03e07cd4e75,f9b84ff053115ff19f632891e6802b9e37641f4f5142d178f0fba35106356a17,640,480,50044,False,5d86a8f478b95f335be85d95d2223f39a8e3270ca2913acd9cbe4243a5f13acd,m0+m1 [expected_no_op],,
189,f0189,cargo-only,m2,mask\f0189_m2.png,True,True,,822a31cb20d8074f88ba8a583b0597313664a7d3587016767d4d2d344b4dc445,882a0c9da9e77bd32ba57bf0f8443608f60a4489e136671d2fb9ffd5753c3b4d,640,480,46105,False,5d86a8f478b95f335be85d95d2223f39a8e3270ca2913acd9cbe4243a5f13acd,m2+m3+m4 [expected_no_op],,
189,f0189,cargo-only,m3,mask\f0189_m3.png,True,True,,740cab3594191206f3983dcf1cfab6624186809b580762bff6022d26af0f2d05,882a0c9da9e77bd32ba57bf0f8443608f60a4489e136671d2fb9ffd5753c3b4d,640,480,46105,False,5d86a8f478b95f335be85d95d2223f39a8e3270ca2913acd9cbe4243a5f13acd,m2+m3+m4 [expected_no_op],,
189,f0189,cargo-only,m4,mask\f0189_m4.png,True,True,,de28399d6d05f5401baf310eb0370afe0b8cb3aa4f576c22af7016b11b0534ef,882a0c9da9e77bd32ba57bf0f8443608f60a4489e136671d2fb9ffd5753c3b4d,640,480,46105,False,5d86a8f478b95f335be85d95d2223f39a8e3270ca2913acd9cbe4243a5f13acd,m2+m3+m4 [expected_no_op],,
190,f0190,cargo-only,m0,mask\f0190_m0.png,True,True,,3cf75fae35f0b65b547b6eaaa91361c38bb81e0b31c48d69eac497c6cba34cbe,039826c9f39a98d76fa3bfd54155e6c4f8f1fb7cac905b5d2cf0f216651b0472,640,480,101017,False,4a8619bab86867667f5a09a44107f5525a30ed3d962752bee8bc39917070ca12,m0+m1+m2+m3+m4 [expected_no_op],,
190,f0190,cargo-only,m1,mask\f0190_m1.png,True,True,,e7bcbc85ada7e27a6a9848d56430a2a6fe2b03083508f34418c3e91dbb17aba2,039826c9f39a98d76fa3bfd54155e6c4f8f1fb7cac905b5d2cf0f216651b0472,640,480,101017,False,4a8619bab86867667f5a09a44107f5525a30ed3d962752bee8bc39917070ca12,m0+m1+m2+m3+m4 [expected_no_op],,
190,f0190,cargo-only,m2,mask\f0190_m2.png,True,True,,c713290381c4ced181d01f2c1c02bb11a8fb4c531ffaf26545416823eb4fb1ce,039826c9f39a98d76fa3bfd54155e6c4f8f1fb7cac905b5d2cf0f216651b0472,640,480,101017,False,4a8619bab86867667f5a09a44107f5525a30ed3d962752bee8bc39917070ca12,m0+m1+m2+m3+m4 [expected_no_op],,
190,f0190,cargo-only,m3,mask\f0190_m3.png,True,True,,5921e40d17bf3fd06f68507321ea17d8378fc845b02415b0b056573bf5523ea3,039826c9f39a98d76fa3bfd54155e6c4f8f1fb7cac905b5d2cf0f216651b0472,640,480,101017,False,4a8619bab86867667f5a09a44107f5525a30ed3d962752bee8bc39917070ca12,m0+m1+m2+m3+m4 [expected_no_op],,
190,f0190,cargo-only,m4,mask\f0190_m4.png,True,True,,b92c20d5983c0da82969b3d2ed5621d874a08a87852a5f33909f7c343ef667ea,039826c9f39a98d76fa3bfd54155e6c4f8f1fb7cac905b5d2cf0f216651b0472,640,480,101017,False,4a8619bab86867667f5a09a44107f5525a30ed3d962752bee8bc39917070ca12,m0+m1+m2+m3+m4 [expected_no_op],,
191,f0191,controlled-occlusion,m0,mask\f0191_m0.png,True,True,,ea5c2ec36e87d5b7a971c7a6a39e6ceaaf5dff8e1ceab401dbfd5cfce2647179,0fc22f2dd08b1b5aacc6d765df1e222667787188fe30799c13d77d6d3c58ba51,960,540,16341,False,0a581373552dc05add2f765727d39273faf644bff10b82f467fdd0eeca98e998,m0+m1+m2+m3 [no_op_placed_but_not_occluding],,
191,f0191,controlled-occlusion,m1,mask\f0191_m1.png,True,True,,a461b5cbcdf5175ab5306f8e89a393783e5c5f2e10a498bd0bfcf41e04e74b33,0fc22f2dd08b1b5aacc6d765df1e222667787188fe30799c13d77d6d3c58ba51,960,540,16341,False,0a581373552dc05add2f765727d39273faf644bff10b82f467fdd0eeca98e998,m0+m1+m2+m3 [no_op_placed_but_not_occluding],,
191,f0191,controlled-occlusion,m2,mask\f0191_m2.png,True,True,,e3b2f0f443d59f76a7e74a8b9c89d841a38f32160b84d8d9ecb022c429894bc5,0fc22f2dd08b1b5aacc6d765df1e222667787188fe30799c13d77d6d3c58ba51,960,540,16341,False,0a581373552dc05add2f765727d39273faf644bff10b82f467fdd0eeca98e998,m0+m1+m2+m3 [no_op_placed_but_not_occluding],,
191,f0191,controlled-occlusion,m3,mask\f0191_m3.png,True,True,,752fba557a570a04fe3a5e58a7d13727efa14b11a696968e1f29f27f083974d5,0fc22f2dd08b1b5aacc6d765df1e222667787188fe30799c13d77d6d3c58ba51,960,540,16341,False,0a581373552dc05add2f765727d39273faf644bff10b82f467fdd0eeca98e998,m0+m1+m2+m3 [no_op_placed_but_not_occluding],,
191,f0191,controlled-occlusion,m4,mask\f0191_m4.png,True,True,,420095a6e78a354138b8af99e085e205f3c284dedc4d892358eeff4166e62758,24abf98380796a775fffce9ad84eb24dcd345492d8399192989acef4fffc8653,960,540,8647,False,0a581373552dc05add2f765727d39273faf644bff10b82f467fdd0eeca98e998,,,
192,f0192,controlled-occlusion,m0,mask\f0192_m0.png,True,True,,e0d3440e88d938dfad87b0dd85bea6b0f491b778f0da42bd6dcb83922d40c6c9,9de0f743e8877ac3b1d0fc9ba8790cce28c407e82ca067d8043e69a852605d14,560,560,1052,False,d149b4d572e5f57b9b9936cf3f7666a39a7c0e4b6d3873a997a768430f7c49ad,m0+m1 [expected_no_op],,
192,f0192,controlled-occlusion,m1,mask\f0192_m1.png,True,True,,c7ce5114cd1f46abd9071807906c2d8cc5b07f9ad54a9099c0c8f38f2eb3ccf4,9de0f743e8877ac3b1d0fc9ba8790cce28c407e82ca067d8043e69a852605d14,560,560,1052,False,d149b4d572e5f57b9b9936cf3f7666a39a7c0e4b6d3873a997a768430f7c49ad,m0+m1 [expected_no_op],,
192,f0192,controlled-occlusion,m2,mask\f0192_m2.png,True,True,,b53241ab39ad75d1c8717b2f0c4524a63e20ec21cb759bbe3eec181593decc6d,31abdb48a29c519e3cc62c35d35ee032d34a993e155be09b885d7d29c3bc1d61,560,560,828,False,d149b4d572e5f57b9b9936cf3f7666a39a7c0e4b6d3873a997a768430f7c49ad,m2+m3 [expected_no_op],,
192,f0192,controlled-occlusion,m3,mask\f0192_m3.png,True,True,,2372a1f64211c2802c2fcafe54b40927b8ac22632782038acc23b5cc09a4163b,31abdb48a29c519e3cc62c35d35ee032d34a993e155be09b885d7d29c3bc1d61,560,560,828,False,d149b4d572e5f57b9b9936cf3f7666a39a7c0e4b6d3873a997a768430f7c49ad,m2+m3 [expected_no_op],,
192,f0192,controlled-occlusion,m4,mask\f0192_m4.png,True,True,,08834a0e2581a37adda7260caed2f0d91cd835a6cafd908fc083b55e860d3f9c,ea07b7957eddcf074705a3ab9214536b02d0550f84266b60934bc5ebac705ee5,560,560,498,False,d149b4d572e5f57b9b9936cf3f7666a39a7c0e4b6d3873a997a768430f7c49ad,,,
193,f0193,controlled-occlusion,m0,mask\f0193_m0.png,True,True,,585879ef95a8c586b514c3c213c4f67ca6349968eec01a829c9d21bedb5f6880,76f535f1568c2ab6d326052ccff72b5b019156c1f933829fd9dfeeaac9074c15,640,480,14014,False,03c97c2f0f49ad53945bc99a2eaf2e522b90d9e930df1575fd487f6cc771776a,m0+m1+m2+m3 [expected_no_op],,
193,f0193,controlled-occlusion,m1,mask\f0193_m1.png,True,True,,0780c46809186bdf9a6f231a8ad7ce016b4413b65061fdf9bab01c51da97beac,76f535f1568c2ab6d326052ccff72b5b019156c1f933829fd9dfeeaac9074c15,640,480,14014,False,03c97c2f0f49ad53945bc99a2eaf2e522b90d9e930df1575fd487f6cc771776a,m0+m1+m2+m3 [expected_no_op],,
193,f0193,controlled-occlusion,m2,mask\f0193_m2.png,True,True,,253e41328d777bb404862863df6c3b39abe3d1d1378af9abd1e6fb6a7fbd7022,76f535f1568c2ab6d326052ccff72b5b019156c1f933829fd9dfeeaac9074c15,640,480,14014,False,03c97c2f0f49ad53945bc99a2eaf2e522b90d9e930df1575fd487f6cc771776a,m0+m1+m2+m3 [expected_no_op],,
193,f0193,controlled-occlusion,m3,mask\f0193_m3.png,True,True,,c25364b52fb8e0245897f01891c704de8745e506f038827cb51c7c06969d09ac,76f535f1568c2ab6d326052ccff72b5b019156c1f933829fd9dfeeaac9074c15,640,480,14014,False,03c97c2f0f49ad53945bc99a2eaf2e522b90d9e930df1575fd487f6cc771776a,m0+m1+m2+m3 [expected_no_op],,
193,f0193,controlled-occlusion,m4,mask\f0193_m4.png,True,True,,5ed941444b1ba6d4d7fb41bd346a2dc1c9583e8647f98c752d9d20ab72117157,f36a7aea550c6c85695fd6c657a576ae7da97f56f4088485cbfb4c506f9175eb,640,480,7776,False,03c97c2f0f49ad53945bc99a2eaf2e522b90d9e930df1575fd487f6cc771776a,,,
194,f0194,cargo-only,m0,mask\f0194_m0.png,True,True,,cbd4be14ea89cd4e4c1bdc8fd2c7a2368fdd5d5b8640350b09286ecfa192393c,b32f1af78ec992f231ac9abbcd4c53d7a65b62af55d78c4fd19fc1dac6a04eed,640,480,71001,False,f758a0e8d22fd3a44bde3b99deec453b7f3cd15b7aabdcb6cc56da83e7567bad,m0+m1 [expected_no_op],,
194,f0194,cargo-only,m1,mask\f0194_m1.png,True,True,,c4ac0e723b4c4c950e57936db87233de2cf0bf6ddb9a6590f71f62c16916557c,b32f1af78ec992f231ac9abbcd4c53d7a65b62af55d78c4fd19fc1dac6a04eed,640,480,71001,False,f758a0e8d22fd3a44bde3b99deec453b7f3cd15b7aabdcb6cc56da83e7567bad,m0+m1 [expected_no_op],,
194,f0194,cargo-only,m2,mask\f0194_m2.png,True,True,,10f2c835f822bf4c8f76bb82bca4f08ebb6bed5c29761b14ce558a40d3675a42,adc2859d3a3e602adab292a619b129c4426da3968f33bb9d06cba835a84c1153,640,480,69064,False,f758a0e8d22fd3a44bde3b99deec453b7f3cd15b7aabdcb6cc56da83e7567bad,m2+m3+m4 [expected_no_op],,
194,f0194,cargo-only,m3,mask\f0194_m3.png,True,True,,10f2c835f822bf4c8f76bb82bca4f08ebb6bed5c29761b14ce558a40d3675a42,adc2859d3a3e602adab292a619b129c4426da3968f33bb9d06cba835a84c1153,640,480,69064,False,f758a0e8d22fd3a44bde3b99deec453b7f3cd15b7aabdcb6cc56da83e7567bad,m2+m3+m4 [expected_no_op],,
194,f0194,cargo-only,m4,mask\f0194_m4.png,True,True,,37336fedb53f53e278d250b6338bb0b15cb124e1d13bd23cdea0a8fe65794f93,adc2859d3a3e602adab292a619b129c4426da3968f33bb9d06cba835a84c1153,640,480,69064,False,f758a0e8d22fd3a44bde3b99deec453b7f3cd15b7aabdcb6cc56da83e7567bad,m2+m3+m4 [expected_no_op],,
195,f0195,cargo-only,m0,mask\f0195_m0.png,True,True,,e06a5a73c09412fc6c5de4822fce525fee56363ad9513266b4c4dd94726bcc4c,351edfa7678f5fac96ba0a3e066f0bdf4535f407e2af0a8ad03da0f9befdf6ae,960,540,110,False,034f064ddd1d0f9f69bce2e1f44567b2aa61564d99888cb8e41877376a1cb82c,m0+m1+m2+m3+m4 [expected_no_op],,
195,f0195,cargo-only,m1,mask\f0195_m1.png,True,True,,0d8f6a43551bbb9d5abc54c052501b82d30d5267ab82031e2d1c6d573920c6a0,351edfa7678f5fac96ba0a3e066f0bdf4535f407e2af0a8ad03da0f9befdf6ae,960,540,110,False,034f064ddd1d0f9f69bce2e1f44567b2aa61564d99888cb8e41877376a1cb82c,m0+m1+m2+m3+m4 [expected_no_op],,
195,f0195,cargo-only,m2,mask\f0195_m2.png,True,True,,a3b55efa242109713b8304ed2f9c214f6a727456494786f6453f6d9c63414a4d,351edfa7678f5fac96ba0a3e066f0bdf4535f407e2af0a8ad03da0f9befdf6ae,960,540,110,False,034f064ddd1d0f9f69bce2e1f44567b2aa61564d99888cb8e41877376a1cb82c,m0+m1+m2+m3+m4 [expected_no_op],,
195,f0195,cargo-only,m3,mask\f0195_m3.png,True,True,,e10428c2fcae35992ccf231080d88f3b608793b049a149a24dcefcdd67cb27e5,351edfa7678f5fac96ba0a3e066f0bdf4535f407e2af0a8ad03da0f9befdf6ae,960,540,110,False,034f064ddd1d0f9f69bce2e1f44567b2aa61564d99888cb8e41877376a1cb82c,m0+m1+m2+m3+m4 [expected_no_op],,
195,f0195,cargo-only,m4,mask\f0195_m4.png,True,True,,9d5c27033e6ee82b4e120271902752ac68e3e7bf3f08edc980153fead57c1bb1,351edfa7678f5fac96ba0a3e066f0bdf4535f407e2af0a8ad03da0f9befdf6ae,960,540,110,False,034f064ddd1d0f9f69bce2e1f44567b2aa61564d99888cb8e41877376a1cb82c,m0+m1+m2+m3+m4 [expected_no_op],,
196,f0196,cargo-only,m0,mask\f0196_m0.png,True,True,,ee5721dd777f645da8fc8ee558f4b1ae0c94cb3743034d8e39ea9a9bfef68a91,1579b0d5d3a69d7a9e83067abd37a9a2d7b14beb8d27341e52b7ab58150720bf,640,480,23534,False,4834b8e92af32a62850b33685ca2e198efaada2b0f53c725b63db1fd94db7dc0,m0+m1 [expected_no_op],,
196,f0196,cargo-only,m1,mask\f0196_m1.png,True,True,,41bcc2c5961426db944ad7e47d52078670b700116f456295bbc9c5506899e4b8,1579b0d5d3a69d7a9e83067abd37a9a2d7b14beb8d27341e52b7ab58150720bf,640,480,23534,False,4834b8e92af32a62850b33685ca2e198efaada2b0f53c725b63db1fd94db7dc0,m0+m1 [expected_no_op],,
196,f0196,cargo-only,m2,mask\f0196_m2.png,True,True,,121e1bd81c623550c93c4037ee763b47b6631d02d6c65ce6024633a1458f0149,52f2ca9301d65d60c2e2677a005bc05a0cc359860115bb2fca7fa30afcd55ec1,640,480,20041,False,4834b8e92af32a62850b33685ca2e198efaada2b0f53c725b63db1fd94db7dc0,m2+m3+m4 [expected_no_op],,
196,f0196,cargo-only,m3,mask\f0196_m3.png,True,True,,e1bff64540c33c292f60ae721c1911113398cc6fc5cb85df685bfcc52b55b8e7,52f2ca9301d65d60c2e2677a005bc05a0cc359860115bb2fca7fa30afcd55ec1,640,480,20041,False,4834b8e92af32a62850b33685ca2e198efaada2b0f53c725b63db1fd94db7dc0,m2+m3+m4 [expected_no_op],,
196,f0196,cargo-only,m4,mask\f0196_m4.png,True,True,,20cae47cb21ae17e242d9056dec91ea8a046629183e2dc27ea4b1209da95808e,52f2ca9301d65d60c2e2677a005bc05a0cc359860115bb2fca7fa30afcd55ec1,640,480,20041,False,4834b8e92af32a62850b33685ca2e198efaada2b0f53c725b63db1fd94db7dc0,m2+m3+m4 [expected_no_op],,
197,f0197,cargo-only,m0,mask\f0197_m0.png,True,True,,8336f31cc5a5777eea8fde6d03dd5fd06d623d5a54e6dcf38643441f078edba1,7fe2ddc50724495549be603dca22a67b13e7eb3992b2237a2f48d2bc498957a7,720,480,18814,False,d486df6902fb947b0b7b3dd599ac430b35faa411370bb0b79ea9bca272574b41,m0+m1+m2+m3+m4 [expected_no_op],,
197,f0197,cargo-only,m1,mask\f0197_m1.png,True,True,,25582137278547ad8199c886a942205fff80487c52658e26aebaf4bab3125463,7fe2ddc50724495549be603dca22a67b13e7eb3992b2237a2f48d2bc498957a7,720,480,18814,False,d486df6902fb947b0b7b3dd599ac430b35faa411370bb0b79ea9bca272574b41,m0+m1+m2+m3+m4 [expected_no_op],,
197,f0197,cargo-only,m2,mask\f0197_m2.png,True,True,,7585daafebb9f197682a78b2ccf44065f87daabb2cd46451115a6612bc641d7a,7fe2ddc50724495549be603dca22a67b13e7eb3992b2237a2f48d2bc498957a7,720,480,18814,False,d486df6902fb947b0b7b3dd599ac430b35faa411370bb0b79ea9bca272574b41,m0+m1+m2+m3+m4 [expected_no_op],,
197,f0197,cargo-only,m3,mask\f0197_m3.png,True,True,,a55d7afc010b13ddeb901a466141e131122d6b29a2d02061f643090f527164fb,7fe2ddc50724495549be603dca22a67b13e7eb3992b2237a2f48d2bc498957a7,720,480,18814,False,d486df6902fb947b0b7b3dd599ac430b35faa411370bb0b79ea9bca272574b41,m0+m1+m2+m3+m4 [expected_no_op],,
197,f0197,cargo-only,m4,mask\f0197_m4.png,True,True,,4a3f81b480ce8431b8b6022136624afe3d5b6f7dc76f1ce33b7fb270a5c510b6,7fe2ddc50724495549be603dca22a67b13e7eb3992b2237a2f48d2bc498957a7,720,480,18814,False,d486df6902fb947b0b7b3dd599ac430b35faa411370bb0b79ea9bca272574b41,m0+m1+m2+m3+m4 [expected_no_op],,
198,f0198,cargo-only,m0,mask\f0198_m0.png,True,True,,1f4a6d8e1412395b3e9f18acd9aa12a7a26e8a729df14dad0b6203b93d196959,f140fad5c097a246270ddc6b986f9e31b3613b4e6255e0f7751e970e707e21e6,960,540,201332,False,78d2943fe524b470b1c9e503438528ad10b193663b2a835547e4e66a8e14cb6d,m0+m1+m2+m3+m4 [expected_no_op],,
198,f0198,cargo-only,m1,mask\f0198_m1.png,True,True,,a750212a61b1f8c25efdc4eb5cbaf4dab628f79f0d334484c05f8fb6216f5caa,f140fad5c097a246270ddc6b986f9e31b3613b4e6255e0f7751e970e707e21e6,960,540,201332,False,78d2943fe524b470b1c9e503438528ad10b193663b2a835547e4e66a8e14cb6d,m0+m1+m2+m3+m4 [expected_no_op],,
198,f0198,cargo-only,m2,mask\f0198_m2.png,True,True,,c4e81ae5216b452c2fccb8b0c03c0a1dbc2e141c79ec54c04404f0a2dd2418a8,f140fad5c097a246270ddc6b986f9e31b3613b4e6255e0f7751e970e707e21e6,960,540,201332,False,78d2943fe524b470b1c9e503438528ad10b193663b2a835547e4e66a8e14cb6d,m0+m1+m2+m3+m4 [expected_no_op],,
198,f0198,cargo-only,m3,mask\f0198_m3.png,True,True,,c4e81ae5216b452c2fccb8b0c03c0a1dbc2e141c79ec54c04404f0a2dd2418a8,f140fad5c097a246270ddc6b986f9e31b3613b4e6255e0f7751e970e707e21e6,960,540,201332,False,78d2943fe524b470b1c9e503438528ad10b193663b2a835547e4e66a8e14cb6d,m0+m1+m2+m3+m4 [expected_no_op],,
198,f0198,cargo-only,m4,mask\f0198_m4.png,True,True,,459a3d90fc6a12919c6f746c5460fac6cff4fd16c8006b3e207ea3df5cdfe48d,f140fad5c097a246270ddc6b986f9e31b3613b4e6255e0f7751e970e707e21e6,960,540,201332,False,78d2943fe524b470b1c9e503438528ad10b193663b2a835547e4e66a8e14cb6d,m0+m1+m2+m3+m4 [expected_no_op],,
199,f0199,cargo-only,m0,mask\f0199_m0.png,True,True,,7241ba530f4fce09baf0364300e3769ff330f15ff2b2cfa927f42ed250c65646,a2e46beac52dc4cfd4465a564de5d7492c34f06d98f631d1c0a7fee1c65bbbb8,640,480,130372,False,3eae9d8a9099a0a1399e1ba42a8ac630d82f45e6c2143a47abeb996a55de78a0,m0+m1+m2+m3+m4 [expected_no_op],,
199,f0199,cargo-only,m1,mask\f0199_m1.png,True,True,,d6ae15d9273b17855a5a3ae036c06f491835b7ec0bea29cff0f5b8ef63689d2e,a2e46beac52dc4cfd4465a564de5d7492c34f06d98f631d1c0a7fee1c65bbbb8,640,480,130372,False,3eae9d8a9099a0a1399e1ba42a8ac630d82f45e6c2143a47abeb996a55de78a0,m0+m1+m2+m3+m4 [expected_no_op],,
199,f0199,cargo-only,m2,mask\f0199_m2.png,True,True,,3464806162971908de6dd84fb8eb3b8536eaced9d85bfa55bfe97df7dd622625,a2e46beac52dc4cfd4465a564de5d7492c34f06d98f631d1c0a7fee1c65bbbb8,640,480,130372,False,3eae9d8a9099a0a1399e1ba42a8ac630d82f45e6c2143a47abeb996a55de78a0,m0+m1+m2+m3+m4 [expected_no_op],,
199,f0199,cargo-only,m3,mask\f0199_m3.png,True,True,,6ae20976776da580d883b0d1642b7a2dbf2589f8425094df25a5a305f793e8b7,a2e46beac52dc4cfd4465a564de5d7492c34f06d98f631d1c0a7fee1c65bbbb8,640,480,130372,False,3eae9d8a9099a0a1399e1ba42a8ac630d82f45e6c2143a47abeb996a55de78a0,m0+m1+m2+m3+m4 [expected_no_op],,
199,f0199,cargo-only,m4,mask\f0199_m4.png,True,True,,93c1d969a24ff9c475da0318b2bad2d39d0bea12aa91c09e2cdd2ddb6527dbbb,a2e46beac52dc4cfd4465a564de5d7492c34f06d98f631d1c0a7fee1c65bbbb8,640,480,130372,False,3eae9d8a9099a0a1399e1ba42a8ac630d82f45e6c2143a47abeb996a55de78a0,m0+m1+m2+m3+m4 [expected_no_op],,
200,f0200,context-rich,m0,mask\f0200_m0.png,True,True,,b01ee56ac691cf5e53c4ecaef3975a9717a8988cce4eb27e2880fce0f5f644f6,22c728cf8f72ee38a382f8b945a1b655c2b68554932f649c0d4727ede6555609,560,560,25632,False,d88c8c012a50f4859e352523de4be6d5b5597d1a4afb1cd47fc7f8f97cc0ff40,m0+m1+m2 [expected_no_op],,
200,f0200,context-rich,m1,mask\f0200_m1.png,True,True,,47646523858a7f133aae1e173ea24a3f3378e5f5e614421db7b85cb0cdcbc09a,22c728cf8f72ee38a382f8b945a1b655c2b68554932f649c0d4727ede6555609,560,560,25632,False,d88c8c012a50f4859e352523de4be6d5b5597d1a4afb1cd47fc7f8f97cc0ff40,m0+m1+m2 [expected_no_op],,
200,f0200,context-rich,m2,mask\f0200_m2.png,True,True,,48e0acbc01b9e020d5bdf1f99ce3f8f59f61169c89162b746d8363d24b013b9b,22c728cf8f72ee38a382f8b945a1b655c2b68554932f649c0d4727ede6555609,560,560,25632,False,d88c8c012a50f4859e352523de4be6d5b5597d1a4afb1cd47fc7f8f97cc0ff40,m0+m1+m2 [expected_no_op],,
200,f0200,context-rich,m3,mask\f0200_m3.png,True,True,,dface4feb9e5e3fd3561ba3078dc6e6d3a016479329a7a21f0ef970a44c4f4d2,05c2b68097b14a5f1c1a288f5a9b47f6426079e90d9a1e7d2d47e12fdca2326b,560,560,23697,False,d88c8c012a50f4859e352523de4be6d5b5597d1a4afb1cd47fc7f8f97cc0ff40,m3+m4 [expected_no_op],,
200,f0200,context-rich,m4,mask\f0200_m4.png,True,True,,5f8af344384a72879d95240402b1a69f1fa4553dc97e6edf5d0e1c77234e173d,05c2b68097b14a5f1c1a288f5a9b47f6426079e90d9a1e7d2d47e12fdca2326b,560,560,23697,False,d88c8c012a50f4859e352523de4be6d5b5597d1a4afb1cd47fc7f8f97cc0ff40,m3+m4 [expected_no_op],,
201,f0201,context-rich,m0,mask\f0201_m0.png,True,True,,961ea412ad873af4f09f35ce37d698436379a6de4e221ed5e107c5ad6bfc2c6b,30092860ee7ed8ccbe618a6447534654fb40fec94f13c1c4b8ebb4fe727b2b83,960,540,197633,False,ee55fd31c45cfe733b42e5d40c054cc6abaabfeefe506fa75e3311ddf1b942ac,m0+m1 [expected_no_op],,
201,f0201,context-rich,m1,mask\f0201_m1.png,True,True,,a841f156ef5ed29b0e75a42dc443e52259a1eb2ab8a263097a8c703fd400fd77,30092860ee7ed8ccbe618a6447534654fb40fec94f13c1c4b8ebb4fe727b2b83,960,540,197633,False,ee55fd31c45cfe733b42e5d40c054cc6abaabfeefe506fa75e3311ddf1b942ac,m0+m1 [expected_no_op],,
201,f0201,context-rich,m2,mask\f0201_m2.png,True,True,,ad207c628ece4f2627406560fccca241915b35c15487dc04fac85b9e4a51b65c,85e8d14d0e838dd8654b234f62008f1c3216c3f76ab62a3433de5563a2adf46d,960,540,150546,False,ee55fd31c45cfe733b42e5d40c054cc6abaabfeefe506fa75e3311ddf1b942ac,m2+m3+m4 [no_op_placed_but_not_occluding],,
201,f0201,context-rich,m3,mask\f0201_m3.png,True,True,,7f9de4cea7e2f63120a61d9b7818d32f3216d60c2e78b22fcb64a59b7b066003,85e8d14d0e838dd8654b234f62008f1c3216c3f76ab62a3433de5563a2adf46d,960,540,150546,False,ee55fd31c45cfe733b42e5d40c054cc6abaabfeefe506fa75e3311ddf1b942ac,m2+m3+m4 [no_op_placed_but_not_occluding],,
201,f0201,context-rich,m4,mask\f0201_m4.png,True,True,,e5d98026acb0f2fd5fac5b6d800e479747a8ca91852227994026cb956e6f9a52,85e8d14d0e838dd8654b234f62008f1c3216c3f76ab62a3433de5563a2adf46d,960,540,150546,False,ee55fd31c45cfe733b42e5d40c054cc6abaabfeefe506fa75e3311ddf1b942ac,m2+m3+m4 [no_op_placed_but_not_occluding],,
202,f0202,context-rich,m0,mask\f0202_m0.png,True,True,,43892963bd6c38c940900afefdecbc5333d37ebecc75bf3efecf537350dd1631,360e00718c1f0003673857ecf772a7dcdb3af7d672d27fdd296512f4b43e5777,640,480,25060,False,5e6626be8d652170588ba90f75e6cf6db9eca673112d6ac8d7eca185761ca7a0,m0+m1+m2 [expected_no_op],,
202,f0202,context-rich,m1,mask\f0202_m1.png,True,True,,3596a096225365fb426d1be936b7eef73294bad0f675899db34e5ed0e31db3ec,360e00718c1f0003673857ecf772a7dcdb3af7d672d27fdd296512f4b43e5777,640,480,25060,False,5e6626be8d652170588ba90f75e6cf6db9eca673112d6ac8d7eca185761ca7a0,m0+m1+m2 [expected_no_op],,
202,f0202,context-rich,m2,mask\f0202_m2.png,True,True,,c68a4a0396ce97c09ce848e412f8ffa8c2014fcb8cab8af3b5be9cc5dfb2a496,360e00718c1f0003673857ecf772a7dcdb3af7d672d27fdd296512f4b43e5777,640,480,25060,False,5e6626be8d652170588ba90f75e6cf6db9eca673112d6ac8d7eca185761ca7a0,m0+m1+m2 [expected_no_op],,
202,f0202,context-rich,m3,mask\f0202_m3.png,True,True,,c9258883a2bc9d783258795c6c7e2aadf124e486e2cfc98d406ae805cb55c034,c6c59ee458e785796d28c3552b60a3052ed9f0d00184127da37dce4cff7c67b9,640,480,24639,False,5e6626be8d652170588ba90f75e6cf6db9eca673112d6ac8d7eca185761ca7a0,m3+m4 [expected_no_op],,
202,f0202,context-rich,m4,mask\f0202_m4.png,True,True,,b669d201f5e8eb154c7d97f85be1db2e5d89491798c318fb6323deadae40a63f,c6c59ee458e785796d28c3552b60a3052ed9f0d00184127da37dce4cff7c67b9,640,480,24639,False,5e6626be8d652170588ba90f75e6cf6db9eca673112d6ac8d7eca185761ca7a0,m3+m4 [expected_no_op],,
203,f0203,context-rich,m0,mask\f0203_m0.png,True,True,,ce345247b645b834c488a6ea57dd02595a7d2f8f475d80c19ac60f9633f86eb9,6b1cf088e99ded027a879f2964ff3ca75018b7b9f589e0e4fb0f4ec0ec253ba9,720,480,3350,False,6306fd71355171a1a77d0b64d291240203bb7019926618d7ca0478fbdb9b32f5,m0+m1 [expected_no_op],,
203,f0203,context-rich,m1,mask\f0203_m1.png,True,True,,e6d6b51b779f4fde9101a8c9b1751db9710f95d3077801b0a021fca6d5b30c98,6b1cf088e99ded027a879f2964ff3ca75018b7b9f589e0e4fb0f4ec0ec253ba9,720,480,3350,False,6306fd71355171a1a77d0b64d291240203bb7019926618d7ca0478fbdb9b32f5,m0+m1 [expected_no_op],,
203,f0203,context-rich,m2,mask\f0203_m2.png,True,True,,b0f6fd9ad161c60961acf9928e436a90a517ae84b37d0b2935f612f90e5d8375,4d4866acbf26921ff842c73a91a064947003834f4c9c0c29364cea3b5493864a,720,480,2690,False,6306fd71355171a1a77d0b64d291240203bb7019926618d7ca0478fbdb9b32f5,m2+m3+m4 [no_op_placed_but_not_occluding],,
203,f0203,context-rich,m3,mask\f0203_m3.png,True,True,,833e54135e3b5b3ca518dd03b1c4e0a082a02270da67fbe948e272f7ce43693c,4d4866acbf26921ff842c73a91a064947003834f4c9c0c29364cea3b5493864a,720,480,2690,False,6306fd71355171a1a77d0b64d291240203bb7019926618d7ca0478fbdb9b32f5,m2+m3+m4 [no_op_placed_but_not_occluding],,
203,f0203,context-rich,m4,mask\f0203_m4.png,True,True,,e9ed47378aab2248b64fdab745228e9531856a9d5531c8d5801c45a6ec09e0d9,4d4866acbf26921ff842c73a91a064947003834f4c9c0c29364cea3b5493864a,720,480,2690,False,6306fd71355171a1a77d0b64d291240203bb7019926618d7ca0478fbdb9b32f5,m2+m3+m4 [no_op_placed_but_not_occluding],,
204,f0204,controlled-occlusion,m0,mask\f0204_m0.png,True,True,,968e2a0f1cb17b3504ae7eca5d6080770f58883d4e1f475e7f19e5f58d45108b,c1344a82c5075d71f315fa36d137598bdfd9c699f24063765aa3b0d4dd60dd88,640,480,936,False,b200da2b6132dc8327d0351f0fdcbff19e9f08158a0d3730d8b97ed45703fbcb,m0+m1+m2+m3 [no_op_placed_but_not_occluding],,
204,f0204,controlled-occlusion,m1,mask\f0204_m1.png,True,True,,21a6697cb0661ae20272a633268090ebaa2959d344245514ff70059913e8b2d2,c1344a82c5075d71f315fa36d137598bdfd9c699f24063765aa3b0d4dd60dd88,640,480,936,False,b200da2b6132dc8327d0351f0fdcbff19e9f08158a0d3730d8b97ed45703fbcb,m0+m1+m2+m3 [no_op_placed_but_not_occluding],,
204,f0204,controlled-occlusion,m2,mask\f0204_m2.png,True,True,,c3ba51650d50ef55c5391f39393d8c830c76305b08e4c699559aa757e5017810,c1344a82c5075d71f315fa36d137598bdfd9c699f24063765aa3b0d4dd60dd88,640,480,936,False,b200da2b6132dc8327d0351f0fdcbff19e9f08158a0d3730d8b97ed45703fbcb,m0+m1+m2+m3 [no_op_placed_but_not_occluding],,
204,f0204,controlled-occlusion,m3,mask\f0204_m3.png,True,True,,fd3a89df263b5286037f64043e6bbc8d27711851b0a437d4bfff2d5cbae57c11,c1344a82c5075d71f315fa36d137598bdfd9c699f24063765aa3b0d4dd60dd88,640,480,936,False,b200da2b6132dc8327d0351f0fdcbff19e9f08158a0d3730d8b97ed45703fbcb,m0+m1+m2+m3 [no_op_placed_but_not_occluding],,
204,f0204,controlled-occlusion,m4,mask\f0204_m4.png,True,True,,84636ab368c12e911be2a4458e6264c828c62a37f1bc9cc50c2d1cd89f029dab,0bfd4e230d5f63406af6c64a6b889a8d9fe79a5d8f3e93aa2ab6ace54e31e112,640,480,594,False,b200da2b6132dc8327d0351f0fdcbff19e9f08158a0d3730d8b97ed45703fbcb,,,
205,f0205,context-rich,m0,mask\f0205_m0.png,True,True,,b105e22a544167bca436237d22587d95532bdf8bbf51d676cd878af7575a3288,758ba01ba788f26707d7d846cb9da88e86efd94ba5300eae87b83980876f8ef1,640,480,39050,False,e1961ff735deae45c5c7e5b2c9faf64d4f47afc08948e3e0c619d0bf15b4c6ad,m0+m1 [expected_no_op],,
205,f0205,context-rich,m1,mask\f0205_m1.png,True,True,,a779b339304f2b5070c38f5de91a1afdfb6aaa085a4c6141b50ab4881d6a67b2,758ba01ba788f26707d7d846cb9da88e86efd94ba5300eae87b83980876f8ef1,640,480,39050,False,e1961ff735deae45c5c7e5b2c9faf64d4f47afc08948e3e0c619d0bf15b4c6ad,m0+m1 [expected_no_op],,
205,f0205,context-rich,m2,mask\f0205_m2.png,True,True,,a0b47d146c4800d3f25af1abcbbde40f687aa29d893edfacf3ba9185df8fddb7,c8862b93c6bac07a9de9f4f8347ff5f109867f153d008f6e985bcc1c0e939597,640,480,29759,False,e1961ff735deae45c5c7e5b2c9faf64d4f47afc08948e3e0c619d0bf15b4c6ad,m2+m3+m4 [no_op_placed_but_not_occluding],,
205,f0205,context-rich,m3,mask\f0205_m3.png,True,True,,fcb057c724bc7f7dd767e4d83382e16c120c7bbe17a4967e555f95c261e99148,c8862b93c6bac07a9de9f4f8347ff5f109867f153d008f6e985bcc1c0e939597,640,480,29759,False,e1961ff735deae45c5c7e5b2c9faf64d4f47afc08948e3e0c619d0bf15b4c6ad,m2+m3+m4 [no_op_placed_but_not_occluding],,
205,f0205,context-rich,m4,mask\f0205_m4.png,True,True,,ef2f4481a619581b54961784b8ea159cf927820e36b2b3605f5c8fc1a157305b,c8862b93c6bac07a9de9f4f8347ff5f109867f153d008f6e985bcc1c0e939597,640,480,29759,False,e1961ff735deae45c5c7e5b2c9faf64d4f47afc08948e3e0c619d0bf15b4c6ad,m2+m3+m4 [no_op_placed_but_not_occluding],,
206,f0206,context-rich,m0,mask\f0206_m0.png,True,True,,2fbe9b80e45ef4b2ccd8cd1a4df01cd6f7e3895f2070e3c14aedecbf4328c739,ad12ec8ca92658a3f48dd01e101a5a70b6390b9e6cba33d52864df0927ad30b8,640,480,7346,False,eba9234137ff3c431ee81e333484825cff37524845ccfb5da0827b246482ec37,m0+m1+m2+m3+m4 [no_op_placed_but_not_occluding],,
206,f0206,context-rich,m1,mask\f0206_m1.png,True,True,,ae2359e307b5d490d801fe23dd02455d9daba316a9c00ccf9772ae82520fddea,ad12ec8ca92658a3f48dd01e101a5a70b6390b9e6cba33d52864df0927ad30b8,640,480,7346,False,eba9234137ff3c431ee81e333484825cff37524845ccfb5da0827b246482ec37,m0+m1+m2+m3+m4 [no_op_placed_but_not_occluding],,
206,f0206,context-rich,m2,mask\f0206_m2.png,True,True,,2d25844ece51a34a917ebdf99e75860134b4a20f7f00666dd5c517c26f1eb459,ad12ec8ca92658a3f48dd01e101a5a70b6390b9e6cba33d52864df0927ad30b8,640,480,7346,False,eba9234137ff3c431ee81e333484825cff37524845ccfb5da0827b246482ec37,m0+m1+m2+m3+m4 [no_op_placed_but_not_occluding],,
206,f0206,context-rich,m3,mask\f0206_m3.png,True,True,,7a9904bd1bbfffae00634ff231356432dd1a1ca50d6c276104c0a2bf4a3414c4,ad12ec8ca92658a3f48dd01e101a5a70b6390b9e6cba33d52864df0927ad30b8,640,480,7346,False,eba9234137ff3c431ee81e333484825cff37524845ccfb5da0827b246482ec37,m0+m1+m2+m3+m4 [no_op_placed_but_not_occluding],,
206,f0206,context-rich,m4,mask\f0206_m4.png,True,True,,724c11800982ae909b2020842fd45d3353fdefb4fdd6e4f789cd88099c8d4ae0,ad12ec8ca92658a3f48dd01e101a5a70b6390b9e6cba33d52864df0927ad30b8,640,480,7346,False,eba9234137ff3c431ee81e333484825cff37524845ccfb5da0827b246482ec37,m0+m1+m2+m3+m4 [no_op_placed_but_not_occluding],,
207,f0207,context-rich,m0,mask\f0207_m0.png,True,True,,936efec9310fbe0fc220df19d18f637041efe10711e1c6c2d01c8d1a183add1a,1cce609e58ce4a77ac4ea5cee3c8c7ad01c1e88efe4a4d3fd6ac7532caa2d5c9,960,540,127294,False,21659c8231ae4302260718b6921764e0a5f212f3e33ff11d1634d859786ed26e,m0+m1 [expected_no_op],,
207,f0207,context-rich,m1,mask\f0207_m1.png,True,True,,22ead9b9c09e59f272aa3da7edfc0b8cde5c794b9e4b4f49ea05abf217e7cc8e,1cce609e58ce4a77ac4ea5cee3c8c7ad01c1e88efe4a4d3fd6ac7532caa2d5c9,960,540,127294,False,21659c8231ae4302260718b6921764e0a5f212f3e33ff11d1634d859786ed26e,m0+m1 [expected_no_op],,
207,f0207,context-rich,m2,mask\f0207_m2.png,True,True,,f2d3f08762ab8b1870851888c5059413cbe3de1edb21c83ffe3b2feb77708cad,0abb26de4580f5a14fc40fb6bc18110dc596ae15b030f8661489dfaba766ce2c,960,540,127126,False,21659c8231ae4302260718b6921764e0a5f212f3e33ff11d1634d859786ed26e,m2+m3+m4 [no_op_placed_but_not_occluding],,
207,f0207,context-rich,m3,mask\f0207_m3.png,True,True,,b810a91f1f2bb52e4953bc78e5afbdf130968dab29a3598f449b81daa75314b7,0abb26de4580f5a14fc40fb6bc18110dc596ae15b030f8661489dfaba766ce2c,960,540,127126,False,21659c8231ae4302260718b6921764e0a5f212f3e33ff11d1634d859786ed26e,m2+m3+m4 [no_op_placed_but_not_occluding],,
207,f0207,context-rich,m4,mask\f0207_m4.png,True,True,,ef700ae03b7ccf4114212bb9316899e37e6671ee45d05aa92e742e77081c0957,0abb26de4580f5a14fc40fb6bc18110dc596ae15b030f8661489dfaba766ce2c,960,540,127126,False,21659c8231ae4302260718b6921764e0a5f212f3e33ff11d1634d859786ed26e,m2+m3+m4 [no_op_placed_but_not_occluding],,
208,f0208,context-rich,m0,mask\f0208_m0.png,True,True,,a137e503c523fb83084117eae146c5eb1ae74291e776778ceb91068d92194a90,7c6f7849c7da10588fca52bf45ba26aabf724406db98ef965c4e70d85855c4e4,640,480,2891,False,6c7857a40e616590f0a398eba84c2f90c4efdb399ce01bef34cb9c1f2b5c7758,m0+m1+m2+m3+m4 [no_op_placed_but_not_occluding],,
208,f0208,context-rich,m1,mask\f0208_m1.png,True,True,,65b9578be39dc768165622658487531585e27d548667c668108d5b0156756ad0,7c6f7849c7da10588fca52bf45ba26aabf724406db98ef965c4e70d85855c4e4,640,480,2891,False,6c7857a40e616590f0a398eba84c2f90c4efdb399ce01bef34cb9c1f2b5c7758,m0+m1+m2+m3+m4 [no_op_placed_but_not_occluding],,
208,f0208,context-rich,m2,mask\f0208_m2.png,True,True,,9093326d9c41f9fcf95e64b51f2b973f84981769d6bfee5de6adab47608aa0a4,7c6f7849c7da10588fca52bf45ba26aabf724406db98ef965c4e70d85855c4e4,640,480,2891,False,6c7857a40e616590f0a398eba84c2f90c4efdb399ce01bef34cb9c1f2b5c7758,m0+m1+m2+m3+m4 [no_op_placed_but_not_occluding],,
208,f0208,context-rich,m3,mask\f0208_m3.png,True,True,,0586dd35eb942d61ba38b3003ff6d4a4b77f1ef0aede46f43d9b4c000d302db6,7c6f7849c7da10588fca52bf45ba26aabf724406db98ef965c4e70d85855c4e4,640,480,2891,False,6c7857a40e616590f0a398eba84c2f90c4efdb399ce01bef34cb9c1f2b5c7758,m0+m1+m2+m3+m4 [no_op_placed_but_not_occluding],,
208,f0208,context-rich,m4,mask\f0208_m4.png,True,True,,7d0785205591da63df0a7144738063fcd2c680106f73902693c3c291f00a5fb5,7c6f7849c7da10588fca52bf45ba26aabf724406db98ef965c4e70d85855c4e4,640,480,2891,False,6c7857a40e616590f0a398eba84c2f90c4efdb399ce01bef34cb9c1f2b5c7758,m0+m1+m2+m3+m4 [no_op_placed_but_not_occluding],,
209,f0209,context-rich,m0,mask\f0209_m0.png,True,True,,2fa1df56a73384d54846586ca6eccc363ef6e207f5730f96dd2fc2afb03cb725,00abaa1d3042abd46a0eb964ca7264a97f2e8a119ada4ac2d4ce95f13f2e2841,720,480,182815,False,dfaea150637f740a6ec73db0983e935f9dc3888a96c758e424681439bb1dd979,m0+m1+m2 [expected_no_op],,
209,f0209,context-rich,m1,mask\f0209_m1.png,True,True,,fb8c90a742a2cd9228d69484af9b2f0e89cc0dfbb00fec566809b854faac9e29,00abaa1d3042abd46a0eb964ca7264a97f2e8a119ada4ac2d4ce95f13f2e2841,720,480,182815,False,dfaea150637f740a6ec73db0983e935f9dc3888a96c758e424681439bb1dd979,m0+m1+m2 [expected_no_op],,
209,f0209,context-rich,m2,mask\f0209_m2.png,True,True,,9142e8aaf340a59c035a70e77a407eafe9e208fdc03eb10e1e067c4513816bab,00abaa1d3042abd46a0eb964ca7264a97f2e8a119ada4ac2d4ce95f13f2e2841,720,480,182815,False,dfaea150637f740a6ec73db0983e935f9dc3888a96c758e424681439bb1dd979,m0+m1+m2 [expected_no_op],,
209,f0209,context-rich,m3,mask\f0209_m3.png,True,True,,4af83f958a0576a2caec84b0d41ff4fbda74f1c32423a4098aa4c5f401bd969c,9435f0059ad7c473a64a76f05f768ed64fabfa643138dbd28397da07294f69a8,720,480,160927,False,dfaea150637f740a6ec73db0983e935f9dc3888a96c758e424681439bb1dd979,m3+m4 [expected_no_op],,
209,f0209,context-rich,m4,mask\f0209_m4.png,True,True,,f9acecb2162f7697f666ea5f149f7f9540cf53db353d0edd10e0de7e67464f4d,9435f0059ad7c473a64a76f05f768ed64fabfa643138dbd28397da07294f69a8,720,480,160927,False,dfaea150637f740a6ec73db0983e935f9dc3888a96c758e424681439bb1dd979,m3+m4 [expected_no_op],,
210,f0210,controlled-occlusion,m0,mask\f0210_m0.png,False,False,missing,,,,,,,,,,
210,f0210,controlled-occlusion,m1,mask\f0210_m1.png,False,False,missing,,,,,,,,,,
210,f0210,controlled-occlusion,m2,mask\f0210_m2.png,False,False,missing,,,,,,,,,,
210,f0210,controlled-occlusion,m3,mask\f0210_m3.png,False,False,missing,,,,,,,,,,
210,f0210,controlled-occlusion,m4,mask\f0210_m4.png,False,False,missing,,,,,,,,,,
211,f0211,controlled-occlusion,m0,mask\f0211_m0.png,True,True,,17b6e357223cd006a152330024dad4c908f8b1beef5eb7d1b549aadaf1200ae9,f3121de55b1bf3b0923248215a7a35a39906355dc74d5d71f6dd00a470c73b11,640,480,1731,False,56dd6e8ebc8f1bb3e035455dc1a0912e6527eeb1a93f9e88953e8e3c1d8183b2,m0+m1+m2+m3 [no_op_placed_but_not_occluding],,
211,f0211,controlled-occlusion,m1,mask\f0211_m1.png,True,True,,d2c70498ffcc39546f4e21efca8b8ed5d1bf1e0a98594d92701a6bbc8978fd46,f3121de55b1bf3b0923248215a7a35a39906355dc74d5d71f6dd00a470c73b11,640,480,1731,False,56dd6e8ebc8f1bb3e035455dc1a0912e6527eeb1a93f9e88953e8e3c1d8183b2,m0+m1+m2+m3 [no_op_placed_but_not_occluding],,
211,f0211,controlled-occlusion,m2,mask\f0211_m2.png,True,True,,614aeee227350447fadff14e47632bb622cb1ff05f6c85cbade48f081a88cf95,f3121de55b1bf3b0923248215a7a35a39906355dc74d5d71f6dd00a470c73b11,640,480,1731,False,56dd6e8ebc8f1bb3e035455dc1a0912e6527eeb1a93f9e88953e8e3c1d8183b2,m0+m1+m2+m3 [no_op_placed_but_not_occluding],,
211,f0211,controlled-occlusion,m3,mask\f0211_m3.png,True,True,,7e28da30d9bbde834afb5e9204c7d845fae9fb009aba82ee1e1c4d52dc6b5c22,f3121de55b1bf3b0923248215a7a35a39906355dc74d5d71f6dd00a470c73b11,640,480,1731,False,56dd6e8ebc8f1bb3e035455dc1a0912e6527eeb1a93f9e88953e8e3c1d8183b2,m0+m1+m2+m3 [no_op_placed_but_not_occluding],,
211,f0211,controlled-occlusion,m4,mask\f0211_m4.png,True,True,,232c3fa43fa80b085a1b88c0ecb299293f8fafb9bb013c5ed041c2012c408c27,aaa161448d793303959b9c951f7474c42b80f221d866f0424fc6de9a338f52e5,640,480,1282,False,56dd6e8ebc8f1bb3e035455dc1a0912e6527eeb1a93f9e88953e8e3c1d8183b2,,,
212,f0212,context-rich,m0,mask\f0212_m0.png,True,True,,f0bfca06e5d8c7493f4534fb5d5d2666a51cc8e87d8e9cbbc4de6acaf2c7d2c4,cefb6ad0229278f93be0d1726ad88d2e2742f9b63be2834bddeb4980526e92db,560,560,107091,False,ee0a77a24ab8db466c92493a343e51ed63748c3c828deaa6fb4d294fa2988092,m0+m1+m2+m3+m4 [no_op_placed_but_not_occluding],,
212,f0212,context-rich,m1,mask\f0212_m1.png,True,True,,d4013985a93fcb1878430220541dddcf7824a861488ce7b31b948ecbe853c28e,cefb6ad0229278f93be0d1726ad88d2e2742f9b63be2834bddeb4980526e92db,560,560,107091,False,ee0a77a24ab8db466c92493a343e51ed63748c3c828deaa6fb4d294fa2988092,m0+m1+m2+m3+m4 [no_op_placed_but_not_occluding],,
212,f0212,context-rich,m2,mask\f0212_m2.png,True,True,,621b4e2fe7bdc81f961b386c7af7ba48463f5fbf30cfe79860d23916c87d6ac6,cefb6ad0229278f93be0d1726ad88d2e2742f9b63be2834bddeb4980526e92db,560,560,107091,False,ee0a77a24ab8db466c92493a343e51ed63748c3c828deaa6fb4d294fa2988092,m0+m1+m2+m3+m4 [no_op_placed_but_not_occluding],,
212,f0212,context-rich,m3,mask\f0212_m3.png,True,True,,621b4e2fe7bdc81f961b386c7af7ba48463f5fbf30cfe79860d23916c87d6ac6,cefb6ad0229278f93be0d1726ad88d2e2742f9b63be2834bddeb4980526e92db,560,560,107091,False,ee0a77a24ab8db466c92493a343e51ed63748c3c828deaa6fb4d294fa2988092,m0+m1+m2+m3+m4 [no_op_placed_but_not_occluding],,
212,f0212,context-rich,m4,mask\f0212_m4.png,True,True,,1520a2db49c83f5312d4065476081171c10234c6a01def68425770179ebae45d,cefb6ad0229278f93be0d1726ad88d2e2742f9b63be2834bddeb4980526e92db,560,560,107091,False,ee0a77a24ab8db466c92493a343e51ed63748c3c828deaa6fb4d294fa2988092,m0+m1+m2+m3+m4 [no_op_placed_but_not_occluding],,
213,f0213,controlled-occlusion,m0,mask\f0213_m0.png,False,False,missing,,,,,,,,,,
213,f0213,controlled-occlusion,m1,mask\f0213_m1.png,False,False,missing,,,,,,,,,,
213,f0213,controlled-occlusion,m2,mask\f0213_m2.png,False,False,missing,,,,,,,,,,
213,f0213,controlled-occlusion,m3,mask\f0213_m3.png,False,False,missing,,,,,,,,,,
213,f0213,controlled-occlusion,m4,mask\f0213_m4.png,False,False,missing,,,,,,,,,,
214,f0214,context-rich,m0,mask\f0214_m0.png,True,True,,205a449be0fa4e8aba7ffeede32067bcda774c31e0a8d51dbade8c45620b1ce7,03d4775e7ca690b73170585adc7ed21c0e20ee0f65c8bdda74e1305b3846bd44,640,480,9487,False,064fded3741a4e6d0d4d62bcc49fd883773304636589fc1f001159154c9bd6fa,m0+m1 [expected_no_op],,
214,f0214,context-rich,m1,mask\f0214_m1.png,True,True,,034899d439a614553cb6b741e0a2bacba7e30afc4f716e38f16d2baf089dde9f,03d4775e7ca690b73170585adc7ed21c0e20ee0f65c8bdda74e1305b3846bd44,640,480,9487,False,064fded3741a4e6d0d4d62bcc49fd883773304636589fc1f001159154c9bd6fa,m0+m1 [expected_no_op],,
214,f0214,context-rich,m2,mask\f0214_m2.png,True,True,,dfcd47cf29f1666dc194a3d9a3fc2ddf379c96869a69dd175dd13b593ac87393,185b1407c5a52c3d9d2a0a9cd8c1e40b6330bf79e876bcab5b01b136b8154174,640,480,9284,False,064fded3741a4e6d0d4d62bcc49fd883773304636589fc1f001159154c9bd6fa,,,
214,f0214,context-rich,m3,mask\f0214_m3.png,True,True,,a63b7032fa3e387286141ec3f28b72db4d0e3792313e704b5c37fff3b738eca5,e067407619cd747ed81cc86214b5d88da6cc2ee27dd41fdf1b34cf20a5fd28e1,640,480,9212,False,064fded3741a4e6d0d4d62bcc49fd883773304636589fc1f001159154c9bd6fa,m3+m4 [expected_no_op],,
214,f0214,context-rich,m4,mask\f0214_m4.png,True,True,,f140421bb1c524828077e1b251fbb8baa798b40b23c93b24b38c070da9c69d3d,e067407619cd747ed81cc86214b5d88da6cc2ee27dd41fdf1b34cf20a5fd28e1,640,480,9212,False,064fded3741a4e6d0d4d62bcc49fd883773304636589fc1f001159154c9bd6fa,m3+m4 [expected_no_op],,
215,f0215,context-rich,m0,mask\f0215_m0.png,True,True,,a6250e81fc333d7c6f258842527561358a3f01df53e49622ab884fdff554332a,1b588b701298edb359b59c110440851b4e6eb23cc759b27e2f4c6e379d833813,960,540,132466,False,d4ce6962c77f2300130e0a72eee058d2010c7387c8c29c79dd50b101cb776939,m0+m1+m2+m3+m4 [no_op_placed_but_not_occluding],,
215,f0215,context-rich,m1,mask\f0215_m1.png,True,True,,42c8950fa3f2cc14e84b29cea0a661772137e120184ab72592c58c6ccf2f4f85,1b588b701298edb359b59c110440851b4e6eb23cc759b27e2f4c6e379d833813,960,540,132466,False,d4ce6962c77f2300130e0a72eee058d2010c7387c8c29c79dd50b101cb776939,m0+m1+m2+m3+m4 [no_op_placed_but_not_occluding],,
215,f0215,context-rich,m2,mask\f0215_m2.png,True,True,,e3385be70f2239c80ae59d9e1f53cce82cb089ae69d96b366645cbe6f8787b77,1b588b701298edb359b59c110440851b4e6eb23cc759b27e2f4c6e379d833813,960,540,132466,False,d4ce6962c77f2300130e0a72eee058d2010c7387c8c29c79dd50b101cb776939,m0+m1+m2+m3+m4 [no_op_placed_but_not_occluding],,
215,f0215,context-rich,m3,mask\f0215_m3.png,True,True,,52fe05320a57cfea2a54b9a9360c965f4780f9b5bc164bdc28427a7586b1472b,1b588b701298edb359b59c110440851b4e6eb23cc759b27e2f4c6e379d833813,960,540,132466,False,d4ce6962c77f2300130e0a72eee058d2010c7387c8c29c79dd50b101cb776939,m0+m1+m2+m3+m4 [no_op_placed_but_not_occluding],,
215,f0215,context-rich,m4,mask\f0215_m4.png,True,True,,1785cebf7df90ec6f9b4b3406c5bc8faf69fcfd1370b37d767f5ff4afd0fe0f9,1b588b701298edb359b59c110440851b4e6eb23cc759b27e2f4c6e379d833813,960,540,132466,False,d4ce6962c77f2300130e0a72eee058d2010c7387c8c29c79dd50b101cb776939,m0+m1+m2+m3+m4 [no_op_placed_but_not_occluding],,
216,f0216,controlled-occlusion,m0,mask\f0216_m0.png,True,True,,1d3da0bc15a46ca02456d3f61453a4e2fbb475f04a19f80f227ce950984c5b25,cd4b3f83ec461dcf0725250969660bd1b34d9c3d852b8218d44ac404d00abdd7,720,480,8558,False,4feedfdbcc28d3467c8a36bc8ef255fbee1d6403e42fc23c977d3302f38a017e,m0+m1+m2+m3 [expected_no_op],,
216,f0216,controlled-occlusion,m1,mask\f0216_m1.png,True,True,,68e5b82b6149cf4ec232a786d33ab7bb65219fd3e5557a49d4df1ce0e5f799af,cd4b3f83ec461dcf0725250969660bd1b34d9c3d852b8218d44ac404d00abdd7,720,480,8558,False,4feedfdbcc28d3467c8a36bc8ef255fbee1d6403e42fc23c977d3302f38a017e,m0+m1+m2+m3 [expected_no_op],,
216,f0216,controlled-occlusion,m2,mask\f0216_m2.png,True,True,,adfe99f2a6f23b0069cbf8f03bf45acb87c2c0376b422731197e60660c79abf4,cd4b3f83ec461dcf0725250969660bd1b34d9c3d852b8218d44ac404d00abdd7,720,480,8558,False,4feedfdbcc28d3467c8a36bc8ef255fbee1d6403e42fc23c977d3302f38a017e,m0+m1+m2+m3 [expected_no_op],,
216,f0216,controlled-occlusion,m3,mask\f0216_m3.png,True,True,,e3b54ab04f62c473cab7b942debeef6b5cde61e2853489c4de624407d912abfe,cd4b3f83ec461dcf0725250969660bd1b34d9c3d852b8218d44ac404d00abdd7,720,480,8558,False,4feedfdbcc28d3467c8a36bc8ef255fbee1d6403e42fc23c977d3302f38a017e,m0+m1+m2+m3 [expected_no_op],,
216,f0216,controlled-occlusion,m4,mask\f0216_m4.png,True,True,,0151eb88081142f9bf2f5d09b2e83dc5e25b92d7c670f2a6fa7caf0d680274d4,c5215ad977bd8121933e5a1038c39fb48f7f11c2443a822ae4790833eefdbcc1,720,480,5624,False,4feedfdbcc28d3467c8a36bc8ef255fbee1d6403e42fc23c977d3302f38a017e,,,
217,f0217,context-rich,m0,mask\f0217_m0.png,True,True,,0a60a4f99f8969dedd5c988fa7e3ebdf71afb93ebe82c2abaef2afd0d167317b,93d1c906438363fe72c3519fa255145b8a5882f87c9e8ac9bfe0e2db596f7f19,960,540,16302,False,3d2cde50b5597dab786e1cf77574dc21207903f6338eb1dce235b3b8423287f2,m0+m1+m2+m3+m4 [expected_no_op],,
217,f0217,context-rich,m1,mask\f0217_m1.png,True,True,,623e2eac7e755a47ec74d24ff919948d33d4860492408a1b94b87625d2e897f9,93d1c906438363fe72c3519fa255145b8a5882f87c9e8ac9bfe0e2db596f7f19,960,540,16302,False,3d2cde50b5597dab786e1cf77574dc21207903f6338eb1dce235b3b8423287f2,m0+m1+m2+m3+m4 [expected_no_op],,
217,f0217,context-rich,m2,mask\f0217_m2.png,True,True,,b1e7e169ca69396b1e8f932ecafe4e6c38b54ab888e1c56da4ae96c89460d403,93d1c906438363fe72c3519fa255145b8a5882f87c9e8ac9bfe0e2db596f7f19,960,540,16302,False,3d2cde50b5597dab786e1cf77574dc21207903f6338eb1dce235b3b8423287f2,m0+m1+m2+m3+m4 [expected_no_op],,
217,f0217,context-rich,m3,mask\f0217_m3.png,True,True,,33f4dea4dc24bddb3d70bbe2603c8fc8d408f20073c6d7b722960a8df9beb94c,93d1c906438363fe72c3519fa255145b8a5882f87c9e8ac9bfe0e2db596f7f19,960,540,16302,False,3d2cde50b5597dab786e1cf77574dc21207903f6338eb1dce235b3b8423287f2,m0+m1+m2+m3+m4 [expected_no_op],,
217,f0217,context-rich,m4,mask\f0217_m4.png,True,True,,9e75999ac5707ed7763b8bc2a06b137912a3689414376be6a303c502f84341dd,93d1c906438363fe72c3519fa255145b8a5882f87c9e8ac9bfe0e2db596f7f19,960,540,16302,False,3d2cde50b5597dab786e1cf77574dc21207903f6338eb1dce235b3b8423287f2,m0+m1+m2+m3+m4 [expected_no_op],,
218,f0218,context-rich,m0,mask\f0218_m0.png,True,True,,eec8b89cae7603516a6c91a11a819c7fe5c45390090d80e269eea9ce1bc0ef16,a2bc6ab6de6978bd2428f8e9fcbeeb66f3827d7a37438c63de770fb63c0f2e7a,640,480,385,False,8761133d1ba902eaf833f49231752102e77080ec91e8d186b2d2269f53fca251,m0+m1+m2+m3+m4 [expected_no_op],,
218,f0218,context-rich,m1,mask\f0218_m1.png,True,True,,b6d26af044b758b82e2d5cd233e535c3c641707a5c8dfd353d42bd45b91be78c,a2bc6ab6de6978bd2428f8e9fcbeeb66f3827d7a37438c63de770fb63c0f2e7a,640,480,385,False,8761133d1ba902eaf833f49231752102e77080ec91e8d186b2d2269f53fca251,m0+m1+m2+m3+m4 [expected_no_op],,
218,f0218,context-rich,m2,mask\f0218_m2.png,True,True,,6c433b1412748ce2df52909545a16a4dae5d953ab2a41e0d5f33d001bccd9e81,a2bc6ab6de6978bd2428f8e9fcbeeb66f3827d7a37438c63de770fb63c0f2e7a,640,480,385,False,8761133d1ba902eaf833f49231752102e77080ec91e8d186b2d2269f53fca251,m0+m1+m2+m3+m4 [expected_no_op],,
218,f0218,context-rich,m3,mask\f0218_m3.png,True,True,,2da3823aa6d0443c4f8d1e52955f343aa12b6f4c4e4e82f12af3da3ab19d387b,a2bc6ab6de6978bd2428f8e9fcbeeb66f3827d7a37438c63de770fb63c0f2e7a,640,480,385,False,8761133d1ba902eaf833f49231752102e77080ec91e8d186b2d2269f53fca251,m0+m1+m2+m3+m4 [expected_no_op],,
218,f0218,context-rich,m4,mask\f0218_m4.png,True,True,,2048ce6c11aad76b83efe35018172eeaafa7d1730c92c3e29e1389c2e6c8c433,a2bc6ab6de6978bd2428f8e9fcbeeb66f3827d7a37438c63de770fb63c0f2e7a,640,480,385,False,8761133d1ba902eaf833f49231752102e77080ec91e8d186b2d2269f53fca251,m0+m1+m2+m3+m4 [expected_no_op],,
219,f0219,context-rich,m0,mask\f0219_m0.png,True,True,,222ad60211e79b0f42e73c9fef75e19554b7d7968a320f1f8b1b96d129833b99,3cb1e95db2c585cb203fdef55cfd5556a1089bfa1cec620ecbda6e6ee5b4318c,640,480,56770,False,d71790fb614cff5d0cc5f4c6d5186cf186082c186679bf49c7c0c228539fea60,m0+m1+m2+m3+m4 [no_op_placed_but_not_occluding],,
219,f0219,context-rich,m1,mask\f0219_m1.png,True,True,,e529b25fc0fb48d7276bd097f46ccc3631c2413306b2bdc19b6402c147ee2a34,3cb1e95db2c585cb203fdef55cfd5556a1089bfa1cec620ecbda6e6ee5b4318c,640,480,56770,False,d71790fb614cff5d0cc5f4c6d5186cf186082c186679bf49c7c0c228539fea60,m0+m1+m2+m3+m4 [no_op_placed_but_not_occluding],,
219,f0219,context-rich,m2,mask\f0219_m2.png,True,True,,7b80ffad4cfb740ecd124d941ad42e52650e094453ef618eb1fb3cf374242721,3cb1e95db2c585cb203fdef55cfd5556a1089bfa1cec620ecbda6e6ee5b4318c,640,480,56770,False,d71790fb614cff5d0cc5f4c6d5186cf186082c186679bf49c7c0c228539fea60,m0+m1+m2+m3+m4 [no_op_placed_but_not_occluding],,
219,f0219,context-rich,m3,mask\f0219_m3.png,True,True,,f2533c115bb6213710f4ab2322a9ca81fdb878c9d07c3f0dfafe6696e41b9ba5,3cb1e95db2c585cb203fdef55cfd5556a1089bfa1cec620ecbda6e6ee5b4318c,640,480,56770,False,d71790fb614cff5d0cc5f4c6d5186cf186082c186679bf49c7c0c228539fea60,m0+m1+m2+m3+m4 [no_op_placed_but_not_occluding],,
219,f0219,context-rich,m4,mask\f0219_m4.png,True,True,,baf398042f1a8f9313a87f0cd457de6847441d2d63f84f33478e8b4e74079033,3cb1e95db2c585cb203fdef55cfd5556a1089bfa1cec620ecbda6e6ee5b4318c,640,480,56770,False,d71790fb614cff5d0cc5f4c6d5186cf186082c186679bf49c7c0c228539fea60,m0+m1+m2+m3+m4 [no_op_placed_but_not_occluding],,
220,f0220,context-rich,m0,mask\f0220_m0.png,False,False,missing,,,,,,,,,,
220,f0220,context-rich,m1,mask\f0220_m1.png,False,False,missing,,,,,,,,,,
220,f0220,context-rich,m2,mask\f0220_m2.png,False,False,missing,,,,,,,,,,
220,f0220,context-rich,m3,mask\f0220_m3.png,False,False,missing,,,,,,,,,,
220,f0220,context-rich,m4,mask\f0220_m4.png,False,False,missing,,,,,,,,,,
221,f0221,context-rich,m0,mask\f0221_m0.png,True,True,,1ef082203f5c538dbc911faf6f7cef2b160649b8f9054232f06547ce5f3ab8e6,219efdbda56f44a4736a6d3d47e3391484118c349fbc485e138c7e0f2f522ac7,720,480,1118,False,b46a51cdbc33a28ef0bfb0eb7864d208cb992e507ba84b381d8e72527cb1f023,m0+m1+m2+m3+m4 [no_op_placed_but_not_occluding],,
221,f0221,context-rich,m1,mask\f0221_m1.png,True,True,,f3f6772851b90bb0abcb3c666fad08ee28f50025b4b3d273a8ccf6f46de9ca25,219efdbda56f44a4736a6d3d47e3391484118c349fbc485e138c7e0f2f522ac7,720,480,1118,False,b46a51cdbc33a28ef0bfb0eb7864d208cb992e507ba84b381d8e72527cb1f023,m0+m1+m2+m3+m4 [no_op_placed_but_not_occluding],,
221,f0221,context-rich,m2,mask\f0221_m2.png,True,True,,d0515600bed89b83755bbd0100a19e77e56ad1236590ae8e6e8a66999640cbfb,219efdbda56f44a4736a6d3d47e3391484118c349fbc485e138c7e0f2f522ac7,720,480,1118,False,b46a51cdbc33a28ef0bfb0eb7864d208cb992e507ba84b381d8e72527cb1f023,m0+m1+m2+m3+m4 [no_op_placed_but_not_occluding],,
221,f0221,context-rich,m3,mask\f0221_m3.png,True,True,,e4883f8b269a8ce75ee4e84bdf1c78a37b12df52d12f3246840546326677aac6,219efdbda56f44a4736a6d3d47e3391484118c349fbc485e138c7e0f2f522ac7,720,480,1118,False,b46a51cdbc33a28ef0bfb0eb7864d208cb992e507ba84b381d8e72527cb1f023,m0+m1+m2+m3+m4 [no_op_placed_but_not_occluding],,
221,f0221,context-rich,m4,mask\f0221_m4.png,True,True,,3f0ed6d2ce846f339941e7acd087cf3a3e5733ceff7bb185b817bdf402679ddf,219efdbda56f44a4736a6d3d47e3391484118c349fbc485e138c7e0f2f522ac7,720,480,1118,False,b46a51cdbc33a28ef0bfb0eb7864d208cb992e507ba84b381d8e72527cb1f023,m0+m1+m2+m3+m4 [no_op_placed_but_not_occluding],,
222,f0222,controlled-occlusion,m0,mask\f0222_m0.png,True,True,,57bb4718827f158deece97eeb25fddb779e131325288985be9ec6b855fee4bdb,198cf684d2392a44e9c124af051efc2023aada77f8ee560ece5b79b09cb3edec,960,540,101570,False,2aa41bf1e309740fdfa884100ba53df408026894ba5483dbde8bf94d25f29caf,m0+m1+m2+m3 [expected_no_op],,
222,f0222,controlled-occlusion,m1,mask\f0222_m1.png,True,True,,adc72329a13fc4685fabb63585f74a674e4c4c9419935908774b652c5e962aae,198cf684d2392a44e9c124af051efc2023aada77f8ee560ece5b79b09cb3edec,960,540,101570,False,2aa41bf1e309740fdfa884100ba53df408026894ba5483dbde8bf94d25f29caf,m0+m1+m2+m3 [expected_no_op],,
222,f0222,controlled-occlusion,m2,mask\f0222_m2.png,True,True,,707b30509f6c044001826af69db80130096870b54db9e3b55a23527b44bfd651,198cf684d2392a44e9c124af051efc2023aada77f8ee560ece5b79b09cb3edec,960,540,101570,False,2aa41bf1e309740fdfa884100ba53df408026894ba5483dbde8bf94d25f29caf,m0+m1+m2+m3 [expected_no_op],,
222,f0222,controlled-occlusion,m3,mask\f0222_m3.png,True,True,,105fd5c32b0c2bfe22d2a0ed39004fb19525325680a826dd67a02b8c6e5bd919,198cf684d2392a44e9c124af051efc2023aada77f8ee560ece5b79b09cb3edec,960,540,101570,False,2aa41bf1e309740fdfa884100ba53df408026894ba5483dbde8bf94d25f29caf,m0+m1+m2+m3 [expected_no_op],,
222,f0222,controlled-occlusion,m4,mask\f0222_m4.png,True,True,,a59bf6dcc81ccde7ebba82101d40155aa9c73cc4888a926834facc7a53d56d10,250a3d67a81390629693d84fb25e35fb1b059ad9d11abb6192c820d0c3b5ea7e,960,540,86139,False,2aa41bf1e309740fdfa884100ba53df408026894ba5483dbde8bf94d25f29caf,,,
223,f0223,context-rich,m0,mask\f0223_m0.png,True,True,,0616b8807a97f3eec9e5f62610a58dedf4c268ca585bc4fb6811b6e430d74600,81bd82982c39047e4f6e4228b5be0f7955aa9187792c1814616eeb19f197d6b3,640,480,66224,False,23529d1f3b9b11388d78c670366ceea2860119ed382994b07cfd1032ef3b68b0,m0+m1+m2+m3+m4 [expected_no_op],,
223,f0223,context-rich,m1,mask\f0223_m1.png,True,True,,10cc1ea372f12fd11b79efd1e80c6fc32f0d93f88a245847ce74697796de8e4c,81bd82982c39047e4f6e4228b5be0f7955aa9187792c1814616eeb19f197d6b3,640,480,66224,False,23529d1f3b9b11388d78c670366ceea2860119ed382994b07cfd1032ef3b68b0,m0+m1+m2+m3+m4 [expected_no_op],,
223,f0223,context-rich,m2,mask\f0223_m2.png,True,True,,10cc1ea372f12fd11b79efd1e80c6fc32f0d93f88a245847ce74697796de8e4c,81bd82982c39047e4f6e4228b5be0f7955aa9187792c1814616eeb19f197d6b3,640,480,66224,False,23529d1f3b9b11388d78c670366ceea2860119ed382994b07cfd1032ef3b68b0,m0+m1+m2+m3+m4 [expected_no_op],,
223,f0223,context-rich,m3,mask\f0223_m3.png,True,True,,98c8300a1c1423733a3e5250e3df6716d72b6a94b8f2f0f083a9b3ba7aed1562,81bd82982c39047e4f6e4228b5be0f7955aa9187792c1814616eeb19f197d6b3,640,480,66224,False,23529d1f3b9b11388d78c670366ceea2860119ed382994b07cfd1032ef3b68b0,m0+m1+m2+m3+m4 [expected_no_op],,
223,f0223,context-rich,m4,mask\f0223_m4.png,True,True,,845f151673450b59e0392cec78c268527b52ccb9ce1198aa562ac52f3c511cd3,81bd82982c39047e4f6e4228b5be0f7955aa9187792c1814616eeb19f197d6b3,640,480,66224,False,23529d1f3b9b11388d78c670366ceea2860119ed382994b07cfd1032ef3b68b0,m0+m1+m2+m3+m4 [expected_no_op],,
224,f0224,controlled-occlusion,m0,mask\f0224_m0.png,True,True,,21f3f37ad8b7c7fd86ba446d26c0eea96dc363ae22e1cca706eff3a549fea926,b06958520e5870c1239d45344ef092719853070ed7acaf082969e34a712e55f6,560,560,7452,False,8fcd11ba76d22d0b31dfc76d2b46791065cd73125d3b804b53852d7b77dd1bad,m0+m1 [expected_no_op],,
224,f0224,controlled-occlusion,m1,mask\f0224_m1.png,True,True,,d7c3977101b301ed2f774b6ff23ab475bfdd7f4357a9c22acc14fadefbb85d98,b06958520e5870c1239d45344ef092719853070ed7acaf082969e34a712e55f6,560,560,7452,False,8fcd11ba76d22d0b31dfc76d2b46791065cd73125d3b804b53852d7b77dd1bad,m0+m1 [expected_no_op],,
224,f0224,controlled-occlusion,m2,mask\f0224_m2.png,True,True,,96da22ea5b92a8459a89bd2b6cc8459b23234667700664040578ce6a62ddf0bb,615d7d2b6d95d99e445dea2d2e22fb347fcf492a7f85192a753ca0d8031be16d,560,560,6712,False,8fcd11ba76d22d0b31dfc76d2b46791065cd73125d3b804b53852d7b77dd1bad,m2+m3 [no_op_placed_but_not_occluding],,
224,f0224,controlled-occlusion,m3,mask\f0224_m3.png,True,True,,884070ee0330f53b46708cc7a5c1819b46c05629f8fcac5f2cf91c280fdce7a4,615d7d2b6d95d99e445dea2d2e22fb347fcf492a7f85192a753ca0d8031be16d,560,560,6712,False,8fcd11ba76d22d0b31dfc76d2b46791065cd73125d3b804b53852d7b77dd1bad,m2+m3 [no_op_placed_but_not_occluding],,
224,f0224,controlled-occlusion,m4,mask\f0224_m4.png,True,True,,b272c60821c7727352fc64c7f79cd16200c0a1b75933ece9571ae15b5d353b92,0b338d9a2b1808971602234977fd1d013836187040373e1b62eee1819415b221,560,560,5444,False,8fcd11ba76d22d0b31dfc76d2b46791065cd73125d3b804b53852d7b77dd1bad,,,
225,f0225,controlled-occlusion,m0,mask\f0225_m0.png,True,True,,75eb0dc6b4ab438509ab40461cedadc49d34153cdc505c88a0f666e1afe2dad8,d98675f72154c4f269246e783466d16a7c7a77cf782beb0bfafd4392caa0c382,960,540,132784,False,dba79a8c8589c5e3b84dc0d79d05775d326bc657e4920adb1229191bf9580d44,m0+m1+m2+m3 [no_op_placed_but_not_occluding],,
225,f0225,controlled-occlusion,m1,mask\f0225_m1.png,True,True,,9e46e5bfe558fe55df88f0125bcf9ae7f14c39e96298efca2e93fe8354aaffb6,d98675f72154c4f269246e783466d16a7c7a77cf782beb0bfafd4392caa0c382,960,540,132784,False,dba79a8c8589c5e3b84dc0d79d05775d326bc657e4920adb1229191bf9580d44,m0+m1+m2+m3 [no_op_placed_but_not_occluding],,
225,f0225,controlled-occlusion,m2,mask\f0225_m2.png,True,True,,718a81340410b154c8eea2c26697ed16a31c138a653ad267fb82a3ed06cd75da,d98675f72154c4f269246e783466d16a7c7a77cf782beb0bfafd4392caa0c382,960,540,132784,False,dba79a8c8589c5e3b84dc0d79d05775d326bc657e4920adb1229191bf9580d44,m0+m1+m2+m3 [no_op_placed_but_not_occluding],,
225,f0225,controlled-occlusion,m3,mask\f0225_m3.png,True,True,,b38397f86bcb44f54e2dea56292ad924f0e570be38b4fff29bca3c81c8c894b8,d98675f72154c4f269246e783466d16a7c7a77cf782beb0bfafd4392caa0c382,960,540,132784,False,dba79a8c8589c5e3b84dc0d79d05775d326bc657e4920adb1229191bf9580d44,m0+m1+m2+m3 [no_op_placed_but_not_occluding],,
225,f0225,controlled-occlusion,m4,mask\f0225_m4.png,True,True,,d76f33cbf86be41cc009ccb39e3410243286e47208a8df633e694b4a7b59a32a,269266f6037c60f14d9fdf09b36a38eef604e399a5d2260f9b7b535d33c143ab,960,540,109783,False,dba79a8c8589c5e3b84dc0d79d05775d326bc657e4920adb1229191bf9580d44,,,
226,f0226,context-rich,m0,mask\f0226_m0.png,True,True,,19978e2b57dc44f348dce0b8d5347dac6dd95ff360fbd60287836c0018917b3d,367caaf36c68762fff130d81b7a945412d642f6addde1887704093efc55c53c1,640,480,1647,False,4f56ab25a252ac621017211a8a82d0a5de45566d204dfe192f4ff7fdc445f4a6,m0+m1+m2+m3+m4 [no_op_placed_but_not_occluding],,
226,f0226,context-rich,m1,mask\f0226_m1.png,True,True,,e27ae506727b2b7cc663ff95396fbd4e0315c1823601dd4023800a63bf09e3c7,367caaf36c68762fff130d81b7a945412d642f6addde1887704093efc55c53c1,640,480,1647,False,4f56ab25a252ac621017211a8a82d0a5de45566d204dfe192f4ff7fdc445f4a6,m0+m1+m2+m3+m4 [no_op_placed_but_not_occluding],,
226,f0226,context-rich,m2,mask\f0226_m2.png,True,True,,3681e8858c9a3092487d946374acdc452ddaf6cca2524f34304e61425f05366b,367caaf36c68762fff130d81b7a945412d642f6addde1887704093efc55c53c1,640,480,1647,False,4f56ab25a252ac621017211a8a82d0a5de45566d204dfe192f4ff7fdc445f4a6,m0+m1+m2+m3+m4 [no_op_placed_but_not_occluding],,
226,f0226,context-rich,m3,mask\f0226_m3.png,True,True,,6be60e154846fe1608fa8345b2798c3dc583a92dbd2322d2fa630f225d4f67f5,367caaf36c68762fff130d81b7a945412d642f6addde1887704093efc55c53c1,640,480,1647,False,4f56ab25a252ac621017211a8a82d0a5de45566d204dfe192f4ff7fdc445f4a6,m0+m1+m2+m3+m4 [no_op_placed_but_not_occluding],,
226,f0226,context-rich,m4,mask\f0226_m4.png,True,True,,ccfeaebeae61c327d0e3cdfa49dd5b72daf715cee7f22fae2e9d7feb53a8e57d,367caaf36c68762fff130d81b7a945412d642f6addde1887704093efc55c53c1,640,480,1647,False,4f56ab25a252ac621017211a8a82d0a5de45566d204dfe192f4ff7fdc445f4a6,m0+m1+m2+m3+m4 [no_op_placed_but_not_occluding],,
227,f0227,context-rich,m0,mask\f0227_m0.png,True,True,,ef67da24d10c2757e88579eda7e758907fc29ea7203a51605ce7743d3d86c0bb,36307bc81a503d7fe46b6f8f8bf88f395732b73475f2640d9f11fdf82b5a5465,640,480,5799,False,f7d4222eb7f3ad893b2edc8b54d8eca5cbe5ad1c8599196996e9686982f92fff,m0+m1 [expected_no_op],,
227,f0227,context-rich,m1,mask\f0227_m1.png,True,True,,a8e512b276bc1a68539a315ea15fc272c3ad833c298c6e761e4d9da2563f79e3,36307bc81a503d7fe46b6f8f8bf88f395732b73475f2640d9f11fdf82b5a5465,640,480,5799,False,f7d4222eb7f3ad893b2edc8b54d8eca5cbe5ad1c8599196996e9686982f92fff,m0+m1 [expected_no_op],,
227,f0227,context-rich,m2,mask\f0227_m2.png,True,True,,f8e49e9fe3578ec52c99404b7c360ef55ee95243efefc48df02ab41fb27f9ee8,3286702e9956a1d72aa977616215586a2900d718f64ef8617d56c5d5fd71cff3,640,480,5214,False,f7d4222eb7f3ad893b2edc8b54d8eca5cbe5ad1c8599196996e9686982f92fff,,,
227,f0227,context-rich,m3,mask\f0227_m3.png,True,True,,064cda5eea72d54bc4b405b8324d9087d290bf81ab9c1384e72cfdd6a5e01f7f,5f1db827020885418e169fe819fb9c0254e33165bcf6feb26098005bfc0dcc92,640,480,4739,False,f7d4222eb7f3ad893b2edc8b54d8eca5cbe5ad1c8599196996e9686982f92fff,m3+m4 [expected_no_op],,
227,f0227,context-rich,m4,mask\f0227_m4.png,True,True,,064cda5eea72d54bc4b405b8324d9087d290bf81ab9c1384e72cfdd6a5e01f7f,5f1db827020885418e169fe819fb9c0254e33165bcf6feb26098005bfc0dcc92,640,480,4739,False,f7d4222eb7f3ad893b2edc8b54d8eca5cbe5ad1c8599196996e9686982f92fff,m3+m4 [expected_no_op],,
228,f0228,context-rich,m0,mask\f0228_m0.png,True,True,,bfafd830b51a4e3613b4366774f893d8723c3904e2260704fb74c485d9d6b94a,14b01e7046b25fb6d39e493edb8889b2ebd81eff1407535548ef795320d76b40,640,480,52448,False,06118e297c6b24122be2250ee3cfc93968ca38135cdf3f18ca4c9392d0d79a1a,m0+m1+m2+m3+m4 [no_op_placed_but_not_occluding],,
228,f0228,context-rich,m1,mask\f0228_m1.png,True,True,,5d7b05c1f8ae972c5f60e14397886bab5f2c21ac07f77b3ee90077a5249bf20b,14b01e7046b25fb6d39e493edb8889b2ebd81eff1407535548ef795320d76b40,640,480,52448,False,06118e297c6b24122be2250ee3cfc93968ca38135cdf3f18ca4c9392d0d79a1a,m0+m1+m2+m3+m4 [no_op_placed_but_not_occluding],,
228,f0228,context-rich,m2,mask\f0228_m2.png,True,True,,98fef442196a42ac482f3e14e46fd470e867c3f0f969761ff4b8deef482c3d98,14b01e7046b25fb6d39e493edb8889b2ebd81eff1407535548ef795320d76b40,640,480,52448,False,06118e297c6b24122be2250ee3cfc93968ca38135cdf3f18ca4c9392d0d79a1a,m0+m1+m2+m3+m4 [no_op_placed_but_not_occluding],,
228,f0228,context-rich,m3,mask\f0228_m3.png,True,True,,5f860e2050e87ebc6dc6f6740bdc25dc587828a4b5b25d8045fa60101efa3d5c,14b01e7046b25fb6d39e493edb8889b2ebd81eff1407535548ef795320d76b40,640,480,52448,False,06118e297c6b24122be2250ee3cfc93968ca38135cdf3f18ca4c9392d0d79a1a,m0+m1+m2+m3+m4 [no_op_placed_but_not_occluding],,
228,f0228,context-rich,m4,mask\f0228_m4.png,True,True,,ba4d1744bca46bbad86ff4492b5372ec87832257f85f4b1fe3035975fe9af205,14b01e7046b25fb6d39e493edb8889b2ebd81eff1407535548ef795320d76b40,640,480,52448,False,06118e297c6b24122be2250ee3cfc93968ca38135cdf3f18ca4c9392d0d79a1a,m0+m1+m2+m3+m4 [no_op_placed_but_not_occluding],,
229,f0229,context-rich,m0,mask\f0229_m0.png,True,True,,a4e41a63e8dd00db80e9a1d41f22f0ec3aea1300069b9444d1a686ecc06e0e07,d5ccbe987eb1016f6816537dd5be2c71af090cfb1c401dee7c391ae18f1d4c38,720,480,167144,False,85234ca26734cb8aa11eebd5e0621207759996a99c8f92954a5c5c61e624035d,m0+m1 [expected_no_op],,
229,f0229,context-rich,m1,mask\f0229_m1.png,True,True,,42b4dcfdb1167945f055571276bcc6fac52d3b0f5bdf2fe6977ba4d195a9bf35,d5ccbe987eb1016f6816537dd5be2c71af090cfb1c401dee7c391ae18f1d4c38,720,480,167144,False,85234ca26734cb8aa11eebd5e0621207759996a99c8f92954a5c5c61e624035d,m0+m1 [expected_no_op],,
229,f0229,context-rich,m2,mask\f0229_m2.png,True,True,,4b4047ac5f4947d626bb5b5780e426bb8e3ee2d8cc4aba01b6bc194414c509a9,1e1a3454edb05db245229c701692a3a5803a19ca4c024bbf2551c31675143308,720,480,128227,False,85234ca26734cb8aa11eebd5e0621207759996a99c8f92954a5c5c61e624035d,,,
229,f0229,context-rich,m3,mask\f0229_m3.png,True,True,,bbd1fb271c688bdce4ad23e5ee15b14acb01e909854ebf97a7198f6d8b40e4c6,8b0ebd46efc3272c2c8dcca9baba96621676850fc6b57448c893e0cd1a6208c9,720,480,118808,False,85234ca26734cb8aa11eebd5e0621207759996a99c8f92954a5c5c61e624035d,m3+m4 [expected_no_op],,
229,f0229,context-rich,m4,mask\f0229_m4.png,True,True,,c9a0c108f2f1c60f3b6b44945ed24e639acd866ad440058cb2db5e211cf3b2a2,8b0ebd46efc3272c2c8dcca9baba96621676850fc6b57448c893e0cd1a6208c9,720,480,118808,False,85234ca26734cb8aa11eebd5e0621207759996a99c8f92954a5c5c61e624035d,m3+m4 [expected_no_op],,
230,f0230,context-rich,m0,mask\f0230_m0.png,True,True,,7753468150593724e9bf5e41b561fc6e3c0acd3d1cd635c9c6825a06ea67be41,365cb29bfd5c29ba38be8cf9401cbdac561ffc30746c45299b82662ad224ff8b,640,480,18,False,c61c4c97a650c2c77733a6167b2f159642a4d600a5a7360df5a295d4ed03c2ec,m0+m1+m2+m3+m4 [expected_no_op],,
230,f0230,context-rich,m1,mask\f0230_m1.png,True,True,,eda2fca018528f84ea83998f65904d40134ec36233ae407fbd28b4aabf3b9030,365cb29bfd5c29ba38be8cf9401cbdac561ffc30746c45299b82662ad224ff8b,640,480,18,False,c61c4c97a650c2c77733a6167b2f159642a4d600a5a7360df5a295d4ed03c2ec,m0+m1+m2+m3+m4 [expected_no_op],,
230,f0230,context-rich,m2,mask\f0230_m2.png,True,True,,b629f8d2d4c246526f567b4009a660a2422f13430ae105fce08cb97670cc8e39,365cb29bfd5c29ba38be8cf9401cbdac561ffc30746c45299b82662ad224ff8b,640,480,18,False,c61c4c97a650c2c77733a6167b2f159642a4d600a5a7360df5a295d4ed03c2ec,m0+m1+m2+m3+m4 [expected_no_op],,
230,f0230,context-rich,m3,mask\f0230_m3.png,True,True,,3ec028a6a998deaaa5d0a80d8560ed3f76311f2f1dfbfca692fc88f6f7b7d6f1,365cb29bfd5c29ba38be8cf9401cbdac561ffc30746c45299b82662ad224ff8b,640,480,18,False,c61c4c97a650c2c77733a6167b2f159642a4d600a5a7360df5a295d4ed03c2ec,m0+m1+m2+m3+m4 [expected_no_op],,
230,f0230,context-rich,m4,mask\f0230_m4.png,True,True,,eaa6527df1e391e1a93bbd4022f1048a9eb83c9b4df0550a3363ccd3b3d06d1d,365cb29bfd5c29ba38be8cf9401cbdac561ffc30746c45299b82662ad224ff8b,640,480,18,False,c61c4c97a650c2c77733a6167b2f159642a4d600a5a7360df5a295d4ed03c2ec,m0+m1+m2+m3+m4 [expected_no_op],,
231,f0231,context-rich,m0,mask\f0231_m0.png,True,True,,77710d68be320342671b0809a248a9d4ea0c1ace87d4284943b353f1b8c5b902,593a4ad4954fd2f5fcb79b32c5fc54f7d1f34b14d186223c0eb135ea170607ab,960,540,19929,False,89e12e0d95243cbd6ff88cf6cac39bb6687a71a3a759a7a2caa9d3e76c70d452,m0+m1+m2+m3+m4 [no_op_placed_but_not_occluding],,
231,f0231,context-rich,m1,mask\f0231_m1.png,True,True,,4f927813c8830944e17ad7d0c265a528542fc9e072275514cdb69da0199604ac,593a4ad4954fd2f5fcb79b32c5fc54f7d1f34b14d186223c0eb135ea170607ab,960,540,19929,False,89e12e0d95243cbd6ff88cf6cac39bb6687a71a3a759a7a2caa9d3e76c70d452,m0+m1+m2+m3+m4 [no_op_placed_but_not_occluding],,
231,f0231,context-rich,m2,mask\f0231_m2.png,True,True,,1ce2c0ee0996be6e8a525e869851f7da56a282a03fb5c072b72464a4e87be0e1,593a4ad4954fd2f5fcb79b32c5fc54f7d1f34b14d186223c0eb135ea170607ab,960,540,19929,False,89e12e0d95243cbd6ff88cf6cac39bb6687a71a3a759a7a2caa9d3e76c70d452,m0+m1+m2+m3+m4 [no_op_placed_but_not_occluding],,
231,f0231,context-rich,m3,mask\f0231_m3.png,True,True,,8f191442e2e1666e17bdbe4cd493c658800acfb412de8e0c2faba644464db013,593a4ad4954fd2f5fcb79b32c5fc54f7d1f34b14d186223c0eb135ea170607ab,960,540,19929,False,89e12e0d95243cbd6ff88cf6cac39bb6687a71a3a759a7a2caa9d3e76c70d452,m0+m1+m2+m3+m4 [no_op_placed_but_not_occluding],,
231,f0231,context-rich,m4,mask\f0231_m4.png,True,True,,f0b7b6ede1fa9c830f654bec8f09fd99b1a6988821dc24fe7c8e6b6882899d9a,593a4ad4954fd2f5fcb79b32c5fc54f7d1f34b14d186223c0eb135ea170607ab,960,540,19929,False,89e12e0d95243cbd6ff88cf6cac39bb6687a71a3a759a7a2caa9d3e76c70d452,m0+m1+m2+m3+m4 [no_op_placed_but_not_occluding],,
232,f0232,context-rich,m0,mask\f0232_m0.png,True,True,,e36d1e9833a045f62a48d52e7af8289e292a91b5d6488d8fb5cf4d99864f4721,593c10fac9a5d7966c29c5eb4dd3ec185575981f0ebcff4a9cf660b2de1058a3,560,560,148092,False,e5a1e688b7ad3432c11c3742ca51d5f51ea1d8366c0c35cbbd17b43104f407a1,m0+m1+m2 [expected_no_op],,
232,f0232,context-rich,m1,mask\f0232_m1.png,True,True,,3e63fe4bceb934da8322ab66d9edd35e57f33eafbd87cc1b7333b4a2dd8a0a72,593c10fac9a5d7966c29c5eb4dd3ec185575981f0ebcff4a9cf660b2de1058a3,560,560,148092,False,e5a1e688b7ad3432c11c3742ca51d5f51ea1d8366c0c35cbbd17b43104f407a1,m0+m1+m2 [expected_no_op],,
232,f0232,context-rich,m2,mask\f0232_m2.png,True,True,,9e03dbc7723fd74acbce63ba6d8540891652be85d1a91ffe52e71cd78b53f9d2,593c10fac9a5d7966c29c5eb4dd3ec185575981f0ebcff4a9cf660b2de1058a3,560,560,148092,False,e5a1e688b7ad3432c11c3742ca51d5f51ea1d8366c0c35cbbd17b43104f407a1,m0+m1+m2 [expected_no_op],,
232,f0232,context-rich,m3,mask\f0232_m3.png,True,True,,7fd9f1899e42b702a4cd31a84e98525aeaf7ba2d14693724fe16533f03a565c9,b0ff3280216a71455f096d2428682a2124d47534de9120bbde5c57f9ae4e4717,560,560,139457,False,e5a1e688b7ad3432c11c3742ca51d5f51ea1d8366c0c35cbbd17b43104f407a1,m3+m4 [expected_no_op],,
232,f0232,context-rich,m4,mask\f0232_m4.png,True,True,,a848f712f3340de9ef126c013b688c40f36f8fc5513b28cdbbebf02361855923,b0ff3280216a71455f096d2428682a2124d47534de9120bbde5c57f9ae4e4717,560,560,139457,False,e5a1e688b7ad3432c11c3742ca51d5f51ea1d8366c0c35cbbd17b43104f407a1,m3+m4 [expected_no_op],,
233,f0233,controlled-occlusion,m0,mask\f0233_m0.png,False,False,missing,,,,,,,,,,
233,f0233,controlled-occlusion,m1,mask\f0233_m1.png,False,False,missing,,,,,,,,,,
233,f0233,controlled-occlusion,m2,mask\f0233_m2.png,False,False,missing,,,,,,,,,,
233,f0233,controlled-occlusion,m3,mask\f0233_m3.png,False,False,missing,,,,,,,,,,
233,f0233,controlled-occlusion,m4,mask\f0233_m4.png,False,False,missing,,,,,,,,,,
234,f0234,context-rich,m0,mask\f0234_m0.png,True,True,,ed94cbad872fff33a425107442ac07f2b897da69a4c034bf4b0d7e000726187c,d952c0aca223c0d06e65b378ccf585ecc7e1d1a5cd420a1dff28df80b050d427,640,480,31060,False,d1d92f82858ec532217dcd312ff70447e92a767e55d41f43e6f6346a155f2048,m0+m1+m2 [no_op_placed_but_not_occluding],,
234,f0234,context-rich,m1,mask\f0234_m1.png,True,True,,5bd7d7be4c16fe564e152ce200bffd3d1b6445fd4eb06605850903b19d8a3cac,d952c0aca223c0d06e65b378ccf585ecc7e1d1a5cd420a1dff28df80b050d427,640,480,31060,False,d1d92f82858ec532217dcd312ff70447e92a767e55d41f43e6f6346a155f2048,m0+m1+m2 [no_op_placed_but_not_occluding],,
234,f0234,context-rich,m2,mask\f0234_m2.png,True,True,,3c9a47ecf9698c3b8f9b3775c6b3fed52ef0a531ba6b30bde9664c821f6ce7d7,d952c0aca223c0d06e65b378ccf585ecc7e1d1a5cd420a1dff28df80b050d427,640,480,31060,False,d1d92f82858ec532217dcd312ff70447e92a767e55d41f43e6f6346a155f2048,m0+m1+m2 [no_op_placed_but_not_occluding],,
234,f0234,context-rich,m3,mask\f0234_m3.png,True,True,,6e97202fcecd0f10508e29e88deb7254e6773c109af2179a7398e9f4d94d78e0,609c4ef1370e06cec6e6596ac3384bc7d58a44906f0aa53fc9a004aa319fb5af,640,480,30791,False,d1d92f82858ec532217dcd312ff70447e92a767e55d41f43e6f6346a155f2048,m3+m4 [expected_no_op],,
234,f0234,context-rich,m4,mask\f0234_m4.png,True,True,,cca71d0ca85c98e688fb7f4adb952daa453e2be63935b1145ccd0d6437b7b277,609c4ef1370e06cec6e6596ac3384bc7d58a44906f0aa53fc9a004aa319fb5af,640,480,30791,False,d1d92f82858ec532217dcd312ff70447e92a767e55d41f43e6f6346a155f2048,m3+m4 [expected_no_op],,
235,f0235,context-rich,m0,mask\f0235_m0.png,True,True,,48e19d2faf0383c7ed96030c3a651c81dfb648207cf6dbcf703c7dd36f569dfc,e777dd3e121338986db58c68cf40615becd4601d0f71e440e1c7a660cd9de5db,640,480,1673,False,346649b270d6b940690967a31b3983c4bd192fc90fe1116419e8798849873ed7,m0+m1+m2+m3+m4 [no_op_placed_but_not_occluding],,
235,f0235,context-rich,m1,mask\f0235_m1.png,True,True,,880124e6f18b090b512a4fe154a9892b86780042864009fc08f9a8b97e8985e2,e777dd3e121338986db58c68cf40615becd4601d0f71e440e1c7a660cd9de5db,640,480,1673,False,346649b270d6b940690967a31b3983c4bd192fc90fe1116419e8798849873ed7,m0+m1+m2+m3+m4 [no_op_placed_but_not_occluding],,
235,f0235,context-rich,m2,mask\f0235_m2.png,True,True,,897795be600c7ebfe99b6f63da4925e6ed76fb4679199331e968f0803fef7622,e777dd3e121338986db58c68cf40615becd4601d0f71e440e1c7a660cd9de5db,640,480,1673,False,346649b270d6b940690967a31b3983c4bd192fc90fe1116419e8798849873ed7,m0+m1+m2+m3+m4 [no_op_placed_but_not_occluding],,
235,f0235,context-rich,m3,mask\f0235_m3.png,True,True,,0a868c0817352f44fc7de4b00e9b2c3a9f344d3c0e51120c24feee56e69e2905,e777dd3e121338986db58c68cf40615becd4601d0f71e440e1c7a660cd9de5db,640,480,1673,False,346649b270d6b940690967a31b3983c4bd192fc90fe1116419e8798849873ed7,m0+m1+m2+m3+m4 [no_op_placed_but_not_occluding],,
235,f0235,context-rich,m4,mask\f0235_m4.png,True,True,,84c7d4716d24cc45d9dab9b938af6372264aeb26bc5652efe1a8a69e62a1e820,e777dd3e121338986db58c68cf40615becd4601d0f71e440e1c7a660cd9de5db,640,480,1673,False,346649b270d6b940690967a31b3983c4bd192fc90fe1116419e8798849873ed7,m0+m1+m2+m3+m4 [no_op_placed_but_not_occluding],,
236,f0236,context-rich,m0,mask\f0236_m0.png,True,True,,806017649ed68a2c35a97fb23fd56e24caf0926f8d495acc8d36cc779256a69d,5d7d48b5ca589ccf84f8d75119ff1fefe1725435c4e43380e89c3020d82a1b9e,640,480,4300,False,19c736f3eced08ae04e90e3a63b7f6bf32737b6fe67ea0af73a5758ba08800b3,m0+m1 [expected_no_op],,
236,f0236,context-rich,m1,mask\f0236_m1.png,True,True,,4b218cf5c816f75c75f5ad83396814a14b2ab4fbf23a43a8a7d0f1bd1c6dbd2d,5d7d48b5ca589ccf84f8d75119ff1fefe1725435c4e43380e89c3020d82a1b9e,640,480,4300,False,19c736f3eced08ae04e90e3a63b7f6bf32737b6fe67ea0af73a5758ba08800b3,m0+m1 [expected_no_op],,
236,f0236,context-rich,m2,mask\f0236_m2.png,True,True,,b6fedcc10fb004df20445e79a1388f907208a243615b02ab30213391e3197de2,91fb8671a4be0e3303b842ca0e6f7406314f7c651aaa8754b58b6c5581b69b43,640,480,3737,False,19c736f3eced08ae04e90e3a63b7f6bf32737b6fe67ea0af73a5758ba08800b3,,,
236,f0236,context-rich,m3,mask\f0236_m3.png,True,True,,00096bb1ccfc525f338bb55bed9c888ec2557787e6a9712abf5e0d0d653ab488,ae4f4bba02c9b0bb693872be310df27c6068f5f29a112a4a70017625584152b9,640,480,3705,False,19c736f3eced08ae04e90e3a63b7f6bf32737b6fe67ea0af73a5758ba08800b3,m3+m4 [expected_no_op],,
236,f0236,context-rich,m4,mask\f0236_m4.png,True,True,,7a3ed3c7d26ad541fe21a3cd928d501fd804cd51dae04ce10add82919d24853f,ae4f4bba02c9b0bb693872be310df27c6068f5f29a112a4a70017625584152b9,640,480,3705,False,19c736f3eced08ae04e90e3a63b7f6bf32737b6fe67ea0af73a5758ba08800b3,m3+m4 [expected_no_op],,
237,f0237,context-rich,m0,mask\f0237_m0.png,True,True,,6af7aec929665c7cdf7de35edd0caa509a7edf319b6932064145fea8490766a5,373d65dba7ee724e127a58dda531ec1477261d27e4fd45b9fe2cffa500d8bfe1,720,480,54526,False,3fe7e6c6592517e91edbeed495bc5078a054b8324be5220e1e9cfeebf7fc454b,m0+m1+m2+m3+m4 [no_op_placed_but_not_occluding],,
237,f0237,context-rich,m1,mask\f0237_m1.png,True,True,,cecc72b2323b44d703199626a280ea3bd27662c8cc0b39bfbf0375e97bc62023,373d65dba7ee724e127a58dda531ec1477261d27e4fd45b9fe2cffa500d8bfe1,720,480,54526,False,3fe7e6c6592517e91edbeed495bc5078a054b8324be5220e1e9cfeebf7fc454b,m0+m1+m2+m3+m4 [no_op_placed_but_not_occluding],,
237,f0237,context-rich,m2,mask\f0237_m2.png,True,True,,348b957d0c86f4d6757bf8e577a0fac511ebc3a7e0ff536407d91dbddc6a9fee,373d65dba7ee724e127a58dda531ec1477261d27e4fd45b9fe2cffa500d8bfe1,720,480,54526,False,3fe7e6c6592517e91edbeed495bc5078a054b8324be5220e1e9cfeebf7fc454b,m0+m1+m2+m3+m4 [no_op_placed_but_not_occluding],,
237,f0237,context-rich,m3,mask\f0237_m3.png,True,True,,24a2ef891cf6b0677ca402b63ec7f1d7840cc94b3a7915a094bae2bbdc4fa3d9,373d65dba7ee724e127a58dda531ec1477261d27e4fd45b9fe2cffa500d8bfe1,720,480,54526,False,3fe7e6c6592517e91edbeed495bc5078a054b8324be5220e1e9cfeebf7fc454b,m0+m1+m2+m3+m4 [no_op_placed_but_not_occluding],,
237,f0237,context-rich,m4,mask\f0237_m4.png,True,True,,1bcb1082a2d1e2d1e48b0ec70f6e86ce928d6807c9a8252d03439186aa02841c,373d65dba7ee724e127a58dda531ec1477261d27e4fd45b9fe2cffa500d8bfe1,720,480,54526,False,3fe7e6c6592517e91edbeed495bc5078a054b8324be5220e1e9cfeebf7fc454b,m0+m1+m2+m3+m4 [no_op_placed_but_not_occluding],,
238,f0238,context-rich,m0,mask\f0238_m0.png,True,True,,77dc2c20c143bc81791344ffe96342f58041d066102b7449c946975511a0bf3b,ee23e39090385f8ce5e7eac3a6d133cb06fbdc240a3facb3ec89d5853aebf474,960,540,124319,False,c0add8f63037e2464b991da11d0278061528fe4f821a3f2c2acb88ef92c8ae4e,m0+m1+m2+m3+m4 [no_op_placed_but_not_occluding],,
238,f0238,context-rich,m1,mask\f0238_m1.png,True,True,,9444bfa1d1fa0849ed27cbbd28e7be3cacabd1891d5c2f03683eb453e1f93601,ee23e39090385f8ce5e7eac3a6d133cb06fbdc240a3facb3ec89d5853aebf474,960,540,124319,False,c0add8f63037e2464b991da11d0278061528fe4f821a3f2c2acb88ef92c8ae4e,m0+m1+m2+m3+m4 [no_op_placed_but_not_occluding],,
238,f0238,context-rich,m2,mask\f0238_m2.png,True,True,,4c6087fa5deb26f57d4be963a0492e6725ac30f62f38018e0c86a1d425b7b2cb,ee23e39090385f8ce5e7eac3a6d133cb06fbdc240a3facb3ec89d5853aebf474,960,540,124319,False,c0add8f63037e2464b991da11d0278061528fe4f821a3f2c2acb88ef92c8ae4e,m0+m1+m2+m3+m4 [no_op_placed_but_not_occluding],,
238,f0238,context-rich,m3,mask\f0238_m3.png,True,True,,b93bc1a0a2825b1a382879e5d37133c235e97f003cc513ff7ae726a102af3c12,ee23e39090385f8ce5e7eac3a6d133cb06fbdc240a3facb3ec89d5853aebf474,960,540,124319,False,c0add8f63037e2464b991da11d0278061528fe4f821a3f2c2acb88ef92c8ae4e,m0+m1+m2+m3+m4 [no_op_placed_but_not_occluding],,
238,f0238,context-rich,m4,mask\f0238_m4.png,True,True,,d2761fcaaf405856e1f032c3206264532ca444eeceb6c48efe751726c3e299dd,ee23e39090385f8ce5e7eac3a6d133cb06fbdc240a3facb3ec89d5853aebf474,960,540,124319,False,c0add8f63037e2464b991da11d0278061528fe4f821a3f2c2acb88ef92c8ae4e,m0+m1+m2+m3+m4 [no_op_placed_but_not_occluding],,
239,f0239,controlled-occlusion,m0,mask\f0239_m0.png,True,True,,e4d7c4fcaff35d371e582233d9b0066f1cf49eb1d2f4f717ef56eb59e1eac0ac,60f9ff3b9984317ed5339ca70fd5d70f0058e91733b723440bed41da222a9d83,640,480,33982,False,7a7954318d955d4f5fc7b0fcd1f16519afaf9f679505789b85d67d9f37e2f54c,m0+m1 [expected_no_op],,
239,f0239,controlled-occlusion,m1,mask\f0239_m1.png,True,True,,a7fd0d5db7d770e997fbc02102990c8549fd0e8866e12933a183afaf30aa5f8c,60f9ff3b9984317ed5339ca70fd5d70f0058e91733b723440bed41da222a9d83,640,480,33982,False,7a7954318d955d4f5fc7b0fcd1f16519afaf9f679505789b85d67d9f37e2f54c,m0+m1 [expected_no_op],,
239,f0239,controlled-occlusion,m2,mask\f0239_m2.png,True,True,,0a6fbe5b4c69e1ce3d84962cf4965fc3e85b36263d6ac148d0ce52a701800729,7dc4f7c0d30e1dd95b2ce313d6301ac5961dd725c25952838ec6166265095fa5,640,480,29083,False,7a7954318d955d4f5fc7b0fcd1f16519afaf9f679505789b85d67d9f37e2f54c,m2+m3 [no_op_placed_but_not_occluding],,
239,f0239,controlled-occlusion,m3,mask\f0239_m3.png,True,True,,551d0d3b6eaa17d1cb922a0287be874a112f54fa70146a85b5a3cd28c15940a7,7dc4f7c0d30e1dd95b2ce313d6301ac5961dd725c25952838ec6166265095fa5,640,480,29083,False,7a7954318d955d4f5fc7b0fcd1f16519afaf9f679505789b85d67d9f37e2f54c,m2+m3 [no_op_placed_but_not_occluding],,
239,f0239,controlled-occlusion,m4,mask\f0239_m4.png,True,True,,3a699ed9ad328356f1876acc54a932dc9a7191c2ce27627efe9e84985450451f,342ceeb6d04c5fccc5f63aba78e4cc11d7ca2a42996fd0cca57ef568cc7013fb,640,480,16383,False,7a7954318d955d4f5fc7b0fcd1f16519afaf9f679505789b85d67d9f37e2f54c,,,
240,f0240,context-rich,m0,mask\f0240_m0.png,True,True,,314a76eca2127c279fe3164680d48e3165b210986c6624a0834c12fc91e80130,ccae89942cf510236c0e215c4dd4f304029c1b2d236b837c3580923ed80d5704,640,480,104206,False,91bc3ddabd11c496137f62a6afd565ddec5fa28d84a25bfea71986a5217a7d8e,m0+m1 [expected_no_op],,
240,f0240,context-rich,m1,mask\f0240_m1.png,True,True,,00079e094acfe01b7adaca0fa7fb6497b7a2b883d239da64e5e5b6d0670d38aa,ccae89942cf510236c0e215c4dd4f304029c1b2d236b837c3580923ed80d5704,640,480,104206,False,91bc3ddabd11c496137f62a6afd565ddec5fa28d84a25bfea71986a5217a7d8e,m0+m1 [expected_no_op],,
240,f0240,context-rich,m2,mask\f0240_m2.png,True,True,,cc7b495bee89e70cc00aa0324de08cd9f814a2577ef98a0c947e0a1f903fda11,90d31998560395519916ce6cb321a1b9136ea5c4964287b2b7bea7c60b2585f2,640,480,87248,False,91bc3ddabd11c496137f62a6afd565ddec5fa28d84a25bfea71986a5217a7d8e,m2+m3+m4 [no_op_placed_but_not_occluding],,
240,f0240,context-rich,m3,mask\f0240_m3.png,True,True,,f287924dd579a13735af82a4d2226d5f24630b454c8c4c2b3f1a554e43d0e9ac,90d31998560395519916ce6cb321a1b9136ea5c4964287b2b7bea7c60b2585f2,640,480,87248,False,91bc3ddabd11c496137f62a6afd565ddec5fa28d84a25bfea71986a5217a7d8e,m2+m3+m4 [no_op_placed_but_not_occluding],,
240,f0240,context-rich,m4,mask\f0240_m4.png,True,True,,f0beb8a5a4b7de2f5bdfbe61a196f1d386e80661bc3d4003ce93c7223f0fb0a5,90d31998560395519916ce6cb321a1b9136ea5c4964287b2b7bea7c60b2585f2,640,480,87248,False,91bc3ddabd11c496137f62a6afd565ddec5fa28d84a25bfea71986a5217a7d8e,m2+m3+m4 [no_op_placed_but_not_occluding],,
241,f0241,controlled-occlusion,m0,mask\f0241_m0.png,True,True,,e0ed16013f305ad5bfc0d89b8e58539ffc9ab0c6f72e97e7681f637ee733bea5,6a0e22d26fb9b61c2e269c0cbca086b1e63b87639332521ada7a32b21d3c10ad,960,540,11819,False,78b43d7f9fbb267f40ba08792bc913a1352ef840de0a77522c3571b5bc768ef1,m0+m1+m2+m3 [no_op_placed_but_not_occluding],,
241,f0241,controlled-occlusion,m1,mask\f0241_m1.png,True,True,,0eb27cd2bba3ca5e0deab4b3cc5030efd712385c5d0d67d5cd2e0cfbbe2fe905,6a0e22d26fb9b61c2e269c0cbca086b1e63b87639332521ada7a32b21d3c10ad,960,540,11819,False,78b43d7f9fbb267f40ba08792bc913a1352ef840de0a77522c3571b5bc768ef1,m0+m1+m2+m3 [no_op_placed_but_not_occluding],,
241,f0241,controlled-occlusion,m2,mask\f0241_m2.png,True,True,,0eb27cd2bba3ca5e0deab4b3cc5030efd712385c5d0d67d5cd2e0cfbbe2fe905,6a0e22d26fb9b61c2e269c0cbca086b1e63b87639332521ada7a32b21d3c10ad,960,540,11819,False,78b43d7f9fbb267f40ba08792bc913a1352ef840de0a77522c3571b5bc768ef1,m0+m1+m2+m3 [no_op_placed_but_not_occluding],,
241,f0241,controlled-occlusion,m3,mask\f0241_m3.png,True,True,,d61c7b4938975cd7d1f2e9e19be2cc2391d03f6a7346a4ac7fa3248feb421916,6a0e22d26fb9b61c2e269c0cbca086b1e63b87639332521ada7a32b21d3c10ad,960,540,11819,False,78b43d7f9fbb267f40ba08792bc913a1352ef840de0a77522c3571b5bc768ef1,m0+m1+m2+m3 [no_op_placed_but_not_occluding],,
241,f0241,controlled-occlusion,m4,mask\f0241_m4.png,True,True,,3f1df016ede6832a0aa86d018c73e16a503b19e84e7d56a6a7586559d6437ba7,dd992e5e5f10814cc3051d747752334663d9a82863fcd4959e356d7f222b400d,960,540,10036,False,78b43d7f9fbb267f40ba08792bc913a1352ef840de0a77522c3571b5bc768ef1,,,
242,f0242,controlled-occlusion,m0,mask\f0242_m0.png,True,True,,3c680bf2e20b03a49531534729ed85648a1bd48647959862358c481cdd21e84b,beaa94d8f5f8629be1d8c35e78255dd022f9985842fa8f6c26969c93ff3cccf6,720,480,57667,False,14eba287ce5355a8dc82e3a190e9be77e518068471952570db7b21839346749c,m0+m1+m2+m3 [no_op_placed_but_not_occluding],,
242,f0242,controlled-occlusion,m1,mask\f0242_m1.png,True,True,,7f71bedfa501d3a176972bdb7563b63500b8999465b929d735ba4718092837a1,beaa94d8f5f8629be1d8c35e78255dd022f9985842fa8f6c26969c93ff3cccf6,720,480,57667,False,14eba287ce5355a8dc82e3a190e9be77e518068471952570db7b21839346749c,m0+m1+m2+m3 [no_op_placed_but_not_occluding],,
242,f0242,controlled-occlusion,m2,mask\f0242_m2.png,True,True,,21fe36da6da1e1bd24c9f45bd91dbc848c60fb7f574211eec6cf450e3ab9c8e6,beaa94d8f5f8629be1d8c35e78255dd022f9985842fa8f6c26969c93ff3cccf6,720,480,57667,False,14eba287ce5355a8dc82e3a190e9be77e518068471952570db7b21839346749c,m0+m1+m2+m3 [no_op_placed_but_not_occluding],,
242,f0242,controlled-occlusion,m3,mask\f0242_m3.png,True,True,,a7703fb11dd54e8064e69cc6f8928b1c9af01a6e07e32fcf5ed8743bdb39160a,beaa94d8f5f8629be1d8c35e78255dd022f9985842fa8f6c26969c93ff3cccf6,720,480,57667,False,14eba287ce5355a8dc82e3a190e9be77e518068471952570db7b21839346749c,m0+m1+m2+m3 [no_op_placed_but_not_occluding],,
242,f0242,controlled-occlusion,m4,mask\f0242_m4.png,True,True,,b7923e5832607d7da0faafbaa391a14bf39845f797dc6502a15821a9a9d4d77a,f3a08a61f129395da386a16fcd5a2c8ea74ed801c29867a696e504ff5d38e598,720,480,43142,False,14eba287ce5355a8dc82e3a190e9be77e518068471952570db7b21839346749c,,,
243,f0243,context-rich,m0,mask\f0243_m0.png,True,True,,7fd475c95cb8b8d2e58c8ed16c930b6663dce6a7ee12d105ace188094d52c2c9,5bdeb8a5f7c81b5d9da6dbe74ac37bf5e3374bbca065df78608e836598aa7b0c,640,480,68574,False,d8f4515f541f6ae786668dc8d42f0ef43b7ff362a2af5453670e8f77df5b619d,m0+m1 [expected_no_op],,
243,f0243,context-rich,m1,mask\f0243_m1.png,True,True,,009cc5766b2691665620a23d7ba45261ac717b7b2a1144ebd9d0cfedbb3a742d,5bdeb8a5f7c81b5d9da6dbe74ac37bf5e3374bbca065df78608e836598aa7b0c,640,480,68574,False,d8f4515f541f6ae786668dc8d42f0ef43b7ff362a2af5453670e8f77df5b619d,m0+m1 [expected_no_op],,
243,f0243,context-rich,m2,mask\f0243_m2.png,True,True,,5e6fab63e60eb10b9a90d43ac0858ebfc1621a0464b0dd2039b080c11c83e1f1,f4eafa16103345fd907849a28d5cecb4a4cf5482818ef01588066d7f43e734d8,640,480,51598,False,d8f4515f541f6ae786668dc8d42f0ef43b7ff362a2af5453670e8f77df5b619d,m2+m3+m4 [no_op_placed_but_not_occluding],,
243,f0243,context-rich,m3,mask\f0243_m3.png,True,True,,ab2f8428c8166dda995e6de3951c8d78d0ecc12de262a123c2e362d3610e7204,f4eafa16103345fd907849a28d5cecb4a4cf5482818ef01588066d7f43e734d8,640,480,51598,False,d8f4515f541f6ae786668dc8d42f0ef43b7ff362a2af5453670e8f77df5b619d,m2+m3+m4 [no_op_placed_but_not_occluding],,
243,f0243,context-rich,m4,mask\f0243_m4.png,True,True,,d958d81d20a05b470dba5cdfcb8fc581cef879bb9e27f054de6306c5b7bd9214,f4eafa16103345fd907849a28d5cecb4a4cf5482818ef01588066d7f43e734d8,640,480,51598,False,d8f4515f541f6ae786668dc8d42f0ef43b7ff362a2af5453670e8f77df5b619d,m2+m3+m4 [no_op_placed_but_not_occluding],,
244,f0244,context-rich,m0,mask\f0244_m0.png,True,True,,d3dce154286b5491cfffbdb1bf3ce510d03c9e3ff8f9873e0d9a423b131a6386,5a8f1d1ad71b615f7eceaf1857735257a49ebc5924b4e9906cf4e3bd35ca4e2d,960,540,1731,False,887de8bd64c16abab33d20de9cbace4a9a7517afa51c7e4cdf58620e60d6c062,m0+m1 [expected_no_op],,
244,f0244,context-rich,m1,mask\f0244_m1.png,True,True,,3969f4a62d21aa472e8739432b02639b542b11971cb9e1f4fe98c6fb8a9aa979,5a8f1d1ad71b615f7eceaf1857735257a49ebc5924b4e9906cf4e3bd35ca4e2d,960,540,1731,False,887de8bd64c16abab33d20de9cbace4a9a7517afa51c7e4cdf58620e60d6c062,m0+m1 [expected_no_op],,
244,f0244,context-rich,m2,mask\f0244_m2.png,True,True,,cfebeb82fa7597acaad0c4e4f15abb3eca068d12418ca03170dc8e496fed6525,6e35d0ba59d2800b09dc65468936e348d449fb258fbd42ed4a8dcbdbd12436aa,960,540,1572,False,887de8bd64c16abab33d20de9cbace4a9a7517afa51c7e4cdf58620e60d6c062,m2+m3+m4 [no_op_placed_but_not_occluding],,
244,f0244,context-rich,m3,mask\f0244_m3.png,True,True,,58db95353568aeeedbab84780d809159a21c582485a00940112e67d5ad90ff0f,6e35d0ba59d2800b09dc65468936e348d449fb258fbd42ed4a8dcbdbd12436aa,960,540,1572,False,887de8bd64c16abab33d20de9cbace4a9a7517afa51c7e4cdf58620e60d6c062,m2+m3+m4 [no_op_placed_but_not_occluding],,
244,f0244,context-rich,m4,mask\f0244_m4.png,True,True,,58db95353568aeeedbab84780d809159a21c582485a00940112e67d5ad90ff0f,6e35d0ba59d2800b09dc65468936e348d449fb258fbd42ed4a8dcbdbd12436aa,960,540,1572,False,887de8bd64c16abab33d20de9cbace4a9a7517afa51c7e4cdf58620e60d6c062,m2+m3+m4 [no_op_placed_but_not_occluding],,
245,f0245,context-rich,m0,mask\f0245_m0.png,True,True,,144521ca6dfa591a01dfa447fc7cb6708174e103f2a8bdaec30325762321c27b,8ec5fde55876acd235290c328eea1d3e23fd9e3838136f36665537cc21b47309,560,560,92108,False,0564ff044bdaca4ef4d9f28ae6d45974054e68fe8f1b6e1f206672e30b0af468,m0+m1+m2+m3+m4 [no_op_placed_but_not_occluding],,
245,f0245,context-rich,m1,mask\f0245_m1.png,True,True,,28b2a1c1b9e422711aeffca121b70bbde2ba056b3a46214823daa88246bef95f,8ec5fde55876acd235290c328eea1d3e23fd9e3838136f36665537cc21b47309,560,560,92108,False,0564ff044bdaca4ef4d9f28ae6d45974054e68fe8f1b6e1f206672e30b0af468,m0+m1+m2+m3+m4 [no_op_placed_but_not_occluding],,
245,f0245,context-rich,m2,mask\f0245_m2.png,True,True,,bab571b1fd4abe8a9f7bfdb258b551cb18fea192930891ca03b0f036b60d128d,8ec5fde55876acd235290c328eea1d3e23fd9e3838136f36665537cc21b47309,560,560,92108,False,0564ff044bdaca4ef4d9f28ae6d45974054e68fe8f1b6e1f206672e30b0af468,m0+m1+m2+m3+m4 [no_op_placed_but_not_occluding],,
245,f0245,context-rich,m3,mask\f0245_m3.png,True,True,,f6bb9a2dbb3be06f13a58bb8c99de537f8039d47b473edbcc3e62992dccd40cc,8ec5fde55876acd235290c328eea1d3e23fd9e3838136f36665537cc21b47309,560,560,92108,False,0564ff044bdaca4ef4d9f28ae6d45974054e68fe8f1b6e1f206672e30b0af468,m0+m1+m2+m3+m4 [no_op_placed_but_not_occluding],,
245,f0245,context-rich,m4,mask\f0245_m4.png,True,True,,83af6895fbae1cd5757513eba313b214e247ad4a2056377d938c7ea0607c7de4,8ec5fde55876acd235290c328eea1d3e23fd9e3838136f36665537cc21b47309,560,560,92108,False,0564ff044bdaca4ef4d9f28ae6d45974054e68fe8f1b6e1f206672e30b0af468,m0+m1+m2+m3+m4 [no_op_placed_but_not_occluding],,
246,f0246,context-rich,m0,mask\f0246_m0.png,True,True,,7398ab42b2db792c8d21aee5181c4806d862e72d7c462b6e3a33b9df8928dfa0,f0b34deaf3579b611516025cc2f17b42ee14ad1b76d1e8292831049ef0b8a6f9,640,480,75,False,410751cb2aa06d6fb9febbe3502ff91671135e9adf146c6e970086bbbb0f8039,m0+m1 [expected_no_op],,
246,f0246,context-rich,m1,mask\f0246_m1.png,True,True,,f0553b1ab881517dd56f3b6714604a78d38dc3106c6609e8863631f03b6f55a9,f0b34deaf3579b611516025cc2f17b42ee14ad1b76d1e8292831049ef0b8a6f9,640,480,75,False,410751cb2aa06d6fb9febbe3502ff91671135e9adf146c6e970086bbbb0f8039,m0+m1 [expected_no_op],,
246,f0246,context-rich,m2,mask\f0246_m2.png,True,True,,dada4c27dbbf39279a24fbe93dc294da88b666111d92e1dbfa89f30387a2ecf1,2315d18fc67ae1215427c7b7dfb715a2e1166cf7e08e3c267b5b976940e596cd,640,480,69,False,410751cb2aa06d6fb9febbe3502ff91671135e9adf146c6e970086bbbb0f8039,m2+m3+m4 [expected_no_op],,
246,f0246,context-rich,m3,mask\f0246_m3.png,True,True,,fe232c2b9122012591890ecb2bb5559bda22de622f5e7acc26eef40692adf673,2315d18fc67ae1215427c7b7dfb715a2e1166cf7e08e3c267b5b976940e596cd,640,480,69,False,410751cb2aa06d6fb9febbe3502ff91671135e9adf146c6e970086bbbb0f8039,m2+m3+m4 [expected_no_op],,
246,f0246,context-rich,m4,mask\f0246_m4.png,True,True,,f9397a92639881a24a2a87d7487ce708deab7646622db5c01b64cf3afa9e84de,2315d18fc67ae1215427c7b7dfb715a2e1166cf7e08e3c267b5b976940e596cd,640,480,69,False,410751cb2aa06d6fb9febbe3502ff91671135e9adf146c6e970086bbbb0f8039,m2+m3+m4 [expected_no_op],,
247,f0247,context-rich,m0,mask\f0247_m0.png,True,True,,fa3f85f758f42bd74e4d7e80ac70204339ac555a1cecf6e0a47e22a41ba2c1a0,4b63024d0ea674169b161101ccd3d007423be66854e89fb435d2c87d7d6f03db,640,480,47281,False,1a42b149014b69032f4983196212e0c3f876d659e3f7543a1940ec74e95d9bac,m0+m1+m2 [expected_no_op],,
247,f0247,context-rich,m1,mask\f0247_m1.png,True,True,,21cc1716509a2bcc63226836604657d3b0074826cd4e519e5ae5742de434d6e3,4b63024d0ea674169b161101ccd3d007423be66854e89fb435d2c87d7d6f03db,640,480,47281,False,1a42b149014b69032f4983196212e0c3f876d659e3f7543a1940ec74e95d9bac,m0+m1+m2 [expected_no_op],,
247,f0247,context-rich,m2,mask\f0247_m2.png,True,True,,45d011b50bf8333a482e2ea0c1eda35e52eae282420475ba692ff56e47b54129,4b63024d0ea674169b161101ccd3d007423be66854e89fb435d2c87d7d6f03db,640,480,47281,False,1a42b149014b69032f4983196212e0c3f876d659e3f7543a1940ec74e95d9bac,m0+m1+m2 [expected_no_op],,
247,f0247,context-rich,m3,mask\f0247_m3.png,True,True,,2703e6aacf8690f9bb0ac4c11fa3958c6e4241522bfbeb0686a22b3bc3d87e51,bdf643f33bb0ad13304145e0eb2215a61f0851f6dec0d2086faab0de57c39185,640,480,47252,False,1a42b149014b69032f4983196212e0c3f876d659e3f7543a1940ec74e95d9bac,m3+m4 [expected_no_op],,
247,f0247,context-rich,m4,mask\f0247_m4.png,True,True,,07eea15ef2795a8f740b761aae5e098e2f359716bb246304027008b5687e74ce,bdf643f33bb0ad13304145e0eb2215a61f0851f6dec0d2086faab0de57c39185,640,480,47252,False,1a42b149014b69032f4983196212e0c3f876d659e3f7543a1940ec74e95d9bac,m3+m4 [expected_no_op],,
248,f0248,controlled-occlusion,m0,mask\f0248_m0.png,False,False,missing,,,,,,,,,,
248,f0248,controlled-occlusion,m1,mask\f0248_m1.png,False,False,missing,,,,,,,,,,
248,f0248,controlled-occlusion,m2,mask\f0248_m2.png,False,False,missing,,,,,,,,,,
248,f0248,controlled-occlusion,m3,mask\f0248_m3.png,False,False,missing,,,,,,,,,,
248,f0248,controlled-occlusion,m4,mask\f0248_m4.png,False,False,missing,,,,,,,,,,
249,f0249,controlled-occlusion,m0,mask\f0249_m0.png,True,True,,5791ed9790f9c08e64db019103fef633645c81d1352d65c299cf8c3f4b70e938,38072f4b8ba597054c802b0e4976aae701edd620e67a2daa3761fe8116e66219,960,540,112387,False,4bb2086c37feaf6f45aca80c766bf171052c6f9d5f93441151bb6f283d36fa12,m0+m1+m2+m3 [no_op_placed_but_not_occluding],,
249,f0249,controlled-occlusion,m1,mask\f0249_m1.png,True,True,,a39e77f144ee65a811f801faecb81e73993978f5dd9574a36f7303b7d69da111,38072f4b8ba597054c802b0e4976aae701edd620e67a2daa3761fe8116e66219,960,540,112387,False,4bb2086c37feaf6f45aca80c766bf171052c6f9d5f93441151bb6f283d36fa12,m0+m1+m2+m3 [no_op_placed_but_not_occluding],,
249,f0249,controlled-occlusion,m2,mask\f0249_m2.png,True,True,,7a78224a9d7072dcc2680c92e695cfc50e63eabd10822f069c9420df9c96c51d,38072f4b8ba597054c802b0e4976aae701edd620e67a2daa3761fe8116e66219,960,540,112387,False,4bb2086c37feaf6f45aca80c766bf171052c6f9d5f93441151bb6f283d36fa12,m0+m1+m2+m3 [no_op_placed_but_not_occluding],,
249,f0249,controlled-occlusion,m3,mask\f0249_m3.png,True,True,,5390c14062096095263a859a41d918ed73c403b50507d4a77bb590031ccc060a,38072f4b8ba597054c802b0e4976aae701edd620e67a2daa3761fe8116e66219,960,540,112387,False,4bb2086c37feaf6f45aca80c766bf171052c6f9d5f93441151bb6f283d36fa12,m0+m1+m2+m3 [no_op_placed_but_not_occluding],,
249,f0249,controlled-occlusion,m4,mask\f0249_m4.png,True,True,,356179db11db83feab7170b949aa480ed2a4e4a0c6f632808923711d68cdfa1d,adf2e48aa35dc29cb687a18c710177500c73cf6c6cbec36b0911e618e7c30244,960,540,99313,False,4bb2086c37feaf6f45aca80c766bf171052c6f9d5f93441151bb6f283d36fa12,,,
250,f0250,context-rich,m0,mask\f0250_m0.png,True,True,,b15a33bbf814355e42aced762286f4096131bfc87362e694e60b469e534d5b1b,18a42b50773d85850ac71b5d517509ce4f127a86fea1d314abe9781bc3ceb8a9,640,480,1214,False,b6f7a5eab99c47bd2f9f006970b1095b8997b2847787058c4c762d5e93d022ac,m0+m1+m2+m3+m4 [no_op_placed_but_not_occluding],,
250,f0250,context-rich,m1,mask\f0250_m1.png,True,True,,f2cee435d81bb5de96c2411afd5b512603e9e1a2a56d7e8dbac862a3e2110f25,18a42b50773d85850ac71b5d517509ce4f127a86fea1d314abe9781bc3ceb8a9,640,480,1214,False,b6f7a5eab99c47bd2f9f006970b1095b8997b2847787058c4c762d5e93d022ac,m0+m1+m2+m3+m4 [no_op_placed_but_not_occluding],,
250,f0250,context-rich,m2,mask\f0250_m2.png,True,True,,4ff24fcc5c520c3bcd1bc141ecb25e85dd8c04a8a8c84913b09f12c5e3cf8630,18a42b50773d85850ac71b5d517509ce4f127a86fea1d314abe9781bc3ceb8a9,640,480,1214,False,b6f7a5eab99c47bd2f9f006970b1095b8997b2847787058c4c762d5e93d022ac,m0+m1+m2+m3+m4 [no_op_placed_but_not_occluding],,
250,f0250,context-rich,m3,mask\f0250_m3.png,True,True,,a154eca044c392a42f33426deac56dccb3c40629f42194f7ba4633053b8bd68e,18a42b50773d85850ac71b5d517509ce4f127a86fea1d314abe9781bc3ceb8a9,640,480,1214,False,b6f7a5eab99c47bd2f9f006970b1095b8997b2847787058c4c762d5e93d022ac,m0+m1+m2+m3+m4 [no_op_placed_but_not_occluding],,
250,f0250,context-rich,m4,mask\f0250_m4.png,True,True,,ac46f2b9033311cf1c40a44e1923f3aac8af45497fe23870fd562553ce9a24f6,18a42b50773d85850ac71b5d517509ce4f127a86fea1d314abe9781bc3ceb8a9,640,480,1214,False,b6f7a5eab99c47bd2f9f006970b1095b8997b2847787058c4c762d5e93d022ac,m0+m1+m2+m3+m4 [no_op_placed_but_not_occluding],,
251,f0251,context-rich,m0,mask\f0251_m0.png,True,True,,536c488377f89fcd9a440e1ced7c7632ad740381837cb70d3b2214fb3d114da7,fa7ef61105930b0a51ebaf05327e1b1a34dc8235d7d86cd53f70289c5c0e1a18,560,560,122614,False,7a22f1d56d9b3c0e52bf1cab58047894f9c8af59229bbdb2b510d38191b6ea7a,m0+m1 [expected_no_op],,
251,f0251,context-rich,m1,mask\f0251_m1.png,True,True,,9e2c0b13e6febff3c1c28efbdb3f525eee0a0076f3c0703f3b3c22bd4128b96e,fa7ef61105930b0a51ebaf05327e1b1a34dc8235d7d86cd53f70289c5c0e1a18,560,560,122614,False,7a22f1d56d9b3c0e52bf1cab58047894f9c8af59229bbdb2b510d38191b6ea7a,m0+m1 [expected_no_op],,
251,f0251,context-rich,m2,mask\f0251_m2.png,True,True,,b77d8d953df67d02dbde5f9dba6e7c8eff184724deb6eeac6de4557a343b3726,28e31cf6d68af1045657799a0448bfd48f23ddb2e82782fa33a843de9abc8306,560,560,98384,False,7a22f1d56d9b3c0e52bf1cab58047894f9c8af59229bbdb2b510d38191b6ea7a,m2+m3+m4 [no_op_placed_but_not_occluding],,
251,f0251,context-rich,m3,mask\f0251_m3.png,True,True,,dc4784f7a2c2c22229a86c621ef4c0e80f29fd69a99b512f534ed90fbd81a1bb,28e31cf6d68af1045657799a0448bfd48f23ddb2e82782fa33a843de9abc8306,560,560,98384,False,7a22f1d56d9b3c0e52bf1cab58047894f9c8af59229bbdb2b510d38191b6ea7a,m2+m3+m4 [no_op_placed_but_not_occluding],,
251,f0251,context-rich,m4,mask\f0251_m4.png,True,True,,f59888a4ac9f9680ee519a17f21dbc049de52c89cb75c080a83d21a01a945809,28e31cf6d68af1045657799a0448bfd48f23ddb2e82782fa33a843de9abc8306,560,560,98384,False,7a22f1d56d9b3c0e52bf1cab58047894f9c8af59229bbdb2b510d38191b6ea7a,m2+m3+m4 [no_op_placed_but_not_occluding],,
252,f0252,controlled-occlusion,m0,mask\f0252_m0.png,False,False,missing,,,,,,,,,,
252,f0252,controlled-occlusion,m1,mask\f0252_m1.png,False,False,missing,,,,,,,,,,
252,f0252,controlled-occlusion,m2,mask\f0252_m2.png,False,False,missing,,,,,,,,,,
252,f0252,controlled-occlusion,m3,mask\f0252_m3.png,False,False,missing,,,,,,,,,,
252,f0252,controlled-occlusion,m4,mask\f0252_m4.png,False,False,missing,,,,,,,,,,
253,f0253,context-rich,m0,mask\f0253_m0.png,True,True,,d4049290e0613235896c0d76c9a4c92e73da612e81594cdecdfd70008e39dd97,789c2f71978f6cbf0803bdbe461e283d3642fb7ac4e44eacf8a2beddf9013aca,640,480,15573,False,e0d049ddd8d7bd9487a0dd1bd80a60907764417333d72de634fbd94baae4836f,m0+m1+m2+m3+m4 [no_op_placed_but_not_occluding],,
253,f0253,context-rich,m1,mask\f0253_m1.png,True,True,,ef2a411912de9e632a95a3d9ab9bb703e0edae701ed3fbb676b6c8fed2ae0ddb,789c2f71978f6cbf0803bdbe461e283d3642fb7ac4e44eacf8a2beddf9013aca,640,480,15573,False,e0d049ddd8d7bd9487a0dd1bd80a60907764417333d72de634fbd94baae4836f,m0+m1+m2+m3+m4 [no_op_placed_but_not_occluding],,
253,f0253,context-rich,m2,mask\f0253_m2.png,True,True,,ee485d0c516c948b26e4eeb197377fc00bc97c9ba6435d95d4a07778ad7ff2a1,789c2f71978f6cbf0803bdbe461e283d3642fb7ac4e44eacf8a2beddf9013aca,640,480,15573,False,e0d049ddd8d7bd9487a0dd1bd80a60907764417333d72de634fbd94baae4836f,m0+m1+m2+m3+m4 [no_op_placed_but_not_occluding],,
253,f0253,context-rich,m3,mask\f0253_m3.png,True,True,,64a31705e47d7b8fef3747517519e4a44f5fe2399e5c02afaa4669ef8df4640c,789c2f71978f6cbf0803bdbe461e283d3642fb7ac4e44eacf8a2beddf9013aca,640,480,15573,False,e0d049ddd8d7bd9487a0dd1bd80a60907764417333d72de634fbd94baae4836f,m0+m1+m2+m3+m4 [no_op_placed_but_not_occluding],,
253,f0253,context-rich,m4,mask\f0253_m4.png,True,True,,3392d3f81c10e8da68dac694fc57850a344db77156fc1165b49ba4d92495b75f,789c2f71978f6cbf0803bdbe461e283d3642fb7ac4e44eacf8a2beddf9013aca,640,480,15573,False,e0d049ddd8d7bd9487a0dd1bd80a60907764417333d72de634fbd94baae4836f,m0+m1+m2+m3+m4 [no_op_placed_but_not_occluding],,
254,f0254,controlled-occlusion,m0,mask\f0254_m0.png,False,False,missing,,,,,,,,,,
254,f0254,controlled-occlusion,m1,mask\f0254_m1.png,False,False,missing,,,,,,,,,,
254,f0254,controlled-occlusion,m2,mask\f0254_m2.png,False,False,missing,,,,,,,,,,
254,f0254,controlled-occlusion,m3,mask\f0254_m3.png,False,False,missing,,,,,,,,,,
254,f0254,controlled-occlusion,m4,mask\f0254_m4.png,False,False,missing,,,,,,,,,,
255,f0255,context-rich,m0,mask\f0255_m0.png,True,True,,034a08474f864c5cd86b5fbec06c911de6db91996b33e18bba7323d71e2d110b,141e429723e34910b308179c264d35a02072b6f33e5ee87084f129d5e72c5aa8,640,480,24547,False,9ca7a1b3356506a396e8f0761f47ca6fadee3a87a1edad75a95b548c8f6dbbbe,m0+m1 [expected_no_op],,
255,f0255,context-rich,m1,mask\f0255_m1.png,True,True,,fab56540383c9e6bfe2ec8c1ab2383d3c52ff54d6670a612938cefb6b59f5a76,141e429723e34910b308179c264d35a02072b6f33e5ee87084f129d5e72c5aa8,640,480,24547,False,9ca7a1b3356506a396e8f0761f47ca6fadee3a87a1edad75a95b548c8f6dbbbe,m0+m1 [expected_no_op],,
255,f0255,context-rich,m2,mask\f0255_m2.png,True,True,,743076e3910db5e948cf2070a727fbcc36dc68ee8e7a6b30eb6fb6b2bab9345c,92566b3828eb9387965a8a08da6a5ee75029e4e626eace814d612434d3b67831,640,480,23281,False,9ca7a1b3356506a396e8f0761f47ca6fadee3a87a1edad75a95b548c8f6dbbbe,,,
255,f0255,context-rich,m3,mask\f0255_m3.png,True,True,,3a4b19777bf81c283db83f199b452b1710df2338e0e2761eccc320551a0688bc,b06eb283610082cf301c5d0ee1d1c97e613af91bb0e8853428776802e32aa2f5,640,480,20560,False,9ca7a1b3356506a396e8f0761f47ca6fadee3a87a1edad75a95b548c8f6dbbbe,m3+m4 [expected_no_op],,
255,f0255,context-rich,m4,mask\f0255_m4.png,True,True,,50a2fcef4836f3dccb230c63eb331877d68df6853f25f493ec128772aeb080cb,b06eb283610082cf301c5d0ee1d1c97e613af91bb0e8853428776802e32aa2f5,640,480,20560,False,9ca7a1b3356506a396e8f0761f47ca6fadee3a87a1edad75a95b548c8f6dbbbe,m3+m4 [expected_no_op],,
256,f0256,context-rich,m0,mask\f0256_m0.png,True,True,,0193f959a3117fecc65b4ea18679f55497ba3d6f58d363b9173dfb51b66cf0e3,e58262f2feec22157d985f0145db6b5a15f913972761a6e4d7ac35b3027fd295,640,480,1084,False,f0d51969263d774bf157ada076f0235e06df13c32b2059321404adade69367bb,m0+m1 [expected_no_op],,
256,f0256,context-rich,m1,mask\f0256_m1.png,True,True,,6b4a1e1128c5523cd595ae73a98c5a46b1432633baf1d454799261d40076590b,e58262f2feec22157d985f0145db6b5a15f913972761a6e4d7ac35b3027fd295,640,480,1084,False,f0d51969263d774bf157ada076f0235e06df13c32b2059321404adade69367bb,m0+m1 [expected_no_op],,
256,f0256,context-rich,m2,mask\f0256_m2.png,True,True,,1717fd2df15503836e2a132fb8b02b9b31cb7206c4d97188a624d15e26c41b3d,5698d2321e2d9bb244fdeba6e04239595f9661e8583d488a21c1e492e27e9956,640,480,856,False,f0d51969263d774bf157ada076f0235e06df13c32b2059321404adade69367bb,m2+m3+m4 [no_op_placed_but_not_occluding],,
256,f0256,context-rich,m3,mask\f0256_m3.png,True,True,,3cbe8f4fc1caa5935e9f9933066530962d3bba61d99f4e49dc3e2f8a47dda843,5698d2321e2d9bb244fdeba6e04239595f9661e8583d488a21c1e492e27e9956,640,480,856,False,f0d51969263d774bf157ada076f0235e06df13c32b2059321404adade69367bb,m2+m3+m4 [no_op_placed_but_not_occluding],,
256,f0256,context-rich,m4,mask\f0256_m4.png,True,True,,66f577baf36ce2b580ab95ecd57886560aba47fae39ccf7371221953033a0ef1,5698d2321e2d9bb244fdeba6e04239595f9661e8583d488a21c1e492e27e9956,640,480,856,False,f0d51969263d774bf157ada076f0235e06df13c32b2059321404adade69367bb,m2+m3+m4 [no_op_placed_but_not_occluding],,
257,f0257,context-rich,m0,mask\f0257_m0.png,True,True,,4379c43786dca37e418fe4cd52c3a3e62b0a47f7a7998b8ca01047a2e16c42ef,f553e5afb0395b1aebf2e103cc8bc735989e0bbd9631f89bf6ab421cd19494f1,720,480,62969,False,535c17a31267ce124649407de3799db660ad281a10b8ea7509160ae412e8e26a,m0+m1+m2 [expected_no_op],,
257,f0257,context-rich,m1,mask\f0257_m1.png,True,True,,09cbd9b2db4733f1f0cc266f78b70bbe5ce162e128993989d74e8f14ece9c9e2,f553e5afb0395b1aebf2e103cc8bc735989e0bbd9631f89bf6ab421cd19494f1,720,480,62969,False,535c17a31267ce124649407de3799db660ad281a10b8ea7509160ae412e8e26a,m0+m1+m2 [expected_no_op],,
257,f0257,context-rich,m2,mask\f0257_m2.png,True,True,,163068ea2f4f174c170230830df18d1053ea866586e3aca35cca53e239596c7a,f553e5afb0395b1aebf2e103cc8bc735989e0bbd9631f89bf6ab421cd19494f1,720,480,62969,False,535c17a31267ce124649407de3799db660ad281a10b8ea7509160ae412e8e26a,m0+m1+m2 [expected_no_op],,
257,f0257,context-rich,m3,mask\f0257_m3.png,True,True,,bdaa18ab3a5e605e3b5924a4c8b1b480d1040cba0fb3407ef763e4929c9631c3,1c7c7db573df126ac61df5de6c7d096376f5b196673facfc16e040bcc84e4c91,720,480,62954,False,535c17a31267ce124649407de3799db660ad281a10b8ea7509160ae412e8e26a,m3+m4 [expected_no_op],,
257,f0257,context-rich,m4,mask\f0257_m4.png,True,True,,03e52c39c345988be1d23b87c85ee2f343ce82aca190505907ee64acb7cd9323,1c7c7db573df126ac61df5de6c7d096376f5b196673facfc16e040bcc84e4c91,720,480,62954,False,535c17a31267ce124649407de3799db660ad281a10b8ea7509160ae412e8e26a,m3+m4 [expected_no_op],,
258,f0258,controlled-occlusion,m0,mask\f0258_m0.png,True,True,,aa44acf521259d4a11d9cce99dea7c8c60d602156c99f41801e8a08cf265ea95,2fe0aa3bbd7d180db387e667d88f4f736e391b729b5fbe68716a4d556cd271f6,960,540,42179,False,12de8ac5062083f3e5aeb7ac5a2e06362dae2c40c4ef50bf1779a3809da99e3c,m0+m1+m2+m3 [no_op_placed_but_not_occluding],,
258,f0258,controlled-occlusion,m1,mask\f0258_m1.png,True,True,,8106a24e4cb340a561169f9d5efb9404b4add512bca9691efb8aa030dbea2450,2fe0aa3bbd7d180db387e667d88f4f736e391b729b5fbe68716a4d556cd271f6,960,540,42179,False,12de8ac5062083f3e5aeb7ac5a2e06362dae2c40c4ef50bf1779a3809da99e3c,m0+m1+m2+m3 [no_op_placed_but_not_occluding],,
258,f0258,controlled-occlusion,m2,mask\f0258_m2.png,True,True,,e4a5a8f7044249fab461c23c98a7a30c4834ec5148ffc5a4bd61380505d438b2,2fe0aa3bbd7d180db387e667d88f4f736e391b729b5fbe68716a4d556cd271f6,960,540,42179,False,12de8ac5062083f3e5aeb7ac5a2e06362dae2c40c4ef50bf1779a3809da99e3c,m0+m1+m2+m3 [no_op_placed_but_not_occluding],,
258,f0258,controlled-occlusion,m3,mask\f0258_m3.png,True,True,,d7eba620d09dcd0f34c3526ea48e07e42034a60d48317e80e7d9d9cb2744f2d3,2fe0aa3bbd7d180db387e667d88f4f736e391b729b5fbe68716a4d556cd271f6,960,540,42179,False,12de8ac5062083f3e5aeb7ac5a2e06362dae2c40c4ef50bf1779a3809da99e3c,m0+m1+m2+m3 [no_op_placed_but_not_occluding],,
258,f0258,controlled-occlusion,m4,mask\f0258_m4.png,True,True,,8545f3d6436116b06ab277e2a1ebc15ea8d0a98780833fc07a7db4091176d307,98991e950d2a7e48f1ccad7c6c06410a397f21796d3134031c634606884155b7,960,540,39499,False,12de8ac5062083f3e5aeb7ac5a2e06362dae2c40c4ef50bf1779a3809da99e3c,,,
259,f0259,context-rich,m0,mask\f0259_m0.png,True,True,,059a922259884346c5077e76748f088aae6c7cf16231c996a6f2931ade9b02e1,71f6745c8c64f8b815602168975578a1bdb0c549e76cc38666734443ede9dad2,640,480,3307,False,2f8ccf35b74aaa58c1a11db1e242d8b9b771b1812c0fb4e22289080a64491f96,m0+m1+m2+m3+m4 [no_op_placed_but_not_occluding],,
259,f0259,context-rich,m1,mask\f0259_m1.png,True,True,,d398c380561b08db6dbfb1601b635557a4f7d18aca2f8c53acb7b63b64328679,71f6745c8c64f8b815602168975578a1bdb0c549e76cc38666734443ede9dad2,640,480,3307,False,2f8ccf35b74aaa58c1a11db1e242d8b9b771b1812c0fb4e22289080a64491f96,m0+m1+m2+m3+m4 [no_op_placed_but_not_occluding],,
259,f0259,context-rich,m2,mask\f0259_m2.png,True,True,,03511d8c9b6befa98dc66927377309b699ce124f6ced223af2fc70edf81b25c4,71f6745c8c64f8b815602168975578a1bdb0c549e76cc38666734443ede9dad2,640,480,3307,False,2f8ccf35b74aaa58c1a11db1e242d8b9b771b1812c0fb4e22289080a64491f96,m0+m1+m2+m3+m4 [no_op_placed_but_not_occluding],,
259,f0259,context-rich,m3,mask\f0259_m3.png,True,True,,095cbeec90fe4d3cb323d911061ed3e1937eb3bdba38985f8cf0a62309931dd3,71f6745c8c64f8b815602168975578a1bdb0c549e76cc38666734443ede9dad2,640,480,3307,False,2f8ccf35b74aaa58c1a11db1e242d8b9b771b1812c0fb4e22289080a64491f96,m0+m1+m2+m3+m4 [no_op_placed_but_not_occluding],,
259,f0259,context-rich,m4,mask\f0259_m4.png,True,True,,646298f140424585655cc8faec36b93c3ceb4e0a114edb17ef4c87b8f7a53799,71f6745c8c64f8b815602168975578a1bdb0c549e76cc38666734443ede9dad2,640,480,3307,False,2f8ccf35b74aaa58c1a11db1e242d8b9b771b1812c0fb4e22289080a64491f96,m0+m1+m2+m3+m4 [no_op_placed_but_not_occluding],,
260,f0260,context-rich,m0,mask\f0260_m0.png,True,True,,ce7ac46f22938b13a2b41ba55db4231ba884114e98940b26beaa772583127ae2,4b3cd3407d5548722fef13c40b5f2d0b575b4bc2309cbc894e6afc7a48a678eb,560,560,1773,False,c23ba75c633a2eb4c866cf4069024fac8cdbfe7a1689106f1a55ec85411ade08,m0+m1+m2+m3+m4 [no_op_placed_but_not_occluding],,
260,f0260,context-rich,m1,mask\f0260_m1.png,True,True,,4792ea49a38b01d54d45f68fb8784ac568908acb09b27b9d49cdc772b43012ec,4b3cd3407d5548722fef13c40b5f2d0b575b4bc2309cbc894e6afc7a48a678eb,560,560,1773,False,c23ba75c633a2eb4c866cf4069024fac8cdbfe7a1689106f1a55ec85411ade08,m0+m1+m2+m3+m4 [no_op_placed_but_not_occluding],,
260,f0260,context-rich,m2,mask\f0260_m2.png,True,True,,5fe8ccbb9e3cc481558a6e7242426cb9d689b45f369a751d9cd37ff59330a4d7,4b3cd3407d5548722fef13c40b5f2d0b575b4bc2309cbc894e6afc7a48a678eb,560,560,1773,False,c23ba75c633a2eb4c866cf4069024fac8cdbfe7a1689106f1a55ec85411ade08,m0+m1+m2+m3+m4 [no_op_placed_but_not_occluding],,
260,f0260,context-rich,m3,mask\f0260_m3.png,True,True,,810b2b6fbfca43ecea3fb00f398d1665ec3360b67cce8c6aa9617a8020243f4e,4b3cd3407d5548722fef13c40b5f2d0b575b4bc2309cbc894e6afc7a48a678eb,560,560,1773,False,c23ba75c633a2eb4c866cf4069024fac8cdbfe7a1689106f1a55ec85411ade08,m0+m1+m2+m3+m4 [no_op_placed_but_not_occluding],,
260,f0260,context-rich,m4,mask\f0260_m4.png,True,True,,65374561de5c917829429ec1299ff37984c1645b1af5f772c062deefab1fa144,4b3cd3407d5548722fef13c40b5f2d0b575b4bc2309cbc894e6afc7a48a678eb,560,560,1773,False,c23ba75c633a2eb4c866cf4069024fac8cdbfe7a1689106f1a55ec85411ade08,m0+m1+m2+m3+m4 [no_op_placed_but_not_occluding],,
261,f0261,context-rich,m0,mask\f0261_m0.png,True,True,,59ca20fa12a7d514e5d56e9b942ad09617f175f257028d64e513f02989e131c6,f8a0341f3018e6eb6920e9087a70bba3326eef8de07fcb1149e78176be0d29cc,640,480,78473,False,32ba9576f8c94b718f2e284aabf66afc18f0bbc8e8798a0f98c23c6138405175,m0+m1 [expected_no_op],,
261,f0261,context-rich,m1,mask\f0261_m1.png,True,True,,d471e42e18b5299b80e0781709c678eb0a9e86395c9e86a4105f5d9c307c5b58,f8a0341f3018e6eb6920e9087a70bba3326eef8de07fcb1149e78176be0d29cc,640,480,78473,False,32ba9576f8c94b718f2e284aabf66afc18f0bbc8e8798a0f98c23c6138405175,m0+m1 [expected_no_op],,
261,f0261,context-rich,m2,mask\f0261_m2.png,True,True,,1d19a5c6903566861eadd6b04654640ff43e1b0489722a2c290a6c80a84eb54c,f55a413bfaa4c522203d0330a8454245865f12f03bc589aeee9576c101cc5a08,640,480,68849,False,32ba9576f8c94b718f2e284aabf66afc18f0bbc8e8798a0f98c23c6138405175,m2+m3+m4 [no_op_placed_but_not_occluding],,
261,f0261,context-rich,m3,mask\f0261_m3.png,True,True,,64eb0345003580659a2dad1b9288599e9b74f80d738aca7cd2541339b4ee34c6,f55a413bfaa4c522203d0330a8454245865f12f03bc589aeee9576c101cc5a08,640,480,68849,False,32ba9576f8c94b718f2e284aabf66afc18f0bbc8e8798a0f98c23c6138405175,m2+m3+m4 [no_op_placed_but_not_occluding],,
261,f0261,context-rich,m4,mask\f0261_m4.png,True,True,,7bd5d3454c65b844b2d38d4546d4fb5902527bad9c65fc534d05f4176460567e,f55a413bfaa4c522203d0330a8454245865f12f03bc589aeee9576c101cc5a08,640,480,68849,False,32ba9576f8c94b718f2e284aabf66afc18f0bbc8e8798a0f98c23c6138405175,m2+m3+m4 [no_op_placed_but_not_occluding],,
262,f0262,context-rich,m0,mask\f0262_m0.png,True,True,,f047cab4f1ff71103ceca8e9bd5dd706d9f432b6c41e6c6dc71e1644e3cd10c3,6b6e5cf21fdb5feb39362320eec497be63e0c0d78517fb8d1ff3624d774c0dd2,720,480,68859,False,ac5f875eaf6f63104a2e227aa2cc8fe286a043c03f7681cec0d9c80ce9d3552c,m0+m1+m2+m3+m4 [no_op_placed_but_not_occluding],,
262,f0262,context-rich,m1,mask\f0262_m1.png,True,True,,8aed6fefccb8663b66e2461335db4ebd1ddaa009ed424956ec158813e79cac53,6b6e5cf21fdb5feb39362320eec497be63e0c0d78517fb8d1ff3624d774c0dd2,720,480,68859,False,ac5f875eaf6f63104a2e227aa2cc8fe286a043c03f7681cec0d9c80ce9d3552c,m0+m1+m2+m3+m4 [no_op_placed_but_not_occluding],,
262,f0262,context-rich,m2,mask\f0262_m2.png,True,True,,917e6f22b72b3a177dd979fcf8f3e69d11dc2a38d45b20bf1bf5d1dbf5b55f9a,6b6e5cf21fdb5feb39362320eec497be63e0c0d78517fb8d1ff3624d774c0dd2,720,480,68859,False,ac5f875eaf6f63104a2e227aa2cc8fe286a043c03f7681cec0d9c80ce9d3552c,m0+m1+m2+m3+m4 [no_op_placed_but_not_occluding],,
262,f0262,context-rich,m3,mask\f0262_m3.png,True,True,,b7337bc9965bbcb63b8204c4df5a3dabd37ec52cfa2e27de22497fef6958eed1,6b6e5cf21fdb5feb39362320eec497be63e0c0d78517fb8d1ff3624d774c0dd2,720,480,68859,False,ac5f875eaf6f63104a2e227aa2cc8fe286a043c03f7681cec0d9c80ce9d3552c,m0+m1+m2+m3+m4 [no_op_placed_but_not_occluding],,
262,f0262,context-rich,m4,mask\f0262_m4.png,True,True,,316a6db44dfcf5af0978970fc16d4aaee9026b51927b96e762f06044128a4991,6b6e5cf21fdb5feb39362320eec497be63e0c0d78517fb8d1ff3624d774c0dd2,720,480,68859,False,ac5f875eaf6f63104a2e227aa2cc8fe286a043c03f7681cec0d9c80ce9d3552c,m0+m1+m2+m3+m4 [no_op_placed_but_not_occluding],,
263,f0263,context-rich,m0,mask\f0263_m0.png,True,True,,405debcc25f69826dd0200ef5ce0b33a2b402df157d810c3cafd65fce1cc8005,89ebd1d43dee9f409aad7444f28f4d9ba037a3283b8ea830fa674bdf58d297bb,960,540,1159,False,2c69d23f42ebea3949660cdf336fef6db1a4f8177d6890abc2b425ef3514cd2b,m0+m1+m2+m3+m4 [expected_no_op],,
263,f0263,context-rich,m1,mask\f0263_m1.png,True,True,,e52ccbb2a0af06fe33908a37f70d1cf01c4645998b8ee33d68333d88c9b05d65,89ebd1d43dee9f409aad7444f28f4d9ba037a3283b8ea830fa674bdf58d297bb,960,540,1159,False,2c69d23f42ebea3949660cdf336fef6db1a4f8177d6890abc2b425ef3514cd2b,m0+m1+m2+m3+m4 [expected_no_op],,
263,f0263,context-rich,m2,mask\f0263_m2.png,True,True,,e3208d0f98774ea2347b698fbb6d15579bb537b0b5eaffbd00c3fac00a0cf38b,89ebd1d43dee9f409aad7444f28f4d9ba037a3283b8ea830fa674bdf58d297bb,960,540,1159,False,2c69d23f42ebea3949660cdf336fef6db1a4f8177d6890abc2b425ef3514cd2b,m0+m1+m2+m3+m4 [expected_no_op],,
263,f0263,context-rich,m3,mask\f0263_m3.png,True,True,,6659aa6231ddda4dfcdf5bac97acfebb4c1b589f1b13656d10538d3f4ddd6cec,89ebd1d43dee9f409aad7444f28f4d9ba037a3283b8ea830fa674bdf58d297bb,960,540,1159,False,2c69d23f42ebea3949660cdf336fef6db1a4f8177d6890abc2b425ef3514cd2b,m0+m1+m2+m3+m4 [expected_no_op],,
263,f0263,context-rich,m4,mask\f0263_m4.png,True,True,,f44c003c53ee1800dd5fa184399065f71f4e33a4626c6cf68ffb8efc2930434d,89ebd1d43dee9f409aad7444f28f4d9ba037a3283b8ea830fa674bdf58d297bb,960,540,1159,False,2c69d23f42ebea3949660cdf336fef6db1a4f8177d6890abc2b425ef3514cd2b,m0+m1+m2+m3+m4 [expected_no_op],,
264,f0264,controlled-occlusion,m0,mask\f0264_m0.png,True,True,,a5b012c8914403f2ab64bd4ba553e84b1e5aa58be214698aa791be38f23676c4,42c6b5dfa2adb7ea96ede0f6e81e4f5550a7a1b49db9ee8b2911909c2fb9d3f2,640,480,4983,False,a28cb8695c5f04cfc90cff43719f1ca087753675e8862a952a7a1bd005fae5ef,m0+m1+m2+m3 [no_op_placed_but_not_occluding],,
264,f0264,controlled-occlusion,m1,mask\f0264_m1.png,True,True,,fc19e2186076ebcd40dd65611cc130d5b2f7e455af289eb5d0ac50c814cec5a6,42c6b5dfa2adb7ea96ede0f6e81e4f5550a7a1b49db9ee8b2911909c2fb9d3f2,640,480,4983,False,a28cb8695c5f04cfc90cff43719f1ca087753675e8862a952a7a1bd005fae5ef,m0+m1+m2+m3 [no_op_placed_but_not_occluding],,
264,f0264,controlled-occlusion,m2,mask\f0264_m2.png,True,True,,30316565968ad186d8320eb39d24dd49ffbda6dcb9b76e74759b44467abaaa25,42c6b5dfa2adb7ea96ede0f6e81e4f5550a7a1b49db9ee8b2911909c2fb9d3f2,640,480,4983,False,a28cb8695c5f04cfc90cff43719f1ca087753675e8862a952a7a1bd005fae5ef,m0+m1+m2+m3 [no_op_placed_but_not_occluding],,
264,f0264,controlled-occlusion,m3,mask\f0264_m3.png,True,True,,69657f83e00889710d1db4be63f4d72754db8b7e16bf9b8398afcabf068b8228,42c6b5dfa2adb7ea96ede0f6e81e4f5550a7a1b49db9ee8b2911909c2fb9d3f2,640,480,4983,False,a28cb8695c5f04cfc90cff43719f1ca087753675e8862a952a7a1bd005fae5ef,m0+m1+m2+m3 [no_op_placed_but_not_occluding],,
264,f0264,controlled-occlusion,m4,mask\f0264_m4.png,True,True,,036508dc0b0ccfc882365b119a6fb91054d917b031787e3181a95ad76e79dbde,85417c253620764196c953718785aaf8835e91965a59cca084e029f9e1c6e2d1,640,480,3900,False,a28cb8695c5f04cfc90cff43719f1ca087753675e8862a952a7a1bd005fae5ef,,,
265,f0265,context-rich,m0,mask\f0265_m0.png,True,True,,8d4a24e67cbce75ee8868b29c11fc0f2990d531b2f27e0d74b452012c79b5925,b07e04ae40b7ad0e50dac0e95b4338111359f0c25dec838432f02c4d4ce198ce,640,480,1941,False,a3ad846df9e10534a113422de72100b59f34f15a8403cf0a7906a43469be5c48,m0+m1 [expected_no_op],,
265,f0265,context-rich,m1,mask\f0265_m1.png,True,True,,1f67625b5faa1ab472259d1eb860711cdfe14272501e88f5921127f0c88a8fc6,b07e04ae40b7ad0e50dac0e95b4338111359f0c25dec838432f02c4d4ce198ce,640,480,1941,False,a3ad846df9e10534a113422de72100b59f34f15a8403cf0a7906a43469be5c48,m0+m1 [expected_no_op],,
265,f0265,context-rich,m2,mask\f0265_m2.png,True,True,,4be54f26d8840ba11d564756330ce8e77fd4d5217ef149756f8a5c70921c2ba4,e1ff67a878a8fca63ded269a7a6bdd80bf90eeb0fe7242ba424d8f7f879e2fbc,640,480,1807,False,a3ad846df9e10534a113422de72100b59f34f15a8403cf0a7906a43469be5c48,m2+m3+m4 [no_op_placed_but_not_occluding],,
265,f0265,context-rich,m3,mask\f0265_m3.png,True,True,,5bccccf27c6412b8ec604d49006659003fb5331ad793b593a9ee3d33d5233009,e1ff67a878a8fca63ded269a7a6bdd80bf90eeb0fe7242ba424d8f7f879e2fbc,640,480,1807,False,a3ad846df9e10534a113422de72100b59f34f15a8403cf0a7906a43469be5c48,m2+m3+m4 [no_op_placed_but_not_occluding],,
265,f0265,context-rich,m4,mask\f0265_m4.png,True,True,,5ad3a816bf80ac7c3e4b477bb55c59784c1ca0930be2846bc127828803443864,e1ff67a878a8fca63ded269a7a6bdd80bf90eeb0fe7242ba424d8f7f879e2fbc,640,480,1807,False,a3ad846df9e10534a113422de72100b59f34f15a8403cf0a7906a43469be5c48,m2+m3+m4 [no_op_placed_but_not_occluding],,
266,f0266,context-rich,m0,mask\f0266_m0.png,True,True,,5cdde3f6e9716a7b4a75547fe0e804f98c111b3bf40d052e3c518563f5b8cb7a,026b7e42e317c49b1a5cb3980e022753e6355666b431f7e9e24071a42d4cd1b5,640,480,67241,False,65c84817d3004c8b614d9c9a995f69a40f367a1f7c682dd704513ac74d6b1433,m0+m1+m2+m3+m4 [no_op_placed_but_not_occluding],,
266,f0266,context-rich,m1,mask\f0266_m1.png,True,True,,573d817cbfb26a3906174c56658e601066aeeb9653d7b747eecc6f7de83baee9,026b7e42e317c49b1a5cb3980e022753e6355666b431f7e9e24071a42d4cd1b5,640,480,67241,False,65c84817d3004c8b614d9c9a995f69a40f367a1f7c682dd704513ac74d6b1433,m0+m1+m2+m3+m4 [no_op_placed_but_not_occluding],,
266,f0266,context-rich,m2,mask\f0266_m2.png,True,True,,e7b8f1797c681b37ecd72a66665879810f22e3e2bf8a4d56b7d8a316dc5e621a,026b7e42e317c49b1a5cb3980e022753e6355666b431f7e9e24071a42d4cd1b5,640,480,67241,False,65c84817d3004c8b614d9c9a995f69a40f367a1f7c682dd704513ac74d6b1433,m0+m1+m2+m3+m4 [no_op_placed_but_not_occluding],,
266,f0266,context-rich,m3,mask\f0266_m3.png,True,True,,a7ed033c090cbccb8db6ed9bce9b73ad99205ac3bfc1f2757862420cce8b1802,026b7e42e317c49b1a5cb3980e022753e6355666b431f7e9e24071a42d4cd1b5,640,480,67241,False,65c84817d3004c8b614d9c9a995f69a40f367a1f7c682dd704513ac74d6b1433,m0+m1+m2+m3+m4 [no_op_placed_but_not_occluding],,
266,f0266,context-rich,m4,mask\f0266_m4.png,True,True,,9ddeb1e2dabbdff4507e66674c958fa49e92535f65a809ef435cc05040345ff2,026b7e42e317c49b1a5cb3980e022753e6355666b431f7e9e24071a42d4cd1b5,640,480,67241,False,65c84817d3004c8b614d9c9a995f69a40f367a1f7c682dd704513ac74d6b1433,m0+m1+m2+m3+m4 [no_op_placed_but_not_occluding],,
267,f0267,context-rich,m0,mask\f0267_m0.png,True,True,,782980eb7950d7cd6076ae9f9d718611a0003732a4e1cfd5575b841b664b45a6,2082678b8b8d98e57453eea0d8ec30ed2db451a0b7a7db9d098ed609d435f072,960,540,105534,False,f7aaaec2d4bcb0b5e5d28eeaf712e990269e074034e0dff0747f6944909e6bed,m0+m1+m2 [expected_no_op],,
267,f0267,context-rich,m1,mask\f0267_m1.png,True,True,,3b4f6c168697c73790d2b77fe9052704989fa285d2d3a3348a7372ffc19cb156,2082678b8b8d98e57453eea0d8ec30ed2db451a0b7a7db9d098ed609d435f072,960,540,105534,False,f7aaaec2d4bcb0b5e5d28eeaf712e990269e074034e0dff0747f6944909e6bed,m0+m1+m2 [expected_no_op],,
267,f0267,context-rich,m2,mask\f0267_m2.png,True,True,,a586e8b0bc83e56e9762dbed32594f31942f5f658c5ff9c7365a3b191a310319,2082678b8b8d98e57453eea0d8ec30ed2db451a0b7a7db9d098ed609d435f072,960,540,105534,False,f7aaaec2d4bcb0b5e5d28eeaf712e990269e074034e0dff0747f6944909e6bed,m0+m1+m2 [expected_no_op],,
267,f0267,context-rich,m3,mask\f0267_m3.png,True,True,,2f3e74c77048ff9417c3fb566fe3bba90f0211090b3b4487d47ce99edfb645a5,677807a74f40b6ef4bf6bcccef5f27e686f5c14a759eca6463df07c0b8c85bd6,960,540,105452,False,f7aaaec2d4bcb0b5e5d28eeaf712e990269e074034e0dff0747f6944909e6bed,m3+m4 [expected_no_op],,
267,f0267,context-rich,m4,mask\f0267_m4.png,True,True,,510cf24da3c40e55cd76051c251c90dcc60737161bc3d3a40a88324d2d913edb,677807a74f40b6ef4bf6bcccef5f27e686f5c14a759eca6463df07c0b8c85bd6,960,540,105452,False,f7aaaec2d4bcb0b5e5d28eeaf712e990269e074034e0dff0747f6944909e6bed,m3+m4 [expected_no_op],,
268,f0268,controlled-occlusion,m0,mask\f0268_m0.png,True,True,,28abd4e535239f64e8968dfd524ccdbab3015b5f200d90b61f2f9f951acc2e51,de6f04929a390479410c3020c4b8c05f19946a8ecc49f96882a22096f4cb4316,720,480,1590,False,3bd43ca88ffd713a19d738517c525e0907083f3075bb15e34aff2ca35420d8bb,m0+m1 [expected_no_op],,
268,f0268,controlled-occlusion,m1,mask\f0268_m1.png,True,True,,714bda30e05f99616409b4818d5418b88d1cc81afeea6d2daeb65d6f16abe8a3,de6f04929a390479410c3020c4b8c05f19946a8ecc49f96882a22096f4cb4316,720,480,1590,False,3bd43ca88ffd713a19d738517c525e0907083f3075bb15e34aff2ca35420d8bb,m0+m1 [expected_no_op],,
268,f0268,controlled-occlusion,m2,mask\f0268_m2.png,True,True,,b5c6f45c2a1f3bc3f23fba1571183cc607537afa3e3effb7965909006d56436a,070a701a0e1d5540ed5932d4cbdbfe8a1eaf2c29bfa1e6617cbb8c45c1d191cb,720,480,1329,False,3bd43ca88ffd713a19d738517c525e0907083f3075bb15e34aff2ca35420d8bb,m2+m3 [expected_no_op],,
268,f0268,controlled-occlusion,m3,mask\f0268_m3.png,True,True,,b6d8427615607fd81f983e9dcf5550390016c27a3f1b959eb6c643a4633f81fa,070a701a0e1d5540ed5932d4cbdbfe8a1eaf2c29bfa1e6617cbb8c45c1d191cb,720,480,1329,False,3bd43ca88ffd713a19d738517c525e0907083f3075bb15e34aff2ca35420d8bb,m2+m3 [expected_no_op],,
268,f0268,controlled-occlusion,m4,mask\f0268_m4.png,True,True,,8dc3199fbab44f9f08a15d83c469d829fa70d3111d333d4c28ce9ce312dc7ce0,2449bc747351142c80730826d5eb1bb4474bf0957af57bae9d7d4bfcc87efa07,720,480,993,False,3bd43ca88ffd713a19d738517c525e0907083f3075bb15e34aff2ca35420d8bb,,,
269,f0269,context-rich,m0,mask\f0269_m0.png,True,True,,0993ba305e7ad5bbdb8adab605fd2c3fd3628a56eeabb0c9330fed50bb4df078,887c167b7e8088d6f67988ac56cf0793ea671d8aa843300d417a090f5c97c85b,640,480,26336,False,5800b248168394aec1ea155b267e3228a612a22cf7a3f5c58d8d811160554fdc,m0+m1+m2+m3+m4 [no_op_placed_but_not_occluding],,
269,f0269,context-rich,m1,mask\f0269_m1.png,True,True,,605ceeedf61b59c395bcac7d7fdc86981b709c440abad23d100bd7994e141cf1,887c167b7e8088d6f67988ac56cf0793ea671d8aa843300d417a090f5c97c85b,640,480,26336,False,5800b248168394aec1ea155b267e3228a612a22cf7a3f5c58d8d811160554fdc,m0+m1+m2+m3+m4 [no_op_placed_but_not_occluding],,
269,f0269,context-rich,m2,mask\f0269_m2.png,True,True,,6a266de6cd0e52031f6407afad5c51387797dda255db3d307c94693b9c2f4044,887c167b7e8088d6f67988ac56cf0793ea671d8aa843300d417a090f5c97c85b,640,480,26336,False,5800b248168394aec1ea155b267e3228a612a22cf7a3f5c58d8d811160554fdc,m0+m1+m2+m3+m4 [no_op_placed_but_not_occluding],,
269,f0269,context-rich,m3,mask\f0269_m3.png,True,True,,605ceeedf61b59c395bcac7d7fdc86981b709c440abad23d100bd7994e141cf1,887c167b7e8088d6f67988ac56cf0793ea671d8aa843300d417a090f5c97c85b,640,480,26336,False,5800b248168394aec1ea155b267e3228a612a22cf7a3f5c58d8d811160554fdc,m0+m1+m2+m3+m4 [no_op_placed_but_not_occluding],,
269,f0269,context-rich,m4,mask\f0269_m4.png,True,True,,d2be5ec573b821b29f15483f25066195c293070d3c68fe5d6e0edbd2a99764bb,887c167b7e8088d6f67988ac56cf0793ea671d8aa843300d417a090f5c97c85b,640,480,26336,False,5800b248168394aec1ea155b267e3228a612a22cf7a3f5c58d8d811160554fdc,m0+m1+m2+m3+m4 [no_op_placed_but_not_occluding],,
270,f0270,context-rich,m0,mask\f0270_m0.png,True,True,,b3facf1956fb608831255060e1166670538876e8474ea8d41e2b0ebf27d033d2,09e888dcc03fa160c91881d393ed9c7a477bdcdb41187357b424352ac03a16dd,960,540,56199,False,c6578641af84851184857b7d04f2f7fea273c9ce00d33069339bf8b4d9a775b9,m0+m1 [expected_no_op],,
270,f0270,context-rich,m1,mask\f0270_m1.png,True,True,,0285dceaa3127eb99e06287824b95d7c01f78bffe42c7cebd77960b55a7c8493,09e888dcc03fa160c91881d393ed9c7a477bdcdb41187357b424352ac03a16dd,960,540,56199,False,c6578641af84851184857b7d04f2f7fea273c9ce00d33069339bf8b4d9a775b9,m0+m1 [expected_no_op],,
270,f0270,context-rich,m2,mask\f0270_m2.png,True,True,,8ca8afb57b5232c685c3ff8b19ab9836057e86acfe572098f88881b8995015cb,794030badb4be3ec230c4f6ba9a14902306e6f1e496f60b339fd7fa78fd1cfdc,960,540,49447,False,c6578641af84851184857b7d04f2f7fea273c9ce00d33069339bf8b4d9a775b9,m2+m3+m4 [no_op_placed_but_not_occluding],,
270,f0270,context-rich,m3,mask\f0270_m3.png,True,True,,b0ea844ddc375fb2917c72163216cb1212e7893a276313ae9f243422e674d9e6,794030badb4be3ec230c4f6ba9a14902306e6f1e496f60b339fd7fa78fd1cfdc,960,540,49447,False,c6578641af84851184857b7d04f2f7fea273c9ce00d33069339bf8b4d9a775b9,m2+m3+m4 [no_op_placed_but_not_occluding],,
270,f0270,context-rich,m4,mask\f0270_m4.png,True,True,,845406525beae9777445843870857661eb06f86405082029c250f3a82c3f4257,794030badb4be3ec230c4f6ba9a14902306e6f1e496f60b339fd7fa78fd1cfdc,960,540,49447,False,c6578641af84851184857b7d04f2f7fea273c9ce00d33069339bf8b4d9a775b9,m2+m3+m4 [no_op_placed_but_not_occluding],,
271,f0271,controlled-occlusion,m0,mask\f0271_m0.png,False,False,missing,,,,,,,,,,
271,f0271,controlled-occlusion,m1,mask\f0271_m1.png,False,False,missing,,,,,,,,,,
271,f0271,controlled-occlusion,m2,mask\f0271_m2.png,False,False,missing,,,,,,,,,,
271,f0271,controlled-occlusion,m3,mask\f0271_m3.png,False,False,missing,,,,,,,,,,
271,f0271,controlled-occlusion,m4,mask\f0271_m4.png,False,False,missing,,,,,,,,,,
272,f0272,context-rich,m0,mask\f0272_m0.png,True,True,,148acb7bc0ca6357ed4c72d6d65a77524822393fd64d8adaa102005c88d0c612,201a4b806a5dd7a7057051c42ba88146031ca43b9b7a7e9983920ef1822df1df,560,560,21470,False,69df1da6beb8c3faa663cb007ad05db1e1def03e4e92ebe310e3fb38d88568a3,m0+m1+m2+m3+m4 [no_op_placed_but_not_occluding],,
272,f0272,context-rich,m1,mask\f0272_m1.png,True,True,,3d365e74807b53c1932212d5ed4bdf506b4dd94dff591fd9fdaca4fe9e1b482b,201a4b806a5dd7a7057051c42ba88146031ca43b9b7a7e9983920ef1822df1df,560,560,21470,False,69df1da6beb8c3faa663cb007ad05db1e1def03e4e92ebe310e3fb38d88568a3,m0+m1+m2+m3+m4 [no_op_placed_but_not_occluding],,
272,f0272,context-rich,m2,mask\f0272_m2.png,True,True,,d31fc951502464248838fbd893b6d88496459fc643c31111e5aff4451b538c72,201a4b806a5dd7a7057051c42ba88146031ca43b9b7a7e9983920ef1822df1df,560,560,21470,False,69df1da6beb8c3faa663cb007ad05db1e1def03e4e92ebe310e3fb38d88568a3,m0+m1+m2+m3+m4 [no_op_placed_but_not_occluding],,
272,f0272,context-rich,m3,mask\f0272_m3.png,True,True,,dea7c9211faeac65b4544dbde93d5a3d0020aa6166079b24a801cef3024ba3af,201a4b806a5dd7a7057051c42ba88146031ca43b9b7a7e9983920ef1822df1df,560,560,21470,False,69df1da6beb8c3faa663cb007ad05db1e1def03e4e92ebe310e3fb38d88568a3,m0+m1+m2+m3+m4 [no_op_placed_but_not_occluding],,
272,f0272,context-rich,m4,mask\f0272_m4.png,True,True,,5eeaf4449e7097c5ee854cf7f680118c5970b517035a09dad141b1f72bdec61f,201a4b806a5dd7a7057051c42ba88146031ca43b9b7a7e9983920ef1822df1df,560,560,21470,False,69df1da6beb8c3faa663cb007ad05db1e1def03e4e92ebe310e3fb38d88568a3,m0+m1+m2+m3+m4 [no_op_placed_but_not_occluding],,
273,f0273,controlled-occlusion,m0,mask\f0273_m0.png,True,True,,6dad68bcf2502db62638dc87ab255fca87c66d000448e9141087ac727ad370a7,8350a999e83c562a40c56d6edb2ed48dc7c3334950826e357250d9e51e7e6d0d,640,480,2615,False,2027f2887f47cda110d1a04eba7943f10e1d3ce552e2ee4b794865b4a78cc6eb,m0+m1 [expected_no_op],,
273,f0273,controlled-occlusion,m1,mask\f0273_m1.png,True,True,,fd48bf3cd13c89cd62810d5da5f1a878967bfe60626f146a2239a488d3f14465,8350a999e83c562a40c56d6edb2ed48dc7c3334950826e357250d9e51e7e6d0d,640,480,2615,False,2027f2887f47cda110d1a04eba7943f10e1d3ce552e2ee4b794865b4a78cc6eb,m0+m1 [expected_no_op],,
273,f0273,controlled-occlusion,m2,mask\f0273_m2.png,True,True,,6a109d2cf9a65a3f853afaeaadcc8c877de4c9eae74a1cf92867b74f71a93218,a1af885904a45e8d34630de39b00f87e9f6bca843515a2b768c9268f4ea7b6a9,640,480,1978,False,2027f2887f47cda110d1a04eba7943f10e1d3ce552e2ee4b794865b4a78cc6eb,m2+m3 [no_op_placed_but_not_occluding],,
273,f0273,controlled-occlusion,m3,mask\f0273_m3.png,True,True,,2062257013e437a8497fb1cf6e6fe9927b150af7ca147a9955561c811ade93be,a1af885904a45e8d34630de39b00f87e9f6bca843515a2b768c9268f4ea7b6a9,640,480,1978,False,2027f2887f47cda110d1a04eba7943f10e1d3ce552e2ee4b794865b4a78cc6eb,m2+m3 [no_op_placed_but_not_occluding],,
273,f0273,controlled-occlusion,m4,mask\f0273_m4.png,True,True,,db2e8a65396c1252577ed7b45d45a5844b4da8722562bf200b1d807a31e5dfba,c70117649bfa3967012b09cdca464d12c850a4345e51d3742377d6e91362e427,640,480,1586,False,2027f2887f47cda110d1a04eba7943f10e1d3ce552e2ee4b794865b4a78cc6eb,,,
274,f0274,context-rich,m0,mask\f0274_m0.png,True,True,,c6473a89cbd1a2cd7caca8e5485c90860c38e733c16efa5a316886b819afeb0d,b2a5bc70dad8adf9342464c142fa1a87adcd719437bca53834e6b42f4fb9ad94,720,480,208045,False,5d7c38277ed1177144d63d9c638d5a4020b2f9656d7bbe8e00cda11a4e287406,m0+m1 [expected_no_op],,
274,f0274,context-rich,m1,mask\f0274_m1.png,True,True,,90dbd07b9cd9cf6f59f5eb5296cdad69704a89c257d255fc748268fad7150aba,b2a5bc70dad8adf9342464c142fa1a87adcd719437bca53834e6b42f4fb9ad94,720,480,208045,False,5d7c38277ed1177144d63d9c638d5a4020b2f9656d7bbe8e00cda11a4e287406,m0+m1 [expected_no_op],,
274,f0274,context-rich,m2,mask\f0274_m2.png,True,True,,83f6e6fb7b790ace073c18bbffa57f966cc867aa6ff4144862da2597d28ff985,1d7fc98b5c44e63f2b9487d29fb7828889d110cbba504d7a6e67cd7cc4ba5817,720,480,163530,False,5d7c38277ed1177144d63d9c638d5a4020b2f9656d7bbe8e00cda11a4e287406,,,
274,f0274,context-rich,m3,mask\f0274_m3.png,True,True,,45f617bfb40cef51c8bfa8c80895aa4a5425dd3f83ed55f4afc619d62dfaf807,d5e6da91f8728423b2f47c49c3ecd1ad8d4a38cf7487445f9ce435a51c9d247d,720,480,150098,False,5d7c38277ed1177144d63d9c638d5a4020b2f9656d7bbe8e00cda11a4e287406,m3+m4 [expected_no_op],,
274,f0274,context-rich,m4,mask\f0274_m4.png,True,True,,ce80dda24b6b345b41bb1761a559738ce4729c0499151ca9f984ed8a55a3c170,d5e6da91f8728423b2f47c49c3ecd1ad8d4a38cf7487445f9ce435a51c9d247d,720,480,150098,False,5d7c38277ed1177144d63d9c638d5a4020b2f9656d7bbe8e00cda11a4e287406,m3+m4 [expected_no_op],,
275,f0275,controlled-occlusion,m0,mask\f0275_m0.png,True,True,,a3d4714ba975c56fa74cb9bb9e73faaf34452dd47a778c49d5052bc41b90c60e,8b325a5fe9229d152fa337d002f1fd491e96e374ad5b0063cb4cb1b129703979,960,540,3791,False,dd1abfe0bfe20f8af37fbdaa3097480827000464e4f6087b4971666ca1f2d162,m0+m1+m2+m3 [no_op_placed_but_not_occluding],,
275,f0275,controlled-occlusion,m1,mask\f0275_m1.png,True,True,,9c389a67115ee1eabfcaa80c397d4d18fa24724faecdc7430fdf37b97826ac2e,8b325a5fe9229d152fa337d002f1fd491e96e374ad5b0063cb4cb1b129703979,960,540,3791,False,dd1abfe0bfe20f8af37fbdaa3097480827000464e4f6087b4971666ca1f2d162,m0+m1+m2+m3 [no_op_placed_but_not_occluding],,
275,f0275,controlled-occlusion,m2,mask\f0275_m2.png,True,True,,58757e02c2fd60b9a33cfbeb7ab9dfd5aa5bd4ed3eb21bdd45d2e13770b5deb6,8b325a5fe9229d152fa337d002f1fd491e96e374ad5b0063cb4cb1b129703979,960,540,3791,False,dd1abfe0bfe20f8af37fbdaa3097480827000464e4f6087b4971666ca1f2d162,m0+m1+m2+m3 [no_op_placed_but_not_occluding],,
275,f0275,controlled-occlusion,m3,mask\f0275_m3.png,True,True,,8662bcfb05837e869891527a91225a493fb0a596896f282ee0717f79f4f62825,8b325a5fe9229d152fa337d002f1fd491e96e374ad5b0063cb4cb1b129703979,960,540,3791,False,dd1abfe0bfe20f8af37fbdaa3097480827000464e4f6087b4971666ca1f2d162,m0+m1+m2+m3 [no_op_placed_but_not_occluding],,
275,f0275,controlled-occlusion,m4,mask\f0275_m4.png,True,True,,3119bb6a808fdafb358b3f53ca3d381a3377c13ac7dd25f39a0575113ba0e478,75d3dfdb93f97bbec3e9adfa9c24f2fad24995ab36acb41c96c256263f89909d,960,540,2554,False,dd1abfe0bfe20f8af37fbdaa3097480827000464e4f6087b4971666ca1f2d162,,,
276,f0276,context-rich,m0,mask\f0276_m0.png,True,True,,cc701537c630e3f1fa8a954513c178d4cd041d6070a4338172935ae3e0f2d1f1,ba0b537dfe657fc4f3b0143779a04da133d6884ba021e6ff44e1c7e2566bef08,640,480,66522,False,cf68f520f1f1c685d8b5af03bb00a06ff1fdc3a80bbd1180f6ca5f3d5fff8425,m0+m1 [expected_no_op],,
276,f0276,context-rich,m1,mask\f0276_m1.png,True,True,,3b4beb602699c324ec7efbe35d7591f721be2e17a69f35d634bd8eed2a285e4a,ba0b537dfe657fc4f3b0143779a04da133d6884ba021e6ff44e1c7e2566bef08,640,480,66522,False,cf68f520f1f1c685d8b5af03bb00a06ff1fdc3a80bbd1180f6ca5f3d5fff8425,m0+m1 [expected_no_op],,
276,f0276,context-rich,m2,mask\f0276_m2.png,True,True,,63673126acb41375e1695eb12708f48f343850ce0d72e2142a95ffeb8897d94f,fe97ede904c9a82fd1dc77bef4f70f39b8a6e18c22fb4adc4d2c9efbda94e102,640,480,57160,False,cf68f520f1f1c685d8b5af03bb00a06ff1fdc3a80bbd1180f6ca5f3d5fff8425,,,
276,f0276,context-rich,m3,mask\f0276_m3.png,True,True,,99504145ad07a75a04cefc8f0082f4c76f805ffc5cbd36682a331d088f715dba,aae49285510d4ac8d20940f8b316bd4ce6e20bae692106a05353d5fbe8bc8edb,640,480,57066,False,cf68f520f1f1c685d8b5af03bb00a06ff1fdc3a80bbd1180f6ca5f3d5fff8425,m3+m4 [expected_no_op],,
276,f0276,context-rich,m4,mask\f0276_m4.png,True,True,,2f40430bbf213465b1d88785923477dc3c1e873c6ace4d579679a5693eee77df,aae49285510d4ac8d20940f8b316bd4ce6e20bae692106a05353d5fbe8bc8edb,640,480,57066,False,cf68f520f1f1c685d8b5af03bb00a06ff1fdc3a80bbd1180f6ca5f3d5fff8425,m3+m4 [expected_no_op],,
277,f0277,controlled-occlusion,m0,mask\f0277_m0.png,False,False,missing,,,,,,,,,,
277,f0277,controlled-occlusion,m1,mask\f0277_m1.png,False,False,missing,,,,,,,,,,
277,f0277,controlled-occlusion,m2,mask\f0277_m2.png,False,False,missing,,,,,,,,,,
277,f0277,controlled-occlusion,m3,mask\f0277_m3.png,False,False,missing,,,,,,,,,,
277,f0277,controlled-occlusion,m4,mask\f0277_m4.png,False,False,missing,,,,,,,,,,
278,f0278,context-rich,m0,mask\f0278_m0.png,True,True,,d2b59e5c865789c58f6c41ccd4d8b827b5ddc03869532151f5a07b9eeb224ae7,12e4e60aeb6afab8358959ca6e6b12aafff9638d1ac5bcfbd9c5d67821facc1a,640,480,3810,False,062bb4d2570aa5c29659f2f457b6288a10bd9cee54a6232ceb3cb13b819d935c,m0+m1+m2+m3+m4 [no_op_placed_but_not_occluding],,
278,f0278,context-rich,m1,mask\f0278_m1.png,True,True,,23a204697c85296a8b3171662774901dc23455cdc2af5c1728c9b7d9a8d81ea2,12e4e60aeb6afab8358959ca6e6b12aafff9638d1ac5bcfbd9c5d67821facc1a,640,480,3810,False,062bb4d2570aa5c29659f2f457b6288a10bd9cee54a6232ceb3cb13b819d935c,m0+m1+m2+m3+m4 [no_op_placed_but_not_occluding],,
278,f0278,context-rich,m2,mask\f0278_m2.png,True,True,,5044416f4ea5385e57f0aab4b8e3718cdcdec03532167522d3045e44b72be0ad,12e4e60aeb6afab8358959ca6e6b12aafff9638d1ac5bcfbd9c5d67821facc1a,640,480,3810,False,062bb4d2570aa5c29659f2f457b6288a10bd9cee54a6232ceb3cb13b819d935c,m0+m1+m2+m3+m4 [no_op_placed_but_not_occluding],,
278,f0278,context-rich,m3,mask\f0278_m3.png,True,True,,ec5b8b8096ba951fd1aea9aba2ff3c43414651800a082796c23d90b5f0779cba,12e4e60aeb6afab8358959ca6e6b12aafff9638d1ac5bcfbd9c5d67821facc1a,640,480,3810,False,062bb4d2570aa5c29659f2f457b6288a10bd9cee54a6232ceb3cb13b819d935c,m0+m1+m2+m3+m4 [no_op_placed_but_not_occluding],,
278,f0278,context-rich,m4,mask\f0278_m4.png,True,True,,0189a4a31881ae6902b94a6d9948ef20b5b61a7ae9258219d56f01f82f339f97,12e4e60aeb6afab8358959ca6e6b12aafff9638d1ac5bcfbd9c5d67821facc1a,640,480,3810,False,062bb4d2570aa5c29659f2f457b6288a10bd9cee54a6232ceb3cb13b819d935c,m0+m1+m2+m3+m4 [no_op_placed_but_not_occluding],,
279,f0279,context-rich,m0,mask\f0279_m0.png,True,True,,7ae340ed27968abdb460cebc9f6ae0a0d17949c6feb41dd70ccdff5b325d53e5,dc6bcefbdd9e37d45b6135e57a1006e6fbc88142d5ae634d16a63b3549373a17,960,540,408992,False,f94e0a5cbb3d90b1ee04f6d5504b5a4f39b36edfab97e4663534d8949acc364f,m0+m1 [expected_no_op],,
279,f0279,context-rich,m1,mask\f0279_m1.png,True,True,,b275cd500b0dcf0ac58113faef84372057539399425b654edeed88e8b3112c6e,dc6bcefbdd9e37d45b6135e57a1006e6fbc88142d5ae634d16a63b3549373a17,960,540,408992,False,f94e0a5cbb3d90b1ee04f6d5504b5a4f39b36edfab97e4663534d8949acc364f,m0+m1 [expected_no_op],,
279,f0279,context-rich,m2,mask\f0279_m2.png,True,True,,16fa58be8bc015cf5725c23f1ff33c09d0cbb9c8c0c4bd7e36655e1f4d02f23e,3a506f027e04434e45a5583aecccdd82f945a1d0be5d523ba0ee2cf0d5926e0f,960,540,379782,False,f94e0a5cbb3d90b1ee04f6d5504b5a4f39b36edfab97e4663534d8949acc364f,m2+m3+m4 [expected_no_op],,
279,f0279,context-rich,m3,mask\f0279_m3.png,True,True,,11428a570b0efec4ab4a368b7db706f3dbc0f8d2dc866cec93f1efc3c6e6b07f,3a506f027e04434e45a5583aecccdd82f945a1d0be5d523ba0ee2cf0d5926e0f,960,540,379782,False,f94e0a5cbb3d90b1ee04f6d5504b5a4f39b36edfab97e4663534d8949acc364f,m2+m3+m4 [expected_no_op],,
279,f0279,context-rich,m4,mask\f0279_m4.png,True,True,,9e6f239f8859e4f8007decccc7178aede32adcc7ec44c971cc13b5de1406f2f4,3a506f027e04434e45a5583aecccdd82f945a1d0be5d523ba0ee2cf0d5926e0f,960,540,379782,False,f94e0a5cbb3d90b1ee04f6d5504b5a4f39b36edfab97e4663534d8949acc364f,m2+m3+m4 [expected_no_op],,
280,f0280,controlled-occlusion,m0,mask\f0280_m0.png,False,False,missing,,,,,,,,,,
280,f0280,controlled-occlusion,m1,mask\f0280_m1.png,False,False,missing,,,,,,,,,,
280,f0280,controlled-occlusion,m2,mask\f0280_m2.png,False,False,missing,,,,,,,,,,
280,f0280,controlled-occlusion,m3,mask\f0280_m3.png,False,False,missing,,,,,,,,,,
280,f0280,controlled-occlusion,m4,mask\f0280_m4.png,False,False,missing,,,,,,,,,,
281,f0281,context-rich,m0,mask\f0281_m0.png,True,True,,2ae6275651bc61cc8114649b380aa828bd1089f75866c28c852b60952c8fa60f,6c97024ecb1d7481b04948e60bc8cde81b5538d78516638a3cf5eb0bac877061,640,480,19389,False,89f4dbc36ae26ed43d6edea607277063bc92c341ed651695da134b62bc353ca1,m0+m1+m2+m3+m4 [no_op_placed_but_not_occluding],,
281,f0281,context-rich,m1,mask\f0281_m1.png,True,True,,3f6a8908615a48528ad4d752c466f703d3da95cc98151d4e02e553dc9061a34b,6c97024ecb1d7481b04948e60bc8cde81b5538d78516638a3cf5eb0bac877061,640,480,19389,False,89f4dbc36ae26ed43d6edea607277063bc92c341ed651695da134b62bc353ca1,m0+m1+m2+m3+m4 [no_op_placed_but_not_occluding],,
281,f0281,context-rich,m2,mask\f0281_m2.png,True,True,,e3ffa870147b587ca76936a508673b93d85eada7161c8d7aa76a581e88817369,6c97024ecb1d7481b04948e60bc8cde81b5538d78516638a3cf5eb0bac877061,640,480,19389,False,89f4dbc36ae26ed43d6edea607277063bc92c341ed651695da134b62bc353ca1,m0+m1+m2+m3+m4 [no_op_placed_but_not_occluding],,
281,f0281,context-rich,m3,mask\f0281_m3.png,True,True,,044ccfcaf3e762a7c819ef265e17f7e01babea217f2fbbaf4ca7803877c85998,6c97024ecb1d7481b04948e60bc8cde81b5538d78516638a3cf5eb0bac877061,640,480,19389,False,89f4dbc36ae26ed43d6edea607277063bc92c341ed651695da134b62bc353ca1,m0+m1+m2+m3+m4 [no_op_placed_but_not_occluding],,
281,f0281,context-rich,m4,mask\f0281_m4.png,True,True,,a70ddf87eaf6bdd8eeee8ffca2aac0d1d260f2874da5862e362231ec357436b4,6c97024ecb1d7481b04948e60bc8cde81b5538d78516638a3cf5eb0bac877061,640,480,19389,False,89f4dbc36ae26ed43d6edea607277063bc92c341ed651695da134b62bc353ca1,m0+m1+m2+m3+m4 [no_op_placed_but_not_occluding],,
282,f0282,context-rich,m0,mask\f0282_m0.png,True,True,,135b815934568cc46400a601b952338e3a9e6747121977e7c3535634a70bdf13,19738987935057c84425a1204bed52ee81e2de7ec8a01901274a5121bda3308e,640,480,117472,False,41623c16285a562166a4b1954603ee192adf30ca5064055c673483e67cbefd18,m0+m1+m2+m3+m4 [no_op_placed_but_not_occluding],,
282,f0282,context-rich,m1,mask\f0282_m1.png,True,True,,ec7e9c15e6cb100e0c3fb83af0efc3763950947f956c221a369d6e620ef4961c,19738987935057c84425a1204bed52ee81e2de7ec8a01901274a5121bda3308e,640,480,117472,False,41623c16285a562166a4b1954603ee192adf30ca5064055c673483e67cbefd18,m0+m1+m2+m3+m4 [no_op_placed_but_not_occluding],,
282,f0282,context-rich,m2,mask\f0282_m2.png,True,True,,28851210d94dfaff43e45f2415f3890afa4a912d92ca86b0ea58880280403fb1,19738987935057c84425a1204bed52ee81e2de7ec8a01901274a5121bda3308e,640,480,117472,False,41623c16285a562166a4b1954603ee192adf30ca5064055c673483e67cbefd18,m0+m1+m2+m3+m4 [no_op_placed_but_not_occluding],,
282,f0282,context-rich,m3,mask\f0282_m3.png,True,True,,4c58f663a28732c1a7b9ebef4eeab9a2742e1da45b30c63c5246d64f5703ada6,19738987935057c84425a1204bed52ee81e2de7ec8a01901274a5121bda3308e,640,480,117472,False,41623c16285a562166a4b1954603ee192adf30ca5064055c673483e67cbefd18,m0+m1+m2+m3+m4 [no_op_placed_but_not_occluding],,
282,f0282,context-rich,m4,mask\f0282_m4.png,True,True,,163b6f9bca7bf934b15c741e4341277dd537b0ed040927e8893ee7ca9d7ac646,19738987935057c84425a1204bed52ee81e2de7ec8a01901274a5121bda3308e,640,480,117472,False,41623c16285a562166a4b1954603ee192adf30ca5064055c673483e67cbefd18,m0+m1+m2+m3+m4 [no_op_placed_but_not_occluding],,
283,f0283,context-rich,m0,mask\f0283_m0.png,True,True,,a05cb62245b5f7ccba1bafa9ee9c952b723fb56b0d0c44c09d5775fddcca4bb5,9ac0e8b1976d691989252911746bc72136c44a137142b7ada1382a1a92cd1e0d,720,480,6305,False,4ab4d73749c0ae1dec6bec6bd3965853364d0fa398fe0f752bfa4cfd230e4266,m0+m1 [expected_no_op],,
283,f0283,context-rich,m1,mask\f0283_m1.png,True,True,,3adbfc423b206eead720efbb6877b4e92ff5c1f4e6218f0a3698048be02e463c,9ac0e8b1976d691989252911746bc72136c44a137142b7ada1382a1a92cd1e0d,720,480,6305,False,4ab4d73749c0ae1dec6bec6bd3965853364d0fa398fe0f752bfa4cfd230e4266,m0+m1 [expected_no_op],,
283,f0283,context-rich,m2,mask\f0283_m2.png,True,True,,c8fca256c1090491dfd5212e05f9efc92e366ba6fb9a169ff28ee5e7769920bc,f21fa71b0603f98f6ceae36399e19e7c258bb3adf8038e5f3c84ed3845885744,720,480,5665,False,4ab4d73749c0ae1dec6bec6bd3965853364d0fa398fe0f752bfa4cfd230e4266,,,
283,f0283,context-rich,m3,mask\f0283_m3.png,True,True,,b77f8a85fcd5a6fdbb90a92b52750eb3b77efa384576652fea6d8791d6de826b,2476e6b7d49676dda5ebfb700c088984d67ea11f2278b8367b98d4b04a00a2fd,720,480,5255,False,4ab4d73749c0ae1dec6bec6bd3965853364d0fa398fe0f752bfa4cfd230e4266,m3+m4 [expected_no_op],,
283,f0283,context-rich,m4,mask\f0283_m4.png,True,True,,0cf22588a7e1f0f3811efc19ef088c9ee6a016b7e6f06833d2e421ee7f0b3938,2476e6b7d49676dda5ebfb700c088984d67ea11f2278b8367b98d4b04a00a2fd,720,480,5255,False,4ab4d73749c0ae1dec6bec6bd3965853364d0fa398fe0f752bfa4cfd230e4266,m3+m4 [expected_no_op],,
284,f0284,context-rich,m0,mask\f0284_m0.png,True,True,,8f5bcd73fb6a1a0a755d624985f3313c5cfe0382d81874222230f4816bb96b95,12724e812d876be14145bcc943a576aa8d4285a4a4e0b73373628390373a4843,960,540,13,False,4d914fda00b8732811048d920ee16e237a0c9806e96687452f83f1ceb07c64aa,m0+m1 [expected_no_op],,
284,f0284,context-rich,m1,mask\f0284_m1.png,True,True,,f2535556e4202a41f89259c8ee738eb2ccd4a4217a933ac5b58822cae741a768,12724e812d876be14145bcc943a576aa8d4285a4a4e0b73373628390373a4843,960,540,13,False,4d914fda00b8732811048d920ee16e237a0c9806e96687452f83f1ceb07c64aa,m0+m1 [expected_no_op],,
284,f0284,context-rich,m2,mask\f0284_m2.png,True,True,,bf42ea4f277271f4d5ff3a788fe99ecad35ee016fe1ff9e643ddce2b8c1b1513,7c4843743f9598e1d860e969730c322b283b271e6a63891b9b708024081d483d,960,540,9,False,4d914fda00b8732811048d920ee16e237a0c9806e96687452f83f1ceb07c64aa,m2+m3+m4 [expected_no_op],,
284,f0284,context-rich,m3,mask\f0284_m3.png,True,True,,9f9c3c2e3851fbbc8b6f342450580d367852f243f4785733c43bbee1bee11ba5,7c4843743f9598e1d860e969730c322b283b271e6a63891b9b708024081d483d,960,540,9,False,4d914fda00b8732811048d920ee16e237a0c9806e96687452f83f1ceb07c64aa,m2+m3+m4 [expected_no_op],,
284,f0284,context-rich,m4,mask\f0284_m4.png,True,True,,f3ea45f0897d0b9cc851c853c5e2d153fd999826c96dac3db4a8f79f561e4aa1,7c4843743f9598e1d860e969730c322b283b271e6a63891b9b708024081d483d,960,540,9,False,4d914fda00b8732811048d920ee16e237a0c9806e96687452f83f1ceb07c64aa,m2+m3+m4 [expected_no_op],,
285,f0285,context-rich,m0,mask\f0285_m0.png,True,True,,bd1f20bbe91d503acb57e3b8d82782f649d0b0c8f49abc839ef394cbf97d45a2,3d5ad653812192f7c5fb9af378d7fdc31b1a9d0fbb57b36c0f8521464916172a,560,560,9142,False,304020e8f82acb0448eb775af4bbbe2e597a4505292a5960d438414ef21614fe,m0+m1+m2 [expected_no_op],,
285,f0285,context-rich,m1,mask\f0285_m1.png,True,True,,88ef8b2988329472f33d41f778b453cb3fcd66ca7a5a2a2916e8b00186aab159,3d5ad653812192f7c5fb9af378d7fdc31b1a9d0fbb57b36c0f8521464916172a,560,560,9142,False,304020e8f82acb0448eb775af4bbbe2e597a4505292a5960d438414ef21614fe,m0+m1+m2 [expected_no_op],,
285,f0285,context-rich,m2,mask\f0285_m2.png,True,True,,a2eb7e130b56030c76d2c848c2ef65844fc5541e3828b20c9243f6be4ad3655c,3d5ad653812192f7c5fb9af378d7fdc31b1a9d0fbb57b36c0f8521464916172a,560,560,9142,False,304020e8f82acb0448eb775af4bbbe2e597a4505292a5960d438414ef21614fe,m0+m1+m2 [expected_no_op],,
285,f0285,context-rich,m3,mask\f0285_m3.png,True,True,,b2a3ff816576e0bea64a71e97f35d7d664e5a537c7e5ff8bde78c79aefc3e9d9,117a142193a385e0987211bc222fb97ef6cbddd6677f677b609dcd7bf1e6da10,560,560,9112,False,304020e8f82acb0448eb775af4bbbe2e597a4505292a5960d438414ef21614fe,m3+m4 [expected_no_op],,
285,f0285,context-rich,m4,mask\f0285_m4.png,True,True,,12af9c004cb26d70b4498d8460952540b966fb1da287bc809d8da4cbd81f248c,117a142193a385e0987211bc222fb97ef6cbddd6677f677b609dcd7bf1e6da10,560,560,9112,False,304020e8f82acb0448eb775af4bbbe2e597a4505292a5960d438414ef21614fe,m3+m4 [expected_no_op],,
286,f0286,context-rich,m0,mask\f0286_m0.png,False,False,missing,,,,,,,,,,
286,f0286,context-rich,m1,mask\f0286_m1.png,False,False,missing,,,,,,,,,,
286,f0286,context-rich,m2,mask\f0286_m2.png,False,False,missing,,,,,,,,,,
286,f0286,context-rich,m3,mask\f0286_m3.png,False,False,missing,,,,,,,,,,
286,f0286,context-rich,m4,mask\f0286_m4.png,False,False,missing,,,,,,,,,,
287,f0287,controlled-occlusion,m0,mask\f0287_m0.png,True,True,,effe77ab38bcbe828c8442aec90c9540e7329ff1f63c49d52a19c41560ee00c1,c73a5fb2b20b00d6ff6ca0012a87a2a40b257ff77a8644adcbeedabfae2db7e4,640,480,23257,False,b8b8297298e026419ee84702bae7afc31cf8ca82dbbd334b703f14f74e6e2eb5,m0+m1+m2+m3 [no_op_placed_but_not_occluding],,
287,f0287,controlled-occlusion,m1,mask\f0287_m1.png,True,True,,ed041f23cf56fdd9f3c1d4842a4c8edb8b7a8ed8eb72b305ed8eeabf7ba40b01,c73a5fb2b20b00d6ff6ca0012a87a2a40b257ff77a8644adcbeedabfae2db7e4,640,480,23257,False,b8b8297298e026419ee84702bae7afc31cf8ca82dbbd334b703f14f74e6e2eb5,m0+m1+m2+m3 [no_op_placed_but_not_occluding],,
287,f0287,controlled-occlusion,m2,mask\f0287_m2.png,True,True,,0cf388e11739aec921bfc5199745dbb5c43d8415ae7f3a8fd7ad1b5876ad5bde,c73a5fb2b20b00d6ff6ca0012a87a2a40b257ff77a8644adcbeedabfae2db7e4,640,480,23257,False,b8b8297298e026419ee84702bae7afc31cf8ca82dbbd334b703f14f74e6e2eb5,m0+m1+m2+m3 [no_op_placed_but_not_occluding],,
287,f0287,controlled-occlusion,m3,mask\f0287_m3.png,True,True,,0cfd6f5fa981320ab39407c40635229912abc245f6205480f878be718781f08d,c73a5fb2b20b00d6ff6ca0012a87a2a40b257ff77a8644adcbeedabfae2db7e4,640,480,23257,False,b8b8297298e026419ee84702bae7afc31cf8ca82dbbd334b703f14f74e6e2eb5,m0+m1+m2+m3 [no_op_placed_but_not_occluding],,
287,f0287,controlled-occlusion,m4,mask\f0287_m4.png,True,True,,3839e0fce8a961bc6d6966ac73379f08bf13dbe6f8aba1ae51afc46605486a89,a500e66058c95561c76e3d60c599a9533732566dd31a8dfd909d5ca8eb18ca3e,640,480,19081,False,b8b8297298e026419ee84702bae7afc31cf8ca82dbbd334b703f14f74e6e2eb5,,,
288,f0288,context-rich,m0,mask\f0288_m0.png,True,True,,5c92e7545b547433072a410c415fba8ea7b8841414b19268e0ee4eacbb4d3b29,0c96053be507b110aa1efc90593a96b2adcd2f7ea931a781b92ac0957a0046c5,960,540,128934,False,36fc41e693d7c5603f8bd6ecd043ad38a14985bc6ae42f0e070b1a042ccbd6f5,m0+m1+m2+m3+m4 [no_op_placed_but_not_occluding],,
288,f0288,context-rich,m1,mask\f0288_m1.png,True,True,,727319e4961b5620f772d4f7c00c0d15d15fab07a13d500e9796767336f8defc,0c96053be507b110aa1efc90593a96b2adcd2f7ea931a781b92ac0957a0046c5,960,540,128934,False,36fc41e693d7c5603f8bd6ecd043ad38a14985bc6ae42f0e070b1a042ccbd6f5,m0+m1+m2+m3+m4 [no_op_placed_but_not_occluding],,
288,f0288,context-rich,m2,mask\f0288_m2.png,True,True,,7848879eeb2703dcac3af5bb3776b5567673fe8f15a2c674827686ac291b4a9e,0c96053be507b110aa1efc90593a96b2adcd2f7ea931a781b92ac0957a0046c5,960,540,128934,False,36fc41e693d7c5603f8bd6ecd043ad38a14985bc6ae42f0e070b1a042ccbd6f5,m0+m1+m2+m3+m4 [no_op_placed_but_not_occluding],,
288,f0288,context-rich,m3,mask\f0288_m3.png,True,True,,82529556e8b61c26cfa30cf647f4cdeefe07f7f202e5290b63ffeeeb10371e30,0c96053be507b110aa1efc90593a96b2adcd2f7ea931a781b92ac0957a0046c5,960,540,128934,False,36fc41e693d7c5603f8bd6ecd043ad38a14985bc6ae42f0e070b1a042ccbd6f5,m0+m1+m2+m3+m4 [no_op_placed_but_not_occluding],,
288,f0288,context-rich,m4,mask\f0288_m4.png,True,True,,15d54da3c20be01a4c866ddb0fd394f9560a9b2c7d84ecfe41b7a96e111d06ca,0c96053be507b110aa1efc90593a96b2adcd2f7ea931a781b92ac0957a0046c5,960,540,128934,False,36fc41e693d7c5603f8bd6ecd043ad38a14985bc6ae42f0e070b1a042ccbd6f5,m0+m1+m2+m3+m4 [no_op_placed_but_not_occluding],,
289,f0289,context-rich,m0,mask\f0289_m0.png,True,True,,9a649ee0e0267ad8f9fa6966cb8d2b7eba40b4153c9ecaeec9b505d6933248dd,5da2f61b6e2d04daf35788ed31a42f3fa15b012b15e5853378077b1fa9178249,720,480,217210,False,0630d7c81139b410814cf0470c39a8e7074a4407ddf4ee26b5b8d7351fc1e812,m0+m1 [expected_no_op],,
289,f0289,context-rich,m1,mask\f0289_m1.png,True,True,,448985f128177cb641934f8fc745ebb8e03f3973158369bd8ad76a7f3154af2c,5da2f61b6e2d04daf35788ed31a42f3fa15b012b15e5853378077b1fa9178249,720,480,217210,False,0630d7c81139b410814cf0470c39a8e7074a4407ddf4ee26b5b8d7351fc1e812,m0+m1 [expected_no_op],,
289,f0289,context-rich,m2,mask\f0289_m2.png,True,True,,e3af69ee67c81d28dbe903f59e59f60a447b98d36bf7bc7f49df93f2bb542b4a,96d24dd3a51688d8d2375f96097b5e0162b87a7dc6de72518aca43cd93e19743,720,480,198580,False,0630d7c81139b410814cf0470c39a8e7074a4407ddf4ee26b5b8d7351fc1e812,m2+m3+m4 [no_op_placed_but_not_occluding],,
289,f0289,context-rich,m3,mask\f0289_m3.png,True,True,,87be41bf9cdc69d901a9233148c412e7e70e42e4a74e801783ee51304653be23,96d24dd3a51688d8d2375f96097b5e0162b87a7dc6de72518aca43cd93e19743,720,480,198580,False,0630d7c81139b410814cf0470c39a8e7074a4407ddf4ee26b5b8d7351fc1e812,m2+m3+m4 [no_op_placed_but_not_occluding],,
289,f0289,context-rich,m4,mask\f0289_m4.png,True,True,,af5a4ce972d83836ddb2a52a14f802c73eda6f297a2079e133fc289f60651dd2,96d24dd3a51688d8d2375f96097b5e0162b87a7dc6de72518aca43cd93e19743,720,480,198580,False,0630d7c81139b410814cf0470c39a8e7074a4407ddf4ee26b5b8d7351fc1e812,m2+m3+m4 [no_op_placed_but_not_occluding],,
290,f0290,context-rich,m0,mask\f0290_m0.png,True,True,,48047ec3e236ebc3e9791b4bd6cc2d329f1def86dc5420187dd69997d6bcf4cf,6101971123ae1074bcc29796fb85dfc5ccdfcec32d18e0119f7ecd1dfa798474,640,480,41,False,2bcf7d0779da792891c4eaefcb09296b904fac2a0d4015e92fcef2d3c878d88e,m0+m1 [expected_no_op],,
290,f0290,context-rich,m1,mask\f0290_m1.png,True,True,,1f99c384c84e2bf88b130d99dd9bd9c053d91d6f124e5c251add4ccb25ee6d2b,6101971123ae1074bcc29796fb85dfc5ccdfcec32d18e0119f7ecd1dfa798474,640,480,41,False,2bcf7d0779da792891c4eaefcb09296b904fac2a0d4015e92fcef2d3c878d88e,m0+m1 [expected_no_op],,
290,f0290,context-rich,m2,mask\f0290_m2.png,True,True,,552a92f04436a22ae73848144429c67a976e914cc32f1540c92b627078e10c80,6233c2fd63b12dee336579f14184886c357b110337efe8e0ece8039313be942c,640,480,35,False,2bcf7d0779da792891c4eaefcb09296b904fac2a0d4015e92fcef2d3c878d88e,m2+m3+m4 [expected_no_op],,
290,f0290,context-rich,m3,mask\f0290_m3.png,True,True,,402fc9773e0d2a84b79e1298b82a40fa89dc24802b70d332dd1554b8cda29e97,6233c2fd63b12dee336579f14184886c357b110337efe8e0ece8039313be942c,640,480,35,False,2bcf7d0779da792891c4eaefcb09296b904fac2a0d4015e92fcef2d3c878d88e,m2+m3+m4 [expected_no_op],,
290,f0290,context-rich,m4,mask\f0290_m4.png,True,True,,8ae20af2cfc49537b4d71760edd123fbc497f53728114ab378c09e36490b29cf,6233c2fd63b12dee336579f14184886c357b110337efe8e0ece8039313be942c,640,480,35,False,2bcf7d0779da792891c4eaefcb09296b904fac2a0d4015e92fcef2d3c878d88e,m2+m3+m4 [expected_no_op],,
291,f0291,context-rich,m0,mask\f0291_m0.png,True,True,,8b97d105a125bfad41d70cb959ae01812731fb16f8222703e5a8bc8605b6a99a,75cd8a8fcb20ec3202734c54879de2c728952c0839b98726625ada3eb719cf5b,640,480,70945,False,316e944fb89a3a95377ae22ff074344d3846be9f254cf7d22b0049c2f4ea699c,m0+m1+m2+m3+m4 [no_op_placed_but_not_occluding],,
291,f0291,context-rich,m1,mask\f0291_m1.png,True,True,,9424b895e22279afec533e3d1dee4a7f37073b4ecaadd6899ba54a2f47ed3836,75cd8a8fcb20ec3202734c54879de2c728952c0839b98726625ada3eb719cf5b,640,480,70945,False,316e944fb89a3a95377ae22ff074344d3846be9f254cf7d22b0049c2f4ea699c,m0+m1+m2+m3+m4 [no_op_placed_but_not_occluding],,
291,f0291,context-rich,m2,mask\f0291_m2.png,True,True,,9be44c4d0bc6e4346cd15917857ece935d29162c31fc302c5c483d35ea5aa1d6,75cd8a8fcb20ec3202734c54879de2c728952c0839b98726625ada3eb719cf5b,640,480,70945,False,316e944fb89a3a95377ae22ff074344d3846be9f254cf7d22b0049c2f4ea699c,m0+m1+m2+m3+m4 [no_op_placed_but_not_occluding],,
291,f0291,context-rich,m3,mask\f0291_m3.png,True,True,,499f40a68d7ee40447be14f130c07248c75b51ddb3b76613e9af58f30df57f81,75cd8a8fcb20ec3202734c54879de2c728952c0839b98726625ada3eb719cf5b,640,480,70945,False,316e944fb89a3a95377ae22ff074344d3846be9f254cf7d22b0049c2f4ea699c,m0+m1+m2+m3+m4 [no_op_placed_but_not_occluding],,
291,f0291,context-rich,m4,mask\f0291_m4.png,True,True,,17aa74145fa1d4d2f90fcaafb8a340475af8684d98cd1b63f81e72d57da821d4,75cd8a8fcb20ec3202734c54879de2c728952c0839b98726625ada3eb719cf5b,640,480,70945,False,316e944fb89a3a95377ae22ff074344d3846be9f254cf7d22b0049c2f4ea699c,m0+m1+m2+m3+m4 [no_op_placed_but_not_occluding],,
292,f0292,controlled-occlusion,m0,mask\f0292_m0.png,False,False,missing,,,,,,,,,,
292,f0292,controlled-occlusion,m1,mask\f0292_m1.png,False,False,missing,,,,,,,,,,
292,f0292,controlled-occlusion,m2,mask\f0292_m2.png,False,False,missing,,,,,,,,,,
292,f0292,controlled-occlusion,m3,mask\f0292_m3.png,False,False,missing,,,,,,,,,,
292,f0292,controlled-occlusion,m4,mask\f0292_m4.png,False,False,missing,,,,,,,,,,
293,f0293,context-rich,m0,mask\f0293_m0.png,True,True,,7828472098af430e7cab22d96dc069aae583a8ddfea2a9a2d5be3c73ed4957e9,077ba921c709a143fc3aee9bbcafd57b2e0328af7062829f412c93083dd94f3b,560,560,55607,False,ca2da4e4aac8e5fb625d9c7547f0336921299328916eb4e134ae3d939bb51272,m0+m1+m2 [expected_no_op],,
293,f0293,context-rich,m1,mask\f0293_m1.png,True,True,,e5928f0717b206c547ed0fd6fee4e0c9618d993e3022a30e68640c010d09f59e,077ba921c709a143fc3aee9bbcafd57b2e0328af7062829f412c93083dd94f3b,560,560,55607,False,ca2da4e4aac8e5fb625d9c7547f0336921299328916eb4e134ae3d939bb51272,m0+m1+m2 [expected_no_op],,
293,f0293,context-rich,m2,mask\f0293_m2.png,True,True,,56d9fcd4a568cf1766cdecb87b12105d8c3f02be7450ffe5e902a13ea79de976,077ba921c709a143fc3aee9bbcafd57b2e0328af7062829f412c93083dd94f3b,560,560,55607,False,ca2da4e4aac8e5fb625d9c7547f0336921299328916eb4e134ae3d939bb51272,m0+m1+m2 [expected_no_op],,
293,f0293,context-rich,m3,mask\f0293_m3.png,True,True,,bb18ac464beebdae47bce796be11826917bb7d2d1bac8242428cf93a564190ab,27e632520f645caa0eb6d2120d5b4b647e1943a1675efe80f21b57d8d13bfc83,560,560,51662,False,ca2da4e4aac8e5fb625d9c7547f0336921299328916eb4e134ae3d939bb51272,m3+m4 [expected_no_op],,
293,f0293,context-rich,m4,mask\f0293_m4.png,True,True,,2dd02cf4521f65beaeb21ee96f026f237d858bc0a103ed7d35125290c8767a28,27e632520f645caa0eb6d2120d5b4b647e1943a1675efe80f21b57d8d13bfc83,560,560,51662,False,ca2da4e4aac8e5fb625d9c7547f0336921299328916eb4e134ae3d939bb51272,m3+m4 [expected_no_op],,
294,f0294,controlled-occlusion,m0,mask\f0294_m0.png,True,True,,fe82991df1ada8a8d3e4a37698855b4a113b1c4f8fb6d410619d148bd47c761d,c5584234af2462177fac7d1df82ebe330c4d5fb168a8c25c1da05a7bd4ad72d9,960,540,15413,False,40d445eb9505f6de057450013ce68295d85447a440c1c6594100a1cc311a51c4,m0+m1+m2+m3 [no_op_placed_but_not_occluding],,
294,f0294,controlled-occlusion,m1,mask\f0294_m1.png,True,True,,9607be5b576a2fa09066369216e07b3e997a69c2ff9e10b30a6988885c87ecd2,c5584234af2462177fac7d1df82ebe330c4d5fb168a8c25c1da05a7bd4ad72d9,960,540,15413,False,40d445eb9505f6de057450013ce68295d85447a440c1c6594100a1cc311a51c4,m0+m1+m2+m3 [no_op_placed_but_not_occluding],,
294,f0294,controlled-occlusion,m2,mask\f0294_m2.png,True,True,,f6b88e2c879f79df0a5e7bc89da6546273c2e12a56656d17e6e0025f873521ad,c5584234af2462177fac7d1df82ebe330c4d5fb168a8c25c1da05a7bd4ad72d9,960,540,15413,False,40d445eb9505f6de057450013ce68295d85447a440c1c6594100a1cc311a51c4,m0+m1+m2+m3 [no_op_placed_but_not_occluding],,
294,f0294,controlled-occlusion,m3,mask\f0294_m3.png,True,True,,09cecc5113b231ecac8c31fd39be72bcd84f8d5c9dc8e6cde85ddf34e5229b6a,c5584234af2462177fac7d1df82ebe330c4d5fb168a8c25c1da05a7bd4ad72d9,960,540,15413,False,40d445eb9505f6de057450013ce68295d85447a440c1c6594100a1cc311a51c4,m0+m1+m2+m3 [no_op_placed_but_not_occluding],,
294,f0294,controlled-occlusion,m4,mask\f0294_m4.png,True,True,,490e88ea998336506a5c5792927bf7edcecaf8f5fcfed36599913c4c7197d489,029beab148948ce884a55b1cd4574bd8123677be4256b57206c616859a980531,960,540,13921,False,40d445eb9505f6de057450013ce68295d85447a440c1c6594100a1cc311a51c4,,,
295,f0295,controlled-occlusion,m0,mask\f0295_m0.png,False,False,missing,,,,,,,,,,
295,f0295,controlled-occlusion,m1,mask\f0295_m1.png,False,False,missing,,,,,,,,,,
295,f0295,controlled-occlusion,m2,mask\f0295_m2.png,False,False,missing,,,,,,,,,,
295,f0295,controlled-occlusion,m3,mask\f0295_m3.png,False,False,missing,,,,,,,,,,
295,f0295,controlled-occlusion,m4,mask\f0295_m4.png,False,False,missing,,,,,,,,,,
296,f0296,context-rich,m0,mask\f0296_m0.png,True,True,,d88ea31125e3fedcad1c5c4323cccdd8cc2ee3d4850ef66b356bc9629939fbcf,f2e270252aaaddc8fb7a2161d7b61f5948294235e865b5119f55fb86eb0748b9,640,480,1656,False,d2635ec73daa8ce426fcb0481c13225b10cc4d02fe43cc69700ba2a70436a603,m0+m1+m2+m3+m4 [no_op_placed_but_not_occluding],,
296,f0296,context-rich,m1,mask\f0296_m1.png,True,True,,8db84b90d54a66952108916e5d02f34694d682d13a9a18054cde7ea06d572d95,f2e270252aaaddc8fb7a2161d7b61f5948294235e865b5119f55fb86eb0748b9,640,480,1656,False,d2635ec73daa8ce426fcb0481c13225b10cc4d02fe43cc69700ba2a70436a603,m0+m1+m2+m3+m4 [no_op_placed_but_not_occluding],,
296,f0296,context-rich,m2,mask\f0296_m2.png,True,True,,4d9c90467a3407b4c7664617ed0488b45a4c9aa72954169bdba955e2a570b0c1,f2e270252aaaddc8fb7a2161d7b61f5948294235e865b5119f55fb86eb0748b9,640,480,1656,False,d2635ec73daa8ce426fcb0481c13225b10cc4d02fe43cc69700ba2a70436a603,m0+m1+m2+m3+m4 [no_op_placed_but_not_occluding],,
296,f0296,context-rich,m3,mask\f0296_m3.png,True,True,,7450d64e2b0c9a7f2db28cda194eec6439522015ec386b5e0c3dddc86c606537,f2e270252aaaddc8fb7a2161d7b61f5948294235e865b5119f55fb86eb0748b9,640,480,1656,False,d2635ec73daa8ce426fcb0481c13225b10cc4d02fe43cc69700ba2a70436a603,m0+m1+m2+m3+m4 [no_op_placed_but_not_occluding],,
296,f0296,context-rich,m4,mask\f0296_m4.png,True,True,,32919c2d4cca10fdd7d5e5d364c7625214ff405e3806c06ff1a03de81d0462ac,f2e270252aaaddc8fb7a2161d7b61f5948294235e865b5119f55fb86eb0748b9,640,480,1656,False,d2635ec73daa8ce426fcb0481c13225b10cc4d02fe43cc69700ba2a70436a603,m0+m1+m2+m3+m4 [no_op_placed_but_not_occluding],,
297,f0297,context-rich,m0,mask\f0297_m0.png,True,True,,eaaf9d524fa666f21f6911475ce4b977bd7c3961b03405ea5b1dab94aeb8f0e0,a47d929af60404149bdbd8b3b33ba40d86fe612e73e18fd1e48443d6784cffc6,640,480,1626,False,788c29c5c6b4bd6b9ae93ed52c8aaa82a4d93a17a3e47f32ff157b90ed2225e4,m0+m1 [expected_no_op],,
297,f0297,context-rich,m1,mask\f0297_m1.png,True,True,,3b2e33b36968143239d0f1ac2e9a06ba653d1992ced78e818eef7825e3ec0294,a47d929af60404149bdbd8b3b33ba40d86fe612e73e18fd1e48443d6784cffc6,640,480,1626,False,788c29c5c6b4bd6b9ae93ed52c8aaa82a4d93a17a3e47f32ff157b90ed2225e4,m0+m1 [expected_no_op],,
297,f0297,context-rich,m2,mask\f0297_m2.png,True,True,,41316d9da72beaed5a26664e099e565a58e59f5ce5b46daddaf47ae2aa9ec8ff,a2efd957840375e062764e3032e37547bf92e12485c242d51a1ccc277bfce7aa,640,480,1259,False,788c29c5c6b4bd6b9ae93ed52c8aaa82a4d93a17a3e47f32ff157b90ed2225e4,m2+m3+m4 [no_op_placed_but_not_occluding],,
297,f0297,context-rich,m3,mask\f0297_m3.png,True,True,,e3822d3a9389638207d5620b919413dccaaf6c6cb2dc72edb2a6675988548ef8,a2efd957840375e062764e3032e37547bf92e12485c242d51a1ccc277bfce7aa,640,480,1259,False,788c29c5c6b4bd6b9ae93ed52c8aaa82a4d93a17a3e47f32ff157b90ed2225e4,m2+m3+m4 [no_op_placed_but_not_occluding],,
297,f0297,context-rich,m4,mask\f0297_m4.png,True,True,,dabe9d82d4ad712b6257ceb2910f8658a8724d07287f38f6a3b81eaec36647e7,a2efd957840375e062764e3032e37547bf92e12485c242d51a1ccc277bfce7aa,640,480,1259,False,788c29c5c6b4bd6b9ae93ed52c8aaa82a4d93a17a3e47f32ff157b90ed2225e4,m2+m3+m4 [no_op_placed_but_not_occluding],,
298,f0298,controlled-occlusion,m0,mask\f0298_m0.png,False,False,missing,,,,,,,,,,
298,f0298,controlled-occlusion,m1,mask\f0298_m1.png,False,False,missing,,,,,,,,,,
298,f0298,controlled-occlusion,m2,mask\f0298_m2.png,False,False,missing,,,,,,,,,,
298,f0298,controlled-occlusion,m3,mask\f0298_m3.png,False,False,missing,,,,,,,,,,
298,f0298,controlled-occlusion,m4,mask\f0298_m4.png,False,False,missing,,,,,,,,,,
299,f0299,context-rich,m0,mask\f0299_m0.png,True,True,,e7691468cb434102a0e6dcba90834649d9dcb8d667391de1d1f1a8742166a535,0aba335e341cbe18d11d1c8d9b167cbdf51d8c62d5256eb0f308b534c7d62fb6,960,540,292849,False,b9712fc318f0a2f42831bccf54fa46a4426b9911833f32786a5e110f20b6334f,m0+m1+m2+m3+m4 [no_op_placed_but_not_occluding],,
299,f0299,context-rich,m1,mask\f0299_m1.png,True,True,,5da4d6e71cab157d9bdf340eda03d2cacb84b7c3d914674a9c1204d378d64fc0,0aba335e341cbe18d11d1c8d9b167cbdf51d8c62d5256eb0f308b534c7d62fb6,960,540,292849,False,b9712fc318f0a2f42831bccf54fa46a4426b9911833f32786a5e110f20b6334f,m0+m1+m2+m3+m4 [no_op_placed_but_not_occluding],,
299,f0299,context-rich,m2,mask\f0299_m2.png,True,True,,7e58f287c55b96d614f58b5f5bace779c3ab8c0d43ef22c2f686487afb951050,0aba335e341cbe18d11d1c8d9b167cbdf51d8c62d5256eb0f308b534c7d62fb6,960,540,292849,False,b9712fc318f0a2f42831bccf54fa46a4426b9911833f32786a5e110f20b6334f,m0+m1+m2+m3+m4 [no_op_placed_but_not_occluding],,
299,f0299,context-rich,m3,mask\f0299_m3.png,True,True,,9242d16cf2946942d07b2a786e6636acb505510f74df2567c98b75e698caf7b7,0aba335e341cbe18d11d1c8d9b167cbdf51d8c62d5256eb0f308b534c7d62fb6,960,540,292849,False,b9712fc318f0a2f42831bccf54fa46a4426b9911833f32786a5e110f20b6334f,m0+m1+m2+m3+m4 [no_op_placed_but_not_occluding],,
299,f0299,context-rich,m4,mask\f0299_m4.png,True,True,,ad355fae99d0ab64b664be94a1093a7d327fbefe9d0a12aae3a954a0b257460b,0aba335e341cbe18d11d1c8d9b167cbdf51d8c62d5256eb0f308b534c7d62fb6,960,540,292849,False,b9712fc318f0a2f42831bccf54fa46a4426b9911833f32786a5e110f20b6334f,m0+m1+m2+m3+m4 [no_op_placed_but_not_occluding],,
300,f0300,controlled-occlusion,m0,mask\f0300_m0.png,True,True,,c9f45fe3673f435f0086c13e567584c6a7c9a2976d8f0ee6fd4a59a8a492158d,694fe9018bafe3f4226a2e5c6ec626912331a7c97ddacd05d71d960f28d68a66,640,480,678,False,5d4f131367d49be1c8acdd5a90e9ab94cf08f8f73383edc6ab3a76293a403587,m0+m1 [expected_no_op],,
300,f0300,controlled-occlusion,m1,mask\f0300_m1.png,True,True,,a7f144c61a343e6eed036918ec3e4a8432eb3be5602aa90f3710c014f14925c8,694fe9018bafe3f4226a2e5c6ec626912331a7c97ddacd05d71d960f28d68a66,640,480,678,False,5d4f131367d49be1c8acdd5a90e9ab94cf08f8f73383edc6ab3a76293a403587,m0+m1 [expected_no_op],,
300,f0300,controlled-occlusion,m2,mask\f0300_m2.png,True,True,,9fee2523d560f6149f56e5cef40977bdf323fb16356defbf864b07ecdfa0f275,d78471712702a7603d654d8442ca2744d6e7307521663d55a079676acdbff2f1,640,480,531,False,5d4f131367d49be1c8acdd5a90e9ab94cf08f8f73383edc6ab3a76293a403587,m2+m3 [expected_no_op],,
300,f0300,controlled-occlusion,m3,mask\f0300_m3.png,True,True,,80edaacd03cdff39822bba4e552f95aa651392aec918fed2c90da47a7b7fd6f9,d78471712702a7603d654d8442ca2744d6e7307521663d55a079676acdbff2f1,640,480,531,False,5d4f131367d49be1c8acdd5a90e9ab94cf08f8f73383edc6ab3a76293a403587,m2+m3 [expected_no_op],,
300,f0300,controlled-occlusion,m4,mask\f0300_m4.png,True,True,,840162df503c198ff79d0a64e75eef03c87d39001fde6d58065a30e43816ab6c,bfa481c06a40a9a0477bf42a29df12762708f14db37077c3f7105a68299b48c7,640,480,312,False,5d4f131367d49be1c8acdd5a90e9ab94cf08f8f73383edc6ab3a76293a403587,,,
301,f0301,context-rich,m0,mask\f0301_m0.png,True,True,,a6714a51ef97f65798b4f39838971bcb472d15c663c1ab99e5fb15914c702dac,ac19987c8ed10eb92a116592141f60c5efe38009b7b0d5a8c505bb5a06963023,560,560,46180,False,331343b1fbccb96165b0857dc8067530331dcc616097448b207b877aafaf3c95,m0+m1+m2 [expected_no_op],,
301,f0301,context-rich,m1,mask\f0301_m1.png,True,True,,a7c09c253cb251fdc91faab1adfcfdeb88148dcc682423647cb2b4981af8e9d4,ac19987c8ed10eb92a116592141f60c5efe38009b7b0d5a8c505bb5a06963023,560,560,46180,False,331343b1fbccb96165b0857dc8067530331dcc616097448b207b877aafaf3c95,m0+m1+m2 [expected_no_op],,
301,f0301,context-rich,m2,mask\f0301_m2.png,True,True,,a7c09c253cb251fdc91faab1adfcfdeb88148dcc682423647cb2b4981af8e9d4,ac19987c8ed10eb92a116592141f60c5efe38009b7b0d5a8c505bb5a06963023,560,560,46180,False,331343b1fbccb96165b0857dc8067530331dcc616097448b207b877aafaf3c95,m0+m1+m2 [expected_no_op],,
301,f0301,context-rich,m3,mask\f0301_m3.png,True,True,,ada61a49de26d29c1502f2f5d6c1aad5f3a0b8d14938f0f7b7652461dc171d30,0fe4374bdf0df65bdb1a880d5d43d57774876e36ba3e97fc423f2fe421730f72,560,560,46091,False,331343b1fbccb96165b0857dc8067530331dcc616097448b207b877aafaf3c95,m3+m4 [expected_no_op],,
301,f0301,context-rich,m4,mask\f0301_m4.png,True,True,,4c83cae5d0f97319847327255896608ad5267dc329780dcbeea2cd9d7bffefd2,0fe4374bdf0df65bdb1a880d5d43d57774876e36ba3e97fc423f2fe421730f72,560,560,46091,False,331343b1fbccb96165b0857dc8067530331dcc616097448b207b877aafaf3c95,m3+m4 [expected_no_op],,
302,f0302,context-rich,m0,mask\f0302_m0.png,True,True,,d4fd71e666d5831befd36c9796bd638a15ccc097f3e2f1573ca379edac6965c2,e0dc30edfaa201c0febff6cf5faaf8128a47a196f0c51ef39a943b3b2563aa67,960,540,218178,False,c2dbd90a946a783ed52552fb64d9e78d6ca4be5e7175810333a550d494420aeb,m0+m1 [expected_no_op],,
302,f0302,context-rich,m1,mask\f0302_m1.png,True,True,,e7c0d6a5f3217fad2f29391f031572c8d013e7e869aec2a76d07443d7b680e9c,e0dc30edfaa201c0febff6cf5faaf8128a47a196f0c51ef39a943b3b2563aa67,960,540,218178,False,c2dbd90a946a783ed52552fb64d9e78d6ca4be5e7175810333a550d494420aeb,m0+m1 [expected_no_op],,
302,f0302,context-rich,m2,mask\f0302_m2.png,True,True,,82c93278655c68ce0270ae5e813ad93964a461c04df57ea104a186e1661947db,97e40087ce94213743891b858a00e295a147435ed5f128b1033f10a659035b26,960,540,207140,False,c2dbd90a946a783ed52552fb64d9e78d6ca4be5e7175810333a550d494420aeb,m2+m3+m4 [no_op_placed_but_not_occluding],,
302,f0302,context-rich,m3,mask\f0302_m3.png,True,True,,1b983f9304045146f174e42fe79d13ad0b49bf2b3301c872e867b7d4dfa7c8de,97e40087ce94213743891b858a00e295a147435ed5f128b1033f10a659035b26,960,540,207140,False,c2dbd90a946a783ed52552fb64d9e78d6ca4be5e7175810333a550d494420aeb,m2+m3+m4 [no_op_placed_but_not_occluding],,
302,f0302,context-rich,m4,mask\f0302_m4.png,True,True,,19a1d64aced618c05396579c74b203148d3e8ea8554dda9d856a99700069e5da,97e40087ce94213743891b858a00e295a147435ed5f128b1033f10a659035b26,960,540,207140,False,c2dbd90a946a783ed52552fb64d9e78d6ca4be5e7175810333a550d494420aeb,m2+m3+m4 [no_op_placed_but_not_occluding],,
303,f0303,context-rich,m0,mask\f0303_m0.png,True,True,,2889edf62de0a2e05094b04a47c2d596e961d4a76f8b643a1c62c0aa480b4285,5384dfb51efd35c0b624aa00c675787e347aa14b159967eb402aa45a91369f91,640,480,2079,False,929f081880f88a7d8fa3657a787e0e974214d2bb2094436cc54113bf2edc898a,m0+m1+m2+m3+m4 [no_op_placed_but_not_occluding],,
303,f0303,context-rich,m1,mask\f0303_m1.png,True,True,,17dbc807d72ebfd11e06edb82e60e85b5114d253c4068acb65b3a20e468cfafe,5384dfb51efd35c0b624aa00c675787e347aa14b159967eb402aa45a91369f91,640,480,2079,False,929f081880f88a7d8fa3657a787e0e974214d2bb2094436cc54113bf2edc898a,m0+m1+m2+m3+m4 [no_op_placed_but_not_occluding],,
303,f0303,context-rich,m2,mask\f0303_m2.png,True,True,,510612c0cda824d533e53af5c06a4c768ee087bfefe9d55d069644c5b2545099,5384dfb51efd35c0b624aa00c675787e347aa14b159967eb402aa45a91369f91,640,480,2079,False,929f081880f88a7d8fa3657a787e0e974214d2bb2094436cc54113bf2edc898a,m0+m1+m2+m3+m4 [no_op_placed_but_not_occluding],,
303,f0303,context-rich,m3,mask\f0303_m3.png,True,True,,ebb10accd3b3428e942b92a236076766afaadf743aa597d010ef9af2cd46eb46,5384dfb51efd35c0b624aa00c675787e347aa14b159967eb402aa45a91369f91,640,480,2079,False,929f081880f88a7d8fa3657a787e0e974214d2bb2094436cc54113bf2edc898a,m0+m1+m2+m3+m4 [no_op_placed_but_not_occluding],,
303,f0303,context-rich,m4,mask\f0303_m4.png,True,True,,421e2ad0ff21f8f2c9b869c7c05b9a3a6b2e11d887d69b67c5d42bf43e589229,5384dfb51efd35c0b624aa00c675787e347aa14b159967eb402aa45a91369f91,640,480,2079,False,929f081880f88a7d8fa3657a787e0e974214d2bb2094436cc54113bf2edc898a,m0+m1+m2+m3+m4 [no_op_placed_but_not_occluding],,
304,f0304,context-rich,m0,mask\f0304_m0.png,True,True,,cc779a8602a1e8250106ce3509e7e700a8921f3e778f24831a9af7960993910a,23549b1983289b7afc57e5114b5a2e42acd74a91f5acbb6267f8d4f1ba4bb20d,960,540,26534,False,bc5bf0f8288d735db55559d006e2723e11856a1bbd38acc6b6482db4001dc280,m0+m1+m2 [expected_no_op],,
304,f0304,context-rich,m1,mask\f0304_m1.png,True,True,,9a245fdbde42e4f924d02a98da920440f1ae65a5e99d497b4c9e9f9466d387a9,23549b1983289b7afc57e5114b5a2e42acd74a91f5acbb6267f8d4f1ba4bb20d,960,540,26534,False,bc5bf0f8288d735db55559d006e2723e11856a1bbd38acc6b6482db4001dc280,m0+m1+m2 [expected_no_op],,
304,f0304,context-rich,m2,mask\f0304_m2.png,True,True,,4cf56d88487e86093208f1b383679f986d06e9fb050904f96618ccecfb9d0d5e,23549b1983289b7afc57e5114b5a2e42acd74a91f5acbb6267f8d4f1ba4bb20d,960,540,26534,False,bc5bf0f8288d735db55559d006e2723e11856a1bbd38acc6b6482db4001dc280,m0+m1+m2 [expected_no_op],,
304,f0304,context-rich,m3,mask\f0304_m3.png,True,True,,4c8ea4a3e62faa610621263b4bbb5fb8711f4c5fa8edc593a2a33dcda908123f,4a041cc42a6af717040ce48904203ef36c19b22601f64c483c01c840d10bbbc6,960,540,25740,False,bc5bf0f8288d735db55559d006e2723e11856a1bbd38acc6b6482db4001dc280,m3+m4 [expected_no_op],,
304,f0304,context-rich,m4,mask\f0304_m4.png,True,True,,7703ae588a3241462c2b69a5f736f5df9d4fddf4d852b99acd06ec0dfc0a9198,4a041cc42a6af717040ce48904203ef36c19b22601f64c483c01c840d10bbbc6,960,540,25740,False,bc5bf0f8288d735db55559d006e2723e11856a1bbd38acc6b6482db4001dc280,m3+m4 [expected_no_op],,
305,f0305,context-rich,m0,mask\f0305_m0.png,True,True,,d87cf8d05517c335c6412f24df1ccd6594b7a8874098318ce5a593439c711aee,827edc44c676628b77e08ba52cddede76f4d647c2d0f0c7e1b43e4d07537beaf,640,480,353,False,f011c9e650ddfedf043f8d84d0d7d6236d5e53a8cdd52b092b4b5aa5712f8541,m0+m1 [expected_no_op],,
305,f0305,context-rich,m1,mask\f0305_m1.png,True,True,,7b154a495c549647d7c8f7ee5aeee3a03a92914e2659dee08196f6efd53568f6,827edc44c676628b77e08ba52cddede76f4d647c2d0f0c7e1b43e4d07537beaf,640,480,353,False,f011c9e650ddfedf043f8d84d0d7d6236d5e53a8cdd52b092b4b5aa5712f8541,m0+m1 [expected_no_op],,
305,f0305,context-rich,m2,mask\f0305_m2.png,True,True,,e2455b6547cd77a0dd1db85a61fd0a55c095ecd1ea93165f285a18fbc5382dd7,aac90812ee6cac36b02c71e5e521046ef862c411ffda6ab06415b6d52421451a,640,480,238,False,f011c9e650ddfedf043f8d84d0d7d6236d5e53a8cdd52b092b4b5aa5712f8541,m2+m3+m4 [expected_no_op],,
305,f0305,context-rich,m3,mask\f0305_m3.png,True,True,,5afc992be06b9fbe0968b36f9e194076e5adb5e4506e5b0ade737cf0b9490c97,aac90812ee6cac36b02c71e5e521046ef862c411ffda6ab06415b6d52421451a,640,480,238,False,f011c9e650ddfedf043f8d84d0d7d6236d5e53a8cdd52b092b4b5aa5712f8541,m2+m3+m4 [expected_no_op],,
305,f0305,context-rich,m4,mask\f0305_m4.png,True,True,,77588b3ee704b1102a5010b13476bf0fe61ec5e0b4ba8fc6c50b90207939d2b1,aac90812ee6cac36b02c71e5e521046ef862c411ffda6ab06415b6d52421451a,640,480,238,False,f011c9e650ddfedf043f8d84d0d7d6236d5e53a8cdd52b092b4b5aa5712f8541,m2+m3+m4 [expected_no_op],,
306,f0306,context-rich,m0,mask\f0306_m0.png,True,True,,7b2b7d2e7769ecc544553dd4b482ec49fa13280a1fbeff7352cf0f2757ad56e4,0470e270fa65baaed56510e3d1423b6558dd85c3629f711712eebb74380a2ffe,720,480,4699,False,896b1b7dd252bab076d61bdec189fdbb2eee320271dd43eef093028f42a3f7ae,m0+m1+m2+m3+m4 [no_op_placed_but_not_occluding],,
306,f0306,context-rich,m1,mask\f0306_m1.png,True,True,,ca8492523fd0c691509692e5f687d53b9d26be5f34041d8b7979d4f80ed58e2e,0470e270fa65baaed56510e3d1423b6558dd85c3629f711712eebb74380a2ffe,720,480,4699,False,896b1b7dd252bab076d61bdec189fdbb2eee320271dd43eef093028f42a3f7ae,m0+m1+m2+m3+m4 [no_op_placed_but_not_occluding],,
306,f0306,context-rich,m2,mask\f0306_m2.png,True,True,,59b9cbd4999f37c0f28ad63b18419d84c6eca701c5a07e4f8a0a3a8ec4a664b9,0470e270fa65baaed56510e3d1423b6558dd85c3629f711712eebb74380a2ffe,720,480,4699,False,896b1b7dd252bab076d61bdec189fdbb2eee320271dd43eef093028f42a3f7ae,m0+m1+m2+m3+m4 [no_op_placed_but_not_occluding],,
306,f0306,context-rich,m3,mask\f0306_m3.png,True,True,,023ee0d33bb52855d35d5f41e0d964fb16337c5b520cb42bd6207bc5a098b4af,0470e270fa65baaed56510e3d1423b6558dd85c3629f711712eebb74380a2ffe,720,480,4699,False,896b1b7dd252bab076d61bdec189fdbb2eee320271dd43eef093028f42a3f7ae,m0+m1+m2+m3+m4 [no_op_placed_but_not_occluding],,
306,f0306,context-rich,m4,mask\f0306_m4.png,True,True,,db28d42a0f13985104f59932c2649b8a8c258cdcfd988ad0a567feee999830e6,0470e270fa65baaed56510e3d1423b6558dd85c3629f711712eebb74380a2ffe,720,480,4699,False,896b1b7dd252bab076d61bdec189fdbb2eee320271dd43eef093028f42a3f7ae,m0+m1+m2+m3+m4 [no_op_placed_but_not_occluding],,
307,f0307,context-rich,m0,mask\f0307_m0.png,True,True,,69fdcb17b6d2273711b6b9e2543a86f72ae4762c286804e016ddc33af5b40fa2,c34c645beff123e792d233f5c349a131d2b74a792d0a281b68cfd134c3433896,640,480,83393,False,75eb1dca27d0e34d60f3ebbdf4d15dd49f12de0e347bff633b96df562f4f1fb0,m0+m1 [expected_no_op],,
307,f0307,context-rich,m1,mask\f0307_m1.png,True,True,,744e7605b8bc7236bbf315d1cdc303c193b0d3b7b7303bfa2e71464920c50e2a,c34c645beff123e792d233f5c349a131d2b74a792d0a281b68cfd134c3433896,640,480,83393,False,75eb1dca27d0e34d60f3ebbdf4d15dd49f12de0e347bff633b96df562f4f1fb0,m0+m1 [expected_no_op],,
307,f0307,context-rich,m2,mask\f0307_m2.png,True,True,,3db54990d3cb82ec404584037834ff1300d5e85f72bad70b7883403fed96dd5a,c6dc1daf9b892c08b51a564df3ea41164d51b3fa875257db6f62e456a05385e6,640,480,69669,False,75eb1dca27d0e34d60f3ebbdf4d15dd49f12de0e347bff633b96df562f4f1fb0,m2+m3+m4 [no_op_placed_but_not_occluding],,
307,f0307,context-rich,m3,mask\f0307_m3.png,True,True,,f02aa74332a6f9c2314a1a0267e9d016dc8efa7163c1c05af5159d685facce6a,c6dc1daf9b892c08b51a564df3ea41164d51b3fa875257db6f62e456a05385e6,640,480,69669,False,75eb1dca27d0e34d60f3ebbdf4d15dd49f12de0e347bff633b96df562f4f1fb0,m2+m3+m4 [no_op_placed_but_not_occluding],,
307,f0307,context-rich,m4,mask\f0307_m4.png,True,True,,e92de39bdb11091dba90f5f0460fff7f41cafe83138889e71593f2e721a68a2a,c6dc1daf9b892c08b51a564df3ea41164d51b3fa875257db6f62e456a05385e6,640,480,69669,False,75eb1dca27d0e34d60f3ebbdf4d15dd49f12de0e347bff633b96df562f4f1fb0,m2+m3+m4 [no_op_placed_but_not_occluding],,
308,f0308,controlled-occlusion,m0,mask\f0308_m0.png,False,False,missing,,,,,,,,,,
308,f0308,controlled-occlusion,m1,mask\f0308_m1.png,False,False,missing,,,,,,,,,,
308,f0308,controlled-occlusion,m2,mask\f0308_m2.png,False,False,missing,,,,,,,,,,
308,f0308,controlled-occlusion,m3,mask\f0308_m3.png,False,False,missing,,,,,,,,,,
308,f0308,controlled-occlusion,m4,mask\f0308_m4.png,False,False,missing,,,,,,,,,,
309,f0309,controlled-occlusion,m0,mask\f0309_m0.png,False,False,missing,,,,,,,,,,
309,f0309,controlled-occlusion,m1,mask\f0309_m1.png,False,False,missing,,,,,,,,,,
309,f0309,controlled-occlusion,m2,mask\f0309_m2.png,False,False,missing,,,,,,,,,,
309,f0309,controlled-occlusion,m3,mask\f0309_m3.png,False,False,missing,,,,,,,,,,
309,f0309,controlled-occlusion,m4,mask\f0309_m4.png,False,False,missing,,,,,,,,,,
310,f0310,controlled-occlusion,m0,mask\f0310_m0.png,True,True,,6e53f59b59a0a8516d07a6c69f7ca3f09e626e3a6af3bcdef6d71dc8669ff3a8,62e567eecfc0c17403841e27f0851461cd9a405bdad250005f1ebf6888c8b52a,640,480,601,False,db51cbf00af9ef23ed8474c6880a9cfe6c1f68cfa70b7690fbb53dcd99a1fa52,m0+m1+m2+m3 [no_op_placed_but_not_occluding],,
310,f0310,controlled-occlusion,m1,mask\f0310_m1.png,True,True,,b2729cfa6f30bf4b8f8a1e6d5eda8f96b1fc4a693cfee61a7b022d1177067fa4,62e567eecfc0c17403841e27f0851461cd9a405bdad250005f1ebf6888c8b52a,640,480,601,False,db51cbf00af9ef23ed8474c6880a9cfe6c1f68cfa70b7690fbb53dcd99a1fa52,m0+m1+m2+m3 [no_op_placed_but_not_occluding],,
310,f0310,controlled-occlusion,m2,mask\f0310_m2.png,True,True,,3bed9ff4c368ea2fa5c3c70869f7b6df90cd2ca70ef0d27add2d8dd7410b87e2,62e567eecfc0c17403841e27f0851461cd9a405bdad250005f1ebf6888c8b52a,640,480,601,False,db51cbf00af9ef23ed8474c6880a9cfe6c1f68cfa70b7690fbb53dcd99a1fa52,m0+m1+m2+m3 [no_op_placed_but_not_occluding],,
310,f0310,controlled-occlusion,m3,mask\f0310_m3.png,True,True,,957c5b58c7e7c1b9ee240b1350aab042ee8a759a6409f60a522563a1bb9adeee,62e567eecfc0c17403841e27f0851461cd9a405bdad250005f1ebf6888c8b52a,640,480,601,False,db51cbf00af9ef23ed8474c6880a9cfe6c1f68cfa70b7690fbb53dcd99a1fa52,m0+m1+m2+m3 [no_op_placed_but_not_occluding],,
310,f0310,controlled-occlusion,m4,mask\f0310_m4.png,True,True,,f06e6fe41f847573fe87b2bcb20d973f349d6aa57ca35e2d0aa0056dd02d2db8,592c98bc5ca36e50eddcb6be98ca96d6710a19aac1576dc59cce5dd9194fa181,640,480,428,False,db51cbf00af9ef23ed8474c6880a9cfe6c1f68cfa70b7690fbb53dcd99a1fa52,,,
311,f0311,context-rich,m0,mask\f0311_m0.png,True,True,,01645e8ea82ec832122cc21d55a8133c96950c13d4d22f9541efade01664c581,2d70215ba39b85fd9bc2f585e635d60862746657d6d91a0670d73e0d2521230d,560,560,41981,False,c617eef714babe4050422833a819a0960ef56f2291ebf9f09a571758fd1069d3,m0+m1 [expected_no_op],,
311,f0311,context-rich,m1,mask\f0311_m1.png,True,True,,f70a63606dc21940dcbe3a44fd5ea46d1e2263de896ff536c2e672764779ef1c,2d70215ba39b85fd9bc2f585e635d60862746657d6d91a0670d73e0d2521230d,560,560,41981,False,c617eef714babe4050422833a819a0960ef56f2291ebf9f09a571758fd1069d3,m0+m1 [expected_no_op],,
311,f0311,context-rich,m2,mask\f0311_m2.png,True,True,,db7400613f3c4471ae8cc58ec8075d698d732a9cd85fee9b6e57c4827160a09a,95fa8bda6c61089f059f01bca51ef839c3da4e2929ec4e38eeeefa393c0be0f0,560,560,35802,False,c617eef714babe4050422833a819a0960ef56f2291ebf9f09a571758fd1069d3,m2+m3+m4 [no_op_placed_but_not_occluding],,
311,f0311,context-rich,m3,mask\f0311_m3.png,True,True,,6760b98d8398f4fccb04093ca879058d9addabb98c5307334460479ae888e3d6,95fa8bda6c61089f059f01bca51ef839c3da4e2929ec4e38eeeefa393c0be0f0,560,560,35802,False,c617eef714babe4050422833a819a0960ef56f2291ebf9f09a571758fd1069d3,m2+m3+m4 [no_op_placed_but_not_occluding],,
311,f0311,context-rich,m4,mask\f0311_m4.png,True,True,,aeb5ef410ee1943b9a71c510b4d500d70d7d31b569925a36957947437468a5a5,95fa8bda6c61089f059f01bca51ef839c3da4e2929ec4e38eeeefa393c0be0f0,560,560,35802,False,c617eef714babe4050422833a819a0960ef56f2291ebf9f09a571758fd1069d3,m2+m3+m4 [no_op_placed_but_not_occluding],,
312,f0312,controlled-occlusion,m0,mask\f0312_m0.png,False,False,missing,,,,,,,,,,
312,f0312,controlled-occlusion,m1,mask\f0312_m1.png,False,False,missing,,,,,,,,,,
312,f0312,controlled-occlusion,m2,mask\f0312_m2.png,False,False,missing,,,,,,,,,,
312,f0312,controlled-occlusion,m3,mask\f0312_m3.png,False,False,missing,,,,,,,,,,
312,f0312,controlled-occlusion,m4,mask\f0312_m4.png,False,False,missing,,,,,,,,,,
313,f0313,controlled-occlusion,m0,mask\f0313_m0.png,True,True,,4d7b446eda98cc26f4faceae089781054471d839d1fef18e669e84e3f1fa7836,4cccd10479056335387cdd36f8f38e25be0afd11261c16ad4e53bba22d9272b5,960,540,6886,False,c6893a8816b4dba7f0596de623ae10eb486a91179ab0e64d3c487454d139b5e9,m0+m1+m2+m3 [no_op_placed_but_not_occluding],,
313,f0313,controlled-occlusion,m1,mask\f0313_m1.png,True,True,,304ec834e41495f6b8f3fed7a6178da764b2d2613655aa363f2c83db572a92de,4cccd10479056335387cdd36f8f38e25be0afd11261c16ad4e53bba22d9272b5,960,540,6886,False,c6893a8816b4dba7f0596de623ae10eb486a91179ab0e64d3c487454d139b5e9,m0+m1+m2+m3 [no_op_placed_but_not_occluding],,
313,f0313,controlled-occlusion,m2,mask\f0313_m2.png,True,True,,f317f38014c6c3ceec0af16ce59bcc597978738f4a96639f382dbdddf695cda3,4cccd10479056335387cdd36f8f38e25be0afd11261c16ad4e53bba22d9272b5,960,540,6886,False,c6893a8816b4dba7f0596de623ae10eb486a91179ab0e64d3c487454d139b5e9,m0+m1+m2+m3 [no_op_placed_but_not_occluding],,
313,f0313,controlled-occlusion,m3,mask\f0313_m3.png,True,True,,d263e6a57bc185f1e9ea4af46c659751fd7cbfec82577c8f82277e51dda90570,4cccd10479056335387cdd36f8f38e25be0afd11261c16ad4e53bba22d9272b5,960,540,6886,False,c6893a8816b4dba7f0596de623ae10eb486a91179ab0e64d3c487454d139b5e9,m0+m1+m2+m3 [no_op_placed_but_not_occluding],,
313,f0313,controlled-occlusion,m4,mask\f0313_m4.png,True,True,,3ba0e39cb7b667ad21f4576c87d2b63982a83245e09c77cace195701985674e4,ad2541a0aa31f68269e3f89bf5bace9d404caa5c1c1a967711bd3bdeb2ff639a,960,540,4822,False,c6893a8816b4dba7f0596de623ae10eb486a91179ab0e64d3c487454d139b5e9,,,
314,f0314,context-rich,m0,mask\f0314_m0.png,True,True,,58bd238876e86959796916987ee519c29bf53f281f9c7dd47292de50b97dc721,61b3374d33782f49480575a720b37c8853f95be40381fa7128d7d98f8410d613,720,480,115258,False,f1fcccf66bd7507949969e9d18c8cefe80304fa22c634cb89c7237439083f4eb,m0+m1+m2+m3+m4 [no_op_placed_but_not_occluding],,
314,f0314,context-rich,m1,mask\f0314_m1.png,True,True,,df51c3e102993de09f208b012212c6531657f9454919ec462d55329e80206fb6,61b3374d33782f49480575a720b37c8853f95be40381fa7128d7d98f8410d613,720,480,115258,False,f1fcccf66bd7507949969e9d18c8cefe80304fa22c634cb89c7237439083f4eb,m0+m1+m2+m3+m4 [no_op_placed_but_not_occluding],,
314,f0314,context-rich,m2,mask\f0314_m2.png,True,True,,fc07247562c9b63d79afc958a2b9233b07c09316c22f9427a9ec8180318c9364,61b3374d33782f49480575a720b37c8853f95be40381fa7128d7d98f8410d613,720,480,115258,False,f1fcccf66bd7507949969e9d18c8cefe80304fa22c634cb89c7237439083f4eb,m0+m1+m2+m3+m4 [no_op_placed_but_not_occluding],,
314,f0314,context-rich,m3,mask\f0314_m3.png,True,True,,bd34145e3e8906c406e22c0704ddad782f527bbc4bd4eeeaabed631277b2e876,61b3374d33782f49480575a720b37c8853f95be40381fa7128d7d98f8410d613,720,480,115258,False,f1fcccf66bd7507949969e9d18c8cefe80304fa22c634cb89c7237439083f4eb,m0+m1+m2+m3+m4 [no_op_placed_but_not_occluding],,
314,f0314,context-rich,m4,mask\f0314_m4.png,True,True,,1421c2af885c8fe7012a6805fa918007c27e95cffe143c04275613dbf9596271,61b3374d33782f49480575a720b37c8853f95be40381fa7128d7d98f8410d613,720,480,115258,False,f1fcccf66bd7507949969e9d18c8cefe80304fa22c634cb89c7237439083f4eb,m0+m1+m2+m3+m4 [no_op_placed_but_not_occluding],,
315,f0315,controlled-occlusion,m0,mask\f0315_m0.png,False,False,missing,,,,,,,,,,
315,f0315,controlled-occlusion,m1,mask\f0315_m1.png,False,False,missing,,,,,,,,,,
315,f0315,controlled-occlusion,m2,mask\f0315_m2.png,False,False,missing,,,,,,,,,,
315,f0315,controlled-occlusion,m3,mask\f0315_m3.png,False,False,missing,,,,,,,,,,
315,f0315,controlled-occlusion,m4,mask\f0315_m4.png,False,False,missing,,,,,,,,,,
316,f0316,context-rich,m0,mask\f0316_m0.png,True,True,,1cba400b5aec8a9022a078b21cec8d94aaed52e5b54569998f512406bbc0d34c,3289c5ff3a2482fa329d0a55e7077c394e8a57b0a427cda1b204170962261e1e,640,480,1998,False,bb37a36dccfc7c056e1a58010cf01cb12d58b600975b41ff39e54be5cf9ed94d,m0+m1+m2+m3+m4 [no_op_placed_but_not_occluding],,
316,f0316,context-rich,m1,mask\f0316_m1.png,True,True,,c491865cb90499e42930ced83bf47c196e54c3f138934d06db3e9e02ed073001,3289c5ff3a2482fa329d0a55e7077c394e8a57b0a427cda1b204170962261e1e,640,480,1998,False,bb37a36dccfc7c056e1a58010cf01cb12d58b600975b41ff39e54be5cf9ed94d,m0+m1+m2+m3+m4 [no_op_placed_but_not_occluding],,
316,f0316,context-rich,m2,mask\f0316_m2.png,True,True,,e5285225083dbb780e58ef1ec52b5155b881af0d2d43860572d67c622f6255ad,3289c5ff3a2482fa329d0a55e7077c394e8a57b0a427cda1b204170962261e1e,640,480,1998,False,bb37a36dccfc7c056e1a58010cf01cb12d58b600975b41ff39e54be5cf9ed94d,m0+m1+m2+m3+m4 [no_op_placed_but_not_occluding],,
316,f0316,context-rich,m3,mask\f0316_m3.png,True,True,,6cc99a640276c68e1a5f7c853231b6b55ab2434b107538a2ef681aa96a4dfd78,3289c5ff3a2482fa329d0a55e7077c394e8a57b0a427cda1b204170962261e1e,640,480,1998,False,bb37a36dccfc7c056e1a58010cf01cb12d58b600975b41ff39e54be5cf9ed94d,m0+m1+m2+m3+m4 [no_op_placed_but_not_occluding],,
316,f0316,context-rich,m4,mask\f0316_m4.png,True,True,,6cc99a640276c68e1a5f7c853231b6b55ab2434b107538a2ef681aa96a4dfd78,3289c5ff3a2482fa329d0a55e7077c394e8a57b0a427cda1b204170962261e1e,640,480,1998,False,bb37a36dccfc7c056e1a58010cf01cb12d58b600975b41ff39e54be5cf9ed94d,m0+m1+m2+m3+m4 [no_op_placed_but_not_occluding],,
317,f0317,context-rich,m0,mask\f0317_m0.png,True,True,,df3ca6a9de5101e9395a9e5913210a84fe64331596415c4317f5616e95a5cad6,e232e0b0d4aad2d1149d2baf6f484e05759a2a3bdc6357479282cc8d7a28eb5b,640,480,6458,False,dac864b875e0a56de3726ac28a5a581fb806fcb944d9d66d25a0afacd77117ba,m0+m1 [expected_no_op],,
317,f0317,context-rich,m1,mask\f0317_m1.png,True,True,,a22ebbbbbb5f104a56796e415e5d0ca3dfe66ca95b083f074b7c0d68c4db3f38,e232e0b0d4aad2d1149d2baf6f484e05759a2a3bdc6357479282cc8d7a28eb5b,640,480,6458,False,dac864b875e0a56de3726ac28a5a581fb806fcb944d9d66d25a0afacd77117ba,m0+m1 [expected_no_op],,
317,f0317,context-rich,m2,mask\f0317_m2.png,True,True,,1a0f8e521ce457bb09da6aec1eef8196f746a60fe1ba49cb22b918c615423a06,c9dbae2ed592d3d7b5419f5a20da0ec1721e3aa45f3a602ba113794b749a23d8,640,480,6453,False,dac864b875e0a56de3726ac28a5a581fb806fcb944d9d66d25a0afacd77117ba,m2+m3+m4 [no_op_placed_but_not_occluding],,
317,f0317,context-rich,m3,mask\f0317_m3.png,True,True,,45723a223dd09156a405f6bf1fec663d265493dc264881f8ea3cbf3fd1a8d742,c9dbae2ed592d3d7b5419f5a20da0ec1721e3aa45f3a602ba113794b749a23d8,640,480,6453,False,dac864b875e0a56de3726ac28a5a581fb806fcb944d9d66d25a0afacd77117ba,m2+m3+m4 [no_op_placed_but_not_occluding],,
317,f0317,context-rich,m4,mask\f0317_m4.png,True,True,,c5b996c1c92022f3c3e035a383d3e75f3394ef4e450e7df67f98bb358451efcc,c9dbae2ed592d3d7b5419f5a20da0ec1721e3aa45f3a602ba113794b749a23d8,640,480,6453,False,dac864b875e0a56de3726ac28a5a581fb806fcb944d9d66d25a0afacd77117ba,m2+m3+m4 [no_op_placed_but_not_occluding],,
318,f0318,context-rich,m0,mask\f0318_m0.png,True,True,,f674eaec6d0444ea81bb8a0b846c79042ee252f796146d7d2e096293a5d677b4,68242d9c42a28c0432a4c72c25dcf85dae551a24f8d4f6e833fe57efd3a29c8e,640,480,3782,False,6c1c41cc36b7c5249320b29615d917b3529b6d4a08aa04bdfc578efbcc8bcd5a,m0+m1+m2+m3+m4 [no_op_placed_but_not_occluding],,
318,f0318,context-rich,m1,mask\f0318_m1.png,True,True,,bf640afd50b82d89de28cc4f2c95ddc2182ec6eb9350a3deee7effe5933df560,68242d9c42a28c0432a4c72c25dcf85dae551a24f8d4f6e833fe57efd3a29c8e,640,480,3782,False,6c1c41cc36b7c5249320b29615d917b3529b6d4a08aa04bdfc578efbcc8bcd5a,m0+m1+m2+m3+m4 [no_op_placed_but_not_occluding],,
318,f0318,context-rich,m2,mask\f0318_m2.png,True,True,,403129e611d717872246bea8fe4087dce7fffe37032390bc05140f9b90f230af,68242d9c42a28c0432a4c72c25dcf85dae551a24f8d4f6e833fe57efd3a29c8e,640,480,3782,False,6c1c41cc36b7c5249320b29615d917b3529b6d4a08aa04bdfc578efbcc8bcd5a,m0+m1+m2+m3+m4 [no_op_placed_but_not_occluding],,
318,f0318,context-rich,m3,mask\f0318_m3.png,True,True,,8074a48d8e6d1d95d08987ecec9f5eaa41a88897210a5c8c166667d8177b22ec,68242d9c42a28c0432a4c72c25dcf85dae551a24f8d4f6e833fe57efd3a29c8e,640,480,3782,False,6c1c41cc36b7c5249320b29615d917b3529b6d4a08aa04bdfc578efbcc8bcd5a,m0+m1+m2+m3+m4 [no_op_placed_but_not_occluding],,
318,f0318,context-rich,m4,mask\f0318_m4.png,True,True,,de5ffd53b13005a893de8ca41e8479fe5eb2fe93d6e41e928024c2cd5c214eda,68242d9c42a28c0432a4c72c25dcf85dae551a24f8d4f6e833fe57efd3a29c8e,640,480,3782,False,6c1c41cc36b7c5249320b29615d917b3529b6d4a08aa04bdfc578efbcc8bcd5a,m0+m1+m2+m3+m4 [no_op_placed_but_not_occluding],,
319,f0319,context-rich,m0,mask\f0319_m0.png,True,True,,b13ad88feecc519f3ff15c161ede8da77cc0cc3ea35bc6e7b73a3cae5ad6198a,42dc2944599d19b5e31a56b473b165862e47d93667c3da92305a979a85515d26,960,540,173870,False,8e9d3d16094ed2ad4f7050879872c7220d4e5050076380ae90c1c4d9448213c0,m0+m1 [expected_no_op],,
319,f0319,context-rich,m1,mask\f0319_m1.png,True,True,,50cafc6ca0a6d458ef8cd76f677bc394967d519933585cd380aaa97d0473c44b,42dc2944599d19b5e31a56b473b165862e47d93667c3da92305a979a85515d26,960,540,173870,False,8e9d3d16094ed2ad4f7050879872c7220d4e5050076380ae90c1c4d9448213c0,m0+m1 [expected_no_op],,
319,f0319,context-rich,m2,mask\f0319_m2.png,True,True,,5750ebc3374acd99823e021c3fb90eb655e9f7fa2a5c6521986178452594cfd8,5b953e678e176a9e8efc42bbf95d7e33d555c60fdb514a5bd623b3c346183428,960,540,145524,False,8e9d3d16094ed2ad4f7050879872c7220d4e5050076380ae90c1c4d9448213c0,m2+m3+m4 [no_op_placed_but_not_occluding],,
319,f0319,context-rich,m3,mask\f0319_m3.png,True,True,,e036ed1e46b13dee10a521f64998f98e4aace414b2b1db9fa8bb3853fe2220fa,5b953e678e176a9e8efc42bbf95d7e33d555c60fdb514a5bd623b3c346183428,960,540,145524,False,8e9d3d16094ed2ad4f7050879872c7220d4e5050076380ae90c1c4d9448213c0,m2+m3+m4 [no_op_placed_but_not_occluding],,
319,f0319,context-rich,m4,mask\f0319_m4.png,True,True,,ed1521a1e38207e393bcf70c7087072984dd20223bb023f5f084cf58307c845e,5b953e678e176a9e8efc42bbf95d7e33d555c60fdb514a5bd623b3c346183428,960,540,145524,False,8e9d3d16094ed2ad4f7050879872c7220d4e5050076380ae90c1c4d9448213c0,m2+m3+m4 [no_op_placed_but_not_occluding],,
320,f0320,context-rich,m0,mask\f0320_m0.png,True,True,,098e47839c1739c6ecc9a37e4c04cb4aa35bf646449b84869106d43467f15e65,7253233eb9cfafcb1a3dcd2b507cadae82ea729e04a7e4cac82a4e2f614e072b,640,480,22941,False,46ae1507ac5de4b9df9ce5a18e486bfa184b8e66f50cc1c1a1a0a18160868051,m0+m1+m2+m3+m4 [no_op_placed_but_not_occluding],,
320,f0320,context-rich,m1,mask\f0320_m1.png,True,True,,2c8ce4a7a04238e60f9c330264f4b2f89afb00fb1b5c0ee172e7af3f2aa4aad7,7253233eb9cfafcb1a3dcd2b507cadae82ea729e04a7e4cac82a4e2f614e072b,640,480,22941,False,46ae1507ac5de4b9df9ce5a18e486bfa184b8e66f50cc1c1a1a0a18160868051,m0+m1+m2+m3+m4 [no_op_placed_but_not_occluding],,
320,f0320,context-rich,m2,mask\f0320_m2.png,True,True,,ece7ff509253a113002294ad77794c3bd91c2b28f4f071f3160e2ba5ff6ebe32,7253233eb9cfafcb1a3dcd2b507cadae82ea729e04a7e4cac82a4e2f614e072b,640,480,22941,False,46ae1507ac5de4b9df9ce5a18e486bfa184b8e66f50cc1c1a1a0a18160868051,m0+m1+m2+m3+m4 [no_op_placed_but_not_occluding],,
320,f0320,context-rich,m3,mask\f0320_m3.png,True,True,,b9649a3537aae917ba80ed37dd5dc3c519b5ea3b73d0d815fb468b0c203c6395,7253233eb9cfafcb1a3dcd2b507cadae82ea729e04a7e4cac82a4e2f614e072b,640,480,22941,False,46ae1507ac5de4b9df9ce5a18e486bfa184b8e66f50cc1c1a1a0a18160868051,m0+m1+m2+m3+m4 [no_op_placed_but_not_occluding],,
320,f0320,context-rich,m4,mask\f0320_m4.png,True,True,,fa0de892224824e0bf205f8250511a33edc6604abe44d60b36dc7164664c8ca7,7253233eb9cfafcb1a3dcd2b507cadae82ea729e04a7e4cac82a4e2f614e072b,640,480,22941,False,46ae1507ac5de4b9df9ce5a18e486bfa184b8e66f50cc1c1a1a0a18160868051,m0+m1+m2+m3+m4 [no_op_placed_but_not_occluding],,
321,f0321,context-rich,m0,mask\f0321_m0.png,True,True,,9559f1a2cc53a87ee68c943a996b637e3f2d9e30d553b9bbeb406bf7e8612888,c105fa325caceb4602d51cd9be6c40f3d7ffa4444241086da6c6662fe61ad74f,960,540,0,True,76e2e504b9359ec3cc628d3a8ddad67756abd45c3e0fe0a498b7f72814f9d9b8,m0+m1+m2+m3+m4 [unverified_no_op],4,empty_target_defect
321,f0321,context-rich,m1,mask\f0321_m1.png,True,True,,0101bbac48969519a471d1895e9a780d627dce0a6563cae7ac5d09d5622096b6,c105fa325caceb4602d51cd9be6c40f3d7ffa4444241086da6c6662fe61ad74f,960,540,0,True,76e2e504b9359ec3cc628d3a8ddad67756abd45c3e0fe0a498b7f72814f9d9b8,m0+m1+m2+m3+m4 [unverified_no_op],4,all_black_stage_duplicate
321,f0321,context-rich,m2,mask\f0321_m2.png,True,True,,ab21e6e18d6f2f3f775abd581f935be27fc74d61e22d5b7f5ae3e293b0e7d724,c105fa325caceb4602d51cd9be6c40f3d7ffa4444241086da6c6662fe61ad74f,960,540,0,True,76e2e504b9359ec3cc628d3a8ddad67756abd45c3e0fe0a498b7f72814f9d9b8,m0+m1+m2+m3+m4 [unverified_no_op],4,all_black_stage_duplicate
321,f0321,context-rich,m3,mask\f0321_m3.png,True,True,,1212fb5d92bfb7ba98a54e356961f0ddf68a9a83c3f1323103d3e659e3fd5bdf,c105fa325caceb4602d51cd9be6c40f3d7ffa4444241086da6c6662fe61ad74f,960,540,0,True,76e2e504b9359ec3cc628d3a8ddad67756abd45c3e0fe0a498b7f72814f9d9b8,m0+m1+m2+m3+m4 [unverified_no_op],4,all_black_stage_duplicate
321,f0321,context-rich,m4,mask\f0321_m4.png,True,True,,61cb4154366138eac67f3795b69b1c3a73987b0ac71a83cdf02313d4ec14a63b,c105fa325caceb4602d51cd9be6c40f3d7ffa4444241086da6c6662fe61ad74f,960,540,0,True,76e2e504b9359ec3cc628d3a8ddad67756abd45c3e0fe0a498b7f72814f9d9b8,m0+m1+m2+m3+m4 [unverified_no_op],4,all_black_stage_duplicate
322,f0322,controlled-occlusion,m0,mask\f0322_m0.png,True,True,,b8505f2a82eb224c6c36022cb3fa780c30985227817946672ec8b1a4683b2ae1,01e81cd53ac2c5574b6ef7ef047862d87181efecd91f40cfef29582edc073dca,560,560,4993,False,586d20332798ff6e2e39ffae65971e5a39c9c38a6ef25c7ac4ed165ea6454d25,m0+m1+m2+m3 [no_op_placed_but_not_occluding],,
322,f0322,controlled-occlusion,m1,mask\f0322_m1.png,True,True,,622d60f7c12535d0832ecf8e51eec55d2e1635f846b85743b872f3ce5c170c22,01e81cd53ac2c5574b6ef7ef047862d87181efecd91f40cfef29582edc073dca,560,560,4993,False,586d20332798ff6e2e39ffae65971e5a39c9c38a6ef25c7ac4ed165ea6454d25,m0+m1+m2+m3 [no_op_placed_but_not_occluding],,
322,f0322,controlled-occlusion,m2,mask\f0322_m2.png,True,True,,06535cf12003d7c15c6aeebc4b068b5fe6978c5e86e77ffdcb356efb00198001,01e81cd53ac2c5574b6ef7ef047862d87181efecd91f40cfef29582edc073dca,560,560,4993,False,586d20332798ff6e2e39ffae65971e5a39c9c38a6ef25c7ac4ed165ea6454d25,m0+m1+m2+m3 [no_op_placed_but_not_occluding],,
322,f0322,controlled-occlusion,m3,mask\f0322_m3.png,True,True,,3620ff01251e4580528767e625bb412a66dd15708bccdb6ca732cff5aab0c2e3,01e81cd53ac2c5574b6ef7ef047862d87181efecd91f40cfef29582edc073dca,560,560,4993,False,586d20332798ff6e2e39ffae65971e5a39c9c38a6ef25c7ac4ed165ea6454d25,m0+m1+m2+m3 [no_op_placed_but_not_occluding],,
322,f0322,controlled-occlusion,m4,mask\f0322_m4.png,True,True,,53ecb5d7499ed66ce8b54209a53e00b288125a571f8b2e4187278096e41c6cbd,18a190d6317884dc9fde18e0d71df0ee9597db2f4babce5c73b7e4f73f8f130e,560,560,2985,False,586d20332798ff6e2e39ffae65971e5a39c9c38a6ef25c7ac4ed165ea6454d25,,,
323,f0323,context-rich,m0,mask\f0323_m0.png,True,True,,768ff7e2083e1d5f1865a958d93c3bcc2d2184088803c225ca86bcf6a003fe4b,1221c5aee3db7a8fff3940a370a22e3c3fc13245301d25536d7b3ee9169f5eac,640,480,12640,False,9ee58d225e4c2c07fdf2b3768d4a7bef69b9f7e585bd4bb91497dcc1d8cd501f,m0+m1+m2+m3+m4 [no_op_placed_but_not_occluding],,
323,f0323,context-rich,m1,mask\f0323_m1.png,True,True,,9f7e1063917f22d4234bd0f28d2b7293f5a2c2da07324a51e53ee8b29bd7e91b,1221c5aee3db7a8fff3940a370a22e3c3fc13245301d25536d7b3ee9169f5eac,640,480,12640,False,9ee58d225e4c2c07fdf2b3768d4a7bef69b9f7e585bd4bb91497dcc1d8cd501f,m0+m1+m2+m3+m4 [no_op_placed_but_not_occluding],,
323,f0323,context-rich,m2,mask\f0323_m2.png,True,True,,2bd15853f82225c42cfc5968f956ccfe1b76e481844d89542118269544d29852,1221c5aee3db7a8fff3940a370a22e3c3fc13245301d25536d7b3ee9169f5eac,640,480,12640,False,9ee58d225e4c2c07fdf2b3768d4a7bef69b9f7e585bd4bb91497dcc1d8cd501f,m0+m1+m2+m3+m4 [no_op_placed_but_not_occluding],,
323,f0323,context-rich,m3,mask\f0323_m3.png,True,True,,0300983fad75d952f3217e7197db900270036ee5051849707e87d63b6aea6dc3,1221c5aee3db7a8fff3940a370a22e3c3fc13245301d25536d7b3ee9169f5eac,640,480,12640,False,9ee58d225e4c2c07fdf2b3768d4a7bef69b9f7e585bd4bb91497dcc1d8cd501f,m0+m1+m2+m3+m4 [no_op_placed_but_not_occluding],,
323,f0323,context-rich,m4,mask\f0323_m4.png,True,True,,e9fbb6d0036377a94c3f5fc97341fa252531fb37e5ed0b5b40492378f6dcbd4a,1221c5aee3db7a8fff3940a370a22e3c3fc13245301d25536d7b3ee9169f5eac,640,480,12640,False,9ee58d225e4c2c07fdf2b3768d4a7bef69b9f7e585bd4bb91497dcc1d8cd501f,m0+m1+m2+m3+m4 [no_op_placed_but_not_occluding],,
324,f0324,context-rich,m0,mask\f0324_m0.png,True,True,,c9ed8cde66dd85183fd37afd4af1f53bc8b5fc5a545c3335d2d1f9be00d5c5ad,b9a273535b76ed9076602e20c790c66173e6ccdc61b350416fd88e6bfa834535,960,540,149158,False,46e24c7703716d8d83f6c2ab29409da9d892a7e1dbcca9619b528703fd613698,m0+m1+m2 [expected_no_op],,
324,f0324,context-rich,m1,mask\f0324_m1.png,True,True,,0424df910f20b02ff41f9ace8a8aac6f29df28b8a56e0bf4e98b7de5b8edb29a,b9a273535b76ed9076602e20c790c66173e6ccdc61b350416fd88e6bfa834535,960,540,149158,False,46e24c7703716d8d83f6c2ab29409da9d892a7e1dbcca9619b528703fd613698,m0+m1+m2 [expected_no_op],,
324,f0324,context-rich,m2,mask\f0324_m2.png,True,True,,90006dd22c8e7a90ea7441e994f435d699ad85b0ae8e97d5b9eed6bce0a9dbe8,b9a273535b76ed9076602e20c790c66173e6ccdc61b350416fd88e6bfa834535,960,540,149158,False,46e24c7703716d8d83f6c2ab29409da9d892a7e1dbcca9619b528703fd613698,m0+m1+m2 [expected_no_op],,
324,f0324,context-rich,m3,mask\f0324_m3.png,True,True,,42ff93280fc3f1ac56bbce840ed5566d8c7167fbe3f5167c4d01cae1d27cf7a1,f40a4b9980b11b959d96088957c538d652fe0fbeca175c455fe27b348c8b1a90,960,540,132708,False,46e24c7703716d8d83f6c2ab29409da9d892a7e1dbcca9619b528703fd613698,m3+m4 [expected_no_op],,
324,f0324,context-rich,m4,mask\f0324_m4.png,True,True,,d104bacf820f5e11f3292b86a32202706edea0729d16700af6d4912fcfc1d33d,f40a4b9980b11b959d96088957c538d652fe0fbeca175c455fe27b348c8b1a90,960,540,132708,False,46e24c7703716d8d83f6c2ab29409da9d892a7e1dbcca9619b528703fd613698,m3+m4 [expected_no_op],,
325,f0325,context-rich,m0,mask\f0325_m0.png,True,True,,d2f64fb1830f51d7dafaa120b34daf1cec56b42ce75b260184e94a0fc7087e82,32a42fd4dfb81bdba5e886b9c55d602833f437d8b819f73a9dc6a10782db73c7,720,480,94812,False,95ce2435ff821321e211a9dd52eb1a281f65224a59c6667bcc65464f0dcf2feb,m0+m1+m2+m3+m4 [no_op_placed_but_not_occluding],,
325,f0325,context-rich,m1,mask\f0325_m1.png,True,True,,52b2f5fd1629514ad15c60dcfba4f307cee7db0285f8367b567e94f9015c5a4a,32a42fd4dfb81bdba5e886b9c55d602833f437d8b819f73a9dc6a10782db73c7,720,480,94812,False,95ce2435ff821321e211a9dd52eb1a281f65224a59c6667bcc65464f0dcf2feb,m0+m1+m2+m3+m4 [no_op_placed_but_not_occluding],,
325,f0325,context-rich,m2,mask\f0325_m2.png,True,True,,52b2f5fd1629514ad15c60dcfba4f307cee7db0285f8367b567e94f9015c5a4a,32a42fd4dfb81bdba5e886b9c55d602833f437d8b819f73a9dc6a10782db73c7,720,480,94812,False,95ce2435ff821321e211a9dd52eb1a281f65224a59c6667bcc65464f0dcf2feb,m0+m1+m2+m3+m4 [no_op_placed_but_not_occluding],,
325,f0325,context-rich,m3,mask\f0325_m3.png,True,True,,52b2f5fd1629514ad15c60dcfba4f307cee7db0285f8367b567e94f9015c5a4a,32a42fd4dfb81bdba5e886b9c55d602833f437d8b819f73a9dc6a10782db73c7,720,480,94812,False,95ce2435ff821321e211a9dd52eb1a281f65224a59c6667bcc65464f0dcf2feb,m0+m1+m2+m3+m4 [no_op_placed_but_not_occluding],,
325,f0325,context-rich,m4,mask\f0325_m4.png,True,True,,38093b02fdc5ea2f61804236555810a225c31d18ba366c1d8ace764e8e4e1b5f,32a42fd4dfb81bdba5e886b9c55d602833f437d8b819f73a9dc6a10782db73c7,720,480,94812,False,95ce2435ff821321e211a9dd52eb1a281f65224a59c6667bcc65464f0dcf2feb,m0+m1+m2+m3+m4 [no_op_placed_but_not_occluding],,
326,f0326,controlled-occlusion,m0,mask\f0326_m0.png,True,True,,40e8c88678e50af4552a58f96569a785ce886df232c49bf14d358a0bc32ed156,9546b70e0089370e198600d958dbc09a788d0394bbdf94da0611c51891f488ae,640,480,782,False,0af2cf2fb5fff38898cbdb426fd415dff91222d6b823dfcc723b7338a8cd4ce4,m0+m1+m2+m3 [no_op_placed_but_not_occluding],,
326,f0326,controlled-occlusion,m1,mask\f0326_m1.png,True,True,,508e37d2a263ef69f520567c17f9ed26ea925916f95d9d68462183e6f8f9aa62,9546b70e0089370e198600d958dbc09a788d0394bbdf94da0611c51891f488ae,640,480,782,False,0af2cf2fb5fff38898cbdb426fd415dff91222d6b823dfcc723b7338a8cd4ce4,m0+m1+m2+m3 [no_op_placed_but_not_occluding],,
326,f0326,controlled-occlusion,m2,mask\f0326_m2.png,True,True,,2baec60995681f626b7919ac097a156dd20fb12076336597d82cfbacacb336d4,9546b70e0089370e198600d958dbc09a788d0394bbdf94da0611c51891f488ae,640,480,782,False,0af2cf2fb5fff38898cbdb426fd415dff91222d6b823dfcc723b7338a8cd4ce4,m0+m1+m2+m3 [no_op_placed_but_not_occluding],,
326,f0326,controlled-occlusion,m3,mask\f0326_m3.png,True,True,,c0de914130b2327f059d18338b007fc306b5991bba22f4156a4edd0f1285f9fd,9546b70e0089370e198600d958dbc09a788d0394bbdf94da0611c51891f488ae,640,480,782,False,0af2cf2fb5fff38898cbdb426fd415dff91222d6b823dfcc723b7338a8cd4ce4,m0+m1+m2+m3 [no_op_placed_but_not_occluding],,
326,f0326,controlled-occlusion,m4,mask\f0326_m4.png,True,True,,39bfa4d25336293192d25d884200feb27677203af7a933f21b9d4f96c5ffa40b,44e0a36ee3241b9dc53ad344ba6e6c10b7a288c519db4abace07a7106936b3fb,640,480,588,False,0af2cf2fb5fff38898cbdb426fd415dff91222d6b823dfcc723b7338a8cd4ce4,,,
327,f0327,context-rich,m0,mask\f0327_m0.png,True,True,,2c9411a67a669c9ff82c9ea11340c20dc21c169d89358851b9148389ff4fd687,a0cca5110e1e3965b9978e10efc2f72e133bc7d2ff0a53bb4a2df69fb80934e4,640,480,8886,False,7e8eb4a35da8ae94d9856b0d238c65576f4b1600e4adefb7a2db03db8d5f021e,m0+m1 [expected_no_op],,
327,f0327,context-rich,m1,mask\f0327_m1.png,True,True,,fa792e3c6c4a1e2c825be7176904ea31477a993909e0b9d0f53000b6e04858c5,a0cca5110e1e3965b9978e10efc2f72e133bc7d2ff0a53bb4a2df69fb80934e4,640,480,8886,False,7e8eb4a35da8ae94d9856b0d238c65576f4b1600e4adefb7a2db03db8d5f021e,m0+m1 [expected_no_op],,
327,f0327,context-rich,m2,mask\f0327_m2.png,True,True,,88d3418ed4d65fc1bee6a132ac8935aa672f32cc311848c92aba6494534bcbd1,bc91c237a9a3dae6c3b3e2ec3e131a8004403d47dc05d92d60d4706535ee84f0,640,480,6959,False,7e8eb4a35da8ae94d9856b0d238c65576f4b1600e4adefb7a2db03db8d5f021e,m2+m3+m4 [no_op_placed_but_not_occluding],,
327,f0327,context-rich,m3,mask\f0327_m3.png,True,True,,dd168e35be9f646e86cdc0b22a80b6cea0bba2031c433315a49713ed5bfebff8,bc91c237a9a3dae6c3b3e2ec3e131a8004403d47dc05d92d60d4706535ee84f0,640,480,6959,False,7e8eb4a35da8ae94d9856b0d238c65576f4b1600e4adefb7a2db03db8d5f021e,m2+m3+m4 [no_op_placed_but_not_occluding],,
327,f0327,context-rich,m4,mask\f0327_m4.png,True,True,,78df758a1b1d619b97cbfefc1beeb986abeccb56ec95617922a23123a96a5319,bc91c237a9a3dae6c3b3e2ec3e131a8004403d47dc05d92d60d4706535ee84f0,640,480,6959,False,7e8eb4a35da8ae94d9856b0d238c65576f4b1600e4adefb7a2db03db8d5f021e,m2+m3+m4 [no_op_placed_but_not_occluding],,
328,f0328,controlled-occlusion,m0,mask\f0328_m0.png,False,False,missing,,,,,,,,,,
328,f0328,controlled-occlusion,m1,mask\f0328_m1.png,False,False,missing,,,,,,,,,,
328,f0328,controlled-occlusion,m2,mask\f0328_m2.png,False,False,missing,,,,,,,,,,
328,f0328,controlled-occlusion,m3,mask\f0328_m3.png,False,False,missing,,,,,,,,,,
328,f0328,controlled-occlusion,m4,mask\f0328_m4.png,False,False,missing,,,,,,,,,,
329,f0329,context-rich,m0,mask\f0329_m0.png,True,True,,d92cfe3e67bf1eea19739abb1608002a755d2583f7df0a31996d28d6de6cea49,1797c676f50758da077e0498e0716e91cff9853f06c0a0baf09ea414c9fa4914,640,480,88949,False,8bbfb36d0ba195be25fb0ee48637c7b610e1231ecc4671851408fbc32cd77532,m0+m1+m2 [expected_no_op],,
329,f0329,context-rich,m1,mask\f0329_m1.png,True,True,,7c09a0028545505fe956a9b2771564047333c431c988f7855409d86feb6a9b72,1797c676f50758da077e0498e0716e91cff9853f06c0a0baf09ea414c9fa4914,640,480,88949,False,8bbfb36d0ba195be25fb0ee48637c7b610e1231ecc4671851408fbc32cd77532,m0+m1+m2 [expected_no_op],,
329,f0329,context-rich,m2,mask\f0329_m2.png,True,True,,4f4e4cf92717bcd42204e9f32c9e7b881cefca3fd497a87763637bf50ac64a4f,1797c676f50758da077e0498e0716e91cff9853f06c0a0baf09ea414c9fa4914,640,480,88949,False,8bbfb36d0ba195be25fb0ee48637c7b610e1231ecc4671851408fbc32cd77532,m0+m1+m2 [expected_no_op],,
329,f0329,context-rich,m3,mask\f0329_m3.png,True,True,,5d5ceb45e135a52f9bab2dfd080f11549974d07aaf47b836b642e31ceadaefa5,8d09cb821a8a99356ec84569357217990feb42b4d064bd6fd0068331d8201c40,640,480,85046,False,8bbfb36d0ba195be25fb0ee48637c7b610e1231ecc4671851408fbc32cd77532,m3+m4 [expected_no_op],,
329,f0329,context-rich,m4,mask\f0329_m4.png,True,True,,5d5ceb45e135a52f9bab2dfd080f11549974d07aaf47b836b642e31ceadaefa5,8d09cb821a8a99356ec84569357217990feb42b4d064bd6fd0068331d8201c40,640,480,85046,False,8bbfb36d0ba195be25fb0ee48637c7b610e1231ecc4671851408fbc32cd77532,m3+m4 [expected_no_op],,
330,f0330,controlled-occlusion,m0,mask\f0330_m0.png,True,True,,f4ec2d780024bbed598531ce4a58060878afb0591c881619957cf5b70a5ea3fd,4d138962c610c456db6de21a88c8b1c5f984433d8b816b8275cfcd9ba318232e,960,540,138713,False,d0904f40de4a6495f4110cc65678f26eaf95dac62136e2c0079f8d9273210a93,m0+m1+m2+m3 [expected_no_op],,
330,f0330,controlled-occlusion,m1,mask\f0330_m1.png,True,True,,00ca55c5b63b3e9ab3ac6f0d952194264a3829ae265449ffed74af4fd5a53c2f,4d138962c610c456db6de21a88c8b1c5f984433d8b816b8275cfcd9ba318232e,960,540,138713,False,d0904f40de4a6495f4110cc65678f26eaf95dac62136e2c0079f8d9273210a93,m0+m1+m2+m3 [expected_no_op],,
330,f0330,controlled-occlusion,m2,mask\f0330_m2.png,True,True,,3ed734304497683bb89b1a8a89c8132c02453f530d5ede9cc3002d04bca3d25a,4d138962c610c456db6de21a88c8b1c5f984433d8b816b8275cfcd9ba318232e,960,540,138713,False,d0904f40de4a6495f4110cc65678f26eaf95dac62136e2c0079f8d9273210a93,m0+m1+m2+m3 [expected_no_op],,
330,f0330,controlled-occlusion,m3,mask\f0330_m3.png,True,True,,870f5dbcc9a4a1f1be8df854d99d99d9c2902efafe025edc3e5369203f7bbe82,4d138962c610c456db6de21a88c8b1c5f984433d8b816b8275cfcd9ba318232e,960,540,138713,False,d0904f40de4a6495f4110cc65678f26eaf95dac62136e2c0079f8d9273210a93,m0+m1+m2+m3 [expected_no_op],,
330,f0330,controlled-occlusion,m4,mask\f0330_m4.png,True,True,,4931d1b5f59daed67b82ae928cef484cdb8ab902b350f3bbce7ff1019cb3be19,032066f16450947e9aadaca681c8e4b99325ad3ff60b4606334a84ef07681ee7,960,540,125878,False,d0904f40de4a6495f4110cc65678f26eaf95dac62136e2c0079f8d9273210a93,,,
331,f0331,context-rich,m0,mask\f0331_m0.png,True,True,,ed2da0d8f475b3f2652dca19186721c829e3e1ed390c22dba73c32d7c65a1eef,6c58aa8b85c21fa8b38d9969938774f33952cb6ac19f78c1346e9442757acfde,640,480,33244,False,9aee7f64009a76e1dc14e6f51478904470e21284ff29e4731131a57cd129f00d,m0+m1+m2+m3+m4 [no_op_placed_but_not_occluding],,
331,f0331,context-rich,m1,mask\f0331_m1.png,True,True,,39748fb4d1c243864bc80d348a0f44845dbe0cd80e3d004e761fdfa9fd8f0f39,6c58aa8b85c21fa8b38d9969938774f33952cb6ac19f78c1346e9442757acfde,640,480,33244,False,9aee7f64009a76e1dc14e6f51478904470e21284ff29e4731131a57cd129f00d,m0+m1+m2+m3+m4 [no_op_placed_but_not_occluding],,
331,f0331,context-rich,m2,mask\f0331_m2.png,True,True,,0f1823648eb05076efba2fd460432faebbc8e2a22e970125b37957b4f835ef56,6c58aa8b85c21fa8b38d9969938774f33952cb6ac19f78c1346e9442757acfde,640,480,33244,False,9aee7f64009a76e1dc14e6f51478904470e21284ff29e4731131a57cd129f00d,m0+m1+m2+m3+m4 [no_op_placed_but_not_occluding],,
331,f0331,context-rich,m3,mask\f0331_m3.png,True,True,,62950ecd56b889475f0b1a922e323cbffc3284f6cdf7916d424398605dc8284c,6c58aa8b85c21fa8b38d9969938774f33952cb6ac19f78c1346e9442757acfde,640,480,33244,False,9aee7f64009a76e1dc14e6f51478904470e21284ff29e4731131a57cd129f00d,m0+m1+m2+m3+m4 [no_op_placed_but_not_occluding],,
331,f0331,context-rich,m4,mask\f0331_m4.png,True,True,,1235f3b2b04dd9d09ec19fcbbd1edbe74a64dd985f27a9d3fa3ca9aed676612c,6c58aa8b85c21fa8b38d9969938774f33952cb6ac19f78c1346e9442757acfde,640,480,33244,False,9aee7f64009a76e1dc14e6f51478904470e21284ff29e4731131a57cd129f00d,m0+m1+m2+m3+m4 [no_op_placed_but_not_occluding],,
332,f0332,context-rich,m0,mask\f0332_m0.png,True,True,,a7d91a39328a9779539553202d8c8ebef11fc4327e2fac0d9041d03aca329af2,1afcf5edb310b0d206ce116d220df3b802ecc46935605419a165722bb3bcf9e1,560,560,4660,False,71c7f9467e635875c1daec706eda28af6a16cd711592ddef10cb8244a55251b6,m0+m1 [expected_no_op],,
332,f0332,context-rich,m1,mask\f0332_m1.png,True,True,,3e37d5bce59a04fb3177f7f8cdfb19388b96cad3199d20525ead22ff766d10c6,1afcf5edb310b0d206ce116d220df3b802ecc46935605419a165722bb3bcf9e1,560,560,4660,False,71c7f9467e635875c1daec706eda28af6a16cd711592ddef10cb8244a55251b6,m0+m1 [expected_no_op],,
332,f0332,context-rich,m2,mask\f0332_m2.png,True,True,,b2e64b40b498943a1cb6c5e2edcd8d0f20ecdb80191199b34dc0ee4d92a25cd4,9ce75523596a30e55577a225878051127829c4aa2a70e134662d7b935f7d956e,560,560,3585,False,71c7f9467e635875c1daec706eda28af6a16cd711592ddef10cb8244a55251b6,m2+m3+m4 [no_op_placed_but_not_occluding],,
332,f0332,context-rich,m3,mask\f0332_m3.png,True,True,,13bc65540081b17c6d03a409bbc6713b72fe2af7dd36371ebe97d4e27de29c19,9ce75523596a30e55577a225878051127829c4aa2a70e134662d7b935f7d956e,560,560,3585,False,71c7f9467e635875c1daec706eda28af6a16cd711592ddef10cb8244a55251b6,m2+m3+m4 [no_op_placed_but_not_occluding],,
332,f0332,context-rich,m4,mask\f0332_m4.png,True,True,,38890a10a75247ccea9cc23edeee02a427daa39e03565226f59e6eabfbd23607,9ce75523596a30e55577a225878051127829c4aa2a70e134662d7b935f7d956e,560,560,3585,False,71c7f9467e635875c1daec706eda28af6a16cd711592ddef10cb8244a55251b6,m2+m3+m4 [no_op_placed_but_not_occluding],,
333,f0333,context-rich,m0,mask\f0333_m0.png,True,True,,a0da8d6d5ab78a0ee8acb2a76d15df22d28f0035757fa61b699cae450c2fe227,882025090186fb8afae412c96ce89ed90ce7905cd3c17888725cd85b78c6bf6f,960,540,241,False,e803ca726a5e2c616c50a41a230560d3a113387d78d414fe5a92e5de4767b824,m0+m1+m2+m3+m4 [expected_no_op],,
333,f0333,context-rich,m1,mask\f0333_m1.png,True,True,,5a55b94bb1c5d2ea42f8702f8f367f8ec82114f13ecd2c56a97357dece41958a,882025090186fb8afae412c96ce89ed90ce7905cd3c17888725cd85b78c6bf6f,960,540,241,False,e803ca726a5e2c616c50a41a230560d3a113387d78d414fe5a92e5de4767b824,m0+m1+m2+m3+m4 [expected_no_op],,
333,f0333,context-rich,m2,mask\f0333_m2.png,True,True,,f384a1534d3831add3b5b045cd7ab3956a57ceab8b613eb6be036baa38d057cb,882025090186fb8afae412c96ce89ed90ce7905cd3c17888725cd85b78c6bf6f,960,540,241,False,e803ca726a5e2c616c50a41a230560d3a113387d78d414fe5a92e5de4767b824,m0+m1+m2+m3+m4 [expected_no_op],,
333,f0333,context-rich,m3,mask\f0333_m3.png,True,True,,b06e41d9b967d704f47fb33e9907c7e11c9e9a5151f489ba0030bac547b76028,882025090186fb8afae412c96ce89ed90ce7905cd3c17888725cd85b78c6bf6f,960,540,241,False,e803ca726a5e2c616c50a41a230560d3a113387d78d414fe5a92e5de4767b824,m0+m1+m2+m3+m4 [expected_no_op],,
333,f0333,context-rich,m4,mask\f0333_m4.png,True,True,,f384a1534d3831add3b5b045cd7ab3956a57ceab8b613eb6be036baa38d057cb,882025090186fb8afae412c96ce89ed90ce7905cd3c17888725cd85b78c6bf6f,960,540,241,False,e803ca726a5e2c616c50a41a230560d3a113387d78d414fe5a92e5de4767b824,m0+m1+m2+m3+m4 [expected_no_op],,
334,f0334,context-rich,m0,mask\f0334_m0.png,True,True,,3ae534918e2996c3ecb1f4deed683a23b099ee16db0196012684d2b24729782d,b31e4650137041e4a5c00accc7f95aeb59f188371832cf563f320b0993192aff,640,480,175950,False,623472481eee10186ea4f7f932ed5a567fd0d27a2dcbc11e1581963084022738,m0+m1+m2+m3+m4 [expected_no_op],,
334,f0334,context-rich,m1,mask\f0334_m1.png,True,True,,1d0491050e7e385dd7e6a4c6abae5bb33df539585f37a49f867abc7eebf61f26,b31e4650137041e4a5c00accc7f95aeb59f188371832cf563f320b0993192aff,640,480,175950,False,623472481eee10186ea4f7f932ed5a567fd0d27a2dcbc11e1581963084022738,m0+m1+m2+m3+m4 [expected_no_op],,
334,f0334,context-rich,m2,mask\f0334_m2.png,True,True,,fbd5f041cedbac03c65992f257ae4db65d4eca819b69fa7425960c67173d38ee,b31e4650137041e4a5c00accc7f95aeb59f188371832cf563f320b0993192aff,640,480,175950,False,623472481eee10186ea4f7f932ed5a567fd0d27a2dcbc11e1581963084022738,m0+m1+m2+m3+m4 [expected_no_op],,
334,f0334,context-rich,m3,mask\f0334_m3.png,True,True,,a237f649c8ca8f8b646a0c3e64df37d6ad5bbb48bbc68ad8fe4dc2bb760cfbe4,b31e4650137041e4a5c00accc7f95aeb59f188371832cf563f320b0993192aff,640,480,175950,False,623472481eee10186ea4f7f932ed5a567fd0d27a2dcbc11e1581963084022738,m0+m1+m2+m3+m4 [expected_no_op],,
334,f0334,context-rich,m4,mask\f0334_m4.png,True,True,,5f118ae7906c0b13642e25f78e6917e033b884331ce1f73ef5b0148d6676aa0f,b31e4650137041e4a5c00accc7f95aeb59f188371832cf563f320b0993192aff,640,480,175950,False,623472481eee10186ea4f7f932ed5a567fd0d27a2dcbc11e1581963084022738,m0+m1+m2+m3+m4 [expected_no_op],,
335,f0335,context-rich,m0,mask\f0335_m0.png,True,True,,e658a5fae4a4208c3ae8ffe8f2ae60231240bdb5c447c586c6ec499bec3280e3,580371c84fb23bf560d87f70c6a393a92d61de84baa93e80bf26fa184a67ca6b,640,480,46410,False,29d720ea89a0a62706edb91f94cc18ac691676487cda80240ed9dbb1762cec24,m0+m1 [expected_no_op],,
335,f0335,context-rich,m1,mask\f0335_m1.png,True,True,,049bd0299631dcb7b6965c50cf6d560b1bfd748ba9099cc34a6d42e3342dc4b7,580371c84fb23bf560d87f70c6a393a92d61de84baa93e80bf26fa184a67ca6b,640,480,46410,False,29d720ea89a0a62706edb91f94cc18ac691676487cda80240ed9dbb1762cec24,m0+m1 [expected_no_op],,
335,f0335,context-rich,m2,mask\f0335_m2.png,True,True,,742ee50a974f6d786749214720cd510343cf1ddffa0aff1cac0ef7b881c45a8b,e3019d43a79dd62cfa3e3d4f38817b5f77a45060cef1660a8c24366db3a070b8,640,480,46408,False,29d720ea89a0a62706edb91f94cc18ac691676487cda80240ed9dbb1762cec24,,,
335,f0335,context-rich,m3,mask\f0335_m3.png,True,True,,621e8d47618d066789694e18ce5b7b44d5913557a08ec335bea3ffcdb07579ce,9661b5e83dc0e8434d79121b58a0c704e26510aef0aaa0829efc20f7d75b15bc,640,480,42622,False,29d720ea89a0a62706edb91f94cc18ac691676487cda80240ed9dbb1762cec24,m3+m4 [expected_no_op],,
335,f0335,context-rich,m4,mask\f0335_m4.png,True,True,,0af25554f49c19b5d83fdf575db0fdf6140f7f8572a7db2b311ba89b66d5beb2,9661b5e83dc0e8434d79121b58a0c704e26510aef0aaa0829efc20f7d75b15bc,640,480,42622,False,29d720ea89a0a62706edb91f94cc18ac691676487cda80240ed9dbb1762cec24,m3+m4 [expected_no_op],,
336,f0336,controlled-occlusion,m0,mask\f0336_m0.png,True,True,,bbc5bd29ce7eb5b9941e565b92b88d0e647b508b93c66b6b2a954ab863defc2e,446c2b4ab37df527c416287f39dae65bcd0db05fd993ed26375f7c3f40ad45e1,960,540,11840,False,1c3b16b52e2aa227a1766d3def08f08c6790da681e1c95ad6d5be81a33f15929,m0+m1 [expected_no_op],,
336,f0336,controlled-occlusion,m1,mask\f0336_m1.png,True,True,,53a5ab44609d3275f1a299efc3a4cc78dd9b2014fced7b82feda6bfff56521b5,446c2b4ab37df527c416287f39dae65bcd0db05fd993ed26375f7c3f40ad45e1,960,540,11840,False,1c3b16b52e2aa227a1766d3def08f08c6790da681e1c95ad6d5be81a33f15929,m0+m1 [expected_no_op],,
336,f0336,controlled-occlusion,m2,mask\f0336_m2.png,True,True,,a297ee339512a54ad81186b52c8681dafac9cff18d972dcdc479510ada976e2a,38dd2155670a8ebdbb5493232b0a359e486681ad9a763d31c0a34789d2b4537e,960,540,10288,False,1c3b16b52e2aa227a1766d3def08f08c6790da681e1c95ad6d5be81a33f15929,m2+m3 [no_op_placed_but_not_occluding],,
336,f0336,controlled-occlusion,m3,mask\f0336_m3.png,True,True,,690bb03b2ba28f8f7f9b455778fb9ea37069d188d435b7974def7c9057a12161,38dd2155670a8ebdbb5493232b0a359e486681ad9a763d31c0a34789d2b4537e,960,540,10288,False,1c3b16b52e2aa227a1766d3def08f08c6790da681e1c95ad6d5be81a33f15929,m2+m3 [no_op_placed_but_not_occluding],,
336,f0336,controlled-occlusion,m4,mask\f0336_m4.png,True,True,,8036af2e688a442f9f4aabc0bda31a14aa00e835990137d3c79dc6a3ee3e64bc,0c7a34b0e2e1e0fac7f6f2b7ab95d013e7afdca36368c5a481ab3bb44bedb89c,960,540,5815,False,1c3b16b52e2aa227a1766d3def08f08c6790da681e1c95ad6d5be81a33f15929,,,
337,f0337,context-rich,m0,mask\f0337_m0.png,True,True,,24fedf98f4726553b7a49508cbc2c202f7e5e96464c68e6ce2a28768b363c3ef,2dae0b4c80eacc19881be7e53e002bd6ddded55e427ff99ff83eb31d84943827,720,480,446,False,33a8b287baa8a1e6a41e94372c92fa053f0a8e73e63336fada8a332c521cef70,m0+m1+m2+m3+m4 [no_op_placed_but_not_occluding],,
337,f0337,context-rich,m1,mask\f0337_m1.png,True,True,,ceea566e37149d012a5aa11a34f61799dbd8e5744f6bd9b3c0d77d286a87229d,2dae0b4c80eacc19881be7e53e002bd6ddded55e427ff99ff83eb31d84943827,720,480,446,False,33a8b287baa8a1e6a41e94372c92fa053f0a8e73e63336fada8a332c521cef70,m0+m1+m2+m3+m4 [no_op_placed_but_not_occluding],,
337,f0337,context-rich,m2,mask\f0337_m2.png,True,True,,4af40b46de575759afacfe24eb8f3feb767327af8ceb17396a696204677bec5c,2dae0b4c80eacc19881be7e53e002bd6ddded55e427ff99ff83eb31d84943827,720,480,446,False,33a8b287baa8a1e6a41e94372c92fa053f0a8e73e63336fada8a332c521cef70,m0+m1+m2+m3+m4 [no_op_placed_but_not_occluding],,
337,f0337,context-rich,m3,mask\f0337_m3.png,True,True,,17ae219e5eb5318b2bd158b9f29c700c26c2c01788d47edb21b9ec6ddba3caab,2dae0b4c80eacc19881be7e53e002bd6ddded55e427ff99ff83eb31d84943827,720,480,446,False,33a8b287baa8a1e6a41e94372c92fa053f0a8e73e63336fada8a332c521cef70,m0+m1+m2+m3+m4 [no_op_placed_but_not_occluding],,
337,f0337,context-rich,m4,mask\f0337_m4.png,True,True,,405c4201d6b20fee5fd170ef4de0c092905b6505d78d7bf16d975d8774ef798e,2dae0b4c80eacc19881be7e53e002bd6ddded55e427ff99ff83eb31d84943827,720,480,446,False,33a8b287baa8a1e6a41e94372c92fa053f0a8e73e63336fada8a332c521cef70,m0+m1+m2+m3+m4 [no_op_placed_but_not_occluding],,
338,f0338,context-rich,m0,mask\f0338_m0.png,True,True,,0edab3c40ee1f96e036e6a374135d03bab31f17b8cd6c018a68d5beab38614ca,a30f578771acdee3d2d25f04db028777330bef149e62705828ce095335660ce4,640,480,48577,False,a176986c9f2c0b8d7b30bda07870e91b8c915a47f036f2489d99702661a51536,m0+m1+m2+m3+m4 [no_op_placed_but_not_occluding],,
338,f0338,context-rich,m1,mask\f0338_m1.png,True,True,,ef62a968b53af03297ad35487359b33947c9853009a6373b74254861d2f55dff,a30f578771acdee3d2d25f04db028777330bef149e62705828ce095335660ce4,640,480,48577,False,a176986c9f2c0b8d7b30bda07870e91b8c915a47f036f2489d99702661a51536,m0+m1+m2+m3+m4 [no_op_placed_but_not_occluding],,
338,f0338,context-rich,m2,mask\f0338_m2.png,True,True,,b252c309130f8f391cdd5ed3c2fee9b64c8be79946001ea82ca9e396f83d70f8,a30f578771acdee3d2d25f04db028777330bef149e62705828ce095335660ce4,640,480,48577,False,a176986c9f2c0b8d7b30bda07870e91b8c915a47f036f2489d99702661a51536,m0+m1+m2+m3+m4 [no_op_placed_but_not_occluding],,
338,f0338,context-rich,m3,mask\f0338_m3.png,True,True,,e8d5b40cf63ce14dd51336dcc633d50a42cea740f7cd0f705192dd0e3f0b9487,a30f578771acdee3d2d25f04db028777330bef149e62705828ce095335660ce4,640,480,48577,False,a176986c9f2c0b8d7b30bda07870e91b8c915a47f036f2489d99702661a51536,m0+m1+m2+m3+m4 [no_op_placed_but_not_occluding],,
338,f0338,context-rich,m4,mask\f0338_m4.png,True,True,,2db11da8b0c42afc8a15c00441494b705896337265a0963e1746a7308757f077,a30f578771acdee3d2d25f04db028777330bef149e62705828ce095335660ce4,640,480,48577,False,a176986c9f2c0b8d7b30bda07870e91b8c915a47f036f2489d99702661a51536,m0+m1+m2+m3+m4 [no_op_placed_but_not_occluding],,
339,f0339,context-rich,m0,mask\f0339_m0.png,True,True,,2ad9e91c01072f6a7605039c3759c2cda8567f9c007bc3d22c8201fa1a8ad7ed,2569462b45185e061a1e14ccf1ee47b2810a47cf328cdee4dafab32b6f1a9e5a,640,480,10164,False,246fde864847de23fb1ba66f7c50ad2e869efd195291628bd116580312bf9b62,m0+m1+m2+m3+m4 [no_op_placed_but_not_occluding],,
339,f0339,context-rich,m1,mask\f0339_m1.png,True,True,,e60935b3c23b466788fa143ff30ee915381e3ec883aab7d775e22dd86dab8b79,2569462b45185e061a1e14ccf1ee47b2810a47cf328cdee4dafab32b6f1a9e5a,640,480,10164,False,246fde864847de23fb1ba66f7c50ad2e869efd195291628bd116580312bf9b62,m0+m1+m2+m3+m4 [no_op_placed_but_not_occluding],,
339,f0339,context-rich,m2,mask\f0339_m2.png,True,True,,a671b7b50583cf7c6a9f54518a36f5b0bc9df47ce62b06c5a6e32488619c925f,2569462b45185e061a1e14ccf1ee47b2810a47cf328cdee4dafab32b6f1a9e5a,640,480,10164,False,246fde864847de23fb1ba66f7c50ad2e869efd195291628bd116580312bf9b62,m0+m1+m2+m3+m4 [no_op_placed_but_not_occluding],,
339,f0339,context-rich,m3,mask\f0339_m3.png,True,True,,d755434829a17cc5332d8af2e2f8e377121da1e6db35fd35cfe768ae592aabfc,2569462b45185e061a1e14ccf1ee47b2810a47cf328cdee4dafab32b6f1a9e5a,640,480,10164,False,246fde864847de23fb1ba66f7c50ad2e869efd195291628bd116580312bf9b62,m0+m1+m2+m3+m4 [no_op_placed_but_not_occluding],,
339,f0339,context-rich,m4,mask\f0339_m4.png,True,True,,0b8104dc68efa98fc13332cdaab820f8ce2ac20fe6a3b2abef4ab203408e27d1,2569462b45185e061a1e14ccf1ee47b2810a47cf328cdee4dafab32b6f1a9e5a,640,480,10164,False,246fde864847de23fb1ba66f7c50ad2e869efd195291628bd116580312bf9b62,m0+m1+m2+m3+m4 [no_op_placed_but_not_occluding],,
340,f0340,context-rich,m0,mask\f0340_m0.png,True,True,,ab20eea92763f077bf75b7be9d677f2d2c90c293d3bebd5f4a909ae346a38fe5,9e461c7bfa481446a7f5e0ed01c5eb7a4c08c91a020c5b9cb76b71f80119296d,720,480,113208,False,e79ff4f3efaac07c4fa9dc22c4ff0309efcf76cb8c63c5e657b61c5f034de333,m0+m1+m2 [expected_no_op],,
340,f0340,context-rich,m1,mask\f0340_m1.png,True,True,,c1899bf716a3802b4a9fdbac0fa405af1cc28a5dab815daef359d016ab7eccb8,9e461c7bfa481446a7f5e0ed01c5eb7a4c08c91a020c5b9cb76b71f80119296d,720,480,113208,False,e79ff4f3efaac07c4fa9dc22c4ff0309efcf76cb8c63c5e657b61c5f034de333,m0+m1+m2 [expected_no_op],,
340,f0340,context-rich,m2,mask\f0340_m2.png,True,True,,ae068c4b8a739663421bfa10ccdc51621d28bd126959532dd5aab4451a8e3ecb,9e461c7bfa481446a7f5e0ed01c5eb7a4c08c91a020c5b9cb76b71f80119296d,720,480,113208,False,e79ff4f3efaac07c4fa9dc22c4ff0309efcf76cb8c63c5e657b61c5f034de333,m0+m1+m2 [expected_no_op],,
340,f0340,context-rich,m3,mask\f0340_m3.png,True,True,,d5666a1cf75059921a0c6b88e0640cd6198f65de4ccffd3611dabcab55ee9633,f7d7c85fbbdf4dcf06844c6f5b234a7756dcf4ed523ecb81f086e19f8777a444,720,480,109777,False,e79ff4f3efaac07c4fa9dc22c4ff0309efcf76cb8c63c5e657b61c5f034de333,m3+m4 [expected_no_op],,
340,f0340,context-rich,m4,mask\f0340_m4.png,True,True,,6ed122c5aa54f0c2fce9e66ec6d036ceb07a504f70f4a070ce0d24afe8523288,f7d7c85fbbdf4dcf06844c6f5b234a7756dcf4ed523ecb81f086e19f8777a444,720,480,109777,False,e79ff4f3efaac07c4fa9dc22c4ff0309efcf76cb8c63c5e657b61c5f034de333,m3+m4 [expected_no_op],,
341,f0341,context-rich,m0,mask\f0341_m0.png,True,True,,55203c56e0bf55341cc238a0269327f84c18875b1d693cb3e3c1094a74e06e8d,5bd996ff97b8403d37c6b312ce30d8cfce9700f6063ccec072f232b3c354af51,640,480,91368,False,7422cf3bec28070b88067349a7a3f5bed130c8b033b317d2ca5d1a745c41fe52,m0+m1 [expected_no_op],,
341,f0341,context-rich,m1,mask\f0341_m1.png,True,True,,f3b46f18542f3f71aa1299119086732cdfa1f38aa721ef747c3379a17c80074a,5bd996ff97b8403d37c6b312ce30d8cfce9700f6063ccec072f232b3c354af51,640,480,91368,False,7422cf3bec28070b88067349a7a3f5bed130c8b033b317d2ca5d1a745c41fe52,m0+m1 [expected_no_op],,
341,f0341,context-rich,m2,mask\f0341_m2.png,True,True,,ead7181b572e0f7ad43ae71a686ace65ac28e45572c0b3ae09f8eccdbc79ba14,406151c82ffa26aab656f190db3e43ef8bfe848a1190c1b2254579da5486b9e1,640,480,78743,False,7422cf3bec28070b88067349a7a3f5bed130c8b033b317d2ca5d1a745c41fe52,m2+m3+m4 [no_op_placed_but_not_occluding],,
341,f0341,context-rich,m3,mask\f0341_m3.png,True,True,,b49f509d22e2bd2aab4e4bf79958a74bfb204121584c0fffe7aa461fd510933f,406151c82ffa26aab656f190db3e43ef8bfe848a1190c1b2254579da5486b9e1,640,480,78743,False,7422cf3bec28070b88067349a7a3f5bed130c8b033b317d2ca5d1a745c41fe52,m2+m3+m4 [no_op_placed_but_not_occluding],,
341,f0341,context-rich,m4,mask\f0341_m4.png,True,True,,9d0c3e1f1450076861d631c7ab3683862d643fd3b68f515ca88065b503196257,406151c82ffa26aab656f190db3e43ef8bfe848a1190c1b2254579da5486b9e1,640,480,78743,False,7422cf3bec28070b88067349a7a3f5bed130c8b033b317d2ca5d1a745c41fe52,m2+m3+m4 [no_op_placed_but_not_occluding],,
342,f0342,controlled-occlusion,m0,mask\f0342_m0.png,False,False,missing,,,,,,,,,,
342,f0342,controlled-occlusion,m1,mask\f0342_m1.png,False,False,missing,,,,,,,,,,
342,f0342,controlled-occlusion,m2,mask\f0342_m2.png,False,False,missing,,,,,,,,,,
342,f0342,controlled-occlusion,m3,mask\f0342_m3.png,False,False,missing,,,,,,,,,,
342,f0342,controlled-occlusion,m4,mask\f0342_m4.png,False,False,missing,,,,,,,,,,
343,f0343,context-rich,m0,mask\f0343_m0.png,True,True,,c9f53164f8ca2e31cd7eec6583be9ee4bf901b3fddef67ddacbbdd846549aa3b,1fcc3259a45295d974d47667e78458d433e746b8dff14f9123287d5120a14f09,560,560,16734,False,2b960ef9143e7bbbcd3ea12de5262687654432da98aa1376b13ff8b93c49a8ca,m0+m1+m2 [expected_no_op],,
343,f0343,context-rich,m1,mask\f0343_m1.png,True,True,,f89c92428c52592cf6decc482daee1a2a7feacaa0543de4f58726dc1febbc207,1fcc3259a45295d974d47667e78458d433e746b8dff14f9123287d5120a14f09,560,560,16734,False,2b960ef9143e7bbbcd3ea12de5262687654432da98aa1376b13ff8b93c49a8ca,m0+m1+m2 [expected_no_op],,
343,f0343,context-rich,m2,mask\f0343_m2.png,True,True,,c1d81e264f7bd7d932f4f3d71cb167dfcc2f5667a54db95e8054fba9b4493a72,1fcc3259a45295d974d47667e78458d433e746b8dff14f9123287d5120a14f09,560,560,16734,False,2b960ef9143e7bbbcd3ea12de5262687654432da98aa1376b13ff8b93c49a8ca,m0+m1+m2 [expected_no_op],,
343,f0343,context-rich,m3,mask\f0343_m3.png,True,True,,d9e1219582c3711808e3b8e17776dcc639579858577f4108ea0f5d63214479b2,18e7595997f24bfd2013979a70c4735bf132b6e308591e48a60964e22dc3fe18,560,560,14744,False,2b960ef9143e7bbbcd3ea12de5262687654432da98aa1376b13ff8b93c49a8ca,m3+m4 [expected_no_op],,
343,f0343,context-rich,m4,mask\f0343_m4.png,True,True,,39144973f0fb4c8e357944e87bdcee53159604021373e055395f6f909acbd031,18e7595997f24bfd2013979a70c4735bf132b6e308591e48a60964e22dc3fe18,560,560,14744,False,2b960ef9143e7bbbcd3ea12de5262687654432da98aa1376b13ff8b93c49a8ca,m3+m4 [expected_no_op],,
344,f0344,context-rich,m0,mask\f0344_m0.png,True,True,,1b6915506f707e15e33ad537f4d9edf2c120dcf41fef871158c008cbc04d9cce,5034a51f52589298e69b11d3d8dab5180b8fc7a11828229b65263e5c6094e584,640,480,2340,False,cd69391affed36332cc4e995fc4ce0d6f7441f71ae0f77b60ad6af730c26f7e7,m0+m1+m2+m3+m4 [expected_no_op],,
344,f0344,context-rich,m1,mask\f0344_m1.png,True,True,,9b0698864d1ff1b81af9ea9b703795c1c43640bc77b3461bd95f35c339989383,5034a51f52589298e69b11d3d8dab5180b8fc7a11828229b65263e5c6094e584,640,480,2340,False,cd69391affed36332cc4e995fc4ce0d6f7441f71ae0f77b60ad6af730c26f7e7,m0+m1+m2+m3+m4 [expected_no_op],,
344,f0344,context-rich,m2,mask\f0344_m2.png,True,True,,d508f95465bcc011ece6559ef95234855dc899f1d56727d6f781c5b274c459dd,5034a51f52589298e69b11d3d8dab5180b8fc7a11828229b65263e5c6094e584,640,480,2340,False,cd69391affed36332cc4e995fc4ce0d6f7441f71ae0f77b60ad6af730c26f7e7,m0+m1+m2+m3+m4 [expected_no_op],,
344,f0344,context-rich,m3,mask\f0344_m3.png,True,True,,fd55270d4f8ca5812d9f504e81cea63f4677e526dd040dc42af09f85747a8574,5034a51f52589298e69b11d3d8dab5180b8fc7a11828229b65263e5c6094e584,640,480,2340,False,cd69391affed36332cc4e995fc4ce0d6f7441f71ae0f77b60ad6af730c26f7e7,m0+m1+m2+m3+m4 [expected_no_op],,
344,f0344,context-rich,m4,mask\f0344_m4.png,True,True,,fea086d29fe0ab508da7048d349bf05d27c1a217c670c4edf803034245d13e0b,5034a51f52589298e69b11d3d8dab5180b8fc7a11828229b65263e5c6094e584,640,480,2340,False,cd69391affed36332cc4e995fc4ce0d6f7441f71ae0f77b60ad6af730c26f7e7,m0+m1+m2+m3+m4 [expected_no_op],,
345,f0345,context-rich,m0,mask\f0345_m0.png,True,True,,139a8b5b62a01042ede3c7bd83dd3600a6443255c590e6f850dc687c7826f6e2,d28db6b1d8c0aea1184e26fecc6e3bf1e97a0caa237b77d208555f944fdaed11,960,540,4901,False,fb2fcd1e0eef7db4f734f58845a09d411da47784a7b877a5a94f20126e82e8f1,m0+m1 [expected_no_op],,
345,f0345,context-rich,m1,mask\f0345_m1.png,True,True,,6a9158f227153cbefd84163cada2df79931ad631f2dfe92147379b5a0b658898,d28db6b1d8c0aea1184e26fecc6e3bf1e97a0caa237b77d208555f944fdaed11,960,540,4901,False,fb2fcd1e0eef7db4f734f58845a09d411da47784a7b877a5a94f20126e82e8f1,m0+m1 [expected_no_op],,
345,f0345,context-rich,m2,mask\f0345_m2.png,True,True,,0e7037f3240f6e07037fdcd75b9bdecbe5207ea2d98ef6ae2a44eafe6fe4b8bd,9261ccbb06e89328092bdf9c3ae184a1dafdfad6e730390634dd9ac396c7d19b,960,540,3961,False,fb2fcd1e0eef7db4f734f58845a09d411da47784a7b877a5a94f20126e82e8f1,m2+m3+m4 [no_op_placed_but_not_occluding],,
345,f0345,context-rich,m3,mask\f0345_m3.png,True,True,,f7caf2f02a49c148c4cc14f1b25f557796502a6c160eda200d6e4a68f0bbf3cf,9261ccbb06e89328092bdf9c3ae184a1dafdfad6e730390634dd9ac396c7d19b,960,540,3961,False,fb2fcd1e0eef7db4f734f58845a09d411da47784a7b877a5a94f20126e82e8f1,m2+m3+m4 [no_op_placed_but_not_occluding],,
345,f0345,context-rich,m4,mask\f0345_m4.png,True,True,,c7b1232f78fa9eab98357e11d600357eb30b2a8052859a51f46303e3344853ce,9261ccbb06e89328092bdf9c3ae184a1dafdfad6e730390634dd9ac396c7d19b,960,540,3961,False,fb2fcd1e0eef7db4f734f58845a09d411da47784a7b877a5a94f20126e82e8f1,m2+m3+m4 [no_op_placed_but_not_occluding],,
346,f0346,controlled-occlusion,m0,mask\f0346_m0.png,False,False,missing,,,,,,,,,,
346,f0346,controlled-occlusion,m1,mask\f0346_m1.png,False,False,missing,,,,,,,,,,
346,f0346,controlled-occlusion,m2,mask\f0346_m2.png,False,False,missing,,,,,,,,,,
346,f0346,controlled-occlusion,m3,mask\f0346_m3.png,False,False,missing,,,,,,,,,,
346,f0346,controlled-occlusion,m4,mask\f0346_m4.png,False,False,missing,,,,,,,,,,
347,f0347,context-rich,m0,mask\f0347_m0.png,True,True,,82be9f9eca010457d226e209fd80b09c8518b93ea60fb9c63c23e1331d5ebae7,dbbc0a01f841ab102638c5bfbaa9c9064e962e34733e06d2ae966f526ac42412,640,480,129551,False,6f57981f63e4eead64cd38d9345ffbc83152ead5bd88f4a66bacb9804ea2015f,m0+m1+m2+m3+m4 [no_op_placed_but_not_occluding],,
347,f0347,context-rich,m1,mask\f0347_m1.png,True,True,,e4ecc2cccf9c0acd1cb8837ca3147aaada73d6ed485a6c39609e423a56b5342f,dbbc0a01f841ab102638c5bfbaa9c9064e962e34733e06d2ae966f526ac42412,640,480,129551,False,6f57981f63e4eead64cd38d9345ffbc83152ead5bd88f4a66bacb9804ea2015f,m0+m1+m2+m3+m4 [no_op_placed_but_not_occluding],,
347,f0347,context-rich,m2,mask\f0347_m2.png,True,True,,18f797cd8b2199f6985c0f37fc8cf67daf06744a8861a0bba275b5c057e1fe62,dbbc0a01f841ab102638c5bfbaa9c9064e962e34733e06d2ae966f526ac42412,640,480,129551,False,6f57981f63e4eead64cd38d9345ffbc83152ead5bd88f4a66bacb9804ea2015f,m0+m1+m2+m3+m4 [no_op_placed_but_not_occluding],,
347,f0347,context-rich,m3,mask\f0347_m3.png,True,True,,1dca47fabd726f9d61c8ffe621be620eb643f66912f66aa1fda821ff5cbaa868,dbbc0a01f841ab102638c5bfbaa9c9064e962e34733e06d2ae966f526ac42412,640,480,129551,False,6f57981f63e4eead64cd38d9345ffbc83152ead5bd88f4a66bacb9804ea2015f,m0+m1+m2+m3+m4 [no_op_placed_but_not_occluding],,
347,f0347,context-rich,m4,mask\f0347_m4.png,True,True,,0d91c274db9d33968de22cbe6b95955942dcaf47875cbedf4bcbd8f753af750a,dbbc0a01f841ab102638c5bfbaa9c9064e962e34733e06d2ae966f526ac42412,640,480,129551,False,6f57981f63e4eead64cd38d9345ffbc83152ead5bd88f4a66bacb9804ea2015f,m0+m1+m2+m3+m4 [no_op_placed_but_not_occluding],,
348,f0348,context-rich,m0,mask\f0348_m0.png,True,True,,f2eb23c085e99479cfac002e161c3f358969810723a65c4d393ee91058217a00,399c223fae3c085e0563c8dba3bbae5307277b306dcafe5f65bae3766655e719,640,480,50947,False,dfc179a3bf94ee5447e6400ebe7bf121524f2b6d8a0ef0172a01572645c573de,m0+m1 [expected_no_op],,
348,f0348,context-rich,m1,mask\f0348_m1.png,True,True,,cfea47f10dc6c111c676aedd58d20f3729285310611be7b3efa7e6337b9b097c,399c223fae3c085e0563c8dba3bbae5307277b306dcafe5f65bae3766655e719,640,480,50947,False,dfc179a3bf94ee5447e6400ebe7bf121524f2b6d8a0ef0172a01572645c573de,m0+m1 [expected_no_op],,
348,f0348,context-rich,m2,mask\f0348_m2.png,True,True,,51b3bfa857b803554ed86c92815ccd08a20fa4dd7d05a57f77570b52e44c31ba,f2ad644d082bbb32457d6091f41dfa70ffbe5d03d4b33fc231f0321f0eaac5fe,640,480,41791,False,dfc179a3bf94ee5447e6400ebe7bf121524f2b6d8a0ef0172a01572645c573de,,,
348,f0348,context-rich,m3,mask\f0348_m3.png,True,True,,d6f222d2678c51077dadd8b72c46e51985362860271f8991624889353b6e3d17,5e65fee7bfbb51bbfa5c7495fd917df99f894522a661ef62a4fffd6dae866a12,640,480,37539,False,dfc179a3bf94ee5447e6400ebe7bf121524f2b6d8a0ef0172a01572645c573de,m3+m4 [expected_no_op],,
348,f0348,context-rich,m4,mask\f0348_m4.png,True,True,,6398ada9d93f3f1fa1d6902080138f7ef4604a8ed74ca163e7dcab63532fcd49,5e65fee7bfbb51bbfa5c7495fd917df99f894522a661ef62a4fffd6dae866a12,640,480,37539,False,dfc179a3bf94ee5447e6400ebe7bf121524f2b6d8a0ef0172a01572645c573de,m3+m4 [expected_no_op],,
349,f0349,controlled-occlusion,m0,mask\f0349_m0.png,True,True,,dee4f6fddc9f1282fb19aadedfbd4bd0c88c7fca5968b368aa71327455748fa7,4268591015840d011697286c69dea2392a318a8332b4b2b6c5bd280cd6b7f550,960,540,71599,False,0f312eb6587f0a5ce8fd630d263617652848d276f0e4f79c1a84592cebe8f094,m0+m1+m2+m3 [expected_no_op],,
349,f0349,controlled-occlusion,m1,mask\f0349_m1.png,True,True,,6c04bbf65cd8ee8d86b18e0c04fed39404e531dfbcdca81798f3b8e8a5294d0b,4268591015840d011697286c69dea2392a318a8332b4b2b6c5bd280cd6b7f550,960,540,71599,False,0f312eb6587f0a5ce8fd630d263617652848d276f0e4f79c1a84592cebe8f094,m0+m1+m2+m3 [expected_no_op],,
349,f0349,controlled-occlusion,m2,mask\f0349_m2.png,True,True,,29ce28c3090d3b562e55f58c71f6171c3e008c805b18e8b24aabf6e613e0fa9b,4268591015840d011697286c69dea2392a318a8332b4b2b6c5bd280cd6b7f550,960,540,71599,False,0f312eb6587f0a5ce8fd630d263617652848d276f0e4f79c1a84592cebe8f094,m0+m1+m2+m3 [expected_no_op],,
349,f0349,controlled-occlusion,m3,mask\f0349_m3.png,True,True,,fc6fd0535e9543f4b4f22af3a13e02a5e0ce302933dbf1bffdeaf01b65e00d38,4268591015840d011697286c69dea2392a318a8332b4b2b6c5bd280cd6b7f550,960,540,71599,False,0f312eb6587f0a5ce8fd630d263617652848d276f0e4f79c1a84592cebe8f094,m0+m1+m2+m3 [expected_no_op],,
349,f0349,controlled-occlusion,m4,mask\f0349_m4.png,True,True,,6f0e918f179623b92f5fe2f9563d8df9739df135aad482f26c002ce85ed5f63e,ecf68c86b5b42cd9e1f66b7bc0f5808a5a4f5029a47c05f1090544c64e5f9bce,960,540,46326,False,0f312eb6587f0a5ce8fd630d263617652848d276f0e4f79c1a84592cebe8f094,,,
350,f0350,clean-static,m0,mask\f0350_m0.png,True,True,,5e2a4779b7a27e7aa2e9e9fedec845064100deb2f8aafba50ad1aa843da11b4b,2b3b1cf2ae26f5f8196743016e37d0c796236149a03ba909f441417ae6b024ff,720,480,381,False,e922a8c025496b2ac88139a20f66b07b57b83567f5b286374fc078df91348364,m0+m1+m2+m3+m4 [expected_no_op],,
350,f0350,clean-static,m1,mask\f0350_m1.png,True,True,,78be4e5563b92b1a3670ecc13a98b348f90cae8cbdfb3505c26fab7fba0aff33,2b3b1cf2ae26f5f8196743016e37d0c796236149a03ba909f441417ae6b024ff,720,480,381,False,e922a8c025496b2ac88139a20f66b07b57b83567f5b286374fc078df91348364,m0+m1+m2+m3+m4 [expected_no_op],,
350,f0350,clean-static,m2,mask\f0350_m2.png,True,True,,6fb6305a9e23c309660563024986376aa5bc2b64eec909d70c565be998870db4,2b3b1cf2ae26f5f8196743016e37d0c796236149a03ba909f441417ae6b024ff,720,480,381,False,e922a8c025496b2ac88139a20f66b07b57b83567f5b286374fc078df91348364,m0+m1+m2+m3+m4 [expected_no_op],,
350,f0350,clean-static,m3,mask\f0350_m3.png,True,True,,da2c230110fd6bcc8329b548022225a5d2f42e4b89e7c7120104dbf5212ce020,2b3b1cf2ae26f5f8196743016e37d0c796236149a03ba909f441417ae6b024ff,720,480,381,False,e922a8c025496b2ac88139a20f66b07b57b83567f5b286374fc078df91348364,m0+m1+m2+m3+m4 [expected_no_op],,
350,f0350,clean-static,m4,mask\f0350_m4.png,True,True,,da2c230110fd6bcc8329b548022225a5d2f42e4b89e7c7120104dbf5212ce020,2b3b1cf2ae26f5f8196743016e37d0c796236149a03ba909f441417ae6b024ff,720,480,381,False,e922a8c025496b2ac88139a20f66b07b57b83567f5b286374fc078df91348364,m0+m1+m2+m3+m4 [expected_no_op],,
351,f0351,controlled-occlusion,m0,mask\f0351_m0.png,True,True,,4a0ab605f92eda130b00587e4a0e18bf79c3e73f7c0fe6ca39398bce7e152814,f54972a5f9d35095c9fa02d37f38e687aa6a79d823e94268f6e025cf7b32c7b1,640,480,6613,False,4bd93e68ffb76f8dfa11655d3e3de0b3b94d4d324de36862685d1bf987c64572,m0+m1 [expected_no_op],,
351,f0351,controlled-occlusion,m1,mask\f0351_m1.png,True,True,,0392c8d7df7765dfc30e41e78a4bc3215b12a27a7918c46f6c4ac6f87ce7eb0f,f54972a5f9d35095c9fa02d37f38e687aa6a79d823e94268f6e025cf7b32c7b1,640,480,6613,False,4bd93e68ffb76f8dfa11655d3e3de0b3b94d4d324de36862685d1bf987c64572,m0+m1 [expected_no_op],,
351,f0351,controlled-occlusion,m2,mask\f0351_m2.png,True,True,,8d23fb6961b3f7b9dda85ebffa8a0dc41d4bd62aaa50ad6202f5a5d34a3bf3d6,b22059c32e1467e3789823e79854c55ea93f25401c8015c09eb602af7a4b9fdf,640,480,5977,False,4bd93e68ffb76f8dfa11655d3e3de0b3b94d4d324de36862685d1bf987c64572,m2+m3 [no_op_placed_but_not_occluding],,
351,f0351,controlled-occlusion,m3,mask\f0351_m3.png,True,True,,57925caa46a554045ad9bd6b4e18f2007a29c27b7cef2141c629dd6fc97d0f8d,b22059c32e1467e3789823e79854c55ea93f25401c8015c09eb602af7a4b9fdf,640,480,5977,False,4bd93e68ffb76f8dfa11655d3e3de0b3b94d4d324de36862685d1bf987c64572,m2+m3 [no_op_placed_but_not_occluding],,
351,f0351,controlled-occlusion,m4,mask\f0351_m4.png,True,True,,231dd0c2e4ddbb23e0407f9416b4aae356d8e851ae4f4dbf3afc6dddc4f33485,6601f62c29acc1b8a81bd28a126ba49d3edaa167c42e1952abaf990d4bfff341,640,480,4944,False,4bd93e68ffb76f8dfa11655d3e3de0b3b94d4d324de36862685d1bf987c64572,,,
352,f0352,clean-static,m0,mask\f0352_m0.png,True,True,,1da0f80be68e20d5fefe38fdcc8a71d0bc7898368eda458c41f1558660d011ac,aa5b83c1d129e3e16012df46e8acbd97dfed380ba3687acf9c24d123a66d156b,960,540,3784,False,690c4f454b0d7b8a2bfb119f8864f269fcbe724377f85d5d53bebd49b553bcfc,m0+m1+m2+m3+m4 [expected_no_op],,
352,f0352,clean-static,m1,mask\f0352_m1.png,True,True,,1e00264a505f9b6682353e17e96be8deff10381197e93b36f6ec7b57705d072f,aa5b83c1d129e3e16012df46e8acbd97dfed380ba3687acf9c24d123a66d156b,960,540,3784,False,690c4f454b0d7b8a2bfb119f8864f269fcbe724377f85d5d53bebd49b553bcfc,m0+m1+m2+m3+m4 [expected_no_op],,
352,f0352,clean-static,m2,mask\f0352_m2.png,True,True,,b58c6e63f656b1bec9d618839e2fece895fb8b0732d3a6991edae1dd44dc3762,aa5b83c1d129e3e16012df46e8acbd97dfed380ba3687acf9c24d123a66d156b,960,540,3784,False,690c4f454b0d7b8a2bfb119f8864f269fcbe724377f85d5d53bebd49b553bcfc,m0+m1+m2+m3+m4 [expected_no_op],,
352,f0352,clean-static,m3,mask\f0352_m3.png,True,True,,fd3f4f3eea69df2161401a934b7c771c142bc1b0b90d42fb3aafee79e16a3983,aa5b83c1d129e3e16012df46e8acbd97dfed380ba3687acf9c24d123a66d156b,960,540,3784,False,690c4f454b0d7b8a2bfb119f8864f269fcbe724377f85d5d53bebd49b553bcfc,m0+m1+m2+m3+m4 [expected_no_op],,
352,f0352,clean-static,m4,mask\f0352_m4.png,True,True,,970a336a806f4feaf15c8ab1d33e82a4483500e4a4885190fc8008f3439c0b98,aa5b83c1d129e3e16012df46e8acbd97dfed380ba3687acf9c24d123a66d156b,960,540,3784,False,690c4f454b0d7b8a2bfb119f8864f269fcbe724377f85d5d53bebd49b553bcfc,m0+m1+m2+m3+m4 [expected_no_op],,
353,f0353,controlled-occlusion,m0,mask\f0353_m0.png,True,True,,83d957f966d3e812556aba23771e9ba1142f3cd6bd2e1f94d6e797bf7a9f7035,37b342306e97d35e59142c9b32e94945f29585af39a4f5282fd4b03df01df328,640,480,61867,False,3ec185f2cede6038922890015b7b8c1f3e1128fb118223eab0cd30ae7f12c987,m0+m1+m2+m3 [no_op_placed_but_not_occluding],,
353,f0353,controlled-occlusion,m1,mask\f0353_m1.png,True,True,,17e6380a9e914f47fdf27eb67b4688ae3ad930aac3fc5b8dfb6628ef609886d8,37b342306e97d35e59142c9b32e94945f29585af39a4f5282fd4b03df01df328,640,480,61867,False,3ec185f2cede6038922890015b7b8c1f3e1128fb118223eab0cd30ae7f12c987,m0+m1+m2+m3 [no_op_placed_but_not_occluding],,
353,f0353,controlled-occlusion,m2,mask\f0353_m2.png,True,True,,5cefdc8c27ca90b35cafcc64c54393ac4171fe9c7a71bc568d89cb98f43fa2fe,37b342306e97d35e59142c9b32e94945f29585af39a4f5282fd4b03df01df328,640,480,61867,False,3ec185f2cede6038922890015b7b8c1f3e1128fb118223eab0cd30ae7f12c987,m0+m1+m2+m3 [no_op_placed_but_not_occluding],,
353,f0353,controlled-occlusion,m3,mask\f0353_m3.png,True,True,,bb19e257696abe42a41fdc75f0885be51b6ce0aef9fdc738a166cb56b05c1227,37b342306e97d35e59142c9b32e94945f29585af39a4f5282fd4b03df01df328,640,480,61867,False,3ec185f2cede6038922890015b7b8c1f3e1128fb118223eab0cd30ae7f12c987,m0+m1+m2+m3 [no_op_placed_but_not_occluding],,
353,f0353,controlled-occlusion,m4,mask\f0353_m4.png,True,True,,27314b45d864d47f1059f8dab3bfc4bd4749dc016d2d96742179c9e78492e216,dc7408add682ae3948d5a7fc42ba4caa6c848ab4f06d15a55a439e9a24364d2e,640,480,37140,False,3ec185f2cede6038922890015b7b8c1f3e1128fb118223eab0cd30ae7f12c987,,,
354,f0354,controlled-occlusion,m0,mask\f0354_m0.png,True,True,,c4a2dff1c1c936af6b997510dd80654b88b0e052de6affa0a6e4f54fe705e8fe,9f0e377701550bc1444148cf61fb63e1d55a35580fb05f8e84a75a3259f7fee5,640,480,69464,False,fef062ead65381351c3a2284ad88b9566178d916001f3faa4a40662849c90490,m0+m1 [expected_no_op],,
354,f0354,controlled-occlusion,m1,mask\f0354_m1.png,True,True,,459b75358c5b35226162fee5d0c0cb6c1be52ad055d8de0042fc6d70d2fc6e19,9f0e377701550bc1444148cf61fb63e1d55a35580fb05f8e84a75a3259f7fee5,640,480,69464,False,fef062ead65381351c3a2284ad88b9566178d916001f3faa4a40662849c90490,m0+m1 [expected_no_op],,
354,f0354,controlled-occlusion,m2,mask\f0354_m2.png,True,True,,81fa4cd62a135554ccc9560d4b65c12ac1cd11fcaddc262571511aac7c42d8f9,7b4482be78664b8ee6478a8120a7c377086931ec414c110ffb9c17f3d263404c,640,480,64861,False,fef062ead65381351c3a2284ad88b9566178d916001f3faa4a40662849c90490,m2+m3 [expected_no_op],,
354,f0354,controlled-occlusion,m3,mask\f0354_m3.png,True,True,,b8d36bf0228d40af9537ab1cf093b52f76e76c2356ee5c02857d8f6b56c8cc89,7b4482be78664b8ee6478a8120a7c377086931ec414c110ffb9c17f3d263404c,640,480,64861,False,fef062ead65381351c3a2284ad88b9566178d916001f3faa4a40662849c90490,m2+m3 [expected_no_op],,
354,f0354,controlled-occlusion,m4,mask\f0354_m4.png,True,True,,f8520b5e6b64937c58034767c89e98974e4ddb8bf91e214a22ef645d7941eab3,0c36601b530882b19442627ebf8122701be9f1ac12ba703373cfd9e2828995fb,640,480,60791,False,fef062ead65381351c3a2284ad88b9566178d916001f3faa4a40662849c90490,,,
355,f0355,controlled-occlusion,m0,mask\f0355_m0.png,True,True,,9abc3e44f917d901db5934f940bbf34f710992a9e38f1e86c0065fedcc7e9628,6a5b71a9ad9382c3e9be7e8abc09dbff73a2b010114f9dcc25b65631db835e82,560,560,2339,False,62557428004dca9566f3c5edc46a9af094b63632fe0ec4099dedb3f713aa7909,m0+m1+m2+m3 [no_op_placed_but_not_occluding],,
355,f0355,controlled-occlusion,m1,mask\f0355_m1.png,True,True,,481c0ee65171750e864f1a550201d25a9ea97edf5ea165e6071a765f208d97c0,6a5b71a9ad9382c3e9be7e8abc09dbff73a2b010114f9dcc25b65631db835e82,560,560,2339,False,62557428004dca9566f3c5edc46a9af094b63632fe0ec4099dedb3f713aa7909,m0+m1+m2+m3 [no_op_placed_but_not_occluding],,
355,f0355,controlled-occlusion,m2,mask\f0355_m2.png,True,True,,168ad433075a0d81c8c035ddd831cee6fcf7f4597ed3c8f77d417e847baebd2f,6a5b71a9ad9382c3e9be7e8abc09dbff73a2b010114f9dcc25b65631db835e82,560,560,2339,False,62557428004dca9566f3c5edc46a9af094b63632fe0ec4099dedb3f713aa7909,m0+m1+m2+m3 [no_op_placed_but_not_occluding],,
355,f0355,controlled-occlusion,m3,mask\f0355_m3.png,True,True,,15679825852c3dcd83bd009143ae3c454b769006ec24e23a9b222b25fe1cbef3,6a5b71a9ad9382c3e9be7e8abc09dbff73a2b010114f9dcc25b65631db835e82,560,560,2339,False,62557428004dca9566f3c5edc46a9af094b63632fe0ec4099dedb3f713aa7909,m0+m1+m2+m3 [no_op_placed_but_not_occluding],,
355,f0355,controlled-occlusion,m4,mask\f0355_m4.png,True,True,,bd6f395562068ac5ee81c48c0bf5418994ba50f492275ac6f87198b2fedd599b,801cc265b06e06cf8442c75da970979bb4f9241d40984d98fdd8e846bd372456,560,560,1844,False,62557428004dca9566f3c5edc46a9af094b63632fe0ec4099dedb3f713aa7909,,,
356,f0356,controlled-occlusion,m0,mask\f0356_m0.png,True,True,,86f8994f917fce59ed7a2b7a22f4b5028114fb9ec1266ae62251cb4d67edd648,ac90a97f994beddbe6b6d622fab46d0890e58826b6645fa02a1ad20a244f714e,720,480,14939,False,9ff52a4de38052be9aee1e90fd97de7ae2b7ca315d7f5e19121192a00faec20c,m0+m1 [expected_no_op],,
356,f0356,controlled-occlusion,m1,mask\f0356_m1.png,True,True,,37f78972f89ae61bbd877102a5b836ee0488839a9cf4f83efc2ccf38e26af760,ac90a97f994beddbe6b6d622fab46d0890e58826b6645fa02a1ad20a244f714e,720,480,14939,False,9ff52a4de38052be9aee1e90fd97de7ae2b7ca315d7f5e19121192a00faec20c,m0+m1 [expected_no_op],,
356,f0356,controlled-occlusion,m2,mask\f0356_m2.png,True,True,,62de1bac74a8c09663d86b0d6ba27e23624ce7a65814f51e2594919a98a9408f,f839291a2567e5d801d4f76c154459649e59d56b311b8d15094de681d6fd6861,720,480,12225,False,9ff52a4de38052be9aee1e90fd97de7ae2b7ca315d7f5e19121192a00faec20c,m2+m3 [expected_no_op],,
356,f0356,controlled-occlusion,m3,mask\f0356_m3.png,True,True,,8cad2661b4014ad19052a2b99b953cd888dee7bfcb9478c66cf5fc7ea186e248,f839291a2567e5d801d4f76c154459649e59d56b311b8d15094de681d6fd6861,720,480,12225,False,9ff52a4de38052be9aee1e90fd97de7ae2b7ca315d7f5e19121192a00faec20c,m2+m3 [expected_no_op],,
356,f0356,controlled-occlusion,m4,mask\f0356_m4.png,True,True,,908a7a5c1c9ae72e81da50c82859d8b20143bea85da5d5fb3368655dc70a3ae9,538ec1aa46bdd56eab3957f2f5bfacf35e3a7d275ffad90ffc238f7e8c907cdf,720,480,11411,False,9ff52a4de38052be9aee1e90fd97de7ae2b7ca315d7f5e19121192a00faec20c,,,
357,f0357,clean-static,m0,mask\f0357_m0.png,True,True,,03df34a8f087fd645abdda730a418cb57b1f3fe12c51b7803b71790d497165fd,335d3e7c8f7aee6fdc3a20190415604a0fcaf82453bdec6b2e1178a86020efce,640,480,87496,False,4d4adbe4ec26b5bf19e776b39ac9db48e238e14dbebbff64f89d7faf23a6b6b5,m0+m1+m2+m3+m4 [expected_no_op],,
357,f0357,clean-static,m1,mask\f0357_m1.png,True,True,,53fbcb9ba6cc0138341be2880b96cbcac547609979037560cd979aabf5b0325b,335d3e7c8f7aee6fdc3a20190415604a0fcaf82453bdec6b2e1178a86020efce,640,480,87496,False,4d4adbe4ec26b5bf19e776b39ac9db48e238e14dbebbff64f89d7faf23a6b6b5,m0+m1+m2+m3+m4 [expected_no_op],,
357,f0357,clean-static,m2,mask\f0357_m2.png,True,True,,b872ddf3fec28dc2ad38f33456887f04fa5032ba5d0be92280c7cb22e395c962,335d3e7c8f7aee6fdc3a20190415604a0fcaf82453bdec6b2e1178a86020efce,640,480,87496,False,4d4adbe4ec26b5bf19e776b39ac9db48e238e14dbebbff64f89d7faf23a6b6b5,m0+m1+m2+m3+m4 [expected_no_op],,
357,f0357,clean-static,m3,mask\f0357_m3.png,True,True,,b872ddf3fec28dc2ad38f33456887f04fa5032ba5d0be92280c7cb22e395c962,335d3e7c8f7aee6fdc3a20190415604a0fcaf82453bdec6b2e1178a86020efce,640,480,87496,False,4d4adbe4ec26b5bf19e776b39ac9db48e238e14dbebbff64f89d7faf23a6b6b5,m0+m1+m2+m3+m4 [expected_no_op],,
357,f0357,clean-static,m4,mask\f0357_m4.png,True,True,,eb0e2fac660fee60ee8ddc542320d4ede3a6c1f2df43d98d34fcb98ec42a1fbd,335d3e7c8f7aee6fdc3a20190415604a0fcaf82453bdec6b2e1178a86020efce,640,480,87496,False,4d4adbe4ec26b5bf19e776b39ac9db48e238e14dbebbff64f89d7faf23a6b6b5,m0+m1+m2+m3+m4 [expected_no_op],,
358,f0358,clean-static,m0,mask\f0358_m0.png,True,True,,fa5816da35f340756385dd5b6fe8975d19837c529747c4de3181561edce8eb4e,22f102b234725096684f4e526df71fe85183133635f4dc0f94b628dcfd5cb138,960,540,171409,False,ad5d1e8d21f3108421f3c2fff92cefc75070c6d9053aec7f183be17465681ca7,m0+m1+m2+m3+m4 [expected_no_op],,
358,f0358,clean-static,m1,mask\f0358_m1.png,True,True,,0dd57668ff91141872cc43ee337e90f87e749db9dbd107261fe22e1c48a490cc,22f102b234725096684f4e526df71fe85183133635f4dc0f94b628dcfd5cb138,960,540,171409,False,ad5d1e8d21f3108421f3c2fff92cefc75070c6d9053aec7f183be17465681ca7,m0+m1+m2+m3+m4 [expected_no_op],,
358,f0358,clean-static,m2,mask\f0358_m2.png,True,True,,d8cbb9d50ce4f51c509c5c6fb26ceba1cd38dff7a66904c92bbe3e57910a08c2,22f102b234725096684f4e526df71fe85183133635f4dc0f94b628dcfd5cb138,960,540,171409,False,ad5d1e8d21f3108421f3c2fff92cefc75070c6d9053aec7f183be17465681ca7,m0+m1+m2+m3+m4 [expected_no_op],,
358,f0358,clean-static,m3,mask\f0358_m3.png,True,True,,e6f7f63a41642f32bd4c34b142889d0de18ed8f5751c26aa3079a1781aa8b6b3,22f102b234725096684f4e526df71fe85183133635f4dc0f94b628dcfd5cb138,960,540,171409,False,ad5d1e8d21f3108421f3c2fff92cefc75070c6d9053aec7f183be17465681ca7,m0+m1+m2+m3+m4 [expected_no_op],,
358,f0358,clean-static,m4,mask\f0358_m4.png,True,True,,3f2eb6fda2265439073f9e439396dd74d9582897bc60a86e404499429a249b1a,22f102b234725096684f4e526df71fe85183133635f4dc0f94b628dcfd5cb138,960,540,171409,False,ad5d1e8d21f3108421f3c2fff92cefc75070c6d9053aec7f183be17465681ca7,m0+m1+m2+m3+m4 [expected_no_op],,
359,f0359,clean-static,m0,mask\f0359_m0.png,True,True,,06f89f743433658ca724a88d4be636415d6c152b8399c1d6a0f0f1f916ff6aaf,5ab8f6667cfd67c281c7a3e485f7e2e34f6f44ea652b517a85327545562d61ba,640,480,34,False,94d931e02185985474acb5869f5233b7d6a44d6e072b4ac15932ea8847f7cc48,m0+m1+m2+m3+m4 [expected_no_op],,
359,f0359,clean-static,m1,mask\f0359_m1.png,True,True,,908b81cc0bcd429dbd405a2ba1d47a775a7d9f0938bd252d3801eb28587d68ca,5ab8f6667cfd67c281c7a3e485f7e2e34f6f44ea652b517a85327545562d61ba,640,480,34,False,94d931e02185985474acb5869f5233b7d6a44d6e072b4ac15932ea8847f7cc48,m0+m1+m2+m3+m4 [expected_no_op],,
359,f0359,clean-static,m2,mask\f0359_m2.png,True,True,,565b0583576056889755a58f7c904cfa5b5cbc225fe9ba18294a99b4feeabf5b,5ab8f6667cfd67c281c7a3e485f7e2e34f6f44ea652b517a85327545562d61ba,640,480,34,False,94d931e02185985474acb5869f5233b7d6a44d6e072b4ac15932ea8847f7cc48,m0+m1+m2+m3+m4 [expected_no_op],,
359,f0359,clean-static,m3,mask\f0359_m3.png,True,True,,6216cc8db30da8262bb2edb70f9d32b5e0ad90cdb918d8525cc3468a9e7fce28,5ab8f6667cfd67c281c7a3e485f7e2e34f6f44ea652b517a85327545562d61ba,640,480,34,False,94d931e02185985474acb5869f5233b7d6a44d6e072b4ac15932ea8847f7cc48,m0+m1+m2+m3+m4 [expected_no_op],,
359,f0359,clean-static,m4,mask\f0359_m4.png,True,True,,a6f157afc4b5df953a2746308208db62d1b831939ad6502accc9841e7da09e23,5ab8f6667cfd67c281c7a3e485f7e2e34f6f44ea652b517a85327545562d61ba,640,480,34,False,94d931e02185985474acb5869f5233b7d6a44d6e072b4ac15932ea8847f7cc48,m0+m1+m2+m3+m4 [expected_no_op],,
360,f0360,clean-static,m0,mask\f0360_m0.png,True,True,,3d7e2317c211efa59ec6df1de677dddf56a0e14af178dfedfe267770f2f7b2b5,ba63239c716fab4d0863cc16aad1f67a3a331fcd7481368ad6ded79c23d28fad,960,540,110491,False,db28d0f436b782565eadb3a422f3a459fb6c343c88e39e695b2c30c51a8dd310,m0+m1+m2+m3+m4 [expected_no_op],,
360,f0360,clean-static,m1,mask\f0360_m1.png,True,True,,4d41237b527beedb52618aff36df93fac9ec093bf304ddeaba5b8a2495c93cf4,ba63239c716fab4d0863cc16aad1f67a3a331fcd7481368ad6ded79c23d28fad,960,540,110491,False,db28d0f436b782565eadb3a422f3a459fb6c343c88e39e695b2c30c51a8dd310,m0+m1+m2+m3+m4 [expected_no_op],,
360,f0360,clean-static,m2,mask\f0360_m2.png,True,True,,b59dcedfbf53c8a3c7d6a68ae95a40e413afd0da30c049d0a5212dd6943b8046,ba63239c716fab4d0863cc16aad1f67a3a331fcd7481368ad6ded79c23d28fad,960,540,110491,False,db28d0f436b782565eadb3a422f3a459fb6c343c88e39e695b2c30c51a8dd310,m0+m1+m2+m3+m4 [expected_no_op],,
360,f0360,clean-static,m3,mask\f0360_m3.png,True,True,,27e91473e9507a04b21210ae10ec9f692a07f51cf370ffd53e3bcc063c382841,ba63239c716fab4d0863cc16aad1f67a3a331fcd7481368ad6ded79c23d28fad,960,540,110491,False,db28d0f436b782565eadb3a422f3a459fb6c343c88e39e695b2c30c51a8dd310,m0+m1+m2+m3+m4 [expected_no_op],,
360,f0360,clean-static,m4,mask\f0360_m4.png,True,True,,f3e9fd674fa68fb54ad26e4d9502126f821c444a801eeab23659bca0af32992a,ba63239c716fab4d0863cc16aad1f67a3a331fcd7481368ad6ded79c23d28fad,960,540,110491,False,db28d0f436b782565eadb3a422f3a459fb6c343c88e39e695b2c30c51a8dd310,m0+m1+m2+m3+m4 [expected_no_op],,
361,f0361,clean-static,m0,mask\f0361_m0.png,True,True,,d5fbf5edebfd06ea86ecbd4b6e47d511915c0aef04e58c2d6a0d08683e95b425,5970bb674ffb5f3c998616c9f827649b7bde2463c556839389bc3350aee00b80,640,480,89081,False,97c6d388b8f4c32a484673217f3ea9ea5df0927ea7b3054c465cdce206f210cd,m0+m1+m2+m3+m4 [expected_no_op],,
361,f0361,clean-static,m1,mask\f0361_m1.png,True,True,,ebac5b16b64b4b9619da256186c3e8600e5b0319f65c1d6af591b606e49903d6,5970bb674ffb5f3c998616c9f827649b7bde2463c556839389bc3350aee00b80,640,480,89081,False,97c6d388b8f4c32a484673217f3ea9ea5df0927ea7b3054c465cdce206f210cd,m0+m1+m2+m3+m4 [expected_no_op],,
361,f0361,clean-static,m2,mask\f0361_m2.png,True,True,,014dce03c3ee4d9c7fdbc3ae0e34242dd722058c7f6512c519c75c785800ec2e,5970bb674ffb5f3c998616c9f827649b7bde2463c556839389bc3350aee00b80,640,480,89081,False,97c6d388b8f4c32a484673217f3ea9ea5df0927ea7b3054c465cdce206f210cd,m0+m1+m2+m3+m4 [expected_no_op],,
361,f0361,clean-static,m3,mask\f0361_m3.png,True,True,,b7a5915bd8296eda2c75ed78504477d9c09886e2bf5207b5617ed4605c5f3ce5,5970bb674ffb5f3c998616c9f827649b7bde2463c556839389bc3350aee00b80,640,480,89081,False,97c6d388b8f4c32a484673217f3ea9ea5df0927ea7b3054c465cdce206f210cd,m0+m1+m2+m3+m4 [expected_no_op],,
361,f0361,clean-static,m4,mask\f0361_m4.png,True,True,,941d59790fc70795682bcdecac6c1622c373781cb7a4870b699e5e1a89d6314e,5970bb674ffb5f3c998616c9f827649b7bde2463c556839389bc3350aee00b80,640,480,89081,False,97c6d388b8f4c32a484673217f3ea9ea5df0927ea7b3054c465cdce206f210cd,m0+m1+m2+m3+m4 [expected_no_op],,
362,f0362,clean-static,m0,mask\f0362_m0.png,True,True,,132371587852646344c4587922a36dd9583af3f5f6c59892a128dccff358c409,fd4cfc6a914362457cebd6f3f306627f87a3d65a6211c55e2063c0b28f2d31ab,720,480,115,False,04e80a450ecfaafc2d7379e7f58066a89f4316bfa98ac05d56794bd23a058589,m0+m1+m2+m3+m4 [expected_no_op],,
362,f0362,clean-static,m1,mask\f0362_m1.png,True,True,,61bd2d3bc8e097698bec3e5ce71e755135db0fe9ae84b6d605f33928b99d269e,fd4cfc6a914362457cebd6f3f306627f87a3d65a6211c55e2063c0b28f2d31ab,720,480,115,False,04e80a450ecfaafc2d7379e7f58066a89f4316bfa98ac05d56794bd23a058589,m0+m1+m2+m3+m4 [expected_no_op],,
362,f0362,clean-static,m2,mask\f0362_m2.png,True,True,,fd4d87166f5053e83e8fdeb80c66ee93b37b0034e2c0a43f71677acf3afd1554,fd4cfc6a914362457cebd6f3f306627f87a3d65a6211c55e2063c0b28f2d31ab,720,480,115,False,04e80a450ecfaafc2d7379e7f58066a89f4316bfa98ac05d56794bd23a058589,m0+m1+m2+m3+m4 [expected_no_op],,
362,f0362,clean-static,m3,mask\f0362_m3.png,True,True,,8dcab26a6fe202866534e83ef229b6a66ba66aec362a834e494be180bc352e89,fd4cfc6a914362457cebd6f3f306627f87a3d65a6211c55e2063c0b28f2d31ab,720,480,115,False,04e80a450ecfaafc2d7379e7f58066a89f4316bfa98ac05d56794bd23a058589,m0+m1+m2+m3+m4 [expected_no_op],,
362,f0362,clean-static,m4,mask\f0362_m4.png,True,True,,bed00fbe735d49e43ae210cc88f9e858d1e949a39700bcccdb1e00e0f406ae92,fd4cfc6a914362457cebd6f3f306627f87a3d65a6211c55e2063c0b28f2d31ab,720,480,115,False,04e80a450ecfaafc2d7379e7f58066a89f4316bfa98ac05d56794bd23a058589,m0+m1+m2+m3+m4 [expected_no_op],,
363,f0363,clean-static,m0,mask\f0363_m0.png,True,True,,e09c90ef1d93d79fe4d3e59e2df58da0437716f82b5c49af046cbd858b4e3a99,938e1ce5afaa1851157e876962a0acb1e5fa8b5650f7827e2a0ea2c6ea1e0bd9,640,480,4330,False,6359c12271a4efc1e9194e6772d96f5a24398a948d7d3f86cbfe0516fbaf7eed,m0+m1+m2+m3+m4 [expected_no_op],,
363,f0363,clean-static,m1,mask\f0363_m1.png,True,True,,c1c29d3690eced87cb75c6b66db72ab231b41b11bb3e26a3c217d95d4b71000a,938e1ce5afaa1851157e876962a0acb1e5fa8b5650f7827e2a0ea2c6ea1e0bd9,640,480,4330,False,6359c12271a4efc1e9194e6772d96f5a24398a948d7d3f86cbfe0516fbaf7eed,m0+m1+m2+m3+m4 [expected_no_op],,
363,f0363,clean-static,m2,mask\f0363_m2.png,True,True,,01746ae2ec85b85b73a220ecdd4d7e881fbb754621c4a2186a4cc7f36cb782aa,938e1ce5afaa1851157e876962a0acb1e5fa8b5650f7827e2a0ea2c6ea1e0bd9,640,480,4330,False,6359c12271a4efc1e9194e6772d96f5a24398a948d7d3f86cbfe0516fbaf7eed,m0+m1+m2+m3+m4 [expected_no_op],,
363,f0363,clean-static,m3,mask\f0363_m3.png,True,True,,c9e42f8cb0ce3a4958cf025de35ca69ce7e9eab8384543afd7d0322cc561b79c,938e1ce5afaa1851157e876962a0acb1e5fa8b5650f7827e2a0ea2c6ea1e0bd9,640,480,4330,False,6359c12271a4efc1e9194e6772d96f5a24398a948d7d3f86cbfe0516fbaf7eed,m0+m1+m2+m3+m4 [expected_no_op],,
363,f0363,clean-static,m4,mask\f0363_m4.png,True,True,,bcbb3e4909d960b468f0dbf984db931d77e7efdbaf0f58f9835f0d8b70a6eb01,938e1ce5afaa1851157e876962a0acb1e5fa8b5650f7827e2a0ea2c6ea1e0bd9,640,480,4330,False,6359c12271a4efc1e9194e6772d96f5a24398a948d7d3f86cbfe0516fbaf7eed,m0+m1+m2+m3+m4 [expected_no_op],,
364,f0364,clean-static,m0,mask\f0364_m0.png,True,True,,5e772b292c9705dfc8407491f7ba418622b3578ce1c171fd8d109f96a0e1e46a,92902cd9b30e1ba5bf5234b1f314f41531e1af94bf324da23fed9b2276c1b7c3,560,560,106754,False,4b5b41138821c3af7e990df7abf64d8a81bee6a367f3a57a5c8ba2747f412a89,m0+m1+m2+m3+m4 [expected_no_op],,
364,f0364,clean-static,m1,mask\f0364_m1.png,True,True,,58fe1902307d3f5c4714c78abb335f8fe2565481f782f1bfd356072e85d44ff8,92902cd9b30e1ba5bf5234b1f314f41531e1af94bf324da23fed9b2276c1b7c3,560,560,106754,False,4b5b41138821c3af7e990df7abf64d8a81bee6a367f3a57a5c8ba2747f412a89,m0+m1+m2+m3+m4 [expected_no_op],,
364,f0364,clean-static,m2,mask\f0364_m2.png,True,True,,39c000aa0b840a86209387a012871bc9ea9407d5dbd5b1aace6ca0682fdcddbc,92902cd9b30e1ba5bf5234b1f314f41531e1af94bf324da23fed9b2276c1b7c3,560,560,106754,False,4b5b41138821c3af7e990df7abf64d8a81bee6a367f3a57a5c8ba2747f412a89,m0+m1+m2+m3+m4 [expected_no_op],,
364,f0364,clean-static,m3,mask\f0364_m3.png,True,True,,39c000aa0b840a86209387a012871bc9ea9407d5dbd5b1aace6ca0682fdcddbc,92902cd9b30e1ba5bf5234b1f314f41531e1af94bf324da23fed9b2276c1b7c3,560,560,106754,False,4b5b41138821c3af7e990df7abf64d8a81bee6a367f3a57a5c8ba2747f412a89,m0+m1+m2+m3+m4 [expected_no_op],,
364,f0364,clean-static,m4,mask\f0364_m4.png,True,True,,46c91e0d5bcbd3445516eaec0236c9090e5d8f1277baded8de49ef134f9551ca,92902cd9b30e1ba5bf5234b1f314f41531e1af94bf324da23fed9b2276c1b7c3,560,560,106754,False,4b5b41138821c3af7e990df7abf64d8a81bee6a367f3a57a5c8ba2747f412a89,m0+m1+m2+m3+m4 [expected_no_op],,
365,f0365,clean-static,m0,mask\f0365_m0.png,True,True,,c9d778d7b2a35788f6019968106d5b0a65febe240119e528f2f0745573f41a10,778cbb3c7fbae4bc44bc55317d9ea6f5d44f8c138c6708ccb9deb5d8c3077bf0,640,480,99900,False,e0acf1490b2a4634e743a63ed5fb02845b8f039a1ee253daebab1464cd5a9199,m0+m1+m2+m3+m4 [expected_no_op],,
365,f0365,clean-static,m1,mask\f0365_m1.png,True,True,,26372220cd4e7ad71ac939410ff6170c468370b8be6e9448d01273f8003ef94d,778cbb3c7fbae4bc44bc55317d9ea6f5d44f8c138c6708ccb9deb5d8c3077bf0,640,480,99900,False,e0acf1490b2a4634e743a63ed5fb02845b8f039a1ee253daebab1464cd5a9199,m0+m1+m2+m3+m4 [expected_no_op],,
365,f0365,clean-static,m2,mask\f0365_m2.png,True,True,,d54b35366e16f68c2e617daa38d3f7ea50b04ed1f0a80dd7a1e2c85ce9af274e,778cbb3c7fbae4bc44bc55317d9ea6f5d44f8c138c6708ccb9deb5d8c3077bf0,640,480,99900,False,e0acf1490b2a4634e743a63ed5fb02845b8f039a1ee253daebab1464cd5a9199,m0+m1+m2+m3+m4 [expected_no_op],,
365,f0365,clean-static,m3,mask\f0365_m3.png,True,True,,26372220cd4e7ad71ac939410ff6170c468370b8be6e9448d01273f8003ef94d,778cbb3c7fbae4bc44bc55317d9ea6f5d44f8c138c6708ccb9deb5d8c3077bf0,640,480,99900,False,e0acf1490b2a4634e743a63ed5fb02845b8f039a1ee253daebab1464cd5a9199,m0+m1+m2+m3+m4 [expected_no_op],,
365,f0365,clean-static,m4,mask\f0365_m4.png,True,True,,26372220cd4e7ad71ac939410ff6170c468370b8be6e9448d01273f8003ef94d,778cbb3c7fbae4bc44bc55317d9ea6f5d44f8c138c6708ccb9deb5d8c3077bf0,640,480,99900,False,e0acf1490b2a4634e743a63ed5fb02845b8f039a1ee253daebab1464cd5a9199,m0+m1+m2+m3+m4 [expected_no_op],,
366,f0366,clean-static,m0,mask\f0366_m0.png,True,True,,14644b2fe912e0f38137c1adbf2f43b037c6804e0cc60e460a66fa7c64fc018b,809b4bfe113dc6d1b0c5c7aa2a7182815228ccf745029e110750cd11a6f5759f,960,540,36076,False,6a445b8e6e1c2e4bbef23d17745f3d773a2b664063b26740be8d48d9f02e1409,m0+m1+m2+m3+m4 [expected_no_op],,
366,f0366,clean-static,m1,mask\f0366_m1.png,True,True,,68febcd9be27caed7412d98cbc8210517ff18f24865dc42fc51feadbb1df4b61,809b4bfe113dc6d1b0c5c7aa2a7182815228ccf745029e110750cd11a6f5759f,960,540,36076,False,6a445b8e6e1c2e4bbef23d17745f3d773a2b664063b26740be8d48d9f02e1409,m0+m1+m2+m3+m4 [expected_no_op],,
366,f0366,clean-static,m2,mask\f0366_m2.png,True,True,,6a5842c4b32a247c1c0cde06c8c9615e8aab8d90b053570cceb201d8ff0590e5,809b4bfe113dc6d1b0c5c7aa2a7182815228ccf745029e110750cd11a6f5759f,960,540,36076,False,6a445b8e6e1c2e4bbef23d17745f3d773a2b664063b26740be8d48d9f02e1409,m0+m1+m2+m3+m4 [expected_no_op],,
366,f0366,clean-static,m3,mask\f0366_m3.png,True,True,,4073b5fc1991a37d05e3c72ceecc42360056f7b1c3b9b2e36ae9ff3359033d46,809b4bfe113dc6d1b0c5c7aa2a7182815228ccf745029e110750cd11a6f5759f,960,540,36076,False,6a445b8e6e1c2e4bbef23d17745f3d773a2b664063b26740be8d48d9f02e1409,m0+m1+m2+m3+m4 [expected_no_op],,
366,f0366,clean-static,m4,mask\f0366_m4.png,True,True,,cd912bfe8528b07b2492c77ba78bcff8dded7aec47e0e5148729ad2915378db2,809b4bfe113dc6d1b0c5c7aa2a7182815228ccf745029e110750cd11a6f5759f,960,540,36076,False,6a445b8e6e1c2e4bbef23d17745f3d773a2b664063b26740be8d48d9f02e1409,m0+m1+m2+m3+m4 [expected_no_op],,
367,f0367,clean-static,m0,mask\f0367_m0.png,True,True,,588e759c3f853023ca14bdebcde3d1aae1e5a1abdc989b723afe703627c1bb50,b417a62e46a66ad6d1dd1ce4d984b79634d661a5fede76d1c3a7a6f748c26559,640,480,82333,False,40b47c6d146ec7818fd824e55fff570f17b965ccb0a09c544a9599487982133b,m0+m1+m2+m3+m4 [expected_no_op],,
367,f0367,clean-static,m1,mask\f0367_m1.png,True,True,,6965a3dda9c767cdb8c00b2c2cd3ad79a4afc78f3bf9f32b2bce48e94091b54a,b417a62e46a66ad6d1dd1ce4d984b79634d661a5fede76d1c3a7a6f748c26559,640,480,82333,False,40b47c6d146ec7818fd824e55fff570f17b965ccb0a09c544a9599487982133b,m0+m1+m2+m3+m4 [expected_no_op],,
367,f0367,clean-static,m2,mask\f0367_m2.png,True,True,,79a5c2abf677833e32a83115b65595de8027ed79df03047e3e54c1c7e74c8008,b417a62e46a66ad6d1dd1ce4d984b79634d661a5fede76d1c3a7a6f748c26559,640,480,82333,False,40b47c6d146ec7818fd824e55fff570f17b965ccb0a09c544a9599487982133b,m0+m1+m2+m3+m4 [expected_no_op],,
367,f0367,clean-static,m3,mask\f0367_m3.png,True,True,,4872eb321e863aa332f199f40d682462e8db3b63e3c7410235cb8bb3e7b4caee,b417a62e46a66ad6d1dd1ce4d984b79634d661a5fede76d1c3a7a6f748c26559,640,480,82333,False,40b47c6d146ec7818fd824e55fff570f17b965ccb0a09c544a9599487982133b,m0+m1+m2+m3+m4 [expected_no_op],,
367,f0367,clean-static,m4,mask\f0367_m4.png,True,True,,f938960f32315eb7e86d9d41f1bec775643e5e5e24702bdba0e1b920289e7a01,b417a62e46a66ad6d1dd1ce4d984b79634d661a5fede76d1c3a7a6f748c26559,640,480,82333,False,40b47c6d146ec7818fd824e55fff570f17b965ccb0a09c544a9599487982133b,m0+m1+m2+m3+m4 [expected_no_op],,
368,f0368,clean-static,m0,mask\f0368_m0.png,True,True,,136a552e5b3d8452b896a631d928d59d81ecff7b73e8aeb7ab865739aaff4a9d,afe26eb3b1577e5f3957ae993e65595832be0bf5f5e053879453b00ebfebdc89,720,480,1319,False,ebdea901418f94bf88899e49b02f87184d76ea022a9ef16e69dcd4e13724633c,m0+m1+m2+m3+m4 [expected_no_op],,
368,f0368,clean-static,m1,mask\f0368_m1.png,True,True,,2e0f9d2b76bbfae052ca3dd4dcc25830b945aa814bbac7d5dcb1e768bc00493d,afe26eb3b1577e5f3957ae993e65595832be0bf5f5e053879453b00ebfebdc89,720,480,1319,False,ebdea901418f94bf88899e49b02f87184d76ea022a9ef16e69dcd4e13724633c,m0+m1+m2+m3+m4 [expected_no_op],,
368,f0368,clean-static,m2,mask\f0368_m2.png,True,True,,749e1c3ffc762176301864b24b4f03e527a10899c4993d0c44856840282902c9,afe26eb3b1577e5f3957ae993e65595832be0bf5f5e053879453b00ebfebdc89,720,480,1319,False,ebdea901418f94bf88899e49b02f87184d76ea022a9ef16e69dcd4e13724633c,m0+m1+m2+m3+m4 [expected_no_op],,
368,f0368,clean-static,m3,mask\f0368_m3.png,True,True,,7f3ab96f75377c8b0130afd8a21dcba5dce7bbf6611f2c26b4157fedffd949bd,afe26eb3b1577e5f3957ae993e65595832be0bf5f5e053879453b00ebfebdc89,720,480,1319,False,ebdea901418f94bf88899e49b02f87184d76ea022a9ef16e69dcd4e13724633c,m0+m1+m2+m3+m4 [expected_no_op],,
368,f0368,clean-static,m4,mask\f0368_m4.png,True,True,,ac914585aaee717c6653e0ceffe0c198a14a7180ccb7f4dadc42d30b72c7b2f9,afe26eb3b1577e5f3957ae993e65595832be0bf5f5e053879453b00ebfebdc89,720,480,1319,False,ebdea901418f94bf88899e49b02f87184d76ea022a9ef16e69dcd4e13724633c,m0+m1+m2+m3+m4 [expected_no_op],,
369,f0369,controlled-occlusion,m0,mask\f0369_m0.png,False,False,missing,,,,,,,,,,
369,f0369,controlled-occlusion,m1,mask\f0369_m1.png,False,False,missing,,,,,,,,,,
369,f0369,controlled-occlusion,m2,mask\f0369_m2.png,False,False,missing,,,,,,,,,,
369,f0369,controlled-occlusion,m3,mask\f0369_m3.png,False,False,missing,,,,,,,,,,
369,f0369,controlled-occlusion,m4,mask\f0369_m4.png,False,False,missing,,,,,,,,,,
370,f0370,controlled-occlusion,m0,mask\f0370_m0.png,True,True,,fa7ae9267a5eb1fdb2996004226dcddcb22788d35a8b4f740be36e82c3f820f0,531f374ecba7ec9be3882b9ec3fc82a4a7e82d8f10503321708fac1e9c3ded89,640,480,3183,False,7d6f95018d8df52b269a24000c73be0f137f3a6067ddf9f1f542b51abbaec8ad,m0+m1 [expected_no_op],,
370,f0370,controlled-occlusion,m1,mask\f0370_m1.png,True,True,,1ca9d3c213b897d256d7c25947175bbfe6098f702be7411d2300caf02be9dbdf,531f374ecba7ec9be3882b9ec3fc82a4a7e82d8f10503321708fac1e9c3ded89,640,480,3183,False,7d6f95018d8df52b269a24000c73be0f137f3a6067ddf9f1f542b51abbaec8ad,m0+m1 [expected_no_op],,
370,f0370,controlled-occlusion,m2,mask\f0370_m2.png,True,True,,4eb93e7e525a0a862f47649f965846cb419ef69e8b3b87124cc50ebe45c2b047,5531f5552db4b4cbc86e0cfd2df34ee28a07441d34514021c5e2c4365e52eed8,640,480,3054,False,7d6f95018d8df52b269a24000c73be0f137f3a6067ddf9f1f542b51abbaec8ad,m2+m3 [expected_no_op],,
370,f0370,controlled-occlusion,m3,mask\f0370_m3.png,True,True,,b79b1735166d77e56aaedd04186b08a7ea5b78b2512f353ff678855714ef60f1,5531f5552db4b4cbc86e0cfd2df34ee28a07441d34514021c5e2c4365e52eed8,640,480,3054,False,7d6f95018d8df52b269a24000c73be0f137f3a6067ddf9f1f542b51abbaec8ad,m2+m3 [expected_no_op],,
370,f0370,controlled-occlusion,m4,mask\f0370_m4.png,True,True,,56ed34ceb115482b369264a2eb1931fdef5578c05879d3772e8f7009b2378662,961332787576df0edf4e715f7def8926ad6bb03d7eb1e98d8fb62b2e199a3cdc,640,480,2667,False,7d6f95018d8df52b269a24000c73be0f137f3a6067ddf9f1f542b51abbaec8ad,,,
371,f0371,clean-static,m0,mask\f0371_m0.png,True,True,,06c70dd16bfd5383756b90ca2377d2624d3210c29cc4c8548bd75caf0fbe630c,2bcd2e0e54731a0b4b2ae4d3e2d8b3791db80896cddc3afeb40cc9b45ac23c46,960,540,32548,False,8c995a53fedac23d6543f2705a2adbfcd0c1ac6e6ba1cebd505b1b59b0652594,m0+m1+m2+m3+m4 [expected_no_op],,
371,f0371,clean-static,m1,mask\f0371_m1.png,True,True,,ee865b9d9322d51d218f1e500be8140140e7819a0b2d2135dbce5f97d870027b,2bcd2e0e54731a0b4b2ae4d3e2d8b3791db80896cddc3afeb40cc9b45ac23c46,960,540,32548,False,8c995a53fedac23d6543f2705a2adbfcd0c1ac6e6ba1cebd505b1b59b0652594,m0+m1+m2+m3+m4 [expected_no_op],,
371,f0371,clean-static,m2,mask\f0371_m2.png,True,True,,1fa180f09674691e6f905ee178ff1a1ebb986ecf3eb76e495d2e98d09a127eb1,2bcd2e0e54731a0b4b2ae4d3e2d8b3791db80896cddc3afeb40cc9b45ac23c46,960,540,32548,False,8c995a53fedac23d6543f2705a2adbfcd0c1ac6e6ba1cebd505b1b59b0652594,m0+m1+m2+m3+m4 [expected_no_op],,
371,f0371,clean-static,m3,mask\f0371_m3.png,True,True,,1fa180f09674691e6f905ee178ff1a1ebb986ecf3eb76e495d2e98d09a127eb1,2bcd2e0e54731a0b4b2ae4d3e2d8b3791db80896cddc3afeb40cc9b45ac23c46,960,540,32548,False,8c995a53fedac23d6543f2705a2adbfcd0c1ac6e6ba1cebd505b1b59b0652594,m0+m1+m2+m3+m4 [expected_no_op],,
371,f0371,clean-static,m4,mask\f0371_m4.png,True,True,,a1d21b6c56c8820f55302007662c9656afe98800c8f271baa50980e2cb5cd284,2bcd2e0e54731a0b4b2ae4d3e2d8b3791db80896cddc3afeb40cc9b45ac23c46,960,540,32548,False,8c995a53fedac23d6543f2705a2adbfcd0c1ac6e6ba1cebd505b1b59b0652594,m0+m1+m2+m3+m4 [expected_no_op],,
372,f0372,clean-static,m0,mask\f0372_m0.png,True,True,,c7aba4a9f6898f304a53ac1268fb75d3faf160a0b8b6f8d23160effb6231ccde,528ce7730fe41a2ec1b07a8109dca5315b1130562e4dc5ef4b5302601a030703,560,560,30526,False,53fdf11278bc96376ce2f08bf270c0d372aaaf2a20ff58ae544e09746d90d3ab,m0+m1+m2+m3+m4 [expected_no_op],,
372,f0372,clean-static,m1,mask\f0372_m1.png,True,True,,2327983659342e9cc04012b7e04456ca77ec211aa6a71d7a1148236ef49d10a6,528ce7730fe41a2ec1b07a8109dca5315b1130562e4dc5ef4b5302601a030703,560,560,30526,False,53fdf11278bc96376ce2f08bf270c0d372aaaf2a20ff58ae544e09746d90d3ab,m0+m1+m2+m3+m4 [expected_no_op],,
372,f0372,clean-static,m2,mask\f0372_m2.png,True,True,,04c9437eca4b5482478179d303e75ea5446be71077b0cd3f2c99121f86d95428,528ce7730fe41a2ec1b07a8109dca5315b1130562e4dc5ef4b5302601a030703,560,560,30526,False,53fdf11278bc96376ce2f08bf270c0d372aaaf2a20ff58ae544e09746d90d3ab,m0+m1+m2+m3+m4 [expected_no_op],,
372,f0372,clean-static,m3,mask\f0372_m3.png,True,True,,40619cb2655f5bc0b442a32b01ce5e13ba48fa10057c3a9f077d4931f81f0ae1,528ce7730fe41a2ec1b07a8109dca5315b1130562e4dc5ef4b5302601a030703,560,560,30526,False,53fdf11278bc96376ce2f08bf270c0d372aaaf2a20ff58ae544e09746d90d3ab,m0+m1+m2+m3+m4 [expected_no_op],,
372,f0372,clean-static,m4,mask\f0372_m4.png,True,True,,f00bbdd60f0129b345759aadd2a2ee619d7cbf779335dedc1fc27a23af0aafc4,528ce7730fe41a2ec1b07a8109dca5315b1130562e4dc5ef4b5302601a030703,560,560,30526,False,53fdf11278bc96376ce2f08bf270c0d372aaaf2a20ff58ae544e09746d90d3ab,m0+m1+m2+m3+m4 [expected_no_op],,
373,f0373,clean-static,m0,mask\f0373_m0.png,True,True,,58184ea08155bc14889562c29c415025d7aa30d005cdc7463d16ef669f4ced3a,c68acd18f7a40f4b19e138da3284462f1782be5d10b2645e1dea74d4c3ee5363,640,480,97514,False,338f00cc4264511d04a2b13a6f23b9cff4c46d1572815efea0adcb6f4e8335bb,m0+m1+m2+m3+m4 [expected_no_op],,
373,f0373,clean-static,m1,mask\f0373_m1.png,True,True,,a244a108259a103f16a538d8a3ebaa5648f0ac82f2493f447181171a5cff17f8,c68acd18f7a40f4b19e138da3284462f1782be5d10b2645e1dea74d4c3ee5363,640,480,97514,False,338f00cc4264511d04a2b13a6f23b9cff4c46d1572815efea0adcb6f4e8335bb,m0+m1+m2+m3+m4 [expected_no_op],,
373,f0373,clean-static,m2,mask\f0373_m2.png,True,True,,8a4e80addf815663330b37a974903d3c344e2e57de7cbd26972eea32196716e6,c68acd18f7a40f4b19e138da3284462f1782be5d10b2645e1dea74d4c3ee5363,640,480,97514,False,338f00cc4264511d04a2b13a6f23b9cff4c46d1572815efea0adcb6f4e8335bb,m0+m1+m2+m3+m4 [expected_no_op],,
373,f0373,clean-static,m3,mask\f0373_m3.png,True,True,,5ffeff12d741304f821c38ae32ee9cfbe6d0efd8bf97fe6ccc03f21e5016ea12,c68acd18f7a40f4b19e138da3284462f1782be5d10b2645e1dea74d4c3ee5363,640,480,97514,False,338f00cc4264511d04a2b13a6f23b9cff4c46d1572815efea0adcb6f4e8335bb,m0+m1+m2+m3+m4 [expected_no_op],,
373,f0373,clean-static,m4,mask\f0373_m4.png,True,True,,1e0870ff67ebf0a7310eefe5a5a86118fddecf9a5188592f9ff4f1d42bfe5e5b,c68acd18f7a40f4b19e138da3284462f1782be5d10b2645e1dea74d4c3ee5363,640,480,97514,False,338f00cc4264511d04a2b13a6f23b9cff4c46d1572815efea0adcb6f4e8335bb,m0+m1+m2+m3+m4 [expected_no_op],,
374,f0374,clean-static,m0,mask\f0374_m0.png,True,True,,d748b8cae368c23292e7bf1553579fc83182df8486ff4f826bac2ae140c53d2a,2c7ec035b5a4b8ea5540a2f0d6a13c56fc4728c212ef36628ffcdea9a706ff13,960,540,487,False,f3b085c6925b7fa535342e4ca45dddedcd0ca2f7219330561db2682f64214a42,m0+m1+m2+m3+m4 [expected_no_op],,
374,f0374,clean-static,m1,mask\f0374_m1.png,True,True,,cc78c47b5b76e913c62c6d70866c4e2c2598f790002ae8ed406d0b61868ffcc5,2c7ec035b5a4b8ea5540a2f0d6a13c56fc4728c212ef36628ffcdea9a706ff13,960,540,487,False,f3b085c6925b7fa535342e4ca45dddedcd0ca2f7219330561db2682f64214a42,m0+m1+m2+m3+m4 [expected_no_op],,
374,f0374,clean-static,m2,mask\f0374_m2.png,True,True,,620b8c5bad34128b54c5715b678f1631b9a102d36cd16f23d66554d5f0494893,2c7ec035b5a4b8ea5540a2f0d6a13c56fc4728c212ef36628ffcdea9a706ff13,960,540,487,False,f3b085c6925b7fa535342e4ca45dddedcd0ca2f7219330561db2682f64214a42,m0+m1+m2+m3+m4 [expected_no_op],,
374,f0374,clean-static,m3,mask\f0374_m3.png,True,True,,620b8c5bad34128b54c5715b678f1631b9a102d36cd16f23d66554d5f0494893,2c7ec035b5a4b8ea5540a2f0d6a13c56fc4728c212ef36628ffcdea9a706ff13,960,540,487,False,f3b085c6925b7fa535342e4ca45dddedcd0ca2f7219330561db2682f64214a42,m0+m1+m2+m3+m4 [expected_no_op],,
374,f0374,clean-static,m4,mask\f0374_m4.png,True,True,,2509f1afb1ae18dac0fe8b670384ca50299581cdaa3fe4c70ffda0de160dad3c,2c7ec035b5a4b8ea5540a2f0d6a13c56fc4728c212ef36628ffcdea9a706ff13,960,540,487,False,f3b085c6925b7fa535342e4ca45dddedcd0ca2f7219330561db2682f64214a42,m0+m1+m2+m3+m4 [expected_no_op],,
375,f0375,clean-static,m0,mask\f0375_m0.png,True,True,,061074faf4b79838c9f626419bbed8db1e39d05bf1cf7a2b817ebf246e4fdc20,d939a8d98c638173b24b817ddb49d0658dc8342bd5f0d18414705a1ea0779bf3,720,480,33846,False,3d16d9b906fed99c629ede8b5bd1d9492f75c47ac85fcc0bae4bb4421ed76144,m0+m1+m2+m3+m4 [expected_no_op],,
375,f0375,clean-static,m1,mask\f0375_m1.png,True,True,,f8e028756bf68db976dec2843daf2480761e73a3e25ad9b2ce32e7d0b8e1b305,d939a8d98c638173b24b817ddb49d0658dc8342bd5f0d18414705a1ea0779bf3,720,480,33846,False,3d16d9b906fed99c629ede8b5bd1d9492f75c47ac85fcc0bae4bb4421ed76144,m0+m1+m2+m3+m4 [expected_no_op],,
375,f0375,clean-static,m2,mask\f0375_m2.png,True,True,,641509cbf86ab30e81a252318c5cad187bacd7278f50c6ef39a3749f2b38a628,d939a8d98c638173b24b817ddb49d0658dc8342bd5f0d18414705a1ea0779bf3,720,480,33846,False,3d16d9b906fed99c629ede8b5bd1d9492f75c47ac85fcc0bae4bb4421ed76144,m0+m1+m2+m3+m4 [expected_no_op],,
375,f0375,clean-static,m3,mask\f0375_m3.png,True,True,,82670216c7b6fa1cd536473dc19cedfd96aba8b45629a839353eb262f94919af,d939a8d98c638173b24b817ddb49d0658dc8342bd5f0d18414705a1ea0779bf3,720,480,33846,False,3d16d9b906fed99c629ede8b5bd1d9492f75c47ac85fcc0bae4bb4421ed76144,m0+m1+m2+m3+m4 [expected_no_op],,
375,f0375,clean-static,m4,mask\f0375_m4.png,True,True,,03a19bdbce64a312d58a7f9e6cd19e88c7bb06b071a4419979dd53e990b8c8e4,d939a8d98c638173b24b817ddb49d0658dc8342bd5f0d18414705a1ea0779bf3,720,480,33846,False,3d16d9b906fed99c629ede8b5bd1d9492f75c47ac85fcc0bae4bb4421ed76144,m0+m1+m2+m3+m4 [expected_no_op],,
376,f0376,clean-static,m0,mask\f0376_m0.png,True,True,,c835141c9cbe5f0bb1983614a4ce7e4e4cc9d82db2a4583e586817b8c5195566,587645e26c8c68c83b1cf02b64d8d2d559f1edf443cc21a566ad0f15ce1e113b,640,480,126,False,0eac46d63dc22bfffe26074fea27ef015d5d7a7e76ef5923f436b3808db43518,m0+m1+m2+m3+m4 [expected_no_op],,
376,f0376,clean-static,m1,mask\f0376_m1.png,True,True,,1f28482b3bcba3e399efe63803f3e5c33e6f963169b6ed4894fdadd19f269745,587645e26c8c68c83b1cf02b64d8d2d559f1edf443cc21a566ad0f15ce1e113b,640,480,126,False,0eac46d63dc22bfffe26074fea27ef015d5d7a7e76ef5923f436b3808db43518,m0+m1+m2+m3+m4 [expected_no_op],,
376,f0376,clean-static,m2,mask\f0376_m2.png,True,True,,53f0f41440fd4662a730d9f4ba26f7ab6d49f6e3d5068d19c8d71574ca1d9d3a,587645e26c8c68c83b1cf02b64d8d2d559f1edf443cc21a566ad0f15ce1e113b,640,480,126,False,0eac46d63dc22bfffe26074fea27ef015d5d7a7e76ef5923f436b3808db43518,m0+m1+m2+m3+m4 [expected_no_op],,
376,f0376,clean-static,m3,mask\f0376_m3.png,True,True,,53f0f41440fd4662a730d9f4ba26f7ab6d49f6e3d5068d19c8d71574ca1d9d3a,587645e26c8c68c83b1cf02b64d8d2d559f1edf443cc21a566ad0f15ce1e113b,640,480,126,False,0eac46d63dc22bfffe26074fea27ef015d5d7a7e76ef5923f436b3808db43518,m0+m1+m2+m3+m4 [expected_no_op],,
376,f0376,clean-static,m4,mask\f0376_m4.png,True,True,,d88d80b46a13b714b394ec0da1977287ce1d8da24b835ee463fbe4a45d0cd403,587645e26c8c68c83b1cf02b64d8d2d559f1edf443cc21a566ad0f15ce1e113b,640,480,126,False,0eac46d63dc22bfffe26074fea27ef015d5d7a7e76ef5923f436b3808db43518,m0+m1+m2+m3+m4 [expected_no_op],,
377,f0377,clean-static,m0,mask\f0377_m0.png,True,True,,94a98804ae1f339be05d421e7555d23468c87ab0c412a7ea7b55d5c218f574c0,4b9a4fc7fe2bd7adb9d88f8f47311f2beba3ac86bc9e532d819bef7eb2907467,640,480,1372,False,38f21c85a8a3fa89c53a72c2cb8341648ff22168a8c7d858d51696229687928f,m0+m1+m2+m3+m4 [expected_no_op],,
377,f0377,clean-static,m1,mask\f0377_m1.png,True,True,,f91b95b87576352863817ae2800bb05ce5168e9247eb5eccd2b79a825686592a,4b9a4fc7fe2bd7adb9d88f8f47311f2beba3ac86bc9e532d819bef7eb2907467,640,480,1372,False,38f21c85a8a3fa89c53a72c2cb8341648ff22168a8c7d858d51696229687928f,m0+m1+m2+m3+m4 [expected_no_op],,
377,f0377,clean-static,m2,mask\f0377_m2.png,True,True,,2c4fe374821b819d33403ee6c231c537a215f97c400afd9bdb0fe48e47886ce7,4b9a4fc7fe2bd7adb9d88f8f47311f2beba3ac86bc9e532d819bef7eb2907467,640,480,1372,False,38f21c85a8a3fa89c53a72c2cb8341648ff22168a8c7d858d51696229687928f,m0+m1+m2+m3+m4 [expected_no_op],,
377,f0377,clean-static,m3,mask\f0377_m3.png,True,True,,bb50957b6906ef4028ab6e0638b749afea535e3435bb135f3659bf1d4e9cf13a,4b9a4fc7fe2bd7adb9d88f8f47311f2beba3ac86bc9e532d819bef7eb2907467,640,480,1372,False,38f21c85a8a3fa89c53a72c2cb8341648ff22168a8c7d858d51696229687928f,m0+m1+m2+m3+m4 [expected_no_op],,
377,f0377,clean-static,m4,mask\f0377_m4.png,True,True,,a70eee412baa6eaec567a9c2550b78687f5fd212892b43f45cf3356253bce39d,4b9a4fc7fe2bd7adb9d88f8f47311f2beba3ac86bc9e532d819bef7eb2907467,640,480,1372,False,38f21c85a8a3fa89c53a72c2cb8341648ff22168a8c7d858d51696229687928f,m0+m1+m2+m3+m4 [expected_no_op],,
378,f0378,controlled-occlusion,m0,mask\f0378_m0.png,True,True,,4c1eec6fc57ee81599e38bfbf6856a4898d8b643e8895c9cc797609feefc73ef,4ef68bde0458adbf9c238f67f68d6a685c918c49cc7701e11ebf56bf6951e228,640,480,14043,False,16d15645dc37faeb39d9722842a8ed1e11d54a35b640022f6ebca6d1b6f6c970,m0+m1+m2+m3 [expected_no_op],,
378,f0378,controlled-occlusion,m1,mask\f0378_m1.png,True,True,,3a92a0d272fce5cd6abfd93e4d9cb65422dda6ecfc0650eab18861da26d25869,4ef68bde0458adbf9c238f67f68d6a685c918c49cc7701e11ebf56bf6951e228,640,480,14043,False,16d15645dc37faeb39d9722842a8ed1e11d54a35b640022f6ebca6d1b6f6c970,m0+m1+m2+m3 [expected_no_op],,
378,f0378,controlled-occlusion,m2,mask\f0378_m2.png,True,True,,10a52e66ea349739fc0fe94c0f44b3e243d069cc5ea581efb9fa4b5df21ccaa3,4ef68bde0458adbf9c238f67f68d6a685c918c49cc7701e11ebf56bf6951e228,640,480,14043,False,16d15645dc37faeb39d9722842a8ed1e11d54a35b640022f6ebca6d1b6f6c970,m0+m1+m2+m3 [expected_no_op],,
378,f0378,controlled-occlusion,m3,mask\f0378_m3.png,True,True,,6b6c84381a9d42f598b3331cf6673ef96f51151c36e4ba8bb9978122c2eb1f82,4ef68bde0458adbf9c238f67f68d6a685c918c49cc7701e11ebf56bf6951e228,640,480,14043,False,16d15645dc37faeb39d9722842a8ed1e11d54a35b640022f6ebca6d1b6f6c970,m0+m1+m2+m3 [expected_no_op],,
378,f0378,controlled-occlusion,m4,mask\f0378_m4.png,True,True,,2b50f7128c5f53ad1e22334a8b8f5ec381701ce21824a8e5a9224e350fe8c927,1bd8b889ba33ce1067bd8f3886d4e5d896a6a6eab04820cdc0f966e5b306bd33,640,480,10862,False,16d15645dc37faeb39d9722842a8ed1e11d54a35b640022f6ebca6d1b6f6c970,,,
379,f0379,clean-static,m0,mask\f0379_m0.png,True,True,,4fd50adb3a3737d27ec90e6ab2046a8e6bd0a56caebdb031b636a66615f7432d,8de1ae321da74edd7f3cc9c8b8245aa208b28ea845743eabbba24c76bb483d0f,960,540,172290,False,efe81474ab3b107018d4f45e73383bc4bd991de0de86826efc9b81b53b6250b4,,,
379,f0379,clean-static,m1,mask\f0379_m1.png,True,True,,cb8ca8a9a221f866899b8ea6bb4ae90673df6b05fd8f9a476e935738e7a7df68,1f18fc947cefd9dc191848058a96a067e15e17101607221b15a3eb8b478870a6,960,540,172289,False,efe81474ab3b107018d4f45e73383bc4bd991de0de86826efc9b81b53b6250b4,m1+m2+m3+m4 [expected_no_op],,
379,f0379,clean-static,m2,mask\f0379_m2.png,True,True,,03758413608da135beb49eda53d72aae16d3f8a7e606aaad3babd93a68091ad2,1f18fc947cefd9dc191848058a96a067e15e17101607221b15a3eb8b478870a6,960,540,172289,False,efe81474ab3b107018d4f45e73383bc4bd991de0de86826efc9b81b53b6250b4,m1+m2+m3+m4 [expected_no_op],,
379,f0379,clean-static,m3,mask\f0379_m3.png,True,True,,03758413608da135beb49eda53d72aae16d3f8a7e606aaad3babd93a68091ad2,1f18fc947cefd9dc191848058a96a067e15e17101607221b15a3eb8b478870a6,960,540,172289,False,efe81474ab3b107018d4f45e73383bc4bd991de0de86826efc9b81b53b6250b4,m1+m2+m3+m4 [expected_no_op],,
379,f0379,clean-static,m4,mask\f0379_m4.png,True,True,,0031345ff0a9a131cc67f31ed7aa51faac41f5446d1201263fd8a8c311c958a0,1f18fc947cefd9dc191848058a96a067e15e17101607221b15a3eb8b478870a6,960,540,172289,False,efe81474ab3b107018d4f45e73383bc4bd991de0de86826efc9b81b53b6250b4,m1+m2+m3+m4 [expected_no_op],,
380,f0380,clean-static,m0,mask\f0380_m0.png,True,True,,bb4d90d201269cae34bc4e77e12ebe694724d8bb8ce6ab7825028299be1146e4,fa9cb79a4d90ab6b6b70752a796cd8b29b65cc195ade4f6eb2a9bbcd93d64d32,720,480,9353,False,7aa91a4ea73f293a6e3df65f72e6d9fce3937e2c354a0742f7250953a993c6fb,m0+m1+m2+m3+m4 [expected_no_op],,
380,f0380,clean-static,m1,mask\f0380_m1.png,True,True,,b96be9e4cd13cd4e9afd4ec2e172a1bd9a3de9c82bec4e0705784653d2bf2f44,fa9cb79a4d90ab6b6b70752a796cd8b29b65cc195ade4f6eb2a9bbcd93d64d32,720,480,9353,False,7aa91a4ea73f293a6e3df65f72e6d9fce3937e2c354a0742f7250953a993c6fb,m0+m1+m2+m3+m4 [expected_no_op],,
380,f0380,clean-static,m2,mask\f0380_m2.png,True,True,,fc7888f8fce3378b8962001ac29c30af0de62d6f2ec5afe8eb4d99ce1c9d1b02,fa9cb79a4d90ab6b6b70752a796cd8b29b65cc195ade4f6eb2a9bbcd93d64d32,720,480,9353,False,7aa91a4ea73f293a6e3df65f72e6d9fce3937e2c354a0742f7250953a993c6fb,m0+m1+m2+m3+m4 [expected_no_op],,
380,f0380,clean-static,m3,mask\f0380_m3.png,True,True,,d11ff8b467c5dd1cff3909d5385ae385980c2e88990951792cfb9e464518ff08,fa9cb79a4d90ab6b6b70752a796cd8b29b65cc195ade4f6eb2a9bbcd93d64d32,720,480,9353,False,7aa91a4ea73f293a6e3df65f72e6d9fce3937e2c354a0742f7250953a993c6fb,m0+m1+m2+m3+m4 [expected_no_op],,
380,f0380,clean-static,m4,mask\f0380_m4.png,True,True,,50ca04dad46c000c683068a9f78f59cfdb146758189c74993d5de3ae95d35557,fa9cb79a4d90ab6b6b70752a796cd8b29b65cc195ade4f6eb2a9bbcd93d64d32,720,480,9353,False,7aa91a4ea73f293a6e3df65f72e6d9fce3937e2c354a0742f7250953a993c6fb,m0+m1+m2+m3+m4 [expected_no_op],,
381,f0381,clean-static,m0,mask\f0381_m0.png,True,True,,5da81a237e7deed41fa769e460b40c5d448cf8f3e5882b1d47aeeed4fb44b98f,4a853fc4bce9b1a638a44a1e2daa1f1c4a024dbabc7955154c2b58bd28182f44,640,480,214394,False,9fda2a1693a45063d122fcfe8e39e5239f3b99abc717330a0adf2a0ad407106f,m0+m1+m2+m3+m4 [expected_no_op],,
381,f0381,clean-static,m1,mask\f0381_m1.png,True,True,,0331da43dc8f37f193224de16cebd40871b6b1f34c8946707989ad28d53447e6,4a853fc4bce9b1a638a44a1e2daa1f1c4a024dbabc7955154c2b58bd28182f44,640,480,214394,False,9fda2a1693a45063d122fcfe8e39e5239f3b99abc717330a0adf2a0ad407106f,m0+m1+m2+m3+m4 [expected_no_op],,
381,f0381,clean-static,m2,mask\f0381_m2.png,True,True,,76465fb6ed12ea53cd27ffa008c4f3fb314bb426e75a614a264c43dcd04b1012,4a853fc4bce9b1a638a44a1e2daa1f1c4a024dbabc7955154c2b58bd28182f44,640,480,214394,False,9fda2a1693a45063d122fcfe8e39e5239f3b99abc717330a0adf2a0ad407106f,m0+m1+m2+m3+m4 [expected_no_op],,
381,f0381,clean-static,m3,mask\f0381_m3.png,True,True,,76465fb6ed12ea53cd27ffa008c4f3fb314bb426e75a614a264c43dcd04b1012,4a853fc4bce9b1a638a44a1e2daa1f1c4a024dbabc7955154c2b58bd28182f44,640,480,214394,False,9fda2a1693a45063d122fcfe8e39e5239f3b99abc717330a0adf2a0ad407106f,m0+m1+m2+m3+m4 [expected_no_op],,
381,f0381,clean-static,m4,mask\f0381_m4.png,True,True,,8f109f76d8fc4589b56784626c25348beaf0c9fc5c6203a21ac7a9b69b4aa180,4a853fc4bce9b1a638a44a1e2daa1f1c4a024dbabc7955154c2b58bd28182f44,640,480,214394,False,9fda2a1693a45063d122fcfe8e39e5239f3b99abc717330a0adf2a0ad407106f,m0+m1+m2+m3+m4 [expected_no_op],,
382,f0382,clean-static,m0,mask\f0382_m0.png,True,True,,9c2b8d544c86e46184d2e9d152de7aab7de5134781d3040a2655732d2ed67101,3feebab649f0f3cc8e19e85d1380cd69e5e6bd9dd534da60db5a891d9368f348,640,480,2792,False,ab6d02f5b4570ea1a54cdb197117ffad5ea6c754f6e97cb9875a7911ba56b907,m0+m1+m2+m3+m4 [expected_no_op],,
382,f0382,clean-static,m1,mask\f0382_m1.png,True,True,,2c35464acefe3fc7d06c0992a157c12ace5e4fdcf06ea25380811ff5c4df6145,3feebab649f0f3cc8e19e85d1380cd69e5e6bd9dd534da60db5a891d9368f348,640,480,2792,False,ab6d02f5b4570ea1a54cdb197117ffad5ea6c754f6e97cb9875a7911ba56b907,m0+m1+m2+m3+m4 [expected_no_op],,
382,f0382,clean-static,m2,mask\f0382_m2.png,True,True,,359e23ec9fafff880aac03522a357680db65cad9e2b60647bfe75b92aeff8370,3feebab649f0f3cc8e19e85d1380cd69e5e6bd9dd534da60db5a891d9368f348,640,480,2792,False,ab6d02f5b4570ea1a54cdb197117ffad5ea6c754f6e97cb9875a7911ba56b907,m0+m1+m2+m3+m4 [expected_no_op],,
382,f0382,clean-static,m3,mask\f0382_m3.png,True,True,,359e23ec9fafff880aac03522a357680db65cad9e2b60647bfe75b92aeff8370,3feebab649f0f3cc8e19e85d1380cd69e5e6bd9dd534da60db5a891d9368f348,640,480,2792,False,ab6d02f5b4570ea1a54cdb197117ffad5ea6c754f6e97cb9875a7911ba56b907,m0+m1+m2+m3+m4 [expected_no_op],,
382,f0382,clean-static,m4,mask\f0382_m4.png,True,True,,ce892b9f467272fdf1f96c9712af43ddcc5f80307386ea0e4ddd0d56d69951d3,3feebab649f0f3cc8e19e85d1380cd69e5e6bd9dd534da60db5a891d9368f348,640,480,2792,False,ab6d02f5b4570ea1a54cdb197117ffad5ea6c754f6e97cb9875a7911ba56b907,m0+m1+m2+m3+m4 [expected_no_op],,
383,f0383,clean-static,m0,mask\f0383_m0.png,True,True,,fabdb39a6338824233a208e9612331762707567705a575de6288c1a050367104,3a9b250c82c51e4c3f7685fd746d71edea8f7655b1cea87663914d54eef49340,960,540,1313,False,5403243aaee6fe4a7976858bf68a33d4e58826dfd0d0fce2c00417e65a685296,m0+m1+m2+m3+m4 [expected_no_op],,
383,f0383,clean-static,m1,mask\f0383_m1.png,True,True,,1c7455498b22a0845da562758599e399cafabfa086c9e02d19428ac4dd773876,3a9b250c82c51e4c3f7685fd746d71edea8f7655b1cea87663914d54eef49340,960,540,1313,False,5403243aaee6fe4a7976858bf68a33d4e58826dfd0d0fce2c00417e65a685296,m0+m1+m2+m3+m4 [expected_no_op],,
383,f0383,clean-static,m2,mask\f0383_m2.png,True,True,,9f27e4feef7b9947a7c7e71e97c224ebad804fc22d198ca4c685765227c74166,3a9b250c82c51e4c3f7685fd746d71edea8f7655b1cea87663914d54eef49340,960,540,1313,False,5403243aaee6fe4a7976858bf68a33d4e58826dfd0d0fce2c00417e65a685296,m0+m1+m2+m3+m4 [expected_no_op],,
383,f0383,clean-static,m3,mask\f0383_m3.png,True,True,,ae646101a722f7b127af85405a19e1ded6b767aba1ff46a70ad64fa315b19ce6,3a9b250c82c51e4c3f7685fd746d71edea8f7655b1cea87663914d54eef49340,960,540,1313,False,5403243aaee6fe4a7976858bf68a33d4e58826dfd0d0fce2c00417e65a685296,m0+m1+m2+m3+m4 [expected_no_op],,
383,f0383,clean-static,m4,mask\f0383_m4.png,True,True,,9f27e4feef7b9947a7c7e71e97c224ebad804fc22d198ca4c685765227c74166,3a9b250c82c51e4c3f7685fd746d71edea8f7655b1cea87663914d54eef49340,960,540,1313,False,5403243aaee6fe4a7976858bf68a33d4e58826dfd0d0fce2c00417e65a685296,m0+m1+m2+m3+m4 [expected_no_op],,
384,f0384,clean-static,m0,mask\f0384_m0.png,True,True,,7e9a87fc2d9e12d5304dfdb15a6f0fa95f00bab1503010ab1c6c29ad3bc2e718,c5c38c7c801e36e1a1f8ed288f4bd06fdf6b2e0a10c27939fec2b7dd6244415f,640,480,61320,False,1ddfae8127b3db6f3459a3135910a2a62a7662e5c920063ab0bd3920b58ba922,m0+m1+m2+m3+m4 [expected_no_op],,
384,f0384,clean-static,m1,mask\f0384_m1.png,True,True,,f3c9e3ac1e591f1d57bad3f80faa66f9b87781b17542b0eee9a898ed9fafe865,c5c38c7c801e36e1a1f8ed288f4bd06fdf6b2e0a10c27939fec2b7dd6244415f,640,480,61320,False,1ddfae8127b3db6f3459a3135910a2a62a7662e5c920063ab0bd3920b58ba922,m0+m1+m2+m3+m4 [expected_no_op],,
384,f0384,clean-static,m2,mask\f0384_m2.png,True,True,,e45688a2f1dbc451d6456fc13410970cc226667acdfbcd836c1502edb4a251c6,c5c38c7c801e36e1a1f8ed288f4bd06fdf6b2e0a10c27939fec2b7dd6244415f,640,480,61320,False,1ddfae8127b3db6f3459a3135910a2a62a7662e5c920063ab0bd3920b58ba922,m0+m1+m2+m3+m4 [expected_no_op],,
384,f0384,clean-static,m3,mask\f0384_m3.png,True,True,,9e2147cbfcbea7fe1fdd2f6fc3b8278062400bc4afb626aa0b34d5f8efc5a87a,c5c38c7c801e36e1a1f8ed288f4bd06fdf6b2e0a10c27939fec2b7dd6244415f,640,480,61320,False,1ddfae8127b3db6f3459a3135910a2a62a7662e5c920063ab0bd3920b58ba922,m0+m1+m2+m3+m4 [expected_no_op],,
384,f0384,clean-static,m4,mask\f0384_m4.png,True,True,,2cd52918a9468aca195a72b438ca37ef028f23dd87e9c4f1bc41e89147967193,c5c38c7c801e36e1a1f8ed288f4bd06fdf6b2e0a10c27939fec2b7dd6244415f,640,480,61320,False,1ddfae8127b3db6f3459a3135910a2a62a7662e5c920063ab0bd3920b58ba922,m0+m1+m2+m3+m4 [expected_no_op],,
385,f0385,controlled-occlusion,m0,mask\f0385_m0.png,True,True,,2829c3fb0958bde731576f29b5d5887b4153908e689dcd45a4b67e7d5a230665,5601397f0cf2a178232367283b59f87ef4566e8541280cd0a41c2e086762a6ec,560,560,285,False,1390d24669958c9c9782922e460fd55ead6bcff4da7ff4743406c89fbcda4151,m0+m1 [expected_no_op],,
385,f0385,controlled-occlusion,m1,mask\f0385_m1.png,True,True,,a8e2deff2a8d273863235eea6747ef7319d7f319376c34086642c3207b885624,5601397f0cf2a178232367283b59f87ef4566e8541280cd0a41c2e086762a6ec,560,560,285,False,1390d24669958c9c9782922e460fd55ead6bcff4da7ff4743406c89fbcda4151,m0+m1 [expected_no_op],,
385,f0385,controlled-occlusion,m2,mask\f0385_m2.png,True,True,,87f8f5402f7d0608ce56f76519bca2dbfdae1144a24c2a9c5e3d374b3b9d01b1,b40a89a9c81aa9b68f02da922aa3f62c1c8e366c60f9629d5492a07ef1450264,560,560,273,False,1390d24669958c9c9782922e460fd55ead6bcff4da7ff4743406c89fbcda4151,m2+m3 [no_op_placed_but_not_occluding],,
385,f0385,controlled-occlusion,m3,mask\f0385_m3.png,True,True,,9c2155d6fcc971cdce9ec6d4872dc910d8b9c435d38e15b02bea131cae4abc49,b40a89a9c81aa9b68f02da922aa3f62c1c8e366c60f9629d5492a07ef1450264,560,560,273,False,1390d24669958c9c9782922e460fd55ead6bcff4da7ff4743406c89fbcda4151,m2+m3 [no_op_placed_but_not_occluding],,
385,f0385,controlled-occlusion,m4,mask\f0385_m4.png,True,True,,72cdf2f77ebd3e16eddbee95214518dafdb1cf76eaf4b06a4297c2164399c652,49910fd8e88d13a200e4c7c892792336a5dfff6aaf743e35a7373c1391398def,560,560,241,False,1390d24669958c9c9782922e460fd55ead6bcff4da7ff4743406c89fbcda4151,,,
386,f0386,clean-static,m0,mask\f0386_m0.png,True,True,,c48b848387d288f7fc6335645ad16ea22a618f9e7265fd402437053d6fcf05f0,7f0e337326e823484c54e4f42f17383e11419957aad78ee93f09d47d8041a6f6,640,480,148246,False,9597cec266196b0a930d93c84bbbca7b5c6682b721d2631ce6bf634c226d8c20,m0+m1+m2+m3+m4 [expected_no_op],,
386,f0386,clean-static,m1,mask\f0386_m1.png,True,True,,c1bb0c82055092edcb2fd3b02d4af7b76438e55cbbd61e6013d43b343a49bbd3,7f0e337326e823484c54e4f42f17383e11419957aad78ee93f09d47d8041a6f6,640,480,148246,False,9597cec266196b0a930d93c84bbbca7b5c6682b721d2631ce6bf634c226d8c20,m0+m1+m2+m3+m4 [expected_no_op],,
386,f0386,clean-static,m2,mask\f0386_m2.png,True,True,,c1bb0c82055092edcb2fd3b02d4af7b76438e55cbbd61e6013d43b343a49bbd3,7f0e337326e823484c54e4f42f17383e11419957aad78ee93f09d47d8041a6f6,640,480,148246,False,9597cec266196b0a930d93c84bbbca7b5c6682b721d2631ce6bf634c226d8c20,m0+m1+m2+m3+m4 [expected_no_op],,
386,f0386,clean-static,m3,mask\f0386_m3.png,True,True,,d487e957144c5506b499add1e3d7155c81a87bb11261a69064b9b0d14fe44af2,7f0e337326e823484c54e4f42f17383e11419957aad78ee93f09d47d8041a6f6,640,480,148246,False,9597cec266196b0a930d93c84bbbca7b5c6682b721d2631ce6bf634c226d8c20,m0+m1+m2+m3+m4 [expected_no_op],,
386,f0386,clean-static,m4,mask\f0386_m4.png,True,True,,580f29769b2e17432ab365d2572084cca7807f981cc740fc1aee974a8c3859b0,7f0e337326e823484c54e4f42f17383e11419957aad78ee93f09d47d8041a6f6,640,480,148246,False,9597cec266196b0a930d93c84bbbca7b5c6682b721d2631ce6bf634c226d8c20,m0+m1+m2+m3+m4 [expected_no_op],,
387,f0387,clean-static,m0,mask\f0387_m0.png,True,True,,009c5ce5b0a6a18ff29e274e221770ca5826d91e964e46d4882eb9a1682db9ff,1b52b1f06b2096e7f46edb1a2e466057f8377f7128cad448dff420d209c26107,960,540,67305,False,c090b6b7d6c793a4e49a5f9d859daacce02d7e27ececc5e4687431dab9d51767,m0+m1+m2+m3+m4 [expected_no_op],,
387,f0387,clean-static,m1,mask\f0387_m1.png,True,True,,dc7ec007a99b5e7f361ff90f71294095166f65479d49b756272f3cbc4baff51a,1b52b1f06b2096e7f46edb1a2e466057f8377f7128cad448dff420d209c26107,960,540,67305,False,c090b6b7d6c793a4e49a5f9d859daacce02d7e27ececc5e4687431dab9d51767,m0+m1+m2+m3+m4 [expected_no_op],,
387,f0387,clean-static,m2,mask\f0387_m2.png,True,True,,39a8dcea863be3acd10fe7943efb9039a0cf8ae809ab2529cc21f43127be4300,1b52b1f06b2096e7f46edb1a2e466057f8377f7128cad448dff420d209c26107,960,540,67305,False,c090b6b7d6c793a4e49a5f9d859daacce02d7e27ececc5e4687431dab9d51767,m0+m1+m2+m3+m4 [expected_no_op],,
387,f0387,clean-static,m3,mask\f0387_m3.png,True,True,,d94bd9995e1994247f4bbcd835e5b5b799e277cd681dfde29a8d712089dd9b32,1b52b1f06b2096e7f46edb1a2e466057f8377f7128cad448dff420d209c26107,960,540,67305,False,c090b6b7d6c793a4e49a5f9d859daacce02d7e27ececc5e4687431dab9d51767,m0+m1+m2+m3+m4 [expected_no_op],,
387,f0387,clean-static,m4,mask\f0387_m4.png,True,True,,a83b6bed6835e9b3466023bedd0e109f48f89dbe29539a72da8d2b55f6de677a,1b52b1f06b2096e7f46edb1a2e466057f8377f7128cad448dff420d209c26107,960,540,67305,False,c090b6b7d6c793a4e49a5f9d859daacce02d7e27ececc5e4687431dab9d51767,m0+m1+m2+m3+m4 [expected_no_op],,
388,f0388,controlled-occlusion,m0,mask\f0388_m0.png,False,False,missing,,,,,,,,,,
388,f0388,controlled-occlusion,m1,mask\f0388_m1.png,False,False,missing,,,,,,,,,,
388,f0388,controlled-occlusion,m2,mask\f0388_m2.png,False,False,missing,,,,,,,,,,
388,f0388,controlled-occlusion,m3,mask\f0388_m3.png,False,False,missing,,,,,,,,,,
388,f0388,controlled-occlusion,m4,mask\f0388_m4.png,False,False,missing,,,,,,,,,,
389,f0389,controlled-occlusion,m0,mask\f0389_m0.png,True,True,,723ecf3e30a67c23d33be08a131c9dfb6961c006d16ef52ce3d9e69a449709db,fa4c11e854c0b13c6a0799dcbd9b2cd16dfeeb2d509ac1f3a0c34fb5925550c6,960,540,6302,False,fab2a04400822e07e660e3100a3500cb76e435be8d703bc184fa73a5d57b7240,m0+m1+m2+m3 [no_op_placed_but_not_occluding],,
389,f0389,controlled-occlusion,m1,mask\f0389_m1.png,True,True,,ea4c34c1048257855260533fc535c77c384590eb6959164f7944abb4f4336122,fa4c11e854c0b13c6a0799dcbd9b2cd16dfeeb2d509ac1f3a0c34fb5925550c6,960,540,6302,False,fab2a04400822e07e660e3100a3500cb76e435be8d703bc184fa73a5d57b7240,m0+m1+m2+m3 [no_op_placed_but_not_occluding],,
389,f0389,controlled-occlusion,m2,mask\f0389_m2.png,True,True,,04c19422f0dc17a4960f5cbd0273f45c108dd9ec2d2ca59a62518d00d8571a33,fa4c11e854c0b13c6a0799dcbd9b2cd16dfeeb2d509ac1f3a0c34fb5925550c6,960,540,6302,False,fab2a04400822e07e660e3100a3500cb76e435be8d703bc184fa73a5d57b7240,m0+m1+m2+m3 [no_op_placed_but_not_occluding],,
389,f0389,controlled-occlusion,m3,mask\f0389_m3.png,True,True,,375f222ebeabcfa101d59d519aadcfcc50893c87e7ca14898d34aef2dc7abc3b,fa4c11e854c0b13c6a0799dcbd9b2cd16dfeeb2d509ac1f3a0c34fb5925550c6,960,540,6302,False,fab2a04400822e07e660e3100a3500cb76e435be8d703bc184fa73a5d57b7240,m0+m1+m2+m3 [no_op_placed_but_not_occluding],,
389,f0389,controlled-occlusion,m4,mask\f0389_m4.png,True,True,,60cfdf52fe8d8d1bb07918c58e53cf5e2ae23684a1d4a7958147339b8ffa6e41,25432669724852afb691284f5b6fcbb6c620c2baed1ef463aad43dd5aea78923,960,540,5214,False,fab2a04400822e07e660e3100a3500cb76e435be8d703bc184fa73a5d57b7240,,,
390,f0390,clean-static,m0,mask\f0390_m0.png,True,True,,9f5f8efff6d2baef32c578b3876edf71213534114ad7f81c4d020dc803290546,aff7c8770fd33ffc7f2871d59de4740e77fe905a73a020cafdc896e2c42c88c1,560,560,4091,False,c66f973ac7d05f9b0c29500f99111583580066718149ad5b99af94b5b3ecd3b6,m0+m1+m2+m3+m4 [expected_no_op],,
390,f0390,clean-static,m1,mask\f0390_m1.png,True,True,,ce4582d7caecd530a7961b4f68f8c0f89277b6dad8aaab2584769387b7ab2804,aff7c8770fd33ffc7f2871d59de4740e77fe905a73a020cafdc896e2c42c88c1,560,560,4091,False,c66f973ac7d05f9b0c29500f99111583580066718149ad5b99af94b5b3ecd3b6,m0+m1+m2+m3+m4 [expected_no_op],,
390,f0390,clean-static,m2,mask\f0390_m2.png,True,True,,c77654f83335999a19a65dc52ca4280ca11a2158e587d9b4353fa8fbe68bfce4,aff7c8770fd33ffc7f2871d59de4740e77fe905a73a020cafdc896e2c42c88c1,560,560,4091,False,c66f973ac7d05f9b0c29500f99111583580066718149ad5b99af94b5b3ecd3b6,m0+m1+m2+m3+m4 [expected_no_op],,
390,f0390,clean-static,m3,mask\f0390_m3.png,True,True,,a433ed11e0bd0fbd8a024554c4e0e8f084160740c1859ff0c93ecea38b47fd9b,aff7c8770fd33ffc7f2871d59de4740e77fe905a73a020cafdc896e2c42c88c1,560,560,4091,False,c66f973ac7d05f9b0c29500f99111583580066718149ad5b99af94b5b3ecd3b6,m0+m1+m2+m3+m4 [expected_no_op],,
390,f0390,clean-static,m4,mask\f0390_m4.png,True,True,,c77654f83335999a19a65dc52ca4280ca11a2158e587d9b4353fa8fbe68bfce4,aff7c8770fd33ffc7f2871d59de4740e77fe905a73a020cafdc896e2c42c88c1,560,560,4091,False,c66f973ac7d05f9b0c29500f99111583580066718149ad5b99af94b5b3ecd3b6,m0+m1+m2+m3+m4 [expected_no_op],,
391,f0391,controlled-occlusion,m0,mask\f0391_m0.png,False,False,missing,,,,,,,,,,
391,f0391,controlled-occlusion,m1,mask\f0391_m1.png,False,False,missing,,,,,,,,,,
391,f0391,controlled-occlusion,m2,mask\f0391_m2.png,False,False,missing,,,,,,,,,,
391,f0391,controlled-occlusion,m3,mask\f0391_m3.png,False,False,missing,,,,,,,,,,
391,f0391,controlled-occlusion,m4,mask\f0391_m4.png,False,False,missing,,,,,,,,,,
392,f0392,clean-static,m0,mask\f0392_m0.png,True,True,,d47831ce47542749ecb3476a9737f585f1f677f2476c74b358a040c0dbde9d92,818de0a76bbf07c0de96244a53c7e1e73ea6d7ab3a2980d2985deb860d20016e,640,480,60,False,65504ce651f094aff611548f3314889e8b4aed5287aa2cb6bb764e37fc3be34b,m0+m1+m2+m3+m4 [expected_no_op],,
392,f0392,clean-static,m1,mask\f0392_m1.png,True,True,,b3a205dc341ddefac83a3684f724a03649f8906fe7f63bf2f0df6b8d18fe0add,818de0a76bbf07c0de96244a53c7e1e73ea6d7ab3a2980d2985deb860d20016e,640,480,60,False,65504ce651f094aff611548f3314889e8b4aed5287aa2cb6bb764e37fc3be34b,m0+m1+m2+m3+m4 [expected_no_op],,
392,f0392,clean-static,m2,mask\f0392_m2.png,True,True,,8cd68b690b962ae0ba05e5b4225e7eaad235e8a16797d6a15c45438cf729158a,818de0a76bbf07c0de96244a53c7e1e73ea6d7ab3a2980d2985deb860d20016e,640,480,60,False,65504ce651f094aff611548f3314889e8b4aed5287aa2cb6bb764e37fc3be34b,m0+m1+m2+m3+m4 [expected_no_op],,
392,f0392,clean-static,m3,mask\f0392_m3.png,True,True,,6c1c56bab7ec05b78dd1f3421b418a741e526c86cfeee75406e61afaf29f6c4a,818de0a76bbf07c0de96244a53c7e1e73ea6d7ab3a2980d2985deb860d20016e,640,480,60,False,65504ce651f094aff611548f3314889e8b4aed5287aa2cb6bb764e37fc3be34b,m0+m1+m2+m3+m4 [expected_no_op],,
392,f0392,clean-static,m4,mask\f0392_m4.png,True,True,,cf09c421bca02bb0436d17549886412c6db38a6feba6a99254ad17120fe2aec7,818de0a76bbf07c0de96244a53c7e1e73ea6d7ab3a2980d2985deb860d20016e,640,480,60,False,65504ce651f094aff611548f3314889e8b4aed5287aa2cb6bb764e37fc3be34b,m0+m1+m2+m3+m4 [expected_no_op],,
393,f0393,cargo-only,m0,mask\f0393_m0.png,True,True,,8a791a48a05ed34c02f236f5885c3d1b10e251c15c22c0af1961c2d77f62067a,5c819db06b7b56869786a78e3d23be6ea574bb16f70604788b8081e69ac35374,960,540,7045,False,192b750e3b29bc3506df574c7ac2dee139c310e8448bef0360302a96664bd276,m0+m1 [expected_no_op],,
393,f0393,cargo-only,m1,mask\f0393_m1.png,True,True,,2aeea03dae7d5b7d206cc8ab5729332bc7e3b86e3741476bcf742a2937139817,5c819db06b7b56869786a78e3d23be6ea574bb16f70604788b8081e69ac35374,960,540,7045,False,192b750e3b29bc3506df574c7ac2dee139c310e8448bef0360302a96664bd276,m0+m1 [expected_no_op],,
393,f0393,cargo-only,m2,mask\f0393_m2.png,True,True,,9c600ec79d3958a37e554c1c1bf8245e4bea3eda65ff4a26766b9935852850f8,ef39568838a12f3a6992034b94e0da3ecf8b64234aaa206ada520bdccd135913,960,540,5367,False,192b750e3b29bc3506df574c7ac2dee139c310e8448bef0360302a96664bd276,m2+m3+m4 [expected_no_op],,
393,f0393,cargo-only,m3,mask\f0393_m3.png,True,True,,7529cd7e2b94e0ab880f4711133d8b1cb111bab01c314cb35c5ac234439ce7f4,ef39568838a12f3a6992034b94e0da3ecf8b64234aaa206ada520bdccd135913,960,540,5367,False,192b750e3b29bc3506df574c7ac2dee139c310e8448bef0360302a96664bd276,m2+m3+m4 [expected_no_op],,
393,f0393,cargo-only,m4,mask\f0393_m4.png,True,True,,bb94dc14f44c683895b53f959810e5233d65eacc199319ee124a586317dc5f0d,ef39568838a12f3a6992034b94e0da3ecf8b64234aaa206ada520bdccd135913,960,540,5367,False,192b750e3b29bc3506df574c7ac2dee139c310e8448bef0360302a96664bd276,m2+m3+m4 [expected_no_op],,
394,f0394,controlled-occlusion,m0,mask\f0394_m0.png,False,False,missing,,,,,,,,,,
394,f0394,controlled-occlusion,m1,mask\f0394_m1.png,False,False,missing,,,,,,,,,,
394,f0394,controlled-occlusion,m2,mask\f0394_m2.png,False,False,missing,,,,,,,,,,
394,f0394,controlled-occlusion,m3,mask\f0394_m3.png,False,False,missing,,,,,,,,,,
394,f0394,controlled-occlusion,m4,mask\f0394_m4.png,False,False,missing,,,,,,,,,,
395,f0395,cargo-only,m0,mask\f0395_m0.png,True,True,,92e6b6874e363bc527fb2e2769167555292f85f2c666a9b377a512e30962e97e,93f9cab07449ffe5a1d1925b10812c941af5c11e399ee7cf7005fff71ac17001,640,480,738,False,8221d208c7a271506032c6321466eb834cb364f598cd7568f29bfc702f20adbe,m0+m1 [expected_no_op],,
395,f0395,cargo-only,m1,mask\f0395_m1.png,True,True,,4d5e7c1d64322ed61c5062070511e67a0cfe2081e85345d1c77f292e13e3dd69,93f9cab07449ffe5a1d1925b10812c941af5c11e399ee7cf7005fff71ac17001,640,480,738,False,8221d208c7a271506032c6321466eb834cb364f598cd7568f29bfc702f20adbe,m0+m1 [expected_no_op],,
395,f0395,cargo-only,m2,mask\f0395_m2.png,True,True,,5d04b4f7697924ad35c1ff9dc0fe516343ab88d72cc9d821d5ba5e9a56836aad,d0b34f1b381107dd5d69aa77070e40a45b26c4f0bac9c1c7149bd1de4a7e8a4b,640,480,735,False,8221d208c7a271506032c6321466eb834cb364f598cd7568f29bfc702f20adbe,m2+m3+m4 [expected_no_op],,
395,f0395,cargo-only,m3,mask\f0395_m3.png,True,True,,9cb5844b46ed6b8a7a4d4539767df2e30aa1e4396d384087b3d442b3d75a6ca0,d0b34f1b381107dd5d69aa77070e40a45b26c4f0bac9c1c7149bd1de4a7e8a4b,640,480,735,False,8221d208c7a271506032c6321466eb834cb364f598cd7568f29bfc702f20adbe,m2+m3+m4 [expected_no_op],,
395,f0395,cargo-only,m4,mask\f0395_m4.png,True,True,,8fe29dc8c25c28fdfc6c87e5a420e1ee709a51e3983873d547cc37f122d638cb,d0b34f1b381107dd5d69aa77070e40a45b26c4f0bac9c1c7149bd1de4a7e8a4b,640,480,735,False,8221d208c7a271506032c6321466eb834cb364f598cd7568f29bfc702f20adbe,m2+m3+m4 [expected_no_op],,
396,f0396,cargo-only,m0,mask\f0396_m0.png,True,True,,de884f3287afa56cf62527ab1b8ce8aeb5408c63a88897a150abc90dceca6df1,cb8aa5969a4eebd55e33fb9609c87da9f82e0036a99640f9094f90fbb67ad17e,720,480,3904,False,28f646705a74896ac04947ce4d8de2458721f2f5e3448348a1630f0c8a4d0ba9,m0+m1 [expected_no_op],,
396,f0396,cargo-only,m1,mask\f0396_m1.png,True,True,,7d712df76e4c91203d999ce412e36f25cc3bad67e4164f062f8fdbfaf920b07d,cb8aa5969a4eebd55e33fb9609c87da9f82e0036a99640f9094f90fbb67ad17e,720,480,3904,False,28f646705a74896ac04947ce4d8de2458721f2f5e3448348a1630f0c8a4d0ba9,m0+m1 [expected_no_op],,
396,f0396,cargo-only,m2,mask\f0396_m2.png,True,True,,6f074ae69f7deb0eae29678ad367042dce093c51959ed89b28ed0b996ef1a13b,f14967215933b6cffe2bb0e9d91cde5f720b1f39975b49db1658e28a3ac02a56,720,480,3244,False,28f646705a74896ac04947ce4d8de2458721f2f5e3448348a1630f0c8a4d0ba9,m2+m3+m4 [expected_no_op],,
396,f0396,cargo-only,m3,mask\f0396_m3.png,True,True,,de83b8f9d798af79e331305503da00ff7a253773cbe5454d5e69a78e826629bb,f14967215933b6cffe2bb0e9d91cde5f720b1f39975b49db1658e28a3ac02a56,720,480,3244,False,28f646705a74896ac04947ce4d8de2458721f2f5e3448348a1630f0c8a4d0ba9,m2+m3+m4 [expected_no_op],,
396,f0396,cargo-only,m4,mask\f0396_m4.png,True,True,,5aa84241b2a5e64184e782789299f9ab5f55fa04bd7496d640c124460c4cc2fa,f14967215933b6cffe2bb0e9d91cde5f720b1f39975b49db1658e28a3ac02a56,720,480,3244,False,28f646705a74896ac04947ce4d8de2458721f2f5e3448348a1630f0c8a4d0ba9,m2+m3+m4 [expected_no_op],,
397,f0397,cargo-only,m0,mask\f0397_m0.png,True,True,,972c741008da8c0cf402b3eb2e56fb8c2dec94d6fb61c85a632e232173554f4a,d4cc5505a747c48ede824082436bee7a1ea72fa2a563b0efde9c7fbd28c48626,640,480,101318,False,38513e8d5bc10eaac3fa2ca30ec7b7c643ae0d84ee351b21cb5230b42af49307,m0+m1 [expected_no_op],,
397,f0397,cargo-only,m1,mask\f0397_m1.png,True,True,,966de38203db028022b64964e25e5da47fa2bbecfbf8785377d9ce5327b4d903,d4cc5505a747c48ede824082436bee7a1ea72fa2a563b0efde9c7fbd28c48626,640,480,101318,False,38513e8d5bc10eaac3fa2ca30ec7b7c643ae0d84ee351b21cb5230b42af49307,m0+m1 [expected_no_op],,
397,f0397,cargo-only,m2,mask\f0397_m2.png,True,True,,923282d08af41104e89a4f4ec5416ff68d4d706a147d25b082cc71578827c111,c8241e62873812f7ebc7d729f40a56ff718f948274183176df2cd1afd4bca0e7,640,480,84958,False,38513e8d5bc10eaac3fa2ca30ec7b7c643ae0d84ee351b21cb5230b42af49307,m2+m3+m4 [expected_no_op],,
397,f0397,cargo-only,m3,mask\f0397_m3.png,True,True,,afbbfa7f3bfaa25c50690ab13448e97ce6cf20e44ee63cf55ee4a857c1fbaeaa,c8241e62873812f7ebc7d729f40a56ff718f948274183176df2cd1afd4bca0e7,640,480,84958,False,38513e8d5bc10eaac3fa2ca30ec7b7c643ae0d84ee351b21cb5230b42af49307,m2+m3+m4 [expected_no_op],,
397,f0397,cargo-only,m4,mask\f0397_m4.png,True,True,,c3a25f1a46349cedc90a9c8c8aec57e12630deb0982a018d17c7f2edfd9dd9f8,c8241e62873812f7ebc7d729f40a56ff718f948274183176df2cd1afd4bca0e7,640,480,84958,False,38513e8d5bc10eaac3fa2ca30ec7b7c643ae0d84ee351b21cb5230b42af49307,m2+m3+m4 [expected_no_op],,
398,f0398,controlled-occlusion,m0,mask\f0398_m0.png,True,True,,264f748323b292d1896c796f039e30b9aebf13b28c9cb52977456095cfc3755d,59f308c9004d05b83f7f1242353991505ac76885c34cd790b41099f5adcdf8ed,960,540,52037,False,abd33e16fd2bec442c88c07147c406cc24c54bb6c2901315e0336dc8dcf8e4c9,m0+m1+m2+m3 [no_op_placed_but_not_occluding],,
398,f0398,controlled-occlusion,m1,mask\f0398_m1.png,True,True,,d8db46e7bc53e51fa84bbc23104bdb804ad99c77f1351dda92c18b0acaa36ed9,59f308c9004d05b83f7f1242353991505ac76885c34cd790b41099f5adcdf8ed,960,540,52037,False,abd33e16fd2bec442c88c07147c406cc24c54bb6c2901315e0336dc8dcf8e4c9,m0+m1+m2+m3 [no_op_placed_but_not_occluding],,
398,f0398,controlled-occlusion,m2,mask\f0398_m2.png,True,True,,e5141d11f93efbc3e82bce316f5a249b004468812dadbd5848e776e17e16467b,59f308c9004d05b83f7f1242353991505ac76885c34cd790b41099f5adcdf8ed,960,540,52037,False,abd33e16fd2bec442c88c07147c406cc24c54bb6c2901315e0336dc8dcf8e4c9,m0+m1+m2+m3 [no_op_placed_but_not_occluding],,
398,f0398,controlled-occlusion,m3,mask\f0398_m3.png,True,True,,46036eb6fecb6ad07e6671bb2dd6b3bbdb6854c98d70f22eba00acf7b36bd2e7,59f308c9004d05b83f7f1242353991505ac76885c34cd790b41099f5adcdf8ed,960,540,52037,False,abd33e16fd2bec442c88c07147c406cc24c54bb6c2901315e0336dc8dcf8e4c9,m0+m1+m2+m3 [no_op_placed_but_not_occluding],,
398,f0398,controlled-occlusion,m4,mask\f0398_m4.png,True,True,,e848f295c3ec0caae5084161e03dd1448f81970dc7cafbd15a994785debe0d3d,0bf1d68fd6cdb0586ef335ff6ba5956413fb16bf19db5094ca8b4ce37d487d89,960,540,44407,False,abd33e16fd2bec442c88c07147c406cc24c54bb6c2901315e0336dc8dcf8e4c9,,,
399,f0399,controlled-occlusion,m0,mask\f0399_m0.png,False,False,missing,,,,,,,,,,
399,f0399,controlled-occlusion,m1,mask\f0399_m1.png,False,False,missing,,,,,,,,,,
399,f0399,controlled-occlusion,m2,mask\f0399_m2.png,False,False,missing,,,,,,,,,,
399,f0399,controlled-occlusion,m3,mask\f0399_m3.png,False,False,missing,,,,,,,,,,
399,f0399,controlled-occlusion,m4,mask\f0399_m4.png,False,False,missing,,,,,,,,,,
400,f0400,cargo-only,m0,mask\f0400_m0.png,True,True,,778a6c083c42c80622267621bbac14a0a4e2abe62fd8ee18f83a827222aab831,f99699cc9a6a1c9d64846ade9e9e007c35e99ad2cf9fa15589d49ff8e06dc8d4,960,540,5004,False,782cb64bae2e38ab50219d59560d75127293dccc41f1d769466cfc7961a2be1b,m0+m1 [expected_no_op],,
400,f0400,cargo-only,m1,mask\f0400_m1.png,True,True,,674b77777d7f57259b243de9d567cc55371212f91b95a5cb4d654735cc2bc921,f99699cc9a6a1c9d64846ade9e9e007c35e99ad2cf9fa15589d49ff8e06dc8d4,960,540,5004,False,782cb64bae2e38ab50219d59560d75127293dccc41f1d769466cfc7961a2be1b,m0+m1 [expected_no_op],,
400,f0400,cargo-only,m2,mask\f0400_m2.png,True,True,,cf729c629ee9e9a06faa9238a81a9e6ced0205deb95a5aec272baaa7ad85113c,de0f6b1258922c440caeda61e9646f1b8e2a8037884c3994308d912e2b082fe3,960,540,4413,False,782cb64bae2e38ab50219d59560d75127293dccc41f1d769466cfc7961a2be1b,m2+m3+m4 [expected_no_op],,
400,f0400,cargo-only,m3,mask\f0400_m3.png,True,True,,2ce6695ee4ffbc694947c8fe20e1cf8511e3304ee0540d3031a75445f4bb2e57,de0f6b1258922c440caeda61e9646f1b8e2a8037884c3994308d912e2b082fe3,960,540,4413,False,782cb64bae2e38ab50219d59560d75127293dccc41f1d769466cfc7961a2be1b,m2+m3+m4 [expected_no_op],,
400,f0400,cargo-only,m4,mask\f0400_m4.png,True,True,,2ce6695ee4ffbc694947c8fe20e1cf8511e3304ee0540d3031a75445f4bb2e57,de0f6b1258922c440caeda61e9646f1b8e2a8037884c3994308d912e2b082fe3,960,540,4413,False,782cb64bae2e38ab50219d59560d75127293dccc41f1d769466cfc7961a2be1b,m2+m3+m4 [expected_no_op],,
401,f0401,cargo-only,m0,mask\f0401_m0.png,True,True,,24e54706244e8e899f2fdf3232b830e93a34e9f6f23ff4297071d251c8da3d10,8757d99151ec9b6829ba9905a547835bd83dd0d5fbab0ac19301e13fcb502b90,640,480,129307,False,18f6bab59d7e9a4366a93af4a539f6d9a6b95e85444a523dd63afe59e48ae2c4,m0+m1 [expected_no_op],,
401,f0401,cargo-only,m1,mask\f0401_m1.png,True,True,,63be974ebcdf8c5bcde7fa992f65843c6839100e1a9fe18f133190f557dd3413,8757d99151ec9b6829ba9905a547835bd83dd0d5fbab0ac19301e13fcb502b90,640,480,129307,False,18f6bab59d7e9a4366a93af4a539f6d9a6b95e85444a523dd63afe59e48ae2c4,m0+m1 [expected_no_op],,
401,f0401,cargo-only,m2,mask\f0401_m2.png,True,True,,e110808ea60be29d9a6e90e017b3bbc872083513d4cdd287408970d7c82184bb,d40492e2fecc9631154563b5051ee294315b2971ae4033efadb921ce8b2a5076,640,480,117162,False,18f6bab59d7e9a4366a93af4a539f6d9a6b95e85444a523dd63afe59e48ae2c4,m2+m3+m4 [expected_no_op],,
401,f0401,cargo-only,m3,mask\f0401_m3.png,True,True,,84aad3a242fafe536b57e6d2208f7a77eae96aad9b70a73cf0e42281fddf007c,d40492e2fecc9631154563b5051ee294315b2971ae4033efadb921ce8b2a5076,640,480,117162,False,18f6bab59d7e9a4366a93af4a539f6d9a6b95e85444a523dd63afe59e48ae2c4,m2+m3+m4 [expected_no_op],,
401,f0401,cargo-only,m4,mask\f0401_m4.png,True,True,,226137d39da36d1ac643d35bab10534191ed5b8508bd6ba4eb570aa505a08f06,d40492e2fecc9631154563b5051ee294315b2971ae4033efadb921ce8b2a5076,640,480,117162,False,18f6bab59d7e9a4366a93af4a539f6d9a6b95e85444a523dd63afe59e48ae2c4,m2+m3+m4 [expected_no_op],,
402,f0402,controlled-occlusion,m0,mask\f0402_m0.png,True,True,,48b02ab01628a8ffa16603c9f59dab96ce31c1f2ece0f25715148a6aae26f5ff,b41534298b9cf2c5048ac9a4855e47829f736215d2c99533c13a5f3120e8220b,720,480,63289,False,e851416a296d2a6cddd4aae12a0ef98008ed69029c5f7e09cb95fb349d0d2838,m0+m1 [expected_no_op],,
402,f0402,controlled-occlusion,m1,mask\f0402_m1.png,True,True,,d2774a9fcc36273d9c781faabdf72d37e708362e427aa94cb91e90a4c3ddc58f,b41534298b9cf2c5048ac9a4855e47829f736215d2c99533c13a5f3120e8220b,720,480,63289,False,e851416a296d2a6cddd4aae12a0ef98008ed69029c5f7e09cb95fb349d0d2838,m0+m1 [expected_no_op],,
402,f0402,controlled-occlusion,m2,mask\f0402_m2.png,True,True,,a27b9a51f9fb25cefdedc9da3e6746e7c87e041078749692b6e7a4ed6b0ca46f,09d7a91c4a450ae0962b1defe714290b7652fb3985066c7fe8bc57dfe898ab3f,720,480,54883,False,e851416a296d2a6cddd4aae12a0ef98008ed69029c5f7e09cb95fb349d0d2838,m2+m3 [expected_no_op],,
402,f0402,controlled-occlusion,m3,mask\f0402_m3.png,True,True,,5ef34d2dbfb18585a8f204be45454901288cf5748fcb7743076e759a7ba7407d,09d7a91c4a450ae0962b1defe714290b7652fb3985066c7fe8bc57dfe898ab3f,720,480,54883,False,e851416a296d2a6cddd4aae12a0ef98008ed69029c5f7e09cb95fb349d0d2838,m2+m3 [expected_no_op],,
402,f0402,controlled-occlusion,m4,mask\f0402_m4.png,True,True,,0e1a139184d9991eea59ce32246867aff0790b50c04e6d6cebc09273cb7029cf,8227920a44afe85a060d5de92710a8f56a5ebe7ee45af2cd37faa8e9c314b176,720,480,39065,False,e851416a296d2a6cddd4aae12a0ef98008ed69029c5f7e09cb95fb349d0d2838,,,
403,f0403,controlled-occlusion,m0,mask\f0403_m0.png,True,True,,0d99d908420cc770ca2e0f5a5f989e2b26ee6e3442aa332f3ba007390f533de0,ba8be187fe27dab7801e590187974207289c0f2b3a86077b07f48ec435dffbe3,640,480,1266,False,d37d243b51e10d03ea356b3777b8de7a6581997348f2d30ddda1acecdc2a0992,m0+m1+m2+m3 [expected_no_op],,
403,f0403,controlled-occlusion,m1,mask\f0403_m1.png,True,True,,0968abd86e04ef01f0ca845a96f754710e28e4586da762e73f67a44d9f1428c2,ba8be187fe27dab7801e590187974207289c0f2b3a86077b07f48ec435dffbe3,640,480,1266,False,d37d243b51e10d03ea356b3777b8de7a6581997348f2d30ddda1acecdc2a0992,m0+m1+m2+m3 [expected_no_op],,
403,f0403,controlled-occlusion,m2,mask\f0403_m2.png,True,True,,fc3698433ca757561337409a958d4127f5ab21bc438cb47cfa7c26fb96754a64,ba8be187fe27dab7801e590187974207289c0f2b3a86077b07f48ec435dffbe3,640,480,1266,False,d37d243b51e10d03ea356b3777b8de7a6581997348f2d30ddda1acecdc2a0992,m0+m1+m2+m3 [expected_no_op],,
403,f0403,controlled-occlusion,m3,mask\f0403_m3.png,True,True,,7e6e2d45e0c5fc9b49b0e41ee5f2eaca202a9954d9549820ffd14dc337cc8592,ba8be187fe27dab7801e590187974207289c0f2b3a86077b07f48ec435dffbe3,640,480,1266,False,d37d243b51e10d03ea356b3777b8de7a6581997348f2d30ddda1acecdc2a0992,m0+m1+m2+m3 [expected_no_op],,
403,f0403,controlled-occlusion,m4,mask\f0403_m4.png,True,True,,5713826ca43ca5a84c7395c371cded7dd3a660afdad8e324781ec55978e1ac3d,464ab2afb7a3c89cf1f0bac589d17edb0bd90b2e5a8375a22083bb5889efacc2,640,480,856,False,d37d243b51e10d03ea356b3777b8de7a6581997348f2d30ddda1acecdc2a0992,,,
404,f0404,cargo-only,m0,mask\f0404_m0.png,True,True,,5316461df8da5cd6b764c97a0283c78b56c017f44f54f13ccf2945f93b77b713,c9ff561d607b7b624e34a27d4f6b1e5e2b5ecbc1bce229b2caf9ecbc8042e20f,640,480,54554,False,463ca014c37578f58c3fd15761dd8a71106787122123f42b2f23ee92d693e0e8,m0+m1 [expected_no_op],,
404,f0404,cargo-only,m1,mask\f0404_m1.png,True,True,,622957ffa5b88649879898e05c626b1b2594820d139184640059467fde2177ea,c9ff561d607b7b624e34a27d4f6b1e5e2b5ecbc1bce229b2caf9ecbc8042e20f,640,480,54554,False,463ca014c37578f58c3fd15761dd8a71106787122123f42b2f23ee92d693e0e8,m0+m1 [expected_no_op],,
404,f0404,cargo-only,m2,mask\f0404_m2.png,True,True,,e420569028fde0420f966793d40b788ed630c5a40ad26646522402d6758616c7,9f1a34f230a8da7096a53ea186fd4314718a36bbe8eb5b836d9d8a75aa478a35,640,480,41952,False,463ca014c37578f58c3fd15761dd8a71106787122123f42b2f23ee92d693e0e8,m2+m3+m4 [expected_no_op],,
404,f0404,cargo-only,m3,mask\f0404_m3.png,True,True,,c31a60a1c645ee3ed1abf5a3e89578af8ac58ca2b469567d7a500c020a46c9c5,9f1a34f230a8da7096a53ea186fd4314718a36bbe8eb5b836d9d8a75aa478a35,640,480,41952,False,463ca014c37578f58c3fd15761dd8a71106787122123f42b2f23ee92d693e0e8,m2+m3+m4 [expected_no_op],,
404,f0404,cargo-only,m4,mask\f0404_m4.png,True,True,,023daad58634d4ec8f99eb5c8e8353912537884a59d76815cefa0d2b8a6ac827,9f1a34f230a8da7096a53ea186fd4314718a36bbe8eb5b836d9d8a75aa478a35,640,480,41952,False,463ca014c37578f58c3fd15761dd8a71106787122123f42b2f23ee92d693e0e8,m2+m3+m4 [expected_no_op],,
405,f0405,controlled-occlusion,m0,mask\f0405_m0.png,True,True,,f182b9bde60599da9fae88340b1cf29886aff9f44d39916c9ad37ef7af12c86f,b6163e62a3f21cd77be6b08dbcf6d46bb4991d71ba3269a7f3433a0dfc9b785a,960,540,5513,False,392414cbf7cc78248fcbdf47fed8a7eb0a12c792bc7f322c2825b57e8493fc7c,m0+m1 [expected_no_op],,
405,f0405,controlled-occlusion,m1,mask\f0405_m1.png,True,True,,bc79cdb3882fdb47d3e7d1732888f5dbecf8774f2aba16ab7bfa572746bbe80a,b6163e62a3f21cd77be6b08dbcf6d46bb4991d71ba3269a7f3433a0dfc9b785a,960,540,5513,False,392414cbf7cc78248fcbdf47fed8a7eb0a12c792bc7f322c2825b57e8493fc7c,m0+m1 [expected_no_op],,
405,f0405,controlled-occlusion,m2,mask\f0405_m2.png,True,True,,f89066d9518602ad1683b4a9f8ac0a62c92febe9c36f3a730b683b8cdd50ad64,0691c8731625c55ae49377801d74175c98f2c5418d57a83bde5551cbaaf4f8ae,960,540,4706,False,392414cbf7cc78248fcbdf47fed8a7eb0a12c792bc7f322c2825b57e8493fc7c,m2+m3 [no_op_placed_but_not_occluding],,
405,f0405,controlled-occlusion,m3,mask\f0405_m3.png,True,True,,5083f1fd30740070c1c80ce1849f5914aa13bceafae3f5ca9d6bf9ab44b26377,0691c8731625c55ae49377801d74175c98f2c5418d57a83bde5551cbaaf4f8ae,960,540,4706,False,392414cbf7cc78248fcbdf47fed8a7eb0a12c792bc7f322c2825b57e8493fc7c,m2+m3 [no_op_placed_but_not_occluding],,
405,f0405,controlled-occlusion,m4,mask\f0405_m4.png,True,True,,db1aea68a80415089e6c3da176c23b93ab470fbb01a51b5671b286d4f4c6c9fa,10d0b4d4b50c402d8f2a90d027ef72bac45f9d1f7998d2e8d1f03dc1e35ae102,960,540,3819,False,392414cbf7cc78248fcbdf47fed8a7eb0a12c792bc7f322c2825b57e8493fc7c,,,
406,f0406,controlled-occlusion,m0,mask\f0406_m0.png,True,True,,8914c72c0e4e1867319e425409038ada822830292c8a6b14745b904e46afaaac,593ce279e2c0cdd5b68d7b405ab7d44645a730d8f657502a104251eb20223f08,640,480,656,False,ba678626f5361e95860994c4f915f84ff5e94d2c2336bd0543c2a825ca05a332,m0+m1+m2+m3 [no_op_placed_but_not_occluding],,
406,f0406,controlled-occlusion,m1,mask\f0406_m1.png,True,True,,d1e5e2d4eaca22556ad10d3fedbc6877f5b8f81beb1e045ae05a6b7b974fbffd,593ce279e2c0cdd5b68d7b405ab7d44645a730d8f657502a104251eb20223f08,640,480,656,False,ba678626f5361e95860994c4f915f84ff5e94d2c2336bd0543c2a825ca05a332,m0+m1+m2+m3 [no_op_placed_but_not_occluding],,
406,f0406,controlled-occlusion,m2,mask\f0406_m2.png,True,True,,a4c5e51ca11eafabba94ccf41a7eb5e15c6bd01dc31df8fca8e45650dfdf145c,593ce279e2c0cdd5b68d7b405ab7d44645a730d8f657502a104251eb20223f08,640,480,656,False,ba678626f5361e95860994c4f915f84ff5e94d2c2336bd0543c2a825ca05a332,m0+m1+m2+m3 [no_op_placed_but_not_occluding],,
406,f0406,controlled-occlusion,m3,mask\f0406_m3.png,True,True,,596104bd1d403480fa6aa9da78f0a8953d6c2c943f8767f503dd0a9e07163ac0,593ce279e2c0cdd5b68d7b405ab7d44645a730d8f657502a104251eb20223f08,640,480,656,False,ba678626f5361e95860994c4f915f84ff5e94d2c2336bd0543c2a825ca05a332,m0+m1+m2+m3 [no_op_placed_but_not_occluding],,
406,f0406,controlled-occlusion,m4,mask\f0406_m4.png,True,True,,7a4798a63b98273042ff33aa263a1e7de1b1915c2e8c1fa149422f96f496776d,e4f3130e8608ea685ea0b09cfc83fe78b60eb91d42aabc651b22a3130e9597ab,640,480,496,False,ba678626f5361e95860994c4f915f84ff5e94d2c2336bd0543c2a825ca05a332,,,
407,f0407,cargo-only,m0,mask\f0407_m0.png,True,True,,d7b417366da8be2f60380db0b20b5fefc9dff689c541a2c08e6d22702d251661,c637a492781c7323f5af60c2442b15b4fd331e02be06dc31dcfd56237e715f5d,560,560,29598,False,3a65e6170d622c3ba862a58f30fb122946a1a5a0b8584d2d1920c67f6215c9ae,m0+m1+m2+m3+m4 [expected_no_op],,
407,f0407,cargo-only,m1,mask\f0407_m1.png,True,True,,c4695e60e17e88de3c893bf33349491f575ec68507b9e6621ad60310b5b2b2e8,c637a492781c7323f5af60c2442b15b4fd331e02be06dc31dcfd56237e715f5d,560,560,29598,False,3a65e6170d622c3ba862a58f30fb122946a1a5a0b8584d2d1920c67f6215c9ae,m0+m1+m2+m3+m4 [expected_no_op],,
407,f0407,cargo-only,m2,mask\f0407_m2.png,True,True,,396db0ec0fd147840f70d8448989fb74b3341c03edc83c3950ffacc0ca6e4ce4,c637a492781c7323f5af60c2442b15b4fd331e02be06dc31dcfd56237e715f5d,560,560,29598,False,3a65e6170d622c3ba862a58f30fb122946a1a5a0b8584d2d1920c67f6215c9ae,m0+m1+m2+m3+m4 [expected_no_op],,
407,f0407,cargo-only,m3,mask\f0407_m3.png,True,True,,39f02a47f75c1e80056e79d709d255277407cc0f9191ec41f1f26f595af715e9,c637a492781c7323f5af60c2442b15b4fd331e02be06dc31dcfd56237e715f5d,560,560,29598,False,3a65e6170d622c3ba862a58f30fb122946a1a5a0b8584d2d1920c67f6215c9ae,m0+m1+m2+m3+m4 [expected_no_op],,
407,f0407,cargo-only,m4,mask\f0407_m4.png,True,True,,cec81e931d8bd91efe608e80d9e26f03d1a9cd13385f1a76eae0b563a584649d,c637a492781c7323f5af60c2442b15b4fd331e02be06dc31dcfd56237e715f5d,560,560,29598,False,3a65e6170d622c3ba862a58f30fb122946a1a5a0b8584d2d1920c67f6215c9ae,m0+m1+m2+m3+m4 [expected_no_op],,
408,f0408,controlled-occlusion,m0,mask\f0408_m0.png,True,True,,61886abffb0f49d9647aa8e2998b3421b3e7ae9b48d9301a60a369c8cd7a43c4,952af21dbbea22bdb4d5260428aafbe1f1d7b551816598c6eed3ee88c28c513c,720,480,103741,False,af28f8a97566a2d9f90bbb93354977254477405797004ba9c6499fe92721f961,m0+m1+m2+m3 [expected_no_op],,
408,f0408,controlled-occlusion,m1,mask\f0408_m1.png,True,True,,a1b40e659e0945beb9cdb79845d863d22f17a64d5eb918fca1ab60f846eba90c,952af21dbbea22bdb4d5260428aafbe1f1d7b551816598c6eed3ee88c28c513c,720,480,103741,False,af28f8a97566a2d9f90bbb93354977254477405797004ba9c6499fe92721f961,m0+m1+m2+m3 [expected_no_op],,
408,f0408,controlled-occlusion,m2,mask\f0408_m2.png,True,True,,a1b40e659e0945beb9cdb79845d863d22f17a64d5eb918fca1ab60f846eba90c,952af21dbbea22bdb4d5260428aafbe1f1d7b551816598c6eed3ee88c28c513c,720,480,103741,False,af28f8a97566a2d9f90bbb93354977254477405797004ba9c6499fe92721f961,m0+m1+m2+m3 [expected_no_op],,
408,f0408,controlled-occlusion,m3,mask\f0408_m3.png,True,True,,78dd50cad8c372e36a31ad19d1b02b005015ab0e4443c4de41ba1d4fe1e31937,952af21dbbea22bdb4d5260428aafbe1f1d7b551816598c6eed3ee88c28c513c,720,480,103741,False,af28f8a97566a2d9f90bbb93354977254477405797004ba9c6499fe92721f961,m0+m1+m2+m3 [expected_no_op],,
408,f0408,controlled-occlusion,m4,mask\f0408_m4.png,True,True,,af1bb29a9a21989e29fd662f61c724d2b22bdad00ba84eefbe11cabe63ab94b6,4bba8f6ce19626607389472fcec951ee8eef971db9f947a58017d1bb23f4dbb3,720,480,70245,False,af28f8a97566a2d9f90bbb93354977254477405797004ba9c6499fe92721f961,,,
409,f0409,cargo-only,m0,mask\f0409_m0.png,True,True,,c8565895a53be760f98994b89ced8f4d0d09fdc35e8969cfda396b4e777f1397,0e98dcf137993a722eca72fdef7149bcc83de2e8890dcd6d8a3b8329c45f9625,640,480,108622,False,c421b7f9e688957ab7d566dc324d74cfa8a8fd183ecf8abe7c6188888a796a42,m0+m1 [expected_no_op],,
409,f0409,cargo-only,m1,mask\f0409_m1.png,True,True,,c0cd567e86aaf75f85a4e54b2b4f56bc226b6b72c84727bbc7d8e11fd9022511,0e98dcf137993a722eca72fdef7149bcc83de2e8890dcd6d8a3b8329c45f9625,640,480,108622,False,c421b7f9e688957ab7d566dc324d74cfa8a8fd183ecf8abe7c6188888a796a42,m0+m1 [expected_no_op],,
409,f0409,cargo-only,m2,mask\f0409_m2.png,True,True,,e1d2425fd215d0b24519413c90d67119e78056f5d3e2de92344f997de69fc615,d7abd155b779f4b863d230c8a10377dafd3e74bc8d85a57ed10c32ab27870f52,640,480,89318,False,c421b7f9e688957ab7d566dc324d74cfa8a8fd183ecf8abe7c6188888a796a42,m2+m3+m4 [expected_no_op],,
409,f0409,cargo-only,m3,mask\f0409_m3.png,True,True,,b5a971e568f447833923fdeff7444a6351a5661d74b01fd5354d7a5d7dbcf43a,d7abd155b779f4b863d230c8a10377dafd3e74bc8d85a57ed10c32ab27870f52,640,480,89318,False,c421b7f9e688957ab7d566dc324d74cfa8a8fd183ecf8abe7c6188888a796a42,m2+m3+m4 [expected_no_op],,
409,f0409,cargo-only,m4,mask\f0409_m4.png,True,True,,7eac9e68ff2e138006b1534d589d6c53d0c99fda1f224483d85c5766d48b84e7,d7abd155b779f4b863d230c8a10377dafd3e74bc8d85a57ed10c32ab27870f52,640,480,89318,False,c421b7f9e688957ab7d566dc324d74cfa8a8fd183ecf8abe7c6188888a796a42,m2+m3+m4 [expected_no_op],,
410,f0410,cargo-only,m0,mask\f0410_m0.png,True,True,,812012fb3223444ab70962463a069ceae49de9aa5d8af6b70293f8b23c97fb31,f0beec1ebbe3133ddd359ca547f38e5e3003613093355d6ed71de85b58a38489,960,540,51925,False,5388405a7a138fb369e562e7436396acaff5c93f79ad200b013b3082ab01cb11,m0+m1 [expected_no_op],,
410,f0410,cargo-only,m1,mask\f0410_m1.png,True,True,,0477ea3f1a3b3750c1831b08957d43f1403ed3bdc1f3afe9cf41eba9e719dbe1,f0beec1ebbe3133ddd359ca547f38e5e3003613093355d6ed71de85b58a38489,960,540,51925,False,5388405a7a138fb369e562e7436396acaff5c93f79ad200b013b3082ab01cb11,m0+m1 [expected_no_op],,
410,f0410,cargo-only,m2,mask\f0410_m2.png,True,True,,e3e7d77ae11f7aa4f23d3113e0fba482398d16ab7aae326860674d058eea0072,c161eec02af3a06181c716c534ac7d61887181d0b1bba98d5151f4d8c2dad37b,960,540,45390,False,5388405a7a138fb369e562e7436396acaff5c93f79ad200b013b3082ab01cb11,m2+m3+m4 [expected_no_op],,
410,f0410,cargo-only,m3,mask\f0410_m3.png,True,True,,781a99ed666dca0e22f2223d46ffc3ae9a889d8d4c880a9f21366c1a63fac405,c161eec02af3a06181c716c534ac7d61887181d0b1bba98d5151f4d8c2dad37b,960,540,45390,False,5388405a7a138fb369e562e7436396acaff5c93f79ad200b013b3082ab01cb11,m2+m3+m4 [expected_no_op],,
410,f0410,cargo-only,m4,mask\f0410_m4.png,True,True,,84d8e9e78605cc715d0b7aad8804fcffa342430cc2227ce769a076ca712cf32b,c161eec02af3a06181c716c534ac7d61887181d0b1bba98d5151f4d8c2dad37b,960,540,45390,False,5388405a7a138fb369e562e7436396acaff5c93f79ad200b013b3082ab01cb11,m2+m3+m4 [expected_no_op],,
411,f0411,cargo-only,m0,mask\f0411_m0.png,True,True,,c1758e6e45afa94fc3519112b1fc1988c51d70f5039e56a03ab6a6a5a90c847e,d22106c89035a231c88ae7d165997cf4f4a90c359a7e33027670a2f69c89430c,560,560,1129,False,2f53b70a14c6192cfa9d083cfa3634d67505021b14e9b7a9c8089193196fde75,m0+m1 [expected_no_op],,
411,f0411,cargo-only,m1,mask\f0411_m1.png,True,True,,893ddb6fd1384bb257e0f5dea4eaf3bdc17686eb35a30af574ddfd6b43327038,d22106c89035a231c88ae7d165997cf4f4a90c359a7e33027670a2f69c89430c,560,560,1129,False,2f53b70a14c6192cfa9d083cfa3634d67505021b14e9b7a9c8089193196fde75,m0+m1 [expected_no_op],,
411,f0411,cargo-only,m2,mask\f0411_m2.png,True,True,,a403e0a724e102398a6a653ce129857cfb1dcf06cdaaf417e8f8f87f66e01453,1eeb2110972d4e6abd3173815dce84979f81388d0071a34fda1c1feb4deb8d4e,560,560,1023,False,2f53b70a14c6192cfa9d083cfa3634d67505021b14e9b7a9c8089193196fde75,m2+m3+m4 [expected_no_op],,
411,f0411,cargo-only,m3,mask\f0411_m3.png,True,True,,f32a69ddd51a2be8bd07aac38f46cad79904c8a61fe82e96151329ca8e1a7a01,1eeb2110972d4e6abd3173815dce84979f81388d0071a34fda1c1feb4deb8d4e,560,560,1023,False,2f53b70a14c6192cfa9d083cfa3634d67505021b14e9b7a9c8089193196fde75,m2+m3+m4 [expected_no_op],,
411,f0411,cargo-only,m4,mask\f0411_m4.png,True,True,,f32a69ddd51a2be8bd07aac38f46cad79904c8a61fe82e96151329ca8e1a7a01,1eeb2110972d4e6abd3173815dce84979f81388d0071a34fda1c1feb4deb8d4e,560,560,1023,False,2f53b70a14c6192cfa9d083cfa3634d67505021b14e9b7a9c8089193196fde75,m2+m3+m4 [expected_no_op],,
412,f0412,controlled-occlusion,m0,mask\f0412_m0.png,False,False,missing,,,,,,,,,,
412,f0412,controlled-occlusion,m1,mask\f0412_m1.png,False,False,missing,,,,,,,,,,
412,f0412,controlled-occlusion,m2,mask\f0412_m2.png,False,False,missing,,,,,,,,,,
412,f0412,controlled-occlusion,m3,mask\f0412_m3.png,False,False,missing,,,,,,,,,,
412,f0412,controlled-occlusion,m4,mask\f0412_m4.png,False,False,missing,,,,,,,,,,
413,f0413,controlled-occlusion,m0,mask\f0413_m0.png,True,True,,f21fe39ea97e31cac95e4b9122005b28496e78d671243aacad036171b1e5d511,536dbd916a5da4985c8abdd95d2141fd580a20a726ec86fbf7d5918dd6ca9c21,640,480,4501,False,bf6361de3debc681282da91d3ea8fc39324c0dd487e909c92d679b57a2d8edbc,m0+m1 [expected_no_op],,
413,f0413,controlled-occlusion,m1,mask\f0413_m1.png,True,True,,69325267a53ee505d6b6577f8c77b96ce9e9a0c320c65cef939d17e461aee30f,536dbd916a5da4985c8abdd95d2141fd580a20a726ec86fbf7d5918dd6ca9c21,640,480,4501,False,bf6361de3debc681282da91d3ea8fc39324c0dd487e909c92d679b57a2d8edbc,m0+m1 [expected_no_op],,
413,f0413,controlled-occlusion,m2,mask\f0413_m2.png,True,True,,0c606deb5319e2bdbc192aeea059f9a36300edde268cf1d913b4811569c441e1,dca4dcfcdfe34dcfbf552cb769e9b6e06647e118c2f382d4f377da2ced8a2b79,640,480,3593,False,bf6361de3debc681282da91d3ea8fc39324c0dd487e909c92d679b57a2d8edbc,m2+m3 [no_op_placed_but_not_occluding],,
413,f0413,controlled-occlusion,m3,mask\f0413_m3.png,True,True,,bff87b7d2774bc570902260d7f39ac3ca2f75931cd4a89208fec05e5305b7d67,dca4dcfcdfe34dcfbf552cb769e9b6e06647e118c2f382d4f377da2ced8a2b79,640,480,3593,False,bf6361de3debc681282da91d3ea8fc39324c0dd487e909c92d679b57a2d8edbc,m2+m3 [no_op_placed_but_not_occluding],,
413,f0413,controlled-occlusion,m4,mask\f0413_m4.png,True,True,,dae9641a9d5463689ff88e39514c9427da070d16245d51858a97307e0c1850f4,473c44f1a14bb3e8fa3a8c6621fbedf1d256f3607b99756aebc6e49a9beda24f,640,480,2878,False,bf6361de3debc681282da91d3ea8fc39324c0dd487e909c92d679b57a2d8edbc,,,
414,f0414,cargo-only,m0,mask\f0414_m0.png,True,True,,ad00d847b0ff39e2191583b585209c03427bfe4e3d668031b31c707d21035e89,bacb9013c3b046503f6a06b709202f1551925090340d184a2d16842608b11fb2,640,480,139061,False,9000f9d0525629ca6859379e7eafe31644d8a26e84d98299afb311766c49bad1,m0+m1 [expected_no_op],,
414,f0414,cargo-only,m1,mask\f0414_m1.png,True,True,,6527eaf3eaf8c4a04cbf93f7d1218bfd7eee319fe8a638a80b8ce4a17f8da29b,bacb9013c3b046503f6a06b709202f1551925090340d184a2d16842608b11fb2,640,480,139061,False,9000f9d0525629ca6859379e7eafe31644d8a26e84d98299afb311766c49bad1,m0+m1 [expected_no_op],,
414,f0414,cargo-only,m2,mask\f0414_m2.png,True,True,,ed1107ab8564768af2ce0f7654a66ff3863f258140045ec07f56ddffe1caf2b0,63ad05f5c9580bdc43e0aba43152ab1311977ddf9764c32d164704d147718824,640,480,123947,False,9000f9d0525629ca6859379e7eafe31644d8a26e84d98299afb311766c49bad1,m2+m3+m4 [expected_no_op],,
414,f0414,cargo-only,m3,mask\f0414_m3.png,True,True,,f92145c17edd119ca1434de2a7a5a79634c722912ba66c48837b426c2893569e,63ad05f5c9580bdc43e0aba43152ab1311977ddf9764c32d164704d147718824,640,480,123947,False,9000f9d0525629ca6859379e7eafe31644d8a26e84d98299afb311766c49bad1,m2+m3+m4 [expected_no_op],,
414,f0414,cargo-only,m4,mask\f0414_m4.png,True,True,,335cf16635fe9975ef468035f645670fd44df05d1e8108722ff66a2e2194a769,63ad05f5c9580bdc43e0aba43152ab1311977ddf9764c32d164704d147718824,640,480,123947,False,9000f9d0525629ca6859379e7eafe31644d8a26e84d98299afb311766c49bad1,m2+m3+m4 [expected_no_op],,
415,f0415,controlled-occlusion,m0,mask\f0415_m0.png,True,True,,aa1f5fe3d8bb20e9dd0efbf76e0039f982912e43c377f16155fcf20a5ddce27a,26d27fed718ebb907227cba6290ee249ad06180df5cce286369d2de9a543f304,960,540,9300,False,09603f8a30c3b03ec524710924694ad475d4ef4936debf9757f9308471950775,m0+m1 [expected_no_op],,
415,f0415,controlled-occlusion,m1,mask\f0415_m1.png,True,True,,1d1183f2df148402ba7085a1426385d8f696267b308216e4fd768e9156eddb31,26d27fed718ebb907227cba6290ee249ad06180df5cce286369d2de9a543f304,960,540,9300,False,09603f8a30c3b03ec524710924694ad475d4ef4936debf9757f9308471950775,m0+m1 [expected_no_op],,
415,f0415,controlled-occlusion,m2,mask\f0415_m2.png,True,True,,ae1bc49cb65f707571cf6a1bed1853301ed6bdbe4ed92ebd7987e55e2b725a0d,7676491e5622ac84737ed7e96509629e7d21dee731510f4c849b11ce2499edc0,960,540,8934,False,09603f8a30c3b03ec524710924694ad475d4ef4936debf9757f9308471950775,m2+m3 [expected_no_op],,
415,f0415,controlled-occlusion,m3,mask\f0415_m3.png,True,True,,57cc4466ffe6b6d2b922c56373298104ca7ec057ba38fbf1327f5d4ff4a24545,7676491e5622ac84737ed7e96509629e7d21dee731510f4c849b11ce2499edc0,960,540,8934,False,09603f8a30c3b03ec524710924694ad475d4ef4936debf9757f9308471950775,m2+m3 [expected_no_op],,
415,f0415,controlled-occlusion,m4,mask\f0415_m4.png,True,True,,4cc751f605850dbda402d17c2cc75d933a7e9cbfb7b3ebb8f34edcf73924735e,648d18b199383e7b5401c96bce5ba0733ac7a07deb9a2adce16c47388eb3a33a,960,540,6151,False,09603f8a30c3b03ec524710924694ad475d4ef4936debf9757f9308471950775,,,
416,f0416,cargo-only,m0,mask\f0416_m0.png,True,True,,ad62a3e2ad27297f1c0188cebc50e7a766d486581da1c541a1662dcc3b5a6c8c,ae22703a3bb591d8ce6fe443411c05356f2d1bad595acf7e5936e4418bf637e7,720,480,57,False,9e780e218f6356e747029fefaa32ed6154bb76adc0e398976a34f04f646d85c6,m0+m1 [expected_no_op],,
416,f0416,cargo-only,m1,mask\f0416_m1.png,True,True,,3b0bf783fd8113f5f66865fa33b3a8d8b0f644422165aedd0aad5852fa4bdff5,ae22703a3bb591d8ce6fe443411c05356f2d1bad595acf7e5936e4418bf637e7,720,480,57,False,9e780e218f6356e747029fefaa32ed6154bb76adc0e398976a34f04f646d85c6,m0+m1 [expected_no_op],,
416,f0416,cargo-only,m2,mask\f0416_m2.png,True,True,,4e945ea0b0b7fbc68d9e9936011cdc3f956a303a855b672d5fc4b48a6e489d8d,3067ebd2d98378e8600c63d551c6b29c6fb733cfbdbff47b5831f014d0954cb7,720,480,46,False,9e780e218f6356e747029fefaa32ed6154bb76adc0e398976a34f04f646d85c6,m2+m3+m4 [expected_no_op],,
416,f0416,cargo-only,m3,mask\f0416_m3.png,True,True,,28b83816777b0713108bd224c5be8db490120f883b1c2d80eaa4f779fc15478c,3067ebd2d98378e8600c63d551c6b29c6fb733cfbdbff47b5831f014d0954cb7,720,480,46,False,9e780e218f6356e747029fefaa32ed6154bb76adc0e398976a34f04f646d85c6,m2+m3+m4 [expected_no_op],,
416,f0416,cargo-only,m4,mask\f0416_m4.png,True,True,,0d1f462f2b5d9eefe099875e2db9b7769b6544c00d82899ba14a9ee66e151f05,3067ebd2d98378e8600c63d551c6b29c6fb733cfbdbff47b5831f014d0954cb7,720,480,46,False,9e780e218f6356e747029fefaa32ed6154bb76adc0e398976a34f04f646d85c6,m2+m3+m4 [expected_no_op],,
417,f0417,cargo-only,m0,mask\f0417_m0.png,True,True,,ae0118667ddb365a528cd93dea1679f5017f8527b813dc64ffc74d08e7832b7e,d42d737346630b612d1ed9fdfd480161700c1ca570f00da6bb05466223d43ea3,640,480,105603,False,2c31199c68cbdeaa3fdde1ef87ada1e9d5cd3a04412afa2e4daee3c6605f2864,m0+m1 [expected_no_op],,
417,f0417,cargo-only,m1,mask\f0417_m1.png,True,True,,d4fba4b74c89b2d6407ced558517138b4a817ada011010c0a1c874e9fba6383d,d42d737346630b612d1ed9fdfd480161700c1ca570f00da6bb05466223d43ea3,640,480,105603,False,2c31199c68cbdeaa3fdde1ef87ada1e9d5cd3a04412afa2e4daee3c6605f2864,m0+m1 [expected_no_op],,
417,f0417,cargo-only,m2,mask\f0417_m2.png,True,True,,e43e613ca59432ccd3214fe1456f63bb07f698e17c5b00acd1a99feb13d29c17,31ad2883b2a6bec1abbb972b2ad5abb35debe1e88ff86454fa293df164d70fda,640,480,98827,False,2c31199c68cbdeaa3fdde1ef87ada1e9d5cd3a04412afa2e4daee3c6605f2864,m2+m3+m4 [expected_no_op],,
417,f0417,cargo-only,m3,mask\f0417_m3.png,True,True,,81bfd1bc779cd658dc967e90d138b8fd616bc49d6e0d4b76dbd620814f2ee610,31ad2883b2a6bec1abbb972b2ad5abb35debe1e88ff86454fa293df164d70fda,640,480,98827,False,2c31199c68cbdeaa3fdde1ef87ada1e9d5cd3a04412afa2e4daee3c6605f2864,m2+m3+m4 [expected_no_op],,
417,f0417,cargo-only,m4,mask\f0417_m4.png,True,True,,d1ce5e41d4e5b4f40b38d34c589f431b6a0bd05d2aeba0bf49473e9a9c6fe86a,31ad2883b2a6bec1abbb972b2ad5abb35debe1e88ff86454fa293df164d70fda,640,480,98827,False,2c31199c68cbdeaa3fdde1ef87ada1e9d5cd3a04412afa2e4daee3c6605f2864,m2+m3+m4 [expected_no_op],,
418,f0418,cargo-only,m0,mask\f0418_m0.png,True,True,,5886bee3318dc922e3cd21d1175cbd9dff0896d5d03c10d40b68f9341b4478ad,6758851ce90a10fa48ed8ac5f7bc3b71ccac521db34728a913be9e5cd81c23fb,960,540,184988,False,12d507da900b82e8ae04d015539a95decad56c450e431c6efef5b7d70d7abac4,m0+m1 [expected_no_op],,
418,f0418,cargo-only,m1,mask\f0418_m1.png,True,True,,e7072f73e3b7f8fcb586fe498532c8dbe0342d9a7f8e7ff4ea87108ba7e438f3,6758851ce90a10fa48ed8ac5f7bc3b71ccac521db34728a913be9e5cd81c23fb,960,540,184988,False,12d507da900b82e8ae04d015539a95decad56c450e431c6efef5b7d70d7abac4,m0+m1 [expected_no_op],,
418,f0418,cargo-only,m2,mask\f0418_m2.png,True,True,,80297d26c9899600d93dcfe705ffac0805cc71e884b86c362f2b57e0824e0da2,6bc06e004e723662a95475445788727035b1569d779ebf033ae53e280d987ea4,960,540,156621,False,12d507da900b82e8ae04d015539a95decad56c450e431c6efef5b7d70d7abac4,m2+m3+m4 [expected_no_op],,
418,f0418,cargo-only,m3,mask\f0418_m3.png,True,True,,834da2022d9005c86576f5bd3c527891fa09e8db858d07da8137150b236e71a6,6bc06e004e723662a95475445788727035b1569d779ebf033ae53e280d987ea4,960,540,156621,False,12d507da900b82e8ae04d015539a95decad56c450e431c6efef5b7d70d7abac4,m2+m3+m4 [expected_no_op],,
418,f0418,cargo-only,m4,mask\f0418_m4.png,True,True,,5c6f7acc244fee893f8fb9f9df41b2f34486096aabaabbfab90c0baa38f9e8f0,6bc06e004e723662a95475445788727035b1569d779ebf033ae53e280d987ea4,960,540,156621,False,12d507da900b82e8ae04d015539a95decad56c450e431c6efef5b7d70d7abac4,m2+m3+m4 [expected_no_op],,
419,f0419,cargo-only,m0,mask\f0419_m0.png,True,True,,c98d9ba6eef046358fec36a8ee7c83594262a5bde2fec855b41e57ee91267e9b,7973f737ded0a4894619bb6795c12ec996f97cbb31c741f1bf1f95631dbca375,640,480,9645,False,c51d488612dc4e780613081f9b3b47fcedba22ff8bd1fabb426912420aa14036,m0+m1 [expected_no_op],,
419,f0419,cargo-only,m1,mask\f0419_m1.png,True,True,,ecb7d7196dcc6bb0dc8eccaf047ba15cdaa11bfceb0f3a7698df99a0efaee2dd,7973f737ded0a4894619bb6795c12ec996f97cbb31c741f1bf1f95631dbca375,640,480,9645,False,c51d488612dc4e780613081f9b3b47fcedba22ff8bd1fabb426912420aa14036,m0+m1 [expected_no_op],,
419,f0419,cargo-only,m2,mask\f0419_m2.png,True,True,,4218f9516943eba60bd0ceaf3304253be37412aa5754fa0f9ed9cd41e7487572,e343028e76d349f1fd26a615e06ce33109d274cb668699d49d92f37da323adff,640,480,8832,False,c51d488612dc4e780613081f9b3b47fcedba22ff8bd1fabb426912420aa14036,m2+m3+m4 [expected_no_op],,
419,f0419,cargo-only,m3,mask\f0419_m3.png,True,True,,0be4160a2888865934e8637ef1d9805907dc6030036170f2109aa5dab952146f,e343028e76d349f1fd26a615e06ce33109d274cb668699d49d92f37da323adff,640,480,8832,False,c51d488612dc4e780613081f9b3b47fcedba22ff8bd1fabb426912420aa14036,m2+m3+m4 [expected_no_op],,
419,f0419,cargo-only,m4,mask\f0419_m4.png,True,True,,33a470ad53b1280e14c3fd503e4cdc688d8e9fb06326f7816c82fa1759bf6079,e343028e76d349f1fd26a615e06ce33109d274cb668699d49d92f37da323adff,640,480,8832,False,c51d488612dc4e780613081f9b3b47fcedba22ff8bd1fabb426912420aa14036,m2+m3+m4 [expected_no_op],,
420,f0420,controlled-occlusion,m0,mask\f0420_m0.png,False,False,missing,,,,,,,,,,
420,f0420,controlled-occlusion,m1,mask\f0420_m1.png,False,False,missing,,,,,,,,,,
420,f0420,controlled-occlusion,m2,mask\f0420_m2.png,False,False,missing,,,,,,,,,,
420,f0420,controlled-occlusion,m3,mask\f0420_m3.png,False,False,missing,,,,,,,,,,
420,f0420,controlled-occlusion,m4,mask\f0420_m4.png,False,False,missing,,,,,,,,,,
421,f0421,controlled-occlusion,m0,mask\f0421_m0.png,False,False,missing,,,,,,,,,,
421,f0421,controlled-occlusion,m1,mask\f0421_m1.png,False,False,missing,,,,,,,,,,
421,f0421,controlled-occlusion,m2,mask\f0421_m2.png,False,False,missing,,,,,,,,,,
421,f0421,controlled-occlusion,m3,mask\f0421_m3.png,False,False,missing,,,,,,,,,,
421,f0421,controlled-occlusion,m4,mask\f0421_m4.png,False,False,missing,,,,,,,,,,
422,f0422,cargo-only,m0,mask\f0422_m0.png,True,True,,ce2338410f4d2df8ee9f540098c5416f90dc648a3dc2769bd2295bf98d4be253,e72957bcc50633b2d8da2fbf5a1357405ec407aa366dcf148c255010ea616dfd,560,560,22052,False,6e223638fcf9e12c68aef1d60081c67767c8cfe7b1d46287a43c6c9b6d63e76d,m0+m1 [expected_no_op],,
422,f0422,cargo-only,m1,mask\f0422_m1.png,True,True,,4386f19463b3502f1dc7bdf198a8986acd6bf0d85511fba9f18f716986db058e,e72957bcc50633b2d8da2fbf5a1357405ec407aa366dcf148c255010ea616dfd,560,560,22052,False,6e223638fcf9e12c68aef1d60081c67767c8cfe7b1d46287a43c6c9b6d63e76d,m0+m1 [expected_no_op],,
422,f0422,cargo-only,m2,mask\f0422_m2.png,True,True,,1e39c55c0e77da17759735eb2dc8a65c4a808df1434fcf2ffd2bf731bd3a941b,bb69f17c237eeb04db632e2394afe1d94ceea6a0bde392af56c855c86178ce8e,560,560,20339,False,6e223638fcf9e12c68aef1d60081c67767c8cfe7b1d46287a43c6c9b6d63e76d,m2+m3+m4 [expected_no_op],,
422,f0422,cargo-only,m3,mask\f0422_m3.png,True,True,,be018fed3076db570312d7dd1051a7fabeb9ef374a61a20490058c843c0d3d4a,bb69f17c237eeb04db632e2394afe1d94ceea6a0bde392af56c855c86178ce8e,560,560,20339,False,6e223638fcf9e12c68aef1d60081c67767c8cfe7b1d46287a43c6c9b6d63e76d,m2+m3+m4 [expected_no_op],,
422,f0422,cargo-only,m4,mask\f0422_m4.png,True,True,,912755312fb77b4b84bbd3d0ac7db924484ed1cd645cc3d6943044a9cf1d6b93,bb69f17c237eeb04db632e2394afe1d94ceea6a0bde392af56c855c86178ce8e,560,560,20339,False,6e223638fcf9e12c68aef1d60081c67767c8cfe7b1d46287a43c6c9b6d63e76d,m2+m3+m4 [expected_no_op],,
423,f0423,cargo-only,m0,mask\f0423_m0.png,True,True,,a54d301e5bb660394c19661f4e9d92592f4aaeeb2b447ea3765173ae8de47651,7f410a4b2d6c48e2b9124e82caa1e21f71a7288a8f2b6289bfe9e5551377f002,640,480,26108,False,1dd8b3fe307b238aa6628b4e6dd4374a97403f88d9e6af4d5394a4c81095d65c,m0+m1 [expected_no_op],,
423,f0423,cargo-only,m1,mask\f0423_m1.png,True,True,,b149ca351ab6de1799340ea0965db879739d9dd785dc412e6716127028c3c24a,7f410a4b2d6c48e2b9124e82caa1e21f71a7288a8f2b6289bfe9e5551377f002,640,480,26108,False,1dd8b3fe307b238aa6628b4e6dd4374a97403f88d9e6af4d5394a4c81095d65c,m0+m1 [expected_no_op],,
423,f0423,cargo-only,m2,mask\f0423_m2.png,True,True,,95d1b75cefa39a697b1ef2364a23d0c5423ce5da1fc565f21bd2cbd65ac30382,4bb0d6276e867ea411049bd90fe76d975a7807b101c18e2d4d9cc11520ebfdd8,640,480,19745,False,1dd8b3fe307b238aa6628b4e6dd4374a97403f88d9e6af4d5394a4c81095d65c,m2+m3+m4 [expected_no_op],,
423,f0423,cargo-only,m3,mask\f0423_m3.png,True,True,,34176640103c1f7f3a2ea10c8ac917ce6625aff31b8fd85a0ad59ece02b7725e,4bb0d6276e867ea411049bd90fe76d975a7807b101c18e2d4d9cc11520ebfdd8,640,480,19745,False,1dd8b3fe307b238aa6628b4e6dd4374a97403f88d9e6af4d5394a4c81095d65c,m2+m3+m4 [expected_no_op],,
423,f0423,cargo-only,m4,mask\f0423_m4.png,True,True,,ae1d598880c11aa69df6ddfc128a7d75eeaa8c94f05e6a8b72672f1d9f0d0ea1,4bb0d6276e867ea411049bd90fe76d975a7807b101c18e2d4d9cc11520ebfdd8,640,480,19745,False,1dd8b3fe307b238aa6628b4e6dd4374a97403f88d9e6af4d5394a4c81095d65c,m2+m3+m4 [expected_no_op],,
424,f0424,cargo-only,m0,mask\f0424_m0.png,True,True,,753a96d507c2662dfc470278bdff5a3233b43e91073c6faa4b38967abc2c0d77,6b942400ba54f686419a73a59770ac0d7eeea26b52daa4e0851d60e6a1b1f6ad,720,480,774,False,578561d382b7ea982b7aa489625d44b57b1921f8ea4e8ff2bb4a98670fe8f93d,m0+m1 [expected_no_op],,
424,f0424,cargo-only,m1,mask\f0424_m1.png,True,True,,e98d99e8f807ffa5e38a022dbb22561d5923369cd5471bcb4bda56e2bcef5ff0,6b942400ba54f686419a73a59770ac0d7eeea26b52daa4e0851d60e6a1b1f6ad,720,480,774,False,578561d382b7ea982b7aa489625d44b57b1921f8ea4e8ff2bb4a98670fe8f93d,m0+m1 [expected_no_op],,
424,f0424,cargo-only,m2,mask\f0424_m2.png,True,True,,b26e8972677d8851f4769807964985c0fe168f06dedbeaf678ef509365eae934,8063903b8eb3fa9abdfc4a35950ff4e922c87896ca0a099da7a42d142e60e848,720,480,618,False,578561d382b7ea982b7aa489625d44b57b1921f8ea4e8ff2bb4a98670fe8f93d,m2+m3+m4 [expected_no_op],,
424,f0424,cargo-only,m3,mask\f0424_m3.png,True,True,,ad7355c40fc7ab5076bfd68e39ab10d1731233015c9fbb55c44aa21f18cabe7e,8063903b8eb3fa9abdfc4a35950ff4e922c87896ca0a099da7a42d142e60e848,720,480,618,False,578561d382b7ea982b7aa489625d44b57b1921f8ea4e8ff2bb4a98670fe8f93d,m2+m3+m4 [expected_no_op],,
424,f0424,cargo-only,m4,mask\f0424_m4.png,True,True,,ac218de006bda9aeb47e028d84d272babfb8173f5fe50b9106884618213d57ea,8063903b8eb3fa9abdfc4a35950ff4e922c87896ca0a099da7a42d142e60e848,720,480,618,False,578561d382b7ea982b7aa489625d44b57b1921f8ea4e8ff2bb4a98670fe8f93d,m2+m3+m4 [expected_no_op],,
425,f0425,cargo-only,m0,mask\f0425_m0.png,True,True,,2dd1884b1799453a74e6a078896b7f37f6c2bb20951e021eae88db3eb010283e,6359fd4d0a9dd951066626a59d4df6166bac9c3745b86ac0ae112018d547efaa,960,540,136980,False,c5068c2281c5f6a86cfad713007b326634b3bae297453bd10c356803882065c7,m0+m1 [expected_no_op],,
425,f0425,cargo-only,m1,mask\f0425_m1.png,True,True,,2620875e906143d96b610922fc0823e46d8e84106e2d9cb82f185313f9794bcb,6359fd4d0a9dd951066626a59d4df6166bac9c3745b86ac0ae112018d547efaa,960,540,136980,False,c5068c2281c5f6a86cfad713007b326634b3bae297453bd10c356803882065c7,m0+m1 [expected_no_op],,
425,f0425,cargo-only,m2,mask\f0425_m2.png,True,True,,3b07ab276b73310f01ab7d9f213fd0698aa76770a6af0929c7034ac93e69b580,20c241103ab3c5ace3df78cde0ebd29e86427ada63f72e5c4a9415d3c0c3d371,960,540,118686,False,c5068c2281c5f6a86cfad713007b326634b3bae297453bd10c356803882065c7,m2+m3+m4 [expected_no_op],,
425,f0425,cargo-only,m3,mask\f0425_m3.png,True,True,,5ee4cd854609c678ff21569223a5a16d4234dc68a6bc9f6edab80e4b20f327e8,20c241103ab3c5ace3df78cde0ebd29e86427ada63f72e5c4a9415d3c0c3d371,960,540,118686,False,c5068c2281c5f6a86cfad713007b326634b3bae297453bd10c356803882065c7,m2+m3+m4 [expected_no_op],,
425,f0425,cargo-only,m4,mask\f0425_m4.png,True,True,,637ebdaaa9d9b3e09fde367695a080c426b083b8be303d5f0ff3ebf2609ea5eb,20c241103ab3c5ace3df78cde0ebd29e86427ada63f72e5c4a9415d3c0c3d371,960,540,118686,False,c5068c2281c5f6a86cfad713007b326634b3bae297453bd10c356803882065c7,m2+m3+m4 [expected_no_op],,
426,f0426,cargo-only,m0,mask\f0426_m0.png,True,True,,f5a197b7737229280c2c0b6736600dae04edfa33c2b4fb24d03568308e013663,7d9af4672649fcac863b0a2bddc6b28c86deb59be482108d2a2c6da4e3631da0,640,480,861,False,02df3432580a8d08d375e6b6338eade669f738474d0989c6e76a56f471ba061e,m0+m1 [expected_no_op],,
426,f0426,cargo-only,m1,mask\f0426_m1.png,True,True,,d94b6a7a2ff6d2d7e189b966b54226334c5a3a2300848fdd28fff17df2945430,7d9af4672649fcac863b0a2bddc6b28c86deb59be482108d2a2c6da4e3631da0,640,480,861,False,02df3432580a8d08d375e6b6338eade669f738474d0989c6e76a56f471ba061e,m0+m1 [expected_no_op],,
426,f0426,cargo-only,m2,mask\f0426_m2.png,True,True,,2ba533966e14abdaf63a2d11b577f055128a8fda953ff639b40604367f2c49f8,5f440a81098559ddb558969e159520d6f5e5045997d7ae4e3a8e39b215c47abb,640,480,665,False,02df3432580a8d08d375e6b6338eade669f738474d0989c6e76a56f471ba061e,m2+m3+m4 [expected_no_op],,
426,f0426,cargo-only,m3,mask\f0426_m3.png,True,True,,413ba720c4273940b5c8e478c02c4999c2d0ae7cc8fe7cc7fd04275cdf3f6d15,5f440a81098559ddb558969e159520d6f5e5045997d7ae4e3a8e39b215c47abb,640,480,665,False,02df3432580a8d08d375e6b6338eade669f738474d0989c6e76a56f471ba061e,m2+m3+m4 [expected_no_op],,
426,f0426,cargo-only,m4,mask\f0426_m4.png,True,True,,2ba533966e14abdaf63a2d11b577f055128a8fda953ff639b40604367f2c49f8,5f440a81098559ddb558969e159520d6f5e5045997d7ae4e3a8e39b215c47abb,640,480,665,False,02df3432580a8d08d375e6b6338eade669f738474d0989c6e76a56f471ba061e,m2+m3+m4 [expected_no_op],,
427,f0427,cargo-only,m0,mask\f0427_m0.png,True,True,,5d00a3529865ebcdaef52b61de0b0b490bb75f48be1bdc8fcb57fd06a25f891a,497d8aba8ff2756d981b8be725546e5c3969139feab651d6738bdb977588455b,640,480,4184,False,b58f33211bf152cf4508e8a248f0065b8346b4230e76e7264b8f6d7d44f3300d,m0+m1 [expected_no_op],,
427,f0427,cargo-only,m1,mask\f0427_m1.png,True,True,,c4b3c69aab200beee2a213fae93ff56983789f0d7550660b84515c81653a734b,497d8aba8ff2756d981b8be725546e5c3969139feab651d6738bdb977588455b,640,480,4184,False,b58f33211bf152cf4508e8a248f0065b8346b4230e76e7264b8f6d7d44f3300d,m0+m1 [expected_no_op],,
427,f0427,cargo-only,m2,mask\f0427_m2.png,True,True,,0e15ec65ec28ee4bc8929f287ab7ce8a8a7dcca424c8032682a12b23a0aed1ef,4a7e72c54166808f7481a837e40cbbab9cc94dd5ea5522e8c91bc65de1fced0d,640,480,3429,False,b58f33211bf152cf4508e8a248f0065b8346b4230e76e7264b8f6d7d44f3300d,m2+m3+m4 [expected_no_op],,
427,f0427,cargo-only,m3,mask\f0427_m3.png,True,True,,242003fa9223aac2b33713e7227c648e414eb87becd31a7da25569cba348a10d,4a7e72c54166808f7481a837e40cbbab9cc94dd5ea5522e8c91bc65de1fced0d,640,480,3429,False,b58f33211bf152cf4508e8a248f0065b8346b4230e76e7264b8f6d7d44f3300d,m2+m3+m4 [expected_no_op],,
427,f0427,cargo-only,m4,mask\f0427_m4.png,True,True,,d67f0f427e426e072c3416816cbb32caf775e6fae53fc6d2742f18da0788ec52,4a7e72c54166808f7481a837e40cbbab9cc94dd5ea5522e8c91bc65de1fced0d,640,480,3429,False,b58f33211bf152cf4508e8a248f0065b8346b4230e76e7264b8f6d7d44f3300d,m2+m3+m4 [expected_no_op],,
428,f0428,controlled-occlusion,m0,mask\f0428_m0.png,True,True,,3162b270bef69f7c56adcd9a6026eb69716f073e0fedb28e3180e43b6f5e6faf,9c1046c848305483396b47714cebd509d45e05d99267665e3420782ac8ed9099,640,480,24645,False,5e64a0adffceb28ea27ac9af2bc2b569644338db2eb4128945cc27735ad2e6cf,m0+m1+m2+m3 [expected_no_op],,
428,f0428,controlled-occlusion,m1,mask\f0428_m1.png,True,True,,7914feecc7c807016c6ff212d606d954333dbdc9b51530df85413ffed3b23c22,9c1046c848305483396b47714cebd509d45e05d99267665e3420782ac8ed9099,640,480,24645,False,5e64a0adffceb28ea27ac9af2bc2b569644338db2eb4128945cc27735ad2e6cf,m0+m1+m2+m3 [expected_no_op],,
428,f0428,controlled-occlusion,m2,mask\f0428_m2.png,True,True,,b85b1fc03dfd330c5f987e2f709ee75297e6a387513b3340b41bfb745636bcc0,9c1046c848305483396b47714cebd509d45e05d99267665e3420782ac8ed9099,640,480,24645,False,5e64a0adffceb28ea27ac9af2bc2b569644338db2eb4128945cc27735ad2e6cf,m0+m1+m2+m3 [expected_no_op],,
428,f0428,controlled-occlusion,m3,mask\f0428_m3.png,True,True,,b85b1fc03dfd330c5f987e2f709ee75297e6a387513b3340b41bfb745636bcc0,9c1046c848305483396b47714cebd509d45e05d99267665e3420782ac8ed9099,640,480,24645,False,5e64a0adffceb28ea27ac9af2bc2b569644338db2eb4128945cc27735ad2e6cf,m0+m1+m2+m3 [expected_no_op],,
428,f0428,controlled-occlusion,m4,mask\f0428_m4.png,True,True,,f611bf8c30199e091ecd975b127eb94f7793381e74c3158fbff2307fab0d8cf6,667c4327085dfc06f8050b4cc87507293d50d8fadedf31ec7674fd22af689bf7,640,480,21077,False,5e64a0adffceb28ea27ac9af2bc2b569644338db2eb4128945cc27735ad2e6cf,,,
429,f0429,controlled-occlusion,m0,mask\f0429_m0.png,False,False,missing,,,,,,,,,,
429,f0429,controlled-occlusion,m1,mask\f0429_m1.png,False,False,missing,,,,,,,,,,
429,f0429,controlled-occlusion,m2,mask\f0429_m2.png,False,False,missing,,,,,,,,,,
429,f0429,controlled-occlusion,m3,mask\f0429_m3.png,False,False,missing,,,,,,,,,,
429,f0429,controlled-occlusion,m4,mask\f0429_m4.png,False,False,missing,,,,,,,,,,
430,f0430,cargo-only,m0,mask\f0430_m0.png,True,True,,c6132525d8951cf601a0516ed7476ae33efd4d2f29435175986b67ebf4d3e6e7,4c7f2e54d2add6351d29a6292758706452aa56c0e2dce6ac58b664fd4f1fdd5d,720,480,8254,False,623882b10b17d2f390f9c7672ad82fde9a6b276986b012505a7be7851ae5fb88,m0+m1 [expected_no_op],,
430,f0430,cargo-only,m1,mask\f0430_m1.png,True,True,,a14942f00d978d8c27364362ea36441661c1dd33ba1efed7141b87d85a6a16e5,4c7f2e54d2add6351d29a6292758706452aa56c0e2dce6ac58b664fd4f1fdd5d,720,480,8254,False,623882b10b17d2f390f9c7672ad82fde9a6b276986b012505a7be7851ae5fb88,m0+m1 [expected_no_op],,
430,f0430,cargo-only,m2,mask\f0430_m2.png,True,True,,17cea5507610d42d59a00bc57eabdde2ea6f6c902fc7368878cb27f6c56e010f,7d3c44b60e0cf5357931cf7f5573713cfcce3109acfbcf6d71be91ee08c04fa3,720,480,6690,False,623882b10b17d2f390f9c7672ad82fde9a6b276986b012505a7be7851ae5fb88,m2+m3+m4 [expected_no_op],,
430,f0430,cargo-only,m3,mask\f0430_m3.png,True,True,,634285496f2e591f0af508c103edb3899e123c0b8a6cd1fb3d265eafcdd8eba3,7d3c44b60e0cf5357931cf7f5573713cfcce3109acfbcf6d71be91ee08c04fa3,720,480,6690,False,623882b10b17d2f390f9c7672ad82fde9a6b276986b012505a7be7851ae5fb88,m2+m3+m4 [expected_no_op],,
430,f0430,cargo-only,m4,mask\f0430_m4.png,True,True,,bf64a091aaaf543e3560a6d1d4460e283e7fb6936430ee4964145b12f6ddc1e0,7d3c44b60e0cf5357931cf7f5573713cfcce3109acfbcf6d71be91ee08c04fa3,720,480,6690,False,623882b10b17d2f390f9c7672ad82fde9a6b276986b012505a7be7851ae5fb88,m2+m3+m4 [expected_no_op],,
431,f0431,controlled-occlusion,m0,mask\f0431_m0.png,False,False,missing,,,,,,,,,,
431,f0431,controlled-occlusion,m1,mask\f0431_m1.png,False,False,missing,,,,,,,,,,
431,f0431,controlled-occlusion,m2,mask\f0431_m2.png,False,False,missing,,,,,,,,,,
431,f0431,controlled-occlusion,m3,mask\f0431_m3.png,False,False,missing,,,,,,,,,,
431,f0431,controlled-occlusion,m4,mask\f0431_m4.png,False,False,missing,,,,,,,,,,
432,f0432,cargo-only,m0,mask\f0432_m0.png,True,True,,cd9b1ab3891bbac6ad2c4328db4366fc01f5c56f85b69e57ebc7acd7ef67f241,0738a029c5f2179993a2935d8527b9e8797e2113c10c0c6a36eb9b3421730c77,640,480,71859,False,671f2f4950c8b310b4eb3f10a5a3197cdbc6159633f7bb23a51a47f351af9658,,,
432,f0432,cargo-only,m1,mask\f0432_m1.png,True,True,,24b7525b6dc90bea31cf82789d5fd1395571f5dffd8cc3bacba6136c12f4a03a,2c2aab20e33977bd05e420aa093d7efa5db305b0200ac27ab2d63f2ae65c538b,640,480,71858,False,671f2f4950c8b310b4eb3f10a5a3197cdbc6159633f7bb23a51a47f351af9658,,,
432,f0432,cargo-only,m2,mask\f0432_m2.png,True,True,,84ff1b00c3c62d73260dee7e215d4ea1066c8a0c7eaa71b3b584da099b1fcd09,036a8cc86369112f0aa767c97318c744801844f8c83682d7e84fcd06828ebde7,640,480,59068,False,671f2f4950c8b310b4eb3f10a5a3197cdbc6159633f7bb23a51a47f351af9658,m2+m3+m4 [expected_no_op],,
432,f0432,cargo-only,m3,mask\f0432_m3.png,True,True,,05b464f38712ebb734f1c429f5eee64cce887071b33c30b61f3979ae57fe5adc,036a8cc86369112f0aa767c97318c744801844f8c83682d7e84fcd06828ebde7,640,480,59068,False,671f2f4950c8b310b4eb3f10a5a3197cdbc6159633f7bb23a51a47f351af9658,m2+m3+m4 [expected_no_op],,
432,f0432,cargo-only,m4,mask\f0432_m4.png,True,True,,805e235a596fbf06cc8d387d2883ace51297f6085139d98caf310956ffad5212,036a8cc86369112f0aa767c97318c744801844f8c83682d7e84fcd06828ebde7,640,480,59068,False,671f2f4950c8b310b4eb3f10a5a3197cdbc6159633f7bb23a51a47f351af9658,m2+m3+m4 [expected_no_op],,
433,f0433,controlled-occlusion,m0,mask\f0433_m0.png,False,False,missing,,,,,,,,,,
433,f0433,controlled-occlusion,m1,mask\f0433_m1.png,False,False,missing,,,,,,,,,,
433,f0433,controlled-occlusion,m2,mask\f0433_m2.png,False,False,missing,,,,,,,,,,
433,f0433,controlled-occlusion,m3,mask\f0433_m3.png,False,False,missing,,,,,,,,,,
433,f0433,controlled-occlusion,m4,mask\f0433_m4.png,False,False,missing,,,,,,,,,,
434,f0434,cargo-only,m0,mask\f0434_m0.png,True,True,,1a10d023e3fb9d0da96489969d4e4d2e2ece6ece6064417a1c10988a4fd41d52,b713edfe2cd376f7a49509200892d9f13185605d224e13a69f0c735138a28db8,560,560,225,False,c84192d35dbb9e7e5542d63e2cb424f0a116a7bd9aaa08a0bcd8c457d6890bfa,m0+m1+m2+m3+m4 [expected_no_op],,
434,f0434,cargo-only,m1,mask\f0434_m1.png,True,True,,fd3256a7219f3dd43be14e46e757dfdff27cf549df23af5672524a56827dc361,b713edfe2cd376f7a49509200892d9f13185605d224e13a69f0c735138a28db8,560,560,225,False,c84192d35dbb9e7e5542d63e2cb424f0a116a7bd9aaa08a0bcd8c457d6890bfa,m0+m1+m2+m3+m4 [expected_no_op],,
434,f0434,cargo-only,m2,mask\f0434_m2.png,True,True,,365e73dcf5297f3cfea5c0c598e63ecffdb9a46f34ee85f8c44f8bae9806b0f3,b713edfe2cd376f7a49509200892d9f13185605d224e13a69f0c735138a28db8,560,560,225,False,c84192d35dbb9e7e5542d63e2cb424f0a116a7bd9aaa08a0bcd8c457d6890bfa,m0+m1+m2+m3+m4 [expected_no_op],,
434,f0434,cargo-only,m3,mask\f0434_m3.png,True,True,,a86886a027a0ff81963b5625f226ad858ef0b502da1ae0a7f4682916cda51aa6,b713edfe2cd376f7a49509200892d9f13185605d224e13a69f0c735138a28db8,560,560,225,False,c84192d35dbb9e7e5542d63e2cb424f0a116a7bd9aaa08a0bcd8c457d6890bfa,m0+m1+m2+m3+m4 [expected_no_op],,
434,f0434,cargo-only,m4,mask\f0434_m4.png,True,True,,7255ca5fbb261dc9427c338deda9a9913c4b5edea2649f584df5d69ea0082ea7,b713edfe2cd376f7a49509200892d9f13185605d224e13a69f0c735138a28db8,560,560,225,False,c84192d35dbb9e7e5542d63e2cb424f0a116a7bd9aaa08a0bcd8c457d6890bfa,m0+m1+m2+m3+m4 [expected_no_op],,
435,f0435,controlled-occlusion,m0,mask\f0435_m0.png,False,False,missing,,,,,,,,,,
435,f0435,controlled-occlusion,m1,mask\f0435_m1.png,False,False,missing,,,,,,,,,,
435,f0435,controlled-occlusion,m2,mask\f0435_m2.png,False,False,missing,,,,,,,,,,
435,f0435,controlled-occlusion,m3,mask\f0435_m3.png,False,False,missing,,,,,,,,,,
435,f0435,controlled-occlusion,m4,mask\f0435_m4.png,False,False,missing,,,,,,,,,,
436,f0436,cargo-only,m0,mask\f0436_m0.png,True,True,,5602c558c83880d3dd59cb642e140f37d7ed41e372856858fbc3655012064f48,43fd153b149260dc71d70de45d5123f52b8d76fb80607bbb4719bfd19e8c4fd2,720,480,3966,False,9cf4d20cf9944d07e810133e8f1b90b1fca343a8e6b8e6637796acba4b701dbc,m0+m1 [expected_no_op],,
436,f0436,cargo-only,m1,mask\f0436_m1.png,True,True,,1080a6eb0151004cfb75a7084acd46f3871dcd7fe946e5d60fdccda12e37a147,43fd153b149260dc71d70de45d5123f52b8d76fb80607bbb4719bfd19e8c4fd2,720,480,3966,False,9cf4d20cf9944d07e810133e8f1b90b1fca343a8e6b8e6637796acba4b701dbc,m0+m1 [expected_no_op],,
436,f0436,cargo-only,m2,mask\f0436_m2.png,True,True,,849b073474a798083bc982b6361f783bd7b8c69b96ab1d7080e09f690433c8a1,b77361d8ee2e2030d5f9bb24cfbc3ac9d97326955b4c211cc8c622c52b7d9e25,720,480,3661,False,9cf4d20cf9944d07e810133e8f1b90b1fca343a8e6b8e6637796acba4b701dbc,m2+m3+m4 [expected_no_op],,
436,f0436,cargo-only,m3,mask\f0436_m3.png,True,True,,bc0905375849df2f44c15814f741d04455bc301375296847a75d74d053d83797,b77361d8ee2e2030d5f9bb24cfbc3ac9d97326955b4c211cc8c622c52b7d9e25,720,480,3661,False,9cf4d20cf9944d07e810133e8f1b90b1fca343a8e6b8e6637796acba4b701dbc,m2+m3+m4 [expected_no_op],,
436,f0436,cargo-only,m4,mask\f0436_m4.png,True,True,,bc0905375849df2f44c15814f741d04455bc301375296847a75d74d053d83797,b77361d8ee2e2030d5f9bb24cfbc3ac9d97326955b4c211cc8c622c52b7d9e25,720,480,3661,False,9cf4d20cf9944d07e810133e8f1b90b1fca343a8e6b8e6637796acba4b701dbc,m2+m3+m4 [expected_no_op],,
437,f0437,cargo-only,m0,mask\f0437_m0.png,True,True,,c1cf1937dff2bd3923a3bc699c92c8c72ca3907c66cbeb1b1a4129d856eed93b,7685b39d84f1468b1d10b25b0cfcdf3c60676b7d812c6cd6f9b082b653a641d1,640,480,7312,False,36b8334db6cfbef1eb1e54799dd7ce48fb3bb978862c86b9e39b0014d5b8c6e7,m0+m1+m2+m3+m4 [no_op_placed_but_not_occluding],,
437,f0437,cargo-only,m1,mask\f0437_m1.png,True,True,,c4d6baa51a040e5fda9a687722a536a61e1e464c6d334fc4f1e41327d65b34d6,7685b39d84f1468b1d10b25b0cfcdf3c60676b7d812c6cd6f9b082b653a641d1,640,480,7312,False,36b8334db6cfbef1eb1e54799dd7ce48fb3bb978862c86b9e39b0014d5b8c6e7,m0+m1+m2+m3+m4 [no_op_placed_but_not_occluding],,
437,f0437,cargo-only,m2,mask\f0437_m2.png,True,True,,8228423f8136e062ed3e837e3e5754244544bb30972d835446ae986d7afa0e29,7685b39d84f1468b1d10b25b0cfcdf3c60676b7d812c6cd6f9b082b653a641d1,640,480,7312,False,36b8334db6cfbef1eb1e54799dd7ce48fb3bb978862c86b9e39b0014d5b8c6e7,m0+m1+m2+m3+m4 [no_op_placed_but_not_occluding],,
437,f0437,cargo-only,m3,mask\f0437_m3.png,True,True,,3d8351c411979acc072ffb3f05a79320d5fdd076b6e85b9e1a97a01242bf0cbf,7685b39d84f1468b1d10b25b0cfcdf3c60676b7d812c6cd6f9b082b653a641d1,640,480,7312,False,36b8334db6cfbef1eb1e54799dd7ce48fb3bb978862c86b9e39b0014d5b8c6e7,m0+m1+m2+m3+m4 [no_op_placed_but_not_occluding],,
437,f0437,cargo-only,m4,mask\f0437_m4.png,True,True,,be9734e55969b4b8d640240785cfc425f4daa08ee4ff56718dc3a4e4aa2b1313,7685b39d84f1468b1d10b25b0cfcdf3c60676b7d812c6cd6f9b082b653a641d1,640,480,7312,False,36b8334db6cfbef1eb1e54799dd7ce48fb3bb978862c86b9e39b0014d5b8c6e7,m0+m1+m2+m3+m4 [no_op_placed_but_not_occluding],,
438,f0438,cargo-only,m0,mask\f0438_m0.png,True,True,,4e5c15b675af1f978c01c9c03367660bcf6432e459ab11095f3ffd143cabc745,1503295b6d359ef61e7532b61402fabe6af6cc84fa20f9ae70d5a933e8e1988a,960,540,7709,False,492897e0fd64e39ab481a3d80cb596d9c9b99abee374e176c78d0b584b74b65e,m0+m1 [expected_no_op],,
438,f0438,cargo-only,m1,mask\f0438_m1.png,True,True,,c34e022c0f10f71ed0ff6772034608c304ed6a920d80074e2ee8423610e8ee29,1503295b6d359ef61e7532b61402fabe6af6cc84fa20f9ae70d5a933e8e1988a,960,540,7709,False,492897e0fd64e39ab481a3d80cb596d9c9b99abee374e176c78d0b584b74b65e,m0+m1 [expected_no_op],,
438,f0438,cargo-only,m2,mask\f0438_m2.png,True,True,,0feb441a5d852baab6d1605f59a01e12bb54f4a0f00bf260338c116a5b009755,af47da5eee0be68bd45730b4891f7d940c124968f92888e2e676f0cdce25f7d0,960,540,5825,False,492897e0fd64e39ab481a3d80cb596d9c9b99abee374e176c78d0b584b74b65e,m2+m3+m4 [expected_no_op],,
438,f0438,cargo-only,m3,mask\f0438_m3.png,True,True,,e1394e7dd18f4e4316ec7018a12404cd7edbb16759e4bbc11cb554eb1efed047,af47da5eee0be68bd45730b4891f7d940c124968f92888e2e676f0cdce25f7d0,960,540,5825,False,492897e0fd64e39ab481a3d80cb596d9c9b99abee374e176c78d0b584b74b65e,m2+m3+m4 [expected_no_op],,
438,f0438,cargo-only,m4,mask\f0438_m4.png,True,True,,0feb441a5d852baab6d1605f59a01e12bb54f4a0f00bf260338c116a5b009755,af47da5eee0be68bd45730b4891f7d940c124968f92888e2e676f0cdce25f7d0,960,540,5825,False,492897e0fd64e39ab481a3d80cb596d9c9b99abee374e176c78d0b584b74b65e,m2+m3+m4 [expected_no_op],,
439,f0439,cargo-only,m0,mask\f0439_m0.png,True,True,,8b2c1be9b5400c2b35ffc99f36af820b9c278046bcb8c1df5e56998f9a73e9c6,1137ab1580e7fbf8f2fee591f91eb80628e88a71a0a78ed11c2b4f4591cccf3a,640,480,60019,False,6569f122b64cc3325d441f4d494064ca0821111757ded59a655572597a896646,m0+m1 [expected_no_op],,
439,f0439,cargo-only,m1,mask\f0439_m1.png,True,True,,e554dece40d42114683fc8ee4881b6ddf7a39ca57eb442d862d16cba1859c04e,1137ab1580e7fbf8f2fee591f91eb80628e88a71a0a78ed11c2b4f4591cccf3a,640,480,60019,False,6569f122b64cc3325d441f4d494064ca0821111757ded59a655572597a896646,m0+m1 [expected_no_op],,
439,f0439,cargo-only,m2,mask\f0439_m2.png,True,True,,6bfaa7ad3d57bdcc705d037b04e9426a2b19c4ec5b7109c7601211c8d05f0194,419e892c82d553e4a4a3acf34298f0975b2e55d2618c0aba19a46587503cd762,640,480,58082,False,6569f122b64cc3325d441f4d494064ca0821111757ded59a655572597a896646,m2+m3+m4 [expected_no_op],,
439,f0439,cargo-only,m3,mask\f0439_m3.png,True,True,,96cdbb7b5e8077bd53db9fddc422a489d1d0f948bd8c621a7d9c53f4818e4b7f,419e892c82d553e4a4a3acf34298f0975b2e55d2618c0aba19a46587503cd762,640,480,58082,False,6569f122b64cc3325d441f4d494064ca0821111757ded59a655572597a896646,m2+m3+m4 [expected_no_op],,
439,f0439,cargo-only,m4,mask\f0439_m4.png,True,True,,6bfaa7ad3d57bdcc705d037b04e9426a2b19c4ec5b7109c7601211c8d05f0194,419e892c82d553e4a4a3acf34298f0975b2e55d2618c0aba19a46587503cd762,640,480,58082,False,6569f122b64cc3325d441f4d494064ca0821111757ded59a655572597a896646,m2+m3+m4 [expected_no_op],,
440,f0440,context-rich,m0,mask\f0440_m0.png,True,True,,9b4185cbf92669f641f36678b24a698cccabc600ea9547b121c81da6f42325cc,78d4cbdf4329784abc4d784ea0f7e4bed855f2407529ac52f870628132ea5665,720,480,130966,False,96bcdb6d38e4fa94ea2c8c8708d6505e4d80e97614751fee6584fc2b50604e4a,m0+m1+m2+m3+m4 [no_op_placed_but_not_occluding],,
440,f0440,context-rich,m1,mask\f0440_m1.png,True,True,,ca2bb850844713b6938c9df7d40104264dd67671f1498a7680e88b9219fbaebc,78d4cbdf4329784abc4d784ea0f7e4bed855f2407529ac52f870628132ea5665,720,480,130966,False,96bcdb6d38e4fa94ea2c8c8708d6505e4d80e97614751fee6584fc2b50604e4a,m0+m1+m2+m3+m4 [no_op_placed_but_not_occluding],,
440,f0440,context-rich,m2,mask\f0440_m2.png,True,True,,ca2bb850844713b6938c9df7d40104264dd67671f1498a7680e88b9219fbaebc,78d4cbdf4329784abc4d784ea0f7e4bed855f2407529ac52f870628132ea5665,720,480,130966,False,96bcdb6d38e4fa94ea2c8c8708d6505e4d80e97614751fee6584fc2b50604e4a,m0+m1+m2+m3+m4 [no_op_placed_but_not_occluding],,
440,f0440,context-rich,m3,mask\f0440_m3.png,True,True,,83d3cea605035e25fc45f6b97f7b12fdaaf42b07c083200944a295649ea610c9,78d4cbdf4329784abc4d784ea0f7e4bed855f2407529ac52f870628132ea5665,720,480,130966,False,96bcdb6d38e4fa94ea2c8c8708d6505e4d80e97614751fee6584fc2b50604e4a,m0+m1+m2+m3+m4 [no_op_placed_but_not_occluding],,
440,f0440,context-rich,m4,mask\f0440_m4.png,True,True,,daf639db73041626302f50082e565da53f037157f4822f4921b1ed4cf990b17a,78d4cbdf4329784abc4d784ea0f7e4bed855f2407529ac52f870628132ea5665,720,480,130966,False,96bcdb6d38e4fa94ea2c8c8708d6505e4d80e97614751fee6584fc2b50604e4a,m0+m1+m2+m3+m4 [no_op_placed_but_not_occluding],,
441,f0441,context-rich,m0,mask\f0441_m0.png,True,True,,a8ca8a7e3d79b737c840e917fb4ecd6549454503c91526a9084a768568450511,a216384a05df4fdec82e991915a3a2339ecaa403b251cf72dd26874599f07f4d,640,480,39,False,f5cb0022100ab3553d3617ad86f2d8cfcdcbadb565fc5138341813e91eb71e8b,m0+m1 [expected_no_op],,
441,f0441,context-rich,m1,mask\f0441_m1.png,True,True,,5e6c3bd13254d231be7bc080b55970132ca2476c26e70134f2f06d697a9bebd3,a216384a05df4fdec82e991915a3a2339ecaa403b251cf72dd26874599f07f4d,640,480,39,False,f5cb0022100ab3553d3617ad86f2d8cfcdcbadb565fc5138341813e91eb71e8b,m0+m1 [expected_no_op],,
441,f0441,context-rich,m2,mask\f0441_m2.png,True,True,,f06a0de49dd93770a800bbe7744c320d9395caf1e0ae11957844b39f87680ec9,a459f3d41082309e2905115e75ca58dec7cc620abb2a143f0b31d9da32a2df9d,640,480,36,False,f5cb0022100ab3553d3617ad86f2d8cfcdcbadb565fc5138341813e91eb71e8b,m2+m3+m4 [expected_no_op],,
441,f0441,context-rich,m3,mask\f0441_m3.png,True,True,,96bc5592bd203611711238154808a0e593f4bb262781e8c9a75de85e89ef156f,a459f3d41082309e2905115e75ca58dec7cc620abb2a143f0b31d9da32a2df9d,640,480,36,False,f5cb0022100ab3553d3617ad86f2d8cfcdcbadb565fc5138341813e91eb71e8b,m2+m3+m4 [expected_no_op],,
441,f0441,context-rich,m4,mask\f0441_m4.png,True,True,,5376ec3ab389a675a161a774ee7c48195a01b9affa15fa62c3a7d8ba6ead8028,a459f3d41082309e2905115e75ca58dec7cc620abb2a143f0b31d9da32a2df9d,640,480,36,False,f5cb0022100ab3553d3617ad86f2d8cfcdcbadb565fc5138341813e91eb71e8b,m2+m3+m4 [expected_no_op],,
442,f0442,context-rich,m0,mask\f0442_m0.png,True,True,,3015f8de374cb583359c88c096da4c40aa0311ebf8a55382a6d98637d61629b0,7bef0ee5538f31e07f95fcd2425686d18332bb616c4f07e133887824e6146e46,960,540,18761,False,9ddf87420fcd11768d43c8bad37afd7a8fe0d0197d07deff70ea8256e36e5a27,m0+m1 [expected_no_op],,
442,f0442,context-rich,m1,mask\f0442_m1.png,True,True,,226bce3a046006a83556c7eb55d2b564d2b706383c1cecc46826fdc6ed7ce9a1,7bef0ee5538f31e07f95fcd2425686d18332bb616c4f07e133887824e6146e46,960,540,18761,False,9ddf87420fcd11768d43c8bad37afd7a8fe0d0197d07deff70ea8256e36e5a27,m0+m1 [expected_no_op],,
442,f0442,context-rich,m2,mask\f0442_m2.png,True,True,,34eacda898eb814019eb3f21a65cc9776b0c99d3b38bcfe0c684c764e8ed696d,ec7b0bddd4a9823829c022087ea995fbe356a15c81bfcf9ac2b4827eb009902c,960,540,16967,False,9ddf87420fcd11768d43c8bad37afd7a8fe0d0197d07deff70ea8256e36e5a27,m2+m3+m4 [no_op_placed_but_not_occluding],,
442,f0442,context-rich,m3,mask\f0442_m3.png,True,True,,468ee36589b71ade8ee8823a373d68d8099dce32d72593d3591680fe88aa4921,ec7b0bddd4a9823829c022087ea995fbe356a15c81bfcf9ac2b4827eb009902c,960,540,16967,False,9ddf87420fcd11768d43c8bad37afd7a8fe0d0197d07deff70ea8256e36e5a27,m2+m3+m4 [no_op_placed_but_not_occluding],,
442,f0442,context-rich,m4,mask\f0442_m4.png,True,True,,499e83b3e808f1be8adf0a0a45642fb0e39e03be7f09011ca1a76062b0c37fbf,ec7b0bddd4a9823829c022087ea995fbe356a15c81bfcf9ac2b4827eb009902c,960,540,16967,False,9ddf87420fcd11768d43c8bad37afd7a8fe0d0197d07deff70ea8256e36e5a27,m2+m3+m4 [no_op_placed_but_not_occluding],,
443,f0443,context-rich,m0,mask\f0443_m0.png,True,True,,5761f16981ce1a0ee7d801ced69db85096dda5e3a2cf909a93bd8e0005ea578d,a853cedfb759e6f7b9bde04235fb9811b8b961f0cc245e4cbdb7c06afd5ae1c2,640,480,25588,False,c84d7a131433bbe5ada1fe4791f541b228cbc211d2dbb05ddf0b1cd4635c6b51,m0+m1+m2+m3+m4 [no_op_placed_but_not_occluding],,
443,f0443,context-rich,m1,mask\f0443_m1.png,True,True,,7dff412d2eee393f0ea5f14463d3d6989e6a32f83ec84c8b9ae499e2717b51fe,a853cedfb759e6f7b9bde04235fb9811b8b961f0cc245e4cbdb7c06afd5ae1c2,640,480,25588,False,c84d7a131433bbe5ada1fe4791f541b228cbc211d2dbb05ddf0b1cd4635c6b51,m0+m1+m2+m3+m4 [no_op_placed_but_not_occluding],,
443,f0443,context-rich,m2,mask\f0443_m2.png,True,True,,2ea66b38179528152a110bd15c2437b657f7242fde1798f93fd6a7db9b0355bb,a853cedfb759e6f7b9bde04235fb9811b8b961f0cc245e4cbdb7c06afd5ae1c2,640,480,25588,False,c84d7a131433bbe5ada1fe4791f541b228cbc211d2dbb05ddf0b1cd4635c6b51,m0+m1+m2+m3+m4 [no_op_placed_but_not_occluding],,
443,f0443,context-rich,m3,mask\f0443_m3.png,True,True,,e21e1e9436a7819c614fdd40656951b19fadd11a3f8ae1a81df22f1dc87a506b,a853cedfb759e6f7b9bde04235fb9811b8b961f0cc245e4cbdb7c06afd5ae1c2,640,480,25588,False,c84d7a131433bbe5ada1fe4791f541b228cbc211d2dbb05ddf0b1cd4635c6b51,m0+m1+m2+m3+m4 [no_op_placed_but_not_occluding],,
443,f0443,context-rich,m4,mask\f0443_m4.png,True,True,,e21e1e9436a7819c614fdd40656951b19fadd11a3f8ae1a81df22f1dc87a506b,a853cedfb759e6f7b9bde04235fb9811b8b961f0cc245e4cbdb7c06afd5ae1c2,640,480,25588,False,c84d7a131433bbe5ada1fe4791f541b228cbc211d2dbb05ddf0b1cd4635c6b51,m0+m1+m2+m3+m4 [no_op_placed_but_not_occluding],,
444,f0444,context-rich,m0,mask\f0444_m0.png,True,True,,30162ac0d2c659fc291a257938fb4b1213c8bb2f1156990c63aea80f36d4c4d8,d5f1e8e109f1a8da8f4c0cfe65b26618de953ff9366c5e1ce9ada0702e67b2af,560,560,78009,False,0713cc6a2f83a85296762c9dfd2ecc2184e6aa140641437f15561992919864b9,m0+m1 [expected_no_op],,
444,f0444,context-rich,m1,mask\f0444_m1.png,True,True,,6e64582433d22cd1ba206b69afbb2b04afb6a6f89777de5770ee31cebfc8fd79,d5f1e8e109f1a8da8f4c0cfe65b26618de953ff9366c5e1ce9ada0702e67b2af,560,560,78009,False,0713cc6a2f83a85296762c9dfd2ecc2184e6aa140641437f15561992919864b9,m0+m1 [expected_no_op],,
444,f0444,context-rich,m2,mask\f0444_m2.png,True,True,,d6630ccdf85bd364476d1f061769d4793380bd59d6bb78000cb0f609a4682b6b,35c7ada2f77d1168917bb7e1bec48b6fe62684b76206e8c45b5ea81532f52142,560,560,66302,False,0713cc6a2f83a85296762c9dfd2ecc2184e6aa140641437f15561992919864b9,m2+m3+m4 [no_op_placed_but_not_occluding],,
444,f0444,context-rich,m3,mask\f0444_m3.png,True,True,,adb4d1fdd4c35ea9ec4ec44aa7f0fe7278e7e2897b28cb614cf047f826697787,35c7ada2f77d1168917bb7e1bec48b6fe62684b76206e8c45b5ea81532f52142,560,560,66302,False,0713cc6a2f83a85296762c9dfd2ecc2184e6aa140641437f15561992919864b9,m2+m3+m4 [no_op_placed_but_not_occluding],,
444,f0444,context-rich,m4,mask\f0444_m4.png,True,True,,c33f04f8bf29be8bddf3f7c75c4176f4d53baf2fce22fa4ee8016cdec1996618,35c7ada2f77d1168917bb7e1bec48b6fe62684b76206e8c45b5ea81532f52142,560,560,66302,False,0713cc6a2f83a85296762c9dfd2ecc2184e6aa140641437f15561992919864b9,m2+m3+m4 [no_op_placed_but_not_occluding],,
445,f0445,controlled-occlusion,m0,mask\f0445_m0.png,True,True,,2db425fe1a66c690a51f31965561e88fa1769c6753c473ba5ee269f406920f55,3e2faa64fafa30285cfcdae65f0424bbd8ac4ccc8f1249e42c183db91f906833,640,480,2781,False,a87bbb6b8233209f231ccea6393062b0182a315d44efd767bf80374fe2348893,m0+m1+m2+m3 [no_op_placed_but_not_occluding],,
445,f0445,controlled-occlusion,m1,mask\f0445_m1.png,True,True,,6a5d267b54d726a40b7129037f4fd20bae669bddcdef0b6783777092c88e800b,3e2faa64fafa30285cfcdae65f0424bbd8ac4ccc8f1249e42c183db91f906833,640,480,2781,False,a87bbb6b8233209f231ccea6393062b0182a315d44efd767bf80374fe2348893,m0+m1+m2+m3 [no_op_placed_but_not_occluding],,
445,f0445,controlled-occlusion,m2,mask\f0445_m2.png,True,True,,6a5d267b54d726a40b7129037f4fd20bae669bddcdef0b6783777092c88e800b,3e2faa64fafa30285cfcdae65f0424bbd8ac4ccc8f1249e42c183db91f906833,640,480,2781,False,a87bbb6b8233209f231ccea6393062b0182a315d44efd767bf80374fe2348893,m0+m1+m2+m3 [no_op_placed_but_not_occluding],,
445,f0445,controlled-occlusion,m3,mask\f0445_m3.png,True,True,,6d34db2a812d5b386608607798033ef2adeb123bcf2b7db076c2ade7c6d43016,3e2faa64fafa30285cfcdae65f0424bbd8ac4ccc8f1249e42c183db91f906833,640,480,2781,False,a87bbb6b8233209f231ccea6393062b0182a315d44efd767bf80374fe2348893,m0+m1+m2+m3 [no_op_placed_but_not_occluding],,
445,f0445,controlled-occlusion,m4,mask\f0445_m4.png,True,True,,b2681bf3ba9689503354fe8e40191c93998d8aca1a01c012bc9accbbd05eda34,dbcf25a6a9e736dd26502f7d0fa52ec68664388e69601837ffb0a984c7161bf4,640,480,2361,False,a87bbb6b8233209f231ccea6393062b0182a315d44efd767bf80374fe2348893,,,
446,f0446,controlled-occlusion,m0,mask\f0446_m0.png,True,True,,aa5ed04cf687502262e12bb1de87c9aa0a246be327bc72a871bfc7c4304b2757,4c3db47287b7012de4c1a394068e9d5860ad72fe7d09802350096f9f67edf64a,640,480,24031,False,a551119d656d8a1f4478881dc7da4bfb9441f9bffba307414eec3dea1a8c2a1e,m0+m1 [expected_no_op],,
446,f0446,controlled-occlusion,m1,mask\f0446_m1.png,True,True,,839dbb08a0fcbec59e03692bd194c261888da9aa757987efa266fd89b30a2919,4c3db47287b7012de4c1a394068e9d5860ad72fe7d09802350096f9f67edf64a,640,480,24031,False,a551119d656d8a1f4478881dc7da4bfb9441f9bffba307414eec3dea1a8c2a1e,m0+m1 [expected_no_op],,
446,f0446,controlled-occlusion,m2,mask\f0446_m2.png,True,True,,0818c3099bc3e2c1b39bb59d0f2c17859c963792a88c871c6cf0f78bc42d2f19,80d3fab2477236ce4c46d0473619122277e9839079f2ec0b4ffdc58a2020514b,640,480,19309,False,a551119d656d8a1f4478881dc7da4bfb9441f9bffba307414eec3dea1a8c2a1e,m2+m3 [no_op_placed_but_not_occluding],,
446,f0446,controlled-occlusion,m3,mask\f0446_m3.png,True,True,,94700bb5ef23c5ffb04b95edea068d4ca48c0cb2c5aa114a81369c59700ed8f2,80d3fab2477236ce4c46d0473619122277e9839079f2ec0b4ffdc58a2020514b,640,480,19309,False,a551119d656d8a1f4478881dc7da4bfb9441f9bffba307414eec3dea1a8c2a1e,m2+m3 [no_op_placed_but_not_occluding],,
446,f0446,controlled-occlusion,m4,mask\f0446_m4.png,True,True,,cdc75bd895d984597b2dd626bec9f41b6eb87d6709d36fdba12e8fecbb208340,7443967f751bc3d4be72bed303dccdade7de5dd70566665b17e3f37c020fcc13,640,480,14147,False,a551119d656d8a1f4478881dc7da4bfb9441f9bffba307414eec3dea1a8c2a1e,,,
447,f0447,context-rich,m0,mask\f0447_m0.png,True,True,,618b714412330a352d621c2ea622931718f1241c3a81dd7ddc4bd8ad61173144,6de568c012fe424f7b9ab95b59f614a5be228bd9938119cb74f44c15a9f94674,960,540,172,False,f1e86589bb093c9961ae34efdc72538c55edc8a3b3de2473793770f26e9e16f3,m0+m1+m2+m3+m4 [expected_no_op],,
447,f0447,context-rich,m1,mask\f0447_m1.png,True,True,,81402a9c01eb879314c80507dd959851a9a9de7620aab967a786111c966194b9,6de568c012fe424f7b9ab95b59f614a5be228bd9938119cb74f44c15a9f94674,960,540,172,False,f1e86589bb093c9961ae34efdc72538c55edc8a3b3de2473793770f26e9e16f3,m0+m1+m2+m3+m4 [expected_no_op],,
447,f0447,context-rich,m2,mask\f0447_m2.png,True,True,,938b46ef1da61c2b483f9acefa0027abc3cf64d08aca3d86571b1cdba50b2648,6de568c012fe424f7b9ab95b59f614a5be228bd9938119cb74f44c15a9f94674,960,540,172,False,f1e86589bb093c9961ae34efdc72538c55edc8a3b3de2473793770f26e9e16f3,m0+m1+m2+m3+m4 [expected_no_op],,
447,f0447,context-rich,m3,mask\f0447_m3.png,True,True,,8384fc71c1a875751ac81b15d980b10e064e3501e5cc52c580e9b3eaf2409638,6de568c012fe424f7b9ab95b59f614a5be228bd9938119cb74f44c15a9f94674,960,540,172,False,f1e86589bb093c9961ae34efdc72538c55edc8a3b3de2473793770f26e9e16f3,m0+m1+m2+m3+m4 [expected_no_op],,
447,f0447,context-rich,m4,mask\f0447_m4.png,True,True,,81c73714f2e075993a34b8c1f36494f651958cad461c9a62d334e3a569c4eeae,6de568c012fe424f7b9ab95b59f614a5be228bd9938119cb74f44c15a9f94674,960,540,172,False,f1e86589bb093c9961ae34efdc72538c55edc8a3b3de2473793770f26e9e16f3,m0+m1+m2+m3+m4 [expected_no_op],,
448,f0448,context-rich,m0,mask\f0448_m0.png,True,True,,bd002a93ad1c76805d55bdd0b561bf76284c01346080356252f0476f5cfb6bf0,ec995efaa97d9c7fe032abcb9895b37a6e652591adc49167be29e49260e2ca90,640,480,35174,False,5058edee6d091463db92d7da91efadae89da45f00422734089412ae68860379f,m0+m1 [expected_no_op],,
448,f0448,context-rich,m1,mask\f0448_m1.png,True,True,,ee7fc1665dccd59777b23b2d009fa59374878ef5a6518d44eb55c267c07e2044,ec995efaa97d9c7fe032abcb9895b37a6e652591adc49167be29e49260e2ca90,640,480,35174,False,5058edee6d091463db92d7da91efadae89da45f00422734089412ae68860379f,m0+m1 [expected_no_op],,
448,f0448,context-rich,m2,mask\f0448_m2.png,True,True,,ab8772897ae276855c3ae7138164cf82bbbeb987def163fc7610613021f700d6,cf5ded1e8ebe38a45c9fb3b668777f1f71d72539d5b860928050969f481f21f4,640,480,33511,False,5058edee6d091463db92d7da91efadae89da45f00422734089412ae68860379f,,,
448,f0448,context-rich,m3,mask\f0448_m3.png,True,True,,8f5871f6ef21cb497fd93b80d46481e35eb9d955d484cb54f004644a0bdf9ef4,9a1e77fc8c89097604f76d01eaa87ded7365cf05cfb615e349e44b8351382fde,640,480,29434,False,5058edee6d091463db92d7da91efadae89da45f00422734089412ae68860379f,m3+m4 [expected_no_op],,
448,f0448,context-rich,m4,mask\f0448_m4.png,True,True,,e928474ee3a0531f5710870648239e8da3a69184f279460889f76af481241b8b,9a1e77fc8c89097604f76d01eaa87ded7365cf05cfb615e349e44b8351382fde,640,480,29434,False,5058edee6d091463db92d7da91efadae89da45f00422734089412ae68860379f,m3+m4 [expected_no_op],,
449,f0449,controlled-occlusion,m0,mask\f0449_m0.png,True,True,,ab7e867f6353c05a7c6626e6e2acd7c8aadbcb81352b715013491a3f24d7c4dd,a2d0be72d70050a7b81a716ccf7fe5f14c15c795bb564dc72cebe0e481d41b15,720,480,44803,False,48f3c47da6288377b6e91697bedb7b7b6da91bcc094bd959720334ce74ba5f12,m0+m1+m2+m3 [expected_no_op],,
449,f0449,controlled-occlusion,m1,mask\f0449_m1.png,True,True,,44785afcf33133e0c123e64f16829d3ac69b5c938a8ad6d7a6dc52991d4d6c84,a2d0be72d70050a7b81a716ccf7fe5f14c15c795bb564dc72cebe0e481d41b15,720,480,44803,False,48f3c47da6288377b6e91697bedb7b7b6da91bcc094bd959720334ce74ba5f12,m0+m1+m2+m3 [expected_no_op],,
449,f0449,controlled-occlusion,m2,mask\f0449_m2.png,True,True,,4faa506c1134846a601a5cf41e7bef721d04a4e6c348cf3aaad27b442b08ac66,a2d0be72d70050a7b81a716ccf7fe5f14c15c795bb564dc72cebe0e481d41b15,720,480,44803,False,48f3c47da6288377b6e91697bedb7b7b6da91bcc094bd959720334ce74ba5f12,m0+m1+m2+m3 [expected_no_op],,
449,f0449,controlled-occlusion,m3,mask\f0449_m3.png,True,True,,4faa506c1134846a601a5cf41e7bef721d04a4e6c348cf3aaad27b442b08ac66,a2d0be72d70050a7b81a716ccf7fe5f14c15c795bb564dc72cebe0e481d41b15,720,480,44803,False,48f3c47da6288377b6e91697bedb7b7b6da91bcc094bd959720334ce74ba5f12,m0+m1+m2+m3 [expected_no_op],,
449,f0449,controlled-occlusion,m4,mask\f0449_m4.png,True,True,,fc9655845a8b1092d13129027ac91c54c56676c101bc12b5d3fd424cad4fa874,9e2b2083265591e9b4976a1424270408af1a965b6781b18c6a51e6c3c2a7d1e7,720,480,39201,False,48f3c47da6288377b6e91697bedb7b7b6da91bcc094bd959720334ce74ba5f12,,,
450,f0450,context-rich,m0,mask\f0450_m0.png,True,True,,f46eb3926d64dfac16046713070391993dc0204318134f94a35634f726ff8bde,b5b89a82eee4eaeca2980e1194e7f515a3ce6142344cf8ae96ffd6b3087b3f86,640,480,2191,False,e1fff35e8e2d246a8bdf03f3494b0a95db2f35400378f2b261e322a998ea3452,m0+m1+m2+m3+m4 [no_op_placed_but_not_occluding],,
450,f0450,context-rich,m1,mask\f0450_m1.png,True,True,,411c579f3db2a31b2c8ec4df30fecc9bfc87d27fe5f2c9bf9009aa9014bb79fa,b5b89a82eee4eaeca2980e1194e7f515a3ce6142344cf8ae96ffd6b3087b3f86,640,480,2191,False,e1fff35e8e2d246a8bdf03f3494b0a95db2f35400378f2b261e322a998ea3452,m0+m1+m2+m3+m4 [no_op_placed_but_not_occluding],,
450,f0450,context-rich,m2,mask\f0450_m2.png,True,True,,f0d131133fae6177e171e923a06a34932484fa4319e3a80684ef9395e2183071,b5b89a82eee4eaeca2980e1194e7f515a3ce6142344cf8ae96ffd6b3087b3f86,640,480,2191,False,e1fff35e8e2d246a8bdf03f3494b0a95db2f35400378f2b261e322a998ea3452,m0+m1+m2+m3+m4 [no_op_placed_but_not_occluding],,
450,f0450,context-rich,m3,mask\f0450_m3.png,True,True,,ffc3864365489a3fddb807d71a37c47cbb89dab01a135bd89b5c4c1abe672903,b5b89a82eee4eaeca2980e1194e7f515a3ce6142344cf8ae96ffd6b3087b3f86,640,480,2191,False,e1fff35e8e2d246a8bdf03f3494b0a95db2f35400378f2b261e322a998ea3452,m0+m1+m2+m3+m4 [no_op_placed_but_not_occluding],,
450,f0450,context-rich,m4,mask\f0450_m4.png,True,True,,608266fe12516ddb0c463f67a248e2cfd42167edfde6cebf024e2c64302475ac,b5b89a82eee4eaeca2980e1194e7f515a3ce6142344cf8ae96ffd6b3087b3f86,640,480,2191,False,e1fff35e8e2d246a8bdf03f3494b0a95db2f35400378f2b261e322a998ea3452,m0+m1+m2+m3+m4 [no_op_placed_but_not_occluding],,
451,f0451,context-rich,m0,mask\f0451_m0.png,True,True,,85e28e1e1de8be55835dc5203d8c24e468c273fd415f29cd233bf93011d9160f,dd9bb7bdf389e51fa50719ec6ef4e23e122b6e03293045db4e004574ad0c31b7,960,540,254808,False,86b383e2a64b17258327abe555ceadf7c76c43261011d244b50ebf62a6345277,m0+m1 [expected_no_op],,
451,f0451,context-rich,m1,mask\f0451_m1.png,True,True,,1f1c980fef9c7bd4904356b7efaebf1cfd159cbbc7a2a9ba5fe527dd0274e360,dd9bb7bdf389e51fa50719ec6ef4e23e122b6e03293045db4e004574ad0c31b7,960,540,254808,False,86b383e2a64b17258327abe555ceadf7c76c43261011d244b50ebf62a6345277,m0+m1 [expected_no_op],,
451,f0451,context-rich,m2,mask\f0451_m2.png,True,True,,4cfc150fcc82ae28de06a174fd4516c0c640c3c3e21fc1978dca898d434ff5ab,86baf65989444c5cc8aab3cf2824c4dd885d7599d3b3c9cfc2b8ca19a2325eaa,960,540,209461,False,86b383e2a64b17258327abe555ceadf7c76c43261011d244b50ebf62a6345277,,,
451,f0451,context-rich,m3,mask\f0451_m3.png,True,True,,78ecb4c41d8ac65668c1d340b18a294f6d4846a5825d80468c7a86fdf0cbd83e,b238535fb94ef3492f757c9a5f0a46563fb3b124163db9bce6d0c7ddc0a782d6,960,540,205030,False,86b383e2a64b17258327abe555ceadf7c76c43261011d244b50ebf62a6345277,m3+m4 [expected_no_op],,
451,f0451,context-rich,m4,mask\f0451_m4.png,True,True,,ebd36c4ae08576166a6cefe28d8449b81e36461aece5ce29345b724080e435eb,b238535fb94ef3492f757c9a5f0a46563fb3b124163db9bce6d0c7ddc0a782d6,960,540,205030,False,86b383e2a64b17258327abe555ceadf7c76c43261011d244b50ebf62a6345277,m3+m4 [expected_no_op],,
452,f0452,context-rich,m0,mask\f0452_m0.png,True,True,,f9e67eccdbcfb4ef8dbcc7e7df4fdb442683c9f8fa536c9152b67281dd8a75ea,da96f62d77547d503425fda6f9a893b0678c67a041f891ad53c694f9e683348a,560,560,9879,False,83d50e050ab4a53a79b8ea502da4ba6df6e945e7b1ba17a4f345ab1e844d138b,,,
452,f0452,context-rich,m1,mask\f0452_m1.png,True,True,,613e516fe5e04300440d97cf8999dc5a50cdcb1ac1639b0ae16bef1f8c8e874f,247730d99826e05a0eaec5d47ae256ca527310390a832b00a72ff37d1761b2de,560,560,9878,False,83d50e050ab4a53a79b8ea502da4ba6df6e945e7b1ba17a4f345ab1e844d138b,m1+m2+m3+m4 [no_op_placed_but_not_occluding],,
452,f0452,context-rich,m2,mask\f0452_m2.png,True,True,,e98692db9b97aa9e6a8ab38b67fc85ad60e83cfe81077735503f66dfae92e1b9,247730d99826e05a0eaec5d47ae256ca527310390a832b00a72ff37d1761b2de,560,560,9878,False,83d50e050ab4a53a79b8ea502da4ba6df6e945e7b1ba17a4f345ab1e844d138b,m1+m2+m3+m4 [no_op_placed_but_not_occluding],,
452,f0452,context-rich,m3,mask\f0452_m3.png,True,True,,c263d19300604c48bb873f87e797e55611fac590471df3fea96c733ad395eaea,247730d99826e05a0eaec5d47ae256ca527310390a832b00a72ff37d1761b2de,560,560,9878,False,83d50e050ab4a53a79b8ea502da4ba6df6e945e7b1ba17a4f345ab1e844d138b,m1+m2+m3+m4 [no_op_placed_but_not_occluding],,
452,f0452,context-rich,m4,mask\f0452_m4.png,True,True,,dbbae5b5b38a0d921985f3dfa1fd7e64ce748abeb157fa090273f0f3b5b16f89,247730d99826e05a0eaec5d47ae256ca527310390a832b00a72ff37d1761b2de,560,560,9878,False,83d50e050ab4a53a79b8ea502da4ba6df6e945e7b1ba17a4f345ab1e844d138b,m1+m2+m3+m4 [no_op_placed_but_not_occluding],,
453,f0453,context-rich,m0,mask\f0453_m0.png,True,True,,0350544e4a8ee19e4888a7da2009354b094378ac19cf2567482b155d371f5d7d,c105fa325caceb4602d51cd9be6c40f3d7ffa4444241086da6c6662fe61ad74f,960,540,0,True,05948c6d20ce9ee90022750c1c9c52743a0813d3ac628d51c3922308cb79da79,m0+m1+m2+m3+m4 [unverified_no_op],4,empty_target_defect
453,f0453,context-rich,m1,mask\f0453_m1.png,True,True,,8683ad5bf4a918fb521a59a21872a5d9af773589b402722b07fcdfffaa916136,c105fa325caceb4602d51cd9be6c40f3d7ffa4444241086da6c6662fe61ad74f,960,540,0,True,05948c6d20ce9ee90022750c1c9c52743a0813d3ac628d51c3922308cb79da79,m0+m1+m2+m3+m4 [unverified_no_op],4,all_black_stage_duplicate
453,f0453,context-rich,m2,mask\f0453_m2.png,True,True,,77897bccfd77ba4bac2084122da0a36f44ff49566b60b7a8627d8b88f76779bf,c105fa325caceb4602d51cd9be6c40f3d7ffa4444241086da6c6662fe61ad74f,960,540,0,True,05948c6d20ce9ee90022750c1c9c52743a0813d3ac628d51c3922308cb79da79,m0+m1+m2+m3+m4 [unverified_no_op],4,all_black_stage_duplicate
453,f0453,context-rich,m3,mask\f0453_m3.png,True,True,,e3c1ba0160726cc519196d97a98a4e8edcf3c3cfece7d6a472518a909efa0ac9,c105fa325caceb4602d51cd9be6c40f3d7ffa4444241086da6c6662fe61ad74f,960,540,0,True,05948c6d20ce9ee90022750c1c9c52743a0813d3ac628d51c3922308cb79da79,m0+m1+m2+m3+m4 [unverified_no_op],4,all_black_stage_duplicate
453,f0453,context-rich,m4,mask\f0453_m4.png,True,True,,e3c1ba0160726cc519196d97a98a4e8edcf3c3cfece7d6a472518a909efa0ac9,c105fa325caceb4602d51cd9be6c40f3d7ffa4444241086da6c6662fe61ad74f,960,540,0,True,05948c6d20ce9ee90022750c1c9c52743a0813d3ac628d51c3922308cb79da79,m0+m1+m2+m3+m4 [unverified_no_op],4,all_black_stage_duplicate
454,f0454,context-rich,m0,mask\f0454_m0.png,True,True,,770e92ef2c7fc5cc72d6f863f8612002277827e50161b63739c8919fec59a13f,e9029d87d94e091dfe313875f1555a2b1e1863d07fcfedc3e96c18dda1c7bd32,640,480,50114,False,bc8ed558f745a5627d595c9656c7a8db4135847b3729c909575250d6a550ec1c,m0+m1 [expected_no_op],,
454,f0454,context-rich,m1,mask\f0454_m1.png,True,True,,8de46dfbf6ec5377fc148ff062fa989227354f40e46308deeb5fa009b92437f8,e9029d87d94e091dfe313875f1555a2b1e1863d07fcfedc3e96c18dda1c7bd32,640,480,50114,False,bc8ed558f745a5627d595c9656c7a8db4135847b3729c909575250d6a550ec1c,m0+m1 [expected_no_op],,
454,f0454,context-rich,m2,mask\f0454_m2.png,True,True,,58c31dc3cdcf9267c8c45455fee68fdb35e476f88d0537a1ddc3d99256ef6f19,6514ef5c033c7e11a6d6994e14e94ba98ebd4e1962735851de5929b79500d157,640,480,50111,False,bc8ed558f745a5627d595c9656c7a8db4135847b3729c909575250d6a550ec1c,m2+m3+m4 [no_op_placed_but_not_occluding],,
454,f0454,context-rich,m3,mask\f0454_m3.png,True,True,,5f3615f0b82cbcc2f38a996f449520b23381af03891974df9a3063a1f38d2c3d,6514ef5c033c7e11a6d6994e14e94ba98ebd4e1962735851de5929b79500d157,640,480,50111,False,bc8ed558f745a5627d595c9656c7a8db4135847b3729c909575250d6a550ec1c,m2+m3+m4 [no_op_placed_but_not_occluding],,
454,f0454,context-rich,m4,mask\f0454_m4.png,True,True,,0ba72ae8ab473c29b51c6db7989817ff317f1f1bb3b852f205e1633fa0810ca1,6514ef5c033c7e11a6d6994e14e94ba98ebd4e1962735851de5929b79500d157,640,480,50111,False,bc8ed558f745a5627d595c9656c7a8db4135847b3729c909575250d6a550ec1c,m2+m3+m4 [no_op_placed_but_not_occluding],,
455,f0455,context-rich,m0,mask\f0455_m0.png,True,True,,dcaf3b903799872f2eea8408d3273d99ed77fb816312619ecebf0a39ca856345,a9e21493aeb9e6cb16cbd3ffa70df9c11ff85312e7531dcea2b7c41b4af6558b,640,480,1945,False,241b6fdf04101fbce57331e1f7030883b7d68aa03212b52719d20d80c038c3b7,m0+m1+m2+m3+m4 [no_op_placed_but_not_occluding],,
455,f0455,context-rich,m1,mask\f0455_m1.png,True,True,,aab5fb8b8656f06929262164e323dbb5f88144d998cf4deb9688220ba73b7593,a9e21493aeb9e6cb16cbd3ffa70df9c11ff85312e7531dcea2b7c41b4af6558b,640,480,1945,False,241b6fdf04101fbce57331e1f7030883b7d68aa03212b52719d20d80c038c3b7,m0+m1+m2+m3+m4 [no_op_placed_but_not_occluding],,
455,f0455,context-rich,m2,mask\f0455_m2.png,True,True,,eb43ef7b680401721bd57a34c4ca230e7b8ad9c4eb61740da8f11481300ff4a8,a9e21493aeb9e6cb16cbd3ffa70df9c11ff85312e7531dcea2b7c41b4af6558b,640,480,1945,False,241b6fdf04101fbce57331e1f7030883b7d68aa03212b52719d20d80c038c3b7,m0+m1+m2+m3+m4 [no_op_placed_but_not_occluding],,
455,f0455,context-rich,m3,mask\f0455_m3.png,True,True,,eca5d34d8e9f0b9ae10e77e34abc9f0fb0a8124dd4c10c4309f12c5db64cfaf4,a9e21493aeb9e6cb16cbd3ffa70df9c11ff85312e7531dcea2b7c41b4af6558b,640,480,1945,False,241b6fdf04101fbce57331e1f7030883b7d68aa03212b52719d20d80c038c3b7,m0+m1+m2+m3+m4 [no_op_placed_but_not_occluding],,
455,f0455,context-rich,m4,mask\f0455_m4.png,True,True,,5485e355f3a9ce1b04fcc38cc31c25497323dbe69bbc6b0f78218452538129bf,a9e21493aeb9e6cb16cbd3ffa70df9c11ff85312e7531dcea2b7c41b4af6558b,640,480,1945,False,241b6fdf04101fbce57331e1f7030883b7d68aa03212b52719d20d80c038c3b7,m0+m1+m2+m3+m4 [no_op_placed_but_not_occluding],,
456,f0456,controlled-occlusion,m0,mask\f0456_m0.png,False,False,missing,,,,,,,,,,
456,f0456,controlled-occlusion,m1,mask\f0456_m1.png,False,False,missing,,,,,,,,,,
456,f0456,controlled-occlusion,m2,mask\f0456_m2.png,False,False,missing,,,,,,,,,,
456,f0456,controlled-occlusion,m3,mask\f0456_m3.png,False,False,missing,,,,,,,,,,
456,f0456,controlled-occlusion,m4,mask\f0456_m4.png,False,False,missing,,,,,,,,,,
457,f0457,controlled-occlusion,m0,mask\f0457_m0.png,True,True,,ac865d8b902398223f7ead771b794085d87a1d2a632815c8f3d82a63f42ecd7a,3c1111ae4a383e425300587bf91c24c86d20ed2774d48a579e03b328868b38f4,960,540,6315,False,45beb4a7bea52477f08be8eeb69cc23338bc5d78a55e79b80ca51a2607eee9b9,m0+m1 [expected_no_op],,
457,f0457,controlled-occlusion,m1,mask\f0457_m1.png,True,True,,2e5126777f53a1849b657b259657624f8abf97896b4ed22bc3838eb234e5c603,3c1111ae4a383e425300587bf91c24c86d20ed2774d48a579e03b328868b38f4,960,540,6315,False,45beb4a7bea52477f08be8eeb69cc23338bc5d78a55e79b80ca51a2607eee9b9,m0+m1 [expected_no_op],,
457,f0457,controlled-occlusion,m2,mask\f0457_m2.png,True,True,,54d76a676d27af5bc47f88e1748b3416b30d6b21662c26609a29771d09e8a1ed,408234e0ff12bec133f230abd367b64b63ac882180c1ee12ad7266d99a4b7056,960,540,5834,False,45beb4a7bea52477f08be8eeb69cc23338bc5d78a55e79b80ca51a2607eee9b9,m2+m3 [expected_no_op],,
457,f0457,controlled-occlusion,m3,mask\f0457_m3.png,True,True,,9ce4bc997529fd41ab468c52a6e5c3bffd1b3475baedcff3410d3d57747144f1,408234e0ff12bec133f230abd367b64b63ac882180c1ee12ad7266d99a4b7056,960,540,5834,False,45beb4a7bea52477f08be8eeb69cc23338bc5d78a55e79b80ca51a2607eee9b9,m2+m3 [expected_no_op],,
457,f0457,controlled-occlusion,m4,mask\f0457_m4.png,True,True,,115a49689acc15102a8e9ed5cd7dd7358b6a4cfd36d3f308f1e02c0c27c6c906,8eb54e36e4669ee2397e24573c71555c7965f8bf461ff6cec32748be61e9975f,960,540,5062,False,45beb4a7bea52477f08be8eeb69cc23338bc5d78a55e79b80ca51a2607eee9b9,,,
458,f0458,context-rich,m0,mask\f0458_m0.png,True,True,,83a6aee47e8a68e5440d437e6d933cec2953850be3a9a880f122fadab082a577,df8d05831d957e637c2484c87f91652886cafad57616ded3fe1dc0832b8b6a10,640,480,116441,False,7844494846d05344022622a5897411fcc7e01580398cebf96b86edbc575b87f1,m0+m1+m2+m3+m4 [no_op_placed_but_not_occluding],,
458,f0458,context-rich,m1,mask\f0458_m1.png,True,True,,223f21fbf3703365619d0d2dafe9414bf5d975c40a85c46f2b232dc668cb03b0,df8d05831d957e637c2484c87f91652886cafad57616ded3fe1dc0832b8b6a10,640,480,116441,False,7844494846d05344022622a5897411fcc7e01580398cebf96b86edbc575b87f1,m0+m1+m2+m3+m4 [no_op_placed_but_not_occluding],,
458,f0458,context-rich,m2,mask\f0458_m2.png,True,True,,793136ce74c93ba98714611998ef930c04eff1577f9079f552c7950da2085806,df8d05831d957e637c2484c87f91652886cafad57616ded3fe1dc0832b8b6a10,640,480,116441,False,7844494846d05344022622a5897411fcc7e01580398cebf96b86edbc575b87f1,m0+m1+m2+m3+m4 [no_op_placed_but_not_occluding],,
458,f0458,context-rich,m3,mask\f0458_m3.png,True,True,,05f3e39320cc99534a116c2ac23ef783d621922262df98af1419551fb4348f22,df8d05831d957e637c2484c87f91652886cafad57616ded3fe1dc0832b8b6a10,640,480,116441,False,7844494846d05344022622a5897411fcc7e01580398cebf96b86edbc575b87f1,m0+m1+m2+m3+m4 [no_op_placed_but_not_occluding],,
458,f0458,context-rich,m4,mask\f0458_m4.png,True,True,,e02b1893ce36d7b1c2eb345e66ae037de1deb2be23c4a5cdfe3c9d2af6cd796c,df8d05831d957e637c2484c87f91652886cafad57616ded3fe1dc0832b8b6a10,640,480,116441,False,7844494846d05344022622a5897411fcc7e01580398cebf96b86edbc575b87f1,m0+m1+m2+m3+m4 [no_op_placed_but_not_occluding],,
459,f0459,context-rich,m0,mask\f0459_m0.png,True,True,,c9ac09d934ac0f66f195bd8c1cdce7f2d07a7e5eda482ba579cbb481674763cc,dba39a55e41586d6f29ee8d061c42cf07742713f57c9de639725700f0030815a,640,480,84304,False,6b47df32cd68480650fb182bdf3524e38ebb1a158d6f9cd332638330754be0ff,m0+m1 [expected_no_op],,
459,f0459,context-rich,m1,mask\f0459_m1.png,True,True,,05747a43c24265a0d86c5236a22df2291a3ce022933a7c61121859b465cec286,dba39a55e41586d6f29ee8d061c42cf07742713f57c9de639725700f0030815a,640,480,84304,False,6b47df32cd68480650fb182bdf3524e38ebb1a158d6f9cd332638330754be0ff,m0+m1 [expected_no_op],,
459,f0459,context-rich,m2,mask\f0459_m2.png,True,True,,a9911b4abcecf94c9fcb73327214463571503d2b0ba755852f3e9036c63a8e3b,155ea2711d89b51dbc1955c64eb0d34bd3ccc895e9267ba998eb0cddf7c0d1f0,640,480,63384,False,6b47df32cd68480650fb182bdf3524e38ebb1a158d6f9cd332638330754be0ff,,,
459,f0459,context-rich,m3,mask\f0459_m3.png,True,True,,e7bda5179fcb847f11893f85fae31e35693dd3ae77a09a04789d7d40a79eea48,14b9e80043f8652d7513f7cddf3ed816e9fd465913aabe0fe53a39cb7fd447d3,640,480,63330,False,6b47df32cd68480650fb182bdf3524e38ebb1a158d6f9cd332638330754be0ff,m3+m4 [expected_no_op],,
459,f0459,context-rich,m4,mask\f0459_m4.png,True,True,,0f767c9f0e543121bebf5627238d2eb7ecd35e377b051386711b3387cc6c093e,14b9e80043f8652d7513f7cddf3ed816e9fd465913aabe0fe53a39cb7fd447d3,640,480,63330,False,6b47df32cd68480650fb182bdf3524e38ebb1a158d6f9cd332638330754be0ff,m3+m4 [expected_no_op],,
460,f0460,context-rich,m0,mask\f0460_m0.png,True,True,,c40894f0854f79e45f07ca7f63ef2ed2df344e840f8f770a4cab0867def8d89f,4adf880cf5ac961e7e42cfcbae9e7d00264cf7ec5fa74dac699fab2bfc75f8bd,560,560,90164,False,4cd5d569cef14a8b5af17dfe862b357d3b6a81df2c64bfe9df433f837c2bba43,m0+m1+m2 [expected_no_op],,
460,f0460,context-rich,m1,mask\f0460_m1.png,True,True,,56d12f57db11825eb34a9605b821e113e7318478b289a5e8a9b99279994408d3,4adf880cf5ac961e7e42cfcbae9e7d00264cf7ec5fa74dac699fab2bfc75f8bd,560,560,90164,False,4cd5d569cef14a8b5af17dfe862b357d3b6a81df2c64bfe9df433f837c2bba43,m0+m1+m2 [expected_no_op],,
460,f0460,context-rich,m2,mask\f0460_m2.png,True,True,,d6b029d6f4e4831de92742cb995732e5587633f55488c7af5ce97379b2f92e0b,4adf880cf5ac961e7e42cfcbae9e7d00264cf7ec5fa74dac699fab2bfc75f8bd,560,560,90164,False,4cd5d569cef14a8b5af17dfe862b357d3b6a81df2c64bfe9df433f837c2bba43,m0+m1+m2 [expected_no_op],,
460,f0460,context-rich,m3,mask\f0460_m3.png,True,True,,45012c1d142efaed36a70bbcf52768afdbd0489708d104ffa4d89c1be0cf71f0,641bd06062c82f30dcb47fe22c95c81351dba8dd75a40b4f4598ba8b0d904a10,560,560,88598,False,4cd5d569cef14a8b5af17dfe862b357d3b6a81df2c64bfe9df433f837c2bba43,m3+m4 [expected_no_op],,
460,f0460,context-rich,m4,mask\f0460_m4.png,True,True,,b91966c7c0a35aa65b442726014fc7b7dd38d26c00228153cc32f4e41f2902df,641bd06062c82f30dcb47fe22c95c81351dba8dd75a40b4f4598ba8b0d904a10,560,560,88598,False,4cd5d569cef14a8b5af17dfe862b357d3b6a81df2c64bfe9df433f837c2bba43,m3+m4 [expected_no_op],,
461,f0461,controlled-occlusion,m0,mask\f0461_m0.png,False,False,missing,,,,,,,,,,
461,f0461,controlled-occlusion,m1,mask\f0461_m1.png,False,False,missing,,,,,,,,,,
461,f0461,controlled-occlusion,m2,mask\f0461_m2.png,False,False,missing,,,,,,,,,,
461,f0461,controlled-occlusion,m3,mask\f0461_m3.png,False,False,missing,,,,,,,,,,
461,f0461,controlled-occlusion,m4,mask\f0461_m4.png,False,False,missing,,,,,,,,,,
462,f0462,context-rich,m0,mask\f0462_m0.png,True,True,,75a87561be2e50917fe11fed245e2d54b62b1ad16cd861dd8845a9bb88652eba,171708b2bc12ead8947ef3aa29a8d5fc5033b5f67d288c887d38f8f16a8cf890,640,480,32001,False,51741af86f6cec99372527ed37ea03346d205e78dc4f6b64e5c7561829d5e9a9,m0+m1 [expected_no_op],,
462,f0462,context-rich,m1,mask\f0462_m1.png,True,True,,11dd2217103246520ac5a8f9131819427d66f6cfcc1b842cd5020992b9e8ae66,171708b2bc12ead8947ef3aa29a8d5fc5033b5f67d288c887d38f8f16a8cf890,640,480,32001,False,51741af86f6cec99372527ed37ea03346d205e78dc4f6b64e5c7561829d5e9a9,m0+m1 [expected_no_op],,
462,f0462,context-rich,m2,mask\f0462_m2.png,True,True,,638827fc4d97e9fda0500346e8c2d625b20b1b34b35016d5684e4ef1026c6b14,80b22abe626c5c663653efc7fdb7c38988b6a8429fe61583ab1e9ec9f1281a7f,640,480,28626,False,51741af86f6cec99372527ed37ea03346d205e78dc4f6b64e5c7561829d5e9a9,,,
462,f0462,context-rich,m3,mask\f0462_m3.png,True,True,,120d50fab058ef4e78614f59511ecc38c165f041e27e0d71c44b383db277d2c2,0616d07d0365beb5c93a8ce840daf8d1aef7b27bf9de7163029ef41ca262af4e,640,480,26340,False,51741af86f6cec99372527ed37ea03346d205e78dc4f6b64e5c7561829d5e9a9,m3+m4 [expected_no_op],,
462,f0462,context-rich,m4,mask\f0462_m4.png,True,True,,120d50fab058ef4e78614f59511ecc38c165f041e27e0d71c44b383db277d2c2,0616d07d0365beb5c93a8ce840daf8d1aef7b27bf9de7163029ef41ca262af4e,640,480,26340,False,51741af86f6cec99372527ed37ea03346d205e78dc4f6b64e5c7561829d5e9a9,m3+m4 [expected_no_op],,
463,f0463,context-rich,m0,mask\f0463_m0.png,True,True,,e5d7799ac519840e6542ae43710b146bf0b5478c0789088a3cb4cf7b359f6e0a,000400399f6a06e1b1cbc53481432f5a472d24293914daa968fbffece3653cdd,960,540,1737,False,b938eb17c0c0c5a825e3e638ec56371240a49e698ddbf47e6946aeabb25aeee4,m0+m1+m2+m3+m4 [expected_no_op],,
463,f0463,context-rich,m1,mask\f0463_m1.png,True,True,,3177caa8b84507c94887b3ee045a104578f99253e568494d675a69f0e6219fda,000400399f6a06e1b1cbc53481432f5a472d24293914daa968fbffece3653cdd,960,540,1737,False,b938eb17c0c0c5a825e3e638ec56371240a49e698ddbf47e6946aeabb25aeee4,m0+m1+m2+m3+m4 [expected_no_op],,
463,f0463,context-rich,m2,mask\f0463_m2.png,True,True,,8dac87c9aa157e157f0aa192e2545358aada930269dd4feb268bdc35b6efdb4e,000400399f6a06e1b1cbc53481432f5a472d24293914daa968fbffece3653cdd,960,540,1737,False,b938eb17c0c0c5a825e3e638ec56371240a49e698ddbf47e6946aeabb25aeee4,m0+m1+m2+m3+m4 [expected_no_op],,
463,f0463,context-rich,m3,mask\f0463_m3.png,True,True,,3ded2005dd88d45e057b31ce5a72fc7e8a2d9a808b44d3528fdbb17cbb0657c3,000400399f6a06e1b1cbc53481432f5a472d24293914daa968fbffece3653cdd,960,540,1737,False,b938eb17c0c0c5a825e3e638ec56371240a49e698ddbf47e6946aeabb25aeee4,m0+m1+m2+m3+m4 [expected_no_op],,
463,f0463,context-rich,m4,mask\f0463_m4.png,True,True,,d06c2b777d8a716b5dfdbf7006a3d29d72f76026e08c206f9b153a73cb4eff14,000400399f6a06e1b1cbc53481432f5a472d24293914daa968fbffece3653cdd,960,540,1737,False,b938eb17c0c0c5a825e3e638ec56371240a49e698ddbf47e6946aeabb25aeee4,m0+m1+m2+m3+m4 [expected_no_op],,
464,f0464,context-rich,m0,mask\f0464_m0.png,True,True,,06f040fe12d73d6bcf67041fe11f69a28b1972f27c487613ca5c9c95ee1ff221,5a0f839803d9c285f6f0000e78a737d86f25bf357b26bc934a7033b7cacaa84f,640,480,9485,False,96361094de6547938fbdf6b52be8b2f3f7c1b89162624ca20357cdf1e2308eea,m0+m1+m2+m3+m4 [no_op_placed_but_not_occluding],,
464,f0464,context-rich,m1,mask\f0464_m1.png,True,True,,b034f47a54f46560cb88a9b0d64fe095dc2022137145aed19fe16b2d2689cc4b,5a0f839803d9c285f6f0000e78a737d86f25bf357b26bc934a7033b7cacaa84f,640,480,9485,False,96361094de6547938fbdf6b52be8b2f3f7c1b89162624ca20357cdf1e2308eea,m0+m1+m2+m3+m4 [no_op_placed_but_not_occluding],,
464,f0464,context-rich,m2,mask\f0464_m2.png,True,True,,3e784c65a351cd093bc7e22b92c0d2bc0556c5c5502ca062f181e652492334ac,5a0f839803d9c285f6f0000e78a737d86f25bf357b26bc934a7033b7cacaa84f,640,480,9485,False,96361094de6547938fbdf6b52be8b2f3f7c1b89162624ca20357cdf1e2308eea,m0+m1+m2+m3+m4 [no_op_placed_but_not_occluding],,
464,f0464,context-rich,m3,mask\f0464_m3.png,True,True,,fed9769821dc08f633459aeddf59ef8d129c1e5f20a0ce0aea805b33d46efafe,5a0f839803d9c285f6f0000e78a737d86f25bf357b26bc934a7033b7cacaa84f,640,480,9485,False,96361094de6547938fbdf6b52be8b2f3f7c1b89162624ca20357cdf1e2308eea,m0+m1+m2+m3+m4 [no_op_placed_but_not_occluding],,
464,f0464,context-rich,m4,mask\f0464_m4.png,True,True,,b6bd78eb183d6c6d489738ac0954f6ffd6473ed5164c8043685a908b598c9e16,5a0f839803d9c285f6f0000e78a737d86f25bf357b26bc934a7033b7cacaa84f,640,480,9485,False,96361094de6547938fbdf6b52be8b2f3f7c1b89162624ca20357cdf1e2308eea,m0+m1+m2+m3+m4 [no_op_placed_but_not_occluding],,
465,f0465,controlled-occlusion,m0,mask\f0465_m0.png,False,False,missing,,,,,,,,,,
465,f0465,controlled-occlusion,m1,mask\f0465_m1.png,False,False,missing,,,,,,,,,,
465,f0465,controlled-occlusion,m2,mask\f0465_m2.png,False,False,missing,,,,,,,,,,
465,f0465,controlled-occlusion,m3,mask\f0465_m3.png,False,False,missing,,,,,,,,,,
465,f0465,controlled-occlusion,m4,mask\f0465_m4.png,False,False,missing,,,,,,,,,,
466,f0466,context-rich,m0,mask\f0466_m0.png,True,True,,49998dc0a7735f76783d5f8fd1034cce7a8a35569ae2f15340e157c4a18f6176,e4df5312d1bac36adf1c50189170912b96902ff596fd446b1acfd33351bbbf13,960,540,352231,False,3edcd7a9fdb656d1f24405018a245742b11e8da3e4493c7cba92d106b4063391,m0+m1+m2+m3+m4 [no_op_placed_but_not_occluding],,
466,f0466,context-rich,m1,mask\f0466_m1.png,True,True,,a32935358e938a4d02b3e3a1b1586778b51bcde77c1cf3bfeebdd21ba5a04657,e4df5312d1bac36adf1c50189170912b96902ff596fd446b1acfd33351bbbf13,960,540,352231,False,3edcd7a9fdb656d1f24405018a245742b11e8da3e4493c7cba92d106b4063391,m0+m1+m2+m3+m4 [no_op_placed_but_not_occluding],,
466,f0466,context-rich,m2,mask\f0466_m2.png,True,True,,cf49e348d97f789d28bdc876f040a41f1583ee68876141acaed391389f224f9d,e4df5312d1bac36adf1c50189170912b96902ff596fd446b1acfd33351bbbf13,960,540,352231,False,3edcd7a9fdb656d1f24405018a245742b11e8da3e4493c7cba92d106b4063391,m0+m1+m2+m3+m4 [no_op_placed_but_not_occluding],,
466,f0466,context-rich,m3,mask\f0466_m3.png,True,True,,2d8cbed76f83aabfb091ea31128c640eb608e51603a97131b0109c05a9ee530f,e4df5312d1bac36adf1c50189170912b96902ff596fd446b1acfd33351bbbf13,960,540,352231,False,3edcd7a9fdb656d1f24405018a245742b11e8da3e4493c7cba92d106b4063391,m0+m1+m2+m3+m4 [no_op_placed_but_not_occluding],,
466,f0466,context-rich,m4,mask\f0466_m4.png,True,True,,4a24b3ed7f4e440c15ccb64a0dcee600a79977e13ebc1d9e536e2fa74358b3cd,e4df5312d1bac36adf1c50189170912b96902ff596fd446b1acfd33351bbbf13,960,540,352231,False,3edcd7a9fdb656d1f24405018a245742b11e8da3e4493c7cba92d106b4063391,m0+m1+m2+m3+m4 [no_op_placed_but_not_occluding],,
467,f0467,context-rich,m0,mask\f0467_m0.png,True,True,,2896c9c86f0d133f64168aed43e87f7f1b62d2d035c5533271d733a85b9aa614,b5d52bd06b56bb03b92aa887c7f9efa4a7b1f072bfd6d999aa9cd90f02c86779,720,480,71,False,2cd5573c5da705dfca7b3d59f1de94531a6cc32c86cead62462d0b3a165ee318,m0+m1 [expected_no_op],,
467,f0467,context-rich,m1,mask\f0467_m1.png,True,True,,c43e8ff40fad236c85c0da5466b0408e58853bd0b206a85ce25eaeff6d385998,b5d52bd06b56bb03b92aa887c7f9efa4a7b1f072bfd6d999aa9cd90f02c86779,720,480,71,False,2cd5573c5da705dfca7b3d59f1de94531a6cc32c86cead62462d0b3a165ee318,m0+m1 [expected_no_op],,
467,f0467,context-rich,m2,mask\f0467_m2.png,True,True,,0353ff1fa76370d188ff51c9392403a2e51cb26c7b04295f7c4d0dffda96072a,1cd5a2567c866e9e0e128a1d4eb9c166e080eb0079fbb1187b13b915954dd159,720,480,52,False,2cd5573c5da705dfca7b3d59f1de94531a6cc32c86cead62462d0b3a165ee318,m2+m3+m4 [expected_no_op],,
467,f0467,context-rich,m3,mask\f0467_m3.png,True,True,,af81348b88ec1b26063a5bd05113ff32126488585e6d82ffd0e6cf802b8f9d17,1cd5a2567c866e9e0e128a1d4eb9c166e080eb0079fbb1187b13b915954dd159,720,480,52,False,2cd5573c5da705dfca7b3d59f1de94531a6cc32c86cead62462d0b3a165ee318,m2+m3+m4 [expected_no_op],,
467,f0467,context-rich,m4,mask\f0467_m4.png,True,True,,dc505482053f3bdd351287b9ab683128cf0e67616f0944da9a6a14a81de2b054,1cd5a2567c866e9e0e128a1d4eb9c166e080eb0079fbb1187b13b915954dd159,720,480,52,False,2cd5573c5da705dfca7b3d59f1de94531a6cc32c86cead62462d0b3a165ee318,m2+m3+m4 [expected_no_op],,
468,f0468,controlled-occlusion,m0,mask\f0468_m0.png,True,True,,492026b1f5f03aef8ff3716a8880f8fb5564dc8f168fe86caf8f66ba9c347085,34e4f773dddb29a7f249e4b811587faa900f3beacf96eec3a83487a20feb4a60,960,540,3380,False,4319bb94952b2b23b9c1cc2e92f76148cf395b1ea8577908d8a85697670f5f2a,m0+m1+m2+m3 [no_op_placed_but_not_occluding],,
468,f0468,controlled-occlusion,m1,mask\f0468_m1.png,True,True,,8c087270c784559cace42f1dcaee2289660315527f4356c223065d1419eb27d1,34e4f773dddb29a7f249e4b811587faa900f3beacf96eec3a83487a20feb4a60,960,540,3380,False,4319bb94952b2b23b9c1cc2e92f76148cf395b1ea8577908d8a85697670f5f2a,m0+m1+m2+m3 [no_op_placed_but_not_occluding],,
468,f0468,controlled-occlusion,m2,mask\f0468_m2.png,True,True,,3e544a4d08c0fdcb21dc2cf6633376912149267a2388aa9eacdc45d96e7a3434,34e4f773dddb29a7f249e4b811587faa900f3beacf96eec3a83487a20feb4a60,960,540,3380,False,4319bb94952b2b23b9c1cc2e92f76148cf395b1ea8577908d8a85697670f5f2a,m0+m1+m2+m3 [no_op_placed_but_not_occluding],,
468,f0468,controlled-occlusion,m3,mask\f0468_m3.png,True,True,,ff47eb6b016bb21e1837044ac5384dea7fb91093f1b4cd3981479d37ad8ee09a,34e4f773dddb29a7f249e4b811587faa900f3beacf96eec3a83487a20feb4a60,960,540,3380,False,4319bb94952b2b23b9c1cc2e92f76148cf395b1ea8577908d8a85697670f5f2a,m0+m1+m2+m3 [no_op_placed_but_not_occluding],,
468,f0468,controlled-occlusion,m4,mask\f0468_m4.png,True,True,,20bcef354fe790ed31dd1eb67182ea52eb3700efa4dc12bae953be41971dcc46,8af78ba28f620fd5b90c838d18a3d85647e149226d3b860ed5bcef7c13564d85,960,540,2786,False,4319bb94952b2b23b9c1cc2e92f76148cf395b1ea8577908d8a85697670f5f2a,,,
469,f0469,context-rich,m0,mask\f0469_m0.png,True,True,,7056279fbda224a88d1ba00f765fe636e72b5d6caf45f9613bb7478917d11b91,ccc6cadab11e42a837f7c235a0fbbdfee608f463e41fdcde255eac9aa29d6794,640,480,12790,False,e252348fc7ff73b03e7426c1a61f9e281381647bdc052f0669799aede5826bb0,m0+m1 [expected_no_op],,
469,f0469,context-rich,m1,mask\f0469_m1.png,True,True,,26771560e0f1a52261837860b54b9b60bc379b45d96c99758444d90f47a54567,ccc6cadab11e42a837f7c235a0fbbdfee608f463e41fdcde255eac9aa29d6794,640,480,12790,False,e252348fc7ff73b03e7426c1a61f9e281381647bdc052f0669799aede5826bb0,m0+m1 [expected_no_op],,
469,f0469,context-rich,m2,mask\f0469_m2.png,True,True,,d2a8ae2b9fb81143844d7c19d6b06bca6b9cde4d87827abde210819d45d076ea,eab9d88e8b4aeb7c05b1fb9d8b4a9939c86d922f7336e758078205663348bb1b,640,480,12223,False,e252348fc7ff73b03e7426c1a61f9e281381647bdc052f0669799aede5826bb0,m2+m3+m4 [no_op_placed_but_not_occluding],,
469,f0469,context-rich,m3,mask\f0469_m3.png,True,True,,d2a8ae2b9fb81143844d7c19d6b06bca6b9cde4d87827abde210819d45d076ea,eab9d88e8b4aeb7c05b1fb9d8b4a9939c86d922f7336e758078205663348bb1b,640,480,12223,False,e252348fc7ff73b03e7426c1a61f9e281381647bdc052f0669799aede5826bb0,m2+m3+m4 [no_op_placed_but_not_occluding],,
469,f0469,context-rich,m4,mask\f0469_m4.png,True,True,,b071a49a5f65c7f7ed64e356007492b2b2e1b043cd18d197e2fb12439ec48447,eab9d88e8b4aeb7c05b1fb9d8b4a9939c86d922f7336e758078205663348bb1b,640,480,12223,False,e252348fc7ff73b03e7426c1a61f9e281381647bdc052f0669799aede5826bb0,m2+m3+m4 [no_op_placed_but_not_occluding],,
470,f0470,controlled-occlusion,m0,mask\f0470_m0.png,False,False,missing,,,,,,,,,,
470,f0470,controlled-occlusion,m1,mask\f0470_m1.png,False,False,missing,,,,,,,,,,
470,f0470,controlled-occlusion,m2,mask\f0470_m2.png,False,False,missing,,,,,,,,,,
470,f0470,controlled-occlusion,m3,mask\f0470_m3.png,False,False,missing,,,,,,,,,,
470,f0470,controlled-occlusion,m4,mask\f0470_m4.png,False,False,missing,,,,,,,,,,
471,f0471,context-rich,m0,mask\f0471_m0.png,True,True,,cc0dc104d8b415ba7eeb1da4b0b1996bbca541504de4998872ffaebb948ebee3,e9dbb951f985ead71b1aba0bea4444b254a756be26110bb26efb11be0371e4fc,640,480,6096,False,7a868667d185f2f3bb4dc7512542309bbea192cec3f508f35fcef40df793a704,m0+m1+m2+m3+m4 [no_op_placed_but_not_occluding],,
471,f0471,context-rich,m1,mask\f0471_m1.png,True,True,,59455c077f8173a4030d562399aaf931e656946d1c3664707a7739ba47e618f1,e9dbb951f985ead71b1aba0bea4444b254a756be26110bb26efb11be0371e4fc,640,480,6096,False,7a868667d185f2f3bb4dc7512542309bbea192cec3f508f35fcef40df793a704,m0+m1+m2+m3+m4 [no_op_placed_but_not_occluding],,
471,f0471,context-rich,m2,mask\f0471_m2.png,True,True,,e6901a743e0bacb377c42823694fb8e46ee4c184312e05cb4740f8b8e71a0055,e9dbb951f985ead71b1aba0bea4444b254a756be26110bb26efb11be0371e4fc,640,480,6096,False,7a868667d185f2f3bb4dc7512542309bbea192cec3f508f35fcef40df793a704,m0+m1+m2+m3+m4 [no_op_placed_but_not_occluding],,
471,f0471,context-rich,m3,mask\f0471_m3.png,True,True,,e8b580c7ea90a3e7bfa7e26ac1fc30c57df34a3adff52ae8f4473c800919f87b,e9dbb951f985ead71b1aba0bea4444b254a756be26110bb26efb11be0371e4fc,640,480,6096,False,7a868667d185f2f3bb4dc7512542309bbea192cec3f508f35fcef40df793a704,m0+m1+m2+m3+m4 [no_op_placed_but_not_occluding],,
471,f0471,context-rich,m4,mask\f0471_m4.png,True,True,,74460178c23bb3f1c44bb8ba73764c629181079ac561a5f0b77c9df899d7ef3d,e9dbb951f985ead71b1aba0bea4444b254a756be26110bb26efb11be0371e4fc,640,480,6096,False,7a868667d185f2f3bb4dc7512542309bbea192cec3f508f35fcef40df793a704,m0+m1+m2+m3+m4 [no_op_placed_but_not_occluding],,
472,f0472,context-rich,m0,mask\f0472_m0.png,True,True,,e5321de589c7a0de14e4d326b5333f3ef1d635b28528390c010065505034634c,04c62c0c20cd7fe488c888bee3af1a3c680399af36aa5033f8740ce9e05f6de8,960,540,2256,False,d111aee3061db501ca0a3b4746d3c0437284536fe5aac3e1c904fff5eb30cea8,m0+m1+m2+m3+m4 [no_op_placed_but_not_occluding],,
472,f0472,context-rich,m1,mask\f0472_m1.png,True,True,,41d1f1f00511a76f944e252e0b9f8bf34b479fbcfa761c5db68f2c541bff409e,04c62c0c20cd7fe488c888bee3af1a3c680399af36aa5033f8740ce9e05f6de8,960,540,2256,False,d111aee3061db501ca0a3b4746d3c0437284536fe5aac3e1c904fff5eb30cea8,m0+m1+m2+m3+m4 [no_op_placed_but_not_occluding],,
472,f0472,context-rich,m2,mask\f0472_m2.png,True,True,,a57cd752016d0894a451e9f934a63125ba0d25b442f2082d94357d53ec4935df,04c62c0c20cd7fe488c888bee3af1a3c680399af36aa5033f8740ce9e05f6de8,960,540,2256,False,d111aee3061db501ca0a3b4746d3c0437284536fe5aac3e1c904fff5eb30cea8,m0+m1+m2+m3+m4 [no_op_placed_but_not_occluding],,
472,f0472,context-rich,m3,mask\f0472_m3.png,True,True,,369ff78afc287dfa190192f834b20bd6607f67abc0a685dfc541ddb339699cf3,04c62c0c20cd7fe488c888bee3af1a3c680399af36aa5033f8740ce9e05f6de8,960,540,2256,False,d111aee3061db501ca0a3b4746d3c0437284536fe5aac3e1c904fff5eb30cea8,m0+m1+m2+m3+m4 [no_op_placed_but_not_occluding],,
472,f0472,context-rich,m4,mask\f0472_m4.png,True,True,,66747cd2d10f2f714f417dc0505e3381ae9c4cd1c1ec1cedfa3a17c826b593da,04c62c0c20cd7fe488c888bee3af1a3c680399af36aa5033f8740ce9e05f6de8,960,540,2256,False,d111aee3061db501ca0a3b4746d3c0437284536fe5aac3e1c904fff5eb30cea8,m0+m1+m2+m3+m4 [no_op_placed_but_not_occluding],,
473,f0473,context-rich,m0,mask\f0473_m0.png,True,True,,6612fc2f3b9520fd59cf41f222babbfce7221f388c15c68b845b90c32f5bf5bf,84466f52c71d05c6ce63cf762df81741aa12a7402affb0b64b032c64401d262a,640,480,7046,False,7821035b74bb59cc960f8ce45d7eaa0c51e45d842d9420f85c1fae1287d77603,m0+m1 [expected_no_op],,
473,f0473,context-rich,m1,mask\f0473_m1.png,True,True,,5d595d33f0347c0d1b6aedd1c156559f3a5b11e1d3edf3984e7b7b0e83fccba7,84466f52c71d05c6ce63cf762df81741aa12a7402affb0b64b032c64401d262a,640,480,7046,False,7821035b74bb59cc960f8ce45d7eaa0c51e45d842d9420f85c1fae1287d77603,m0+m1 [expected_no_op],,
473,f0473,context-rich,m2,mask\f0473_m2.png,True,True,,461b4bec9a9261cc1c2769a109c5f20384a1700223e026c05d95c1ceadc710e1,f4db5e1989811a688e4a7e2de0ceb01ca679b721378d1691b9583e4f36cab1c1,640,480,7045,False,7821035b74bb59cc960f8ce45d7eaa0c51e45d842d9420f85c1fae1287d77603,m2+m3+m4 [no_op_placed_but_not_occluding],,
473,f0473,context-rich,m3,mask\f0473_m3.png,True,True,,f3d0e4f20493327b4311a7dc485e1bb12b25d36d2e1a950a1f81e3b3a0433de4,f4db5e1989811a688e4a7e2de0ceb01ca679b721378d1691b9583e4f36cab1c1,640,480,7045,False,7821035b74bb59cc960f8ce45d7eaa0c51e45d842d9420f85c1fae1287d77603,m2+m3+m4 [no_op_placed_but_not_occluding],,
473,f0473,context-rich,m4,mask\f0473_m4.png,True,True,,b59807bf699350a34828952aa9b5327057f3ae1447decc3a1f6cb173e9f14735,f4db5e1989811a688e4a7e2de0ceb01ca679b721378d1691b9583e4f36cab1c1,640,480,7045,False,7821035b74bb59cc960f8ce45d7eaa0c51e45d842d9420f85c1fae1287d77603,m2+m3+m4 [no_op_placed_but_not_occluding],,
474,f0474,context-rich,m0,mask\f0474_m0.png,True,True,,dcecd5b8358f6b286bda9fb9f7176b7d986cc8035f0a1fb4298a6306cb74d1c7,7b992d9ab08faf46d6428a93dd62f3775c29d981dc452d9135b10657d0628f90,560,560,189948,False,a8271ae135e12e6d1004b63a06a366dbbf353ee5c9b57625bc0362f9b88620f6,m0+m1+m2+m3+m4 [expected_no_op],,
474,f0474,context-rich,m1,mask\f0474_m1.png,True,True,,c054b6c6d7a9a05675ef8b9ec833a77c33877ea08509ae9caa723710f9137f4c,7b992d9ab08faf46d6428a93dd62f3775c29d981dc452d9135b10657d0628f90,560,560,189948,False,a8271ae135e12e6d1004b63a06a366dbbf353ee5c9b57625bc0362f9b88620f6,m0+m1+m2+m3+m4 [expected_no_op],,
474,f0474,context-rich,m2,mask\f0474_m2.png,True,True,,d93a0c70a6a93126cf566315a5e31e470280c541e192265988b10278894a7e8b,7b992d9ab08faf46d6428a93dd62f3775c29d981dc452d9135b10657d0628f90,560,560,189948,False,a8271ae135e12e6d1004b63a06a366dbbf353ee5c9b57625bc0362f9b88620f6,m0+m1+m2+m3+m4 [expected_no_op],,
474,f0474,context-rich,m3,mask\f0474_m3.png,True,True,,d93a0c70a6a93126cf566315a5e31e470280c541e192265988b10278894a7e8b,7b992d9ab08faf46d6428a93dd62f3775c29d981dc452d9135b10657d0628f90,560,560,189948,False,a8271ae135e12e6d1004b63a06a366dbbf353ee5c9b57625bc0362f9b88620f6,m0+m1+m2+m3+m4 [expected_no_op],,
474,f0474,context-rich,m4,mask\f0474_m4.png,True,True,,e22d64ef7339809a3c89723fdb8389d3afad4fdd9c9567e0fe38740b512942ba,7b992d9ab08faf46d6428a93dd62f3775c29d981dc452d9135b10657d0628f90,560,560,189948,False,a8271ae135e12e6d1004b63a06a366dbbf353ee5c9b57625bc0362f9b88620f6,m0+m1+m2+m3+m4 [expected_no_op],,
475,f0475,context-rich,m0,mask\f0475_m0.png,True,True,,17a6004511c32565e58fabbe61a0892e3c9e95d5a348c33fb344b5adc6e37461,c07f0d03b164386322c550c2846c1e914d633595211219ac851ef78da8751cd2,640,480,100143,False,e7dec79002d17d96af43f494e198be6f724e98429e269fe7ea80688add9cf594,m0+m1+m2 [expected_no_op],,
475,f0475,context-rich,m1,mask\f0475_m1.png,True,True,,cf4e2603c94eec7416557cca58084b12274b6bb84a368b5d1fe67a79584d9c2a,c07f0d03b164386322c550c2846c1e914d633595211219ac851ef78da8751cd2,640,480,100143,False,e7dec79002d17d96af43f494e198be6f724e98429e269fe7ea80688add9cf594,m0+m1+m2 [expected_no_op],,
475,f0475,context-rich,m2,mask\f0475_m2.png,True,True,,0064a4be33c0d2c6204e2d83af7aa382434f7932b3772c216a1b97ec88498fce,c07f0d03b164386322c550c2846c1e914d633595211219ac851ef78da8751cd2,640,480,100143,False,e7dec79002d17d96af43f494e198be6f724e98429e269fe7ea80688add9cf594,m0+m1+m2 [expected_no_op],,
475,f0475,context-rich,m3,mask\f0475_m3.png,True,True,,52abb0665c3d7794b0beaf98930d4b1530fc6d12d7119e354a7affbd60cb4f40,a9ea6fca80531f8a321440bcf330b6c02453f0a16fa44f2d555e0ff515f02c8c,640,480,89312,False,e7dec79002d17d96af43f494e198be6f724e98429e269fe7ea80688add9cf594,m3+m4 [expected_no_op],,
475,f0475,context-rich,m4,mask\f0475_m4.png,True,True,,f1cc4dc96816957a9546d998fc1964d11a641f5dfb035fcdec3cebd62c9ed648,a9ea6fca80531f8a321440bcf330b6c02453f0a16fa44f2d555e0ff515f02c8c,640,480,89312,False,e7dec79002d17d96af43f494e198be6f724e98429e269fe7ea80688add9cf594,m3+m4 [expected_no_op],,
476,f0476,controlled-occlusion,m0,mask\f0476_m0.png,False,False,missing,,,,,,,,,,
476,f0476,controlled-occlusion,m1,mask\f0476_m1.png,False,False,missing,,,,,,,,,,
476,f0476,controlled-occlusion,m2,mask\f0476_m2.png,False,False,missing,,,,,,,,,,
476,f0476,controlled-occlusion,m3,mask\f0476_m3.png,False,False,missing,,,,,,,,,,
476,f0476,controlled-occlusion,m4,mask\f0476_m4.png,False,False,missing,,,,,,,,,,
477,f0477,context-rich,m0,mask\f0477_m0.png,True,True,,f0cd413b84e195a6bf9d4e70620a9c00e840818d90877ceaa86f3f8b851fe5da,fcba510c893f5316bb6248530028d03fa7fc798f67be781257d2c5e340eaff85,720,480,2763,False,8eb4b319a55e1035526b07fbec2c2b54fa5a21194f3aa08bcef8846c496ede43,m0+m1 [expected_no_op],,
477,f0477,context-rich,m1,mask\f0477_m1.png,True,True,,077c2af278d29e6a8dc8d641777efcf6bf810e1fff39b07b9066fd230c3cb991,fcba510c893f5316bb6248530028d03fa7fc798f67be781257d2c5e340eaff85,720,480,2763,False,8eb4b319a55e1035526b07fbec2c2b54fa5a21194f3aa08bcef8846c496ede43,m0+m1 [expected_no_op],,
477,f0477,context-rich,m2,mask\f0477_m2.png,True,True,,def2bd867b4d2b5e167826453a8367a0787fb7565233caa507b5499d6f79c1cc,e009e37f4a116159c83c2abf422fb7d6146a0619e3c80c6dcb8068cd0f483624,720,480,2439,False,8eb4b319a55e1035526b07fbec2c2b54fa5a21194f3aa08bcef8846c496ede43,m2+m3+m4 [no_op_placed_but_not_occluding],,
477,f0477,context-rich,m3,mask\f0477_m3.png,True,True,,58e3558e64779528e41897fe5ff8da6531e6b9a04dbabce7da761c04c871d7c1,e009e37f4a116159c83c2abf422fb7d6146a0619e3c80c6dcb8068cd0f483624,720,480,2439,False,8eb4b319a55e1035526b07fbec2c2b54fa5a21194f3aa08bcef8846c496ede43,m2+m3+m4 [no_op_placed_but_not_occluding],,
477,f0477,context-rich,m4,mask\f0477_m4.png,True,True,,58e3558e64779528e41897fe5ff8da6531e6b9a04dbabce7da761c04c871d7c1,e009e37f4a116159c83c2abf422fb7d6146a0619e3c80c6dcb8068cd0f483624,720,480,2439,False,8eb4b319a55e1035526b07fbec2c2b54fa5a21194f3aa08bcef8846c496ede43,m2+m3+m4 [no_op_placed_but_not_occluding],,
478,f0478,context-rich,m0,mask\f0478_m0.png,True,True,,e286ed2bdab2ca0a84283623345ca161f9f9d47ff302de1d17a6b7d0d978fb8f,c105fa325caceb4602d51cd9be6c40f3d7ffa4444241086da6c6662fe61ad74f,960,540,0,True,900b755346d9654148e22c463dd15150652cac3333d801323c74378434b37e9a,m0+m1+m2+m3+m4 [unverified_no_op],4,empty_target_defect
478,f0478,context-rich,m1,mask\f0478_m1.png,True,True,,622480ef69d497511ee057c93c312275b9e31a25c8defaf9025705fb37ed9031,c105fa325caceb4602d51cd9be6c40f3d7ffa4444241086da6c6662fe61ad74f,960,540,0,True,900b755346d9654148e22c463dd15150652cac3333d801323c74378434b37e9a,m0+m1+m2+m3+m4 [unverified_no_op],4,all_black_stage_duplicate
478,f0478,context-rich,m2,mask\f0478_m2.png,True,True,,dfe1983dbaeba39567397910013fdaecc8745d8e5b0e045b0ca64cb9804cc5fc,c105fa325caceb4602d51cd9be6c40f3d7ffa4444241086da6c6662fe61ad74f,960,540,0,True,900b755346d9654148e22c463dd15150652cac3333d801323c74378434b37e9a,m0+m1+m2+m3+m4 [unverified_no_op],4,all_black_stage_duplicate
478,f0478,context-rich,m3,mask\f0478_m3.png,True,True,,dfe1983dbaeba39567397910013fdaecc8745d8e5b0e045b0ca64cb9804cc5fc,c105fa325caceb4602d51cd9be6c40f3d7ffa4444241086da6c6662fe61ad74f,960,540,0,True,900b755346d9654148e22c463dd15150652cac3333d801323c74378434b37e9a,m0+m1+m2+m3+m4 [unverified_no_op],4,all_black_stage_duplicate
478,f0478,context-rich,m4,mask\f0478_m4.png,True,True,,653a327c49886eeaf49acaa490bfbb8e61ca120a5fff37230e4e1fc0b17a1724,c105fa325caceb4602d51cd9be6c40f3d7ffa4444241086da6c6662fe61ad74f,960,540,0,True,900b755346d9654148e22c463dd15150652cac3333d801323c74378434b37e9a,m0+m1+m2+m3+m4 [unverified_no_op],4,all_black_stage_duplicate
479,f0479,controlled-occlusion,m0,mask\f0479_m0.png,True,True,,577f6d9d798bfccdfe1767357c98fdc0803aa862dae19b6c030692fec9447533,851ea5bb0c7d36ed54ed5b79e08b31b0a4c8ab85990b6bdd28c62faf3154d618,640,480,17482,False,0b62b771bd4f7b617144bcd4f59aa519dacb68ec094d6a4d8891f7a2c8cfe529,m0+m1+m2+m3 [no_op_placed_but_not_occluding],,
479,f0479,controlled-occlusion,m1,mask\f0479_m1.png,True,True,,99210d6c3141a8c34281024a4cbcfe4e09fc4a8cd5972dbf6a0258c7b45659b3,851ea5bb0c7d36ed54ed5b79e08b31b0a4c8ab85990b6bdd28c62faf3154d618,640,480,17482,False,0b62b771bd4f7b617144bcd4f59aa519dacb68ec094d6a4d8891f7a2c8cfe529,m0+m1+m2+m3 [no_op_placed_but_not_occluding],,
479,f0479,controlled-occlusion,m2,mask\f0479_m2.png,True,True,,99210d6c3141a8c34281024a4cbcfe4e09fc4a8cd5972dbf6a0258c7b45659b3,851ea5bb0c7d36ed54ed5b79e08b31b0a4c8ab85990b6bdd28c62faf3154d618,640,480,17482,False,0b62b771bd4f7b617144bcd4f59aa519dacb68ec094d6a4d8891f7a2c8cfe529,m0+m1+m2+m3 [no_op_placed_but_not_occluding],,
479,f0479,controlled-occlusion,m3,mask\f0479_m3.png,True,True,,3b43ea78b4b3d67139906c5040cb0ef449ffbe277a62ba44de6c9c4d1df46b7a,851ea5bb0c7d36ed54ed5b79e08b31b0a4c8ab85990b6bdd28c62faf3154d618,640,480,17482,False,0b62b771bd4f7b617144bcd4f59aa519dacb68ec094d6a4d8891f7a2c8cfe529,m0+m1+m2+m3 [no_op_placed_but_not_occluding],,
479,f0479,controlled-occlusion,m4,mask\f0479_m4.png,True,True,,00556e13ca7af320caae194ce25916383efb1ba9c19f0717556b3209c42168c0,85b6e9edc4ed14bb254615ddd736b2d8cc013265c34620a30d619e41ae85843a,640,480,15580,False,0b62b771bd4f7b617144bcd4f59aa519dacb68ec094d6a4d8891f7a2c8cfe529,,,
480,f0480,context-rich,m0,mask\f0480_m0.png,True,True,,fd3b2d525b3075e286c0d3e5bbe58233d426587d9f30e4b1f4fbdeed87985581,a410bdf5a55b43a427220f63cab57cf510ce447125ef8fe995bd09e46afc4162,960,540,229641,False,19a4e9e1d35dec40e3bbc4d81cacedf477538b35e51a00be9d15fa1e4a9eef0f,,,
480,f0480,context-rich,m1,mask\f0480_m1.png,True,True,,2d8588f3b052ef0d88ebf30d8852544cf69b10aa6361e32b9349d4927ad596c9,9917200b8d7fe3a3daa24ead05551771670c573b794c4bd2da9fb5806a747f6e,960,540,229640,False,19a4e9e1d35dec40e3bbc4d81cacedf477538b35e51a00be9d15fa1e4a9eef0f,m1+m2 [expected_no_op],,
480,f0480,context-rich,m2,mask\f0480_m2.png,True,True,,96f23214311209e6204568e83eee95c5da2ff07db5b92b070e5aa7f6f3a0deab,9917200b8d7fe3a3daa24ead05551771670c573b794c4bd2da9fb5806a747f6e,960,540,229640,False,19a4e9e1d35dec40e3bbc4d81cacedf477538b35e51a00be9d15fa1e4a9eef0f,m1+m2 [expected_no_op],,
480,f0480,context-rich,m3,mask\f0480_m3.png,True,True,,e92911501d850361151620969235906b3a61bd6330e906f2305d05f8bbf02bd7,f28e98a7f8c287f05dfa8e5513c8efcccf9f4b763aa0f500cfff5c1d6facfc93,960,540,228523,False,19a4e9e1d35dec40e3bbc4d81cacedf477538b35e51a00be9d15fa1e4a9eef0f,m3+m4 [expected_no_op],,
480,f0480,context-rich,m4,mask\f0480_m4.png,True,True,,58c12429b8728696c06552a60602aaf856b0558560ce245bfc1606c2798cca48,f28e98a7f8c287f05dfa8e5513c8efcccf9f4b763aa0f500cfff5c1d6facfc93,960,540,228523,False,19a4e9e1d35dec40e3bbc4d81cacedf477538b35e51a00be9d15fa1e4a9eef0f,m3+m4 [expected_no_op],,
481,f0481,context-rich,m0,mask\f0481_m0.png,True,True,,b8318169297e8f5c06a77edc44b6b57a11524b323f21f320f314c6378d6b2478,6f4e67eff4e9bd626c1c1c85ea00422ca9e0814c0d40100675f84b1e496eaeba,640,480,34,False,85f6014052a974faf55dd7580fa1633cb487c77851e9c8b1a534db6b618eec56,m0+m1 [expected_no_op],,
481,f0481,context-rich,m1,mask\f0481_m1.png,True,True,,677bb2b68e3a61e6d2d8e8e496e0624717560c804b571d00a57d34963b96df61,6f4e67eff4e9bd626c1c1c85ea00422ca9e0814c0d40100675f84b1e496eaeba,640,480,34,False,85f6014052a974faf55dd7580fa1633cb487c77851e9c8b1a534db6b618eec56,m0+m1 [expected_no_op],,
481,f0481,context-rich,m2,mask\f0481_m2.png,True,True,,09ec2383c9413ecde3653ec1103cee361ef4c483dd97e6fca2921458cbb07d04,ff1e81244ddff77b30a1698b71699006d5588009813d705cc41cdf17ca7e3502,640,480,25,False,85f6014052a974faf55dd7580fa1633cb487c77851e9c8b1a534db6b618eec56,m2+m3+m4 [expected_no_op],,
481,f0481,context-rich,m3,mask\f0481_m3.png,True,True,,31556ea1e3013850dd6523865345d89e102d34fad022434d3205c7dd0e7a1588,ff1e81244ddff77b30a1698b71699006d5588009813d705cc41cdf17ca7e3502,640,480,25,False,85f6014052a974faf55dd7580fa1633cb487c77851e9c8b1a534db6b618eec56,m2+m3+m4 [expected_no_op],,
481,f0481,context-rich,m4,mask\f0481_m4.png,True,True,,8c98e809bd58533e53a63706a8c4d31cba374705345bd03d7d47ad53ca5ff9b8,ff1e81244ddff77b30a1698b71699006d5588009813d705cc41cdf17ca7e3502,640,480,25,False,85f6014052a974faf55dd7580fa1633cb487c77851e9c8b1a534db6b618eec56,m2+m3+m4 [expected_no_op],,
482,f0482,context-rich,m0,mask\f0482_m0.png,True,True,,3e5ed9f749ca7bc4806a4c4715e5be90b889ee83e90b1d5cbb8e60d85d517a1d,2816c2c69f2b84fa78217c984781aea23573c9077bcbafae1845e87510bd020c,720,480,31733,False,bcd1e2de4bf7b9021f75bdb8692515a8d84059529cbe66acef312f7827e33587,m0+m1+m2+m3+m4 [expected_no_op],,
482,f0482,context-rich,m1,mask\f0482_m1.png,True,True,,2367e25c37ae5c193241604cdf69fc2dce536ed0cfee5b97d5f905b707921164,2816c2c69f2b84fa78217c984781aea23573c9077bcbafae1845e87510bd020c,720,480,31733,False,bcd1e2de4bf7b9021f75bdb8692515a8d84059529cbe66acef312f7827e33587,m0+m1+m2+m3+m4 [expected_no_op],,
482,f0482,context-rich,m2,mask\f0482_m2.png,True,True,,2367e25c37ae5c193241604cdf69fc2dce536ed0cfee5b97d5f905b707921164,2816c2c69f2b84fa78217c984781aea23573c9077bcbafae1845e87510bd020c,720,480,31733,False,bcd1e2de4bf7b9021f75bdb8692515a8d84059529cbe66acef312f7827e33587,m0+m1+m2+m3+m4 [expected_no_op],,
482,f0482,context-rich,m3,mask\f0482_m3.png,True,True,,2367e25c37ae5c193241604cdf69fc2dce536ed0cfee5b97d5f905b707921164,2816c2c69f2b84fa78217c984781aea23573c9077bcbafae1845e87510bd020c,720,480,31733,False,bcd1e2de4bf7b9021f75bdb8692515a8d84059529cbe66acef312f7827e33587,m0+m1+m2+m3+m4 [expected_no_op],,
482,f0482,context-rich,m4,mask\f0482_m4.png,True,True,,356b76df27723134c442d8fed2b3edcfaca0e76ac392cb1917ec61520cb2eb29,2816c2c69f2b84fa78217c984781aea23573c9077bcbafae1845e87510bd020c,720,480,31733,False,bcd1e2de4bf7b9021f75bdb8692515a8d84059529cbe66acef312f7827e33587,m0+m1+m2+m3+m4 [expected_no_op],,
483,f0483,context-rich,m0,mask\f0483_m0.png,True,True,,46e11359cb28d4c293419688be7dbfd0b94cbba33d4942502c67b1b4a7bf3642,95f311438373f1a58bb59a5b78912d4b587a61e98f3ff2b835252739e2577f35,640,480,1361,False,8a4a284e10346bb7e540769efc297e1076f5235c0f8d139c2cb59c23aa396739,m0+m1 [expected_no_op],,
483,f0483,context-rich,m1,mask\f0483_m1.png,True,True,,7b3e0e88dedfa1f6dc58e879d286c686c050b91ea5709adb47abf1fefc48d80f,95f311438373f1a58bb59a5b78912d4b587a61e98f3ff2b835252739e2577f35,640,480,1361,False,8a4a284e10346bb7e540769efc297e1076f5235c0f8d139c2cb59c23aa396739,m0+m1 [expected_no_op],,
483,f0483,context-rich,m2,mask\f0483_m2.png,True,True,,9624ec5385d855db30dd891577723a730bc3397f75fdd539d58b7b002e7ce5f8,04bed7a2416849f474fcd2e53b42ea03ff592e5a2edef3d1099107f2f89e2c2d,640,480,1182,False,8a4a284e10346bb7e540769efc297e1076f5235c0f8d139c2cb59c23aa396739,m2+m3+m4 [no_op_placed_but_not_occluding],,
483,f0483,context-rich,m3,mask\f0483_m3.png,True,True,,9899e69ae8a4a3623c474cf96c8186c23f01c71f33a9be19af1c493b9873d515,04bed7a2416849f474fcd2e53b42ea03ff592e5a2edef3d1099107f2f89e2c2d,640,480,1182,False,8a4a284e10346bb7e540769efc297e1076f5235c0f8d139c2cb59c23aa396739,m2+m3+m4 [no_op_placed_but_not_occluding],,
483,f0483,context-rich,m4,mask\f0483_m4.png,True,True,,cbbdb99bffdd46a3525b222c111016bb47cfe8d9a2ba857e8ed828c7692ee5f0,04bed7a2416849f474fcd2e53b42ea03ff592e5a2edef3d1099107f2f89e2c2d,640,480,1182,False,8a4a284e10346bb7e540769efc297e1076f5235c0f8d139c2cb59c23aa396739,m2+m3+m4 [no_op_placed_but_not_occluding],,
484,f0484,context-rich,m0,mask\f0484_m0.png,True,True,,d26d31ceee158b813ea39758fa9184b904caeba85de0a3ab0a37470aa106ca59,43688869da9e4968d0ea5de31d3cfbe806971a48717b882a80fc00bc81ebdf52,560,560,38073,False,bf731f61c4003838903156a33f63051a5dd71ea8098aaad9965343f2ae08d591,m0+m1+m2+m3+m4 [no_op_placed_but_not_occluding],,
484,f0484,context-rich,m1,mask\f0484_m1.png,True,True,,031694265a6f2c63849e16c0596906edd2dd75dcbc43f8463b15eddad0762823,43688869da9e4968d0ea5de31d3cfbe806971a48717b882a80fc00bc81ebdf52,560,560,38073,False,bf731f61c4003838903156a33f63051a5dd71ea8098aaad9965343f2ae08d591,m0+m1+m2+m3+m4 [no_op_placed_but_not_occluding],,
484,f0484,context-rich,m2,mask\f0484_m2.png,True,True,,74ef2d7b39c7581345c94232951bdee58b3bfc196f9ebd815517f511615cf176,43688869da9e4968d0ea5de31d3cfbe806971a48717b882a80fc00bc81ebdf52,560,560,38073,False,bf731f61c4003838903156a33f63051a5dd71ea8098aaad9965343f2ae08d591,m0+m1+m2+m3+m4 [no_op_placed_but_not_occluding],,
484,f0484,context-rich,m3,mask\f0484_m3.png,True,True,,c394e167fdf845a838bbcf2f88113954bc0af044671e2b7490e502254a0dd7b8,43688869da9e4968d0ea5de31d3cfbe806971a48717b882a80fc00bc81ebdf52,560,560,38073,False,bf731f61c4003838903156a33f63051a5dd71ea8098aaad9965343f2ae08d591,m0+m1+m2+m3+m4 [no_op_placed_but_not_occluding],,
484,f0484,context-rich,m4,mask\f0484_m4.png,True,True,,a13b07c8154ef4e2ad96641f329322ffd7d6af788e9e556b9360370ff8cab252,43688869da9e4968d0ea5de31d3cfbe806971a48717b882a80fc00bc81ebdf52,560,560,38073,False,bf731f61c4003838903156a33f63051a5dd71ea8098aaad9965343f2ae08d591,m0+m1+m2+m3+m4 [no_op_placed_but_not_occluding],,
485,f0485,context-rich,m0,mask\f0485_m0.png,True,True,,25f6d8f9c35d3f0be2bf4caac59f1aaf0aa444784bab7f91eef0949a31a13ada,70db7c5ab4561bb05733a3b5ab602d35164b88dbe2676ebc0ac78c51b3895488,640,480,1720,False,97cd82f3df4c435212f6fd8d1133ec1d334dac3bd16dc2b19d3084f4bf7e98c5,m0+m1 [expected_no_op],,
485,f0485,context-rich,m1,mask\f0485_m1.png,True,True,,be421d3b4b4999365500f59e6cc8c956d9f0d012ea2d05c0306957140108eac4,70db7c5ab4561bb05733a3b5ab602d35164b88dbe2676ebc0ac78c51b3895488,640,480,1720,False,97cd82f3df4c435212f6fd8d1133ec1d334dac3bd16dc2b19d3084f4bf7e98c5,m0+m1 [expected_no_op],,
485,f0485,context-rich,m2,mask\f0485_m2.png,True,True,,81540a0e221bda227dfc791603b6401e57bbc5efc7012b919d86721749c0eb3d,96911fa398402732a4d44138193e317e8c427038ed9aa48d3da8ba32de0caa29,640,480,1389,False,97cd82f3df4c435212f6fd8d1133ec1d334dac3bd16dc2b19d3084f4bf7e98c5,m2+m3+m4 [no_op_placed_but_not_occluding],,
485,f0485,context-rich,m3,mask\f0485_m3.png,True,True,,ca91907b8062c53f20f9532caa45445f9752e3c5f88f2dcd0b86a6ff7c70ed16,96911fa398402732a4d44138193e317e8c427038ed9aa48d3da8ba32de0caa29,640,480,1389,False,97cd82f3df4c435212f6fd8d1133ec1d334dac3bd16dc2b19d3084f4bf7e98c5,m2+m3+m4 [no_op_placed_but_not_occluding],,
485,f0485,context-rich,m4,mask\f0485_m4.png,True,True,,726b139eab6041eec47386da3810e0dbe5349d7ab5e6406b51a5d3867bbfa286,96911fa398402732a4d44138193e317e8c427038ed9aa48d3da8ba32de0caa29,640,480,1389,False,97cd82f3df4c435212f6fd8d1133ec1d334dac3bd16dc2b19d3084f4bf7e98c5,m2+m3+m4 [no_op_placed_but_not_occluding],,
486,f0486,context-rich,m0,mask\f0486_m0.png,True,True,,3152f397b2a5c4071260f294c69faa9eaaa5a9f4679615ae9a5868f6cf7f5e03,263fc59d3d48787912a270156c9da303918908876ec0650f56cf6c03a008935f,960,540,38001,False,40aead84f39ae25b37003923b01cc2d76d6405d2f20a400688463bdcc46e3d80,m0+m1+m2+m3+m4 [no_op_placed_but_not_occluding],,
486,f0486,context-rich,m1,mask\f0486_m1.png,True,True,,305b5078306288765f9bb3a6e3cf9c062fef6b2ffe31608977650ee2b000c472,263fc59d3d48787912a270156c9da303918908876ec0650f56cf6c03a008935f,960,540,38001,False,40aead84f39ae25b37003923b01cc2d76d6405d2f20a400688463bdcc46e3d80,m0+m1+m2+m3+m4 [no_op_placed_but_not_occluding],,
486,f0486,context-rich,m2,mask\f0486_m2.png,True,True,,4c7995d96cdb82115d05ad255fd5e40ecf25896f60f645e1bf0676e5d5c5fd48,263fc59d3d48787912a270156c9da303918908876ec0650f56cf6c03a008935f,960,540,38001,False,40aead84f39ae25b37003923b01cc2d76d6405d2f20a400688463bdcc46e3d80,m0+m1+m2+m3+m4 [no_op_placed_but_not_occluding],,
486,f0486,context-rich,m3,mask\f0486_m3.png,True,True,,44f5a19a1d9f459070bfea1557616c8abd873ec9dc55f53167b615302bbef6ef,263fc59d3d48787912a270156c9da303918908876ec0650f56cf6c03a008935f,960,540,38001,False,40aead84f39ae25b37003923b01cc2d76d6405d2f20a400688463bdcc46e3d80,m0+m1+m2+m3+m4 [no_op_placed_but_not_occluding],,
486,f0486,context-rich,m4,mask\f0486_m4.png,True,True,,c7dd3d7d70727c63d558369c373c77fb95dc997030462a0a9fd883b1852bf22d,263fc59d3d48787912a270156c9da303918908876ec0650f56cf6c03a008935f,960,540,38001,False,40aead84f39ae25b37003923b01cc2d76d6405d2f20a400688463bdcc46e3d80,m0+m1+m2+m3+m4 [no_op_placed_but_not_occluding],,
487,f0487,context-rich,m0,mask\f0487_m0.png,True,True,,db211ae3f20e7753735fe5f0ad5554294f9d5459bbe2e070981d4f5d0b2cf642,a9caf9f1d69eba584de0f18ed0dc598ca75dc016fa20daaa330744f015f899ae,640,480,7098,False,49fe4a10362c0a642bd845cdc20357a22ea7c27ac497c5f1f52b0dabb48bf996,m0+m1 [expected_no_op],,
487,f0487,context-rich,m1,mask\f0487_m1.png,True,True,,372e1ccccc147521b3f09681f7e1692c4da1617496531119ea2594a16f0841f3,a9caf9f1d69eba584de0f18ed0dc598ca75dc016fa20daaa330744f015f899ae,640,480,7098,False,49fe4a10362c0a642bd845cdc20357a22ea7c27ac497c5f1f52b0dabb48bf996,m0+m1 [expected_no_op],,
487,f0487,context-rich,m2,mask\f0487_m2.png,True,True,,3e0c1692a7318a2b9c6fb00b6ddf7034298a7d2c47903030a8dd12c2c64ce409,af1f229f82eb734fd68bb58b68201bece313096c81143fbfa294bfb129f1219a,640,480,5738,False,49fe4a10362c0a642bd845cdc20357a22ea7c27ac497c5f1f52b0dabb48bf996,,,
487,f0487,context-rich,m3,mask\f0487_m3.png,True,True,,cf9e791928de0b5a3ee5720731cd1e5d81493c6e4f9c93604116526f83aa2476,c8c3f632fce9fc80f745b3f2a985475bb6184220a4f1eacff245c7e66c74ae13,640,480,5592,False,49fe4a10362c0a642bd845cdc20357a22ea7c27ac497c5f1f52b0dabb48bf996,m3+m4 [expected_no_op],,
487,f0487,context-rich,m4,mask\f0487_m4.png,True,True,,b1ea9c14cea1caa180714267eba6b824a77074e6984c2e57fce5008e9187d90f,c8c3f632fce9fc80f745b3f2a985475bb6184220a4f1eacff245c7e66c74ae13,640,480,5592,False,49fe4a10362c0a642bd845cdc20357a22ea7c27ac497c5f1f52b0dabb48bf996,m3+m4 [expected_no_op],,
488,f0488,controlled-occlusion,m0,mask\f0488_m0.png,True,True,,2c341410a27181018d8bb5a3d900d9033b4eb0badac520d853214762d24b96fc,78a8df241586c211d8883c398bfa1f4892941824cffe6f77b3bfc9dc3d8d202f,640,480,61142,False,61fc7597b699f212e340dec099cd000d0ea183d8798064adbab6072e174a77dc,m0+m1+m2+m3 [no_op_placed_but_not_occluding],,
488,f0488,controlled-occlusion,m1,mask\f0488_m1.png,True,True,,ba9abd1c8c2ccc4d758cf803f0eb4c482cbb9720fa134e1c6edeccd9a3fc3188,78a8df241586c211d8883c398bfa1f4892941824cffe6f77b3bfc9dc3d8d202f,640,480,61142,False,61fc7597b699f212e340dec099cd000d0ea183d8798064adbab6072e174a77dc,m0+m1+m2+m3 [no_op_placed_but_not_occluding],,
488,f0488,controlled-occlusion,m2,mask\f0488_m2.png,True,True,,2a93c80528402eee3df5bbc251d242b6458455d07b915e586608441f496275e1,78a8df241586c211d8883c398bfa1f4892941824cffe6f77b3bfc9dc3d8d202f,640,480,61142,False,61fc7597b699f212e340dec099cd000d0ea183d8798064adbab6072e174a77dc,m0+m1+m2+m3 [no_op_placed_but_not_occluding],,
488,f0488,controlled-occlusion,m3,mask\f0488_m3.png,True,True,,c8a5e0fc4a8875562894665047da7d08fd6887af77cf4ef03a944bcd64d6ff03,78a8df241586c211d8883c398bfa1f4892941824cffe6f77b3bfc9dc3d8d202f,640,480,61142,False,61fc7597b699f212e340dec099cd000d0ea183d8798064adbab6072e174a77dc,m0+m1+m2+m3 [no_op_placed_but_not_occluding],,
488,f0488,controlled-occlusion,m4,mask\f0488_m4.png,True,True,,cf92bc29fdb359f733efd67f1349999ce2b868d549519b39c8e3ea02e4b3c11a,c99514f32652278a747b36ae15c2dafeb4f1c730112547a7b711fccfe55a4130,640,480,44865,False,61fc7597b699f212e340dec099cd000d0ea183d8798064adbab6072e174a77dc,,,
489,f0489,context-rich,m0,mask\f0489_m0.png,True,True,,be4a591302d4999dcd68b64e6f6f1da9b84f6a7d6ab254406ff394cf405c98f6,f083fd34b260a120cd8932a1988f79e02933809546c0ad57abe314649aae0c94,960,540,407564,False,e83c0d64da49d750b399c7158f693d31cb4e1f18c437d597dcd13a6a1a4ae3ba,m0+m1+m2+m3+m4 [expected_no_op],,
489,f0489,context-rich,m1,mask\f0489_m1.png,True,True,,0e220cae53b09d6b80d24277a28336248c87079c1b700496f0f488d622da8388,f083fd34b260a120cd8932a1988f79e02933809546c0ad57abe314649aae0c94,960,540,407564,False,e83c0d64da49d750b399c7158f693d31cb4e1f18c437d597dcd13a6a1a4ae3ba,m0+m1+m2+m3+m4 [expected_no_op],,
489,f0489,context-rich,m2,mask\f0489_m2.png,True,True,,76e5ea4e1b3797df28823f3369ff7d588e5e79a83b3713ae4e47ebb337a0e311,f083fd34b260a120cd8932a1988f79e02933809546c0ad57abe314649aae0c94,960,540,407564,False,e83c0d64da49d750b399c7158f693d31cb4e1f18c437d597dcd13a6a1a4ae3ba,m0+m1+m2+m3+m4 [expected_no_op],,
489,f0489,context-rich,m3,mask\f0489_m3.png,True,True,,440760f8a1b359ed605ddd855be74770cc9f285bf7af997d2bc080233c0d43c4,f083fd34b260a120cd8932a1988f79e02933809546c0ad57abe314649aae0c94,960,540,407564,False,e83c0d64da49d750b399c7158f693d31cb4e1f18c437d597dcd13a6a1a4ae3ba,m0+m1+m2+m3+m4 [expected_no_op],,
489,f0489,context-rich,m4,mask\f0489_m4.png,True,True,,695435add9ebc9b29be05c62cdd64a8899e0866092b72569bae4c4e68682c1d2,f083fd34b260a120cd8932a1988f79e02933809546c0ad57abe314649aae0c94,960,540,407564,False,e83c0d64da49d750b399c7158f693d31cb4e1f18c437d597dcd13a6a1a4ae3ba,m0+m1+m2+m3+m4 [expected_no_op],,
490,f0490,controlled-occlusion,m0,mask\f0490_m0.png,True,True,,28b0a0b3ceff827f882604bb8edebac373f578ae1102813cf7a387e860a3a04d,f838991380fb1db4489f6bffcfbfb45cf996d1f63a50301f556d09e4f504ce15,640,480,35755,False,ea282ad817a85938daa5938499e6ba23a04a9e2a3ea7036b072ffda2d7ca7c06,m0+m1 [expected_no_op],,
490,f0490,controlled-occlusion,m1,mask\f0490_m1.png,True,True,,e3751821078ae2ef3e95474f0a7700e5986bf3d1df9479f169ae35e7170fe7d5,f838991380fb1db4489f6bffcfbfb45cf996d1f63a50301f556d09e4f504ce15,640,480,35755,False,ea282ad817a85938daa5938499e6ba23a04a9e2a3ea7036b072ffda2d7ca7c06,m0+m1 [expected_no_op],,
490,f0490,controlled-occlusion,m2,mask\f0490_m2.png,True,True,,7918242dc13d8fc5d3f6aef81ab36c608eff81c66cf5d49cc8647dc3b37d471e,425b6a2e8605e2a85848cee6ccad904fe1107deabc873190829aec68c05df064,640,480,28325,False,ea282ad817a85938daa5938499e6ba23a04a9e2a3ea7036b072ffda2d7ca7c06,m2+m3 [expected_no_op],,
490,f0490,controlled-occlusion,m3,mask\f0490_m3.png,True,True,,cd52a23e454f756ef6f03707f2f873584a14564f8ca4ce4ea59ef365a4d59f68,425b6a2e8605e2a85848cee6ccad904fe1107deabc873190829aec68c05df064,640,480,28325,False,ea282ad817a85938daa5938499e6ba23a04a9e2a3ea7036b072ffda2d7ca7c06,m2+m3 [expected_no_op],,
490,f0490,controlled-occlusion,m4,mask\f0490_m4.png,True,True,,78861a203153317f3a4a25d3ffcdccf2a178df0038367779318ae9d2fa86bd36,03df83c12c2b152041fba92c6001b0f9a001195b01da2bc53834a07d299300ab,640,480,12115,False,ea282ad817a85938daa5938499e6ba23a04a9e2a3ea7036b072ffda2d7ca7c06,,,
491,f0491,context-rich,m0,mask\f0491_m0.png,True,True,,b1179ac3d5c70195e5b6fb6079ac0c7cd418730982e30e385fdb2acbb2f32a06,58b5d7e50034a251118080f455938be33db2db50af6eb10801cdc1116d38ead9,720,480,5378,False,176a1ff6b8dc23b938ddea34b5ffb4cf9aab58c44df21bcbb10437df3d027644,m0+m1+m2+m3+m4 [no_op_placed_but_not_occluding],,
491,f0491,context-rich,m1,mask\f0491_m1.png,True,True,,c204d5bd2f8fc84b5494270f8b1982c631514e5c93ee5cba060d60e429d69a65,58b5d7e50034a251118080f455938be33db2db50af6eb10801cdc1116d38ead9,720,480,5378,False,176a1ff6b8dc23b938ddea34b5ffb4cf9aab58c44df21bcbb10437df3d027644,m0+m1+m2+m3+m4 [no_op_placed_but_not_occluding],,
491,f0491,context-rich,m2,mask\f0491_m2.png,True,True,,3993aadc11183f8240ee5f359e54c4d6f9535698b7380ee4eee05bfdecf78262,58b5d7e50034a251118080f455938be33db2db50af6eb10801cdc1116d38ead9,720,480,5378,False,176a1ff6b8dc23b938ddea34b5ffb4cf9aab58c44df21bcbb10437df3d027644,m0+m1+m2+m3+m4 [no_op_placed_but_not_occluding],,
491,f0491,context-rich,m3,mask\f0491_m3.png,True,True,,68af8d3936d352796417959a816165f902a2e008c3b0fce31073377c2b48e698,58b5d7e50034a251118080f455938be33db2db50af6eb10801cdc1116d38ead9,720,480,5378,False,176a1ff6b8dc23b938ddea34b5ffb4cf9aab58c44df21bcbb10437df3d027644,m0+m1+m2+m3+m4 [no_op_placed_but_not_occluding],,
491,f0491,context-rich,m4,mask\f0491_m4.png,True,True,,893a62a0c495a0fab65fe465d56e490d65409a440a5f7adad5d222fadede0b26,58b5d7e50034a251118080f455938be33db2db50af6eb10801cdc1116d38ead9,720,480,5378,False,176a1ff6b8dc23b938ddea34b5ffb4cf9aab58c44df21bcbb10437df3d027644,m0+m1+m2+m3+m4 [no_op_placed_but_not_occluding],,
492,f0492,controlled-occlusion,m0,mask\f0492_m0.png,False,False,missing,,,,,,,,,,
492,f0492,controlled-occlusion,m1,mask\f0492_m1.png,False,False,missing,,,,,,,,,,
492,f0492,controlled-occlusion,m2,mask\f0492_m2.png,False,False,missing,,,,,,,,,,
492,f0492,controlled-occlusion,m3,mask\f0492_m3.png,False,False,missing,,,,,,,,,,
492,f0492,controlled-occlusion,m4,mask\f0492_m4.png,False,False,missing,,,,,,,,,,
493,f0493,context-rich,m0,mask\f0493_m0.png,True,True,,70e305f01adfd3edbcd97c5d01dd02043f53d18e18190a9ae3efdabfe327b41c,8e9039af8c6d6fbe22560203f1ce38afe9c6262ff2f4842f3f81059e1f992031,960,540,2853,False,9828ec71cf42d71425bdf7777ceb966063a08b2df2b940a40b183133daa040a2,m0+m1 [expected_no_op],,
493,f0493,context-rich,m1,mask\f0493_m1.png,True,True,,ea8f530480a72b44879d3b04e9b7c6311ca13d6b7493843b24969fd801314006,8e9039af8c6d6fbe22560203f1ce38afe9c6262ff2f4842f3f81059e1f992031,960,540,2853,False,9828ec71cf42d71425bdf7777ceb966063a08b2df2b940a40b183133daa040a2,m0+m1 [expected_no_op],,
493,f0493,context-rich,m2,mask\f0493_m2.png,True,True,,7801d0e95d719587e01143ad34a13c7dcd81e0d6829865060bf9200de38d5f11,973b817a18b50661dabb98288dd4414851ac8de771233a1d68b7cd315c49b803,960,540,2429,False,9828ec71cf42d71425bdf7777ceb966063a08b2df2b940a40b183133daa040a2,m2+m3+m4 [no_op_placed_but_not_occluding],,
493,f0493,context-rich,m3,mask\f0493_m3.png,True,True,,52764f9b591403d1801ef8972d5ec5a9b3768f468e8aadc97ebc73127a84f997,973b817a18b50661dabb98288dd4414851ac8de771233a1d68b7cd315c49b803,960,540,2429,False,9828ec71cf42d71425bdf7777ceb966063a08b2df2b940a40b183133daa040a2,m2+m3+m4 [no_op_placed_but_not_occluding],,
493,f0493,context-rich,m4,mask\f0493_m4.png,True,True,,32547aac9dabc287da4d2c23f8de2db0a753c346f1847d18781e75e27a5d8916,973b817a18b50661dabb98288dd4414851ac8de771233a1d68b7cd315c49b803,960,540,2429,False,9828ec71cf42d71425bdf7777ceb966063a08b2df2b940a40b183133daa040a2,m2+m3+m4 [no_op_placed_but_not_occluding],,
494,f0494,context-rich,m0,mask\f0494_m0.png,True,True,,ab193bc8f443a8c36685c2dc588c6fc6b1026212e8ac7ec3aa0a61cd403b8f18,9f384a945700e2cf8d12cc5e8cb48e5cf1d6098f532719075647f71683920b08,560,560,71580,False,bb967cbc3caee49b6c6488eeef33a759ea0f96c0f1d8cb3f2a550b405a1d6816,m0+m1+m2 [expected_no_op],,
494,f0494,context-rich,m1,mask\f0494_m1.png,True,True,,b03a014abfe5bdacee8d7d75e14db714154513ef24a8dff5c3bda9bcc16d64fa,9f384a945700e2cf8d12cc5e8cb48e5cf1d6098f532719075647f71683920b08,560,560,71580,False,bb967cbc3caee49b6c6488eeef33a759ea0f96c0f1d8cb3f2a550b405a1d6816,m0+m1+m2 [expected_no_op],,
494,f0494,context-rich,m2,mask\f0494_m2.png,True,True,,3fa4145fd33ea7fa22d9425ab4ed9242ac82baee1bff9b4fb7ebcdec606211d0,9f384a945700e2cf8d12cc5e8cb48e5cf1d6098f532719075647f71683920b08,560,560,71580,False,bb967cbc3caee49b6c6488eeef33a759ea0f96c0f1d8cb3f2a550b405a1d6816,m0+m1+m2 [expected_no_op],,
494,f0494,context-rich,m3,mask\f0494_m3.png,True,True,,7d5836f004dfa4c210ff4f43db16243896ffdedb1f7e1ad5edce33d247327e3f,1aadf84c5ab4416a061e6ee8b1b19362bd95fa6faf14c3739a6517d335c3f064,560,560,64832,False,bb967cbc3caee49b6c6488eeef33a759ea0f96c0f1d8cb3f2a550b405a1d6816,m3+m4 [expected_no_op],,
494,f0494,context-rich,m4,mask\f0494_m4.png,True,True,,d47fa303c7518262df96ea38c0dba822fab973ee2ff3efd61e7cc952cc8c9d1e,1aadf84c5ab4416a061e6ee8b1b19362bd95fa6faf14c3739a6517d335c3f064,560,560,64832,False,bb967cbc3caee49b6c6488eeef33a759ea0f96c0f1d8cb3f2a550b405a1d6816,m3+m4 [expected_no_op],,
495,f0495,controlled-occlusion,m0,mask\f0495_m0.png,True,True,,2f08399bbd20f07c1d391c209b108716791fcfb2de0b1e54cccaa5a389699941,bf65d4e0f3145fa8f72eeedacc18d23b3cad755027535f9a54a1c70f27feac48,640,480,2947,False,8add7834543026a8ddc3f8eefd72f46e44895951e5276583dc4d4d35e8c90b7d,m0+m1 [expected_no_op],,
495,f0495,controlled-occlusion,m1,mask\f0495_m1.png,True,True,,67759e8890762d71a223e7261c3f53b88c5a0fe3a0c154ade165fc7b7449f9b8,bf65d4e0f3145fa8f72eeedacc18d23b3cad755027535f9a54a1c70f27feac48,640,480,2947,False,8add7834543026a8ddc3f8eefd72f46e44895951e5276583dc4d4d35e8c90b7d,m0+m1 [expected_no_op],,
495,f0495,controlled-occlusion,m2,mask\f0495_m2.png,True,True,,0bcff78d7741caff6d0b29144d9cdd2c479c64a8ab456d3b2072c5acf7269b85,8a39deb04a51456bbb06db6493907a203c9ee36695adff695231cc0802182f23,640,480,2418,False,8add7834543026a8ddc3f8eefd72f46e44895951e5276583dc4d4d35e8c90b7d,m2+m3 [no_op_placed_but_not_occluding],,
495,f0495,controlled-occlusion,m3,mask\f0495_m3.png,True,True,,4cd65c9f457b3e61afbd3f646fa4a9dd5783e92ad9ed7f3b24aaeb56ab641889,8a39deb04a51456bbb06db6493907a203c9ee36695adff695231cc0802182f23,640,480,2418,False,8add7834543026a8ddc3f8eefd72f46e44895951e5276583dc4d4d35e8c90b7d,m2+m3 [no_op_placed_but_not_occluding],,
495,f0495,controlled-occlusion,m4,mask\f0495_m4.png,True,True,,d437a5a2c5f41ed3de339e2a3f0fd92e633d72f5c9823472b01e847fcf00cb8e,ea4c596fa4bf40032c5d97803a2f3198b520c6502316ae8a49913b1fd44b612c,640,480,1683,False,8add7834543026a8ddc3f8eefd72f46e44895951e5276583dc4d4d35e8c90b7d,,,
496,f0496,context-rich,m0,mask\f0496_m0.png,True,True,,5f6ac6b574f9a89fed08fcc5ff1261031a4e62cd34412fa556cb8d5caf5dcbcc,2ffa79be13ebfacbf584ac3c00ab8646f34defa75c3c00fd4399c46449ac64f5,720,480,61099,False,2721cad2ff38b393e6b0252e6aad39653f31e8a6edfbafdd36b9e386f8d29a76,m0+m1+m2+m3+m4 [no_op_placed_but_not_occluding],,
496,f0496,context-rich,m1,mask\f0496_m1.png,True,True,,7cdd80e4500ec6ab803ef40fdc035bbc45afc7307af2760180e1e9f3ebd583d3,2ffa79be13ebfacbf584ac3c00ab8646f34defa75c3c00fd4399c46449ac64f5,720,480,61099,False,2721cad2ff38b393e6b0252e6aad39653f31e8a6edfbafdd36b9e386f8d29a76,m0+m1+m2+m3+m4 [no_op_placed_but_not_occluding],,
496,f0496,context-rich,m2,mask\f0496_m2.png,True,True,,6e697504d28ec73bc2ef3ad342d5edc905cef9e81ffa0aa156d85c0b6fd974ca,2ffa79be13ebfacbf584ac3c00ab8646f34defa75c3c00fd4399c46449ac64f5,720,480,61099,False,2721cad2ff38b393e6b0252e6aad39653f31e8a6edfbafdd36b9e386f8d29a76,m0+m1+m2+m3+m4 [no_op_placed_but_not_occluding],,
496,f0496,context-rich,m3,mask\f0496_m3.png,True,True,,2cea6ba2a944eafcdf123a648cf29b6f898d55b0d42b8248d7045a06c840058f,2ffa79be13ebfacbf584ac3c00ab8646f34defa75c3c00fd4399c46449ac64f5,720,480,61099,False,2721cad2ff38b393e6b0252e6aad39653f31e8a6edfbafdd36b9e386f8d29a76,m0+m1+m2+m3+m4 [no_op_placed_but_not_occluding],,
496,f0496,context-rich,m4,mask\f0496_m4.png,True,True,,ef3ab693ac5e18552599ffc8d6299e6ae5df6b01da3c2b44f2f2b83fda025e4c,2ffa79be13ebfacbf584ac3c00ab8646f34defa75c3c00fd4399c46449ac64f5,720,480,61099,False,2721cad2ff38b393e6b0252e6aad39653f31e8a6edfbafdd36b9e386f8d29a76,m0+m1+m2+m3+m4 [no_op_placed_but_not_occluding],,
497,f0497,context-rich,m0,mask\f0497_m0.png,True,True,,be0e9052e4d0c88b3d9ddda4d10ca6cc0ac51f12dcb7771d79249e5474e8e479,f6708016654c3e1dbf163c135cbcc4ed233f583fd52fca584396bbe51f0d6f8b,960,540,200605,False,d9efa19e460870455f8e91b428711fd270a0f4ab83426418980abdbb5df8f6fc,m0+m1 [expected_no_op],,
497,f0497,context-rich,m1,mask\f0497_m1.png,True,True,,01f59e6ba4adc663c72ca12f8d0fc8409979d4f6162b2f9ce4f55903bfcb62c2,f6708016654c3e1dbf163c135cbcc4ed233f583fd52fca584396bbe51f0d6f8b,960,540,200605,False,d9efa19e460870455f8e91b428711fd270a0f4ab83426418980abdbb5df8f6fc,m0+m1 [expected_no_op],,
497,f0497,context-rich,m2,mask\f0497_m2.png,True,True,,5fad2cba86333bf56828b9c58c705692998cde2a6145ec210198e6ca8a61a030,1cd6609077ced41f407bad31a60091f2edbfdfdb9191474a8c6ea7a61f09f8cb,960,540,167307,False,d9efa19e460870455f8e91b428711fd270a0f4ab83426418980abdbb5df8f6fc,m2+m3+m4 [no_op_placed_but_not_occluding],,
497,f0497,context-rich,m3,mask\f0497_m3.png,True,True,,0c2a6ec10722b0dfd7f0f85b7e74f2aac3736171bf52bc4e2043d5d8fc17556c,1cd6609077ced41f407bad31a60091f2edbfdfdb9191474a8c6ea7a61f09f8cb,960,540,167307,False,d9efa19e460870455f8e91b428711fd270a0f4ab83426418980abdbb5df8f6fc,m2+m3+m4 [no_op_placed_but_not_occluding],,
497,f0497,context-rich,m4,mask\f0497_m4.png,True,True,,42acf0bd159b11d62084e6e800ec972bb12b98a2251a4cea8978ccec438b8492,1cd6609077ced41f407bad31a60091f2edbfdfdb9191474a8c6ea7a61f09f8cb,960,540,167307,False,d9efa19e460870455f8e91b428711fd270a0f4ab83426418980abdbb5df8f6fc,m2+m3+m4 [no_op_placed_but_not_occluding],,
498,f0498,controlled-occlusion,m0,mask\f0498_m0.png,False,False,missing,,,,,,,,,,
498,f0498,controlled-occlusion,m1,mask\f0498_m1.png,False,False,missing,,,,,,,,,,
498,f0498,controlled-occlusion,m2,mask\f0498_m2.png,False,False,missing,,,,,,,,,,
498,f0498,controlled-occlusion,m3,mask\f0498_m3.png,False,False,missing,,,,,,,,,,
498,f0498,controlled-occlusion,m4,mask\f0498_m4.png,False,False,missing,,,,,,,,,,
499,f0499,context-rich,m0,mask\f0499_m0.png,True,True,,af1432c3d9afcc9d0556b9fd80e02b5b1c13589d0e0445032aa069f05584f9df,643bda130ed14ee1b72f9fd1e49fb05096004f884f889e8b8215076301e87825,640,480,679,False,502e9af23259e1f04b9c0b461aa45c020a7ba4258a85258a484168b5b9575c0d,m0+m1+m2+m3+m4 [no_op_placed_but_not_occluding],,
499,f0499,context-rich,m1,mask\f0499_m1.png,True,True,,72039c6eb0f735101dacdb1bdcd37381dc1fa1054e6cc44c7139859569a13f27,643bda130ed14ee1b72f9fd1e49fb05096004f884f889e8b8215076301e87825,640,480,679,False,502e9af23259e1f04b9c0b461aa45c020a7ba4258a85258a484168b5b9575c0d,m0+m1+m2+m3+m4 [no_op_placed_but_not_occluding],,
499,f0499,context-rich,m2,mask\f0499_m2.png,True,True,,7333504cc5a4e1d4026091c6620e6c07ee4ae32955cabf4d00e5d4bb5bcbf491,643bda130ed14ee1b72f9fd1e49fb05096004f884f889e8b8215076301e87825,640,480,679,False,502e9af23259e1f04b9c0b461aa45c020a7ba4258a85258a484168b5b9575c0d,m0+m1+m2+m3+m4 [no_op_placed_but_not_occluding],,
499,f0499,context-rich,m3,mask\f0499_m3.png,True,True,,62099d204333f7553503a96bbd948deb81b0bb2a3e3918f9889e7c6ef3aa4a8d,643bda130ed14ee1b72f9fd1e49fb05096004f884f889e8b8215076301e87825,640,480,679,False,502e9af23259e1f04b9c0b461aa45c020a7ba4258a85258a484168b5b9575c0d,m0+m1+m2+m3+m4 [no_op_placed_but_not_occluding],,
499,f0499,context-rich,m4,mask\f0499_m4.png,True,True,,1f7f3d9a73c5b8717c2db74b4c258118f9ae89bfafe299a396fc3693d4719064,643bda130ed14ee1b72f9fd1e49fb05096004f884f889e8b8215076301e87825,640,480,679,False,502e9af23259e1f04b9c0b461aa45c020a7ba4258a85258a484168b5b9575c0d,m0+m1+m2+m3+m4 [no_op_placed_but_not_occluding],,
