idx,frame_id,label_present,geometry_ok,rendered,pallet_type,diagnostic_mode,noise_tier,image_w,image_h,fx,fy,cx,cy,label_reproj_consistency_px,camera_distance_measured_m,camera_distance_used_m,camera_distance_source,camera_distance_limit_m,elevation_deg_actual,projected_size_actual,object_depth_z_m,mask_m0_area,mask_m0_bbox_w_px,mask_m0_bbox_h_px,mask_m0_min_side_px,bbox_all_w_px,bbox_all_h_px,bbox_all_min_side_px,bbox_all_diag_px,bbox_vis_w_px,bbox_vis_h_px,bbox_vis_min_side_px,bbox_vis_diag_px,bbox_vis_area_px2,visible_kp_min_pair_dist_px,visible_kp_hull_area_px2,inframe_corner_count,visible_corner_count,visible_kp_count,V_vis_label,visible_corner_count_matches_label,pnp_exact_success,pnp_exact_inliers,pnp_exact_reproj_mean_px,pnp_exact_reproj_max_px,pnp_exact_trans_err_cm,pnp_exact_rot_err_deg,canonical3d_exact_reproj_mean_px,mc1px_solve_fail_rate,mc1px_diverged_rate,mc1px_pose_fail_rate,mc1px_trans_cm_q50,mc1px_trans_cm_q90,mc1px_trans_cm_q95,mc1px_rot_deg_q50,mc1px_rot_deg_q90,mc1px_rot_deg_q95,mc1px_reproj_px_q50,mc1px_reproj_px_q90,mc1px_reproj_px_q95,mc2px_solve_fail_rate,mc2px_diverged_rate,mc2px_pose_fail_rate,mc2px_trans_cm_q50,mc2px_trans_cm_q90,mc2px_trans_cm_q95,mc2px_rot_deg_q50,mc2px_rot_deg_q90,mc2px_rot_deg_q95,mc2px_reproj_px_q50,mc2px_reproj_px_q90,mc2px_reproj_px_q95,mc3px_solve_fail_rate,mc3px_diverged_rate,mc3px_pose_fail_rate,mc3px_trans_cm_q50,mc3px_trans_cm_q90,mc3px_trans_cm_q95,mc3px_rot_deg_q50,mc3px_rot_deg_q90,mc3px_rot_deg_q95,mc3px_reproj_px_q50,mc3px_reproj_px_q90,mc3px_reproj_px_q95,physical_valid,physical_violations,physical_unknown,gate_valid,gate_valid_unknown,gate_unknown_fields,G1_pass,G2_pass,G3_pass,G4_pass,G5_pass,pnp_eligible_candidate_2cell,pnp_eligible_candidate_3cell,pnp_eligible_candidate_4cell,tiny_warning,pnp_stress
0,f0000,True,True,True,Pallet_0,clean-static,,640,480,605.9065,605.9065,320,240,5.6843419e-14,1.7193802,1.7193802,label_recomputed,10,3.541,,1.6234832,31029,354,113,113,638.33054,115.56034,115.56034,648.70646,278.93434,115.56034,115.56034,301.92476,32233.747,12.562877,22197.863,6,6,7,6,True,True,7,3.7933453e-05,0.00011108151,7.8355391e-06,2.0913098e-06,3.7055253e-05,0,0,0,0.5819596,1.1751725,1.36144,0.21620633,0.38780885,0.43072201,0.99220806,1.3310363,1.4246947,0,0,0,1.1692839,2.474415,2.9781242,0.43395507,0.79284435,0.96893134,2.1015043,2.8251668,2.9585584,0,0,0.035,1.6109872,4.0216757,4.4675422,0.63351648,1.185157,1.3712334,3.0054609,4.104865,4.4438983,True,,ground_continuity_pass,False,False,,True,True,True,True,False,True,True,True,False,False
1,f0001,True,True,True,Pallet_3,controlled-occlusion,,960,540,615.22141,615.22141,480,270,2.2737368e-13,3.327199,3.327199,label_recomputed,10,22.895,,2.9714669,25775,255,166,166,257.01496,167.47035,167.47035,306.76214,163.31484,134.53672,134.53672,211.59363,21971.842,24.183971,12618.066,8,6,7,6,True,True,7,1.195918e-05,2.6762087e-05,6.2829636e-05,5.1226419e-06,1.5796565e-05,0,0,0.06,1.8115889,4.1555265,5.3199283,0.43658127,0.78622186,0.89381577,0.94622811,1.2867866,1.423684,0,0,0.405,3.844098,8.930596,10.300774,0.98114831,1.5796732,1.7333943,1.8755918,2.535975,2.726043,0,0,0.575,6.3412903,13.958584,16.780492,1.2796573,2.3476783,2.975081,2.8063084,3.9679529,4.2290051,True,,ground_continuity_pass,True,False,,True,True,True,True,True,True,True,True,False,False
2,f0002,True,True,True,Pallet_1,controlled-occlusion,,560,560,685.71855,685.71855,280,280,5.6843419e-14,6.8325905,6.8325905,label_recomputed,10,25.134,,6.4515081,6489,126,86,86,174.61703,86.517072,86.517072,194.87511,20.316734,86.517072,20.316734,88.870544,1757.7443,12.076947,388.49378,6,4,5,4,True,True,5,28.45759,45.801731,10121.448,9.2609847e-05,30.19776,0,0.795,1,236.41168,2.7042294e+12,5.8509949e+24,28.284712,163.76001,166.20433,21.049427,31.291443,32.75702,0,0.855,1,368.49966,3.5176023e+14,1.2739301e+26,100.33685,165.00322,170.02078,19.155886,31.636073,32.769326,0,0.935,1,413.43283,2.0316978e+11,2.52157e+23,112.7681,161.97293,169.64731,20.144944,32.263625,33.210329,True,,ground_continuity_pass,True,False,,True,True,True,True,True,True,False,False,False,True
3,f0003,True,True,True,Pallet_2,clean-static,,640,480,303.54083,303.54083,320,240,2.2737368e-13,1.1530171,1.1530171,label_recomputed,10,11.609,,1.0134848,41972,395,176,176,948.73394,289.79746,289.79746,992.00739,239.43376,88.109613,88.109613,255.131,21096.416,32.053274,11744.085,4,4,5,4,True,True,5,8.5294165e-06,1.1356109e-05,3.0837371e-06,7.0403978e-06,8.9146814e-06,0,0,0.005,0.56229989,0.98427329,1.087147,0.53319655,0.99253981,1.1392721,0.84448049,1.28913,1.3644103,0,0,0,1.0907153,2.0846214,2.2510981,1.1277356,2.0533757,2.2847957,1.6365801,2.5033461,2.6844945,0,0,0.005,1.648422,3.2202654,3.6343723,1.8273905,2.9207504,3.4718685,2.3560685,3.6401809,4.1807837,True,,ground_continuity_pass,True,False,,True,True,True,True,True,True,True,True,False,False
4,f0004,True,True,True,Pallet_3,clean-static,,640,480,601.02581,601.02581,320,240,5.6843419e-14,50.214603,50.214603,label_recomputed,10,4.692,,47.413923,30,12,3,3,12.270211,3.5219003,3.5219003,12.765652,12.270211,3.5219003,3.5219003,12.765652,43.21446,0.96723919,38.552193,8,8,9,8,True,True,9,4.9516911e-06,9.0836382e-06,0.0020801395,3.4722461e-05,4.8293342e-06,0,0.835,1,414.34368,3434.3543,6640.0792,6.008299,41.468312,43.42143,1.2147918,4.3702819,4.7938461,0,0.95,1,816.59488,5856.225,9772.5543,13.37771,96.743456,165.65916,2.4463099,4.8414779,5.0661802,0,0.965,1,1293.0284,6150.2392,8104.3557,28.337934,168.11671,172.23979,3.5943383,5.3102951,5.7866017,False,camera_distance_over_limit,ground_continuity_pass,True,False,,True,True,True,True,True,False,False,False,True,True
5,f0005,True,True,True,Pallet_2,clean-static,,720,480,605.9065,605.9065,360,240,1.1368684e-13,2.7183396,2.7183396,label_recomputed,10,14.423,,2.5598533,24596,360,106,106,363.40796,139.56032,139.56032,389.28451,357.08149,101.99498,101.99498,371.36258,36420.52,47.832358,22978.528,6,6,7,6,True,True,7,9.3420182e-06,1.6900335e-05,1.0485106e-05,1.7075473e-06,1.068056e-05,0,0,0,0.62350369,1.1854899,1.3770759,0.29238891,0.52606642,0.58521383,0.91004396,1.2151568,1.3756572,0,0,0.005,1.2152481,3.1294006,3.5658853,0.61634682,1.0169016,1.0821993,1.8280865,2.5483007,2.7164925,0,0,0.06,1.6443752,4.2533318,5.2807345,0.88929856,1.5927759,1.761287,2.8643903,3.9522545,4.3298046,True,,ground_continuity_pass,True,False,,True,True,True,True,True,True,True,True,False,False
6,f0006,True,True,True,Pallet_0,controlled-occlusion,,640,480,427.25178,427.25178,320,240,1.1368684e-13,4.1186016,4.1186016,label_recomputed,10,35.831,,3.5607856,14277,170,128,128,183.81403,131.21869,131.21869,225.84495,84.648746,78.441644,78.441644,115.40581,6639.9868,12.863825,3100.3602,6,4,5,4,True,True,5,1.3783968e-05,1.9187193e-05,0.0001437898,1.0933637e-05,1.0566594e-05,0,0.21,0.7,9.2894629,318.01489,341.4677,1.8095925,56.520275,63.780421,1.025933,20.068422,30.063946,0,0.225,0.805,15.221438,319.6501,345.93661,3.6156213,56.446559,67.628816,2.1044899,27.945096,30.52692,0,0.25,0.87,20.565246,281.66617,349.80209,5.0038913,51.318839,64.629409,3.1470764,26.240509,29.619024,True,,ground_continuity_pass,True,False,,True,True,True,True,True,True,True,True,False,True
7,f0007,True,True,True,Pallet_1,clean-static,,960,540,457.19189,457.19189,480,270,2.2737368e-13,0.88928526,0.88928526,label_recomputed,10,41.005,,0.88928526,250550,836,441,441,1032.3671,781.51156,781.51156,1294.8136,352.77165,171.16229,171.16229,392.10249,60381.203,42.907225,34435.012,4,4,5,4,True,True,5,1.5355043e-05,2.3488068e-05,6.8203321e-06,2.9575587e-06,1.5362979e-05,0,0,0.03,0.47197965,1.0447818,1.3989847,0.34720283,0.72233239,0.92383078,0.84621108,1.4299902,1.6358357,0,0,0.01,1.0195984,2.175167,2.7704223,0.71915877,1.3387008,1.5936601,1.7235057,2.6057611,2.9341914,0,0,0.015,1.4272055,3.109887,3.7550621,1.0808562,1.8118126,2.0959535,2.4472102,3.8651936,4.2127234,True,,ground_continuity_pass,True,False,,True,True,True,True,True,True,True,True,False,False
8,f0008,True,True,True,Pallet_3,clean-static,,640,480,332.12408,332.12408,320,240,1.1368684e-13,0.89967273,0.89967273,label_recomputed,10,20.376,,0.84949419,99256,381,299,299,936.85587,602.9828,602.9828,1114.1307,191.44166,73.760461,73.760461,205.15973,14120.825,33.203431,10246.658,4,4,5,4,True,True,5,7.1838687e-06,1.0483476e-05,6.7156111e-06,3.1945285e-06,7.2829863e-06,0,0,0.005,0.76366277,1.3022601,1.6725393,0.46585131,0.80080639,0.91417176,0.86267682,1.4073388,1.5764478,0,0,0.03,1.5334025,3.2269992,3.9884129,0.90560149,1.5132733,1.6928828,1.772286,2.7051985,3.1833604,0,0,0.04,2.2476141,4.1541674,4.5540627,1.4840245,2.4363548,2.7331636,2.7883935,3.9739146,4.6506405,True,,ground_continuity_pass,True,False,,True,True,True,True,True,True,True,True,False,False
9,f0009,True,True,True,Pallet_0,clean-static,,720,480,605.9065,605.9065,360,240,5.6843419e-14,9.9024802,9.9024802,label_recomputed,10,2.017,,8.8437421,1217,98,14,14,100.47885,13.874762,13.874762,101.43229,100.47885,13.874762,13.874762,101.43229,1394.1202,9.471889,1251.2128,8,8,9,8,True,True,9,2.1037172e-06,3.7108737e-06,2.4666006e-05,2.4148365e-06,1.9400043e-06,0,0,0.68,8.0278657,20.822704,24.402134,0.83717137,1.390108,1.6103968,1.0766309,1.3485996,1.4673162,0,0.005,0.84,16.883472,37.584005,45.751604,1.7918383,2.8606714,3.2433761,2.1041309,2.8003692,2.9793719,0,0.06,0.92,24.156223,61.870924,88.375738,2.7836571,5.3150006,6.7277186,3.2485942,4.2916151,5.3939192,True,,ground_continuity_pass,True,False,,True,True,True,True,True,False,False,False,True,True
10,f0010,True,True,True,Pallet_2,controlled-occlusion,,960,540,342.85039,342.85039,480,270,5.6843419e-14,5.4669661,5.4669661,label_recomputed,10,35.622,,5.4669661,3342,90,56,56,89.530556,56.907005,56.907005,106.08547,89.530556,47.11254,47.11254,101.16972,4218.0119,8.939808,3141.2583,8,7,8,7,True,True,8,1.3243921e-05,3.6315647e-05,0.00013638984,6.5021464e-06,1.0740604e-05,0,0,0.43,4.2174134,9.2349533,10.496645,1.1729698,2.128063,2.3500105,0.97694205,1.3292323,1.3741391,0,0,0.72,9.5829183,20.653865,23.987097,2.3715165,4.4478779,5.1146687,1.9805139,2.6948487,2.8760943,0,0,0.835,12.712538,33.07749,38.631465,3.956439,6.5997824,7.6213088,2.9089932,3.8919013,4.215702,True,,ground_continuity_pass,True,False,,True,True,True,True,True,True,True,True,False,True
11,f0011,True,True,True,Pallet_1,clean-static,,640,480,669.48562,669.48562,320,240,5.6843419e-14,9.6994416,9.6994416,label_recomputed,10,15.587,,9.405685,2454,109,39,39,110.6491,39.612349,39.612349,117.52601,110.6491,39.612349,39.612349,117.52601,4383.0709,9.1019551,2730.2059,8,8,9,8,True,True,9,2.9002433e-06,6.3638837e-06,1.601085e-05,4.1826196e-06,3.1656339e-06,0,0,0.57,6.3568691,13.242918,17.204357,0.84119004,1.3917849,1.5332445,1.0268463,1.2828338,1.3635058,0,0,0.815,12.361877,26.852614,32.156811,1.6679369,2.7232253,3.1951193,2.055813,2.6093392,2.8938805,0,0.01,0.87,18.786148,48.934516,56.921561,2.8850176,4.6413226,5.5207973,3.009385,4.28473,4.7146613,True,,ground_continuity_pass,True,False,,True,True,True,True,True,True,True,True,False,True
12,f0012,True,True,True,Pallet_0,clean-static,,960,540,605.9065,605.9065,480,270,2.8421709e-14,0.78010556,0.78010556,label_recomputed,10,55.762,,0.77209719,394165,960,540,540,1700.6029,1440.2593,1440.2593,2228.5415,550.38262,264.58422,264.58422,610.67654,145622.56,84.06264,78142.65,3,3,4,3,True,True,4,0.00016782578,0.00063103108,8.9257228e-05,7.8621382e-05,0.00015915324,0,0,0.55,5.8184279,29.401029,33.585529,5.1622465,22.879097,26.123148,9.5115402,65.438265,77.164506,0,0.005,0.735,10.195821,43.865696,48.077308,9.2994026,33.729238,36.858283,16.202742,111.46748,127.67308,0,0.035,0.885,13.700234,51.492738,57.055517,12.160024,39.265198,43.183978,23.019945,142.71553,172.63526,True,,ground_continuity_pass,False,False,,False,True,True,True,True,True,True,True,False,True
13,f0013,True,True,True,Pallet_3,clean-static,,640,480,605.9065,605.9065,320,240,5.6843419e-14,1.891833,1.891833,label_recomputed,10,21.987,,1.8050006,55537,410,205,205,553.32711,227.04217,227.04217,598.09618,258.92464,132.9113,132.9113,291.04532,34414.01,39.077043,17247.182,4,4,5,4,True,True,5,8.0464234e-06,1.0505933e-05,9.1554773e-06,1.2074183e-06,6.6716693e-06,0,0,0.005,0.82673693,1.829628,2.0516318,0.45295383,0.74428472,0.8588869,0.76376589,1.2469642,1.3819681,0,0,0.01,1.6411794,3.5670045,3.9803139,0.9736343,1.5370245,1.6717733,1.5983064,2.3339063,2.6488186,0,0.01,0.105,2.2758546,5.0057289,6.4367254,1.3356975,2.27544,2.4923197,2.3299028,3.8271054,4.145142,True,,ground_continuity_pass,True,False,,True,True,True,True,True,True,True,True,False,False
15,f0015,True,True,True,Pallet_1,clean-static,,640,480,532.60096,532.60096,320,240,2.8421709e-14,12.222199,12.222199,label_recomputed,10,26.09,,11.924639,1345,68,36,36,69.355018,35.947337,35.947337,78.117409,69.355018,35.947337,35.947337,78.117409,2493.1282,5.4397374,1452.0278,8,8,9,8,True,True,9,8.185878e-06,1.6087796e-05,0.00018575824,2.2132342e-05,8.4624329e-06,0,0,0.76,12.339954,29.800004,34.05689,1.4864956,2.6489518,2.921342,1.0281721,1.3118452,1.3920584,0,0.005,0.875,24.245464,60.746518,73.254679,3.0568655,6.5196276,22.650535,2.1339577,2.9765124,7.5100187,0,0.09,0.98,44.440177,92.946817,103.82276,5.0517527,23.628025,26.799549,3.1328421,7.3553308,8.2301935,False,camera_distance_over_limit,ground_continuity_pass,True,False,,True,True,True,True,True,True,True,True,False,True
16,f0016,True,True,True,Pallet_1,clean-static,,720,480,356.00111,356.00111,360,240,2.8421709e-14,1.3345206,1.3345206,label_recomputed,10,73.403,,1.3043204,78151,399,298,298,402.12756,298.51685,298.51685,500.81821,402.12756,298.51685,298.51685,500.81821,120041.85,15.77786,99390.956,8,8,9,8,True,True,9,1.0182475e-05,2.4371611e-05,5.6582889e-06,5.1226419e-06,1.2921478e-05,0,0,0,0.51262239,1.0488415,1.1882919,0.71065411,1.3565728,1.5683198,1.3986417,2.0813084,2.2611023,0,0,0.01,0.98759167,1.7689425,2.0472298,1.3503675,2.4603253,3.011689,2.6360033,3.9902394,4.9936935,0,0,0.115,1.8826834,3.5568038,4.2386317,2.354263,5.2435646,7.2135957,4.3470744,7.7237848,9.7826088,True,,ground_continuity_pass,True,False,,True,True,True,True,True,True,True,True,False,False
17,f0017,True,True,True,Pallet_3,clean-static,,640,480,649.5363,649.5363,320,240,1.1368684e-13,8.5936069,8.5936069,label_recomputed,10,14.739,,8.1143052,2966,114,40,40,113.87015,39.62272,39.62272,120.56687,113.87015,39.62272,39.62272,120.56687,4511.8449,5.7555113,3201.8327,8,8,9,8,True,True,9,8.4511676e-06,1.4225806e-05,0.000137592,3.8181918e-06,8.443477e-06,0,0,0.445,4.3661148,10.435646,12.341017,0.84878397,1.4847561,1.6522552,1.0152773,1.298214,1.3784904,0,0,0.725,9.5486149,22.96584,27.544221,1.7265166,2.9523041,3.1870986,2.0574006,2.6693467,2.8620436,0,0,0.85,13.385251,33.645435,38.263139,2.8570496,4.4793196,5.3855671,3.0510008,3.9122129,4.1223713,True,,ground_continuity_pass,True,False,,True,True,True,True,True,True,True,True,False,True
18,f0018,True,True,True,Pallet_0,controlled-occlusion,,640,480,605.9065,605.9065,320,240,2.8421709e-14,1.5543882,1.5543882,label_recomputed,10,14.997,,1.5532341,96436,544,249,249,556.87568,255.52655,255.52655,612.70249,284.92151,255.52655,255.52655,382.71933,72805.011,39.231346,39283.901,7,6,7,6,True,True,7,8.3776057e-06,1.7107528e-05,8.3038235e-06,2.4148365e-06,9.2152041e-06,0,0,0,0.52889348,1.2237839,1.4983786,0.21110182,0.40073525,0.44085638,1.0472828,1.4214886,1.502255,0,0,0.005,1.0800591,2.6779331,3.1783372,0.45988006,0.76665425,0.8609914,1.9410238,2.8001599,2.9273412,0,0,0.055,1.9665797,4.1962065,5.0210629,0.72798695,1.1896616,1.4136663,2.9584343,4.2058471,4.732243,True,,ground_continuity_pass,False,False,,True,True,True,True,False,True,True,True,False,False
20,f0020,True,True,True,Pallet_2,clean-static,,640,480,605.9065,605.9065,320,240,1.1368684e-13,3.0499505,3.0499505,label_recomputed,10,51.035,,2.9514067,43776,309,234,234,319.1133,237.78781,237.78781,397.96525,301.59085,237.78781,237.78781,384.05739,71714.627,19.135452,45847.966,7,7,8,7,True,True,8,2.0086719e-05,9.0724169e-05,2.3237012e-05,8.0091067e-06,2.0086719e-05,0,0,0,0.7719936,1.8036081,2.177381,0.52758382,0.94309048,1.0944164,1.0229548,1.3134463,1.3628651,0,0,0.035,1.6394013,3.5503762,4.1268368,1.1296485,1.8255004,1.976613,2.0677779,2.7627158,2.9354615,0,0,0.145,2.3989532,5.8525305,6.7335696,1.6485558,2.9585073,3.4407337,2.9870559,4.0573978,4.33515,True,,ground_continuity_pass,True,False,,True,True,True,True,True,True,True,True,False,False
21,f0021,True,True,True,Pallet_3,clean-static,,560,560,441.12686,441.12686,280,280,5.6843419e-14,25.990577,25.990577,label_recomputed,10,73.268,,25.990577,273,24,26,24,24.240106,25.529444,24.240106,35.204194,24.240106,25.529444,24.240106,35.204194,618.83644,0.67979138,314.41464,8,8,9,8,True,True,9,7.1291001e-06,1.3058174e-05,0.00088924879,0.00015367926,7.1297084e-06,0,0.42,0.995,86.377652,211.34396,261.79853,13.966946,32.496889,40.438976,1.0628262,1.2793519,1.3349525,0,0.75,1,163.12157,361.19884,424.62279,26.964553,51.025678,54.797241,2.0436079,2.6192893,2.8903114,0,0.89,1,307.60653,549.71946,640.27039,34.226429,56.702468,62.361662,2.9764979,4.0069963,4.3902786,False,camera_distance_over_limit,ground_continuity_pass,True,False,,True,True,True,True,True,True,True,False,False,True
22,f0022,True,True,True,Pallet_0,clean-static,,640,480,412.78935,412.78935,320,240,5.6843419e-14,1.0635586,1.0635586,label_recomputed,10,2.713,,1.0029157,74202,558,197,197,903.98889,264.74782,264.74782,941.9593,363.19023,80.680902,80.680902,372.04375,29302.515,35.504122,18024.914,4,4,5,4,True,True,5,1.1824451e-05,2.4290959e-05,2.1865212e-05,1.2547859e-05,1.1853945e-05,0,0,0,0.37047906,0.60659837,0.69504112,0.41840108,0.73368342,0.84721706,0.82474144,1.2569887,1.4590472,0,0.005,0.005,0.75833434,1.362954,1.5186759,0.81147432,1.338908,1.5522512,1.6351165,2.5707991,2.8939359,0,0,0.005,1.1316275,2.1456119,2.3476036,1.309015,2.2976033,2.5935474,2.5624098,3.7656993,4.3505909,True,,ground_continuity_pass,True,False,,True,True,True,True,True,True,True,True,False,False
23,f0023,True,True,True,Pallet_1,clean-static,,960,540,650.57728,650.57728,480,270,2.2737368e-13,3.9048237,3.9048237,label_recomputed,10,17.975,,3.6213041,9646,257,55,55,260.6846,121.42287,121.42287,287.57603,260.28489,52.906237,52.906237,265.60741,13770.694,20.6832,7986.7991,5,5,6,5,True,True,6,1.1822417e-05,2.8644829e-05,1.2764788e-05,1.2074183e-05,1.1822418e-05,0,0,0.03,1.5675535,4.0260465,4.4222525,0.5930668,1.0254886,1.1291295,0.91091867,1.2194943,1.3551947,0,0,0.28,3.1287022,7.8813978,9.2484056,1.1394358,1.940667,2.2557136,1.8040461,2.5736226,2.7982765,0,0,0.515,5.0867463,12.119418,16.062793,1.805424,2.9066976,3.1655898,2.7340689,3.8682476,4.3077522,True,,ground_continuity_pass,True,False,,True,True,True,True,True,True,True,True,False,False
24,f0024,True,True,True,Pallet_3,clean-static,,640,480,648.34515,648.34515,320,240,5.6843419e-14,2.0940486,2.0940486,label_recomputed,10,33.681,,2.052584,70192,385,328,328,389.14547,330.81883,330.81883,510.75953,389.14547,330.81883,330.81883,510.75953,128736.65,35.035768,82406.825,8,8,9,8,True,True,9,1.907064e-05,9.6443334e-05,2.9893057e-06,3.1945285e-06,6.139501e-05,0,0,0,0.35939704,0.87283825,1.0410133,0.22244426,0.39355625,0.46202371,1.0860772,1.4221342,1.4975949,0,0,0,0.69466483,1.5379772,1.754062,0.45478813,0.82193432,0.9967783,2.1773174,2.7896187,2.9633805,0,0,0,1.2897579,2.6000595,2.9729902,0.76134518,1.4340563,1.6226543,3.2910079,4.3157297,4.7517583,True,,ground_continuity_pass,True,False,,True,True,True,True,True,True,True,True,False,False
25,f0025,True,True,True,Pallet_1,controlled-occlusion,,960,540,605.9065,605.9065,480,270,2.8421709e-14,1.7090713,1.7090713,label_recomputed,10,10.499,,1.5877009,57221,599,162,162,605.33358,197.13156,197.13156,636.62359,329.39604,156.58777,156.58777,364.7211,51579.393,48.051723,22517.547,6,4,5,4,True,True,5,2.4916245e-05,6.4378199e-05,5.967485e-06,1.7075473e-06,114.52504,0,0,0.065,0.91404958,2.8938487,6.0586186,0.26190269,0.54155529,0.70196135,0.97157204,2.3990336,4.2733289,0,0,0.08,1.4586637,4.1046419,6.1810707,0.546895,0.9766801,1.0948876,1.8206698,3.2802935,4.5724955,0,0,0.13,2.1273243,6.2121384,8.3839746,0.71171477,1.3871453,1.540377,2.6196781,4.5220111,6.2029887,True,,ground_continuity_pass,True,False,,True,True,True,True,True,True,True,True,False,False
26,f0026,True,True,True,Pallet_2,clean-static,,720,480,560.32881,560.32881,360,240,5.6843419e-14,3.8889023,3.8889023,label_recomputed,10,33.088,,3.5382225,20032,235,171,171,245.83586,173.51628,173.51628,300.90392,233.00435,173.51628,173.51628,290.51494,40430.049,23.34041,21530.26,7,7,8,7,True,True,8,2.3001335e-06,2.5654949e-06,1.5760922e-06,1.2074183e-06,2.7494062e-06,0,0,0.01,1.4253854,3.3328318,3.9064376,0.44358833,0.77708864,0.92425432,0.99459809,1.2835575,1.4350602,0,0,0.185,3.0140429,6.2706111,7.4472014,0.93849627,1.5980231,1.7591455,2.0369037,2.5224955,2.8131953,0,0,0.31,3.2495733,9.2292308,10.56717,1.3474479,2.3341795,2.7546571,3.0465403,3.9312925,4.312359,True,,ground_continuity_pass,True,False,,True,True,True,True,True,True,True,True,False,False
28,f0028,True,True,True,Pallet_3,clean-static,,640,480,505.56256,505.56256,320,240,5.6843419e-14,7.5692021,7.5692021,label_recomputed,10,66.032,,7.4812708,4049,68,89,68,68.426676,89.753468,68.426676,112.86228,68.426676,89.753468,68.426676,112.86228,6141.5315,3.6666082,4841.9037,8,8,9,8,True,True,9,1.0463836e-05,1.3830453e-05,2.2682388e-05,4.7566763e-05,8.857658e-06,0,0,0.68,6.8320491,15.601898,19.016242,2.2828189,4.4752354,4.8568514,1.0674302,1.3711661,1.5052073,0,0.01,0.89,13.404417,29.379567,34.263679,4.9879073,9.5514202,11.746049,2.1598266,2.9484921,3.1828683,0,0.045,0.94,18.499733,41.870757,60.712832,7.2429439,19.298546,31.354837,3.2263292,4.2598321,4.7468524,True,,ground_continuity_pass,True,False,,True,True,True,True,True,True,True,True,False,True
29,f0029,True,True,True,Pallet_2,clean-static,,640,480,498.64311,498.64311,320,240,5.6843419e-14,1.1468797,1.1468797,label_recomputed,10,5.492,,1.0829134,69628,526,162,162,1101.8248,192.03211,192.03211,1118.4338,382.23035,142.05929,142.05929,407.77552,54299.37,54.980459,30205.964,4,4,5,4,True,True,5,1.7114226e-05,2.0007368e-05,6.8723324e-06,4.5177455e-06,1.6523715e-05,0,0,0,0.34446887,0.7256297,0.82625055,0.29332984,0.51905686,0.58339951,0.8503191,1.3558691,1.5104808,0,0,0.005,0.66068009,1.3172435,1.5450289,0.60029167,0.97685545,1.170799,1.6372169,2.617387,2.9080786,0,0,0,1.0089857,1.951723,2.2172606,0.9342542,1.5100381,1.8387544,2.5599426,3.8134638,4.094241,True,,ground_continuity_pass,True,False,,True,True,True,True,True,True,True,True,False,False
30,f0030,True,True,True,Pallet_0,controlled-occlusion,,960,540,605.9065,605.9065,480,270,1.1368684e-13,7.5442254,7.5442254,label_recomputed,10,36.316,,7.0323493,6679,120,71,71,122.25645,81.420883,81.420883,146.88771,105.54213,69.508207,69.508207,126.37457,7336.0444,10.353603,3511.8366,7,5,6,5,True,True,6,1.3496781e-05,2.2732258e-05,0.00016102468,1.4934939e-05,1.2073491e-05,0,0,0.585,6.0391016,12.680296,18.09706,1.1490277,1.9998495,2.3803919,0.86628533,1.2311635,1.355058,0,0.005,0.785,10.812122,30.871984,38.844534,2.3578022,4.1563464,5.0548112,1.7201646,2.4954857,2.7394226,0,0.09,0.905,22.051255,84.603492,206.90581,3.7964886,11.130983,38.318051,2.6895422,6.8645299,12.693368,True,,ground_continuity_pass,True,False,,True,True,True,True,True,True,True,True,False,True
31,f0031,True,True,True,Pallet_1,clean-static,,640,480,426.12738,426.12738,320,240,5.6843419e-14,1.984624,1.984624,label_recomputed,10,2.01,,1.6793808,10167,273,52,52,482.19865,58.703536,58.703536,485.75883,173.38232,44.778523,44.778523,179.07134,7763.8044,26.875721,4176.3204,4,4,5,4,True,True,5,1.6595965e-05,2.983818e-05,0.0001207362,4.3534085e-06,1.7949169e-05,0,0,0.01,1.1228459,2.690393,3.1981929,0.48191854,0.76725249,0.8845447,0.83421071,1.2230076,1.3354009,0,0.005,0.1,2.262298,4.9958587,6.1956877,0.97913477,1.6016318,1.8049397,1.6366713,2.5026851,2.8553236,0,0.005,0.3,3.1337158,7.4955529,9.0563951,1.518846,2.4890907,2.7592767,2.3355438,3.7968571,4.1904427,True,,ground_continuity_pass,False,False,,True,True,True,True,False,True,True,True,False,False
32,f0032,True,True,True,Pallet_3,clean-static,,960,540,607.63636,607.63636,480,270,5.6843419e-14,0.813717,0.813717,label_recomputed,10,9.402,,0.76833258,297377,960,342,342,37528.525,9120.2032,9120.2032,38620.827,91.62451,83.267925,83.267925,123.80872,7629.3828,60.778475,2804.1103,2,2,3,2,True,False,,,,,,,,,,,,,,,,,,,,,,,,,,,,,,,,,,,,,,,,,,,True,,ground_continuity_pass,False,False,,False,True,True,True,True,False,False,False,False,True
33,f0033,True,True,True,Pallet_0,controlled-occlusion,,560,560,605.9065,605.9065,280,280,5.6843419e-14,2.630093,2.630093,label_recomputed,10,6.907,,2.4312601,25034,379,87,87,388.61897,93.175933,93.175933,399.63291,234.64209,81.084277,81.084277,248.25706,19025.784,38.773322,10267.138,7,5,6,5,True,True,6,5.9729642e-06,7.6483783e-06,1.7459474e-05,1.2074183e-06,8.3505797e-06,0,0,0,0.86403905,2.4347045,2.6686033,0.30952338,0.52379537,0.61180145,0.85411715,1.2782088,1.3725236,0,0,0.105,2.0261218,5.1200694,6.3549027,0.60104964,1.0225684,1.1191372,1.7225281,2.4919325,2.7362566,0,0,0.335,3.2983157,7.396241,9.6298151,0.93190635,1.5247745,1.7001029,2.5443571,3.7416986,4.0641885,True,,ground_continuity_pass,True,False,,True,True,True,True,True,True,True,True,False,False
34,f0034,True,True,True,Pallet_2,clean-static,,720,480,504.24808,504.24808,360,240,2.8421709e-14,6.2015912,6.2015912,label_recomputed,10,5.459,,5.3616588,3221,145,31,31,165.85202,31.837924,31.837924,168.88027,83.298466,31.837924,31.837924,89.175602,2652.0503,3.564482,1970.5714,6,6,7,6,True,True,7,5.1257722e-06,8.355867e-06,4.586765e-05,2.9575587e-06,5.1249778e-06,0,0.005,0.525,5.4498938,12.909335,13.703922,0.67151702,1.2486824,1.3975916,0.95729802,1.2624449,1.3645448,0,0.045,0.76,11.466691,26.808853,34.211943,1.667736,2.8316067,3.6058413,1.9526821,2.7614241,3.3262419,0,0.17,0.89,17.499724,49.687043,433.71957,2.6046339,59.993742,60.766,2.9407053,45.592181,51.026606,True,,ground_continuity_pass,True,False,,True,True,True,True,True,True,True,False,False,True
35,f0035,True,True,True,Pallet_1,clean-static,,640,480,463.27309,463.27309,320,240,5.6843419e-14,26.700885,26.700885,label_recomputed,10,22.124,,25.211664,212,30,13,13,30.206306,13.638701,13.638701,33.142648,30.206306,13.638701,13.638701,33.142648,411.97478,2.2648067,228.91574,8,8,9,8,True,True,9,6.676068e-06,1.3791773e-05,0.0016704558,2.9452097e-05,9.2882091e-06,0,0.255,0.96,54.753248,142.26872,178.55361,3.8920885,36.926388,39.323224,1.0829716,5.0603643,5.3141674,0,0.625,0.995,118.36979,352.57544,483.83715,8.5576557,78.279424,130.83231,2.2085007,5.501525,5.8880352,0,0.805,1,197.36772,614.55106,731.32871,16.248636,134.64347,141.60344,3.2400956,5.9146298,6.466377,False,camera_distance_over_limit,ground_continuity_pass,True,False,,True,True,True,True,True,False,False,False,True,True
36,f0036,True,True,True,Pallet_3,clean-static,,640,480,316.75367,316.75367,320,240,5.6843419e-14,0.84368484,0.84368484,label_recomputed,10,10.27,,0.84368484,124785,640,281,281,1302.6637,297.42171,297.42171,1336.1858,184.46747,40.960211,40.960211,188.96028,7555.8265,32.820587,6732.5615,4,4,5,4,True,True,5,1.0023681e-05,1.7368845e-05,2.9674831e-05,1.9913252e-05,1.0153322e-05,0,0,0.085,0.83853006,3.2778669,24.622747,0.50450381,0.88891433,1.0490937,0.89163634,2.2031217,11.33389,0,0,0.235,1.7589435,25.436864,26.666911,0.98685435,2.1509212,2.6692011,1.6920746,11.72201,11.930629,0,0,0.395,3.5539981,26.715815,27.94529,1.7382513,3.8194161,4.3689188,2.9691666,12.448524,12.791327,True,,ground_continuity_pass,True,False,,True,True,True,True,True,True,True,True,False,False
37,f0037,True,True,True,Pallet_1,controlled-occlusion,,960,540,605.9065,605.9065,480,270,1.1368684e-13,1.7598046,1.7598046,label_recomputed,10,19.036,,1.6764607,85464,573,274,274,595.3522,279.08423,279.08423,657.51977,573.74518,238.03493,238.03493,621.16355,136571.39,43.378731,58837.839,7,5,5,5,True,True,5,1.137294e-05,2.1695832e-05,6.6349377e-06,2.9575587e-06,1.2932641e-05,0,0,0,0.34363901,0.68941383,0.82651509,0.24063301,0.38638225,0.43882581,0.84774136,1.349977,1.5015219,0,0,0.005,0.72864976,1.2890855,1.5489868,0.46241086,0.74881414,0.85934918,1.6832376,2.5277138,2.7053131,0,0.02,0.02,1.0994846,2.2361222,2.8094132,0.70433679,1.2461035,1.5282481,2.5045961,4.0527793,4.4235795,True,,ground_continuity_pass,True,False,,True,True,True,True,True,True,True,True,False,False
38,f0038,True,True,True,Pallet_0,controlled-occlusion,,640,480,515.64586,515.64586,320,240,2.5757174e-14,2.1065095,2.1065095,label_recomputed,10,3.479,,1.9384069,21976,374,71,71,383.73675,77.117332,77.117332,391.40896,199.06635,64.297815,64.297815,209.19278,12799.531,44.12919,6415.5905,6,4,5,4,True,True,5,75.240765,118.46445,138.27457,45.66968,1.2002165e-05,0,0.025,0.09,1.4224992,4.0214283,7.5697268,0.37853685,0.7271607,0.88227496,0.81568268,1.4116595,2.6035645,0,0.05,0.285,2.7615967,18.776139,97.31497,0.79393203,1.6863865,3.722857,1.6620143,5.4549262,19.011821,0,0.045,0.39,3.97384,12.175634,61.99931,1.1165945,2.2614052,3.2783479,2.3839328,4.2438779,15.931252,True,,ground_continuity_pass,True,False,,True,True,True,True,True,True,True,True,False,False
39,f0039,True,True,True,Pallet_2,clean-static,,640,480,497.92797,497.92797,320,240,5.6843419e-14,4.3040611,4.3040611,label_recomputed,10,14.59,,4.0640055,7742,171,68,68,171.9239,69.336924,69.336924,185.37917,171.9239,69.336924,69.336924,185.37917,11920.675,13.019896,8695.6461,8,8,9,8,True,True,9,1.2503813e-05,2.0203053e-05,6.6154943e-05,6.1566493e-06,1.3193285e-05,0,0,0.03,1.5421084,3.4646438,4.0365705,0.50273624,0.76751336,0.83411821,1.001511,1.3395035,1.4779368,0,0,0.285,3.2739174,7.5671377,8.5321412,1.0058876,1.5646979,1.6697432,2.0656466,2.6608778,2.8350431,0,0,0.53,5.3183085,11.295884,13.153536,1.7012694,2.635504,2.8581806,3.1268169,3.9687066,4.1569357,True,,ground_continuity_pass,True,False,,True,True,True,True,True,True,True,True,False,False
41,f0041,True,True,True,Pallet_3,clean-static,,560,560,393.54789,393.54789,280,280,5.6843419e-14,84.267298,84.267298,label_recomputed,10,21.818,,84.267298,10,6,2,2,6.7113023,2.621808,2.621808,7.2052381,6.7113023,2.621808,2.621808,7.2052381,17.595746,0.6568933,13.140535,8,8,9,8,True,True,9,3.3726638e-06,6.4133761e-06,0.0031884734,4.6763109e-05,3.8743563e-06,0,0.95,1,907.12683,3666.8534,5690.0269,21.534209,132.27977,138.01698,1.0895045,1.4638646,1.566452,0,0.985,1,1572.1143,3531.4508,6332.3664,51.085081,142.34778,164.38505,2.1844587,2.7611435,2.8466674,0,1,1,2614.5987,7251.3114,11002.911,78.23694,157.15358,163.80368,3.1322645,4.206021,4.3933891,False,camera_distance_over_limit,ground_continuity_pass,True,False,,True,True,True,True,True,False,False,False,True,True
42,f0042,True,True,True,Pallet_1,clean-static,,960,540,365.85865,365.85865,480,270,5.6843419e-14,1.5973111,1.5973111,label_recomputed,10,6.682,,1.4265325,28517,448,96,96,498.26477,96.298198,96.298198,507.4851,174.24533,96.298198,96.298198,199.08485,16779.511,19.962953,10433.617,6,6,7,6,True,True,7,9.4372975e-06,1.5790346e-05,1.9710939e-05,2.4148365e-06,9.4413819e-06,0,0,0,0.87742546,2.1028689,2.4628075,0.32479746,0.65168296,0.70629706,0.94971373,1.2913085,1.4100805,0,0,0.025,1.9510754,4.0782484,4.4498109,0.5949462,1.1259956,1.335495,1.9148044,2.6916481,2.9364333,0,0,0.205,3.0370683,6.4008831,7.5467675,0.9247498,1.7435128,2.0935901,2.968647,3.9570499,4.3092662,True,,ground_continuity_pass,True,False,,True,True,True,True,True,True,True,True,False,False
43,f0043,True,True,True,Pallet_0,clean-static,,640,480,344.93253,344.93253,320,240,1.1368684e-13,3.1175213,3.1175213,label_recomputed,10,79.84,,3.1102107,11826,163,168,163,167.08878,172.37982,167.08878,240.06971,167.08878,172.37982,167.08878,240.06971,28802.735,1.4460833,15061.719,8,8,9,8,True,True,9,9.6572347e-06,2.8803868e-05,7.7635357e-06,1.8191591e-05,1.0274163e-05,0,0,0.075,1.3699998,3.3171826,3.9367183,2.3445011,4.5015578,5.1398168,1.1468571,1.5586656,1.6227593,0,0,0.49,3.1500406,6.1061915,7.1802292,4.8167602,8.8779174,10.064876,2.298153,2.8261052,3.276914,0,0,0.815,4.5742585,10.645431,12.582142,7.0764989,14.780452,19.317977,3.3331949,4.6704883,5.1109072,True,,ground_continuity_pass,True,False,,True,True,True,True,True,True,True,True,False,False
44,f0044,True,True,True,Pallet_1,clean-static,,720,480,605.9065,605.9065,360,240,5.6843419e-14,2.0378115,2.0378115,label_recomputed,10,24.735,,1.9241539,57436,320,226,226,464.72474,242.87762,242.87762,524.36497,273.57431,207.1257,207.1257,343.1384,56664.27,30.876526,30345.604,6,6,7,6,True,True,7,1.8025119e-05,6.187775e-05,1.7629933e-05,4.5177455e-06,1.7321328e-05,0,0,0,0.732099,1.9354842,2.0739173,0.35255377,0.55277037,0.66248787,0.97705594,1.276849,1.3764176,0,0,0.045,1.7710982,3.8075769,4.8944861,0.70636044,1.2225093,1.3555335,1.9722057,2.6768982,2.822803,0,0,0.155,2.231884,5.8018915,6.3389214,0.983426,1.6944167,2.055893,2.7987539,4.0136396,4.2648949,True,,ground_continuity_pass,True,False,,True,True,True,True,True,True,True,True,False,False
45,f0045,True,True,True,Pallet_2,clean-static,,960,540,636.45218,636.45218,480,270,1.1368684e-13,1.0083255,1.0083255,label_recomputed,10,61.347,,0.99254066,306577,960,476,476,1061.9334,1157.5496,1061.9334,1570.8672,539.20407,321.56914,321.56914,627.81187,173391.39,68.502515,72549.276,3,3,4,3,True,True,4,0.00012491552,0.00044669192,6.975829e-05,6.217911e-05,0.00012491552,0,0,0.185,2.7981858,6.1215436,7.2333211,2.5998955,5.5009554,6.4672152,4.1821665,9.2103428,10.960864,0,0,0.58,6.1248078,12.913774,16.985768,5.7521586,11.755873,13.903245,8.8716549,19.96393,26.406443,0,0,0.8,9.0242872,18.165595,24.918467,8.277429,16.660533,20.534094,12.577763,29.317451,39.802988,True,,ground_continuity_pass,False,False,,False,True,True,True,True,True,True,True,False,True
46,f0046,True,True,True,Pallet_0,controlled-occlusion,,640,480,473.01672,473.01672,320,240,5.6843419e-14,1.6696637,1.6696637,label_recomputed,10,56.233,,1.6189992,97023,362,385,362,367.40363,391.03061,367.40363,536.55416,362.86621,292.22619,292.22619,465.90561,106039.01,16.149877,44092.66,8,6,6,6,True,True,6,1.3247238e-05,2.9965046e-05,2.6073349e-05,2.4388654e-05,1.4513762e-05,0,0,0.035,1.5949876,3.7032582,4.6538572,1.2297558,2.898183,3.4916425,1.1137754,1.6336861,1.8062688,0,0,0.235,3.0541855,6.8506582,8.1599515,2.4589676,5.2785894,6.3046346,2.2443326,3.4542504,3.9939598,0,0.005,0.47,4.5185053,11.835939,13.962499,3.5298175,8.8321837,10.591793,3.3076059,5.0024076,6.2820769,True,,ground_continuity_pass,True,False,,True,True,True,True,True,True,True,True,False,False
47,f0047,True,True,True,Pallet_3,clean-static,,640,480,605.9065,605.9065,320,240,1.1368684e-13,2.6971427,2.6971427,label_recomputed,10,37.297,,2.56449,45258,350,207,207,369.49644,260.70625,260.70625,452.21164,179.78056,106.50962,106.50962,208.96255,19148.359,24.876789,10667.791,4,4,5,4,True,True,5,1.1111079e-05,1.1980028e-05,7.1248893e-06,1.0245284e-05,1.1567749e-05,0,0,0.02,1.3003833,3.5598704,4.0795719,0.68837752,1.3317482,1.4066658,0.7640065,1.2399811,1.4942365,0,0,0.265,3.1527241,8.4233711,25.669354,1.6178199,3.0863205,12.768819,1.6014308,2.7942993,17.429923,0,0,0.46,4.7189442,12.545025,17.984613,2.2030548,3.8746173,5.7230987,2.3943375,3.7689771,4.4274782,True,,ground_continuity_pass,True,False,,True,True,True,True,True,True,True,True,False,False
48,f0048,True,True,True,Pallet_3,clean-static,,640,480,590.89693,590.89693,320,240,5.6843419e-14,1015.6041,1015.6041,label_recomputed,10,29.479,,951.6912,0,0,0,0,0.93167783,0.3640195,0.3640195,1.0002668,0.93167783,0.3640195,0.3640195,1.0002668,0.33914889,0.084152155,0.29711588,8,8,9,8,True,True,9,4.182732e-06,6.4999544e-06,0.69040925,0.00055816297,4.1831745e-06,0,1,1,61432.052,631010.16,1495932.2,98.284376,161.28633,168.71323,1.1288221,1.3886087,1.4479591,0,1,1,73212.773,238574.19,472604.16,123.25798,167.91892,174.14606,2.1398303,2.8488704,2.9974331,0,1,1,80747.692,91099.86,94756.885,126.04932,170.64087,174.95177,3.1410921,3.9652246,4.2130004,False,mask_invariants_pass|camera_distance_over_limit|empty_target_mask,ground_continuity_pass,False,False,,True,True,False,True,True,False,False,False,True,True
50,f0050,True,True,True,Pallet_1,clean-static,,640,480,605.9065,605.9065,320,240,1.1368684e-13,1.933765,1.933765,label_recomputed,10,14.036,,1.8835268,47439,429,194,194,467.75067,196.55426,196.55426,507.36995,370.19397,196.55426,196.55426,419.13859,72763.203,30.90818,38641.975,6,6,7,6,True,True,7,6.0656251e-06,7.0548175e-06,3.2671165e-06,0,4.3419727e-06,0,0,0,0.41650818,0.98323627,1.1990911,0.25457349,0.3961865,0.46461322,1.0116786,1.3889475,1.535569,0,0,0,0.9204524,2.1013696,2.4094176,0.48964953,0.89682589,0.96502125,1.9062215,2.7567191,2.9153079,0,0,0.005,1.1921541,2.7763654,3.2928197,0.76440769,1.2277478,1.3423053,2.9393717,4.0264868,4.2895098,True,,ground_continuity_pass,True,False,,True,True,True,True,True,True,True,True,False,False
51,f0051,True,True,True,Pallet_2,clean-static,,720,480,680.79923,680.79923,360,240,2.8421709e-14,5.3485995,5.3485995,label_recomputed,10,1.95,,4.9872562,5054,201,33,33,226.59738,33.09898,33.09898,229.002,112.7786,33.09898,33.09898,117.53533,3732.8565,9.5549568,3161.0232,6,6,7,6,True,True,7,3.6234057e-06,5.9658502e-06,1.5368962e-05,3.4150946e-06,3.6231952e-06,0,0,0.275,2.9275654,8.1037729,9.4909239,0.52565836,0.93448346,0.99253354,0.95287282,1.2704492,1.3870001,0,0,0.64,6.8247914,18.33226,21.003853,1.0874351,1.9999942,2.5384226,1.9064151,2.5519544,2.6907662,0,0.005,0.78,11.592934,29.859854,36.385672,1.7261499,3.9984627,42.170124,2.8498161,4.6320825,43.520685,True,,ground_continuity_pass,True,False,,True,True,True,True,True,True,True,True,False,True
53,f0053,True,True,True,Pallet_1,clean-static,,560,560,506.31985,506.31985,280,280,2.8421709e-14,1.2378539,1.2378539,label_recomputed,10,6.239,,1.1688136,38911,445,145,145,923.78424,218.2062,218.2062,949.2056,346.88426,76.561381,76.561381,355.23279,26557.938,36.108898,16247.089,4,4,5,4,True,True,5,8.4906666e-06,1.1425806e-05,3.6871126e-06,1.7075473e-06,7.5901289e-06,0,0,0,0.48934358,0.96149936,1.1053201,0.38107039,0.65013066,0.72045116,0.81208238,1.3186707,1.4414918,0,0,0.005,0.98748049,1.8063519,2.1107146,0.86796472,1.3224205,1.4375669,1.670493,2.6673399,2.9456305,0,0,0,1.5685083,2.6155701,3.2180939,1.1772307,2.1068895,2.2724429,2.643051,3.8849777,4.2909285,True,,ground_continuity_pass,False,False,,True,True,True,True,False,True,True,True,False,False
54,f0054,True,True,True,Pallet_3,clean-static,,960,540,430.01083,430.01083,480,270,1.1368684e-13,17.60587,17.60587,label_recomputed,10,7.88,,16.623916,212,35,8,8,36.121317,9.0079837,9.0079837,37.227588,36.121317,9.0079837,9.0079837,37.227588,325.38024,2.8134318,245.85724,8,8,9,8,True,True,9,1.2993005e-05,2.1592004e-05,0.0012958995,4.8447423e-05,5.8368166e-06,0,0.055,0.95,34.244162,91.361487,100.99071,2.5095533,5.0329411,38.225988,1.0433615,1.4923461,6.8038833,0,0.385,0.99,75.286685,211.28315,265.18652,5.9696009,40.690027,42.358247,2.1468669,7.5554465,7.8942012,0,0.565,1,110.67742,312.49332,475.07004,9.5389566,41.60537,44.257311,3.4234251,8.2803576,8.8153175,False,camera_distance_over_limit,ground_continuity_pass,True,False,,True,True,True,True,True,False,False,False,True,True
56,f0056,True,True,True,Pallet_3,clean-static,,720,480,696.12404,696.12404,360,240,2.8421709e-14,1.9374005,1.9374005,label_recomputed,10,13.515,,1.8404547,52398,396,210,210,487.29794,217.57553,217.57553,533.66506,373.59262,167.63412,167.63412,409.47851,62626.872,43.03397,34489.074,6,6,7,6,True,True,7,4.162734e-05,0.0001413836,2.7692287e-05,8.099608e-06,4.2152821e-05,0,0,0,0.7011967,1.8439406,2.1064753,0.27948176,0.51554218,0.61442977,0.95970864,1.3772272,1.4815265,0,0,0.025,1.5539818,3.5182454,3.9764462,0.59516092,1.0354969,1.1458451,1.9328053,2.5467772,2.7332958,0,0,0.155,3.0590905,5.7157964,6.5487185,0.89713436,1.5131955,1.6313424,3.1027153,4.2564484,4.5615565,True,,ground_continuity_pass,True,False,,True,True,True,True,True,True,True,True,False,False
57,f0057,True,True,True,Pallet_0,clean-static,,960,540,475.67066,475.67066,480,270,1.1368684e-13,5.091644,5.091644,label_recomputed,10,3.407,,4.9079604,2886,147,24,24,150.47992,24.359308,24.359308,152.43878,150.47992,24.359308,24.359308,152.43878,3665.5867,13.082582,2955.1933,8,8,9,8,True,True,9,7.6017781e-06,1.3010321e-05,6.6209747e-05,7.2445096e-06,7.3461952e-06,0,0,0.21,2.9238494,6.5629153,8.0120249,0.59560601,1.0017329,1.142503,1.0569597,1.3339921,1.4519909,0,0,0.515,5.1088651,12.819053,14.645024,1.2769662,1.9674169,2.2102966,2.1040808,2.7028687,2.847722,0,0,0.655,7.6792569,17.320557,23.028314,1.912667,3.2292019,3.5506903,3.1008625,4.0744414,4.262384,True,,ground_continuity_pass,True,False,,True,True,True,True,True,True,True,False,False,True
58,f0058,True,True,True,Pallet_1,clean-static,,640,480,605.9065,605.9065,320,240,2.8421709e-14,2.9527668,2.9527668,label_recomputed,10,31.594,,2.7977328,28989,309,157,157,315.19872,212.40477,212.40477,380.08686,310.1735,144.4611,144.4611,342.1646,44808.005,27.218133,22644.934,5,5,6,5,True,True,6,6.2273507e-06,1.1600204e-05,3.4812133e-06,4.5177455e-06,8.3974061e-06,0,0,0,0.75796729,1.6335394,1.8696843,0.46271956,0.86124743,0.92481056,0.84097125,1.2837574,1.3452396,0,0,0.015,1.4674822,3.1835676,3.8961344,0.90889367,1.4669087,1.7189138,1.751549,2.5010602,2.7355138,0,0,0.09,2.5526449,4.8970643,5.529532,1.4182561,2.4665747,2.8228616,2.6748677,3.7526883,4.2455534,True,,ground_continuity_pass,True,False,,True,True,True,True,True,True,True,True,False,False
59,f0059,True,True,True,Pallet_2,clean-static,,640,480,525.11785,525.11785,320,240,5.6843419e-14,1.0980661,1.0980661,label_recomputed,10,2.346,,1.0932435,118500,638,286,286,746.11587,302.57699,302.57699,805.1346,326.32496,114.19613,114.19613,345.72928,37265.047,19.168155,18439.58,4,4,5,4,True,True,5,2.0094477e-05,3.4402064e-05,1.5748273e-05,1.7075473e-06,2.0094477e-05,0,0,0,0.47898136,0.92900523,1.0711964,0.19446147,0.36038687,0.41435148,1.0386268,1.5835694,1.7061578,0,0,0,1.0014312,2.0173912,2.2849421,0.40764685,0.76595909,0.92156336,2.1342474,3.1615325,3.4196426,0,0,0.025,1.2290304,3.6070148,4.0935851,0.66130278,1.1521575,1.305615,3.3840475,5.0924581,5.3778022,True,,ground_continuity_pass,True,False,,True,True,True,True,True,True,True,True,False,False
60,f0060,True,True,True,Pallet_2,clean-static,,640,480,420.52448,420.52448,320,240,2.8421709e-14,17.186249,17.186249,label_recomputed,10,10.143,,16.227699,268,35,12,12,35.826521,12.151733,12.151733,37.831259,35.826521,12.151733,12.151733,37.831259,435.3543,4.4816689,314.16521,8,8,9,8,True,True,9,3.7830413e-06,6.3918528e-06,1.0037816e-05,1.3713635e-05,3.7401371e-06,0,0.04,0.93,30.578574,76.485674,93.260323,2.2590459,4.213744,38.490557,1.0092905,1.3710423,9.4536054,0,0.3,0.965,60.7796,165.19986,196.13851,4.7830164,38.827611,41.104647,2.1457072,9.4089064,10.110631,0,0.465,1,86.113992,237.17836,285.52533,8.7482095,42.218288,45.083518,3.3155732,10.272716,10.667533,False,camera_distance_over_limit,ground_continuity_pass,True,False,,True,True,True,True,True,False,False,False,True,True
61,f0061,True,True,True,Pallet_1,clean-static,,560,560,415.28265,415.28265,280,280,5.6843419e-14,1.7605145,1.7605145,label_recomputed,10,46.713,,1.7605145,51521,372,302,302,376.27507,306.45454,306.45454,485.28066,376.27507,306.45454,306.45454,485.28066,115311.2,16.825208,59589.08,8,8,9,8,True,True,9,7.2236603e-06,1.5081888e-05,4.9367947e-06,1.7075473e-06,6.426259e-06,0,0,0,0.46075408,0.88871338,1.0225308,0.50216205,0.776523,0.85797322,1.1924563,1.5727711,1.6528827,0,0,0,0.893269,1.8421879,2.1746821,0.82622878,1.4789431,1.7718973,2.3349031,3.2539019,3.5313213,0,0,0.01,1.5387116,2.7967146,3.5620034,1.39231,2.5314064,2.938724,3.6057286,5.0754375,5.4786717,True,,ground_continuity_pass,True,False,,True,True,True,True,True,True,True,True,False,False
62,f0062,True,True,True,Pallet_0,controlled-occlusion,,960,540,634.71343,634.71343,480,270,5.6843419e-14,4.2481046,4.2481046,label_recomputed,10,38.623,,3.6727481,31092,272,207,207,280.98509,212.42027,212.42027,352.2428,154.07335,212.42027,154.07335,262.41374,32728.304,21.929768,13731.238,7,4,5,4,True,True,5,0.0025326012,0.0032739642,0.016167675,0.0010202141,50.975569,0,0.16,0.815,38.369254,118.1548,139.71476,5.0383615,25.426097,64.180685,4.363584,15.593643,29.783842,0,0.155,0.865,40.229731,111.41615,129.37927,6.1277234,26.388893,70.398732,5.160271,18.254832,42.609753,0,0.18,0.925,33.099202,114.95377,137.95842,6.39879,27.792062,68.18482,4.8456458,20.306812,35.80443,True,,ground_continuity_pass,True,False,,True,True,True,True,True,True,True,True,False,True
63,f0063,True,True,True,Pallet_3,clean-static,,720,480,605.9065,605.9065,360,240,5.6843419e-14,3.0964174,3.0964174,label_recomputed,10,70.89,,3.0964174,37562,301,273,273,305.03656,277.07803,277.07803,412.09166,305.03656,277.07803,277.07803,412.09166,84518.929,4.2421221,41908.106,8,8,9,8,True,True,9,4.4831207e-06,7.4463084e-06,9.2160338e-06,2.4148365e-06,6.0134961e-06,0,0,0,0.80105052,1.6585397,1.8322544,0.90456169,1.6564336,1.9347022,1.0697733,1.4005967,1.51975,0,0,0.035,1.2029539,3.6020137,4.3531364,1.9727215,3.2278673,3.7808693,2.1680523,2.6894618,2.9720356,0,0,0.26,2.6213438,6.0068715,6.9113038,3.0107332,5.5508074,6.4231622,3.3252805,4.3026937,4.6099117,True,,ground_continuity_pass,True,False,,True,True,True,True,True,True,True,True,False,False
64,f0064,True,True,True,Pallet_3,clean-static,,640,480,605.9065,605.9065,320,240,1.1368684e-13,1.2538673,1.2538673,label_recomputed,10,12.178,,1.1839339,91933,516,302,302,698.48449,402.345,402.345,806.07821,413.29062,155.02175,155.02175,441.40784,64069.035,47.561005,34635.02,4,4,5,4,True,True,5,1.1789939e-05,2.5971932e-05,8.0868413e-06,2.6998693e-06,1.3988359e-05,0,0,0,0.32221736,0.63566192,0.74246834,0.36615993,0.64480695,0.77461428,0.84783458,1.3303191,1.4592901,0,0,0,0.71873143,1.3293217,1.6372775,0.66028281,1.2313853,1.4389207,1.6908156,2.5498136,2.8506433,0,0,0,0.97902854,1.781119,2.1098636,1.0455098,1.8924721,2.1883202,2.4131947,3.4975841,3.911612,True,,ground_continuity_pass,True,False,,True,True,True,True,True,True,True,True,False,False
65,f0065,True,True,True,Pallet_2,clean-static,,640,480,529.68654,529.68654,320,240,2.8421709e-14,33.34518,33.34518,label_recomputed,10,22.801,,31.828177,187,26,10,10,25.797119,10.997809,10.997809,28.043594,25.797119,10.997809,10.997809,28.043594,283.71179,2.8360628,206.84978,8,8,9,8,True,True,9,4.8014373e-06,7.5474953e-06,0.00084458389,1.266351e-05,4.9016017e-06,0,0.57,0.995,120.23587,242.62521,305.33444,3.8500007,29.58526,34.842115,1.1023053,3.7938763,4.0581209,0,0.74,1,214.93145,580.65177,850.66732,8.569281,34.160736,38.993351,2.2235957,4.5273402,4.8190667,0,0.835,1,340.80694,1057.4811,1562.8391,14.638523,103.67054,129.12384,3.2485466,5.1945715,5.7548208,False,camera_distance_over_limit,ground_continuity_pass,True,False,,True,True,True,True,True,False,False,False,True,True
66,f0066,True,True,True,Pallet_1,controlled-occlusion,,960,540,319.92031,319.92031,480,270,1.1368684e-13,1.9062343,1.9062343,label_recomputed,10,2.29,,1.833612,7841,276,37,37,278.72788,37.020438,37.020438,281.17565,197.41823,37.020438,37.020438,200.85933,7308.5092,18.813015,5415.1756,8,6,7,6,True,True,7,7.7014394e-06,1.2913631e-05,6.7442146e-06,6.6133022e-06,7.6545486e-06,0,0,0,0.9671621,2.1839151,2.7535429,0.51778651,0.82981286,0.93556328,0.93652873,1.3567068,1.4339999,0,0,0.145,2.18632,5.6089791,6.8990988,1.0154336,1.7330006,1.9661655,1.8666117,2.7456487,2.9834944,0,0,0.295,3.2196808,7.8569958,8.904049,1.5195414,2.5533359,2.9503157,2.9532562,4.1092363,4.2718035,True,,ground_continuity_pass,True,False,,True,True,True,True,True,True,True,True,False,False
67,f0067,True,True,True,Pallet_0,clean-static,,720,480,558.98263,558.98263,360,240,1.1368684e-13,0.96013166,0.96013166,label_recomputed,10,17.18,,0.9536274,186541,720,293,293,1457.6627,579.70763,579.70763,1568.7069,154.22728,95.312983,95.312983,181.30256,14699.862,50.952438,3824.0073,2,2,3,2,True,False,,,,,,,,,,,,,,,,,,,,,,,,,,,,,,,,,,,,,,,,,,,True,,ground_continuity_pass,False,False,,False,True,True,True,True,False,False,False,False,True
68,f0068,True,True,True,Pallet_0,clean-static,,640,480,605.9065,605.9065,320,240,5.6843419e-14,2.2328315,2.2328315,label_recomputed,10,32.482,,2.1780307,67583,416,273,273,426.228,286.33782,286.33782,513.478,426.228,254.00946,254.00946,496.17649,108265.94,35.952517,61402.992,7,7,8,7,True,True,8,2.5961003e-05,0.00010397989,9.5369039e-06,1.2074183e-06,2.5881892e-05,0,0,0,0.40456064,0.89406816,1.1028378,0.29430064,0.49161987,0.56974396,1.0234695,1.3478868,1.426734,0,0,0,0.84395139,1.9011819,2.1937588,0.59951265,1.0033011,1.1370588,2.0317243,2.588709,2.7153617,0,0,0,1.2795463,2.9361513,3.3264022,0.89413959,1.4963277,1.7414401,3.1852685,4.1324426,4.5052633,True,,ground_continuity_pass,True,False,,True,True,True,True,True,True,True,True,False,False
70,f0070,True,True,True,Pallet_1,clean-static,,640,480,629.13216,629.13216,320,240,1.1368684e-13,6.0852932,6.0852932,label_recomputed,10,1.281,,5.4346753,1587,97,20,20,200.51469,20.598481,20.598481,201.56993,95.169892,15.605112,15.605112,96.4408,1485.1369,13.833273,1183.7859,4,4,5,4,True,True,5,1.2036954e-05,1.9639618e-05,0.00010489044,7.0403978e-06,1.5668896e-05,0,0.105,0.58,6.9578059,53.162486,164.64525,1.2556659,3.9191314,9.6894278,0.80345808,4.895727,7.8822439,0,0.26,0.85,16.43537,183.95224,220.5621,2.8508775,17.312177,41.962554,1.8048614,11.910106,30.329147,0,0.215,0.885,22.836616,189.06635,307.67048,3.7719772,10.627442,26.649121,2.7218301,9.8946784,24.279005,True,,ground_continuity_pass,True,False,,True,True,True,True,True,False,False,False,True,True
71,f0071,True,True,True,Pallet_2,clean-static,,960,540,605.9065,605.9065,480,270,2.8421709e-14,0.72631897,0.72631897,label_recomputed,10,50.264,,0.70792982,319174,960,435,435,3344.8867,3086.4258,3086.4258,4551.2955,549.0573,304.72813,304.72813,627.95155,167313.2,82.990463,95876.396,4,4,5,4,True,True,5,1.0871247e-05,1.3994954e-05,3.2481469e-06,3.1945285e-06,1.5419188e-05,0,0,0.01,0.39540404,0.73433884,0.83750082,0.29782192,0.53854189,0.62658356,1.0407514,1.7335344,1.9773519,0,0,0.01,0.7238397,1.4366437,1.561667,0.54301681,1.0183626,1.2306062,2.0555034,3.3232422,3.8823113,0,0,0.01,1.0715932,2.1913096,2.7950106,0.87497318,1.6618766,2.0596749,2.9943133,5.1918204,5.9049205,True,,ground_continuity_pass,True,False,,True,True,True,True,True,True,True,True,False,False
72,f0072,True,True,True,Pallet_0,controlled-occlusion,,560,560,462.06964,462.06964,280,280,1.1368684e-13,3.4866147,3.4866147,label_recomputed,10,6.063,,3.3502196,7061,207,44,44,211.78212,45.456925,45.456925,216.60563,132.11467,45.456925,45.456925,139.71621,6005.5266,17.437774,4006.3976,8,6,7,6,True,True,7,5.5229017e-06,9.2063875e-06,2.3298564e-05,3.4150946e-06,5.1640091e-06,0,0,0.125,2.5312523,5.4558451,6.4968037,0.51121998,0.86427689,1.0155489,0.96669224,1.297504,1.383274,0,0,0.365,3.850708,9.8369447,10.629755,1.0277601,1.7533496,1.9141996,1.9295792,2.6489295,2.824023,0,0,0.535,5.4941367,14.320016,17.878071,1.5128946,2.7782812,3.1614336,2.7945158,3.9019035,4.2518626,True,,ground_continuity_pass,False,False,,True,True,True,True,False,True,True,True,False,False
73,f0073,True,True,True,Pallet_3,controlled-occlusion,,640,480,579.55664,579.55664,320,240,1.1368684e-13,19.921133,19.921133,label_recomputed,10,5.059,,16.760675,365,49,8,8,58.988216,8.8209569,8.8209569,59.644102,31.510011,8.5443246,8.5443246,32.647914,269.23177,5.5270204,174.92014,6,4,4,4,True,True,4,2.447017e-05,4.8078039e-05,0.0066110001,0.00038497713,2.447017e-05,0,0.915,1,293.13022,608.9964,781.76875,21.683056,119.5821,122.6976,0.5189821,1.0833895,1.2321243,0,0.97,1,495.65238,987.46784,1248.7889,37.985482,124.11077,128.16678,1.2092778,1.9938374,2.171009,0,0.985,1,651.16296,1079.9413,1195.813,57.972073,124.40532,128.9507,1.7142984,3.2250704,3.490533,False,camera_distance_over_limit,ground_continuity_pass,True,False,,True,True,True,True,True,False,False,False,True,True
74,f0074,True,True,True,Pallet_1,clean-static,,960,540,374.82508,374.82508,480,270,2.8421709e-14,0.90164699,0.90164699,label_recomputed,10,30.464,,0.87020189,210910,803,353,353,1146.6201,397.46894,397.46894,1213.5564,600.989,310.06778,310.06778,676.26164,186347.32,36.627592,78175.715,6,6,7,6,True,True,7,1.5196168e-05,4.0005708e-05,4.6088013e-06,2.9575587e-06,3.8359452e-05,0,0,0,1.1580641,2.5969929,2.8843807,0.86434578,2.0035738,2.3598176,2.6054519,5.8921036,6.3813656,0,0,0.14,2.4385686,5.216579,5.9626131,1.9909699,4.2999495,4.8743663,5.6250376,10.988316,12.606918,0,0.005,0.255,3.0159219,7.2087581,8.7332144,2.4025079,5.7466126,7.3829581,6.8474149,16.21395,18.10075,True,,ground_continuity_pass,True,False,,True,True,True,True,True,True,True,True,False,False
75,f0075,True,True,True,Pallet_2,clean-static,,640,480,616.03397,616.03397,320,240,1.1368684e-13,8.2805644,8.2805644,label_recomputed,10,5.467,,7.0930782,2089,90,27,27,145.15743,26.822733,26.822733,147.61483,67.309686,26.650814,26.650814,72.393782,1793.8579,15.805817,935.88842,4,4,5,4,True,True,5,1.2097712e-05,1.9872288e-05,0.00061965551,2.7480373e-05,1.1199233e-05,0,0.205,0.83,19.072493,964.64611,1132.1629,1.5308894,61.353719,78.761811,0.88431029,17.37811,18.221174,0,0.34,0.945,40.569395,1102.3522,1260.5194,3.4726539,76.48761,80.909357,2.1059936,18.184443,19.217784,0,0.41,0.98,70.230396,927.56534,1205.9045,5.5676415,67.632632,80.774331,3.2359342,18.687249,21.543104,True,,ground_continuity_pass,True,False,,True,True,True,True,True,True,True,False,False,True
77,f0077,True,True,True,Pallet_0,clean-static,,720,480,605.9065,605.9065,360,240,2.2737368e-13,0.93380655,0.93380655,label_recomputed,10,7.307,,0.93380655,204491,720,300,300,1784.9739,361.15128,361.15128,1821.143,397.37953,61.894629,61.894629,402.17091,24595.659,57.538604,23543.233,4,4,5,4,True,True,5,5.2806958e-06,7.2394285e-06,4.260282e-06,2.0913098e-06,6.934881e-06,0,0,0.015,0.39184996,0.87059634,1.0649169,0.25982613,0.43631115,0.50494666,0.85211817,1.3082157,1.4698112,0,0,0.02,0.7809869,1.5577118,1.9242019,0.53185984,0.92603987,1.0758625,1.6164372,2.6365542,3.2704961,0,0,0.04,1.1955021,2.4709299,3.2119826,0.77898033,1.3004806,1.6591959,2.5715803,4.1706287,5.1605633,True,,ground_continuity_pass,True,False,,True,True,True,True,True,True,True,True,False,False
78,f0078,True,True,True,Pallet_3,clean-static,,640,480,592.25963,592.25963,320,240,1.1368684e-13,1.957274,1.957274,label_recomputed,10,40.77,,1.935249,79572,414,314,314,421.10533,360.72033,360.72033,554.4807,402.81462,267.02477,267.02477,483.28236,107561.48,31.209044,36157.136,5,5,6,5,True,True,6,1.2825255e-05,3.4918483e-05,1.4756926e-05,1.3976877e-05,1.2825255e-05,0,0,0,0.78761413,1.7102386,1.8757072,0.52496772,1.09487,1.2846001,0.94241778,1.360791,1.4676084,0,0,0.015,1.359136,3.6261136,4.1054799,1.1437576,2.25302,2.4987554,1.8429507,2.615772,2.8257089,0,0,0.08,2.1889351,4.8708725,5.5629108,1.7171538,3.124195,3.5485643,2.7267683,3.8228831,4.1259775,True,,ground_continuity_pass,True,False,,True,True,True,True,True,True,True,True,False,False
79,f0079,True,True,True,Pallet_1,controlled-occlusion,,960,540,682.6081,682.6081,480,270,5.6843419e-14,10.532156,10.532156,label_recomputed,10,6.322,,8.9513074,1841,117,23,23,129.27038,22.882888,22.882888,131.28008,73.644718,22.019989,22.019989,76.866276,1621.6559,9.6567311,796.41035,6,5,6,5,True,True,6,4.4612689e-06,8.9172546e-06,6.4695202e-05,1.1197136e-05,4.3450612e-06,0,0.11,0.795,14.26019,90.16101,116.41161,1.0421931,61.512807,62.557821,0.86363333,26.71644,32.151225,0,0.245,0.91,33.423426,135.8145,351.42336,2.3766971,62.782467,63.538843,1.9679115,32.185531,32.990942,0,0.375,0.935,57.335928,525.78012,1586.2398,3.8860968,62.925308,65.23101,2.9947576,32.127154,33.126249,False,camera_distance_over_limit,ground_continuity_pass,True,False,,True,True,True,True,True,True,False,False,False,True
80,f0080,True,True,True,Pallet_0,controlled-occlusion,,560,560,518.93537,518.93537,280,280,5.6843419e-14,17.155737,17.155737,label_recomputed,10,11.09,,14.880886,558,49,16,16,59.079472,16.353605,16.353605,61.301096,30.482564,10.883392,10.883392,32.367189,331.75368,3.0178167,235.94449,6,5,6,5,True,True,6,1.016804e-05,2.6068905e-05,0.00098384566,2.8031874e-05,1.0173847e-05,0,0.485,0.96,68.624811,1277.5729,2451.1012,3.0423834,59.070767,60.232257,1.1543677,18.70222,19.611521,0,0.765,0.985,301.47213,3968.1458,5280.6309,7.9477671,58.768734,63.460983,4.3554054,16.607141,19.72316,0,0.795,1,296.93254,4352.2749,6433.2065,11.624313,64.067444,131.70548,4.1373047,13.28637,16.369729,False,camera_distance_over_limit,ground_continuity_pass,True,False,,True,True,True,True,True,False,False,False,True,True
81,f0081,True,True,True,Pallet_3,controlled-occlusion,,960,540,605.9065,605.9065,480,270,1.1368684e-13,1.7910853,1.7910853,label_recomputed,10,49.932,,1.7583853,107781,385,414,385,388.78361,450.30082,388.78361,594.91472,386.26953,317.24909,317.24909,499.85112,122543.66,33.780805,46483.022,6,5,5,5,True,True,5,1.1659221e-05,3.2500244e-05,1.4456887e-05,1.1131846e-05,1.1709087e-05,0,0,0.005,1.1894038,2.6579869,3.3182258,0.70692262,1.3994197,1.7247242,0.72683628,1.0994326,1.2787287,0,0,0.09,2.2536086,4.8298361,5.6568201,1.2065801,2.9481083,3.3880762,1.4968271,2.2471278,2.4594501,0,0,0.335,3.2621296,8.7243761,9.7979792,2.0455973,4.5678599,5.434099,2.176737,3.4394206,3.6852959,True,,ground_continuity_pass,True,False,,True,True,True,True,True,True,True,True,False,False
82,f0082,True,True,True,Pallet_1,clean-static,,640,480,312.50487,312.50487,320,240,0,1.2399552,1.2399552,label_recomputed,10,8.333,,1.1327904,36007,406,164,164,460.12407,168.40324,168.40324,489.97328,405.07591,168.40324,168.40324,438.68684,68216.097,24.099969,21301.878,5,5,6,5,True,True,6,5.8224019e-06,1.374196e-05,2.6968557e-06,1.7075473e-06,7.6757762e-06,0,0,0,0.52744808,1.1522237,1.303299,0.40463691,0.75792249,0.89753064,1.0007304,1.4538078,1.5947145,0,0,0,1.047057,2.1096887,2.3102039,0.82459405,1.4571505,1.6880362,2.0381011,2.7992454,2.9927677,0,0,0.045,1.7221911,3.9264902,4.6653413,1.2475297,2.3004371,2.9005817,3.1967674,4.9262339,9.6937795,True,,ground_continuity_pass,True,False,,True,True,True,True,True,True,True,True,False,False
83,f0083,True,True,True,Pallet_2,clean-static,,640,480,605.9065,605.9065,320,240,1.1368684e-13,1.5787025,1.5787025,label_recomputed,10,61.354,,1.5787025,154975,624,469,469,625.4989,566.33724,566.33724,843.79307,625.4989,249.33563,249.33563,673.36256,155959.16,44.934436,87178.779,6,6,7,6,True,True,7,3.6352968e-05,6.498132e-05,1.4499676e-05,2.0347774e-05,5.313397e-05,0,0,0,0.79991918,1.466926,1.6641747,0.95716318,1.8221534,2.2239419,1.6666387,2.8588544,3.4887714,0,0,0.045,1.495788,2.9176449,3.4731507,1.8466974,4.1810177,4.9160603,2.9854666,5.5010634,6.949407,0,0,0.22,2.568707,5.0566751,5.8798328,3.0621239,6.4116822,7.8132783,4.9523044,9.5013609,10.7645,True,,ground_continuity_pass,True,False,,True,True,True,True,True,True,True,True,False,False
85,f0085,True,True,True,Pallet_0,controlled-occlusion,,960,540,449.06789,449.06789,480,270,5.6843419e-14,3.3430567,3.3430567,label_recomputed,10,12.365,,3.1420628,10609,220,73,73,224.81741,74.5582,74.5582,236.85817,116.93766,74.5582,74.5582,138.68433,8718.6617,11.529519,5532.3639,8,6,7,6,True,True,7,1.080461e-05,1.4797595e-05,4.4638528e-05,6.8301892e-06,9.9712327e-06,0,0,0.05,2.0299286,4.4195553,4.8535689,0.51030378,0.85727867,0.9785923,0.9398435,1.2531664,1.3606117,0,0,0.4,3.7778102,9.9196553,11.039852,1.0213519,1.8219212,2.0579143,1.953543,2.5625735,2.7709061,0,0.005,0.625,6.4785624,16.548345,19.487033,1.5528942,2.7376897,2.9530579,2.897211,3.8837729,4.3400063,True,,ground_continuity_pass,True,False,,True,True,True,True,True,True,True,True,False,False
86,f0086,True,True,True,Pallet_2,clean-static,,640,480,501.37428,501.37428,320,240,5.6843419e-14,21.543617,21.543617,label_recomputed,10,27.321,,21.543617,386,35,19,19,35.368991,19.284066,19.284066,40.284497,35.368991,19.284066,19.284066,40.284497,682.05795,3.7165075,427.77403,8,8,9,8,True,True,9,6.3311032e-06,8.2469459e-06,0.00076049466,3.2443399e-05,6.5297959e-06,0,0.135,0.945,40.840237,117.96752,142.90422,3.0770076,5.0628361,5.8147833,1.0211855,1.3625562,1.4482328,0,0.46,0.995,87.981882,204.35584,251.24427,5.625201,10.043755,11.531657,2.0121965,2.5922943,2.7374122,0,0.665,1,137.64744,365.61396,415.69292,9.0549612,17.97003,118.30076,3.0065815,4.0071351,4.2485649,False,camera_distance_over_limit,ground_continuity_pass,True,False,,True,True,True,True,True,True,False,False,False,True
87,f0087,True,True,True,Pallet_1,clean-static,,640,480,421.03916,421.03916,320,240,1.1368684e-13,2.6720451,2.6720451,label_recomputed,10,15.436,,2.374317,12806,272,63,63,275.29567,121.06144,121.06144,300.73839,275.29567,59.108186,59.108186,281.56968,16272.228,19.60651,10942.337,6,6,7,6,True,True,7,9.0637275e-06,1.7649143e-05,1.4960293e-05,5.1226419e-06,1.054548e-05,0,0,0,0.96782963,2.0707229,2.5467444,0.67349094,1.141444,1.2939876,0.97327233,1.2974089,1.3758751,0,0,0.055,2.0064729,4.3915835,5.1355689,1.3007135,2.4264771,2.6417151,1.9674108,2.7743917,3.0703503,0,0,0.21,3.213671,6.8539542,8.981941,2.096472,3.649929,4.2580098,2.9217069,3.9502635,4.2156104,True,,ground_continuity_pass,True,False,,True,True,True,True,True,True,True,True,False,False
88,f0088,True,True,True,Pallet_2,clean-static,,640,480,605.9065,605.9065,320,240,5.6843419e-14,2.2079161,2.2079161,label_recomputed,10,32.461,,2.125198,60607,372,234,234,373.64164,308.51062,308.51062,484.54812,371.95193,194.96236,194.96236,419.95067,72516.628,35.995347,36203.493,6,6,7,6,True,True,7,1.9369494e-05,4.5002124e-05,2.3153362e-05,1.1262048e-05,1.9699266e-05,0,0,0,1.0229063,2.4097838,2.8236031,0.46209476,0.94614573,1.0165352,1.0241428,1.374221,1.4672774,0,0,0.085,1.8506946,4.6314011,5.2709953,1.0155939,1.838224,1.9917239,2.0561966,2.7651359,3.142352,0,0,0.235,2.6302772,7.0062882,9.2048544,1.5063338,2.7257007,3.415515,2.9947273,4.030546,4.5773977,True,,ground_continuity_pass,True,False,,True,True,True,True,True,True,True,True,False,False
89,f0089,True,True,True,Pallet_0,clean-static,,720,480,505.64974,505.64974,360,240,2.2737368e-13,0.79520622,0.79520622,label_recomputed,10,19.572,,0.79520622,236871,720,340,340,2004.6728,557.50306,557.50306,2080.7505,488.34002,100.7068,100.7068,498.61592,49179.162,56.610215,37261.668,4,4,5,4,True,True,5,7.516937e-05,0.00015311478,2.6095912e-05,1.4738418e-05,6.9743021e-05,0,0,0.005,0.71539259,1.5080085,1.7396959,0.45483596,0.93790735,1.0654252,2.0077909,4.5144318,5.0195139,0,0,0.025,1.4612563,3.1830624,3.8346211,0.88678614,1.8509078,2.3889497,3.9665873,9.3953636,11.657846,0,0,0.07,2.3147826,4.2006366,5.2291673,1.373468,2.6659975,3.062621,6.4201435,13.171327,14.878404,True,,ground_continuity_pass,True,False,,True,True,True,True,True,True,True,True,False,False
90,f0090,True,True,True,Pallet_3,clean-static,,640,480,330.32041,330.32041,320,240,5.6843419e-14,11.744043,11.744043,label_recomputed,10,23.979,,11.443674,510,43,19,19,43.642403,19.772862,19.772862,47.912686,43.642403,19.772862,19.772862,47.912686,862.93523,4.0016821,553.32747,8,8,9,8,True,True,9,5.0894046e-06,8.6860587e-06,1.6321232e-05,2.1733529e-05,5.6484383e-06,0,0,0.88,16.1166,38.577924,46.705823,2.6638982,4.8700793,5.5765315,1.0301555,1.2846452,1.3513471,0,0.05,0.985,36.603436,78.69719,97.264677,5.4907516,25.287044,27.743135,2.1677889,5.1190844,5.3882156,0,0.285,0.995,57.448354,151.77588,166.96273,9.0517453,30.975626,91.380164,3.2993248,5.7640125,6.2815055,False,camera_distance_over_limit,ground_continuity_pass,True,False,,True,True,True,True,True,True,False,False,False,True
91,f0091,True,True,True,Pallet_1,clean-static,,560,560,474.3392,474.3392,280,280,5.6843419e-14,5.2259838,5.2259838,label_recomputed,10,23.825,,5.0918554,5400,137,65,65,138.13629,64.808314,64.808314,152.58359,138.13629,64.808314,64.808314,152.58359,8952.3797,11.127531,5940.1283,8,8,9,8,True,True,9,6.1558187e-06,2.281506e-05,2.7852386e-05,4.1826196e-06,5.7504888e-06,0,0,0.175,2.5390679,6.1417428,7.3989772,0.70117042,1.1503078,1.3637421,1.0510842,1.3383881,1.4140635,0,0,0.47,4.794086,12.220853,14.651887,1.4144761,2.4148142,2.5492782,2.1089374,2.7352119,2.9511098,0,0,0.7,7.9575892,18.195907,24.29381,2.2213086,3.9746604,4.5211952,3.2051041,4.0121352,4.3704482,True,,ground_continuity_pass,True,False,,True,True,True,True,True,True,True,True,False,False
92,f0092,True,True,True,Pallet_3,clean-static,,640,480,605.9065,605.9065,320,240,1.1368684e-13,1.3437025,1.3437025,label_recomputed,10,44.953,,1.3324504,166400,584,467,467,728.14699,589.83957,589.83957,937.07457,340.72681,198.6741,198.6741,394.41876,67693.593,46.517564,39158.256,4,4,5,4,True,True,5,1.1070762e-05,1.9577046e-05,7.4818266e-06,2.4148365e-06,1.2723324e-05,0,0,0,0.63339579,1.2361228,1.477834,0.44058049,0.82175999,0.988558,0.81353927,1.239549,1.330278,0,0,0,1.2434483,2.1411895,2.4330463,0.92418502,1.6984194,1.8651647,1.6795017,2.6609235,2.8458591,0,0.005,0.015,1.7877403,3.4317727,4.0370348,1.3460833,2.4619885,2.8143643,2.3337402,3.9238259,4.2921347,True,,ground_continuity_pass,True,False,,True,True,True,True,True,True,True,True,False,False
93,f0093,True,True,True,Pallet_0,clean-static,,960,540,653.99831,653.99831,480,270,1.1368684e-13,2.3977294,2.3977294,label_recomputed,10,62.606,,2.263998,84281,455,321,321,466.53636,412.65659,412.65659,622.84961,466.53636,231.59687,231.59687,520.85823,108048.36,18.434004,49951.007,6,6,7,6,True,True,7,1.3940162e-05,6.5340016e-05,4.4726852e-06,1.7075473e-06,1.4036397e-05,0,0,0,0.78089481,1.7461092,1.9052767,0.7245841,1.518373,1.6699915,0.97450171,1.3870766,1.5045342,0,0,0.04,1.4252064,3.0172155,3.5997464,1.5485201,3.0067155,3.4307439,2.0079535,2.8623932,2.9600624,0,0,0.1,2.3104865,4.259599,5.1556764,2.2778446,4.415216,5.1934467,2.8471143,4.1426527,4.5689798,True,,ground_continuity_pass,True,False,,True,True,True,True,True,True,True,True,False,False
94,f0094,True,True,True,Pallet_1,clean-static,,640,480,605.9065,605.9065,320,240,1.1368684e-13,1.9826586,1.9826586,label_recomputed,10,12.583,,1.9029709,39883,446,117,117,452.00861,177.61177,177.61177,485.65186,452.00861,114.89852,114.89852,466.38338,51935.121,31.692809,39644.227,7,7,8,7,True,True,8,1.1127681e-05,3.1870987e-05,2.2948461e-06,1.7075473e-06,1.1205686e-05,0,0,0,0.34174276,0.70113173,0.85292279,0.22334835,0.34466746,0.40176809,1.0372751,1.3504931,1.4754078,0,0,0,0.64987321,1.5196894,1.7444917,0.42532573,0.69569213,0.76157457,2.1141707,3.0070838,3.3180839,0,0,0.005,1.0333049,2.533274,2.9810984,0.62696663,1.1491803,1.2984422,3.2585553,4.3229456,5.1635853,True,,ground_continuity_pass,True,False,,True,True,True,True,True,True,True,True,False,False
95,f0095,True,True,True,Pallet_2,clean-static,,960,540,387.22923,387.22923,480,270,5.6843419e-14,3.9277579,3.9277579,label_recomputed,10,19.384,,3.6853322,6398,147,66,66,147.79918,65.780663,65.780663,161.77668,147.79918,65.780663,65.780663,161.77668,9722.3282,16.116753,7729.3858,8,8,9,8,True,True,9,7.6292847e-06,1.4996239e-05,1.2485654e-05,7.4430261e-06,8.4255585e-06,0,0,0.06,1.9107642,4.3203008,5.2728682,0.57444791,0.90699258,1.0467252,1.0497373,1.316276,1.4000781,0,0,0.375,3.8701607,8.8623814,10.876375,1.2529863,1.9338073,2.1633226,2.1351401,2.7100551,2.9270508,0,0,0.58,5.8194809,12.996154,14.763191,1.6907764,3.019005,3.3780737,3.1631522,4.0118432,4.3990069,True,,ground_continuity_pass,True,False,,True,True,True,True,True,True,True,True,False,False
96,f0096,True,True,True,Pallet_2,controlled-occlusion,,640,480,586.69574,586.69574,320,240,5.6843419e-14,1.7618946,1.7618946,label_recomputed,10,28.073,,1.7618946,94835,516,265,265,516.75378,271.70586,271.70586,583.83092,229.86735,246.21233,229.86735,336.83752,56596.177,48.548577,27503.138,8,4,5,4,True,True,5,1.9469974e-05,2.9908226e-05,4.991702e-05,1.1581149e-05,2.0185941e-05,0,0.005,0.005,0.7893075,1.7583931,2.2576188,0.43191258,0.78617155,0.87754737,0.81214129,1.2287618,1.3711369,0,0,0.025,1.5612329,3.3292135,3.9871362,0.85103183,1.5013774,1.6909367,1.6403125,2.5243724,2.9835212,0,0.015,0.16,2.2582198,5.5398388,39.20502,1.3533594,2.7820123,39.77587,2.4434206,4.0062274,47.451494,True,,ground_continuity_pass,True,False,,True,True,True,True,True,True,True,True,False,False
97,f0097,True,True,True,Pallet_0,clean-static,,720,480,401.74399,401.74399,360,240,5.6843419e-14,2.5601432,2.5601432,label_recomputed,10,60.991,,2.3551177,33845,248,250,248,253.4952,268.90398,253.4952,369.55265,253.4952,144.25329,144.25329,291.66561,36567.517,9.0176014,16335.374,6,6,7,6,True,True,7,1.8869979e-05,6.3357605e-05,4.6996457e-05,3.2375925e-05,1.9191881e-05,0,0,0.18,2.3415605,6.2808765,7.3010324,1.5052387,3.6929287,4.1782883,1.1342763,1.5734309,1.7358274,0,0.005,0.51,5.0271001,11.104305,11.97783,3.2479786,6.4583778,7.10949,2.1706852,2.9764946,3.1999655,0,0,0.685,8.4953734,15.245212,18.222893,4.8912862,8.6265827,10.644964,3.0830411,4.4634402,4.9625815,True,,ground_continuity_pass,True,False,,True,True,True,True,True,True,True,True,False,True
98,f0098,True,True,True,Pallet_1,controlled-occlusion,,960,540,605.9065,605.9065,480,270,5.6843419e-14,7.2779928,7.2779928,label_recomputed,10,35.184,,6.4506697,7717,151,94,94,153.02996,101.57501,101.57501,183.67268,153.02996,57.735471,57.735471,163.55902,8835.257,10.051956,4691.1826,7,6,7,6,True,True,7,4.3846616e-06,5.7737695e-06,5.7063827e-06,5.1226419e-06,4.3406355e-06,0,0,0.485,4.7387712,9.6575509,10.976028,1.1422543,1.9135728,2.1628531,0.97272571,1.2774038,1.3745516,0,0.015,0.695,8.9107341,24.890412,31.36028,2.4110961,4.2935058,4.9837668,1.9024933,2.6846975,2.9774142,0,0.045,0.83,15.591705,36.636968,45.587182,3.4766353,7.4668179,11.217163,3.1173999,4.4315702,5.7914551,True,,ground_continuity_pass,True,False,,True,True,True,True,True,True,True,True,False,True
99,f0099,True,True,True,Pallet_3,clean-static,,640,480,310.07069,310.07069,320,240,5.6843419e-14,0.84744837,0.84744837,label_recomputed,10,13.195,,0.81296702,136349,629,344,344,1213.0672,618.27551,618.27551,1361.542,569.12964,140.87091,140.87091,586.30466,80173.812,32.193859,43572.157,6,6,7,6,True,True,7,1.8220032e-05,3.7294257e-05,6.7925379e-06,6.8301892e-06,1.8915492e-05,0,0,0.005,1.4221644,2.9152923,3.3286647,1.1229579,2.4135472,2.8128641,2.72873,4.5186694,5.136429,0,0,0.145,2.7492239,5.4634749,6.2402446,2.1853472,4.4459428,5.3951784,4.9574457,8.7750842,9.5644501,0,0,0.31,3.3079179,8.2210019,10.949394,2.8344814,6.9399536,8.6076531,6.9415523,14.096439,15.340266,True,,ground_continuity_pass,True,False,,True,True,True,True,True,True,True,True,False,False
100,f0100,True,True,True,Pallet_0,controlled-occlusion,,640,480,605.9065,605.9065,320,240,1.1368684e-13,10.348139,10.348139,label_recomputed,10,9.75,,8.9759862,2007,94,27,27,100.05795,27.155239,27.155239,103.67739,39.6193,25.352208,25.352208,47.036405,1004.4367,9.8857971,420.15998,6,4,5,4,True,True,5,2.0310298e-05,3.8124129e-05,0.0018321252,7.397839e-05,0.24884214,0,0.775,0.995,190.63838,1542.8082,1592.1827,51.689424,137.84679,140.02055,1.4305609,3.8232362,4.4819125,0,0.87,1,237.44669,1539.581,1639.9028,76.052026,142.57512,144.17429,1.903732,3.959743,4.6895459,0,0.92,0.995,356.60999,1635.5796,1699.5819,68.437199,143.37094,145.35346,3.1788251,5.5920871,7.8987976,False,camera_distance_over_limit,ground_continuity_pass,True,False,,True,True,True,True,True,True,True,False,False,True
101,f0101,True,True,True,Pallet_3,cargo-only,,560,560,657.78503,657.78503,280,280,1.1368684e-13,2.3435694,2.3435694,label_recomputed,10,21.523,,2.2497812,51758,443,153,153,447.34554,170.97645,170.97645,478.90602,447.34554,129.32343,129.32343,465.66359,57852.261,35.188319,30794.841,7,5,6,5,True,True,6,1.7196633e-05,3.2638842e-05,1.5834849e-05,4.1826196e-06,1.7232653e-05,0,0,0,0.60169264,1.2425176,1.3759628,0.38042304,0.60482117,0.66707896,0.92739672,1.3145176,1.4141883,0,0,0,1.2301513,3.1140157,3.4782206,0.74996504,1.2869169,1.4614549,1.8386579,2.7263801,2.9233299,0,0,0.03,1.6025264,3.3280204,4.0393693,1.1177945,1.8673946,2.021933,2.8321178,3.9101453,4.3814836,True,,ground_continuity_pass,True,False,,True,True,True,True,True,True,True,True,False,False
102,f0102,True,True,True,Pallet_1,cargo-only,,720,480,437.10784,437.10784,360,240,1.1368684e-13,1.7728801,1.7728801,label_recomputed,10,74.066,,1.7728801,57860,337,282,282,338.31215,283.05136,283.05136,441.1045,338.31215,283.05136,283.05136,441.1045,95759.712,11.663419,75186.017,8,8,9,8,True,True,9,1.2382743e-05,2.1077195e-05,5.7278758e-06,1.2605817e-05,8.9363975e-06,0,0,0,0.84001038,1.5189364,1.7023783,1.5042857,2.837765,3.2128554,1.7210172,2.8421754,3.3351337,0,0,0.105,1.6281277,3.0282682,3.3836412,2.7024848,5.0231761,5.5763243,3.2979783,5.2373065,6.2197294,0,0,0.25,2.1539051,3.9640521,4.5000645,3.5254827,6.443688,6.9041743,4.5304583,6.7621783,7.5723145,True,,ground_continuity_pass,True,False,,True,True,True,True,True,True,True,True,False,False
104,f0104,True,True,True,Pallet_3,cargo-only,,960,540,621.29637,621.29637,480,270,1.1368684e-13,0.97800187,0.97800187,label_recomputed,10,25.967,,0.95259389,266436,885,401,401,1569.8449,692.85179,692.85179,1715.9419,557.1305,240.86389,240.86389,606.96772,134192.62,60.263359,67879.742,4,4,5,4,True,True,5,2.2233432e-05,2.7421162e-05,2.4904696e-06,5.6632937e-06,2.1335523e-05,0,0,0.005,0.30201106,0.53463511,0.63373304,0.2927177,0.55514136,0.67644636,0.83667373,1.3736601,1.5698023,0,0.015,0.02,0.60276591,1.0482831,1.2958949,0.53916123,0.99739691,1.2717068,1.6291327,2.5614596,3.0265417,0,0.005,0.015,0.90222148,1.6632972,1.9824578,0.83891538,1.5279137,1.8527644,2.6834335,4.2003459,4.7325326,True,,ground_continuity_pass,True,False,,True,True,True,True,True,True,True,True,False,False
106,f0106,True,True,True,Pallet_1,cargo-only,,960,540,605.9065,605.9065,480,270,1.1368684e-13,17.024333,17.024333,label_recomputed,10,2.246,,17.024333,269,49,7,7,49.10394,6.9317822,6.9317822,49.590791,49.10394,6.9317822,6.9317822,49.590791,340.37782,4.7484898,297.12112,8,7,7,7,True,True,7,5.8238546e-06,8.3963735e-06,0.00017688923,6.6133022e-06,5.6233599e-06,0,0.02,0.905,28.269225,65.620962,76.000312,1.7356395,2.9989794,3.3486052,0.93399466,1.2714931,1.3671103,0,0.265,0.975,59.439565,137.44094,153.74884,3.4407612,5.8971242,7.1417751,1.9418339,2.6593173,2.8613174,0,0.445,0.995,88.999761,205.70726,277.29234,5.4310862,9.5675873,11.972988,2.8959941,3.968781,4.465867,False,camera_distance_over_limit,ground_continuity_pass,True,False,,True,True,True,True,True,False,False,False,True,True
108,f0108,True,True,True,Pallet_2,cargo-only,,640,480,354.99361,354.99361,320,240,1.1368684e-13,4.9785546,4.9785546,label_recomputed,10,6.255,,4.6884581,2151,106,24,24,106.60233,24.260548,24.260548,109.32809,106.60233,24.260548,24.260548,109.32809,2586.2309,6.6365144,2335.1026,8,8,9,8,True,True,9,5.0415997e-06,8.8624352e-06,1.3461756e-05,5.9151173e-06,4.9624266e-06,0,0,0.3,2.8777714,7.5639677,8.8888986,0.79931476,1.3427615,1.4348711,1.0577994,1.3773931,1.5305729,0,0,0.52,5.3013695,14.622257,17.371584,1.537643,2.6116947,2.9822211,2.1034907,2.7143292,3.03034,0,0,0.745,9.5341442,20.563242,24.620589,2.4193983,3.9375913,4.7011387,3.202885,4.0983949,4.2692526,True,,ground_continuity_pass,True,False,,True,True,True,True,True,True,True,False,False,True
110,f0110,True,True,True,Pallet_0,cargo-only,,640,480,602.41699,602.41699,320,240,5.6843419e-14,2.1085082,2.1085082,label_recomputed,10,76.573,,2.1052509,83180,416,429,416,425.72263,439.32942,425.72263,611.75984,425.72263,417.01403,417.01403,595.93663,177532.31,7.1771118,96450.605,7,7,7,7,True,True,7,1.959618e-05,3.3103073e-05,9.9563617e-06,1.1000104e-05,2.0561467e-05,0,0,0,0.58450284,1.0302,1.1478619,1.0372511,1.8824437,2.1748485,1.4244842,2.1970883,2.4275063,0,0,0.03,1.1507192,1.9915211,2.1992339,1.91487,3.8109375,4.3113773,2.726718,4.256707,4.6262886,0,0,0.15,1.8513175,3.1389,3.7378935,3.0245128,6.0429468,7.5053482,4.0081795,6.269169,7.6593995,True,,ground_continuity_pass,True,False,,True,True,True,True,True,True,True,True,False,False
111,f0111,True,True,True,Pallet_1,cargo-only,,960,540,605.9065,605.9065,480,270,2.2737368e-13,0.93504268,0.93504268,label_recomputed,10,4.802,,0.91128295,188925,898,374,374,1482.3102,381.48466,381.48466,1530.6123,619.19813,380.70177,380.70177,726.87011,235729.82,62.561285,120006.5,6,5,6,5,True,True,6,8.1583755e-06,1.6618298e-05,1.7300658e-06,1.7075473e-06,8.1583756e-06,0,0,0,0.36764601,0.90179336,1.0584197,0.18935045,0.38094026,0.41685704,1.7287372,3.7245288,4.4123875,0.005,0.01,0.02,0.69076593,1.6045075,1.9369114,0.41458811,0.72298205,0.82147066,3.5128051,7.3377379,8.8448869,0.025,0.04,0.08,0.98036964,2.5347828,12.494046,0.5988992,1.1523342,1.774682,5.2427276,13.844353,55.892134,True,,ground_continuity_pass,True,False,,True,True,True,True,True,True,True,True,False,False
112,f0112,True,True,True,Pallet_1,cargo-only,,960,540,399.39305,399.39305,480,270,2.2737368e-13,1.2945723,1.2945723,label_recomputed,10,9.888,,1.1002598,49400,509,159,159,881.09223,307.9703,307.9703,933.36447,499.60193,71.346895,71.346895,504.67066,35645.047,43.615977,24388.364,6,5,6,5,True,True,6,1.5393605e-05,2.7484541e-05,1.1140532e-05,1.0386605e-05,4.2021431e-05,0,0,0,0.88144537,1.4213544,1.7752679,0.58749511,0.95926456,1.0734274,1.9927035,4.057887,4.5816438,0,0,0.005,1.7181675,2.9115578,3.4402011,1.2253249,2.1069858,2.3379887,3.855214,7.2233192,8.5931565,0,0.005,0.09,2.5460906,4.9643368,5.8253147,1.9085058,3.301265,3.9695058,5.7984251,11.697027,15.58916,True,,ground_continuity_pass,True,False,,True,True,True,True,True,True,True,True,False,False
115,f0115,True,True,True,Pallet_2,cargo-only,,640,480,605.9065,605.9065,320,240,1.1368684e-13,8.5780193,8.5780193,label_recomputed,10,11.87,,7.6610456,2791,106,38,38,110.30062,38.345218,38.345218,116.77578,106.50021,38.345218,38.345218,113.19297,4083.7736,13.874835,3084.3073,7,7,8,7,True,True,8,1.2702147e-05,2.8111743e-05,0.00017368908,1.5649929e-05,6.5700353e-06,0,0,0.575,5.8493651,14.697112,16.517637,0.75325428,1.2963841,1.3957774,0.9381597,1.2859691,1.4100343,0,0,0.795,11.566073,27.052872,35.151664,1.3988363,2.2510113,2.5958878,1.9574463,2.6721468,2.9233669,0,0.005,0.86,20.135583,48.810333,61.462547,2.4116479,3.7278066,4.3947184,3.0397294,3.9522335,4.2561083,True,,ground_continuity_pass,True,False,,True,True,True,True,True,True,True,True,False,True
116,f0116,True,True,True,Pallet_2,cargo-only,,720,480,691.5681,691.5681,360,240,5.6843419e-14,3.0491524,3.0491524,label_recomputed,10,22.325,,2.8790885,35424,298,195,195,399.29352,197.22956,197.22956,445.34797,208.25448,165.7481,165.7481,266.16228,34517.784,37.590062,15208.644,6,4,5,4,True,True,5,5.413074e-06,8.0641239e-06,2.1723485e-05,5.7905746e-06,4.1793365e-06,0,0,0.1,2.3742757,4.9885255,5.8810535,0.65624563,1.1892193,1.4491002,0.81347744,1.3414517,1.5094406,0,0,0.395,3.8718226,9.2066004,11.836939,1.4396646,2.4762575,2.8804561,1.5946861,2.4439292,2.7589678,0,0,0.555,5.9079246,14.911246,17.935144,2.1827679,3.7058897,4.4344658,2.4695623,3.9050669,4.3470703,True,,ground_continuity_pass,True,False,,True,True,True,True,True,True,True,True,False,False
117,f0117,True,True,True,Pallet_3,cargo-only,,640,480,605.9065,605.9065,320,240,2.8421709e-14,27.586808,27.586808,label_recomputed,10,45.944,,26.637092,459,33,24,24,33.378929,23.491336,23.491336,40.816611,33.378929,23.491336,23.491336,40.816611,784.11562,2.4065592,487.45913,8,8,9,8,True,True,9,4.4119227e-06,7.3058639e-06,3.089803e-05,4.4033536e-05,3.5607963e-06,0,0.13,0.97,47.079474,112.8493,129.39386,5.7227921,31.102948,32.9175,1.1095617,3.7883836,3.9243089,0,0.58,0.995,110.9804,261.91538,307.98913,14.9741,45.740139,74.773355,2.3413116,4.4450642,4.5852056,0,0.71,1,152.831,405.52196,494.42743,21.5981,81.366254,89.493745,3.3964811,5.1630834,5.5247017,False,camera_distance_over_limit,ground_continuity_pass,True,False,,True,True,True,True,True,True,False,False,False,True
118,f0118,True,True,True,Pallet_1,cargo-only,,640,480,675.89727,675.89727,320,240,5.6843419e-14,1.2931861,1.2931861,label_recomputed,10,3.281,,1.2435384,43547,640,86,86,1043.262,151.99689,151.99689,1054.2764,471.38081,59.892095,59.892095,475.17042,28231.984,52.031269,26049.466,4,4,5,4,True,True,5,1.0109646e-05,1.3097254e-05,2.4514219e-06,2.4148365e-06,1.2177936e-05,0,0,0.005,0.41412077,0.78400642,0.87855348,0.31798013,0.49847997,0.55536397,0.74530044,1.2986691,1.4648606,0,0,0.01,0.84521378,1.5385929,1.9416703,0.56691232,1.0319718,1.2155723,1.780007,2.6588156,3.0390987,0,0,0.04,1.2399121,2.4414438,3.3867651,0.82803127,1.5490125,1.9504436,2.5671363,3.7686138,4.5155673,True,,ground_continuity_pass,True,False,,True,True,True,True,True,True,True,True,False,False
119,f0119,True,True,True,Pallet_0,cargo-only,,960,540,458.65818,458.65818,480,270,5.6843419e-14,0.90887362,0.90887362,label_recomputed,10,0.777,,0.85818218,163734,810,225,225,1369.8713,228.68732,228.68732,1388.8288,634.25499,228.68732,228.68732,674.22347,145046.08,48.120799,87611.859,6,6,7,6,True,True,7,7.459403e-05,0.00017039598,8.6376842e-06,4.1826196e-06,3.7365031e-05,0,0,0,0.44910633,0.82560181,0.96606373,0.30819434,0.55218457,0.59954783,2.1145677,3.8175993,4.3106845,0,0,0,0.92193191,1.7066433,1.9117545,0.60738822,1.0809003,1.2382027,4.1029474,6.8871535,8.0692784,0,0,0.015,1.128109,2.5643837,3.0847733,0.81825402,1.6015729,1.936056,5.8418456,10.409257,16.558263,True,,ground_continuity_pass,True,False,,True,True,True,True,True,True,True,True,False,False
120,f0120,True,True,True,Pallet_3,controlled-occlusion,,640,480,358.00167,358.00167,320,240,5.6843419e-14,2.3339855,2.3339855,label_recomputed,10,46.258,,2.2539513,23281,246,148,148,248.41522,148.95731,148.95731,289.65221,218.44758,134.76465,134.76465,256.67266,29439.012,18.089356,13083.898,8,5,6,5,True,True,6,5.1990451e-06,1.2523912e-05,6.6565447e-06,2.0913098e-06,6.8138884e-06,0,0,0.005,1.4319443,2.9567962,3.7648019,0.91564637,1.5685247,1.7878217,0.88647908,1.2998928,1.3687088,0,0.005,0.23,3.0544234,6.6034964,8.5992157,1.8260074,3.430118,3.8995739,1.7928576,2.5824634,2.7356966,0,0.005,0.4,3.9469296,9.7527786,11.448344,2.5886359,5.2005104,6.5195979,2.7513371,4.1514955,4.3639913,True,,ground_continuity_pass,True,False,,True,True,True,True,True,True,True,True,False,False
121,f0121,True,True,True,Pallet_0,cargo-only,,720,480,503.88719,503.88719,360,240,2.8421709e-14,1.9017371,1.9017371,label_recomputed,10,11.622,,1.6769341,32343,302,118,118,492.2774,158.80845,158.80845,517.25928,150.59107,68.606565,68.606565,165.48272,10331.536,33.096265,5144.5315,5,3,4,3,True,True,4,4.7789422e-05,0.00015158367,0.00013152324,2.5839879e-05,4.5905939e-05,0,0,0.62,6.3978783,15.605384,17.502796,1.5161246,3.95173,4.7299258,2.121218,4.3002791,4.5186166,0,0,0.87,12.996619,29.220801,34.859025,3.3984475,8.0266732,9.3869479,4.0745563,7.9814901,9.1749478,0,0.005,0.935,20.77771,45.181545,59.080983,4.6741777,12.035442,14.017443,6.4414312,11.753257,14.083312,True,,ground_continuity_pass,False,False,,False,True,True,True,True,True,True,True,False,True
122,f0122,True,True,True,Pallet_1,cargo-only,,960,540,605.9065,605.9065,480,270,5.6843419e-14,1.0826471,1.0826471,label_recomputed,10,3.587,,0.95163046,104005,568,251,251,1276.3976,254.73283,254.73283,1301.5682,459.5398,254.73283,254.73283,525.41949,117059.87,41.174354,71548.154,6,6,7,6,True,True,7,4.0337388e-05,9.4803688e-05,5.217498e-06,1.7075473e-06,3.293763e-05,0,0,0,0.25901602,0.53882849,0.61515863,0.13778257,0.23441338,0.27818172,1.2029084,1.7652811,1.9381388,0,0,0,0.47606133,1.060049,1.2694747,0.25174169,0.43977182,0.51559382,2.5244254,3.4493417,3.8875019,0,0,0,0.75138837,1.5472635,1.835302,0.39800959,0.74804618,0.9128461,3.7501153,5.4305349,6.2092456,True,,ground_continuity_pass,True,False,,True,True,True,True,True,True,True,True,False,False
123,f0123,True,True,True,Pallet_2,cargo-only,,640,480,490.47225,490.47225,320,240,1.1368684e-13,26.258714,26.258714,label_recomputed,10,35.501,,24.603575,355,30,21,21,29.90671,21.31518,21.31518,36.725307,29.90671,21.31518,21.31518,36.725307,637.46691,2.9829358,379.02758,8,8,9,8,True,True,9,6.7725736e-06,8.9231794e-06,0.00064474538,2.0597013e-05,8.8530805e-06,0,0.205,0.975,48.802029,122.15332,150.5956,4.5400953,41.945332,43.454618,1.125418,5.0091393,5.1358489,0,0.605,0.99,107.12139,276.69484,306.05872,15.533764,45.571908,49.710077,2.6797239,5.6818553,6.0106809,0,0.765,0.995,167.65206,505.18022,635.16184,19.53868,98.189709,118.25817,3.6082103,6.1835427,6.5100289,False,camera_distance_over_limit,ground_continuity_pass,True,False,,True,True,True,True,True,True,False,False,False,True
124,f0124,True,True,True,Pallet_2,cargo-only,,960,540,664.96824,664.96824,480,270,1.1368684e-13,5.1580313,5.1580313,label_recomputed,10,78.653,,5.0304163,19216,207,207,207,208.51042,208.42235,208.42235,294.81599,208.51042,208.42235,208.42235,294.81599,43458.23,3.0973309,21907.339,8,8,8,8,True,True,8,8.6257856e-06,1.4737537e-05,2.4976076e-05,5.3997387e-06,8.5219415e-06,0,0,0.05,1.574616,3.8453904,4.7384074,1.7593871,3.02596,3.5574253,1.0327856,1.3961645,1.5105023,0,0,0.385,3.0895009,8.3361676,9.3275724,3.444264,6.0901864,7.6622367,2.14948,2.7207406,2.9430018,0,0,0.75,4.7999261,12.227033,15.458383,5.258385,10.691345,12.523215,3.2434186,4.2846263,4.6635733,True,,ground_continuity_pass,True,False,,True,True,True,True,True,True,True,True,False,False
125,f0125,True,True,True,Pallet_3,cargo-only,,560,560,605.9065,605.9065,280,280,5.6843419e-14,24.96497,24.96497,label_recomputed,10,2.335,,22.684026,94,26,5,5,25.728749,6.0844072,6.0844072,26.438391,25.650313,4.5918464,4.5918464,26.058082,117.7823,3.0626435,69.239243,5,5,5,5,True,True,5,8.8853868e-06,1.9991306e-05,0.0013398514,2.9796578e-05,8.8880725e-06,0,0.705,0.995,141.35793,1339.105,3177.5312,4.812613,174.14839,176.22846,1.0920142,6.6066203,8.667733,0.08,0.855,0.995,267.31352,1254.5455,2218.9393,9.5772519,175.55495,178.86152,2.4386525,9.7633042,13.94536,0.25,0.97,1,526.718,2009.1474,2889.7204,50.293591,176.26814,178.2818,3.6701461,20.367641,23.404642,False,camera_distance_over_limit,ground_continuity_pass,True,False,,True,True,True,True,True,False,False,False,True,True
126,f0126,True,True,True,Pallet_0,controlled-occlusion,,640,480,635.91843,635.91843,320,240,1.1368684e-13,6.1773501,6.1773501,label_recomputed,10,21.581,,5.7600174,8002,160,68,68,183.24126,69.347108,69.347108,195.92442,112.02892,31.348133,31.348133,116.33222,3511.8976,14.10534,2382.3005,6,4,5,4,True,True,5,1.0428587e-05,1.7337747e-05,8.1198297e-05,3.8162822e-05,1.1404809e-05,0,0.035,0.675,7.658244,51.515577,75.139882,1.6984925,6.8272261,33.313113,0.83649064,3.5525511,25.175089,0,0.035,0.87,17.201364,69.774631,91.096788,3.9688608,23.733785,35.060302,1.9058022,9.0985099,26.274021,0,0.04,0.9,21.707925,73.976576,94.233839,5.3280978,25.635593,38.105205,2.9298954,11.171252,27.86965,True,,ground_continuity_pass,True,False,,True,True,True,True,True,True,True,False,False,True
127,f0127,True,True,True,Pallet_1,cargo-only,,640,480,605.9065,605.9065,320,240,2.8421709e-14,1.2491708,1.2491708,label_recomputed,10,46.931,,1.2491708,192875,600,446,446,716.40325,650.18275,650.18275,967.45606,17.948213,44.789222,17.948213,48.251557,803.8865,48.251557,0,4,2,2,2,True,False,,,,,,,,,,,,,,,,,,,,,,,,,,,,,,,,,,,,,,,,,,,True,,ground_continuity_pass,False,False,,False,True,True,True,True,False,False,False,False,True
128,f0128,True,True,True,Pallet_1,cargo-only,,640,480,540.98838,540.98838,320,240,5.6843419e-14,1.7413288,1.7413288,label_recomputed,10,8.322,,1.6442076,27807,384,128,128,524.37981,150.95408,150.95408,545.67511,256.58263,65.818295,65.818295,264.88997,16887.831,30.675008,10097.552,4,4,5,4,True,True,5,6.4498946e-06,9.9605493e-06,4.0113412e-06,0,6.4671155e-06,0,0,0.015,0.74139962,1.5585841,2.0094944,0.45542932,0.81782768,0.94982753,0.77687171,1.2566478,1.4451044,0,0,0.015,1.7318551,3.6382061,4.2965591,0.90990649,1.455722,1.7238901,1.8019168,2.5831833,2.9154417,0,0,0.11,2.0632539,5.1358024,6.4752527,1.4144257,2.2890676,2.52217,2.3589119,3.6187801,3.972157,True,,ground_continuity_pass,True,False,,True,True,True,True,True,True,True,True,False,False
129,f0129,True,True,True,Pallet_0,cargo-only,,960,540,451.02919,451.02919,480,270,1.1368684e-13,1.8593627,1.8593627,label_recomputed,10,16.677,,1.634352,51542,444,198,198,520.97737,211.71442,211.71442,562.35257,407.98567,88.31802,88.31802,417.43548,36032.487,27.856024,24713.283,6,6,7,6,True,True,7,1.2634173e-05,1.9583432e-05,1.7162976e-05,8.9544535e-06,1.6084589e-05,0,0,0,0.59951337,1.2830933,1.4803928,0.46261297,0.85822991,1.0124079,0.95497233,1.343665,1.4749227,0,0,0,1.2117011,2.5943579,3.0927294,0.80675925,1.5313991,1.679536,1.9674198,2.6670518,2.9639272,0,0,0.065,1.9577029,4.2983919,5.1616506,1.4787492,2.4591774,2.7232574,2.909827,4.0413768,4.3916545,True,,ground_continuity_pass,True,False,,True,True,True,True,True,True,True,True,False,False
130,f0130,True,True,True,Pallet_3,cargo-only,,640,480,523.37472,523.37472,320,240,1.1368684e-13,1.5007046,1.5007046,label_recomputed,10,38.379,,1.4650135,104825,433,351,351,438.65148,366.02841,366.02841,571.30721,438.65148,324.6335,324.6335,545.71241,142400.97,43.22181,106835.32,6,6,6,6,True,True,6,8.0628385e-06,1.1514335e-05,1.624856e-06,1.7075473e-06,5.7626895e-05,0,0,0,0.29920787,0.51324998,0.60088998,0.26371641,0.48551914,0.53195787,1.0365162,1.4721766,1.6116371,0,0,0,0.5506511,1.1045998,1.3472557,0.5885428,0.99515716,1.1091383,1.9545154,2.9431338,3.2451394,0,0,0,0.80253013,1.7048209,1.9361522,0.9312107,1.6981814,1.9160809,2.9752592,4.5695131,5.1259764,True,,ground_continuity_pass,True,False,,True,True,True,True,True,True,True,True,False,False
132,f0132,True,True,True,Pallet_0,cargo-only,,640,480,605.9065,605.9065,320,240,1.1368684e-13,6.0469044,6.0469044,label_recomputed,10,12.763,,5.3261997,6243,156,58,58,176.73825,62.130125,62.130125,187.34076,148.20219,41.785212,41.785212,153.98018,6192.66,15.180706,3123.7447,5,5,6,5,True,True,6,1.5531372e-05,2.0783235e-05,0.00010190057,1.5696438e-05,1.7295507e-05,0,0.01,0.485,4.8173108,10.101579,11.825421,0.7390406,1.1572822,1.2950525,0.92921084,1.3320103,1.4543221,0,0.005,0.675,7.7372463,18.116775,22.221667,1.4254962,2.4866072,2.745477,1.764193,2.6756354,2.9537573,0,0.03,0.805,14.692619,32.952042,40.374663,2.3231123,4.259762,5.0244034,2.7929798,4.0808226,5.4085604,True,,ground_continuity_pass,True,False,,True,True,True,True,True,True,True,True,False,True
133,f0133,True,True,True,Pallet_1,cargo-only,,560,560,605.9065,605.9065,280,280,5.6843419e-14,4.3589151,4.3589151,label_recomputed,10,3.259,,4.2014069,5112,207,34,34,210.13299,34.25736,34.25736,212.90712,210.13299,31.867074,31.867074,212.53561,6696.3236,18.154058,5374.5601,8,7,8,7,True,True,8,2.767449e-06,3.9062163e-06,6.8276322e-06,0,2.7674491e-06,0,0,0.01,1.3278821,3.5116234,3.9761111,0.42549323,0.73836427,0.84114219,0.99957086,1.3602493,1.4568549,0,0,0.25,3.0006403,7.3006266,8.3154794,0.9154474,1.4659701,1.6019978,2.0224377,2.5981245,2.8307427,0,0,0.46,4.7147934,10.994836,12.912318,1.3172951,2.1308433,2.4336018,2.9098535,3.9084742,4.29093,True,,ground_continuity_pass,True,False,,True,True,True,True,True,True,True,False,False,False
134,f0134,True,True,True,Pallet_3,cargo-only,,640,480,570.12907,570.12907,320,240,1.1368684e-13,1.3854449,1.3854449,label_recomputed,10,24.501,,1.3690962,122412,566,340,340,634.07446,404.50796,404.50796,752.11509,266.39401,217.81295,217.81295,344.105,58024.066,62.14846,6822.2631,5,3,3,3,True,False,,,,,,,,,,,,,,,,,,,,,,,,,,,,,,,,,,,,,,,,,,,True,,ground_continuity_pass,False,False,,False,True,True,True,True,False,False,False,False,True
137,f0137,True,True,True,Pallet_2,cargo-only,,960,540,690.17432,690.17432,480,270,1.1368684e-13,5.9162358,5.9162358,label_recomputed,10,41.298,,5.5406515,8674,185,79,79,185.56688,155.23424,155.23424,241.9354,185.56688,79.231361,79.231361,201.77383,14702.717,16.875134,7325.1196,5,5,6,5,True,True,6,1.1726202e-05,1.6296166e-05,5.1785638e-05,7.2445096e-06,1.1726202e-05,0,0,0.32,3.2906155,8.3307998,9.3364795,1.0446184,1.9666824,2.151984,0.87959012,1.2875385,1.5038248,0,0,0.635,6.8114954,15.328985,17.635036,1.9962141,3.3285082,3.8231977,1.8208943,2.6262565,2.8920277,0,0,0.745,10.285131,25.301599,29.815678,2.9262225,5.293052,6.6211351,2.837952,3.8765957,4.1121902,True,,ground_continuity_pass,True,False,,True,True,True,True,True,True,True,True,False,True
138,f0138,True,True,True,Pallet_0,cargo-only,,720,480,693.49886,693.49886,360,240,1.1368684e-13,1.2369079,1.2369079,label_recomputed,10,3.378,,1.1679204,80454,472,225,225,1082.3432,231.91267,231.91267,1106.9103,363.10345,231.91267,231.91267,430.84522,84208.291,11.345696,53741.8,6,6,7,6,True,True,7,1.3683887e-05,2.4184183e-05,8.2237912e-06,0,7.7767737e-06,0,0,0,0.28668178,0.64550455,0.80893044,0.13913839,0.22608298,0.28414556,1.1406487,1.509483,1.6581178,0,0,0,0.59025068,1.2428708,1.4509742,0.27135121,0.50637401,0.58726261,2.2674606,3.0898288,3.3202752,0,0,0,0.9202847,2.233161,2.6777575,0.42933485,0.87561306,1.0572344,3.4594666,4.9156364,5.4984304,True,,ground_continuity_pass,True,False,,True,True,True,True,True,True,True,True,False,False
139,f0139,True,True,True,Pallet_3,cargo-only,,640,480,605.9065,605.9065,320,240,1.1368684e-13,2.216182,2.216182,label_recomputed,10,5.08,,2.0672563,14353,440,38,38,448.11097,93.306199,93.306199,457.72207,439.03096,29.697911,29.697911,440.03426,13038.302,48.918678,7871.425,5,4,5,4,True,True,5,0.00020431837,0.00035754053,0.00029803081,1.6903856e-05,0.0068986304,0,0.01,0.415,1.8123917,17.726673,35.869442,0.36801153,0.82879044,6.4391375,1.3914877,10.474123,17.709015,0,0.005,0.53,8.8511248,19.267224,29.014446,0.65238199,1.3079681,2.0597363,6.7956566,11.320779,19.66949,0,0,0.385,3.5992178,23.690982,51.00636,0.98349406,2.0082039,16.253129,3.2657775,12.964274,36.088656,True,,ground_continuity_pass,True,False,,True,True,True,True,True,True,True,False,False,True
140,f0140,True,True,True,Pallet_0,cargo-only,,960,540,509.84334,509.84334,480,270,5.6843419e-14,23.56661,23.56661,label_recomputed,10,30.74,,23.56661,353,26,18,18,26.702166,18.049574,18.049574,32.230309,26.702166,18.049574,18.049574,32.230309,481.96273,2.7221007,356.46661,8,8,9,8,True,True,9,1.0590037e-05,1.4336839e-05,0.0005787543,3.9347759e-05,1.1188778e-05,0,0.225,0.965,54.0654,145.76731,181.31661,3.1536502,5.4576248,6.0082928,1.021843,1.313368,1.3585116,0,0.57,0.995,117.05596,255.07025,279.66364,6.2920083,10.650898,12.678701,2.0320377,2.5961598,2.8509297,0,0.77,1,174.96472,471.17855,558.61999,10.530299,111.1896,118.24132,3.0543676,3.969391,4.216269,False,camera_distance_over_limit,ground_continuity_pass,True,False,,True,True,True,True,True,True,False,False,False,True
141,f0141,True,True,True,Pallet_3,cargo-only,,560,560,693.32862,693.32862,280,280,1.1368684e-13,10.453733,10.453733,label_recomputed,10,11.768,,9.3820461,1218,51,34,34,71.883379,36.455482,36.455482,80.599146,33.324359,31.112817,31.112817,45.590792,1036.8147,8.3534737,518.33075,4,4,5,4,True,True,5,1.0206001e-05,2.2741088e-05,0.00071225831,1.2891699e-05,1.0207713e-05,0,0.485,0.965,82.974964,3880.1974,4154.364,3.00288,89.2519,106.83044,1.4648234,11.513222,11.933147,0,0.63,0.985,178.49257,3735.9916,4109.586,4.8738078,85.325546,98.036605,2.9816629,11.834367,16.027984,0,0.725,0.995,287.95608,3979.512,4625.4598,8.31852,81.55061,99.612129,4.0681712,12.940549,14.050672,False,camera_distance_over_limit,ground_continuity_pass,True,False,,True,True,True,True,True,True,True,False,False,True
142,f0142,True,True,True,Pallet_2,cargo-only,,640,480,605.9065,605.9065,320,240,1.1368684e-13,2.3233905,2.3233905,label_recomputed,10,21.136,,2.1818535,29458,428,97,97,429.6656,244.15063,244.15063,494.18828,429.6656,79.283155,79.283155,436.91915,34065.244,37.562104,16986.574,4,4,5,4,True,True,5,8.1367293e-06,1.6202265e-05,2.0350691e-06,4.5177455e-06,7.9665338e-06,0,0,0.005,0.73485465,1.4036929,1.6593523,0.49039702,0.81690074,0.99203436,0.74433559,1.2382925,1.3473622,0,0.005,0.015,1.502456,3.1172461,3.5193646,0.95611481,1.6118849,1.9692668,1.5820088,2.5042868,2.7403573,0,0,0.075,2.0652357,4.3196439,5.6260441,1.4429796,2.7010007,3.0658107,2.4073332,3.6700039,3.9299876,True,,ground_continuity_pass,True,False,,True,True,True,True,True,True,True,True,False,False
143,f0143,True,True,True,Pallet_1,cargo-only,,640,480,687.61367,687.61367,320,240,5.6843419e-14,1.5107551,1.5107551,label_recomputed,10,26.136,,1.4740145,150287,637,343,343,723.35941,392.05003,392.05003,822.77096,66.371144,332.08546,66.371144,338.65304,22040.892,56.794914,2452.1503,5,4,4,4,True,True,4,1.0492585e-05,1.1839953e-05,2.1867272e-05,5.3997387e-06,1.0492585e-05,0,0,0,1.1297672,2.4946772,2.7237725,0.64285093,1.22181,1.4718532,0.40217857,0.79881161,0.95108983,0.08,0.08,0.145,1.9835961,4.139267,5.2485374,1.2187289,2.3732763,2.7588241,0.88588436,1.5414409,1.666365,0.17,0.17,0.325,3.2396843,6.0620253,7.1635402,1.936058,3.8151934,4.5780592,1.2730495,2.3609323,2.7671052,True,,ground_continuity_pass,True,False,,True,True,True,True,True,True,True,True,False,True
145,f0145,True,True,True,Pallet_1,cargo-only,,640,480,630.3309,630.3309,320,240,1.1368684e-13,31.638421,31.638421,label_recomputed,10,4.587,,28.255753,79,20,5,5,35.697248,6.0370424,6.0370424,36.204135,17.815459,3.0236846,3.0236846,18.070231,53.868328,3.0254395,26.861133,4,2,3,2,True,False,,,,,,,,,,,,,,,,,,,,,,,,,,,,,,,,,,,,,,,,,,,False,camera_distance_over_limit,ground_continuity_pass,False,False,,False,True,True,True,True,False,False,False,True,True
146,f0146,True,True,True,Pallet_2,cargo-only,,640,480,605.9065,605.9065,320,240,0,6.8319623,6.8319623,label_recomputed,10,64.423,,6.8319623,8500,123,105,105,123.37294,106.41209,106.41209,162.92457,123.37294,106.41209,106.41209,162.92457,13128.373,6.1119843,9240.9787,8,8,8,8,True,True,8,5.8518424e-06,1.3111962e-05,4.0405938e-05,1.8070982e-05,5.0312532e-06,0,0,0.275,3.0820356,7.6446508,8.7316569,1.5442096,2.6804565,2.8415508,0.98782871,1.3196691,1.3850937,0,0,0.665,7.0083968,17.131558,20.981898,3.0704044,5.1834084,5.7384037,2.023771,2.6999142,2.8305829,0,0,0.865,9.737446,23.158858,26.539693,5.0559556,8.8067713,11.239417,3.0312394,4.2417111,4.5691588,True,,ground_continuity_pass,True,False,,True,True,True,True,True,True,True,True,False,True
147,f0147,True,True,True,Pallet_3,controlled-occlusion,,720,480,674.82412,674.82412,360,240,1.1368684e-13,3.1170631,3.1170631,label_recomputed,10,11.125,,2.9719315,20624,346,87,87,350.06953,102.21711,102.21711,364.68755,274.52041,36.043986,36.043986,276.87655,9894.8098,36.308244,6137.6887,7,4,5,4,True,True,5,8.1059548e-06,1.4466254e-05,2.8424983e-05,6.6133022e-06,5.8926033,0,0.08,0.545,7.6669263,58.278258,92.023694,3.9520993,39.378511,40.897045,12.291885,48.058355,52.365306,0,0.12,0.635,7.7101984,69.031394,103.31882,2.3057213,37.103293,141.23264,7.7865294,41.543085,48.071586,0,0.075,0.72,8.7975017,47.083448,85.782861,3.2776937,35.62479,40.303335,8.269622,44.570863,49.217715,True,,ground_continuity_pass,True,False,,True,True,True,True,True,True,True,True,False,True
148,f0148,True,True,True,Pallet_3,cargo-only,,720,480,525.31297,525.31297,360,240,2.2737368e-13,1.6535362,1.6535362,label_recomputed,10,1.169,,1.5613115,27030,383,97,97,568.69802,98.325844,98.325844,577.13552,280.70544,98.325844,98.325844,297.42817,27600.6,29.246769,19430.284,6,6,7,6,True,True,7,1.6164868e-05,3.0190684e-05,1.7233101e-06,4.1826196e-06,1.37941e-05,0,0,0,0.67358901,1.7605397,1.9915432,0.2841207,0.54126006,0.61419993,0.99630778,1.3308994,1.381347,0,0,0.005,1.4662301,3.4746506,4.0139722,0.59221687,1.0959422,1.221131,2.0595045,2.749676,2.9106253,0,0,0.14,2.3120027,5.4557611,6.7453448,0.83811825,1.6386782,1.8235663,3.2379038,4.3296553,4.6004285,True,,ground_continuity_pass,True,False,,True,True,True,True,True,True,True,True,False,False
149,f0149,True,True,True,Pallet_2,cargo-only,,640,480,514.56976,514.56976,320,240,2.2737368e-13,1.0034745,1.0034745,label_recomputed,10,23.82,,0.95847605,181031,640,329,329,1348.0939,421.44085,421.44085,1412.4339,257.4576,111.73403,111.73403,280.65799,28766.776,63.478201,7882.8771,2,2,3,2,True,False,,,,,,,,,,,,,,,,,,,,,,,,,,,,,,,,,,,,,,,,,,,True,,ground_continuity_pass,False,False,,False,True,True,True,True,False,False,False,False,True
150,f0150,True,True,True,Pallet_0,controlled-occlusion,,640,480,675.83718,675.83718,320,240,1.1368684e-13,7.5451706,7.5451706,label_recomputed,10,19.644,,7.1675367,4835,142,46,46,144.61316,63.527956,63.527956,157.95179,73.442587,39.402532,39.402532,83.344905,2893.8239,12.627992,1531.5272,6,4,5,4,True,True,5,7.2246922e-06,1.3038363e-05,0.00016479567,1.5080649e-05,1.0334117e-05,0,0.245,0.85,18.115072,284.98754,360.1163,1.7331595,40.65843,46.085723,0.88543093,13.037715,14.714206,0,0.29,0.93,32.232765,355.84231,391.22585,4.0850922,39.302599,44.932454,2.0072835,12.795553,15.118102,0,0.375,0.97,66.16036,380.43237,457.86158,5.9924847,34.104611,45.754866,3.2880112,11.231585,12.91646,True,,ground_continuity_pass,True,False,,True,True,True,True,True,True,True,True,False,True
151,f0151,True,True,True,Pallet_1,cargo-only,,560,560,605.9065,605.9065,280,280,5.6843419e-14,11.965489,11.965489,label_recomputed,10,2.608,,11.508484,593,67,11,11,67.409563,11.020916,11.020916,68.304537,67.409563,11.020916,11.020916,68.304537,742.91514,7.0277408,659.38724,8,8,8,8,True,True,8,4.5838021e-06,7.6302145e-06,6.5298358e-05,7.3444386e-06,4.5818245e-06,0,0,0.77,13.280202,30.344394,32.238161,1.0147489,1.7362534,1.9665769,0.97868925,1.3350891,1.4344114,0,0,0.91,23.283459,52.922587,67.383622,2.1474551,3.3982426,3.6473083,1.9367431,2.4884666,2.6904267,0,0.07,0.95,34.986704,89.100888,106.29892,3.3071793,6.1138125,7.8738742,2.8731138,4.1684756,5.0994038,False,camera_distance_over_limit,ground_continuity_pass,True,False,,True,True,True,True,True,False,False,False,True,True
152,f0152,True,True,True,Pallet_3,cargo-only,,960,540,336.11078,336.11078,480,270,5.6843419e-14,1.4405988,1.4405988,label_recomputed,10,48.338,,1.4405988,51646,334,316,316,339.4512,319.67561,319.67561,466.28276,339.4512,319.67561,319.67561,466.28276,108514.27,11.882073,57373.71,8,8,9,8,True,True,9,1.437583e-05,3.0797186e-05,9.294117e-06,6.8301892e-06,1.6182241e-05,0,0,0,0.46598098,0.8402843,0.97369727,0.45342392,0.76610561,0.87015086,1.1512607,1.5508079,1.6683061,0,0,0,0.82179758,1.5894899,2.2084695,0.84189193,1.4088127,1.5853583,2.3361122,3.122044,3.3242119,0,0,0.01,1.3031027,2.6126931,3.2242065,1.3747889,2.3087243,2.8493674,3.4879634,4.595291,5.2520011,True,,ground_continuity_pass,True,False,,True,True,True,True,True,True,True,True,False,False
153,f0153,True,True,True,Pallet_0,cargo-only,,640,480,617.83654,617.83654,320,240,2.8421709e-14,1.0797143,1.0797143,label_recomputed,10,9.062,,1.078903,133421,640,264,264,1212.0093,303.78225,303.78225,1249.5,162.28424,63.345018,63.345018,174.20897,10279.898,53.309275,4271.2438,2,2,3,2,True,False,,,,,,,,,,,,,,,,,,,,,,,,,,,,,,,,,,,,,,,,,,,True,,ground_continuity_pass,False,False,,False,True,True,True,True,False,False,False,False,True
154,f0154,True,True,True,Pallet_1,cargo-only,,720,480,410.55814,410.55814,360,240,5.6843419e-14,1.0705684,1.0705684,label_recomputed,10,39.739,,1.0698704,138998,611,362,362,618.5359,497.20638,497.20638,793.59992,584.79931,135.644,135.644,600.32452,79324.518,41.774706,10024.322,5,3,3,3,True,False,,,,,,,,,,,,,,,,,,,,,,,,,,,,,,,,,,,,,,,,,,,True,,ground_continuity_pass,False,False,,False,True,True,True,True,False,False,False,False,True
155,f0155,True,True,True,Pallet_2,cargo-only,,640,480,586.03367,586.03367,320,240,1.1368684e-13,1.9788974,1.9788974,label_recomputed,10,26.979,,1.922535,67726,439,271,271,440.78547,279.02648,279.02648,521.67769,440.78547,244.56425,244.56425,504.0868,107800.37,48.527111,58878.99,7,6,6,6,True,True,6,1.1757743e-05,2.237289e-05,6.8749463e-06,1.7075473e-06,1.125885e-05,0,0,0,0.39963564,0.75440549,0.86983922,0.26780692,0.51806824,0.56507594,0.94839673,1.4283728,1.5138859,0,0,0,0.73464685,1.6870884,1.946724,0.49878746,0.9951976,1.2754998,1.8845146,2.8689917,3.0968493,0,0,0.005,1.3005405,2.4580463,2.9697953,0.87531257,1.4066466,1.7109545,2.7329729,4.0980565,4.5110972,True,,ground_continuity_pass,True,False,,True,True,True,True,True,True,True,True,False,False
157,f0157,True,True,True,Pallet_2,cargo-only,,960,540,469.42228,469.42228,480,270,1.1368684e-13,11.728965,11.728965,label_recomputed,10,6.049,,11.074791,499,52,15,15,53.244193,14.964145,14.964145,55.307049,53.244193,13.049938,13.049938,54.820114,694.83341,6.922632,545.60427,8,7,7,7,True,True,7,1.2001002e-05,1.4869663e-05,0.00017290707,2.5037558e-05,1.2001002e-05,0,0,0.875,17.064426,35.866485,41.126272,1.4123573,2.2188887,2.451614,0.98640458,1.3589513,1.4137937,0,0.04,0.965,29.199098,71.779522,93.088181,2.976449,5.2150692,7.2249603,1.9678873,2.7779448,9.7563051,0,0.215,0.99,49.694462,137.90213,160.91455,5.029435,11.331005,39.440882,2.9431354,8.1159485,17.546476,False,camera_distance_over_limit,ground_continuity_pass,True,False,,True,True,True,True,True,False,False,False,True,True
158,f0158,True,True,True,Pallet_1,controlled-occlusion,,640,480,589.18511,589.18511,320,240,2.8421709e-14,2.5829584,2.5829584,label_recomputed,10,6.236,,2.438896,14675,279,79,79,399.27048,79.601071,79.601071,407.12805,172.17338,33.472327,33.472327,175.39689,5763.0436,6.2194147,5220.4466,6,5,6,5,True,True,6,7.0543788e-06,2.1306521e-05,1.9265702e-06,3.6222548e-06,6.560215e-06,0,0,0.005,1.266866,2.7273462,3.2908888,0.33132443,0.62660115,0.67846366,0.91037546,1.2951781,1.3905778,0,0,0.14,2.3670073,5.5267282,6.3269959,0.68299567,1.1284791,1.2857839,1.7431069,2.4913021,2.8112349,0,0,0.345,3.5042467,8.2940831,9.4257372,0.99493064,1.8928012,2.162359,2.735081,3.7871003,3.9446003,True,,ground_continuity_pass,True,False,,True,True,True,True,True,True,True,True,False,False
159,f0159,True,True,True,Pallet_3,cargo-only,,640,480,605.9065,605.9065,320,240,0,1.5672524,1.5672524,label_recomputed,10,12.917,,1.5487584,72117,511,237,237,518.21348,239.73495,239.73495,570.97991,518.21348,228.46324,228.46324,566.3397,118392.73,46.12808,77789.656,8,6,7,6,True,True,7,7.3295311e-05,0.00022674846,1.0711164e-05,6.8301892e-06,6.8222603e-05,0,0,0,0.23195308,0.45798813,0.52936952,0.17434727,0.28993666,0.32037732,1.0088981,1.3986003,1.4735124,0,0,0,0.48175031,0.93264187,1.0082981,0.35039361,0.58116602,0.65787777,2.0184026,2.8866998,3.1608916,0,0,0,0.70852295,1.2477555,1.4154448,0.52504447,0.83468042,0.90779243,3.170324,4.3209461,4.6043119,True,,ground_continuity_pass,True,False,,True,True,True,True,True,True,True,True,False,False
160,f0160,True,True,True,Pallet_1,controlled-occlusion,,640,480,574.11803,574.11803,320,240,5.6843419e-14,6.4112324,6.4112324,label_recomputed,10,31.227,,5.8043952,7601,150,98,98,151.35514,98.581803,98.581803,180.62877,113.95545,98.581803,98.581803,150.67919,11233.934,10.79158,4689.0916,8,6,7,6,True,True,7,3.2651043e-06,4.6912992e-06,3.22451e-05,3.1945285e-06,3.372491e-06,0,0,0.435,4.1316402,9.7606171,11.104998,0.864997,1.549692,1.8243825,0.95590879,1.2332947,1.2974014,0,0.005,0.725,8.7775252,22.178515,26.199746,1.8654478,3.1512184,3.4393148,1.9216027,2.567253,2.7841652,0,0.025,0.79,12.556619,35.777368,42.840768,2.7562982,5.3038265,6.3208727,2.8583561,3.8678967,4.307154,True,,ground_continuity_pass,True,False,,True,True,True,True,True,True,True,True,False,True
161,f0161,True,True,True,Pallet_0,cargo-only,,960,540,605.9065,605.9065,480,270,1.1368684e-13,1.0111237,1.0111237,label_recomputed,10,76.942,,0.9964465,277400,889,539,539,947.80036,1077.703,947.80036,1435.1896,488.54554,325.96294,325.96294,587.30621,159247.74,61.684196,77913.195,3,3,4,3,True,True,4,6.9390954e-05,0.00022439861,5.2382508e-05,5.9446193e-05,8.5644727e-05,0,0,0.005,1.59919,3.0360721,3.7755844,1.5416784,3.1922511,3.6671381,1.7307094,4.1082614,4.5958902,0,0,0.265,3.3953394,6.295754,7.3022604,3.3429932,6.4365267,8.2444722,3.6953694,8.1384809,9.7553498,0,0,0.57,5.1180879,10.131365,12.634435,5.1134151,10.640944,13.085805,5.094985,13.003181,15.665302,True,,ground_continuity_pass,False,False,,False,True,True,True,True,True,True,True,False,False
163,f0163,True,True,True,Pallet_2,cargo-only,,640,480,492.00615,492.00615,320,240,1.4210855e-14,2.5571362,2.5571362,label_recomputed,10,7.226,,2.3172225,13899,322,69,69,327.7874,94.568549,94.568549,341.15655,314.09711,60.655353,60.655353,319.90009,19051.671,9.1950159,9690.8615,5,5,6,5,True,True,6,4.4701937e-06,5.6518398e-06,2.8245276e-06,1.2074183e-06,4.470194e-06,0,0,0,0.92742007,2.0312205,2.5701096,0.32777951,0.55187451,0.61092795,0.93702336,1.3466603,1.4639117,0,0.005,0.03,1.6299167,3.954454,4.538026,0.66452171,1.0290282,1.1522417,1.7866595,2.6049104,2.7752514,0,0.01,0.21,2.9325511,6.7116643,7.8157291,0.94281805,1.6715502,1.807628,2.7161317,3.8121157,4.478314,True,,ground_continuity_pass,True,False,,True,True,True,True,True,True,True,True,False,False
164,f0164,True,True,True,Pallet_0,cargo-only,,560,560,605.9065,605.9065,280,280,5.6843419e-14,23.36532,23.36532,label_recomputed,10,66.132,,23.36532,712,36,37,36,37.594173,37.666673,37.594173,53.217479,37.594173,37.666673,37.594173,53.217479,1416.0474,1.474249,784.60651,8,8,8,8,True,True,8,5.2439374e-06,9.8736618e-06,8.3379398e-05,2.839359e-05,4.9957056e-06,0,0.145,0.985,39.204168,102.71679,117.0276,6.6482183,13.152765,18.789907,1.0163584,1.3633552,1.4711921,0,0.46,1,79.498031,187.51937,222.08892,15.260676,49.755019,54.578503,1.8871731,2.6051087,2.795229,0,0.76,1,150.83916,312.2569,350.44293,26.642756,59.032972,62.307586,2.9832378,4.0415389,4.203314,False,camera_distance_over_limit,ground_continuity_pass,True,False,,True,True,True,True,True,True,True,True,False,True
165,f0165,True,True,True,Pallet_2,cargo-only,,960,540,658.27514,658.27514,480,270,2.2737368e-13,0.89812088,0.89812088,label_recomputed,10,1.095,,0.86492651,208604,960,295,295,2135.1952,520.11903,520.11903,2197.6311,600.48209,108.64097,108.64097,610.23078,65236.957,84.779021,56801.689,4,4,5,4,True,True,5,2.1829874e-05,2.5674148e-05,3.5013378e-06,2.4148365e-06,4.8454969e-05,0,0,0,0.36587483,0.64221172,0.70859353,0.25494602,0.434909,0.55184481,1.2135914,1.9001906,2.1380507,0,0,0.02,0.74370068,1.3872081,1.5448641,0.56846386,0.94860007,1.0487734,2.3172148,4.236139,4.8134223,0,0,0.01,1.1369704,1.84393,2.0001681,0.79990174,1.246636,1.5018704,3.2214058,5.9636537,7.2749852,True,,ground_continuity_pass,True,False,,True,True,True,True,True,True,True,True,False,False
166,f0166,True,True,True,Pallet_3,cargo-only,,640,480,427.7173,427.7173,320,240,5.6843419e-14,8.0229186,8.0229186,label_recomputed,10,17.288,,7.6360752,1590,78,33,33,79.663419,33.774187,33.774187,86.527198,79.663419,30.416614,30.416614,85.272684,2423.0915,7.8828684,1254.1279,8,6,7,6,True,True,7,2.734432e-06,3.2265905e-06,1.8244297e-05,2.0913098e-06,3.1130499e-06,0,0,0.67,7.4101809,17.507833,20.149434,1.5148601,2.591141,3.1302324,0.96824953,1.3099422,1.4476628,0,0,0.91,18.137629,38.85452,47.300484,3.3993034,26.101097,30.976419,1.8795392,9.6381487,10.483451,0,0,0.975,27.254006,54.162449,63.246088,5.5165117,30.462696,33.846349,3.0426784,10.766267,11.641506,True,,ground_continuity_pass,True,False,,True,True,True,True,True,True,True,False,False,True
167,f0167,True,True,True,Pallet_1,cargo-only,,640,480,605.9065,605.9065,320,240,5.6843419e-14,3.3044469,3.3044469,label_recomputed,10,10.71,,2.996345,9926,177,71,71,338.1962,73.861826,73.861826,346.16794,138.48537,68.060471,68.060471,154.30628,9425.3798,23.073956,4579.5503,4,4,5,4,True,True,5,6.1939861e-06,9.4074377e-06,4.9889973e-05,4.5177455e-06,6.6157731e-06,0,0.015,0.105,2.104053,5.0302111,6.1595915,0.59994149,1.030387,1.2429113,0.77227418,1.186617,1.3499901,0,0.08,0.5,4.9820616,19.312576,162.84105,1.162642,2.8503544,32.186996,1.5990245,3.0886608,31.278977,0,0.125,0.71,9.5858781,161.95057,228.763,2.1155319,31.933039,34.492525,2.4842832,32.165122,36.388332,True,,ground_continuity_pass,True,False,,True,True,True,True,True,True,True,True,False,True
169,f0169,True,True,True,Pallet_3,cargo-only,,640,480,558.4267,558.4267,320,240,5.6843419e-14,1.6197186,1.6197186,label_recomputed,10,20.865,,1.6197186,75771,582,174,174,589.75592,174.78764,174.78764,615.11199,589.75592,174.78764,174.78764,615.11199,103082.04,40.090997,64580.928,8,6,7,6,True,True,7,1.1882157e-05,2.556363e-05,4.864247e-06,2.6998693e-06,1.1392096e-05,0,0,0,0.43579197,0.74938975,0.89888093,0.35670063,0.65544365,0.76224805,1.3865339,2.2463591,2.4896179,0,0,0,0.72534055,1.3628848,1.6179349,0.69571528,1.2189819,1.2763615,2.4570425,4.1987985,4.9423244,0,0,0,1.3342973,2.3264336,2.5737495,1.1407253,2.0123411,2.5224501,3.8330762,6.5855119,7.6977739,True,,ground_continuity_pass,True,False,,True,True,True,True,True,True,True,True,False,False
170,f0170,True,True,True,Pallet_0,controlled-occlusion,,640,480,626.84131,626.84131,320,240,5.6843419e-14,2.9721983,2.9721983,label_recomputed,10,14.276,,2.7920334,26241,288,130,130,292.79419,132.70908,132.70908,321.4656,131.89233,114.43156,114.43156,174.61434,15092.645,30.189738,7524.9883,8,4,5,4,True,True,5,1.2395882e-05,1.741424e-05,1.7307583e-05,9.1954236e-06,1.1025278e-05,0,0.045,0.115,2.1140563,5.983267,8.8299501,0.54544004,1.1194406,1.5129806,0.78919817,1.3084847,1.7628506,0,0.195,0.545,5.7277067,357.06719,488.67659,1.1650472,57.369727,66.76141,1.827871,39.581653,52.765943,0,0.265,0.645,7.3745042,314.71882,394.51399,1.8376119,60.582207,64.798129,2.7288168,50.893974,62.02517,True,,ground_continuity_pass,False,False,,True,True,False,True,True,True,True,True,False,True
172,f0172,True,True,True,Pallet_0,cargo-only,,560,560,495.86635,495.86635,280,280,1.1368684e-13,1.1775026,1.1775026,label_recomputed,10,2.686,,1.1103747,62971,517,158,158,953.15587,206.05316,206.05316,975.17384,389.51902,96.665345,96.665345,401.33435,37652.991,40.663136,22331.243,4,4,5,4,True,True,5,2.0903225e-05,3.9380931e-05,3.9680295e-05,1.80306e-05,1.9765269e-05,0,0.01,0.01,0.37512394,0.78957769,0.93214736,0.358336,0.60782235,0.67938393,0.89701998,1.3188134,1.51936,0,0,0,0.81443349,1.521521,1.7277868,0.70745133,1.233647,1.4092316,1.7382102,2.7456437,3.021492,0,0,0,1.2395029,2.472891,2.7428117,1.0241872,1.8669119,2.2148894,2.4092179,3.7210494,4.4371577,True,,ground_continuity_pass,False,False,,True,True,True,True,False,True,True,True,False,False
173,f0173,True,True,True,Pallet_1,cargo-only,,640,480,605.9065,605.9065,320,240,5.6843419e-14,2.5001864,2.5001864,label_recomputed,10,15.389,,2.2770565,25459,270,110,110,418.47863,127.36607,127.36607,437.43168,159.51806,69.085677,69.085677,173.83568,11020.413,29.324083,5501.242,5,3,4,3,True,True,4,4.1103647e-05,0.00012147024,5.7452278e-05,3.7952135e-05,4.1103647e-05,0,0,0.775,9.8664406,22.971666,27.589054,1.8790637,5.1219322,5.5596693,2.3606657,4.6493344,5.4752889,0,0.005,0.91,20.899123,45.57425,59.005487,4.1523154,8.526176,10.017237,5.1103224,8.9776611,9.8915453,0,0.035,0.97,31.019177,71.736485,82.992161,6.2530034,13.193854,16.752875,7.6873552,14.037294,16.563582,True,,ground_continuity_pass,False,False,,False,True,True,True,True,True,True,True,False,True
174,f0174,True,True,True,Pallet_2,controlled-occlusion,,960,540,415.6963,415.6963,480,270,5.6843419e-14,4.2686685,4.2686685,label_recomputed,10,11.342,,4.2686685,4274,144,48,48,144.19013,48.217691,48.217691,152.03861,78.005478,48.217691,48.217691,91.704964,3761.2441,11.023085,2410.9746,8,6,7,6,True,True,7,1.6296736e-05,3.2453977e-05,0.00011314382,1.311592e-05,1.6376871e-05,0,0,0.425,4.1849304,10.110752,13.5204,0.70408384,1.2791682,1.3479239,0.969759,1.2863026,1.4054359,0,0,0.755,9.2486981,21.147591,24.496612,1.5590323,2.8880812,3.2898783,1.8449731,2.6090942,2.856321,0,0,0.82,12.731317,35.669993,41.710195,2.261363,3.9900143,4.8411386,2.850404,4.0267628,4.5629882,True,,ground_continuity_pass,True,False,,True,True,True,True,True,True,True,True,False,True
176,f0176,True,True,True,Pallet_0,cargo-only,,640,480,405.94637,405.94637,320,240,5.6843419e-14,2.4165571,2.4165571,label_recomputed,10,42.313,,2.0892629,38213,249,218,218,343.90506,222.28577,222.28577,409.4895,106.41914,189.49607,106.41914,217.33338,20166.01,19.039588,2907.0553,6,4,4,4,True,True,4,1.1254865e-05,1.8949459e-05,3.2890342e-05,1.4080796e-05,1.1585e-05,0,0,0.635,7.1121762,15.091417,17.94048,4.2330067,7.1447542,7.9177056,0.83070271,1.5995229,1.7547354,0,0.05,0.88,13.304955,30.44973,42.57354,7.6250533,14.699128,27.454051,1.6189557,3.0344182,3.5347477,0,0.24,0.985,24.922611,110.85458,115.65689,13.577497,137.31992,140.55697,2.4817726,4.6604948,5.2068804,True,,ground_continuity_pass,True,False,,True,True,True,True,True,True,True,True,False,True
177,f0177,True,True,True,Pallet_1,cargo-only,,720,480,432.8351,432.8351,360,240,2.2737368e-13,1.1125174,1.1125174,label_recomputed,10,3.878,,1.0725944,62383,720,127,127,841.06544,129.0755,129.0755,850.91219,342.11191,44.734631,44.734631,345.02427,15304.25,37.097355,13703.281,4,4,5,4,True,True,5,7.6552567e-06,9.1419413e-06,1.3698414e-05,1.266351e-05,8.3950776e-06,0,0,0,0.57846119,0.99619314,1.1107923,0.43711088,0.75801004,0.85603295,0.89285851,1.4151924,1.5298928,0,0.01,0.035,1.1900736,2.1405579,2.8432668,0.90868351,1.5821734,1.8184701,1.7189437,2.602151,3.2033546,0,0,0.03,1.623732,3.2084911,4.283524,1.3125201,2.3133033,2.6272221,2.6538859,4.3394558,5.4644634,True,,ground_continuity_pass,False,False,,True,True,True,True,False,True,True,True,False,False
178,f0178,True,True,True,Pallet_2,cargo-only,,960,540,506.8075,506.8075,480,270,1.1368684e-13,0.61956154,0.61956154,label_recomputed,10,31.57,,0.58500586,366207,960,435,435,4488.6827,8163.349,4488.6827,9316.0367,605.05888,201.92096,201.92096,637.86231,122174.07,82.088146,84289.647,4,4,5,4,True,True,5,2.4500135e-05,5.3602411e-05,1.9338892e-05,1.3281601e-05,127.058,0,0,0,0.30802046,0.51088663,0.58810892,0.26447396,0.52631675,0.60801493,1.2760599,2.2670704,2.637034,0,0.005,0.005,0.58929974,0.98418888,1.1703069,0.54116774,1.0971169,1.2593576,2.641131,4.5489943,5.0367168,0,0.005,0.005,0.94431239,1.4099772,1.5602845,0.84408357,1.4943646,1.838095,3.7233137,6.8196755,7.787863,True,,ground_continuity_pass,True,False,,True,True,True,True,True,True,True,True,False,False
179,f0179,True,True,True,Pallet_3,cargo-only,,640,480,605.9065,605.9065,320,240,1.1368684e-13,14.485711,14.485711,label_recomputed,10,14.311,,12.93695,789,49,26,26,63.819391,26.356516,26.356516,69.047669,43.57602,26.356516,26.356516,50.926765,1148.512,6.56215,635.3727,6,6,7,6,True,True,7,1.2477579e-05,1.9769506e-05,0.00027198149,2.1867275e-05,1.2476426e-05,0,0.2,0.92,32.885249,89.236116,110.31287,1.7643993,52.319318,52.936453,1.0136321,22.644213,23.216373,0,0.43,0.965,65.28951,264.30806,791.68213,3.8749998,53.18061,54.818653,2.2336035,22.92841,24.250207,0,0.5,0.99,82.256624,775.79647,1511.5812,6.4766981,56.718242,58.698639,3.1973279,21.727293,23.285011,False,camera_distance_over_limit,ground_continuity_pass,True,False,,True,True,True,True,True,True,True,False,False,True
180,f0180,True,True,True,Pallet_2,cargo-only,,720,480,417.36428,417.36428,360,240,1.1368684e-13,14.622284,14.622284,label_recomputed,10,6.943,,13.806738,354,47,12,12,46.951362,11.449847,11.449847,48.327315,46.951362,8.7945265,8.7945265,47.767919,412.915,5.5110798,334.04606,8,7,7,7,True,True,7,8.8280047e-06,1.1828595e-05,0.00019988902,2.6425639e-05,5.075666e-06,0,0.01,0.865,20.54258,49.950072,61.117916,2.1925684,3.6883842,4.3643303,0.94884463,1.3302812,1.5450806,0,0.205,0.985,50.199593,125.10514,150.353,4.550965,11.414308,40.211438,1.9606564,3.3201799,11.373862,0,0.315,0.995,63.623615,181.59363,232.78424,6.932353,32.056552,38.370002,2.896269,9.2918311,11.983445,False,camera_distance_over_limit,ground_continuity_pass,True,False,,True,True,True,True,True,False,False,False,True,True
181,f0181,True,True,True,Pallet_1,controlled-occlusion,,960,540,605.9065,605.9065,480,270,5.6843419e-14,2.6325968,2.6325968,label_recomputed,10,23.062,,2.3511291,44749,380,223,223,426.924,226.8768,226.8768,483.46374,237.61815,226.8768,226.8768,328.53534,53910.046,25.527284,9341.8614,6,4,4,4,True,True,4,1.2659121e-05,2.4930934e-05,4.7652485e-05,2.0843271e-05,1.2659122e-05,0,0,0.29,2.8068359,7.8583358,9.9357981,1.5376429,3.1247926,3.6517475,0.45558751,0.83257816,0.94222699,0,0,0.63,5.5187673,15.123305,18.750519,3.1597923,5.4803903,6.4811791,0.87795477,1.6852078,1.9367193,0,0,0.83,10.099478,22.690989,27.346294,4.6893167,8.7871728,11.685403,1.3488734,2.3146982,2.7993326,True,,ground_continuity_pass,True,False,,True,True,True,True,True,True,True,True,False,True
182,f0182,True,True,True,Pallet_0,cargo-only,,560,560,418.00184,418.00184,280,280,3.5527137e-14,8.1168572,8.1168572,label_recomputed,10,9.717,,7.0175247,1532,85,26,26,99.288843,26.106052,26.106052,102.66353,61.37666,19.869447,19.869447,64.512706,1219.5203,8.6019283,705.01327,6,5,6,5,True,True,6,8.1332739e-06,2.1986764e-05,5.4505319e-05,4.6763109e-06,7.7321959e-06,0,0.135,0.75,11.488609,35.437093,46.267234,1.416007,59.070715,59.671698,0.92150646,25.884628,26.305921,0,0.32,0.935,28.616454,62.908871,89.447039,3.3557645,60.425789,61.318104,2.0899422,26.630218,26.946228,0,0.285,0.95,36.682536,81.495758,194.4535,4.7894237,60.826612,62.183759,3.0117321,25.890468,27.015217,True,,ground_continuity_pass,True,False,,True,True,True,True,True,True,False,False,False,True
183,f0183,True,True,True,Pallet_3,cargo-only,,640,480,674.54895,674.54895,320,240,2.8421709e-14,1.4301934,1.4301934,label_recomputed,10,12.067,,1.393089,107537,615,264,264,705.64144,265.01978,265.01978,753.76742,121.37092,260.05044,121.37092,286.97932,31562.562,55.93956,12089.543,6,4,4,4,True,True,4,1.0336203e-05,1.6902778e-05,2.8026385e-06,1.2074183e-06,1.0336203e-05,0,0,0,0.74057465,1.4204203,1.6948124,0.49002549,0.97712048,1.1444104,0.42679949,0.78891149,0.87011605,0,0,0,1.4176002,2.5979524,3.1601077,0.8800266,1.9147443,2.2076445,0.8541051,1.4634517,1.6223302,0,0,0.07,2.1207016,4.6766784,5.3157572,1.3416349,2.8818964,3.7287452,1.3278723,2.5131106,2.9035422,True,,ground_continuity_pass,True,False,,True,True,True,True,True,True,True,True,False,False
184,f0184,True,True,True,Pallet_0,cargo-only,,640,480,605.9065,605.9065,320,240,1.1368684e-13,2.0737135,2.0737135,label_recomputed,10,24.205,,1.9995892,68028,449,176,176,459.3682,176.24407,176.24407,492.01739,459.3682,176.24407,176.24407,492.01739,80960.921,38.392528,70356.44,8,8,8,8,True,True,8,9.4890185e-06,2.5198133e-05,7.2946893e-06,1.7075473e-06,1.8610098e-05,0,0,0,0.36505788,0.7232045,0.86412781,0.22197393,0.40933941,0.46817386,1.0250196,1.4304752,1.5174705,0,0,0,0.75906064,1.4418011,1.7247519,0.47867155,0.92564607,1.0101399,2.2289335,2.9794975,3.09226,0,0,0,1.1176698,2.5920253,2.9465042,0.79767008,1.3933743,1.5872453,3.2186465,4.3559991,4.7356869,True,,ground_continuity_pass,True,False,,True,True,True,True,True,True,True,True,False,False
185,f0185,True,True,True,Pallet_3,cargo-only,,960,540,617.92423,617.92423,480,270,1.1368684e-13,3.4321518,3.4321518,label_recomputed,10,54.282,,3.4321518,30696,266,187,187,267.67892,188.90331,188.90331,327.62244,267.67892,188.90331,188.90331,327.62244,50565.433,14.507198,32788.592,8,8,8,8,True,True,8,8.4505901e-06,1.4203708e-05,2.044075e-05,8.0091067e-06,2.9090993e-05,0,0,0,0.96770296,2.0311281,2.4170588,0.58187885,1.1882462,1.342387,0.99906233,1.3242291,1.4096209,0,0,0.075,1.929194,4.7103733,5.3911558,1.2691123,2.1263027,2.4816734,2.0454875,2.7721079,2.9631941,0,0,0.235,2.7605772,6.48486,7.8087274,2.0964286,3.6300379,4.2124328,3.1008058,4.0754195,4.3476963,True,,ground_continuity_pass,True,False,,True,True,True,True,True,True,True,True,False,False
186,f0186,True,True,True,Pallet_1,controlled-occlusion,,640,480,452.26138,452.26138,320,240,5.6843419e-14,13.465613,13.465613,label_recomputed,10,30.489,,12.714579,930,47,27,27,47.509652,27.706312,27.706312,54.998243,37.308621,26.977931,26.977931,46.040656,1006.5094,4.0809368,498.28368,8,5,5,5,True,True,5,1.2107162e-05,1.31308e-05,0.00088228973,7.7312492e-06,9.6234111e-06,0,0.52,0.965,115.89143,1049.3446,1157.096,10.450818,43.628437,53.2485,3.5425845,10.001351,12.300074,0,0.71,0.995,279.48332,1275.6925,1485.5566,16.81644,50.964069,69.655373,4.2328511,10.056514,11.958935,0,0.735,1,233.68208,1409.664,1722.2003,17.235002,97.082881,118.83899,4.0190859,10.110349,11.493551,False,camera_distance_over_limit,ground_continuity_pass,True,False,,True,True,True,True,True,True,True,False,False,True
187,f0187,True,True,True,Pallet_2,cargo-only,,640,480,622.60935,622.60935,320,240,5.6843419e-14,6.7788675,6.7788675,label_recomputed,10,2.3,,6.0540951,1742,91,26,26,175.78826,25.64756,25.64756,177.6494,86.639693,24.380606,24.380606,90.004724,2112.3282,5.7875643,1707.9207,6,5,6,5,True,True,6,3.1173671e-06,5.2774556e-06,1.6067418e-05,3.1945285e-06,3.1173669e-06,0,0.015,0.495,4.913212,14.067931,17.25543,0.76480705,1.3917826,1.5023319,0.8496857,1.2292026,1.3338343,0,0.13,0.8,13.089852,36.202955,42.981485,1.613639,52.897568,53.593807,1.8531994,37.238793,38.942577,0,0.205,0.885,19.914233,163.27383,324.9182,2.6407817,53.108145,53.692952,2.8439852,36.000935,39.018987,True,,ground_continuity_pass,True,False,,True,True,True,True,True,True,True,False,False,True
188,f0188,True,True,True,Pallet_2,cargo-only,,720,480,605.9065,605.9065,360,240,1.1368684e-13,2.0551135,2.0551135,label_recomputed,10,6.562,,1.9174446,27453,469,87,87,481.23783,125.91486,125.91486,497.43784,459.79469,81.528394,81.528394,466.96684,37486.322,77.299252,22182.104,4,4,5,4,True,True,5,3.7089362e-05,7.0522739e-05,1.1100764e-05,3.1945285e-06,3.9480865e-05,0,0,0,0.4749173,0.99088442,1.145507,0.29612098,0.46952414,0.52039351,0.80595208,1.2961069,1.4026884,0,0,0,0.8032779,1.8229455,2.0860735,0.52959262,0.91908756,1.0058125,1.7668287,2.5565135,2.8474853,0,0,0.01,1.4517241,3.0793069,3.9579713,0.87951585,1.5085314,1.7127129,2.5797207,3.7118151,4.2155897,True,,ground_continuity_pass,True,False,,True,True,True,True,True,True,True,True,False,False
189,f0189,True,True,True,Pallet_3,cargo-only,,640,480,510.43338,510.43338,320,240,5.6843419e-14,1.353746,1.353746,label_recomputed,10,6.742,,1.274645,50044,389,168,168,682.37535,202.70529,202.70529,711.84658,215.53531,52.528034,52.528034,221.84378,11321.646,4.9070751,6531.7495,5,4,5,4,True,True,5,0.03245582,0.040019055,0.050136332,0.0020720677,1.0500225e-05,0,0.02,0.03,0.73990272,1.7687015,2.4508206,0.28649756,0.55562338,0.67873523,0.91092442,1.5268276,1.68006,0,0.015,0.045,1.5257018,4.065836,4.9053485,0.52090535,0.99812935,1.214987,1.8989552,2.9095665,3.3577622,0,0.02,0.16,2.5094964,6.3359376,42.995486,0.95763844,1.8074699,2.3618487,2.8095973,4.574393,24.397846,True,,ground_continuity_pass,True,False,,True,True,True,True,True,True,True,True,False,False
190,f0190,True,True,True,Pallet_0,cargo-only,,640,480,644.51988,644.51988,320,240,5.6843419e-14,1.8585074,1.8585074,label_recomputed,10,34.967,,1.7851334,101017,396,340,340,586.90726,346.81098,346.81098,681.71694,338.39475,346.81098,338.39475,484.55016,117359.01,40.754038,56735.045,6,6,7,6,True,True,7,7.467242e-06,1.3451751e-05,3.0802634e-06,1.2074183e-06,1.5269327e-05,0,0,0,0.67549308,1.4029419,1.5546669,0.33653885,0.58808004,0.65112086,0.94498109,1.3284444,1.4227873,0,0,0.005,1.193508,2.7460805,3.7372822,0.67869058,1.2582231,1.4209713,2.0298049,2.72221,2.9150699,0,0,0.055,1.594846,4.1122337,5.3527333,0.94265515,1.6662212,1.9658038,2.9221135,4.0423706,4.3662168,True,,ground_continuity_pass,True,False,,True,True,True,True,True,True,True,True,False,False
191,f0191,True,True,True,Pallet_1,controlled-occlusion,,960,540,452.56672,452.56672,480,270,1.1368684e-13,3.0657139,3.0657139,label_recomputed,10,27.49,,2.9334056,16341,197,112,112,198.64038,112.14234,112.14234,228.10941,81.296044,109.02083,81.296044,135.99481,8862.9624,16.90829,4298.2413,8,4,5,4,True,True,5,1.7303808e-05,2.7818499e-05,0.00017335076,2.7267344e-05,1.3446772e-05,0,0.155,0.475,3.9254528,220.75049,242.87189,1.1852284,26.603318,38.402691,0.87339762,22.840529,23.7579,0,0.245,0.755,9.4481864,234.35113,250.1092,2.91606,35.321918,52.137254,2.0202727,23.007872,23.807393,0,0.195,0.87,14.035368,221.29179,249.57036,3.7322356,28.554261,43.882993,2.7424892,22.800044,23.861314,True,,ground_continuity_pass,True,False,,True,True,True,True,True,True,True,True,False,True
192,f0192,True,True,True,Pallet_1,controlled-occlusion,,560,560,605.9065,605.9065,280,280,5.6843419e-14,12.512881,12.512881,label_recomputed,10,10.615,,11.410772,1052,78,19,19,78.674983,22.48478,22.48478,81.824925,78.674983,12.882269,12.882269,79.722681,1013.5123,7.9225083,332.02535,7,4,4,4,True,True,4,1.2988705e-05,3.2329827e-05,0.00021747421,5.6258436e-05,1.2988705e-05,0.155,0.595,1,89.230639,220.21985,246.21394,26.902501,44.747498,47.652916,5.0544534,7.7467835,8.6010669,0.34,0.85,1,158.64793,408.24021,471.73262,38.979472,59.440734,63.432211,7.519409,11.265006,12.261524,0.41,0.93,1,236.0246,508.75837,597.94196,47.284315,77.072679,86.440558,9.2924305,14.848504,16.524282,False,camera_distance_over_limit,ground_continuity_pass,False,False,,True,True,False,True,True,False,False,False,True,True
193,f0193,True,True,True,Pallet_0,controlled-occlusion,,640,480,308.64879,308.64879,320,240,5.6843419e-14,2.3358378,2.3358378,label_recomputed,10,22.558,,2.2292893,14014,220,104,104,225.00705,106.22256,106.22256,248.82003,120.61287,58.239466,58.239466,133.93767,7024.4291,16.118182,3573.0825,8,4,5,4,True,True,5,4.5220045e-06,8.109328e-06,8.334538e-06,6.6133022e-06,5.4609826e-06,0,0,0.035,1.7310308,3.7659692,4.574344,1.1235644,1.8815633,2.1110135,0.74307275,1.2144136,1.4427,0,0,0.335,3.7522427,8.2295411,9.387131,2.465321,4.176307,4.8215009,1.5405191,2.5279181,2.755876,0,0.03,0.645,5.9825186,38.71156,66.888971,3.7192661,41.446729,43.753799,2.3157208,23.709507,36.478201,True,,ground_continuity_pass,True,False,,True,True,True,True,True,True,True,True,False,False
194,f0194,True,True,True,Pallet_2,cargo-only,,640,480,605.9065,605.9065,320,240,1.1368684e-13,1.2404125,1.2404125,label_recomputed,10,6.886,,1.1712293,71001,528,220,220,1124.8385,305.31286,305.31286,1165.5375,419.43617,134.97707,134.97707,440.61946,56614.266,135.07956,28217.13,4,3,4,3,True,True,4,6.9532877e-05,0.00025310896,1.7203972e-06,4.0045534e-06,6.9532878e-05,0,0,0,0.85144577,1.4911733,1.7980397,0.63015773,1.4123622,1.5929443,0.91488565,1.6213696,1.9809748,0,0,0.005,1.6947488,3.0219741,3.4811035,1.1435159,2.5547476,3.1331241,1.9445228,3.3957603,3.903693,0,0,0.075,2.4405702,4.3737565,5.0285121,1.7107833,3.6100223,4.2111366,2.8468215,4.7538579,5.3245338,True,,ground_continuity_pass,False,False,,False,True,True,True,True,True,True,True,False,False
195,f0195,True,True,True,Pallet_3,cargo-only,,960,540,531.4265,531.4265,480,270,5.6843419e-14,47.011404,47.011404,label_recomputed,10,56.026,,46.634226,110,14,15,14,14.369138,15.201963,14.369138,20.918217,14.369138,15.201963,14.369138,20.918217,218.43911,0.96374277,130.68171,8,8,9,8,True,True,9,4.1877336e-06,7.2644394e-06,0.00015604761,0.0001012217,5.8602336e-06,0,0.75,0.995,213.79732,543.39909,639.90599,12.72348,60.501881,69.501012,1.105134,1.4240589,1.5355875,0,0.935,1,449.18543,956.94207,1237.4953,30.686334,75.750765,83.429395,2.0636527,2.709934,2.9107828,0,0.97,1,597.18105,1509.7583,1798.6874,42.704986,82.237686,86.636021,3.0081781,4.0264915,4.4092939,False,camera_distance_over_limit,ground_continuity_pass,True,False,,True,True,True,True,True,False,False,False,True,True
196,f0196,True,True,True,Pallet_2,cargo-only,,640,480,605.9065,605.9065,320,240,5.6843419e-14,3.0205538,3.0205538,label_recomputed,10,15.743,,2.8726418,23534,286,101,101,318.48902,102.36905,102.36905,334.53652,216.89485,102.36905,102.36905,239.83911,22203.319,32.169524,14231.718,6,6,7,6,True,True,7,1.9001078e-05,6.8916758e-05,3.7442457e-05,4.3534085e-06,1.9006407e-05,0,0,0,1.3780857,2.9337457,3.7031809,0.39037331,0.68155423,0.73487359,0.90459239,1.3145172,1.4331749,0,0,0.225,2.9368972,6.5378304,7.8401378,0.79264503,1.3602296,1.5043706,1.90587,2.6085584,2.7875761,0,0,0.415,3.9085581,9.8665856,10.968411,1.2049994,2.1854487,2.5921238,2.8198352,3.7833078,4.1378837,True,,ground_continuity_pass,True,False,,True,True,True,True,True,True,True,True,False,False
197,f0197,True,True,True,Pallet_0,cargo-only,,720,480,328.38603,328.38603,360,240,5.6843419e-14,3.2215348,3.2215348,label_recomputed,10,44.695,,2.6348435,18814,209,121,121,214.47408,130.23451,130.23451,250.91863,214.47408,120.62177,120.62177,246.06654,25870.243,12.504942,18338.102,7,7,8,7,True,True,8,1.616192e-05,3.2240463e-05,2.0241831e-05,1.4388049e-05,1.6052487e-05,0,0,0,1.180029,2.4921828,3.0574286,0.71454224,1.2675837,1.4219445,1.0359307,1.4877751,1.5944008,0,0,0.12,2.3017103,5.4647069,6.5635574,1.4509365,2.4438449,2.9059948,2.0470511,2.8784431,3.0399063,0,0,0.26,2.891747,7.4058759,9.5486998,2.1044887,3.8308435,4.610912,3.1080859,4.0648628,4.5672655,True,,ground_continuity_pass,True,False,,True,True,True,True,True,True,True,True,False,False
198,f0198,True,True,True,Pallet_3,cargo-only,,960,540,675.19793,675.19793,480,270,1.1368684e-13,1.5060708,1.5060708,label_recomputed,10,70.533,,1.4666513,201332,659,447,447,715.15982,530.18269,530.18269,890.25123,536.19929,238.07286,238.07286,586.67569,127654.5,31.954112,55851.742,4,4,5,4,True,True,5,6.1982367e-05,9.4514508e-05,5.9586713e-05,0.00010310532,6.3264648e-05,0,0,0,0.51664615,1.1846581,1.4520757,0.71378171,1.6055505,1.925918,0.83527228,1.3339652,1.4862681,0,0,0.005,1.0903466,2.3591913,2.7228638,1.5098969,3.1012089,3.9372047,1.6294857,2.6548497,3.0750016,0,0.005,0.07,1.6369892,3.547482,4.3861832,2.1553186,4.4791608,5.8440853,2.5504147,4.0415909,4.450408,True,,ground_continuity_pass,True,False,,True,True,True,True,True,True,True,True,False,False
199,f0199,True,True,True,Pallet_1,cargo-only,,640,480,552.89029,552.89029,320,240,5.6843419e-14,0.95811837,0.95811837,label_recomputed,10,37.064,,0.92494066,130372,640,251,251,1479.9607,726.278,726.278,1648.564,487.04697,161.20905,161.20905,513.03325,78516.382,47.783072,47419.358,4,4,5,4,True,True,5,8.2967452e-06,1.3293876e-05,2.6053199e-06,2.0913098e-06,1.3059995e-05,0,0,0,0.42668753,0.83077562,0.9670888,0.36723554,0.6743879,0.75679818,1.0288623,1.7596627,2.0412502,0,0,0,0.75646505,1.5920277,1.7443264,0.72923857,1.3324621,1.4225335,2.0346951,3.758415,4.4804981,0,0.01,0.01,1.1761969,2.3111473,3.0309048,1.0751798,2.0589859,2.4011497,3.2065628,5.1176755,6.2107488,True,,ground_continuity_pass,True,False,,True,True,True,True,True,True,True,True,False,False
200,f0200,True,True,True,Pallet_1,context-rich,,560,560,347.76839,347.76839,280,280,2.8421709e-14,1.9729887,1.9729887,label_recomputed,10,32.743,,1.9326693,25632,254,177,177,257.28636,179.01065,179.01065,313.43434,144.49732,179.01065,144.49732,230.0528,25866.56,18.818663,12720.032,8,6,7,6,True,True,7,5.0415569e-06,8.6160152e-06,1.360676e-05,4.1826196e-06,3.4075757e-06,0,0,0.005,1.4520762,3.3665722,4.1015021,0.6371007,1.2000984,1.2865927,1.0087999,1.3517759,1.4471428,0,0,0.195,2.6759948,6.2356625,6.9162435,1.2216418,2.0436386,2.5089839,1.9803594,2.615484,2.8965966,0,0,0.435,4.2808496,9.810283,11.308879,1.7440383,3.1271084,3.4290518,2.9439926,4.0461463,4.3419611,True,,ground_continuity_pass,True,False,,True,True,True,True,True,True,True,True,False,False
201,f0201,True,True,True,Pallet_3,context-rich,,960,540,605.9065,605.9065,480,270,1.1368684e-13,0.82535274,0.82535274,label_recomputed,10,23.546,,0.79259332,197633,960,226,226,2138.5178,664.37258,664.37258,2239.3413,641.40902,132.15365,132.15365,654.88176,84764.542,70.445584,63703.393,4,4,5,4,True,True,5,5.7879203e-05,9.4028453e-05,6.192302e-05,5.2073194e-05,7.2532927e-05,0,0,0,0.68319712,1.50534,1.7472882,0.40874689,0.94912608,1.0939933,2.4801243,5.7131881,6.7120682,0,0,0.005,1.1894705,3.2709533,4.0351641,0.82346909,1.9921965,2.3770202,4.7566102,12.230888,15.296999,0,0.005,0.115,2.1913986,5.1733812,6.0001438,1.4605234,3.1181499,3.5928147,8.3224531,19.245999,22.940067,True,,ground_continuity_pass,True,False,,True,True,True,True,True,True,True,True,False,False
202,f0202,True,True,True,Pallet_2,context-rich,,640,480,676.47236,676.47236,320,240,5.6843419e-14,2.2062088,2.2062088,label_recomputed,10,8.445,,2.0295278,25060,246,144,144,572.81751,145.39153,145.39153,590.98105,243.82037,53.341117,53.341117,249.58696,13005.651,29.632895,7009.7871,5,4,5,4,True,True,5,0.5486522,0.59082081,1.2074079,0.028838355,0.048991569,0,0.055,0.115,0.96524825,13.117087,111.93867,0.28021983,0.62763238,9.4115398,0.84801773,5.471117,34.314577,0,0.045,0.15,2.0174903,5.800917,80.189212,0.56780512,1.172509,5.975073,1.8125675,3.5383826,29.429006,0,0.04,0.29,2.9894058,17.232167,71.548391,0.96005005,1.8211003,3.3283463,2.8396996,6.320888,23.26325,True,,ground_continuity_pass,True,False,,True,True,True,True,True,True,True,True,False,False
203,f0203,True,True,True,Pallet_0,context-rich,,720,480,364.7479,364.7479,360,240,5.6843419e-14,4.6939191,4.6939191,label_recomputed,10,13.476,,4.4589529,3350,114,38,38,117.34031,38.802892,38.802892,123.58969,117.34031,36.937567,36.937567,123.01679,4334.2653,10.962046,2618.1218,8,6,7,6,True,True,7,5.9969981e-06,9.6766737e-06,3.2973425e-05,7.8249647e-06,5.9841957e-06,0,0,0.3,3.1275064,7.390531,8.4987538,0.94496562,1.4694245,1.7390694,0.97260275,1.2650087,1.3084111,0,0,0.6,6.2131449,14.544604,16.658157,1.8993684,3.0607036,3.3346991,1.9027857,2.586128,2.8746957,0,0,0.755,10.165551,24.320667,27.861096,2.9347083,4.7108379,5.5059166,2.8692288,3.8961691,4.3120912,True,,ground_continuity_pass,True,False,,True,True,True,True,True,True,True,True,False,True
204,f0204,True,True,True,Pallet_0,controlled-occlusion,,640,480,605.9065,605.9065,320,240,5.6843419e-14,13.667272,13.667272,label_recomputed,10,11.277,,12.904991,936,60,19,19,61.132774,19.508887,19.508887,64.170186,32.110443,18.496997,18.496997,37.056975,593.94677,6.5961299,275.36073,8,4,5,4,True,True,5,5.2951298e-06,8.7324171e-06,0.0003931367,1.3445241e-05,5.4363024e-06,0,0.465,0.985,86.553826,2262.9915,2388.1727,3.9344568,54.120721,78.3699,1.0824503,7.5058455,9.1375319,0,0.745,1,461.24849,2738.7214,3162.3811,10.808816,59.429634,78.972586,3.1440749,7.7284114,9.0680973,0,0.85,1,570.94043,2974.391,3862.2683,13.749011,68.03592,89.256597,4.4956642,8.7327982,10.026628,False,camera_distance_over_limit,ground_continuity_pass,True,False,,True,True,True,True,True,True,False,False,False,True
205,f0205,True,True,True,Pallet_1,context-rich,,640,480,448.3871,448.3871,320,240,1.1368684e-13,2.3566165,2.3566165,label_recomputed,10,41.941,,2.136889,39050,286,267,267,344.46306,279.2102,279.2102,443.4108,266.05553,260.37793,260.37793,372.26632,69274.987,18.734052,23317.357,5,5,5,5,True,True,5,1.3200121e-05,1.6733762e-05,1.2742945e-05,1.4489019e-05,1.320012e-05,0,0.015,0.025,0.7852837,2.183469,3.0491811,0.64953988,1.2640613,1.4175498,0.81212624,1.3624657,1.5925573,0,0.055,0.125,2.1176475,5.6637765,71.69651,1.4387069,3.3468155,48.629293,1.7085107,3.013066,56.137137,0,0.11,0.29,2.9198044,49.647849,73.863028,2.0255031,48.516515,49.395483,2.5447837,74.667163,108.35169,True,,ground_continuity_pass,True,False,,True,True,True,True,True,True,True,True,False,True
206,f0206,True,True,True,Pallet_3,context-rich,,640,480,424.03436,424.03436,320,240,1.1368684e-13,4.4069204,4.4069204,label_recomputed,10,20.634,,3.873617,7346,171,66,66,180.73899,66.713646,66.713646,192.65849,140.29577,48.489666,48.489666,148.43905,6802.8951,13.796418,4321.0967,6,6,7,6,True,True,7,7.8315684e-06,1.1992778e-05,1.578072e-05,7.8249647e-06,7.5114017e-06,0,0,0.22,2.6726821,6.7728074,8.3211411,0.91234404,1.4645839,1.5920794,0.94128911,1.253879,1.3538742,0,0,0.555,5.5725881,13.840663,15.171306,1.8435593,3.0330696,3.4647944,1.8523919,2.6802802,2.9346531,0,0,0.68,7.2372432,18.500226,21.657644,2.5786028,4.5157148,5.0560617,2.9031563,3.8278918,4.2063184,True,,ground_continuity_pass,True,False,,True,True,True,True,True,True,True,True,False,True
207,f0207,True,True,True,Pallet_2,context-rich,,960,540,407.39266,407.39266,480,270,5.6843419e-14,1.0163879,1.0163879,label_recomputed,10,6.341,,0.95969966,127294,613,308,308,755.31677,390.53814,390.53814,850.30786,564.43202,61.55081,61.55081,567.77813,34741.248,32.062353,17332.075,5,4,5,4,True,True,5,1.5212988e-05,3.4446616e-05,1.2283182e-05,6.0370913e-06,0.0038077771,0,0.345,0.37,0.70134943,84.226715,112.95433,0.46907683,53.924407,54.039212,1.5904394,84.351217,94.550356,0,0.35,0.37,1.6231609,91.962332,154.82,0.98427559,53.899728,54.212258,3.1835643,91.088357,111.28886,0,0.415,0.44,3.3459345,97.078999,205.25317,1.647758,54.182672,54.467486,5.9847465,104.02769,124.62145,True,,ground_continuity_pass,True,False,,True,True,True,True,True,True,True,True,False,True
208,f0208,True,True,True,Pallet_2,context-rich,,640,480,605.9065,605.9065,320,240,2.8421709e-14,11.704142,11.704142,label_recomputed,10,66.474,,11.657802,2891,78,70,70,78.287397,71.380939,71.380939,105.94411,78.287397,71.380939,71.380939,105.94411,5588.2279,3.3857549,3232.8367,8,8,9,8,True,True,9,5.4375119e-06,1.011442e-05,9.1389639e-05,1.4539241e-05,5.5322046e-06,0,0,0.815,12.264263,24.976627,27.000855,3.1670169,5.3375983,6.2527943,1.0514549,1.3928451,1.4810818,0,0,0.945,22.171886,55.225893,71.284884,6.1012988,12.831628,14.91745,2.1191523,2.9089802,3.1123718,0,0.055,0.985,34.980642,78.795069,94.305846,10.504028,22.320016,36.792071,3.2332531,4.0609542,4.3934453,False,camera_distance_over_limit,ground_continuity_pass,True,False,,True,True,True,True,True,True,True,True,False,True
209,f0209,True,True,True,Pallet_0,context-rich,,720,480,696.43326,696.43326,360,240,1.1368684e-13,1.6228891,1.6228891,label_recomputed,10,66.1,,1.6228891,182815,517,463,463,525.79645,499.25708,499.25708,725.0652,384.62294,222.94741,222.94741,444.5676,85750.687,39.780315,47001.254,4,4,5,4,True,True,5,1.4479459e-05,2.387617e-05,1.8708105e-05,2.2099383e-05,1.3504042e-05,0,0,0,0.73569998,1.7822555,2.1321542,0.64741194,1.2909936,1.4487303,0.80749904,1.2094758,1.3190353,0,0,0.025,1.7014456,3.678471,4.4841044,1.3590218,2.79088,3.1256646,1.6641029,2.441777,2.6518853,0,0,0.17,2.3912083,5.9309781,6.4296137,1.8191106,4.1680981,4.9215193,2.3417438,3.7269202,4.1206322,True,,ground_continuity_pass,False,False,,True,True,True,True,False,True,True,True,False,False
211,f0211,True,True,True,Pallet_3,controlled-occlusion,,640,480,314.28567,314.28567,320,240,5.6843419e-14,3.805131,3.805131,label_recomputed,10,4.843,,3.5929028,1731,96,26,26,96.155503,26.276072,26.276072,99.681055,95.687364,26.276072,26.276072,99.22955,2514.2881,6.0822433,1801.7267,8,7,7,7,True,True,7,2.2247186e-06,4.3862476e-06,5.8113437e-06,2.4148365e-06,2.1952676e-06,0,0,0.225,3.2888341,6.8691828,7.991508,0.70255524,1.1815492,1.322584,0.948666,1.3131764,1.4244885,0,0,0.53,5.15724,13.872553,15.735159,1.4767497,2.374474,2.6546379,1.9014631,2.5243265,2.7127533,0,0,0.77,8.3837186,20.941282,25.321852,2.3735897,3.8153015,4.1836907,2.8786242,3.8879568,4.1115105,True,,ground_continuity_pass,True,False,,True,True,True,True,True,True,True,False,False,True
212,f0212,True,True,True,Pallet_1,context-rich,,560,560,605.9065,605.9065,280,280,2.8421709e-14,1.474782,1.474782,label_recomputed,10,19.861,,1.474782,107091,547,339,339,631.63972,345.43922,345.43922,719.92846,294.2446,345.43922,294.2446,453.77102,101643.62,36.853704,54078.773,6,6,7,6,True,True,7,1.1025393e-05,2.3314163e-05,1.4891954e-05,2.6998693e-06,1.1142264e-05,0,0,0,0.48727989,1.1596968,1.3260635,0.24435777,0.44566841,0.48691743,1.0161591,1.3249623,1.4422613,0,0,0,1.0190587,2.3977943,2.6676616,0.46195592,0.83651519,0.92371173,1.9802364,2.7273427,3.0541756,0,0,0.02,1.5823423,3.381814,4.0331189,0.67534971,1.1942943,1.3899808,2.9925384,4.0393,4.3546652,True,,ground_continuity_pass,False,False,,True,True,True,True,False,True,True,True,False,False
214,f0214,True,True,True,Pallet_0,context-rich,,640,480,516.69694,516.69694,320,240,5.6843419e-14,3.2826963,3.2826963,label_recomputed,10,6.335,,3.0013999,9487,260,48,48,268.36096,62.740769,62.740769,275.59754,261.73715,39.696768,39.696768,264.73037,10390.119,6.8803494,5156.4848,5,5,6,5,True,True,6,8.6659933e-06,2.279444e-05,1.1426928e-05,1.2074183e-06,8.7167659e-06,0,0,0.02,1.3783777,3.3569887,3.9702712,0.39338427,0.67807194,0.73482785,0.88817531,1.2934834,1.4481471,0,0.005,0.175,2.8458377,5.9079238,6.6621036,0.82239331,1.4109757,1.6206418,1.7862864,2.5658153,2.8672609,0,0.025,0.365,3.8702353,10.340629,12.644988,1.2393439,2.2067384,2.6078783,2.660896,3.7820016,4.2487035,True,,ground_continuity_pass,True,False,,True,True,True,True,True,True,True,True,False,False
215,f0215,True,True,True,Pallet_3,context-rich,,960,540,605.9065,605.9065,480,270,2.2737368e-13,1.5683856,1.5683856,label_recomputed,10,79.621,,1.5397515,132466,526,459,459,532.62645,626.50872,532.62645,822.31631,496.09541,456.94814,456.94814,674.47183,226689.87,25.303708,80891.603,5,5,6,5,True,True,6,9.8421202e-06,3.1470776e-05,3.6630734e-06,7.9175711e-06,1.0127992e-05,0,0,0,0.42333169,0.77921825,0.94089335,0.57084208,1.2654638,1.3762831,0.93987261,1.4677566,1.7102927,0,0,0,0.9305713,1.6767553,1.8474903,1.2591093,2.6400472,3.0450442,1.9992639,2.8329666,3.1010812,0,0.02,0.05,1.4311517,2.7668251,3.373208,2.0139628,4.1220323,4.8065584,2.8155855,4.6626379,5.2524443,True,,ground_continuity_pass,True,False,,True,True,True,True,True,True,True,True,False,False
216,f0216,True,True,True,Pallet_2,controlled-occlusion,,720,480,300.00796,300.00796,360,240,5.6843419e-14,2.992299,2.992299,label_recomputed,10,29.531,,2.8661925,8558,165,100,100,166.15178,102.10106,102.10106,195.01549,87.847093,102.10106,87.847093,134.69127,8969.2816,15.126494,4977.3219,8,6,7,6,True,True,7,6.2023522e-06,2.1276683e-05,2.121828e-05,3.4150946e-06,6.2101228e-06,0,0,0.195,2.2887713,6.223802,8.0201042,0.8292988,1.4048889,1.7142689,0.94216982,1.3209011,1.4185116,0,0,0.505,5.0359898,13.353116,15.833194,1.7075663,2.887205,3.3542813,1.8953598,2.7255414,2.8675155,0,0,0.69,8.3483004,21.130345,22.96676,2.5643735,4.2621654,4.7802504,2.8759039,3.8633521,4.0754567,True,,ground_continuity_pass,True,False,,True,True,True,True,True,True,True,True,False,True
217,f0217,True,True,True,Pallet_3,context-rich,,960,540,667.80614,667.80614,480,270,2.2737368e-13,2.9897003,2.9897003,label_recomputed,10,0.619,,2.6708113,16302,391,52,52,395.13236,52.48574,52.48574,398.60298,395.13236,52.48574,52.48574,398.60298,20738.814,18.659317,18006.729,8,8,9,8,True,True,9,5.9467197e-06,1.1934462e-05,1.1703357e-05,0,7.5617418e-06,0,0,0,0.6368011,1.2603931,1.4974357,0.22972633,0.38981457,0.44257296,1.0399232,1.3616839,1.4106764,0,0,0,1.4459197,2.8988191,3.42848,0.4652699,0.80328371,0.93751455,2.0963661,2.6960482,2.9264423,0,0,0.065,1.5616715,4.2598169,5.2509251,0.75354269,1.3313066,1.4580661,3.0939883,3.9610491,4.1645362,True,,ground_continuity_pass,True,False,,True,True,True,True,True,True,True,True,False,False
218,f0218,True,True,True,Pallet_0,context-rich,,640,480,605.9065,605.9065,320,240,5.6843419e-14,30.930132,30.930132,label_recomputed,10,49.338,,30.583253,385,20,21,20,20.699299,20.671015,20.671015,29.253237,20.699299,20.671015,20.671015,29.253237,427.87553,1.9244299,395.68009,8,8,9,8,True,True,9,4.9105466e-06,7.9275738e-06,0.00018859364,1.7160638e-05,7.7704624e-06,0,0.4,0.975,76.390147,199.7518,245.49939,5.3855516,19.495621,20.888325,1.0951576,2.6662485,2.79455,0,0.685,0.995,160.63649,438.95041,543.74901,11.862313,51.732524,77.084015,2.1781827,3.2055347,3.3812142,0,0.835,1,265.18729,563.84368,661.56163,17.019396,69.730315,81.961022,3.1947791,3.9994139,4.2144445,False,camera_distance_over_limit,ground_continuity_pass,True,False,,True,True,True,True,True,True,False,False,False,True
219,f0219,True,True,True,Pallet_1,context-rich,,640,480,578.98703,578.98703,320,240,5.6843419e-14,1.2454551,1.2454551,label_recomputed,10,1.921,,1.1998047,56770,640,137,137,923.12977,139.61477,139.61477,933.6278,328.51292,48.032614,48.032614,332.00583,15779.334,45.274513,15133.586,4,4,5,4,True,True,5,8.478736e-06,1.6489812e-05,9.9178696e-06,6.5021464e-06,8.6259046e-06,0,0,0.025,0.51032733,1.0690175,1.2953682,0.32708064,0.5719279,0.63119651,0.83632099,1.2044042,1.4220286,0,0,0.055,1.088596,2.9037416,6.3646153,0.66665014,1.2406554,1.847471,1.7525755,3.0686268,5.3743182,0,0,0.115,1.7528371,5.5649584,34.934908,0.95885316,2.3148857,30.849669,2.6138962,5.2718172,41.673742,True,,ground_continuity_pass,True,False,,True,True,True,True,True,True,True,True,False,False
221,f0221,True,True,True,Pallet_0,context-rich,,720,480,582.50447,582.50447,360,240,2.8421709e-14,8.0849415,8.0849415,label_recomputed,10,0.673,,6.9899306,1118,88,14,14,137.99533,14.32566,14.32566,138.73693,67.980831,12.365385,12.365385,69.096282,840.60914,11.162401,570.86886,4,4,5,4,True,True,5,5.8773335e-06,1.0695667e-05,4.5742776e-05,1.2605817e-05,6.7680743e-06,0,0.23,0.88,18.706579,633.73865,836.36416,1.757091,14.02609,29.320735,0.90750649,9.8245858,20.04163,0,0.31,0.89,34.414233,778.30386,1012.5673,3.4544474,34.636023,45.569961,2.0487558,20.56105,26.814487,0,0.43,0.98,68.171556,849.78224,1072.2448,5.4428683,38.341076,51.255188,3.1415773,22.591651,30.305003,True,,ground_continuity_pass,True,False,,True,True,True,True,True,False,False,False,True,True
222,f0222,True,True,True,Pallet_1,controlled-occlusion,,960,540,474.43646,474.43646,480,270,5.6843419e-14,1.2791825,1.2791825,label_recomputed,10,15.375,,1.1868653,101570,633,299,299,638.21165,305.48352,305.48352,707.55515,302.29394,305.48352,302.29394,429.76948,92345.815,38.886597,50530.574,8,6,7,6,True,True,7,5.8466906e-06,1.0750711e-05,5.0171966e-06,0,4.7277337e-06,0,0,0,0.4454431,1.036074,1.4362644,0.259087,0.43692276,0.49890528,1.0599737,1.4589376,1.6504394,0,0,0,0.93618681,2.0387556,2.4476699,0.46622778,0.85839858,0.95910503,2.1355565,2.9979232,3.3118708,0,0.01,0.035,1.2977994,3.064029,4.3350701,0.69011548,1.422227,1.6905541,3.1018843,4.6121469,5.2379406,True,,ground_continuity_pass,True,False,,True,True,True,True,True,True,True,True,False,False
223,f0223,True,True,True,Pallet_3,context-rich,,640,480,614.06999,614.06999,320,240,2.1316282e-14,1.4141769,1.4141769,label_recomputed,10,4.439,,1.3637544,66224,622,150,150,689.47811,150.05171,150.05171,705.61716,415.99907,150.05171,150.05171,442.23381,62421.374,48.831118,39260.215,6,6,7,6,True,True,7,9.0158888e-06,1.7741075e-05,1.2414813e-06,1.2074183e-06,1.47709e-05,0,0,0,0.50737134,1.1682295,1.4448424,0.23897624,0.40281319,0.46755021,1.0870839,1.4548777,1.5369588,0,0,0,0.95819938,2.758383,3.2100883,0.46012984,0.81612176,0.90325031,2.0270768,2.943877,3.3309757,0,0,0.025,1.4245308,3.4268471,4.545681,0.68315018,1.2147228,1.3545897,3.1874938,4.2542132,4.6377237,True,,ground_continuity_pass,True,False,,True,True,True,True,True,True,True,True,False,False
224,f0224,True,True,True,Pallet_1,controlled-occlusion,,560,560,430.65421,430.65421,280,280,2.8421709e-14,3.2617355,3.2617355,label_recomputed,10,7.312,,2.9363263,7452,219,55,55,241.39655,55.672294,55.672294,247.73312,115.10043,28.726938,28.726938,118.63113,3306.4829,16.768304,2127.4494,6,4,5,4,True,True,5,2.0932968e-06,3.4784455e-06,1.2213204e-05,2.9575587e-06,2.350301e-06,0,0.015,0.18,2.740433,6.2585602,7.6796619,0.91222247,1.5134734,1.7080287,0.7749815,1.2473044,1.4240977,0,0.05,0.615,6.2919736,18.438697,36.644178,1.9571839,3.7057608,22.970069,1.6711059,2.9608297,24.678696,0,0.05,0.795,11.086636,27.573003,38.658567,2.8688855,6.5740227,43.9338,2.5604346,5.3262643,41.628327,True,,ground_continuity_pass,True,False,,True,True,True,True,True,True,True,False,False,True
225,f0225,True,True,True,Pallet_0,controlled-occlusion,,960,540,605.9065,605.9065,480,270,5.6843419e-14,1.2941286,1.2941286,label_recomputed,10,16.324,,1.2150605,132784,715,217,217,921.03186,483.4869,483.4869,1040.2208,369.72558,92.376073,92.376073,381.09099,34153.797,45.316817,25513.155,6,4,5,4,True,True,5,1.0449317e-05,2.0346646e-05,4.4383078e-05,3.4321276e-05,0.00013243764,0,0,0.005,0.45533746,1.0416617,1.2743658,0.3558346,0.57406483,0.6412552,0.80165414,1.324557,1.4446592,0,0,0.01,1.0377339,1.9763789,2.5468447,0.58862502,0.95695189,1.1836657,1.5674855,2.4440794,2.7481926,0,0,0.04,1.6948386,3.2930881,3.8882631,1.07183,1.7177457,2.2297743,2.5252799,4.0275746,4.6055501,True,,ground_continuity_pass,True,False,,True,True,True,True,True,True,True,True,False,False
226,f0226,True,True,True,Pallet_2,context-rich,,640,480,405.86318,405.86318,320,240,5.6843419e-14,7.632781,7.632781,label_recomputed,10,17.435,,7.4092659,1647,75,30,30,75.721807,30.953501,30.953501,81.804103,75.721807,30.953501,30.953501,81.804103,2343.8551,9.3528812,1846.5316,8,8,9,8,True,True,9,5.2125386e-06,6.7377743e-06,1.4016893e-05,3.4150946e-06,5.2734744e-06,0,0,0.525,5.3852365,14.695784,18.359626,1.2043019,1.9490779,2.2244282,1.0558245,1.3553058,1.4180052,0,0,0.825,13.065152,32.168938,37.822228,2.238555,3.7407618,4.2468196,2.0371453,2.6047977,2.7629211,0,0,0.925,22.474701,46.70394,52.332637,3.4368509,6.067534,7.5026522,3.1050675,4.107521,4.3313135,True,,ground_continuity_pass,True,False,,True,True,True,True,True,True,True,False,False,True
227,f0227,True,True,True,Pallet_3,context-rich,,640,480,650.84822,650.84822,320,240,5.6843419e-14,5.8406759,5.8406759,label_recomputed,10,11.148,,5.5418986,5799,179,55,55,181.31219,54.878756,54.878756,189.43544,99.587565,47.662843,47.662843,110.40575,4746.6265,14.1365,2419.193,8,5,6,5,True,True,6,4.7207324e-06,1.02445e-05,4.1811055e-05,4.0045534e-06,5.5793182e-06,0,0,0.525,5.420521,11.328051,13.192952,0.70580288,1.3714318,1.4536835,0.90302042,1.2068643,1.2731214,0,0.01,0.755,11.723118,32.514649,44.253387,1.7076181,4.1479341,36.596215,1.7578408,3.0953254,27.851382,0,0.005,0.88,18.750888,46.95001,55.92192,2.7667086,36.528187,38.070878,2.755541,28.009389,29.171054,True,,ground_continuity_pass,True,False,,True,True,True,True,True,True,True,True,False,True
228,f0228,True,True,True,Pallet_0,context-rich,,640,480,605.9065,605.9065,320,240,1.1368684e-13,2.7415779,2.7415779,label_recomputed,10,75.648,,2.6543346,52448,298,247,247,299.83602,272.52959,272.52959,405.18393,298.97865,226.57225,226.57225,375.13093,67740.264,3.369159,30919.056,6,6,7,6,True,True,7,1.3164902e-05,2.9908639e-05,4.3405193e-05,3.686088e-05,1.5022305e-05,0,0,0.05,1.408387,3.5778394,4.3810768,1.6714095,3.8167975,4.6408114,1.1228169,1.6027084,1.7379561,0,0,0.295,2.7047514,7.4734459,9.0389176,3.2433657,7.6029481,8.7762024,2.1538474,3.137477,3.5012476,0,0.005,0.545,3.753467,11.16799,15.146729,4.7839971,10.981328,13.42364,3.2697652,4.7961779,5.3485138,True,,ground_continuity_pass,True,False,,True,True,True,True,True,True,True,True,False,False
229,f0229,True,True,True,Pallet_1,context-rich,,720,480,677.28986,677.28986,360,240,2.8421709e-14,1.2330291,1.2330291,label_recomputed,10,22.71,,1.1872789,167144,661,435,435,1014.9721,536.82646,536.82646,1148.1946,0,0,0,0,0,,0,4,0,1,0,True,False,,,,,,,,,,,,,,,,,,,,,,,,,,,,,,,,,,,,,,,,,,,True,,ground_continuity_pass,False,False,,False,True,True,True,True,False,False,False,True,True
230,f0230,True,True,True,Pallet_3,context-rich,,640,480,605.9065,605.9065,320,240,1.1368684e-13,93.291778,93.291778,label_recomputed,10,26.404,,82.002075,18,6,4,4,12.750885,4.9495174,4.9495174,13.677821,6.3514972,4.1040175,4.1040175,7.5620418,26.066656,1.0042908,11.805435,4,4,5,4,True,True,5,1.3791371e-05,4.3790668e-05,0.063154063,0.00036873534,1.0822546e-05,0,0.985,1,3693.9093,27872.505,41260.015,55.701855,116.34925,128.28809,1.6252221,2.3026938,2.5239266,0,0.995,1,2582.3809,20497.385,61524.963,61.254953,139.68103,149.74868,2.2022773,3.1155251,3.3435808,0,0.995,1,3452.766,29145.186,55261.042,80.34516,153.55455,166.13036,2.9367751,4.0464016,4.4353833,False,camera_distance_over_limit,ground_continuity_pass,True,False,,True,True,True,True,True,False,False,False,True,True
231,f0231,True,True,True,Pallet_2,context-rich,,960,540,595.00521,595.00521,480,270,1.1368684e-13,2.6971322,2.6971322,label_recomputed,10,0.748,,2.4811363,19929,389,55,55,404.07195,55.696516,55.696516,407.89244,232.59005,55.696516,55.696516,239.1657,12954.455,36.427552,10718.823,6,6,7,6,True,True,7,1.3608597e-05,2.4635495e-05,4.9916877e-05,2.9575587e-06,1.3793452e-05,0,0,0,0.8877583,2.4504537,2.8883705,0.32675295,0.52935502,0.58750285,0.94730922,1.2456404,1.3267253,0,0,0.07,1.8524859,4.7550031,5.5034849,0.62722393,1.1335181,1.2421051,1.9454139,2.769146,2.901034,0,0,0.28,2.8029582,7.2594838,8.3072474,0.96508045,1.6013933,1.8457609,2.8258167,3.8731549,4.1979834,True,,ground_continuity_pass,True,False,,True,True,True,True,True,True,True,True,False,False
232,f0232,True,True,True,Pallet_3,context-rich,,560,560,547.68498,547.68498,280,280,1.1368684e-13,1.2591492,1.2591492,label_recomputed,10,34.518,,1.2091645,148092,498,501,498,660.72987,562.30701,562.30701,867.61347,370.262,257.86587,257.86587,451.20811,95477.933,46.945817,41607.637,4,4,5,4,True,True,5,6.4153048e-06,1.2258027e-05,4.4664775e-06,2.0913098e-06,6.0230872e-06,0,0,0,0.36684146,0.64184062,0.73779343,0.43153659,0.87668568,1.0492426,0.83621791,1.2532465,1.3320226,0,0,0,0.74004675,1.2954423,1.5020671,0.90032285,1.6865822,2.1240866,1.6147882,2.4447786,2.7170614,0,0,0,1.1513979,2.1882314,2.3693636,1.4127158,2.6179926,2.8362512,2.4550133,3.6942328,4.304645,True,,ground_continuity_pass,True,False,,True,True,True,True,True,True,True,True,False,False
234,f0234,True,True,True,Pallet_0,context-rich,,640,480,576.54367,576.54367,320,240,5.6843419e-14,1.7218792,1.7218792,label_recomputed,10,2.08,,1.6241057,31060,395,88,88,590.63772,88.721559,88.721559,597.26412,304.21942,88.721559,88.721559,316.89268,26990.821,38.896168,17668.234,6,5,6,5,True,True,6,8.9628305e-06,1.433846e-05,3.7045868e-06,3.8181918e-06,1.1443197e-05,0,0,0,0.72191437,1.6030324,1.8348294,0.25831785,0.47670323,0.55838312,0.90076999,1.3593274,1.4894784,0,0,0,1.300141,2.8870249,3.2914958,0.50487196,0.85187997,1.0009081,1.7584686,2.4431039,2.6881858,0,0,0.105,2.2207991,5.2567419,6.557587,0.76961247,1.4360789,1.742316,2.7223377,3.9386341,4.2415809,True,,ground_continuity_pass,True,False,,True,True,True,True,True,True,True,True,False,False
235,f0235,True,True,True,Pallet_1,context-rich,,640,480,605.9065,605.9065,320,240,5.6843419e-14,13.327507,13.327507,label_recomputed,10,38.781,,13.327507,1673,65,48,48,66.271345,48.40047,48.40047,82.063979,66.271345,48.40047,48.40047,82.063979,3207.5642,4.751584,1851.7112,8,8,9,8,True,True,9,9.0868023e-06,1.4289498e-05,0.00035230373,2.7213826e-05,6.3685495e-06,0,0,0.825,16.265639,41.760108,46.574931,1.6150675,2.9338345,3.1379904,1.0638182,1.3362828,1.4475387,0,0.025,0.93,33.096816,75.538165,90.642284,3.447319,5.76463,6.8418354,2.0886334,2.7281002,2.8893762,0,0.165,0.98,45.079869,104.57086,131.67266,5.1958739,10.131638,12.259248,3.0924849,3.9595842,4.2071793,False,camera_distance_over_limit,ground_continuity_pass,True,False,,True,True,True,True,True,True,True,True,False,True
236,f0236,True,True,True,Pallet_2,context-rich,,640,480,605.9065,605.9065,320,240,5.6843419e-14,5.3886884,5.3886884,label_recomputed,10,7.093,,4.886255,4300,125,40,40,196.6023,42.877299,42.877299,201.22358,64.076051,24.57193,24.57193,68.625943,1574.4723,24.592242,777.37368,4,2,3,2,True,False,,,,,,,,,,,,,,,,,,,,,,,,,,,,,,,,,,,,,,,,,,,True,,ground_continuity_pass,False,False,,False,True,True,True,True,False,False,False,False,True
237,f0237,True,True,True,Pallet_3,context-rich,,720,480,639.94959,639.94959,360,240,1.1368684e-13,1.4557535,1.4557535,label_recomputed,10,11.939,,1.3001089,54526,322,286,286,968.28669,323.72048,323.72048,1020.9672,284.03133,76.924918,76.924918,294.2639,21849.087,37.046691,17722.342,4,4,5,4,True,True,5,9.7890647e-06,1.3940497e-05,2.2625025e-05,1.3976877e-05,1.151172e-05,0,0,0.005,0.60287908,1.4071414,1.5304565,0.33446883,0.55497163,0.63919748,0.86582075,1.3807354,1.5119239,0,0,0.005,1.2682882,2.7328589,3.2164604,0.72715572,1.1592073,1.2445257,1.6081472,2.5951788,2.8879025,0,0,0.04,1.9626018,4.1168295,4.600351,1.0076688,1.7634591,1.8801395,2.6639088,4.1068623,4.4139597,True,,ground_continuity_pass,True,False,,True,True,True,True,True,True,True,True,False,False
238,f0238,True,True,True,Pallet_1,context-rich,,960,540,339.28518,339.28518,480,270,5.6843419e-14,0.89475475,0.89475475,label_recomputed,10,6.764,,0.85960997,124319,930,206,206,1062.1362,544.92534,544.92534,1193.7659,657.1304,105.62459,105.62459,665.56511,69409.129,29.606628,44249.247,6,6,7,6,True,True,7,3.5215144e-05,7.0322331e-05,7.3828514e-06,7.8249647e-06,3.4337096e-05,0,0,0,1.1571747,1.9188985,2.1734473,0.73108539,1.3598919,1.4820947,3.3063802,7.2581327,8.3913357,0,0,0.08,2.185405,4.0716713,5.723536,1.5454421,3.0071535,3.8249719,6.5102903,15.816436,19.888608,0,0,0.265,3.1313954,6.348568,8.8188197,2.3953016,5.076505,6.4886091,7.8905431,23.621904,26.72113,True,,ground_continuity_pass,True,False,,True,True,True,True,True,True,True,True,False,False
239,f0239,True,True,True,Pallet_0,controlled-occlusion,,640,480,549.46064,549.46064,320,240,5.6843419e-14,2.9808922,2.9808922,label_recomputed,10,33.495,,2.8146353,33982,281,202,202,306.09284,206.66282,206.66282,369.32688,151.55524,94.177305,94.177305,178.43306,14273.064,21.011431,7581.626,6,4,5,4,True,True,5,5.6023106e-06,1.2193786e-05,1.0782905e-05,5.7905746e-06,5.7799119e-06,0,0,0.07,1.8401955,4.5292383,5.9406282,0.7697022,1.4412495,1.6692535,0.79567051,1.2870225,1.441294,0,0,0.49,4.7549007,11.939959,20.415037,1.735827,3.0114042,4.0499669,1.6509195,2.7589106,3.8518098,0,0.02,0.665,7.1745975,25.864193,37.029696,2.521784,12.710189,22.747958,2.5948059,9.4566894,26.434833,True,,ground_continuity_pass,False,False,,True,True,False,True,True,True,True,True,False,False
240,f0240,True,True,True,Pallet_3,context-rich,,640,480,619.52085,619.52085,320,240,5.6843419e-14,1.4656726,1.4656726,label_recomputed,10,22.165,,1.4480116,104206,479,281,281,650.7338,399.01154,399.01154,763.32476,3.7613541,48.968505,3.7613541,49.112751,184.18789,49.112751,0,4,2,2,2,True,False,,,,,,,,,,,,,,,,,,,,,,,,,,,,,,,,,,,,,,,,,,,True,,ground_continuity_pass,False,False,,False,True,True,True,True,False,False,False,True,True
241,f0241,True,True,True,Pallet_1,controlled-occlusion,,960,540,605.9065,605.9065,480,270,5.6843419e-14,4.1515247,4.1515247,label_recomputed,10,10.687,,3.5892496,11819,264,81,81,279.1809,82.106422,82.106422,291.0042,135.82181,40.336314,40.336314,141.6848,5478.5511,18.730756,3188.8399,6,4,5,4,True,True,5,1.4246022e-05,1.7419647e-05,4.677975e-05,1.1891691e-05,1.4373188e-05,0,0.02,0.18,2.6596494,7.4415885,9.7153153,0.76505243,1.3678575,1.5898839,0.79297932,1.1917852,1.4249948,0,0.065,0.595,6.0478935,30.940343,80.638172,1.6168245,2.9607958,9.5587409,1.6057562,5.3802736,15.245849,0,0.11,0.735,10.41452,74.925254,91.843342,2.6107529,7.1155818,45.808451,2.5817042,10.484069,53.218717,True,,ground_continuity_pass,True,False,,True,True,True,True,True,True,True,True,False,True
242,f0242,True,True,True,Pallet_2,controlled-occlusion,,720,480,673.36266,673.36266,360,240,5.6843419e-14,2.7954742,2.7954742,label_recomputed,10,46.096,,2.7954742,57667,329,231,231,328.84059,234.0231,234.0231,403.61237,260.02511,234.0231,234.0231,349.82834,60851.883,30.449639,28021.886,8,5,6,5,True,True,6,5.9487664e-06,9.1774283e-06,9.8764303e-06,1.2074183e-06,5.9487665e-06,0,0,0,1.1431206,2.5618847,3.1842644,0.64727648,1.1621324,1.3591121,0.93550156,1.3119034,1.4314043,0,0,0.165,2.3258779,5.697895,6.6319772,1.3121629,2.3960076,2.7009179,1.8193779,2.5018457,2.7822987,0,0,0.26,3.1139895,7.7862003,8.3324637,1.8475271,3.4377082,3.9444803,2.8069752,3.8653649,4.2698218,True,,ground_continuity_pass,True,False,,True,True,True,True,True,True,True,True,False,False
243,f0243,True,True,True,Pallet_0,context-rich,,640,480,683.06884,683.06884,320,240,5.6843419e-14,2.7924552,2.7924552,label_recomputed,10,55.834,,2.7199085,68574,357,323,323,378.36512,331.20369,331.20369,502.84793,315.77103,331.20369,315.77103,457.61034,104584.53,19.094235,40812.576,6,6,6,6,True,True,6,5.3475363e-06,8.7517444e-06,3.4307513e-06,4.5177455e-06,5.5728673e-06,0,0,0,0.54939118,1.2622209,1.6103401,0.64553252,1.2924647,1.5186107,0.87771388,1.2124602,1.3546154,0,0,0.025,1.0486957,2.7884072,3.6345957,1.3192722,2.8024459,3.2257845,1.722539,2.7295802,2.9634166,0,0,0.165,2.0271119,6.0860712,51.976808,2.4040692,5.2390294,26.427081,2.6138437,4.1312748,64.883842,True,,ground_continuity_pass,False,False,,True,True,True,True,False,True,True,True,False,False
244,f0244,True,True,True,Pallet_2,context-rich,,960,540,586.81892,586.81892,480,270,2.8421709e-14,14.79401,14.79401,label_recomputed,10,68.339,,14.744161,1731,59,52,52,58.842257,53.668588,53.668588,79.641249,58.842257,53.668588,53.668588,79.641249,3157.9809,2.4391039,1902.094,8,8,9,8,True,True,9,4.9526453e-06,1.7194829e-05,1.1237842e-05,1.8548711e-05,5.4336628e-06,0,0,0.895,15.374969,39.082674,46.61894,4.10231,8.5026133,10.430138,1.0757847,1.6443871,1.7540596,0,0.035,0.965,33.88029,80.745346,88.95618,8.3009606,15.01944,17.049924,2.1519031,2.8156852,2.9980859,0,0.245,0.995,59.263089,131.02629,175.30899,14.526773,32.679179,40.940008,3.1598132,4.1819946,4.3957535,False,camera_distance_over_limit,ground_continuity_pass,True,False,,True,True,True,True,True,True,True,True,False,True
245,f0245,True,True,True,Pallet_0,context-rich,,560,560,584.45863,584.45863,280,280,5.6843419e-14,1.3087555,1.3087555,label_recomputed,10,8.55,,1.2929353,92108,499,253,253,719.12375,263.14059,263.14059,765.7558,295.40275,263.14059,263.14059,395.60809,77732.455,11.897065,46943.86,6,6,7,6,True,True,7,2.7440309e-05,6.8526327e-05,5.1953398e-06,2.0913098e-06,2.726404e-05,0,0,0,0.4420017,0.93344864,1.1756472,0.19692159,0.34288299,0.3697924,1.1358757,1.4192283,1.6289859,0,0,0,0.87465915,2.0902136,2.3638509,0.40793492,0.69744022,0.7571052,2.2883057,3.0574966,3.3165109,0,0,0.005,1.1895735,2.9982118,3.4036325,0.59150961,0.98308357,1.1210357,3.3361735,4.447286,4.7658989,True,,ground_continuity_pass,True,False,,True,True,True,True,True,True,True,True,False,False
246,f0246,True,True,True,Pallet_1,context-rich,,640,480,605.9065,605.9065,320,240,5.6843419e-14,38.401678,38.401678,label_recomputed,10,8.003,,36.259854,75,19,6,6,18.616848,5.7602467,5.7602467,19.487623,18.616848,5.7602467,5.7602467,19.487623,107.23764,0.99870659,90.763217,8,8,9,8,True,True,9,4.0066053e-06,6.9893995e-06,0.00023911125,2.0561592e-05,4.3709116e-06,0,0.555,0.985,115.57121,582.395,1517.5529,4.0088223,38.908375,40.391561,1.1810601,5.7640417,5.9097752,0,0.825,0.995,312.60608,2209.3848,2948.7419,12.631163,129.2677,161.63911,2.5639479,6.0232103,6.3334075,0,0.93,1,601.36583,3268.763,4673.0444,25.946018,161.58364,166.44026,3.8007937,6.6110312,6.9628755,False,camera_distance_over_limit,ground_continuity_pass,True,False,,True,True,True,True,True,False,False,False,True,True
247,f0247,True,True,True,Pallet_3,context-rich,,640,480,528.89937,528.89937,320,240,2.8421709e-14,2.1188812,2.1188812,label_recomputed,10,32.048,,2.0737497,47281,335,219,219,339.03451,268.67748,268.67748,432.58755,339.03451,183.55048,183.55048,385.53233,62229.945,26.612304,25913.416,6,6,7,6,True,True,7,1.1533729e-05,1.9199271e-05,2.8686291e-05,1.1830235e-05,1.2264157e-05,0,0,0,0.88896827,1.9325725,2.3296147,0.56995354,1.0476432,1.1650945,1.0045283,1.3063146,1.4350549,0,0,0.045,1.8629883,3.9771491,4.6807724,1.2155253,2.0942641,2.5060543,1.8470043,2.6330031,2.8052949,0,0,0.155,2.5175138,5.9437086,6.9506572,1.7173266,2.9670758,3.3611303,2.8672059,4.0139316,4.2647622,True,,ground_continuity_pass,True,False,,True,True,True,True,True,True,True,True,False,False
249,f0249,True,True,True,Pallet_0,controlled-occlusion,,960,540,550.04922,550.04922,480,270,1.1368684e-13,1.5982262,1.5982262,label_recomputed,10,26.114,,1.538059,112387,536,262,262,550.06589,307.0333,307.0333,629.95391,256.5998,233.99002,233.99002,347.2676,60041.792,36.065797,32987.62,6,5,6,5,True,True,6,9.5431059e-06,1.4296161e-05,6.6521228e-06,2.0913098e-06,1.1356231e-05,0,0,0,0.67211157,1.436008,1.6780482,0.29093066,0.56840895,0.6365645,0.96468112,1.3692611,1.5009594,0,0,0.005,1.3168475,3.0741114,3.4022853,0.62388474,1.0650464,1.2085312,1.9686548,2.7956618,3.003896,0,0,0.065,1.86134,4.5809554,5.2869474,0.9158818,1.5011753,1.6874418,2.875318,4.2470894,4.5736196,True,,ground_continuity_pass,True,False,,True,True,True,True,True,True,True,True,False,False
250,f0250,True,True,True,Pallet_3,context-rich,,640,480,605.9065,605.9065,320,240,2.8421709e-14,13.738774,13.738774,label_recomputed,10,14.38,,12.152156,1214,74,26,26,74.520377,26.606822,26.606822,79.127806,72.442794,26.606822,26.606822,77.174357,1927.4725,6.0669551,1177.9394,7,7,8,7,True,True,8,7.1452056e-06,9.6404758e-06,0.00035936422,1.2431132e-05,8.2850038e-06,0,0.015,0.855,19.231825,42.370085,51.063565,1.2313274,2.1138332,2.3203641,0.98470888,1.3116034,1.4094591,0,0.095,0.95,41.904784,93.405113,109.82549,2.658618,4.6679728,5.7392258,2.0066082,2.6048018,3.0637967,0,0.3,0.98,60.967937,166.9181,219.57181,4.1785645,9.2114986,54.480877,3.1489544,4.8212497,18.672382,False,camera_distance_over_limit,ground_continuity_pass,True,False,,True,True,True,True,True,True,True,False,False,True
251,f0251,True,True,True,Pallet_2,context-rich,,560,560,497.66683,497.66683,280,280,1.1368684e-13,1.2019925,1.2019925,label_recomputed,10,29.177,,1.1349523,122614,413,375,375,766.99612,509.11141,509.11141,920.5854,8.0870303,61.283148,8.0870303,61.814434,495.59867,61.814434,0,4,2,2,2,True,False,,,,,,,,,,,,,,,,,,,,,,,,,,,,,,,,,,,,,,,,,,,True,,ground_continuity_pass,False,False,,False,True,True,True,True,False,False,False,True,True
253,f0253,True,True,True,Pallet_3,context-rich,,640,480,411.86236,411.86236,320,240,5.6843419e-14,2.7324657,2.7324657,label_recomputed,10,17.138,,2.4776945,15573,257,104,104,263.92053,104.72766,104.72766,283.94001,134.21239,104.72766,104.72766,170.23762,14055.749,19.498348,8223.4574,6,6,7,6,True,True,7,5.0257347e-06,5.7497935e-06,1.0869606e-05,4.1826196e-06,4.8921397e-06,0,0,0.01,1.4201101,3.018293,3.5247828,0.50246064,0.89998598,1.0319756,1.0049416,1.2763623,1.4094217,0,0,0.19,2.7984273,6.8236471,8.0919107,0.98800347,1.6043689,1.8014186,1.9661007,2.6012852,2.7913729,0,0,0.415,4.2658239,9.5414464,11.933022,1.424747,2.5342196,2.773182,2.7528664,3.7681411,4.1875963,True,,ground_continuity_pass,True,False,,True,True,True,True,True,True,True,True,False,False
255,f0255,True,True,True,Pallet_1,context-rich,,640,480,605.9065,605.9065,320,240,0,1.5997646,1.5997646,label_recomputed,10,6.656,,1.4061691,24547,277,160,160,841.99461,183.7024,183.7024,861.80131,268.15957,10.428061,10.428061,268.36225,2796.3842,268.36225,0,4,2,2,2,True,False,,,,,,,,,,,,,,,,,,,,,,,,,,,,,,,,,,,,,,,,,,,True,,ground_continuity_pass,False,False,,False,True,True,False,True,False,False,False,True,True
256,f0256,True,True,True,Pallet_1,context-rich,,640,480,693.45062,693.45062,320,240,5.6843419e-14,20.164444,20.164444,label_recomputed,10,67.405,,20.164444,1084,52,50,50,52.668699,51.02706,51.02706,73.333162,52.668699,51.02706,51.02706,73.333162,2687.5289,1.6696339,1384.6756,8,8,8,8,True,True,8,5.4327384e-06,9.1595368e-06,0.00048108008,3.5531757e-05,3.4739213e-06,0,0.02,0.97,28.78523,75.01014,85.281419,4.5700789,8.5927319,10.256021,1.0227883,1.3463986,1.4214786,0,0.3,0.995,64.969328,145.14365,168.17096,9.501461,24.357814,43.785621,1.9306738,2.6671418,2.8202692,0,0.55,0.995,98.658667,192.3673,248.91416,15.635873,51.671353,56.978219,2.9553691,3.9558696,4.4184229,False,camera_distance_over_limit,ground_continuity_pass,True,False,,True,True,True,True,True,True,True,True,False,True
257,f0257,True,True,True,Pallet_2,context-rich,,720,480,605.9065,605.9065,360,240,1.4210855e-13,1.8214929,1.8214929,label_recomputed,10,18.966,,1.7248629,62969,521,213,213,532.69607,273.86014,273.86014,598.96952,519.7436,181.36219,181.36219,550.47766,94261.838,74.408392,58644.129,5,5,6,5,True,True,6,1.5768549e-05,3.5017457e-05,5.8416958e-06,3.4150946e-06,1.5768549e-05,0,0,0,0.34849387,0.78964257,0.87196987,0.23161932,0.38175085,0.42255767,0.88397343,1.3156852,1.3942913,0,0,0,0.66454821,1.3066513,1.4787396,0.4317441,0.78536275,0.88569529,1.7669536,2.4453953,2.7356895,0,0,0.01,1.09726,2.0414298,2.3063851,0.70493663,1.1715732,1.3954399,2.6240879,3.9055314,4.2379851,True,,ground_continuity_pass,True,False,,True,True,True,True,True,True,True,True,False,False
258,f0258,True,True,True,Pallet_0,controlled-occlusion,,960,540,526.68122,526.68122,480,270,5.6843419e-14,2.5861936,2.5861936,label_recomputed,10,47.369,,2.5861936,42179,305,254,254,312.72285,260.57408,260.57408,407.05581,158.10029,260.57408,158.10029,304.78608,41196.838,18.055548,20793.549,8,6,7,6,True,True,7,2.2148299e-05,6.7421095e-05,3.5355544e-05,9.115808e-06,2.2341284e-05,0,0,0.02,1.4375859,3.8059692,4.1720693,0.69938992,1.3327017,1.4292958,0.98588822,1.2841373,1.3508381,0,0,0.255,3.3981248,7.6125092,8.7006946,1.4408035,2.5342222,2.7966936,1.8946333,2.6407559,2.8039587,0,0,0.43,4.3134417,9.8846736,13.007406,1.9633819,3.7931185,4.745601,2.9080315,4.0784902,4.4163782,True,,ground_continuity_pass,True,False,,True,True,True,True,True,True,True,True,False,False
259,f0259,True,True,True,Pallet_3,context-rich,,640,480,397.49412,397.49412,320,240,5.6843419e-14,6.8098707,6.8098707,label_recomputed,10,46.223,,6.5762521,3307,88,46,46,88.623733,46.817817,46.817817,100.23011,88.623733,46.817817,46.817817,100.23011,4149.1697,6.1520492,3542.9195,8,8,9,8,True,True,9,8.9417776e-06,1.5170983e-05,0.00014525966,1.3004293e-05,8.9505753e-06,0,0,0.5,4.9893506,10.889438,13.989286,1.6178358,2.9873471,3.3692758,1.0504767,1.2936737,1.384636,0,0,0.75,9.3550552,24.47471,28.757814,3.2500388,5.7066691,6.1816717,2.018106,2.5675218,2.8426408,0,0,0.9,14.607399,37.600274,44.308915,5.2228504,10.104486,18.154323,3.1065674,4.1718317,5.4974654,True,,ground_continuity_pass,True,False,,True,True,True,True,True,True,True,True,False,True
260,f0260,True,True,True,Pallet_3,context-rich,,560,560,348.75799,348.75799,280,280,5.6843419e-14,5.113001,5.113001,label_recomputed,10,11.363,,4.8519616,1773,79,31,31,80.420874,31.243931,31.243931,86.276881,80.420874,31.243931,31.243931,86.276881,2512.6642,9.7845634,2092.7942,8,8,9,8,True,True,9,3.0640438e-06,6.7102747e-06,4.1210314e-05,4.0045534e-06,2.5263552e-06,0,0,0.395,4.177609,9.6650955,11.396366,0.81170533,1.3297901,1.5959421,1.0234025,1.3111207,1.3768819,0,0,0.675,8.3038199,21.442814,24.009024,1.5992606,2.8768712,3.2432066,1.9710548,2.542497,2.6930702,0,0,0.775,12.18455,31.172976,38.578234,2.5541684,4.4103483,4.8330736,3.0838304,3.8229823,4.0195262,True,,ground_continuity_pass,True,False,,True,True,True,True,True,True,True,False,False,True
261,f0261,True,True,True,Pallet_2,context-rich,,640,480,605.9065,605.9065,320,240,5.6843419e-14,2.1022559,2.1022559,label_recomputed,10,44.424,,2.032358,78473,449,266,266,450.43319,334.65338,334.65338,561.14432,450.43319,266.43446,266.43446,523.33296,120010.92,35.026585,61651.954,6,6,6,6,True,True,6,8.7490996e-06,1.5338648e-05,6.2253809e-06,4.5177455e-06,9.3843332e-06,0,0,0,0.39365776,0.76104485,0.89190394,0.51301815,1.0367293,1.2551571,0.91666469,1.3475775,1.4545809,0,0,0,0.75981702,1.3892671,1.7642205,1.0316402,2.1327786,2.4677489,1.826151,2.7262637,2.9489147,0,0,0.01,1.1777955,2.3093503,2.6876614,1.5766906,3.3526989,3.9332524,2.8530051,4.0883479,4.9013298,True,,ground_continuity_pass,False,False,,True,True,True,True,False,True,True,True,False,False
262,f0262,True,True,True,Pallet_1,context-rich,,720,480,684.87322,684.87322,360,240,1.1368684e-13,1.6089085,1.6089085,label_recomputed,10,15.145,,1.5191729,68859,363,242,242,756.64561,253.89747,253.89747,798.10808,358.66421,230.50847,230.50847,426.34982,82675.138,43.0855,46755.739,6,6,7,6,True,True,7,7.9329088e-06,1.419821e-05,7.3171448e-06,1.7075473e-06,7.9621654e-06,0,0,0,0.54724479,1.2571805,1.4503667,0.22902204,0.39419824,0.43808712,1.0054663,1.3678255,1.4465068,0,0,0,1.0103755,2.2040971,2.4340015,0.44529546,0.75209738,0.82854975,2.0445624,2.7307235,2.8943208,0,0,0.04,1.3985586,3.8182868,4.5384564,0.64823139,1.1393007,1.3639126,2.9472607,4.2600195,4.8520696,True,,ground_continuity_pass,True,False,,True,True,True,True,True,True,True,True,False,False
263,f0263,True,True,True,Pallet_0,context-rich,,960,540,605.9065,605.9065,480,270,1.1368684e-13,11.418998,11.418998,label_recomputed,10,18.158,,10.444365,1159,82,19,19,84.291139,35.385238,35.385238,91.417236,84.228538,17.469005,17.469005,86.021001,1471.3887,8.4164273,990.23796,5,5,6,5,True,True,6,8.576511e-06,2.2789074e-05,0.00010855078,2.1497471e-05,8.6312855e-06,0,0.02,0.745,12.105035,29.730866,33.960185,1.6190061,3.286553,3.8796141,0.90703107,1.2868347,1.4008089,0,0.08,0.965,27.403492,57.941986,65.690375,4.0646473,44.178745,47.722713,1.7496623,11.357743,11.919045,0,0.175,0.96,37.701681,92.075913,109.50182,5.6046781,46.28924,48.416302,2.6186735,11.000973,11.763104,False,camera_distance_over_limit,ground_continuity_pass,True,False,,True,True,True,True,True,True,False,False,False,True
264,f0264,True,True,True,Pallet_2,controlled-occlusion,,640,480,393.42017,393.42017,320,240,2.8421709e-14,3.2164065,3.2164065,label_recomputed,10,2.037,,3.0389731,4983,187,32,32,187.07695,32.951265,32.951265,189.95676,139.42833,32.951265,32.951265,143.26913,4594.3397,8.5520628,3616.4954,8,6,7,6,True,True,7,1.7056659e-05,3.8169115e-05,2.6173529e-05,4.6763109e-06,1.6906318e-05,0,0,0.11,1.9844778,5.2193043,6.2565812,0.58288427,0.9677899,1.1507592,0.98142687,1.3563628,1.4698407,0,0,0.435,4.1829818,10.549771,11.944563,1.0882492,1.8266172,2.2114807,1.8503599,2.7351944,2.9692644,0,0,0.59,6.301783,17.588337,20.008502,1.7317875,2.864998,3.3340967,2.9114055,3.8929341,4.1893706,True,,ground_continuity_pass,True,False,,True,True,True,True,True,True,True,True,False,False
265,f0265,True,True,True,Pallet_1,context-rich,,640,480,653.85871,653.85871,320,240,1.4210855e-14,8.8755866,8.8755866,label_recomputed,10,5.689,,7.9750537,1941,113,21,21,127.93611,21.160745,21.160745,129.67431,95.686507,20.402214,20.402214,97.837405,1952.2166,10.932658,1469.9476,6,6,7,6,True,True,7,1.2208128e-05,1.9207577e-05,0.00016409586,1.8231616e-05,1.0838476e-05,0,0.01,0.585,6.9280758,17.711913,22.586648,0.96078517,1.6374177,1.766621,0.9383819,1.2727846,1.3741616,0,0.065,0.845,17.271937,47.657408,76.18445,2.0207886,3.7937695,46.769926,1.9066413,2.7825064,30.465362,0,0.135,0.88,26.337684,89.986186,141.88462,3.421283,45.186912,47.987108,3.08631,30.174644,32.295837,True,,ground_continuity_pass,True,False,,True,True,True,True,True,True,False,False,False,True
266,f0266,True,True,True,Pallet_3,context-rich,,640,480,450.08712,450.08712,320,240,2.8421709e-14,1.0629658,1.0629658,label_recomputed,10,1.642,,1.0503445,67241,640,161,161,798.13326,173.80365,173.80365,816.83805,402.52056,60.978825,60.978825,407.11328,24545.231,40.793808,20261.252,4,4,5,4,True,True,5,5.2533075e-06,8.7780812e-06,3.1501675e-06,1.2074183e-06,5.1249709e-06,0,0,0,0.46920067,0.80851864,0.89325238,0.4989556,0.85262653,0.99766047,1.0965374,2.0204653,2.3413741,0,0.005,0.005,1.0264331,1.6655849,1.8453934,0.90936671,1.7818284,2.1828034,2.2422483,3.8240533,4.5999317,0,0.005,0.02,1.5520505,2.6127769,2.9641102,1.4800805,2.6966831,3.2136409,3.1511952,5.9939005,7.7779172,True,,ground_continuity_pass,True,False,,True,True,True,True,True,True,True,True,False,False
267,f0267,True,True,True,Pallet_0,context-rich,,960,540,595.41153,595.41153,480,270,5.6843419e-14,1.4346488,1.4346488,label_recomputed,10,12.085,,1.3485029,105534,636,199,199,707.1776,301.28411,301.28411,768.68216,336.06369,155.54151,155.54151,370.31334,52271.855,27.104589,26410.049,5,4,5,4,True,True,5,55.614266,130.2493,20.5184,159.28829,6.3351682e-05,0,0.595,0.795,17.907305,21.858899,35.547545,158.50822,159.40388,159.4501,52.031916,56.058948,56.474,0,0.54,0.725,16.03566,23.347871,31.064011,158.14718,159.42938,159.57466,50.428837,56.530298,57.328519,0,0.61,0.77,16.775146,22.41822,24.267146,158.6217,159.47519,159.62241,52.363054,56.756551,57.421004,True,,ground_continuity_pass,True,False,,True,True,True,True,True,True,True,True,False,True
268,f0268,True,True,True,Pallet_0,controlled-occlusion,,720,480,605.9065,605.9065,360,240,1.1368684e-13,9.9643641,9.9643641,label_recomputed,10,8.367,,9.5697329,1590,90,24,24,93.326303,24.586717,24.586717,96.510649,51.703416,20.278079,20.278079,55.537769,1048.4459,6.6343679,615.57208,8,5,6,5,True,True,6,6.821554e-06,1.4794357e-05,8.1466781e-05,1.2431132e-05,7.7619915e-06,0,0.045,0.89,19.995904,66.092529,86.038172,1.3380589,33.094361,33.937207,0.92053432,13.301259,15.692709,0,0.145,0.96,35.601017,127.27098,241.40689,3.1046468,33.564439,34.79837,1.8640864,15.331937,16.14828,0,0.28,0.98,58.899091,506.1289,923.42905,4.7335006,34.877576,37.6486,2.9740824,15.695889,16.557441,True,,ground_continuity_pass,True,False,,True,True,True,True,True,True,False,False,False,True
269,f0269,True,True,True,Pallet_3,context-rich,,640,480,620.242,620.242,320,240,1.1368684e-13,3.5563681,3.5563681,label_recomputed,10,68.973,,3.3502834,26336,249,201,201,251.53411,291.38773,251.53411,384.93664,251.53411,192.01185,192.01185,316.44583,48297.532,6.6732556,18359.513,6,6,7,6,True,True,7,1.4694759e-05,5.6355988e-05,1.4043154e-05,6.9360899e-06,1.6143113e-05,0,0,0.135,2.4603691,5.3778855,6.3768991,1.6395524,3.0351753,3.6035593,1.0438776,1.3604099,1.5513411,0,0,0.425,4.1188067,10.521306,14.934081,3.021715,5.775782,6.6931807,2.0201837,2.7744452,3.0642772,0,0,0.695,7.7056703,17.414508,20.88141,4.6506951,9.6393581,11.057068,3.1539575,4.5349554,5.1262591,True,,ground_continuity_pass,True,False,,True,True,True,True,True,True,True,True,False,False
270,f0270,True,True,True,Pallet_2,context-rich,,960,540,661.09894,661.09894,480,270,1.1368684e-13,1.6640308,1.6640308,label_recomputed,10,8.925,,1.5307694,56199,490,189,189,772.46318,233.31222,233.31222,806.92871,467.87975,150.75898,150.75898,491.56864,70537.072,53.688342,36786.749,6,5,6,5,True,True,6,7.5061057e-06,1.0098429e-05,9.7076539e-06,2.4148365e-06,3.5010878e-06,0,0,0,0.62756525,1.4410596,1.6184442,0.26687729,0.46494736,0.50352843,0.95863363,1.3800147,1.4672681,0,0,0.015,1.163799,2.8058446,3.8777143,0.54722239,1.0125338,1.2044032,1.8879979,2.7948423,3.0365778,0,0,0.055,1.7834394,4.3199237,5.0659865,0.76187607,1.485624,1.713212,2.9400479,4.1367976,4.6001944,True,,ground_continuity_pass,True,False,,True,True,True,True,True,True,True,True,False,False
272,f0272,True,True,True,Pallet_3,context-rich,,560,560,479.47228,479.47228,280,280,1.1368684e-13,3.1409066,3.1409066,label_recomputed,10,68.746,,3.1409066,21470,182,215,182,183.72601,216.53516,183.72601,283.97663,183.72601,216.53516,183.72601,283.97663,39783.143,4.0694271,25150.053,8,8,9,8,True,True,9,1.3870804e-05,6.6234858e-05,6.1357187e-06,2.4148365e-06,1.298209e-05,0,0,0,1.2781026,2.6590445,3.1534935,1.279882,2.2156362,2.4959169,1.0942378,1.4516922,1.5448924,0,0,0.24,2.7721338,6.1090563,6.8382993,2.770883,4.6024962,5.2195678,2.2588994,2.9564176,3.0926558,0,0,0.49,3.8713083,8.6721844,9.533995,3.9064461,7.0790352,7.8809812,3.2142477,4.3764691,4.6927261,True,,ground_continuity_pass,True,False,,True,True,True,True,True,True,True,True,False,False
273,f0273,True,True,True,Pallet_0,controlled-occlusion,,640,480,438.3306,438.3306,320,240,2.8421709e-14,8.457372,8.457372,label_recomputed,10,41.822,,8.3286473,2615,71,58,58,72.840946,58.808028,58.808028,93.61724,50.240596,58.808028,50.240596,77.346633,2954.5504,5.8584801,1440.6564,8,6,6,6,True,True,6,5.6824276e-06,1.1191567e-05,0.00021218934,1.9543772e-05,5.5529068e-06,0,0.02,0.815,12.257354,41.737994,66.303592,1.9593119,4.7580231,25.234082,0.93689985,1.6465688,10.159542,0,0.06,0.955,29.104142,85.939152,102.29347,4.8204458,25.131503,27.295788,1.9819442,10.493485,10.947655,0,0.17,0.97,46.429605,137.91559,253.88304,7.2760733,27.321707,31.942569,2.9853665,10.190559,11.391273,True,,ground_continuity_pass,True,False,,True,True,True,True,True,True,True,True,False,True
274,f0274,True,True,True,Pallet_1,context-rich,,720,480,605.9065,605.9065,360,240,5.6843419e-14,1.2039057,1.2039057,label_recomputed,10,28.542,,1.1903811,208045,720,389,389,939.16683,394.91418,394.91418,1018.8187,14.476398,52.837044,14.476398,54.784298,764.8901,54.784298,0,4,2,2,2,True,False,,,,,,,,,,,,,,,,,,,,,,,,,,,,,,,,,,,,,,,,,,,True,,ground_continuity_pass,False,False,,False,True,True,True,True,False,False,False,True,True
275,f0275,True,True,True,Pallet_2,controlled-occlusion,,960,540,484.16384,484.16384,480,270,5.6843419e-14,6.0211271,6.0211271,label_recomputed,10,12.869,,5.6583108,3791,137,43,43,136.96954,43.202982,43.202982,143.62156,71.945097,33.439388,33.439388,79.33656,2405.8001,14.058614,1263.2812,8,4,5,4,True,True,5,7.3132102e-06,1.5940519e-05,3.8811504e-05,1.7160638e-05,7.4283451e-06,0,0.09,0.715,9.0338632,62.860823,105.80889,1.7188824,14.918728,48.415903,0.78559775,5.1261613,14.758883,0,0.24,0.895,21.535736,173.03125,219.4919,3.8704067,47.781156,53.090872,1.9201475,14.69365,15.99756,0,0.18,0.955,33.889814,132.44431,186.94811,5.6778872,41.081246,49.866268,2.9429006,15.437687,17.609675,True,,ground_continuity_pass,True,False,,True,True,True,True,True,True,True,True,False,True
276,f0276,True,True,True,Pallet_1,context-rich,,640,480,437.31243,437.31243,320,240,5.6843419e-14,1.4384391,1.4384391,label_recomputed,10,21.896,,1.4297769,66522,465,260,260,476.04466,264.21607,264.21607,544.45261,357.72185,119.9589,119.9589,377.2997,42911.919,60.860192,10967.656,7,3,3,3,True,False,,,,,,,,,,,,,,,,,,,,,,,,,,,,,,,,,,,,,,,,,,,True,,ground_continuity_pass,False,False,,False,True,True,True,True,False,False,False,False,True
278,f0278,True,True,True,Pallet_0,context-rich,,640,480,605.9065,605.9065,320,240,2.8421709e-14,5.2209341,5.2209341,label_recomputed,10,3.203,,4.8028232,3810,146,31,31,163.82555,31.329994,31.329994,166.79442,85.661752,24.785599,24.785599,89.175454,2123.1778,16.160233,1221.748,4,4,5,4,True,True,5,8.1908147e-06,1.7143784e-05,9.2185811e-05,1.0173887e-05,7.1587904e-06,0,0.035,0.61,6.9913736,19.866296,26.980573,1.0068976,2.0615965,2.6912889,0.82840054,1.326086,1.5842606,0,0.18,0.84,13.078216,411.19764,627.31274,2.130504,10.174903,22.51232,1.6434942,13.182271,22.109143,0,0.24,0.93,24.789431,463.50596,721.71567,3.3237315,16.201804,24.316791,2.5600855,15.39609,24.887707,True,,ground_continuity_pass,True,False,,True,True,True,True,True,True,True,False,False,True
279,f0279,True,True,True,Pallet_2,context-rich,,960,540,619.20547,619.20547,480,270,1.1368684e-13,0.83233429,0.83233429,label_recomputed,10,15.567,,0.81191362,408992,960,535,535,2183.3069,779.21394,779.21394,2318.1897,610.67596,111.23508,111.23508,620.72407,67928.59,116.88009,40425.871,4,3,4,3,True,True,4,0.00018558571,0.00070326275,6.2310753e-05,6.4942942e-05,0.00018558571,0,0.02,0.145,2.4770377,5.112944,6.2826546,2.5638233,5.4701223,6.6862315,4.8327124,10.052391,11.395766,0,0.15,0.565,5.3802738,43.946928,44.839471,5.4579532,53.998465,55.660047,10.099152,89.60703,91.19309,0,0.26,0.76,8.285999,44.556572,45.920813,8.2570238,54.735254,57.294474,15.86296,90.966577,92.804785,True,,ground_continuity_pass,False,False,,False,True,True,True,True,True,True,True,False,True
281,f0281,True,True,True,Pallet_3,context-rich,,640,480,605.9065,605.9065,320,240,1.1368684e-13,3.4693096,3.4693096,label_recomputed,10,31.541,,3.3034598,19389,212,142,142,215.26192,173.0068,173.0068,276.16851,212.23581,131.74768,131.74768,249.8029,27961.576,25.797568,14420.059,5,5,6,5,True,True,6,1.6352909e-05,3.4778691e-05,9.3576797e-06,5.5330856e-06,1.5895305e-05,0,0,0,1.162226,2.6407541,3.0951102,0.55257426,1.0023837,1.1052141,0.86007796,1.2038926,1.3788667,0,0,0.125,2.02977,5.1633879,6.0827626,1.0729472,1.8140981,2.0973278,1.8143877,2.4748101,2.8176235,0,0,0.22,2.8920371,6.5191333,9.4072885,1.6825955,3.0242559,3.5253292,2.5488655,3.6474564,4.1093229,True,,ground_continuity_pass,True,False,,True,True,True,True,True,True,True,True,False,False
282,f0282,True,True,True,Pallet_1,context-rich,,640,480,666.3972,666.3972,320,240,1.1368684e-13,1.8557896,1.8557896,label_recomputed,10,48.217,,1.8557896,117472,548,404,404,553.72435,425.00735,425.00735,698.02715,553.72435,399.58604,399.58604,682.84673,221260.52,32.933667,132227.93,7,7,8,7,True,True,8,3.4872377e-06,7.4713828e-06,2.4189215e-06,1.7075473e-06,3.4872378e-06,0,0,0,0.37409087,0.65905268,0.80975058,0.33980625,0.62036663,0.72094133,1.2124797,1.8820924,2.0796692,0,0,0,0.76183411,1.3492745,1.4688117,0.71481167,1.2671656,1.5221471,2.4317539,3.5237433,3.8987259,0,0,0,1.2077973,2.0154634,2.4300411,1.0476822,2.1147378,2.2638782,3.5809063,5.5356686,6.0732484,True,,ground_continuity_pass,True,False,,True,True,True,True,True,True,True,True,False,False
283,f0283,True,True,True,Pallet_2,context-rich,,720,480,638.94621,638.94621,360,240,5.6843419e-14,5.8620378,5.8620378,label_recomputed,10,6.791,,5.2740109,6305,193,41,41,201.65284,42.116683,42.116683,206.00408,66.947518,25.338481,25.338481,71.582182,1696.3484,25.547788,813.37065,6,3,4,3,True,True,4,5.2893687e-06,9.6139951e-06,0.00013777958,5.5330856e-06,5.2893688e-06,0,0,0.88,18.167311,44.658956,59.858312,2.5070401,5.6735885,6.7956463,0.3519829,0.64000498,0.8094339,0,0.095,0.95,39.282934,98.283276,117.35057,4.736075,10.097813,11.996465,0.71547522,1.2573443,1.3975283,0,0.345,0.99,62.064753,160.7383,201.24214,8.077803,143.20367,148.92471,1.0459167,1.9428996,2.1835693,True,,ground_continuity_pass,False,False,,False,True,True,True,False,True,True,False,False,True
284,f0284,True,True,True,Pallet_3,context-rich,,960,540,416.61103,416.61103,480,270,1.1368684e-13,94.203223,94.203223,label_recomputed,10,12.838,,88.949112,13,7,2,2,7.2703812,1.675498,1.675498,7.4609474,7.2703812,1.675498,1.675498,7.4609474,12.181509,0.69218287,10.604459,8,8,9,8,True,True,9,7.0079964e-06,1.4042183e-05,0.017361213,0.00011294364,5.6767727e-06,0,0.96,1,1646.4328,9904.0301,13399.947,25.496626,142.81831,160.11234,1.3794783,1.9683609,2.0697708,0,0.985,1,2338.5153,25573.97,42586.233,57.207714,159.24719,166.9274,2.2960404,3.0029709,3.2158629,0,0.99,1,2620.7526,14902.926,28779.05,81.672355,168.22305,176.34013,3.3276845,4.2609789,4.5724316,False,camera_distance_over_limit,ground_continuity_pass,True,False,,True,True,True,True,True,False,False,False,True,True
285,f0285,True,True,True,Pallet_2,context-rich,,560,560,605.9065,605.9065,280,280,1.1368684e-13,6.9719126,6.9719126,label_recomputed,10,74.995,,6.5751362,9142,141,148,141,142.27192,149.38609,142.27192,206.2947,142.27192,149.38609,142.27192,206.2947,21253.445,3.2244075,10860.896,8,8,9,8,True,True,9,8.7580131e-06,1.8513646e-05,7.3565042e-05,2.1767042e-05,1.0945168e-05,0,0,0.35,3.1716776,9.0578202,10.794332,2.4706369,4.6587897,5.2056733,1.0819924,1.4160799,1.4943455,0,0.005,0.77,6.9719125,19.047364,22.391,4.9787291,11.070953,13.529033,2.2273808,3.0264649,3.321506,0,0.025,0.95,9.3849283,26.054006,34.743754,8.3727239,20.915568,29.528698,3.4451274,4.6495712,5.2964025,True,,ground_continuity_pass,True,False,,True,True,True,True,True,True,True,True,False,True
287,f0287,True,True,True,Pallet_0,controlled-occlusion,,640,480,605.9065,605.9065,320,240,1.8651747e-14,2.2367321,2.2367321,label_recomputed,10,3.597,,2.1006988,23257,383,65,65,392.61228,74.549582,74.549582,399.62738,384.9552,61.985834,61.985834,389.91378,23861.769,62.39377,15726.552,6,5,6,5,True,True,6,3.8771454e-05,0.00012023456,1.7784604e-05,1.7075473e-06,3.968578e-05,0,0,0,0.51515038,1.0604833,1.216058,0.25710387,0.42633603,0.49715923,0.84718211,1.2800534,1.4077864,0,0,0,0.93518075,2.2005115,2.7800543,0.52594631,0.84681874,0.93967757,1.9419864,2.7115727,2.9284465,0,0,0.015,1.5198914,3.3834095,3.7195727,0.75958716,1.2382341,1.4964201,2.8101503,3.9570523,4.3239026,True,,ground_continuity_pass,True,False,,True,True,True,True,True,True,True,True,False,False
288,f0288,True,True,True,Pallet_0,context-rich,,960,540,344.91784,344.91784,480,270,1.1368684e-13,1.0665587,1.0665587,label_recomputed,10,41.743,,1.0278505,128934,558,406,406,569.5003,418.73382,418.73382,706.87241,569.5003,418.73382,418.73382,706.87241,238469.04,14.282898,133592.21,8,8,9,8,True,True,9,2.4381535e-05,4.8039086e-05,5.8182583e-06,4.0045534e-06,2.1533221e-05,0,0,0,0.42061934,0.7339046,0.83109277,0.41519368,0.76637791,0.92078606,1.6719289,2.6662093,2.864264,0,0,0,0.81996705,1.5745976,1.7594795,0.82959786,1.6028689,1.8011454,3.2748018,5.2694307,5.8767943,0,0,0.02,1.1949099,2.5194097,2.8993991,1.2215673,2.3684373,2.972065,4.7347958,8.3433215,10.33435,True,,ground_continuity_pass,True,False,,True,True,True,True,True,True,True,True,False,False
289,f0289,True,True,True,Pallet_2,context-rich,,720,480,624.89844,624.89844,360,240,2.8421709e-14,1.0521032,1.0521032,label_recomputed,10,21.283,,1.0247701,217210,720,344,344,1455.154,462.64656,462.64656,1526.9299,267.99602,120.9493,120.9493,294.02483,32413.932,72.642379,9403.5204,2,2,3,2,True,False,,,,,,,,,,,,,,,,,,,,,,,,,,,,,,,,,,,,,,,,,,,True,,ground_continuity_pass,False,False,,False,True,True,True,True,False,False,False,False,True
290,f0290,True,True,True,Pallet_1,context-rich,,640,480,414.70135,414.70135,320,240,2.8421709e-14,36.352053,36.352053,label_recomputed,10,2.72,,34.356933,41,18,3,3,18.185968,2.5252938,2.5252938,18.360462,18.185968,2.5252938,2.5252938,18.360462,45.924913,1.6495252,39.039724,8,8,9,8,True,True,9,2.5771977e-06,3.9829479e-06,0.0007595649,1.1518036e-05,2.2960749e-06,0,0.76,0.995,204.46389,595.40908,986.32072,5.2971643,37.125001,40.455855,1.0711231,3.265116,3.5910332,0,0.9,1,413.74347,1622.4779,2221.7966,12.030849,57.747159,167.13866,2.305032,3.9382941,4.220832,0,0.935,1,662.71922,3091.4486,5077.5411,22.422749,173.5241,176.74689,3.3758667,5.1014067,5.3245108,False,camera_distance_over_limit,ground_continuity_pass,True,False,,True,True,True,True,True,False,False,False,True,True
291,f0291,True,True,True,Pallet_3,context-rich,,640,480,605.9065,605.9065,320,240,8.5265128e-14,1.072231,1.072231,label_recomputed,10,4.454,,1.0348368,70945,516,240,240,999.12696,343.42876,343.42876,1056.5027,362.41113,70.89897,70.89897,369.28105,25694.576,51.370135,19398.091,4,4,5,4,True,True,5,9.062817e-06,1.1989975e-05,1.424688e-05,1.2489632e-05,8.8373204e-06,0,0.01,0.015,0.39602697,0.8113358,0.95324992,0.31139565,0.54197667,0.61192078,0.75962295,1.2548112,1.4935702,0,0,0.005,0.83257568,1.6164329,1.7627694,0.65479637,1.0290726,1.1390256,1.5740815,2.4401453,2.787309,0,0,0.005,1.2699264,2.1897979,2.551781,0.9746066,1.61593,1.7714553,2.4242133,3.7429855,4.1984733,True,,ground_continuity_pass,True,False,,True,True,True,True,True,True,True,True,False,False
293,f0293,True,True,True,Pallet_3,context-rich,,560,560,605.9065,605.9065,280,280,1.1368684e-13,2.2752253,2.2752253,label_recomputed,10,39.068,,2.1898397,55607,302,318,302,427.74663,322.55103,322.55103,535.72974,219.41175,322.55103,219.41175,390.10343,70771.486,30.873299,34236.392,6,6,7,6,True,True,7,4.4881231e-06,7.1044489e-06,4.1443913e-06,2.0913098e-06,5.6418484e-06,0,0,0,1.043902,2.7447767,3.326623,0.47671551,1.0170233,1.2478762,1.0124717,1.3413299,1.4106876,0,0,0.16,2.5245356,5.4912192,7.1124384,1.075373,1.8949119,2.1911291,2.0005365,2.6601291,2.8157021,0,0,0.355,3.4324348,7.9417956,9.0984426,1.450455,2.8214563,3.3550445,2.9586874,3.9662656,4.4145054,True,,ground_continuity_pass,True,False,,True,True,True,True,True,True,True,True,False,False
294,f0294,True,True,True,Pallet_0,controlled-occlusion,,960,540,445.47046,445.47046,480,270,5.6843419e-14,2.9135977,2.9135977,label_recomputed,10,17.815,,2.773863,15413,225,106,106,229.37686,108.65034,108.65034,253.80828,175.1104,108.65034,108.65034,206.07899,19025.805,19.173331,9977.3709,8,6,7,6,True,True,7,9.2115106e-06,1.7204353e-05,2.2701325e-05,2.4148365e-06,7.9933297e-06,0,0,0.015,1.2594928,3.2410089,3.7803935,0.46672871,0.87341207,0.93575312,0.95542991,1.4049847,1.5141779,0,0,0.195,2.5802711,6.0546274,7.3174175,0.94282216,1.6618097,1.8971887,1.9305371,2.7052035,2.956697,0,0,0.41,4.2946691,9.5074526,11.37796,1.5744795,2.644301,3.1750517,2.8709944,3.8250695,4.2720338,True,,ground_continuity_pass,False,False,,True,True,True,True,False,True,True,True,False,False
296,f0296,True,True,True,Pallet_3,context-rich,,640,480,621.2339,621.2339,320,240,2.8421709e-14,6.1794039,6.1794039,label_recomputed,10,1.136,,5.518724,1656,96,20,20,192.92195,21.309278,21.309278,194.09524,89.636972,16.295807,16.295807,91.106202,1460.7068,15.078771,1176.664,4,4,5,4,True,True,5,7.3746657e-06,1.5766433e-05,9.7769798e-05,2.4148365e-06,7.5496792e-06,0,0.12,0.725,8.4579422,95.444362,140.33238,1.3294954,6.6746208,11.316322,0.84016561,5.436956,16.561483,0,0.165,0.865,19.926005,114.12765,148.85386,3.0160716,7.0321127,24.780437,1.8943423,5.872253,18.017815,0,0.245,0.955,32.242086,169.23801,245.21974,4.4007002,27.572127,45.458509,2.8500275,18.859077,28.423745,True,,ground_continuity_pass,True,False,,True,True,True,True,True,True,False,False,False,True
297,f0297,True,True,True,Pallet_0,context-rich,,640,480,605.9065,605.9065,320,240,5.6843419e-14,14.308798,14.308798,label_recomputed,10,39.465,,14.308798,1626,59,39,39,60.62389,39.735202,39.735202,72.485463,60.62389,39.735202,39.735202,72.485463,2408.9025,4.808542,1641.2364,8,8,8,8,True,True,8,7.0411368e-06,1.1836107e-05,0.00010799517,1.9913252e-05,6.5942896e-06,0,0,0.78,13.389575,34.740149,46.191965,1.8325084,3.0364,3.5213099,0.95130253,1.2639892,1.3109622,0,0.02,0.94,29.704389,69.002741,88.141306,3.834908,6.78985,7.930869,2.0429576,2.6847203,2.8906776,0,0.1,0.975,42.467223,97.091034,124.34061,5.4869312,9.5140288,10.393171,3.0015692,3.8941991,4.1198074,False,camera_distance_over_limit,ground_continuity_pass,True,False,,True,True,True,True,True,True,True,True,False,True
299,f0299,True,True,True,Pallet_1,context-rich,,960,540,694.04365,694.04365,480,270,2.2737368e-13,0.80690663,0.80690663,label_recomputed,10,28.703,,0.74228669,292849,891,434,434,13682.639,12067.377,12067.377,18243.798,705.84232,247.98886,247.98886,748.13893,175041.04,64.941813,108474.18,4,4,5,4,True,True,5,3.6725073e-05,5.429264e-05,6.2265999e-06,5.1226419e-06,2.1575054e-05,0,0,0,0.3672537,0.74342525,0.85588912,0.26885748,0.50350095,0.55511513,1.7285312,3.6815894,4.193403,0,0,0,0.70572016,1.4533119,1.6799441,0.57921573,0.99572677,1.1237066,3.089129,6.9696566,8.9624427,0,0,0,1.1711172,2.0675876,2.6070103,0.90038555,1.5819242,1.7819048,4.7082513,11.266508,13.276247,True,,ground_continuity_pass,True,False,,True,True,True,True,True,True,True,True,False,False
300,f0300,True,True,True,Pallet_0,controlled-occlusion,,640,480,605.9065,605.9065,320,240,1.1368684e-13,15.154688,15.154688,label_recomputed,10,12.031,,14.546404,678,43,17,17,43.089221,17.136252,17.136252,46.371673,21.618269,17.106925,17.106925,27.568033,369.8221,4.8138334,182.63235,8,4,5,4,True,True,5,1.1685851e-05,2.1756174e-05,0.0014912683,3.7175936e-05,1.0509754e-05,0,0.77,0.99,1000.1084,4081.7274,4597.1967,10.578632,90.142228,106.39097,3.8702728,6.7695016,7.0275806,0,0.83,1,1230.1259,3831.9272,4738.4567,11.679186,97.016716,108.24381,4.0274575,7.3905455,7.7990484,0,0.895,1,1449.9225,4269.2793,5362.2224,18.914555,93.773721,104.25982,4.561075,7.7257965,8.1763297,False,camera_distance_over_limit,ground_continuity_pass,False,False,,True,True,False,True,False,True,False,False,False,True
301,f0301,True,True,True,Pallet_2,context-rich,,560,560,388.54229,388.54229,280,280,5.6843419e-14,1.5828424,1.5828424,label_recomputed,10,28.692,,1.4560828,46180,308,235,235,464.40462,300.47124,300.47124,553.13165,303.67406,174.5521,174.5521,350.26615,53006.947,31.766191,23606.474,5,5,6,5,True,True,6,7.3571308e-06,1.4390757e-05,6.6165844e-06,5.3997387e-06,7.3571306e-06,0,0,0,0.83374818,1.849183,2.3492205,0.54163697,0.89995534,1.0706674,0.97642275,1.3184578,1.4113333,0,0,0.05,1.5761585,4.1728968,4.7790408,1.0127094,1.7653337,2.0341385,1.8390562,2.5908557,2.9097596,0,0,0.125,2.1970749,5.3543436,6.9938438,1.5952998,2.9121764,4.0291476,2.8323188,4.3427125,4.9402161,True,,ground_continuity_pass,True,False,,True,True,True,True,True,True,True,True,False,False
302,f0302,True,True,True,Pallet_1,context-rich,,960,540,482.74471,482.74471,480,270,2.8421709e-14,0.87121549,0.87121549,label_recomputed,10,11.067,,0.84858166,218178,827,330,330,1349.2365,694.26885,694.26885,1517.3821,327.01124,58.024111,58.024111,332.11918,18974.536,47.361656,11727.776,4,3,4,3,True,True,4,0.0012732312,0.0050489378,0.0008885514,0.00084968452,0.0012732312,0,0,0.965,21.169297,33.406989,35.561966,20.742097,33.291555,35.55322,29.364823,46.181526,48.748394,0,0.02,0.985,24.8056,38.050023,40.234485,24.785514,38.437219,41.110254,33.996003,52.829541,54.807999,0,0.05,1,27.907394,37.988602,41.78263,27.851225,39.073709,42.804509,38.385628,52.389755,57.443129,True,,ground_continuity_pass,False,False,,False,True,True,True,True,True,True,True,False,True
303,f0303,True,True,True,Pallet_3,context-rich,,640,480,605.9065,605.9065,320,240,2.1316282e-14,7.1606753,7.1606753,label_recomputed,10,3.706,,6.3232181,2079,110,26,26,111.17037,26.187976,26.187976,114.21323,108.59267,26.187976,26.187976,111.70576,2843.8221,13.798608,1992.035,7,7,8,7,True,True,8,1.9196794e-05,4.497373e-05,0.00024630671,2.4148365e-06,1.7086602e-05,0,0,0.485,4.8163526,12.280979,14.039769,0.62273232,1.0552515,1.1570849,1.0174231,1.2969887,1.3784736,0,0,0.65,7.4887098,19.76233,25.019697,1.2219094,2.1068691,2.3494797,1.9243721,2.5359845,2.6609125,0,0,0.78,13.372736,37.998678,45.523267,1.9937481,3.4054479,3.6744828,2.9738135,3.8746337,4.1324466,True,,ground_continuity_pass,True,False,,True,True,True,True,True,True,True,False,False,True
304,f0304,True,True,True,Pallet_3,context-rich,,960,540,307.97606,307.97606,480,270,1.1368684e-13,1.4807835,1.4807835,label_recomputed,10,4.244,,1.3015865,26534,492,82,82,538.15749,84.364339,84.364339,544.73005,340.11928,41.588897,41.588897,342.65254,14145.186,23.792946,12735.163,6,6,7,6,True,True,7,1.7983879e-05,2.2041397e-05,1.062296e-05,1.2778114e-05,2.0119917e-05,0,0,0,0.99924065,1.8555051,1.9440962,0.74607568,1.1650332,1.267151,1.4688197,2.7845079,3.2949834,0,0,0.02,2.0958938,3.7947639,4.3368537,1.5678056,2.466632,2.6288359,3.1918919,6.4610927,7.545971,0,0,0.13,3.1603872,5.1486346,5.9220532,2.2403469,3.5725515,4.248339,4.4298911,8.7420798,10.454822,True,,ground_continuity_pass,True,False,,True,True,True,True,True,True,True,True,False,False
305,f0305,True,True,True,Pallet_0,context-rich,,640,480,339.44017,339.44017,320,240,5.6843419e-14,16.479001,16.479001,label_recomputed,10,29.934,,15.854104,353,28,15,15,28.505881,15.811228,15.811228,32.597242,28.505881,13.900974,13.900974,31.714702,396.2595,2.8109025,228.16956,8,6,6,6,True,True,6,6.968063e-06,9.8055476e-06,8.971414e-05,2.1017403e-05,7.3672474e-06,0,0.28,0.965,58.651842,182.67468,313.1866,5.4690675,31.248064,34.900177,0.98577911,3.5532709,3.759701,0,0.59,1,122.96743,318.42849,423.20133,10.561639,35.039692,40.540617,2.1534267,3.9346508,4.5589524,0,0.775,1,186.17856,453.07328,575.32564,18.184693,115.20093,130.64396,3.2570205,5.1970389,5.9965683,False,camera_distance_over_limit,ground_continuity_pass,True,False,,True,True,True,True,True,False,False,False,True,True
306,f0306,True,True,True,Pallet_1,context-rich,,720,480,605.9065,605.9065,360,240,5.6843419e-14,8.411349,8.411349,label_recomputed,10,66.724,,8.411349,4699,108,96,96,109.5514,97.862878,97.862878,146.89674,109.5514,97.862878,97.862878,146.89674,10721.015,3.2851428,6056.7943,8,8,9,8,True,True,9,6.3826237e-06,9.1238367e-06,3.0082992e-05,1.1326587e-05,6.2206343e-06,0,0,0.48,4.5886604,11.1697,13.443755,2.153987,3.7415511,4.1745926,1.0010977,1.3228432,1.4154578,0,0,0.84,10.615006,23.411401,29.034047,4.2247106,7.4707083,8.5158281,2.0638128,2.645214,2.8496996,0,0.02,0.94,14.653373,33.651345,39.69087,6.5748902,12.489003,16.813066,2.991986,4.1050586,4.4467359,True,,ground_continuity_pass,True,False,,True,True,True,True,True,True,True,True,False,True
307,f0307,True,True,True,Pallet_2,context-rich,,640,480,604.92905,604.92905,320,240,6.2527761e-13,2.0544165,2.0544165,label_recomputed,10,65.352,,2.0293767,83393,461,334,334,463.20523,458.31141,458.31141,651.61986,463.20523,259.34176,259.34176,530.86461,120128.46,27.275829,52783.588,6,6,6,6,True,True,6,7.9168443e-06,1.7244559e-05,7.4040603e-06,2.6998693e-06,1.0603134e-05,0,0,0,0.67356727,1.2850921,1.4939018,0.80956715,1.7648016,2.2433412,0.94250821,1.3193638,1.4655875,0,0,0.015,1.3595219,2.5055216,2.9593192,1.7554427,3.7833076,4.2910315,1.834638,2.5973191,2.8425945,0,0,0.12,2.05038,3.872225,4.3544192,2.5661438,5.1863056,6.0686213,2.6655482,3.9003614,4.242024,True,,ground_continuity_pass,True,False,,True,True,True,True,True,True,True,True,False,False
310,f0310,True,True,True,Pallet_1,controlled-occlusion,,640,480,307.27259,307.27259,320,240,1.1368684e-13,8.5593731,8.5593731,label_recomputed,10,11.607,,8.0819806,601,60,18,18,60.64184,17.700235,17.700235,63.172234,30.056374,10.075156,10.075156,31.700069,302.82265,4.6558305,177.2956,8,4,5,4,True,True,5,9.452452e-06,1.1452446e-05,0.00016328543,2.5839879e-05,9.4376637e-06,0,0.365,0.975,54.806614,534.02797,616.17595,4.1826582,20.166515,28.70725,1.1202877,5.6057087,7.532021,0,0.49,1,89.492897,599.32028,774.94184,9.6303864,31.804022,34.875299,2.1986701,7.6907206,8.2666973,0,0.63,1,132.41382,762.10696,1085.7567,13.490269,38.579208,101.82467,3.2749699,8.0551407,8.7809843,True,,ground_continuity_pass,True,False,,True,True,True,True,True,False,False,False,True,True
311,f0311,True,True,True,Pallet_3,context-rich,,560,560,605.9065,605.9065,280,280,1.1368684e-13,2.0743931,2.0743931,label_recomputed,10,14.972,,1.9489939,41981,467,122,122,470.91225,206.28756,206.28756,514.11371,470.91225,71.418204,71.418204,476.29708,33631.708,45.584232,22948.917,6,4,5,4,True,True,5,148.7154,205.04752,754.24052,22.176685,153.50656,0,0.06,0.565,0.52479298,1.2904643,1504.8384,19.561835,23.66905,26.055337,30.601489,38.124886,165.78887,0,0.03,0.72,1.0363236,2.2293192,2.923923,18.357354,25.553678,27.308297,27.883817,40.415476,43.173427,0,0.015,0.805,1.6125086,3.369428,3.8945517,16.212732,27.502107,31.100355,4.8042114,42.471119,44.756783,True,,ground_continuity_pass,True,False,,True,True,True,True,True,True,True,True,False,True
313,f0313,True,True,True,Pallet_0,controlled-occlusion,,960,540,584.49049,584.49049,480,270,5.6843419e-14,5.2128338,5.2128338,label_recomputed,10,12.781,,4.9501721,6886,175,60,60,179.62539,60.983306,60.983306,189.69514,179.62539,37.123622,37.123622,183.4215,6668.3453,15.47743,4678.0109,8,6,6,6,True,True,6,4.7900245e-06,5.9021607e-06,7.9608293e-06,5.2630142e-06,4.833569e-06,0,0,0.385,4.1868419,8.51271,12.015767,0.89980426,1.7209417,1.9656951,0.93317889,1.4442466,1.9393136,0,0,0.615,6.5421706,18.255253,26.074359,1.8216795,3.9166885,31.831735,1.8342232,2.9472836,27.882689,0,0.005,0.78,11.220419,31.778337,40.715835,2.7819218,31.082125,33.152444,2.9646343,27.201268,28.0716,True,,ground_continuity_pass,True,False,,True,True,True,True,True,True,True,True,False,True
314,f0314,True,True,True,Pallet_3,context-rich,,720,480,480.52778,480.52778,360,240,2.2737368e-13,0.9284827,0.9284827,label_recomputed,10,6.506,,0.8743028,115258,720,180,180,1414.3614,204.13281,204.13281,1429.0166,479.15023,59.659346,59.659346,482.85006,28585.789,55.679049,27307.197,4,4,5,4,True,True,5,2.6104946e-05,4.8240445e-05,1.1471607e-05,5.9151173e-06,1.9017839e-05,0,0.005,0.01,0.8389391,1.8444033,2.1960943,0.53523857,1.1448381,1.461543,2.299932,5.0446527,5.7058504,0,0,0.02,1.7258609,3.8234939,4.4083578,1.1264993,2.5870337,2.7927397,4.0938237,9.7925603,11.834389,0,0.015,0.11,2.3527976,5.0561936,6.8790104,1.5971551,3.4240209,4.4183121,5.4315945,13.520366,18.228331,True,,ground_continuity_pass,True,False,,True,True,True,True,True,True,True,True,False,False
316,f0316,True,True,True,Pallet_3,context-rich,,640,480,605.9065,605.9065,320,240,5.6843419e-14,11.25538,11.25538,label_recomputed,10,22.355,,10.563099,1998,86,39,39,87.536272,42.584043,42.584043,97.344746,87.536272,34.241686,34.241686,93.99517,2997.3896,8.5926372,1821.2044,7,7,8,7,True,True,8,3.8889879e-06,7.9163057e-06,0.00012556967,2.4148365e-06,3.8727575e-06,0,0,0.7,9.3588886,20.359815,23.976991,1.2879083,2.1196889,2.4363427,0.99806535,1.3380152,1.4503962,0,0.005,0.865,18.179945,43.990091,49.87506,2.7214271,4.6319148,5.0597894,1.9781673,2.5275023,2.8666238,0,0.01,0.975,30.935062,64.586426,85.854812,3.9161967,7.4573659,9.9778181,3.0785406,4.0017926,4.818978,False,camera_distance_over_limit,ground_continuity_pass,True,False,,True,True,True,True,True,True,True,True,False,True
317,f0317,True,True,True,Pallet_1,context-rich,,640,480,605.9065,605.9065,320,240,5.6843419e-14,3.0859047,3.0859047,label_recomputed,10,1.676,,2.7981793,6458,205,41,41,371.71081,43.449786,43.449786,374.24165,168.90652,27.683499,27.683499,171.16012,4675.9234,23.162146,3684.7368,4,4,5,4,True,True,5,5.9107139e-06,7.9867637e-06,1.2628684e-05,2.0913098e-06,5.4784635e-06,0,0.005,0.05,1.792825,4.1440035,4.9434756,0.60956447,1.012745,1.1352026,0.81359607,1.2713302,1.3799796,0,0.005,0.32,3.1920158,8.3414236,9.7277533,1.2432715,2.1337431,2.380289,1.5733945,2.3789463,2.7215189,0,0.01,0.565,6.1139579,15.327149,21.701829,2.0440797,3.8766543,35.958333,2.4518557,4.6128585,43.641888,True,,ground_continuity_pass,True,False,,True,True,True,True,True,True,True,False,False,False
318,f0318,True,True,True,Pallet_2,context-rich,,640,480,341.61302,341.61302,320,240,5.6843419e-14,4.2480335,4.2480335,label_recomputed,10,14.751,,4.0111026,3782,120,48,48,120.14553,48.2584,48.2584,129.47517,120.14553,48.2584,48.2584,129.47517,5798.0309,10.642081,4239.616,8,8,9,8,True,True,9,6.352972e-06,1.137445e-05,2.2662609e-05,6.0370913e-06,6.3351853e-06,0,0,0.165,1.8561437,5.6064534,6.1433799,0.75162889,1.1992697,1.3303938,1.0622248,1.3728967,1.4475062,0,0,0.47,4.6602644,10.56078,12.011095,1.479351,2.4359139,2.6511434,2.0226854,2.5693091,2.818879,0,0,0.625,6.7599265,15.186663,18.623284,2.188036,3.7004633,4.1373878,3.0328597,3.975747,4.1263976,True,,ground_continuity_pass,True,False,,True,True,True,True,True,True,True,True,False,False
319,f0319,True,True,True,Pallet_0,context-rich,,960,540,508.49462,508.49462,480,270,1.7053026e-13,0.94736778,0.94736778,label_recomputed,10,19.641,,0.90925884,173870,960,214,214,1472.7056,477.68974,477.68974,1548.2407,246.97776,84.99362,84.99362,261.19328,20991.534,55.986988,6843.1621,4,2,3,2,True,False,,,,,,,,,,,,,,,,,,,,,,,,,,,,,,,,,,,,,,,,,,,True,,ground_continuity_pass,False,False,,False,True,True,True,True,False,False,False,False,True
320,f0320,True,True,True,Pallet_1,context-rich,,640,480,692.79543,692.79543,320,240,5.6843419e-14,4.569243,4.569243,label_recomputed,10,43.576,,4.3473784,22941,241,151,151,242.80571,152.33849,152.33849,286.6385,242.80571,152.33849,152.33849,286.6385,36988.656,15.274989,26153.642,8,8,9,8,True,True,9,4.1696257e-06,8.1319614e-06,1.6097371e-05,2.6998693e-06,4.5388782e-06,0,0,0,1.1126149,2.7865884,3.2599377,0.56946607,0.9479673,1.0580313,1.0295945,1.4289911,1.4778559,0,0,0.115,2.2554627,5.1898865,5.9397505,1.0152291,1.7969605,2.2156223,2.0876004,2.6533562,2.8472161,0,0,0.42,4.3463775,8.8214672,10.455207,1.6272326,3.0494922,3.5680375,3.1372642,4.224063,4.4412326,True,,ground_continuity_pass,True,False,,True,True,True,True,True,True,True,True,False,False
321,f0321,True,True,True,Pallet_2,context-rich,,960,540,605.9065,605.9065,480,270,5.6843419e-14,111.99758,111.99758,label_recomputed,10,1.388,,105.751,0,0,0,0,7.1650179,1.274646,1.274646,7.2775136,7.1650179,1.274646,1.274646,7.2775136,9.1328616,1.0446735,8.5231773,8,8,9,8,True,True,9,1.2937111e-05,1.8339871e-05,0.047282696,8.1516383e-05,1.2937059e-05,0,0.99,1,2668.1972,11726.069,15778.776,18.999641,47.305651,132.80758,1.5000818,2.1716782,2.3669898,0,1,1,3369.8722,20323.704,32356.742,42.353725,162.78,174.14502,2.4716389,3.061148,3.2007388,0,1,1,3825.1042,19430.711,37745.161,50.730265,166.94157,171.23273,3.3976581,4.3555241,4.5548009,False,mask_invariants_pass|camera_distance_over_limit|empty_target_mask,ground_continuity_pass,False,False,,True,True,False,True,True,False,False,False,True,True
322,f0322,True,True,True,Pallet_0,controlled-occlusion,,560,560,357.20958,357.20958,280,280,5.6843419e-14,4.9614317,4.9614317,label_recomputed,10,29.822,,4.649115,4993,120,70,70,123.06268,71.875165,71.875165,142.51478,63.007568,71.875165,63.007568,95.582388,4528.6794,9.0176924,2462.2465,8,6,7,6,True,True,7,8.0556739e-06,1.2241004e-05,9.7829088e-06,1.1326587e-05,7.6352335e-06,0,0,0.53,5.38312,13.019463,14.953341,1.0860351,1.8681023,2.108311,0.8944115,1.2862335,1.346359,0,0.005,0.765,10.19085,27.381425,33.939538,2.1024821,3.8298056,5.0647068,1.8654458,2.6288364,2.9141045,0,0.025,0.9,20.415732,47.821753,56.627262,3.4420537,6.8827713,9.4663145,2.9373778,4.2710117,4.9339976,True,,ground_continuity_pass,True,False,,True,True,True,True,True,True,True,True,False,True
323,f0323,True,True,True,Pallet_3,context-rich,,640,480,588.83788,588.83788,320,240,1.1368684e-13,2.484981,2.484981,label_recomputed,10,3.525,,2.279591,12640,269,72,72,313.51529,74.37526,74.37526,322.21657,258.45347,59.577336,59.577336,265.23133,15397.969,30.675721,11763.759,6,6,7,6,True,True,7,2.9147285e-05,9.9606222e-05,4.5376831e-05,5.6632937e-06,2.8832722e-05,0,0,0,1.0824609,2.4860056,2.9941756,0.37953974,0.66514265,0.7477019,0.96626482,1.3089846,1.3786528,0,0,0.125,2.2075931,5.1849952,6.3340103,0.70042203,1.2344532,1.4543501,1.9523671,2.7588332,2.9058293,0,0,0.275,3.1030921,8.4825086,9.4797845,1.1312059,2.0562138,2.2721822,2.8748163,3.8869534,4.1989055,True,,ground_continuity_pass,True,False,,True,True,True,True,True,True,True,True,False,False
324,f0324,True,True,True,Pallet_1,context-rich,,960,540,605.9065,605.9065,480,270,2.2737368e-13,1.1033514,1.1033514,label_recomputed,10,13.035,,1.0418129,149158,761,289,289,1485.5841,373.30352,373.30352,1531.7688,765.8542,187.1699,187.1699,788.39408,143344.86,60.155431,70134.202,6,5,6,5,True,True,6,1.1770504e-05,1.6971397e-05,4.1157827e-06,1.2074183e-06,4.0211876e-05,0,0,0,0.5262777,1.0406486,1.2101314,0.38307582,0.69299067,0.75974609,2.0023317,4.4719181,4.9761277,0,0,0,1.017076,2.1249382,2.4664446,0.81591242,1.5439575,1.7544706,4.1939694,9.5622884,10.811461,0,0.015,0.04,1.6125826,3.0102214,4.0285343,1.2093914,2.0493763,2.923688,6.1037483,12.940011,16.123985,True,,ground_continuity_pass,True,False,,True,True,True,True,True,True,True,True,False,False
325,f0325,True,True,True,Pallet_3,context-rich,,720,480,349.0936,349.0936,360,240,2.2737368e-13,1.2548444,1.2548444,label_recomputed,10,50.101,,1.1822147,94812,367,365,365,403.28577,365.18246,365.18246,544.05665,347.91908,365.18246,347.91908,504.38667,127053.95,3.2442532,94464.236,7,7,8,7,True,True,8,3.6984205e-05,0.00019175065,6.5270614e-06,4.3534085e-06,3.6984205e-05,0,0,0,0.41694784,0.86627936,0.90541917,0.43465204,0.77896896,0.90257971,1.3148716,1.9651103,2.1851848,0,0,0,0.89023363,1.7094701,1.8901082,0.88687081,1.7132675,2.0291859,2.712552,3.9676549,4.3720916,0,0.005,0.03,1.2481242,2.6299589,3.3577814,1.3869694,2.5688691,3.0765477,3.7367858,5.9128332,7.1132209,True,,ground_continuity_pass,True,False,,True,True,True,True,True,True,True,True,False,False
326,f0326,True,True,True,Pallet_2,controlled-occlusion,,640,480,316.99636,316.99636,320,240,5.6843419e-14,7.3890963,7.3890963,label_recomputed,10,17.785,,7.3890963,782,47,24,24,46.760164,23.947371,23.947371,52.535602,21.706474,23.195466,21.706474,31.767919,503.49178,7.0539697,250.36549,8,4,5,4,True,True,5,5.097782e-06,9.8985379e-06,0.00023318601,1.3976877e-05,8.0445462e-06,0,0.255,0.97,40.589809,271.27066,468.2253,7.097282,13.190522,14.794738,2.5924575,3.1533323,3.7195268,0,0.395,0.99,85.882599,352.48031,556.48403,8.4283573,15.438822,16.586961,2.706554,3.9661387,4.6387881,0,0.52,0.995,100.8501,516.07585,776.01783,10.91587,21.694885,25.826172,3.2214731,5.088477,5.6176203,True,,ground_continuity_pass,True,False,,True,True,True,True,True,True,False,False,False,True
327,f0327,True,True,True,Pallet_0,context-rich,,640,480,630.18244,630.18244,320,240,1.1368684e-13,5.2848858,5.2848858,label_recomputed,10,21.134,,4.7129841,8886,153,68,68,169.31181,95.67875,95.67875,194.47599,124.94138,58.77244,58.77244,138.07443,7343.1095,16.99381,4720.5021,5,5,6,5,True,True,6,1.9609992e-05,5.1482708e-05,1.1369059e-05,6.3890569e-06,1.9676973e-05,0,0,0.405,4.1658716,9.1620671,10.702845,0.63913413,1.1269237,1.2271637,0.87231932,1.3361185,1.4249176,0,0,0.705,8.7824915,21.388845,24.216424,1.322529,2.2495286,2.5452586,1.7976075,2.4385346,2.6323285,0,0,0.8,12.875869,28.095858,35.580397,2.0792796,3.4798521,4.0956281,2.6027753,3.6326685,3.9862608,True,,ground_continuity_pass,True,False,,True,True,True,True,True,True,True,True,False,True
329,f0329,True,True,True,Pallet_2,context-rich,,640,480,605.9065,605.9065,320,240,2.8421709e-14,1.165036,1.165036,label_recomputed,10,6.918,,1.1000573,88949,530,293,293,870.66444,380.47705,380.47705,950.16807,422.42843,61.754749,61.754749,426.91852,26086.962,37.375497,12707.001,4,3,4,3,True,True,4,4.1177451e-05,0.00014205539,3.6905768e-05,2.3443822e-05,4.1177451e-05,0,0.01,0.485,4.8817,11.539759,15.311826,3.2473092,7.0414547,9.0038938,5.9472346,13.909304,18.284484,0,0.115,0.735,9.1347026,65.290558,70.215635,6.2631302,53.958894,61.014954,11.516334,70.67087,77.135644,0,0.15,0.915,15.376685,67.180646,71.179836,9.8561122,56.319411,62.085939,19.704672,72.975135,77.410595,True,,ground_continuity_pass,False,False,,False,True,True,True,True,True,True,True,False,True
330,f0330,True,True,True,Pallet_0,controlled-occlusion,,960,540,605.9065,605.9065,480,270,1.1368684e-13,1.5274055,1.5274055,label_recomputed,10,23.333,,1.4711014,138713,631,374,374,674.83535,387.35148,387.35148,778.10277,176.66212,387.35148,176.66212,425.73545,68430.334,42.573734,14657.92,6,4,5,4,True,True,5,2.354445e-05,3.7411318e-05,1.0863979e-05,3.0137121e-05,1.1866737,0,0.13,0.49,1.8054211,52.1725,53.956391,2.2666278,143.65287,179.59711,2.1387079,183.16738,208.45454,0,0.14,0.52,3.2011358,51.832514,54.190061,3.8913824,177.71267,179.16996,3.626748,193.47346,206.18621,0,0.19,0.65,4.892653,52.095896,57.236982,5.74459,178.23027,179.43459,7.2996665,202.8214,210.70886,True,,ground_continuity_pass,True,False,,True,True,True,True,True,True,True,True,False,True
331,f0331,True,True,True,Pallet_3,context-rich,,640,480,656.10364,656.10364,320,240,2.8421709e-14,3.6041028,3.6041028,label_recomputed,10,53.973,,3.5275889,33244,272,193,193,274.79556,194.44758,194.44758,336.63402,274.79556,194.44758,194.44758,336.63402,53433.332,14.855156,35483.518,8,8,9,8,True,True,9,1.576502e-05,7.4239176e-05,4.8646775e-06,1.7075473e-06,1.6454893e-05,0,0,0,0.8429668,1.806105,2.1709783,0.66915585,1.1730658,1.3330465,1.0992442,1.3498045,1.4496123,0,0,0.03,1.6114172,3.4737825,4.1108543,1.3909081,2.2848656,2.8448795,2.1657147,2.7340904,2.8201833,0,0,0.25,2.852313,6.8803651,8.1816226,2.154248,3.8915522,4.4186329,3.182728,4.1753515,4.5280348,True,,ground_continuity_pass,True,False,,True,True,True,True,True,True,True,True,False,False
332,f0332,True,True,True,Pallet_0,context-rich,,560,560,538.27215,538.27215,280,280,5.6843419e-14,6.9392035,6.9392035,label_recomputed,10,24.592,,6.2402665,4660,126,48,48,128.13279,68.824771,68.824771,145.44711,128.13279,46.616398,46.616398,136.34918,5973.0891,11.674115,3448.5192,6,6,7,6,True,True,7,1.6026656e-05,2.1340546e-05,2.3957195e-05,2.8902476e-05,1.6314176e-05,0,0.005,0.49,4.9402664,10.871259,12.467713,1.1181154,2.1592068,2.5421904,0.97526918,1.309671,1.4374401,0,0.005,0.795,9.6563545,23.579973,27.028226,2.6584831,4.2362477,4.996816,1.9647727,2.6944744,2.8463882,0,0.025,0.87,14.817369,37.528173,46.487354,3.6038187,6.9854698,8.6189789,2.9307372,4.0461809,4.7898919,True,,ground_continuity_pass,True,False,,True,True,True,True,True,True,True,True,False,True
333,f0333,True,True,True,Pallet_3,context-rich,,960,540,347.03208,347.03208,480,270,1.1368684e-13,22.53958,22.53958,label_recomputed,10,69.432,,22.339524,241,24,21,21,23.543912,22.495474,22.495474,32.563202,23.543912,22.495474,22.495474,32.563202,529.63146,0.7850419,264.65481,8,8,9,8,True,True,9,6.127452e-06,8.5866003e-06,0.00097692306,4.710479e-05,6.6426907e-06,0,0.325,1,68.074986,151.80595,186.31255,12.420248,34.123908,43.446797,1.0332355,1.3415412,1.4894465,0,0.71,1,147.78203,315.26685,342.47359,22.213251,54.443661,59.789915,2.0191825,2.5709647,2.6683898,0,0.78,1,207.88956,542.36625,622.22468,32.408975,58.037285,66.661132,3.051109,3.8672312,4.0592795,False,camera_distance_over_limit,ground_continuity_pass,True,False,,True,True,True,True,True,True,False,False,True,True
334,f0334,True,True,True,Pallet_2,context-rich,,640,480,637.95764,637.95764,320,240,1.1368684e-13,1.4136932,1.4136932,label_recomputed,10,31.956,,1.4136932,175950,640,385,385,713.80642,491.84277,491.84277,866.84999,392.51687,148.15612,148.15612,419.54705,58153.778,55.079918,24657.177,3,3,4,3,True,True,4,4.5473401e-05,0.00015478957,2.3379344e-05,1.7990127e-05,4.54734e-05,0,0,0.595,6.1533667,15.423722,16.953932,5.1188794,11.91585,13.545361,6.2120868,15.070295,17.283947,0,0,0.86,10.772507,21.741721,26.676894,8.9145808,17.845286,20.662167,11.070182,22.051057,27.113947,0,0,0.925,17.421205,31.919364,34.09994,14.218824,24.537275,26.729858,17.318972,31.77231,36.057028,True,,ground_continuity_pass,False,False,,False,True,True,True,True,True,True,True,False,True
335,f0335,True,True,True,Pallet_1,context-rich,,640,480,605.9065,605.9065,320,240,1.1368684e-13,1.2204607,1.2204607,label_recomputed,10,3.647,,1.1523907,46410,529,130,130,822.13154,227.94906,227.94906,853.14773,425.29173,42.857471,42.857471,427.44569,18226.928,42.861282,9123.5571,4,3,4,3,True,True,4,5.1307187e-05,0.00018656687,5.9586811e-05,2.9028304e-05,5.1307187e-05,0,0,0.465,4.6795155,11.940014,13.865465,3.0643188,6.0590086,7.3952872,4.9480458,11.427023,14.170876,0,0.02,0.845,10.317586,25.938532,33.392418,6.4377998,14.117699,19.125531,10.964254,25.859948,30.676261,0,0.07,0.92,14.261089,40.693318,76.66485,9.0057093,23.857188,54.997359,15.801037,40.944398,70.501647,True,,ground_continuity_pass,False,False,,False,True,True,True,True,True,True,True,False,True
336,f0336,True,True,True,Pallet_0,controlled-occlusion,,960,540,605.9065,605.9065,480,270,1.1368684e-13,4.5404992,4.5404992,label_recomputed,10,10.592,,3.9255421,11840,254,74,74,267.57463,76.018672,76.018672,278.16366,127.17453,35.667673,35.667673,132.08158,4536.0197,18.982147,2881.1518,6,4,5,4,True,True,5,8.9515045e-06,2.6016784e-05,8.4266164e-05,1.3336371e-05,9.91009e-06,0,0.02,0.255,3.1918755,7.2385598,9.2420309,0.87094126,1.5163725,1.7712212,0.75506047,1.3068249,1.5409889,0,0.07,0.66,7.4247033,60.088637,100.47458,1.920664,3.8336976,41.523118,1.6194752,5.694676,42.795044,0,0.1,0.815,13.195611,58.55381,86.154832,2.8206617,6.8644569,48.191419,2.4695121,7.3781917,48.962579,True,,ground_continuity_pass,False,False,,True,True,False,True,True,True,True,True,False,True
337,f0337,True,True,True,Pallet_3,context-rich,,720,480,388.53115,388.53115,360,240,5.6843419e-14,15.588697,15.588697,label_recomputed,10,24.356,,14.71925,446,42,21,21,42.785572,21.14608,21.14608,47.725904,42.785572,21.14608,21.14608,47.725904,904.74715,3.5237547,483.52638,8,8,9,8,True,True,9,5.8915202e-06,1.0767644e-05,0.0001408187,1.7329712e-05,6.0298442e-06,0,0.015,0.94,27.332329,68.527848,82.190437,2.8941475,5.1084709,5.7667877,1.0822447,1.4173489,1.4856295,0,0.23,0.985,60.878055,130.53621,154.85496,5.3510441,33.796907,40.688689,2.1553353,5.9821961,6.7262323,0,0.525,1,99.156398,203.25172,250.16932,10.306721,36.197382,49.812205,3.1777544,4.8914344,7.2474383,False,camera_distance_over_limit,ground_continuity_pass,True,False,,True,True,True,True,True,True,False,False,False,True
338,f0338,True,True,True,Pallet_1,context-rich,,640,480,355.04368,355.04368,320,240,5.6843419e-14,1.0616544,1.0616544,label_recomputed,10,3.941,,1.0235837,48577,640,110,110,765.98957,112.27073,112.27073,774.17359,289.92026,37.294905,37.294905,292.3092,10812.549,31.681629,9799.3523,4,4,5,4,True,True,5,1.0307416e-05,1.4927612e-05,3.8012309e-06,4.1826196e-06,1.8351861e-05,0,0,0,0.63353526,1.2129242,1.4920278,0.44940494,0.81508233,0.93162858,0.89988186,1.4007465,1.5261716,0,0,0.065,1.3646293,2.7068535,6.2431255,1.0988405,1.8900743,2.6061207,1.8226581,3.2474542,5.7006681,0,0,0.05,2.0346835,3.7704627,4.876946,1.5369571,2.707381,3.1123532,2.7272961,4.2416995,5.079027,True,,ground_continuity_pass,False,False,,True,True,True,True,False,True,True,True,False,False
339,f0339,True,True,True,Pallet_2,context-rich,,640,480,650.22376,650.22376,320,240,5.6843419e-14,5.4698422,5.4698422,label_recomputed,10,25.934,,5.1939243,10164,194,85,85,195.28519,111.69971,111.69971,224.97363,195.28519,75.967303,75.967303,209.54078,14835.289,21.799497,8967.4992,6,6,7,6,True,True,7,4.8912675e-06,1.1262034e-05,4.9946784e-06,6.9360899e-06,4.9033206e-06,0,0,0.075,1.9925619,4.737057,5.638645,0.67209967,1.1155914,1.2417965,0.95143008,1.3019729,1.380405,0,0.005,0.435,4.1688128,9.7277511,11.317484,1.3677987,2.3890015,2.9548092,1.924274,2.746184,3.0778434,0,0,0.66,7.2240871,16.438287,21.296214,1.9773379,3.4903364,4.0642848,2.8521166,3.9880732,4.33744,True,,ground_continuity_pass,True,False,,True,True,True,True,True,True,True,True,False,False
340,f0340,True,True,True,Pallet_1,context-rich,,720,480,622.34917,622.34917,360,240,1.1368684e-13,1.7899853,1.7899853,label_recomputed,10,51.2,,1.7780116,113208,528,409,409,542.52655,475.89417,475.89417,721.67189,277.44831,278.74069,277.44831,393.28608,77336.134,31.294577,26317.974,5,3,4,3,True,True,4,2.3674599e-05,8.0383272e-05,3.4171188e-05,1.9469035e-05,2.3674599e-05,0,0,0.47,4.2624164,8.7394809,9.8638456,3.7466569,6.4065117,7.6709395,2.6514534,5.0546125,5.9947839,0,0,0.81,7.8213984,18.085224,23.011137,7.0770023,13.108061,15.120146,4.853809,10.285716,13.167466,0,0,0.905,12.249392,26.409775,30.592719,10.152331,18.126236,21.798996,7.0798902,14.686842,18.585697,True,,ground_continuity_pass,False,False,,False,True,True,True,True,True,True,True,False,True
341,f0341,True,True,True,Pallet_2,context-rich,,640,480,539.51729,539.51729,320,240,8.5265128e-14,1.0644221,1.0644221,label_recomputed,10,12.209,,1.0216786,91368,640,159,159,1202.1065,462.26234,462.26234,1287.9233,339.21242,71.265945,71.265945,346.6178,24174.294,67.063078,13562.995,4,3,4,3,True,True,4,0.00023180208,0.0008561608,0.00013748091,0.00012605239,0.00023180208,0,0,0.68,9.2254075,40.58393,41.868926,8.0221351,41.186843,42.552592,12.144035,48.784424,50.18237,0,0.095,0.905,25.146389,43.758802,45.855993,24.218485,44.893286,47.88766,34.168184,52.144147,54.080442,0,0.135,0.975,29.124659,45.084379,47.313354,28.820746,47.372474,49.702962,40.237741,53.936272,55.7247,True,,ground_continuity_pass,False,False,,False,True,True,True,True,True,True,True,False,True
343,f0343,True,True,True,Pallet_3,context-rich,,560,560,481.00493,481.00493,280,280,5.6843419e-14,2.739012,2.739012,label_recomputed,10,18.398,,2.5552681,16734,215,127,127,216.15898,127.07881,127.07881,250.74635,216.15898,101.65612,101.65612,238.86957,21973.884,23.088871,16901.025,8,7,8,7,True,True,8,1.9840455e-05,8.3455205e-05,9.9383744e-06,2.4148365e-06,1.9840455e-05,0,0,0,0.89222935,2.1694017,2.8094216,0.32752811,0.58878799,0.66944702,0.99545234,1.327161,1.4130726,0,0,0.065,1.953534,4.4984445,5.2800823,0.67374345,1.1745067,1.4193032,2.0718372,2.7361001,2.9137383,0,0,0.225,3.0035437,6.7994185,7.8756373,1.1338475,1.9225375,2.1828073,2.9938186,4.0253065,4.2372762,True,,ground_continuity_pass,True,False,,True,True,True,True,True,True,True,True,False,False
344,f0344,True,True,True,Pallet_2,context-rich,,640,480,661.61395,661.61395,320,240,1.1368684e-13,10.277808,10.277808,label_recomputed,10,31.356,,9.1206969,2340,103,39,39,104.08758,78.068387,78.068387,130.11109,103.12856,35.989889,35.989889,109.22807,3711.5853,11.085787,2258.2855,5,5,6,5,True,True,6,7.3103124e-06,1.2021434e-05,4.5087195e-05,1.4787793e-05,7.3103141e-06,0,0,0.79,11.567549,26.908392,30.028124,1.4901576,2.5542094,3.1007935,0.85504438,1.2790815,1.4392073,0,0.05,0.895,19.690055,52.833596,58.732128,2.8890371,5.1843696,9.3524234,1.700023,2.6647462,4.5609664,0,0.085,0.95,31.124407,80.926697,98.347547,4.3267487,8.9356821,14.403691,2.7749266,4.4060502,5.3753732,False,camera_distance_over_limit,ground_continuity_pass,True,False,,True,True,True,True,True,True,True,True,False,True
345,f0345,True,True,True,Pallet_0,context-rich,,960,540,605.9065,605.9065,480,270,1.1368684e-13,6.4632459,6.4632459,label_recomputed,10,12.738,,6.1027634,4901,156,50,50,158.78502,50.866529,50.866529,166.73358,158.78502,38.006545,38.006545,163.27027,6034.87,14.242795,4024.9403,8,7,8,7,True,True,8,1.2808086e-05,2.4390696e-05,9.8434271e-05,9.2743557e-06,1.1088004e-05,0,0,0.325,3.4956416,7.2208229,8.9603695,0.67588677,1.0471445,1.1189678,1.0067757,1.3056252,1.4252296,0,0,0.58,6.0285927,15.35831,18.145547,1.2985304,2.1077327,2.2386206,1.9475625,2.5762845,2.8176493,0,0,0.725,8.6108515,20.967256,26.507466,2.060964,3.481414,4.1457007,3.0335238,3.926776,4.3821326,True,,ground_continuity_pass,True,False,,True,True,True,True,True,True,True,True,False,True
347,f0347,True,True,True,Pallet_3,context-rich,,640,480,605.9065,605.9065,320,240,1.1368684e-13,1.4905258,1.4905258,label_recomputed,10,77.901,,1.4518027,129551,502,321,321,612.77181,399.27832,399.27832,731.3771,478.71754,165.33472,165.33472,506.46426,79148.63,27.13154,40712.989,3,3,4,3,True,True,4,3.6550391e-05,0.00010102798,2.1574267e-05,2.9427337e-05,5.3526975,0,0,0.02,1.4407269,3.0091275,3.4551152,1.9182869,3.8236279,4.3340798,1.1653097,2.4529136,3.1692717,0,0,0.33,2.9143591,5.1016159,6.1155361,3.8317582,7.0959208,8.179874,2.1871179,4.3232523,5.3941639,0,0,0.635,4.8857875,8.5328042,9.1984298,5.9061432,10.79459,11.941292,3.419621,7.9721799,8.8424895,True,,ground_continuity_pass,False,False,,False,True,True,True,True,True,True,True,False,False
348,f0348,True,True,True,Pallet_2,context-rich,,640,480,539.88683,539.88683,320,240,1.1368684e-13,2.2407968,2.2407968,label_recomputed,10,27.441,,2.1440361,50947,370,235,235,391.01235,238.79319,238.79319,458.16247,203.69778,238.79319,203.69778,313.87095,48641.643,34.940364,10185.284,6,4,5,4,True,True,5,108.81926,184.64385,6865.0464,157.5127,108.46365,0,0.53,0.65,3.7033428,5812.3595,2.4641829e+14,7.8949643,158.97652,160.08314,93.292664,109.60374,112.03705,0,0.55,0.885,7.3560727,37098.368,56979882,14.576811,161.33416,163.10607,91.27078,111.4031,112.30534,0,0.615,0.955,11.076482,1669881.3,4.6594658e+11,21.317488,162.13453,163.70083,94.163277,112.67036,114.25672,True,,ground_continuity_pass,True,False,,True,True,True,True,True,True,True,True,False,True
349,f0349,True,True,True,Pallet_3,controlled-occlusion,,960,540,472.58938,472.58938,480,270,1.1368684e-13,1.4316212,1.4316212,label_recomputed,10,20.155,,1.4316212,71599,555,203,203,563.15084,204.73398,204.73398,599.21188,563.15084,183.89278,183.89278,592.41491,103559.37,42.035895,64356.082,8,6,6,6,True,True,6,1.3778315e-05,2.4688338e-05,4.1518731e-06,5.5330856e-06,1.80791e-05,0,0,0,0.39363148,0.72216371,0.83455231,0.33570789,0.55847263,0.68970132,1.3013465,2.3397052,2.7974128,0,0,0,0.77130965,1.45752,1.6639364,0.65127207,1.1759203,1.3546932,2.4465699,4.7903768,5.6837958,0,0,0,1.1034998,2.0445583,2.3144519,0.99453468,1.7142897,1.9955876,3.650606,6.2528253,7.151362,True,,ground_continuity_pass,True,False,,True,True,True,True,True,True,True,True,False,False
350,f0350,True,True,True,Pallet_1,clean-static,,720,480,605.9065,605.9065,360,240,5.6843419e-14,19.151952,19.151952,label_recomputed,10,10.148,,16.558046,381,41,16,16,65.358982,16.212137,16.212137,67.33966,32.069145,7.9310861,7.9310861,33.035318,254.34315,4.7026113,178.62485,4,4,5,4,True,True,5,1.0170893e-05,2.6242822e-05,0.0017421749,5.0912406e-05,6.0252898e-06,0,0.67,0.975,222.6204,1457.354,1837.5523,5.3722853,33.106057,47.358064,1.6249403,8.3794036,11.763474,0,0.87,0.995,616.19157,3014.4342,4340.1894,11.967536,41.778587,48.902617,3.1697586,9.6013935,11.713385,0,0.94,1,659.246,3300.3007,4305.8721,18.531981,120.0964,157.227,4.3848579,10.837008,11.937764,False,camera_distance_over_limit,ground_continuity_pass,True,False,,True,True,True,True,True,False,False,False,True,True
351,f0351,True,True,True,Pallet_0,controlled-occlusion,,640,480,691.29352,691.29352,320,240,1.1368684e-13,4.6147443,4.6147443,label_recomputed,10,4.34,,4.3573608,6613,190,37,37,252.08606,37.575977,37.575977,254.87122,112.64337,36.994316,36.994316,118.56268,4167.1646,21.305165,2200.3613,6,4,5,4,True,True,5,1.4014154e-05,2.8010836e-05,0.00017757611,2.4148365e-06,1.4918874e-05,0,0.015,0.405,4.2763832,9.2905567,11.562726,0.7576707,1.2953675,1.5412856,0.78090944,1.1688709,1.4042455,0,0.075,0.65,8.2902825,22.999083,289.62563,1.5120489,2.877385,22.672469,1.5407263,3.0654186,22.156904,0,0.17,0.83,14.740309,310.83953,526.89994,2.3023193,28.663699,34.422612,2.5346366,22.711074,23.74022,True,,ground_continuity_pass,True,False,,True,True,True,True,True,True,True,True,False,True
352,f0352,True,True,True,Pallet_3,clean-static,,960,540,511.46633,511.46633,480,270,5.6843419e-14,4.4283704,4.4283704,label_recomputed,10,6.161,,4.2737331,3784,133,38,38,134.90609,38.578573,38.578573,140.31379,134.90609,38.578573,38.578573,140.31379,5204.4843,16.350888,4358.5706,8,8,9,8,True,True,9,5.8586726e-06,9.7317054e-06,4.3228267e-05,0,4.9208475e-06,0,0,0.17,2.5294736,6.2321999,7.2272991,0.49083632,0.78556635,0.83637454,1.0364972,1.3884232,1.4792857,0,0,0.45,4.5676594,10.71829,12.863155,0.97275814,1.6104864,1.8169727,2.0366938,2.5979129,2.8216235,0,0,0.66,7.0983591,17.374302,21.625214,1.3543113,2.3499575,2.5544227,3.1297741,4.1454656,4.4700211,True,,ground_continuity_pass,True,False,,True,True,True,True,True,True,True,True,False,False
353,f0353,True,True,True,Pallet_1,controlled-occlusion,,640,480,532.51896,532.51896,320,240,1.1368684e-13,1.7590263,1.7590263,label_recomputed,10,26.431,,1.6903701,61867,487,176,176,490.90864,315.86129,315.86129,583.74622,254.91964,120.95095,120.95095,282.15803,30832.773,28.657486,16537.46,6,4,5,4,True,True,5,1.3569885e-05,2.2000935e-05,1.8683448e-05,1.6063655e-05,1.1289754e-05,0,0.015,0.02,0.74612243,1.6494232,1.9821434,0.48678808,0.98391101,1.1961189,0.7885113,1.2842836,1.4037423,0,0,0.02,1.6011592,3.2885242,4.0169754,1.0317897,1.8428634,2.1396093,1.6988521,2.6238391,2.8409917,0,0.005,0.095,2.2429839,4.9683022,6.1797747,1.570178,2.741081,3.2120213,2.5472986,3.9174016,4.3606288,True,,ground_continuity_pass,True,False,,True,True,True,True,True,True,True,True,False,False
354,f0354,True,True,True,Pallet_0,controlled-occlusion,,640,480,605.9065,605.9065,320,240,5.6843419e-14,1.6762547,1.6762547,label_recomputed,10,11.253,,1.6762547,69464,552,194,194,563.79751,200.81426,200.81426,598.49311,311.41429,167.72974,167.72974,353.71192,52233.438,26.883106,31884.356,8,5,6,5,True,True,6,6.9607367e-06,1.0297855e-05,2.2990945e-06,1.2074183e-06,4.8146291e-06,0,0,0,0.4932674,1.1078386,1.3492875,0.22357923,0.37599078,0.42262373,0.90748647,1.2153813,1.2986701,0,0,0,0.955681,2.0914834,2.6995852,0.43141626,0.8107265,0.93114161,1.7972822,2.6665808,2.7980336,0,0,0.01,1.1890692,3.1541537,4.0013042,0.64071949,1.2398575,1.3429497,2.7629977,3.8482659,4.1879061,True,,ground_continuity_pass,True,False,,True,True,True,True,True,True,True,True,False,False
355,f0355,True,True,True,Pallet_2,controlled-occlusion,,560,560,343.91568,343.91568,280,280,2.8421709e-14,4.2039107,4.2039107,label_recomputed,10,2.965,,3.9638185,2339,124,23,23,125.82253,22.986995,22.986995,127.90509,125.82253,21.976283,21.976283,127.72731,2765.1116,14.051456,1352.3936,8,6,7,6,True,True,7,7.4427942e-06,1.1300142e-05,9.6239108e-06,9.507221e-06,7.4376598e-06,0,0,0.25,2.7436889,7.3365718,8.5063112,0.71532347,1.2415446,1.3450289,0.98038195,1.2716921,1.3504206,0,0,0.58,6.4617294,14.795505,19.119759,1.5450201,2.5617566,2.8570786,1.9271204,2.7097009,2.8928349,0,0,0.735,9.6054358,23.379424,26.071202,2.4723703,3.9712357,4.416593,3.0388425,4.0781134,4.3549705,True,,ground_continuity_pass,True,False,,True,True,True,True,True,True,False,False,False,True
356,f0356,True,True,True,Pallet_1,controlled-occlusion,,720,480,663.88893,663.88893,360,240,2.8421709e-14,3.3810244,3.3810244,label_recomputed,10,8.816,,3.1301015,14939,288,87,87,298.07965,87.867259,87.867259,310.76057,239.75541,63.779849,63.779849,248.09378,15291.564,30.879557,9616.7002,6,5,6,5,True,True,6,4.838746e-06,6.3765892e-06,1.1485631e-05,1.7075473e-06,4.6047583e-06,0,0,0,1.0441434,2.4538361,2.6457606,0.38008182,0.66266931,0.71291608,0.89489795,1.2406211,1.3413808,0,0,0.095,2.2871165,4.9684341,6.0748222,0.82407329,1.3658941,1.4704533,1.6501509,2.403796,2.5416289,0,0,0.27,3.2770285,7.4042175,8.982095,1.1864405,1.9006569,2.1459549,2.5380699,3.6442513,3.8696199,True,,ground_continuity_pass,True,False,,True,True,True,True,True,True,True,True,False,False
357,f0357,True,True,True,Pallet_3,clean-static,,640,480,605.9065,605.9065,320,240,5.6843419e-14,1.4267937,1.4267937,label_recomputed,10,13.466,,1.3739478,87496,537,204,204,653.64387,311.42648,311.42648,724.04196,361.9288,171.36407,171.36407,400.44737,62021.591,31.539539,41907.291,5,5,6,5,True,True,6,3.1933874e-05,7.971426e-05,6.1711016e-06,4.1826196e-06,3.3310009e-05,0,0,0,0.343796,0.79090974,0.90216859,0.20159301,0.31471411,0.35743035,1.0053676,1.5032048,1.640278,0,0,0,0.70516362,1.4937182,1.8272926,0.36446629,0.64500575,0.73911148,2.1362062,3.0275514,3.443456,0,0,0,1.1662187,2.1911676,2.4411183,0.59045818,0.91768526,0.95205236,2.8777823,4.3447556,4.8188792,True,,ground_continuity_pass,True,False,,True,True,True,True,True,True,True,True,False,False
358,f0358,True,True,True,Pallet_0,clean-static,,960,540,552.55744,552.55744,480,270,2.8421709e-14,1.2578311,1.2578311,label_recomputed,10,38.465,,1.2464385,171409,721,337,337,783.84186,471.34506,471.34506,914.64432,318.67454,142.13693,142.13693,348.93605,45295.422,42.150428,27920.852,4,4,5,4,True,True,5,1.1244225e-05,1.5812588e-05,1.0440539e-05,2.6998693e-06,1.073459e-05,0,0,0.01,0.66306506,1.2902455,1.6534638,0.46889512,0.73401831,0.89123697,0.8247776,1.3089195,1.4676329,0,0,0,1.1666863,2.6485378,2.9404864,0.82692179,1.430773,1.6041559,1.6775204,2.5233825,2.6980085,0,0,0.03,1.7028553,3.8150691,4.4512144,1.2293938,2.2844614,2.6838539,2.367898,3.5841766,4.2920211,True,,ground_continuity_pass,True,False,,True,True,True,True,True,True,True,True,False,False
359,f0359,True,True,True,Pallet_2,clean-static,,640,480,436.65091,436.65091,320,240,1.1368684e-13,50.573784,50.573784,label_recomputed,10,16.831,,48.532506,34,10,4,4,10.769012,4.4278861,4.4278861,11.643788,10.769012,4.4278861,4.4278861,11.643788,47.683961,1.0733179,46.59087,8,8,9,8,True,True,9,4.0195429e-06,7.6510431e-06,0.00096942144,4.7151191e-05,4.3102221e-06,0,0.845,1,318.12922,971.65698,1216.4207,9.5495798,40.174642,42.987456,1.230135,2.281535,2.3515763,0,0.94,1,603.69137,1943.4258,3247.8446,27.018074,144.30259,163.27775,2.4155231,3.1037859,3.2826158,0,0.98,1,1007.8354,3739.1374,6459.7418,41.736635,154.47692,167.08484,3.3344609,4.3489245,4.5699793,False,camera_distance_over_limit,ground_continuity_pass,True,False,,True,True,True,True,True,False,False,False,True,True
360,f0360,True,True,True,Pallet_1,clean-static,,960,540,418.51706,418.51706,480,270,1.1368684e-13,1.2669897,1.2669897,label_recomputed,10,69.753,,1.2669897,110491,445,467,445,449.63191,477.27272,449.63191,655.71191,449.63191,462.61783,449.63191,645.12333,208007.74,27.531099,135504.08,7,7,8,7,True,True,8,1.2968361e-05,3.0787337e-05,6.4471965e-06,9.507221e-06,1.2968364e-05,0,0,0,0.71911463,1.5130603,1.7340549,0.8323015,1.8751913,2.2278994,1.8086009,3.3617091,3.9695112,0,0,0.07,1.4691635,3.1560676,4.0437532,1.8609614,3.9827667,5.4862239,3.7883313,7.0961413,8.2423626,0,0,0.21,2.4593134,5.4825681,6.8240854,2.9917536,6.9702662,8.4009674,5.9470851,11.385508,14.355433,True,,ground_continuity_pass,True,False,,True,True,True,True,True,True,True,True,False,False
361,f0361,True,True,True,Pallet_2,clean-static,,640,480,605.9065,605.9065,320,240,5.6843419e-14,2.1814295,2.1814295,label_recomputed,10,67.657,,2.1516045,89081,438,423,423,454.1717,430.05915,430.05915,625.47806,428.23455,224.26729,224.26729,483.40526,96039.002,21.391098,45035.66,5,5,6,5,True,True,6,5.7181704e-06,8.4096529e-06,1.7020302e-06,1.7075473e-06,5.9053152e-06,0,0,0,0.84928765,1.5489572,1.7254555,0.9437932,1.866671,2.0495989,1.0097635,1.4475805,1.5733224,0,0.005,0.055,1.5152818,3.6134808,4.5205195,1.8386574,4.0597341,4.8193888,1.8838599,2.9600866,3.2411407,0,0,0.225,2.4942554,5.6463616,7.0261892,3.0345959,6.1738952,8.1441597,2.9451957,4.6337653,4.8107677,True,,ground_continuity_pass,True,False,,True,True,True,True,True,True,True,True,False,False
362,f0362,True,True,True,Pallet_0,clean-static,,720,480,370.83299,370.83299,360,240,5.6843419e-14,34.461966,34.461966,label_recomputed,10,40.413,,33.337653,115,16,12,12,17.247988,12.626026,12.626026,21.375445,17.247988,12.626026,12.626026,21.375445,217.77355,1.2869324,120.38019,8,8,9,8,True,True,9,5.2441844e-06,9.7012951e-06,0.0010808574,8.5972929e-05,5.7024273e-06,0,0.66,0.995,162.91678,394.53225,508.85516,7.4888204,17.481109,39.690209,1.0139692,1.3706966,1.5396508,0,0.885,1,353.84067,921.76687,1309.1768,16.529068,100.35361,110.83771,2.1301283,2.8493973,3.1143867,0,0.935,1,477.63297,1532.6799,2018.0479,30.037519,108.45814,119.00324,3.341659,4.1983093,4.4904355,False,camera_distance_over_limit,ground_continuity_pass,True,False,,True,True,True,True,True,False,False,False,True,True
363,f0363,True,True,True,Pallet_3,clean-static,,640,480,605.9065,605.9065,320,240,5.6843419e-14,7.3558923,7.3558923,label_recomputed,10,28.944,,6.9379315,4330,95,67,67,96.318071,76.07978,76.07978,122.7408,95.610708,64.065982,64.065982,115.09065,6125.3939,12.600287,4413.0526,6,6,7,6,True,True,7,3.622151e-06,7.9172039e-06,7.3671995e-05,3.6222548e-06,3.0792084e-06,0,0,0.54,5.6431339,13.556883,16.900638,0.83127154,1.3649319,1.5361812,0.91115752,1.2613754,1.3379691,0,0,0.77,10.943149,26.470784,31.578854,1.7290246,2.8000843,3.0685177,1.8451085,2.4813696,2.5780716,0,0,0.86,17.69312,46.198043,54.298727,2.8609601,4.975619,5.4238401,2.8579765,3.9921212,4.4002588,True,,ground_continuity_pass,True,False,,True,True,True,True,True,True,True,True,False,True
364,f0364,True,True,True,Pallet_2,clean-static,,560,560,590.82663,590.82663,280,280,2.8421709e-14,1.5957961,1.5957961,label_recomputed,10,27.511,,1.5826309,106754,558,292,292,565.18037,292.17505,292.17505,636.23511,539.19205,292.17505,292.17505,613.2653,157538.47,51.3377,123609.25,7,7,8,7,True,True,8,2.0150704e-05,7.8281115e-05,8.5908618e-06,3.1945285e-06,2.0150711e-05,0,0,0,0.32907446,0.70805839,0.84285984,0.22805318,0.38103875,0.43949227,1.1554416,1.5954333,1.7417044,0,0,0,0.70566233,1.5493122,1.7692006,0.43372184,0.73532931,0.83558913,2.2804867,3.1895681,3.5171261,0,0,0,0.94157933,2.3996697,2.7883492,0.74459847,1.2625391,1.423014,3.4206497,4.9110803,5.4208326,True,,ground_continuity_pass,True,False,,True,True,True,True,True,True,True,True,False,False
365,f0365,True,True,True,Pallet_3,clean-static,,640,480,497.91198,497.91198,320,240,2.8421709e-14,1.0498579,1.0498579,label_recomputed,10,3.829,,1.0121625,99900,599,249,249,771.00375,255.13797,255.13797,812.12201,291.61919,255.13797,255.13797,387.47534,74403.13,7.5765849,44784.758,6,6,7,6,True,True,7,1.4543742e-05,3.5064233e-05,2.0200487e-06,1.7075473e-06,1.4757482e-05,0,0,0,0.37650619,0.87167722,1.0797824,0.20194674,0.33397646,0.37174496,1.4227483,1.9686101,2.075726,0,0,0,0.8508312,1.7601727,1.9706498,0.37969961,0.62025958,0.7739477,2.7337108,4.0425049,4.5877804,0,0,0.025,1.1557446,2.973408,4.3176653,0.59298012,1.2071282,1.5010224,4.2138594,7.7048267,8.9731103,True,,ground_continuity_pass,True,False,,True,True,True,True,True,True,True,True,False,False
366,f0366,True,True,True,Pallet_1,clean-static,,960,540,605.9065,605.9065,480,270,1.1368684e-13,2.2226417,2.2226417,label_recomputed,10,17.998,,2.055133,36076,433,114,114,436.64141,158.82896,158.82896,464.63143,436.64141,111.64187,111.64187,450.68796,48747.466,47.84982,33559.5,5,5,6,5,True,True,6,1.3945348e-05,1.9858415e-05,1.2581339e-05,2.0913098e-06,1.3945348e-05,0,0,0,0.3560995,0.72563929,0.82559464,0.33029266,0.63548837,0.69831519,0.8490198,1.2664174,1.3246579,0,0,0,0.78586343,1.4566248,1.7224038,0.71300628,1.3324493,1.5472191,1.7953952,2.7670657,3.0823889,0,0,0.005,1.2653928,2.3198874,2.7093104,1.0422952,2.1897334,2.8920058,2.7581694,4.0393219,4.5142452,True,,ground_continuity_pass,True,False,,True,True,True,True,True,True,True,True,False,False
367,f0367,True,True,True,Pallet_0,clean-static,,640,480,391.44054,391.44054,320,240,2.8421709e-14,1.3354275,1.3354275,label_recomputed,10,23.914,,1.2483156,82333,496,293,293,506.07907,303.04994,303.04994,589.87736,506.07907,267.0621,267.0621,572.22215,135154.54,48.594684,73868.897,7,7,8,7,True,True,8,1.5070038e-05,1.904552e-05,5.6872694e-06,2.6998693e-06,6.6788009e-05,0,0,0,0.34697369,0.61286219,0.70830464,0.25647189,0.45367095,0.52172963,1.2621325,1.846747,2.0245059,0,0,0,0.65712287,1.2172376,1.3584045,0.51290134,0.86974771,0.98831598,2.5486956,3.5758789,4.0583252,0,0,0,1.0328139,1.8776623,2.3099868,0.77936412,1.3432701,1.5540091,3.6428622,5.2721665,5.7336962,True,,ground_continuity_pass,True,False,,True,True,True,True,True,True,True,True,False,False
368,f0368,True,True,True,Pallet_2,clean-static,,720,480,432.11702,432.11702,360,240,5.6843419e-14,9.8543971,9.8543971,label_recomputed,10,26.491,,9.8543971,1319,58,29,29,57.47319,29.82045,29.82045,64.748952,57.47319,29.82045,29.82045,64.748952,1713.8764,6.937324,1429.9017,8,8,9,8,True,True,9,3.8551424e-06,7.1743338e-06,3.5237572e-05,1.1390761e-05,5.508392e-06,0,0,0.745,10.728797,26.41533,31.988693,1.6412072,2.592344,2.8556065,1.0219405,1.3183382,1.4121625,0,0,0.91,19.210072,49.303146,60.197325,3.0085247,5.1353702,6.0360092,1.9840334,2.6483563,2.8451421,0,0.03,0.98,32.540504,74.255238,94.762166,4.7460083,8.0328138,8.7727133,3.1041227,3.9967781,4.1757058,True,,ground_continuity_pass,True,False,,True,True,True,True,True,True,True,False,False,True
370,f0370,True,True,True,Pallet_0,controlled-occlusion,,640,480,451.42989,451.42989,320,240,5.6843419e-14,4.2667236,4.2667236,label_recomputed,10,3.065,,3.7963289,3183,162,21,21,166.73111,31.5653,31.5653,169.69275,98.726726,18.275596,18.275596,100.404,1804.2897,18.309688,949.93719,6,4,5,4,True,True,5,0.044023498,0.06012768,0.57064291,0.0032757238,41.575359,0,0.285,0.81,24.552358,1141.5008,1543.0982,1.0064922,6.8406352,11.1558,1.981701,25.668587,27.079391,0,0.295,0.87,31.785643,621.66567,1439.8122,1.7140811,7.6208027,32.871248,2.6294521,23.609361,26.836557,0,0.3,0.915,36.736933,831.71128,1514.9163,2.5975666,14.664149,132.99738,3.9753601,24.91268,28.737736,True,,ground_continuity_pass,True,False,,True,True,True,True,True,True,False,False,False,True
371,f0371,True,True,True,Pallet_3,clean-static,,960,540,605.9065,605.9065,480,270,5.6843419e-14,3.0567297,3.0567297,label_recomputed,10,30.382,,2.9413237,32548,309,167,167,311.69849,173.87787,173.87787,356.91661,311.69849,139.69961,139.69961,341.57273,43544.158,23.865682,28727.887,7,7,8,7,True,True,8,2.0174379e-05,9.5041515e-05,1.3786516e-05,6.8301892e-06,3.0440615e-05,0,0,0,0.74582932,1.6689388,1.8428323,0.43035283,0.75882267,0.85549115,1.0263269,1.3627943,1.438879,0,0,0.005,1.4102698,3.1447423,3.5248758,0.84973567,1.4966645,1.7377932,2.0497964,2.6785071,2.9101939,0,0,0.1,2.2047792,4.9901102,6.1849356,1.2792906,2.2989679,2.5599541,3.104877,4.1069925,4.4841141,True,,ground_continuity_pass,True,False,,True,True,True,True,True,True,True,True,False,False
372,f0372,True,True,True,Pallet_3,clean-static,,560,560,554.85526,554.85526,280,280,9.0372154e-14,1.9404317,1.9404317,label_recomputed,10,2.823,,1.7644564,30526,479,86,86,484.06138,89.211608,89.211608,492.2135,465.03065,82.928333,82.928333,472.36704,38564.217,38.23441,19302.914,5,5,6,5,True,True,6,6.7191932e-06,1.0883228e-05,3.0865236e-06,2.4148365e-06,6.7676448e-06,0,0,0,0.50273833,1.0622543,1.2897739,0.27975546,0.4573945,0.48413259,0.9866333,1.5020792,1.6476313,0,0,0,0.90855151,2.11029,2.3859669,0.48754146,0.83699438,0.94967658,1.8768272,2.7750094,3.0426172,0,0,0.025,1.4485606,3.1105631,4.1242035,0.75102088,1.2705099,1.4351914,2.9137344,4.2928625,5.0424869,True,,ground_continuity_pass,True,False,,True,True,True,True,True,True,True,True,False,False
373,f0373,True,True,True,Pallet_2,clean-static,,640,480,548.998,548.998,320,240,2.8421709e-14,1.1316717,1.1316717,label_recomputed,10,0.972,,1.0897947,97514,640,199,199,991.65888,234.80633,234.80633,1019.0787,424.16185,77.953398,77.953398,431.26559,33064.857,60.571115,28835.196,4,4,5,4,True,True,5,7.1616772e-06,1.0708751e-05,1.6902735e-06,2.4148365e-06,4.9230554e-06,0,0,0,0.48157058,0.82182789,0.94619725,0.37182348,0.62875909,0.74759085,0.9444694,1.5578584,1.6746726,0,0,0.015,1.007427,1.6521636,1.9450585,0.76067781,1.2574794,1.3566263,1.9195323,2.8534511,3.6121391,0,0,0,1.4217703,2.5113133,2.8982309,1.0318086,1.7433147,2.1188645,3.0654526,4.5283722,5.0712731,True,,ground_continuity_pass,True,False,,True,True,True,True,True,True,True,True,False,False
374,f0374,True,True,True,Pallet_1,clean-static,,960,540,605.9065,605.9065,480,270,1.1368684e-13,19.338648,19.338648,label_recomputed,10,13.236,,18.26005,487,52,16,16,53.299614,16.040551,16.040551,55.661011,53.299614,16.040551,16.040551,55.661011,854.95519,3.6122787,550.97663,8,8,9,8,True,True,9,1.5150552e-05,2.5809693e-05,0.0010923106,3.4596273e-05,1.5156223e-05,0,0,0.885,25.338323,60.609194,74.017382,1.7717943,2.8455679,3.4835168,1.0120983,1.3530495,1.5214221,0,0.235,0.985,57.113859,145.33775,171.24181,3.5886008,6.7035333,8.2137407,2.0295713,2.7778495,3.8500176,0,0.44,0.98,83.250502,222.29652,270.98825,5.7575963,11.318679,14.007735,3.0206052,4.085416,4.5061604,False,camera_distance_over_limit,ground_continuity_pass,True,False,,True,True,True,True,True,True,False,False,False,True
375,f0375,True,True,True,Pallet_0,clean-static,,720,480,573.98198,573.98198,360,240,5.6843419e-14,1.6784082,1.6784082,label_recomputed,10,1.258,,1.5650176,33846,414,103,103,571.70699,105.99143,105.99143,581.4491,387.46408,105.99143,105.99143,401.69963,41067.872,36.728341,30986.268,6,6,7,6,True,True,7,1.6065469e-05,4.8340264e-05,6.8322497e-06,1.2074183e-06,1.5466109e-05,0,0,0,0.39042863,0.98207745,1.0747107,0.20943928,0.35504251,0.39767795,1.0316062,1.3826206,1.484778,0,0,0,0.8255472,1.6268838,2.0204511,0.40826337,0.67349264,0.7459123,2.0536133,2.8012407,3.0148201,0,0,0.005,1.1830788,2.7280947,3.2447552,0.63267547,1.0853922,1.2674558,2.9387629,4.1925428,4.507926,True,,ground_continuity_pass,True,False,,True,True,True,True,True,True,True,True,False,False
376,f0376,True,True,True,Pallet_2,clean-static,,640,480,485.31368,485.31368,320,240,5.6843419e-14,32.859662,32.859662,label_recomputed,10,16.247,,31.87615,126,22,9,9,21.559772,8.4552769,8.4552769,23.158486,21.559772,8.4552769,8.4552769,23.158486,182.29384,2.7281581,138.53661,8,8,9,8,True,True,9,5.7148786e-06,1.2001348e-05,0.0021479288,2.9918646e-05,4.5066316e-06,0,0.615,0.985,123.27099,266.17389,363.21443,4.9536565,27.498532,30.166065,1.1147435,3.4748002,3.6133432,0,0.775,1,251.85399,667.83423,898.89112,10.007804,31.733786,40.56443,2.2435973,3.8330412,4.0439312,0,0.925,1,366.10356,1000.4651,1521.4662,15.88085,111.60575,142.65991,3.2318661,4.5951796,4.8776386,False,camera_distance_over_limit,ground_continuity_pass,True,False,,True,True,True,True,True,False,False,False,True,True
377,f0377,True,True,True,Pallet_1,clean-static,,640,480,605.9065,605.9065,320,240,5.6843419e-14,8.8606218,8.8606218,label_recomputed,10,7.374,,8.2746986,1372,94,19,19,94.674082,21.782891,21.782891,97.147703,94.338055,12.474863,12.474863,95.159292,1176.8543,2.414589,1034.0811,6,6,7,6,True,True,7,3.2362257e-06,6.1172408e-06,6.0545454e-05,2.0913098e-06,2.1777043e-06,0,0,0.605,5.9304789,14.19057,17.662487,0.9411045,1.5146804,1.6420435,0.92769359,1.3027892,1.4330265,0,0,0.785,13.376788,29.454256,36.53651,2.0247866,3.209684,3.6357757,1.924026,2.5381709,2.718327,0,0.005,0.86,20.573452,43.713626,53.291047,2.8323323,5.3162359,6.1184136,2.8800833,4.2044454,4.5938293,True,,ground_continuity_pass,True,False,,True,True,True,True,True,False,False,False,True,True
378,f0378,True,True,True,Pallet_3,controlled-occlusion,,640,480,579.65565,579.65565,320,240,5.6843419e-14,3.214422,3.214422,label_recomputed,10,9.114,,2.97656,14043,271,81,81,304.04432,81.208971,81.208971,314.70279,149.29689,45.837569,45.837569,156.17505,6843.4066,24.907258,3970.294,5,4,5,4,True,True,5,9.2457477e-06,1.9542772e-05,4.6000101e-05,0,1.1039668e-05,0,0,0.045,1.6684405,4.2962067,4.7595462,0.71328207,1.1515577,1.2905692,0.73814715,1.1866661,1.2912119,0,0.02,0.415,3.9993448,10.97758,29.431423,1.4881735,2.551022,3.0437118,1.5686568,2.60517,5.3944391,0,0.01,0.615,6.5213081,29.743059,51.545259,2.2649419,3.9859138,4.7139735,2.6082001,6.5616256,9.140481,True,,ground_continuity_pass,True,False,,True,True,True,True,True,True,True,True,False,False
379,f0379,True,True,True,Pallet_0,clean-static,,960,540,585.53468,585.53468,480,270,5.6843419e-14,1.0627959,1.0627959,label_recomputed,10,7.463,,1.0035192,172290,659,320,320,1029.8862,344.84717,344.84717,1086.0871,436.54805,93.760796,93.760796,446.5034,40931.093,49.184399,31505.838,5,5,6,5,True,True,6,7.2262331e-05,0.00022184297,1.3030808e-05,3.8181918e-06,7.3829229e-05,0,0,0,0.31736172,0.68597654,0.83327578,0.15097325,0.24912468,0.28864356,1.1992077,1.7601936,1.9954551,0,0,0,0.56937051,1.2211342,1.618937,0.295131,0.46472618,0.50379559,2.2855953,3.5057082,3.8600163,0.005,0.005,0.005,0.96287243,2.0914983,2.5265677,0.47819792,0.92392411,1.0715711,3.5828794,5.2150351,5.6510989,True,,ground_continuity_pass,True,False,,True,True,True,True,True,True,True,True,False,False
380,f0380,True,True,True,Pallet_0,clean-static,,720,480,626.1954,626.1954,360,240,1.1368684e-13,3.2238331,3.2238331,label_recomputed,10,3.41,,3.0272687,9353,247,41,41,251.41979,51.234904,51.234904,256.58707,248.21282,40.340378,40.340378,251.46959,10012.999,24.118996,6449.55,5,5,6,5,True,True,6,1.8307743e-05,4.2562525e-05,3.5927433e-05,1.7075473e-06,1.7983482e-05,0,0,0,1.2424461,3.0370274,3.5326092,0.35659098,0.58628545,0.66023331,0.93423722,1.3865206,1.5349399,0,0,0.135,2.1942916,5.498949,7.3319986,0.68889431,1.1249579,1.3489819,1.780249,2.5004043,2.7923747,0,0,0.335,3.5919923,8.2911439,9.7966429,1.0526056,1.7873351,1.9762314,2.9387047,4.2524767,4.7858351,True,,ground_continuity_pass,True,False,,True,True,True,True,True,True,True,True,False,False
381,f0381,True,True,True,Pallet_2,clean-static,,640,480,470.20496,470.20496,320,240,1.4210855e-14,0.88832674,0.88832674,label_recomputed,10,58.62,,0.87784419,214394,624,463,463,977.5308,730.78675,730.78675,1220.4982,423.43292,241.08697,241.08697,487.25596,102084.16,65.065432,56759.628,4,4,5,4,True,True,5,2.3272456e-05,3.2779947e-05,4.512142e-05,3.9789882e-05,2.5534785e-05,0,0,0,0.53558196,1.1711534,1.3939634,0.43314345,0.91851295,1.0660428,0.82685075,1.3395244,1.5311255,0,0,0,1.1739744,2.2762933,2.6561518,0.9059452,1.7906382,2.0517004,1.689376,2.5743571,2.7283914,0,0,0.01,1.5814907,3.3742691,3.794764,1.1895271,2.3824753,2.7041712,2.5340312,3.8589596,4.215651,True,,ground_continuity_pass,True,False,,True,True,True,True,True,True,True,True,False,False
382,f0382,True,True,True,Pallet_1,clean-static,,640,480,605.9065,605.9065,320,240,5.6843419e-14,8.9917149,8.9917149,label_recomputed,10,19.865,,8.1533403,2792,82,50,50,87.5717,50.693959,50.693959,101.18636,77.726842,39.103436,39.103436,87.008854,3039.3866,8.8364727,1828.478,6,6,7,6,True,True,7,1.6481166e-05,2.3632214e-05,0.00020677714,3.0948559e-05,1.6508952e-05,0,0,0.765,10.986365,21.488019,25.113391,1.1141314,1.8367134,2.143495,0.97626481,1.2883263,1.3665445,0,0.03,0.875,19.431957,50.266204,60.573861,2.3603824,4.398785,5.8030083,1.8751371,2.7321526,3.2148662,0,0.1,0.905,27.823446,79.869552,122.81674,3.6485836,38.382151,43.651145,3.001512,12.78524,28.855387,True,,ground_continuity_pass,True,False,,True,True,True,True,True,True,True,True,False,True
383,f0383,True,True,True,Pallet_3,clean-static,,960,540,312.1714,312.1714,480,270,5.6843419e-14,8.143327,8.143327,label_recomputed,10,52.43,,8.143327,1313,55,49,49,56.58099,49.746449,49.746449,75.340013,56.58099,49.746449,49.746449,75.340013,2814.7033,3.3909288,1454.6809,8,8,9,8,True,True,9,5.5659867e-06,7.6067703e-06,0.00013876716,1.5649929e-05,6.5924992e-06,0,0,0.82,10.407222,24.634147,27.86934,2.8612854,4.9511924,5.6579621,1.0178249,1.304484,1.3869094,0,0.005,0.93,22.983583,50.900585,59.140209,5.3178646,9.9097414,11.080335,2.04609,2.6819777,2.8463949,0,0.11,0.975,37.297101,85.053695,105.05815,9.471041,18.990847,67.360555,3.1653404,4.0866115,4.3396858,True,,ground_continuity_pass,True,False,,True,True,True,True,True,True,True,True,False,True
384,f0384,True,True,True,Pallet_1,clean-static,,640,480,363.08604,363.08604,320,240,1.1368684e-13,1.4668093,1.4668093,label_recomputed,10,56.559,,1.4376235,61320,380,295,295,385.46137,392.34039,385.46137,550.01041,385.46137,207.6317,207.6317,437.82575,80033.999,19.968888,32059.853,6,6,7,6,True,True,7,1.0084496e-05,1.6053179e-05,3.6945199e-06,6.7226204e-06,6.8301828e-06,0,0,0.005,1.1602665,2.5342312,2.9108952,1.3584528,3.1743377,3.8380776,1.3394803,2.1136989,2.4822144,0,0,0.215,2.2562897,4.8717282,5.6042196,2.6850286,6.2660599,7.1880414,2.726292,4.1863085,4.739204,0,0,0.44,3.5185323,7.8938068,9.2956997,4.3388802,9.8606456,11.804992,4.1182709,5.9741963,6.7029498,True,,ground_continuity_pass,True,False,,True,True,True,True,True,True,True,True,False,False
385,f0385,True,True,True,Pallet_3,controlled-occlusion,,560,560,605.9065,605.9065,280,280,5.6843419e-14,18.473897,18.473897,label_recomputed,10,1.308,,17.775811,285,50,7,7,50.603034,6.6242055,6.6242055,51.034764,29.451677,6.0260474,6.0260474,30.061845,177.4772,5.4474086,140.76944,8,5,5,5,True,True,5,6.9068011e-06,1.7357082e-05,5.9603838e-05,2.839359e-05,8.4645543e-06,0,0.5,0.97,100.59536,576.30631,777.81192,3.3786786,30.122601,31.448702,1.0370674,7.5201081,7.7504172,0,0.7,0.99,169.93198,969.67173,1733.4586,6.4298844,20.004965,30.958221,2.0105607,7.211946,8.3408608,0,0.785,1,264.55665,1260.7624,1841.0283,9.3495546,35.184879,139.1448,2.9458393,7.7973673,8.5957294,False,camera_distance_over_limit,ground_continuity_pass,True,False,,True,True,True,True,True,False,False,False,True,True
386,f0386,True,True,True,Pallet_0,clean-static,,640,480,605.9065,605.9065,320,240,5.6843419e-14,1.6360004,1.6360004,label_recomputed,10,65.275,,1.6288657,148246,566,448,448,577.15777,494.6835,494.6835,760.14661,577.15777,359.81272,359.81272,680.12961,207668.71,15.511157,97602.347,6,6,7,6,True,True,7,2.5273121e-05,8.6770511e-05,4.6998184e-06,1.8744172e-05,1.9179117e-05,0,0,0,0.40611993,0.71491534,0.78360844,0.72886458,1.5909352,1.9665182,1.2231879,2.0232762,2.4947821,0,0,0.005,0.8537108,1.5330371,1.7249223,1.7066206,3.3579339,3.8974649,2.5480935,4.2355125,4.8357737,0,0,0.12,1.2171937,2.3257732,2.907885,2.8498446,5.2950187,6.5400472,3.8080486,6.0278901,7.5906415,True,,ground_continuity_pass,True,False,,True,True,True,True,True,True,True,True,False,False
387,f0387,True,True,True,Pallet_2,clean-static,,960,540,688.92317,688.92317,480,270,2.2737368e-13,2.5075688,2.5075688,label_recomputed,10,35.814,,2.3495292,67305,477,216,216,478.25043,326.40285,326.40285,579.01839,478.25043,180.85101,180.85101,511.30281,86492.072,37.417574,45737.986,6,6,7,6,True,True,7,1.0043185e-05,1.3487164e-05,3.7520594e-07,4.0045534e-06,1.002777e-05,0,0,0,0.52409874,0.96668567,1.2284968,0.46806567,0.86876774,1.0253595,0.96025253,1.350301,1.4253404,0,0,0,1.0620413,1.879752,2.2723434,0.98593788,1.8768236,2.1343935,2.0615409,2.7369799,3.0021103,0,0,0.015,1.5572547,3.1330489,3.8820063,1.6012384,2.7535529,2.9492183,2.8303098,3.738619,4.075494,True,,ground_continuity_pass,True,False,,True,True,True,True,True,True,True,True,False,False
389,f0389,True,True,True,Pallet_3,controlled-occlusion,,960,540,557.38944,557.38944,480,270,5.6843419e-14,4.8033702,4.8033702,label_recomputed,10,10.52,,4.5170607,6302,189,53,53,190.74178,53.220517,53.220517,198.02739,108.97417,53.220517,53.220517,121.27569,5799.6616,15.68097,3673.5493,8,6,7,6,True,True,7,7.5039183e-06,1.6514677e-05,1.2032824e-05,7.2445096e-06,7.3769836e-06,0,0,0.29,3.5356766,8.1569991,10.019901,0.59369933,0.97729572,1.0987871,0.95268769,1.3265679,1.4475664,0,0,0.545,6.0603978,15.698809,17.798331,1.2877954,2.034169,2.2089242,1.974798,2.5078795,2.6817162,0,0.02,0.7,9.9382864,26.508273,34.249395,1.8012969,3.6335573,8.4794156,2.9175288,4.5673233,15.065002,True,,ground_continuity_pass,True,False,,True,True,True,True,True,True,True,True,False,True
390,f0390,True,True,True,Pallet_1,clean-static,,560,560,632.79539,632.79539,280,280,2.8421709e-14,4.936437,4.936437,label_recomputed,10,7.459,,4.5215169,4091,211,31,31,215.21478,50.20371,50.20371,220.99279,211.88335,28.346745,28.346745,213.77112,6006.2033,23.643927,3138.1502,4,4,5,4,True,True,5,3.0178829e-06,7.3504555e-06,2.1722614e-05,2.6998693e-06,3.7543555e-06,0,0,0.135,2.3683538,5.5846206,6.1588916,0.56882927,1.0858811,1.2792835,0.72432495,1.1108997,1.2779551,0,0.005,0.51,5.2149055,15.912089,31.718077,1.3254756,2.4556078,13.955507,1.5215939,3.1123791,11.103864,0,0.055,0.74,9.6443097,54.378018,67.266606,2.1377432,26.515898,33.569579,2.6835379,22.518715,26.088099,True,,ground_continuity_pass,True,False,,True,True,True,True,True,True,True,False,False,True
392,f0392,True,True,True,Pallet_2,clean-static,,640,480,605.9065,605.9065,320,240,5.6843419e-14,60.271151,60.271151,label_recomputed,10,17.354,,57.367003,60,15,6,6,14.665688,6.0443031,6.0443031,15.862408,14.665688,6.0443031,6.0443031,15.862408,88.643861,1.8726004,69.139117,8,8,9,8,True,True,9,5.1310274e-06,7.506902e-06,0.00042793858,3.8448263e-05,5.1308913e-06,0,0.885,0.99,389.17525,1943.0823,2706.327,6.8641723,35.205312,38.019266,1.185264,2.8419621,3.08324,0,0.935,1,731.76727,2941.7448,4337.2374,15.319187,63.708287,118.0285,2.3871326,3.5579585,3.8836416,0,0.935,1,1289.6179,4488.1777,7118.0887,26.999246,126.84466,139.48473,3.4718261,4.7088981,4.9500852,False,camera_distance_over_limit,ground_continuity_pass,True,False,,True,True,True,True,True,False,False,False,True,True
393,f0393,True,True,True,Pallet_1,cargo-only,,960,540,508.69903,508.69903,480,270,1.1368684e-13,5.7780072,5.7780072,label_recomputed,10,67.556,,5.7780072,7045,103,112,103,103.54268,112.92451,103.54268,153.20911,103.54268,112.92451,103.54268,153.20911,11692.507,3.6000861,8985.5955,8,8,8,8,True,True,8,1.033235e-05,1.6653422e-05,0.00010725129,3.4511892e-05,5.9710758e-06,0,0,0.29,3.1041479,7.8604325,9.8939314,1.9608808,3.5128854,3.9767821,1.0225623,1.34157,1.4078356,0,0,0.745,6.6022901,14.968423,18.727743,3.7223473,6.7326206,7.9845517,2.0945517,2.8105949,3.0340982,0,0.015,0.895,9.7364123,23.524064,28.025221,5.943315,10.692153,13.536378,2.9302804,4.3374956,5.0014047,True,,ground_continuity_pass,True,False,,True,True,True,True,True,True,True,True,False,True
395,f0395,True,True,True,Pallet_3,cargo-only,,640,480,605.9065,605.9065,320,240,5.6843419e-14,10.577118,10.577118,label_recomputed,10,2.282,,9.44625,738,66,12,12,108.61576,12.331186,12.331186,109.3135,51.73569,12.17022,12.17022,53.147868,629.63472,9.3224572,364.97758,4,4,5,4,True,True,5,3.9279629e-06,6.9078565e-06,0.00010360261,5.1226419e-06,3.7295568e-06,0,0.355,0.92,33.126631,1487.6084,1593.587,2.3659029,60.044713,70.715669,0.95932197,12.74017,13.914778,0,0.485,0.99,93.036668,1222.5751,1491.1418,4.9730709,52.770515,69.650685,2.1245504,13.182269,14.160244,0,0.515,0.975,104.17748,1104.518,1404.3214,6.5963534,53.385338,64.17634,3.2682667,12.391145,14.103142,False,camera_distance_over_limit,ground_continuity_pass,True,False,,True,True,True,True,True,False,False,False,True,True
396,f0396,True,True,True,Pallet_1,cargo-only,,720,480,495.12142,495.12142,360,240,1.1368684e-13,5.6395097,5.6395097,label_recomputed,10,9.107,,4.9570447,3904,167,36,36,169.715,36.433107,36.433107,173.58155,75.115012,35.637121,35.637121,83.140059,2676.8827,12.0927,1245.6084,6,4,5,4,True,True,5,2.4065764e-05,4.8161275e-05,0.00059306887,3.5736317e-05,2.4118044e-05,0,0.09,0.73,8.5803387,35.823902,342.07067,1.3325649,3.0277235,21.106538,0.80046798,1.6066294,8.4818087,0,0.275,0.895,20.713755,384.87699,450.81288,3.3815982,35.55675,56.978296,1.7321339,12.743201,19.019889,0,0.395,0.955,46.749482,427.20929,509.24186,5.6343098,53.755699,59.776164,3.0083838,18.118134,23.877414,True,,ground_continuity_pass,True,False,,True,True,True,True,True,True,True,True,False,True
397,f0397,True,True,True,Pallet_2,cargo-only,,640,480,605.9065,605.9065,320,240,1.1368684e-13,1.2040061,1.2040061,label_recomputed,10,31.014,,1.1588434,101318,640,212,212,1070.5142,552.02997,552.02997,1204.4658,356.45712,142.95487,142.95487,384.05439,50957.281,60.219474,35281.833,4,4,5,4,True,True,5,9.5562115e-06,2.1087538e-05,4.7877041e-06,5.6632937e-06,1.0572371e-05,0,0,0,0.51856406,1.0516505,1.2030632,0.33172242,0.59430425,0.7047731,0.82226483,1.2363417,1.4550063,0,0,0.005,1.0879367,2.1411011,2.7545965,0.70256815,1.2280878,1.316975,1.6028976,2.4346771,2.7804719,0,0,0.015,1.5620164,3.2180459,3.7413009,1.0952888,1.8237554,1.9818402,2.5346643,3.869846,4.4488702,True,,ground_continuity_pass,True,False,,True,True,True,True,True,True,True,True,False,False
398,f0398,True,True,True,Pallet_3,controlled-occlusion,,960,540,684.14044,684.14044,480,270,1.1368684e-13,1.8210114,1.8210114,label_recomputed,10,10.741,,1.7313282,52037,597,106,106,601.13302,189.28771,189.28771,630.23071,395.79091,89.016777,89.016777,405.67774,35232.031,29.620278,22689.895,7,5,6,5,True,True,6,9.7265114e-06,2.3195416e-05,1.5745681e-06,2.9575587e-06,9.5480286e-06,0,0,0,0.40378643,0.96154303,1.1720362,0.22151046,0.3605334,0.40892301,0.94684488,1.3634477,1.4468065,0,0,0,0.85493349,2.0437074,2.2237306,0.47400036,0.71809623,0.79176329,1.7746002,2.7125451,2.9264216,0,0,0.01,1.2082118,3.1074169,3.4890434,0.67246032,1.135094,1.2418434,2.7220051,3.9814214,4.2694483,True,,ground_continuity_pass,True,False,,True,True,True,True,True,True,True,True,False,False
400,f0400,True,True,True,Pallet_1,cargo-only,,960,540,500.82206,500.82206,480,270,1.1368684e-13,5.530315,5.530315,label_recomputed,10,22.221,,5.277123,5004,128,58,58,128.16109,58.396744,58.396744,140.83836,128.16109,58.396744,58.396744,140.83836,7484.1903,11.269249,3865.8705,8,6,7,6,True,True,7,1.345308e-05,2.2984441e-05,3.3996652e-05,1.6730478e-05,1.3551418e-05,0,0,0.3,3.4315304,8.3586701,10.142571,0.98421485,1.6691519,1.7827682,0.96404016,1.3099857,1.4365825,0,0,0.665,6.8125848,16.078355,19.876854,1.8266665,3.4440256,3.8198358,2.0371961,2.6606428,2.7908945,0,0,0.795,11.310091,28.468101,35.274454,3.002817,5.0368007,5.5684017,3.0149113,3.914982,4.3306895,True,,ground_continuity_pass,True,False,,True,True,True,True,True,True,True,True,False,True
401,f0401,True,True,True,Pallet_0,cargo-only,,640,480,605.9065,605.9065,320,240,1.1368684e-13,1.7048397,1.7048397,label_recomputed,10,78.712,,1.7011752,129307,546,480,480,560.39696,567.44185,560.39696,797.51803,560.39696,139.56442,139.56442,577.51448,78211.476,24.432229,5594.9885,4,4,5,4,True,True,5,5.9406393e-05,9.3632592e-05,1.7633992e-05,3.71367e-05,76.849265,0,0.515,0.72,2.3672556,6.054425,7.3083706,141.14862,162.74651,164.35365,19.34417,29.415798,33.395375,0,0.54,0.82,3.9973705,9.6918934,11.710624,135.25566,161.50845,162.94057,21.369626,41.38366,46.171803,0,0.56,0.875,5.7455912,14.466633,17.751479,124.21008,159.35878,162.78541,24.445672,54.410412,65.427607,True,,ground_continuity_pass,True,False,,True,True,True,True,True,True,True,True,False,True
402,f0402,True,True,True,Pallet_2,controlled-occlusion,,720,480,527.23609,527.23609,360,240,5.6843419e-14,2.0854479,2.0854479,label_recomputed,10,38.742,,1.9766382,63289,356,293,293,357.3054,295.71913,295.71913,463.80702,302.14783,226.39195,226.39195,377.55348,68403.836,35.408681,32712.473,8,6,6,6,True,True,6,7.6897615e-06,1.1604953e-05,1.0825538e-05,5.2630142e-06,7.6100301e-06,0,0,0,1.198366,2.7001511,3.1220799,0.54899663,1.0434604,1.1839599,0.89567933,1.3022038,1.4187203,0,0,0.13,2.3645194,5.3682853,6.8214096,1.0937748,2.0744931,2.2640666,1.8207453,2.7563189,2.9920429,0,0,0.28,3.3354198,7.6578735,8.9435964,1.5866442,2.842198,3.2183437,2.8328542,3.8719131,4.1984023,True,,ground_continuity_pass,True,False,,True,True,True,True,True,True,True,True,False,False
403,f0403,True,True,True,Pallet_3,controlled-occlusion,,640,480,605.9065,605.9065,320,240,1.1368684e-13,15.439987,15.439987,label_recomputed,10,29.603,,14.468232,1266,60,27,27,60.846355,26.904142,26.904142,66.52903,29.408875,24.117255,24.117255,38.033195,709.26132,5.5192491,339.1462,8,4,5,4,True,True,5,8.1582605e-06,1.2675706e-05,0.00018332625,4.1826196e-05,9.3728315e-06,0,0.655,0.985,387.51691,1414.2146,1610.6853,22.313354,55.518089,62.740282,4.2084977,6.782225,7.299887,0,0.755,0.995,278.82049,1099.0625,1319.2229,12.087943,49.716524,55.399528,2.8358061,6.242833,6.6374011,0,0.83,1,370.87143,1296.7848,1629.9379,19.042907,56.881856,69.135618,4.0408279,7.1985099,7.8747913,False,camera_distance_over_limit,ground_continuity_pass,True,False,,True,True,True,True,True,True,True,False,False,True
404,f0404,True,True,True,Pallet_1,cargo-only,,640,480,646.82696,646.82696,320,240,1.1368684e-13,2.6105705,2.6105705,label_recomputed,10,47.111,,2.6105705,54554,314,281,281,317.09729,281.98477,281.98477,424.34197,317.09729,281.98477,281.98477,424.34197,89416.608,21.460894,63007.183,8,8,8,8,True,True,8,5.2885367e-06,9.4854466e-06,1.7913531e-06,2.0913098e-06,8.2369697e-06,0,0,0,0.55759132,1.2030448,1.3584439,0.37351099,0.66656566,0.71293503,1.0612715,1.4014097,1.5056402,0,0,0.005,1.1093382,2.4273313,2.9916571,0.78415834,1.4591309,1.6930594,2.123252,2.7189715,2.9506677,0,0,0.03,1.7958192,4.0121009,4.6060566,1.2142967,2.1051952,2.4996602,3.1439739,4.0384136,4.2602392,True,,ground_continuity_pass,True,False,,True,True,True,True,True,True,True,True,False,False
405,f0405,True,True,True,Pallet_2,controlled-occlusion,,960,540,494.45047,494.45047,480,270,5.6843419e-14,5.000899,5.000899,label_recomputed,10,12.54,,4.7483472,5513,166,50,50,166.81144,50.622271,50.622271,174.32346,100.1586,44.282287,44.282287,109.51103,4435.2518,17.998051,2384.9925,8,5,6,5,True,True,6,6.8346162e-06,1.2083432e-05,3.9907019e-05,6.7226204e-06,6.4624595e-06,0,0,0.395,4.0181456,9.741919,11.456595,0.79226422,1.3315006,1.519471,0.89943325,1.2700555,1.3542413,0,0.005,0.705,9.3446231,25.68001,41.238063,1.5547578,2.633473,5.2188279,1.776283,2.7077726,4.1005868,0,0.03,0.81,13.635041,45.072991,91.30817,2.4503023,5.0378701,32.368842,2.6798793,4.8314066,22.497751,True,,ground_continuity_pass,True,False,,True,True,True,True,True,True,True,True,False,True
406,f0406,True,True,True,Pallet_3,controlled-occlusion,,640,480,400.70966,400.70966,320,240,5.6843419e-14,9.4031992,9.4031992,label_recomputed,10,7.984,,8.90855,656,58,17,17,58.544917,17.062106,17.062106,60.980511,38.903943,13.229453,13.229453,41.09179,514.6779,6.4358293,294.01236,8,5,6,5,True,True,6,5.098733e-06,7.6490764e-06,9.8655687e-05,4.1826196e-06,6.6599499e-06,0,0.1,0.91,29.064711,98.771347,334.91789,2.1768997,36.016463,36.864171,0.99039617,16.026824,16.73001,0,0.325,0.965,61.29335,865.28826,1543.4006,4.8161312,36.718906,38.167602,2.2307966,15.59753,17.037566,0,0.46,0.995,85.330267,848.99246,1322.8662,7.4413388,38.329712,42.438519,3.5274613,15.696019,16.72367,True,,ground_continuity_pass,True,False,,True,True,True,True,True,False,False,False,True,True
407,f0407,True,True,True,Pallet_0,cargo-only,,560,560,611.64381,611.64381,280,280,2.8421709e-14,3.569151,3.569151,label_recomputed,10,51.886,,3.3673813,29598,172,204,172,243.2116,205.07506,205.07506,318.13151,168.64592,205.07506,168.64592,265.51313,34585.07,13.690539,17219.186,6,6,7,6,True,True,7,6.287271e-06,8.5622869e-06,4.9853944e-06,3.1945285e-06,6.588714e-06,0,0,0.13,2.6013855,5.4117256,6.4304676,0.97595182,1.6704309,1.9475789,0.99356637,1.3349691,1.4937816,0,0,0.4,4.1311812,10.146574,12.549421,1.572357,3.295797,3.8735594,1.9678638,2.5879892,2.8378436,0,0,0.55,5.695603,14.048131,16.803492,2.3110526,4.3851088,5.1688348,2.912698,3.9536451,4.2587998,True,,ground_continuity_pass,True,False,,True,True,True,True,True,True,True,True,False,False
408,f0408,True,True,True,Pallet_3,controlled-occlusion,,720,480,549.85316,549.85316,360,240,5.6843419e-14,1.4997838,1.4997838,label_recomputed,10,26.392,,1.4952999,103741,540,342,342,559.953,369.82359,369.82359,671.05652,321.96455,296.51327,296.51327,437.7,95466.76,37.090746,45680.268,6,4,5,4,True,True,5,59.289823,86.448245,23.715827,125.79464,61.389571,0,0.895,0.955,28.88749,44.935538,65.169474,127.37385,131.14916,131.25796,57.425738,64.714483,65.639149,0,0.84,0.93,26.929462,43.964488,74.46298,125.47911,130.32032,131.10219,56.116172,63.312831,64.423734,0,0.715,0.96,26.598146,44.760043,64.146046,125.11557,130.32682,131.21162,55.652421,62.191218,63.677915,True,,ground_continuity_pass,True,False,,True,True,True,True,True,True,True,True,False,True
409,f0409,True,True,True,Pallet_1,cargo-only,,640,480,605.9065,605.9065,320,240,1.1368684e-13,1.5634054,1.5634054,label_recomputed,10,25.858,,1.5573922,108622,555,292,292,582.11169,377.2741,377.2741,693.67843,6.1057922,41.544321,6.1057922,41.990609,253.66099,41.990609,0,4,2,2,2,True,False,,,,,,,,,,,,,,,,,,,,,,,,,,,,,,,,,,,,,,,,,,,True,,ground_continuity_pass,False,False,,False,True,True,True,True,False,False,False,True,True
410,f0410,True,True,True,Pallet_0,cargo-only,,960,540,532.31864,532.31864,480,270,1.1368684e-13,1.4596089,1.4596089,label_recomputed,10,11.798,,1.3390971,51925,609,101,101,621.41355,279.82,279.82,681.50865,613.54623,59.040234,59.040234,616.38034,36223.913,59.348068,17969.388,5,4,5,4,True,True,5,0.0017863163,0.0035523426,0.0013007359,0.00012976798,1.5763607e-05,0,0,0,0.41316025,0.87855897,2.0972095,0.44538563,0.94703975,1.0459947,0.84899821,1.5342618,3.8009087,0,0,0.01,0.85714582,1.8980472,2.4107571,0.89104978,1.7702347,2.0663981,1.6415984,2.9142421,4.0364626,0,0,0.02,1.2631392,2.2092169,3.346084,1.3440217,2.7070492,3.002742,2.446026,4.1098129,5.4690372,True,,ground_continuity_pass,True,False,,True,True,True,True,True,True,True,True,False,False
411,f0411,True,True,True,Pallet_2,cargo-only,,560,560,605.9065,605.9065,280,280,2.8421709e-14,17.072312,17.072312,label_recomputed,10,53.098,,16.912337,1129,41,41,41,41.112047,41.440565,41.112047,58.373974,41.112047,41.440565,41.112047,58.373974,1703.7064,3.8827897,1386.6886,8,8,9,8,True,True,9,6.2310138e-06,1.2701838e-05,0.00040757649,2.6287356e-05,6.8034445e-06,0,0,0.905,23.871666,55.908849,68.263898,2.8873727,7.4969588,14.555452,1.0691087,1.4684519,3.7155178,0,0.155,0.985,48.450356,107.99002,132.20368,6.9494667,18.164311,20.190098,2.2044576,4.1563538,4.5191334,0,0.42,1,78.150515,177.81562,197.60381,11.430809,31.126157,65.78498,3.3784025,5.0203664,5.3008215,False,camera_distance_over_limit,ground_continuity_pass,True,False,,True,True,True,True,True,True,True,True,False,True
413,f0413,True,True,True,Pallet_1,controlled-occlusion,,640,480,476.52256,476.52256,320,240,5.6843419e-14,5.7242787,5.7242787,label_recomputed,10,24.477,,5.4686408,4501,116,60,60,116.34279,60.300329,60.300329,131.04112,14.635987,44.831671,14.635987,47.160268,656.15576,10.204766,109.21268,8,4,4,4,True,True,4,6.0877323e-06,8.3688513e-06,0.00033313247,3.3678097e-05,6.0877323e-06,0,0.16,0.955,35.489016,123.55422,132.10975,5.4051591,165.11756,167.99015,0.43099425,0.89561551,1.1235675,0,0.49,0.99,95.169143,181.22931,232.7748,14.530721,169.39871,172.5461,1.0404176,1.8086786,2.140812,0,0.61,1,124.82021,265.13662,317.29302,21.543444,164.94576,169.82476,1.6399928,3.0526799,3.4328941,True,,ground_continuity_pass,True,False,,True,True,True,True,True,False,False,False,True,True
414,f0414,True,True,True,Pallet_0,cargo-only,,640,480,605.9065,605.9065,320,240,5.6843419e-14,1.4480647,1.4480647,label_recomputed,10,20.078,,1.4327188,139061,594,331,331,638.72427,340.19245,340.19245,723.67092,581.146,180.09157,180.09157,608.41076,104659.5,50.356495,35350.072,6,4,5,4,True,True,5,2.2302532e-05,3.0272104e-05,5.0705909e-06,7.4430261e-06,121.72013,0,0.2,0.35,1.0493987,4.625266,4.918065,3.5382062,76.486263,77.319463,3.8903947,124.322,126.09974,0,0.195,0.515,1.9830313,4.9820057,5.3311225,4.6690307,76.157006,78.504475,5.4076696,125.58502,128.71976,0,0.18,0.705,3.2385004,6.029943,6.5811771,6.6176498,79.214271,82.967328,7.4310591,126.90599,132.02417,True,,ground_continuity_pass,True,False,,True,True,True,True,True,True,True,True,False,True
415,f0415,True,True,True,Pallet_2,controlled-occlusion,,960,540,325.34766,325.34766,480,270,1.1368684e-13,2.2375042,2.2375042,label_recomputed,10,5.351,,2.1127092,9300,245,57,57,245.59522,58.052546,58.052546,252.36305,135.45324,52.716411,52.716411,145.34992,7140.6086,8.5887193,4485.1635,8,5,6,5,True,True,6,6.9351267e-06,9.3128572e-06,1.0936933e-05,5.3997387e-06,7.2763549e-06,0,0,0.015,1.5721043,3.4051631,3.8732627,0.4882519,0.90640059,1.0236995,0.89912675,1.2213755,1.3929264,0,0,0.26,2.9372248,6.8423488,7.4882268,1.0187019,1.9040348,2.207165,1.7194742,2.5427363,2.6854667,0,0.005,0.505,4.9694161,11.386482,14.714335,1.6830521,2.66868,3.6059354,2.7480111,3.7488651,4.0248727,True,,ground_continuity_pass,True,False,,True,True,True,True,True,True,True,True,False,False
416,f0416,True,True,True,Pallet_3,cargo-only,,720,480,526.99174,526.99174,360,240,5.6843419e-14,65.124187,65.124187,label_recomputed,10,53.284,,63.641835,57,8,9,8,7.851042,9.8288033,7.851042,12.579516,7.851042,9.8288033,7.851042,12.579516,77.166348,0.77045201,66.492664,8,8,9,8,True,True,9,6.5542126e-06,9.712532e-06,0.0001239145,7.0693283e-05,6.5539465e-06,0,0.885,1,501.65984,1318.4591,1774.5474,14.27649,42.333877,70.541465,1.070566,1.4980203,1.6156911,0,0.965,1,888.20053,2290.6142,2721.3224,30.198919,89.820325,100.19908,2.1215235,2.8456722,3.0655238,0,0.975,1,1133.864,2979.9199,5187.4115,44.482363,103.57346,112.82247,3.2381138,4.1425142,4.4415911,False,camera_distance_over_limit,ground_continuity_pass,True,False,,True,True,True,True,True,False,False,False,True,True
417,f0417,True,True,True,Pallet_0,cargo-only,,640,480,605.9065,605.9065,320,240,1.1368684e-13,1.428195,1.428195,label_recomputed,10,12.232,,1.3824388,105603,631,247,247,690.35257,254.816,254.816,735.87897,394.0522,227.40214,227.40214,454.96029,89608.314,62.436823,45267.514,6,5,6,5,True,True,6,9.9810566e-06,2.0199855e-05,9.6031184e-06,2.4148365e-06,8.4125264e-06,0,0,0,0.47659137,0.91324244,1.0869,0.20702558,0.35273926,0.42694558,0.92858837,1.2591809,1.4042373,0,0,0,0.76001547,1.9816039,2.2950243,0.39949882,0.67224089,0.71409617,1.7736994,2.605936,2.7612355,0,0,0.005,1.3368071,2.8786974,3.6536687,0.59232732,1.038755,1.1855028,2.8237187,4.099144,4.4244635,True,,ground_continuity_pass,True,False,,True,True,True,True,True,True,True,True,False,False
418,f0418,True,True,True,Pallet_1,cargo-only,,960,540,506.94491,506.94491,480,270,1.1368684e-13,1.0349304,1.0349304,label_recomputed,10,20.24,,0.98653149,184988,792,377,377,1222.2371,446.97394,446.97394,1301.4028,746.42469,207.41251,207.41251,774.70624,154817.82,45.349197,83528.397,6,6,7,6,True,True,7,2.3887449e-05,4.0898994e-05,7.5140996e-06,3.1945285e-06,0.00010017563,0,0,0,0.45880374,0.92248852,1.1234503,0.38438843,0.79909786,0.91797576,1.3981578,2.3124747,2.7172651,0,0,0,1.0005446,1.9492186,2.2322963,0.80954583,1.655005,1.9521901,2.8458506,4.772948,5.3161081,0,0,0,1.1826544,2.455778,3.0794946,0.99661343,2.1093822,2.5269352,4.0511784,6.5120714,7.5037491,True,,ground_continuity_pass,True,False,,True,True,True,True,True,True,True,True,False,False
419,f0419,True,True,True,Pallet_2,cargo-only,,640,480,516.38789,516.38789,320,240,5.6843419e-14,2.976432,2.976432,label_recomputed,10,6.623,,2.6162391,9645,180,64,64,352.48131,65.589602,65.589602,358.53182,140.52159,63.294713,63.294713,154.11859,8894.2739,30.066847,4546.6726,4,4,5,4,True,True,5,2.1483934e-05,3.6530032e-05,0.00029984265,1.7245382e-05,2.1767065e-05,0,0,0.115,2.2513837,5.1527619,6.4713234,0.59122965,0.94756184,1.0973278,0.80401609,1.219006,1.3497475,0,0.01,0.45,4.7540845,10.281971,12.759397,1.1378342,1.9943361,2.297727,1.6511462,2.6018944,2.8591606,0,0.02,0.63,6.5084087,17.006297,20.658026,1.8740901,3.3514603,3.9546846,2.4366174,4.0474297,4.7197136,True,,ground_continuity_pass,True,False,,True,True,True,True,True,True,True,True,False,False
422,f0422,True,True,True,Pallet_0,cargo-only,,560,560,534.48938,534.48938,280,280,5.6843419e-14,1.9177585,1.9177585,label_recomputed,10,7.83,,1.7389494,22052,240,108,108,554.70942,109.00166,109.00166,565.31752,210.43811,105.82467,105.82467,235.54843,22269.544,36.726755,11261.733,4,4,5,4,True,True,5,1.0904848e-05,1.6849749e-05,4.0129252e-06,3.4150946e-06,1.4600205e-05,0,0,0,1.0309451,2.3114949,2.7884472,0.34510032,0.63909107,0.72599102,0.83490401,1.2101979,1.3473154,0,0,0.05,1.9248351,4.4160899,4.9031539,0.65336592,1.2637899,1.4841836,1.5629053,2.4636363,2.7274408,0,0,0.245,3.1835429,6.9718484,8.4823549,1.0718409,1.9955831,2.1176149,2.5394843,3.7965563,4.3922534,True,,ground_continuity_pass,True,False,,True,True,True,True,True,True,True,True,False,False
423,f0423,True,True,True,Pallet_1,cargo-only,,640,480,521.74324,521.74324,320,240,1.1368684e-13,2.2457092,2.2457092,label_recomputed,10,14.112,,2.1338152,26108,332,112,112,336.80657,119.91316,119.91316,357.5162,334.70645,72.103106,72.103106,342.38468,24133.375,26.398854,18512.562,6,6,6,6,True,True,6,6.381076e-06,1.1179395e-05,2.3705559e-06,2.4148365e-06,6.3810784e-06,0,0,0,0.65066061,1.707852,1.9361986,0.29674736,0.49051263,0.52895217,1.0390676,1.5045001,1.6396239,0,0,0.01,1.5625037,3.4098438,3.7634139,0.56913713,0.96824483,1.1218989,1.9744776,2.8483258,3.1277714,0,0,0.085,2.1349939,4.8179669,5.868627,0.88061645,1.45042,1.5621735,2.7782268,4.4990343,5.067115,True,,ground_continuity_pass,True,False,,True,True,True,True,True,True,True,True,False,False
424,f0424,True,True,True,Pallet_0,cargo-only,,720,480,605.9065,605.9065,360,240,5.6843419e-14,21.616241,21.616241,label_recomputed,10,76.618,,21.588065,774,42,38,38,42.111842,39.180825,39.180825,57.519947,42.111842,39.180825,39.180825,57.519947,1649.9767,0.84485504,946.55325,8,8,9,8,True,True,9,2.8852134e-06,1.276817e-05,2.2475061e-05,3.1089555e-05,3.6812773e-06,0,0.1,0.99,39.202323,96.472556,116.04491,13.196487,26.590129,30.07425,1.1398081,1.4572539,1.5686234,0,0.425,1,86.175581,188.08387,215.45961,21.498269,35.025729,38.184979,2.0656267,2.657505,2.807971,0,0.67,1,138.84706,295.0082,324.33056,28.604784,42.695463,45.26303,2.9905511,3.9720968,4.2451054,False,camera_distance_over_limit,ground_continuity_pass,True,False,,True,True,True,True,True,True,True,True,False,True
425,f0425,True,True,True,Pallet_3,cargo-only,,960,540,698.83921,698.83921,480,270,2.2737368e-13,1.2127499,1.2127499,label_recomputed,10,13.308,,1.1451097,136980,726,276,276,1369.4115,350.73626,350.73626,1413.6137,496.83537,121.5205,121.5205,511.48081,60375.684,109.60081,31887.211,4,3,4,3,True,True,4,2.1777765e-05,4.4360013e-05,8.0639211e-06,5.9151173e-06,2.281605e-05,0,0,0,1.0806783,2.032896,2.3002094,0.70935017,1.3709968,1.6846853,1.4359663,2.562696,3.1084614,0,0,0.03,2.3087454,3.9658294,4.457061,1.388889,2.8853398,3.5184402,2.8995739,5.1352181,6.3818478,0,0,0.255,3.1986308,6.1605344,6.9615949,2.0256089,4.940172,5.597826,4.3427007,9.0646586,9.6610211,True,,ground_continuity_pass,False,False,,False,True,True,True,True,True,True,True,False,False
426,f0426,True,True,True,Pallet_1,cargo-only,,640,480,457.43888,457.43888,320,240,5.6843419e-14,10.472961,10.472961,label_recomputed,10,8.26,,8.9009974,861,73,21,21,73.881092,20.500035,20.500035,76.672467,73.881092,15.335899,15.335899,75.455985,1133.033,6.8686698,807.06396,8,6,6,6,True,True,6,1.2176844e-06,2.1126374e-06,2.0952599e-05,2.4148365e-06,1.2114971e-06,0,0.165,0.825,14.232036,99.153275,215.70091,1.7211772,51.153336,69.190404,0.99297374,21.465985,33.203976,0,0.335,0.93,41.347419,487.87138,1138.8499,4.079187,66.645035,69.787244,2.2263904,31.048544,34.235993,0,0.42,0.975,64.697187,485.545,752.28564,5.8055486,70.131676,73.589322,3.5040215,32.659772,36.770598,False,camera_distance_over_limit,ground_continuity_pass,True,False,,True,True,True,True,True,False,False,False,True,True
427,f0427,True,True,True,Pallet_2,cargo-only,,640,480,377.60166,377.60166,320,240,5.6843419e-14,4.4108625,4.4108625,label_recomputed,10,17.966,,4.1996461,4184,116,52,52,117.7238,51.677628,51.677628,128.56698,117.7238,51.677628,51.677628,128.56698,6083.6866,14.400772,5129.2715,8,8,9,8,True,True,9,2.0443377e-06,3.426789e-06,7.6245922e-06,2.0913098e-06,2.221954e-06,0,0,0.185,2.4430006,6.3504256,8.0856937,0.645622,1.1230585,1.2608456,1.0491049,1.3343679,1.4183422,0,0,0.505,5.0646391,14.408505,16.342362,1.3360921,2.1387384,2.6145921,2.0570664,2.7703905,2.9128834,0,0,0.66,7.2818232,18.021388,21.032656,2.0701873,3.7844857,4.0227768,3.1114821,3.9381305,4.3017088,True,,ground_continuity_pass,True,False,,True,True,True,True,True,True,True,True,False,True
428,f0428,True,True,True,Pallet_2,controlled-occlusion,,640,480,635.58619,635.58619,320,240,5.6843419e-14,2.2162126,2.2162126,label_recomputed,10,5.118,,2.0926051,24645,324,114,114,503.38708,114.69397,114.69397,516.28796,128.7801,114.69397,114.69397,172.45006,14770.302,40.764969,8208.2375,6,4,5,4,True,True,5,59.704492,115.14865,1.0602918e+11,167.18928,59.703622,0,0.555,0.83,145.37136,2.5473423e+11,1.4758944e+32,3.5680188,166.45597,167.45122,54.36423,63.653399,76.425909,0,0.565,0.925,337.29374,7.0592433e+17,2.4927743e+31,7.5009531,167.0327,168.3098,58.965925,65.435334,139.04,0,0.54,0.98,49.508302,4.0603545e+14,1.0519688e+31,12.895857,167.91869,169.69576,56.890726,67.634553,107.61978,True,,ground_continuity_pass,True,False,,True,True,True,True,True,True,True,True,False,True
430,f0430,True,True,True,Pallet_3,cargo-only,,720,480,376.35792,376.35792,360,240,5.6843419e-14,3.3435235,3.3435235,label_recomputed,10,19.034,,2.9626782,8254,147,78,78,148.42006,93.328498,93.328498,175.32462,148.42006,70.733953,70.733953,164.41352,10498.338,17.495892,5769.3896,7,5,6,5,True,True,6,1.6050763e-05,4.2918945e-05,1.2848079e-05,4.1826196e-06,1.5531758e-05,0,0,0.04,1.456998,3.427246,4.7610172,0.67024014,1.2465039,1.3939647,0.89374059,1.2666447,1.3900761,0,0,0.23,2.7014186,7.3301694,9.776966,1.2652244,2.270221,2.6372599,1.7795632,2.6965286,2.8217547,0,0.005,0.53,5.1682346,11.515837,12.910095,1.9230043,3.6514715,4.1920572,2.5883548,3.7966469,4.066296,True,,ground_continuity_pass,True,False,,True,True,True,True,True,True,True,True,False,False
432,f0432,True,True,True,Pallet_3,cargo-only,,640,480,647.28774,647.28774,320,240,5.6843419e-14,1.586593,1.586593,label_recomputed,10,19.662,,1.4981021,71859,332,306,306,664.74615,342.06729,342.06729,747.59446,238.47705,265.77081,238.47705,357.07902,63380.239,44.256659,28338.187,4,4,5,4,True,True,5,1.1177129e-05,2.4125889e-05,1.5537144e-05,6.3890569e-06,1.186783e-05,0,0,0,0.69250501,1.786468,1.9844986,0.38587067,0.67192275,0.80542253,0.90531698,1.3447254,1.5741915,0,0,0.015,1.4322838,3.5193448,3.9453335,0.75865071,1.3851984,1.6047103,1.701394,2.617563,2.8984938,0,0.005,0.085,2.1619942,4.8424813,5.9265316,1.0931541,2.0388743,2.6089655,2.5735716,4.0347592,4.4284481,True,,ground_continuity_pass,True,False,,True,True,True,True,True,True,True,True,False,False
434,f0434,True,True,True,Pallet_2,cargo-only,,560,560,605.9065,605.9065,280,280,1.1368684e-13,26.379803,26.379803,label_recomputed,10,7.197,,22.956335,225,31,11,11,44.824641,10.292483,10.292483,45.991126,23.919245,10.292483,10.292483,26.039691,246.18843,1.7607256,178.22945,6,6,7,6,True,True,7,9.8289865e-06,1.6327538e-05,0.00081077198,3.9569438e-05,9.5189662e-06,0,0.685,0.98,123.78784,2013.0139,4922.6329,4.713755,60.991185,63.619701,1.5694799,13.496811,13.809837,0,0.845,0.995,403.36293,6558.6354,10367.614,9.521175,68.805049,89.384848,3.2331035,12.055594,13.415394,0,0.93,1,936.8006,13566.551,26592.145,13.342981,80.512489,95.697659,5.4071364,10.473105,12.655436,False,camera_distance_over_limit,ground_continuity_pass,True,False,,True,True,True,True,True,False,False,False,True,True
436,f0436,True,True,True,Pallet_3,cargo-only,,720,480,509.91949,509.91949,360,240,5.6843419e-14,4.0585658,4.0585658,label_recomputed,10,4.705,,3.6979639,3966,196,24,24,197.56987,34.275567,34.275567,200.52099,194.52962,20.934294,20.934294,195.6528,4072.3404,20.036054,3008.3684,6,5,6,5,True,True,6,1.4271604e-05,1.8877893e-05,1.8622043e-05,1.1952831e-05,2.1122864e-05,0,0,0.025,1.6711448,3.961384,4.5822437,0.56347035,1.0046202,1.1162672,0.88922425,1.2885302,1.4123223,0,0,0.335,3.2568694,8.0584433,9.7725297,1.1635328,1.9730623,2.1250542,1.7536383,2.5888555,2.8444701,0,0,0.44,4.5686048,10.722411,13.062745,1.9232423,2.9717065,3.2666423,2.8967,3.9569449,4.2542073,True,,ground_continuity_pass,True,False,,True,True,True,True,True,True,False,False,False,False
437,f0437,True,True,True,Pallet_0,cargo-only,,640,480,506.2273,506.2273,320,240,5.6843419e-14,2.8389438,2.8389438,label_recomputed,10,0.922,,2.574068,7312,297,29,29,308.3837,43.741434,43.741434,311.47042,300.70155,25.081613,25.081613,301.74577,7542.08,28.268994,3783.5065,4,4,5,4,True,True,5,1.0110082e-05,1.2964171e-05,1.9428462e-05,2.0913098e-06,1.0572043e-05,0,0.01,0.015,0.94061406,2.6286434,3.1822392,0.42634913,0.74559424,0.79260296,0.83432222,1.3340447,1.4475596,0,0.06,0.145,2.0801135,5.6385689,6.8988753,0.97330712,1.6918515,46.165273,1.6730243,2.9831215,54.594096,0,0.105,0.33,3.1734989,8.3472525,10.740921,1.3586567,45.2459,46.762864,2.5350695,54.23826,56.192744,True,,ground_continuity_pass,True,False,,True,True,True,True,True,True,True,False,False,True
438,f0438,True,True,True,Pallet_2,cargo-only,,960,540,598.57673,598.57673,480,270,1.1368684e-13,7.0278311,7.0278311,label_recomputed,10,71.012,,7.0278311,7709,129,118,118,129.02495,118.97839,118.97839,175.50868,129.02495,118.97839,118.97839,175.50868,15351.182,3.8253792,8748.8909,8,8,8,8,True,True,8,9.7411633e-06,1.3547481e-05,2.168087e-05,2.5153742e-05,8.9865898e-06,0,0,0.37,3.5604342,9.22791,12.164434,2.2740239,4.254872,4.6913732,1.0504379,1.396265,1.4471029,0,0,0.78,7.4027224,18.306304,21.324224,4.6488239,8.0546373,8.851351,2.0513431,2.7061947,3.0263732,0,0,0.94,10.855735,28.389038,36.198084,7.0521137,12.017273,13.024905,3.0666013,4.1541767,4.5658476,True,,ground_continuity_pass,True,False,,True,True,True,True,True,True,True,True,False,True
439,f0439,True,True,True,Pallet_1,cargo-only,,640,480,605.9065,605.9065,320,240,0,1.3540098,1.3540098,label_recomputed,10,5.349,,1.3540098,60019,640,154,154,761.62407,155.07327,155.07327,777.25089,308.84392,44.656367,44.656367,312.0557,13791.848,44.676792,6869.6491,4,3,4,3,True,True,4,6.8387897e-05,0.00024801821,5.6777616e-05,5.5593712e-05,6.8387897e-05,0,0,0.89,21.890047,33.343442,35.04086,20.317012,33.283843,35.330184,24.782769,36.522911,38.158104,0,0.005,0.975,28.070422,37.276324,39.107121,26.857087,37.798537,39.898137,31.703511,40.832632,43.721502,0,0.07,0.98,32.388694,41.498694,43.71392,31.640544,42.257254,45.785157,35.729173,46.777933,48.323362,True,,ground_continuity_pass,False,False,,False,True,True,True,True,True,True,True,False,True
440,f0440,True,True,True,Pallet_1,context-rich,,720,480,605.9065,605.9065,360,240,2.2737368e-13,1.2909243,1.2909243,label_recomputed,10,74.253,,1.2189239,130966,580,374,374,802.94714,769.75386,769.75386,1112.3152,494.20518,296.72583,296.72583,576.44165,146643.44,29.416598,64326.256,4,4,5,4,True,True,5,9.7044879e-06,1.3777996e-05,2.0622223e-05,1.6378218e-05,1.2328932e-05,0,0,0.005,0.81239046,1.8263189,2.2392954,0.99232006,2.2317067,2.4502958,1.1056639,1.8771334,2.0764232,0,0,0.02,1.6266661,3.3377619,3.7603952,1.9372392,4.0378013,4.5327467,2.2348238,3.7746387,4.2769547,0,0.005,0.255,2.5277302,5.8444659,6.4114826,2.9649983,6.7281689,7.8384597,3.1076439,5.4343306,6.2307044,True,,ground_continuity_pass,True,False,,True,True,True,True,True,True,True,True,False,False
441,f0441,True,True,True,Pallet_0,context-rich,,640,480,441.26337,441.26337,320,240,1.1368684e-13,54.498971,54.498971,label_recomputed,10,14.198,,51.459334,39,13,4,4,13.666758,4.4093305,4.4093305,14.360448,13.666758,4.4093305,4.4093305,14.360448,60.261252,1.0692774,39.470774,8,8,9,8,True,True,9,7.5715822e-06,1.3784821e-05,0.0070111698,7.3006384e-05,6.8313411e-06,0,0.845,0.995,413.06183,1941.8718,3961.3755,7.9971463,39.262925,52.716577,1.1483909,2.422964,2.5852044,0,0.965,1,1090.246,4819.6288,7692.1681,19.321754,151.32236,155.18777,2.4027068,3.361683,3.5500683,0,0.95,1,1282.7505,6863.9876,10764.137,31.165869,151.25992,161.12989,3.48103,4.4660747,4.8616881,False,camera_distance_over_limit,ground_continuity_pass,False,False,,True,True,True,True,False,False,False,False,True,True
442,f0442,True,True,True,Pallet_2,context-rich,,960,540,599.68324,599.68324,480,270,5.6843419e-14,3.6027528,3.6027528,label_recomputed,10,26.5,,3.0680514,18761,321,92,92,323.42212,194.32027,194.32027,377.3092,323.42212,77.733189,77.733189,332.6324,25140.633,27.921011,14402.588,5,5,6,5,True,True,6,1.9316409e-05,3.1269791e-05,2.2387556e-05,7.7312492e-06,1.9316409e-05,0,0,0.01,1.4055088,3.3480678,3.8109333,0.61113187,1.151412,1.2744378,0.90696882,1.3213384,1.3961906,0,0,0.24,2.824526,7.0924408,8.5268605,1.0488913,2.0320473,2.3230675,1.8983604,2.6884248,2.9409333,0,0,0.48,4.7802914,10.370918,11.929655,1.8557529,3.0817307,3.3320815,2.8901546,4.4896398,4.8920971,True,,ground_continuity_pass,True,False,,True,True,True,True,True,True,True,True,False,False
443,f0443,True,True,True,Pallet_3,context-rich,,640,480,605.9065,605.9065,320,240,5.6843419e-14,3.7799131,3.7799131,label_recomputed,10,70.096,,3.7799131,25588,235,180,180,236.51136,181.97028,181.97028,298.41381,236.51136,181.97028,181.97028,298.41381,43038.038,6.1304965,28195.527,8,8,9,8,True,True,9,1.5483414e-05,6.5754512e-05,9.5109429e-06,2.9575587e-06,1.6024636e-05,0,0,0,1.0261558,2.3363679,2.4817391,1.1157193,2.1096387,2.4118685,1.069682,1.3029743,1.4053769,0,0,0.1,1.8833821,4.4127809,5.3970636,2.2630669,4.2928073,4.4803721,2.128304,2.7795437,2.9839011,0,0,0.425,3.3765257,7.4415736,8.9736158,3.5680813,6.9988819,9.0157553,3.2697978,4.3250842,4.9397293,True,,ground_continuity_pass,True,False,,True,True,True,True,True,True,True,True,False,False
444,f0444,True,True,True,Pallet_0,context-rich,,560,560,386.59755,386.59755,280,280,5.6843419e-14,1.3134508,1.3134508,label_recomputed,10,23.484,,1.2640284,78009,400,243,243,534.62778,248.24269,248.24269,589.45,205.03387,233.42748,205.03387,310.68839,47860.54,33.951764,23095.495,6,4,5,4,True,True,5,9.8400306e-06,2.3711609e-05,1.6657015e-05,4.5177455e-06,8.5641265e-06,0,0.005,0.005,0.73520888,1.5100018,1.7162084,0.46285825,0.88143422,0.98486089,0.85870937,1.3402107,1.520818,0,0.045,0.055,1.526199,3.2074367,32.005501,0.90533343,1.9238719,18.51515,1.7073779,3.0938149,21.647014,0,0.09,0.14,2.352888,14.691609,53.308651,1.4520292,4.7450099,48.949096,2.812737,9.8490363,124.89422,True,,ground_continuity_pass,True,False,,True,True,True,True,True,True,True,True,False,False
445,f0445,True,True,True,Pallet_1,controlled-occlusion,,640,480,559.29342,559.29342,320,240,5.6843419e-14,5.3165858,5.3165858,label_recomputed,10,2.171,,4.8908146,2781,172,22,22,192.23142,22.492047,22.492047,193.54279,15.237121,22.492047,15.237121,27.167297,342.71405,7.4912101,236.79514,6,4,5,4,True,True,5,8.9201186,15.483519,2470483.2,0.00012276541,8.9216226,0,0.845,1,23207.705,6.9512395e+14,5.9994655e+22,44.296429,128.22166,137.15921,8.8779863,27.294919,56.154029,0,0.91,0.995,171807.15,2.7562308e+16,1.5084863e+22,69.637934,153.05208,166.00053,9.396982,29.060484,53.337502,0,0.93,1,51837.647,3.4838219e+14,1.6091204e+19,96.371222,170.25978,173.22073,9.4560784,27.058987,55.658878,True,,ground_continuity_pass,True,False,,True,True,True,True,True,False,False,False,True,True
446,f0446,True,True,True,Pallet_2,controlled-occlusion,,640,480,429.40042,429.40042,320,240,5.6843419e-14,2.4818372,2.4818372,label_recomputed,10,38.382,,2.4818372,24031,215,168,168,216.61439,168.90044,168.90044,274.68009,158.19055,168.90044,158.19055,231.41221,26718.455,23.023858,13897.49,8,6,6,6,True,True,6,9.3658127e-06,1.2253027e-05,1.8543506e-05,4.9783131e-06,1.0218264e-05,0,0,0.035,1.8472491,4.0020786,4.7638819,0.78627308,1.4026465,1.5132508,0.96253422,1.4125631,1.4973898,0,0,0.295,3.5997687,7.9897865,9.425455,1.5066095,2.7295001,3.1586292,1.9134677,2.6775678,3.1985123,0,0,0.58,5.7208852,16.371662,23.595397,2.3591546,4.8257397,31.843601,2.7223322,4.439038,19.839224,True,,ground_continuity_pass,True,False,,True,True,True,True,True,True,True,True,False,False
447,f0447,True,True,True,Pallet_3,context-rich,,960,540,605.9065,605.9065,480,270,5.6843419e-14,45.052592,45.052592,label_recomputed,10,39.895,,42.539819,172,22,16,16,22.28868,16.279526,16.279526,27.600874,22.28868,16.279526,16.279526,27.600874,362.84915,1.6542456,186.29063,8,8,9,8,True,True,9,4.6318661e-06,7.0155015e-06,0.0011750296,4.1105455e-05,4.06715e-06,0,0.68,0.995,136.95686,368.89228,516.8429,6.9619244,38.269797,40.702079,1.0720143,2.9795747,3.2437933,0,0.855,1,277.94933,877.79171,1088.8904,22.749415,99.275321,104.8969,2.186708,3.7327573,3.9846966,0,0.94,1,487.44103,1255.592,2033.5009,42.039616,106.9362,111.88296,3.3749987,4.9941016,5.1979082,False,camera_distance_over_limit,ground_continuity_pass,True,False,,True,True,True,True,True,True,False,False,True,True
448,f0448,True,True,True,Pallet_1,context-rich,,640,480,687.64345,687.64345,320,240,2.8421709e-14,1.9239159,1.9239159,label_recomputed,10,4.744,,1.8409518,35174,531,98,98,537.88631,102.85862,102.85862,547.63271,436.23421,73.1778,73.1778,442.32937,31922.659,73.941833,15864.628,6,4,5,4,True,True,5,0.0016722558,0.0019390768,0.0026041866,0.0003712983,6.1662332e-06,0,0,0.225,1.1310828,12.702395,18.299959,0.38416922,1.7132611,2.3813743,1.1225522,8.0205154,12.419851,0,0,0.25,2.4154637,15.39298,24.468873,0.81289668,2.2475896,2.9943895,1.9333195,9.1435366,16.940874,0,0.005,0.3,2.9742589,14.015062,21.74825,1.1066267,2.5390081,3.5657502,2.8793525,8.9950365,11.100666,True,,ground_continuity_pass,True,False,,True,True,True,True,True,True,True,True,False,False
449,f0449,True,True,True,Pallet_2,controlled-occlusion,,720,480,584.23512,584.23512,360,240,5.6843419e-14,1.8777577,1.8777577,label_recomputed,10,10.354,,1.7730273,44803,403,187,187,541.38433,190.08975,190.08975,573.78664,206.83721,190.08975,190.08975,280.91947,39317.635,42.028384,15142.211,6,4,5,4,True,True,5,96.770016,193.14117,5.3786481e+08,3.1945285e-06,96.770044,0,0.525,0.72,11.86306,2.8179873e+15,2.0443313e+33,3.7053905,177.53698,178.13709,91.943436,99.023847,118.35235,0,0.505,0.865,13.839528,1.345217e+14,3.7076623e+20,8.1422342,177.92886,178.73358,56.525615,129.73162,170.33706,0,0.49,0.935,24.265959,1.4508752e+11,9.5356662e+18,12.736843,177.11236,178.44081,17.975372,126.28022,168.6976,True,,ground_continuity_pass,True,False,,True,True,True,True,True,True,True,True,False,True
450,f0450,True,True,True,Pallet_0,context-rich,,640,480,552.06335,552.06335,320,240,2.8421709e-14,5.9967863,5.9967863,label_recomputed,10,1.323,,5.1065933,2191,120,21,21,166.73831,21.81429,21.81429,168.15923,81.416399,14.947151,14.947151,82.777094,1216.9432,15.089137,617.24501,4,3,4,3,True,True,4,2.318979e-05,7.5024511e-05,0.00040043056,3.7662935e-05,2.420835e-05,0,0.135,0.985,45.196651,106.12277,131.02387,4.3278564,9.7513774,11.507913,2.1173813,4.2204919,4.8130009,0,0.375,0.985,77.912224,193.9238,243.8483,9.063672,21.321347,25.298983,4.3373489,8.3224653,9.8734678,0,0.62,1,118.01584,353.6316,686.75005,15.148138,39.877799,48.788057,7.338775,12.628978,14.185637,True,,ground_continuity_pass,False,False,,False,True,True,True,True,False,False,False,True,True
451,f0451,True,True,True,Pallet_3,context-rich,,960,540,605.9065,605.9065,480,270,1.1368684e-13,1.1607656,1.1607656,label_recomputed,10,32.123,,1.1607656,254808,960,362,362,1004.9354,363.79313,363.79313,1068.7566,452.95154,348.99224,348.99224,571.80476,158076.57,59.355284,58529.818,6,3,4,3,True,True,4,5.5430876e-05,0.00015912946,2.0184287e-05,2.3936135e-05,5.5430874e-05,0,0,0.07,1.987306,4.4840924,5.5455839,1.5299319,2.7998249,3.3514405,2.1084652,4.3107205,5.4937299,0,0,0.485,4.5660565,9.8512386,11.327054,3.5538613,6.0383813,7.2484884,4.8094668,9.5614915,11.317786,0,0,0.74,6.4867173,14.121774,16.648917,5.0654509,8.7094945,9.799495,6.7449903,13.617927,16.407852,True,,ground_continuity_pass,False,False,,False,True,True,True,True,True,True,True,False,False
452,f0452,True,True,True,Pallet_0,context-rich,,560,560,642.56421,642.56421,280,280,5.6843419e-14,5.0002059,5.0002059,label_recomputed,10,15.021,,4.6962057,9879,187,79,79,190.56936,80.6452,80.6452,206.93073,190.56936,80.6452,80.6452,206.93073,15368.504,17.333788,10174.593,8,8,9,8,True,True,9,1.3942153e-05,5.8362711e-05,6.5287888e-06,2.9575587e-06,1.3859376e-05,0,0,0.065,1.5779369,4.2507948,5.3651515,0.42289222,0.70531532,0.7585379,1.052917,1.3202338,1.3710804,0,0,0.315,3.5081809,8.4611598,10.107658,0.85054475,1.4899146,1.663039,2.0250076,2.6342545,2.8127988,0,0,0.56,5.4037513,14.788175,18.790157,1.3142861,2.1491274,2.4079238,3.1017374,3.9708262,4.3659333,True,,ground_continuity_pass,True,False,,True,True,True,True,True,True,True,True,False,False
453,f0453,True,True,True,Pallet_1,context-rich,,960,540,664.42564,664.42564,480,270,1.1368684e-13,117.15185,117.15185,label_recomputed,10,20.839,,113.94422,0,0,0,0,8.6091823,4.0435255,4.0435255,9.511473,8.6091823,4.0435255,4.0435255,9.511473,34.811448,0.76052946,21.265814,8,8,9,8,True,True,9,5.1355234e-06,1.0477323e-05,0.00089478287,0.00011361286,5.1353057e-06,0,0.955,1,1370.9923,8080.9943,10244.257,17.617999,115.21717,122.40844,1.2493868,1.7380221,1.8636858,0,0.98,1,2337.6623,10289.846,20254.073,41.627278,127.07518,135.28479,2.2180778,2.7854804,2.9531171,0,0.985,1,3099.8511,24280.264,49988.496,80.396504,135.86538,147.6446,3.2758327,4.2666805,4.5534733,False,mask_invariants_pass|camera_distance_over_limit|empty_target_mask,ground_continuity_pass,False,False,,True,True,False,True,True,False,False,False,True,True
454,f0454,True,True,True,Pallet_3,context-rich,,640,480,605.9065,605.9065,320,240,1.1368684e-13,1.19402,1.19402,label_recomputed,10,3.894,,1.1274245,50114,382,185,185,1077.0069,195.53554,195.53554,1094.6131,356.78128,183.53452,183.53452,401.22039,65481.68,51.922867,41859.692,6,6,7,6,True,True,7,4.3881645e-06,1.0168457e-05,2.2298984e-06,0,9.8260474e-06,0,0,0,0.4456067,1.1137152,1.3888814,0.21363842,0.37044899,0.41961365,1.1279674,1.705859,1.8645846,0,0,0,0.89440983,1.886858,2.3978833,0.36421213,0.69219633,0.76678946,2.3100568,3.2430113,3.5883237,0,0,0.005,1.101155,2.7723653,3.4935789,0.59994273,1.0326462,1.1991139,3.262395,4.3898926,4.9377875,True,,ground_continuity_pass,False,False,,True,True,True,True,False,True,True,True,False,False
455,f0455,True,True,True,Pallet_2,context-rich,,640,480,454.9164,454.9164,320,240,5.6843419e-14,8.1185831,8.1185831,label_recomputed,10,14.857,,7.6253121,1945,94,36,36,94.124757,36.324946,36.324946,100.89089,94.124757,36.324946,36.324946,100.89089,3419.0767,9.869538,2184.496,8,8,9,8,True,True,9,3.5064685e-06,4.7784738e-06,4.3499195e-06,5.2630142e-06,3.838143e-06,0,0,0.5,5.0173062,13.643392,15.592789,1.0342179,1.6409395,1.8125867,1.0075719,1.3291273,1.4761614,0,0,0.82,11.523912,28.083107,30.950067,2.0252747,3.2506412,3.8419286,2.081079,2.7482577,2.8995206,0,0,0.87,17.808608,42.435839,50.732081,3.0970927,5.9968565,6.8123531,3.0931922,4.4679732,5.3513387,True,,ground_continuity_pass,True,False,,True,True,True,True,True,True,True,True,False,True
457,f0457,True,True,True,Pallet_0,controlled-occlusion,,960,540,479.23093,479.23093,480,270,1.1368684e-13,3.9735609,3.9735609,label_recomputed,10,3.941,,3.5303547,6315,202,38,38,207.50112,40.727472,40.727472,211.46026,102.38151,21.708687,21.708687,104.65773,2222.5681,4.1618668,1382.5865,7,4,5,4,True,True,5,9.3502914,11.764494,102.79246,0.81314113,40.460794,0,0.43,0.79,37.254238,1184.5542,1358.6913,1.1578831,44.782585,51.835984,4.4914785,36.465866,37.156191,0,0.52,0.835,94.223125,859.68694,1216.4368,2.4961257,51.064623,53.235071,13.446359,36.899283,37.764196,0,0.555,0.895,123.8114,507.73639,1121.1247,3.1689174,50.558686,54.143299,14.377075,36.939543,38.152078,True,,ground_continuity_pass,False,False,,True,True,True,True,False,True,False,False,False,True
458,f0458,True,True,True,Pallet_2,context-rich,,640,480,605.9065,605.9065,320,240,0,1.1436794,1.1436794,label_recomputed,10,27.758,,1.1094317,116441,640,232,232,927.70353,791.25576,791.25576,1219.3111,371.746,147.20862,147.20862,399.8318,54724.217,58.384356,38135.721,4,4,5,4,True,True,5,7.7206779e-06,1.1362781e-05,2.5268667e-05,1.6903856e-05,7.4593913e-06,0,0,0.01,0.46000304,0.84279317,1.0373455,0.3055963,0.55365276,0.62340745,0.76469753,1.2555089,1.3483736,0,0,0.025,0.89647573,1.9889893,2.4141044,0.67410013,1.2788019,1.4686577,1.6704778,2.7087777,3.0622375,0,0,0.01,1.4096815,2.6107232,3.0444013,0.98824131,1.7263636,1.953033,2.411051,3.8101715,4.3150449,True,,ground_continuity_pass,True,False,,True,True,True,True,True,True,True,True,False,False
459,f0459,True,True,True,Pallet_1,context-rich,,640,480,692.17183,692.17183,320,240,1.1368684e-13,2.2721057,2.2721057,label_recomputed,10,46.697,,2.2306237,84304,429,362,362,472.3487,377.12823,377.12823,604.43279,253.7734,352.48381,253.7734,434.33372,89451.016,28.039626,3766.3445,5,3,3,3,True,False,,,,,,,,,,,,,,,,,,,,,,,,,,,,,,,,,,,,,,,,,,,True,,ground_continuity_pass,False,False,,False,True,True,True,True,False,False,False,False,True
460,f0460,True,True,True,Pallet_1,context-rich,,560,560,576.12295,576.12295,280,280,1.1368684e-13,1.7437668,1.7437668,label_recomputed,10,33.128,,1.7114092,90164,431,320,320,538.37131,342.42361,342.42361,638.042,188.27958,293.22648,188.27958,348.46947,55208.56,30.946479,2333.7903,5,3,4,3,True,True,4,1.889578e-05,3.4887971e-05,5.3251207e-05,4.1791326e-05,1.8895781e-05,0,0,0.63,6.4036405,14.301179,16.273082,2.64335,5.421232,5.8434459,0.81351711,1.7005009,2.1543431,0,0,0.895,13.516304,28.060814,33.825225,5.8421555,10.074654,11.274315,1.7481557,3.3075638,4.7886966,0,0,0.935,16.722638,43.007161,52.878072,7.7480964,16.340782,19.820368,2.292232,5.1575836,5.8519108,True,,ground_continuity_pass,False,False,,False,True,True,True,True,True,True,True,False,True
462,f0462,True,True,True,Pallet_2,context-rich,,640,480,605.9065,605.9065,320,240,5.6843419e-14,1.9984427,1.9984427,label_recomputed,10,8.893,,1.886981,32001,357,143,143,498.39018,163.46969,163.46969,524.51417,248.70818,58.431098,58.431098,255.47984,14532.292,58.433536,7258.4048,4,3,4,3,True,True,4,5.5582328e-05,0.00018385978,3.716066e-05,3.5838159e-05,5.5582328e-05,0,0,0.17,3.1101717,5.5526963,6.936873,1.4548289,3.3006821,3.889634,1.5262612,3.0241025,3.6245133,0,0,0.635,6.3007719,12.804453,14.34355,3.3451106,6.681065,7.916805,3.3181158,6.1295499,7.244958,0,0,0.82,8.9502246,18.985796,23.50518,4.8183033,9.0243213,10.139059,4.4762394,8.6988858,9.6133825,True,,ground_continuity_pass,False,False,,False,True,True,True,True,True,True,True,False,True
463,f0463,True,True,True,Pallet_0,context-rich,,960,540,575.1809,575.1809,480,270,1.1368684e-13,11.898509,11.898509,label_recomputed,10,57.878,,10.805034,1737,54,36,36,56.123271,66.169933,56.123271,86.76567,50.603049,31.623561,31.623561,59.671754,1600.2486,4.6388663,886.02918,4,4,5,4,True,True,5,1.5534617e-05,2.4437859e-05,0.00071631408,7.8435735e-05,1.5100319e-05,0,0.08,0.965,32.38847,69.935661,83.172005,11.915559,41.5566,50.04062,1.850379,3.1823332,3.3902104,0,0.29,0.995,56.828535,126.95769,159.19938,16.541326,48.205504,58.269331,2.5941966,4.0820949,4.4438837,0,0.405,1,70.273381,176.86994,222.84065,22.878685,55.132182,61.626022,3.4343998,5.4089561,6.129816,False,camera_distance_over_limit,ground_continuity_pass,True,False,,True,True,True,True,True,True,True,False,False,True
464,f0464,True,True,True,Pallet_1,context-rich,,640,480,697.02098,697.02098,320,240,5.6843419e-14,4.664693,4.664693,label_recomputed,10,12.532,,4.429103,9485,217,68,68,217.48875,68.346406,68.346406,227.97498,217.48875,68.346406,68.346406,227.97498,14864.575,19.009586,11547.523,8,8,9,8,True,True,9,7.7337996e-06,3.5128856e-05,2.658975e-06,1.7075473e-06,7.6149876e-06,0,0,0.005,1.3355893,2.7769679,3.4128266,0.39143205,0.67818729,0.76249478,1.0346192,1.3098539,1.4331462,0,0,0.22,2.7088149,6.3031682,7.0012857,0.74143984,1.3223961,1.4555563,2.0656909,2.6922077,2.8399514,0,0,0.42,4.0166116,10.508076,11.770417,1.2605213,2.0411537,2.2244959,3.172955,4.0058654,4.4211193,True,,ground_continuity_pass,True,False,,True,True,True,True,True,True,True,True,False,False
466,f0466,True,True,True,Pallet_0,context-rich,,960,540,391.23099,391.23099,480,270,1.1368684e-13,0.6156803,0.6156803,label_recomputed,10,57.074,,0.6156803,352231,905,537,537,1373.2935,1745.2867,1373.2935,2220.8019,440.46713,209.51282,209.51282,487.75702,92283.508,79.594938,51289.183,3,3,4,3,True,True,4,0.00090932451,0.003587618,0.00069981662,0.00062126569,0.0010033175,0,0.465,0.895,13.476707,81.283721,81.533127,12.965222,88.305903,88.703939,15.592816,194.57984,195.26399,0,0.445,0.955,18.873558,81.33157,81.645102,19.054527,88.494151,89.094969,21.301639,196.11733,198.28756,0,0.42,0.985,21.474833,81.015314,81.639596,21.826986,87.697823,89.035969,27.296638,195.99197,198.3353,True,,ground_continuity_pass,False,False,,False,True,True,True,True,True,True,True,False,True
467,f0467,True,True,True,Pallet_3,context-rich,,720,480,605.9065,605.9065,360,240,5.6843419e-14,61.98332,61.98332,label_recomputed,10,35.687,,61.98332,71,14,8,8,14.892288,9.0177142,9.0177142,17.40975,14.892288,9.0177142,9.0177142,17.40975,134.29439,1.2039574,77.894369,8,8,8,8,True,True,8,6.0969563e-06,8.6631642e-06,0.003706337,0.00010272994,8.258331e-06,0,0.825,1,300.68798,781.55925,1251.6793,8.7099949,18.022765,104.94167,0.99622197,1.3948061,1.4782119,0,0.945,1,648.53267,1619.9434,2229.788,22.108149,111.61497,120.85416,1.9923311,2.648943,2.9755519,0,0.985,1,869.39091,2656.8516,3447.0029,36.519045,117.73582,123.81978,3.0807925,3.9539758,4.2129463,False,camera_distance_over_limit,ground_continuity_pass,True,False,,True,True,True,True,True,False,False,False,True,True
468,f0468,True,True,True,Pallet_3,controlled-occlusion,,960,540,471.48744,471.48744,480,270,1.1368684e-13,5.0520951,5.0520951,label_recomputed,10,15.156,,4.8979224,3380,94,50,50,94.884909,50.157594,50.157594,107.32628,73.519012,50.157594,50.157594,88.999042,3687.5368,13.255004,2248.1139,8,6,7,6,True,True,7,4.1574636e-06,7.725243e-06,1.351353e-05,3.6222548e-06,4.4934113e-06,0,0,0.585,6.0457263,13.113376,15.375378,0.87610067,1.4621952,1.8836529,0.93600154,1.2988858,1.3977909,0,0,0.805,10.390734,27.131487,31.791308,1.7836709,3.013725,3.3169444,1.8435492,2.571155,2.7429173,0,0.01,0.905,22.76667,55.778527,68.145638,2.9699254,5.4956072,22.390804,2.8287529,4.2296948,20.508428,True,,ground_continuity_pass,True,False,,True,True,True,True,True,True,True,True,False,True
469,f0469,True,True,True,Pallet_1,context-rich,,640,480,506.6098,506.6098,320,240,5.6843419e-14,2.1727702,2.1727702,label_recomputed,10,4.181,,2.0515856,12790,275,62,62,376.30469,62.050836,62.050836,381.38632,190.54176,60.817237,60.817237,200.01225,11588.223,25.937103,5789.1892,6,5,6,5,True,True,6,7.9317904e-06,1.1724832e-05,2.0870791e-05,1.7075473e-06,1.1018541e-05,0,0,0,1.0924458,2.746731,3.133583,0.34911801,0.60643229,0.68195844,0.88102362,1.2468889,1.3533104,0,0,0.11,2.3044594,5.1158083,6.5072079,0.71727358,1.1989974,1.284632,1.8190313,2.553093,2.8215753,0,0,0.345,3.7840422,8.5098107,9.8970014,1.0798181,1.9366742,2.3446967,2.7158868,3.860842,4.1026507,True,,ground_continuity_pass,True,False,,True,True,True,True,True,True,True,True,False,False
471,f0471,True,True,True,Pallet_2,context-rich,,640,480,605.9065,605.9065,320,240,5.6843419e-14,8.1634949,8.1634949,label_recomputed,10,75.593,,7.9578114,6096,103,86,86,103.33958,86.89831,86.89831,135.01994,103.33958,86.89831,86.89831,135.01994,8980.0346,2.2506699,7211.332,8,8,9,8,True,True,9,8.2084687e-06,1.6349256e-05,7.5183649e-05,3.1299859e-05,8.2128378e-06,0,0,0.535,5.0249474,12.029439,14.375218,3.0673148,5.2384296,5.708833,1.0637022,1.3528036,1.4317503,0,0,0.85,10.147921,25.685677,33.209175,5.7685031,10.606879,12.048671,2.1562919,2.7601122,3.1171874,0,0.005,0.975,14.560274,35.609878,41.840076,8.7819702,28.476457,34.055842,3.162782,6.2854486,7.4912886,True,,ground_continuity_pass,True,False,,True,True,True,True,True,True,True,True,False,True
472,f0472,True,True,True,Pallet_0,context-rich,,960,540,657.26821,657.26821,480,270,5.6843419e-14,9.572077,9.572077,label_recomputed,10,9.676,,9.0759045,2256,110,30,30,112.31976,30.415337,30.415337,116.36504,112.31976,30.415337,30.415337,116.36504,3416.2434,10.101207,2307.7622,8,8,9,8,True,True,9,2.3083973e-06,3.7320933e-06,3.5181242e-05,1.7075473e-06,2.5336823e-06,0,0,0.52,5.3393006,12.342319,14.570126,0.87395581,1.3337215,1.5052083,1.0470956,1.2807092,1.3548058,0,0,0.725,10.187057,29.369085,32.95812,1.5307423,2.5952764,2.9783518,2.0594604,2.7194162,2.8623984,0,0,0.875,16.454215,42.463539,48.790049,2.7707831,4.4642468,5.5129786,2.93577,3.9534442,4.1941091,True,,ground_continuity_pass,True,False,,True,True,True,True,True,True,True,False,False,True
473,f0473,True,True,True,Pallet_1,context-rich,,640,480,571.28849,571.28849,320,240,1.1368684e-13,2.9917121,2.9917121,label_recomputed,10,1.968,,2.8248518,7046,266,39,39,304.99224,40.113183,40.113183,307.61882,146.4966,31.792374,31.792374,149.90667,4657.4748,22.133467,2661.5512,4,4,5,4,True,True,5,7.1765122e-06,1.6324965e-05,3.2720511e-05,6.6133022e-06,6.9108297e-06,0,0.005,0.11,1.8214008,5.0913934,6.1533862,0.6861043,1.0655454,1.1591582,0.79390663,1.160445,1.3144889,0,0,0.365,3.8215547,8.8366968,10.966308,1.2258136,2.2536871,2.6206123,1.5599426,2.4837551,2.9147266,0,0.005,0.72,7.8298375,20.450544,45.54562,1.976747,3.6161764,5.3281254,2.44976,5.3038022,16.19159,True,,ground_continuity_pass,True,False,,True,True,True,True,True,True,True,False,False,False
474,f0474,True,True,True,Pallet_3,context-rich,,560,560,605.9065,605.9065,280,280,2.1316282e-14,1.1928409,1.1928409,label_recomputed,10,39.572,,1.1830219,189948,560,435,435,886.07973,453.83737,453.83737,995.54289,214.21921,165.85092,165.85092,270.91769,35528.452,57.836152,4763.6056,2,2,3,2,True,False,,,,,,,,,,,,,,,,,,,,,,,,,,,,,,,,,,,,,,,,,,,True,,ground_continuity_pass,False,False,,False,True,True,True,True,False,False,False,False,True
475,f0475,True,True,True,Pallet_2,context-rich,,640,480,499.03144,499.03144,320,240,5.6843419e-14,1.3428972,1.3428972,label_recomputed,10,19.923,,1.3423055,100143,563,307,307,597.70471,315.90808,315.90808,676.05387,322.14536,202.51497,202.51497,380.51274,65239.257,44.579578,31539.325,5,5,6,5,True,True,6,4.0252713e-06,1.5239261e-05,1.5317057e-06,1.2074183e-06,4.0252712e-06,0,0,0,0.61127474,1.3572689,1.7383238,0.30354357,0.50445219,0.53929117,1.0221124,1.4224437,1.5437301,0,0,0.005,1.2441734,3.0430924,3.7723166,0.61650582,1.0038589,1.1070788,1.9848678,2.8125054,3.1211733,0,0,0.06,1.8591908,4.3507614,5.1574467,0.88174492,1.5426051,1.8160531,2.9766562,4.4396519,4.7732442,True,,ground_continuity_pass,True,False,,True,True,True,True,True,True,True,True,False,False
477,f0477,True,True,True,Pallet_1,context-rich,,720,480,605.9065,605.9065,360,240,5.6843419e-14,5.6229082,5.6229082,label_recomputed,10,4.966,,4.9424524,2763,118,29,29,198.22631,32.347986,32.347986,200.84835,86.419734,27.289313,27.289313,90.626029,2358.3351,14.776621,1184.522,4,4,5,4,True,True,5,4.3640937e-06,8.5754656e-06,0.00020197171,5.6632937e-06,6.0584195e-06,0,0.155,0.6,6.5946841,649.33477,1147.3619,0.96601106,20.339323,46.690521,0.84933435,20.125682,22.95131,0,0.305,0.87,21.381039,1180.3759,1554.4999,2.369247,45.660705,49.863937,1.8220481,22.266735,23.33057,0,0.385,0.915,33.386789,1166.6337,1455.0248,3.6674141,48.382659,51.904877,3.0476197,22.945847,25.491559,True,,ground_continuity_pass,True,False,,True,True,True,True,True,True,True,False,False,True
478,f0478,True,True,True,Pallet_0,context-rich,,960,540,317.88684,317.88684,480,270,1.1368684e-13,364.24534,364.24534,label_recomputed,10,1.223,,344.03124,0,0,0,0,1.3914157,0.17267783,0.17267783,1.4020896,1.3914157,0.17267783,0.17267783,1.4020896,0.24026663,0.14037447,0.216915,8,8,9,8,True,True,9,1.2847308e-05,1.8547429e-05,0.24036026,0.0014199013,1.2848194e-05,0,1,1,14743.342,171467.85,376333.98,91.94297,163.8157,175.65404,1.1011901,1.3474079,1.4048866,0,1,1,21309.844,41156.108,84658.259,119.54765,170.7115,174.04208,2.0888046,2.6261019,2.7274592,0,1,1,25702.863,30772.623,31456.631,131.56266,170.11995,174.96357,3.1110876,4.0460166,4.402068,False,mask_invariants_pass|camera_distance_over_limit|empty_target_mask,ground_continuity_pass,False,False,,True,True,False,True,True,False,False,False,True,True
479,f0479,True,True,True,Pallet_2,controlled-occlusion,,640,480,448.25122,448.25122,320,240,0,2.0232394,2.0232394,label_recomputed,10,6.342,,1.8158997,17482,381,54,54,388.39372,116.65265,116.65265,405.53362,208.88032,35.554351,35.554351,211.88464,7426.6042,20.073456,4086.1141,5,4,5,4,True,True,5,7.4740536e-06,1.9220284e-05,9.3608199e-06,3.4150946e-06,71.751607,0,0,0,1.0990048,2.2645185,2.6645904,0.33988247,0.59161507,0.65872537,0.79224734,1.2844384,1.3944513,0,0,0.085,1.9957146,4.8649711,5.5916937,0.67496626,1.1520945,1.2886305,1.5531871,2.5101713,2.7496764,0,0,0.315,3.3369572,7.3549181,8.4089283,1.0804059,1.7679562,1.9952353,2.3936064,3.6708771,4.1156804,True,,ground_continuity_pass,True,False,,True,True,True,True,True,True,True,True,False,False
480,f0480,True,True,True,Pallet_0,context-rich,,960,540,594.86519,594.86519,480,270,2.2737368e-13,1.0508542,1.0508542,label_recomputed,10,12.919,,1.0391518,229641,908,355,355,1142.4695,365.54993,365.54993,1199.5263,657.16444,365.54993,365.54993,751.99193,240226.42,54.293521,95137.612,6,5,6,5,True,True,6,2.0341843e-05,3.8016302e-05,4.695076e-06,3.4150946e-06,2.8098848e-05,0,0,0,0.37738414,0.77594243,0.87204325,0.28808311,0.48430742,0.52403973,1.8692086,3.5716708,4.0665246,0,0.005,0.005,0.70158177,1.4810751,1.8079313,0.52554498,0.95528903,1.0877413,3.2479296,6.5117593,8.0613832,0.01,0.015,0.02,1.130519,2.3877095,2.8980336,0.83739714,1.4524924,1.6353206,4.9117686,9.5926641,10.143956,True,,ground_continuity_pass,True,False,,True,True,True,True,True,True,True,True,False,False
481,f0481,True,True,True,Pallet_1,context-rich,,640,480,308.94269,308.94269,320,240,1.1368684e-13,49.472678,49.472678,label_recomputed,10,34.214,,46.353516,34,7,6,6,7.2153479,6.2630876,6.2630876,9.5544498,7.2153479,6.2630876,6.2630876,9.5544498,45.190356,0.75908459,37.434992,8,8,9,8,True,True,9,6.7500342e-06,1.0273564e-05,0.0052647337,0.00012767842,6.7494338e-06,0,0.875,1,535.809,2046.7181,2614.6857,21.62036,75.912163,107.4144,1.2761143,2.1735839,2.3131331,0,0.96,1,947.98113,3064.291,3939.6977,31.275683,107.57158,127.04306,2.2201521,3.0323421,3.2333218,0,0.97,1,1306.6235,7523.2043,14312.723,45.127275,128.65385,146.10081,3.3535979,4.3138008,4.5143578,False,camera_distance_over_limit,ground_continuity_pass,True,False,,True,True,True,True,True,False,False,False,True,True
482,f0482,True,True,True,Pallet_2,context-rich,,720,480,605.9065,605.9065,360,240,5.6843419e-14,1.666116,1.666116,label_recomputed,10,1.335,,1.4428348,31733,326,123,123,792.529,141.26106,141.26106,805.01982,294.30345,116.31129,116.31129,316.45353,34230.813,36.565547,25145.443,5,5,6,5,True,True,6,3.4503875e-05,8.0982235e-05,2.3831975e-05,3.4150946e-06,3.4503875e-05,0,0,0,0.60345211,1.352802,1.5728579,0.17898806,0.33401737,0.38776021,0.91636099,1.249532,1.4018856,0,0,0,1.1526688,2.5397141,3.3646629,0.37704023,0.65991631,0.79961467,1.8669537,2.7339207,2.9079472,0,0,0.03,1.9281424,3.7869282,4.6758584,0.59687091,1.0576577,1.1636201,2.6586542,3.8754124,4.1411062,True,,ground_continuity_pass,False,False,,True,True,True,True,False,True,True,True,False,False
483,f0483,True,True,True,Pallet_3,context-rich,,640,480,605.9065,605.9065,320,240,5.6843419e-14,9.7999259,9.7999259,label_recomputed,10,7.228,,9.4623742,1361,85,18,18,84.876536,17.680691,17.680691,86.698519,84.876536,17.680691,17.680691,86.698519,1500.6758,3.0304373,1427.8397,8,8,9,8,True,True,9,5.0647861e-06,1.1204747e-05,0.00010874443,1.0245284e-05,5.156629e-06,0,0,0.67,7.5194897,15.186561,18.822,1.0976664,1.7690327,1.859286,1.0387513,1.3172594,1.4151726,0,0,0.8,13.460565,34.525014,41.475583,1.8629747,3.3772069,3.8553906,2.082948,2.5305633,2.7540774,0,0,0.91,19.894999,45.785581,55.167249,3.2513755,5.8441474,6.9933325,3.0807867,4.3562297,4.7764589,True,,ground_continuity_pass,True,False,,True,True,True,True,True,True,False,False,False,True
484,f0484,True,True,True,Pallet_0,context-rich,,560,560,337.03004,337.03004,280,280,5.6843419e-14,1.8295775,1.8295775,label_recomputed,10,66.005,,1.8082825,38073,291,273,273,298.63937,280.95739,280.95739,410.02747,298.63937,280.95739,280.95739,410.02747,83904.936,3.9957334,43109.958,8,8,9,8,True,True,9,1.332626e-05,4.8822683e-05,5.5821896e-06,8.9544535e-06,1.3976268e-05,0,0,0,0.75688812,1.4744469,1.6821835,0.99704044,1.6429845,2.1030717,1.2680875,1.6802665,1.773753,0,0,0.04,1.652906,3.1184848,3.683893,2.1052968,3.6066333,4.2221649,2.4886469,3.5264091,4.0521011,0,0,0.14,2.1379343,4.398186,5.033431,2.7187749,5.2972883,6.148057,3.6891684,5.3071852,5.9287317,True,,ground_continuity_pass,True,False,,True,True,True,True,True,True,True,True,False,False
485,f0485,True,True,True,Pallet_3,context-rich,,640,480,377.70464,377.70464,320,240,5.6843419e-14,6.7163135,6.7163135,label_recomputed,10,14.731,,6.3417164,1720,96,27,27,96.735439,26.586238,26.586238,100.32235,96.735439,22.839219,22.839219,99.395045,2209.3619,8.4224056,1491.5857,8,7,8,7,True,True,8,5.151127e-06,8.10615e-06,9.9290579e-05,9.4302381e-06,5.1604431e-06,0,0,0.565,6.144435,13.983877,16.584692,1.2586002,2.1520688,2.3227035,0.98643289,1.3252108,1.4102377,0,0,0.73,11.232304,26.262758,30.381039,2.323882,4.0728666,4.7868038,2.0304567,2.7227217,2.8792239,0,0.005,0.86,17.441665,48.491695,58.024796,3.9162683,7.1184247,8.1575015,2.9330213,4.2050284,4.667716,True,,ground_continuity_pass,True,False,,True,True,True,True,True,True,False,False,False,True
486,f0486,True,True,True,Pallet_2,context-rich,,960,540,356.60181,356.60181,480,270,1.1368684e-13,2.1706278,2.1706278,label_recomputed,10,47.632,,1.9079495,38001,288,282,282,289.55461,284.47017,284.47017,405.91274,289.55461,270.6285,270.6285,396.33529,78361.73,20.472612,42323.327,7,7,8,7,True,True,8,1.4323696e-05,3.6359068e-05,8.0644251e-06,6.9360899e-06,1.4323696e-05,0,0,0,0.69989183,1.4039857,1.668124,0.5709856,0.98144526,1.0633991,1.1635877,1.6080428,1.6823081,0,0,0.01,1.5170366,3.172788,3.9414911,1.2361209,2.0465736,2.4564483,2.4113386,3.2762215,3.6121703,0,0,0.095,2.4068617,4.8777091,5.8456719,1.7214576,3.204563,3.513761,3.4518843,4.5918715,5.0618944,True,,ground_continuity_pass,True,False,,True,True,True,True,True,True,True,True,False,False
487,f0487,True,True,True,Pallet_1,context-rich,,640,480,605.9065,605.9065,320,240,1.1368684e-13,5.1197447,5.1197447,label_recomputed,10,17.41,,4.873189,7098,145,68,68,144.92141,68.96254,68.96254,160.49314,115.79059,61.687063,61.687063,131.19739,7142.7814,14.89787,4366.9427,8,6,6,6,True,True,6,4.5655994e-06,5.5627369e-06,6.8854714e-06,2.4148365e-06,4.5624503e-06,0,0.005,0.405,4.0868366,8.4499228,12.624965,0.70437099,1.2185107,1.4008495,0.87154814,1.2667798,1.456783,0,0.01,0.7,9.3592995,81.107349,90.706924,1.5257088,23.52261,24.461495,1.8686844,32.407871,33.417185,0,0.06,0.84,17.644453,88.666383,104.94978,2.5443102,24.771532,25.872793,3.1810756,33.904531,34.794405,True,,ground_continuity_pass,True,False,,True,True,True,True,True,True,True,True,False,True
488,f0488,True,True,True,Pallet_0,controlled-occlusion,,640,480,437.14355,437.14355,320,240,5.6843419e-14,1.4746903,1.4746903,label_recomputed,10,13.731,,1.4344057,61142,465,209,209,474.16699,217.84791,217.84791,521.81611,239.09155,217.84791,217.84791,323.45399,52085.595,22.461186,31173.957,8,6,7,6,True,True,7,1.9371384e-05,4.7164278e-05,5.0675759e-06,2.4148365e-06,2.0317159e-05,0,0,0,0.48049225,1.239739,1.4967714,0.26675072,0.46817165,0.52998451,1.0549271,1.393998,1.5345531,0,0,0,1.1116085,2.3003046,2.7951172,0.51140326,0.84977085,0.95430111,2.0782135,2.7812336,2.9948479,0,0,0.005,1.6359934,3.5298743,3.9857508,0.79298906,1.2519557,1.4089361,3.1721715,4.2782477,4.7734066,True,,ground_continuity_pass,True,False,,True,True,True,True,True,True,True,True,False,False
489,f0489,True,True,True,Pallet_2,context-rich,,960,540,633.68025,633.68025,480,270,5.6843419e-14,0.76726892,0.76726892,label_recomputed,10,35.275,,0.76314004,407564,960,540,540,2248.6471,1618.3006,1618.3006,2770.4351,528.85685,196.8248,196.8248,564.29564,104092.15,107.26795,60656.393,3,3,4,3,True,True,4,0.0060904256,0.0242979,0.0031707403,0.0029756928,0.0060904256,0,0.54,0.9,59.726528,61.840923,62.164241,61.736306,64.732268,65.009647,139.95873,143.99389,144.76636,0,0.505,0.98,56.396652,62.756331,63.388253,57.610994,65.95507,67.073908,133.72922,146.3864,147.03313,0,0.495,0.985,21.980639,63.151933,64.457224,23.070481,66.474731,68.267502,37.498924,147.78544,149.31064,True,,ground_continuity_pass,False,False,,False,True,True,True,True,True,True,True,False,True
490,f0490,True,True,True,Pallet_3,controlled-occlusion,,640,480,605.9065,605.9065,320,240,5.6843419e-14,2.9635824,2.9635824,label_recomputed,10,33.955,,2.8451276,35755,298,138,138,321.46185,138.5607,138.5607,350.05256,246.0924,110.91621,110.91621,269.93309,27295.636,25.560555,15771.343,6,5,5,5,True,True,5,9.8527848e-06,1.6815416e-05,3.1316355e-05,1.1066171e-05,9.7864134e-06,0,0,0.01,1.2559475,2.9887519,3.4053127,0.6323331,1.0859889,1.2577064,0.77017298,1.0984607,1.1903584,0,0,0.255,2.7625821,8.1202455,35.015928,1.2434828,2.8358415,6.2731252,1.5508817,2.6819787,18.975355,0,0,0.47,4.696153,17.544701,39.235215,1.8573341,5.4121294,7.2769033,2.3750999,12.026643,18.649641,True,,ground_continuity_pass,False,False,,True,True,False,True,True,True,True,True,False,False
491,f0491,True,True,True,Pallet_1,context-rich,,720,480,342.02325,342.02325,360,240,5.6843419e-14,4.4368786,4.4368786,label_recomputed,10,62.955,,4.4368786,5378,114,98,98,115.56955,98.966567,98.966567,152.15355,115.56955,98.966567,98.966567,152.15355,11437.522,3.7600672,6818.2625,8,8,9,8,True,True,9,7.3632909e-06,1.7820679e-05,3.7446726e-05,1.6018213e-05,5.8700855e-06,0,0,0.22,2.7986568,6.3756868,7.9387207,1.9890206,3.3373597,3.6094147,1.0538474,1.3809214,1.4412138,0,0,0.61,5.0484407,12.987411,15.45137,3.7784965,7.1900278,8.983782,2.1264079,2.7786202,2.9755935,0,0.015,0.865,9.4873985,21.296587,26.305858,5.7147264,10.529966,13.58319,3.1028619,4.26618,4.5287613,True,,ground_continuity_pass,True,False,,True,True,True,True,True,True,True,True,False,True
493,f0493,True,True,True,Pallet_1,context-rich,,960,540,518.26552,518.26552,480,270,5.6843419e-14,6.4868914,6.4868914,label_recomputed,10,10.896,,6.1250901,2853,133,37,37,134.93594,37.200994,37.200994,139.97007,134.93594,27.399042,27.399042,137.68956,3697.1155,9.9847002,2528.1345,8,6,7,6,True,True,7,9.0517268e-06,1.3923325e-05,8.1079211e-05,1.3171378e-05,6.4159628e-06,0,0,0.385,4.0228137,9.5276483,11.515336,0.86711209,1.3786281,1.6101925,0.94573248,1.2964378,1.3565443,0,0,0.715,8.3892301,17.941266,23.243122,1.8106144,3.1436979,3.5678377,1.9483002,2.7256067,3.030445,0,0,0.79,11.347473,29.58894,32.726649,2.7854337,4.6662155,5.4575903,2.8505562,4.0594896,4.4054681,True,,ground_continuity_pass,True,False,,True,True,True,True,True,True,True,False,False,True
494,f0494,True,True,True,Pallet_2,context-rich,,560,560,605.9065,605.9065,280,280,1.1368684e-13,1.861774,1.861774,label_recomputed,10,19.435,,1.7389684,71580,519,207,207,538.32998,254.53611,254.53611,595.47275,502.0067,201.44345,201.44345,540.91607,101125.96,82.585181,58522.266,5,5,6,5,True,True,6,4.97038e-06,7.2635543e-06,2.4761017e-06,1.2074183e-06,4.9703802e-06,0,0,0,0.36112178,0.71791395,0.91208313,0.22557472,0.39108494,0.4215976,0.95640452,1.3472343,1.4203564,0,0,0,0.67457126,1.3759463,1.6228852,0.49676947,0.78570342,0.90047582,1.8235104,2.7726593,3.0320624,0,0,0.03,1.1440999,2.4148482,3.0472037,0.72784257,1.2658626,1.4012265,2.8907488,4.2691255,4.5673927,True,,ground_continuity_pass,True,False,,True,True,True,True,True,True,True,True,False,False
495,f0495,True,True,True,Pallet_0,controlled-occlusion,,640,480,462.37287,462.37287,320,240,5.6843419e-14,5.9535467,5.9535467,label_recomputed,10,12.542,,5.5953206,2947,94,39,39,94.850176,39.977718,39.977718,102.93092,94.838327,25.893756,25.893756,98.309689,2455.7205,10.918641,1794.8791,8,6,6,6,True,True,6,1.1560261e-05,2.0395772e-05,0.00011623405,1.0799477e-05,1.0492432e-05,0,0,0.475,4.8609132,12.417996,14.091293,0.78768285,1.2270338,1.4058616,0.91210189,1.3142469,1.4394275,0,0,0.705,9.0831139,20.54003,27.233035,1.6275473,2.5177227,2.982617,1.797641,2.4979626,2.6863011,0,0,0.805,13.814836,33.772424,41.401283,2.3502286,3.9788436,4.1900451,2.7158746,3.8193896,4.217038,True,,ground_continuity_pass,True,False,,True,True,True,True,True,True,True,False,False,True
496,f0496,True,True,True,Pallet_1,context-rich,,720,480,382.90932,382.90932,360,240,1.1368684e-13,1.668718,1.668718,label_recomputed,10,33.944,,1.4427098,61099,337,257,257,493.27375,274.26482,274.26482,564.39364,225.98317,241.10091,225.98317,330.45127,54484.747,24.601084,27608.268,5,5,6,5,True,True,6,9.3842653e-06,1.697175e-05,3.3618991e-06,2.6998693e-06,9.3842648e-06,0,0,0,0.75402834,1.6660885,1.8572534,0.45639387,0.73262104,0.83839783,1.0067265,1.4235792,1.5167041,0,0,0.01,1.3956125,2.9796392,3.6291971,0.87980043,1.6711604,1.8622598,1.9591787,2.7280021,2.9927551,0,0.005,0.105,2.2576497,5.0628805,5.7358908,1.3196771,2.5238311,2.9837523,3.0022371,4.2790205,4.824935,True,,ground_continuity_pass,True,False,,True,True,True,True,True,True,True,True,False,False
497,f0497,True,True,True,Pallet_0,context-rich,,960,540,480.24295,480.24295,480,270,5.6843419e-14,0.76976395,0.76976395,label_recomputed,10,18.298,,0.72241334,200605,960,255,255,4164.3156,1221.3261,1221.3261,4339.719,232.29369,100.52535,100.52535,253.11204,23351.406,52.92844,6093.8954,4,2,3,2,True,False,,,,,,,,,,,,,,,,,,,,,,,,,,,,,,,,,,,,,,,,,,,True,,ground_continuity_pass,False,False,,False,True,True,True,True,False,False,False,False,True
499,f0499,True,True,True,Pallet_2,context-rich,,640,480,441.08905,441.08905,320,240,1.1368684e-13,10.569962,10.569962,label_recomputed,10,8.555,,10.01666,679,56,17,17,56.375079,16.688087,16.688087,58.793213,56.375079,16.688087,16.688087,58.793213,940.79225,7.7378731,822.6521,8,8,9,8,True,True,9,7.1329157e-06,1.9033833e-05,2.5652306e-05,1.3060225e-05,7.1488906e-06,0,0,0.79,11.018365,28.818794,33.518011,1.2500212,2.0394411,2.2609383,1.0089402,1.3073286,1.3581905,0,0.015,0.93,21.17467,55.111858,69.908326,2.6811563,4.3203467,5.6677637,2.0658395,2.7633532,3.048308,0,0.06,0.95,37.991963,93.833557,109.20954,3.9042396,7.4799829,14.744929,3.0415432,4.2929192,5.2833756,False,camera_distance_over_limit,ground_continuity_pass,True,False,,True,True,True,True,True,True,False,False,False,True
