datablock_type,datablock_name,filepath_raw,abspath,is_relative,is_packed,exists,inside_blender_scene_directory,inside_data_pallet,intended_move_source,expected_destination,migration_safe_without_blend_rewrite,verdict,reason,extra
Image,adjustable_wrench_diff,E:\CODING\GitHub\FoundationPose\data\pallet\distractors\small\ph__adjustable_wrench\textures\adjustable_wrench_diff_1k.jpg,E:\CODING\GitHub\FoundationPose\data\pallet\distractors\small\ph__adjustable_wrench\textures\adjustable_wrench_diff_1k.jpg,False,False,True,False,True,distractors,assets/distractors/library,False,BLOCKED_ABSOLUTE,stored as an absolute path -> breaks when the asset moves,source=FILE users=1
Image,adjustable_wrench_metal-adjustable_wrench_rough,E:\CODING\GitHub\FoundationPose\data\pallet\distractors\small\ph__adjustable_wrench\textures\adjustable_wrench_arm_1k.jpg,E:\CODING\GitHub\FoundationPose\data\pallet\distractors\small\ph__adjustable_wrench\textures\adjustable_wrench_arm_1k.jpg,False,False,True,False,True,distractors,assets/distractors/library,False,BLOCKED_ABSOLUTE,stored as an absolute path -> breaks when the asset moves,source=FILE users=1
Image,adjustable_wrench_nor_gl,E:\CODING\GitHub\FoundationPose\data\pallet\distractors\small\ph__adjustable_wrench\textures\adjustable_wrench_nor_gl_1k.jpg,E:\CODING\GitHub\FoundationPose\data\pallet\distractors\small\ph__adjustable_wrench\textures\adjustable_wrench_nor_gl_1k.jpg,False,False,True,False,True,distractors,assets/distractors/library,False,BLOCKED_ABSOLUTE,stored as an absolute path -> breaks when the asset moves,source=FILE users=1
Image,ammo_box_diff,E:\CODING\GitHub\FoundationPose\data\pallet\distractors\medium\ph__ammo_box\textures\ammo_box_diff_1k.jpg,E:\CODING\GitHub\FoundationPose\data\pallet\distractors\medium\ph__ammo_box\textures\ammo_box_diff_1k.jpg,False,False,True,False,True,distractors,assets/distractors/library,False,BLOCKED_ABSOLUTE,stored as an absolute path -> breaks when the asset moves,source=FILE users=1
Image,ammo_box_metal-ammo_box_rough,E:\CODING\GitHub\FoundationPose\data\pallet\distractors\medium\ph__ammo_box\textures\ammo_box_arm_1k.jpg,E:\CODING\GitHub\FoundationPose\data\pallet\distractors\medium\ph__ammo_box\textures\ammo_box_arm_1k.jpg,False,False,True,False,True,distractors,assets/distractors/library,False,BLOCKED_ABSOLUTE,stored as an absolute path -> breaks when the asset moves,source=FILE users=1
Image,ammo_box_nor_gl,E:\CODING\GitHub\FoundationPose\data\pallet\distractors\medium\ph__ammo_box\textures\ammo_box_nor_gl_1k.jpg,E:\CODING\GitHub\FoundationPose\data\pallet\distractors\medium\ph__ammo_box\textures\ammo_box_nor_gl_1k.jpg,False,False,True,False,True,distractors,assets/distractors/library,False,BLOCKED_ABSOLUTE,stored as an absolute path -> breaks when the asset moves,source=FILE users=1
Image,Asphalt_baseColor.png,//..\background\modular_buildings_industrial_area\textures\Asphalt_baseColor.png,E:\CODING\GitHub\FoundationPose\data\pallet\background\modular_buildings_industrial_area\textures\Asphalt_baseColor.png,True,True,True,False,True,blender_scene,(packed),True,SAFE_RELATIVE,packed into the .blend,source=FILE users=1
Image,Asphalt_normal.png,//..\background\modular_buildings_industrial_area\textures\Asphalt_normal.png,E:\CODING\GitHub\FoundationPose\data\pallet\background\modular_buildings_industrial_area\textures\Asphalt_normal.png,True,True,True,False,True,blender_scene,(packed),True,SAFE_RELATIVE,packed into the .blend,source=FILE users=1
Image,atlas_mat_diffuse.jpeg,//..\background\parking_lot\textures\atlas_mat_diffuse.jpeg,E:\CODING\GitHub\FoundationPose\data\pallet\background\parking_lot\textures\atlas_mat_diffuse.jpeg,True,True,True,False,True,blender_scene,(packed),True,SAFE_RELATIVE,packed into the .blend,source=FILE users=1
Image,atlas_mat_normal.png,//..\background\parking_lot\textures\atlas_mat_normal.png,E:\CODING\GitHub\FoundationPose\data\pallet\background\parking_lot\textures\atlas_mat_normal.png,True,True,True,False,True,blender_scene,(packed),True,SAFE_RELATIVE,packed into the .blend,source=FILE users=1
Image,Barrel_01_explosive_diff,//..\..\..\..\..\..\AppData\Local\Temp\tmpg7cv8vw7\textures\Barrel_01_explosive_diff_1k.jpg,E:\AppData\Local\Temp\tmpg7cv8vw7\textures\Barrel_01_explosive_diff_1k.jpg,True,True,False,False,False,blender_scene,(packed),True,SAFE_RELATIVE,packed into the .blend,source=FILE users=1
Image,Barrel_01_explosive_metallic-Barrel_01_explosive_roughness,//..\..\..\..\..\..\AppData\Local\Temp\tmpg7cv8vw7\textures\Barrel_01_explosive_arm_1k.jpg,E:\AppData\Local\Temp\tmpg7cv8vw7\textures\Barrel_01_explosive_arm_1k.jpg,True,True,False,False,False,blender_scene,(packed),True,SAFE_RELATIVE,packed into the .blend,source=FILE users=1
Image,Barrel_01_explosive_nor_gl,//..\..\..\..\..\..\AppData\Local\Temp\tmpg7cv8vw7\textures\Barrel_01_explosive_nor_gl_1k.jpg,E:\AppData\Local\Temp\tmpg7cv8vw7\textures\Barrel_01_explosive_nor_gl_1k.jpg,True,True,False,False,False,blender_scene,(packed),True,SAFE_RELATIVE,packed into the .blend,source=FILE users=1
Image,barrel_stove_diff,E:\CODING\GitHub\FoundationPose\data\pallet\distractors\large\ph__barrel_stove\textures\barrel_stove_diff_1k.jpg,E:\CODING\GitHub\FoundationPose\data\pallet\distractors\large\ph__barrel_stove\textures\barrel_stove_diff_1k.jpg,False,False,True,False,True,distractors,assets/distractors/library,False,BLOCKED_ABSOLUTE,stored as an absolute path -> breaks when the asset moves,source=FILE users=1
Image,barrel_stove_metal-barrel_stove_rough,E:\CODING\GitHub\FoundationPose\data\pallet\distractors\large\ph__barrel_stove\textures\barrel_stove_arm_1k.jpg,E:\CODING\GitHub\FoundationPose\data\pallet\distractors\large\ph__barrel_stove\textures\barrel_stove_arm_1k.jpg,False,False,True,False,True,distractors,assets/distractors/library,False,BLOCKED_ABSOLUTE,stored as an absolute path -> breaks when the asset moves,source=FILE users=1
Image,barrel_stove_nor_gl,E:\CODING\GitHub\FoundationPose\data\pallet\distractors\large\ph__barrel_stove\textures\barrel_stove_nor_gl_1k.jpg,E:\CODING\GitHub\FoundationPose\data\pallet\distractors\large\ph__barrel_stove\textures\barrel_stove_nor_gl_1k.jpg,False,False,True,False,True,distractors,assets/distractors/library,False,BLOCKED_ABSOLUTE,stored as an absolute path -> breaks when the asset moves,source=FILE users=1
Image,base_m_diffuse.jpeg,//..\background\parking_lot\textures\base_m_diffuse.jpeg,E:\CODING\GitHub\FoundationPose\data\pallet\background\parking_lot\textures\base_m_diffuse.jpeg,True,True,True,False,True,blender_scene,(packed),True,SAFE_RELATIVE,packed into the .blend,source=FILE users=1
Image,base_m_normal.png,//..\background\parking_lot\textures\base_m_normal.png,E:\CODING\GitHub\FoundationPose\data\pallet\background\parking_lot\textures\base_m_normal.png,True,True,True,False,True,blender_scene,(packed),True,SAFE_RELATIVE,packed into the .blend,source=FILE users=1
Image,blackpaint_m_diffuse.jpeg,//..\background\parking_lot\textures\blackpaint_m_diffuse.jpeg,E:\CODING\GitHub\FoundationPose\data\pallet\background\parking_lot\textures\blackpaint_m_diffuse.jpeg,True,True,True,False,True,blender_scene,(packed),True,SAFE_RELATIVE,packed into the .blend,source=FILE users=1
Image,blackpaint_m_normal.png,//..\background\parking_lot\textures\blackpaint_m_normal.png,E:\CODING\GitHub\FoundationPose\data\pallet\background\parking_lot\textures\blackpaint_m_normal.png,True,True,True,False,True,blender_scene,(packed),True,SAFE_RELATIVE,packed into the .blend,source=FILE users=1
Image,bleach_bottle_01_diff,E:\CODING\GitHub\FoundationPose\data\pallet\distractors\small\ph__bleach_bottle\textures\bleach_bottle_01_diff_1k.jpg,E:\CODING\GitHub\FoundationPose\data\pallet\distractors\small\ph__bleach_bottle\textures\bleach_bottle_01_diff_1k.jpg,False,False,True,False,True,distractors,assets/distractors/library,False,BLOCKED_ABSOLUTE,stored as an absolute path -> breaks when the asset moves,source=FILE users=1
Image,bleach_bottle_01_nor_gl,E:\CODING\GitHub\FoundationPose\data\pallet\distractors\small\ph__bleach_bottle\textures\bleach_bottle_01_nor_gl_1k.jpg,E:\CODING\GitHub\FoundationPose\data\pallet\distractors\small\ph__bleach_bottle\textures\bleach_bottle_01_nor_gl_1k.jpg,False,False,True,False,True,distractors,assets/distractors/library,False,BLOCKED_ABSOLUTE,stored as an absolute path -> breaks when the asset moves,source=FILE users=1
Image,bleach_bottle_01_rough,E:\CODING\GitHub\FoundationPose\data\pallet\distractors\small\ph__bleach_bottle\textures\bleach_bottle_01_arm_1k.jpg,E:\CODING\GitHub\FoundationPose\data\pallet\distractors\small\ph__bleach_bottle\textures\bleach_bottle_01_arm_1k.jpg,False,False,True,False,True,distractors,assets/distractors/library,False,BLOCKED_ABSOLUTE,stored as an absolute path -> breaks when the asset moves,source=FILE users=1
Image,Blue_Metal_baseColor.png,//..\background\modular_buildings_industrial_area\textures\Blue_Metal_baseColor.png,E:\CODING\GitHub\FoundationPose\data\pallet\background\modular_buildings_industrial_area\textures\Blue_Metal_baseColor.png,True,True,True,False,True,blender_scene,(packed),True,SAFE_RELATIVE,packed into the .blend,source=FILE users=1
Image,Blue_Metal_normal.png,//..\background\modular_buildings_industrial_area\textures\Blue_Metal_normal.png,E:\CODING\GitHub\FoundationPose\data\pallet\background\modular_buildings_industrial_area\textures\Blue_Metal_normal.png,True,True,True,False,True,blender_scene,(packed),True,SAFE_RELATIVE,packed into the .blend,source=FILE users=1
Image,box2_m_diffuse.jpeg,//..\background\parking_lot\textures\box2_m_diffuse.jpeg,E:\CODING\GitHub\FoundationPose\data\pallet\background\parking_lot\textures\box2_m_diffuse.jpeg,True,True,True,False,True,blender_scene,(packed),True,SAFE_RELATIVE,packed into the .blend,source=FILE users=1
Image,box2_m_normal.png,//..\background\parking_lot\textures\box2_m_normal.png,E:\CODING\GitHub\FoundationPose\data\pallet\background\parking_lot\textures\box2_m_normal.png,True,True,True,False,True,blender_scene,(packed),True,SAFE_RELATIVE,packed into the .blend,source=FILE users=1
Image,Brick_Wall_baseColor.png,//..\background\modular_buildings_industrial_area\textures\Brick_Wall_baseColor.png,E:\CODING\GitHub\FoundationPose\data\pallet\background\modular_buildings_industrial_area\textures\Brick_Wall_baseColor.png,True,True,True,False,True,blender_scene,(packed),True,SAFE_RELATIVE,packed into the .blend,source=FILE users=1
Image,Brick_Wall_normal.png,//..\background\modular_buildings_industrial_area\textures\Brick_Wall_normal.png,E:\CODING\GitHub\FoundationPose\data\pallet\background\modular_buildings_industrial_area\textures\Brick_Wall_normal.png,True,True,True,False,True,blender_scene,(packed),True,SAFE_RELATIVE,packed into the .blend,source=FILE users=1
Image,can_rusted_diff,E:\CODING\GitHub\FoundationPose\data\pallet\distractors\small\ph__can_rusted\textures\can_rusted_diff_1k.jpg,E:\CODING\GitHub\FoundationPose\data\pallet\distractors\small\ph__can_rusted\textures\can_rusted_diff_1k.jpg,False,False,True,False,True,distractors,assets/distractors/library,False,BLOCKED_ABSOLUTE,stored as an absolute path -> breaks when the asset moves,source=FILE users=1
Image,can_rusted_metal-can_rusted_rough,E:\CODING\GitHub\FoundationPose\data\pallet\distractors\small\ph__can_rusted\textures\can_rusted_arm_1k.jpg,E:\CODING\GitHub\FoundationPose\data\pallet\distractors\small\ph__can_rusted\textures\can_rusted_arm_1k.jpg,False,False,True,False,True,distractors,assets/distractors/library,False,BLOCKED_ABSOLUTE,stored as an absolute path -> breaks when the asset moves,source=FILE users=1
Image,can_rusted_nor_gl,E:\CODING\GitHub\FoundationPose\data\pallet\distractors\small\ph__can_rusted\textures\can_rusted_nor_gl_1k.jpg,E:\CODING\GitHub\FoundationPose\data\pallet\distractors\small\ph__can_rusted\textures\can_rusted_nor_gl_1k.jpg,False,False,True,False,True,distractors,assets/distractors/library,False,BLOCKED_ABSOLUTE,stored as an absolute path -> breaks when the asset moves,source=FILE users=1
Image,cardboard_box_01_diff,//..\..\..\..\..\..\AppData\Local\Temp\tmp_h07bsvm\textures\cardboard_box_01_diff_1k.jpg,E:\AppData\Local\Temp\tmp_h07bsvm\textures\cardboard_box_01_diff_1k.jpg,True,True,False,False,False,blender_scene,(packed),True,SAFE_RELATIVE,packed into the .blend,source=FILE users=1
Image,cardboard_box_01_diff.001,E:\CODING\GitHub\FoundationPose\data\pallet\distractors\small\ph__cardboard_box_01\textures\cardboard_box_01_diff_1k.jpg,E:\CODING\GitHub\FoundationPose\data\pallet\distractors\small\ph__cardboard_box_01\textures\cardboard_box_01_diff_1k.jpg,False,False,True,False,True,distractors,assets/distractors/library,False,BLOCKED_ABSOLUTE,stored as an absolute path -> breaks when the asset moves,source=FILE users=1
Image,cardboard_box_01_nor_gl,//..\..\..\..\..\..\AppData\Local\Temp\tmp_h07bsvm\textures\cardboard_box_01_nor_gl_1k.jpg,E:\AppData\Local\Temp\tmp_h07bsvm\textures\cardboard_box_01_nor_gl_1k.jpg,True,True,False,False,False,blender_scene,(packed),True,SAFE_RELATIVE,packed into the .blend,source=FILE users=1
Image,cardboard_box_01_nor_gl.001,E:\CODING\GitHub\FoundationPose\data\pallet\distractors\small\ph__cardboard_box_01\textures\cardboard_box_01_nor_gl_1k.jpg,E:\CODING\GitHub\FoundationPose\data\pallet\distractors\small\ph__cardboard_box_01\textures\cardboard_box_01_nor_gl_1k.jpg,False,False,True,False,True,distractors,assets/distractors/library,False,BLOCKED_ABSOLUTE,stored as an absolute path -> breaks when the asset moves,source=FILE users=1
Image,cardboard_box_01_rough,//..\..\..\..\..\..\AppData\Local\Temp\tmp_h07bsvm\textures\cardboard_box_01_arm_1k.jpg,E:\AppData\Local\Temp\tmp_h07bsvm\textures\cardboard_box_01_arm_1k.jpg,True,True,False,False,False,blender_scene,(packed),True,SAFE_RELATIVE,packed into the .blend,source=FILE users=1
Image,cardboard_box_01_rough.001,E:\CODING\GitHub\FoundationPose\data\pallet\distractors\small\ph__cardboard_box_01\textures\cardboard_box_01_arm_1k.jpg,E:\CODING\GitHub\FoundationPose\data\pallet\distractors\small\ph__cardboard_box_01\textures\cardboard_box_01_arm_1k.jpg,False,False,True,False,True,distractors,assets/distractors/library,False,BLOCKED_ABSOLUTE,stored as an absolute path -> breaks when the asset moves,source=FILE users=1
Image,Carton_baseColor.png,//..\background\modular_buildings_industrial_area\textures\Carton_baseColor.png,E:\CODING\GitHub\FoundationPose\data\pallet\background\modular_buildings_industrial_area\textures\Carton_baseColor.png,True,True,True,False,True,blender_scene,(packed),True,SAFE_RELATIVE,packed into the .blend,source=FILE users=1
Image,Carton_normal.png,//..\background\modular_buildings_industrial_area\textures\Carton_normal.png,E:\CODING\GitHub\FoundationPose\data\pallet\background\modular_buildings_industrial_area\textures\Carton_normal.png,True,True,True,False,True,blender_scene,(packed),True,SAFE_RELATIVE,packed into the .blend,source=FILE users=1
Image,Cartoon WoodPallet_Albedo,,,False,True,False,False,False,blender_scene,(packed),True,SAFE_RELATIVE,packed into the .blend,source=FILE users=1
Image,cement_bag_diff,E:\CODING\GitHub\FoundationPose\data\pallet\distractors\small\ph__cement_bag\textures\cement_bag_diff_1k.jpg,E:\CODING\GitHub\FoundationPose\data\pallet\distractors\small\ph__cement_bag\textures\cement_bag_diff_1k.jpg,False,False,True,False,True,distractors,assets/distractors/library,False,BLOCKED_ABSOLUTE,stored as an absolute path -> breaks when the asset moves,source=FILE users=1
Image,cement_bag_nor_gl,E:\CODING\GitHub\FoundationPose\data\pallet\distractors\small\ph__cement_bag\textures\cement_bag_nor_gl_1k.jpg,E:\CODING\GitHub\FoundationPose\data\pallet\distractors\small\ph__cement_bag\textures\cement_bag_nor_gl_1k.jpg,False,False,True,False,True,distractors,assets/distractors/library,False,BLOCKED_ABSOLUTE,stored as an absolute path -> breaks when the asset moves,source=FILE users=1
Image,cement_bag_rough,E:\CODING\GitHub\FoundationPose\data\pallet\distractors\small\ph__cement_bag\textures\cement_bag_arm_1k.jpg,E:\CODING\GitHub\FoundationPose\data\pallet\distractors\small\ph__cement_bag\textures\cement_bag_arm_1k.jpg,False,False,True,False,True,distractors,assets/distractors/library,False,BLOCKED_ABSOLUTE,stored as an absolute path -> breaks when the asset moves,source=FILE users=1
Image,Cement_baseColor.png,//..\background\modular_buildings_industrial_area\textures\Cement_baseColor.png,E:\CODING\GitHub\FoundationPose\data\pallet\background\modular_buildings_industrial_area\textures\Cement_baseColor.png,True,True,True,False,True,blender_scene,(packed),True,SAFE_RELATIVE,packed into the .blend,source=FILE users=1
Image,Cement_normal.png,//..\background\modular_buildings_industrial_area\textures\Cement_normal.png,E:\CODING\GitHub\FoundationPose\data\pallet\background\modular_buildings_industrial_area\textures\Cement_normal.png,True,True,True,False,True,blender_scene,(packed),True,SAFE_RELATIVE,packed into the .blend,source=FILE users=1
Image,chinese_screen_panels_diff,E:\CODING\GitHub\FoundationPose\data\pallet\distractors\large\ph__chinese_screen_panels\textures\chinese_screen_panels_diff_1k.jpg,E:\CODING\GitHub\FoundationPose\data\pallet\distractors\large\ph__chinese_screen_panels\textures\chinese_screen_panels_diff_1k.jpg,False,False,True,False,True,distractors,assets/distractors/library,False,BLOCKED_ABSOLUTE,stored as an absolute path -> breaks when the asset moves,source=FILE users=1
Image,chinese_screen_panels_metal-chinese_screen_panels_rough,E:\CODING\GitHub\FoundationPose\data\pallet\distractors\large\ph__chinese_screen_panels\textures\chinese_screen_panels_arm_1k.jpg,E:\CODING\GitHub\FoundationPose\data\pallet\distractors\large\ph__chinese_screen_panels\textures\chinese_screen_panels_arm_1k.jpg,False,False,True,False,True,distractors,assets/distractors/library,False,BLOCKED_ABSOLUTE,stored as an absolute path -> breaks when the asset moves,source=FILE users=1
Image,chinese_screen_panels_nor_gl,E:\CODING\GitHub\FoundationPose\data\pallet\distractors\large\ph__chinese_screen_panels\textures\chinese_screen_panels_nor_gl_1k.jpg,E:\CODING\GitHub\FoundationPose\data\pallet\distractors\large\ph__chinese_screen_panels\textures\chinese_screen_panels_nor_gl_1k.jpg,False,False,True,False,True,distractors,assets/distractors/library,False,BLOCKED_ABSOLUTE,stored as an absolute path -> breaks when the asset moves,source=FILE users=1
Image,compost_bags_diff,E:\CODING\GitHub\FoundationPose\data\pallet\distractors\medium\ph__compost_bags\textures\compost_bags_diff_1k.jpg,E:\CODING\GitHub\FoundationPose\data\pallet\distractors\medium\ph__compost_bags\textures\compost_bags_diff_1k.jpg,False,False,True,False,True,distractors,assets/distractors/library,False,BLOCKED_ABSOLUTE,stored as an absolute path -> breaks when the asset moves,source=FILE users=1
Image,compost_bags_metal-compost_bags_rough,E:\CODING\GitHub\FoundationPose\data\pallet\distractors\medium\ph__compost_bags\textures\compost_bags_arm_1k.jpg,E:\CODING\GitHub\FoundationPose\data\pallet\distractors\medium\ph__compost_bags\textures\compost_bags_arm_1k.jpg,False,False,True,False,True,distractors,assets/distractors/library,False,BLOCKED_ABSOLUTE,stored as an absolute path -> breaks when the asset moves,source=FILE users=1
Image,compost_bags_nor_gl,E:\CODING\GitHub\FoundationPose\data\pallet\distractors\medium\ph__compost_bags\textures\compost_bags_nor_gl_1k.jpg,E:\CODING\GitHub\FoundationPose\data\pallet\distractors\medium\ph__compost_bags\textures\compost_bags_nor_gl_1k.jpg,False,False,True,False,True,distractors,assets/distractors/library,False,BLOCKED_ABSOLUTE,stored as an absolute path -> breaks when the asset moves,source=FILE users=1
Image,compost_bags_sss,E:\CODING\GitHub\FoundationPose\data\pallet\distractors\medium\ph__compost_bags\textures\compost_bags_sss_1k.jpg,E:\CODING\GitHub\FoundationPose\data\pallet\distractors\medium\ph__compost_bags\textures\compost_bags_sss_1k.jpg,False,False,True,False,True,distractors,assets/distractors/library,False,BLOCKED_ABSOLUTE,stored as an absolute path -> breaks when the asset moves,source=FILE users=1
Image,concrete_floor_m_diffuse.jpeg,//..\background\parking_lot\textures\concrete_floor_m_diffuse.jpeg,E:\CODING\GitHub\FoundationPose\data\pallet\background\parking_lot\textures\concrete_floor_m_diffuse.jpeg,True,True,True,False,True,blender_scene,(packed),True,SAFE_RELATIVE,packed into the .blend,source=FILE users=1
Image,concrete_floor_m_normal.png,//..\background\parking_lot\textures\concrete_floor_m_normal.png,E:\CODING\GitHub\FoundationPose\data\pallet\background\parking_lot\textures\concrete_floor_m_normal.png,True,True,True,False,True,blender_scene,(packed),True,SAFE_RELATIVE,packed into the .blend,source=FILE users=1
Image,concrete_road_barrier_02_diff,E:\CODING\GitHub\FoundationPose\data\pallet\distractors\road\ph__concrete_road_barrier_02\textures\concrete_road_barrier_02_diff_1k.jpg,E:\CODING\GitHub\FoundationPose\data\pallet\distractors\road\ph__concrete_road_barrier_02\textures\concrete_road_barrier_02_diff_1k.jpg,False,False,True,False,True,distractors,assets/distractors/library,False,BLOCKED_ABSOLUTE,stored as an absolute path -> breaks when the asset moves,source=FILE users=1
Image,concrete_road_barrier_02_nor_gl,E:\CODING\GitHub\FoundationPose\data\pallet\distractors\road\ph__concrete_road_barrier_02\textures\concrete_road_barrier_02_nor_gl_1k.jpg,E:\CODING\GitHub\FoundationPose\data\pallet\distractors\road\ph__concrete_road_barrier_02\textures\concrete_road_barrier_02_nor_gl_1k.jpg,False,False,True,False,True,distractors,assets/distractors/library,False,BLOCKED_ABSOLUTE,stored as an absolute path -> breaks when the asset moves,source=FILE users=1
Image,concrete_road_barrier_02_rough,E:\CODING\GitHub\FoundationPose\data\pallet\distractors\road\ph__concrete_road_barrier_02\textures\concrete_road_barrier_02_arm_1k.jpg,E:\CODING\GitHub\FoundationPose\data\pallet\distractors\road\ph__concrete_road_barrier_02\textures\concrete_road_barrier_02_arm_1k.jpg,False,False,True,False,True,distractors,assets/distractors/library,False,BLOCKED_ABSOLUTE,stored as an absolute path -> breaks when the asset moves,source=FILE users=1
Image,concrete_road_barrier_diff,//..\..\..\..\..\..\AppData\Local\Temp\tmpjwzz655q\textures\concrete_road_barrier_diff_1k.jpg,E:\AppData\Local\Temp\tmpjwzz655q\textures\concrete_road_barrier_diff_1k.jpg,True,True,False,False,False,blender_scene,(packed),True,SAFE_RELATIVE,packed into the .blend,source=FILE users=1
Image,concrete_road_barrier_diff.001,E:\CODING\GitHub\FoundationPose\data\pallet\distractors\road\ph__concrete_road_barrier\textures\concrete_road_barrier_diff_1k.jpg,E:\CODING\GitHub\FoundationPose\data\pallet\distractors\road\ph__concrete_road_barrier\textures\concrete_road_barrier_diff_1k.jpg,False,False,True,False,True,distractors,assets/distractors/library,False,BLOCKED_ABSOLUTE,stored as an absolute path -> breaks when the asset moves,source=FILE users=1
Image,concrete_road_barrier_nor_gl,//..\..\..\..\..\..\AppData\Local\Temp\tmpjwzz655q\textures\concrete_road_barrier_nor_gl_1k.jpg,E:\AppData\Local\Temp\tmpjwzz655q\textures\concrete_road_barrier_nor_gl_1k.jpg,True,True,False,False,False,blender_scene,(packed),True,SAFE_RELATIVE,packed into the .blend,source=FILE users=1
Image,concrete_road_barrier_nor_gl.001,E:\CODING\GitHub\FoundationPose\data\pallet\distractors\road\ph__concrete_road_barrier\textures\concrete_road_barrier_nor_gl_1k.jpg,E:\CODING\GitHub\FoundationPose\data\pallet\distractors\road\ph__concrete_road_barrier\textures\concrete_road_barrier_nor_gl_1k.jpg,False,False,True,False,True,distractors,assets/distractors/library,False,BLOCKED_ABSOLUTE,stored as an absolute path -> breaks when the asset moves,source=FILE users=1
Image,concrete_road_barrier_rough,//..\..\..\..\..\..\AppData\Local\Temp\tmpjwzz655q\textures\concrete_road_barrier_arm_1k.jpg,E:\AppData\Local\Temp\tmpjwzz655q\textures\concrete_road_barrier_arm_1k.jpg,True,True,False,False,False,blender_scene,(packed),True,SAFE_RELATIVE,packed into the .blend,source=FILE users=1
Image,concrete_road_barrier_rough.001,E:\CODING\GitHub\FoundationPose\data\pallet\distractors\road\ph__concrete_road_barrier\textures\concrete_road_barrier_arm_1k.jpg,E:\CODING\GitHub\FoundationPose\data\pallet\distractors\road\ph__concrete_road_barrier\textures\concrete_road_barrier_arm_1k.jpg,False,False,True,False,True,distractors,assets/distractors/library,False,BLOCKED_ABSOLUTE,stored as an absolute path -> breaks when the asset moves,source=FILE users=1
Image,covered_car_diff,E:\CODING\GitHub\FoundationPose\data\pallet\distractors\large\ph__covered_car\textures\covered_car_diff_1k.jpg,E:\CODING\GitHub\FoundationPose\data\pallet\distractors\large\ph__covered_car\textures\covered_car_diff_1k.jpg,False,False,True,False,True,distractors,assets/distractors/library,False,BLOCKED_ABSOLUTE,stored as an absolute path -> breaks when the asset moves,source=FILE users=2
Image,covered_car_metal-covered_car_rough,E:\CODING\GitHub\FoundationPose\data\pallet\distractors\large\ph__covered_car\textures\covered_car_arm_1k.jpg,E:\CODING\GitHub\FoundationPose\data\pallet\distractors\large\ph__covered_car\textures\covered_car_arm_1k.jpg,False,False,True,False,True,distractors,assets/distractors/library,False,BLOCKED_ABSOLUTE,stored as an absolute path -> breaks when the asset moves,source=FILE users=2
Image,covered_car_nor_gl,E:\CODING\GitHub\FoundationPose\data\pallet\distractors\large\ph__covered_car\textures\covered_car_nor_gl_1k.jpg,E:\CODING\GitHub\FoundationPose\data\pallet\distractors\large\ph__covered_car\textures\covered_car_nor_gl_1k.jpg,False,False,True,False,True,distractors,assets/distractors/library,False,BLOCKED_ABSOLUTE,stored as an absolute path -> breaks when the asset moves,source=FILE users=2
Image,crowbar_01_diff,E:\CODING\GitHub\FoundationPose\data\pallet\distractors\small\ph__crowbar_01\textures\crowbar_01_diff_1k.jpg,E:\CODING\GitHub\FoundationPose\data\pallet\distractors\small\ph__crowbar_01\textures\crowbar_01_diff_1k.jpg,False,False,True,False,True,distractors,assets/distractors/library,False,BLOCKED_ABSOLUTE,stored as an absolute path -> breaks when the asset moves,source=FILE users=1
Image,crowbar_01_metal-crowbar_01_rough,E:\CODING\GitHub\FoundationPose\data\pallet\distractors\small\ph__crowbar_01\textures\crowbar_01_arm_1k.jpg,E:\CODING\GitHub\FoundationPose\data\pallet\distractors\small\ph__crowbar_01\textures\crowbar_01_arm_1k.jpg,False,False,True,False,True,distractors,assets/distractors/library,False,BLOCKED_ABSOLUTE,stored as an absolute path -> breaks when the asset moves,source=FILE users=1
Image,crowbar_01_nor_gl,E:\CODING\GitHub\FoundationPose\data\pallet\distractors\small\ph__crowbar_01\textures\crowbar_01_nor_gl_1k.jpg,E:\CODING\GitHub\FoundationPose\data\pallet\distractors\small\ph__crowbar_01\textures\crowbar_01_nor_gl_1k.jpg,False,False,True,False,True,distractors,assets/distractors/library,False,BLOCKED_ABSOLUTE,stored as an absolute path -> breaks when the asset moves,source=FILE users=1
Image,drawer_cabinet_diff,E:\CODING\GitHub\FoundationPose\data\pallet\distractors\indoor\ph__drawer_cabinet\textures\drawer_cabinet_diff_1k.jpg,E:\CODING\GitHub\FoundationPose\data\pallet\distractors\indoor\ph__drawer_cabinet\textures\drawer_cabinet_diff_1k.jpg,False,False,True,False,True,distractors,assets/distractors/library,False,BLOCKED_ABSOLUTE,stored as an absolute path -> breaks when the asset moves,source=FILE users=1
Image,drawer_cabinet_metallic.png-drawer_cabinet_roughness.png,E:\CODING\GitHub\FoundationPose\data\pallet\distractors\indoor\ph__drawer_cabinet\textures\drawer_cabinet_arm_1k.jpg,E:\CODING\GitHub\FoundationPose\data\pallet\distractors\indoor\ph__drawer_cabinet\textures\drawer_cabinet_arm_1k.jpg,False,False,True,False,True,distractors,assets/distractors/library,False,BLOCKED_ABSOLUTE,stored as an absolute path -> breaks when the asset moves,source=FILE users=1
Image,drawer_cabinet_nor_gl,E:\CODING\GitHub\FoundationPose\data\pallet\distractors\indoor\ph__drawer_cabinet\textures\drawer_cabinet_nor_gl_1k.jpg,E:\CODING\GitHub\FoundationPose\data\pallet\distractors\indoor\ph__drawer_cabinet\textures\drawer_cabinet_nor_gl_1k.jpg,False,False,True,False,True,distractors,assets/distractors/library,False,BLOCKED_ABSOLUTE,stored as an absolute path -> breaks when the asset moves,source=FILE users=1
Image,Drum_baseColor.png,//..\..\..\..\..\..\AppData\Local\Temp\tmpb2yiq_eb\textures\Drum_baseColor.png,E:\AppData\Local\Temp\tmpb2yiq_eb\textures\Drum_baseColor.png,True,True,False,False,False,blender_scene,(packed),True,SAFE_RELATIVE,packed into the .blend,source=FILE users=1
Image,Drum_metallicRoughness.png,//..\..\..\..\..\..\AppData\Local\Temp\tmpb2yiq_eb\textures\Drum_metallicRoughness.png,E:\AppData\Local\Temp\tmpb2yiq_eb\textures\Drum_metallicRoughness.png,True,True,False,False,False,blender_scene,(packed),True,SAFE_RELATIVE,packed into the .blend,source=FILE users=1
Image,Drum_normal.png,//..\..\..\..\..\..\AppData\Local\Temp\tmpb2yiq_eb\textures\Drum_normal.png,E:\AppData\Local\Temp\tmpb2yiq_eb\textures\Drum_normal.png,True,True,False,False,False,blender_scene,(packed),True,SAFE_RELATIVE,packed into the .blend,source=FILE users=1
Image,dustpan_diff,E:\CODING\GitHub\FoundationPose\data\pallet\distractors\indoor\ph__dustpan\textures\dustpan_diff_1k.jpg,E:\CODING\GitHub\FoundationPose\data\pallet\distractors\indoor\ph__dustpan\textures\dustpan_diff_1k.jpg,False,False,True,False,True,distractors,assets/distractors/library,False,BLOCKED_ABSOLUTE,stored as an absolute path -> breaks when the asset moves,source=FILE users=1
Image,dustpan_metal-dustpan_rough,E:\CODING\GitHub\FoundationPose\data\pallet\distractors\indoor\ph__dustpan\textures\dustpan_arm_1k.jpg,E:\CODING\GitHub\FoundationPose\data\pallet\distractors\indoor\ph__dustpan\textures\dustpan_arm_1k.jpg,False,False,True,False,True,distractors,assets/distractors/library,False,BLOCKED_ABSOLUTE,stored as an absolute path -> breaks when the asset moves,source=FILE users=1
Image,dustpan_nor_gl,E:\CODING\GitHub\FoundationPose\data\pallet\distractors\indoor\ph__dustpan\textures\dustpan_nor_gl_1k.jpg,E:\CODING\GitHub\FoundationPose\data\pallet\distractors\indoor\ph__dustpan\textures\dustpan_nor_gl_1k.jpg,False,False,True,False,True,distractors,assets/distractors/library,False,BLOCKED_ABSOLUTE,stored as an absolute path -> breaks when the asset moves,source=FILE users=1
Image,eur_tex,,,False,True,False,False,False,blender_scene,(packed),True,SAFE_RELATIVE,packed into the .blend,source=FILE users=1
Image,factory_yard_2k.hdr,C:\Users\User\Documents\GitHub\FoundationPose\data\pallet\hdri\factory_yard_2k.hdr,C:\Users\User\Documents\GitHub\FoundationPose\data\pallet\hdri\factory_yard_2k.hdr,False,False,False,False,False,,,False,MISSING_CURRENT,path does not exist today,source=FILE users=1
Image,fencebase_mat_diffuse.jpeg,//..\background\parking_lot\textures\fencebase_mat_diffuse.jpeg,E:\CODING\GitHub\FoundationPose\data\pallet\background\parking_lot\textures\fencebase_mat_diffuse.jpeg,True,True,True,False,True,blender_scene,(packed),True,SAFE_RELATIVE,packed into the .blend,source=FILE users=1
Image,fencebase_mat_normal.png,//..\background\parking_lot\textures\fencebase_mat_normal.png,E:\CODING\GitHub\FoundationPose\data\pallet\background\parking_lot\textures\fencebase_mat_normal.png,True,True,True,False,True,blender_scene,(packed),True,SAFE_RELATIVE,packed into the .blend,source=FILE users=1
Image,fenceframe_mat_diffuse.jpeg,//..\background\parking_lot\textures\fenceframe_mat_diffuse.jpeg,E:\CODING\GitHub\FoundationPose\data\pallet\background\parking_lot\textures\fenceframe_mat_diffuse.jpeg,True,True,True,False,True,blender_scene,(packed),True,SAFE_RELATIVE,packed into the .blend,source=FILE users=1
Image,fenceframe_mat_normal.png,//..\background\parking_lot\textures\fenceframe_mat_normal.png,E:\CODING\GitHub\FoundationPose\data\pallet\background\parking_lot\textures\fenceframe_mat_normal.png,True,True,True,False,True,blender_scene,(packed),True,SAFE_RELATIVE,packed into the .blend,source=FILE users=1
Image,fencemesh_mat_diffuse.png,//..\background\parking_lot\textures\fencemesh_mat_diffuse.png,E:\CODING\GitHub\FoundationPose\data\pallet\background\parking_lot\textures\fencemesh_mat_diffuse.png,True,True,True,False,True,blender_scene,(packed),True,SAFE_RELATIVE,packed into the .blend,source=FILE users=1
Image,fencemesh_mat_normal.png,//..\background\parking_lot\textures\fencemesh_mat_normal.png,E:\CODING\GitHub\FoundationPose\data\pallet\background\parking_lot\textures\fencemesh_mat_normal.png,True,True,True,False,True,blender_scene,(packed),True,SAFE_RELATIVE,packed into the .blend,source=FILE users=1
Image,fencerings_mat_diffuse.jpeg,//..\background\parking_lot\textures\fencerings_mat_diffuse.jpeg,E:\CODING\GitHub\FoundationPose\data\pallet\background\parking_lot\textures\fencerings_mat_diffuse.jpeg,True,True,True,False,True,blender_scene,(packed),True,SAFE_RELATIVE,packed into the .blend,source=FILE users=1
Image,fencerings_mat_normal.png,//..\background\parking_lot\textures\fencerings_mat_normal.png,E:\CODING\GitHub\FoundationPose\data\pallet\background\parking_lot\textures\fencerings_mat_normal.png,True,True,True,False,True,blender_scene,(packed),True,SAFE_RELATIVE,packed into the .blend,source=FILE users=1
Image,fire_hydrant_aged_diff,E:\CODING\GitHub\FoundationPose\data\pallet\distractors\road\ph__fire_hydrant\textures\fire_hydrant_aged_diff_1k.jpg,E:\CODING\GitHub\FoundationPose\data\pallet\distractors\road\ph__fire_hydrant\textures\fire_hydrant_aged_diff_1k.jpg,False,False,True,False,True,distractors,assets/distractors/library,False,BLOCKED_ABSOLUTE,stored as an absolute path -> breaks when the asset moves,source=FILE users=1
Image,fire_hydrant_aged_metal-fire_hydrant_aged_rough,E:\CODING\GitHub\FoundationPose\data\pallet\distractors\road\ph__fire_hydrant\textures\fire_hydrant_aged_arm_1k.jpg,E:\CODING\GitHub\FoundationPose\data\pallet\distractors\road\ph__fire_hydrant\textures\fire_hydrant_aged_arm_1k.jpg,False,False,True,False,True,distractors,assets/distractors/library,False,BLOCKED_ABSOLUTE,stored as an absolute path -> breaks when the asset moves,source=FILE users=1
Image,fire_hydrant_aged_nor_gl,E:\CODING\GitHub\FoundationPose\data\pallet\distractors\road\ph__fire_hydrant\textures\fire_hydrant_aged_nor_gl_1k.jpg,E:\CODING\GitHub\FoundationPose\data\pallet\distractors\road\ph__fire_hydrant\textures\fire_hydrant_aged_nor_gl_1k.jpg,False,False,True,False,True,distractors,assets/distractors/library,False,BLOCKED_ABSOLUTE,stored as an absolute path -> breaks when the asset moves,source=FILE users=1
Image,fire_hydrant_diff,E:\CODING\GitHub\FoundationPose\data\pallet\distractors\road\ph__fire_hydrant\textures\fire_hydrant_diff_1k.jpg,E:\CODING\GitHub\FoundationPose\data\pallet\distractors\road\ph__fire_hydrant\textures\fire_hydrant_diff_1k.jpg,False,False,True,False,True,distractors,assets/distractors/library,False,BLOCKED_ABSOLUTE,stored as an absolute path -> breaks when the asset moves,source=FILE users=1
Image,fire_hydrant_metal-fire_hydrant_rough,E:\CODING\GitHub\FoundationPose\data\pallet\distractors\road\ph__fire_hydrant\textures\fire_hydrant_arm_1k.jpg,E:\CODING\GitHub\FoundationPose\data\pallet\distractors\road\ph__fire_hydrant\textures\fire_hydrant_arm_1k.jpg,False,False,True,False,True,distractors,assets/distractors/library,False,BLOCKED_ABSOLUTE,stored as an absolute path -> breaks when the asset moves,source=FILE users=1
Image,fire_hydrant_nor_gl,E:\CODING\GitHub\FoundationPose\data\pallet\distractors\road\ph__fire_hydrant\textures\fire_hydrant_nor_gl_1k.jpg,E:\CODING\GitHub\FoundationPose\data\pallet\distractors\road\ph__fire_hydrant\textures\fire_hydrant_nor_gl_1k.jpg,False,False,True,False,True,distractors,assets/distractors/library,False,BLOCKED_ABSOLUTE,stored as an absolute path -> breaks when the asset moves,source=FILE users=1
Image,fix_m_diffuse.jpeg,//..\background\parking_lot\textures\fix_m_diffuse.jpeg,E:\CODING\GitHub\FoundationPose\data\pallet\background\parking_lot\textures\fix_m_diffuse.jpeg,True,True,True,False,True,blender_scene,(packed),True,SAFE_RELATIVE,packed into the .blend,source=FILE users=1
Image,gate_m_diffuse.jpeg,//..\background\parking_lot\textures\gate_m_diffuse.jpeg,E:\CODING\GitHub\FoundationPose\data\pallet\background\parking_lot\textures\gate_m_diffuse.jpeg,True,True,True,False,True,blender_scene,(packed),True,SAFE_RELATIVE,packed into the .blend,source=FILE users=1
Image,gate_m_normal.png,//..\background\parking_lot\textures\gate_m_normal.png,E:\CODING\GitHub\FoundationPose\data\pallet\background\parking_lot\textures\gate_m_normal.png,True,True,True,False,True,blender_scene,(packed),True,SAFE_RELATIVE,packed into the .blend,source=FILE users=1
Image,hand_truck_diff,E:\CODING\GitHub\FoundationPose\data\pallet\distractors\medium\ph__hand_truck\textures\hand_truck_diff_1k.jpg,E:\CODING\GitHub\FoundationPose\data\pallet\distractors\medium\ph__hand_truck\textures\hand_truck_diff_1k.jpg,False,False,True,False,True,distractors,assets/distractors/library,False,BLOCKED_ABSOLUTE,stored as an absolute path -> breaks when the asset moves,source=FILE users=1
Image,hand_truck_metal-hand_truck_rough,E:\CODING\GitHub\FoundationPose\data\pallet\distractors\medium\ph__hand_truck\textures\hand_truck_arm_1k.jpg,E:\CODING\GitHub\FoundationPose\data\pallet\distractors\medium\ph__hand_truck\textures\hand_truck_arm_1k.jpg,False,False,True,False,True,distractors,assets/distractors/library,False,BLOCKED_ABSOLUTE,stored as an absolute path -> breaks when the asset moves,source=FILE users=1
Image,hand_truck_nor_gl,E:\CODING\GitHub\FoundationPose\data\pallet\distractors\medium\ph__hand_truck\textures\hand_truck_nor_gl_1k.jpg,E:\CODING\GitHub\FoundationPose\data\pallet\distractors\medium\ph__hand_truck\textures\hand_truck_nor_gl_1k.jpg,False,False,True,False,True,distractors,assets/distractors/library,False,BLOCKED_ABSOLUTE,stored as an absolute path -> breaks when the asset moves,source=FILE users=1
Image,Image_0,//textures\Image_0.jpg,E:\CODING\GitHub\FoundationPose\data\pallet\blender_scene\textures\Image_0.jpg,True,False,True,True,True,blender_scene,assets/scenes/production/blender_scene,True,SAFE_RELATIVE,relative and inside blender_scene/ -> moves with the folder,source=FILE users=1
Image,Image_0.001,//textures\Image_0.001.png,E:\CODING\GitHub\FoundationPose\data\pallet\blender_scene\textures\Image_0.001.png,True,False,True,True,True,blender_scene,assets/scenes/production/blender_scene,True,SAFE_RELATIVE,relative and inside blender_scene/ -> moves with the folder,source=FILE users=1
Image,Image_0.002,//textures\Image_0.002.png,E:\CODING\GitHub\FoundationPose\data\pallet\blender_scene\textures\Image_0.002.png,True,False,True,True,True,blender_scene,assets/scenes/production/blender_scene,True,SAFE_RELATIVE,relative and inside blender_scene/ -> moves with the folder,source=FILE users=1
Image,Image_0.003,//textures\Image_0.003.png,E:\CODING\GitHub\FoundationPose\data\pallet\blender_scene\textures\Image_0.003.png,True,False,True,True,True,blender_scene,assets/scenes/production/blender_scene,True,SAFE_RELATIVE,relative and inside blender_scene/ -> moves with the folder,source=FILE users=1
Image,Image_0.004,//textures\Image_0.004.png,E:\CODING\GitHub\FoundationPose\data\pallet\blender_scene\textures\Image_0.004.png,True,False,True,True,True,blender_scene,assets/scenes/production/blender_scene,True,SAFE_RELATIVE,relative and inside blender_scene/ -> moves with the folder,source=FILE users=1
Image,Image_0.005,//textures\Image_0.005.jpg,E:\CODING\GitHub\FoundationPose\data\pallet\blender_scene\textures\Image_0.005.jpg,True,False,True,True,True,blender_scene,assets/scenes/production/blender_scene,True,SAFE_RELATIVE,relative and inside blender_scene/ -> moves with the folder,source=FILE users=1
Image,Image_0.006,//textures\Image_0.006.png,E:\CODING\GitHub\FoundationPose\data\pallet\blender_scene\textures\Image_0.006.png,True,False,True,True,True,blender_scene,assets/scenes/production/blender_scene,True,SAFE_RELATIVE,relative and inside blender_scene/ -> moves with the folder,source=FILE users=1
Image,Image_0.007,//textures\Image_0.007.jpg,E:\CODING\GitHub\FoundationPose\data\pallet\blender_scene\textures\Image_0.007.jpg,True,False,True,True,True,blender_scene,assets/scenes/production/blender_scene,True,SAFE_RELATIVE,relative and inside blender_scene/ -> moves with the folder,source=FILE users=1
Image,Image_0.008,//textures\Image_0.008.jpg,E:\CODING\GitHub\FoundationPose\data\pallet\blender_scene\textures\Image_0.008.jpg,True,False,True,True,True,blender_scene,assets/scenes/production/blender_scene,True,SAFE_RELATIVE,relative and inside blender_scene/ -> moves with the folder,source=FILE users=1
Image,Image_0.009,//textures\Image_0.009.png,E:\CODING\GitHub\FoundationPose\data\pallet\blender_scene\textures\Image_0.009.png,True,False,True,True,True,blender_scene,assets/scenes/production/blender_scene,True,SAFE_RELATIVE,relative and inside blender_scene/ -> moves with the folder,source=FILE users=1
Image,Image_0.010,//textures\Image_0.010.png,E:\CODING\GitHub\FoundationPose\data\pallet\blender_scene\textures\Image_0.010.png,True,False,True,True,True,blender_scene,assets/scenes/production/blender_scene,True,SAFE_RELATIVE,relative and inside blender_scene/ -> moves with the folder,source=FILE users=1
Image,Image_0.011,//textures\Image_0.011.jpg,E:\CODING\GitHub\FoundationPose\data\pallet\blender_scene\textures\Image_0.011.jpg,True,False,True,True,True,blender_scene,assets/scenes/production/blender_scene,True,SAFE_RELATIVE,relative and inside blender_scene/ -> moves with the folder,source=FILE users=1
Image,Image_0.012,//textures\Image_0.012.png,E:\CODING\GitHub\FoundationPose\data\pallet\blender_scene\textures\Image_0.012.png,True,False,True,True,True,blender_scene,assets/scenes/production/blender_scene,True,SAFE_RELATIVE,relative and inside blender_scene/ -> moves with the folder,source=FILE users=1
Image,Image_0.013,//textures\Image_0.013.png,E:\CODING\GitHub\FoundationPose\data\pallet\blender_scene\textures\Image_0.013.png,True,False,True,True,True,blender_scene,assets/scenes/production/blender_scene,True,SAFE_RELATIVE,relative and inside blender_scene/ -> moves with the folder,source=FILE users=1
Image,Image_1,//textures\Image_1.png,E:\CODING\GitHub\FoundationPose\data\pallet\blender_scene\textures\Image_1.png,True,False,True,True,True,blender_scene,assets/scenes/production/blender_scene,True,SAFE_RELATIVE,relative and inside blender_scene/ -> moves with the folder,source=FILE users=1
Image,Image_1.001,//textures\Image_1.001.png,E:\CODING\GitHub\FoundationPose\data\pallet\blender_scene\textures\Image_1.001.png,True,False,True,True,True,blender_scene,assets/scenes/production/blender_scene,True,SAFE_RELATIVE,relative and inside blender_scene/ -> moves with the folder,source=FILE users=1
Image,Image_1.002,//textures\Image_1.002.png,E:\CODING\GitHub\FoundationPose\data\pallet\blender_scene\textures\Image_1.002.png,True,False,True,True,True,blender_scene,assets/scenes/production/blender_scene,True,SAFE_RELATIVE,relative and inside blender_scene/ -> moves with the folder,source=FILE users=2
Image,Image_1.003,//textures\Image_1.003.png,E:\CODING\GitHub\FoundationPose\data\pallet\blender_scene\textures\Image_1.003.png,True,False,True,True,True,blender_scene,assets/scenes/production/blender_scene,True,SAFE_RELATIVE,relative and inside blender_scene/ -> moves with the folder,source=FILE users=1
Image,Image_1.004,//textures\Image_1.004.png,E:\CODING\GitHub\FoundationPose\data\pallet\blender_scene\textures\Image_1.004.png,True,False,True,True,True,blender_scene,assets/scenes/production/blender_scene,True,SAFE_RELATIVE,relative and inside blender_scene/ -> moves with the folder,source=FILE users=1
Image,Image_1.005,//textures\Image_1.005.png,E:\CODING\GitHub\FoundationPose\data\pallet\blender_scene\textures\Image_1.005.png,True,False,True,True,True,blender_scene,assets/scenes/production/blender_scene,True,SAFE_RELATIVE,relative and inside blender_scene/ -> moves with the folder,source=FILE users=1
Image,Image_1.006,//textures\Image_1.006.png,E:\CODING\GitHub\FoundationPose\data\pallet\blender_scene\textures\Image_1.006.png,True,False,True,True,True,blender_scene,assets/scenes/production/blender_scene,True,SAFE_RELATIVE,relative and inside blender_scene/ -> moves with the folder,source=FILE users=1
Image,Image_1.007,//textures\Image_1.007.png,E:\CODING\GitHub\FoundationPose\data\pallet\blender_scene\textures\Image_1.007.png,True,False,True,True,True,blender_scene,assets/scenes/production/blender_scene,True,SAFE_RELATIVE,relative and inside blender_scene/ -> moves with the folder,source=FILE users=1
Image,Image_1.008,//textures\Image_1.008.png,E:\CODING\GitHub\FoundationPose\data\pallet\blender_scene\textures\Image_1.008.png,True,False,True,True,True,blender_scene,assets/scenes/production/blender_scene,True,SAFE_RELATIVE,relative and inside blender_scene/ -> moves with the folder,source=FILE users=1
Image,Image_1.009,//textures\Image_1.009.png,E:\CODING\GitHub\FoundationPose\data\pallet\blender_scene\textures\Image_1.009.png,True,False,True,True,True,blender_scene,assets/scenes/production/blender_scene,True,SAFE_RELATIVE,relative and inside blender_scene/ -> moves with the folder,source=FILE users=2
Image,Image_1.010,//textures\Image_1.010.png,E:\CODING\GitHub\FoundationPose\data\pallet\blender_scene\textures\Image_1.010.png,True,False,True,True,True,blender_scene,assets/scenes/production/blender_scene,True,SAFE_RELATIVE,relative and inside blender_scene/ -> moves with the folder,source=FILE users=2
Image,Image_1.011,//textures\Image_1.011.png,E:\CODING\GitHub\FoundationPose\data\pallet\blender_scene\textures\Image_1.011.png,True,False,True,True,True,blender_scene,assets/scenes/production/blender_scene,True,SAFE_RELATIVE,relative and inside blender_scene/ -> moves with the folder,source=FILE users=1
Image,Image_10,//textures\Image_10.png,E:\CODING\GitHub\FoundationPose\data\pallet\blender_scene\textures\Image_10.png,True,False,True,True,True,blender_scene,assets/scenes/production/blender_scene,True,SAFE_RELATIVE,relative and inside blender_scene/ -> moves with the folder,source=FILE users=1
Image,Image_10.001,//textures\Image_10.001.png,E:\CODING\GitHub\FoundationPose\data\pallet\blender_scene\textures\Image_10.001.png,True,False,True,True,True,blender_scene,assets/scenes/production/blender_scene,True,SAFE_RELATIVE,relative and inside blender_scene/ -> moves with the folder,source=FILE users=1
Image,Image_100,//textures\Image_100.png,E:\CODING\GitHub\FoundationPose\data\pallet\blender_scene\textures\Image_100.png,True,False,True,True,True,blender_scene,assets/scenes/production/blender_scene,True,SAFE_RELATIVE,relative and inside blender_scene/ -> moves with the folder,source=FILE users=2
Image,Image_101,//textures\Image_101.jpg,E:\CODING\GitHub\FoundationPose\data\pallet\blender_scene\textures\Image_101.jpg,True,False,True,True,True,blender_scene,assets/scenes/production/blender_scene,True,SAFE_RELATIVE,relative and inside blender_scene/ -> moves with the folder,source=FILE users=1
Image,Image_102,//textures\Image_102.png,E:\CODING\GitHub\FoundationPose\data\pallet\blender_scene\textures\Image_102.png,True,False,True,True,True,blender_scene,assets/scenes/production/blender_scene,True,SAFE_RELATIVE,relative and inside blender_scene/ -> moves with the folder,source=FILE users=2
Image,Image_103,//textures\Image_103.png,E:\CODING\GitHub\FoundationPose\data\pallet\blender_scene\textures\Image_103.png,True,False,True,True,True,blender_scene,assets/scenes/production/blender_scene,True,SAFE_RELATIVE,relative and inside blender_scene/ -> moves with the folder,source=FILE users=1
Image,Image_11,//textures\Image_11.png,E:\CODING\GitHub\FoundationPose\data\pallet\blender_scene\textures\Image_11.png,True,False,True,True,True,blender_scene,assets/scenes/production/blender_scene,True,SAFE_RELATIVE,relative and inside blender_scene/ -> moves with the folder,source=FILE users=1
Image,Image_11.001,//textures\Image_11.001.png,E:\CODING\GitHub\FoundationPose\data\pallet\blender_scene\textures\Image_11.001.png,True,False,True,True,True,blender_scene,assets/scenes/production/blender_scene,True,SAFE_RELATIVE,relative and inside blender_scene/ -> moves with the folder,source=FILE users=1
Image,Image_12,//textures\Image_12.png,E:\CODING\GitHub\FoundationPose\data\pallet\blender_scene\textures\Image_12.png,True,False,True,True,True,blender_scene,assets/scenes/production/blender_scene,True,SAFE_RELATIVE,relative and inside blender_scene/ -> moves with the folder,source=FILE users=1
Image,Image_12.001,//textures\Image_12.001.png,E:\CODING\GitHub\FoundationPose\data\pallet\blender_scene\textures\Image_12.001.png,True,False,True,True,True,blender_scene,assets/scenes/production/blender_scene,True,SAFE_RELATIVE,relative and inside blender_scene/ -> moves with the folder,source=FILE users=1
Image,Image_13,//textures\Image_13.png,E:\CODING\GitHub\FoundationPose\data\pallet\blender_scene\textures\Image_13.png,True,False,True,True,True,blender_scene,assets/scenes/production/blender_scene,True,SAFE_RELATIVE,relative and inside blender_scene/ -> moves with the folder,source=FILE users=1
Image,Image_14,//textures\Image_14.png,E:\CODING\GitHub\FoundationPose\data\pallet\blender_scene\textures\Image_14.png,True,False,True,True,True,blender_scene,assets/scenes/production/blender_scene,True,SAFE_RELATIVE,relative and inside blender_scene/ -> moves with the folder,source=FILE users=1
Image,Image_15,//textures\Image_15.jpg,E:\CODING\GitHub\FoundationPose\data\pallet\blender_scene\textures\Image_15.jpg,True,False,True,True,True,blender_scene,assets/scenes/production/blender_scene,True,SAFE_RELATIVE,relative and inside blender_scene/ -> moves with the folder,source=FILE users=1
Image,Image_16,//textures\Image_16.png,E:\CODING\GitHub\FoundationPose\data\pallet\blender_scene\textures\Image_16.png,True,False,True,True,True,blender_scene,assets/scenes/production/blender_scene,True,SAFE_RELATIVE,relative and inside blender_scene/ -> moves with the folder,source=FILE users=2
Image,Image_17,//textures\Image_17.png,E:\CODING\GitHub\FoundationPose\data\pallet\blender_scene\textures\Image_17.png,True,False,True,True,True,blender_scene,assets/scenes/production/blender_scene,True,SAFE_RELATIVE,relative and inside blender_scene/ -> moves with the folder,source=FILE users=1
Image,Image_18,//textures\Image_18.png,E:\CODING\GitHub\FoundationPose\data\pallet\blender_scene\textures\Image_18.png,True,False,True,True,True,blender_scene,assets/scenes/production/blender_scene,True,SAFE_RELATIVE,relative and inside blender_scene/ -> moves with the folder,source=FILE users=1
Image,Image_19,//textures\Image_19.png,E:\CODING\GitHub\FoundationPose\data\pallet\blender_scene\textures\Image_19.png,True,False,True,True,True,blender_scene,assets/scenes/production/blender_scene,True,SAFE_RELATIVE,relative and inside blender_scene/ -> moves with the folder,source=FILE users=2
Image,Image_2,//textures\Image_2.png,E:\CODING\GitHub\FoundationPose\data\pallet\blender_scene\textures\Image_2.png,True,False,True,True,True,blender_scene,assets/scenes/production/blender_scene,True,SAFE_RELATIVE,relative and inside blender_scene/ -> moves with the folder,source=FILE users=1
Image,Image_2.001,//textures\Image_2.001.png,E:\CODING\GitHub\FoundationPose\data\pallet\blender_scene\textures\Image_2.001.png,True,False,True,True,True,blender_scene,assets/scenes/production/blender_scene,True,SAFE_RELATIVE,relative and inside blender_scene/ -> moves with the folder,source=FILE users=1
Image,Image_2.002,//textures\Image_2.002.png,E:\CODING\GitHub\FoundationPose\data\pallet\blender_scene\textures\Image_2.002.png,True,False,True,True,True,blender_scene,assets/scenes/production/blender_scene,True,SAFE_RELATIVE,relative and inside blender_scene/ -> moves with the folder,source=FILE users=1
Image,Image_2.003,//textures\Image_2.003.png,E:\CODING\GitHub\FoundationPose\data\pallet\blender_scene\textures\Image_2.003.png,True,False,True,True,True,blender_scene,assets/scenes/production/blender_scene,True,SAFE_RELATIVE,relative and inside blender_scene/ -> moves with the folder,source=FILE users=1
Image,Image_2.004,//textures\Image_2.004.png,E:\CODING\GitHub\FoundationPose\data\pallet\blender_scene\textures\Image_2.004.png,True,False,True,True,True,blender_scene,assets/scenes/production/blender_scene,True,SAFE_RELATIVE,relative and inside blender_scene/ -> moves with the folder,source=FILE users=1
Image,Image_2.005,//textures\Image_2.005.png,E:\CODING\GitHub\FoundationPose\data\pallet\blender_scene\textures\Image_2.005.png,True,False,True,True,True,blender_scene,assets/scenes/production/blender_scene,True,SAFE_RELATIVE,relative and inside blender_scene/ -> moves with the folder,source=FILE users=1
Image,Image_2.006,//textures\Image_2.006.png,E:\CODING\GitHub\FoundationPose\data\pallet\blender_scene\textures\Image_2.006.png,True,False,True,True,True,blender_scene,assets/scenes/production/blender_scene,True,SAFE_RELATIVE,relative and inside blender_scene/ -> moves with the folder,source=FILE users=1
Image,Image_2.007,//textures\Image_2.007.png,E:\CODING\GitHub\FoundationPose\data\pallet\blender_scene\textures\Image_2.007.png,True,False,True,True,True,blender_scene,assets/scenes/production/blender_scene,True,SAFE_RELATIVE,relative and inside blender_scene/ -> moves with the folder,source=FILE users=1
Image,Image_2.008,//textures\Image_2.008.png,E:\CODING\GitHub\FoundationPose\data\pallet\blender_scene\textures\Image_2.008.png,True,False,True,True,True,blender_scene,assets/scenes/production/blender_scene,True,SAFE_RELATIVE,relative and inside blender_scene/ -> moves with the folder,source=FILE users=1
Image,Image_2.009,//textures\Image_2.009.png,E:\CODING\GitHub\FoundationPose\data\pallet\blender_scene\textures\Image_2.009.png,True,False,True,True,True,blender_scene,assets/scenes/production/blender_scene,True,SAFE_RELATIVE,relative and inside blender_scene/ -> moves with the folder,source=FILE users=1
Image,Image_2.010,//textures\Image_2.010.png,E:\CODING\GitHub\FoundationPose\data\pallet\blender_scene\textures\Image_2.010.png,True,False,True,True,True,blender_scene,assets/scenes/production/blender_scene,True,SAFE_RELATIVE,relative and inside blender_scene/ -> moves with the folder,source=FILE users=1
Image,Image_20,//textures\Image_20.png,E:\CODING\GitHub\FoundationPose\data\pallet\blender_scene\textures\Image_20.png,True,False,True,True,True,blender_scene,assets/scenes/production/blender_scene,True,SAFE_RELATIVE,relative and inside blender_scene/ -> moves with the folder,source=FILE users=2
Image,Image_21,//textures\Image_21.jpg,E:\CODING\GitHub\FoundationPose\data\pallet\blender_scene\textures\Image_21.jpg,True,False,True,True,True,blender_scene,assets/scenes/production/blender_scene,True,SAFE_RELATIVE,relative and inside blender_scene/ -> moves with the folder,source=FILE users=1
Image,Image_22,//textures\Image_22.png,E:\CODING\GitHub\FoundationPose\data\pallet\blender_scene\textures\Image_22.png,True,False,True,True,True,blender_scene,assets/scenes/production/blender_scene,True,SAFE_RELATIVE,relative and inside blender_scene/ -> moves with the folder,source=FILE users=2
Image,Image_23,//textures\Image_23.jpg,E:\CODING\GitHub\FoundationPose\data\pallet\blender_scene\textures\Image_23.jpg,True,False,True,True,True,blender_scene,assets/scenes/production/blender_scene,True,SAFE_RELATIVE,relative and inside blender_scene/ -> moves with the folder,source=FILE users=1
Image,Image_24,//textures\Image_24.png,E:\CODING\GitHub\FoundationPose\data\pallet\blender_scene\textures\Image_24.png,True,False,True,True,True,blender_scene,assets/scenes/production/blender_scene,True,SAFE_RELATIVE,relative and inside blender_scene/ -> moves with the folder,source=FILE users=2
Image,Image_25,//textures\Image_25.png,E:\CODING\GitHub\FoundationPose\data\pallet\blender_scene\textures\Image_25.png,True,False,True,True,True,blender_scene,assets/scenes/production/blender_scene,True,SAFE_RELATIVE,relative and inside blender_scene/ -> moves with the folder,source=FILE users=1
Image,Image_26,//textures\Image_26.jpg,E:\CODING\GitHub\FoundationPose\data\pallet\blender_scene\textures\Image_26.jpg,True,False,True,True,True,blender_scene,assets/scenes/production/blender_scene,True,SAFE_RELATIVE,relative and inside blender_scene/ -> moves with the folder,source=FILE users=1
Image,Image_27,//textures\Image_27.png,E:\CODING\GitHub\FoundationPose\data\pallet\blender_scene\textures\Image_27.png,True,False,True,True,True,blender_scene,assets/scenes/production/blender_scene,True,SAFE_RELATIVE,relative and inside blender_scene/ -> moves with the folder,source=FILE users=2
Image,Image_28,//textures\Image_28.png,E:\CODING\GitHub\FoundationPose\data\pallet\blender_scene\textures\Image_28.png,True,False,True,True,True,blender_scene,assets/scenes/production/blender_scene,True,SAFE_RELATIVE,relative and inside blender_scene/ -> moves with the folder,source=FILE users=1
Image,Image_29,//textures\Image_29.jpg,E:\CODING\GitHub\FoundationPose\data\pallet\blender_scene\textures\Image_29.jpg,True,False,True,True,True,blender_scene,assets/scenes/production/blender_scene,True,SAFE_RELATIVE,relative and inside blender_scene/ -> moves with the folder,source=FILE users=1
Image,Image_3,//textures\Image_3.png,E:\CODING\GitHub\FoundationPose\data\pallet\blender_scene\textures\Image_3.png,True,False,True,True,True,blender_scene,assets/scenes/production/blender_scene,True,SAFE_RELATIVE,relative and inside blender_scene/ -> moves with the folder,source=FILE users=1
Image,Image_3.001,//textures\Image_3.001.png,E:\CODING\GitHub\FoundationPose\data\pallet\blender_scene\textures\Image_3.001.png,True,False,True,True,True,blender_scene,assets/scenes/production/blender_scene,True,SAFE_RELATIVE,relative and inside blender_scene/ -> moves with the folder,source=FILE users=1
Image,Image_3.002,//textures\Image_3.002.png,E:\CODING\GitHub\FoundationPose\data\pallet\blender_scene\textures\Image_3.002.png,True,False,True,True,True,blender_scene,assets/scenes/production/blender_scene,True,SAFE_RELATIVE,relative and inside blender_scene/ -> moves with the folder,source=FILE users=1
Image,Image_3.003,//textures\Image_3.003.png,E:\CODING\GitHub\FoundationPose\data\pallet\blender_scene\textures\Image_3.003.png,True,False,True,True,True,blender_scene,assets/scenes/production/blender_scene,True,SAFE_RELATIVE,relative and inside blender_scene/ -> moves with the folder,source=FILE users=1
Image,Image_3.004,//textures\Image_3.004.png,E:\CODING\GitHub\FoundationPose\data\pallet\blender_scene\textures\Image_3.004.png,True,False,True,True,True,blender_scene,assets/scenes/production/blender_scene,True,SAFE_RELATIVE,relative and inside blender_scene/ -> moves with the folder,source=FILE users=1
Image,Image_30,//textures\Image_30.png,E:\CODING\GitHub\FoundationPose\data\pallet\blender_scene\textures\Image_30.png,True,False,True,True,True,blender_scene,assets/scenes/production/blender_scene,True,SAFE_RELATIVE,relative and inside blender_scene/ -> moves with the folder,source=FILE users=2
Image,Image_31,//textures\Image_31.png,E:\CODING\GitHub\FoundationPose\data\pallet\blender_scene\textures\Image_31.png,True,False,True,True,True,blender_scene,assets/scenes/production/blender_scene,True,SAFE_RELATIVE,relative and inside blender_scene/ -> moves with the folder,source=FILE users=1
Image,Image_32,//textures\Image_32.jpg,E:\CODING\GitHub\FoundationPose\data\pallet\blender_scene\textures\Image_32.jpg,True,False,True,True,True,blender_scene,assets/scenes/production/blender_scene,True,SAFE_RELATIVE,relative and inside blender_scene/ -> moves with the folder,source=FILE users=1
Image,Image_33,//textures\Image_33.png,E:\CODING\GitHub\FoundationPose\data\pallet\blender_scene\textures\Image_33.png,True,False,True,True,True,blender_scene,assets/scenes/production/blender_scene,True,SAFE_RELATIVE,relative and inside blender_scene/ -> moves with the folder,source=FILE users=2
Image,Image_34,//textures\Image_34.png,E:\CODING\GitHub\FoundationPose\data\pallet\blender_scene\textures\Image_34.png,True,False,True,True,True,blender_scene,assets/scenes/production/blender_scene,True,SAFE_RELATIVE,relative and inside blender_scene/ -> moves with the folder,source=FILE users=1
Image,Image_35,//textures\Image_35.jpg,E:\CODING\GitHub\FoundationPose\data\pallet\blender_scene\textures\Image_35.jpg,True,False,True,True,True,blender_scene,assets/scenes/production/blender_scene,True,SAFE_RELATIVE,relative and inside blender_scene/ -> moves with the folder,source=FILE users=1
Image,Image_36,//textures\Image_36.png,E:\CODING\GitHub\FoundationPose\data\pallet\blender_scene\textures\Image_36.png,True,False,True,True,True,blender_scene,assets/scenes/production/blender_scene,True,SAFE_RELATIVE,relative and inside blender_scene/ -> moves with the folder,source=FILE users=2
Image,Image_37,//textures\Image_37.png,E:\CODING\GitHub\FoundationPose\data\pallet\blender_scene\textures\Image_37.png,True,False,True,True,True,blender_scene,assets/scenes/production/blender_scene,True,SAFE_RELATIVE,relative and inside blender_scene/ -> moves with the folder,source=FILE users=1
Image,Image_38,//textures\Image_38.jpg,E:\CODING\GitHub\FoundationPose\data\pallet\blender_scene\textures\Image_38.jpg,True,False,True,True,True,blender_scene,assets/scenes/production/blender_scene,True,SAFE_RELATIVE,relative and inside blender_scene/ -> moves with the folder,source=FILE users=1
Image,Image_39,//textures\Image_39.png,E:\CODING\GitHub\FoundationPose\data\pallet\blender_scene\textures\Image_39.png,True,False,True,True,True,blender_scene,assets/scenes/production/blender_scene,True,SAFE_RELATIVE,relative and inside blender_scene/ -> moves with the folder,source=FILE users=2
Image,Image_4,//textures\Image_4.png,E:\CODING\GitHub\FoundationPose\data\pallet\blender_scene\textures\Image_4.png,True,False,True,True,True,blender_scene,assets/scenes/production/blender_scene,True,SAFE_RELATIVE,relative and inside blender_scene/ -> moves with the folder,source=FILE users=1
Image,Image_4.001,//textures\Image_4.001.png,E:\CODING\GitHub\FoundationPose\data\pallet\blender_scene\textures\Image_4.001.png,True,False,True,True,True,blender_scene,assets/scenes/production/blender_scene,True,SAFE_RELATIVE,relative and inside blender_scene/ -> moves with the folder,source=FILE users=2
Image,Image_4.002,//textures\Image_4.002.png,E:\CODING\GitHub\FoundationPose\data\pallet\blender_scene\textures\Image_4.002.png,True,False,True,True,True,blender_scene,assets/scenes/production/blender_scene,True,SAFE_RELATIVE,relative and inside blender_scene/ -> moves with the folder,source=FILE users=1
Image,Image_4.003,//textures\Image_4.003.png,E:\CODING\GitHub\FoundationPose\data\pallet\blender_scene\textures\Image_4.003.png,True,False,True,True,True,blender_scene,assets/scenes/production/blender_scene,True,SAFE_RELATIVE,relative and inside blender_scene/ -> moves with the folder,source=FILE users=1
Image,Image_40,//textures\Image_40.png,E:\CODING\GitHub\FoundationPose\data\pallet\blender_scene\textures\Image_40.png,True,False,True,True,True,blender_scene,assets/scenes/production/blender_scene,True,SAFE_RELATIVE,relative and inside blender_scene/ -> moves with the folder,source=FILE users=1
Image,Image_41,//textures\Image_41.jpg,E:\CODING\GitHub\FoundationPose\data\pallet\blender_scene\textures\Image_41.jpg,True,False,True,True,True,blender_scene,assets/scenes/production/blender_scene,True,SAFE_RELATIVE,relative and inside blender_scene/ -> moves with the folder,source=FILE users=1
Image,Image_42,//textures\Image_42.png,E:\CODING\GitHub\FoundationPose\data\pallet\blender_scene\textures\Image_42.png,True,False,True,True,True,blender_scene,assets/scenes/production/blender_scene,True,SAFE_RELATIVE,relative and inside blender_scene/ -> moves with the folder,source=FILE users=2
Image,Image_43,//textures\Image_43.jpg,E:\CODING\GitHub\FoundationPose\data\pallet\blender_scene\textures\Image_43.jpg,True,False,True,True,True,blender_scene,assets/scenes/production/blender_scene,True,SAFE_RELATIVE,relative and inside blender_scene/ -> moves with the folder,source=FILE users=1
Image,Image_44,//textures\Image_44.png,E:\CODING\GitHub\FoundationPose\data\pallet\blender_scene\textures\Image_44.png,True,False,True,True,True,blender_scene,assets/scenes/production/blender_scene,True,SAFE_RELATIVE,relative and inside blender_scene/ -> moves with the folder,source=FILE users=2
Image,Image_45,//textures\Image_45.png,E:\CODING\GitHub\FoundationPose\data\pallet\blender_scene\textures\Image_45.png,True,False,True,True,True,blender_scene,assets/scenes/production/blender_scene,True,SAFE_RELATIVE,relative and inside blender_scene/ -> moves with the folder,source=FILE users=1
Image,Image_46,//textures\Image_46.jpg,E:\CODING\GitHub\FoundationPose\data\pallet\blender_scene\textures\Image_46.jpg,True,False,True,True,True,blender_scene,assets/scenes/production/blender_scene,True,SAFE_RELATIVE,relative and inside blender_scene/ -> moves with the folder,source=FILE users=1
Image,Image_47,//textures\Image_47.png,E:\CODING\GitHub\FoundationPose\data\pallet\blender_scene\textures\Image_47.png,True,False,True,True,True,blender_scene,assets/scenes/production/blender_scene,True,SAFE_RELATIVE,relative and inside blender_scene/ -> moves with the folder,source=FILE users=1
Image,Image_48,//textures\Image_48.png,E:\CODING\GitHub\FoundationPose\data\pallet\blender_scene\textures\Image_48.png,True,False,True,True,True,blender_scene,assets/scenes/production/blender_scene,True,SAFE_RELATIVE,relative and inside blender_scene/ -> moves with the folder,source=FILE users=1
Image,Image_49,//textures\Image_49.jpg,E:\CODING\GitHub\FoundationPose\data\pallet\blender_scene\textures\Image_49.jpg,True,False,True,True,True,blender_scene,assets/scenes/production/blender_scene,True,SAFE_RELATIVE,relative and inside blender_scene/ -> moves with the folder,source=FILE users=1
Image,Image_5,//textures\Image_5.png,E:\CODING\GitHub\FoundationPose\data\pallet\blender_scene\textures\Image_5.png,True,False,True,True,True,blender_scene,assets/scenes/production/blender_scene,True,SAFE_RELATIVE,relative and inside blender_scene/ -> moves with the folder,source=FILE users=1
Image,Image_5.001,//textures\Image_5.001.png,E:\CODING\GitHub\FoundationPose\data\pallet\blender_scene\textures\Image_5.001.png,True,False,True,True,True,blender_scene,assets/scenes/production/blender_scene,True,SAFE_RELATIVE,relative and inside blender_scene/ -> moves with the folder,source=FILE users=1
Image,Image_5.002,//textures\Image_5.002.png,E:\CODING\GitHub\FoundationPose\data\pallet\blender_scene\textures\Image_5.002.png,True,False,True,True,True,blender_scene,assets/scenes/production/blender_scene,True,SAFE_RELATIVE,relative and inside blender_scene/ -> moves with the folder,source=FILE users=1
Image,Image_5.003,//textures\Image_5.003.png,E:\CODING\GitHub\FoundationPose\data\pallet\blender_scene\textures\Image_5.003.png,True,False,True,True,True,blender_scene,assets/scenes/production/blender_scene,True,SAFE_RELATIVE,relative and inside blender_scene/ -> moves with the folder,source=FILE users=1
Image,Image_50,//textures\Image_50.png,E:\CODING\GitHub\FoundationPose\data\pallet\blender_scene\textures\Image_50.png,True,False,True,True,True,blender_scene,assets/scenes/production/blender_scene,True,SAFE_RELATIVE,relative and inside blender_scene/ -> moves with the folder,source=FILE users=2
Image,Image_51,//textures\Image_51.png,E:\CODING\GitHub\FoundationPose\data\pallet\blender_scene\textures\Image_51.png,True,False,True,True,True,blender_scene,assets/scenes/production/blender_scene,True,SAFE_RELATIVE,relative and inside blender_scene/ -> moves with the folder,source=FILE users=1
Image,Image_52,//textures\Image_52.jpg,E:\CODING\GitHub\FoundationPose\data\pallet\blender_scene\textures\Image_52.jpg,True,False,True,True,True,blender_scene,assets/scenes/production/blender_scene,True,SAFE_RELATIVE,relative and inside blender_scene/ -> moves with the folder,source=FILE users=1
Image,Image_53,//textures\Image_53.png,E:\CODING\GitHub\FoundationPose\data\pallet\blender_scene\textures\Image_53.png,True,False,True,True,True,blender_scene,assets/scenes/production/blender_scene,True,SAFE_RELATIVE,relative and inside blender_scene/ -> moves with the folder,source=FILE users=2
Image,Image_54,//textures\Image_54.png,E:\CODING\GitHub\FoundationPose\data\pallet\blender_scene\textures\Image_54.png,True,False,True,True,True,blender_scene,assets/scenes/production/blender_scene,True,SAFE_RELATIVE,relative and inside blender_scene/ -> moves with the folder,source=FILE users=1
Image,Image_55,//textures\Image_55.jpg,E:\CODING\GitHub\FoundationPose\data\pallet\blender_scene\textures\Image_55.jpg,True,False,True,True,True,blender_scene,assets/scenes/production/blender_scene,True,SAFE_RELATIVE,relative and inside blender_scene/ -> moves with the folder,source=FILE users=1
Image,Image_56,//textures\Image_56.png,E:\CODING\GitHub\FoundationPose\data\pallet\blender_scene\textures\Image_56.png,True,False,True,True,True,blender_scene,assets/scenes/production/blender_scene,True,SAFE_RELATIVE,relative and inside blender_scene/ -> moves with the folder,source=FILE users=2
Image,Image_57,//textures\Image_57.png,E:\CODING\GitHub\FoundationPose\data\pallet\blender_scene\textures\Image_57.png,True,False,True,True,True,blender_scene,assets/scenes/production/blender_scene,True,SAFE_RELATIVE,relative and inside blender_scene/ -> moves with the folder,source=FILE users=1
Image,Image_58,//textures\Image_58.jpg,E:\CODING\GitHub\FoundationPose\data\pallet\blender_scene\textures\Image_58.jpg,True,False,True,True,True,blender_scene,assets/scenes/production/blender_scene,True,SAFE_RELATIVE,relative and inside blender_scene/ -> moves with the folder,source=FILE users=1
Image,Image_59,//textures\Image_59.png,E:\CODING\GitHub\FoundationPose\data\pallet\blender_scene\textures\Image_59.png,True,False,True,True,True,blender_scene,assets/scenes/production/blender_scene,True,SAFE_RELATIVE,relative and inside blender_scene/ -> moves with the folder,source=FILE users=2
Image,Image_6,//textures\Image_6.png,E:\CODING\GitHub\FoundationPose\data\pallet\blender_scene\textures\Image_6.png,True,False,True,True,True,blender_scene,assets/scenes/production/blender_scene,True,SAFE_RELATIVE,relative and inside blender_scene/ -> moves with the folder,source=FILE users=1
Image,Image_6.001,//textures\Image_6.001.png,E:\CODING\GitHub\FoundationPose\data\pallet\blender_scene\textures\Image_6.001.png,True,False,True,True,True,blender_scene,assets/scenes/production/blender_scene,True,SAFE_RELATIVE,relative and inside blender_scene/ -> moves with the folder,source=FILE users=1
Image,Image_6.002,//textures\Image_6.002.png,E:\CODING\GitHub\FoundationPose\data\pallet\blender_scene\textures\Image_6.002.png,True,False,True,True,True,blender_scene,assets/scenes/production/blender_scene,True,SAFE_RELATIVE,relative and inside blender_scene/ -> moves with the folder,source=FILE users=1
Image,Image_60,//textures\Image_60.png,E:\CODING\GitHub\FoundationPose\data\pallet\blender_scene\textures\Image_60.png,True,False,True,True,True,blender_scene,assets/scenes/production/blender_scene,True,SAFE_RELATIVE,relative and inside blender_scene/ -> moves with the folder,source=FILE users=2
Image,Image_61,//textures\Image_61.png,E:\CODING\GitHub\FoundationPose\data\pallet\blender_scene\textures\Image_61.png,True,False,True,True,True,blender_scene,assets/scenes/production/blender_scene,True,SAFE_RELATIVE,relative and inside blender_scene/ -> moves with the folder,source=FILE users=1
Image,Image_62,//textures\Image_62.png,E:\CODING\GitHub\FoundationPose\data\pallet\blender_scene\textures\Image_62.png,True,False,True,True,True,blender_scene,assets/scenes/production/blender_scene,True,SAFE_RELATIVE,relative and inside blender_scene/ -> moves with the folder,source=FILE users=2
Image,Image_63,//textures\Image_63.png,E:\CODING\GitHub\FoundationPose\data\pallet\blender_scene\textures\Image_63.png,True,False,True,True,True,blender_scene,assets/scenes/production/blender_scene,True,SAFE_RELATIVE,relative and inside blender_scene/ -> moves with the folder,source=FILE users=2
Image,Image_64,//textures\Image_64.jpg,E:\CODING\GitHub\FoundationPose\data\pallet\blender_scene\textures\Image_64.jpg,True,False,True,True,True,blender_scene,assets/scenes/production/blender_scene,True,SAFE_RELATIVE,relative and inside blender_scene/ -> moves with the folder,source=FILE users=1
Image,Image_65,//textures\Image_65.png,E:\CODING\GitHub\FoundationPose\data\pallet\blender_scene\textures\Image_65.png,True,False,True,True,True,blender_scene,assets/scenes/production/blender_scene,True,SAFE_RELATIVE,relative and inside blender_scene/ -> moves with the folder,source=FILE users=2
Image,Image_66,//textures\Image_66.png,E:\CODING\GitHub\FoundationPose\data\pallet\blender_scene\textures\Image_66.png,True,False,True,True,True,blender_scene,assets/scenes/production/blender_scene,True,SAFE_RELATIVE,relative and inside blender_scene/ -> moves with the folder,source=FILE users=2
Image,Image_67,//textures\Image_67.jpg,E:\CODING\GitHub\FoundationPose\data\pallet\blender_scene\textures\Image_67.jpg,True,False,True,True,True,blender_scene,assets/scenes/production/blender_scene,True,SAFE_RELATIVE,relative and inside blender_scene/ -> moves with the folder,source=FILE users=1
Image,Image_68,//textures\Image_68.jpg,E:\CODING\GitHub\FoundationPose\data\pallet\blender_scene\textures\Image_68.jpg,True,False,True,True,True,blender_scene,assets/scenes/production/blender_scene,True,SAFE_RELATIVE,relative and inside blender_scene/ -> moves with the folder,source=FILE users=1
Image,Image_69,//textures\Image_69.png,E:\CODING\GitHub\FoundationPose\data\pallet\blender_scene\textures\Image_69.png,True,False,True,True,True,blender_scene,assets/scenes/production/blender_scene,True,SAFE_RELATIVE,relative and inside blender_scene/ -> moves with the folder,source=FILE users=2
Image,Image_7,//textures\Image_7.png,E:\CODING\GitHub\FoundationPose\data\pallet\blender_scene\textures\Image_7.png,True,False,True,True,True,blender_scene,assets/scenes/production/blender_scene,True,SAFE_RELATIVE,relative and inside blender_scene/ -> moves with the folder,source=FILE users=1
Image,Image_7.001,//textures\Image_7.001.png,E:\CODING\GitHub\FoundationPose\data\pallet\blender_scene\textures\Image_7.001.png,True,False,True,True,True,blender_scene,assets/scenes/production/blender_scene,True,SAFE_RELATIVE,relative and inside blender_scene/ -> moves with the folder,source=FILE users=1
Image,Image_7.002,//textures\Image_7.002.png,E:\CODING\GitHub\FoundationPose\data\pallet\blender_scene\textures\Image_7.002.png,True,False,True,True,True,blender_scene,assets/scenes/production/blender_scene,True,SAFE_RELATIVE,relative and inside blender_scene/ -> moves with the folder,source=FILE users=1
Image,Image_70,//textures\Image_70.png,E:\CODING\GitHub\FoundationPose\data\pallet\blender_scene\textures\Image_70.png,True,False,True,True,True,blender_scene,assets/scenes/production/blender_scene,True,SAFE_RELATIVE,relative and inside blender_scene/ -> moves with the folder,source=FILE users=1
Image,Image_71,//textures\Image_71.jpg,E:\CODING\GitHub\FoundationPose\data\pallet\blender_scene\textures\Image_71.jpg,True,False,True,True,True,blender_scene,assets/scenes/production/blender_scene,True,SAFE_RELATIVE,relative and inside blender_scene/ -> moves with the folder,source=FILE users=1
Image,Image_72,//textures\Image_72.png,E:\CODING\GitHub\FoundationPose\data\pallet\blender_scene\textures\Image_72.png,True,False,True,True,True,blender_scene,assets/scenes/production/blender_scene,True,SAFE_RELATIVE,relative and inside blender_scene/ -> moves with the folder,source=FILE users=2
Image,Image_73,//textures\Image_73.png,E:\CODING\GitHub\FoundationPose\data\pallet\blender_scene\textures\Image_73.png,True,False,True,True,True,blender_scene,assets/scenes/production/blender_scene,True,SAFE_RELATIVE,relative and inside blender_scene/ -> moves with the folder,source=FILE users=1
Image,Image_74,//textures\Image_74.jpg,E:\CODING\GitHub\FoundationPose\data\pallet\blender_scene\textures\Image_74.jpg,True,False,True,True,True,blender_scene,assets/scenes/production/blender_scene,True,SAFE_RELATIVE,relative and inside blender_scene/ -> moves with the folder,source=FILE users=2
Image,Image_75,//textures\Image_75.png,E:\CODING\GitHub\FoundationPose\data\pallet\blender_scene\textures\Image_75.png,True,False,True,True,True,blender_scene,assets/scenes/production/blender_scene,True,SAFE_RELATIVE,relative and inside blender_scene/ -> moves with the folder,source=FILE users=2
Image,Image_76,//textures\Image_76.png,E:\CODING\GitHub\FoundationPose\data\pallet\blender_scene\textures\Image_76.png,True,False,True,True,True,blender_scene,assets/scenes/production/blender_scene,True,SAFE_RELATIVE,relative and inside blender_scene/ -> moves with the folder,source=FILE users=1
Image,Image_77,//textures\Image_77.jpg,E:\CODING\GitHub\FoundationPose\data\pallet\blender_scene\textures\Image_77.jpg,True,False,True,True,True,blender_scene,assets/scenes/production/blender_scene,True,SAFE_RELATIVE,relative and inside blender_scene/ -> moves with the folder,source=FILE users=1
Image,Image_78,//textures\Image_78.png,E:\CODING\GitHub\FoundationPose\data\pallet\blender_scene\textures\Image_78.png,True,False,True,True,True,blender_scene,assets/scenes/production/blender_scene,True,SAFE_RELATIVE,relative and inside blender_scene/ -> moves with the folder,source=FILE users=2
Image,Image_79,//textures\Image_79.png,E:\CODING\GitHub\FoundationPose\data\pallet\blender_scene\textures\Image_79.png,True,False,True,True,True,blender_scene,assets/scenes/production/blender_scene,True,SAFE_RELATIVE,relative and inside blender_scene/ -> moves with the folder,source=FILE users=2
Image,Image_8,//textures\Image_8.png,E:\CODING\GitHub\FoundationPose\data\pallet\blender_scene\textures\Image_8.png,True,False,True,True,True,blender_scene,assets/scenes/production/blender_scene,True,SAFE_RELATIVE,relative and inside blender_scene/ -> moves with the folder,source=FILE users=1
Image,Image_8.001,//textures\Image_8.001.png,E:\CODING\GitHub\FoundationPose\data\pallet\blender_scene\textures\Image_8.001.png,True,False,True,True,True,blender_scene,assets/scenes/production/blender_scene,True,SAFE_RELATIVE,relative and inside blender_scene/ -> moves with the folder,source=FILE users=2
Image,Image_8.002,//textures\Image_8.002.png,E:\CODING\GitHub\FoundationPose\data\pallet\blender_scene\textures\Image_8.002.png,True,False,True,True,True,blender_scene,assets/scenes/production/blender_scene,True,SAFE_RELATIVE,relative and inside blender_scene/ -> moves with the folder,source=FILE users=1
Image,Image_80,//textures\Image_80.jpg,E:\CODING\GitHub\FoundationPose\data\pallet\blender_scene\textures\Image_80.jpg,True,False,True,True,True,blender_scene,assets/scenes/production/blender_scene,True,SAFE_RELATIVE,relative and inside blender_scene/ -> moves with the folder,source=FILE users=1
Image,Image_81,//textures\Image_81.png,E:\CODING\GitHub\FoundationPose\data\pallet\blender_scene\textures\Image_81.png,True,False,True,True,True,blender_scene,assets/scenes/production/blender_scene,True,SAFE_RELATIVE,relative and inside blender_scene/ -> moves with the folder,source=FILE users=2
Image,Image_82,//textures\Image_82.png,E:\CODING\GitHub\FoundationPose\data\pallet\blender_scene\textures\Image_82.png,True,False,True,True,True,blender_scene,assets/scenes/production/blender_scene,True,SAFE_RELATIVE,relative and inside blender_scene/ -> moves with the folder,source=FILE users=1
Image,Image_83,//textures\Image_83.jpg,E:\CODING\GitHub\FoundationPose\data\pallet\blender_scene\textures\Image_83.jpg,True,False,True,True,True,blender_scene,assets/scenes/production/blender_scene,True,SAFE_RELATIVE,relative and inside blender_scene/ -> moves with the folder,source=FILE users=1
Image,Image_84,//textures\Image_84.png,E:\CODING\GitHub\FoundationPose\data\pallet\blender_scene\textures\Image_84.png,True,False,True,True,True,blender_scene,assets/scenes/production/blender_scene,True,SAFE_RELATIVE,relative and inside blender_scene/ -> moves with the folder,source=FILE users=2
Image,Image_85,//textures\Image_85.jpg,E:\CODING\GitHub\FoundationPose\data\pallet\blender_scene\textures\Image_85.jpg,True,False,True,True,True,blender_scene,assets/scenes/production/blender_scene,True,SAFE_RELATIVE,relative and inside blender_scene/ -> moves with the folder,source=FILE users=1
Image,Image_86,//textures\Image_86.png,E:\CODING\GitHub\FoundationPose\data\pallet\blender_scene\textures\Image_86.png,True,False,True,True,True,blender_scene,assets/scenes/production/blender_scene,True,SAFE_RELATIVE,relative and inside blender_scene/ -> moves with the folder,source=FILE users=2
Image,Image_87,//textures\Image_87.png,E:\CODING\GitHub\FoundationPose\data\pallet\blender_scene\textures\Image_87.png,True,False,True,True,True,blender_scene,assets/scenes/production/blender_scene,True,SAFE_RELATIVE,relative and inside blender_scene/ -> moves with the folder,source=FILE users=1
Image,Image_88,//textures\Image_88.jpg,E:\CODING\GitHub\FoundationPose\data\pallet\blender_scene\textures\Image_88.jpg,True,False,True,True,True,blender_scene,assets/scenes/production/blender_scene,True,SAFE_RELATIVE,relative and inside blender_scene/ -> moves with the folder,source=FILE users=1
Image,Image_89,//textures\Image_89.png,E:\CODING\GitHub\FoundationPose\data\pallet\blender_scene\textures\Image_89.png,True,False,True,True,True,blender_scene,assets/scenes/production/blender_scene,True,SAFE_RELATIVE,relative and inside blender_scene/ -> moves with the folder,source=FILE users=2
Image,Image_9,//textures\Image_9.png,E:\CODING\GitHub\FoundationPose\data\pallet\blender_scene\textures\Image_9.png,True,False,True,True,True,blender_scene,assets/scenes/production/blender_scene,True,SAFE_RELATIVE,relative and inside blender_scene/ -> moves with the folder,source=FILE users=1
Image,Image_9.001,//textures\Image_9.001.png,E:\CODING\GitHub\FoundationPose\data\pallet\blender_scene\textures\Image_9.001.png,True,False,True,True,True,blender_scene,assets/scenes/production/blender_scene,True,SAFE_RELATIVE,relative and inside blender_scene/ -> moves with the folder,source=FILE users=1
Image,Image_90,//textures\Image_90.png,E:\CODING\GitHub\FoundationPose\data\pallet\blender_scene\textures\Image_90.png,True,False,True,True,True,blender_scene,assets/scenes/production/blender_scene,True,SAFE_RELATIVE,relative and inside blender_scene/ -> moves with the folder,source=FILE users=1
Image,Image_91,//textures\Image_91.jpg,E:\CODING\GitHub\FoundationPose\data\pallet\blender_scene\textures\Image_91.jpg,True,False,True,True,True,blender_scene,assets/scenes/production/blender_scene,True,SAFE_RELATIVE,relative and inside blender_scene/ -> moves with the folder,source=FILE users=1
Image,Image_92,//textures\Image_92.png,E:\CODING\GitHub\FoundationPose\data\pallet\blender_scene\textures\Image_92.png,True,False,True,True,True,blender_scene,assets/scenes/production/blender_scene,True,SAFE_RELATIVE,relative and inside blender_scene/ -> moves with the folder,source=FILE users=2
Image,Image_93,//textures\Image_93.png,E:\CODING\GitHub\FoundationPose\data\pallet\blender_scene\textures\Image_93.png,True,False,True,True,True,blender_scene,assets/scenes/production/blender_scene,True,SAFE_RELATIVE,relative and inside blender_scene/ -> moves with the folder,source=FILE users=1
Image,Image_94,//textures\Image_94.png,E:\CODING\GitHub\FoundationPose\data\pallet\blender_scene\textures\Image_94.png,True,False,True,True,True,blender_scene,assets/scenes/production/blender_scene,True,SAFE_RELATIVE,relative and inside blender_scene/ -> moves with the folder,source=FILE users=1
Image,Image_95,//textures\Image_95.png,E:\CODING\GitHub\FoundationPose\data\pallet\blender_scene\textures\Image_95.png,True,False,True,True,True,blender_scene,assets/scenes/production/blender_scene,True,SAFE_RELATIVE,relative and inside blender_scene/ -> moves with the folder,source=FILE users=2
Image,Image_96,//textures\Image_96.png,E:\CODING\GitHub\FoundationPose\data\pallet\blender_scene\textures\Image_96.png,True,False,True,True,True,blender_scene,assets/scenes/production/blender_scene,True,SAFE_RELATIVE,relative and inside blender_scene/ -> moves with the folder,source=FILE users=1
Image,Image_97,//textures\Image_97.jpg,E:\CODING\GitHub\FoundationPose\data\pallet\blender_scene\textures\Image_97.jpg,True,False,True,True,True,blender_scene,assets/scenes/production/blender_scene,True,SAFE_RELATIVE,relative and inside blender_scene/ -> moves with the folder,source=FILE users=1
Image,Image_98,//textures\Image_98.png,E:\CODING\GitHub\FoundationPose\data\pallet\blender_scene\textures\Image_98.png,True,False,True,True,True,blender_scene,assets/scenes/production/blender_scene,True,SAFE_RELATIVE,relative and inside blender_scene/ -> moves with the folder,source=FILE users=2
Image,Image_99,//textures\Image_99.png,E:\CODING\GitHub\FoundationPose\data\pallet\blender_scene\textures\Image_99.png,True,False,True,True,True,blender_scene,assets/scenes/production/blender_scene,True,SAFE_RELATIVE,relative and inside blender_scene/ -> moves with the folder,source=FILE users=1
Image,industrial_storage_cart_diff,E:\CODING\GitHub\FoundationPose\data\pallet\distractors\medium\ph__industrial_storage_cart\textures\industrial_storage_cart_diff_1k.jpg,E:\CODING\GitHub\FoundationPose\data\pallet\distractors\medium\ph__industrial_storage_cart\textures\industrial_storage_cart_diff_1k.jpg,False,False,True,False,True,distractors,assets/distractors/library,False,BLOCKED_ABSOLUTE,stored as an absolute path -> breaks when the asset moves,source=FILE users=1
Image,industrial_storage_cart_metal-industrial_storage_cart_rough,E:\CODING\GitHub\FoundationPose\data\pallet\distractors\medium\ph__industrial_storage_cart\textures\industrial_storage_cart_arm_1k.jpg,E:\CODING\GitHub\FoundationPose\data\pallet\distractors\medium\ph__industrial_storage_cart\textures\industrial_storage_cart_arm_1k.jpg,False,False,True,False,True,distractors,assets/distractors/library,False,BLOCKED_ABSOLUTE,stored as an absolute path -> breaks when the asset moves,source=FILE users=1
Image,industrial_storage_cart_nor_gl,E:\CODING\GitHub\FoundationPose\data\pallet\distractors\medium\ph__industrial_storage_cart\textures\industrial_storage_cart_nor_gl_1k.jpg,E:\CODING\GitHub\FoundationPose\data\pallet\distractors\medium\ph__industrial_storage_cart\textures\industrial_storage_cart_nor_gl_1k.jpg,False,False,True,False,True,distractors,assets/distractors/library,False,BLOCKED_ABSOLUTE,stored as an absolute path -> breaks when the asset moves,source=FILE users=1
Image,korean_fire_extinguisher_01_body_diff.png,E:\CODING\GitHub\FoundationPose\data\pallet\distractors\medium\ph__korean_fire_extinguisher_01\textures\korean_fire_extinguisher_01_body_diff_1k.jpg,E:\CODING\GitHub\FoundationPose\data\pallet\distractors\medium\ph__korean_fire_extinguisher_01\textures\korean_fire_extinguisher_01_body_diff_1k.jpg,False,False,True,False,True,distractors,assets/distractors/library,False,BLOCKED_ABSOLUTE,stored as an absolute path -> breaks when the asset moves,source=FILE users=1
Image,korean_fire_extinguisher_01_body_metal.png-korean_fire_extinguisher_01_body_rough.png,E:\CODING\GitHub\FoundationPose\data\pallet\distractors\medium\ph__korean_fire_extinguisher_01\textures\korean_fire_extinguisher_01_body_arm_1k.jpg,E:\CODING\GitHub\FoundationPose\data\pallet\distractors\medium\ph__korean_fire_extinguisher_01\textures\korean_fire_extinguisher_01_body_arm_1k.jpg,False,False,True,False,True,distractors,assets/distractors/library,False,BLOCKED_ABSOLUTE,stored as an absolute path -> breaks when the asset moves,source=FILE users=1
Image,korean_fire_extinguisher_01_body_nor_gl,E:\CODING\GitHub\FoundationPose\data\pallet\distractors\medium\ph__korean_fire_extinguisher_01\textures\korean_fire_extinguisher_01_body_nor_gl_1k.jpg,E:\CODING\GitHub\FoundationPose\data\pallet\distractors\medium\ph__korean_fire_extinguisher_01\textures\korean_fire_extinguisher_01_body_nor_gl_1k.jpg,False,False,True,False,True,distractors,assets/distractors/library,False,BLOCKED_ABSOLUTE,stored as an absolute path -> breaks when the asset moves,source=FILE users=1
Image,korean_fire_extinguisher_01_glass_diff,E:\CODING\GitHub\FoundationPose\data\pallet\distractors\medium\ph__korean_fire_extinguisher_01\textures\korean_fire_extinguisher_01_glass_diff_1k.jpg,E:\CODING\GitHub\FoundationPose\data\pallet\distractors\medium\ph__korean_fire_extinguisher_01\textures\korean_fire_extinguisher_01_glass_diff_1k.jpg,False,False,True,False,True,distractors,assets/distractors/library,False,BLOCKED_ABSOLUTE,stored as an absolute path -> breaks when the asset moves,source=FILE users=1
Image,korean_fire_extinguisher_01_glass_metal-korean_fire_extinguisher_01_glass_rough,E:\CODING\GitHub\FoundationPose\data\pallet\distractors\medium\ph__korean_fire_extinguisher_01\textures\korean_fire_extinguisher_01_glass_arm_1k.jpg,E:\CODING\GitHub\FoundationPose\data\pallet\distractors\medium\ph__korean_fire_extinguisher_01\textures\korean_fire_extinguisher_01_glass_arm_1k.jpg,False,False,True,False,True,distractors,assets/distractors/library,False,BLOCKED_ABSOLUTE,stored as an absolute path -> breaks when the asset moves,source=FILE users=1
Image,korean_fire_extinguisher_01_glass_nor_gl,E:\CODING\GitHub\FoundationPose\data\pallet\distractors\medium\ph__korean_fire_extinguisher_01\textures\korean_fire_extinguisher_01_glass_nor_gl_1k.jpg,E:\CODING\GitHub\FoundationPose\data\pallet\distractors\medium\ph__korean_fire_extinguisher_01\textures\korean_fire_extinguisher_01_glass_nor_gl_1k.jpg,False,False,True,False,True,distractors,assets/distractors/library,False,BLOCKED_ABSOLUTE,stored as an absolute path -> breaks when the asset moves,source=FILE users=1
Image,korean_fire_extinguisher_01_paper_diff-korean_fire_extinguisher_01_paper_opacity,E:\CODING\GitHub\FoundationPose\data\pallet\distractors\medium\ph__korean_fire_extinguisher_01\textures\korean_fire_extinguisher_01_paper_diff_1k.jpg,E:\CODING\GitHub\FoundationPose\data\pallet\distractors\medium\ph__korean_fire_extinguisher_01\textures\korean_fire_extinguisher_01_paper_diff_1k.jpg,False,False,True,False,True,distractors,assets/distractors/library,False,BLOCKED_ABSOLUTE,stored as an absolute path -> breaks when the asset moves,source=FILE users=1
Image,korean_fire_extinguisher_01_paper_metal-korean_fire_extinguisher_01_paper_rough,E:\CODING\GitHub\FoundationPose\data\pallet\distractors\medium\ph__korean_fire_extinguisher_01\textures\korean_fire_extinguisher_01_paper_arm_1k.jpg,E:\CODING\GitHub\FoundationPose\data\pallet\distractors\medium\ph__korean_fire_extinguisher_01\textures\korean_fire_extinguisher_01_paper_arm_1k.jpg,False,False,True,False,True,distractors,assets/distractors/library,False,BLOCKED_ABSOLUTE,stored as an absolute path -> breaks when the asset moves,source=FILE users=1
Image,korean_fire_extinguisher_01_paper_nor_gl,E:\CODING\GitHub\FoundationPose\data\pallet\distractors\medium\ph__korean_fire_extinguisher_01\textures\korean_fire_extinguisher_01_paper_nor_gl_1k.jpg,E:\CODING\GitHub\FoundationPose\data\pallet\distractors\medium\ph__korean_fire_extinguisher_01\textures\korean_fire_extinguisher_01_paper_nor_gl_1k.jpg,False,False,True,False,True,distractors,assets/distractors/library,False,BLOCKED_ABSOLUTE,stored as an absolute path -> breaks when the asset moves,source=FILE users=1
Image,ladder_sectioned_01_diff,E:\CODING\GitHub\FoundationPose\data\pallet\distractors\large\ph__ladder_sectioned_01\textures\ladder_sectioned_01_diff_1k.jpg,E:\CODING\GitHub\FoundationPose\data\pallet\distractors\large\ph__ladder_sectioned_01\textures\ladder_sectioned_01_diff_1k.jpg,False,False,True,False,True,distractors,assets/distractors/library,False,BLOCKED_ABSOLUTE,stored as an absolute path -> breaks when the asset moves,source=FILE users=1
Image,ladder_sectioned_01_metal-ladder_sectioned_01_rough,E:\CODING\GitHub\FoundationPose\data\pallet\distractors\large\ph__ladder_sectioned_01\textures\ladder_sectioned_01_arm_1k.jpg,E:\CODING\GitHub\FoundationPose\data\pallet\distractors\large\ph__ladder_sectioned_01\textures\ladder_sectioned_01_arm_1k.jpg,False,False,True,False,True,distractors,assets/distractors/library,False,BLOCKED_ABSOLUTE,stored as an absolute path -> breaks when the asset moves,source=FILE users=1
Image,ladder_sectioned_01_nor_gl,E:\CODING\GitHub\FoundationPose\data\pallet\distractors\large\ph__ladder_sectioned_01\textures\ladder_sectioned_01_nor_gl_1k.jpg,E:\CODING\GitHub\FoundationPose\data\pallet\distractors\large\ph__ladder_sectioned_01\textures\ladder_sectioned_01_nor_gl_1k.jpg,False,False,True,False,True,distractors,assets/distractors/library,False,BLOCKED_ABSOLUTE,stored as an absolute path -> breaks when the asset moves,source=FILE users=1
Image,lamp3_m_diffuse.jpeg,//..\background\parking_lot\textures\lamp3_m_diffuse.jpeg,E:\CODING\GitHub\FoundationPose\data\pallet\background\parking_lot\textures\lamp3_m_diffuse.jpeg,True,True,True,False,True,blender_scene,(packed),True,SAFE_RELATIVE,packed into the .blend,source=FILE users=1
Image,lamp3_m_normal.png,//..\background\parking_lot\textures\lamp3_m_normal.png,E:\CODING\GitHub\FoundationPose\data\pallet\background\parking_lot\textures\lamp3_m_normal.png,True,True,True,False,True,blender_scene,(packed),True,SAFE_RELATIVE,packed into the .blend,source=FILE users=1
Image,lampframe_m_diffuse.jpeg,//..\background\parking_lot\textures\lampframe_m_diffuse.jpeg,E:\CODING\GitHub\FoundationPose\data\pallet\background\parking_lot\textures\lampframe_m_diffuse.jpeg,True,True,True,False,True,blender_scene,(packed),True,SAFE_RELATIVE,packed into the .blend,source=FILE users=1
Image,lampframe_m_normal.png,//..\background\parking_lot\textures\lampframe_m_normal.png,E:\CODING\GitHub\FoundationPose\data\pallet\background\parking_lot\textures\lampframe_m_normal.png,True,True,True,False,True,blender_scene,(packed),True,SAFE_RELATIVE,packed into the .blend,source=FILE users=1
Image,lampgrill_m_diffuse.jpeg,//..\background\parking_lot\textures\lampgrill_m_diffuse.jpeg,E:\CODING\GitHub\FoundationPose\data\pallet\background\parking_lot\textures\lampgrill_m_diffuse.jpeg,True,True,True,False,True,blender_scene,(packed),True,SAFE_RELATIVE,packed into the .blend,source=FILE users=1
Image,lampgrill_m_normal.png,//..\background\parking_lot\textures\lampgrill_m_normal.png,E:\CODING\GitHub\FoundationPose\data\pallet\background\parking_lot\textures\lampgrill_m_normal.png,True,True,True,False,True,blender_scene,(packed),True,SAFE_RELATIVE,packed into the .blend,source=FILE users=1
Image,marks_m_diffuse.jpeg,//..\background\parking_lot\textures\marks_m_diffuse.jpeg,E:\CODING\GitHub\FoundationPose\data\pallet\background\parking_lot\textures\marks_m_diffuse.jpeg,True,True,True,False,True,blender_scene,(packed),True,SAFE_RELATIVE,packed into the .blend,source=FILE users=1
Image,marks_m_normal.png,//..\background\parking_lot\textures\marks_m_normal.png,E:\CODING\GitHub\FoundationPose\data\pallet\background\parking_lot\textures\marks_m_normal.png,True,True,True,False,True,blender_scene,(packed),True,SAFE_RELATIVE,packed into the .blend,source=FILE users=1
Image,material_0_baseColor.png,//..\background\modular_buildings_industrial_area\textures\material_0_baseColor.png,E:\CODING\GitHub\FoundationPose\data\pallet\background\modular_buildings_industrial_area\textures\material_0_baseColor.png,True,True,True,False,True,blender_scene,(packed),True,SAFE_RELATIVE,packed into the .blend,source=FILE users=1
Image,material_0_normal.png,//..\background\modular_buildings_industrial_area\textures\material_0_normal.png,E:\CODING\GitHub\FoundationPose\data\pallet\background\modular_buildings_industrial_area\textures\material_0_normal.png,True,True,True,False,True,blender_scene,(packed),True,SAFE_RELATIVE,packed into the .blend,source=FILE users=1
Image,material_1_baseColor.png,//..\background\modular_buildings_industrial_area\textures\material_1_baseColor.png,E:\CODING\GitHub\FoundationPose\data\pallet\background\modular_buildings_industrial_area\textures\material_1_baseColor.png,True,True,True,False,True,blender_scene,(packed),True,SAFE_RELATIVE,packed into the .blend,source=FILE users=1
Image,material_1_normal.png,//..\background\modular_buildings_industrial_area\textures\material_1_normal.png,E:\CODING\GitHub\FoundationPose\data\pallet\background\modular_buildings_industrial_area\textures\material_1_normal.png,True,True,True,False,True,blender_scene,(packed),True,SAFE_RELATIVE,packed into the .blend,source=FILE users=1
Image,material_baseColor.png,//..\..\..\..\..\..\AppData\Local\Temp\tmpdx_5o_f2\textures\material_baseColor.png,E:\AppData\Local\Temp\tmpdx_5o_f2\textures\material_baseColor.png,True,True,False,False,False,blender_scene,(packed),True,SAFE_RELATIVE,packed into the .blend,source=FILE users=1
Image,material_metallicRoughness.png,//..\..\..\..\..\..\AppData\Local\Temp\tmpdx_5o_f2\textures\material_metallicRoughness.png,E:\AppData\Local\Temp\tmpdx_5o_f2\textures\material_metallicRoughness.png,True,True,False,False,False,blender_scene,(packed),True,SAFE_RELATIVE,packed into the .blend,source=FILE users=2
Image,metal_jerrycan_diff,E:\CODING\GitHub\FoundationPose\data\pallet\distractors\small\ph__metal_jerrycan\textures\metal_jerrycan_diff_1k.jpg,E:\CODING\GitHub\FoundationPose\data\pallet\distractors\small\ph__metal_jerrycan\textures\metal_jerrycan_diff_1k.jpg,False,False,True,False,True,distractors,assets/distractors/library,False,BLOCKED_ABSOLUTE,stored as an absolute path -> breaks when the asset moves,source=FILE users=1
Image,metal_jerrycan_metal-metal_jerrycan_rough,E:\CODING\GitHub\FoundationPose\data\pallet\distractors\small\ph__metal_jerrycan\textures\metal_jerrycan_arm_1k.jpg,E:\CODING\GitHub\FoundationPose\data\pallet\distractors\small\ph__metal_jerrycan\textures\metal_jerrycan_arm_1k.jpg,False,False,True,False,True,distractors,assets/distractors/library,False,BLOCKED_ABSOLUTE,stored as an absolute path -> breaks when the asset moves,source=FILE users=1
Image,metal_jerrycan_nor_gl,E:\CODING\GitHub\FoundationPose\data\pallet\distractors\small\ph__metal_jerrycan\textures\metal_jerrycan_nor_gl_1k.jpg,E:\CODING\GitHub\FoundationPose\data\pallet\distractors\small\ph__metal_jerrycan\textures\metal_jerrycan_nor_gl_1k.jpg,False,False,True,False,True,distractors,assets/distractors/library,False,BLOCKED_ABSOLUTE,stored as an absolute path -> breaks when the asset moves,source=FILE users=1
Image,metal_office_desk_diff,E:\CODING\GitHub\FoundationPose\data\pallet\distractors\medium\ph__metal_office_desk\textures\metal_office_desk_diff_1k.jpg,E:\CODING\GitHub\FoundationPose\data\pallet\distractors\medium\ph__metal_office_desk\textures\metal_office_desk_diff_1k.jpg,False,False,True,False,True,distractors,assets/distractors/library,False,BLOCKED_ABSOLUTE,stored as an absolute path -> breaks when the asset moves,source=FILE users=1
Image,metal_office_desk_metal-metal_office_desk_rough,E:\CODING\GitHub\FoundationPose\data\pallet\distractors\medium\ph__metal_office_desk\textures\metal_office_desk_arm_1k.jpg,E:\CODING\GitHub\FoundationPose\data\pallet\distractors\medium\ph__metal_office_desk\textures\metal_office_desk_arm_1k.jpg,False,False,True,False,True,distractors,assets/distractors/library,False,BLOCKED_ABSOLUTE,stored as an absolute path -> breaks when the asset moves,source=FILE users=1
Image,metal_office_desk_nor_gl,E:\CODING\GitHub\FoundationPose\data\pallet\distractors\medium\ph__metal_office_desk\textures\metal_office_desk_nor_gl_1k.jpg,E:\CODING\GitHub\FoundationPose\data\pallet\distractors\medium\ph__metal_office_desk\textures\metal_office_desk_nor_gl_1k.jpg,False,False,True,False,True,distractors,assets/distractors/library,False,BLOCKED_ABSOLUTE,stored as an absolute path -> breaks when the asset moves,source=FILE users=1
Image,Metal_Roof_baseColor.png,//..\background\modular_buildings_industrial_area\textures\Metal_Roof_baseColor.png,E:\CODING\GitHub\FoundationPose\data\pallet\background\modular_buildings_industrial_area\textures\Metal_Roof_baseColor.png,True,True,True,False,True,blender_scene,(packed),True,SAFE_RELATIVE,packed into the .blend,source=FILE users=1
Image,Metal_Roof_normal.png,//..\background\modular_buildings_industrial_area\textures\Metal_Roof_normal.png,E:\CODING\GitHub\FoundationPose\data\pallet\background\modular_buildings_industrial_area\textures\Metal_Roof_normal.png,True,True,True,False,True,blender_scene,(packed),True,SAFE_RELATIVE,packed into the .blend,source=FILE users=1
Image,metal_stool_01_diff,E:\CODING\GitHub\FoundationPose\data\pallet\distractors\medium\ph__metal_stool_01\textures\metal_stool_01_diff_1k.jpg,E:\CODING\GitHub\FoundationPose\data\pallet\distractors\medium\ph__metal_stool_01\textures\metal_stool_01_diff_1k.jpg,False,False,True,False,True,distractors,assets/distractors/library,False,BLOCKED_ABSOLUTE,stored as an absolute path -> breaks when the asset moves,source=FILE users=1
Image,metal_stool_01_metal-metal_stool_01_rough,E:\CODING\GitHub\FoundationPose\data\pallet\distractors\medium\ph__metal_stool_01\textures\metal_stool_01_arm_1k.jpg,E:\CODING\GitHub\FoundationPose\data\pallet\distractors\medium\ph__metal_stool_01\textures\metal_stool_01_arm_1k.jpg,False,False,True,False,True,distractors,assets/distractors/library,False,BLOCKED_ABSOLUTE,stored as an absolute path -> breaks when the asset moves,source=FILE users=1
Image,metal_stool_01_nor_gl,E:\CODING\GitHub\FoundationPose\data\pallet\distractors\medium\ph__metal_stool_01\textures\metal_stool_01_nor_gl_1k.jpg,E:\CODING\GitHub\FoundationPose\data\pallet\distractors\medium\ph__metal_stool_01\textures\metal_stool_01_nor_gl_1k.jpg,False,False,True,False,True,distractors,assets/distractors/library,False,BLOCKED_ABSOLUTE,stored as an absolute path -> breaks when the asset moves,source=FILE users=1
Image,metal_tool_chest_diff,E:\CODING\GitHub\FoundationPose\data\pallet\distractors\medium\ph__metal_tool_chest\textures\metal_tool_chest_diff_1k.jpg,E:\CODING\GitHub\FoundationPose\data\pallet\distractors\medium\ph__metal_tool_chest\textures\metal_tool_chest_diff_1k.jpg,False,False,True,False,True,distractors,assets/distractors/library,False,BLOCKED_ABSOLUTE,stored as an absolute path -> breaks when the asset moves,source=FILE users=1
Image,metal_tool_chest_metal-metal_tool_chest_rough,E:\CODING\GitHub\FoundationPose\data\pallet\distractors\medium\ph__metal_tool_chest\textures\metal_tool_chest_arm_1k.jpg,E:\CODING\GitHub\FoundationPose\data\pallet\distractors\medium\ph__metal_tool_chest\textures\metal_tool_chest_arm_1k.jpg,False,False,True,False,True,distractors,assets/distractors/library,False,BLOCKED_ABSOLUTE,stored as an absolute path -> breaks when the asset moves,source=FILE users=1
Image,metal_tool_chest_nor_gl,E:\CODING\GitHub\FoundationPose\data\pallet\distractors\medium\ph__metal_tool_chest\textures\metal_tool_chest_nor_gl_1k.jpg,E:\CODING\GitHub\FoundationPose\data\pallet\distractors\medium\ph__metal_tool_chest\textures\metal_tool_chest_nor_gl_1k.jpg,False,False,True,False,True,distractors,assets/distractors/library,False,BLOCKED_ABSOLUTE,stored as an absolute path -> breaks when the asset moves,source=FILE users=1
Image,metal_toolbox_diff,E:\CODING\GitHub\FoundationPose\data\pallet\distractors\medium\ph__metal_toolbox\textures\metal_toolbox_diff_1k.jpg,E:\CODING\GitHub\FoundationPose\data\pallet\distractors\medium\ph__metal_toolbox\textures\metal_toolbox_diff_1k.jpg,False,False,True,False,True,distractors,assets/distractors/library,False,BLOCKED_ABSOLUTE,stored as an absolute path -> breaks when the asset moves,source=FILE users=1
Image,metal_toolbox_metal-metal_toolbox_rough,E:\CODING\GitHub\FoundationPose\data\pallet\distractors\medium\ph__metal_toolbox\textures\metal_toolbox_arm_1k.jpg,E:\CODING\GitHub\FoundationPose\data\pallet\distractors\medium\ph__metal_toolbox\textures\metal_toolbox_arm_1k.jpg,False,False,True,False,True,distractors,assets/distractors/library,False,BLOCKED_ABSOLUTE,stored as an absolute path -> breaks when the asset moves,source=FILE users=1
Image,metal_toolbox_nor_gl,E:\CODING\GitHub\FoundationPose\data\pallet\distractors\medium\ph__metal_toolbox\textures\metal_toolbox_nor_gl_1k.jpg,E:\CODING\GitHub\FoundationPose\data\pallet\distractors\medium\ph__metal_toolbox\textures\metal_toolbox_nor_gl_1k.jpg,False,False,True,False,True,distractors,assets/distractors/library,False,BLOCKED_ABSOLUTE,stored as an absolute path -> breaks when the asset moves,source=FILE users=1
Image,metal_trash_can_diff,E:\CODING\GitHub\FoundationPose\data\pallet\distractors\medium\ph__metal_trash_can\textures\metal_trash_can_diff_1k.jpg,E:\CODING\GitHub\FoundationPose\data\pallet\distractors\medium\ph__metal_trash_can\textures\metal_trash_can_diff_1k.jpg,False,False,True,False,True,distractors,assets/distractors/library,False,BLOCKED_ABSOLUTE,stored as an absolute path -> breaks when the asset moves,source=FILE users=1
Image,metal_trash_can_metal-metal_trash_can_rough,E:\CODING\GitHub\FoundationPose\data\pallet\distractors\medium\ph__metal_trash_can\textures\metal_trash_can_arm_1k.jpg,E:\CODING\GitHub\FoundationPose\data\pallet\distractors\medium\ph__metal_trash_can\textures\metal_trash_can_arm_1k.jpg,False,False,True,False,True,distractors,assets/distractors/library,False,BLOCKED_ABSOLUTE,stored as an absolute path -> breaks when the asset moves,source=FILE users=1
Image,metal_trash_can_nor_gl,E:\CODING\GitHub\FoundationPose\data\pallet\distractors\medium\ph__metal_trash_can\textures\metal_trash_can_nor_gl_1k.jpg,E:\CODING\GitHub\FoundationPose\data\pallet\distractors\medium\ph__metal_trash_can\textures\metal_trash_can_nor_gl_1k.jpg,False,False,True,False,True,distractors,assets/distractors/library,False,BLOCKED_ABSOLUTE,stored as an absolute path -> breaks when the asset moves,source=FILE users=1
Image,metal_trash_can_rust_diff,E:\CODING\GitHub\FoundationPose\data\pallet\distractors\medium\ph__metal_trash_can\textures\metal_trash_can_rust_diff_1k.jpg,E:\CODING\GitHub\FoundationPose\data\pallet\distractors\medium\ph__metal_trash_can\textures\metal_trash_can_rust_diff_1k.jpg,False,False,True,False,True,distractors,assets/distractors/library,False,BLOCKED_ABSOLUTE,stored as an absolute path -> breaks when the asset moves,source=FILE users=2
Image,metal_trash_can_rust_metal-metal_trash_can_rust_rough,E:\CODING\GitHub\FoundationPose\data\pallet\distractors\medium\ph__metal_trash_can\textures\metal_trash_can_rust_arm_1k.jpg,E:\CODING\GitHub\FoundationPose\data\pallet\distractors\medium\ph__metal_trash_can\textures\metal_trash_can_rust_arm_1k.jpg,False,False,True,False,True,distractors,assets/distractors/library,False,BLOCKED_ABSOLUTE,stored as an absolute path -> breaks when the asset moves,source=FILE users=2
Image,metal_trash_can_rust_nor_gl,E:\CODING\GitHub\FoundationPose\data\pallet\distractors\medium\ph__metal_trash_can\textures\metal_trash_can_rust_nor_gl_1k.jpg,E:\CODING\GitHub\FoundationPose\data\pallet\distractors\medium\ph__metal_trash_can\textures\metal_trash_can_rust_nor_gl_1k.jpg,False,False,True,False,True,distractors,assets/distractors/library,False,BLOCKED_ABSOLUTE,stored as an absolute path -> breaks when the asset moves,source=FILE users=2
Image,modular_chainlink_fence_posts_diff,E:\CODING\GitHub\FoundationPose\data\pallet\distractors\road\ph__modular_chainlink_fence\textures\modular_chainlink_fence_posts_diff_1k.jpg,E:\CODING\GitHub\FoundationPose\data\pallet\distractors\road\ph__modular_chainlink_fence\textures\modular_chainlink_fence_posts_diff_1k.jpg,False,False,True,False,True,distractors,assets/distractors/library,False,BLOCKED_ABSOLUTE,stored as an absolute path -> breaks when the asset moves,source=FILE users=1
Image,modular_chainlink_fence_posts_metal-modular_chainlink_fence_posts_rough,E:\CODING\GitHub\FoundationPose\data\pallet\distractors\road\ph__modular_chainlink_fence\textures\modular_chainlink_fence_posts_arm_1k.jpg,E:\CODING\GitHub\FoundationPose\data\pallet\distractors\road\ph__modular_chainlink_fence\textures\modular_chainlink_fence_posts_arm_1k.jpg,False,False,True,False,True,distractors,assets/distractors/library,False,BLOCKED_ABSOLUTE,stored as an absolute path -> breaks when the asset moves,source=FILE users=1
Image,modular_chainlink_fence_posts_nor_gl,E:\CODING\GitHub\FoundationPose\data\pallet\distractors\road\ph__modular_chainlink_fence\textures\modular_chainlink_fence_posts_nor_gl_1k.jpg,E:\CODING\GitHub\FoundationPose\data\pallet\distractors\road\ph__modular_chainlink_fence\textures\modular_chainlink_fence_posts_nor_gl_1k.jpg,False,False,True,False,True,distractors,assets/distractors/library,False,BLOCKED_ABSOLUTE,stored as an absolute path -> breaks when the asset moves,source=FILE users=1
Image,modular_chainlink_fence_wire_diff-modular_chainlink_fence_wire_opacity,E:\CODING\GitHub\FoundationPose\data\pallet\distractors\road\ph__modular_chainlink_fence\textures\modular_chainlink_fence_wire_diff_1k.jpg,E:\CODING\GitHub\FoundationPose\data\pallet\distractors\road\ph__modular_chainlink_fence\textures\modular_chainlink_fence_wire_diff_1k.jpg,False,False,True,False,True,distractors,assets/distractors/library,False,BLOCKED_ABSOLUTE,stored as an absolute path -> breaks when the asset moves,source=FILE users=1
Image,modular_chainlink_fence_wire_metal-modular_chainlink_fence_wire_rough,E:\CODING\GitHub\FoundationPose\data\pallet\distractors\road\ph__modular_chainlink_fence\textures\modular_chainlink_fence_wire_arm_1k.jpg,E:\CODING\GitHub\FoundationPose\data\pallet\distractors\road\ph__modular_chainlink_fence\textures\modular_chainlink_fence_wire_arm_1k.jpg,False,False,True,False,True,distractors,assets/distractors/library,False,BLOCKED_ABSOLUTE,stored as an absolute path -> breaks when the asset moves,source=FILE users=1
Image,modular_chainlink_fence_wire_nor_gl,E:\CODING\GitHub\FoundationPose\data\pallet\distractors\road\ph__modular_chainlink_fence\textures\modular_chainlink_fence_wire_nor_gl_1k.jpg,E:\CODING\GitHub\FoundationPose\data\pallet\distractors\road\ph__modular_chainlink_fence\textures\modular_chainlink_fence_wire_nor_gl_1k.jpg,False,False,True,False,True,distractors,assets/distractors/library,False,BLOCKED_ABSOLUTE,stored as an absolute path -> breaks when the asset moves,source=FILE users=1
Image,multi_cleaner_5_litre_diff,E:\CODING\GitHub\FoundationPose\data\pallet\distractors\indoor\ph__multi_cleaner_5_litre\textures\multi_cleaner_5_litre_diff_1k.jpg,E:\CODING\GitHub\FoundationPose\data\pallet\distractors\indoor\ph__multi_cleaner_5_litre\textures\multi_cleaner_5_litre_diff_1k.jpg,False,False,True,False,True,distractors,assets/distractors/library,False,BLOCKED_ABSOLUTE,stored as an absolute path -> breaks when the asset moves,source=FILE users=1
Image,multi_cleaner_5_litre_nor_gl,E:\CODING\GitHub\FoundationPose\data\pallet\distractors\indoor\ph__multi_cleaner_5_litre\textures\multi_cleaner_5_litre_nor_gl_1k.jpg,E:\CODING\GitHub\FoundationPose\data\pallet\distractors\indoor\ph__multi_cleaner_5_litre\textures\multi_cleaner_5_litre_nor_gl_1k.jpg,False,False,True,False,True,distractors,assets/distractors/library,False,BLOCKED_ABSOLUTE,stored as an absolute path -> breaks when the asset moves,source=FILE users=1
Image,multi_cleaner_5_litre_rough,E:\CODING\GitHub\FoundationPose\data\pallet\distractors\indoor\ph__multi_cleaner_5_litre\textures\multi_cleaner_5_litre_arm_1k.jpg,E:\CODING\GitHub\FoundationPose\data\pallet\distractors\indoor\ph__multi_cleaner_5_litre\textures\multi_cleaner_5_litre_arm_1k.jpg,False,False,True,False,True,distractors,assets/distractors/library,False,BLOCKED_ABSOLUTE,stored as an absolute path -> breaks when the asset moves,source=FILE users=1
Image,Netting_baseColor.png,//..\background\modular_buildings_industrial_area\textures\Netting_baseColor.png,E:\CODING\GitHub\FoundationPose\data\pallet\background\modular_buildings_industrial_area\textures\Netting_baseColor.png,True,True,True,False,True,blender_scene,(packed),True,SAFE_RELATIVE,packed into the .blend,source=FILE users=1
Image,Netting_normal.png,//..\background\modular_buildings_industrial_area\textures\Netting_normal.png,E:\CODING\GitHub\FoundationPose\data\pallet\background\modular_buildings_industrial_area\textures\Netting_normal.png,True,True,True,False,True,blender_scene,(packed),True,SAFE_RELATIVE,packed into the .blend,source=FILE users=1
Image,oil_tin_diff,E:\CODING\GitHub\FoundationPose\data\pallet\distractors\small\ph__oil_tin\textures\oil_tin_diff_1k.jpg,E:\CODING\GitHub\FoundationPose\data\pallet\distractors\small\ph__oil_tin\textures\oil_tin_diff_1k.jpg,False,False,True,False,True,distractors,assets/distractors/library,False,BLOCKED_ABSOLUTE,stored as an absolute path -> breaks when the asset moves,source=FILE users=1
Image,oil_tin_metal-oil_tin_rough,E:\CODING\GitHub\FoundationPose\data\pallet\distractors\small\ph__oil_tin\textures\oil_tin_arm_1k.jpg,E:\CODING\GitHub\FoundationPose\data\pallet\distractors\small\ph__oil_tin\textures\oil_tin_arm_1k.jpg,False,False,True,False,True,distractors,assets/distractors/library,False,BLOCKED_ABSOLUTE,stored as an absolute path -> breaks when the asset moves,source=FILE users=1
Image,oil_tin_nor_gl,E:\CODING\GitHub\FoundationPose\data\pallet\distractors\small\ph__oil_tin\textures\oil_tin_nor_gl_1k.jpg,E:\CODING\GitHub\FoundationPose\data\pallet\distractors\small\ph__oil_tin\textures\oil_tin_nor_gl_1k.jpg,False,False,True,False,True,distractors,assets/distractors/library,False,BLOCKED_ABSOLUTE,stored as an absolute path -> breaks when the asset moves,source=FILE users=1
Image,old_military_compressor_diff,E:\CODING\GitHub\FoundationPose\data\pallet\distractors\large\ph__old_military_compressor\textures\old_military_compressor_diff_1k.jpg,E:\CODING\GitHub\FoundationPose\data\pallet\distractors\large\ph__old_military_compressor\textures\old_military_compressor_diff_1k.jpg,False,False,True,False,True,distractors,assets/distractors/library,False,BLOCKED_ABSOLUTE,stored as an absolute path -> breaks when the asset moves,source=FILE users=2
Image,old_military_compressor_metal-old_military_compressor_rough,E:\CODING\GitHub\FoundationPose\data\pallet\distractors\large\ph__old_military_compressor\textures\old_military_compressor_arm_1k.jpg,E:\CODING\GitHub\FoundationPose\data\pallet\distractors\large\ph__old_military_compressor\textures\old_military_compressor_arm_1k.jpg,False,False,True,False,True,distractors,assets/distractors/library,False,BLOCKED_ABSOLUTE,stored as an absolute path -> breaks when the asset moves,source=FILE users=2
Image,old_military_compressor_nor_gl,E:\CODING\GitHub\FoundationPose\data\pallet\distractors\large\ph__old_military_compressor\textures\old_military_compressor_nor_gl_1k.jpg,E:\CODING\GitHub\FoundationPose\data\pallet\distractors\large\ph__old_military_compressor\textures\old_military_compressor_nor_gl_1k.jpg,False,False,True,False,True,distractors,assets/distractors/library,False,BLOCKED_ABSOLUTE,stored as an absolute path -> breaks when the asset moves,source=FILE users=2
Image,old_military_crate_diff,E:\CODING\GitHub\FoundationPose\data\pallet\distractors\medium\ph__old_military_crate\textures\old_military_crate_diff_1k.jpg,E:\CODING\GitHub\FoundationPose\data\pallet\distractors\medium\ph__old_military_crate\textures\old_military_crate_diff_1k.jpg,False,False,True,False,True,distractors,assets/distractors/library,False,BLOCKED_ABSOLUTE,stored as an absolute path -> breaks when the asset moves,source=FILE users=1
Image,old_military_crate_metal-old_military_crate_rough,E:\CODING\GitHub\FoundationPose\data\pallet\distractors\medium\ph__old_military_crate\textures\old_military_crate_arm_1k.jpg,E:\CODING\GitHub\FoundationPose\data\pallet\distractors\medium\ph__old_military_crate\textures\old_military_crate_arm_1k.jpg,False,False,True,False,True,distractors,assets/distractors/library,False,BLOCKED_ABSOLUTE,stored as an absolute path -> breaks when the asset moves,source=FILE users=1
Image,old_military_crate_nor_gl,E:\CODING\GitHub\FoundationPose\data\pallet\distractors\medium\ph__old_military_crate\textures\old_military_crate_nor_gl_1k.jpg,E:\CODING\GitHub\FoundationPose\data\pallet\distractors\medium\ph__old_military_crate\textures\old_military_crate_nor_gl_1k.jpg,False,False,True,False,True,distractors,assets/distractors/library,False,BLOCKED_ABSOLUTE,stored as an absolute path -> breaks when the asset moves,source=FILE users=1
Image,old_tyre_diff,E:\CODING\GitHub\FoundationPose\data\pallet\distractors\medium\ph__old_tyre\textures\old_tyre_diff_1k.jpg,E:\CODING\GitHub\FoundationPose\data\pallet\distractors\medium\ph__old_tyre\textures\old_tyre_diff_1k.jpg,False,False,True,False,True,distractors,assets/distractors/library,False,BLOCKED_ABSOLUTE,stored as an absolute path -> breaks when the asset moves,source=FILE users=1
Image,old_tyre_nor_gl,E:\CODING\GitHub\FoundationPose\data\pallet\distractors\medium\ph__old_tyre\textures\old_tyre_nor_gl_1k.jpg,E:\CODING\GitHub\FoundationPose\data\pallet\distractors\medium\ph__old_tyre\textures\old_tyre_nor_gl_1k.jpg,False,False,True,False,True,distractors,assets/distractors/library,False,BLOCKED_ABSOLUTE,stored as an absolute path -> breaks when the asset moves,source=FILE users=1
Image,old_tyre_rough,E:\CODING\GitHub\FoundationPose\data\pallet\distractors\medium\ph__old_tyre\textures\old_tyre_arm_1k.jpg,E:\CODING\GitHub\FoundationPose\data\pallet\distractors\medium\ph__old_tyre\textures\old_tyre_arm_1k.jpg,False,False,True,False,True,distractors,assets/distractors/library,False,BLOCKED_ABSOLUTE,stored as an absolute path -> breaks when the asset moves,source=FILE users=1
Image,painted_wooden_cabinet_diff,E:\CODING\GitHub\FoundationPose\data\pallet\distractors\indoor\ph__painted_wooden_cabinet\textures\painted_wooden_cabinet_diff_1k.jpg,E:\CODING\GitHub\FoundationPose\data\pallet\distractors\indoor\ph__painted_wooden_cabinet\textures\painted_wooden_cabinet_diff_1k.jpg,False,False,True,False,True,distractors,assets/distractors/library,False,BLOCKED_ABSOLUTE,stored as an absolute path -> breaks when the asset moves,source=FILE users=1
Image,painted_wooden_cabinet_metal-painted_wooden_cabinet_rough,E:\CODING\GitHub\FoundationPose\data\pallet\distractors\indoor\ph__painted_wooden_cabinet\textures\painted_wooden_cabinet_arm_1k.jpg,E:\CODING\GitHub\FoundationPose\data\pallet\distractors\indoor\ph__painted_wooden_cabinet\textures\painted_wooden_cabinet_arm_1k.jpg,False,False,True,False,True,distractors,assets/distractors/library,False,BLOCKED_ABSOLUTE,stored as an absolute path -> breaks when the asset moves,source=FILE users=1
Image,painted_wooden_cabinet_nor_gl,E:\CODING\GitHub\FoundationPose\data\pallet\distractors\indoor\ph__painted_wooden_cabinet\textures\painted_wooden_cabinet_nor_gl_1k.jpg,E:\CODING\GitHub\FoundationPose\data\pallet\distractors\indoor\ph__painted_wooden_cabinet\textures\painted_wooden_cabinet_nor_gl_1k.jpg,False,False,True,False,True,distractors,assets/distractors/library,False,BLOCKED_ABSOLUTE,stored as an absolute path -> breaks when the asset moves,source=FILE users=1
Image,pipechair1_m_diffuse.jpeg,//..\background\parking_lot\textures\pipechair1_m_diffuse.jpeg,E:\CODING\GitHub\FoundationPose\data\pallet\background\parking_lot\textures\pipechair1_m_diffuse.jpeg,True,True,True,False,True,blender_scene,(packed),True,SAFE_RELATIVE,packed into the .blend,source=FILE users=1
Image,pipechair1_m_normal.png,//..\background\parking_lot\textures\pipechair1_m_normal.png,E:\CODING\GitHub\FoundationPose\data\pallet\background\parking_lot\textures\pipechair1_m_normal.png,True,True,True,False,True,blender_scene,(packed),True,SAFE_RELATIVE,packed into the .blend,source=FILE users=1
Image,planter_box_01_diff,E:\CODING\GitHub\FoundationPose\data\pallet\distractors\medium\ph__planter_box_01\textures\planter_box_01_diff_1k.jpg,E:\CODING\GitHub\FoundationPose\data\pallet\distractors\medium\ph__planter_box_01\textures\planter_box_01_diff_1k.jpg,False,False,True,False,True,distractors,assets/distractors/library,False,BLOCKED_ABSOLUTE,stored as an absolute path -> breaks when the asset moves,source=FILE users=1
Image,planter_box_01_metal-planter_box_01_rough,E:\CODING\GitHub\FoundationPose\data\pallet\distractors\medium\ph__planter_box_01\textures\planter_box_01_arm_1k.jpg,E:\CODING\GitHub\FoundationPose\data\pallet\distractors\medium\ph__planter_box_01\textures\planter_box_01_arm_1k.jpg,False,False,True,False,True,distractors,assets/distractors/library,False,BLOCKED_ABSOLUTE,stored as an absolute path -> breaks when the asset moves,source=FILE users=1
Image,planter_box_01_nor_gl,E:\CODING\GitHub\FoundationPose\data\pallet\distractors\medium\ph__planter_box_01\textures\planter_box_01_nor_gl_1k.jpg,E:\CODING\GitHub\FoundationPose\data\pallet\distractors\medium\ph__planter_box_01\textures\planter_box_01_nor_gl_1k.jpg,False,False,True,False,True,distractors,assets/distractors/library,False,BLOCKED_ABSOLUTE,stored as an absolute path -> breaks when the asset moves,source=FILE users=1
Image,Plastic_baseColor.png,//..\background\modular_buildings_industrial_area\textures\Plastic_baseColor.png,E:\CODING\GitHub\FoundationPose\data\pallet\background\modular_buildings_industrial_area\textures\Plastic_baseColor.png,True,True,True,False,True,blender_scene,(packed),True,SAFE_RELATIVE,packed into the .blend,source=FILE users=1
Image,plastic_bottle_gallon_diff,E:\CODING\GitHub\FoundationPose\data\pallet\distractors\small\ph__plastic_bottle_gallon\textures\plastic_bottle_gallon_diff_1k.jpg,E:\CODING\GitHub\FoundationPose\data\pallet\distractors\small\ph__plastic_bottle_gallon\textures\plastic_bottle_gallon_diff_1k.jpg,False,False,True,False,True,distractors,assets/distractors/library,False,BLOCKED_ABSOLUTE,stored as an absolute path -> breaks when the asset moves,source=FILE users=1
Image,plastic_bottle_gallon_nor_gl,E:\CODING\GitHub\FoundationPose\data\pallet\distractors\small\ph__plastic_bottle_gallon\textures\plastic_bottle_gallon_nor_gl_1k.jpg,E:\CODING\GitHub\FoundationPose\data\pallet\distractors\small\ph__plastic_bottle_gallon\textures\plastic_bottle_gallon_nor_gl_1k.jpg,False,False,True,False,True,distractors,assets/distractors/library,False,BLOCKED_ABSOLUTE,stored as an absolute path -> breaks when the asset moves,source=FILE users=1
Image,plastic_bottle_gallon_rough,E:\CODING\GitHub\FoundationPose\data\pallet\distractors\small\ph__plastic_bottle_gallon\textures\plastic_bottle_gallon_arm_1k.jpg,E:\CODING\GitHub\FoundationPose\data\pallet\distractors\small\ph__plastic_bottle_gallon\textures\plastic_bottle_gallon_arm_1k.jpg,False,False,True,False,True,distractors,assets/distractors/library,False,BLOCKED_ABSOLUTE,stored as an absolute path -> breaks when the asset moves,source=FILE users=1
Image,plastic_broom_diff,E:\CODING\GitHub\FoundationPose\data\pallet\distractors\indoor\ph__plastic_broom\textures\plastic_broom_diff_1k.jpg,E:\CODING\GitHub\FoundationPose\data\pallet\distractors\indoor\ph__plastic_broom\textures\plastic_broom_diff_1k.jpg,False,False,True,False,True,distractors,assets/distractors/library,False,BLOCKED_ABSOLUTE,stored as an absolute path -> breaks when the asset moves,source=FILE users=2
Image,plastic_broom_metal-plastic_broom_rough,E:\CODING\GitHub\FoundationPose\data\pallet\distractors\indoor\ph__plastic_broom\textures\plastic_broom_arm_1k.jpg,E:\CODING\GitHub\FoundationPose\data\pallet\distractors\indoor\ph__plastic_broom\textures\plastic_broom_arm_1k.jpg,False,False,True,False,True,distractors,assets/distractors/library,False,BLOCKED_ABSOLUTE,stored as an absolute path -> breaks when the asset moves,source=FILE users=2
Image,plastic_broom_nor_gl,E:\CODING\GitHub\FoundationPose\data\pallet\distractors\indoor\ph__plastic_broom\textures\plastic_broom_nor_gl_1k.jpg,E:\CODING\GitHub\FoundationPose\data\pallet\distractors\indoor\ph__plastic_broom\textures\plastic_broom_nor_gl_1k.jpg,False,False,True,False,True,distractors,assets/distractors/library,False,BLOCKED_ABSOLUTE,stored as an absolute path -> breaks when the asset moves,source=FILE users=2
Image,plastic_crate_01_diff,E:\CODING\GitHub\FoundationPose\data\pallet\distractors\small\ph__plastic_crate_01\textures\plastic_crate_01_diff_1k.jpg,E:\CODING\GitHub\FoundationPose\data\pallet\distractors\small\ph__plastic_crate_01\textures\plastic_crate_01_diff_1k.jpg,False,False,True,False,True,distractors,assets/distractors/library,False,BLOCKED_ABSOLUTE,stored as an absolute path -> breaks when the asset moves,source=FILE users=1
Image,plastic_crate_01_metal-plastic_crate_01_rough,E:\CODING\GitHub\FoundationPose\data\pallet\distractors\small\ph__plastic_crate_01\textures\plastic_crate_01_arm_1k.jpg,E:\CODING\GitHub\FoundationPose\data\pallet\distractors\small\ph__plastic_crate_01\textures\plastic_crate_01_arm_1k.jpg,False,False,True,False,True,distractors,assets/distractors/library,False,BLOCKED_ABSOLUTE,stored as an absolute path -> breaks when the asset moves,source=FILE users=1
Image,plastic_crate_01_nor_gl,E:\CODING\GitHub\FoundationPose\data\pallet\distractors\small\ph__plastic_crate_01\textures\plastic_crate_01_nor_gl_1k.jpg,E:\CODING\GitHub\FoundationPose\data\pallet\distractors\small\ph__plastic_crate_01\textures\plastic_crate_01_nor_gl_1k.jpg,False,False,True,False,True,distractors,assets/distractors/library,False,BLOCKED_ABSOLUTE,stored as an absolute path -> breaks when the asset moves,source=FILE users=1
Image,plastic_crate_03_diff,E:\CODING\GitHub\FoundationPose\data\pallet\distractors\small\ph__plastic_crate_03\textures\plastic_crate_03_diff_1k.jpg,E:\CODING\GitHub\FoundationPose\data\pallet\distractors\small\ph__plastic_crate_03\textures\plastic_crate_03_diff_1k.jpg,False,False,True,False,True,distractors,assets/distractors/library,False,BLOCKED_ABSOLUTE,stored as an absolute path -> breaks when the asset moves,source=FILE users=1
Image,plastic_crate_03_nor_gl,E:\CODING\GitHub\FoundationPose\data\pallet\distractors\small\ph__plastic_crate_03\textures\plastic_crate_03_nor_gl_1k.jpg,E:\CODING\GitHub\FoundationPose\data\pallet\distractors\small\ph__plastic_crate_03\textures\plastic_crate_03_nor_gl_1k.jpg,False,False,True,False,True,distractors,assets/distractors/library,False,BLOCKED_ABSOLUTE,stored as an absolute path -> breaks when the asset moves,source=FILE users=1
Image,plastic_crate_03_rough,E:\CODING\GitHub\FoundationPose\data\pallet\distractors\small\ph__plastic_crate_03\textures\plastic_crate_03_arm_1k.jpg,E:\CODING\GitHub\FoundationPose\data\pallet\distractors\small\ph__plastic_crate_03\textures\plastic_crate_03_arm_1k.jpg,False,False,True,False,True,distractors,assets/distractors/library,False,BLOCKED_ABSOLUTE,stored as an absolute path -> breaks when the asset moves,source=FILE users=1
Image,plastic_m_diffuse.jpeg,//..\background\parking_lot\textures\plastic_m_diffuse.jpeg,E:\CODING\GitHub\FoundationPose\data\pallet\background\parking_lot\textures\plastic_m_diffuse.jpeg,True,True,True,False,True,blender_scene,(packed),True,SAFE_RELATIVE,packed into the .blend,source=FILE users=1
Image,plastic_m_normal.png,//..\background\parking_lot\textures\plastic_m_normal.png,E:\CODING\GitHub\FoundationPose\data\pallet\background\parking_lot\textures\plastic_m_normal.png,True,True,True,False,True,blender_scene,(packed),True,SAFE_RELATIVE,packed into the .blend,source=FILE users=1
Image,plastic_monobloc_chair_01_diff,E:\CODING\GitHub\FoundationPose\data\pallet\distractors\medium\ph__plastic_monobloc_chair_01\textures\plastic_monobloc_chair_01_diff_1k.jpg,E:\CODING\GitHub\FoundationPose\data\pallet\distractors\medium\ph__plastic_monobloc_chair_01\textures\plastic_monobloc_chair_01_diff_1k.jpg,False,False,True,False,True,distractors,assets/distractors/library,False,BLOCKED_ABSOLUTE,stored as an absolute path -> breaks when the asset moves,source=FILE users=1
Image,plastic_monobloc_chair_01_metal-plastic_monobloc_chair_01_rough,E:\CODING\GitHub\FoundationPose\data\pallet\distractors\medium\ph__plastic_monobloc_chair_01\textures\plastic_monobloc_chair_01_arm_1k.jpg,E:\CODING\GitHub\FoundationPose\data\pallet\distractors\medium\ph__plastic_monobloc_chair_01\textures\plastic_monobloc_chair_01_arm_1k.jpg,False,False,True,False,True,distractors,assets/distractors/library,False,BLOCKED_ABSOLUTE,stored as an absolute path -> breaks when the asset moves,source=FILE users=1
Image,plastic_monobloc_chair_01_nor_gl,E:\CODING\GitHub\FoundationPose\data\pallet\distractors\medium\ph__plastic_monobloc_chair_01\textures\plastic_monobloc_chair_01_nor_gl_1k.jpg,E:\CODING\GitHub\FoundationPose\data\pallet\distractors\medium\ph__plastic_monobloc_chair_01\textures\plastic_monobloc_chair_01_nor_gl_1k.jpg,False,False,True,False,True,distractors,assets/distractors/library,False,BLOCKED_ABSOLUTE,stored as an absolute path -> breaks when the asset moves,source=FILE users=1
Image,portable_generator_diff,E:\CODING\GitHub\FoundationPose\data\pallet\distractors\large\ph__portable_generator\textures\portable_generator_diff_1k.jpg,E:\CODING\GitHub\FoundationPose\data\pallet\distractors\large\ph__portable_generator\textures\portable_generator_diff_1k.jpg,False,False,True,False,True,distractors,assets/distractors/library,False,BLOCKED_ABSOLUTE,stored as an absolute path -> breaks when the asset moves,source=FILE users=2
Image,portable_generator_metal-portable_generator_rough,E:\CODING\GitHub\FoundationPose\data\pallet\distractors\large\ph__portable_generator\textures\portable_generator_arm_1k.jpg,E:\CODING\GitHub\FoundationPose\data\pallet\distractors\large\ph__portable_generator\textures\portable_generator_arm_1k.jpg,False,False,True,False,True,distractors,assets/distractors/library,False,BLOCKED_ABSOLUTE,stored as an absolute path -> breaks when the asset moves,source=FILE users=2
Image,portable_generator_nor_gl,E:\CODING\GitHub\FoundationPose\data\pallet\distractors\large\ph__portable_generator\textures\portable_generator_nor_gl_1k.jpg,E:\CODING\GitHub\FoundationPose\data\pallet\distractors\large\ph__portable_generator\textures\portable_generator_nor_gl_1k.jpg,False,False,True,False,True,distractors,assets/distractors/library,False,BLOCKED_ABSOLUTE,stored as an absolute path -> breaks when the asset moves,source=FILE users=2
Image,portable_generator_spec,E:\CODING\GitHub\FoundationPose\data\pallet\distractors\large\ph__portable_generator\textures\portable_generator_spec_1k.jpg,E:\CODING\GitHub\FoundationPose\data\pallet\distractors\large\ph__portable_generator\textures\portable_generator_spec_1k.jpg,False,False,True,False,True,distractors,assets/distractors/library,False,BLOCKED_ABSOLUTE,stored as an absolute path -> breaks when the asset moves,source=FILE users=1
Image,portable_welding_cart_diff,E:\CODING\GitHub\FoundationPose\data\pallet\distractors\large\ph__portable_welding_cart\textures\portable_welding_cart_diff_1k.jpg,E:\CODING\GitHub\FoundationPose\data\pallet\distractors\large\ph__portable_welding_cart\textures\portable_welding_cart_diff_1k.jpg,False,False,True,False,True,distractors,assets/distractors/library,False,BLOCKED_ABSOLUTE,stored as an absolute path -> breaks when the asset moves,source=FILE users=2
Image,portable_welding_cart_metal-portable_welding_cart_rough,E:\CODING\GitHub\FoundationPose\data\pallet\distractors\large\ph__portable_welding_cart\textures\portable_welding_cart_arm_1k.jpg,E:\CODING\GitHub\FoundationPose\data\pallet\distractors\large\ph__portable_welding_cart\textures\portable_welding_cart_arm_1k.jpg,False,False,True,False,True,distractors,assets/distractors/library,False,BLOCKED_ABSOLUTE,stored as an absolute path -> breaks when the asset moves,source=FILE users=2
Image,portable_welding_cart_nor_gl,E:\CODING\GitHub\FoundationPose\data\pallet\distractors\large\ph__portable_welding_cart\textures\portable_welding_cart_nor_gl_1k.jpg,E:\CODING\GitHub\FoundationPose\data\pallet\distractors\large\ph__portable_welding_cart\textures\portable_welding_cart_nor_gl_1k.jpg,False,False,True,False,True,distractors,assets/distractors/library,False,BLOCKED_ABSOLUTE,stored as an absolute path -> breaks when the asset moves,source=FILE users=2
Image,potted_plant_01_leaves_diff.png,E:\CODING\GitHub\FoundationPose\data\pallet\distractors\medium\ph__potted_plant_01\textures\potted_plant_01_leaves_diff_1k.jpg,E:\CODING\GitHub\FoundationPose\data\pallet\distractors\medium\ph__potted_plant_01\textures\potted_plant_01_leaves_diff_1k.jpg,False,False,True,False,True,distractors,assets/distractors/library,False,BLOCKED_ABSOLUTE,stored as an absolute path -> breaks when the asset moves,source=FILE users=1
Image,potted_plant_01_leaves_nor_gl.png,E:\CODING\GitHub\FoundationPose\data\pallet\distractors\medium\ph__potted_plant_01\textures\potted_plant_01_leaves_nor_gl_1k.jpg,E:\CODING\GitHub\FoundationPose\data\pallet\distractors\medium\ph__potted_plant_01\textures\potted_plant_01_leaves_nor_gl_1k.jpg,False,False,True,False,True,distractors,assets/distractors/library,False,BLOCKED_ABSOLUTE,stored as an absolute path -> breaks when the asset moves,source=FILE users=1
Image,potted_plant_01_leaves_rough.png,E:\CODING\GitHub\FoundationPose\data\pallet\distractors\medium\ph__potted_plant_01\textures\potted_plant_01_leaves_rough_1k.jpg,E:\CODING\GitHub\FoundationPose\data\pallet\distractors\medium\ph__potted_plant_01\textures\potted_plant_01_leaves_rough_1k.jpg,False,False,True,False,True,distractors,assets/distractors/library,False,BLOCKED_ABSOLUTE,stored as an absolute path -> breaks when the asset moves,source=FILE users=1
Image,potted_plant_01_pot_diff,E:\CODING\GitHub\FoundationPose\data\pallet\distractors\medium\ph__potted_plant_01\textures\potted_plant_01_pot_diff_1k.jpg,E:\CODING\GitHub\FoundationPose\data\pallet\distractors\medium\ph__potted_plant_01\textures\potted_plant_01_pot_diff_1k.jpg,False,False,True,False,True,distractors,assets/distractors/library,False,BLOCKED_ABSOLUTE,stored as an absolute path -> breaks when the asset moves,source=FILE users=1
Image,potted_plant_01_pot_nor_gl,E:\CODING\GitHub\FoundationPose\data\pallet\distractors\medium\ph__potted_plant_01\textures\potted_plant_01_pot_nor_gl_1k.jpg,E:\CODING\GitHub\FoundationPose\data\pallet\distractors\medium\ph__potted_plant_01\textures\potted_plant_01_pot_nor_gl_1k.jpg,False,False,True,False,True,distractors,assets/distractors/library,False,BLOCKED_ABSOLUTE,stored as an absolute path -> breaks when the asset moves,source=FILE users=1
Image,potted_plant_01_pot_rough,E:\CODING\GitHub\FoundationPose\data\pallet\distractors\medium\ph__potted_plant_01\textures\potted_plant_01_pot_rough_1k.jpg,E:\CODING\GitHub\FoundationPose\data\pallet\distractors\medium\ph__potted_plant_01\textures\potted_plant_01_pot_rough_1k.jpg,False,False,True,False,True,distractors,assets/distractors/library,False,BLOCKED_ABSOLUTE,stored as an absolute path -> breaks when the asset moves,source=FILE users=1
Image,power_box_01_diff,E:\CODING\GitHub\FoundationPose\data\pallet\distractors\road\ph__power_box_01\textures\power_box_01_diff_1k.jpg,E:\CODING\GitHub\FoundationPose\data\pallet\distractors\road\ph__power_box_01\textures\power_box_01_diff_1k.jpg,False,False,True,False,True,distractors,assets/distractors/library,False,BLOCKED_ABSOLUTE,stored as an absolute path -> breaks when the asset moves,source=FILE users=1
Image,power_box_01_metal-power_box_01_rough,E:\CODING\GitHub\FoundationPose\data\pallet\distractors\road\ph__power_box_01\textures\power_box_01_arm_1k.jpg,E:\CODING\GitHub\FoundationPose\data\pallet\distractors\road\ph__power_box_01\textures\power_box_01_arm_1k.jpg,False,False,True,False,True,distractors,assets/distractors/library,False,BLOCKED_ABSOLUTE,stored as an absolute path -> breaks when the asset moves,source=FILE users=1
Image,power_box_01_nor_gl,E:\CODING\GitHub\FoundationPose\data\pallet\distractors\road\ph__power_box_01\textures\power_box_01_nor_gl_1k.jpg,E:\CODING\GitHub\FoundationPose\data\pallet\distractors\road\ph__power_box_01\textures\power_box_01_nor_gl_1k.jpg,False,False,True,False,True,distractors,assets/distractors/library,False,BLOCKED_ABSOLUTE,stored as an absolute path -> breaks when the asset moves,source=FILE users=1
Image,propane_tank_diff,E:\CODING\GitHub\FoundationPose\data\pallet\distractors\medium\ph__propane_tank\textures\propane_tank_diff_1k.jpg,E:\CODING\GitHub\FoundationPose\data\pallet\distractors\medium\ph__propane_tank\textures\propane_tank_diff_1k.jpg,False,False,True,False,True,distractors,assets/distractors/library,False,BLOCKED_ABSOLUTE,stored as an absolute path -> breaks when the asset moves,source=FILE users=1
Image,propane_tank_metal-propane_tank_rough,E:\CODING\GitHub\FoundationPose\data\pallet\distractors\medium\ph__propane_tank\textures\propane_tank_arm_1k.jpg,E:\CODING\GitHub\FoundationPose\data\pallet\distractors\medium\ph__propane_tank\textures\propane_tank_arm_1k.jpg,False,False,True,False,True,distractors,assets/distractors/library,False,BLOCKED_ABSOLUTE,stored as an absolute path -> breaks when the asset moves,source=FILE users=1
Image,propane_tank_nor_gl,E:\CODING\GitHub\FoundationPose\data\pallet\distractors\medium\ph__propane_tank\textures\propane_tank_nor_gl_1k.jpg,E:\CODING\GitHub\FoundationPose\data\pallet\distractors\medium\ph__propane_tank\textures\propane_tank_nor_gl_1k.jpg,False,False,True,False,True,distractors,assets/distractors/library,False,BLOCKED_ABSOLUTE,stored as an absolute path -> breaks when the asset moves,source=FILE users=1
Image,Red_Metal_baseColor.png,//..\background\modular_buildings_industrial_area\textures\Red_Metal_baseColor.png,E:\CODING\GitHub\FoundationPose\data\pallet\background\modular_buildings_industrial_area\textures\Red_Metal_baseColor.png,True,True,True,False,True,blender_scene,(packed),True,SAFE_RELATIVE,packed into the .blend,source=FILE users=1
Image,Render Result,,,False,False,True,False,False,,,True,SAFE_RELATIVE,generated/viewer image (no file),source=VIEWER
Image,russian_food_cans_01_diff,E:\CODING\GitHub\FoundationPose\data\pallet\distractors\small\ph__russian_food_cans_01\textures\russian_food_cans_01_diff_1k.jpg,E:\CODING\GitHub\FoundationPose\data\pallet\distractors\small\ph__russian_food_cans_01\textures\russian_food_cans_01_diff_1k.jpg,False,False,True,False,True,distractors,assets/distractors/library,False,BLOCKED_ABSOLUTE,stored as an absolute path -> breaks when the asset moves,source=FILE users=1
Image,russian_food_cans_01_metallic-russian_food_cans_01_rough,E:\CODING\GitHub\FoundationPose\data\pallet\distractors\small\ph__russian_food_cans_01\textures\russian_food_cans_01_arm_1k.jpg,E:\CODING\GitHub\FoundationPose\data\pallet\distractors\small\ph__russian_food_cans_01\textures\russian_food_cans_01_arm_1k.jpg,False,False,True,False,True,distractors,assets/distractors/library,False,BLOCKED_ABSOLUTE,stored as an absolute path -> breaks when the asset moves,source=FILE users=1
Image,russian_food_cans_01_nor_gl,E:\CODING\GitHub\FoundationPose\data\pallet\distractors\small\ph__russian_food_cans_01\textures\russian_food_cans_01_nor_gl_1k.jpg,E:\CODING\GitHub\FoundationPose\data\pallet\distractors\small\ph__russian_food_cans_01\textures\russian_food_cans_01_nor_gl_1k.jpg,False,False,True,False,True,distractors,assets/distractors/library,False,BLOCKED_ABSOLUTE,stored as an absolute path -> breaks when the asset moves,source=FILE users=1
Image,Rusty_Metal_baseColor.png,//..\background\modular_buildings_industrial_area\textures\Rusty_Metal_baseColor.png,E:\CODING\GitHub\FoundationPose\data\pallet\background\modular_buildings_industrial_area\textures\Rusty_Metal_baseColor.png,True,True,True,False,True,blender_scene,(packed),True,SAFE_RELATIVE,packed into the .blend,source=FILE users=1
Image,Rusty_Metal_normal.png,//..\background\modular_buildings_industrial_area\textures\Rusty_Metal_normal.png,E:\CODING\GitHub\FoundationPose\data\pallet\background\modular_buildings_industrial_area\textures\Rusty_Metal_normal.png,True,True,True,False,True,blender_scene,(packed),True,SAFE_RELATIVE,packed into the .blend,source=FILE users=1
Image,SchoolChair_01_diff,E:\CODING\GitHub\FoundationPose\data\pallet\distractors\medium\ph__SchoolChair_01\textures\SchoolChair_01_diff_1k.jpg,E:\CODING\GitHub\FoundationPose\data\pallet\distractors\medium\ph__SchoolChair_01\textures\SchoolChair_01_diff_1k.jpg,False,False,True,False,True,distractors,assets/distractors/library,False,BLOCKED_ABSOLUTE,stored as an absolute path -> breaks when the asset moves,source=FILE users=1
Image,SchoolChair_01_metallic-SchoolChair_01_roughness,E:\CODING\GitHub\FoundationPose\data\pallet\distractors\medium\ph__SchoolChair_01\textures\SchoolChair_01_arm_1k.jpg,E:\CODING\GitHub\FoundationPose\data\pallet\distractors\medium\ph__SchoolChair_01\textures\SchoolChair_01_arm_1k.jpg,False,False,True,False,True,distractors,assets/distractors/library,False,BLOCKED_ABSOLUTE,stored as an absolute path -> breaks when the asset moves,source=FILE users=1
Image,SchoolChair_01_nor_gl,E:\CODING\GitHub\FoundationPose\data\pallet\distractors\medium\ph__SchoolChair_01\textures\SchoolChair_01_nor_gl_1k.jpg,E:\CODING\GitHub\FoundationPose\data\pallet\distractors\medium\ph__SchoolChair_01\textures\SchoolChair_01_nor_gl_1k.jpg,False,False,True,False,True,distractors,assets/distractors/library,False,BLOCKED_ABSOLUTE,stored as an absolute path -> breaks when the asset moves,source=FILE users=1
Image,SchoolDesk_01_diff,E:\CODING\GitHub\FoundationPose\data\pallet\distractors\medium\ph__SchoolDesk_01\textures\SchoolDesk_01_diff_1k.jpg,E:\CODING\GitHub\FoundationPose\data\pallet\distractors\medium\ph__SchoolDesk_01\textures\SchoolDesk_01_diff_1k.jpg,False,False,True,False,True,distractors,assets/distractors/library,False,BLOCKED_ABSOLUTE,stored as an absolute path -> breaks when the asset moves,source=FILE users=1
Image,SchoolDesk_01_metallic-SchoolDesk_01_roughness,E:\CODING\GitHub\FoundationPose\data\pallet\distractors\medium\ph__SchoolDesk_01\textures\SchoolDesk_01_arm_1k.jpg,E:\CODING\GitHub\FoundationPose\data\pallet\distractors\medium\ph__SchoolDesk_01\textures\SchoolDesk_01_arm_1k.jpg,False,False,True,False,True,distractors,assets/distractors/library,False,BLOCKED_ABSOLUTE,stored as an absolute path -> breaks when the asset moves,source=FILE users=1
Image,SchoolDesk_01_nor_gl,E:\CODING\GitHub\FoundationPose\data\pallet\distractors\medium\ph__SchoolDesk_01\textures\SchoolDesk_01_nor_gl_1k.jpg,E:\CODING\GitHub\FoundationPose\data\pallet\distractors\medium\ph__SchoolDesk_01\textures\SchoolDesk_01_nor_gl_1k.jpg,False,False,True,False,True,distractors,assets/distractors/library,False,BLOCKED_ABSOLUTE,stored as an absolute path -> breaks when the asset moves,source=FILE users=1
Image,Shelf_01_diff.png,E:\CODING\GitHub\FoundationPose\data\pallet\distractors\indoor\ph__Shelf_01\textures\Shelf_01_diff_1k.jpg,E:\CODING\GitHub\FoundationPose\data\pallet\distractors\indoor\ph__Shelf_01\textures\Shelf_01_diff_1k.jpg,False,False,True,False,True,distractors,assets/distractors/library,False,BLOCKED_ABSOLUTE,stored as an absolute path -> breaks when the asset moves,source=FILE users=1
Image,Shelf_01_metallic.png-Shelf_01_roughness,E:\CODING\GitHub\FoundationPose\data\pallet\distractors\indoor\ph__Shelf_01\textures\Shelf_01_arm_1k.jpg,E:\CODING\GitHub\FoundationPose\data\pallet\distractors\indoor\ph__Shelf_01\textures\Shelf_01_arm_1k.jpg,False,False,True,False,True,distractors,assets/distractors/library,False,BLOCKED_ABSOLUTE,stored as an absolute path -> breaks when the asset moves,source=FILE users=1
Image,Shelf_01_nor_gl.png,E:\CODING\GitHub\FoundationPose\data\pallet\distractors\indoor\ph__Shelf_01\textures\Shelf_01_nor_gl_1k.jpg,E:\CODING\GitHub\FoundationPose\data\pallet\distractors\indoor\ph__Shelf_01\textures\Shelf_01_nor_gl_1k.jpg,False,False,True,False,True,distractors,assets/distractors/library,False,BLOCKED_ABSOLUTE,stored as an absolute path -> breaks when the asset moves,source=FILE users=1
Image,sledgehammer_01_diff,E:\CODING\GitHub\FoundationPose\data\pallet\distractors\small\ph__sledgehammer_01\textures\sledgehammer_01_diff_1k.jpg,E:\CODING\GitHub\FoundationPose\data\pallet\distractors\small\ph__sledgehammer_01\textures\sledgehammer_01_diff_1k.jpg,False,False,True,False,True,distractors,assets/distractors/library,False,BLOCKED_ABSOLUTE,stored as an absolute path -> breaks when the asset moves,source=FILE users=1
Image,sledgehammer_01_metal-sledgehammer_01_rough,E:\CODING\GitHub\FoundationPose\data\pallet\distractors\small\ph__sledgehammer_01\textures\sledgehammer_01_arm_1k.jpg,E:\CODING\GitHub\FoundationPose\data\pallet\distractors\small\ph__sledgehammer_01\textures\sledgehammer_01_arm_1k.jpg,False,False,True,False,True,distractors,assets/distractors/library,False,BLOCKED_ABSOLUTE,stored as an absolute path -> breaks when the asset moves,source=FILE users=1
Image,sledgehammer_01_nor_gl,E:\CODING\GitHub\FoundationPose\data\pallet\distractors\small\ph__sledgehammer_01\textures\sledgehammer_01_nor_gl_1k.jpg,E:\CODING\GitHub\FoundationPose\data\pallet\distractors\small\ph__sledgehammer_01\textures\sledgehammer_01_nor_gl_1k.jpg,False,False,True,False,True,distractors,assets/distractors/library,False,BLOCKED_ABSOLUTE,stored as an absolute path -> breaks when the asset moves,source=FILE users=1
Image,steel_frame_shelves_01_diff,E:\CODING\GitHub\FoundationPose\data\pallet\distractors\large\ph__steel_frame_shelves_01\textures\steel_frame_shelves_01_diff_1k.jpg,E:\CODING\GitHub\FoundationPose\data\pallet\distractors\large\ph__steel_frame_shelves_01\textures\steel_frame_shelves_01_diff_1k.jpg,False,False,True,False,True,distractors,assets/distractors/library,False,BLOCKED_ABSOLUTE,stored as an absolute path -> breaks when the asset moves,source=FILE users=1
Image,steel_frame_shelves_01_metal-steel_frame_shelves_01_rough,E:\CODING\GitHub\FoundationPose\data\pallet\distractors\large\ph__steel_frame_shelves_01\textures\steel_frame_shelves_01_arm_1k.jpg,E:\CODING\GitHub\FoundationPose\data\pallet\distractors\large\ph__steel_frame_shelves_01\textures\steel_frame_shelves_01_arm_1k.jpg,False,False,True,False,True,distractors,assets/distractors/library,False,BLOCKED_ABSOLUTE,stored as an absolute path -> breaks when the asset moves,source=FILE users=1
Image,steel_frame_shelves_01_nor_gl,E:\CODING\GitHub\FoundationPose\data\pallet\distractors\large\ph__steel_frame_shelves_01\textures\steel_frame_shelves_01_nor_gl_1k.jpg,E:\CODING\GitHub\FoundationPose\data\pallet\distractors\large\ph__steel_frame_shelves_01\textures\steel_frame_shelves_01_nor_gl_1k.jpg,False,False,True,False,True,distractors,assets/distractors/library,False,BLOCKED_ABSOLUTE,stored as an absolute path -> breaks when the asset moves,source=FILE users=1
Image,steel_frame_shelves_02_diff,E:\CODING\GitHub\FoundationPose\data\pallet\distractors\indoor\ph__steel_frame_shelves_02\textures\steel_frame_shelves_02_diff_1k.jpg,E:\CODING\GitHub\FoundationPose\data\pallet\distractors\indoor\ph__steel_frame_shelves_02\textures\steel_frame_shelves_02_diff_1k.jpg,False,False,True,False,True,distractors,assets/distractors/library,False,BLOCKED_ABSOLUTE,stored as an absolute path -> breaks when the asset moves,source=FILE users=1
Image,steel_frame_shelves_02_metal-steel_frame_shelves_02_rough,E:\CODING\GitHub\FoundationPose\data\pallet\distractors\indoor\ph__steel_frame_shelves_02\textures\steel_frame_shelves_02_arm_1k.jpg,E:\CODING\GitHub\FoundationPose\data\pallet\distractors\indoor\ph__steel_frame_shelves_02\textures\steel_frame_shelves_02_arm_1k.jpg,False,False,True,False,True,distractors,assets/distractors/library,False,BLOCKED_ABSOLUTE,stored as an absolute path -> breaks when the asset moves,source=FILE users=1
Image,steel_frame_shelves_02_nor_gl,E:\CODING\GitHub\FoundationPose\data\pallet\distractors\indoor\ph__steel_frame_shelves_02\textures\steel_frame_shelves_02_nor_gl_1k.jpg,E:\CODING\GitHub\FoundationPose\data\pallet\distractors\indoor\ph__steel_frame_shelves_02\textures\steel_frame_shelves_02_nor_gl_1k.jpg,False,False,True,False,True,distractors,assets/distractors/library,False,BLOCKED_ABSOLUTE,stored as an absolute path -> breaks when the asset moves,source=FILE users=1
Image,steel_frame_shelves_03_diff,E:\CODING\GitHub\FoundationPose\data\pallet\distractors\large\ph__steel_frame_shelves_03\textures\steel_frame_shelves_03_diff_1k.jpg,E:\CODING\GitHub\FoundationPose\data\pallet\distractors\large\ph__steel_frame_shelves_03\textures\steel_frame_shelves_03_diff_1k.jpg,False,False,True,False,True,distractors,assets/distractors/library,False,BLOCKED_ABSOLUTE,stored as an absolute path -> breaks when the asset moves,source=FILE users=1
Image,steel_frame_shelves_03_drawers_diff,E:\CODING\GitHub\FoundationPose\data\pallet\distractors\large\ph__steel_frame_shelves_03\textures\steel_frame_shelves_03_drawers_diff_1k.jpg,E:\CODING\GitHub\FoundationPose\data\pallet\distractors\large\ph__steel_frame_shelves_03\textures\steel_frame_shelves_03_drawers_diff_1k.jpg,False,False,True,False,True,distractors,assets/distractors/library,False,BLOCKED_ABSOLUTE,stored as an absolute path -> breaks when the asset moves,source=FILE users=1
Image,steel_frame_shelves_03_drawers_nor_gl,E:\CODING\GitHub\FoundationPose\data\pallet\distractors\large\ph__steel_frame_shelves_03\textures\steel_frame_shelves_03_drawers_nor_gl_1k.jpg,E:\CODING\GitHub\FoundationPose\data\pallet\distractors\large\ph__steel_frame_shelves_03\textures\steel_frame_shelves_03_drawers_nor_gl_1k.jpg,False,False,True,False,True,distractors,assets/distractors/library,False,BLOCKED_ABSOLUTE,stored as an absolute path -> breaks when the asset moves,source=FILE users=1
Image,steel_frame_shelves_03_drawers_rough,E:\CODING\GitHub\FoundationPose\data\pallet\distractors\large\ph__steel_frame_shelves_03\textures\steel_frame_shelves_03_drawers_arm_1k.jpg,E:\CODING\GitHub\FoundationPose\data\pallet\distractors\large\ph__steel_frame_shelves_03\textures\steel_frame_shelves_03_drawers_arm_1k.jpg,False,False,True,False,True,distractors,assets/distractors/library,False,BLOCKED_ABSOLUTE,stored as an absolute path -> breaks when the asset moves,source=FILE users=1
Image,steel_frame_shelves_03_metal-steel_frame_shelves_03_rough,E:\CODING\GitHub\FoundationPose\data\pallet\distractors\large\ph__steel_frame_shelves_03\textures\steel_frame_shelves_03_arm_1k.jpg,E:\CODING\GitHub\FoundationPose\data\pallet\distractors\large\ph__steel_frame_shelves_03\textures\steel_frame_shelves_03_arm_1k.jpg,False,False,True,False,True,distractors,assets/distractors/library,False,BLOCKED_ABSOLUTE,stored as an absolute path -> breaks when the asset moves,source=FILE users=1
Image,steel_frame_shelves_03_nor_gl,E:\CODING\GitHub\FoundationPose\data\pallet\distractors\large\ph__steel_frame_shelves_03\textures\steel_frame_shelves_03_nor_gl_1k.jpg,E:\CODING\GitHub\FoundationPose\data\pallet\distractors\large\ph__steel_frame_shelves_03\textures\steel_frame_shelves_03_nor_gl_1k.jpg,False,False,True,False,True,distractors,assets/distractors/library,False,BLOCKED_ABSOLUTE,stored as an absolute path -> breaks when the asset moves,source=FILE users=1
Image,steel_m_diffuse.jpeg,//..\background\parking_lot\textures\steel_m_diffuse.jpeg,E:\CODING\GitHub\FoundationPose\data\pallet\background\parking_lot\textures\steel_m_diffuse.jpeg,True,True,True,False,True,blender_scene,(packed),True,SAFE_RELATIVE,packed into the .blend,source=FILE users=1
Image,steel_m_normal.png,//..\background\parking_lot\textures\steel_m_normal.png,E:\CODING\GitHub\FoundationPose\data\pallet\background\parking_lot\textures\steel_m_normal.png,True,True,True,False,True,blender_scene,(packed),True,SAFE_RELATIVE,packed into the .blend,source=FILE users=1
Image,street_lamp_01_diff,E:\CODING\GitHub\FoundationPose\data\pallet\distractors\road\ph__street_lamp_01\textures\street_lamp_01_diff_1k.jpg,E:\CODING\GitHub\FoundationPose\data\pallet\distractors\road\ph__street_lamp_01\textures\street_lamp_01_diff_1k.jpg,False,False,True,False,True,distractors,assets/distractors/library,False,BLOCKED_ABSOLUTE,stored as an absolute path -> breaks when the asset moves,source=FILE users=3
Image,street_lamp_01_metal-street_lamp_01_rough,E:\CODING\GitHub\FoundationPose\data\pallet\distractors\road\ph__street_lamp_01\textures\street_lamp_01_arm_1k.jpg,E:\CODING\GitHub\FoundationPose\data\pallet\distractors\road\ph__street_lamp_01\textures\street_lamp_01_arm_1k.jpg,False,False,True,False,True,distractors,assets/distractors/library,False,BLOCKED_ABSOLUTE,stored as an absolute path -> breaks when the asset moves,source=FILE users=3
Image,street_lamp_01_nor_gl,E:\CODING\GitHub\FoundationPose\data\pallet\distractors\road\ph__street_lamp_01\textures\street_lamp_01_nor_gl_1k.jpg,E:\CODING\GitHub\FoundationPose\data\pallet\distractors\road\ph__street_lamp_01\textures\street_lamp_01_nor_gl_1k.jpg,False,False,True,False,True,distractors,assets/distractors/library,False,BLOCKED_ABSOLUTE,stored as an absolute path -> breaks when the asset moves,source=FILE users=3
Image,switches_m_diffuse.jpeg,//..\background\parking_lot\textures\switches_m_diffuse.jpeg,E:\CODING\GitHub\FoundationPose\data\pallet\background\parking_lot\textures\switches_m_diffuse.jpeg,True,True,True,False,True,blender_scene,(packed),True,SAFE_RELATIVE,packed into the .blend,source=FILE users=1
Image,switches_m_normal.png,//..\background\parking_lot\textures\switches_m_normal.png,E:\CODING\GitHub\FoundationPose\data\pallet\background\parking_lot\textures\switches_m_normal.png,True,True,True,False,True,blender_scene,(packed),True,SAFE_RELATIVE,packed into the .blend,source=FILE users=1
Image,texture.png,//..\distractors\small\gso__Clue_Board_Game_Classic_Edition\materials\textures\texture.png,E:\CODING\GitHub\FoundationPose\data\pallet\distractors\small\gso__Clue_Board_Game_Classic_Edition\materials\textures\texture.png,True,False,True,False,True,distractors,assets/distractors/library,False,BLOCKED_ABSOLUTE,relative but resolves outside blender_scene/ -> anchor changes on move,source=FILE users=1
Image,texture.png.001,//..\distractors\small\gso__CoQ10\materials\textures\texture.png,E:\CODING\GitHub\FoundationPose\data\pallet\distractors\small\gso__CoQ10\materials\textures\texture.png,True,False,True,False,True,distractors,assets/distractors/library,False,BLOCKED_ABSOLUTE,relative but resolves outside blender_scene/ -> anchor changes on move,source=FILE users=1
Image,texture.png.002,//..\distractors\small\gso__Crunch_Girl_Scouts_Candy_Bars_Peanut_Butter_Creme_78_oz_box\materials\textures\texture.png,E:\CODING\GitHub\FoundationPose\data\pallet\distractors\small\gso__Crunch_Girl_Scouts_Candy_Bars_Peanut_Butter_Creme_78_oz_box\materials\textures\texture.png,True,False,True,False,True,distractors,assets/distractors/library,False,BLOCKED_ABSOLUTE,relative but resolves outside blender_scene/ -> anchor changes on move,source=FILE users=1
Image,texture.png.003,//..\distractors\small\gso__DPC_Handmade_Hat_Brown\materials\textures\texture.png,E:\CODING\GitHub\FoundationPose\data\pallet\distractors\small\gso__DPC_Handmade_Hat_Brown\materials\textures\texture.png,True,False,True,False,True,distractors,assets/distractors/library,False,BLOCKED_ABSOLUTE,relative but resolves outside blender_scene/ -> anchor changes on move,source=FILE users=1
Image,texture.png.004,//..\distractors\small\gso__DPC_tropical_Trends_Hat\materials\textures\texture.png,E:\CODING\GitHub\FoundationPose\data\pallet\distractors\small\gso__DPC_tropical_Trends_Hat\materials\textures\texture.png,True,False,True,False,True,distractors,assets/distractors/library,False,BLOCKED_ABSOLUTE,relative but resolves outside blender_scene/ -> anchor changes on move,source=FILE users=1
Image,texture.png.005,//..\distractors\small\gso__Digital_Camo_Double_Decker_Lunch_Bag\materials\textures\texture.png,E:\CODING\GitHub\FoundationPose\data\pallet\distractors\small\gso__Digital_Camo_Double_Decker_Lunch_Bag\materials\textures\texture.png,True,False,True,False,True,distractors,assets/distractors/library,False,BLOCKED_ABSOLUTE,relative but resolves outside blender_scene/ -> anchor changes on move,source=FILE users=1
Image,texture.png.006,//..\distractors\small\gso__Don_Franciscos_Gourmet_Coffee_Medium_Decaf_100_Colombian_12_oz_340_g\materials\textures\texture.png,E:\CODING\GitHub\FoundationPose\data\pallet\distractors\small\gso__Don_Franciscos_Gourmet_Coffee_Medium_Decaf_100_Colombian_12_oz_340_g\materials\textures\texture.png,True,False,True,False,True,distractors,assets/distractors/library,False,BLOCKED_ABSOLUTE,relative but resolves outside blender_scene/ -> anchor changes on move,source=FILE users=1
Image,texture.png.007,//..\distractors\small\gso__Hasbro_Monopoly_Hotels_Game\materials\textures\texture.png,E:\CODING\GitHub\FoundationPose\data\pallet\distractors\small\gso__Hasbro_Monopoly_Hotels_Game\materials\textures\texture.png,True,False,True,False,True,distractors,assets/distractors/library,False,BLOCKED_ABSOLUTE,relative but resolves outside blender_scene/ -> anchor changes on move,source=FILE users=1
Image,texture.png.008,//..\distractors\small\gso__Jansport_School_Backpack_Blue_Streak\materials\textures\texture.png,E:\CODING\GitHub\FoundationPose\data\pallet\distractors\small\gso__Jansport_School_Backpack_Blue_Streak\materials\textures\texture.png,True,False,True,False,True,distractors,assets/distractors/library,False,BLOCKED_ABSOLUTE,relative but resolves outside blender_scene/ -> anchor changes on move,source=FILE users=1
Image,texture.png.009,//..\distractors\small\gso__KS_Chocolate_Cube_Box_Assortment_By_Neuhaus_2010_Ounces\materials\textures\texture.png,E:\CODING\GitHub\FoundationPose\data\pallet\distractors\small\gso__KS_Chocolate_Cube_Box_Assortment_By_Neuhaus_2010_Ounces\materials\textures\texture.png,True,False,True,False,True,distractors,assets/distractors/library,False,BLOCKED_ABSOLUTE,relative but resolves outside blender_scene/ -> anchor changes on move,source=FILE users=1
Image,texture.png.010,//..\distractors\small\gso__Mens_Striper_Sneaker_in_White_rnp8HUli59Y\materials\textures\texture.png,E:\CODING\GitHub\FoundationPose\data\pallet\distractors\small\gso__Mens_Striper_Sneaker_in_White_rnp8HUli59Y\materials\textures\texture.png,True,False,True,False,True,distractors,assets/distractors/library,False,BLOCKED_ABSOLUTE,relative but resolves outside blender_scene/ -> anchor changes on move,source=FILE users=1
Image,texture.png.011,//..\distractors\small\gso__Nescafe_Tasters_Choice_Instant_Coffee_Decaf_House_Blend_Light_7_oz\materials\textures\texture.png,E:\CODING\GitHub\FoundationPose\data\pallet\distractors\small\gso__Nescafe_Tasters_Choice_Instant_Coffee_Decaf_House_Blend_Light_7_oz\materials\textures\texture.png,True,False,True,False,True,distractors,assets/distractors/library,False,BLOCKED_ABSOLUTE,relative but resolves outside blender_scene/ -> anchor changes on move,source=FILE users=1
Image,texture.png.012,//..\distractors\small\gso__Nestle_Nesquik_Chocolate_Powder_Flavored_Milk_Additive_109_Oz_Canister\materials\textures\texture.png,E:\CODING\GitHub\FoundationPose\data\pallet\distractors\small\gso__Nestle_Nesquik_Chocolate_Powder_Flavored_Milk_Additive_109_Oz_Canister\materials\textures\texture.png,True,False,True,False,True,distractors,assets/distractors/library,False,BLOCKED_ABSOLUTE,relative but resolves outside blender_scene/ -> anchor changes on move,source=FILE users=1
Image,texture.png.013,//..\distractors\small\gso__Olive_Kids_Dinosaur_Land_Sidekick_Backpack\materials\textures\texture.png,E:\CODING\GitHub\FoundationPose\data\pallet\distractors\small\gso__Olive_Kids_Dinosaur_Land_Sidekick_Backpack\materials\textures\texture.png,True,False,True,False,True,distractors,assets/distractors/library,False,BLOCKED_ABSOLUTE,relative but resolves outside blender_scene/ -> anchor changes on move,source=FILE users=1
Image,texture.png.014,//..\distractors\small\gso__Organic_Whey_Protein_Vanilla\materials\textures\texture.png,E:\CODING\GitHub\FoundationPose\data\pallet\distractors\small\gso__Organic_Whey_Protein_Vanilla\materials\textures\texture.png,True,False,True,False,True,distractors,assets/distractors/library,False,BLOCKED_ABSOLUTE,relative but resolves outside blender_scene/ -> anchor changes on move,source=FILE users=1
Image,texture.png.015,//..\distractors\small\gso__Timberland_Mens_Earthkeepers_Newmarket_6Inch_Cupsole_Boot\materials\textures\texture.png,E:\CODING\GitHub\FoundationPose\data\pallet\distractors\small\gso__Timberland_Mens_Earthkeepers_Newmarket_6Inch_Cupsole_Boot\materials\textures\texture.png,True,False,True,False,True,distractors,assets/distractors/library,False,BLOCKED_ABSOLUTE,relative but resolves outside blender_scene/ -> anchor changes on move,source=FILE users=1
Image,texture.png.016,//..\distractors\small\gso__Twinlab_100_Whey_Protein_Fuel_Chocolate\materials\textures\texture.png,E:\CODING\GitHub\FoundationPose\data\pallet\distractors\small\gso__Twinlab_100_Whey_Protein_Fuel_Chocolate\materials\textures\texture.png,True,False,True,False,True,distractors,assets/distractors/library,False,BLOCKED_ABSOLUTE,relative but resolves outside blender_scene/ -> anchor changes on move,source=FILE users=1
Image,texture.png.017,//..\distractors\small\gso__UGG_Classic_Tall_Womens_Boots_Chestnut_7\materials\textures\texture.png,E:\CODING\GitHub\FoundationPose\data\pallet\distractors\small\gso__UGG_Classic_Tall_Womens_Boots_Chestnut_7\materials\textures\texture.png,True,False,True,False,True,distractors,assets/distractors/library,False,BLOCKED_ABSOLUTE,relative but resolves outside blender_scene/ -> anchor changes on move,source=FILE users=1
Image,texture.png.018,//..\distractors\small\gso__US_Army_Stash_Lunch_Bag\materials\textures\texture.png,E:\CODING\GitHub\FoundationPose\data\pallet\distractors\small\gso__US_Army_Stash_Lunch_Bag\materials\textures\texture.png,True,False,True,False,True,distractors,assets/distractors/library,False,BLOCKED_ABSOLUTE,relative but resolves outside blender_scene/ -> anchor changes on move,source=FILE users=1
Image,texture.png.019,//..\distractors\small\gso__U_By_Kotex_Sleek_Regular_Unscented_Tampons_36_Ct_Box\materials\textures\texture.png,E:\CODING\GitHub\FoundationPose\data\pallet\distractors\small\gso__U_By_Kotex_Sleek_Regular_Unscented_Tampons_36_Ct_Box\materials\textures\texture.png,True,False,True,False,True,distractors,assets/distractors/library,False,BLOCKED_ABSOLUTE,relative but resolves outside blender_scene/ -> anchor changes on move,source=FILE users=1
Image,texture.png.020,//..\distractors\small\gso__Vans_Cereal_Honey_Nut_Crunch_11_oz_box\materials\textures\texture.png,E:\CODING\GitHub\FoundationPose\data\pallet\distractors\small\gso__Vans_Cereal_Honey_Nut_Crunch_11_oz_box\materials\textures\texture.png,True,False,True,False,True,distractors,assets/distractors/library,False,BLOCKED_ABSOLUTE,relative but resolves outside blender_scene/ -> anchor changes on move,source=FILE users=1
Image,texture.png.021,//..\distractors\small\gso__Vtech_Stack_Sing_Rings_636_Months\materials\textures\texture.png,E:\CODING\GitHub\FoundationPose\data\pallet\distractors\small\gso__Vtech_Stack_Sing_Rings_636_Months\materials\textures\texture.png,True,False,True,False,True,distractors,assets/distractors/library,False,BLOCKED_ABSOLUTE,relative but resolves outside blender_scene/ -> anchor changes on move,source=FILE users=1
Image,texture.png.022,//..\distractors\small\gso__Weisshai_Great_White_Shark\materials\textures\texture.png,E:\CODING\GitHub\FoundationPose\data\pallet\distractors\small\gso__Weisshai_Great_White_Shark\materials\textures\texture.png,True,False,True,False,True,distractors,assets/distractors/library,False,BLOCKED_ABSOLUTE,relative but resolves outside blender_scene/ -> anchor changes on move,source=FILE users=1
Image,texture.png.023,//..\distractors\small\gso__Wooden_ABC_123_Blocks_50_pack\materials\textures\texture.png,E:\CODING\GitHub\FoundationPose\data\pallet\distractors\small\gso__Wooden_ABC_123_Blocks_50_pack\materials\textures\texture.png,True,False,True,False,True,distractors,assets/distractors/library,False,BLOCKED_ABSOLUTE,relative but resolves outside blender_scene/ -> anchor changes on move,source=FILE users=1
Image,texture.png.024,//..\distractors\indoor\gso__Central_Garden_Flower_Pot_Goo_425\materials\textures\texture.png,E:\CODING\GitHub\FoundationPose\data\pallet\distractors\indoor\gso__Central_Garden_Flower_Pot_Goo_425\materials\textures\texture.png,True,False,True,False,True,distractors,assets/distractors/library,False,BLOCKED_ABSOLUTE,relative but resolves outside blender_scene/ -> anchor changes on move,source=FILE users=1
Image,texture.png.025,//..\distractors\indoor\gso__Ecoforms_Plant_Container_URN_NAT\materials\textures\texture.png,E:\CODING\GitHub\FoundationPose\data\pallet\distractors\indoor\gso__Ecoforms_Plant_Container_URN_NAT\materials\textures\texture.png,True,False,True,False,True,distractors,assets/distractors/library,False,BLOCKED_ABSOLUTE,relative but resolves outside blender_scene/ -> anchor changes on move,source=FILE users=1
Image,texture.png.026,//..\distractors\indoor\gso__Snack_Catcher_Snack_Dispenser\materials\textures\texture.png,E:\CODING\GitHub\FoundationPose\data\pallet\distractors\indoor\gso__Snack_Catcher_Snack_Dispenser\materials\textures\texture.png,True,False,True,False,True,distractors,assets/distractors/library,False,BLOCKED_ABSOLUTE,relative but resolves outside blender_scene/ -> anchor changes on move,source=FILE users=1
Image,texture.png.027,//..\distractors\indoor\gso__Squirt_Strain_Fruit_Basket\materials\textures\texture.png,E:\CODING\GitHub\FoundationPose\data\pallet\distractors\indoor\gso__Squirt_Strain_Fruit_Basket\materials\textures\texture.png,True,False,True,False,True,distractors,assets/distractors/library,False,BLOCKED_ABSOLUTE,relative but resolves outside blender_scene/ -> anchor changes on move,source=FILE users=1
Image,texture.png.028,//..\distractors\indoor\gso__Target_Basket_Medium\materials\textures\texture.png,E:\CODING\GitHub\FoundationPose\data\pallet\distractors\indoor\gso__Target_Basket_Medium\materials\textures\texture.png,True,False,True,False,True,distractors,assets/distractors/library,False,BLOCKED_ABSOLUTE,relative but resolves outside blender_scene/ -> anchor changes on move,source=FILE users=1
Image,texture.png.029,//..\distractors\indoor\gso__Threshold_Porcelain_Teapot_White\materials\textures\texture.png,E:\CODING\GitHub\FoundationPose\data\pallet\distractors\indoor\gso__Threshold_Porcelain_Teapot_White\materials\textures\texture.png,True,False,True,False,True,distractors,assets/distractors/library,False,BLOCKED_ABSOLUTE,relative but resolves outside blender_scene/ -> anchor changes on move,source=FILE users=1
Image,texture.png.030,//..\distractors\indoor\gso__TriStar_Products_PPC_Power_Pressure_Cooker_XL_in_Black\materials\textures\texture.png,E:\CODING\GitHub\FoundationPose\data\pallet\distractors\indoor\gso__TriStar_Products_PPC_Power_Pressure_Cooker_XL_in_Black\materials\textures\texture.png,True,False,True,False,True,distractors,assets/distractors/library,False,BLOCKED_ABSOLUTE,relative but resolves outside blender_scene/ -> anchor changes on move,source=FILE users=1
Image,texture.png.031,//..\distractors\indoor\gso__Utana_5_Porcelain_Ramekin_Large\materials\textures\texture.png,E:\CODING\GitHub\FoundationPose\data\pallet\distractors\indoor\gso__Utana_5_Porcelain_Ramekin_Large\materials\textures\texture.png,True,False,True,False,True,distractors,assets/distractors/library,False,BLOCKED_ABSOLUTE,relative but resolves outside blender_scene/ -> anchor changes on move,source=FILE users=1
Image,texture.png.032,//..\distractors\indoor\gso__ACE_Coffee_Mug_Kristen_16_oz_cup\materials\textures\texture.png,E:\CODING\GitHub\FoundationPose\data\pallet\distractors\indoor\gso__ACE_Coffee_Mug_Kristen_16_oz_cup\materials\textures\texture.png,True,False,True,False,True,distractors,assets/distractors/library,False,BLOCKED_ABSOLUTE,relative but resolves outside blender_scene/ -> anchor changes on move,source=FILE users=1
Image,texture.png.033,//..\distractors\indoor\gso__Closetmaid_Premium_Fabric_Cube_Red\materials\textures\texture.png,E:\CODING\GitHub\FoundationPose\data\pallet\distractors\indoor\gso__Closetmaid_Premium_Fabric_Cube_Red\materials\textures\texture.png,True,False,True,False,True,distractors,assets/distractors/library,False,BLOCKED_ABSOLUTE,relative but resolves outside blender_scene/ -> anchor changes on move,source=FILE users=1
Image,texture.png.034,//..\distractors\indoor\gso__Cole_Hardware_Flower_Pot_1025\materials\textures\texture.png,E:\CODING\GitHub\FoundationPose\data\pallet\distractors\indoor\gso__Cole_Hardware_Flower_Pot_1025\materials\textures\texture.png,True,False,True,False,True,distractors,assets/distractors/library,False,BLOCKED_ABSOLUTE,relative but resolves outside blender_scene/ -> anchor changes on move,source=FILE users=1
Image,texture.png.035,//..\distractors\indoor\gso__Cole_Hardware_Mug_Classic_Blue\materials\textures\texture.png,E:\CODING\GitHub\FoundationPose\data\pallet\distractors\indoor\gso__Cole_Hardware_Mug_Classic_Blue\materials\textures\texture.png,True,False,True,False,True,distractors,assets/distractors/library,False,BLOCKED_ABSOLUTE,relative but resolves outside blender_scene/ -> anchor changes on move,source=FILE users=1
Image,texture.png.036,//..\distractors\indoor\gso__Curver_Storage_Bin_Black_Small\materials\textures\texture.png,E:\CODING\GitHub\FoundationPose\data\pallet\distractors\indoor\gso__Curver_Storage_Bin_Black_Small\materials\textures\texture.png,True,False,True,False,True,distractors,assets/distractors/library,False,BLOCKED_ABSOLUTE,relative but resolves outside blender_scene/ -> anchor changes on move,source=FILE users=1
Image,texture.png.037,//..\distractors\indoor\gso__Down_To_Earth_Orchid_Pot_Ceramic_Red\materials\textures\texture.png,E:\CODING\GitHub\FoundationPose\data\pallet\distractors\indoor\gso__Down_To_Earth_Orchid_Pot_Ceramic_Red\materials\textures\texture.png,True,False,True,False,True,distractors,assets/distractors/library,False,BLOCKED_ABSOLUTE,relative but resolves outside blender_scene/ -> anchor changes on move,source=FILE users=1
Image,texture.png.038,//..\distractors\indoor\gso__Ecoforms_Garden_Pot_GP16ATurquois\materials\textures\texture.png,E:\CODING\GitHub\FoundationPose\data\pallet\distractors\indoor\gso__Ecoforms_Garden_Pot_GP16ATurquois\materials\textures\texture.png,True,False,True,False,True,distractors,assets/distractors/library,False,BLOCKED_ABSOLUTE,relative but resolves outside blender_scene/ -> anchor changes on move,source=FILE users=1
Image,texture.png.039,//..\distractors\indoor\gso__Ecoforms_Plant_Bowl_Turquoise_7\materials\textures\texture.png,E:\CODING\GitHub\FoundationPose\data\pallet\distractors\indoor\gso__Ecoforms_Plant_Bowl_Turquoise_7\materials\textures\texture.png,True,False,True,False,True,distractors,assets/distractors/library,False,BLOCKED_ABSOLUTE,relative but resolves outside blender_scene/ -> anchor changes on move,source=FILE users=1
Image,texture.png.040,//..\distractors\indoor\gso__Ecoforms_Plant_Container_QP_Turquoise\materials\textures\texture.png,E:\CODING\GitHub\FoundationPose\data\pallet\distractors\indoor\gso__Ecoforms_Plant_Container_QP_Turquoise\materials\textures\texture.png,True,False,True,False,True,distractors,assets/distractors/library,False,BLOCKED_ABSOLUTE,relative but resolves outside blender_scene/ -> anchor changes on move,source=FILE users=1
Image,texture.png.041,//..\distractors\indoor\gso__Ecoforms_Plant_Container_URN_SAN\materials\textures\texture.png,E:\CODING\GitHub\FoundationPose\data\pallet\distractors\indoor\gso__Ecoforms_Plant_Container_URN_SAN\materials\textures\texture.png,True,False,True,False,True,distractors,assets/distractors/library,False,BLOCKED_ABSOLUTE,relative but resolves outside blender_scene/ -> anchor changes on move,source=FILE users=1
Image,texture.png.042,//..\distractors\indoor\gso__Hefty_Waste_Basket_Decorative_Bronze_85_liter\materials\textures\texture.png,E:\CODING\GitHub\FoundationPose\data\pallet\distractors\indoor\gso__Hefty_Waste_Basket_Decorative_Bronze_85_liter\materials\textures\texture.png,True,False,True,False,True,distractors,assets/distractors/library,False,BLOCKED_ABSOLUTE,relative but resolves outside blender_scene/ -> anchor changes on move,source=FILE users=1
Image,texture.png.043,//..\distractors\indoor\gso__Markings_Desk_Caddy\materials\textures\texture.png,E:\CODING\GitHub\FoundationPose\data\pallet\distractors\indoor\gso__Markings_Desk_Caddy\materials\textures\texture.png,True,False,True,False,True,distractors,assets/distractors/library,False,BLOCKED_ABSOLUTE,relative but resolves outside blender_scene/ -> anchor changes on move,source=FILE users=1
Image,texture.png.044,//..\distractors\indoor\gso__Now_Designs_Bowl_Akita_Black\materials\textures\texture.png,E:\CODING\GitHub\FoundationPose\data\pallet\distractors\indoor\gso__Now_Designs_Bowl_Akita_Black\materials\textures\texture.png,True,False,True,False,True,distractors,assets/distractors/library,False,BLOCKED_ABSOLUTE,relative but resolves outside blender_scene/ -> anchor changes on move,source=FILE users=1
Image,texture.png.045,//..\distractors\indoor\gso__Room_Essentials_Bowl_Turquiose\materials\textures\texture.png,E:\CODING\GitHub\FoundationPose\data\pallet\distractors\indoor\gso__Room_Essentials_Bowl_Turquiose\materials\textures\texture.png,True,False,True,False,True,distractors,assets/distractors/library,False,BLOCKED_ABSOLUTE,relative but resolves outside blender_scene/ -> anchor changes on move,source=FILE users=1
Image,texture.png.046,//..\distractors\indoor\gso__Room_Essentials_Fabric_Cube_Lavender\materials\textures\texture.png,E:\CODING\GitHub\FoundationPose\data\pallet\distractors\indoor\gso__Room_Essentials_Fabric_Cube_Lavender\materials\textures\texture.png,True,False,True,False,True,distractors,assets/distractors/library,False,BLOCKED_ABSOLUTE,relative but resolves outside blender_scene/ -> anchor changes on move,source=FILE users=1
Image,texture.png.047,//..\distractors\indoor\gso__Room_Essentials_Mug_White_Yellow\materials\textures\texture.png,E:\CODING\GitHub\FoundationPose\data\pallet\distractors\indoor\gso__Room_Essentials_Mug_White_Yellow\materials\textures\texture.png,True,False,True,False,True,distractors,assets/distractors/library,False,BLOCKED_ABSOLUTE,relative but resolves outside blender_scene/ -> anchor changes on move,source=FILE users=1
Image,texture.png.048,//..\distractors\indoor\gso__Sapota_Threshold_4_Ceramic_Round_Planter_Red\materials\textures\texture.png,E:\CODING\GitHub\FoundationPose\data\pallet\distractors\indoor\gso__Sapota_Threshold_4_Ceramic_Round_Planter_Red\materials\textures\texture.png,True,False,True,False,True,distractors,assets/distractors/library,False,BLOCKED_ABSOLUTE,relative but resolves outside blender_scene/ -> anchor changes on move,source=FILE users=1
Image,texture.png.049,//..\distractors\indoor\gso__Spritz_Easter_Basket_Plastic_Teal\materials\textures\texture.png,E:\CODING\GitHub\FoundationPose\data\pallet\distractors\indoor\gso__Spritz_Easter_Basket_Plastic_Teal\materials\textures\texture.png,True,False,True,False,True,distractors,assets/distractors/library,False,BLOCKED_ABSOLUTE,relative but resolves outside blender_scene/ -> anchor changes on move,source=FILE users=1
Image,texture.png.050,//..\distractors\indoor\gso__Threshold_Basket_Natural_Finish_Fabric_Liner_Small\materials\textures\texture.png,E:\CODING\GitHub\FoundationPose\data\pallet\distractors\indoor\gso__Threshold_Basket_Natural_Finish_Fabric_Liner_Small\materials\textures\texture.png,True,False,True,False,True,distractors,assets/distractors/library,False,BLOCKED_ABSOLUTE,relative but resolves outside blender_scene/ -> anchor changes on move,source=FILE users=1
Image,texture.png.051,//..\distractors\indoor\gso__Threshold_Porcelain_Pitcher_White\materials\textures\texture.png,E:\CODING\GitHub\FoundationPose\data\pallet\distractors\indoor\gso__Threshold_Porcelain_Pitcher_White\materials\textures\texture.png,True,False,True,False,True,distractors,assets/distractors/library,False,BLOCKED_ABSOLUTE,relative but resolves outside blender_scene/ -> anchor changes on move,source=FILE users=1
Image,texture.png.052,//..\distractors\indoor\gso__Threshold_Porcelain_Serving_Bowl_Coupe_White\materials\textures\texture.png,E:\CODING\GitHub\FoundationPose\data\pallet\distractors\indoor\gso__Threshold_Porcelain_Serving_Bowl_Coupe_White\materials\textures\texture.png,True,False,True,False,True,distractors,assets/distractors/library,False,BLOCKED_ABSOLUTE,relative but resolves outside blender_scene/ -> anchor changes on move,source=FILE users=1
Image,texture.png.053,//..\distractors\small\gso__3M_Vinyl_Tape_Green_1_x_36_yd\materials\textures\texture.png,E:\CODING\GitHub\FoundationPose\data\pallet\distractors\small\gso__3M_Vinyl_Tape_Green_1_x_36_yd\materials\textures\texture.png,True,False,True,False,True,distractors,assets/distractors/library,False,BLOCKED_ABSOLUTE,relative but resolves outside blender_scene/ -> anchor changes on move,source=FILE users=1
Image,texture.png.054,//..\distractors\small\gso__Animal_Crossing_New_Leaf_Nintendo_3DS_Game\materials\textures\texture.png,E:\CODING\GitHub\FoundationPose\data\pallet\distractors\small\gso__Animal_Crossing_New_Leaf_Nintendo_3DS_Game\materials\textures\texture.png,True,False,True,False,True,distractors,assets/distractors/library,False,BLOCKED_ABSOLUTE,relative but resolves outside blender_scene/ -> anchor changes on move,source=FILE users=1
Image,texture.png.055,//..\distractors\small\gso__Asus_Z97AR_LGA_1150_Intel_ATX_Motherboard\materials\textures\texture.png,E:\CODING\GitHub\FoundationPose\data\pallet\distractors\small\gso__Asus_Z97AR_LGA_1150_Intel_ATX_Motherboard\materials\textures\texture.png,True,False,True,False,True,distractors,assets/distractors/library,False,BLOCKED_ABSOLUTE,relative but resolves outside blender_scene/ -> anchor changes on move,source=FILE users=1
Image,texture.png.056,//..\distractors\small\gso__Balderdash_Game\materials\textures\texture.png,E:\CODING\GitHub\FoundationPose\data\pallet\distractors\small\gso__Balderdash_Game\materials\textures\texture.png,True,False,True,False,True,distractors,assets/distractors/library,False,BLOCKED_ABSOLUTE,relative but resolves outside blender_scene/ -> anchor changes on move,source=FILE users=1
Image,texture.png.057,//..\distractors\small\gso__Blue_Jasmine_Includes_Digital_Copy_UltraViolet_DVD\materials\textures\texture.png,E:\CODING\GitHub\FoundationPose\data\pallet\distractors\small\gso__Blue_Jasmine_Includes_Digital_Copy_UltraViolet_DVD\materials\textures\texture.png,True,False,True,False,True,distractors,assets/distractors/library,False,BLOCKED_ABSOLUTE,relative but resolves outside blender_scene/ -> anchor changes on move,source=FILE users=1
Image,texture.png.058,//..\distractors\small\gso__Brother_Ink_Cartridge_Magenta_LC75M\materials\textures\texture.png,E:\CODING\GitHub\FoundationPose\data\pallet\distractors\small\gso__Brother_Ink_Cartridge_Magenta_LC75M\materials\textures\texture.png,True,False,True,False,True,distractors,assets/distractors/library,False,BLOCKED_ABSOLUTE,relative but resolves outside blender_scene/ -> anchor changes on move,source=FILE users=1
Image,texture.png.059,//..\distractors\small\gso__Canon_Pixma_Ink_Cartridge_251_M\materials\textures\texture.png,E:\CODING\GitHub\FoundationPose\data\pallet\distractors\small\gso__Canon_Pixma_Ink_Cartridge_251_M\materials\textures\texture.png,True,False,True,False,True,distractors,assets/distractors/library,False,BLOCKED_ABSOLUTE,relative but resolves outside blender_scene/ -> anchor changes on move,source=FILE users=1
Image,texture.png.060,//..\distractors\small\gso__Clorox_Premium_Choice_Gloves_SM_1_pair\materials\textures\texture.png,E:\CODING\GitHub\FoundationPose\data\pallet\distractors\small\gso__Clorox_Premium_Choice_Gloves_SM_1_pair\materials\textures\texture.png,True,False,True,False,True,distractors,assets/distractors/library,False,BLOCKED_ABSOLUTE,relative but resolves outside blender_scene/ -> anchor changes on move,source=FILE users=1
Image,texture.png.061,//..\distractors\small\gso__Cole_Hardware_Hammer_Black\materials\textures\texture.png,E:\CODING\GitHub\FoundationPose\data\pallet\distractors\small\gso__Cole_Hardware_Hammer_Black\materials\textures\texture.png,True,False,True,False,True,distractors,assets/distractors/library,False,BLOCKED_ABSOLUTE,relative but resolves outside blender_scene/ -> anchor changes on move,source=FILE users=1
Image,texture.png.062,//..\distractors\small\gso__Craftsman_Grip_Screwdriver_Phillips_Cushion\materials\textures\texture.png,E:\CODING\GitHub\FoundationPose\data\pallet\distractors\small\gso__Craftsman_Grip_Screwdriver_Phillips_Cushion\materials\textures\texture.png,True,False,True,False,True,distractors,assets/distractors/library,False,BLOCKED_ABSOLUTE,relative but resolves outside blender_scene/ -> anchor changes on move,source=FILE users=1
Image,texture.png.063,//..\distractors\small\gso__Crayola_Crayons_24_count\materials\textures\texture.png,E:\CODING\GitHub\FoundationPose\data\pallet\distractors\small\gso__Crayola_Crayons_24_count\materials\textures\texture.png,True,False,True,False,True,distractors,assets/distractors/library,False,BLOCKED_ABSOLUTE,relative but resolves outside blender_scene/ -> anchor changes on move,source=FILE users=1
Image,texture.png.064,//..\distractors\small\gso__Crayola_Washable_Sidewalk_Chalk_16_pack\materials\textures\texture.png,E:\CODING\GitHub\FoundationPose\data\pallet\distractors\small\gso__Crayola_Washable_Sidewalk_Chalk_16_pack\materials\textures\texture.png,True,False,True,False,True,distractors,assets/distractors/library,False,BLOCKED_ABSOLUTE,relative but resolves outside blender_scene/ -> anchor changes on move,source=FILE users=1
Image,texture.png.065,//..\distractors\small\gso__Creatine_Monohydrate\materials\textures\texture.png,E:\CODING\GitHub\FoundationPose\data\pallet\distractors\small\gso__Creatine_Monohydrate\materials\textures\texture.png,True,False,True,False,True,distractors,assets/distractors/library,False,BLOCKED_ABSOLUTE,relative but resolves outside blender_scene/ -> anchor changes on move,source=FILE users=1
Image,texture.png.066,//..\distractors\small\gso__Crosley_Alarm_Clock_Vintage_Metal\materials\textures\texture.png,E:\CODING\GitHub\FoundationPose\data\pallet\distractors\small\gso__Crosley_Alarm_Clock_Vintage_Metal\materials\textures\texture.png,True,False,True,False,True,distractors,assets/distractors/library,False,BLOCKED_ABSOLUTE,relative but resolves outside blender_scene/ -> anchor changes on move,source=FILE users=1
Image,texture.png.067,//..\distractors\small\gso__Diet_Pepsi_Soda_Cola12_Pack_12_oz_Cans\materials\textures\texture.png,E:\CODING\GitHub\FoundationPose\data\pallet\distractors\small\gso__Diet_Pepsi_Soda_Cola12_Pack_12_oz_Cans\materials\textures\texture.png,True,False,True,False,True,distractors,assets/distractors/library,False,BLOCKED_ABSOLUTE,relative but resolves outside blender_scene/ -> anchor changes on move,source=FILE users=1
Image,texture.png.068,//..\distractors\small\gso__DPC_Thinsulate_Isolate_Gloves_Brown\materials\textures\texture.png,E:\CODING\GitHub\FoundationPose\data\pallet\distractors\small\gso__DPC_Thinsulate_Isolate_Gloves_Brown\materials\textures\texture.png,True,False,True,False,True,distractors,assets/distractors/library,False,BLOCKED_ABSOLUTE,relative but resolves outside blender_scene/ -> anchor changes on move,source=FILE users=1
Image,texture.png.069,//..\distractors\small\gso__Epson_273XL_Ink_Cartridge_Magenta\materials\textures\texture.png,E:\CODING\GitHub\FoundationPose\data\pallet\distractors\small\gso__Epson_273XL_Ink_Cartridge_Magenta\materials\textures\texture.png,True,False,True,False,True,distractors,assets/distractors/library,False,BLOCKED_ABSOLUTE,relative but resolves outside blender_scene/ -> anchor changes on move,source=FILE users=1
Image,texture.png.070,//..\distractors\small\gso__Fisher_price_Classic_Toys_Buzzy_Bee\materials\textures\texture.png,E:\CODING\GitHub\FoundationPose\data\pallet\distractors\small\gso__Fisher_price_Classic_Toys_Buzzy_Bee\materials\textures\texture.png,True,False,True,False,True,distractors,assets/distractors/library,False,BLOCKED_ABSOLUTE,relative but resolves outside blender_scene/ -> anchor changes on move,source=FILE users=1
Image,texture.png.071,//..\distractors\small\gso__Folic_Acid\materials\textures\texture.png,E:\CODING\GitHub\FoundationPose\data\pallet\distractors\small\gso__Folic_Acid\materials\textures\texture.png,True,False,True,False,True,distractors,assets/distractors/library,False,BLOCKED_ABSOLUTE,relative but resolves outside blender_scene/ -> anchor changes on move,source=FILE users=1
Image,texture.png.072,//..\distractors\small\gso__Fresca_Peach_Citrus_Sparkling_Flavored_Soda_12_PK\materials\textures\texture.png,E:\CODING\GitHub\FoundationPose\data\pallet\distractors\small\gso__Fresca_Peach_Citrus_Sparkling_Flavored_Soda_12_PK\materials\textures\texture.png,True,False,True,False,True,distractors,assets/distractors/library,False,BLOCKED_ABSOLUTE,relative but resolves outside blender_scene/ -> anchor changes on move,source=FILE users=1
Image,texture.png.073,//..\distractors\small\gso__Frozen_Scrabble_Jr\materials\textures\texture.png,E:\CODING\GitHub\FoundationPose\data\pallet\distractors\small\gso__Frozen_Scrabble_Jr\materials\textures\texture.png,True,False,True,False,True,distractors,assets/distractors/library,False,BLOCKED_ABSOLUTE,relative but resolves outside blender_scene/ -> anchor changes on move,source=FILE users=1
Image,texture.png.074,//..\distractors\small\gso__Gigabyte_GA78LMTUSB3_50_Motherboard_Micro_ATX_Socket_AM3\materials\textures\texture.png,E:\CODING\GitHub\FoundationPose\data\pallet\distractors\small\gso__Gigabyte_GA78LMTUSB3_50_Motherboard_Micro_ATX_Socket_AM3\materials\textures\texture.png,True,False,True,False,True,distractors,assets/distractors/library,False,BLOCKED_ABSOLUTE,relative but resolves outside blender_scene/ -> anchor changes on move,source=FILE users=1
Image,texture.png.075,//..\distractors\small\gso__Google_Cardboard_Original_package\materials\textures\texture.png,E:\CODING\GitHub\FoundationPose\data\pallet\distractors\small\gso__Google_Cardboard_Original_package\materials\textures\texture.png,True,False,True,False,True,distractors,assets/distractors/library,False,BLOCKED_ABSOLUTE,relative but resolves outside blender_scene/ -> anchor changes on move,source=FILE users=1
Image,texture.png.076,//..\distractors\small\gso__Hasbro_Trivial_Pursuit_Family_Edition_Game\materials\textures\texture.png,E:\CODING\GitHub\FoundationPose\data\pallet\distractors\small\gso__Hasbro_Trivial_Pursuit_Family_Edition_Game\materials\textures\texture.png,True,False,True,False,True,distractors,assets/distractors/library,False,BLOCKED_ABSOLUTE,relative but resolves outside blender_scene/ -> anchor changes on move,source=FILE users=1
Image,texture.png.077,//..\distractors\small\gso__HeavyDuty_Flashlight\materials\textures\texture.png,E:\CODING\GitHub\FoundationPose\data\pallet\distractors\small\gso__HeavyDuty_Flashlight\materials\textures\texture.png,True,False,True,False,True,distractors,assets/distractors/library,False,BLOCKED_ABSOLUTE,relative but resolves outside blender_scene/ -> anchor changes on move,source=FILE users=1
Image,texture.png.078,//..\distractors\small\gso__House_of_Cards_The_Complete_First_Season_4_Discs_DVD\materials\textures\texture.png,E:\CODING\GitHub\FoundationPose\data\pallet\distractors\small\gso__House_of_Cards_The_Complete_First_Season_4_Discs_DVD\materials\textures\texture.png,True,False,True,False,True,distractors,assets/distractors/library,False,BLOCKED_ABSOLUTE,relative but resolves outside blender_scene/ -> anchor changes on move,source=FILE users=1
Image,texture.png.079,//..\distractors\small\gso__Hyaluronic_Acid\materials\textures\texture.png,E:\CODING\GitHub\FoundationPose\data\pallet\distractors\small\gso__Hyaluronic_Acid\materials\textures\texture.png,True,False,True,False,True,distractors,assets/distractors/library,False,BLOCKED_ABSOLUTE,relative but resolves outside blender_scene/ -> anchor changes on move,source=FILE users=1
Image,texture.png.080,//..\distractors\small\gso__HyperX_Cloud_II_Headset_Red\materials\textures\texture.png,E:\CODING\GitHub\FoundationPose\data\pallet\distractors\small\gso__HyperX_Cloud_II_Headset_Red\materials\textures\texture.png,True,False,True,False,True,distractors,assets/distractors/library,False,BLOCKED_ABSOLUTE,relative but resolves outside blender_scene/ -> anchor changes on move,source=FILE users=1
Image,texture.png.081,//..\distractors\small\gso__JBL_Charge_Speaker_portable_wireless_wired_Green\materials\textures\texture.png,E:\CODING\GitHub\FoundationPose\data\pallet\distractors\small\gso__JBL_Charge_Speaker_portable_wireless_wired_Green\materials\textures\texture.png,True,False,True,False,True,distractors,assets/distractors/library,False,BLOCKED_ABSOLUTE,relative but resolves outside blender_scene/ -> anchor changes on move,source=FILE users=1
Image,texture.png.082,//..\distractors\small\gso__Justified_The_Complete_Fourth_Season_3_Discs_DVD\materials\textures\texture.png,E:\CODING\GitHub\FoundationPose\data\pallet\distractors\small\gso__Justified_The_Complete_Fourth_Season_3_Discs_DVD\materials\textures\texture.png,True,False,True,False,True,distractors,assets/distractors/library,False,BLOCKED_ABSOLUTE,relative but resolves outside blender_scene/ -> anchor changes on move,source=FILE users=1
Image,texture.png.083,//..\distractors\small\gso__Kanex_MultiSync_Wireless_Keyboard\materials\textures\texture.png,E:\CODING\GitHub\FoundationPose\data\pallet\distractors\small\gso__Kanex_MultiSync_Wireless_Keyboard\materials\textures\texture.png,True,False,True,False,True,distractors,assets/distractors/library,False,BLOCKED_ABSOLUTE,relative but resolves outside blender_scene/ -> anchor changes on move,source=FILE users=1
Image,texture.png.084,//..\distractors\small\gso__LEGO_Bricks_More_Creative_Suitcase\materials\textures\texture.png,E:\CODING\GitHub\FoundationPose\data\pallet\distractors\small\gso__LEGO_Bricks_More_Creative_Suitcase\materials\textures\texture.png,True,False,True,False,True,distractors,assets/distractors/library,False,BLOCKED_ABSOLUTE,relative but resolves outside blender_scene/ -> anchor changes on move,source=FILE users=1
Image,texture.png.085,//..\distractors\small\gso__LEGO_City_Advent_Calendar\materials\textures\texture.png,E:\CODING\GitHub\FoundationPose\data\pallet\distractors\small\gso__LEGO_City_Advent_Calendar\materials\textures\texture.png,True,False,True,False,True,distractors,assets/distractors/library,False,BLOCKED_ABSOLUTE,relative but resolves outside blender_scene/ -> anchor changes on move,source=FILE users=1
Image,texture.png.086,//..\distractors\small\gso__LEGO_Duplo_Build_and_Play_Box_4629\materials\textures\texture.png,E:\CODING\GitHub\FoundationPose\data\pallet\distractors\small\gso__LEGO_Duplo_Build_and_Play_Box_4629\materials\textures\texture.png,True,False,True,False,True,distractors,assets/distractors/library,False,BLOCKED_ABSOLUTE,relative but resolves outside blender_scene/ -> anchor changes on move,source=FILE users=1
Image,texture.png.087,//..\distractors\small\gso__LEGO_Star_Wars_Advent_Calendar\materials\textures\texture.png,E:\CODING\GitHub\FoundationPose\data\pallet\distractors\small\gso__LEGO_Star_Wars_Advent_Calendar\materials\textures\texture.png,True,False,True,False,True,distractors,assets/distractors/library,False,BLOCKED_ABSOLUTE,relative but resolves outside blender_scene/ -> anchor changes on move,source=FILE users=1
Image,texture.png.088,//..\distractors\small\gso__Little_Debbie_Chocolate_Cupcakes_8_ct\materials\textures\texture.png,E:\CODING\GitHub\FoundationPose\data\pallet\distractors\small\gso__Little_Debbie_Chocolate_Cupcakes_8_ct\materials\textures\texture.png,True,False,True,False,True,distractors,assets/distractors/library,False,BLOCKED_ABSOLUTE,relative but resolves outside blender_scene/ -> anchor changes on move,source=FILE users=1
Image,texture.png.089,//..\distractors\small\gso__Little_Debbie_Cloud_Cakes_10_ct\materials\textures\texture.png,E:\CODING\GitHub\FoundationPose\data\pallet\distractors\small\gso__Little_Debbie_Cloud_Cakes_10_ct\materials\textures\texture.png,True,False,True,False,True,distractors,assets/distractors/library,False,BLOCKED_ABSOLUTE,relative but resolves outside blender_scene/ -> anchor changes on move,source=FILE users=1
Image,texture.png.090,//..\distractors\small\gso__Little_Debbie_Donut_Sticks_6_cake_donuts_10_oz_total\materials\textures\texture.png,E:\CODING\GitHub\FoundationPose\data\pallet\distractors\small\gso__Little_Debbie_Donut_Sticks_6_cake_donuts_10_oz_total\materials\textures\texture.png,True,False,True,False,True,distractors,assets/distractors/library,False,BLOCKED_ABSOLUTE,relative but resolves outside blender_scene/ -> anchor changes on move,source=FILE users=1
Image,texture.png.091,//..\distractors\small\gso__Mario_Party_9_Wii_Game\materials\textures\texture.png,E:\CODING\GitHub\FoundationPose\data\pallet\distractors\small\gso__Mario_Party_9_Wii_Game\materials\textures\texture.png,True,False,True,False,True,distractors,assets/distractors/library,False,BLOCKED_ABSOLUTE,relative but resolves outside blender_scene/ -> anchor changes on move,source=FILE users=1
Image,texture.png.092,//..\distractors\small\gso__Markings_Letter_Holder\materials\textures\texture.png,E:\CODING\GitHub\FoundationPose\data\pallet\distractors\small\gso__Markings_Letter_Holder\materials\textures\texture.png,True,False,True,False,True,distractors,assets/distractors/library,False,BLOCKED_ABSOLUTE,relative but resolves outside blender_scene/ -> anchor changes on move,source=FILE users=1
Image,texture.png.093,//..\distractors\small\gso__Mastic_Gum\materials\textures\texture.png,E:\CODING\GitHub\FoundationPose\data\pallet\distractors\small\gso__Mastic_Gum\materials\textures\texture.png,True,False,True,False,True,distractors,assets/distractors/library,False,BLOCKED_ABSOLUTE,relative but resolves outside blender_scene/ -> anchor changes on move,source=FILE users=1
Image,texture.png.094,//..\distractors\small\gso__My_Monopoly_Board_Game\materials\textures\texture.png,E:\CODING\GitHub\FoundationPose\data\pallet\distractors\small\gso__My_Monopoly_Board_Game\materials\textures\texture.png,True,False,True,False,True,distractors,assets/distractors/library,False,BLOCKED_ABSOLUTE,relative but resolves outside blender_scene/ -> anchor changes on move,source=FILE users=1
Image,texture.png.095,//..\distractors\small\gso__Nestle_Carnation_Cinnamon_Coffeecake_Kit_1913OZ\materials\textures\texture.png,E:\CODING\GitHub\FoundationPose\data\pallet\distractors\small\gso__Nestle_Carnation_Cinnamon_Coffeecake_Kit_1913OZ\materials\textures\texture.png,True,False,True,False,True,distractors,assets/distractors/library,False,BLOCKED_ABSOLUTE,relative but resolves outside blender_scene/ -> anchor changes on move,source=FILE users=1
Image,texture.png.096,//..\distractors\small\gso__Netgear_N750_Wireless_Dual_Band_Gigabit_Router\materials\textures\texture.png,E:\CODING\GitHub\FoundationPose\data\pallet\distractors\small\gso__Netgear_N750_Wireless_Dual_Band_Gigabit_Router\materials\textures\texture.png,True,False,True,False,True,distractors,assets/distractors/library,False,BLOCKED_ABSOLUTE,relative but resolves outside blender_scene/ -> anchor changes on move,source=FILE users=1
Image,texture.png.097,//..\distractors\small\gso__New_Super_Mario_BrosWii_Wii_Game\materials\textures\texture.png,E:\CODING\GitHub\FoundationPose\data\pallet\distractors\small\gso__New_Super_Mario_BrosWii_Wii_Game\materials\textures\texture.png,True,False,True,False,True,distractors,assets/distractors/library,False,BLOCKED_ABSOLUTE,relative but resolves outside blender_scene/ -> anchor changes on move,source=FILE users=1
Image,texture.png.098,//..\distractors\small\gso__Nikon_1_AW1_w11275mm_Lens_Silver\materials\textures\texture.png,E:\CODING\GitHub\FoundationPose\data\pallet\distractors\small\gso__Nikon_1_AW1_w11275mm_Lens_Silver\materials\textures\texture.png,True,False,True,False,True,distractors,assets/distractors/library,False,BLOCKED_ABSOLUTE,relative but resolves outside blender_scene/ -> anchor changes on move,source=FILE users=1
Image,texture.png.099,//..\distractors\small\gso__Nintendo_Wii_Party_U_with_Controller_Wii_U_Game\materials\textures\texture.png,E:\CODING\GitHub\FoundationPose\data\pallet\distractors\small\gso__Nintendo_Wii_Party_U_with_Controller_Wii_U_Game\materials\textures\texture.png,True,False,True,False,True,distractors,assets/distractors/library,False,BLOCKED_ABSOLUTE,relative but resolves outside blender_scene/ -> anchor changes on move,source=FILE users=1
Image,texture.png.100,//..\distractors\small\gso__Office_Depot_Canon_CLI_221BK_Ink_Cartridge_Black_2946B001\materials\textures\texture.png,E:\CODING\GitHub\FoundationPose\data\pallet\distractors\small\gso__Office_Depot_Canon_CLI_221BK_Ink_Cartridge_Black_2946B001\materials\textures\texture.png,True,False,True,False,True,distractors,assets/distractors/library,False,BLOCKED_ABSOLUTE,relative but resolves outside blender_scene/ -> anchor changes on move,source=FILE users=1
Image,texture.png.101,//..\distractors\small\gso__Office_Depot_HP_564XL_Ink_Cartridge_Black_CN684WN\materials\textures\texture.png,E:\CODING\GitHub\FoundationPose\data\pallet\distractors\small\gso__Office_Depot_HP_564XL_Ink_Cartridge_Black_CN684WN\materials\textures\texture.png,True,False,True,False,True,distractors,assets/distractors/library,False,BLOCKED_ABSOLUTE,relative but resolves outside blender_scene/ -> anchor changes on move,source=FILE users=1
Image,texture.png.102,//..\distractors\small\gso__Organic_Whey_Protein_Unflavored\materials\textures\texture.png,E:\CODING\GitHub\FoundationPose\data\pallet\distractors\small\gso__Organic_Whey_Protein_Unflavored\materials\textures\texture.png,True,False,True,False,True,distractors,assets/distractors/library,False,BLOCKED_ABSOLUTE,relative but resolves outside blender_scene/ -> anchor changes on move,source=FILE users=1
Image,texture.png.103,//..\distractors\small\gso__OXO_Soft_Works_Can_Opener_SnapLock\materials\textures\texture.png,E:\CODING\GitHub\FoundationPose\data\pallet\distractors\small\gso__OXO_Soft_Works_Can_Opener_SnapLock\materials\textures\texture.png,True,False,True,False,True,distractors,assets/distractors/library,False,BLOCKED_ABSOLUTE,relative but resolves outside blender_scene/ -> anchor changes on move,source=FILE users=1
Image,texture.png.104,//..\distractors\small\gso__Pass_The_Popcorn_Movie_Guessing_Game\materials\textures\texture.png,E:\CODING\GitHub\FoundationPose\data\pallet\distractors\small\gso__Pass_The_Popcorn_Movie_Guessing_Game\materials\textures\texture.png,True,False,True,False,True,distractors,assets/distractors/library,False,BLOCKED_ABSOLUTE,relative but resolves outside blender_scene/ -> anchor changes on move,source=FILE users=1
Image,texture.png.105,//..\distractors\small\gso__Pepsi_Caffeine_Free_Diet_12_CT\materials\textures\texture.png,E:\CODING\GitHub\FoundationPose\data\pallet\distractors\small\gso__Pepsi_Caffeine_Free_Diet_12_CT\materials\textures\texture.png,True,False,True,False,True,distractors,assets/distractors/library,False,BLOCKED_ABSOLUTE,relative but resolves outside blender_scene/ -> anchor changes on move,source=FILE users=1
Image,texture.png.106,//..\distractors\small\gso__Pony_C_Clamp_1440\materials\textures\texture.png,E:\CODING\GitHub\FoundationPose\data\pallet\distractors\small\gso__Pony_C_Clamp_1440\materials\textures\texture.png,True,False,True,False,True,distractors,assets/distractors/library,False,BLOCKED_ABSOLUTE,relative but resolves outside blender_scene/ -> anchor changes on move,source=FILE users=1
Image,texture.png.107,//..\distractors\small\gso__Poppin_File_Sorter_Blue\materials\textures\texture.png,E:\CODING\GitHub\FoundationPose\data\pallet\distractors\small\gso__Poppin_File_Sorter_Blue\materials\textures\texture.png,True,False,True,False,True,distractors,assets/distractors/library,False,BLOCKED_ABSOLUTE,relative but resolves outside blender_scene/ -> anchor changes on move,source=FILE users=1
Image,texture.png.108,//..\distractors\small\gso__Poppin_File_Sorter_White\materials\textures\texture.png,E:\CODING\GitHub\FoundationPose\data\pallet\distractors\small\gso__Poppin_File_Sorter_White\materials\textures\texture.png,True,False,True,False,True,distractors,assets/distractors/library,False,BLOCKED_ABSOLUTE,relative but resolves outside blender_scene/ -> anchor changes on move,source=FILE users=1
Image,texture.png.109,//..\distractors\small\gso__Quercetin_500\materials\textures\texture.png,E:\CODING\GitHub\FoundationPose\data\pallet\distractors\small\gso__Quercetin_500\materials\textures\texture.png,True,False,True,False,True,distractors,assets/distractors/library,False,BLOCKED_ABSOLUTE,relative but resolves outside blender_scene/ -> anchor changes on move,source=FILE users=1
Image,texture.png.110,//..\distractors\small\gso__Razer_Abyssus_Ambidextrous_Gaming_Mouse\materials\textures\texture.png,E:\CODING\GitHub\FoundationPose\data\pallet\distractors\small\gso__Razer_Abyssus_Ambidextrous_Gaming_Mouse\materials\textures\texture.png,True,False,True,False,True,distractors,assets/distractors/library,False,BLOCKED_ABSOLUTE,relative but resolves outside blender_scene/ -> anchor changes on move,source=FILE users=1
Image,texture.png.111,//..\distractors\small\gso__Razer_Kraken_Pro_headset_Full_size_Black\materials\textures\texture.png,E:\CODING\GitHub\FoundationPose\data\pallet\distractors\small\gso__Razer_Kraken_Pro_headset_Full_size_Black\materials\textures\texture.png,True,False,True,False,True,distractors,assets/distractors/library,False,BLOCKED_ABSOLUTE,relative but resolves outside blender_scene/ -> anchor changes on move,source=FILE users=1
Image,texture.png.112,//..\distractors\small\gso__Razer_Taipan_Black_Ambidextrous_Gaming_Mouse\materials\textures\texture.png,E:\CODING\GitHub\FoundationPose\data\pallet\distractors\small\gso__Razer_Taipan_Black_Ambidextrous_Gaming_Mouse\materials\textures\texture.png,True,False,True,False,True,distractors,assets/distractors/library,False,BLOCKED_ABSOLUTE,relative but resolves outside blender_scene/ -> anchor changes on move,source=FILE users=1
Image,texture.png.113,//..\distractors\small\gso__ReadytoUse_Rolled_Fondant_Pure_White_24_oz_box\materials\textures\texture.png,E:\CODING\GitHub\FoundationPose\data\pallet\distractors\small\gso__ReadytoUse_Rolled_Fondant_Pure_White_24_oz_box\materials\textures\texture.png,True,False,True,False,True,distractors,assets/distractors/library,False,BLOCKED_ABSOLUTE,relative but resolves outside blender_scene/ -> anchor changes on move,source=FILE users=1
Image,texture.png.114,//..\distractors\small\gso__Rexy_Glove_Heavy_Duty_Large\materials\textures\texture.png,E:\CODING\GitHub\FoundationPose\data\pallet\distractors\small\gso__Rexy_Glove_Heavy_Duty_Large\materials\textures\texture.png,True,False,True,False,True,distractors,assets/distractors/library,False,BLOCKED_ABSOLUTE,relative but resolves outside blender_scene/ -> anchor changes on move,source=FILE users=1
Image,texture.png.115,//..\distractors\small\gso__Samsung_CLTC406S_Toner_Cartridge_Cyan_1pack\materials\textures\texture.png,E:\CODING\GitHub\FoundationPose\data\pallet\distractors\small\gso__Samsung_CLTC406S_Toner_Cartridge_Cyan_1pack\materials\textures\texture.png,True,False,True,False,True,distractors,assets/distractors/library,False,BLOCKED_ABSOLUTE,relative but resolves outside blender_scene/ -> anchor changes on move,source=FILE users=1
Image,texture.png.116,//..\distractors\small\gso__Seagate_1TB_Backup_Plus_portable_drive_Blue\materials\textures\texture.png,E:\CODING\GitHub\FoundationPose\data\pallet\distractors\small\gso__Seagate_1TB_Backup_Plus_portable_drive_Blue\materials\textures\texture.png,True,False,True,False,True,distractors,assets/distractors/library,False,BLOCKED_ABSOLUTE,relative but resolves outside blender_scene/ -> anchor changes on move,source=FILE users=1
Image,texture.png.117,//..\distractors\small\gso__Shurtape_Gaffers_Tape_Silver_2_x_60_yd\materials\textures\texture.png,E:\CODING\GitHub\FoundationPose\data\pallet\distractors\small\gso__Shurtape_Gaffers_Tape_Silver_2_x_60_yd\materials\textures\texture.png,True,False,True,False,True,distractors,assets/distractors/library,False,BLOCKED_ABSOLUTE,relative but resolves outside blender_scene/ -> anchor changes on move,source=FILE users=1
Image,texture.png.118,//..\distractors\small\gso__Sonny_School_Bus\materials\textures\texture.png,E:\CODING\GitHub\FoundationPose\data\pallet\distractors\small\gso__Sonny_School_Bus\materials\textures\texture.png,True,False,True,False,True,distractors,assets/distractors/library,False,BLOCKED_ABSOLUTE,relative but resolves outside blender_scene/ -> anchor changes on move,source=FILE users=1
Image,texture.png.119,//..\distractors\small\gso__Sorry_Sliders_Board_Game\materials\textures\texture.png,E:\CODING\GitHub\FoundationPose\data\pallet\distractors\small\gso__Sorry_Sliders_Board_Game\materials\textures\texture.png,True,False,True,False,True,distractors,assets/distractors/library,False,BLOCKED_ABSOLUTE,relative but resolves outside blender_scene/ -> anchor changes on move,source=FILE users=1
Image,texture.png.120,//..\distractors\small\gso__Super_Mario_3D_World_Wii_U_Game\materials\textures\texture.png,E:\CODING\GitHub\FoundationPose\data\pallet\distractors\small\gso__Super_Mario_3D_World_Wii_U_Game\materials\textures\texture.png,True,False,True,False,True,distractors,assets/distractors/library,False,BLOCKED_ABSOLUTE,relative but resolves outside blender_scene/ -> anchor changes on move,source=FILE users=1
Image,texture.png.121,//..\distractors\small\gso__Supernatural_Ouija_Board_Game\materials\textures\texture.png,E:\CODING\GitHub\FoundationPose\data\pallet\distractors\small\gso__Supernatural_Ouija_Board_Game\materials\textures\texture.png,True,False,True,False,True,distractors,assets/distractors/library,False,BLOCKED_ABSOLUTE,relative but resolves outside blender_scene/ -> anchor changes on move,source=FILE users=1
Image,texture.png.122,//..\distractors\small\gso__Swiss_Miss_Hot_Cocoa_KCups_Milk_Chocolate_12_count\materials\textures\texture.png,E:\CODING\GitHub\FoundationPose\data\pallet\distractors\small\gso__Swiss_Miss_Hot_Cocoa_KCups_Milk_Chocolate_12_count\materials\textures\texture.png,True,False,True,False,True,distractors,assets/distractors/library,False,BLOCKED_ABSOLUTE,relative but resolves outside blender_scene/ -> anchor changes on move,source=FILE users=1
Image,texture.png.123,//..\distractors\small\gso__Tetris_Link_Game\materials\textures\texture.png,E:\CODING\GitHub\FoundationPose\data\pallet\distractors\small\gso__Tetris_Link_Game\materials\textures\texture.png,True,False,True,False,True,distractors,assets/distractors/library,False,BLOCKED_ABSOLUTE,relative but resolves outside blender_scene/ -> anchor changes on move,source=FILE users=1
Image,texture.png.124,//..\distractors\small\gso__Twinlab_100_Whey_Protein_Fuel_Vanilla\materials\textures\texture.png,E:\CODING\GitHub\FoundationPose\data\pallet\distractors\small\gso__Twinlab_100_Whey_Protein_Fuel_Vanilla\materials\textures\texture.png,True,False,True,False,True,distractors,assets/distractors/library,False,BLOCKED_ABSOLUTE,relative but resolves outside blender_scene/ -> anchor changes on move,source=FILE users=1
Image,texture.png.125,//..\distractors\small\gso__Victor_Reversible_Bookend\materials\textures\texture.png,E:\CODING\GitHub\FoundationPose\data\pallet\distractors\small\gso__Victor_Reversible_Bookend\materials\textures\texture.png,True,False,True,False,True,distractors,assets/distractors/library,False,BLOCKED_ABSOLUTE,relative but resolves outside blender_scene/ -> anchor changes on move,source=FILE users=1
Image,texture.png.126,//..\distractors\small\gso__Winning_Moves_1180_Aggravation_Board_Game\materials\textures\texture.png,E:\CODING\GitHub\FoundationPose\data\pallet\distractors\small\gso__Winning_Moves_1180_Aggravation_Board_Game\materials\textures\texture.png,True,False,True,False,True,distractors,assets/distractors/library,False,BLOCKED_ABSOLUTE,relative but resolves outside blender_scene/ -> anchor changes on move,source=FILE users=1
Image,texture.png.127,//..\distractors\small\gso__Xyli_Pure_Xylitol\materials\textures\texture.png,E:\CODING\GitHub\FoundationPose\data\pallet\distractors\small\gso__Xyli_Pure_Xylitol\materials\textures\texture.png,True,False,True,False,True,distractors,assets/distractors/library,False,BLOCKED_ABSOLUTE,relative but resolves outside blender_scene/ -> anchor changes on move,source=FILE users=1
Image,tool_cart_diff,E:\CODING\GitHub\FoundationPose\data\pallet\distractors\medium\ph__tool_cart\textures\tool_cart_diff_1k.jpg,E:\CODING\GitHub\FoundationPose\data\pallet\distractors\medium\ph__tool_cart\textures\tool_cart_diff_1k.jpg,False,False,True,False,True,distractors,assets/distractors/library,False,BLOCKED_ABSOLUTE,stored as an absolute path -> breaks when the asset moves,source=FILE users=1
Image,tool_cart_metal-tool_cart_rough,E:\CODING\GitHub\FoundationPose\data\pallet\distractors\medium\ph__tool_cart\textures\tool_cart_arm_1k.jpg,E:\CODING\GitHub\FoundationPose\data\pallet\distractors\medium\ph__tool_cart\textures\tool_cart_arm_1k.jpg,False,False,True,False,True,distractors,assets/distractors/library,False,BLOCKED_ABSOLUTE,stored as an absolute path -> breaks when the asset moves,source=FILE users=1
Image,tool_cart_nor_gl,E:\CODING\GitHub\FoundationPose\data\pallet\distractors\medium\ph__tool_cart\textures\tool_cart_nor_gl_1k.jpg,E:\CODING\GitHub\FoundationPose\data\pallet\distractors\medium\ph__tool_cart\textures\tool_cart_nor_gl_1k.jpg,False,False,True,False,True,distractors,assets/distractors/library,False,BLOCKED_ABSOLUTE,stored as an absolute path -> breaks when the asset moves,source=FILE users=1
Image,utility_box_01_diff,E:\CODING\GitHub\FoundationPose\data\pallet\distractors\road\ph__utility_box_01\textures\utility_box_01_diff_1k.jpg,E:\CODING\GitHub\FoundationPose\data\pallet\distractors\road\ph__utility_box_01\textures\utility_box_01_diff_1k.jpg,False,False,True,False,True,distractors,assets/distractors/library,False,BLOCKED_ABSOLUTE,stored as an absolute path -> breaks when the asset moves,source=FILE users=1
Image,utility_box_01_metal-utility_box_01_rough,E:\CODING\GitHub\FoundationPose\data\pallet\distractors\road\ph__utility_box_01\textures\utility_box_01_arm_1k.jpg,E:\CODING\GitHub\FoundationPose\data\pallet\distractors\road\ph__utility_box_01\textures\utility_box_01_arm_1k.jpg,False,False,True,False,True,distractors,assets/distractors/library,False,BLOCKED_ABSOLUTE,stored as an absolute path -> breaks when the asset moves,source=FILE users=1
Image,utility_box_01_nor_gl,E:\CODING\GitHub\FoundationPose\data\pallet\distractors\road\ph__utility_box_01\textures\utility_box_01_nor_gl_1k.jpg,E:\CODING\GitHub\FoundationPose\data\pallet\distractors\road\ph__utility_box_01\textures\utility_box_01_nor_gl_1k.jpg,False,False,True,False,True,distractors,assets/distractors/library,False,BLOCKED_ABSOLUTE,stored as an absolute path -> breaks when the asset moves,source=FILE users=1
Image,vent_m_diffuse.jpeg,//..\background\parking_lot\textures\vent_m_diffuse.jpeg,E:\CODING\GitHub\FoundationPose\data\pallet\background\parking_lot\textures\vent_m_diffuse.jpeg,True,True,True,False,True,blender_scene,(packed),True,SAFE_RELATIVE,packed into the .blend,source=FILE users=1
Image,vent_m_normal.png,//..\background\parking_lot\textures\vent_m_normal.png,E:\CODING\GitHub\FoundationPose\data\pallet\background\parking_lot\textures\vent_m_normal.png,True,True,True,False,True,blender_scene,(packed),True,SAFE_RELATIVE,packed into the .blend,source=FILE users=1
Image,Viewer Node,,,False,False,True,False,False,,,True,SAFE_RELATIVE,generated/viewer image (no file),source=VIEWER
Image,watering_can_metal_01_diff,E:\CODING\GitHub\FoundationPose\data\pallet\distractors\indoor\ph__watering_can_metal_01\textures\watering_can_metal_01_diff_1k.jpg,E:\CODING\GitHub\FoundationPose\data\pallet\distractors\indoor\ph__watering_can_metal_01\textures\watering_can_metal_01_diff_1k.jpg,False,False,True,False,True,distractors,assets/distractors/library,False,BLOCKED_ABSOLUTE,stored as an absolute path -> breaks when the asset moves,source=FILE users=1
Image,watering_can_metal_01_metal-watering_can_metal_01_rough,E:\CODING\GitHub\FoundationPose\data\pallet\distractors\indoor\ph__watering_can_metal_01\textures\watering_can_metal_01_arm_1k.jpg,E:\CODING\GitHub\FoundationPose\data\pallet\distractors\indoor\ph__watering_can_metal_01\textures\watering_can_metal_01_arm_1k.jpg,False,False,True,False,True,distractors,assets/distractors/library,False,BLOCKED_ABSOLUTE,stored as an absolute path -> breaks when the asset moves,source=FILE users=1
Image,watering_can_metal_01_nor_gl,E:\CODING\GitHub\FoundationPose\data\pallet\distractors\indoor\ph__watering_can_metal_01\textures\watering_can_metal_01_nor_gl_1k.jpg,E:\CODING\GitHub\FoundationPose\data\pallet\distractors\indoor\ph__watering_can_metal_01\textures\watering_can_metal_01_nor_gl_1k.jpg,False,False,True,False,True,distractors,assets/distractors/library,False,BLOCKED_ABSOLUTE,stored as an absolute path -> breaks when the asset moves,source=FILE users=1
Image,WetFloorSign_01_diff,E:\CODING\GitHub\FoundationPose\data\pallet\distractors\road\ph__WetFloorSign_01\textures\WetFloorSign_01_diff_1k.jpg,E:\CODING\GitHub\FoundationPose\data\pallet\distractors\road\ph__WetFloorSign_01\textures\WetFloorSign_01_diff_1k.jpg,False,False,True,False,True,distractors,assets/distractors/library,False,BLOCKED_ABSOLUTE,stored as an absolute path -> breaks when the asset moves,source=FILE users=1
Image,WetFloorSign_01_metallic-WetFloorSign_01_roughness,E:\CODING\GitHub\FoundationPose\data\pallet\distractors\road\ph__WetFloorSign_01\textures\WetFloorSign_01_arm_1k.jpg,E:\CODING\GitHub\FoundationPose\data\pallet\distractors\road\ph__WetFloorSign_01\textures\WetFloorSign_01_arm_1k.jpg,False,False,True,False,True,distractors,assets/distractors/library,False,BLOCKED_ABSOLUTE,stored as an absolute path -> breaks when the asset moves,source=FILE users=1
Image,WetFloorSign_01_nor_gl,E:\CODING\GitHub\FoundationPose\data\pallet\distractors\road\ph__WetFloorSign_01\textures\WetFloorSign_01_nor_gl_1k.jpg,E:\CODING\GitHub\FoundationPose\data\pallet\distractors\road\ph__WetFloorSign_01\textures\WetFloorSign_01_nor_gl_1k.jpg,False,False,True,False,True,distractors,assets/distractors/library,False,BLOCKED_ABSOLUTE,stored as an absolute path -> breaks when the asset moves,source=FILE users=1
Image,White_Plastic_baseColor.png,//..\background\modular_buildings_industrial_area\textures\White_Plastic_baseColor.png,E:\CODING\GitHub\FoundationPose\data\pallet\background\modular_buildings_industrial_area\textures\White_Plastic_baseColor.png,True,True,True,False,True,blender_scene,(packed),True,SAFE_RELATIVE,packed into the .blend,source=FILE users=1
Image,White_Plastic_normal.png,//..\background\modular_buildings_industrial_area\textures\White_Plastic_normal.png,E:\CODING\GitHub\FoundationPose\data\pallet\background\modular_buildings_industrial_area\textures\White_Plastic_normal.png,True,True,True,False,True,blender_scene,(packed),True,SAFE_RELATIVE,packed into the .blend,source=FILE users=1
Image,whitepaint_m_diffuse.jpeg,//..\background\parking_lot\textures\whitepaint_m_diffuse.jpeg,E:\CODING\GitHub\FoundationPose\data\pallet\background\parking_lot\textures\whitepaint_m_diffuse.jpeg,True,True,True,False,True,blender_scene,(packed),True,SAFE_RELATIVE,packed into the .blend,source=FILE users=1
Image,whitepaint_m_normal.png,//..\background\parking_lot\textures\whitepaint_m_normal.png,E:\CODING\GitHub\FoundationPose\data\pallet\background\parking_lot\textures\whitepaint_m_normal.png,True,True,True,False,True,blender_scene,(packed),True,SAFE_RELATIVE,packed into the .blend,source=FILE users=1
Image,wicker_basket_01_diff,E:\CODING\GitHub\FoundationPose\data\pallet\distractors\small\ph__wicker_basket_01\textures\wicker_basket_01_diff_1k.jpg,E:\CODING\GitHub\FoundationPose\data\pallet\distractors\small\ph__wicker_basket_01\textures\wicker_basket_01_diff_1k.jpg,False,False,True,False,True,distractors,assets/distractors/library,False,BLOCKED_ABSOLUTE,stored as an absolute path -> breaks when the asset moves,source=FILE users=1
Image,wicker_basket_01_nor_gl,E:\CODING\GitHub\FoundationPose\data\pallet\distractors\small\ph__wicker_basket_01\textures\wicker_basket_01_nor_gl_1k.jpg,E:\CODING\GitHub\FoundationPose\data\pallet\distractors\small\ph__wicker_basket_01\textures\wicker_basket_01_nor_gl_1k.jpg,False,False,True,False,True,distractors,assets/distractors/library,False,BLOCKED_ABSOLUTE,stored as an absolute path -> breaks when the asset moves,source=FILE users=1
Image,wicker_basket_01_rough,E:\CODING\GitHub\FoundationPose\data\pallet\distractors\small\ph__wicker_basket_01\textures\wicker_basket_01_arm_1k.jpg,E:\CODING\GitHub\FoundationPose\data\pallet\distractors\small\ph__wicker_basket_01\textures\wicker_basket_01_arm_1k.jpg,False,False,True,False,True,distractors,assets/distractors/library,False,BLOCKED_ABSOLUTE,stored as an absolute path -> breaks when the asset moves,source=FILE users=1
Image,wine_barrel_01_diff,E:\CODING\GitHub\FoundationPose\data\pallet\distractors\large\ph__wine_barrel_01\textures\wine_barrel_01_diff_1k.jpg,E:\CODING\GitHub\FoundationPose\data\pallet\distractors\large\ph__wine_barrel_01\textures\wine_barrel_01_diff_1k.jpg,False,False,True,False,True,distractors,assets/distractors/library,False,BLOCKED_ABSOLUTE,stored as an absolute path -> breaks when the asset moves,source=FILE users=1
Image,wine_barrel_01_metal-wine_barrel_01_rough,E:\CODING\GitHub\FoundationPose\data\pallet\distractors\large\ph__wine_barrel_01\textures\wine_barrel_01_arm_1k.jpg,E:\CODING\GitHub\FoundationPose\data\pallet\distractors\large\ph__wine_barrel_01\textures\wine_barrel_01_arm_1k.jpg,False,False,True,False,True,distractors,assets/distractors/library,False,BLOCKED_ABSOLUTE,stored as an absolute path -> breaks when the asset moves,source=FILE users=1
Image,wine_barrel_01_nor_gl,E:\CODING\GitHub\FoundationPose\data\pallet\distractors\large\ph__wine_barrel_01\textures\wine_barrel_01_nor_gl_1k.jpg,E:\CODING\GitHub\FoundationPose\data\pallet\distractors\large\ph__wine_barrel_01\textures\wine_barrel_01_nor_gl_1k.jpg,False,False,True,False,True,distractors,assets/distractors/library,False,BLOCKED_ABSOLUTE,stored as an absolute path -> breaks when the asset moves,source=FILE users=1
Image,wine_bottles_01_diff,E:\CODING\GitHub\FoundationPose\data\pallet\distractors\small\ph__wine_bottles_01\textures\wine_bottles_01_diff_1k.jpg,E:\CODING\GitHub\FoundationPose\data\pallet\distractors\small\ph__wine_bottles_01\textures\wine_bottles_01_diff_1k.jpg,False,False,True,False,True,distractors,assets/distractors/library,False,BLOCKED_ABSOLUTE,stored as an absolute path -> breaks when the asset moves,source=FILE users=5
Image,wine_bottles_01_label_clearwater_crystals_01_diff-wine_bottles_01_label_clearwater_crystals_01_alpha,E:\CODING\GitHub\FoundationPose\data\pallet\distractors\small\ph__wine_bottles_01\textures\wine_bottles_01_label_clearwater_crystals_01_diff_1k.jpg,E:\CODING\GitHub\FoundationPose\data\pallet\distractors\small\ph__wine_bottles_01\textures\wine_bottles_01_label_clearwater_crystals_01_diff_1k.jpg,False,False,True,False,True,distractors,assets/distractors/library,False,BLOCKED_ABSOLUTE,stored as an absolute path -> breaks when the asset moves,source=FILE users=1
Image,wine_bottles_01_label_clearwater_crystals_01_rough,E:\CODING\GitHub\FoundationPose\data\pallet\distractors\small\ph__wine_bottles_01\textures\wine_bottles_01_label_clearwater_crystals_01_arm_1k.jpg,E:\CODING\GitHub\FoundationPose\data\pallet\distractors\small\ph__wine_bottles_01\textures\wine_bottles_01_label_clearwater_crystals_01_arm_1k.jpg,False,False,True,False,True,distractors,assets/distractors/library,False,BLOCKED_ABSOLUTE,stored as an absolute path -> breaks when the asset moves,source=FILE users=1
Image,wine_bottles_01_label_ftero_vinea_01_diff,E:\CODING\GitHub\FoundationPose\data\pallet\distractors\small\ph__wine_bottles_01\textures\wine_bottles_01_label_ftero_vinea_01_diff_1k.jpg,E:\CODING\GitHub\FoundationPose\data\pallet\distractors\small\ph__wine_bottles_01\textures\wine_bottles_01_label_ftero_vinea_01_diff_1k.jpg,False,False,True,False,True,distractors,assets/distractors/library,False,BLOCKED_ABSOLUTE,stored as an absolute path -> breaks when the asset moves,source=FILE users=1
Image,wine_bottles_01_label_ftero_vinea_01_rough,E:\CODING\GitHub\FoundationPose\data\pallet\distractors\small\ph__wine_bottles_01\textures\wine_bottles_01_label_ftero_vinea_01_arm_1k.jpg,E:\CODING\GitHub\FoundationPose\data\pallet\distractors\small\ph__wine_bottles_01\textures\wine_bottles_01_label_ftero_vinea_01_arm_1k.jpg,False,False,True,False,True,distractors,assets/distractors/library,False,BLOCKED_ABSOLUTE,stored as an absolute path -> breaks when the asset moves,source=FILE users=1
Image,wine_bottles_01_label_ftero_vinea_02_diff-wine_bottles_01_label_ftero_vinea_02_alpha,E:\CODING\GitHub\FoundationPose\data\pallet\distractors\small\ph__wine_bottles_01\textures\wine_bottles_01_label_ftero_vinea_02_diff_1k.jpg,E:\CODING\GitHub\FoundationPose\data\pallet\distractors\small\ph__wine_bottles_01\textures\wine_bottles_01_label_ftero_vinea_02_diff_1k.jpg,False,False,True,False,True,distractors,assets/distractors/library,False,BLOCKED_ABSOLUTE,stored as an absolute path -> breaks when the asset moves,source=FILE users=1
Image,wine_bottles_01_label_ftero_vinea_02_rough,E:\CODING\GitHub\FoundationPose\data\pallet\distractors\small\ph__wine_bottles_01\textures\wine_bottles_01_label_ftero_vinea_02_arm_1k.jpg,E:\CODING\GitHub\FoundationPose\data\pallet\distractors\small\ph__wine_bottles_01\textures\wine_bottles_01_label_ftero_vinea_02_arm_1k.jpg,False,False,True,False,True,distractors,assets/distractors/library,False,BLOCKED_ABSOLUTE,stored as an absolute path -> breaks when the asset moves,source=FILE users=1
Image,wine_bottles_01_label_intertwine_01_diff-wine_bottles_01_label_intertwine_01_alpha,E:\CODING\GitHub\FoundationPose\data\pallet\distractors\small\ph__wine_bottles_01\textures\wine_bottles_01_label_intertwine_01_diff_1k.jpg,E:\CODING\GitHub\FoundationPose\data\pallet\distractors\small\ph__wine_bottles_01\textures\wine_bottles_01_label_intertwine_01_diff_1k.jpg,False,False,True,False,True,distractors,assets/distractors/library,False,BLOCKED_ABSOLUTE,stored as an absolute path -> breaks when the asset moves,source=FILE users=1
Image,wine_bottles_01_label_intertwine_01_rough,E:\CODING\GitHub\FoundationPose\data\pallet\distractors\small\ph__wine_bottles_01\textures\wine_bottles_01_label_intertwine_01_arm_1k.jpg,E:\CODING\GitHub\FoundationPose\data\pallet\distractors\small\ph__wine_bottles_01\textures\wine_bottles_01_label_intertwine_01_arm_1k.jpg,False,False,True,False,True,distractors,assets/distractors/library,False,BLOCKED_ABSOLUTE,stored as an absolute path -> breaks when the asset moves,source=FILE users=1
Image,wine_bottles_01_metal-wine_bottles_01_rough,E:\CODING\GitHub\FoundationPose\data\pallet\distractors\small\ph__wine_bottles_01\textures\wine_bottles_01_arm_1k.jpg,E:\CODING\GitHub\FoundationPose\data\pallet\distractors\small\ph__wine_bottles_01\textures\wine_bottles_01_arm_1k.jpg,False,False,True,False,True,distractors,assets/distractors/library,False,BLOCKED_ABSOLUTE,stored as an absolute path -> breaks when the asset moves,source=FILE users=5
Image,wine_bottles_01_nor_gl,E:\CODING\GitHub\FoundationPose\data\pallet\distractors\small\ph__wine_bottles_01\textures\wine_bottles_01_nor_gl_1k.jpg,E:\CODING\GitHub\FoundationPose\data\pallet\distractors\small\ph__wine_bottles_01\textures\wine_bottles_01_nor_gl_1k.jpg,False,False,True,False,True,distractors,assets/distractors/library,False,BLOCKED_ABSOLUTE,stored as an absolute path -> breaks when the asset moves,source=FILE users=5
Image,wine_bottles_01_paper_nor_gl,E:\CODING\GitHub\FoundationPose\data\pallet\distractors\small\ph__wine_bottles_01\textures\wine_bottles_01_paper_nor_gl_1k.jpg,E:\CODING\GitHub\FoundationPose\data\pallet\distractors\small\ph__wine_bottles_01\textures\wine_bottles_01_paper_nor_gl_1k.jpg,False,False,True,False,True,distractors,assets/distractors/library,False,BLOCKED_ABSOLUTE,stored as an absolute path -> breaks when the asset moves,source=FILE users=4
Image,Wood_baseColor.png,//..\background\modular_buildings_industrial_area\textures\Wood_baseColor.png,E:\CODING\GitHub\FoundationPose\data\pallet\background\modular_buildings_industrial_area\textures\Wood_baseColor.png,True,True,True,False,True,blender_scene,(packed),True,SAFE_RELATIVE,packed into the .blend,source=FILE users=1
Image,Wood_normal.png,//..\background\modular_buildings_industrial_area\textures\Wood_normal.png,E:\CODING\GitHub\FoundationPose\data\pallet\background\modular_buildings_industrial_area\textures\Wood_normal.png,True,True,True,False,True,blender_scene,(packed),True,SAFE_RELATIVE,packed into the .blend,source=FILE users=1
Image,wooden_bookshelf_worn_diff,E:\CODING\GitHub\FoundationPose\data\pallet\distractors\indoor\ph__wooden_bookshelf_worn\textures\wooden_bookshelf_worn_diff_1k.jpg,E:\CODING\GitHub\FoundationPose\data\pallet\distractors\indoor\ph__wooden_bookshelf_worn\textures\wooden_bookshelf_worn_diff_1k.jpg,False,False,True,False,True,distractors,assets/distractors/library,False,BLOCKED_ABSOLUTE,stored as an absolute path -> breaks when the asset moves,source=FILE users=1
Image,wooden_bookshelf_worn_metal-wooden_bookshelf_worn_rough,E:\CODING\GitHub\FoundationPose\data\pallet\distractors\indoor\ph__wooden_bookshelf_worn\textures\wooden_bookshelf_worn_arm_1k.jpg,E:\CODING\GitHub\FoundationPose\data\pallet\distractors\indoor\ph__wooden_bookshelf_worn\textures\wooden_bookshelf_worn_arm_1k.jpg,False,False,True,False,True,distractors,assets/distractors/library,False,BLOCKED_ABSOLUTE,stored as an absolute path -> breaks when the asset moves,source=FILE users=1
Image,wooden_bookshelf_worn_nor_gl,E:\CODING\GitHub\FoundationPose\data\pallet\distractors\indoor\ph__wooden_bookshelf_worn\textures\wooden_bookshelf_worn_nor_gl_1k.jpg,E:\CODING\GitHub\FoundationPose\data\pallet\distractors\indoor\ph__wooden_bookshelf_worn\textures\wooden_bookshelf_worn_nor_gl_1k.jpg,False,False,True,False,True,distractors,assets/distractors/library,False,BLOCKED_ABSOLUTE,stored as an absolute path -> breaks when the asset moves,source=FILE users=1
Image,Wooden_box_baseColor.png,//..\..\..\..\..\..\AppData\Local\Temp\tmp3layigio\textures\Wooden_box_baseColor.png,E:\AppData\Local\Temp\tmp3layigio\textures\Wooden_box_baseColor.png,True,True,False,False,False,blender_scene,(packed),True,SAFE_RELATIVE,packed into the .blend,source=FILE users=1
Image,Wooden_box_metallicRoughness.png,//..\..\..\..\..\..\AppData\Local\Temp\tmp3layigio\textures\Wooden_box_metallicRoughness.png,E:\AppData\Local\Temp\tmp3layigio\textures\Wooden_box_metallicRoughness.png,True,True,False,False,False,blender_scene,(packed),True,SAFE_RELATIVE,packed into the .blend,source=FILE users=2
Image,Wooden_box_normal.png,//..\..\..\..\..\..\AppData\Local\Temp\tmp3layigio\textures\Wooden_box_normal.png,E:\AppData\Local\Temp\tmp3layigio\textures\Wooden_box_normal.png,True,True,False,False,False,blender_scene,(packed),True,SAFE_RELATIVE,packed into the .blend,source=FILE users=1
Image,wooden_broom_bristles_diff-wooden_broom_bristles_alpha,E:\CODING\GitHub\FoundationPose\data\pallet\distractors\indoor\ph__wooden_broom\textures\wooden_broom_bristles_diff_1k.jpg,E:\CODING\GitHub\FoundationPose\data\pallet\distractors\indoor\ph__wooden_broom\textures\wooden_broom_bristles_diff_1k.jpg,False,False,True,False,True,distractors,assets/distractors/library,False,BLOCKED_ABSOLUTE,stored as an absolute path -> breaks when the asset moves,source=FILE users=1
Image,wooden_broom_diff,E:\CODING\GitHub\FoundationPose\data\pallet\distractors\indoor\ph__wooden_broom\textures\wooden_broom_diff_1k.jpg,E:\CODING\GitHub\FoundationPose\data\pallet\distractors\indoor\ph__wooden_broom\textures\wooden_broom_diff_1k.jpg,False,False,True,False,True,distractors,assets/distractors/library,False,BLOCKED_ABSOLUTE,stored as an absolute path -> breaks when the asset moves,source=FILE users=1
Image,wooden_broom_metal-wooden_broom_rough,E:\CODING\GitHub\FoundationPose\data\pallet\distractors\indoor\ph__wooden_broom\textures\wooden_broom_arm_1k.jpg,E:\CODING\GitHub\FoundationPose\data\pallet\distractors\indoor\ph__wooden_broom\textures\wooden_broom_arm_1k.jpg,False,False,True,False,True,distractors,assets/distractors/library,False,BLOCKED_ABSOLUTE,stored as an absolute path -> breaks when the asset moves,source=FILE users=1
Image,wooden_broom_nor_gl,E:\CODING\GitHub\FoundationPose\data\pallet\distractors\indoor\ph__wooden_broom\textures\wooden_broom_nor_gl_1k.jpg,E:\CODING\GitHub\FoundationPose\data\pallet\distractors\indoor\ph__wooden_broom\textures\wooden_broom_nor_gl_1k.jpg,False,False,True,False,True,distractors,assets/distractors/library,False,BLOCKED_ABSOLUTE,stored as an absolute path -> breaks when the asset moves,source=FILE users=1
Image,wooden_crate_01_diff,E:\CODING\GitHub\FoundationPose\data\pallet\distractors\small\ph__wooden_crate_01\textures\wooden_crate_01_diff_1k.jpg,E:\CODING\GitHub\FoundationPose\data\pallet\distractors\small\ph__wooden_crate_01\textures\wooden_crate_01_diff_1k.jpg,False,False,True,False,True,distractors,assets/distractors/library,False,BLOCKED_ABSOLUTE,stored as an absolute path -> breaks when the asset moves,source=FILE users=1
Image,wooden_crate_01_metal-wooden_crate_01_rough,E:\CODING\GitHub\FoundationPose\data\pallet\distractors\small\ph__wooden_crate_01\textures\wooden_crate_01_arm_1k.jpg,E:\CODING\GitHub\FoundationPose\data\pallet\distractors\small\ph__wooden_crate_01\textures\wooden_crate_01_arm_1k.jpg,False,False,True,False,True,distractors,assets/distractors/library,False,BLOCKED_ABSOLUTE,stored as an absolute path -> breaks when the asset moves,source=FILE users=1
Image,wooden_crate_01_nor_gl,E:\CODING\GitHub\FoundationPose\data\pallet\distractors\small\ph__wooden_crate_01\textures\wooden_crate_01_nor_gl_1k.jpg,E:\CODING\GitHub\FoundationPose\data\pallet\distractors\small\ph__wooden_crate_01\textures\wooden_crate_01_nor_gl_1k.jpg,False,False,True,False,True,distractors,assets/distractors/library,False,BLOCKED_ABSOLUTE,stored as an absolute path -> breaks when the asset moves,source=FILE users=1
Image,wooden_ladder_diff,E:\CODING\GitHub\FoundationPose\data\pallet\distractors\large\ph__wooden_ladder\textures\wooden_ladder_diff_1k.jpg,E:\CODING\GitHub\FoundationPose\data\pallet\distractors\large\ph__wooden_ladder\textures\wooden_ladder_diff_1k.jpg,False,False,True,False,True,distractors,assets/distractors/library,False,BLOCKED_ABSOLUTE,stored as an absolute path -> breaks when the asset moves,source=FILE users=1
Image,wooden_ladder_metal-wooden_ladder_rough,E:\CODING\GitHub\FoundationPose\data\pallet\distractors\large\ph__wooden_ladder\textures\wooden_ladder_arm_1k.jpg,E:\CODING\GitHub\FoundationPose\data\pallet\distractors\large\ph__wooden_ladder\textures\wooden_ladder_arm_1k.jpg,False,False,True,False,True,distractors,assets/distractors/library,False,BLOCKED_ABSOLUTE,stored as an absolute path -> breaks when the asset moves,source=FILE users=1
Image,wooden_ladder_nor_gl,E:\CODING\GitHub\FoundationPose\data\pallet\distractors\large\ph__wooden_ladder\textures\wooden_ladder_nor_gl_1k.jpg,E:\CODING\GitHub\FoundationPose\data\pallet\distractors\large\ph__wooden_ladder\textures\wooden_ladder_nor_gl_1k.jpg,False,False,True,False,True,distractors,assets/distractors/library,False,BLOCKED_ABSOLUTE,stored as an absolute path -> breaks when the asset moves,source=FILE users=1
Image,worn_metal_rack_diff,E:\CODING\GitHub\FoundationPose\data\pallet\distractors\large\ph__worn_metal_rack\textures\worn_metal_rack_diff_1k.jpg,E:\CODING\GitHub\FoundationPose\data\pallet\distractors\large\ph__worn_metal_rack\textures\worn_metal_rack_diff_1k.jpg,False,False,True,False,True,distractors,assets/distractors/library,False,BLOCKED_ABSOLUTE,stored as an absolute path -> breaks when the asset moves,source=FILE users=1
Image,worn_metal_rack_metal-worn_metal_rack_rough,E:\CODING\GitHub\FoundationPose\data\pallet\distractors\large\ph__worn_metal_rack\textures\worn_metal_rack_arm_1k.jpg,E:\CODING\GitHub\FoundationPose\data\pallet\distractors\large\ph__worn_metal_rack\textures\worn_metal_rack_arm_1k.jpg,False,False,True,False,True,distractors,assets/distractors/library,False,BLOCKED_ABSOLUTE,stored as an absolute path -> breaks when the asset moves,source=FILE users=1
Image,worn_metal_rack_nor_gl,E:\CODING\GitHub\FoundationPose\data\pallet\distractors\large\ph__worn_metal_rack\textures\worn_metal_rack_nor_gl_1k.jpg,E:\CODING\GitHub\FoundationPose\data\pallet\distractors\large\ph__worn_metal_rack\textures\worn_metal_rack_nor_gl_1k.jpg,False,False,True,False,True,distractors,assets/distractors/library,False,BLOCKED_ABSOLUTE,stored as an absolute path -> breaks when the asset moves,source=FILE users=1
