source_key,container,dep_kind,reference,resolved,exists,scope
F,modular_buildings_industrial_area/scene.gltf,buffer,scene.bin,E:\CODING\GitHub\FoundationPose\data\pallet\background\modular_buildings_industrial_area\scene.bin,True,internal
F,modular_buildings_industrial_area/scene.gltf,image,textures/Red_Metal_baseColor.png,E:\CODING\GitHub\FoundationPose\data\pallet\background\modular_buildings_industrial_area\textures\Red_Metal_baseColor.png,True,internal
F,modular_buildings_industrial_area/scene.gltf,image,textures/Blue_Metal_baseColor.png,E:\CODING\GitHub\FoundationPose\data\pallet\background\modular_buildings_industrial_area\textures\Blue_Metal_baseColor.png,True,internal
F,modular_buildings_industrial_area/scene.gltf,image,textures/Blue_Metal_normal.png,E:\CODING\GitHub\FoundationPose\data\pallet\background\modular_buildings_industrial_area\textures\Blue_Metal_normal.png,True,internal
F,modular_buildings_industrial_area/scene.gltf,image,textures/Wood_baseColor.png,E:\CODING\GitHub\FoundationPose\data\pallet\background\modular_buildings_industrial_area\textures\Wood_baseColor.png,True,internal
F,modular_buildings_industrial_area/scene.gltf,image,textures/Wood_normal.png,E:\CODING\GitHub\FoundationPose\data\pallet\background\modular_buildings_industrial_area\textures\Wood_normal.png,True,internal
F,modular_buildings_industrial_area/scene.gltf,image,textures/Rusty_Metal_baseColor.png,E:\CODING\GitHub\FoundationPose\data\pallet\background\modular_buildings_industrial_area\textures\Rusty_Metal_baseColor.png,True,internal
F,modular_buildings_industrial_area/scene.gltf,image,textures/Rusty_Metal_normal.png,E:\CODING\GitHub\FoundationPose\data\pallet\background\modular_buildings_industrial_area\textures\Rusty_Metal_normal.png,True,internal
F,modular_buildings_industrial_area/scene.gltf,image,textures/Plastic_baseColor.png,E:\CODING\GitHub\FoundationPose\data\pallet\background\modular_buildings_industrial_area\textures\Plastic_baseColor.png,True,internal
F,modular_buildings_industrial_area/scene.gltf,image,textures/Cement_baseColor.png,E:\CODING\GitHub\FoundationPose\data\pallet\background\modular_buildings_industrial_area\textures\Cement_baseColor.png,True,internal
F,modular_buildings_industrial_area/scene.gltf,image,textures/Cement_normal.png,E:\CODING\GitHub\FoundationPose\data\pallet\background\modular_buildings_industrial_area\textures\Cement_normal.png,True,internal
F,modular_buildings_industrial_area/scene.gltf,image,textures/Metal_Roof_baseColor.png,E:\CODING\GitHub\FoundationPose\data\pallet\background\modular_buildings_industrial_area\textures\Metal_Roof_baseColor.png,True,internal
F,modular_buildings_industrial_area/scene.gltf,image,textures/Metal_Roof_normal.png,E:\CODING\GitHub\FoundationPose\data\pallet\background\modular_buildings_industrial_area\textures\Metal_Roof_normal.png,True,internal
F,modular_buildings_industrial_area/scene.gltf,image,textures/material_0_baseColor.png,E:\CODING\GitHub\FoundationPose\data\pallet\background\modular_buildings_industrial_area\textures\material_0_baseColor.png,True,internal
F,modular_buildings_industrial_area/scene.gltf,image,textures/material_0_normal.png,E:\CODING\GitHub\FoundationPose\data\pallet\background\modular_buildings_industrial_area\textures\material_0_normal.png,True,internal
F,modular_buildings_industrial_area/scene.gltf,image,textures/Netting_baseColor.png,E:\CODING\GitHub\FoundationPose\data\pallet\background\modular_buildings_industrial_area\textures\Netting_baseColor.png,True,internal
F,modular_buildings_industrial_area/scene.gltf,image,textures/Netting_normal.png,E:\CODING\GitHub\FoundationPose\data\pallet\background\modular_buildings_industrial_area\textures\Netting_normal.png,True,internal
F,modular_buildings_industrial_area/scene.gltf,image,textures/Asphalt_baseColor.png,E:\CODING\GitHub\FoundationPose\data\pallet\background\modular_buildings_industrial_area\textures\Asphalt_baseColor.png,True,internal
F,modular_buildings_industrial_area/scene.gltf,image,textures/Asphalt_normal.png,E:\CODING\GitHub\FoundationPose\data\pallet\background\modular_buildings_industrial_area\textures\Asphalt_normal.png,True,internal
F,modular_buildings_industrial_area/scene.gltf,image,textures/Brick_Wall_baseColor.png,E:\CODING\GitHub\FoundationPose\data\pallet\background\modular_buildings_industrial_area\textures\Brick_Wall_baseColor.png,True,internal
F,modular_buildings_industrial_area/scene.gltf,image,textures/Brick_Wall_normal.png,E:\CODING\GitHub\FoundationPose\data\pallet\background\modular_buildings_industrial_area\textures\Brick_Wall_normal.png,True,internal
F,modular_buildings_industrial_area/scene.gltf,image,textures/White_Plastic_baseColor.png,E:\CODING\GitHub\FoundationPose\data\pallet\background\modular_buildings_industrial_area\textures\White_Plastic_baseColor.png,True,internal
F,modular_buildings_industrial_area/scene.gltf,image,textures/White_Plastic_normal.png,E:\CODING\GitHub\FoundationPose\data\pallet\background\modular_buildings_industrial_area\textures\White_Plastic_normal.png,True,internal
F,modular_buildings_industrial_area/scene.gltf,image,textures/material_1_baseColor.png,E:\CODING\GitHub\FoundationPose\data\pallet\background\modular_buildings_industrial_area\textures\material_1_baseColor.png,True,internal
F,modular_buildings_industrial_area/scene.gltf,image,textures/material_1_normal.png,E:\CODING\GitHub\FoundationPose\data\pallet\background\modular_buildings_industrial_area\textures\material_1_normal.png,True,internal
F,modular_buildings_industrial_area/scene.gltf,image,textures/Carton_baseColor.png,E:\CODING\GitHub\FoundationPose\data\pallet\background\modular_buildings_industrial_area\textures\Carton_baseColor.png,True,internal
F,modular_buildings_industrial_area/scene.gltf,image,textures/Carton_normal.png,E:\CODING\GitHub\FoundationPose\data\pallet\background\modular_buildings_industrial_area\textures\Carton_normal.png,True,internal
F,parking_lot/scene.gltf,buffer,scene.bin,E:\CODING\GitHub\FoundationPose\data\pallet\background\parking_lot\scene.bin,True,internal
F,parking_lot/scene.gltf,image,textures/base_m_diffuse.jpeg,E:\CODING\GitHub\FoundationPose\data\pallet\background\parking_lot\textures\base_m_diffuse.jpeg,True,internal
F,parking_lot/scene.gltf,image,textures/base_m_normal.png,E:\CODING\GitHub\FoundationPose\data\pallet\background\parking_lot\textures\base_m_normal.png,True,internal
F,parking_lot/scene.gltf,image,textures/marks_m_diffuse.jpeg,E:\CODING\GitHub\FoundationPose\data\pallet\background\parking_lot\textures\marks_m_diffuse.jpeg,True,internal
F,parking_lot/scene.gltf,image,textures/marks_m_normal.png,E:\CODING\GitHub\FoundationPose\data\pallet\background\parking_lot\textures\marks_m_normal.png,True,internal
F,parking_lot/scene.gltf,image,textures/box2_m_diffuse.jpeg,E:\CODING\GitHub\FoundationPose\data\pallet\background\parking_lot\textures\box2_m_diffuse.jpeg,True,internal
F,parking_lot/scene.gltf,image,textures/box2_m_normal.png,E:\CODING\GitHub\FoundationPose\data\pallet\background\parking_lot\textures\box2_m_normal.png,True,internal
F,parking_lot/scene.gltf,image,textures/fencebase_mat_diffuse.jpeg,E:\CODING\GitHub\FoundationPose\data\pallet\background\parking_lot\textures\fencebase_mat_diffuse.jpeg,True,internal
F,parking_lot/scene.gltf,image,textures/fencebase_mat_normal.png,E:\CODING\GitHub\FoundationPose\data\pallet\background\parking_lot\textures\fencebase_mat_normal.png,True,internal
F,parking_lot/scene.gltf,image,textures/fencerings_mat_diffuse.jpeg,E:\CODING\GitHub\FoundationPose\data\pallet\background\parking_lot\textures\fencerings_mat_diffuse.jpeg,True,internal
F,parking_lot/scene.gltf,image,textures/fencerings_mat_normal.png,E:\CODING\GitHub\FoundationPose\data\pallet\background\parking_lot\textures\fencerings_mat_normal.png,True,internal
F,parking_lot/scene.gltf,image,textures/fenceframe_mat_diffuse.jpeg,E:\CODING\GitHub\FoundationPose\data\pallet\background\parking_lot\textures\fenceframe_mat_diffuse.jpeg,True,internal
F,parking_lot/scene.gltf,image,textures/fenceframe_mat_normal.png,E:\CODING\GitHub\FoundationPose\data\pallet\background\parking_lot\textures\fenceframe_mat_normal.png,True,internal
F,parking_lot/scene.gltf,image,textures/fencemesh_mat_diffuse.png,E:\CODING\GitHub\FoundationPose\data\pallet\background\parking_lot\textures\fencemesh_mat_diffuse.png,True,internal
F,parking_lot/scene.gltf,image,textures/fencemesh_mat_normal.png,E:\CODING\GitHub\FoundationPose\data\pallet\background\parking_lot\textures\fencemesh_mat_normal.png,True,internal
F,parking_lot/scene.gltf,image,textures/lampframe_m_diffuse.jpeg,E:\CODING\GitHub\FoundationPose\data\pallet\background\parking_lot\textures\lampframe_m_diffuse.jpeg,True,internal
F,parking_lot/scene.gltf,image,textures/lampframe_m_normal.png,E:\CODING\GitHub\FoundationPose\data\pallet\background\parking_lot\textures\lampframe_m_normal.png,True,internal
F,parking_lot/scene.gltf,image,textures/lampgrill_m_diffuse.jpeg,E:\CODING\GitHub\FoundationPose\data\pallet\background\parking_lot\textures\lampgrill_m_diffuse.jpeg,True,internal
F,parking_lot/scene.gltf,image,textures/lampgrill_m_normal.png,E:\CODING\GitHub\FoundationPose\data\pallet\background\parking_lot\textures\lampgrill_m_normal.png,True,internal
F,parking_lot/scene.gltf,image,textures/fix_m_diffuse.jpeg,E:\CODING\GitHub\FoundationPose\data\pallet\background\parking_lot\textures\fix_m_diffuse.jpeg,True,internal
F,parking_lot/scene.gltf,image,textures/lamp3_m_diffuse.jpeg,E:\CODING\GitHub\FoundationPose\data\pallet\background\parking_lot\textures\lamp3_m_diffuse.jpeg,True,internal
F,parking_lot/scene.gltf,image,textures/lamp3_m_normal.png,E:\CODING\GitHub\FoundationPose\data\pallet\background\parking_lot\textures\lamp3_m_normal.png,True,internal
F,parking_lot/scene.gltf,image,textures/steel_m_diffuse.jpeg,E:\CODING\GitHub\FoundationPose\data\pallet\background\parking_lot\textures\steel_m_diffuse.jpeg,True,internal
F,parking_lot/scene.gltf,image,textures/steel_m_normal.png,E:\CODING\GitHub\FoundationPose\data\pallet\background\parking_lot\textures\steel_m_normal.png,True,internal
F,parking_lot/scene.gltf,image,textures/plastic_m_diffuse.jpeg,E:\CODING\GitHub\FoundationPose\data\pallet\background\parking_lot\textures\plastic_m_diffuse.jpeg,True,internal
F,parking_lot/scene.gltf,image,textures/plastic_m_normal.png,E:\CODING\GitHub\FoundationPose\data\pallet\background\parking_lot\textures\plastic_m_normal.png,True,internal
F,parking_lot/scene.gltf,image,textures/whitepaint_m_diffuse.jpeg,E:\CODING\GitHub\FoundationPose\data\pallet\background\parking_lot\textures\whitepaint_m_diffuse.jpeg,True,internal
F,parking_lot/scene.gltf,image,textures/whitepaint_m_normal.png,E:\CODING\GitHub\FoundationPose\data\pallet\background\parking_lot\textures\whitepaint_m_normal.png,True,internal
F,parking_lot/scene.gltf,image,textures/blackpaint_m_diffuse.jpeg,E:\CODING\GitHub\FoundationPose\data\pallet\background\parking_lot\textures\blackpaint_m_diffuse.jpeg,True,internal
F,parking_lot/scene.gltf,image,textures/blackpaint_m_normal.png,E:\CODING\GitHub\FoundationPose\data\pallet\background\parking_lot\textures\blackpaint_m_normal.png,True,internal
F,parking_lot/scene.gltf,image,textures/concrete_floor_m_diffuse.jpeg,E:\CODING\GitHub\FoundationPose\data\pallet\background\parking_lot\textures\concrete_floor_m_diffuse.jpeg,True,internal
F,parking_lot/scene.gltf,image,textures/concrete_floor_m_normal.png,E:\CODING\GitHub\FoundationPose\data\pallet\background\parking_lot\textures\concrete_floor_m_normal.png,True,internal
F,parking_lot/scene.gltf,image,textures/atlas_mat_diffuse.jpeg,E:\CODING\GitHub\FoundationPose\data\pallet\background\parking_lot\textures\atlas_mat_diffuse.jpeg,True,internal
F,parking_lot/scene.gltf,image,textures/atlas_mat_normal.png,E:\CODING\GitHub\FoundationPose\data\pallet\background\parking_lot\textures\atlas_mat_normal.png,True,internal
F,parking_lot/scene.gltf,image,textures/switches_m_diffuse.jpeg,E:\CODING\GitHub\FoundationPose\data\pallet\background\parking_lot\textures\switches_m_diffuse.jpeg,True,internal
F,parking_lot/scene.gltf,image,textures/switches_m_normal.png,E:\CODING\GitHub\FoundationPose\data\pallet\background\parking_lot\textures\switches_m_normal.png,True,internal
F,parking_lot/scene.gltf,image,textures/vent_m_diffuse.jpeg,E:\CODING\GitHub\FoundationPose\data\pallet\background\parking_lot\textures\vent_m_diffuse.jpeg,True,internal
F,parking_lot/scene.gltf,image,textures/vent_m_normal.png,E:\CODING\GitHub\FoundationPose\data\pallet\background\parking_lot\textures\vent_m_normal.png,True,internal
F,parking_lot/scene.gltf,image,textures/pipechair1_m_diffuse.jpeg,E:\CODING\GitHub\FoundationPose\data\pallet\background\parking_lot\textures\pipechair1_m_diffuse.jpeg,True,internal
F,parking_lot/scene.gltf,image,textures/pipechair1_m_normal.png,E:\CODING\GitHub\FoundationPose\data\pallet\background\parking_lot\textures\pipechair1_m_normal.png,True,internal
F,parking_lot/scene.gltf,image,textures/gate_m_diffuse.jpeg,E:\CODING\GitHub\FoundationPose\data\pallet\background\parking_lot\textures\gate_m_diffuse.jpeg,True,internal
F,parking_lot/scene.gltf,image,textures/gate_m_normal.png,E:\CODING\GitHub\FoundationPose\data\pallet\background\parking_lot\textures\gate_m_normal.png,True,internal
G,indoor/gso__ACE_Coffee_Mug_Kristen_16_oz_cup/meshes/model.mtl,map_kd,../materials/textures/texture.png,E:\CODING\GitHub\FoundationPose\data\pallet\distractors\indoor\gso__ACE_Coffee_Mug_Kristen_16_oz_cup\materials\textures\texture.png,True,internal
G,indoor/gso__ACE_Coffee_Mug_Kristen_16_oz_cup/meshes/model.obj,mtllib,model.mtl,E:\CODING\GitHub\FoundationPose\data\pallet\distractors\indoor\gso__ACE_Coffee_Mug_Kristen_16_oz_cup\meshes\model.mtl,True,internal
G,indoor/gso__Central_Garden_Flower_Pot_Goo_425/meshes/model.mtl,map_kd,../materials/textures/texture.png,E:\CODING\GitHub\FoundationPose\data\pallet\distractors\indoor\gso__Central_Garden_Flower_Pot_Goo_425\materials\textures\texture.png,True,internal
G,indoor/gso__Central_Garden_Flower_Pot_Goo_425/meshes/model.obj,mtllib,model.mtl,E:\CODING\GitHub\FoundationPose\data\pallet\distractors\indoor\gso__Central_Garden_Flower_Pot_Goo_425\meshes\model.mtl,True,internal
G,indoor/gso__Closetmaid_Premium_Fabric_Cube_Red/meshes/model.mtl,map_kd,../materials/textures/texture.png,E:\CODING\GitHub\FoundationPose\data\pallet\distractors\indoor\gso__Closetmaid_Premium_Fabric_Cube_Red\materials\textures\texture.png,True,internal
G,indoor/gso__Closetmaid_Premium_Fabric_Cube_Red/meshes/model.obj,mtllib,model.mtl,E:\CODING\GitHub\FoundationPose\data\pallet\distractors\indoor\gso__Closetmaid_Premium_Fabric_Cube_Red\meshes\model.mtl,True,internal
G,indoor/gso__Cole_Hardware_Flower_Pot_1025/meshes/model.mtl,map_kd,../materials/textures/texture.png,E:\CODING\GitHub\FoundationPose\data\pallet\distractors\indoor\gso__Cole_Hardware_Flower_Pot_1025\materials\textures\texture.png,True,internal
G,indoor/gso__Cole_Hardware_Flower_Pot_1025/meshes/model.obj,mtllib,model.mtl,E:\CODING\GitHub\FoundationPose\data\pallet\distractors\indoor\gso__Cole_Hardware_Flower_Pot_1025\meshes\model.mtl,True,internal
G,indoor/gso__Cole_Hardware_Mug_Classic_Blue/meshes/model.mtl,map_kd,../materials/textures/texture.png,E:\CODING\GitHub\FoundationPose\data\pallet\distractors\indoor\gso__Cole_Hardware_Mug_Classic_Blue\materials\textures\texture.png,True,internal
G,indoor/gso__Cole_Hardware_Mug_Classic_Blue/meshes/model.obj,mtllib,model.mtl,E:\CODING\GitHub\FoundationPose\data\pallet\distractors\indoor\gso__Cole_Hardware_Mug_Classic_Blue\meshes\model.mtl,True,internal
G,indoor/gso__Curver_Storage_Bin_Black_Small/meshes/model.mtl,map_kd,../materials/textures/texture.png,E:\CODING\GitHub\FoundationPose\data\pallet\distractors\indoor\gso__Curver_Storage_Bin_Black_Small\materials\textures\texture.png,True,internal
G,indoor/gso__Curver_Storage_Bin_Black_Small/meshes/model.obj,mtllib,model.mtl,E:\CODING\GitHub\FoundationPose\data\pallet\distractors\indoor\gso__Curver_Storage_Bin_Black_Small\meshes\model.mtl,True,internal
G,indoor/gso__Down_To_Earth_Orchid_Pot_Ceramic_Red/meshes/model.mtl,map_kd,../materials/textures/texture.png,E:\CODING\GitHub\FoundationPose\data\pallet\distractors\indoor\gso__Down_To_Earth_Orchid_Pot_Ceramic_Red\materials\textures\texture.png,True,internal
G,indoor/gso__Down_To_Earth_Orchid_Pot_Ceramic_Red/meshes/model.obj,mtllib,model.mtl,E:\CODING\GitHub\FoundationPose\data\pallet\distractors\indoor\gso__Down_To_Earth_Orchid_Pot_Ceramic_Red\meshes\model.mtl,True,internal
G,indoor/gso__Ecoforms_Garden_Pot_GP16ATurquois/meshes/model.mtl,map_kd,../materials/textures/texture.png,E:\CODING\GitHub\FoundationPose\data\pallet\distractors\indoor\gso__Ecoforms_Garden_Pot_GP16ATurquois\materials\textures\texture.png,True,internal
G,indoor/gso__Ecoforms_Garden_Pot_GP16ATurquois/meshes/model.obj,mtllib,model.mtl,E:\CODING\GitHub\FoundationPose\data\pallet\distractors\indoor\gso__Ecoforms_Garden_Pot_GP16ATurquois\meshes\model.mtl,True,internal
G,indoor/gso__Ecoforms_Plant_Bowl_Turquoise_7/meshes/model.mtl,map_kd,../materials/textures/texture.png,E:\CODING\GitHub\FoundationPose\data\pallet\distractors\indoor\gso__Ecoforms_Plant_Bowl_Turquoise_7\materials\textures\texture.png,True,internal
G,indoor/gso__Ecoforms_Plant_Bowl_Turquoise_7/meshes/model.obj,mtllib,model.mtl,E:\CODING\GitHub\FoundationPose\data\pallet\distractors\indoor\gso__Ecoforms_Plant_Bowl_Turquoise_7\meshes\model.mtl,True,internal
G,indoor/gso__Ecoforms_Plant_Container_QP_Turquoise/meshes/model.mtl,map_kd,../materials/textures/texture.png,E:\CODING\GitHub\FoundationPose\data\pallet\distractors\indoor\gso__Ecoforms_Plant_Container_QP_Turquoise\materials\textures\texture.png,True,internal
G,indoor/gso__Ecoforms_Plant_Container_QP_Turquoise/meshes/model.obj,mtllib,model.mtl,E:\CODING\GitHub\FoundationPose\data\pallet\distractors\indoor\gso__Ecoforms_Plant_Container_QP_Turquoise\meshes\model.mtl,True,internal
G,indoor/gso__Ecoforms_Plant_Container_URN_NAT/meshes/model.mtl,map_kd,../materials/textures/texture.png,E:\CODING\GitHub\FoundationPose\data\pallet\distractors\indoor\gso__Ecoforms_Plant_Container_URN_NAT\materials\textures\texture.png,True,internal
G,indoor/gso__Ecoforms_Plant_Container_URN_NAT/meshes/model.obj,mtllib,model.mtl,E:\CODING\GitHub\FoundationPose\data\pallet\distractors\indoor\gso__Ecoforms_Plant_Container_URN_NAT\meshes\model.mtl,True,internal
G,indoor/gso__Ecoforms_Plant_Container_URN_SAN/meshes/model.mtl,map_kd,../materials/textures/texture.png,E:\CODING\GitHub\FoundationPose\data\pallet\distractors\indoor\gso__Ecoforms_Plant_Container_URN_SAN\materials\textures\texture.png,True,internal
G,indoor/gso__Ecoforms_Plant_Container_URN_SAN/meshes/model.obj,mtllib,model.mtl,E:\CODING\GitHub\FoundationPose\data\pallet\distractors\indoor\gso__Ecoforms_Plant_Container_URN_SAN\meshes\model.mtl,True,internal
G,indoor/gso__Hefty_Waste_Basket_Decorative_Bronze_85_liter/meshes/model.mtl,map_kd,../materials/textures/texture.png,E:\CODING\GitHub\FoundationPose\data\pallet\distractors\indoor\gso__Hefty_Waste_Basket_Decorative_Bronze_85_liter\materials\textures\texture.png,True,internal
G,indoor/gso__Hefty_Waste_Basket_Decorative_Bronze_85_liter/meshes/model.obj,mtllib,model.mtl,E:\CODING\GitHub\FoundationPose\data\pallet\distractors\indoor\gso__Hefty_Waste_Basket_Decorative_Bronze_85_liter\meshes\model.mtl,True,internal
G,indoor/gso__Markings_Desk_Caddy/meshes/model.mtl,map_kd,../materials/textures/texture.png,E:\CODING\GitHub\FoundationPose\data\pallet\distractors\indoor\gso__Markings_Desk_Caddy\materials\textures\texture.png,True,internal
G,indoor/gso__Markings_Desk_Caddy/meshes/model.obj,mtllib,model.mtl,E:\CODING\GitHub\FoundationPose\data\pallet\distractors\indoor\gso__Markings_Desk_Caddy\meshes\model.mtl,True,internal
G,indoor/gso__Now_Designs_Bowl_Akita_Black/meshes/model.mtl,map_kd,../materials/textures/texture.png,E:\CODING\GitHub\FoundationPose\data\pallet\distractors\indoor\gso__Now_Designs_Bowl_Akita_Black\materials\textures\texture.png,True,internal
G,indoor/gso__Now_Designs_Bowl_Akita_Black/meshes/model.obj,mtllib,model.mtl,E:\CODING\GitHub\FoundationPose\data\pallet\distractors\indoor\gso__Now_Designs_Bowl_Akita_Black\meshes\model.mtl,True,internal
G,indoor/gso__Room_Essentials_Bowl_Turquiose/meshes/model.mtl,map_kd,../materials/textures/texture.png,E:\CODING\GitHub\FoundationPose\data\pallet\distractors\indoor\gso__Room_Essentials_Bowl_Turquiose\materials\textures\texture.png,True,internal
G,indoor/gso__Room_Essentials_Bowl_Turquiose/meshes/model.obj,mtllib,model.mtl,E:\CODING\GitHub\FoundationPose\data\pallet\distractors\indoor\gso__Room_Essentials_Bowl_Turquiose\meshes\model.mtl,True,internal
G,indoor/gso__Room_Essentials_Fabric_Cube_Lavender/meshes/model.mtl,map_kd,../materials/textures/texture.png,E:\CODING\GitHub\FoundationPose\data\pallet\distractors\indoor\gso__Room_Essentials_Fabric_Cube_Lavender\materials\textures\texture.png,True,internal
G,indoor/gso__Room_Essentials_Fabric_Cube_Lavender/meshes/model.obj,mtllib,model.mtl,E:\CODING\GitHub\FoundationPose\data\pallet\distractors\indoor\gso__Room_Essentials_Fabric_Cube_Lavender\meshes\model.mtl,True,internal
G,indoor/gso__Room_Essentials_Mug_White_Yellow/meshes/model.mtl,map_kd,../materials/textures/texture.png,E:\CODING\GitHub\FoundationPose\data\pallet\distractors\indoor\gso__Room_Essentials_Mug_White_Yellow\materials\textures\texture.png,True,internal
G,indoor/gso__Room_Essentials_Mug_White_Yellow/meshes/model.obj,mtllib,model.mtl,E:\CODING\GitHub\FoundationPose\data\pallet\distractors\indoor\gso__Room_Essentials_Mug_White_Yellow\meshes\model.mtl,True,internal
G,indoor/gso__Sapota_Threshold_4_Ceramic_Round_Planter_Red/meshes/model.mtl,map_kd,../materials/textures/texture.png,E:\CODING\GitHub\FoundationPose\data\pallet\distractors\indoor\gso__Sapota_Threshold_4_Ceramic_Round_Planter_Red\materials\textures\texture.png,True,internal
G,indoor/gso__Sapota_Threshold_4_Ceramic_Round_Planter_Red/meshes/model.obj,mtllib,model.mtl,E:\CODING\GitHub\FoundationPose\data\pallet\distractors\indoor\gso__Sapota_Threshold_4_Ceramic_Round_Planter_Red\meshes\model.mtl,True,internal
G,indoor/gso__Snack_Catcher_Snack_Dispenser/meshes/model.mtl,map_kd,../materials/textures/texture.png,E:\CODING\GitHub\FoundationPose\data\pallet\distractors\indoor\gso__Snack_Catcher_Snack_Dispenser\materials\textures\texture.png,True,internal
G,indoor/gso__Snack_Catcher_Snack_Dispenser/meshes/model.obj,mtllib,model.mtl,E:\CODING\GitHub\FoundationPose\data\pallet\distractors\indoor\gso__Snack_Catcher_Snack_Dispenser\meshes\model.mtl,True,internal
G,indoor/gso__Spritz_Easter_Basket_Plastic_Teal/meshes/model.mtl,map_kd,../materials/textures/texture.png,E:\CODING\GitHub\FoundationPose\data\pallet\distractors\indoor\gso__Spritz_Easter_Basket_Plastic_Teal\materials\textures\texture.png,True,internal
G,indoor/gso__Spritz_Easter_Basket_Plastic_Teal/meshes/model.obj,mtllib,model.mtl,E:\CODING\GitHub\FoundationPose\data\pallet\distractors\indoor\gso__Spritz_Easter_Basket_Plastic_Teal\meshes\model.mtl,True,internal
G,indoor/gso__Squirt_Strain_Fruit_Basket/meshes/model.mtl,map_kd,../materials/textures/texture.png,E:\CODING\GitHub\FoundationPose\data\pallet\distractors\indoor\gso__Squirt_Strain_Fruit_Basket\materials\textures\texture.png,True,internal
G,indoor/gso__Squirt_Strain_Fruit_Basket/meshes/model.obj,mtllib,model.mtl,E:\CODING\GitHub\FoundationPose\data\pallet\distractors\indoor\gso__Squirt_Strain_Fruit_Basket\meshes\model.mtl,True,internal
G,indoor/gso__Target_Basket_Medium/meshes/model.mtl,map_kd,../materials/textures/texture.png,E:\CODING\GitHub\FoundationPose\data\pallet\distractors\indoor\gso__Target_Basket_Medium\materials\textures\texture.png,True,internal
G,indoor/gso__Target_Basket_Medium/meshes/model.obj,mtllib,model.mtl,E:\CODING\GitHub\FoundationPose\data\pallet\distractors\indoor\gso__Target_Basket_Medium\meshes\model.mtl,True,internal
G,indoor/gso__Threshold_Basket_Natural_Finish_Fabric_Liner_Small/meshes/model.mtl,map_kd,../materials/textures/texture.png,E:\CODING\GitHub\FoundationPose\data\pallet\distractors\indoor\gso__Threshold_Basket_Natural_Finish_Fabric_Liner_Small\materials\textures\texture.png,True,internal
G,indoor/gso__Threshold_Basket_Natural_Finish_Fabric_Liner_Small/meshes/model.obj,mtllib,model.mtl,E:\CODING\GitHub\FoundationPose\data\pallet\distractors\indoor\gso__Threshold_Basket_Natural_Finish_Fabric_Liner_Small\meshes\model.mtl,True,internal
G,indoor/gso__Threshold_Porcelain_Pitcher_White/meshes/model.mtl,map_kd,../materials/textures/texture.png,E:\CODING\GitHub\FoundationPose\data\pallet\distractors\indoor\gso__Threshold_Porcelain_Pitcher_White\materials\textures\texture.png,True,internal
G,indoor/gso__Threshold_Porcelain_Pitcher_White/meshes/model.obj,mtllib,model.mtl,E:\CODING\GitHub\FoundationPose\data\pallet\distractors\indoor\gso__Threshold_Porcelain_Pitcher_White\meshes\model.mtl,True,internal
G,indoor/gso__Threshold_Porcelain_Serving_Bowl_Coupe_White/meshes/model.mtl,map_kd,../materials/textures/texture.png,E:\CODING\GitHub\FoundationPose\data\pallet\distractors\indoor\gso__Threshold_Porcelain_Serving_Bowl_Coupe_White\materials\textures\texture.png,True,internal
G,indoor/gso__Threshold_Porcelain_Serving_Bowl_Coupe_White/meshes/model.obj,mtllib,model.mtl,E:\CODING\GitHub\FoundationPose\data\pallet\distractors\indoor\gso__Threshold_Porcelain_Serving_Bowl_Coupe_White\meshes\model.mtl,True,internal
G,indoor/gso__Threshold_Porcelain_Teapot_White/meshes/model.mtl,map_kd,../materials/textures/texture.png,E:\CODING\GitHub\FoundationPose\data\pallet\distractors\indoor\gso__Threshold_Porcelain_Teapot_White\materials\textures\texture.png,True,internal
G,indoor/gso__Threshold_Porcelain_Teapot_White/meshes/model.obj,mtllib,model.mtl,E:\CODING\GitHub\FoundationPose\data\pallet\distractors\indoor\gso__Threshold_Porcelain_Teapot_White\meshes\model.mtl,True,internal
G,indoor/gso__TriStar_Products_PPC_Power_Pressure_Cooker_XL_in_Black/meshes/model.mtl,map_kd,../materials/textures/texture.png,E:\CODING\GitHub\FoundationPose\data\pallet\distractors\indoor\gso__TriStar_Products_PPC_Power_Pressure_Cooker_XL_in_Black\materials\textures\texture.png,True,internal
G,indoor/gso__TriStar_Products_PPC_Power_Pressure_Cooker_XL_in_Black/meshes/model.obj,mtllib,model.mtl,E:\CODING\GitHub\FoundationPose\data\pallet\distractors\indoor\gso__TriStar_Products_PPC_Power_Pressure_Cooker_XL_in_Black\meshes\model.mtl,True,internal
G,indoor/gso__Utana_5_Porcelain_Ramekin_Large/meshes/model.mtl,map_kd,../materials/textures/texture.png,E:\CODING\GitHub\FoundationPose\data\pallet\distractors\indoor\gso__Utana_5_Porcelain_Ramekin_Large\materials\textures\texture.png,True,internal
G,indoor/gso__Utana_5_Porcelain_Ramekin_Large/meshes/model.obj,mtllib,model.mtl,E:\CODING\GitHub\FoundationPose\data\pallet\distractors\indoor\gso__Utana_5_Porcelain_Ramekin_Large\meshes\model.mtl,True,internal
G,indoor/ph__drawer_cabinet/drawer_cabinet_1k.gltf,buffer,drawer_cabinet.bin,E:\CODING\GitHub\FoundationPose\data\pallet\distractors\indoor\ph__drawer_cabinet\drawer_cabinet.bin,True,internal
G,indoor/ph__drawer_cabinet/drawer_cabinet_1k.gltf,image,textures/drawer_cabinet_nor_gl_1k.jpg,E:\CODING\GitHub\FoundationPose\data\pallet\distractors\indoor\ph__drawer_cabinet\textures\drawer_cabinet_nor_gl_1k.jpg,True,internal
G,indoor/ph__drawer_cabinet/drawer_cabinet_1k.gltf,image,textures/drawer_cabinet_diff_1k.jpg,E:\CODING\GitHub\FoundationPose\data\pallet\distractors\indoor\ph__drawer_cabinet\textures\drawer_cabinet_diff_1k.jpg,True,internal
G,indoor/ph__drawer_cabinet/drawer_cabinet_1k.gltf,image,textures/drawer_cabinet_arm_1k.jpg,E:\CODING\GitHub\FoundationPose\data\pallet\distractors\indoor\ph__drawer_cabinet\textures\drawer_cabinet_arm_1k.jpg,True,internal
G,indoor/ph__dustpan/dustpan_1k.gltf,buffer,dustpan.bin,E:\CODING\GitHub\FoundationPose\data\pallet\distractors\indoor\ph__dustpan\dustpan.bin,True,internal
G,indoor/ph__dustpan/dustpan_1k.gltf,image,textures/dustpan_nor_gl_1k.jpg,E:\CODING\GitHub\FoundationPose\data\pallet\distractors\indoor\ph__dustpan\textures\dustpan_nor_gl_1k.jpg,True,internal
G,indoor/ph__dustpan/dustpan_1k.gltf,image,textures/dustpan_diff_1k.jpg,E:\CODING\GitHub\FoundationPose\data\pallet\distractors\indoor\ph__dustpan\textures\dustpan_diff_1k.jpg,True,internal
G,indoor/ph__dustpan/dustpan_1k.gltf,image,textures/dustpan_arm_1k.jpg,E:\CODING\GitHub\FoundationPose\data\pallet\distractors\indoor\ph__dustpan\textures\dustpan_arm_1k.jpg,True,internal
G,indoor/ph__multi_cleaner_5_litre/multi_cleaner_5_litre_1k.gltf,buffer,multi_cleaner_5_litre.bin,E:\CODING\GitHub\FoundationPose\data\pallet\distractors\indoor\ph__multi_cleaner_5_litre\multi_cleaner_5_litre.bin,True,internal
G,indoor/ph__multi_cleaner_5_litre/multi_cleaner_5_litre_1k.gltf,image,textures/multi_cleaner_5_litre_nor_gl_1k.jpg,E:\CODING\GitHub\FoundationPose\data\pallet\distractors\indoor\ph__multi_cleaner_5_litre\textures\multi_cleaner_5_litre_nor_gl_1k.jpg,True,internal
G,indoor/ph__multi_cleaner_5_litre/multi_cleaner_5_litre_1k.gltf,image,textures/multi_cleaner_5_litre_diff_1k.jpg,E:\CODING\GitHub\FoundationPose\data\pallet\distractors\indoor\ph__multi_cleaner_5_litre\textures\multi_cleaner_5_litre_diff_1k.jpg,True,internal
G,indoor/ph__multi_cleaner_5_litre/multi_cleaner_5_litre_1k.gltf,image,textures/multi_cleaner_5_litre_arm_1k.jpg,E:\CODING\GitHub\FoundationPose\data\pallet\distractors\indoor\ph__multi_cleaner_5_litre\textures\multi_cleaner_5_litre_arm_1k.jpg,True,internal
G,indoor/ph__painted_wooden_cabinet/painted_wooden_cabinet_1k.gltf,buffer,painted_wooden_cabinet.bin,E:\CODING\GitHub\FoundationPose\data\pallet\distractors\indoor\ph__painted_wooden_cabinet\painted_wooden_cabinet.bin,True,internal
G,indoor/ph__painted_wooden_cabinet/painted_wooden_cabinet_1k.gltf,image,textures/painted_wooden_cabinet_nor_gl_1k.jpg,E:\CODING\GitHub\FoundationPose\data\pallet\distractors\indoor\ph__painted_wooden_cabinet\textures\painted_wooden_cabinet_nor_gl_1k.jpg,True,internal
G,indoor/ph__painted_wooden_cabinet/painted_wooden_cabinet_1k.gltf,image,textures/painted_wooden_cabinet_diff_1k.jpg,E:\CODING\GitHub\FoundationPose\data\pallet\distractors\indoor\ph__painted_wooden_cabinet\textures\painted_wooden_cabinet_diff_1k.jpg,True,internal
G,indoor/ph__painted_wooden_cabinet/painted_wooden_cabinet_1k.gltf,image,textures/painted_wooden_cabinet_arm_1k.jpg,E:\CODING\GitHub\FoundationPose\data\pallet\distractors\indoor\ph__painted_wooden_cabinet\textures\painted_wooden_cabinet_arm_1k.jpg,True,internal
G,indoor/ph__plastic_broom/plastic_broom_1k.gltf,buffer,plastic_broom.bin,E:\CODING\GitHub\FoundationPose\data\pallet\distractors\indoor\ph__plastic_broom\plastic_broom.bin,True,internal
G,indoor/ph__plastic_broom/plastic_broom_1k.gltf,image,textures/plastic_broom_nor_gl_1k.jpg,E:\CODING\GitHub\FoundationPose\data\pallet\distractors\indoor\ph__plastic_broom\textures\plastic_broom_nor_gl_1k.jpg,True,internal
G,indoor/ph__plastic_broom/plastic_broom_1k.gltf,image,textures/plastic_broom_diff_1k.jpg,E:\CODING\GitHub\FoundationPose\data\pallet\distractors\indoor\ph__plastic_broom\textures\plastic_broom_diff_1k.jpg,True,internal
G,indoor/ph__plastic_broom/plastic_broom_1k.gltf,image,textures/plastic_broom_arm_1k.jpg,E:\CODING\GitHub\FoundationPose\data\pallet\distractors\indoor\ph__plastic_broom\textures\plastic_broom_arm_1k.jpg,True,internal
G,indoor/ph__plastic_broom/plastic_broom_1k.gltf,image,textures/plastic_broom_diff_1k.jpg,E:\CODING\GitHub\FoundationPose\data\pallet\distractors\indoor\ph__plastic_broom\textures\plastic_broom_diff_1k.jpg,True,internal
G,indoor/ph__Shelf_01/Shelf_01_1k.gltf,buffer,Shelf_01.bin,E:\CODING\GitHub\FoundationPose\data\pallet\distractors\indoor\ph__Shelf_01\Shelf_01.bin,True,internal
G,indoor/ph__Shelf_01/Shelf_01_1k.gltf,image,textures/Shelf_01_nor_gl_1k.jpg,E:\CODING\GitHub\FoundationPose\data\pallet\distractors\indoor\ph__Shelf_01\textures\Shelf_01_nor_gl_1k.jpg,True,internal
G,indoor/ph__Shelf_01/Shelf_01_1k.gltf,image,textures/Shelf_01_diff_1k.jpg,E:\CODING\GitHub\FoundationPose\data\pallet\distractors\indoor\ph__Shelf_01\textures\Shelf_01_diff_1k.jpg,True,internal
G,indoor/ph__Shelf_01/Shelf_01_1k.gltf,image,textures/Shelf_01_arm_1k.jpg,E:\CODING\GitHub\FoundationPose\data\pallet\distractors\indoor\ph__Shelf_01\textures\Shelf_01_arm_1k.jpg,True,internal
G,indoor/ph__steel_frame_shelves_02/steel_frame_shelves_02_1k.gltf,buffer,steel_frame_shelves_02.bin,E:\CODING\GitHub\FoundationPose\data\pallet\distractors\indoor\ph__steel_frame_shelves_02\steel_frame_shelves_02.bin,True,internal
G,indoor/ph__steel_frame_shelves_02/steel_frame_shelves_02_1k.gltf,image,textures/steel_frame_shelves_02_nor_gl_1k.jpg,E:\CODING\GitHub\FoundationPose\data\pallet\distractors\indoor\ph__steel_frame_shelves_02\textures\steel_frame_shelves_02_nor_gl_1k.jpg,True,internal
G,indoor/ph__steel_frame_shelves_02/steel_frame_shelves_02_1k.gltf,image,textures/steel_frame_shelves_02_diff_1k.jpg,E:\CODING\GitHub\FoundationPose\data\pallet\distractors\indoor\ph__steel_frame_shelves_02\textures\steel_frame_shelves_02_diff_1k.jpg,True,internal
G,indoor/ph__steel_frame_shelves_02/steel_frame_shelves_02_1k.gltf,image,textures/steel_frame_shelves_02_arm_1k.jpg,E:\CODING\GitHub\FoundationPose\data\pallet\distractors\indoor\ph__steel_frame_shelves_02\textures\steel_frame_shelves_02_arm_1k.jpg,True,internal
G,indoor/ph__watering_can_metal_01/watering_can_metal_01_1k.gltf,buffer,watering_can_metal_01.bin,E:\CODING\GitHub\FoundationPose\data\pallet\distractors\indoor\ph__watering_can_metal_01\watering_can_metal_01.bin,True,internal
G,indoor/ph__watering_can_metal_01/watering_can_metal_01_1k.gltf,image,textures/watering_can_metal_01_nor_gl_1k.jpg,E:\CODING\GitHub\FoundationPose\data\pallet\distractors\indoor\ph__watering_can_metal_01\textures\watering_can_metal_01_nor_gl_1k.jpg,True,internal
G,indoor/ph__watering_can_metal_01/watering_can_metal_01_1k.gltf,image,textures/watering_can_metal_01_diff_1k.jpg,E:\CODING\GitHub\FoundationPose\data\pallet\distractors\indoor\ph__watering_can_metal_01\textures\watering_can_metal_01_diff_1k.jpg,True,internal
G,indoor/ph__watering_can_metal_01/watering_can_metal_01_1k.gltf,image,textures/watering_can_metal_01_arm_1k.jpg,E:\CODING\GitHub\FoundationPose\data\pallet\distractors\indoor\ph__watering_can_metal_01\textures\watering_can_metal_01_arm_1k.jpg,True,internal
G,indoor/ph__wooden_bookshelf_worn/wooden_bookshelf_worn_1k.gltf,buffer,wooden_bookshelf_worn.bin,E:\CODING\GitHub\FoundationPose\data\pallet\distractors\indoor\ph__wooden_bookshelf_worn\wooden_bookshelf_worn.bin,True,internal
G,indoor/ph__wooden_bookshelf_worn/wooden_bookshelf_worn_1k.gltf,image,textures/wooden_bookshelf_worn_nor_gl_1k.jpg,E:\CODING\GitHub\FoundationPose\data\pallet\distractors\indoor\ph__wooden_bookshelf_worn\textures\wooden_bookshelf_worn_nor_gl_1k.jpg,True,internal
G,indoor/ph__wooden_bookshelf_worn/wooden_bookshelf_worn_1k.gltf,image,textures/wooden_bookshelf_worn_diff_1k.jpg,E:\CODING\GitHub\FoundationPose\data\pallet\distractors\indoor\ph__wooden_bookshelf_worn\textures\wooden_bookshelf_worn_diff_1k.jpg,True,internal
G,indoor/ph__wooden_bookshelf_worn/wooden_bookshelf_worn_1k.gltf,image,textures/wooden_bookshelf_worn_arm_1k.jpg,E:\CODING\GitHub\FoundationPose\data\pallet\distractors\indoor\ph__wooden_bookshelf_worn\textures\wooden_bookshelf_worn_arm_1k.jpg,True,internal
G,indoor/ph__wooden_broom/wooden_broom_1k.gltf,buffer,wooden_broom.bin,E:\CODING\GitHub\FoundationPose\data\pallet\distractors\indoor\ph__wooden_broom\wooden_broom.bin,True,internal
G,indoor/ph__wooden_broom/wooden_broom_1k.gltf,image,textures/wooden_broom_bristles_diff_1k.jpg,E:\CODING\GitHub\FoundationPose\data\pallet\distractors\indoor\ph__wooden_broom\textures\wooden_broom_bristles_diff_1k.jpg,True,internal
G,indoor/ph__wooden_broom/wooden_broom_1k.gltf,image,textures/wooden_broom_nor_gl_1k.jpg,E:\CODING\GitHub\FoundationPose\data\pallet\distractors\indoor\ph__wooden_broom\textures\wooden_broom_nor_gl_1k.jpg,True,internal
G,indoor/ph__wooden_broom/wooden_broom_1k.gltf,image,textures/wooden_broom_diff_1k.jpg,E:\CODING\GitHub\FoundationPose\data\pallet\distractors\indoor\ph__wooden_broom\textures\wooden_broom_diff_1k.jpg,True,internal
G,indoor/ph__wooden_broom/wooden_broom_1k.gltf,image,textures/wooden_broom_arm_1k.jpg,E:\CODING\GitHub\FoundationPose\data\pallet\distractors\indoor\ph__wooden_broom\textures\wooden_broom_arm_1k.jpg,True,internal
G,indoor/sf__water_dispenser_01/water_dispenser_01.glb,glb,self-contained binary (magic=b'glTF'),,True,internal
G,large/ph__barrel_stove/barrel_stove_1k.gltf,buffer,barrel_stove.bin,E:\CODING\GitHub\FoundationPose\data\pallet\distractors\large\ph__barrel_stove\barrel_stove.bin,True,internal
G,large/ph__barrel_stove/barrel_stove_1k.gltf,image,textures/barrel_stove_nor_gl_1k.jpg,E:\CODING\GitHub\FoundationPose\data\pallet\distractors\large\ph__barrel_stove\textures\barrel_stove_nor_gl_1k.jpg,True,internal
G,large/ph__barrel_stove/barrel_stove_1k.gltf,image,textures/barrel_stove_diff_1k.jpg,E:\CODING\GitHub\FoundationPose\data\pallet\distractors\large\ph__barrel_stove\textures\barrel_stove_diff_1k.jpg,True,internal
G,large/ph__barrel_stove/barrel_stove_1k.gltf,image,textures/barrel_stove_arm_1k.jpg,E:\CODING\GitHub\FoundationPose\data\pallet\distractors\large\ph__barrel_stove\textures\barrel_stove_arm_1k.jpg,True,internal
G,large/ph__chinese_screen_panels/chinese_screen_panels_1k.gltf,buffer,chinese_screen_panels.bin,E:\CODING\GitHub\FoundationPose\data\pallet\distractors\large\ph__chinese_screen_panels\chinese_screen_panels.bin,True,internal
G,large/ph__chinese_screen_panels/chinese_screen_panels_1k.gltf,image,textures/chinese_screen_panels_nor_gl_1k.jpg,E:\CODING\GitHub\FoundationPose\data\pallet\distractors\large\ph__chinese_screen_panels\textures\chinese_screen_panels_nor_gl_1k.jpg,True,internal
G,large/ph__chinese_screen_panels/chinese_screen_panels_1k.gltf,image,textures/chinese_screen_panels_diff_1k.jpg,E:\CODING\GitHub\FoundationPose\data\pallet\distractors\large\ph__chinese_screen_panels\textures\chinese_screen_panels_diff_1k.jpg,True,internal
G,large/ph__chinese_screen_panels/chinese_screen_panels_1k.gltf,image,textures/chinese_screen_panels_arm_1k.jpg,E:\CODING\GitHub\FoundationPose\data\pallet\distractors\large\ph__chinese_screen_panels\textures\chinese_screen_panels_arm_1k.jpg,True,internal
G,large/ph__covered_car/covered_car_1k.gltf,buffer,covered_car.bin,E:\CODING\GitHub\FoundationPose\data\pallet\distractors\large\ph__covered_car\covered_car.bin,True,internal
G,large/ph__covered_car/covered_car_1k.gltf,image,textures/covered_car_nor_gl_1k.jpg,E:\CODING\GitHub\FoundationPose\data\pallet\distractors\large\ph__covered_car\textures\covered_car_nor_gl_1k.jpg,True,internal
G,large/ph__covered_car/covered_car_1k.gltf,image,textures/covered_car_diff_1k.jpg,E:\CODING\GitHub\FoundationPose\data\pallet\distractors\large\ph__covered_car\textures\covered_car_diff_1k.jpg,True,internal
G,large/ph__covered_car/covered_car_1k.gltf,image,textures/covered_car_arm_1k.jpg,E:\CODING\GitHub\FoundationPose\data\pallet\distractors\large\ph__covered_car\textures\covered_car_arm_1k.jpg,True,internal
G,large/ph__ladder_sectioned_01/ladder_sectioned_01_1k.gltf,buffer,ladder_sectioned_01.bin,E:\CODING\GitHub\FoundationPose\data\pallet\distractors\large\ph__ladder_sectioned_01\ladder_sectioned_01.bin,True,internal
G,large/ph__ladder_sectioned_01/ladder_sectioned_01_1k.gltf,image,textures/ladder_sectioned_01_nor_gl_1k.jpg,E:\CODING\GitHub\FoundationPose\data\pallet\distractors\large\ph__ladder_sectioned_01\textures\ladder_sectioned_01_nor_gl_1k.jpg,True,internal
G,large/ph__ladder_sectioned_01/ladder_sectioned_01_1k.gltf,image,textures/ladder_sectioned_01_diff_1k.jpg,E:\CODING\GitHub\FoundationPose\data\pallet\distractors\large\ph__ladder_sectioned_01\textures\ladder_sectioned_01_diff_1k.jpg,True,internal
G,large/ph__ladder_sectioned_01/ladder_sectioned_01_1k.gltf,image,textures/ladder_sectioned_01_arm_1k.jpg,E:\CODING\GitHub\FoundationPose\data\pallet\distractors\large\ph__ladder_sectioned_01\textures\ladder_sectioned_01_arm_1k.jpg,True,internal
G,large/ph__old_military_compressor/old_military_compressor_1k.gltf,buffer,old_military_compressor.bin,E:\CODING\GitHub\FoundationPose\data\pallet\distractors\large\ph__old_military_compressor\old_military_compressor.bin,True,internal
G,large/ph__old_military_compressor/old_military_compressor_1k.gltf,image,textures/old_military_compressor_nor_gl_1k.jpg,E:\CODING\GitHub\FoundationPose\data\pallet\distractors\large\ph__old_military_compressor\textures\old_military_compressor_nor_gl_1k.jpg,True,internal
G,large/ph__old_military_compressor/old_military_compressor_1k.gltf,image,textures/old_military_compressor_diff_1k.jpg,E:\CODING\GitHub\FoundationPose\data\pallet\distractors\large\ph__old_military_compressor\textures\old_military_compressor_diff_1k.jpg,True,internal
G,large/ph__old_military_compressor/old_military_compressor_1k.gltf,image,textures/old_military_compressor_arm_1k.jpg,E:\CODING\GitHub\FoundationPose\data\pallet\distractors\large\ph__old_military_compressor\textures\old_military_compressor_arm_1k.jpg,True,internal
G,large/ph__old_military_compressor/old_military_compressor_1k.gltf,image,textures/old_military_compressor_diff_1k.jpg,E:\CODING\GitHub\FoundationPose\data\pallet\distractors\large\ph__old_military_compressor\textures\old_military_compressor_diff_1k.jpg,True,internal
G,large/ph__portable_generator/portable_generator_1k.gltf,buffer,portable_generator.bin,E:\CODING\GitHub\FoundationPose\data\pallet\distractors\large\ph__portable_generator\portable_generator.bin,True,internal
G,large/ph__portable_generator/portable_generator_1k.gltf,image,textures/portable_generator_spec_1k.jpg,E:\CODING\GitHub\FoundationPose\data\pallet\distractors\large\ph__portable_generator\textures\portable_generator_spec_1k.jpg,True,internal
G,large/ph__portable_generator/portable_generator_1k.gltf,image,textures/portable_generator_nor_gl_1k.jpg,E:\CODING\GitHub\FoundationPose\data\pallet\distractors\large\ph__portable_generator\textures\portable_generator_nor_gl_1k.jpg,True,internal
G,large/ph__portable_generator/portable_generator_1k.gltf,image,textures/portable_generator_diff_1k.jpg,E:\CODING\GitHub\FoundationPose\data\pallet\distractors\large\ph__portable_generator\textures\portable_generator_diff_1k.jpg,True,internal
G,large/ph__portable_generator/portable_generator_1k.gltf,image,textures/portable_generator_arm_1k.jpg,E:\CODING\GitHub\FoundationPose\data\pallet\distractors\large\ph__portable_generator\textures\portable_generator_arm_1k.jpg,True,internal
G,large/ph__portable_generator/portable_generator_1k.gltf,image,textures/portable_generator_diff_1k.jpg,E:\CODING\GitHub\FoundationPose\data\pallet\distractors\large\ph__portable_generator\textures\portable_generator_diff_1k.jpg,True,internal
G,large/ph__portable_welding_cart/portable_welding_cart_1k.gltf,buffer,portable_welding_cart.bin,E:\CODING\GitHub\FoundationPose\data\pallet\distractors\large\ph__portable_welding_cart\portable_welding_cart.bin,True,internal
G,large/ph__portable_welding_cart/portable_welding_cart_1k.gltf,image,textures/portable_welding_cart_nor_gl_1k.jpg,E:\CODING\GitHub\FoundationPose\data\pallet\distractors\large\ph__portable_welding_cart\textures\portable_welding_cart_nor_gl_1k.jpg,True,internal
G,large/ph__portable_welding_cart/portable_welding_cart_1k.gltf,image,textures/portable_welding_cart_diff_1k.jpg,E:\CODING\GitHub\FoundationPose\data\pallet\distractors\large\ph__portable_welding_cart\textures\portable_welding_cart_diff_1k.jpg,True,internal
G,large/ph__portable_welding_cart/portable_welding_cart_1k.gltf,image,textures/portable_welding_cart_arm_1k.jpg,E:\CODING\GitHub\FoundationPose\data\pallet\distractors\large\ph__portable_welding_cart\textures\portable_welding_cart_arm_1k.jpg,True,internal
G,large/ph__portable_welding_cart/portable_welding_cart_1k.gltf,image,textures/portable_welding_cart_diff_1k.jpg,E:\CODING\GitHub\FoundationPose\data\pallet\distractors\large\ph__portable_welding_cart\textures\portable_welding_cart_diff_1k.jpg,True,internal
G,large/ph__steel_frame_shelves_01/steel_frame_shelves_01_1k.gltf,buffer,steel_frame_shelves_01.bin,E:\CODING\GitHub\FoundationPose\data\pallet\distractors\large\ph__steel_frame_shelves_01\steel_frame_shelves_01.bin,True,internal
G,large/ph__steel_frame_shelves_01/steel_frame_shelves_01_1k.gltf,image,textures/steel_frame_shelves_01_nor_gl_1k.jpg,E:\CODING\GitHub\FoundationPose\data\pallet\distractors\large\ph__steel_frame_shelves_01\textures\steel_frame_shelves_01_nor_gl_1k.jpg,True,internal
G,large/ph__steel_frame_shelves_01/steel_frame_shelves_01_1k.gltf,image,textures/steel_frame_shelves_01_diff_1k.jpg,E:\CODING\GitHub\FoundationPose\data\pallet\distractors\large\ph__steel_frame_shelves_01\textures\steel_frame_shelves_01_diff_1k.jpg,True,internal
G,large/ph__steel_frame_shelves_01/steel_frame_shelves_01_1k.gltf,image,textures/steel_frame_shelves_01_arm_1k.jpg,E:\CODING\GitHub\FoundationPose\data\pallet\distractors\large\ph__steel_frame_shelves_01\textures\steel_frame_shelves_01_arm_1k.jpg,True,internal
G,large/ph__steel_frame_shelves_03/steel_frame_shelves_03_1k.gltf,buffer,steel_frame_shelves_03.bin,E:\CODING\GitHub\FoundationPose\data\pallet\distractors\large\ph__steel_frame_shelves_03\steel_frame_shelves_03.bin,True,internal
G,large/ph__steel_frame_shelves_03/steel_frame_shelves_03_1k.gltf,image,textures/steel_frame_shelves_03_nor_gl_1k.jpg,E:\CODING\GitHub\FoundationPose\data\pallet\distractors\large\ph__steel_frame_shelves_03\textures\steel_frame_shelves_03_nor_gl_1k.jpg,True,internal
G,large/ph__steel_frame_shelves_03/steel_frame_shelves_03_1k.gltf,image,textures/steel_frame_shelves_03_diff_1k.jpg,E:\CODING\GitHub\FoundationPose\data\pallet\distractors\large\ph__steel_frame_shelves_03\textures\steel_frame_shelves_03_diff_1k.jpg,True,internal
G,large/ph__steel_frame_shelves_03/steel_frame_shelves_03_1k.gltf,image,textures/steel_frame_shelves_03_arm_1k.jpg,E:\CODING\GitHub\FoundationPose\data\pallet\distractors\large\ph__steel_frame_shelves_03\textures\steel_frame_shelves_03_arm_1k.jpg,True,internal
G,large/ph__steel_frame_shelves_03/steel_frame_shelves_03_1k.gltf,image,textures/steel_frame_shelves_03_drawers_nor_gl_1k.jpg,E:\CODING\GitHub\FoundationPose\data\pallet\distractors\large\ph__steel_frame_shelves_03\textures\steel_frame_shelves_03_drawers_nor_gl_1k.jpg,True,internal
G,large/ph__steel_frame_shelves_03/steel_frame_shelves_03_1k.gltf,image,textures/steel_frame_shelves_03_drawers_diff_1k.jpg,E:\CODING\GitHub\FoundationPose\data\pallet\distractors\large\ph__steel_frame_shelves_03\textures\steel_frame_shelves_03_drawers_diff_1k.jpg,True,internal
G,large/ph__steel_frame_shelves_03/steel_frame_shelves_03_1k.gltf,image,textures/steel_frame_shelves_03_drawers_arm_1k.jpg,E:\CODING\GitHub\FoundationPose\data\pallet\distractors\large\ph__steel_frame_shelves_03\textures\steel_frame_shelves_03_drawers_arm_1k.jpg,True,internal
G,large/ph__wine_barrel_01/wine_barrel_01_1k.gltf,buffer,wine_barrel_01.bin,E:\CODING\GitHub\FoundationPose\data\pallet\distractors\large\ph__wine_barrel_01\wine_barrel_01.bin,True,internal
G,large/ph__wine_barrel_01/wine_barrel_01_1k.gltf,image,textures/wine_barrel_01_nor_gl_1k.jpg,E:\CODING\GitHub\FoundationPose\data\pallet\distractors\large\ph__wine_barrel_01\textures\wine_barrel_01_nor_gl_1k.jpg,True,internal
G,large/ph__wine_barrel_01/wine_barrel_01_1k.gltf,image,textures/wine_barrel_01_diff_1k.jpg,E:\CODING\GitHub\FoundationPose\data\pallet\distractors\large\ph__wine_barrel_01\textures\wine_barrel_01_diff_1k.jpg,True,internal
G,large/ph__wine_barrel_01/wine_barrel_01_1k.gltf,image,textures/wine_barrel_01_arm_1k.jpg,E:\CODING\GitHub\FoundationPose\data\pallet\distractors\large\ph__wine_barrel_01\textures\wine_barrel_01_arm_1k.jpg,True,internal
G,large/ph__wooden_ladder/wooden_ladder_1k.gltf,buffer,wooden_ladder.bin,E:\CODING\GitHub\FoundationPose\data\pallet\distractors\large\ph__wooden_ladder\wooden_ladder.bin,True,internal
G,large/ph__wooden_ladder/wooden_ladder_1k.gltf,image,textures/wooden_ladder_nor_gl_1k.jpg,E:\CODING\GitHub\FoundationPose\data\pallet\distractors\large\ph__wooden_ladder\textures\wooden_ladder_nor_gl_1k.jpg,True,internal
G,large/ph__wooden_ladder/wooden_ladder_1k.gltf,image,textures/wooden_ladder_diff_1k.jpg,E:\CODING\GitHub\FoundationPose\data\pallet\distractors\large\ph__wooden_ladder\textures\wooden_ladder_diff_1k.jpg,True,internal
G,large/ph__wooden_ladder/wooden_ladder_1k.gltf,image,textures/wooden_ladder_arm_1k.jpg,E:\CODING\GitHub\FoundationPose\data\pallet\distractors\large\ph__wooden_ladder\textures\wooden_ladder_arm_1k.jpg,True,internal
G,large/ph__worn_metal_rack/worn_metal_rack_1k.gltf,buffer,worn_metal_rack.bin,E:\CODING\GitHub\FoundationPose\data\pallet\distractors\large\ph__worn_metal_rack\worn_metal_rack.bin,True,internal
G,large/ph__worn_metal_rack/worn_metal_rack_1k.gltf,image,textures/worn_metal_rack_nor_gl_1k.jpg,E:\CODING\GitHub\FoundationPose\data\pallet\distractors\large\ph__worn_metal_rack\textures\worn_metal_rack_nor_gl_1k.jpg,True,internal
G,large/ph__worn_metal_rack/worn_metal_rack_1k.gltf,image,textures/worn_metal_rack_diff_1k.jpg,E:\CODING\GitHub\FoundationPose\data\pallet\distractors\large\ph__worn_metal_rack\textures\worn_metal_rack_diff_1k.jpg,True,internal
G,large/ph__worn_metal_rack/worn_metal_rack_1k.gltf,image,textures/worn_metal_rack_arm_1k.jpg,E:\CODING\GitHub\FoundationPose\data\pallet\distractors\large\ph__worn_metal_rack\textures\worn_metal_rack_arm_1k.jpg,True,internal
G,large/sf__cargo_truck_01/cargo_truck_01.glb,glb,self-contained binary (magic=b'glTF'),,True,internal
G,large/sf__delivery_truck_01/delivery_truck_01.glb,glb,self-contained binary (magic=b'glTF'),,True,internal
G,large/sf__delivery_van_01/delivery_van_01.glb,glb,self-contained binary (magic=b'glTF'),,True,internal
G,large/sf__forklift_01/forklift_01.glb,glb,self-contained binary (magic=b'glTF'),,True,internal
G,large/sf__forklift_02/forklift_02.glb,glb,self-contained binary (magic=b'glTF'),,True,internal
G,large/sf__storage_rack_01/storage_rack_01.glb,glb,self-contained binary (magic=b'glTF'),,True,internal
G,medium/ph__ammo_box/ammo_box_1k.gltf,buffer,ammo_box.bin,E:\CODING\GitHub\FoundationPose\data\pallet\distractors\medium\ph__ammo_box\ammo_box.bin,True,internal
G,medium/ph__ammo_box/ammo_box_1k.gltf,image,textures/ammo_box_nor_gl_1k.jpg,E:\CODING\GitHub\FoundationPose\data\pallet\distractors\medium\ph__ammo_box\textures\ammo_box_nor_gl_1k.jpg,True,internal
G,medium/ph__ammo_box/ammo_box_1k.gltf,image,textures/ammo_box_diff_1k.jpg,E:\CODING\GitHub\FoundationPose\data\pallet\distractors\medium\ph__ammo_box\textures\ammo_box_diff_1k.jpg,True,internal
G,medium/ph__ammo_box/ammo_box_1k.gltf,image,textures/ammo_box_arm_1k.jpg,E:\CODING\GitHub\FoundationPose\data\pallet\distractors\medium\ph__ammo_box\textures\ammo_box_arm_1k.jpg,True,internal
G,medium/ph__compost_bags/compost_bags_1k.gltf,buffer,compost_bags.bin,E:\CODING\GitHub\FoundationPose\data\pallet\distractors\medium\ph__compost_bags\compost_bags.bin,True,internal
G,medium/ph__compost_bags/compost_bags_1k.gltf,image,textures/compost_bags_sss_1k.jpg,E:\CODING\GitHub\FoundationPose\data\pallet\distractors\medium\ph__compost_bags\textures\compost_bags_sss_1k.jpg,True,internal
G,medium/ph__compost_bags/compost_bags_1k.gltf,image,textures/compost_bags_nor_gl_1k.jpg,E:\CODING\GitHub\FoundationPose\data\pallet\distractors\medium\ph__compost_bags\textures\compost_bags_nor_gl_1k.jpg,True,internal
G,medium/ph__compost_bags/compost_bags_1k.gltf,image,textures/compost_bags_diff_1k.jpg,E:\CODING\GitHub\FoundationPose\data\pallet\distractors\medium\ph__compost_bags\textures\compost_bags_diff_1k.jpg,True,internal
G,medium/ph__compost_bags/compost_bags_1k.gltf,image,textures/compost_bags_arm_1k.jpg,E:\CODING\GitHub\FoundationPose\data\pallet\distractors\medium\ph__compost_bags\textures\compost_bags_arm_1k.jpg,True,internal
G,medium/ph__hand_truck/hand_truck_1k.gltf,buffer,hand_truck.bin,E:\CODING\GitHub\FoundationPose\data\pallet\distractors\medium\ph__hand_truck\hand_truck.bin,True,internal
G,medium/ph__hand_truck/hand_truck_1k.gltf,image,textures/hand_truck_nor_gl_1k.jpg,E:\CODING\GitHub\FoundationPose\data\pallet\distractors\medium\ph__hand_truck\textures\hand_truck_nor_gl_1k.jpg,True,internal
G,medium/ph__hand_truck/hand_truck_1k.gltf,image,textures/hand_truck_diff_1k.jpg,E:\CODING\GitHub\FoundationPose\data\pallet\distractors\medium\ph__hand_truck\textures\hand_truck_diff_1k.jpg,True,internal
G,medium/ph__hand_truck/hand_truck_1k.gltf,image,textures/hand_truck_arm_1k.jpg,E:\CODING\GitHub\FoundationPose\data\pallet\distractors\medium\ph__hand_truck\textures\hand_truck_arm_1k.jpg,True,internal
G,medium/ph__industrial_storage_cart/industrial_storage_cart_1k.gltf,buffer,industrial_storage_cart.bin,E:\CODING\GitHub\FoundationPose\data\pallet\distractors\medium\ph__industrial_storage_cart\industrial_storage_cart.bin,True,internal
G,medium/ph__industrial_storage_cart/industrial_storage_cart_1k.gltf,image,textures/industrial_storage_cart_nor_gl_1k.jpg,E:\CODING\GitHub\FoundationPose\data\pallet\distractors\medium\ph__industrial_storage_cart\textures\industrial_storage_cart_nor_gl_1k.jpg,True,internal
G,medium/ph__industrial_storage_cart/industrial_storage_cart_1k.gltf,image,textures/industrial_storage_cart_diff_1k.jpg,E:\CODING\GitHub\FoundationPose\data\pallet\distractors\medium\ph__industrial_storage_cart\textures\industrial_storage_cart_diff_1k.jpg,True,internal
G,medium/ph__industrial_storage_cart/industrial_storage_cart_1k.gltf,image,textures/industrial_storage_cart_arm_1k.jpg,E:\CODING\GitHub\FoundationPose\data\pallet\distractors\medium\ph__industrial_storage_cart\textures\industrial_storage_cart_arm_1k.jpg,True,internal
G,medium/ph__korean_fire_extinguisher_01/korean_fire_extinguisher_01_1k.gltf,buffer,korean_fire_extinguisher_01.bin,E:\CODING\GitHub\FoundationPose\data\pallet\distractors\medium\ph__korean_fire_extinguisher_01\korean_fire_extinguisher_01.bin,True,internal
G,medium/ph__korean_fire_extinguisher_01/korean_fire_extinguisher_01_1k.gltf,image,textures/korean_fire_extinguisher_01_body_nor_gl_1k.jpg,E:\CODING\GitHub\FoundationPose\data\pallet\distractors\medium\ph__korean_fire_extinguisher_01\textures\korean_fire_extinguisher_01_body_nor_gl_1k.jpg,True,internal
G,medium/ph__korean_fire_extinguisher_01/korean_fire_extinguisher_01_1k.gltf,image,textures/korean_fire_extinguisher_01_body_diff_1k.jpg,E:\CODING\GitHub\FoundationPose\data\pallet\distractors\medium\ph__korean_fire_extinguisher_01\textures\korean_fire_extinguisher_01_body_diff_1k.jpg,True,internal
G,medium/ph__korean_fire_extinguisher_01/korean_fire_extinguisher_01_1k.gltf,image,textures/korean_fire_extinguisher_01_body_arm_1k.jpg,E:\CODING\GitHub\FoundationPose\data\pallet\distractors\medium\ph__korean_fire_extinguisher_01\textures\korean_fire_extinguisher_01_body_arm_1k.jpg,True,internal
G,medium/ph__korean_fire_extinguisher_01/korean_fire_extinguisher_01_1k.gltf,image,textures/korean_fire_extinguisher_01_glass_nor_gl_1k.jpg,E:\CODING\GitHub\FoundationPose\data\pallet\distractors\medium\ph__korean_fire_extinguisher_01\textures\korean_fire_extinguisher_01_glass_nor_gl_1k.jpg,True,internal
G,medium/ph__korean_fire_extinguisher_01/korean_fire_extinguisher_01_1k.gltf,image,textures/korean_fire_extinguisher_01_glass_diff_1k.jpg,E:\CODING\GitHub\FoundationPose\data\pallet\distractors\medium\ph__korean_fire_extinguisher_01\textures\korean_fire_extinguisher_01_glass_diff_1k.jpg,True,internal
G,medium/ph__korean_fire_extinguisher_01/korean_fire_extinguisher_01_1k.gltf,image,textures/korean_fire_extinguisher_01_glass_arm_1k.jpg,E:\CODING\GitHub\FoundationPose\data\pallet\distractors\medium\ph__korean_fire_extinguisher_01\textures\korean_fire_extinguisher_01_glass_arm_1k.jpg,True,internal
G,medium/ph__korean_fire_extinguisher_01/korean_fire_extinguisher_01_1k.gltf,image,textures/korean_fire_extinguisher_01_paper_nor_gl_1k.jpg,E:\CODING\GitHub\FoundationPose\data\pallet\distractors\medium\ph__korean_fire_extinguisher_01\textures\korean_fire_extinguisher_01_paper_nor_gl_1k.jpg,True,internal
G,medium/ph__korean_fire_extinguisher_01/korean_fire_extinguisher_01_1k.gltf,image,textures/korean_fire_extinguisher_01_paper_diff_1k.jpg,E:\CODING\GitHub\FoundationPose\data\pallet\distractors\medium\ph__korean_fire_extinguisher_01\textures\korean_fire_extinguisher_01_paper_diff_1k.jpg,True,internal
G,medium/ph__korean_fire_extinguisher_01/korean_fire_extinguisher_01_1k.gltf,image,textures/korean_fire_extinguisher_01_paper_arm_1k.jpg,E:\CODING\GitHub\FoundationPose\data\pallet\distractors\medium\ph__korean_fire_extinguisher_01\textures\korean_fire_extinguisher_01_paper_arm_1k.jpg,True,internal
G,medium/ph__metal_office_desk/metal_office_desk_1k.gltf,buffer,metal_office_desk.bin,E:\CODING\GitHub\FoundationPose\data\pallet\distractors\medium\ph__metal_office_desk\metal_office_desk.bin,True,internal
G,medium/ph__metal_office_desk/metal_office_desk_1k.gltf,image,textures/metal_office_desk_nor_gl_1k.jpg,E:\CODING\GitHub\FoundationPose\data\pallet\distractors\medium\ph__metal_office_desk\textures\metal_office_desk_nor_gl_1k.jpg,True,internal
G,medium/ph__metal_office_desk/metal_office_desk_1k.gltf,image,textures/metal_office_desk_diff_1k.jpg,E:\CODING\GitHub\FoundationPose\data\pallet\distractors\medium\ph__metal_office_desk\textures\metal_office_desk_diff_1k.jpg,True,internal
G,medium/ph__metal_office_desk/metal_office_desk_1k.gltf,image,textures/metal_office_desk_arm_1k.jpg,E:\CODING\GitHub\FoundationPose\data\pallet\distractors\medium\ph__metal_office_desk\textures\metal_office_desk_arm_1k.jpg,True,internal
G,medium/ph__metal_stool_01/metal_stool_01_1k.gltf,buffer,metal_stool_01.bin,E:\CODING\GitHub\FoundationPose\data\pallet\distractors\medium\ph__metal_stool_01\metal_stool_01.bin,True,internal
G,medium/ph__metal_stool_01/metal_stool_01_1k.gltf,image,textures/metal_stool_01_nor_gl_1k.jpg,E:\CODING\GitHub\FoundationPose\data\pallet\distractors\medium\ph__metal_stool_01\textures\metal_stool_01_nor_gl_1k.jpg,True,internal
G,medium/ph__metal_stool_01/metal_stool_01_1k.gltf,image,textures/metal_stool_01_diff_1k.jpg,E:\CODING\GitHub\FoundationPose\data\pallet\distractors\medium\ph__metal_stool_01\textures\metal_stool_01_diff_1k.jpg,True,internal
G,medium/ph__metal_stool_01/metal_stool_01_1k.gltf,image,textures/metal_stool_01_arm_1k.jpg,E:\CODING\GitHub\FoundationPose\data\pallet\distractors\medium\ph__metal_stool_01\textures\metal_stool_01_arm_1k.jpg,True,internal
G,medium/ph__metal_toolbox/metal_toolbox_1k.gltf,buffer,metal_toolbox.bin,E:\CODING\GitHub\FoundationPose\data\pallet\distractors\medium\ph__metal_toolbox\metal_toolbox.bin,True,internal
G,medium/ph__metal_toolbox/metal_toolbox_1k.gltf,image,textures/metal_toolbox_nor_gl_1k.jpg,E:\CODING\GitHub\FoundationPose\data\pallet\distractors\medium\ph__metal_toolbox\textures\metal_toolbox_nor_gl_1k.jpg,True,internal
G,medium/ph__metal_toolbox/metal_toolbox_1k.gltf,image,textures/metal_toolbox_diff_1k.jpg,E:\CODING\GitHub\FoundationPose\data\pallet\distractors\medium\ph__metal_toolbox\textures\metal_toolbox_diff_1k.jpg,True,internal
G,medium/ph__metal_toolbox/metal_toolbox_1k.gltf,image,textures/metal_toolbox_arm_1k.jpg,E:\CODING\GitHub\FoundationPose\data\pallet\distractors\medium\ph__metal_toolbox\textures\metal_toolbox_arm_1k.jpg,True,internal
G,medium/ph__metal_tool_chest/metal_tool_chest_1k.gltf,buffer,metal_tool_chest.bin,E:\CODING\GitHub\FoundationPose\data\pallet\distractors\medium\ph__metal_tool_chest\metal_tool_chest.bin,True,internal
G,medium/ph__metal_tool_chest/metal_tool_chest_1k.gltf,image,textures/metal_tool_chest_nor_gl_1k.jpg,E:\CODING\GitHub\FoundationPose\data\pallet\distractors\medium\ph__metal_tool_chest\textures\metal_tool_chest_nor_gl_1k.jpg,True,internal
G,medium/ph__metal_tool_chest/metal_tool_chest_1k.gltf,image,textures/metal_tool_chest_diff_1k.jpg,E:\CODING\GitHub\FoundationPose\data\pallet\distractors\medium\ph__metal_tool_chest\textures\metal_tool_chest_diff_1k.jpg,True,internal
G,medium/ph__metal_tool_chest/metal_tool_chest_1k.gltf,image,textures/metal_tool_chest_arm_1k.jpg,E:\CODING\GitHub\FoundationPose\data\pallet\distractors\medium\ph__metal_tool_chest\textures\metal_tool_chest_arm_1k.jpg,True,internal
G,medium/ph__metal_trash_can/metal_trash_can_1k.gltf,buffer,metal_trash_can.bin,E:\CODING\GitHub\FoundationPose\data\pallet\distractors\medium\ph__metal_trash_can\metal_trash_can.bin,True,internal
G,medium/ph__metal_trash_can/metal_trash_can_1k.gltf,image,textures/metal_trash_can_nor_gl_1k.jpg,E:\CODING\GitHub\FoundationPose\data\pallet\distractors\medium\ph__metal_trash_can\textures\metal_trash_can_nor_gl_1k.jpg,True,internal
G,medium/ph__metal_trash_can/metal_trash_can_1k.gltf,image,textures/metal_trash_can_diff_1k.jpg,E:\CODING\GitHub\FoundationPose\data\pallet\distractors\medium\ph__metal_trash_can\textures\metal_trash_can_diff_1k.jpg,True,internal
G,medium/ph__metal_trash_can/metal_trash_can_1k.gltf,image,textures/metal_trash_can_arm_1k.jpg,E:\CODING\GitHub\FoundationPose\data\pallet\distractors\medium\ph__metal_trash_can\textures\metal_trash_can_arm_1k.jpg,True,internal
G,medium/ph__metal_trash_can/metal_trash_can_1k.gltf,image,textures/metal_trash_can_rust_nor_gl_1k.jpg,E:\CODING\GitHub\FoundationPose\data\pallet\distractors\medium\ph__metal_trash_can\textures\metal_trash_can_rust_nor_gl_1k.jpg,True,internal
G,medium/ph__metal_trash_can/metal_trash_can_1k.gltf,image,textures/metal_trash_can_rust_diff_1k.jpg,E:\CODING\GitHub\FoundationPose\data\pallet\distractors\medium\ph__metal_trash_can\textures\metal_trash_can_rust_diff_1k.jpg,True,internal
G,medium/ph__metal_trash_can/metal_trash_can_1k.gltf,image,textures/metal_trash_can_rust_arm_1k.jpg,E:\CODING\GitHub\FoundationPose\data\pallet\distractors\medium\ph__metal_trash_can\textures\metal_trash_can_rust_arm_1k.jpg,True,internal
G,medium/ph__old_military_crate/old_military_crate_1k.gltf,buffer,old_military_crate.bin,E:\CODING\GitHub\FoundationPose\data\pallet\distractors\medium\ph__old_military_crate\old_military_crate.bin,True,internal
G,medium/ph__old_military_crate/old_military_crate_1k.gltf,image,textures/old_military_crate_nor_gl_1k.jpg,E:\CODING\GitHub\FoundationPose\data\pallet\distractors\medium\ph__old_military_crate\textures\old_military_crate_nor_gl_1k.jpg,True,internal
G,medium/ph__old_military_crate/old_military_crate_1k.gltf,image,textures/old_military_crate_diff_1k.jpg,E:\CODING\GitHub\FoundationPose\data\pallet\distractors\medium\ph__old_military_crate\textures\old_military_crate_diff_1k.jpg,True,internal
G,medium/ph__old_military_crate/old_military_crate_1k.gltf,image,textures/old_military_crate_arm_1k.jpg,E:\CODING\GitHub\FoundationPose\data\pallet\distractors\medium\ph__old_military_crate\textures\old_military_crate_arm_1k.jpg,True,internal
G,medium/ph__old_tyre/old_tyre_1k.gltf,buffer,old_tyre.bin,E:\CODING\GitHub\FoundationPose\data\pallet\distractors\medium\ph__old_tyre\old_tyre.bin,True,internal
G,medium/ph__old_tyre/old_tyre_1k.gltf,image,textures/old_tyre_nor_gl_1k.jpg,E:\CODING\GitHub\FoundationPose\data\pallet\distractors\medium\ph__old_tyre\textures\old_tyre_nor_gl_1k.jpg,True,internal
G,medium/ph__old_tyre/old_tyre_1k.gltf,image,textures/old_tyre_diff_1k.jpg,E:\CODING\GitHub\FoundationPose\data\pallet\distractors\medium\ph__old_tyre\textures\old_tyre_diff_1k.jpg,True,internal
G,medium/ph__old_tyre/old_tyre_1k.gltf,image,textures/old_tyre_arm_1k.jpg,E:\CODING\GitHub\FoundationPose\data\pallet\distractors\medium\ph__old_tyre\textures\old_tyre_arm_1k.jpg,True,internal
G,medium/ph__planter_box_01/planter_box_01_1k.gltf,buffer,planter_box_01.bin,E:\CODING\GitHub\FoundationPose\data\pallet\distractors\medium\ph__planter_box_01\planter_box_01.bin,True,internal
G,medium/ph__planter_box_01/planter_box_01_1k.gltf,image,textures/planter_box_01_nor_gl_1k.jpg,E:\CODING\GitHub\FoundationPose\data\pallet\distractors\medium\ph__planter_box_01\textures\planter_box_01_nor_gl_1k.jpg,True,internal
G,medium/ph__planter_box_01/planter_box_01_1k.gltf,image,textures/planter_box_01_diff_1k.jpg,E:\CODING\GitHub\FoundationPose\data\pallet\distractors\medium\ph__planter_box_01\textures\planter_box_01_diff_1k.jpg,True,internal
G,medium/ph__planter_box_01/planter_box_01_1k.gltf,image,textures/planter_box_01_arm_1k.jpg,E:\CODING\GitHub\FoundationPose\data\pallet\distractors\medium\ph__planter_box_01\textures\planter_box_01_arm_1k.jpg,True,internal
G,medium/ph__plastic_monobloc_chair_01/plastic_monobloc_chair_01_1k.gltf,buffer,plastic_monobloc_chair_01.bin,E:\CODING\GitHub\FoundationPose\data\pallet\distractors\medium\ph__plastic_monobloc_chair_01\plastic_monobloc_chair_01.bin,True,internal
G,medium/ph__plastic_monobloc_chair_01/plastic_monobloc_chair_01_1k.gltf,image,textures/plastic_monobloc_chair_01_nor_gl_1k.jpg,E:\CODING\GitHub\FoundationPose\data\pallet\distractors\medium\ph__plastic_monobloc_chair_01\textures\plastic_monobloc_chair_01_nor_gl_1k.jpg,True,internal
G,medium/ph__plastic_monobloc_chair_01/plastic_monobloc_chair_01_1k.gltf,image,textures/plastic_monobloc_chair_01_diff_1k.jpg,E:\CODING\GitHub\FoundationPose\data\pallet\distractors\medium\ph__plastic_monobloc_chair_01\textures\plastic_monobloc_chair_01_diff_1k.jpg,True,internal
G,medium/ph__plastic_monobloc_chair_01/plastic_monobloc_chair_01_1k.gltf,image,textures/plastic_monobloc_chair_01_arm_1k.jpg,E:\CODING\GitHub\FoundationPose\data\pallet\distractors\medium\ph__plastic_monobloc_chair_01\textures\plastic_monobloc_chair_01_arm_1k.jpg,True,internal
G,medium/ph__potted_plant_01/potted_plant_01_1k.gltf,buffer,potted_plant_01.bin,E:\CODING\GitHub\FoundationPose\data\pallet\distractors\medium\ph__potted_plant_01\potted_plant_01.bin,True,internal
G,medium/ph__potted_plant_01/potted_plant_01_1k.gltf,image,textures/potted_plant_01_pot_nor_gl_1k.jpg,E:\CODING\GitHub\FoundationPose\data\pallet\distractors\medium\ph__potted_plant_01\textures\potted_plant_01_pot_nor_gl_1k.jpg,True,internal
G,medium/ph__potted_plant_01/potted_plant_01_1k.gltf,image,textures/potted_plant_01_pot_diff_1k.jpg,E:\CODING\GitHub\FoundationPose\data\pallet\distractors\medium\ph__potted_plant_01\textures\potted_plant_01_pot_diff_1k.jpg,True,internal
G,medium/ph__potted_plant_01/potted_plant_01_1k.gltf,image,textures/potted_plant_01_pot_rough_1k.jpg,E:\CODING\GitHub\FoundationPose\data\pallet\distractors\medium\ph__potted_plant_01\textures\potted_plant_01_pot_rough_1k.jpg,True,internal
G,medium/ph__potted_plant_01/potted_plant_01_1k.gltf,image,textures/potted_plant_01_leaves_nor_gl_1k.jpg,E:\CODING\GitHub\FoundationPose\data\pallet\distractors\medium\ph__potted_plant_01\textures\potted_plant_01_leaves_nor_gl_1k.jpg,True,internal
G,medium/ph__potted_plant_01/potted_plant_01_1k.gltf,image,textures/potted_plant_01_leaves_diff_1k.jpg,E:\CODING\GitHub\FoundationPose\data\pallet\distractors\medium\ph__potted_plant_01\textures\potted_plant_01_leaves_diff_1k.jpg,True,internal
G,medium/ph__potted_plant_01/potted_plant_01_1k.gltf,image,textures/potted_plant_01_leaves_rough_1k.jpg,E:\CODING\GitHub\FoundationPose\data\pallet\distractors\medium\ph__potted_plant_01\textures\potted_plant_01_leaves_rough_1k.jpg,True,internal
G,medium/ph__propane_tank/propane_tank_1k.gltf,buffer,propane_tank.bin,E:\CODING\GitHub\FoundationPose\data\pallet\distractors\medium\ph__propane_tank\propane_tank.bin,True,internal
G,medium/ph__propane_tank/propane_tank_1k.gltf,image,textures/propane_tank_nor_gl_1k.jpg,E:\CODING\GitHub\FoundationPose\data\pallet\distractors\medium\ph__propane_tank\textures\propane_tank_nor_gl_1k.jpg,True,internal
G,medium/ph__propane_tank/propane_tank_1k.gltf,image,textures/propane_tank_diff_1k.jpg,E:\CODING\GitHub\FoundationPose\data\pallet\distractors\medium\ph__propane_tank\textures\propane_tank_diff_1k.jpg,True,internal
G,medium/ph__propane_tank/propane_tank_1k.gltf,image,textures/propane_tank_arm_1k.jpg,E:\CODING\GitHub\FoundationPose\data\pallet\distractors\medium\ph__propane_tank\textures\propane_tank_arm_1k.jpg,True,internal
G,medium/ph__SchoolChair_01/SchoolChair_01_1k.gltf,buffer,SchoolChair_01.bin,E:\CODING\GitHub\FoundationPose\data\pallet\distractors\medium\ph__SchoolChair_01\SchoolChair_01.bin,True,internal
G,medium/ph__SchoolChair_01/SchoolChair_01_1k.gltf,image,textures/SchoolChair_01_nor_gl_1k.jpg,E:\CODING\GitHub\FoundationPose\data\pallet\distractors\medium\ph__SchoolChair_01\textures\SchoolChair_01_nor_gl_1k.jpg,True,internal
G,medium/ph__SchoolChair_01/SchoolChair_01_1k.gltf,image,textures/SchoolChair_01_diff_1k.jpg,E:\CODING\GitHub\FoundationPose\data\pallet\distractors\medium\ph__SchoolChair_01\textures\SchoolChair_01_diff_1k.jpg,True,internal
G,medium/ph__SchoolChair_01/SchoolChair_01_1k.gltf,image,textures/SchoolChair_01_arm_1k.jpg,E:\CODING\GitHub\FoundationPose\data\pallet\distractors\medium\ph__SchoolChair_01\textures\SchoolChair_01_arm_1k.jpg,True,internal
G,medium/ph__SchoolDesk_01/SchoolDesk_01_1k.gltf,buffer,SchoolDesk_01.bin,E:\CODING\GitHub\FoundationPose\data\pallet\distractors\medium\ph__SchoolDesk_01\SchoolDesk_01.bin,True,internal
G,medium/ph__SchoolDesk_01/SchoolDesk_01_1k.gltf,image,textures/SchoolDesk_01_nor_gl_1k.jpg,E:\CODING\GitHub\FoundationPose\data\pallet\distractors\medium\ph__SchoolDesk_01\textures\SchoolDesk_01_nor_gl_1k.jpg,True,internal
G,medium/ph__SchoolDesk_01/SchoolDesk_01_1k.gltf,image,textures/SchoolDesk_01_diff_1k.jpg,E:\CODING\GitHub\FoundationPose\data\pallet\distractors\medium\ph__SchoolDesk_01\textures\SchoolDesk_01_diff_1k.jpg,True,internal
G,medium/ph__SchoolDesk_01/SchoolDesk_01_1k.gltf,image,textures/SchoolDesk_01_arm_1k.jpg,E:\CODING\GitHub\FoundationPose\data\pallet\distractors\medium\ph__SchoolDesk_01\textures\SchoolDesk_01_arm_1k.jpg,True,internal
G,medium/ph__tool_cart/tool_cart_1k.gltf,buffer,tool_cart.bin,E:\CODING\GitHub\FoundationPose\data\pallet\distractors\medium\ph__tool_cart\tool_cart.bin,True,internal
G,medium/ph__tool_cart/tool_cart_1k.gltf,image,textures/tool_cart_nor_gl_1k.jpg,E:\CODING\GitHub\FoundationPose\data\pallet\distractors\medium\ph__tool_cart\textures\tool_cart_nor_gl_1k.jpg,True,internal
G,medium/ph__tool_cart/tool_cart_1k.gltf,image,textures/tool_cart_diff_1k.jpg,E:\CODING\GitHub\FoundationPose\data\pallet\distractors\medium\ph__tool_cart\textures\tool_cart_diff_1k.jpg,True,internal
G,medium/ph__tool_cart/tool_cart_1k.gltf,image,textures/tool_cart_arm_1k.jpg,E:\CODING\GitHub\FoundationPose\data\pallet\distractors\medium\ph__tool_cart\textures\tool_cart_arm_1k.jpg,True,internal
G,medium/sf__hand_truck_01/hand_truck_01.glb,glb,self-contained binary (magic=b'glTF'),,True,internal
G,medium/sf__hand_truck_scan_02/hand_truck_scan_02.glb,glb,self-contained binary (magic=b'glTF'),,True,internal
G,road/ph__concrete_road_barrier/concrete_road_barrier_1k.gltf,buffer,concrete_road_barrier.bin,E:\CODING\GitHub\FoundationPose\data\pallet\distractors\road\ph__concrete_road_barrier\concrete_road_barrier.bin,True,internal
G,road/ph__concrete_road_barrier/concrete_road_barrier_1k.gltf,image,textures/concrete_road_barrier_nor_gl_1k.jpg,E:\CODING\GitHub\FoundationPose\data\pallet\distractors\road\ph__concrete_road_barrier\textures\concrete_road_barrier_nor_gl_1k.jpg,True,internal
G,road/ph__concrete_road_barrier/concrete_road_barrier_1k.gltf,image,textures/concrete_road_barrier_diff_1k.jpg,E:\CODING\GitHub\FoundationPose\data\pallet\distractors\road\ph__concrete_road_barrier\textures\concrete_road_barrier_diff_1k.jpg,True,internal
G,road/ph__concrete_road_barrier/concrete_road_barrier_1k.gltf,image,textures/concrete_road_barrier_arm_1k.jpg,E:\CODING\GitHub\FoundationPose\data\pallet\distractors\road\ph__concrete_road_barrier\textures\concrete_road_barrier_arm_1k.jpg,True,internal
G,road/ph__concrete_road_barrier_02/concrete_road_barrier_02_1k.gltf,buffer,concrete_road_barrier_02.bin,E:\CODING\GitHub\FoundationPose\data\pallet\distractors\road\ph__concrete_road_barrier_02\concrete_road_barrier_02.bin,True,internal
G,road/ph__concrete_road_barrier_02/concrete_road_barrier_02_1k.gltf,image,textures/concrete_road_barrier_02_nor_gl_1k.jpg,E:\CODING\GitHub\FoundationPose\data\pallet\distractors\road\ph__concrete_road_barrier_02\textures\concrete_road_barrier_02_nor_gl_1k.jpg,True,internal
G,road/ph__concrete_road_barrier_02/concrete_road_barrier_02_1k.gltf,image,textures/concrete_road_barrier_02_diff_1k.jpg,E:\CODING\GitHub\FoundationPose\data\pallet\distractors\road\ph__concrete_road_barrier_02\textures\concrete_road_barrier_02_diff_1k.jpg,True,internal
G,road/ph__concrete_road_barrier_02/concrete_road_barrier_02_1k.gltf,image,textures/concrete_road_barrier_02_arm_1k.jpg,E:\CODING\GitHub\FoundationPose\data\pallet\distractors\road\ph__concrete_road_barrier_02\textures\concrete_road_barrier_02_arm_1k.jpg,True,internal
G,road/ph__fire_hydrant/fire_hydrant_1k.gltf,buffer,fire_hydrant.bin,E:\CODING\GitHub\FoundationPose\data\pallet\distractors\road\ph__fire_hydrant\fire_hydrant.bin,True,internal
G,road/ph__fire_hydrant/fire_hydrant_1k.gltf,image,textures/fire_hydrant_nor_gl_1k.jpg,E:\CODING\GitHub\FoundationPose\data\pallet\distractors\road\ph__fire_hydrant\textures\fire_hydrant_nor_gl_1k.jpg,True,internal
G,road/ph__fire_hydrant/fire_hydrant_1k.gltf,image,textures/fire_hydrant_diff_1k.jpg,E:\CODING\GitHub\FoundationPose\data\pallet\distractors\road\ph__fire_hydrant\textures\fire_hydrant_diff_1k.jpg,True,internal
G,road/ph__fire_hydrant/fire_hydrant_1k.gltf,image,textures/fire_hydrant_arm_1k.jpg,E:\CODING\GitHub\FoundationPose\data\pallet\distractors\road\ph__fire_hydrant\textures\fire_hydrant_arm_1k.jpg,True,internal
G,road/ph__fire_hydrant/fire_hydrant_1k.gltf,image,textures/fire_hydrant_aged_nor_gl_1k.jpg,E:\CODING\GitHub\FoundationPose\data\pallet\distractors\road\ph__fire_hydrant\textures\fire_hydrant_aged_nor_gl_1k.jpg,True,internal
G,road/ph__fire_hydrant/fire_hydrant_1k.gltf,image,textures/fire_hydrant_aged_diff_1k.jpg,E:\CODING\GitHub\FoundationPose\data\pallet\distractors\road\ph__fire_hydrant\textures\fire_hydrant_aged_diff_1k.jpg,True,internal
G,road/ph__fire_hydrant/fire_hydrant_1k.gltf,image,textures/fire_hydrant_aged_arm_1k.jpg,E:\CODING\GitHub\FoundationPose\data\pallet\distractors\road\ph__fire_hydrant\textures\fire_hydrant_aged_arm_1k.jpg,True,internal
G,road/ph__modular_chainlink_fence/modular_chainlink_fence_1k.gltf,buffer,modular_chainlink_fence.bin,E:\CODING\GitHub\FoundationPose\data\pallet\distractors\road\ph__modular_chainlink_fence\modular_chainlink_fence.bin,True,internal
G,road/ph__modular_chainlink_fence/modular_chainlink_fence_1k.gltf,image,textures/modular_chainlink_fence_posts_nor_gl_1k.jpg,E:\CODING\GitHub\FoundationPose\data\pallet\distractors\road\ph__modular_chainlink_fence\textures\modular_chainlink_fence_posts_nor_gl_1k.jpg,True,internal
G,road/ph__modular_chainlink_fence/modular_chainlink_fence_1k.gltf,image,textures/modular_chainlink_fence_posts_diff_1k.jpg,E:\CODING\GitHub\FoundationPose\data\pallet\distractors\road\ph__modular_chainlink_fence\textures\modular_chainlink_fence_posts_diff_1k.jpg,True,internal
G,road/ph__modular_chainlink_fence/modular_chainlink_fence_1k.gltf,image,textures/modular_chainlink_fence_posts_arm_1k.jpg,E:\CODING\GitHub\FoundationPose\data\pallet\distractors\road\ph__modular_chainlink_fence\textures\modular_chainlink_fence_posts_arm_1k.jpg,True,internal
G,road/ph__modular_chainlink_fence/modular_chainlink_fence_1k.gltf,image,textures/modular_chainlink_fence_wire_nor_gl_1k.jpg,E:\CODING\GitHub\FoundationPose\data\pallet\distractors\road\ph__modular_chainlink_fence\textures\modular_chainlink_fence_wire_nor_gl_1k.jpg,True,internal
G,road/ph__modular_chainlink_fence/modular_chainlink_fence_1k.gltf,image,textures/modular_chainlink_fence_wire_diff_1k.jpg,E:\CODING\GitHub\FoundationPose\data\pallet\distractors\road\ph__modular_chainlink_fence\textures\modular_chainlink_fence_wire_diff_1k.jpg,True,internal
G,road/ph__modular_chainlink_fence/modular_chainlink_fence_1k.gltf,image,textures/modular_chainlink_fence_wire_arm_1k.jpg,E:\CODING\GitHub\FoundationPose\data\pallet\distractors\road\ph__modular_chainlink_fence\textures\modular_chainlink_fence_wire_arm_1k.jpg,True,internal
G,road/ph__power_box_01/power_box_01_1k.gltf,buffer,power_box_01.bin,E:\CODING\GitHub\FoundationPose\data\pallet\distractors\road\ph__power_box_01\power_box_01.bin,True,internal
G,road/ph__power_box_01/power_box_01_1k.gltf,image,textures/power_box_01_nor_gl_1k.jpg,E:\CODING\GitHub\FoundationPose\data\pallet\distractors\road\ph__power_box_01\textures\power_box_01_nor_gl_1k.jpg,True,internal
G,road/ph__power_box_01/power_box_01_1k.gltf,image,textures/power_box_01_diff_1k.jpg,E:\CODING\GitHub\FoundationPose\data\pallet\distractors\road\ph__power_box_01\textures\power_box_01_diff_1k.jpg,True,internal
G,road/ph__power_box_01/power_box_01_1k.gltf,image,textures/power_box_01_arm_1k.jpg,E:\CODING\GitHub\FoundationPose\data\pallet\distractors\road\ph__power_box_01\textures\power_box_01_arm_1k.jpg,True,internal
G,road/ph__street_lamp_01/street_lamp_01_1k.gltf,buffer,street_lamp_01.bin,E:\CODING\GitHub\FoundationPose\data\pallet\distractors\road\ph__street_lamp_01\street_lamp_01.bin,True,internal
G,road/ph__street_lamp_01/street_lamp_01_1k.gltf,image,textures/street_lamp_01_nor_gl_1k.jpg,E:\CODING\GitHub\FoundationPose\data\pallet\distractors\road\ph__street_lamp_01\textures\street_lamp_01_nor_gl_1k.jpg,True,internal
G,road/ph__street_lamp_01/street_lamp_01_1k.gltf,image,textures/street_lamp_01_diff_1k.jpg,E:\CODING\GitHub\FoundationPose\data\pallet\distractors\road\ph__street_lamp_01\textures\street_lamp_01_diff_1k.jpg,True,internal
G,road/ph__street_lamp_01/street_lamp_01_1k.gltf,image,textures/street_lamp_01_arm_1k.jpg,E:\CODING\GitHub\FoundationPose\data\pallet\distractors\road\ph__street_lamp_01\textures\street_lamp_01_arm_1k.jpg,True,internal
G,road/ph__street_lamp_01/street_lamp_01_1k.gltf,image,textures/street_lamp_01_diff_1k.jpg,E:\CODING\GitHub\FoundationPose\data\pallet\distractors\road\ph__street_lamp_01\textures\street_lamp_01_diff_1k.jpg,True,internal
G,road/ph__utility_box_01/utility_box_01_1k.gltf,buffer,utility_box_01.bin,E:\CODING\GitHub\FoundationPose\data\pallet\distractors\road\ph__utility_box_01\utility_box_01.bin,True,internal
G,road/ph__utility_box_01/utility_box_01_1k.gltf,image,textures/utility_box_01_nor_gl_1k.jpg,E:\CODING\GitHub\FoundationPose\data\pallet\distractors\road\ph__utility_box_01\textures\utility_box_01_nor_gl_1k.jpg,True,internal
G,road/ph__utility_box_01/utility_box_01_1k.gltf,image,textures/utility_box_01_diff_1k.jpg,E:\CODING\GitHub\FoundationPose\data\pallet\distractors\road\ph__utility_box_01\textures\utility_box_01_diff_1k.jpg,True,internal
G,road/ph__utility_box_01/utility_box_01_1k.gltf,image,textures/utility_box_01_arm_1k.jpg,E:\CODING\GitHub\FoundationPose\data\pallet\distractors\road\ph__utility_box_01\textures\utility_box_01_arm_1k.jpg,True,internal
G,road/ph__WetFloorSign_01/WetFloorSign_01_1k.gltf,buffer,WetFloorSign_01.bin,E:\CODING\GitHub\FoundationPose\data\pallet\distractors\road\ph__WetFloorSign_01\WetFloorSign_01.bin,True,internal
G,road/ph__WetFloorSign_01/WetFloorSign_01_1k.gltf,image,textures/WetFloorSign_01_nor_gl_1k.jpg,E:\CODING\GitHub\FoundationPose\data\pallet\distractors\road\ph__WetFloorSign_01\textures\WetFloorSign_01_nor_gl_1k.jpg,True,internal
G,road/ph__WetFloorSign_01/WetFloorSign_01_1k.gltf,image,textures/WetFloorSign_01_diff_1k.jpg,E:\CODING\GitHub\FoundationPose\data\pallet\distractors\road\ph__WetFloorSign_01\textures\WetFloorSign_01_diff_1k.jpg,True,internal
G,road/ph__WetFloorSign_01/WetFloorSign_01_1k.gltf,image,textures/WetFloorSign_01_arm_1k.jpg,E:\CODING\GitHub\FoundationPose\data\pallet\distractors\road\ph__WetFloorSign_01\textures\WetFloorSign_01_arm_1k.jpg,True,internal
G,road/sf__bollard_01/bollard_01.glb,glb,self-contained binary (magic=b'glTF'),,True,internal
G,road/sf__construction_barrier_01/construction_barrier_01.glb,glb,self-contained binary (magic=b'glTF'),,True,internal
G,road/sf__construction_sign_01/construction_sign_01.glb,glb,self-contained binary (magic=b'glTF'),,True,internal
G,road/sf__no_parking_sign_01/no_parking_sign_01.glb,glb,self-contained binary (magic=b'glTF'),,True,internal
G,road/sf__traffic_barricade_01/traffic_barricade_01.glb,glb,self-contained binary (magic=b'glTF'),,True,internal
G,small/gso__3M_Vinyl_Tape_Green_1_x_36_yd/meshes/model.mtl,map_kd,../materials/textures/texture.png,E:\CODING\GitHub\FoundationPose\data\pallet\distractors\small\gso__3M_Vinyl_Tape_Green_1_x_36_yd\materials\textures\texture.png,True,internal
G,small/gso__3M_Vinyl_Tape_Green_1_x_36_yd/meshes/model.obj,mtllib,model.mtl,E:\CODING\GitHub\FoundationPose\data\pallet\distractors\small\gso__3M_Vinyl_Tape_Green_1_x_36_yd\meshes\model.mtl,True,internal
G,small/gso__Animal_Crossing_New_Leaf_Nintendo_3DS_Game/meshes/model.mtl,map_kd,../materials/textures/texture.png,E:\CODING\GitHub\FoundationPose\data\pallet\distractors\small\gso__Animal_Crossing_New_Leaf_Nintendo_3DS_Game\materials\textures\texture.png,True,internal
G,small/gso__Animal_Crossing_New_Leaf_Nintendo_3DS_Game/meshes/model.obj,mtllib,model.mtl,E:\CODING\GitHub\FoundationPose\data\pallet\distractors\small\gso__Animal_Crossing_New_Leaf_Nintendo_3DS_Game\meshes\model.mtl,True,internal
G,small/gso__Asus_Z97AR_LGA_1150_Intel_ATX_Motherboard/meshes/model.mtl,map_kd,../materials/textures/texture.png,E:\CODING\GitHub\FoundationPose\data\pallet\distractors\small\gso__Asus_Z97AR_LGA_1150_Intel_ATX_Motherboard\materials\textures\texture.png,True,internal
G,small/gso__Asus_Z97AR_LGA_1150_Intel_ATX_Motherboard/meshes/model.obj,mtllib,model.mtl,E:\CODING\GitHub\FoundationPose\data\pallet\distractors\small\gso__Asus_Z97AR_LGA_1150_Intel_ATX_Motherboard\meshes\model.mtl,True,internal
G,small/gso__Balderdash_Game/meshes/model.mtl,map_kd,../materials/textures/texture.png,E:\CODING\GitHub\FoundationPose\data\pallet\distractors\small\gso__Balderdash_Game\materials\textures\texture.png,True,internal
G,small/gso__Balderdash_Game/meshes/model.obj,mtllib,model.mtl,E:\CODING\GitHub\FoundationPose\data\pallet\distractors\small\gso__Balderdash_Game\meshes\model.mtl,True,internal
G,small/gso__Blue_Jasmine_Includes_Digital_Copy_UltraViolet_DVD/meshes/model.mtl,map_kd,../materials/textures/texture.png,E:\CODING\GitHub\FoundationPose\data\pallet\distractors\small\gso__Blue_Jasmine_Includes_Digital_Copy_UltraViolet_DVD\materials\textures\texture.png,True,internal
G,small/gso__Blue_Jasmine_Includes_Digital_Copy_UltraViolet_DVD/meshes/model.obj,mtllib,model.mtl,E:\CODING\GitHub\FoundationPose\data\pallet\distractors\small\gso__Blue_Jasmine_Includes_Digital_Copy_UltraViolet_DVD\meshes\model.mtl,True,internal
G,small/gso__Brother_Ink_Cartridge_Magenta_LC75M/meshes/model.mtl,map_kd,../materials/textures/texture.png,E:\CODING\GitHub\FoundationPose\data\pallet\distractors\small\gso__Brother_Ink_Cartridge_Magenta_LC75M\materials\textures\texture.png,True,internal
G,small/gso__Brother_Ink_Cartridge_Magenta_LC75M/meshes/model.obj,mtllib,model.mtl,E:\CODING\GitHub\FoundationPose\data\pallet\distractors\small\gso__Brother_Ink_Cartridge_Magenta_LC75M\meshes\model.mtl,True,internal
G,small/gso__Canon_Pixma_Ink_Cartridge_251_M/meshes/model.mtl,map_kd,../materials/textures/texture.png,E:\CODING\GitHub\FoundationPose\data\pallet\distractors\small\gso__Canon_Pixma_Ink_Cartridge_251_M\materials\textures\texture.png,True,internal
G,small/gso__Canon_Pixma_Ink_Cartridge_251_M/meshes/model.obj,mtllib,model.mtl,E:\CODING\GitHub\FoundationPose\data\pallet\distractors\small\gso__Canon_Pixma_Ink_Cartridge_251_M\meshes\model.mtl,True,internal
G,small/gso__Clorox_Premium_Choice_Gloves_SM_1_pair/meshes/model.mtl,map_kd,../materials/textures/texture.png,E:\CODING\GitHub\FoundationPose\data\pallet\distractors\small\gso__Clorox_Premium_Choice_Gloves_SM_1_pair\materials\textures\texture.png,True,internal
G,small/gso__Clorox_Premium_Choice_Gloves_SM_1_pair/meshes/model.obj,mtllib,model.mtl,E:\CODING\GitHub\FoundationPose\data\pallet\distractors\small\gso__Clorox_Premium_Choice_Gloves_SM_1_pair\meshes\model.mtl,True,internal
G,small/gso__Clue_Board_Game_Classic_Edition/meshes/model.mtl,map_kd,../materials/textures/texture.png,E:\CODING\GitHub\FoundationPose\data\pallet\distractors\small\gso__Clue_Board_Game_Classic_Edition\materials\textures\texture.png,True,internal
G,small/gso__Clue_Board_Game_Classic_Edition/meshes/model.obj,mtllib,model.mtl,E:\CODING\GitHub\FoundationPose\data\pallet\distractors\small\gso__Clue_Board_Game_Classic_Edition\meshes\model.mtl,True,internal
G,small/gso__Cole_Hardware_Hammer_Black/meshes/model.mtl,map_kd,../materials/textures/texture.png,E:\CODING\GitHub\FoundationPose\data\pallet\distractors\small\gso__Cole_Hardware_Hammer_Black\materials\textures\texture.png,True,internal
G,small/gso__Cole_Hardware_Hammer_Black/meshes/model.obj,mtllib,model.mtl,E:\CODING\GitHub\FoundationPose\data\pallet\distractors\small\gso__Cole_Hardware_Hammer_Black\meshes\model.mtl,True,internal
G,small/gso__CoQ10/meshes/model.mtl,map_kd,../materials/textures/texture.png,E:\CODING\GitHub\FoundationPose\data\pallet\distractors\small\gso__CoQ10\materials\textures\texture.png,True,internal
G,small/gso__CoQ10/meshes/model.obj,mtllib,model.mtl,E:\CODING\GitHub\FoundationPose\data\pallet\distractors\small\gso__CoQ10\meshes\model.mtl,True,internal
G,small/gso__Craftsman_Grip_Screwdriver_Phillips_Cushion/meshes/model.mtl,map_kd,../materials/textures/texture.png,E:\CODING\GitHub\FoundationPose\data\pallet\distractors\small\gso__Craftsman_Grip_Screwdriver_Phillips_Cushion\materials\textures\texture.png,True,internal
G,small/gso__Craftsman_Grip_Screwdriver_Phillips_Cushion/meshes/model.obj,mtllib,model.mtl,E:\CODING\GitHub\FoundationPose\data\pallet\distractors\small\gso__Craftsman_Grip_Screwdriver_Phillips_Cushion\meshes\model.mtl,True,internal
G,small/gso__Crayola_Crayons_24_count/meshes/model.mtl,map_kd,../materials/textures/texture.png,E:\CODING\GitHub\FoundationPose\data\pallet\distractors\small\gso__Crayola_Crayons_24_count\materials\textures\texture.png,True,internal
G,small/gso__Crayola_Crayons_24_count/meshes/model.obj,mtllib,model.mtl,E:\CODING\GitHub\FoundationPose\data\pallet\distractors\small\gso__Crayola_Crayons_24_count\meshes\model.mtl,True,internal
G,small/gso__Crayola_Washable_Sidewalk_Chalk_16_pack/meshes/model.mtl,map_kd,../materials/textures/texture.png,E:\CODING\GitHub\FoundationPose\data\pallet\distractors\small\gso__Crayola_Washable_Sidewalk_Chalk_16_pack\materials\textures\texture.png,True,internal
G,small/gso__Crayola_Washable_Sidewalk_Chalk_16_pack/meshes/model.obj,mtllib,model.mtl,E:\CODING\GitHub\FoundationPose\data\pallet\distractors\small\gso__Crayola_Washable_Sidewalk_Chalk_16_pack\meshes\model.mtl,True,internal
G,small/gso__Creatine_Monohydrate/meshes/model.mtl,map_kd,../materials/textures/texture.png,E:\CODING\GitHub\FoundationPose\data\pallet\distractors\small\gso__Creatine_Monohydrate\materials\textures\texture.png,True,internal
G,small/gso__Creatine_Monohydrate/meshes/model.obj,mtllib,model.mtl,E:\CODING\GitHub\FoundationPose\data\pallet\distractors\small\gso__Creatine_Monohydrate\meshes\model.mtl,True,internal
G,small/gso__Crosley_Alarm_Clock_Vintage_Metal/meshes/model.mtl,map_kd,../materials/textures/texture.png,E:\CODING\GitHub\FoundationPose\data\pallet\distractors\small\gso__Crosley_Alarm_Clock_Vintage_Metal\materials\textures\texture.png,True,internal
G,small/gso__Crosley_Alarm_Clock_Vintage_Metal/meshes/model.obj,mtllib,model.mtl,E:\CODING\GitHub\FoundationPose\data\pallet\distractors\small\gso__Crosley_Alarm_Clock_Vintage_Metal\meshes\model.mtl,True,internal
G,small/gso__Crunch_Girl_Scouts_Candy_Bars_Peanut_Butter_Creme_78_oz_box/meshes/model.mtl,map_kd,../materials/textures/texture.png,E:\CODING\GitHub\FoundationPose\data\pallet\distractors\small\gso__Crunch_Girl_Scouts_Candy_Bars_Peanut_Butter_Creme_78_oz_box\materials\textures\texture.png,True,internal
G,small/gso__Crunch_Girl_Scouts_Candy_Bars_Peanut_Butter_Creme_78_oz_box/meshes/model.obj,mtllib,model.mtl,E:\CODING\GitHub\FoundationPose\data\pallet\distractors\small\gso__Crunch_Girl_Scouts_Candy_Bars_Peanut_Butter_Creme_78_oz_box\meshes\model.mtl,True,internal
G,small/gso__Diet_Pepsi_Soda_Cola12_Pack_12_oz_Cans/meshes/model.mtl,map_kd,../materials/textures/texture.png,E:\CODING\GitHub\FoundationPose\data\pallet\distractors\small\gso__Diet_Pepsi_Soda_Cola12_Pack_12_oz_Cans\materials\textures\texture.png,True,internal
G,small/gso__Diet_Pepsi_Soda_Cola12_Pack_12_oz_Cans/meshes/model.obj,mtllib,model.mtl,E:\CODING\GitHub\FoundationPose\data\pallet\distractors\small\gso__Diet_Pepsi_Soda_Cola12_Pack_12_oz_Cans\meshes\model.mtl,True,internal
G,small/gso__Digital_Camo_Double_Decker_Lunch_Bag/meshes/model.mtl,map_kd,../materials/textures/texture.png,E:\CODING\GitHub\FoundationPose\data\pallet\distractors\small\gso__Digital_Camo_Double_Decker_Lunch_Bag\materials\textures\texture.png,True,internal
G,small/gso__Digital_Camo_Double_Decker_Lunch_Bag/meshes/model.obj,mtllib,model.mtl,E:\CODING\GitHub\FoundationPose\data\pallet\distractors\small\gso__Digital_Camo_Double_Decker_Lunch_Bag\meshes\model.mtl,True,internal
G,small/gso__Don_Franciscos_Gourmet_Coffee_Medium_Decaf_100_Colombian_12_oz_340_g/meshes/model.mtl,map_kd,../materials/textures/texture.png,E:\CODING\GitHub\FoundationPose\data\pallet\distractors\small\gso__Don_Franciscos_Gourmet_Coffee_Medium_Decaf_100_Colombian_12_oz_340_g\materials\textures\texture.png,True,internal
G,small/gso__Don_Franciscos_Gourmet_Coffee_Medium_Decaf_100_Colombian_12_oz_340_g/meshes/model.obj,mtllib,model.mtl,E:\CODING\GitHub\FoundationPose\data\pallet\distractors\small\gso__Don_Franciscos_Gourmet_Coffee_Medium_Decaf_100_Colombian_12_oz_340_g\meshes\model.mtl,True,internal
G,small/gso__DPC_Handmade_Hat_Brown/meshes/model.mtl,map_kd,../materials/textures/texture.png,E:\CODING\GitHub\FoundationPose\data\pallet\distractors\small\gso__DPC_Handmade_Hat_Brown\materials\textures\texture.png,True,internal
G,small/gso__DPC_Handmade_Hat_Brown/meshes/model.obj,mtllib,model.mtl,E:\CODING\GitHub\FoundationPose\data\pallet\distractors\small\gso__DPC_Handmade_Hat_Brown\meshes\model.mtl,True,internal
G,small/gso__DPC_Thinsulate_Isolate_Gloves_Brown/meshes/model.mtl,map_kd,../materials/textures/texture.png,E:\CODING\GitHub\FoundationPose\data\pallet\distractors\small\gso__DPC_Thinsulate_Isolate_Gloves_Brown\materials\textures\texture.png,True,internal
G,small/gso__DPC_Thinsulate_Isolate_Gloves_Brown/meshes/model.obj,mtllib,model.mtl,E:\CODING\GitHub\FoundationPose\data\pallet\distractors\small\gso__DPC_Thinsulate_Isolate_Gloves_Brown\meshes\model.mtl,True,internal
G,small/gso__DPC_tropical_Trends_Hat/meshes/model.mtl,map_kd,../materials/textures/texture.png,E:\CODING\GitHub\FoundationPose\data\pallet\distractors\small\gso__DPC_tropical_Trends_Hat\materials\textures\texture.png,True,internal
G,small/gso__DPC_tropical_Trends_Hat/meshes/model.obj,mtllib,model.mtl,E:\CODING\GitHub\FoundationPose\data\pallet\distractors\small\gso__DPC_tropical_Trends_Hat\meshes\model.mtl,True,internal
G,small/gso__Epson_273XL_Ink_Cartridge_Magenta/meshes/model.mtl,map_kd,../materials/textures/texture.png,E:\CODING\GitHub\FoundationPose\data\pallet\distractors\small\gso__Epson_273XL_Ink_Cartridge_Magenta\materials\textures\texture.png,True,internal
G,small/gso__Epson_273XL_Ink_Cartridge_Magenta/meshes/model.obj,mtllib,model.mtl,E:\CODING\GitHub\FoundationPose\data\pallet\distractors\small\gso__Epson_273XL_Ink_Cartridge_Magenta\meshes\model.mtl,True,internal
G,small/gso__Fisher_price_Classic_Toys_Buzzy_Bee/meshes/model.mtl,map_kd,../materials/textures/texture.png,E:\CODING\GitHub\FoundationPose\data\pallet\distractors\small\gso__Fisher_price_Classic_Toys_Buzzy_Bee\materials\textures\texture.png,True,internal
G,small/gso__Fisher_price_Classic_Toys_Buzzy_Bee/meshes/model.obj,mtllib,model.mtl,E:\CODING\GitHub\FoundationPose\data\pallet\distractors\small\gso__Fisher_price_Classic_Toys_Buzzy_Bee\meshes\model.mtl,True,internal
G,small/gso__Folic_Acid/meshes/model.mtl,map_kd,../materials/textures/texture.png,E:\CODING\GitHub\FoundationPose\data\pallet\distractors\small\gso__Folic_Acid\materials\textures\texture.png,True,internal
G,small/gso__Folic_Acid/meshes/model.obj,mtllib,model.mtl,E:\CODING\GitHub\FoundationPose\data\pallet\distractors\small\gso__Folic_Acid\meshes\model.mtl,True,internal
G,small/gso__Fresca_Peach_Citrus_Sparkling_Flavored_Soda_12_PK/meshes/model.mtl,map_kd,../materials/textures/texture.png,E:\CODING\GitHub\FoundationPose\data\pallet\distractors\small\gso__Fresca_Peach_Citrus_Sparkling_Flavored_Soda_12_PK\materials\textures\texture.png,True,internal
G,small/gso__Fresca_Peach_Citrus_Sparkling_Flavored_Soda_12_PK/meshes/model.obj,mtllib,model.mtl,E:\CODING\GitHub\FoundationPose\data\pallet\distractors\small\gso__Fresca_Peach_Citrus_Sparkling_Flavored_Soda_12_PK\meshes\model.mtl,True,internal
G,small/gso__Frozen_Scrabble_Jr/meshes/model.mtl,map_kd,../materials/textures/texture.png,E:\CODING\GitHub\FoundationPose\data\pallet\distractors\small\gso__Frozen_Scrabble_Jr\materials\textures\texture.png,True,internal
G,small/gso__Frozen_Scrabble_Jr/meshes/model.obj,mtllib,model.mtl,E:\CODING\GitHub\FoundationPose\data\pallet\distractors\small\gso__Frozen_Scrabble_Jr\meshes\model.mtl,True,internal
G,small/gso__Gigabyte_GA78LMTUSB3_50_Motherboard_Micro_ATX_Socket_AM3/meshes/model.mtl,map_kd,../materials/textures/texture.png,E:\CODING\GitHub\FoundationPose\data\pallet\distractors\small\gso__Gigabyte_GA78LMTUSB3_50_Motherboard_Micro_ATX_Socket_AM3\materials\textures\texture.png,True,internal
G,small/gso__Gigabyte_GA78LMTUSB3_50_Motherboard_Micro_ATX_Socket_AM3/meshes/model.obj,mtllib,model.mtl,E:\CODING\GitHub\FoundationPose\data\pallet\distractors\small\gso__Gigabyte_GA78LMTUSB3_50_Motherboard_Micro_ATX_Socket_AM3\meshes\model.mtl,True,internal
G,small/gso__Google_Cardboard_Original_package/meshes/model.mtl,map_kd,../materials/textures/texture.png,E:\CODING\GitHub\FoundationPose\data\pallet\distractors\small\gso__Google_Cardboard_Original_package\materials\textures\texture.png,True,internal
G,small/gso__Google_Cardboard_Original_package/meshes/model.obj,mtllib,model.mtl,E:\CODING\GitHub\FoundationPose\data\pallet\distractors\small\gso__Google_Cardboard_Original_package\meshes\model.mtl,True,internal
G,small/gso__Hasbro_Monopoly_Hotels_Game/meshes/model.mtl,map_kd,../materials/textures/texture.png,E:\CODING\GitHub\FoundationPose\data\pallet\distractors\small\gso__Hasbro_Monopoly_Hotels_Game\materials\textures\texture.png,True,internal
G,small/gso__Hasbro_Monopoly_Hotels_Game/meshes/model.obj,mtllib,model.mtl,E:\CODING\GitHub\FoundationPose\data\pallet\distractors\small\gso__Hasbro_Monopoly_Hotels_Game\meshes\model.mtl,True,internal
G,small/gso__Hasbro_Trivial_Pursuit_Family_Edition_Game/meshes/model.mtl,map_kd,../materials/textures/texture.png,E:\CODING\GitHub\FoundationPose\data\pallet\distractors\small\gso__Hasbro_Trivial_Pursuit_Family_Edition_Game\materials\textures\texture.png,True,internal
G,small/gso__Hasbro_Trivial_Pursuit_Family_Edition_Game/meshes/model.obj,mtllib,model.mtl,E:\CODING\GitHub\FoundationPose\data\pallet\distractors\small\gso__Hasbro_Trivial_Pursuit_Family_Edition_Game\meshes\model.mtl,True,internal
G,small/gso__HeavyDuty_Flashlight/meshes/model.mtl,map_kd,../materials/textures/texture.png,E:\CODING\GitHub\FoundationPose\data\pallet\distractors\small\gso__HeavyDuty_Flashlight\materials\textures\texture.png,True,internal
G,small/gso__HeavyDuty_Flashlight/meshes/model.obj,mtllib,model.mtl,E:\CODING\GitHub\FoundationPose\data\pallet\distractors\small\gso__HeavyDuty_Flashlight\meshes\model.mtl,True,internal
G,small/gso__House_of_Cards_The_Complete_First_Season_4_Discs_DVD/meshes/model.mtl,map_kd,../materials/textures/texture.png,E:\CODING\GitHub\FoundationPose\data\pallet\distractors\small\gso__House_of_Cards_The_Complete_First_Season_4_Discs_DVD\materials\textures\texture.png,True,internal
G,small/gso__House_of_Cards_The_Complete_First_Season_4_Discs_DVD/meshes/model.obj,mtllib,model.mtl,E:\CODING\GitHub\FoundationPose\data\pallet\distractors\small\gso__House_of_Cards_The_Complete_First_Season_4_Discs_DVD\meshes\model.mtl,True,internal
G,small/gso__Hyaluronic_Acid/meshes/model.mtl,map_kd,../materials/textures/texture.png,E:\CODING\GitHub\FoundationPose\data\pallet\distractors\small\gso__Hyaluronic_Acid\materials\textures\texture.png,True,internal
G,small/gso__Hyaluronic_Acid/meshes/model.obj,mtllib,model.mtl,E:\CODING\GitHub\FoundationPose\data\pallet\distractors\small\gso__Hyaluronic_Acid\meshes\model.mtl,True,internal
G,small/gso__HyperX_Cloud_II_Headset_Red/meshes/model.mtl,map_kd,../materials/textures/texture.png,E:\CODING\GitHub\FoundationPose\data\pallet\distractors\small\gso__HyperX_Cloud_II_Headset_Red\materials\textures\texture.png,True,internal
G,small/gso__HyperX_Cloud_II_Headset_Red/meshes/model.obj,mtllib,model.mtl,E:\CODING\GitHub\FoundationPose\data\pallet\distractors\small\gso__HyperX_Cloud_II_Headset_Red\meshes\model.mtl,True,internal
G,small/gso__Jansport_School_Backpack_Blue_Streak/meshes/model.mtl,map_kd,../materials/textures/texture.png,E:\CODING\GitHub\FoundationPose\data\pallet\distractors\small\gso__Jansport_School_Backpack_Blue_Streak\materials\textures\texture.png,True,internal
G,small/gso__Jansport_School_Backpack_Blue_Streak/meshes/model.obj,mtllib,model.mtl,E:\CODING\GitHub\FoundationPose\data\pallet\distractors\small\gso__Jansport_School_Backpack_Blue_Streak\meshes\model.mtl,True,internal
G,small/gso__JBL_Charge_Speaker_portable_wireless_wired_Green/meshes/model.mtl,map_kd,../materials/textures/texture.png,E:\CODING\GitHub\FoundationPose\data\pallet\distractors\small\gso__JBL_Charge_Speaker_portable_wireless_wired_Green\materials\textures\texture.png,True,internal
G,small/gso__JBL_Charge_Speaker_portable_wireless_wired_Green/meshes/model.obj,mtllib,model.mtl,E:\CODING\GitHub\FoundationPose\data\pallet\distractors\small\gso__JBL_Charge_Speaker_portable_wireless_wired_Green\meshes\model.mtl,True,internal
G,small/gso__Justified_The_Complete_Fourth_Season_3_Discs_DVD/meshes/model.mtl,map_kd,../materials/textures/texture.png,E:\CODING\GitHub\FoundationPose\data\pallet\distractors\small\gso__Justified_The_Complete_Fourth_Season_3_Discs_DVD\materials\textures\texture.png,True,internal
G,small/gso__Justified_The_Complete_Fourth_Season_3_Discs_DVD/meshes/model.obj,mtllib,model.mtl,E:\CODING\GitHub\FoundationPose\data\pallet\distractors\small\gso__Justified_The_Complete_Fourth_Season_3_Discs_DVD\meshes\model.mtl,True,internal
G,small/gso__Kanex_MultiSync_Wireless_Keyboard/meshes/model.mtl,map_kd,../materials/textures/texture.png,E:\CODING\GitHub\FoundationPose\data\pallet\distractors\small\gso__Kanex_MultiSync_Wireless_Keyboard\materials\textures\texture.png,True,internal
G,small/gso__Kanex_MultiSync_Wireless_Keyboard/meshes/model.obj,mtllib,model.mtl,E:\CODING\GitHub\FoundationPose\data\pallet\distractors\small\gso__Kanex_MultiSync_Wireless_Keyboard\meshes\model.mtl,True,internal
G,small/gso__KS_Chocolate_Cube_Box_Assortment_By_Neuhaus_2010_Ounces/meshes/model.mtl,map_kd,../materials/textures/texture.png,E:\CODING\GitHub\FoundationPose\data\pallet\distractors\small\gso__KS_Chocolate_Cube_Box_Assortment_By_Neuhaus_2010_Ounces\materials\textures\texture.png,True,internal
G,small/gso__KS_Chocolate_Cube_Box_Assortment_By_Neuhaus_2010_Ounces/meshes/model.obj,mtllib,model.mtl,E:\CODING\GitHub\FoundationPose\data\pallet\distractors\small\gso__KS_Chocolate_Cube_Box_Assortment_By_Neuhaus_2010_Ounces\meshes\model.mtl,True,internal
G,small/gso__LEGO_Bricks_More_Creative_Suitcase/meshes/model.mtl,map_kd,../materials/textures/texture.png,E:\CODING\GitHub\FoundationPose\data\pallet\distractors\small\gso__LEGO_Bricks_More_Creative_Suitcase\materials\textures\texture.png,True,internal
G,small/gso__LEGO_Bricks_More_Creative_Suitcase/meshes/model.obj,mtllib,model.mtl,E:\CODING\GitHub\FoundationPose\data\pallet\distractors\small\gso__LEGO_Bricks_More_Creative_Suitcase\meshes\model.mtl,True,internal
G,small/gso__LEGO_City_Advent_Calendar/meshes/model.mtl,map_kd,../materials/textures/texture.png,E:\CODING\GitHub\FoundationPose\data\pallet\distractors\small\gso__LEGO_City_Advent_Calendar\materials\textures\texture.png,True,internal
G,small/gso__LEGO_City_Advent_Calendar/meshes/model.obj,mtllib,model.mtl,E:\CODING\GitHub\FoundationPose\data\pallet\distractors\small\gso__LEGO_City_Advent_Calendar\meshes\model.mtl,True,internal
G,small/gso__LEGO_Duplo_Build_and_Play_Box_4629/meshes/model.mtl,map_kd,../materials/textures/texture.png,E:\CODING\GitHub\FoundationPose\data\pallet\distractors\small\gso__LEGO_Duplo_Build_and_Play_Box_4629\materials\textures\texture.png,True,internal
G,small/gso__LEGO_Duplo_Build_and_Play_Box_4629/meshes/model.obj,mtllib,model.mtl,E:\CODING\GitHub\FoundationPose\data\pallet\distractors\small\gso__LEGO_Duplo_Build_and_Play_Box_4629\meshes\model.mtl,True,internal
G,small/gso__LEGO_Star_Wars_Advent_Calendar/meshes/model.mtl,map_kd,../materials/textures/texture.png,E:\CODING\GitHub\FoundationPose\data\pallet\distractors\small\gso__LEGO_Star_Wars_Advent_Calendar\materials\textures\texture.png,True,internal
G,small/gso__LEGO_Star_Wars_Advent_Calendar/meshes/model.obj,mtllib,model.mtl,E:\CODING\GitHub\FoundationPose\data\pallet\distractors\small\gso__LEGO_Star_Wars_Advent_Calendar\meshes\model.mtl,True,internal
G,small/gso__Little_Debbie_Chocolate_Cupcakes_8_ct/meshes/model.mtl,map_kd,../materials/textures/texture.png,E:\CODING\GitHub\FoundationPose\data\pallet\distractors\small\gso__Little_Debbie_Chocolate_Cupcakes_8_ct\materials\textures\texture.png,True,internal
G,small/gso__Little_Debbie_Chocolate_Cupcakes_8_ct/meshes/model.obj,mtllib,model.mtl,E:\CODING\GitHub\FoundationPose\data\pallet\distractors\small\gso__Little_Debbie_Chocolate_Cupcakes_8_ct\meshes\model.mtl,True,internal
G,small/gso__Little_Debbie_Cloud_Cakes_10_ct/meshes/model.mtl,map_kd,../materials/textures/texture.png,E:\CODING\GitHub\FoundationPose\data\pallet\distractors\small\gso__Little_Debbie_Cloud_Cakes_10_ct\materials\textures\texture.png,True,internal
G,small/gso__Little_Debbie_Cloud_Cakes_10_ct/meshes/model.obj,mtllib,model.mtl,E:\CODING\GitHub\FoundationPose\data\pallet\distractors\small\gso__Little_Debbie_Cloud_Cakes_10_ct\meshes\model.mtl,True,internal
G,small/gso__Little_Debbie_Donut_Sticks_6_cake_donuts_10_oz_total/meshes/model.mtl,map_kd,../materials/textures/texture.png,E:\CODING\GitHub\FoundationPose\data\pallet\distractors\small\gso__Little_Debbie_Donut_Sticks_6_cake_donuts_10_oz_total\materials\textures\texture.png,True,internal
G,small/gso__Little_Debbie_Donut_Sticks_6_cake_donuts_10_oz_total/meshes/model.obj,mtllib,model.mtl,E:\CODING\GitHub\FoundationPose\data\pallet\distractors\small\gso__Little_Debbie_Donut_Sticks_6_cake_donuts_10_oz_total\meshes\model.mtl,True,internal
G,small/gso__Mario_Party_9_Wii_Game/meshes/model.mtl,map_kd,../materials/textures/texture.png,E:\CODING\GitHub\FoundationPose\data\pallet\distractors\small\gso__Mario_Party_9_Wii_Game\materials\textures\texture.png,True,internal
G,small/gso__Mario_Party_9_Wii_Game/meshes/model.obj,mtllib,model.mtl,E:\CODING\GitHub\FoundationPose\data\pallet\distractors\small\gso__Mario_Party_9_Wii_Game\meshes\model.mtl,True,internal
G,small/gso__Markings_Letter_Holder/meshes/model.mtl,map_kd,../materials/textures/texture.png,E:\CODING\GitHub\FoundationPose\data\pallet\distractors\small\gso__Markings_Letter_Holder\materials\textures\texture.png,True,internal
G,small/gso__Markings_Letter_Holder/meshes/model.obj,mtllib,model.mtl,E:\CODING\GitHub\FoundationPose\data\pallet\distractors\small\gso__Markings_Letter_Holder\meshes\model.mtl,True,internal
G,small/gso__Mastic_Gum/meshes/model.mtl,map_kd,../materials/textures/texture.png,E:\CODING\GitHub\FoundationPose\data\pallet\distractors\small\gso__Mastic_Gum\materials\textures\texture.png,True,internal
G,small/gso__Mastic_Gum/meshes/model.obj,mtllib,model.mtl,E:\CODING\GitHub\FoundationPose\data\pallet\distractors\small\gso__Mastic_Gum\meshes\model.mtl,True,internal
G,small/gso__Mens_Striper_Sneaker_in_White_rnp8HUli59Y/meshes/model.mtl,map_kd,../materials/textures/texture.png,E:\CODING\GitHub\FoundationPose\data\pallet\distractors\small\gso__Mens_Striper_Sneaker_in_White_rnp8HUli59Y\materials\textures\texture.png,True,internal
G,small/gso__Mens_Striper_Sneaker_in_White_rnp8HUli59Y/meshes/model.obj,mtllib,model.mtl,E:\CODING\GitHub\FoundationPose\data\pallet\distractors\small\gso__Mens_Striper_Sneaker_in_White_rnp8HUli59Y\meshes\model.mtl,True,internal
G,small/gso__My_Monopoly_Board_Game/meshes/model.mtl,map_kd,../materials/textures/texture.png,E:\CODING\GitHub\FoundationPose\data\pallet\distractors\small\gso__My_Monopoly_Board_Game\materials\textures\texture.png,True,internal
G,small/gso__My_Monopoly_Board_Game/meshes/model.obj,mtllib,model.mtl,E:\CODING\GitHub\FoundationPose\data\pallet\distractors\small\gso__My_Monopoly_Board_Game\meshes\model.mtl,True,internal
G,small/gso__Nescafe_Tasters_Choice_Instant_Coffee_Decaf_House_Blend_Light_7_oz/meshes/model.mtl,map_kd,../materials/textures/texture.png,E:\CODING\GitHub\FoundationPose\data\pallet\distractors\small\gso__Nescafe_Tasters_Choice_Instant_Coffee_Decaf_House_Blend_Light_7_oz\materials\textures\texture.png,True,internal
G,small/gso__Nescafe_Tasters_Choice_Instant_Coffee_Decaf_House_Blend_Light_7_oz/meshes/model.obj,mtllib,model.mtl,E:\CODING\GitHub\FoundationPose\data\pallet\distractors\small\gso__Nescafe_Tasters_Choice_Instant_Coffee_Decaf_House_Blend_Light_7_oz\meshes\model.mtl,True,internal
G,small/gso__Nestle_Carnation_Cinnamon_Coffeecake_Kit_1913OZ/meshes/model.mtl,map_kd,../materials/textures/texture.png,E:\CODING\GitHub\FoundationPose\data\pallet\distractors\small\gso__Nestle_Carnation_Cinnamon_Coffeecake_Kit_1913OZ\materials\textures\texture.png,True,internal
G,small/gso__Nestle_Carnation_Cinnamon_Coffeecake_Kit_1913OZ/meshes/model.obj,mtllib,model.mtl,E:\CODING\GitHub\FoundationPose\data\pallet\distractors\small\gso__Nestle_Carnation_Cinnamon_Coffeecake_Kit_1913OZ\meshes\model.mtl,True,internal
G,small/gso__Nestle_Nesquik_Chocolate_Powder_Flavored_Milk_Additive_109_Oz_Canister/meshes/model.mtl,map_kd,../materials/textures/texture.png,E:\CODING\GitHub\FoundationPose\data\pallet\distractors\small\gso__Nestle_Nesquik_Chocolate_Powder_Flavored_Milk_Additive_109_Oz_Canister\materials\textures\texture.png,True,internal
G,small/gso__Nestle_Nesquik_Chocolate_Powder_Flavored_Milk_Additive_109_Oz_Canister/meshes/model.obj,mtllib,model.mtl,E:\CODING\GitHub\FoundationPose\data\pallet\distractors\small\gso__Nestle_Nesquik_Chocolate_Powder_Flavored_Milk_Additive_109_Oz_Canister\meshes\model.mtl,True,internal
G,small/gso__Netgear_N750_Wireless_Dual_Band_Gigabit_Router/meshes/model.mtl,map_kd,../materials/textures/texture.png,E:\CODING\GitHub\FoundationPose\data\pallet\distractors\small\gso__Netgear_N750_Wireless_Dual_Band_Gigabit_Router\materials\textures\texture.png,True,internal
G,small/gso__Netgear_N750_Wireless_Dual_Band_Gigabit_Router/meshes/model.obj,mtllib,model.mtl,E:\CODING\GitHub\FoundationPose\data\pallet\distractors\small\gso__Netgear_N750_Wireless_Dual_Band_Gigabit_Router\meshes\model.mtl,True,internal
G,small/gso__New_Super_Mario_BrosWii_Wii_Game/meshes/model.mtl,map_kd,../materials/textures/texture.png,E:\CODING\GitHub\FoundationPose\data\pallet\distractors\small\gso__New_Super_Mario_BrosWii_Wii_Game\materials\textures\texture.png,True,internal
G,small/gso__New_Super_Mario_BrosWii_Wii_Game/meshes/model.obj,mtllib,model.mtl,E:\CODING\GitHub\FoundationPose\data\pallet\distractors\small\gso__New_Super_Mario_BrosWii_Wii_Game\meshes\model.mtl,True,internal
G,small/gso__Nikon_1_AW1_w11275mm_Lens_Silver/meshes/model.mtl,map_kd,../materials/textures/texture.png,E:\CODING\GitHub\FoundationPose\data\pallet\distractors\small\gso__Nikon_1_AW1_w11275mm_Lens_Silver\materials\textures\texture.png,True,internal
G,small/gso__Nikon_1_AW1_w11275mm_Lens_Silver/meshes/model.obj,mtllib,model.mtl,E:\CODING\GitHub\FoundationPose\data\pallet\distractors\small\gso__Nikon_1_AW1_w11275mm_Lens_Silver\meshes\model.mtl,True,internal
G,small/gso__Nintendo_Wii_Party_U_with_Controller_Wii_U_Game/meshes/model.mtl,map_kd,../materials/textures/texture.png,E:\CODING\GitHub\FoundationPose\data\pallet\distractors\small\gso__Nintendo_Wii_Party_U_with_Controller_Wii_U_Game\materials\textures\texture.png,True,internal
G,small/gso__Nintendo_Wii_Party_U_with_Controller_Wii_U_Game/meshes/model.obj,mtllib,model.mtl,E:\CODING\GitHub\FoundationPose\data\pallet\distractors\small\gso__Nintendo_Wii_Party_U_with_Controller_Wii_U_Game\meshes\model.mtl,True,internal
G,small/gso__Office_Depot_Canon_CLI_221BK_Ink_Cartridge_Black_2946B001/meshes/model.mtl,map_kd,../materials/textures/texture.png,E:\CODING\GitHub\FoundationPose\data\pallet\distractors\small\gso__Office_Depot_Canon_CLI_221BK_Ink_Cartridge_Black_2946B001\materials\textures\texture.png,True,internal
G,small/gso__Office_Depot_Canon_CLI_221BK_Ink_Cartridge_Black_2946B001/meshes/model.obj,mtllib,model.mtl,E:\CODING\GitHub\FoundationPose\data\pallet\distractors\small\gso__Office_Depot_Canon_CLI_221BK_Ink_Cartridge_Black_2946B001\meshes\model.mtl,True,internal
G,small/gso__Office_Depot_HP_564XL_Ink_Cartridge_Black_CN684WN/meshes/model.mtl,map_kd,../materials/textures/texture.png,E:\CODING\GitHub\FoundationPose\data\pallet\distractors\small\gso__Office_Depot_HP_564XL_Ink_Cartridge_Black_CN684WN\materials\textures\texture.png,True,internal
G,small/gso__Office_Depot_HP_564XL_Ink_Cartridge_Black_CN684WN/meshes/model.obj,mtllib,model.mtl,E:\CODING\GitHub\FoundationPose\data\pallet\distractors\small\gso__Office_Depot_HP_564XL_Ink_Cartridge_Black_CN684WN\meshes\model.mtl,True,internal
G,small/gso__Olive_Kids_Dinosaur_Land_Sidekick_Backpack/meshes/model.mtl,map_kd,../materials/textures/texture.png,E:\CODING\GitHub\FoundationPose\data\pallet\distractors\small\gso__Olive_Kids_Dinosaur_Land_Sidekick_Backpack\materials\textures\texture.png,True,internal
G,small/gso__Olive_Kids_Dinosaur_Land_Sidekick_Backpack/meshes/model.obj,mtllib,model.mtl,E:\CODING\GitHub\FoundationPose\data\pallet\distractors\small\gso__Olive_Kids_Dinosaur_Land_Sidekick_Backpack\meshes\model.mtl,True,internal
G,small/gso__Organic_Whey_Protein_Unflavored/meshes/model.mtl,map_kd,../materials/textures/texture.png,E:\CODING\GitHub\FoundationPose\data\pallet\distractors\small\gso__Organic_Whey_Protein_Unflavored\materials\textures\texture.png,True,internal
G,small/gso__Organic_Whey_Protein_Unflavored/meshes/model.obj,mtllib,model.mtl,E:\CODING\GitHub\FoundationPose\data\pallet\distractors\small\gso__Organic_Whey_Protein_Unflavored\meshes\model.mtl,True,internal
G,small/gso__Organic_Whey_Protein_Vanilla/meshes/model.mtl,map_kd,../materials/textures/texture.png,E:\CODING\GitHub\FoundationPose\data\pallet\distractors\small\gso__Organic_Whey_Protein_Vanilla\materials\textures\texture.png,True,internal
G,small/gso__Organic_Whey_Protein_Vanilla/meshes/model.obj,mtllib,model.mtl,E:\CODING\GitHub\FoundationPose\data\pallet\distractors\small\gso__Organic_Whey_Protein_Vanilla\meshes\model.mtl,True,internal
G,small/gso__OXO_Soft_Works_Can_Opener_SnapLock/meshes/model.mtl,map_kd,../materials/textures/texture.png,E:\CODING\GitHub\FoundationPose\data\pallet\distractors\small\gso__OXO_Soft_Works_Can_Opener_SnapLock\materials\textures\texture.png,True,internal
G,small/gso__OXO_Soft_Works_Can_Opener_SnapLock/meshes/model.obj,mtllib,model.mtl,E:\CODING\GitHub\FoundationPose\data\pallet\distractors\small\gso__OXO_Soft_Works_Can_Opener_SnapLock\meshes\model.mtl,True,internal
G,small/gso__Pass_The_Popcorn_Movie_Guessing_Game/meshes/model.mtl,map_kd,../materials/textures/texture.png,E:\CODING\GitHub\FoundationPose\data\pallet\distractors\small\gso__Pass_The_Popcorn_Movie_Guessing_Game\materials\textures\texture.png,True,internal
G,small/gso__Pass_The_Popcorn_Movie_Guessing_Game/meshes/model.obj,mtllib,model.mtl,E:\CODING\GitHub\FoundationPose\data\pallet\distractors\small\gso__Pass_The_Popcorn_Movie_Guessing_Game\meshes\model.mtl,True,internal
G,small/gso__Pepsi_Caffeine_Free_Diet_12_CT/meshes/model.mtl,map_kd,../materials/textures/texture.png,E:\CODING\GitHub\FoundationPose\data\pallet\distractors\small\gso__Pepsi_Caffeine_Free_Diet_12_CT\materials\textures\texture.png,True,internal
G,small/gso__Pepsi_Caffeine_Free_Diet_12_CT/meshes/model.obj,mtllib,model.mtl,E:\CODING\GitHub\FoundationPose\data\pallet\distractors\small\gso__Pepsi_Caffeine_Free_Diet_12_CT\meshes\model.mtl,True,internal
G,small/gso__Pony_C_Clamp_1440/meshes/model.mtl,map_kd,../materials/textures/texture.png,E:\CODING\GitHub\FoundationPose\data\pallet\distractors\small\gso__Pony_C_Clamp_1440\materials\textures\texture.png,True,internal
G,small/gso__Pony_C_Clamp_1440/meshes/model.obj,mtllib,model.mtl,E:\CODING\GitHub\FoundationPose\data\pallet\distractors\small\gso__Pony_C_Clamp_1440\meshes\model.mtl,True,internal
G,small/gso__Poppin_File_Sorter_Blue/meshes/model.mtl,map_kd,../materials/textures/texture.png,E:\CODING\GitHub\FoundationPose\data\pallet\distractors\small\gso__Poppin_File_Sorter_Blue\materials\textures\texture.png,True,internal
G,small/gso__Poppin_File_Sorter_Blue/meshes/model.obj,mtllib,model.mtl,E:\CODING\GitHub\FoundationPose\data\pallet\distractors\small\gso__Poppin_File_Sorter_Blue\meshes\model.mtl,True,internal
G,small/gso__Poppin_File_Sorter_White/meshes/model.mtl,map_kd,../materials/textures/texture.png,E:\CODING\GitHub\FoundationPose\data\pallet\distractors\small\gso__Poppin_File_Sorter_White\materials\textures\texture.png,True,internal
G,small/gso__Poppin_File_Sorter_White/meshes/model.obj,mtllib,model.mtl,E:\CODING\GitHub\FoundationPose\data\pallet\distractors\small\gso__Poppin_File_Sorter_White\meshes\model.mtl,True,internal
G,small/gso__Quercetin_500/meshes/model.mtl,map_kd,../materials/textures/texture.png,E:\CODING\GitHub\FoundationPose\data\pallet\distractors\small\gso__Quercetin_500\materials\textures\texture.png,True,internal
G,small/gso__Quercetin_500/meshes/model.obj,mtllib,model.mtl,E:\CODING\GitHub\FoundationPose\data\pallet\distractors\small\gso__Quercetin_500\meshes\model.mtl,True,internal
G,small/gso__Razer_Abyssus_Ambidextrous_Gaming_Mouse/meshes/model.mtl,map_kd,../materials/textures/texture.png,E:\CODING\GitHub\FoundationPose\data\pallet\distractors\small\gso__Razer_Abyssus_Ambidextrous_Gaming_Mouse\materials\textures\texture.png,True,internal
G,small/gso__Razer_Abyssus_Ambidextrous_Gaming_Mouse/meshes/model.obj,mtllib,model.mtl,E:\CODING\GitHub\FoundationPose\data\pallet\distractors\small\gso__Razer_Abyssus_Ambidextrous_Gaming_Mouse\meshes\model.mtl,True,internal
G,small/gso__Razer_Kraken_Pro_headset_Full_size_Black/meshes/model.mtl,map_kd,../materials/textures/texture.png,E:\CODING\GitHub\FoundationPose\data\pallet\distractors\small\gso__Razer_Kraken_Pro_headset_Full_size_Black\materials\textures\texture.png,True,internal
G,small/gso__Razer_Kraken_Pro_headset_Full_size_Black/meshes/model.obj,mtllib,model.mtl,E:\CODING\GitHub\FoundationPose\data\pallet\distractors\small\gso__Razer_Kraken_Pro_headset_Full_size_Black\meshes\model.mtl,True,internal
G,small/gso__Razer_Taipan_Black_Ambidextrous_Gaming_Mouse/meshes/model.mtl,map_kd,../materials/textures/texture.png,E:\CODING\GitHub\FoundationPose\data\pallet\distractors\small\gso__Razer_Taipan_Black_Ambidextrous_Gaming_Mouse\materials\textures\texture.png,True,internal
G,small/gso__Razer_Taipan_Black_Ambidextrous_Gaming_Mouse/meshes/model.obj,mtllib,model.mtl,E:\CODING\GitHub\FoundationPose\data\pallet\distractors\small\gso__Razer_Taipan_Black_Ambidextrous_Gaming_Mouse\meshes\model.mtl,True,internal
G,small/gso__ReadytoUse_Rolled_Fondant_Pure_White_24_oz_box/meshes/model.mtl,map_kd,../materials/textures/texture.png,E:\CODING\GitHub\FoundationPose\data\pallet\distractors\small\gso__ReadytoUse_Rolled_Fondant_Pure_White_24_oz_box\materials\textures\texture.png,True,internal
G,small/gso__ReadytoUse_Rolled_Fondant_Pure_White_24_oz_box/meshes/model.obj,mtllib,model.mtl,E:\CODING\GitHub\FoundationPose\data\pallet\distractors\small\gso__ReadytoUse_Rolled_Fondant_Pure_White_24_oz_box\meshes\model.mtl,True,internal
G,small/gso__Rexy_Glove_Heavy_Duty_Large/meshes/model.mtl,map_kd,../materials/textures/texture.png,E:\CODING\GitHub\FoundationPose\data\pallet\distractors\small\gso__Rexy_Glove_Heavy_Duty_Large\materials\textures\texture.png,True,internal
G,small/gso__Rexy_Glove_Heavy_Duty_Large/meshes/model.obj,mtllib,model.mtl,E:\CODING\GitHub\FoundationPose\data\pallet\distractors\small\gso__Rexy_Glove_Heavy_Duty_Large\meshes\model.mtl,True,internal
G,small/gso__Samsung_CLTC406S_Toner_Cartridge_Cyan_1pack/meshes/model.mtl,map_kd,../materials/textures/texture.png,E:\CODING\GitHub\FoundationPose\data\pallet\distractors\small\gso__Samsung_CLTC406S_Toner_Cartridge_Cyan_1pack\materials\textures\texture.png,True,internal
G,small/gso__Samsung_CLTC406S_Toner_Cartridge_Cyan_1pack/meshes/model.obj,mtllib,model.mtl,E:\CODING\GitHub\FoundationPose\data\pallet\distractors\small\gso__Samsung_CLTC406S_Toner_Cartridge_Cyan_1pack\meshes\model.mtl,True,internal
G,small/gso__Seagate_1TB_Backup_Plus_portable_drive_Blue/meshes/model.mtl,map_kd,../materials/textures/texture.png,E:\CODING\GitHub\FoundationPose\data\pallet\distractors\small\gso__Seagate_1TB_Backup_Plus_portable_drive_Blue\materials\textures\texture.png,True,internal
G,small/gso__Seagate_1TB_Backup_Plus_portable_drive_Blue/meshes/model.obj,mtllib,model.mtl,E:\CODING\GitHub\FoundationPose\data\pallet\distractors\small\gso__Seagate_1TB_Backup_Plus_portable_drive_Blue\meshes\model.mtl,True,internal
G,small/gso__Shurtape_Gaffers_Tape_Silver_2_x_60_yd/meshes/model.mtl,map_kd,../materials/textures/texture.png,E:\CODING\GitHub\FoundationPose\data\pallet\distractors\small\gso__Shurtape_Gaffers_Tape_Silver_2_x_60_yd\materials\textures\texture.png,True,internal
G,small/gso__Shurtape_Gaffers_Tape_Silver_2_x_60_yd/meshes/model.obj,mtllib,model.mtl,E:\CODING\GitHub\FoundationPose\data\pallet\distractors\small\gso__Shurtape_Gaffers_Tape_Silver_2_x_60_yd\meshes\model.mtl,True,internal
G,small/gso__Sonny_School_Bus/meshes/model.mtl,map_kd,../materials/textures/texture.png,E:\CODING\GitHub\FoundationPose\data\pallet\distractors\small\gso__Sonny_School_Bus\materials\textures\texture.png,True,internal
G,small/gso__Sonny_School_Bus/meshes/model.obj,mtllib,model.mtl,E:\CODING\GitHub\FoundationPose\data\pallet\distractors\small\gso__Sonny_School_Bus\meshes\model.mtl,True,internal
G,small/gso__Sorry_Sliders_Board_Game/meshes/model.mtl,map_kd,../materials/textures/texture.png,E:\CODING\GitHub\FoundationPose\data\pallet\distractors\small\gso__Sorry_Sliders_Board_Game\materials\textures\texture.png,True,internal
G,small/gso__Sorry_Sliders_Board_Game/meshes/model.obj,mtllib,model.mtl,E:\CODING\GitHub\FoundationPose\data\pallet\distractors\small\gso__Sorry_Sliders_Board_Game\meshes\model.mtl,True,internal
G,small/gso__Supernatural_Ouija_Board_Game/meshes/model.mtl,map_kd,../materials/textures/texture.png,E:\CODING\GitHub\FoundationPose\data\pallet\distractors\small\gso__Supernatural_Ouija_Board_Game\materials\textures\texture.png,True,internal
G,small/gso__Supernatural_Ouija_Board_Game/meshes/model.obj,mtllib,model.mtl,E:\CODING\GitHub\FoundationPose\data\pallet\distractors\small\gso__Supernatural_Ouija_Board_Game\meshes\model.mtl,True,internal
G,small/gso__Super_Mario_3D_World_Wii_U_Game/meshes/model.mtl,map_kd,../materials/textures/texture.png,E:\CODING\GitHub\FoundationPose\data\pallet\distractors\small\gso__Super_Mario_3D_World_Wii_U_Game\materials\textures\texture.png,True,internal
G,small/gso__Super_Mario_3D_World_Wii_U_Game/meshes/model.obj,mtllib,model.mtl,E:\CODING\GitHub\FoundationPose\data\pallet\distractors\small\gso__Super_Mario_3D_World_Wii_U_Game\meshes\model.mtl,True,internal
G,small/gso__Swiss_Miss_Hot_Cocoa_KCups_Milk_Chocolate_12_count/meshes/model.mtl,map_kd,../materials/textures/texture.png,E:\CODING\GitHub\FoundationPose\data\pallet\distractors\small\gso__Swiss_Miss_Hot_Cocoa_KCups_Milk_Chocolate_12_count\materials\textures\texture.png,True,internal
G,small/gso__Swiss_Miss_Hot_Cocoa_KCups_Milk_Chocolate_12_count/meshes/model.obj,mtllib,model.mtl,E:\CODING\GitHub\FoundationPose\data\pallet\distractors\small\gso__Swiss_Miss_Hot_Cocoa_KCups_Milk_Chocolate_12_count\meshes\model.mtl,True,internal
G,small/gso__Tetris_Link_Game/meshes/model.mtl,map_kd,../materials/textures/texture.png,E:\CODING\GitHub\FoundationPose\data\pallet\distractors\small\gso__Tetris_Link_Game\materials\textures\texture.png,True,internal
G,small/gso__Tetris_Link_Game/meshes/model.obj,mtllib,model.mtl,E:\CODING\GitHub\FoundationPose\data\pallet\distractors\small\gso__Tetris_Link_Game\meshes\model.mtl,True,internal
G,small/gso__Timberland_Mens_Earthkeepers_Newmarket_6Inch_Cupsole_Boot/meshes/model.mtl,map_kd,../materials/textures/texture.png,E:\CODING\GitHub\FoundationPose\data\pallet\distractors\small\gso__Timberland_Mens_Earthkeepers_Newmarket_6Inch_Cupsole_Boot\materials\textures\texture.png,True,internal
G,small/gso__Timberland_Mens_Earthkeepers_Newmarket_6Inch_Cupsole_Boot/meshes/model.obj,mtllib,model.mtl,E:\CODING\GitHub\FoundationPose\data\pallet\distractors\small\gso__Timberland_Mens_Earthkeepers_Newmarket_6Inch_Cupsole_Boot\meshes\model.mtl,True,internal
G,small/gso__Twinlab_100_Whey_Protein_Fuel_Chocolate/meshes/model.mtl,map_kd,../materials/textures/texture.png,E:\CODING\GitHub\FoundationPose\data\pallet\distractors\small\gso__Twinlab_100_Whey_Protein_Fuel_Chocolate\materials\textures\texture.png,True,internal
G,small/gso__Twinlab_100_Whey_Protein_Fuel_Chocolate/meshes/model.obj,mtllib,model.mtl,E:\CODING\GitHub\FoundationPose\data\pallet\distractors\small\gso__Twinlab_100_Whey_Protein_Fuel_Chocolate\meshes\model.mtl,True,internal
G,small/gso__Twinlab_100_Whey_Protein_Fuel_Vanilla/meshes/model.mtl,map_kd,../materials/textures/texture.png,E:\CODING\GitHub\FoundationPose\data\pallet\distractors\small\gso__Twinlab_100_Whey_Protein_Fuel_Vanilla\materials\textures\texture.png,True,internal
G,small/gso__Twinlab_100_Whey_Protein_Fuel_Vanilla/meshes/model.obj,mtllib,model.mtl,E:\CODING\GitHub\FoundationPose\data\pallet\distractors\small\gso__Twinlab_100_Whey_Protein_Fuel_Vanilla\meshes\model.mtl,True,internal
G,small/gso__UGG_Classic_Tall_Womens_Boots_Chestnut_7/meshes/model.mtl,map_kd,../materials/textures/texture.png,E:\CODING\GitHub\FoundationPose\data\pallet\distractors\small\gso__UGG_Classic_Tall_Womens_Boots_Chestnut_7\materials\textures\texture.png,True,internal
G,small/gso__UGG_Classic_Tall_Womens_Boots_Chestnut_7/meshes/model.obj,mtllib,model.mtl,E:\CODING\GitHub\FoundationPose\data\pallet\distractors\small\gso__UGG_Classic_Tall_Womens_Boots_Chestnut_7\meshes\model.mtl,True,internal
G,small/gso__US_Army_Stash_Lunch_Bag/meshes/model.mtl,map_kd,../materials/textures/texture.png,E:\CODING\GitHub\FoundationPose\data\pallet\distractors\small\gso__US_Army_Stash_Lunch_Bag\materials\textures\texture.png,True,internal
G,small/gso__US_Army_Stash_Lunch_Bag/meshes/model.obj,mtllib,model.mtl,E:\CODING\GitHub\FoundationPose\data\pallet\distractors\small\gso__US_Army_Stash_Lunch_Bag\meshes\model.mtl,True,internal
G,small/gso__U_By_Kotex_Sleek_Regular_Unscented_Tampons_36_Ct_Box/meshes/model.mtl,map_kd,../materials/textures/texture.png,E:\CODING\GitHub\FoundationPose\data\pallet\distractors\small\gso__U_By_Kotex_Sleek_Regular_Unscented_Tampons_36_Ct_Box\materials\textures\texture.png,True,internal
G,small/gso__U_By_Kotex_Sleek_Regular_Unscented_Tampons_36_Ct_Box/meshes/model.obj,mtllib,model.mtl,E:\CODING\GitHub\FoundationPose\data\pallet\distractors\small\gso__U_By_Kotex_Sleek_Regular_Unscented_Tampons_36_Ct_Box\meshes\model.mtl,True,internal
G,small/gso__Vans_Cereal_Honey_Nut_Crunch_11_oz_box/meshes/model.mtl,map_kd,../materials/textures/texture.png,E:\CODING\GitHub\FoundationPose\data\pallet\distractors\small\gso__Vans_Cereal_Honey_Nut_Crunch_11_oz_box\materials\textures\texture.png,True,internal
G,small/gso__Vans_Cereal_Honey_Nut_Crunch_11_oz_box/meshes/model.obj,mtllib,model.mtl,E:\CODING\GitHub\FoundationPose\data\pallet\distractors\small\gso__Vans_Cereal_Honey_Nut_Crunch_11_oz_box\meshes\model.mtl,True,internal
G,small/gso__Victor_Reversible_Bookend/meshes/model.mtl,map_kd,../materials/textures/texture.png,E:\CODING\GitHub\FoundationPose\data\pallet\distractors\small\gso__Victor_Reversible_Bookend\materials\textures\texture.png,True,internal
G,small/gso__Victor_Reversible_Bookend/meshes/model.obj,mtllib,model.mtl,E:\CODING\GitHub\FoundationPose\data\pallet\distractors\small\gso__Victor_Reversible_Bookend\meshes\model.mtl,True,internal
G,small/gso__Vtech_Stack_Sing_Rings_636_Months/meshes/model.mtl,map_kd,../materials/textures/texture.png,E:\CODING\GitHub\FoundationPose\data\pallet\distractors\small\gso__Vtech_Stack_Sing_Rings_636_Months\materials\textures\texture.png,True,internal
G,small/gso__Vtech_Stack_Sing_Rings_636_Months/meshes/model.obj,mtllib,model.mtl,E:\CODING\GitHub\FoundationPose\data\pallet\distractors\small\gso__Vtech_Stack_Sing_Rings_636_Months\meshes\model.mtl,True,internal
G,small/gso__Weisshai_Great_White_Shark/meshes/model.mtl,map_kd,../materials/textures/texture.png,E:\CODING\GitHub\FoundationPose\data\pallet\distractors\small\gso__Weisshai_Great_White_Shark\materials\textures\texture.png,True,internal
G,small/gso__Weisshai_Great_White_Shark/meshes/model.obj,mtllib,model.mtl,E:\CODING\GitHub\FoundationPose\data\pallet\distractors\small\gso__Weisshai_Great_White_Shark\meshes\model.mtl,True,internal
G,small/gso__Winning_Moves_1180_Aggravation_Board_Game/meshes/model.mtl,map_kd,../materials/textures/texture.png,E:\CODING\GitHub\FoundationPose\data\pallet\distractors\small\gso__Winning_Moves_1180_Aggravation_Board_Game\materials\textures\texture.png,True,internal
G,small/gso__Winning_Moves_1180_Aggravation_Board_Game/meshes/model.obj,mtllib,model.mtl,E:\CODING\GitHub\FoundationPose\data\pallet\distractors\small\gso__Winning_Moves_1180_Aggravation_Board_Game\meshes\model.mtl,True,internal
G,small/gso__Wooden_ABC_123_Blocks_50_pack/meshes/model.mtl,map_kd,../materials/textures/texture.png,E:\CODING\GitHub\FoundationPose\data\pallet\distractors\small\gso__Wooden_ABC_123_Blocks_50_pack\materials\textures\texture.png,True,internal
G,small/gso__Wooden_ABC_123_Blocks_50_pack/meshes/model.obj,mtllib,model.mtl,E:\CODING\GitHub\FoundationPose\data\pallet\distractors\small\gso__Wooden_ABC_123_Blocks_50_pack\meshes\model.mtl,True,internal
G,small/gso__Xyli_Pure_Xylitol/meshes/model.mtl,map_kd,../materials/textures/texture.png,E:\CODING\GitHub\FoundationPose\data\pallet\distractors\small\gso__Xyli_Pure_Xylitol\materials\textures\texture.png,True,internal
G,small/gso__Xyli_Pure_Xylitol/meshes/model.obj,mtllib,model.mtl,E:\CODING\GitHub\FoundationPose\data\pallet\distractors\small\gso__Xyli_Pure_Xylitol\meshes\model.mtl,True,internal
G,small/ph__adjustable_wrench/adjustable_wrench_1k.gltf,buffer,adjustable_wrench.bin,E:\CODING\GitHub\FoundationPose\data\pallet\distractors\small\ph__adjustable_wrench\adjustable_wrench.bin,True,internal
G,small/ph__adjustable_wrench/adjustable_wrench_1k.gltf,image,textures/adjustable_wrench_nor_gl_1k.jpg,E:\CODING\GitHub\FoundationPose\data\pallet\distractors\small\ph__adjustable_wrench\textures\adjustable_wrench_nor_gl_1k.jpg,True,internal
G,small/ph__adjustable_wrench/adjustable_wrench_1k.gltf,image,textures/adjustable_wrench_diff_1k.jpg,E:\CODING\GitHub\FoundationPose\data\pallet\distractors\small\ph__adjustable_wrench\textures\adjustable_wrench_diff_1k.jpg,True,internal
G,small/ph__adjustable_wrench/adjustable_wrench_1k.gltf,image,textures/adjustable_wrench_arm_1k.jpg,E:\CODING\GitHub\FoundationPose\data\pallet\distractors\small\ph__adjustable_wrench\textures\adjustable_wrench_arm_1k.jpg,True,internal
G,small/ph__bleach_bottle/bleach_bottle_1k.gltf,buffer,bleach_bottle.bin,E:\CODING\GitHub\FoundationPose\data\pallet\distractors\small\ph__bleach_bottle\bleach_bottle.bin,True,internal
G,small/ph__bleach_bottle/bleach_bottle_1k.gltf,image,textures/bleach_bottle_01_nor_gl_1k.jpg,E:\CODING\GitHub\FoundationPose\data\pallet\distractors\small\ph__bleach_bottle\textures\bleach_bottle_01_nor_gl_1k.jpg,True,internal
G,small/ph__bleach_bottle/bleach_bottle_1k.gltf,image,textures/bleach_bottle_01_diff_1k.jpg,E:\CODING\GitHub\FoundationPose\data\pallet\distractors\small\ph__bleach_bottle\textures\bleach_bottle_01_diff_1k.jpg,True,internal
G,small/ph__bleach_bottle/bleach_bottle_1k.gltf,image,textures/bleach_bottle_01_arm_1k.jpg,E:\CODING\GitHub\FoundationPose\data\pallet\distractors\small\ph__bleach_bottle\textures\bleach_bottle_01_arm_1k.jpg,True,internal
G,small/ph__can_rusted/can_rusted_1k.gltf,buffer,can_rusted.bin,E:\CODING\GitHub\FoundationPose\data\pallet\distractors\small\ph__can_rusted\can_rusted.bin,True,internal
G,small/ph__can_rusted/can_rusted_1k.gltf,image,textures/can_rusted_nor_gl_1k.jpg,E:\CODING\GitHub\FoundationPose\data\pallet\distractors\small\ph__can_rusted\textures\can_rusted_nor_gl_1k.jpg,True,internal
G,small/ph__can_rusted/can_rusted_1k.gltf,image,textures/can_rusted_diff_1k.jpg,E:\CODING\GitHub\FoundationPose\data\pallet\distractors\small\ph__can_rusted\textures\can_rusted_diff_1k.jpg,True,internal
G,small/ph__can_rusted/can_rusted_1k.gltf,image,textures/can_rusted_arm_1k.jpg,E:\CODING\GitHub\FoundationPose\data\pallet\distractors\small\ph__can_rusted\textures\can_rusted_arm_1k.jpg,True,internal
G,small/ph__cardboard_box_01/cardboard_box_01_1k.gltf,buffer,cardboard_box_01.bin,E:\CODING\GitHub\FoundationPose\data\pallet\distractors\small\ph__cardboard_box_01\cardboard_box_01.bin,True,internal
G,small/ph__cardboard_box_01/cardboard_box_01_1k.gltf,image,textures/cardboard_box_01_nor_gl_1k.jpg,E:\CODING\GitHub\FoundationPose\data\pallet\distractors\small\ph__cardboard_box_01\textures\cardboard_box_01_nor_gl_1k.jpg,True,internal
G,small/ph__cardboard_box_01/cardboard_box_01_1k.gltf,image,textures/cardboard_box_01_diff_1k.jpg,E:\CODING\GitHub\FoundationPose\data\pallet\distractors\small\ph__cardboard_box_01\textures\cardboard_box_01_diff_1k.jpg,True,internal
G,small/ph__cardboard_box_01/cardboard_box_01_1k.gltf,image,textures/cardboard_box_01_arm_1k.jpg,E:\CODING\GitHub\FoundationPose\data\pallet\distractors\small\ph__cardboard_box_01\textures\cardboard_box_01_arm_1k.jpg,True,internal
G,small/ph__cement_bag/cement_bag_1k.gltf,buffer,cement_bag.bin,E:\CODING\GitHub\FoundationPose\data\pallet\distractors\small\ph__cement_bag\cement_bag.bin,True,internal
G,small/ph__cement_bag/cement_bag_1k.gltf,image,textures/cement_bag_nor_gl_1k.jpg,E:\CODING\GitHub\FoundationPose\data\pallet\distractors\small\ph__cement_bag\textures\cement_bag_nor_gl_1k.jpg,True,internal
G,small/ph__cement_bag/cement_bag_1k.gltf,image,textures/cement_bag_diff_1k.jpg,E:\CODING\GitHub\FoundationPose\data\pallet\distractors\small\ph__cement_bag\textures\cement_bag_diff_1k.jpg,True,internal
G,small/ph__cement_bag/cement_bag_1k.gltf,image,textures/cement_bag_arm_1k.jpg,E:\CODING\GitHub\FoundationPose\data\pallet\distractors\small\ph__cement_bag\textures\cement_bag_arm_1k.jpg,True,internal
G,small/ph__crowbar_01/crowbar_01_1k.gltf,buffer,crowbar_01.bin,E:\CODING\GitHub\FoundationPose\data\pallet\distractors\small\ph__crowbar_01\crowbar_01.bin,True,internal
G,small/ph__crowbar_01/crowbar_01_1k.gltf,image,textures/crowbar_01_nor_gl_1k.jpg,E:\CODING\GitHub\FoundationPose\data\pallet\distractors\small\ph__crowbar_01\textures\crowbar_01_nor_gl_1k.jpg,True,internal
G,small/ph__crowbar_01/crowbar_01_1k.gltf,image,textures/crowbar_01_diff_1k.jpg,E:\CODING\GitHub\FoundationPose\data\pallet\distractors\small\ph__crowbar_01\textures\crowbar_01_diff_1k.jpg,True,internal
G,small/ph__crowbar_01/crowbar_01_1k.gltf,image,textures/crowbar_01_arm_1k.jpg,E:\CODING\GitHub\FoundationPose\data\pallet\distractors\small\ph__crowbar_01\textures\crowbar_01_arm_1k.jpg,True,internal
G,small/ph__metal_jerrycan/metal_jerrycan_1k.gltf,buffer,metal_jerrycan.bin,E:\CODING\GitHub\FoundationPose\data\pallet\distractors\small\ph__metal_jerrycan\metal_jerrycan.bin,True,internal
G,small/ph__metal_jerrycan/metal_jerrycan_1k.gltf,image,textures/metal_jerrycan_nor_gl_1k.jpg,E:\CODING\GitHub\FoundationPose\data\pallet\distractors\small\ph__metal_jerrycan\textures\metal_jerrycan_nor_gl_1k.jpg,True,internal
G,small/ph__metal_jerrycan/metal_jerrycan_1k.gltf,image,textures/metal_jerrycan_diff_1k.jpg,E:\CODING\GitHub\FoundationPose\data\pallet\distractors\small\ph__metal_jerrycan\textures\metal_jerrycan_diff_1k.jpg,True,internal
G,small/ph__metal_jerrycan/metal_jerrycan_1k.gltf,image,textures/metal_jerrycan_arm_1k.jpg,E:\CODING\GitHub\FoundationPose\data\pallet\distractors\small\ph__metal_jerrycan\textures\metal_jerrycan_arm_1k.jpg,True,internal
G,small/ph__oil_tin/oil_tin_1k.gltf,buffer,oil_tin.bin,E:\CODING\GitHub\FoundationPose\data\pallet\distractors\small\ph__oil_tin\oil_tin.bin,True,internal
G,small/ph__oil_tin/oil_tin_1k.gltf,image,textures/oil_tin_nor_gl_1k.jpg,E:\CODING\GitHub\FoundationPose\data\pallet\distractors\small\ph__oil_tin\textures\oil_tin_nor_gl_1k.jpg,True,internal
G,small/ph__oil_tin/oil_tin_1k.gltf,image,textures/oil_tin_diff_1k.jpg,E:\CODING\GitHub\FoundationPose\data\pallet\distractors\small\ph__oil_tin\textures\oil_tin_diff_1k.jpg,True,internal
G,small/ph__oil_tin/oil_tin_1k.gltf,image,textures/oil_tin_arm_1k.jpg,E:\CODING\GitHub\FoundationPose\data\pallet\distractors\small\ph__oil_tin\textures\oil_tin_arm_1k.jpg,True,internal
G,small/ph__plastic_bottle_gallon/plastic_bottle_gallon_1k.gltf,buffer,plastic_bottle_gallon.bin,E:\CODING\GitHub\FoundationPose\data\pallet\distractors\small\ph__plastic_bottle_gallon\plastic_bottle_gallon.bin,True,internal
G,small/ph__plastic_bottle_gallon/plastic_bottle_gallon_1k.gltf,image,textures/plastic_bottle_gallon_nor_gl_1k.jpg,E:\CODING\GitHub\FoundationPose\data\pallet\distractors\small\ph__plastic_bottle_gallon\textures\plastic_bottle_gallon_nor_gl_1k.jpg,True,internal
G,small/ph__plastic_bottle_gallon/plastic_bottle_gallon_1k.gltf,image,textures/plastic_bottle_gallon_diff_1k.jpg,E:\CODING\GitHub\FoundationPose\data\pallet\distractors\small\ph__plastic_bottle_gallon\textures\plastic_bottle_gallon_diff_1k.jpg,True,internal
G,small/ph__plastic_bottle_gallon/plastic_bottle_gallon_1k.gltf,image,textures/plastic_bottle_gallon_arm_1k.jpg,E:\CODING\GitHub\FoundationPose\data\pallet\distractors\small\ph__plastic_bottle_gallon\textures\plastic_bottle_gallon_arm_1k.jpg,True,internal
G,small/ph__plastic_crate_01/plastic_crate_01_1k.gltf,buffer,plastic_crate_01.bin,E:\CODING\GitHub\FoundationPose\data\pallet\distractors\small\ph__plastic_crate_01\plastic_crate_01.bin,True,internal
G,small/ph__plastic_crate_01/plastic_crate_01_1k.gltf,image,textures/plastic_crate_01_nor_gl_1k.jpg,E:\CODING\GitHub\FoundationPose\data\pallet\distractors\small\ph__plastic_crate_01\textures\plastic_crate_01_nor_gl_1k.jpg,True,internal
G,small/ph__plastic_crate_01/plastic_crate_01_1k.gltf,image,textures/plastic_crate_01_diff_1k.jpg,E:\CODING\GitHub\FoundationPose\data\pallet\distractors\small\ph__plastic_crate_01\textures\plastic_crate_01_diff_1k.jpg,True,internal
G,small/ph__plastic_crate_01/plastic_crate_01_1k.gltf,image,textures/plastic_crate_01_arm_1k.jpg,E:\CODING\GitHub\FoundationPose\data\pallet\distractors\small\ph__plastic_crate_01\textures\plastic_crate_01_arm_1k.jpg,True,internal
G,small/ph__plastic_crate_03/plastic_crate_03_1k.gltf,buffer,plastic_crate_03.bin,E:\CODING\GitHub\FoundationPose\data\pallet\distractors\small\ph__plastic_crate_03\plastic_crate_03.bin,True,internal
G,small/ph__plastic_crate_03/plastic_crate_03_1k.gltf,image,textures/plastic_crate_03_nor_gl_1k.jpg,E:\CODING\GitHub\FoundationPose\data\pallet\distractors\small\ph__plastic_crate_03\textures\plastic_crate_03_nor_gl_1k.jpg,True,internal
G,small/ph__plastic_crate_03/plastic_crate_03_1k.gltf,image,textures/plastic_crate_03_diff_1k.jpg,E:\CODING\GitHub\FoundationPose\data\pallet\distractors\small\ph__plastic_crate_03\textures\plastic_crate_03_diff_1k.jpg,True,internal
G,small/ph__plastic_crate_03/plastic_crate_03_1k.gltf,image,textures/plastic_crate_03_arm_1k.jpg,E:\CODING\GitHub\FoundationPose\data\pallet\distractors\small\ph__plastic_crate_03\textures\plastic_crate_03_arm_1k.jpg,True,internal
G,small/ph__russian_food_cans_01/russian_food_cans_01_1k.gltf,buffer,russian_food_cans_01.bin,E:\CODING\GitHub\FoundationPose\data\pallet\distractors\small\ph__russian_food_cans_01\russian_food_cans_01.bin,True,internal
G,small/ph__russian_food_cans_01/russian_food_cans_01_1k.gltf,image,textures/russian_food_cans_01_nor_gl_1k.jpg,E:\CODING\GitHub\FoundationPose\data\pallet\distractors\small\ph__russian_food_cans_01\textures\russian_food_cans_01_nor_gl_1k.jpg,True,internal
G,small/ph__russian_food_cans_01/russian_food_cans_01_1k.gltf,image,textures/russian_food_cans_01_diff_1k.jpg,E:\CODING\GitHub\FoundationPose\data\pallet\distractors\small\ph__russian_food_cans_01\textures\russian_food_cans_01_diff_1k.jpg,True,internal
G,small/ph__russian_food_cans_01/russian_food_cans_01_1k.gltf,image,textures/russian_food_cans_01_arm_1k.jpg,E:\CODING\GitHub\FoundationPose\data\pallet\distractors\small\ph__russian_food_cans_01\textures\russian_food_cans_01_arm_1k.jpg,True,internal
G,small/ph__sledgehammer_01/sledgehammer_01_1k.gltf,buffer,sledgehammer_01.bin,E:\CODING\GitHub\FoundationPose\data\pallet\distractors\small\ph__sledgehammer_01\sledgehammer_01.bin,True,internal
G,small/ph__sledgehammer_01/sledgehammer_01_1k.gltf,image,textures/sledgehammer_01_nor_gl_1k.jpg,E:\CODING\GitHub\FoundationPose\data\pallet\distractors\small\ph__sledgehammer_01\textures\sledgehammer_01_nor_gl_1k.jpg,True,internal
G,small/ph__sledgehammer_01/sledgehammer_01_1k.gltf,image,textures/sledgehammer_01_diff_1k.jpg,E:\CODING\GitHub\FoundationPose\data\pallet\distractors\small\ph__sledgehammer_01\textures\sledgehammer_01_diff_1k.jpg,True,internal
G,small/ph__sledgehammer_01/sledgehammer_01_1k.gltf,image,textures/sledgehammer_01_arm_1k.jpg,E:\CODING\GitHub\FoundationPose\data\pallet\distractors\small\ph__sledgehammer_01\textures\sledgehammer_01_arm_1k.jpg,True,internal
G,small/ph__wicker_basket_01/wicker_basket_01_1k.gltf,buffer,wicker_basket_01.bin,E:\CODING\GitHub\FoundationPose\data\pallet\distractors\small\ph__wicker_basket_01\wicker_basket_01.bin,True,internal
G,small/ph__wicker_basket_01/wicker_basket_01_1k.gltf,image,textures/wicker_basket_01_nor_gl_1k.jpg,E:\CODING\GitHub\FoundationPose\data\pallet\distractors\small\ph__wicker_basket_01\textures\wicker_basket_01_nor_gl_1k.jpg,True,internal
G,small/ph__wicker_basket_01/wicker_basket_01_1k.gltf,image,textures/wicker_basket_01_diff_1k.jpg,E:\CODING\GitHub\FoundationPose\data\pallet\distractors\small\ph__wicker_basket_01\textures\wicker_basket_01_diff_1k.jpg,True,internal
G,small/ph__wicker_basket_01/wicker_basket_01_1k.gltf,image,textures/wicker_basket_01_arm_1k.jpg,E:\CODING\GitHub\FoundationPose\data\pallet\distractors\small\ph__wicker_basket_01\textures\wicker_basket_01_arm_1k.jpg,True,internal
G,small/ph__wine_bottles_01/wine_bottles_01_1k.gltf,buffer,wine_bottles_01.bin,E:\CODING\GitHub\FoundationPose\data\pallet\distractors\small\ph__wine_bottles_01\wine_bottles_01.bin,True,internal
G,small/ph__wine_bottles_01/wine_bottles_01_1k.gltf,image,textures/wine_bottles_01_nor_gl_1k.jpg,E:\CODING\GitHub\FoundationPose\data\pallet\distractors\small\ph__wine_bottles_01\textures\wine_bottles_01_nor_gl_1k.jpg,True,internal
G,small/ph__wine_bottles_01/wine_bottles_01_1k.gltf,image,textures/wine_bottles_01_diff_1k.jpg,E:\CODING\GitHub\FoundationPose\data\pallet\distractors\small\ph__wine_bottles_01\textures\wine_bottles_01_diff_1k.jpg,True,internal
G,small/ph__wine_bottles_01/wine_bottles_01_1k.gltf,image,textures/wine_bottles_01_arm_1k.jpg,E:\CODING\GitHub\FoundationPose\data\pallet\distractors\small\ph__wine_bottles_01\textures\wine_bottles_01_arm_1k.jpg,True,internal
G,small/ph__wine_bottles_01/wine_bottles_01_1k.gltf,image,textures/wine_bottles_01_diff_1k.jpg,E:\CODING\GitHub\FoundationPose\data\pallet\distractors\small\ph__wine_bottles_01\textures\wine_bottles_01_diff_1k.jpg,True,internal
G,small/ph__wine_bottles_01/wine_bottles_01_1k.gltf,image,textures/wine_bottles_01_paper_nor_gl_1k.jpg,E:\CODING\GitHub\FoundationPose\data\pallet\distractors\small\ph__wine_bottles_01\textures\wine_bottles_01_paper_nor_gl_1k.jpg,True,internal
G,small/ph__wine_bottles_01/wine_bottles_01_1k.gltf,image,textures/wine_bottles_01_label_ftero_vinea_01_diff_1k.jpg,E:\CODING\GitHub\FoundationPose\data\pallet\distractors\small\ph__wine_bottles_01\textures\wine_bottles_01_label_ftero_vinea_01_diff_1k.jpg,True,internal
G,small/ph__wine_bottles_01/wine_bottles_01_1k.gltf,image,textures/wine_bottles_01_label_ftero_vinea_01_arm_1k.jpg,E:\CODING\GitHub\FoundationPose\data\pallet\distractors\small\ph__wine_bottles_01\textures\wine_bottles_01_label_ftero_vinea_01_arm_1k.jpg,True,internal
G,small/ph__wine_bottles_01/wine_bottles_01_1k.gltf,image,textures/wine_bottles_01_label_clearwater_crystals_01_diff_1k.jpg,E:\CODING\GitHub\FoundationPose\data\pallet\distractors\small\ph__wine_bottles_01\textures\wine_bottles_01_label_clearwater_crystals_01_diff_1k.jpg,True,internal
G,small/ph__wine_bottles_01/wine_bottles_01_1k.gltf,image,textures/wine_bottles_01_label_clearwater_crystals_01_arm_1k.jpg,E:\CODING\GitHub\FoundationPose\data\pallet\distractors\small\ph__wine_bottles_01\textures\wine_bottles_01_label_clearwater_crystals_01_arm_1k.jpg,True,internal
G,small/ph__wine_bottles_01/wine_bottles_01_1k.gltf,image,textures/wine_bottles_01_label_intertwine_01_diff_1k.jpg,E:\CODING\GitHub\FoundationPose\data\pallet\distractors\small\ph__wine_bottles_01\textures\wine_bottles_01_label_intertwine_01_diff_1k.jpg,True,internal
G,small/ph__wine_bottles_01/wine_bottles_01_1k.gltf,image,textures/wine_bottles_01_label_intertwine_01_arm_1k.jpg,E:\CODING\GitHub\FoundationPose\data\pallet\distractors\small\ph__wine_bottles_01\textures\wine_bottles_01_label_intertwine_01_arm_1k.jpg,True,internal
G,small/ph__wine_bottles_01/wine_bottles_01_1k.gltf,image,textures/wine_bottles_01_label_ftero_vinea_02_diff_1k.jpg,E:\CODING\GitHub\FoundationPose\data\pallet\distractors\small\ph__wine_bottles_01\textures\wine_bottles_01_label_ftero_vinea_02_diff_1k.jpg,True,internal
G,small/ph__wine_bottles_01/wine_bottles_01_1k.gltf,image,textures/wine_bottles_01_label_ftero_vinea_02_arm_1k.jpg,E:\CODING\GitHub\FoundationPose\data\pallet\distractors\small\ph__wine_bottles_01\textures\wine_bottles_01_label_ftero_vinea_02_arm_1k.jpg,True,internal
G,small/ph__wooden_crate_01/wooden_crate_01_1k.gltf,buffer,wooden_crate_01.bin,E:\CODING\GitHub\FoundationPose\data\pallet\distractors\small\ph__wooden_crate_01\wooden_crate_01.bin,True,internal
G,small/ph__wooden_crate_01/wooden_crate_01_1k.gltf,image,textures/wooden_crate_01_nor_gl_1k.jpg,E:\CODING\GitHub\FoundationPose\data\pallet\distractors\small\ph__wooden_crate_01\textures\wooden_crate_01_nor_gl_1k.jpg,True,internal
G,small/ph__wooden_crate_01/wooden_crate_01_1k.gltf,image,textures/wooden_crate_01_diff_1k.jpg,E:\CODING\GitHub\FoundationPose\data\pallet\distractors\small\ph__wooden_crate_01\textures\wooden_crate_01_diff_1k.jpg,True,internal
G,small/ph__wooden_crate_01/wooden_crate_01_1k.gltf,image,textures/wooden_crate_01_arm_1k.jpg,E:\CODING\GitHub\FoundationPose\data\pallet\distractors\small\ph__wooden_crate_01\textures\wooden_crate_01_arm_1k.jpg,True,internal
G,small/sf__hard_hat_01/hard_hat_01.glb,glb,self-contained binary (magic=b'glTF'),,True,internal
G,small/sf__hard_hat_02/hard_hat_02.glb,glb,self-contained binary (magic=b'glTF'),,True,internal
