referenced_path,reference_file,line_number,reference_type,active_or_doc,path_exists_today,can_auto_update,risk,proposed_replacement,raw_line
data/pallet,config/synthetic/blender.yaml,20,config_value,active,yes,yes(config 1줄),MED(런타임 자산 로드 실패),(Stage2: paths registry key로 치환 — config/paths.yaml),"""base_dir"": ""data/pallet"","
data/pallet,scripts/data_prep/gen_surface_fps_v1.py,13,python_string_literal,active,yes,yes(코드 수정 필요),MED,(Stage2: paths registry key로 치환 — config/paths.yaml),"OBJ = ""data/palletobj/pallet_full.obj"""
data/pallet,scripts/data_prep/blender/audit_pnp_eligibility.py,24,python_string_literal,active,yes,yes(코드 수정 필요),MED,(Stage2: paths registry key로 치환 — config/paths.yaml),python scripts/data_prep/blender/audit_pnp_eligibility.py --dir data/pallet/<dataset>
data/pallet,scripts/data_prep/blender/gen_palletobj_v1.py,1,python_string_literal,active,yes,yes(코드 수정 필요),MED,(Stage2: paths registry key로 치환 — config/paths.yaml),"""""""Generate synthetic data for palletobj (data/palletobj/pallet_full.obj)."
data/pallet,scripts/data_prep/blender/run_addon_v1.sh,64,shell_command,active,yes,yes(코드 수정 필요),MED,(Stage2: paths registry key로 치환 — config/paths.yaml),"""${ROOT}/data/palletobj/pallet_full.obj"" \"
data/pallet,scripts/data_prep/blender/palletobj_fill/build_filled.py,15,python_string_literal,active,yes,yes(코드 수정 필요),MED,(Stage2: paths registry key로 치환 — config/paths.yaml),"OBJ = r""E:/CODING/GitHub/FoundationPose/data/palletobj/pallet_full.obj"""
data/pallet,scripts/data_prep/blender/palletobj_fill/diagnose.py,4,python_string_literal,active,yes,yes(코드 수정 필요),MED,(Stage2: paths registry key로 치환 — config/paths.yaml),"OBJ = r""E:/CODING/GitHub/FoundationPose/data/palletobj/pallet_full.obj"""
data/pallet,scripts/data_prep/blender/palletobj_fill/fill_test.py,6,python_string_literal,active,yes,yes(코드 수정 필요),MED,(Stage2: paths registry key로 치환 — config/paths.yaml),"OBJ = r""E:/CODING/GitHub/FoundationPose/data/palletobj/pallet_full.obj"""
data/pallet,scripts/data_prep/blender/palletobj_fill/loop_locations.py,4,python_string_literal,active,yes,yes(코드 수정 필요),MED,(Stage2: paths registry key로 치환 — config/paths.yaml),"OBJ = r""E:/CODING/GitHub/FoundationPose/data/palletobj/pallet_full.obj"""
data/pallet,scripts/data_prep/isaac_sim/run_iter_verification.sh,21,shell_command,active,yes,yes(코드 수정 필요),MED,(Stage2: paths registry key로 치환 — config/paths.yaml),"BASE_DIR=""data/pallet"""
data/pallet [Path/join 구성],scripts/data_prep/compute_distractor_fill_ratio.py,49,python_path_join,active,pattern,yes(코드 수정 필요),MED,(Stage2: paths registry key로 치환 — config/paths.yaml),"DISTRACTOR_DIR = os.path.join(PROJECT_ROOT, ""data"", ""pallet"", ""distractors"")"
data/pallet [Path/join 구성],scripts/data_prep/merge_and_validate.py,13,python_path_join,active,pattern,yes(코드 수정 필요),MED,(Stage2: paths registry key로 치환 — config/paths.yaml),"BASE_DIR = os.path.join(""data"", ""pallet"", ""training_data"")"
data/pallet [Path/join 구성],scripts/data_prep/merge_and_validate.py,14,python_path_join,active,pattern,yes(코드 수정 필요),MED,(Stage2: paths registry key로 치환 — config/paths.yaml),"TRAIN_DIRS = sorted([d for d in os.listdir(os.path.join(""data"", ""pallet"", ""training_data""))"
data/pallet [Path/join 구성],scripts/data_prep/merge_and_validate.py,16,python_path_join,active,pattern,yes(코드 수정 필요),MED,(Stage2: paths registry key로 치환 — config/paths.yaml),"and os.path.isdir(os.path.join(""data"", ""pallet"", ""training_data"", d))])"
data/pallet [Path/join 구성],scripts/data_prep/merge_and_validate.py,17,python_path_join,active,pattern,yes(코드 수정 필요),MED,(Stage2: paths registry key로 치환 — config/paths.yaml),"VAL_BATCH_DIRS = sorted([d for d in os.listdir(os.path.join(""data"", ""pallet"", ""training_data""))"
data/pallet [Path/join 구성],scripts/data_prep/merge_and_validate.py,19,python_path_join,active,pattern,yes(코드 수정 필요),MED,(Stage2: paths registry key로 치환 — config/paths.yaml),"and os.path.isdir(os.path.join(""data"", ""pallet"", ""training_data"", d))])"
data/pallet [Path/join 구성],scripts/data_prep/blender/audit_v2_dryrun.py,39,python_path_join,active,pattern,yes(코드 수정 필요),MED,(Stage2: paths registry key로 치환 — config/paths.yaml),"DEFAULT_OUT = os.path.join(_PROJECT_ROOT, ""data"", ""pallet"", ""v2_dryrun_audit"")"
data/pallet [Path/join 구성],scripts/data_prep/blender/blender_config.py,21,python_path_join,active,pattern,yes(코드 수정 필요),MED,(Stage2: paths registry key로 치환 — config/paths.yaml),"if not os.path.isdir(os.path.join(project_root, ""data"", ""pallet"")):"
data/pallet [Path/join 구성],scripts/data_prep/blender/blender_config.py,184,python_path_join,active,pattern,yes(코드 수정 필요),MED,(Stage2: paths registry key로 치환 — config/paths.yaml),"WOOD_TEXTURE_DIR = os.path.join(PROJECT_ROOT, ""data"", ""pallet"", ""textures_wood"")"
data/pallet [Path/join 구성],scripts/data_prep/blender/blender_config.py,196,python_path_join,active,pattern,yes(코드 수정 필요),MED,(Stage2: paths registry key로 치환 — config/paths.yaml),"FLOOR_TEXTURE_DIR = os.path.join(PROJECT_ROOT, ""data"", ""pallet"", ""textures_floor"")"
data/pallet [Path/join 구성],scripts/data_prep/blender/gen_preview10.py,202,python_path_join,active,pattern,yes(코드 수정 필요),MED,(Stage2: paths registry key로 치환 — config/paths.yaml),"OUT_BASE = os.path.join(cfg.PROJECT_ROOT, ""data"", ""pallet"", ""_preview10"")"
data/pallet [Path/join 구성],scripts/data_prep/blender/gen_topview_test.py,186,python_path_join,active,pattern,yes(코드 수정 필요),MED,(Stage2: paths registry key로 치환 — config/paths.yaml),"OUT_BASE = os.path.join(cfg.PROJECT_ROOT, ""data"", ""pallet"", ""_test_topview"")"
data/pallet [Path/join 구성],scripts/data_prep/blender/_gen_wood_random_samples.py,32,python_path_join,active,pattern,yes(코드 수정 필요),MED,(Stage2: paths registry key로 치환 — config/paths.yaml),"OUT_BASE = os.path.join(cfg.PROJECT_ROOT, ""data"", ""pallet"", ""_wood_skin_compare"", ""random_applied"")"
data/pallet [Path/join 구성],scripts/data_prep/blender/_make_floor_uv_sheet.py,10,python_path_join,active,pattern,yes(코드 수정 필요),MED,(Stage2: paths registry key로 치환 — config/paths.yaml),"OUT = os.path.join(""data"", ""pallet"", ""_floor_uv_test"")"
data/pallet [Path/join 구성],scripts/data_prep/blender/_render_floor_applied14.py,39,python_path_join,active,pattern,yes(코드 수정 필요),MED,(Stage2: paths registry key로 치환 — config/paths.yaml),"OUT_DIR = os.path.join(cfg.PROJECT_ROOT, ""data"", ""pallet"", ""_floor_applied14"")"
data/pallet [Path/join 구성],scripts/data_prep/blender/_render_floor_applied14.py,41,python_path_join,active,pattern,yes(코드 수정 필요),MED,(Stage2: paths registry key로 치환 — config/paths.yaml),"FLOOR_TEX_DIR = os.path.join(cfg.PROJECT_ROOT, ""data"", ""pallet"", ""textures_floor"")"
data/pallet [Path/join 구성],scripts/data_prep/blender/_render_floor_compare.py,37,python_path_join,active,pattern,yes(코드 수정 필요),MED,(Stage2: paths registry key로 치환 — config/paths.yaml),"OUT_DIR = os.path.join(cfg.PROJECT_ROOT, ""data"", ""pallet"", ""_floor_compare"")"
data/pallet [Path/join 구성],scripts/data_prep/blender/_render_floor_compare.py,39,python_path_join,active,pattern,yes(코드 수정 필요),MED,(Stage2: paths registry key로 치환 — config/paths.yaml),"FLOOR_TEX_DIR = os.path.join(cfg.PROJECT_ROOT, ""data"", ""pallet"", ""textures_floor"")"
data/pallet [Path/join 구성],scripts/data_prep/blender/_render_floor_fix_test.py,31,python_path_join,active,pattern,yes(코드 수정 필요),MED,(Stage2: paths registry key로 치환 — config/paths.yaml),"OUT = os.path.join(cfg.PROJECT_ROOT, ""data"", ""pallet"", ""_floor_fix_test"")"
data/pallet [Path/join 구성],scripts/data_prep/blender/_render_floor_uv_compare.py,31,python_path_join,active,pattern,yes(코드 수정 필요),MED,(Stage2: paths registry key로 치환 — config/paths.yaml),"OUT = os.path.join(cfg.PROJECT_ROOT, ""data"", ""pallet"", ""_floor_uv_test"")"
data/pallet [Path/join 구성],scripts/data_prep/blender/_render_material_compare.py,29,python_path_join,active,pattern,yes(코드 수정 필요),MED,(Stage2: paths registry key로 치환 — config/paths.yaml),"OUT_DIR = os.path.join(cfg.PROJECT_ROOT, ""data"", ""pallet"", ""_material_compare"")"
data/pallet [Path/join 구성],scripts/data_prep/blender/_render_plastic_closeup.py,31,python_path_join,active,pattern,yes(코드 수정 필요),MED,(Stage2: paths registry key로 치환 — config/paths.yaml),"OUT_DIR = os.path.join(cfg.PROJECT_ROOT, ""data"", ""pallet"", ""_mat_test10e"", ""closeup"")"
data/pallet [Path/join 구성],scripts/data_prep/blender/_render_wood_closeup.py,29,python_path_join,active,pattern,yes(코드 수정 필요),MED,(Stage2: paths registry key로 치환 — config/paths.yaml),"OUT_DIR = os.path.join(cfg.PROJECT_ROOT, ""data"", ""pallet"", ""_mat_test10b"", ""closeup"")"
data/pallet [Path/join 구성],scripts/data_prep/blender/_render_wood_skin_compare.py,29,python_path_join,active,pattern,yes(코드 수정 필요),MED,(Stage2: paths registry key로 치환 — config/paths.yaml),"OUT_DIR = os.path.join(cfg.PROJECT_ROOT, ""data"", ""pallet"", ""_wood_skin_compare"")"
data/pallet [Path/join 구성],scripts/data_prep/isaac_sim/debug_pallet_orientation.py,10,python_path_join,active,pattern,yes(코드 수정 필요),MED,(Stage2: paths registry key로 치환 — config/paths.yaml),"USD_DIR = os.path.join(PROJECT_ROOT, ""data"", ""pallet"", ""models_usd"")"
data/pallet/$(basename,scripts/data_prep/blender/run_addon_v1.sh,59,shell_command,active,no,yes(코드 수정 필요),MED,(Stage2: paths registry key로 치환 — config/paths.yaml),"LOG=""${ROOT}/data/pallet/$(basename ""$OUT"")_gen.log"""
data/pallet/_efront_12kp_check/efront_measurements.json,scripts/data_prep/blender/efront_kp12.py,29,python_string_literal,active,no,yes(코드 수정 필요),MED,(Stage2: paths registry key로 치환 — config/paths.yaml),Source of the ratios: P0/P1 from data/pallet/_efront_12kp_check/efront_measurements.json
data/pallet/_floor_applied14,scripts/data_prep/blender/_make_floor_sheet14.py,7,python_string_literal,active,no,yes(코드 수정 필요),MED,(Stage2: paths registry key로 치환 — config/paths.yaml),"D = ""data/pallet/_floor_applied14"""
data/pallet/_floor_applied14/{NN,scripts/data_prep/blender/_render_floor_applied14.py,19,python_string_literal,active,pattern,yes(코드 수정 필요),MED,(Stage2: paths registry key로 치환 — config/paths.yaml),Output: data/pallet/_floor_applied14/{NN}_{name}.png
data/pallet/_floor_compare,scripts/data_prep/blender/_make_floor_sheet.py,7,python_string_literal,active,no,yes(코드 수정 필요),MED,(Stage2: paths registry key로 치환 — config/paths.yaml),"D = ""data/pallet/_floor_compare"""
data/pallet/_floor_compare/{NN,scripts/data_prep/blender/_render_floor_compare.py,17,python_string_literal,active,pattern,yes(코드 수정 필요),MED,(Stage2: paths registry key로 치환 — config/paths.yaml),Output: data/pallet/_floor_compare/{NN}_{name}.png
data/pallet/_floor_emit,scripts/data_prep/blender/_floor_emit_patch.py,4,python_string_literal,active,no,yes(코드 수정 필요),MED,(Stage2: paths registry key로 치환 — config/paths.yaml),"'--out_dir','data/pallet/_floor_emit','--flat_out','--overlay_every','0']"
data/pallet/_floor_fix_test,scripts/data_prep/blender/_render_floor_fix_test.py,11,python_string_literal,active,no,yes(코드 수정 필요),MED,(Stage2: paths registry key로 치환 — config/paths.yaml),Out: data/pallet/_floor_fix_test/<texture>.png + _sheet.png
data/pallet/_floor_smoke10,scripts/data_prep/blender/_make_smoke10_sheet.py,5,python_string_literal,active,no,yes(코드 수정 필요),MED,(Stage2: paths registry key로 치환 — config/paths.yaml),"D = r""E:/CODING/GitHub/FoundationPose/data/pallet/_floor_smoke10"""
data/pallet/_floor_smoke10,scripts/data_prep/blender/_verify_smoke10.py,5,python_string_literal,active,no,yes(코드 수정 필요),MED,(Stage2: paths registry key로 치환 — config/paths.yaml),"D = r""E:/CODING/GitHub/FoundationPose/data/pallet/_floor_smoke10"""
data/pallet/_floor_test10b/000002.json,scripts/data_prep/blender/_diag_screenray.py,14,python_string_literal,active,no,yes(코드 수정 필요),MED,(Stage2: paths registry key로 치환 — config/paths.yaml),"d=json.load(open(""data/pallet/_floor_test10b/000002.json""))"
data/pallet/_floor_uv_test,scripts/data_prep/blender/_render_floor_uv_compare.py,13,python_string_literal,active,no,yes(코드 수정 필요),MED,(Stage2: paths registry key로 치환 — config/paths.yaml),Out: data/pallet/_floor_uv_test/<tex>_mpt<val>.png + _sheet.png
data/pallet/_floor_uv_test/_sheet.png,scripts/data_prep/blender/_make_floor_uv_sheet.py,5,python_string_literal,active,no,yes(코드 수정 필요),MED,(Stage2: paths registry key로 치환 — config/paths.yaml),"Run in pallet-pose env (needs cv2). Out: data/pallet/_floor_uv_test/_sheet.png"""""""
data/pallet/_mat_test10b/closeup/{pallet,scripts/data_prep/blender/_render_wood_closeup.py,10,python_string_literal,active,pattern,yes(코드 수정 필요),MED,(Stage2: paths registry key로 치환 — config/paths.yaml),Output: data/pallet/_mat_test10b/closeup/{pallet}_{variant}.png
data/pallet/_mat_test10b/train,scripts/data_prep/blender/_verify_mat10b.py,13,python_string_literal,active,no,yes(코드 수정 필요),MED,(Stage2: paths registry key로 치환 — config/paths.yaml),"ROOT = ""data/pallet/_mat_test10b/train"""
data/pallet/_mat_test10c/closeup/scene_1_plastic_{i,scripts/data_prep/blender/_render_plastic_closeup.py,13,python_string_literal,active,pattern,yes(코드 수정 필요),MED,(Stage2: paths registry key로 치환 — config/paths.yaml),Output: data/pallet/_mat_test10c/closeup/scene_1_plastic_{i}.png
data/pallet/_mat_test10d,scripts/data_prep/blender/_regen_mixed10.py,10,python_string_literal,active,no,yes(코드 수정 필요),MED,(Stage2: paths registry key로 치환 — config/paths.yaml),"""--out_dir"", ""data/pallet/_mat_test10d"","
data/pallet/_mat_test10d_scene3,scripts/data_prep/blender/_regen_scene3.py,15,python_string_literal,active,no,yes(코드 수정 필요),MED,(Stage2: paths registry key로 치환 — config/paths.yaml),"""--out_dir"", ""data/pallet/_mat_test10d_scene3"","
data/pallet/_material_compare/{pallet,scripts/data_prep/blender/_render_material_compare.py,11,python_string_literal,active,pattern,yes(코드 수정 필요),MED,(Stage2: paths registry key로 치환 — config/paths.yaml),Output: data/pallet/_material_compare/{pallet}_{palette}.png  +  contact sheets.
data/pallet/_preview10/{images,scripts/data_prep/blender/gen_preview10.py,8,python_string_literal,active,pattern,yes(코드 수정 필요),MED,(Stage2: paths registry key로 치환 — config/paths.yaml),"data/pallet/_preview10/{images,json,overlay}/"
data/pallet/_procedural_textures,config/synthetic/isaac_sim.yaml,9,config_value,active,no,yes(config 1줄),MED(런타임 자산 로드 실패),(Stage2: paths registry key로 치환 — config/paths.yaml),"""procedural_texture_dir"": ""data/pallet/_procedural_textures"""
data/pallet/_test_topview,scripts/data_prep/blender/gen_topview_test.py,15,python_string_literal,active,no,yes(코드 수정 필요),MED,(Stage2: paths registry key로 치환 — config/paths.yaml),"- N target = 24, outputs to data/pallet/_test_topview/ (does NOT touch _preview10)."
data/pallet/_v2_b3_check,scripts/data_prep/blender/_b3_asset_check.py,36,python_string_literal,active,yes,yes(코드 수정 필요),MED,(Stage2: paths registry key로 치환 — config/paths.yaml),"p.add_argument(""--out"", default=""data/pallet/_v2_b3_check"")"
data/pallet/_v2_calib_200,scripts/data_prep/blender/_v2_calib_200.py,14,python_string_literal,active,yes,yes(코드 수정 필요),MED,(Stage2: paths registry key로 치환 — config/paths.yaml),--out data/pallet/_v2_calib_200 --seed 7000 --n 200
data/pallet/_v2_calib_200,scripts/data_prep/blender/_v2_calib_200.py,37,python_string_literal,active,yes,yes(코드 수정 필요),MED,(Stage2: paths registry key로 치환 — config/paths.yaml),"p.add_argument(""--out"", default=""data/pallet/_v2_calib_200"")"
data/pallet/_v2_calib_200/calib_records.json,scripts/data_prep/blender/_v2_calib_200_analyze.py,9,python_string_literal,active,yes,yes(코드 수정 필요),MED,(Stage2: paths registry key로 치환 — config/paths.yaml),--records data/pallet/_v2_calib_200/calib_records.json
data/pallet/_v2_calib_200/calib_records.json,scripts/data_prep/blender/_v2_calib_200_analyze.py,350,python_string_literal,active,yes,yes(코드 수정 필요),MED,(Stage2: paths registry key로 치환 — config/paths.yaml),"ap.add_argument(""--records"", default=""data/pallet/_v2_calib_200/calib_records.json"")"
data/pallet/_v2_g5_reverify,scripts/data_prep/blender/_g5_reverify.py,11,python_string_literal,active,yes,yes(코드 수정 필요),MED,(Stage2: paths registry key로 치환 — config/paths.yaml),Calibration/diagnostic ONLY. No commit. Writes data/pallet/_v2_g5_reverify/.
data/pallet/_v2_g5_reverify,scripts/data_prep/blender/_g5_reverify.py,29,python_string_literal,active,yes,yes(코드 수정 필요),MED,(Stage2: paths registry key로 치환 — config/paths.yaml),"p.add_argument(""--out"", default=""data/pallet/_v2_g5_reverify"")"
data/pallet/_v2_pilot_2k,scripts/data_prep/blender/run_pilot_2k.sh,13,shell_command,active,yes,yes(코드 수정 필요),MED,(Stage2: paths registry key로 치환 — config/paths.yaml),"OUT=""E:/CODING/GitHub/FoundationPose/data/pallet/_v2_pilot_2k"""
data/pallet/_v2_pilot_2k,scripts/data_prep/blender/_v2_pilot_2k.py,23,python_string_literal,active,yes,yes(코드 수정 필요),MED,(Stage2: paths registry key로 치환 — config/paths.yaml),--out data/pallet/_v2_pilot_2k --seed 7000 --n 2000 --max_render 200
data/pallet/_v2_pilot_2k,scripts/data_prep/blender/_v2_pilot_2k.py,44,python_string_literal,active,yes,yes(코드 수정 필요),MED,(Stage2: paths registry key로 치환 — config/paths.yaml),"p.add_argument(""--out"", default=""data/pallet/_v2_pilot_2k"")"
data/pallet/_v2_pilot_2k,scripts/data_prep/blender/_v2_pilot_audit.py,3,python_string_literal,active,yes,yes(코드 수정 필요),MED,(Stage2: paths registry key로 치환 — config/paths.yaml),Reads the pilot render (data/pallet/_v2_pilot_2k: pilot_records.json + labels/ + rgb/ + mask/)
data/pallet/_v2_pilot_2k,scripts/data_prep/blender/_v2_pilot_audit.py,22,python_string_literal,active,yes,yes(코드 수정 필요),MED,(Stage2: paths registry key로 치환 — config/paths.yaml),--dir data/pallet/_v2_pilot_2k [--n_overlay 30]
data/pallet/_v2_pilot_2k,scripts/data_prep/blender/_v2_pilot_audit.py,170,python_string_literal,active,yes,yes(코드 수정 필요),MED,(Stage2: paths registry key로 치환 — config/paths.yaml),"ap.add_argument(""--dir"", default=""data/pallet/_v2_pilot_2k"")"
data/pallet/_v2_pilot_2k,scripts/data_prep/blender/_v2_pilot_overlay_all.py,4,python_string_literal,active,yes,yes(코드 수정 필요),MED,(Stage2: paths registry key로 치환 — config/paths.yaml),"(data/pallet/_v2_pilot_2k: labels/ + rgb/, idx 0..1999 continuous) so the whole"
data/pallet/_v2_pilot_2k,scripts/data_prep/blender/_v2_pilot_overlay_all.py,20,python_string_literal,active,yes,yes(코드 수정 필요),MED,(Stage2: paths registry key로 치환 — config/paths.yaml),--dir data/pallet/_v2_pilot_2k
data/pallet/_v2_pilot_2k,scripts/data_prep/blender/_v2_pilot_overlay_all.py,84,python_string_literal,active,yes,yes(코드 수정 필요),MED,(Stage2: paths registry key로 치환 — config/paths.yaml),"ap.add_argument(""--dir"", default=""data/pallet/_v2_pilot_2k"")"
data/pallet/_v2_pilot_2k/diagnosis/pilot_frames.csv,scripts/data_prep/blender/analyze_v2_scene_logic.py,43,python_string_literal,active,yes,yes(코드 수정 필요),MED,(Stage2: paths registry key로 치환 — config/paths.yaml),"DEFAULT_BASELINE = ""data/pallet/_v2_pilot_2k/diagnosis/pilot_frames.csv"""
data/pallet/_v2_scene_logic_500_seed7500,scripts/data_prep/blender/analyze_v2_continuous.py,58,python_string_literal,active,yes,yes(코드 수정 필요),MED,(Stage2: paths registry key로 치환 — config/paths.yaml),"DEFAULT_DIR = ""data/pallet/_v2_scene_logic_500_seed7500"""
data/pallet/_v2_scene_logic_500_seed7500,scripts/data_prep/blender/analyze_v2_scene_logic.py,41,python_string_literal,active,yes,yes(코드 수정 필요),MED,(Stage2: paths registry key로 치환 — config/paths.yaml),"DEFAULT_DIR = ""data/pallet/_v2_scene_logic_500_seed7500"""
data/pallet/_v2_scene_logic_500_seed7500,scripts/data_prep/blender/audit_pnp_eligibility.py,120,python_string_literal,active,yes,yes(코드 수정 필요),MED,(Stage2: paths registry key로 치환 — config/paths.yaml),"DEFAULT_DIR = ""data/pallet/_v2_scene_logic_500_seed7500"""
data/pallet/_v2_scene_logic_500_seed7500,scripts/data_prep/blender/audit_v2_scene_logic.py,63,python_string_literal,active,yes,yes(코드 수정 필요),MED,(Stage2: paths registry key로 치환 — config/paths.yaml),"DEFAULT_DIR = ""data/pallet/_v2_scene_logic_500_seed7500"""
data/pallet/_v2_scene_logic_500_seed7500,scripts/data_prep/blender/overlay_v2_detailed.py,39,python_string_literal,active,yes,yes(코드 수정 필요),MED,(Stage2: paths registry key로 치환 — config/paths.yaml),--dir data/pallet/_v2_scene_logic_500_seed7500
data/pallet/_v2_scene_logic_500_seed7500,scripts/data_prep/blender/overlay_v2_detailed.py,86,python_string_literal,active,yes,yes(코드 수정 필요),MED,(Stage2: paths registry key로 치환 — config/paths.yaml),"DEFAULT_DIR = ""data/pallet/_v2_scene_logic_500_seed7500"""
data/pallet/_v2_scene_logic_500_seed7500,scripts/data_prep/blender/run_v2_scene_logic.py,15,python_string_literal,active,yes,yes(코드 수정 필요),MED,(Stage2: paths registry key로 치환 — config/paths.yaml),--out data/pallet/_v2_scene_logic_500_seed7500 \
data/pallet/_v2_scene_logic_500_seed7500,scripts/data_prep/blender/run_v2_scene_logic.py,485,python_string_literal,active,yes,yes(코드 수정 필요),MED,(Stage2: paths registry key로 치환 — config/paths.yaml),"default=""data/pallet/_v2_scene_logic_500_seed7500"","
data/pallet/_v2_smoke50_9d,scripts/data_prep/blender/_verify_archive_style_pixels.py,49,python_string_literal,active,yes,yes(코드 수정 필요),MED,(Stage2: paths registry key로 치환 — config/paths.yaml),"NEW_ROOT = REPO / ""data/pallet/_v2_smoke50_9d"""
data/pallet/_v2_smoke50_9d/overlay_archive_style,scripts/data_prep/blender/_make_archive_vs_new_sheet.py,23,python_string_literal,active,yes,yes(코드 수정 필요),MED,(Stage2: paths registry key로 치환 — config/paths.yaml),"NEW_OVERLAY = REPO / ""data/pallet/_v2_smoke50_9d/overlay_archive_style"""
data/pallet/_v2_usable50,scripts/data_prep/blender/run_v2_scene_logic.py,27,python_string_literal,active,no,yes(코드 수정 필요),MED,(Stage2: paths registry key로 치환 — config/paths.yaml),--out data/pallet/_v2_usable50 --seed 7600 --n 50 \
data/pallet/_wood_skin_compare/catalog_wood_skins.png,scripts/data_prep/blender/_render_wood_skin_compare.py,10,python_string_literal,active,no,yes(코드 수정 필요),MED,(Stage2: paths registry key로 치환 — config/paths.yaml),data/pallet/_wood_skin_compare/catalog_wood_skins.png  (labelled grid)
data/pallet/_wood_skin_compare/individual/{variant,scripts/data_prep/blender/_render_wood_skin_compare.py,9,python_string_literal,active,pattern,yes(코드 수정 필요),MED,(Stage2: paths registry key로 치환 — config/paths.yaml),Output: data/pallet/_wood_skin_compare/individual/{variant}.png
data/pallet/_wood_skin_compare/random_applied/{images,scripts/data_prep/blender/_gen_wood_random_samples.py,9,python_string_literal,active,pattern,yes(코드 수정 필요),MED,(Stage2: paths registry key로 치환 — config/paths.yaml),"Outputs: data/pallet/_wood_skin_compare/random_applied/{images,overlay,json}/"
data/pallet/archive/textures_floor,scripts/data_prep/blender/v2_realize.py,804,python_path_join(multiline),active,yes,yes(코드 수정 필요),MED,(Stage2: paths registry key로 치환 — config/paths.yaml),"archive_floor_dir = os.path.join(cfg.PROJECT_ROOT,""data"",""pallet"",""archive"",""textures_floor"")"
data/pallet/archive/textures_wood,scripts/data_prep/blender/v2_realize.py,768,python_path_join(multiline),active,yes,yes(코드 수정 필요),MED,(Stage2: paths registry key로 치환 — config/paths.yaml),"archive_wood_dir = os.path.join(cfg.PROJECT_ROOT,""data"",""pallet"",""archive"",""textures_wood"")"
data/pallet/archive/trunc_addon_v1_pilot,scripts/data_prep/blender/_verify_archive_style_pixels.py,48,python_string_literal,active,yes,yes(코드 수정 필요),MED,(Stage2: paths registry key로 치환 — config/paths.yaml),"ARCHIVE_ROOT = REPO / ""data/pallet/archive/trunc_addon_v1_pilot"""
data/pallet/archive/trunc_addon_v1_pilot/overlay,scripts/data_prep/blender/overlay_archive_trunc_style.py,6,python_string_literal,active,yes,yes(코드 수정 필요),MED,(Stage2: paths registry key로 치환 — config/paths.yaml),`data/pallet/archive/trunc_addon_v1_pilot/overlay/*.png`. That block lived inside a bpy render loop
data/pallet/archive/trunc_addon_v1_pilot/overlay,scripts/data_prep/blender/overlay_v2_detailed.py,9,python_string_literal,active,yes,yes(코드 수정 필요),MED,(Stage2: paths registry key로 치환 — config/paths.yaml),This is the style of `data/pallet/archive/trunc_addon_v1_pilot/overlay` and the one every
data/pallet/archive/trunc_addon_v1_pilot/overlay,scripts/data_prep/blender/_make_archive_vs_new_sheet.py,22,python_string_literal,active,yes,yes(코드 수정 필요),MED,(Stage2: paths registry key로 치환 — config/paths.yaml),"ARCHIVE_OVERLAY = REPO / ""data/pallet/archive/trunc_addon_v1_pilot/overlay"""
data/pallet/background/parking_lot/scene.gltf,config/synthetic/blender.yaml,69,config_value,active,yes,yes(config 1줄),MED(런타임 자산 로드 실패),(Stage2: paths registry key로 치환 — config/paths.yaml),"""filepath"": ""data/pallet/background/parking_lot/scene.gltf"","
data/pallet/background/parking_lot/scene.gltf,config/synthetic/blender_train_4000.yaml,69,config_value,active,yes,yes(config 1줄),MED(런타임 자산 로드 실패),(Stage2: paths registry key로 치환 — config/paths.yaml),"""filepath"": ""data/pallet/background/parking_lot/scene.gltf"","
data/pallet/blender_scene/_sandbox_palletobj_production.blend,scripts/data_prep/blender/run_addon_v1.sh,8,shell_command,active,yes,yes(코드 수정 필요),MED,(Stage2: paths registry key로 치환 — config/paths.yaml),#   blend   = data/pallet/blender_scene/_sandbox_palletobj_production.blend
data/pallet/blender_scene/_sandbox_palletobj_production.blend,scripts/data_prep/blender/run_addon_v1.sh,56,shell_command,active,yes,yes(코드 수정 필요),MED,(Stage2: paths registry key로 치환 — config/paths.yaml),"SCENE=""${ROOT}/data/pallet/blender_scene/_sandbox_palletobj_production.blend"""
data/pallet/blender_scene/_sandbox_palletobj_production.blend,scripts/data_prep/blender/run_chunks.sh,17,shell_command,active,yes,yes(코드 수정 필요),MED,(Stage2: paths registry key로 치환 — config/paths.yaml),"SCENE=""E:/CODING/GitHub/FoundationPose/data/pallet/blender_scene/_sandbox_palletobj_production.blend"""
data/pallet/blender_scene/_sandbox_palletobj_production.blend,scripts/data_prep/blender/run_chunks_v2.sh,9,shell_command,active,yes,yes(코드 수정 필요),MED,(Stage2: paths registry key로 치환 — config/paths.yaml),"SCENE=""E:/CODING/GitHub/FoundationPose/data/pallet/blender_scene/_sandbox_palletobj_production.blend"""
data/pallet/blender_scene/_sandbox_palletobj_production.blend,scripts/data_prep/blender/run_trunc_addon.py,6,python_string_literal,active,yes,yes(코드 수정 필요),MED,(Stage2: paths registry key로 치환 — config/paths.yaml),data/pallet/blender_scene/_sandbox_palletobj_production.blend \
data/pallet/blender_scene/_sandbox_parking_lot_check.blend,scripts/data_prep/blender/gen_palletobj_v1.py,4,python_string_literal,active,yes,yes(코드 수정 필요),MED,(Stage2: paths registry key로 치환 — config/paths.yaml),blender -b data/pallet/blender_scene/_sandbox_parking_lot_check.blend \
data/pallet/blender_scene/_sandbox_parking_lot_check.blend,scripts/data_prep/blender/gen_palletobj_v1.py,569,python_string_literal,active,yes,yes(코드 수정 필요),MED,(Stage2: paths registry key로 치환 — config/paths.yaml),"bpy.ops.wm.save_as_mainfile(filepath=""data/pallet/blender_scene/_sandbox_parking_lot_check.blend"", copy=True)"
data/pallet/blender_scene/synth_data_scene.blend,scripts/data_prep/blender/gen_4pallet_mask.py,29,python_string_literal,active,yes,yes(코드 수정 필요),MED,(Stage2: paths registry key로 치환 — config/paths.yaml),blender -b data/pallet/blender_scene/synth_data_scene.blend \
data/pallet/blender_scene/synth_data_scene.blend,scripts/data_prep/blender/gen_dataset_v4.py,29,python_string_literal,active,yes,yes(코드 수정 필요),MED,(Stage2: paths registry key로 치환 — config/paths.yaml),blender -b data/pallet/blender_scene/synth_data_scene.blend \
data/pallet/blender_scene/synth_data_scene.blend,scripts/data_prep/blender/gen_preview10.py,5,python_string_literal,active,yes,yes(코드 수정 필요),MED,(Stage2: paths registry key로 치환 — config/paths.yaml),blender -b data/pallet/blender_scene/synth_data_scene.blend \
data/pallet/blender_scene/synth_data_scene.blend,scripts/data_prep/blender/gen_topview_test.py,18,python_string_literal,active,yes,yes(코드 수정 필요),MED,(Stage2: paths registry key로 치환 — config/paths.yaml),blender -b data/pallet/blender_scene/synth_data_scene.blend \
data/pallet/blender_scene/synth_data_scene.blend,scripts/data_prep/blender/run_4pallet_mask.sh,41,shell_command,active,yes,yes(코드 수정 필요),MED,(Stage2: paths registry key로 치환 — config/paths.yaml),"SCENE=""${ROOT}/data/pallet/blender_scene/synth_data_scene.blend"""
data/pallet/blender_scene/synth_data_scene.blend,scripts/data_prep/blender/run_dataset_v4.sh,58,shell_command,active,yes,yes(코드 수정 필요),MED,(Stage2: paths registry key로 치환 — config/paths.yaml),"SCENE=""${ROOT}/data/pallet/blender_scene/synth_data_scene.blend"""
data/pallet/blender_scene/synth_data_scene.blend,scripts/data_prep/blender/run_pilot_2k.sh,11,shell_command,active,yes,yes(코드 수정 필요),MED,(Stage2: paths registry key로 치환 — config/paths.yaml),"SCENE=""E:/CODING/GitHub/FoundationPose/data/pallet/blender_scene/synth_data_scene.blend"""
data/pallet/blender_scene/synth_data_scene.blend,scripts/data_prep/blender/run_v2_scene_logic.py,13,python_string_literal,active,yes,yes(코드 수정 필요),MED,(Stage2: paths registry key로 치환 — config/paths.yaml),blender -b data/pallet/blender_scene/synth_data_scene.blend \
data/pallet/blender_scene/synth_data_scene.blend,scripts/data_prep/blender/run_v2_scene_logic.py,25,python_string_literal,active,yes,yes(코드 수정 필요),MED,(Stage2: paths registry key로 치환 — config/paths.yaml),blender -b data/pallet/blender_scene/synth_data_scene.blend \
data/pallet/blender_scene/synth_data_scene.blend,scripts/data_prep/blender/_b3_asset_check.py,10,python_string_literal,active,yes,yes(코드 수정 필요),MED,(Stage2: paths registry key로 치환 — config/paths.yaml),blender -b data/pallet/blender_scene/synth_data_scene.blend \
data/pallet/blender_scene/synth_data_scene.blend,scripts/data_prep/blender/_g5_reverify.py,14,python_string_literal,active,yes,yes(코드 수정 필요),MED,(Stage2: paths registry key로 치환 — config/paths.yaml),blender -b data/pallet/blender_scene/synth_data_scene.blend \
data/pallet/blender_scene/synth_data_scene.blend,scripts/data_prep/blender/_gen_wood_random_samples.py,6,python_string_literal,active,yes,yes(코드 수정 필요),MED,(Stage2: paths registry key로 치환 — config/paths.yaml),blender -b data/pallet/blender_scene/synth_data_scene.blend \
data/pallet/blender_scene/synth_data_scene.blend,scripts/data_prep/blender/_render_floor_applied14.py,16,python_string_literal,active,yes,yes(코드 수정 필요),MED,(Stage2: paths registry key로 치환 — config/paths.yaml),data/pallet/blender_scene/synth_data_scene.blend \
data/pallet/blender_scene/synth_data_scene.blend,scripts/data_prep/blender/_render_floor_compare.py,14,python_string_literal,active,yes,yes(코드 수정 필요),MED,(Stage2: paths registry key로 치환 — config/paths.yaml),data/pallet/blender_scene/synth_data_scene.blend \
data/pallet/blender_scene/synth_data_scene.blend,scripts/data_prep/blender/_render_material_compare.py,8,python_string_literal,active,yes,yes(코드 수정 필요),MED,(Stage2: paths registry key로 치환 — config/paths.yaml),data/pallet/blender_scene/synth_data_scene.blend \
data/pallet/blender_scene/synth_data_scene.blend,scripts/data_prep/blender/_render_plastic_closeup.py,11,python_string_literal,active,yes,yes(코드 수정 필요),MED,(Stage2: paths registry key로 치환 — config/paths.yaml),data/pallet/blender_scene/synth_data_scene.blend \
data/pallet/blender_scene/synth_data_scene.blend,scripts/data_prep/blender/_render_wood_closeup.py,7,python_string_literal,active,yes,yes(코드 수정 필요),MED,(Stage2: paths registry key로 치환 — config/paths.yaml),blender -b data/pallet/blender_scene/synth_data_scene.blend \
data/pallet/blender_scene/synth_data_scene.blend,scripts/data_prep/blender/_render_wood_skin_compare.py,6,python_string_literal,active,yes,yes(코드 수정 필요),MED,(Stage2: paths registry key로 치환 — config/paths.yaml),blender -b data/pallet/blender_scene/synth_data_scene.blend \
data/pallet/blender_scene/synth_data_scene.blend,scripts/data_prep/blender/_v2_calib_200.py,12,python_string_literal,active,yes,yes(코드 수정 필요),MED,(Stage2: paths registry key로 치환 — config/paths.yaml),blender -b data/pallet/blender_scene/synth_data_scene.blend \
data/pallet/blender_scene/synth_data_scene.blend,scripts/data_prep/blender/_v2_pilot_2k.py,21,python_string_literal,active,yes,yes(코드 수정 필요),MED,(Stage2: paths registry key로 치환 — config/paths.yaml),blender -b data/pallet/blender_scene/synth_data_scene.blend \
data/pallet/distractors,scripts/data_prep/blender/distractor_pool_v2.py,29,python_string_literal,active,yes,yes(코드 수정 필요),MED,(Stage2: paths registry key로 치환 — config/paths.yaml),# manifest lives two levels up under data/pallet/distractors/
data/pallet/distractors/distractors_manifest.csv,scripts/data_prep/blender/v2_pipeline.py,63,python_path_join(multiline),active,yes,yes(코드 수정 필요),MED,(Stage2: paths registry key로 치환 — config/paths.yaml),"DEFAULT_MANIFEST = os.path.join(_PROJECT_ROOT,""data"",""pallet"",""distractors"",""distractors_manifest.csv"")"
data/pallet/distractors/distractors_manifest.csv,scripts/data_prep/blender/distractor_pool_v2.py,33,python_path_join(multiline),active,yes,yes(코드 수정 필요),MED,(Stage2: paths registry key로 치환 — config/paths.yaml),"DEFAULT_MANIFEST = os.path.join(_PROJECT_ROOT,""data"",""pallet"",""distractors"",""distractors_manifest.csv"")"
data/pallet/eval_results,scripts/data_prep/evaluate_on_val.py,13,python_string_literal,active,yes,yes(코드 수정 필요),MED,(Stage2: paths registry key로 치환 — config/paths.yaml),--output_dir data/pallet/eval_results
data/pallet/eval_results,scripts/data_prep/evaluate_on_val.py,130,python_string_literal,active,yes,yes(코드 수정 필요),MED,(Stage2: paths registry key로 치환 — config/paths.yaml),"parser.add_argument(""--output_dir"", default=""data/pallet/eval_results"")"
data/pallet/eval_results/comprehensive,scripts/data_prep/visualize_pretrain.py,188,python_string_literal,active,yes,yes(코드 수정 필요),MED,(Stage2: paths registry key로 치환 — config/paths.yaml),out_dir = 'data/pallet/eval_results/comprehensive'
data/pallet/eval_results/vis,scripts/data_prep/visualize_inference.py,11,python_string_literal,active,yes,yes(코드 수정 필요),MED,(Stage2: paths registry key로 치환 — config/paths.yaml),--output_dir data/pallet/eval_results/vis \
data/pallet/eval_results/vis,scripts/data_prep/visualize_inference.py,187,python_string_literal,active,yes,yes(코드 수정 필요),MED,(Stage2: paths registry key로 치환 — config/paths.yaml),"parser.add_argument(""--output_dir"", default=""data/pallet/eval_results/vis"")"
data/pallet/hdri,config/synthetic/blender.yaml,330,config_value,active,yes,yes(config 1줄),MED(런타임 자산 로드 실패),(Stage2: paths registry key로 치환 — config/paths.yaml),"""hdri_dir"": ""data/pallet/hdri"""
data/pallet/hdri,config/synthetic/blender_train_4000.yaml,307,config_value,active,yes,yes(config 1줄),MED(런타임 자산 로드 실패),(Stage2: paths registry key로 치환 — config/paths.yaml),"""hdri_dir"": ""data/pallet/hdri"""
data/pallet/hdri,scripts/data_prep/blender/gen_palletobj_v1.py,86,python_string_literal,active,yes,yes(코드 수정 필요),MED,(Stage2: paths registry key로 치환 — config/paths.yaml),"HDRI_DIR = os.path.abspath(""data/pallet/hdri"")"
data/pallet/hdri,scripts/data_prep/blender/randomizers.py,1235,python_string_literal,active,yes,yes(코드 수정 필요),MED,(Stage2: paths registry key로 치환 — config/paths.yaml),"""""""Collect HDRIs: load from data/pallet/hdri/ on first call, then cache."""""""
data/pallet/hdri,scripts/data_prep/blender/run_addon_v1.sh,65,shell_command,active,yes,yes(코드 수정 필요),MED,(Stage2: paths registry key로 치환 — config/paths.yaml),"""${ROOT}/data/pallet/hdri"" \"
data/pallet/hdri,scripts/data_prep/blender/run_mass_10k.py,52,python_string_literal,active,yes,yes(코드 수정 필요),MED,(Stage2: paths registry key로 치환 — config/paths.yaml),"HDRI_DIR = r""E:/CODING/GitHub/FoundationPose/data/pallet/hdri"""
data/pallet/hdri,scripts/data_prep/blender/run_trunc_addon.py,61,python_string_literal,active,yes,yes(코드 수정 필요),MED,(Stage2: paths registry key로 치환 — config/paths.yaml),"HDRI_DIR = r""E:/CODING/GitHub/FoundationPose/data/pallet/hdri"""
data/pallet/hdri,scripts/data_prep/blender/_probe_dist.py,31,python_string_literal,active,yes,yes(코드 수정 필요),MED,(Stage2: paths registry key로 치환 — config/paths.yaml),"for hf in sorted(_glob.glob(r""E:/CODING/GitHub/FoundationPose/data/pallet/hdri/*.hdr"")):"
data/pallet/hdri,scripts/data_prep/blender/_probe_v.py,26,python_string_literal,active,yes,yes(코드 수정 필요),MED,(Stage2: paths registry key로 치환 — config/paths.yaml),"for hf in sorted(_glob.glob(r""E:/CODING/GitHub/FoundationPose/data/pallet/hdri/*.hdr"")):"
data/pallet/hdri,scripts/data_prep/isaac_sim/generate_all.sh,44,shell_command,active,yes,yes(코드 수정 필요),MED,(Stage2: paths registry key로 치환 — config/paths.yaml),"HDRI_DIR=""data/pallet/hdri"""
data/pallet/isaac_assets/Assets/Isaac/4.5/Isaac,config/synthetic/isaac_sim.yaml,7,config_value,active,yes,yes(config 1줄),MED(런타임 자산 로드 실패),(Stage2: paths registry key로 치환 — config/paths.yaml),"""isaac_assets_root"": ""data/pallet/isaac_assets/Assets/Isaac/4.5/Isaac"","
data/pallet/isaac_assets/Assets/Isaac/4.5/NVIDIA/Assets/Skies,config/synthetic/isaac_sim.yaml,8,config_value,active,yes,yes(config 1줄),MED(런타임 자산 로드 실패),(Stage2: paths registry key로 치환 — config/paths.yaml),"""hdri_dir"": ""data/pallet/isaac_assets/Assets/Isaac/4.5/NVIDIA/Assets/Skies"","
data/pallet/models_usd,config/synthetic/blender.yaml,26,config_value,active,yes,yes(config 1줄),MED(런타임 자산 로드 실패),(Stage2: paths registry key로 치환 — config/paths.yaml),"""pallet_source_dir"": ""data/pallet/models_usd"","
data/pallet/models_usd,config/synthetic/blender_train_4000.yaml,26,config_value,active,yes,yes(config 1줄),MED(런타임 자산 로드 실패),(Stage2: paths registry key로 치환 — config/paths.yaml),"""pallet_source_dir"": ""data/pallet/models_usd"","
data/pallet/models_usd,config/synthetic/isaac_sim.yaml,5,config_value,active,yes,yes(config 1줄),MED(런타임 자산 로드 실패),(Stage2: paths registry key로 치환 — config/paths.yaml),"""usd_cache_dir"": ""data/pallet/models_usd"","
data/pallet/models_usd,scripts/data_prep/blender/_inspect_usd_shapes.py,6,python_string_literal,active,yes,yes(코드 수정 필요),MED,(Stage2: paths registry key로 치환 — config/paths.yaml),"USD_DIR = r""E:\CODING\GitHub\FoundationPose\data\pallet\models_usd"""
data/pallet/models_usd/_shape_inspect,scripts/data_prep/blender/_inspect_usd_shapes.py,7,python_string_literal,active,yes,yes(코드 수정 필요),MED,(Stage2: paths registry key로 치환 — config/paths.yaml),"OUT_DIR = r""E:\CODING\GitHub\FoundationPose\data\pallet\models_usd\_shape_inspect"""
data/pallet/ndds3_pallet.pth,scripts/dope/run_dope_live.py,160,python_string_literal,active,no,yes(코드 수정 필요),MED,(Stage2: paths registry key로 치환 — config/paths.yaml),"ap.add_argument(""--weights"",   default=""data/pallet/ndds3_pallet.pth"")"
data/pallet/pallet_scene/Collected_World0/SubUSDs/textures,config/synthetic/isaac_sim.yaml,3,config_value,active,no,yes(config 1줄),MED(런타임 자산 로드 실패),(Stage2: paths registry key로 치환 — config/paths.yaml),"""gltf_dir"": ""data/pallet/pallet_scene/Collected_World0/SubUSDs/textures"","
data/pallet/pallets_v2_add/measurements.json,scripts/data_prep/blender/efront_kp12.py,32,python_string_literal,active,yes,yes(코드 수정 필요),MED,(Stage2: paths registry key로 치환 — config/paths.yaml),removed NoAI wood pallets) from data/pallet/pallets_v2_add/measurements.json (a
data/pallet/real_data,scripts/data_prep/visualize_inference.py,10,python_string_literal,active,yes,yes(코드 수정 필요),MED,(Stage2: paths registry key로 치환 — config/paths.yaml),--real_dir data/pallet/real_data \
data/pallet/real_data,scripts/data_prep/visualize_inference.py,186,python_string_literal,active,yes,yes(코드 수정 필요),MED,(Stage2: paths registry key로 치환 — config/paths.yaml),"parser.add_argument(""--real_dir"", default=""data/pallet/real_data"")"
data/pallet/real_data,scripts/data_prep/visualize_pretrain.py,197,python_string_literal,active,yes,yes(코드 수정 필요),MED,(Stage2: paths registry key로 치환 — config/paths.yaml),real_imgs = sorted(glob.glob('data/pallet/real_data/*.jpg'))
data/pallet/real_unlabeled,config/stage3_selftrain.yaml,82,config_value,active,no,yes(config 1줄),MED(런타임 자산 로드 실패),(Stage2: paths registry key로 치환 — config/paths.yaml),real_unlabeled: data/pallet/real_unlabeled
data/pallet/real_unlabeled,scripts/self_training/self_train.py,18,python_string_literal,active,no,yes(코드 수정 필요),MED,(Stage2: paths registry key로 치환 — config/paths.yaml),--real_dir data/pallet/real_unlabeled \\
data/pallet/test_canonical,scripts/data_prep/verify_keypoints.py,121,python_string_literal,active,no,yes(코드 수정 필요),MED,(Stage2: paths registry key로 치환 — config/paths.yaml),"data_dir = sys.argv[1] if len(sys.argv) > 1 else ""data/pallet/test_canonical"""
data/pallet/test_fix_axis/000001.json,scripts/data_prep/_check_axis.py,4,python_string_literal,active,no,yes(코드 수정 필요),MED,(Stage2: paths registry key로 치환 — config/paths.yaml),"path = sys.argv[1] if len(sys.argv) > 1 else ""data/pallet/test_fix_axis/000001.json"""
data/pallet/test_indoor_v1,scripts/data_prep/blender/render_indoor_data.py,29,python_string_literal,active,no,yes(코드 수정 필요),MED,(Stage2: paths registry key로 치환 — config/paths.yaml),"default=""C:/Users/User/Documents/GitHub/FoundationPose/data/pallet/test_indoor_v1"")"
data/pallet/test_palletobj_r3,scripts/data_prep/blender/run_dataset_v4.sh,15,shell_command,active,no,yes(코드 수정 필요),MED,(Stage2: paths registry key로 치환 — config/paths.yaml),# Layout matches data/pallet/test_palletobj_r3 (DOPE-ready flat folders).
data/pallet/test_palletobj_v1,scripts/data_prep/blender/gen_palletobj_scenarios.py,31,python_string_literal,active,no,yes(코드 수정 필요),MED,(Stage2: paths registry key로 치환 — config/paths.yaml),"DEFAULT_OUT_BASE = r""E:/CODING/GitHub/FoundationPose/data/pallet/test_palletobj_v1"""
data/pallet/test_palletobj_v1,scripts/data_prep/blender/gen_palletobj_v1.py,6,python_string_literal,active,no,yes(코드 수정 필요),MED,(Stage2: paths registry key로 치환 — config/paths.yaml),--out data/pallet/test_palletobj_v1 --n 10 --seed 42
data/pallet/test_render_v2,scripts/data_prep/visualize_annotations.py,5,python_string_literal,active,no,yes(코드 수정 필요),MED,(Stage2: paths registry key로 치환 — config/paths.yaml),--data_dir data/pallet/test_render_v2 \
data/pallet/test_render_v2/overlay,scripts/data_prep/visualize_annotations.py,6,python_string_literal,active,no,yes(코드 수정 필요),MED,(Stage2: paths registry key로 치환 — config/paths.yaml),--output_dir data/pallet/test_render_v2/overlay
data/pallet/textures_floor,scripts/data_prep/blender/floor_and_mask.py,22,python_string_literal,active,no,yes(코드 수정 필요),MED,(Stage2: paths registry key로 치환 — config/paths.yaml),"FLOOR_TEXTURE_DIR = r""E:/CODING/GitHub/FoundationPose/data/pallet/textures_floor"""
data/pallet/textures_floor,scripts/data_prep/blender/run_addon_v1.sh,66,shell_command,active,no,yes(코드 수정 필요),MED,(Stage2: paths registry key로 치환 — config/paths.yaml),"""${ROOT}/data/pallet/textures_floor"" \"
data/pallet/textures_floor,scripts/data_prep/blender/_render_floor_compare.py,8,python_string_literal,active,no,yes(코드 수정 필요),MED,(Stage2: paths registry key로 치환 — config/paths.yaml),"`data/pallet/textures_floor/`, keeping geometry, camera, HDRI, and the pallet"
data/pallet/textures_wood,scripts/data_prep/blender/run_addon_v1.sh,67,shell_command,active,no,yes(코드 수정 필요),MED,(Stage2: paths registry key로 치환 — config/paths.yaml),"""${ROOT}/data/pallet/textures_wood""; do"
data/pallet/train_4pallet_mask_v1,scripts/data_prep/blender/run_4pallet_mask.sh,19,shell_command,active,no,yes(코드 수정 필요),MED,(Stage2: paths registry key로 치환 — config/paths.yaml),# Usage (10k):     bash run_4pallet_mask.sh --num_frames 10000 --out data/pallet/train_4pallet_mask_v1 --seed 4444 --batch_size 250
data/pallet/train_4pallet_mask_v1_pilot,scripts/data_prep/blender/run_4pallet_mask.sh,18,shell_command,active,no,yes(코드 수정 필요),MED,(Stage2: paths registry key로 치환 — config/paths.yaml),# Usage (pilot):   bash run_4pallet_mask.sh --num_frames 40  --out data/pallet/train_4pallet_mask_v1_pilot --seed 4444 --batch_size 40
data/pallet/train_4pallet_mask_v1_pilot,scripts/data_prep/blender/run_4pallet_mask.sh,23,shell_command,active,no,yes(코드 수정 필요),MED,(Stage2: paths registry key로 치환 — config/paths.yaml),"OUT_DIR=""data/pallet/train_4pallet_mask_v1_pilot"""
data/pallet/train_palletobj_addon_v1,scripts/data_prep/blender/run_addon_v1.sh,10,shell_command,active,no,yes(코드 수정 필요),MED,(Stage2: paths registry key로 치환 — config/paths.yaml),#   frames  = 6000    seed = 7777    out = data/pallet/train_palletobj_addon_v1
data/pallet/train_palletobj_addon_v1,scripts/data_prep/blender/run_addon_v1.sh,39,shell_command,active,no,yes(코드 수정 필요),MED,(Stage2: paths registry key로 치환 — config/paths.yaml),"OUT=""data/pallet/train_palletobj_addon_v1"""
data/pallet/train_palletobj_addon_v1_gen.log,scripts/data_prep/blender/run_addon_v1.sh,6,shell_command,active,yes,yes(코드 수정 필요),MED,(Stage2: paths registry key로 치환 — config/paths.yaml),# data/pallet/train_palletobj_addon_v1_gen.log):
data/pallet/train_palletobj_addon_v2,scripts/data_prep/blender/run_addon_v1.sh,30,shell_command,active,no,yes(코드 수정 필요),MED,(Stage2: paths registry key로 치환 — config/paths.yaml),#        --out data/pallet/train_palletobj_addon_v2
data/pallet/train_palletobj_addon_v2,scripts/data_prep/blender/run_addon_v1.sh,77,shell_command,active,no,yes(코드 수정 필요),MED,(Stage2: paths registry key로 치환 — config/paths.yaml),"echo ""--out data/pallet/train_palletobj_addon_v2 to make a fresh variant."""
data/pallet/train_palletobj_v1,scripts/data_prep/blender/analyze_stats.py,7,python_string_literal,active,no,yes(코드 수정 필요),MED,(Stage2: paths registry key로 치환 — config/paths.yaml),"OUT_DIR = r""E:/CODING/GitHub/FoundationPose/data/pallet/train_palletobj_v1"""
data/pallet/train_palletobj_v1,scripts/data_prep/blender/run_chunks.sh,19,shell_command,active,no,yes(코드 수정 필요),MED,(Stage2: paths registry key로 치환 — config/paths.yaml),"OUT=""E:/CODING/GitHub/FoundationPose/data/pallet/train_palletobj_v1"""
data/pallet/train_palletobj_v1,scripts/data_prep/blender/run_mass_10k.py,19,python_string_literal,active,no,yes(코드 수정 필요),MED,(Stage2: paths registry key로 치환 — config/paths.yaml),"parser.add_argument(""--out"", type=str, default=r""E:/CODING/GitHub/FoundationPose/data/pallet/train_palletobj_v1"")"
data/pallet/train_palletobj_v2,scripts/data_prep/blender/run_chunks_v2.sh,11,shell_command,active,no,yes(코드 수정 필요),MED,(Stage2: paths registry key로 치환 — config/paths.yaml),"OUT=""E:/CODING/GitHub/FoundationPose/data/pallet/train_palletobj_v2"""
data/pallet/train_palletobj_v3,scripts/data_prep/postprocess_v3.py,198,python_string_literal,active,no,yes(코드 수정 필요),MED,(Stage2: paths registry key로 치환 — config/paths.yaml),"ap.add_argument(""--source-root"", default=""data/pallet/train_palletobj_v3"")"
data/pallet/train_palletobj_v3_post_v1,scripts/data_prep/postprocess_v3.py,199,python_string_literal,active,no,yes(코드 수정 필요),MED,(Stage2: paths registry key로 치환 — config/paths.yaml),"ap.add_argument(""--output-root"", default=""data/pallet/train_palletobj_v3_post_v1"")"
data/pallet/train_palletobj_v3_post_v1/surface_fps_v1.json,scripts/data_prep/gen_surface_fps_v1.py,14,python_string_literal,active,no,yes(코드 수정 필요),MED,(Stage2: paths registry key로 치환 — config/paths.yaml),"OUT = ""data/pallet/train_palletobj_v3_post_v1/surface_fps_v1.json"""
data/pallet/training_data,config/synthetic/blender_train_4000.yaml,20,config_value,active,no,yes(config 1줄),MED(런타임 자산 로드 실패),(Stage2: paths registry key로 치환 — config/paths.yaml),"""base_dir"": ""data/pallet/training_data"","
data/pallet/training_data,config/synthetic/isaac_sim.yaml,6,config_value,active,no,yes(config 1줄),MED(런타임 자산 로드 실패),(Stage2: paths registry key로 치환 — config/paths.yaml),"""default_output_dir"": ""data/pallet/training_data"","
data/pallet/training_data,scripts/data_prep/blender/_audit_perm_disagreement.py,22,python_string_literal,active,no,yes(코드 수정 필요),MED,(Stage2: paths registry key로 치환 — config/paths.yaml),"""E:/CODING/GitHub/FoundationPose/data/pallet/training_data"""
data/pallet/training_data,scripts/data_prep/isaac_sim/generate_all.sh,41,shell_command,active,no,yes(코드 수정 필요),MED,(Stage2: paths registry key로 치환 — config/paths.yaml),"TRAIN_BASE=""data/pallet/training_data"""
data/pallet/training_data,scripts/data_prep/isaac_sim/gen_replicator_data.py,14,python_string_literal,active,no,yes(코드 수정 필요),MED,(Stage2: paths registry key로 치환 — config/paths.yaml),python scripts/data_prep/isaac_sim/gen_replicator_data.py --num_frames 15000 --output_dir data/pallet/training_data
data/pallet/training_data/train,config/default.yaml,53,config_value,active,no,yes(config 1줄),MED(런타임 자산 로드 실패),(Stage2: paths registry key로 치환 — config/paths.yaml),train_dir: data/pallet/training_data/train
data/pallet/training_data/train,config/stage3_selftrain.yaml,81,config_value,active,no,yes(config 1줄),MED(런타임 자산 로드 실패),(Stage2: paths registry key로 치환 — config/paths.yaml),synthetic_data: data/pallet/training_data/train
data/pallet/training_data/train,scripts/self_training/self_train.py,17,python_string_literal,active,no,yes(코드 수정 필요),MED,(Stage2: paths registry key로 치환 — config/paths.yaml),--synthetic_dir data/pallet/training_data/train \\
data/pallet/training_data/val,config/default.yaml,54,config_value,active,no,yes(config 1줄),MED(런타임 자산 로드 실패),(Stage2: paths registry key로 치환 — config/paths.yaml),val_dir: data/pallet/training_data/val
data/pallet/training_data/val,config/stage3_selftrain.yaml,85,config_value,active,no,yes(config 1줄),MED(런타임 자산 로드 실패),(Stage2: paths registry key로 치환 — config/paths.yaml),val_dir: data/pallet/training_data/val
data/pallet/training_data/val,scripts/data_prep/evaluate_on_val.py,12,python_string_literal,active,no,yes(코드 수정 필요),MED,(Stage2: paths registry key로 치환 — config/paths.yaml),--val_dir data/pallet/training_data/val \
data/pallet/training_data/val,scripts/data_prep/visualize_inference.py,9,python_string_literal,active,no,yes(코드 수정 필요),MED,(Stage2: paths registry key로 치환 — config/paths.yaml),--val_dir data/pallet/training_data/val \
data/pallet/training_data/val,scripts/data_prep/visualize_inference.py,185,python_string_literal,active,no,yes(코드 수정 필요),MED,(Stage2: paths registry key로 치환 — config/paths.yaml),"parser.add_argument(""--val_dir"", default=""data/pallet/training_data/val"")"
data/pallet/training_data/val,scripts/data_prep/visualize_pretrain.py,192,python_string_literal,active,no,yes(코드 수정 필요),MED,(Stage2: paths registry key로 치환 — config/paths.yaml),syn_imgs = sorted(glob.glob('data/pallet/training_data/val/*.png'))
data/pallet/training_data_v4,scripts/data_prep/blender/gen_4pallet_mask.py,32,python_string_literal,active,no,yes(코드 수정 필요),MED,(Stage2: paths registry key로 치환 — config/paths.yaml),--out_dir data/pallet/training_data_v4 --overlay_every 1
data/pallet/training_data_v4,scripts/data_prep/blender/gen_4pallet_mask.py,672,python_string_literal,active,no,yes(코드 수정 필요),MED,(Stage2: paths registry key로 치환 — config/paths.yaml),"p.add_argument(""--out_dir"", default=""data/pallet/training_data_v4"")"
data/pallet/training_data_v4,scripts/data_prep/blender/gen_dataset_v4.py,32,python_string_literal,active,no,yes(코드 수정 필요),MED,(Stage2: paths registry key로 치환 — config/paths.yaml),--out_dir data/pallet/training_data_v4 --overlay_every 1
data/pallet/training_data_v4,scripts/data_prep/blender/gen_dataset_v4.py,479,python_string_literal,active,no,yes(코드 수정 필요),MED,(Stage2: paths registry key로 치환 — config/paths.yaml),"p.add_argument(""--out_dir"", default=""data/pallet/training_data_v4"")"
data/pallet/training_data_v4,scripts/data_prep/blender/run_dataset_v4.sh,28,shell_command,active,no,yes(코드 수정 필요),MED,(Stage2: paths registry key로 치환 — config/paths.yaml),#        --out_dir data/pallet/training_data_v4 \
data/pallet/training_data_v4,scripts/data_prep/blender/run_dataset_v4.sh,34,shell_command,active,no,yes(코드 수정 필요),MED,(Stage2: paths registry key로 치환 — config/paths.yaml),"OUT_DIR=""data/pallet/training_data_v4"""
data/pallet/training_data_v4,scripts/data_prep/blender/_verify_repilot.py,21,python_string_literal,active,no,yes(코드 수정 필요),MED,(Stage2: paths registry key로 치환 — config/paths.yaml),"ROOT = sys.argv[1] if len(sys.argv) > 1 else ""data/pallet/training_data_v4"""
data/pallet/training_data_v4_split,scripts/data_prep/blender/_restructure_to_r3.py,20,python_string_literal,active,no,yes(코드 수정 필요),MED,(Stage2: paths registry key로 치환 — config/paths.yaml),--root data/pallet/training_data_v4_split \
data/pallet/trunc_addon_v1,scripts/data_prep/blender/audit_trunc_addon.py,12,python_string_literal,active,no,yes(코드 수정 필요),MED,(Stage2: paths registry key로 치환 — config/paths.yaml),Usage:  python audit_trunc_addon.py --dir E:/.../data/pallet/trunc_addon_v1
data/pallet/trunc_addon_v1,scripts/data_prep/blender/gen_trunc_addon.py,38,python_string_literal,active,no,yes(코드 수정 필요),MED,(Stage2: paths registry key로 치환 — config/paths.yaml),"DEFAULT_OUT_BASE = r""E:/CODING/GitHub/FoundationPose/data/pallet/trunc_addon_v1"""
data/pallet/trunc_addon_v1,scripts/data_prep/blender/run_trunc_addon.py,8,python_string_literal,active,no,yes(코드 수정 필요),MED,(Stage2: paths registry key로 치환 — config/paths.yaml),--num_frames 300 --out data/pallet/trunc_addon_v1 --seed 1234
data/pallet/trunc_addon_v1,scripts/data_prep/blender/run_trunc_addon.py,29,python_string_literal,active,no,yes(코드 수정 필요),MED,(Stage2: paths registry key로 치환 — config/paths.yaml),"default=r""E:/CODING/GitHub/FoundationPose/data/pallet/trunc_addon_v1"")"
data/pallet,reports/v2_overlay_fix/final_report.md,206,markdown_doc,doc,yes,yes(문서 텍스트),LOW(문서만),(Stage2: paths registry key로 치환 — config/paths.yaml),- 지시에 있던 `_v2_cleanbase_smoke20_seed7100`은 **존재하지 않아 건너뜀**(`data/pallet/`에
data/pallet,reports/v2_overlay_fix/final_report.md,518,markdown_doc,doc,yes,yes(문서 텍스트),LOW(문서만),(Stage2: paths registry key로 치환 — config/paths.yaml),- 데이터 산출물은 `data/pallet/` 아래(gitignore 대상):
data/pallet,_docs/dataset_license_ledger.md,7,markdown_doc,doc,yes,yes(문서 텍스트),LOW(문서만),(Stage2: paths registry key로 치환 — config/paths.yaml),- 감사 범위: `data/pallet/` + `data/palletobj/` 트리 전수 열거
data/pallet,_docs/dataset_license_ledger.md,116,markdown_doc,doc,yes,yes(문서 텍스트),LOW(문서만),(Stage2: paths registry key로 치환 — config/paths.yaml),pallet_full    data/palletobj/pallet_full.obj(.mtl)  본인 촬영    사용자(본인)   본인 IP(자작) Y     -
data/pallet,_docs/dataset_license_ledger.md,117,markdown_doc,doc,yes,yes(문서 텍스트),LOW(문서만),(Stage2: paths registry key로 치환 — config/paths.yaml),+diffuse텍스  data/palletobj/laydown_u1_v1_diffuse  photogram.   사용자(본인)   본인 IP      Y     -
data/pallet,_docs/history/2026-06-23.md,6,markdown_doc,doc,yes,yes(문서 텍스트),LOW(문서만),(Stage2: paths registry key로 치환 — config/paths.yaml),사용자 직접 촬영 photogrammetry 팔레트(`data/palletobj/pallet_full.obj`)만 쓰는 합성
data/pallet,_docs/history/2026-06-23.md,67,markdown_doc,doc,yes,yes(문서 텍스트),LOW(문서만),(Stage2: paths registry key로 치환 — config/paths.yaml),"- 산출(검증용, 사본): `data/pallet/_mesh_proc_compare/`(orig/proc/remesh side·top), `_mask_poc/holdout_mask.png`. 원본 `data/palletobj/pallet_full.obj` 미변경."
data/pallet,_docs/history/2026-07-03.md,25,markdown_doc,doc,yes,yes(문서 텍스트),LOW(문서만),(Stage2: paths registry key로 치환 — config/paths.yaml),- 로그: `data/pallet/<name>_gen.log` (기존 네이밍 일치). 완료 후 png/mask/json 카운트 출력.
data/pallet,_docs/history/2026-07-06.md,15,markdown_doc,doc,yes,yes(문서 텍스트),LOW(문서만),(Stage2: paths registry key로 치환 — config/paths.yaml),- 저장소 전체 `*.obj` 검색 → 팔레트 OBJ는 `data/palletobj/pallet_full.obj` **1개뿐**(단일 추론 팔레트).
data/pallet,_docs/history/2026-07-28.md,124,markdown_doc,doc,yes,yes(문서 텍스트),LOW(문서만),(Stage2: paths registry key로 치환 — config/paths.yaml),"6. **소형 Blender 스모크를 2프레임 × 2프로파일 실행했다**(지시상 선택 사항). 렌더 루프를 실제로 바꿨기 때문에 bpy-free 테스트만으로는 ""M1~M3를 정말 안 그린다""를 증명할 수 없어서다. 출력은 스크래치패드에 두었고 `data/pallet/` 아래에는 아무것도 만들지 않았다."
data/pallet,_docs/history/2026-07-28.md,333,markdown_doc,doc,yes,yes(문서 텍스트),LOW(문서만),(Stage2: paths registry key로 치환 — config/paths.yaml),- `data/pallet/_v2_cleanbase_smoke20_seed7100` — **존재하지 않음**. `data/pallet/` 전체에
data/pallet,_docs/history/2026-07-28.md,572,markdown_doc,doc,yes,yes(문서 텍스트),LOW(문서만),(Stage2: paths registry key로 치환 — config/paths.yaml),`data/pallet/` 아래에는 만들지 않았다.
data/pallet,_docs/history/2026-07-28.md,681,markdown_doc,doc,yes,yes(문서 텍스트),LOW(문서만),(Stage2: paths registry key로 치환 — config/paths.yaml),probe 출력은 스크래치패드에만 만들었고 `data/pallet/`은 건드리지 않았다.
data/pallet,_docs/method/implementation.md,9,markdown_doc,doc,yes,yes(문서 텍스트),LOW(문서만),(Stage2: paths registry key로 치환 — config/paths.yaml),├── data/pallet/
data/pallet/_DISTRIBUTION_EXCLUDE.txt,_docs/dataset_license_ledger.md,311,markdown_doc,doc,yes,yes(문서 텍스트),LOW(문서만),(Stage2: paths registry key로 치환 — config/paths.yaml),배포 제외 처리 = `data/pallet/_DISTRIBUTION_EXCLUDE.txt`(isaac_assets/ + _noai_quarantine_usd/ 등재).
data/pallet/_DISTRIBUTION_EXCLUDE.txt,_docs/history/2026-07-24.md,68,markdown_doc,doc,yes,yes(문서 텍스트),LOW(문서만),(Stage2: paths registry key로 치환 — config/paths.yaml),- **A3 (B6)**: `.gitignore`가 data/ 이미 제외[확인] → `data/pallet/_DISTRIBUTION_EXCLUDE.txt`(isaac_assets/+_noai_quarantine_usd/+작업산출물) 생성.
data/pallet/_cam_test10,_docs/history/2026-06-16.md,369,markdown_doc,doc,no,yes(문서 텍스트),LOW(문서만),(Stage2: paths registry key로 치환 — config/paths.yaml),- `blender -b data/pallet/blender_scene/synth_data_scene.blend --python scripts/data_prep/blender/gen_dataset_v4.py -- --split train --start_idx 0 --num_frames 10 --seed 9300 --out_dir data/pallet/_cam_test10 --overlay_every 1`
data/pallet/_cam_test10/train/{images,_docs/history/2026-06-16.md,371,markdown_doc,doc,pattern,yes(문서 텍스트),LOW(문서만),(Stage2: paths registry key로 치환 — config/paths.yaml),"- 출력: `data/pallet/_cam_test10/train/{images,json,overlay,_crop}/` (각 10개)"
data/pallet/_cam_test10b/train,_docs/history/2026-06-16.md,412,markdown_doc,doc,no,yes(문서 텍스트),LOW(문서만),(Stage2: paths registry key로 치환 — config/paths.yaml),"### 결과 (seed9300, 10장, data/pallet/_cam_test10b/train/)"
data/pallet/_diag_pallet3,_docs/history/2026-06-16.md,329,markdown_doc,doc,no,yes(문서 텍스트),LOW(문서만),(Stage2: paths registry key로 치환 — config/paths.yaml),- 진단: `data/pallet/_diag_pallet3/`(variant 그리드/HDRI 비교/clean crop)
data/pallet/_efront_12kp_check,_docs/history/2026-07-23.md,7,markdown_doc,doc,no,yes(문서 텍스트),LOW(문서만),(Stage2: paths registry key로 치환 — config/paths.yaml),### 1. 기하 측정 (read-only) → `data/pallet/_efront_12kp_check/`
data/pallet/_efront_12kp_check/efront_measurements.json,scripts/data_prep/efront_calibration/README.md,11,markdown_doc,doc,no,yes(문서 텍스트),LOW(문서만),(Stage2: paths registry key로 치환 — config/paths.yaml),- 출력 JSON = data/pallet/_efront_12kp_check/efront_measurements.json (대용량 산출물이라 gitignore)
data/pallet/_efront_12kp_check/kp12_validate,_docs/history/2026-07-23.md,25,markdown_doc,doc,no,yes(문서 텍스트),LOW(문서만),(Stage2: paths registry key로 치환 — config/paths.yaml),### 5. 검증 (통과) → `data/pallet/_efront_12kp_check/kp12_validate/`
data/pallet/_emptywood_test/_smoke15_sheet.jpg,_docs/history/2026-06-17.md,201,markdown_doc,doc,no,yes(문서 텍스트),LOW(문서만),(Stage2: paths registry key로 치환 — config/paths.yaml),"- 시트: `data/pallet/_emptywood_test/_smoke15_sheet.jpg`, stats: `data/pallet/_emptywood_test/logs/stats_test_batch_000_chunk_000000.json`"
data/pallet/_emptywood_test/logs/stats_test_batch_000_chunk_000000.json,_docs/history/2026-06-17.md,201,markdown_doc,doc,no,yes(문서 텍스트),LOW(문서만),(Stage2: paths registry key로 치환 — config/paths.yaml),"- 시트: `data/pallet/_emptywood_test/_smoke15_sheet.jpg`, stats: `data/pallet/_emptywood_test/logs/stats_test_batch_000_chunk_000000.json`"
data/pallet/_emptywood_test/test_batch_000,_docs/history/2026-06-17.md,196,markdown_doc,doc,no,yes(문서 텍스트),LOW(문서만),(Stage2: paths registry key로 치환 — config/paths.yaml),"### 소량 검증 (15장, headless, `data/pallet/_emptywood_test/test_batch_000/`)"
data/pallet/_emptywood_test/test_batch_000,_docs/history/2026-06-17.md,197,markdown_doc,doc,no,yes(문서 텍스트),LOW(문서만),(Stage2: paths registry key로 치환 — config/paths.yaml),- 커맨드: `EMPTYWOOD_WOOD_ONLY=1 EMPTYWOOD_NO_CARGO=1 blender -b synth_data_scene.blend --python gen_dataset_v4.py -- --split train --flat_out --start_idx 0 --num_frames 15 --seed 9100 --out_dir data/pallet/_emptywood_test/test_batch_000 --overlay_every
data/pallet/_floor_fix_test/_sheet.png,_docs/history/2026-06-16.md,617,markdown_doc,doc,no,yes(문서 텍스트),LOW(문서만),(Stage2: paths registry key로 치환 — config/paths.yaml),- 비교 렌더 6종 → `data/pallet/_floor_fix_test/_sheet.png`:
data/pallet/_floor_fix_test/_sheet.png,_docs/history/changelog.md,126,markdown_doc,doc,no,yes(문서 텍스트),LOW(문서만),(Stage2: paths registry key로 치환 — config/paths.yaml),"- 2026-06-16: 바닥 텍스처 항상 회색 버그 수정 — floor_texture 라벨 무관 회색. 원인=randomize_background가 매프레임 BG_industrial 재노출→자체 `Floor*_Asphalt_0` 20장(z≈0)이 FloorRandPlane(z=-6mm) 가림(raycast plane 0.7%↔asphalt 93%, 사용자 가설 CONFIRMED). 수정=blender_config FLOOR_BG_GROUND_"
data/pallet/_floor_smoke10,_docs/history/2026-06-17.md,66,markdown_doc,doc,no,yes(문서 텍스트),LOW(문서만),(Stage2: paths registry key로 치환 — config/paths.yaml),--split train --flat_out --start_idx 0 --num_frames 10 --seed 9100 --out_dir data/pallet/_floor_smoke10 --overlay_every 1`
data/pallet/_floor_smoke10,_docs/history/2026-06-17.md,68,markdown_doc,doc,no,yes(문서 텍스트),LOW(문서만),(Stage2: paths registry key로 치환 — config/paths.yaml),"- exit 0, 4.5s/frame, pass=34.5%. 출력 `data/pallet/_floor_smoke10/`(training_data_v4·_bg1bak 미변경)."
data/pallet/_floor_smoke10/_sheet_overlay.jpg,_docs/history/2026-06-17.md,93,markdown_doc,doc,no,yes(문서 텍스트),LOW(문서만),(Stage2: paths registry key로 치환 — config/paths.yaml),- `data/pallet/_floor_smoke10/_sheet_overlay.jpg` (cuboid/0123 라벨)
data/pallet/_floor_smoke10/_sheet_raw.jpg,_docs/history/2026-06-17.md,92,markdown_doc,doc,no,yes(문서 텍스트),LOW(문서만),(Stage2: paths registry key로 치환 — config/paths.yaml),- `data/pallet/_floor_smoke10/_sheet_raw.jpg` (바닥/접지 육안)
data/pallet/_floor_test10/{000000..000009.png,_docs/history/2026-06-16.md,48,markdown_doc,doc,pattern,yes(문서 텍스트),LOW(문서만),(Stage2: paths registry key로 치환 — config/paths.yaml),"- 저장: `data/pallet/_floor_test10/{000000..000009.png, .json, overlay/*.png, _SHEET_full.png}`."
data/pallet/_floor_uv_test,_docs/history/2026-06-17.md,171,markdown_doc,doc,no,yes(문서 텍스트),LOW(문서만),(Stage2: paths registry key로 치환 — config/paths.yaml),개별: `data/pallet/_floor_uv_test/<tex>_mpt<val>.png` (15장)
data/pallet/_floor_uv_test/_sheet.png,_docs/history/2026-06-17.md,51,markdown_doc,doc,no,yes(문서 텍스트),LOW(문서만),(Stage2: paths registry key로 치환 — config/paths.yaml),"- 비교 시트: `data/pallet/_floor_uv_test/_sheet.png` (행=텍스처, 열=metres_per_tile, 라벨 포함)"
data/pallet/_floor_uv_test/_sheet.png,_docs/history/2026-06-17.md,170,markdown_doc,doc,no,yes(문서 텍스트),LOW(문서만),(Stage2: paths registry key로 치환 — config/paths.yaml),"시트: `data/pallet/_floor_uv_test/_sheet.png` (행=텍스처, 열=mpt 1.0/1.5/2.0/3.0/6.0)"
data/pallet/_floor_uv_test/{tex,_docs/history/2026-06-17.md,52,markdown_doc,doc,pattern,yes(문서 텍스트),LOW(문서만),(Stage2: paths registry key로 치환 — config/paths.yaml),- 개별 렌더 15장: `data/pallet/_floor_uv_test/{tex}_mpt{val}.png`
data/pallet/_mask_poc/holdout_mask.png,_docs/history/2026-06-23.md,17,markdown_doc,doc,no,yes(문서 텍스트),LOW(문서만),(Stage2: paths registry key로 치환 — config/paths.yaml),"- **채택 = 2-pass holdout**: 메인 렌더 후, 팔레트만 흰 emission / 나머지 메시 전부 검정 emission / world=None / view_transform=Standard 로 1패스 더 렌더 → 이진 visible mask. occluder·cargo가 검정으로 가린 부분이 자동 제외됨. PoC `data/pallet/_mask_poc/holdout_mask.png`로 팔레트 흰 실루엣·구멍 검정 제외 확인."
data/pallet/_mask_test10,_docs/history/2026-06-23.md,34,markdown_doc,doc,no,yes(문서 텍스트),LOW(문서만),(Stage2: paths registry key로 치환 — config/paths.yaml),"- 명령: `""/c/Program Files/Blender Foundation/Blender 5.1/blender.exe"" -b data/pallet/blender_scene/_sandbox_palletobj_production.blend --python scripts/data_prep/blender/run_mass_10k.py -- --num_frames 10 --out data/pallet/_mask_test10 --seed 777 --pr"
data/pallet/_mat_test10,_docs/history/2026-06-16.md,202,markdown_doc,doc,no,yes(문서 텍스트),LOW(문서만),(Stage2: paths registry key로 치환 — config/paths.yaml),- 명령: `blender -b synth_data_scene.blend --python gen_dataset_v4.py -- --split train --start_idx 0 --num_frames 10 --seed 91000 --out_dir data/pallet/_mat_test10 --overlay_every 1`
data/pallet/_mat_test10/train/{images,_docs/history/2026-06-16.md,205,markdown_doc,doc,pattern,yes(문서 텍스트),LOW(문서만),(Stage2: paths registry key로 치환 — config/paths.yaml),"- 저장: `data/pallet/_mat_test10/train/{images,json,overlay,_crop}/` (training_data_v4 미변경)."
data/pallet/_mat_test10b,_docs/history/2026-06-16.md,243,markdown_doc,doc,no,yes(문서 텍스트),LOW(문서만),(Stage2: paths registry key로 치환 — config/paths.yaml),"- 10장(gen_dataset_v4 `--out_dir data/pallet/_mat_test10b`, 4.5s/frame, pass 27.8%):"
data/pallet/_mat_test10c/train/{images,_docs/history/2026-06-16.md,294,markdown_doc,doc,pattern,yes(문서 텍스트),LOW(문서만),(Stage2: paths registry key로 치환 — config/paths.yaml),"출력: `data/pallet/_mat_test10c/train/{images,json,overlay,_crop}/` + `closeup/`. (training_data_v4 미변경)"
data/pallet/_mat_test10d,_docs/history/2026-06-16.md,324,markdown_doc,doc,no,yes(문서 텍스트),LOW(문서만),(Stage2: paths registry key로 치환 — config/paths.yaml),"- 혼합 10장(`_regen_mixed10.py`) → `data/pallet/_mat_test10d/`(scene 4/2/4): scene_3 R-B +38~+58, scene_2 +38/+40, scene_1(플라스틱) +4/−3/+19(중립=정상). conn 전수0, front_near 전수True, teal 0. crop 육안 scene_3 deck 갈색결 = scene_2와 동질."
data/pallet/_mat_test10d,_docs/history/2026-06-16.md,328,markdown_doc,doc,no,yes(문서 텍스트),LOW(문서만),(Stage2: paths registry key로 치환 — config/paths.yaml),"- 검증 데이터: `data/pallet/_mat_test10d/`, `data/pallet/_mat_test10d_scene3/`"
data/pallet/_mat_test10d_scene3,_docs/history/2026-06-16.md,323,markdown_doc,doc,no,yes(문서 텍스트),LOW(문서만),(Stage2: paths registry key로 치환 — config/paths.yaml),"- scene_3 강제 6장(`_regen_scene3.py`, weights [0,0,0,1]) → `data/pallet/_mat_test10d_scene3/`: conn 전수0, front_near 전수True, deck R-B +14~+47 전부 warm. clean crop 육안 갈색 목재결."
data/pallet/_mat_test10d_scene3,_docs/history/2026-06-16.md,328,markdown_doc,doc,no,yes(문서 텍스트),LOW(문서만),(Stage2: paths registry key로 치환 — config/paths.yaml),"- 검증 데이터: `data/pallet/_mat_test10d/`, `data/pallet/_mat_test10d_scene3/`"
data/pallet/_mat_test10e,_docs/history/2026-06-16.md,349,markdown_doc,doc,no,yes(문서 텍스트),LOW(문서만),(Stage2: paths registry key로 치환 — config/paths.yaml),"### 검증 (data/pallet/_mat_test10e, seed 9100, 10장)"
data/pallet/_mat_test10e/closeup/scene_1_plastic_{0_ind_blue,_docs/history/2026-06-16.md,357,markdown_doc,doc,pattern,yes(문서 텍스트),LOW(문서만),(Stage2: paths registry key로 치환 — config/paths.yaml),"- 클로즈업: `data/pallet/_mat_test10e/closeup/scene_1_plastic_{0_ind_blue,1_black,2_ind_red,3_ind_green}.png`"
data/pallet/_mat_test10e/train/{images,_docs/history/2026-06-16.md,356,markdown_doc,doc,pattern,yes(문서 텍스트),LOW(문서만),(Stage2: paths registry key로 치환 — config/paths.yaml),"- 데이터: `data/pallet/_mat_test10e/train/{images,json,overlay,_crop}/`"
data/pallet/_material_compare,_docs/history/2026-06-16.md,173,markdown_doc,doc,no,yes(문서 텍스트),LOW(문서만),(Stage2: paths registry key로 치환 — config/paths.yaml),"- 출력: `data/pallet/_material_compare/` — `_sheet_Pallet_{1,2,3}.png`(before|woodA|mixedB|wood_drC),"
data/pallet/_mesh_proc_compare,_docs/history/2026-06-23.md,67,markdown_doc,doc,no,yes(문서 텍스트),LOW(문서만),(Stage2: paths registry key로 치환 — config/paths.yaml),"- 산출(검증용, 사본): `data/pallet/_mesh_proc_compare/`(orig/proc/remesh side·top), `_mask_poc/holdout_mask.png`. 원본 `data/palletobj/pallet_full.obj` 미변경."
data/pallet/_noai_quarantine_usd,_docs/dataset_license_ledger.md,60,markdown_doc,doc,no,yes(문서 텍스트),LOW(문서만),(Stage2: paths registry key로 치환 — config/paths.yaml),"- **① USD 격리**: `scene_2/3.usd` → `data/pallet/_noai_quarantine_usd/`(삭제X, provenance 보관, README) [확인]."
data/pallet/_noai_quarantine_usd,_docs/history/2026-07-24.md,50,markdown_doc,doc,no,yes(문서 텍스트),LOW(문서만),(Stage2: paths registry key로 치환 — config/paths.yaml),"- `scene_2.usd`(P2)·`scene_3.usd`(P3) → `data/pallet/_noai_quarantine_usd/` 격리(삭제X, README). ⚠️8+스크립트 참조 → v2 gen 전 repoint 필요."
data/pallet/_noai_quarantine_usd/scene_2.usd,_docs/dataset_license_ledger.md,127,markdown_doc,doc,no,yes(문서 텍스트),LOW(문서만),(Stage2: paths registry key로 치환 — config/paths.yaml),P2 scene_2.usd data/pallet/_noai_quarantine_usd/scene_2.usd   Sketchfab  미확정 CC-BY|NoAI      N     B1(격리)
data/pallet/_noai_quarantine_usd/scene_3.usd,_docs/dataset_license_ledger.md,128,markdown_doc,doc,no,yes(문서 텍스트),LOW(문서만),(Stage2: paths registry key로 치환 — config/paths.yaml),P3 scene_3.usd data/pallet/_noai_quarantine_usd/scene_3.usd   Sketchfab  미확정 CC-BY|NoAI      N     B1(격리)
data/pallet/_pallet_catalog_0123/pallet_0123_row.png,_docs/history/2026-07-23.md,48,markdown_doc,doc,no,yes(문서 텍스트),LOW(문서만),(Stage2: paths registry key로 치환 — config/paths.yaml),"- 4종 팔레트 카탈로그 렌더: `data/pallet/_pallet_catalog_0123/pallet_0123_row.png`(정면 나열), `pallet_0123_side_p0.png`(P0쪽 측면), 스크립트 `render_pallet_catalog{,_side}.py`."
data/pallet/_perm_v4_fix_check/000002_compare.png,_docs/history/2026-07-03.md,62,markdown_doc,doc,no,yes(문서 텍스트),LOW(문서만),(Stage2: paths registry key로 치환 — config/paths.yaml),- 검증: azimuth sweep 수정후 24/24 FRONT 4면 순환. 000002/4/8 FRONT -Y→+X. 오버레이 `data/pallet/_perm_v4_fix_check/000002_compare.png`(4/8도). connector-cross 0/288 유지.
data/pallet/_preview10/{images,_docs/history/2026-06-15.md,31,markdown_doc,doc,pattern,yes(문서 텍스트),LOW(문서만),(Stage2: paths registry key로 치환 — config/paths.yaml),"- 검증표/크롭: `data/pallet/_preview10/{images,json,overlay,_crop}/` 덮어쓰기."
data/pallet/_preview10/{images,_docs/history/2026-06-15.md,65,markdown_doc,doc,pattern,yes(문서 텍스트),LOW(문서만),(Stage2: paths registry key로 치환 — config/paths.yaml),"- 저장: `data/pallet/_preview10/{images,json,overlay}/`, 로그 `run.log`."
data/pallet/_preview10/{images,_docs/history/2026-06-15.md,80,markdown_doc,doc,pattern,yes(문서 텍스트),LOW(문서만),(Stage2: paths registry key로 치환 — config/paths.yaml),"사용자가 overlay를 실제로 보고 지적한 3가지 문제 수정. 산출물 `data/pallet/_preview10/{images,json,overlay}/` 덮어쓰기. seed=20260615 결정적."
data/pallet/_preview10/{images,_docs/history/2026-06-15.md,163,markdown_doc,doc,pattern,yes(문서 텍스트),LOW(문서만),(Stage2: paths registry key로 치환 — config/paths.yaml),"scene 분포 4/4/2, ratio 5/10. 저장: `data/pallet/_preview10/{images,json,overlay}/`."
data/pallet/_preview10/{images,_docs/history/2026-06-15.md,189,markdown_doc,doc,pattern,yes(문서 텍스트),LOW(문서만),(Stage2: paths registry key로 치환 — config/paths.yaml),"저장: `data/pallet/_preview10/{images,json,overlay}/`."
data/pallet/_preview10/{images,_docs/history/2026-06-15.md,239,markdown_doc,doc,pattern,yes(문서 텍스트),LOW(문서만),(Stage2: paths registry key로 치환 — config/paths.yaml),"출력: data/pallet/_preview10/{images,json,overlay,_crop}/"
data/pallet/_procedural_textures,_docs/dataset_license_ledger.md,258,markdown_doc,doc,no,yes(문서 텍스트),LOW(문서만),(Stage2: paths registry key로 치환 — config/paths.yaml),_procedural_textures  data/pallet/_procedural_textures/ 절차생성(자작)  스크립트     자작(CC0급)      Y     -(현 미사용)
data/pallet/_split_test,_docs/history/2026-06-16.md,440,markdown_doc,doc,no,yes(문서 텍스트),LOW(문서만),(Stage2: paths registry key로 치환 — config/paths.yaml),"### 소량 검증 (data/pallet/_split_test, 검증 후 삭제됨)"
data/pallet/_test_topview,_docs/history/2026-06-15.md,290,markdown_doc,doc,no,yes(문서 텍스트),LOW(문서만),(Stage2: paths registry key로 치환 — config/paths.yaml),"- N=24, Blender 5.1 headless + synth_data_scene.blend, Cycles 24spp. out=`data/pallet/_test_topview/`."
data/pallet/_test_topview/{images,_docs/history/2026-06-15.md,318,markdown_doc,doc,pattern,yes(문서 텍스트),LOW(문서만),(Stage2: paths registry key로 치환 — config/paths.yaml),"- 저장: `data/pallet/_test_topview/{images,json,overlay,_crop}/` + `_summary.json` + `_run.log`."
data/pallet/_tmp_ph,_docs/dataset_license_ledger.md,266,markdown_doc,doc,yes,yes(문서 텍스트),LOW(문서만),(Stage2: paths registry key로 치환 — config/paths.yaml),https://polyhaven.com/a/weathered_planks . (다운로드 CDN URL 원본은 `data/pallet/_tmp_ph/*_files.json`.)
data/pallet/_v2_b3_check,_docs/blender_mcp_onboarding.md,138,markdown_doc,doc,yes,yes(문서 텍스트),LOW(문서만),(Stage2: paths registry key로 치환 — config/paths.yaml),# (c) B3 자산체크 (첫 실렌더 5프레임 + magenta 서브테스트) -> data/pallet/_v2_b3_check/
data/pallet/_v2_b3_check,_docs/blender_mcp_onboarding.md,142,markdown_doc,doc,yes,yes(문서 텍스트),LOW(문서만),(Stage2: paths registry key로 치환 — config/paths.yaml),--out data/pallet/_v2_b3_check --seed 7000 --n 5
data/pallet/_v2_b3_check,_docs/history/2026-07-25.md,26,markdown_doc,doc,yes,yes(문서 텍스트),LOW(문서만),(Stage2: paths registry key로 치환 — config/paths.yaml),"### ★3 필수확인 — 전부 PASS (실렌더 검증, 산출물 `data/pallet/_v2_b3_check/`)"
data/pallet/_v2_calib_200,_docs/blender_mcp_onboarding.md,144,markdown_doc,doc,yes,yes(문서 텍스트),LOW(문서만),(Stage2: paths registry key로 치환 — config/paths.yaml),# (d) 200장 캘리브 (target vs actual 6종 분석) -> data/pallet/_v2_calib_200/
data/pallet/_v2_calib_200,_docs/history/2026-07-25.md,48,markdown_doc,doc,yes,yes(문서 텍스트),LOW(문서만),(Stage2: paths registry key로 치환 — config/paths.yaml),"렌더: `generate_accepted(200, seed=7000)` → 200/200 realize OK(0 실패), ~4.5s/frame·891s, solve pass-rate 0.797(51 reject/251). 파일럿·본렌더·commit 안 함. 산출물 `data/pallet/_v2_calib_200/`(rgb200·labels200·mask600·analysis/{a1~a5.png,phaseD_analysis_report.txt,p"
data/pallet/_v2_cleanbase_smoke20_seed7100,_docs/history/2026-07-28.md,333,markdown_doc,doc,no,yes(문서 텍스트),LOW(문서만),(Stage2: paths registry key로 치환 — config/paths.yaml),- `data/pallet/_v2_cleanbase_smoke20_seed7100` — **존재하지 않음**. `data/pallet/` 전체에
data/pallet/_v2_ph7_regress_base,_docs/history/2026-07-27.md,1133,markdown_doc,doc,yes,yes(문서 텍스트),LOW(문서만),(Stage2: paths registry key로 치환 — config/paths.yaml),- `data/pallet/_v2_ph7_regress_base|_new|_final/` — records 모드 회귀 비교쌍
data/pallet/_v2_ph7_usable10,_docs/history/2026-07-27.md,1130,markdown_doc,doc,yes,yes(문서 텍스트),LOW(문서만),(Stage2: paths registry key로 치환 — config/paths.yaml),- `data/pallet/_v2_ph7_usable10/` — usable 10장 + rejected 로그 + manifest + README
data/pallet/_v2_ph7_usable10/eda/paper_continuous,_docs/history/2026-07-27.md,1418,markdown_doc,doc,yes,yes(문서 텍스트),LOW(문서만),(Stage2: paths registry key로 치환 — config/paths.yaml),- `data/pallet/_v2_ph7_usable10/eda/paper_continuous/` (동일 구성)
data/pallet/_v2_ph7_usable_resume12,_docs/history/2026-07-27.md,1132,markdown_doc,doc,yes,yes(문서 텍스트),LOW(문서만),(Stage2: paths registry key로 치환 — config/paths.yaml),- `data/pallet/_v2_ph7_usable_resume12/` — resume 확장(12장)
data/pallet/_v2_pilot_2k,_docs/blender_mcp_onboarding.md,149,markdown_doc,doc,yes,yes(문서 텍스트),LOW(문서만),(Stage2: paths registry key로 치환 — config/paths.yaml),"# (e) 파일럿 2k (chunk launcher: 200장/fresh Blender, OOM 방지, resume) -> data/pallet/_v2_pilot_2k/"
data/pallet/_v2_pilot_2k,_docs/blender_mcp_onboarding.md,154,markdown_doc,doc,yes,yes(문서 텍스트),LOW(문서만),(Stage2: paths registry key로 치환 — config/paths.yaml),--dir data/pallet/_v2_pilot_2k --n_overlay 30
data/pallet/_v2_pilot_2k,_docs/blender_mcp_onboarding.md,158,markdown_doc,doc,yes,yes(문서 텍스트),LOW(문서만),(Stage2: paths registry key로 치환 — config/paths.yaml),--dir data/pallet/_v2_pilot_2k
data/pallet/_v2_pilot_2k,_docs/blender_mcp_onboarding.md,166,markdown_doc,doc,yes,yes(문서 텍스트),LOW(문서만),(Stage2: paths registry key로 치환 — config/paths.yaml),### 3.1 v2 파일럿 출력 레이아웃 (`data/pallet/_v2_pilot_2k/`)
data/pallet/_v2_pilot_2k,_docs/history/2026-07-25.md,90,markdown_doc,doc,yes,yes(문서 텍스트),LOW(문서만),(Stage2: paths registry key로 치환 — config/paths.yaml),사용자 승인(감사 통과 후 40k는 별도 승인)으로 파일럿 2k 진행. 산출물 전부 `data/pallet/_v2_pilot_2k/`. commit/40k 안 함.
data/pallet/_v2_pilot_2k/diagnosis,_docs/history/2026-07-25.md,109,markdown_doc,doc,yes,yes(문서 텍스트),LOW(문서만),(Stage2: paths registry key로 치환 — config/paths.yaml),### 6. ★진단 패키지 (data-engineer) — `data/pallet/_v2_pilot_2k/diagnosis/`
data/pallet/_v2_pilot_2k/diagnosis/pilot_frames.csv,_docs/history/2026-07-26.md,166,markdown_doc,doc,yes,yes(문서 텍스트),LOW(문서만),(Stage2: paths registry key로 치환 — config/paths.yaml),기준 파일: `data/pallet/_v2_pilot_2k/diagnosis/pilot_frames.csv`.
data/pallet/_v2_publicmask_overlay_smoke8,reports/v2_overlay_fix/final_report.md,228,markdown_doc,doc,yes,yes(문서 텍스트),LOW(문서만),(Stage2: paths registry key로 치환 — config/paths.yaml),- `--out data/pallet/_v2_publicmask_overlay_smoke8 --seed 7000 --n 8 --completion-mode usable
data/pallet/_v2_publicmask_overlay_smoke8,_docs/history/2026-07-28.md,487,markdown_doc,doc,yes,yes(문서 텍스트),LOW(문서만),(Stage2: paths registry key로 치환 — config/paths.yaml),--out data/pallet/_v2_publicmask_overlay_smoke8 \
data/pallet/_v2_publicmask_overlay_smoke8,_docs/history/2026-07-28.md,494,markdown_doc,doc,yes,yes(문서 텍스트),LOW(문서만),(Stage2: paths registry key로 치환 — config/paths.yaml),--dir data/pallet/_v2_publicmask_overlay_smoke8 \
data/pallet/_v2_publicmask_overlay_smoke8,_docs/history/2026-07-28.md,495,markdown_doc,doc,yes,yes(문서 텍스트),LOW(문서만),(Stage2: paths registry key로 치환 — config/paths.yaml),--out data/pallet/_v2_publicmask_overlay_smoke8      # -> <dir>/overlay/
data/pallet/_v2_publicmask_overlay_smoke8,_docs/history/2026-07-28.md,655,markdown_doc,doc,yes,yes(문서 텍스트),LOW(문서만),(Stage2: paths registry key로 치환 — config/paths.yaml),data/pallet/_v2_publicmask_overlay_smoke8/
data/pallet/_v2_publicmask_overlay_smoke8,_docs/history/changelog.md,142,markdown_doc,doc,yes,yes(문서 텍스트),LOW(문서만),(Stage2: paths registry key로 치환 — config/paths.yaml),"- 2026-07-28: 8-frame public-mask + archive-overlay end-to-end 스모크(실제 Blender) — `--completion-mode usable --n 8 --mask-profile public --render-profile dataset-quality --noise-tier clean`, seed 7000, out=`data/pallet/_v2_publicmask_overlay_smoke8`, *"
data/pallet/_v2_publicmask_overlay_smoke8/overlay/f0000..f0007.png,reports/v2_overlay_fix/final_report.md,297,markdown_doc,doc,no,yes(문서 텍스트),LOW(문서만),(Stage2: paths registry key로 치환 — config/paths.yaml),- 8-frame public smoke의 overlay는 `data/pallet/_v2_publicmask_overlay_smoke8/overlay/f0000..f0007.png`.
data/pallet/_v2_scene_logic,_docs/history/2026-07-26-v2-attempt-log.md,402,markdown_doc,doc,no,yes(문서 텍스트),LOW(문서만),(Stage2: paths registry key로 치환 — config/paths.yaml),아래 인덱스는 2026-07-26 종료 시점 `data/pallet/_v2_scene_logic*` 디렉터리 133개를 시간순으로 분류한 것이다. 이름이 길어 공통 접두사 `data/pallet/_v2_scene_logic_`는 생략했다. `empty`는 디렉터리는 있지만 완결된 `records.jsonl` record가 없는 실행이다.
data/pallet/_v2_scene_logic_,_docs/history/2026-07-26-v2-attempt-log.md,402,markdown_doc,doc,no,yes(문서 텍스트),LOW(문서만),(Stage2: paths registry key로 치환 — config/paths.yaml),아래 인덱스는 2026-07-26 종료 시점 `data/pallet/_v2_scene_logic*` 디렉터리 133개를 시간순으로 분류한 것이다. 이름이 길어 공통 접두사 `data/pallet/_v2_scene_logic_`는 생략했다. `empty`는 디렉터리는 있지만 완결된 `records.jsonl` record가 없는 실행이다.
data/pallet/_v2_scene_logic_500_seed7500,reports/v2_revision/pnp_threshold_study.md,3,markdown_doc,doc,yes,yes(문서 텍스트),LOW(문서만),(Stage2: paths registry key로 치환 — config/paths.yaml),- dataset: `E:\CODING\GitHub\FoundationPose\data\pallet\_v2_scene_logic_500_seed7500`
data/pallet/_v2_scene_logic_500_seed7500,_docs/history/2026-07-26-v2-attempt-log.md,289,markdown_doc,doc,yes,yes(문서 텍스트),LOW(문서만),(Stage2: paths registry key로 치환 — config/paths.yaml),정본 출력: `data/pallet/_v2_scene_logic_500_seed7500`
data/pallet/_v2_scene_logic_500_seed7500,_docs/history/2026-07-26-v2-attempt-log.md,348,markdown_doc,doc,yes,yes(문서 텍스트),LOW(문서만),(Stage2: paths registry key로 치환 — config/paths.yaml),data/pallet/_v2_scene_logic_500_seed7500/
data/pallet/_v2_scene_logic_500_seed7500,_docs/history/2026-07-26.md,135,markdown_doc,doc,yes,yes(문서 텍스트),LOW(문서만),(Stage2: paths registry key로 치환 — config/paths.yaml),- `data/pallet/_v2_scene_logic_500_seed7500`
data/pallet/_v2_scene_logic_500_seed7500,_docs/history/2026-07-27.md,467,markdown_doc,doc,yes,yes(문서 텍스트),LOW(문서만),(Stage2: paths registry key로 치환 — config/paths.yaml),"`data/pallet/_v2_scene_logic_500_seed7500` (435 rendered frame, Phase 1 이전 산출물 — 현재 저장소에"
data/pallet/_v2_scene_logic_500_seed7500,_docs/history/2026-07-27.md,667,markdown_doc,doc,yes,yes(문서 텍스트),LOW(문서만),(Stage2: paths registry key로 치환 — config/paths.yaml),`data/pallet/_v2_scene_logic_500_seed7500` (500 records / 435 rendered / 2500 mask 파일):
data/pallet/_v2_scene_logic_500_seed7500,_docs/history/2026-07-27.md,1188,markdown_doc,doc,yes,yes(문서 텍스트),LOW(문서만),(Stage2: paths registry key로 치환 — config/paths.yaml),"### 실측 before/after (`data/pallet/_v2_scene_logic_500_seed7500`, 500 record / 435 rendered)"
data/pallet/_v2_scene_logic_500_seed7500/eda,reports/v2_revision/baseline_inventory.md,310,markdown_doc,doc,yes,yes(문서 텍스트),LOW(문서만),(Stage2: paths registry key로 치환 — config/paths.yaml),(원본 산출물 `data/pallet/_v2_scene_logic_500_seed7500/eda/`). 아래 수치는 **문서 인용**이며
data/pallet/_v2_scene_logic_500_seed7500/eda,_docs/experiments/v2_scene_logic_500_eda_results.md,4,markdown_doc,doc,yes,yes(문서 텍스트),LOW(문서만),(Stage2: paths registry key로 치환 — config/paths.yaml),대상 산출물: `data/pallet/_v2_scene_logic_500_seed7500/eda`
data/pallet/_v2_scene_logic_500_seed7500/eda,_docs/history/2026-07-26-v2-attempt-log.md,349,markdown_doc,doc,yes,yes(문서 텍스트),LOW(문서만),(Stage2: paths registry key로 치환 — config/paths.yaml),data/pallet/_v2_scene_logic_500_seed7500/eda/
data/pallet/_v2_scene_logic_500_seed7500/eda,_docs/history/2026-07-26.md,136,markdown_doc,doc,yes,yes(문서 텍스트),LOW(문서만),(Stage2: paths registry key로 치환 — config/paths.yaml),- EDA: `data/pallet/_v2_scene_logic_500_seed7500/eda`
data/pallet/_v2_scene_logic_500_seed7500/eda/README.md,_docs/experiments/v2_scene_logic_500_eda_results.md,12,markdown_doc,doc,yes,yes(문서 텍스트),LOW(문서만),(Stage2: paths registry key로 치환 — config/paths.yaml),- EDA 산출물 인덱스: [EDA README](../../data/pallet/_v2_scene_logic_500_seed7500/eda/README.md)
data/pallet/_v2_scene_logic_500_seed7500/eda/README.md,_docs/history/2026-07-27.md,7,markdown_doc,doc,yes,yes(문서 텍스트),LOW(문서만),(Stage2: paths registry key로 치환 — config/paths.yaml),"[확인] 사용자가 “차트나 이미지나 표결과 관련해서도 글로 적은 문서”를 요청했다. 기존 `data/pallet/_v2_scene_logic_500_seed7500/eda/README.md`는 산출물 목록과 차트 의미를 설명하지만, 22개 차트 각각의 결과 해석, 분모 차이, 과해석 금지, 논문/README용 서사 구조는 부족했다."
data/pallet/_v2_scene_logic_500_seed7500/eda/audit_frames.csv,_docs/experiments/v2_scene_logic_500_eda_results.md,27,markdown_doc,doc,yes,yes(문서 텍스트),LOW(문서만),(Stage2: paths registry key로 치환 — config/paths.yaml),- `data/pallet/_v2_scene_logic_500_seed7500/eda/audit_frames.csv`
data/pallet/_v2_scene_logic_500_seed7500/eda/audit_frames.csv,_docs/history/2026-07-27.md,20,markdown_doc,doc,yes,yes(문서 텍스트),LOW(문서만),(Stage2: paths registry key로 치환 — config/paths.yaml),- `data/pallet/_v2_scene_logic_500_seed7500/eda/audit_frames.csv`
data/pallet/_v2_scene_logic_500_seed7500/eda/audit_summary.json,_docs/experiments/v2_scene_logic_500_eda_results.md,26,markdown_doc,doc,yes,yes(문서 텍스트),LOW(문서만),(Stage2: paths registry key로 치환 — config/paths.yaml),- `data/pallet/_v2_scene_logic_500_seed7500/eda/audit_summary.json`
data/pallet/_v2_scene_logic_500_seed7500/eda/audit_summary.json,_docs/history/2026-07-27.md,19,markdown_doc,doc,yes,yes(문서 텍스트),LOW(문서만),(Stage2: paths registry key로 치환 — config/paths.yaml),- `data/pallet/_v2_scene_logic_500_seed7500/eda/audit_summary.json`
data/pallet/_v2_scene_logic_500_seed7500/eda/baseline_vs_new.json,_docs/experiments/v2_scene_logic_500_eda_results.md,23,markdown_doc,doc,yes,yes(문서 텍스트),LOW(문서만),(Stage2: paths registry key로 치환 — config/paths.yaml),- `data/pallet/_v2_scene_logic_500_seed7500/eda/baseline_vs_new.json`
data/pallet/_v2_scene_logic_500_seed7500/eda/baseline_vs_new.json,_docs/history/2026-07-27.md,16,markdown_doc,doc,yes,yes(문서 텍스트),LOW(문서만),(Stage2: paths registry key로 치환 — config/paths.yaml),- `data/pallet/_v2_scene_logic_500_seed7500/eda/baseline_vs_new.json`
data/pallet/_v2_scene_logic_500_seed7500/eda/charts,_docs/experiments/v2_scene_logic_500_eda_results.md,29,markdown_doc,doc,yes,yes(문서 텍스트),LOW(문서만),(Stage2: paths registry key로 치환 — config/paths.yaml),- `data/pallet/_v2_scene_logic_500_seed7500/eda/charts/*.png`
data/pallet/_v2_scene_logic_500_seed7500/eda/charts,_docs/history/2026-07-27.md,22,markdown_doc,doc,yes,yes(문서 텍스트),LOW(문서만),(Stage2: paths registry key로 치환 — config/paths.yaml),- `data/pallet/_v2_scene_logic_500_seed7500/eda/charts/*.png`
data/pallet/_v2_scene_logic_500_seed7500/eda/charts,_docs/history/2026-07-27.md,1419,markdown_doc,doc,yes,yes(문서 텍스트),LOW(문서만),(Stage2: paths registry key로 치환 — config/paths.yaml),- `data/pallet/_v2_scene_logic_500_seed7500/eda/charts/` 재생성 (16/17/18 수정본)
data/pallet/_v2_scene_logic_500_seed7500/eda/charts/01_baseline_2k_vs_new_500_gate_fail_rate.png,_docs/experiments/v2_scene_logic_500_eda_results.md,155,markdown_doc,doc,yes,yes(문서 텍스트),LOW(문서만),(Stage2: paths registry key로 치환 — config/paths.yaml),![Baseline 2k와 새 진단의 gate fail rate](../../data/pallet/_v2_scene_logic_500_seed7500/eda/charts/01_baseline_2k_vs_new_500_gate_fail_rate.png)
data/pallet/_v2_scene_logic_500_seed7500/eda/charts/01_baseline_2k_vs_new_500_gate_fail_rate.png,_docs/experiments/v2_scene_logic_500_eda_results.md,183,markdown_doc,doc,yes,yes(문서 텍스트),LOW(문서만),(Stage2: paths registry key로 치환 — config/paths.yaml),파일: [01_baseline_2k_vs_new_500_gate_fail_rate.png](../../data/pallet/_v2_scene_logic_500_seed7500/eda/charts/01_baseline_2k_vs_new_500_gate_fail_rate.png)
data/pallet/_v2_scene_logic_500_seed7500/eda/charts/02_all_pass_rate_by_diagnostic_mode.png,_docs/experiments/v2_scene_logic_500_eda_results.md,159,markdown_doc,doc,yes,yes(문서 텍스트),LOW(문서만),(Stage2: paths registry key로 치환 — config/paths.yaml),![Diagnostic mode별 proposal all-pass](../../data/pallet/_v2_scene_logic_500_seed7500/eda/charts/02_all_pass_rate_by_diagnostic_mode.png)
data/pallet/_v2_scene_logic_500_seed7500/eda/charts/02_all_pass_rate_by_diagnostic_mode.png,_docs/experiments/v2_scene_logic_500_eda_results.md,205,markdown_doc,doc,yes,yes(문서 텍스트),LOW(문서만),(Stage2: paths registry key로 치환 — config/paths.yaml),파일: [02_all_pass_rate_by_diagnostic_mode.png](../../data/pallet/_v2_scene_logic_500_seed7500/eda/charts/02_all_pass_rate_by_diagnostic_mode.png)
data/pallet/_v2_scene_logic_500_seed7500/eda/charts/03_occlusion_source_stacked_contribution_by_mode.png,_docs/experiments/v2_scene_logic_500_eda_results.md,163,markdown_doc,doc,yes,yes(문서 텍스트),LOW(문서만),(Stage2: paths registry key로 치환 — config/paths.yaml),![Mode별 source-decomposed occlusion 평균](../../data/pallet/_v2_scene_logic_500_seed7500/eda/charts/03_occlusion_source_stacked_contribution_by_mode.png)
data/pallet/_v2_scene_logic_500_seed7500/eda/charts/03_occlusion_source_stacked_contribution_by_mode.png,_docs/experiments/v2_scene_logic_500_eda_results.md,228,markdown_doc,doc,yes,yes(문서 텍스트),LOW(문서만),(Stage2: paths registry key로 치환 — config/paths.yaml),파일: [03_occlusion_source_stacked_contribution_by_mode.png](../../data/pallet/_v2_scene_logic_500_seed7500/eda/charts/03_occlusion_source_stacked_contribution_by_mode.png)
data/pallet/_v2_scene_logic_500_seed7500/eda/charts/04_clean_static_f_static_histogram.png,_docs/experiments/v2_scene_logic_500_eda_results.md,246,markdown_doc,doc,yes,yes(문서 텍스트),LOW(문서만),(Stage2: paths registry key로 치환 — config/paths.yaml),파일: [04_clean_static_f_static_histogram.png](../../data/pallet/_v2_scene_logic_500_seed7500/eda/charts/04_clean_static_f_static_histogram.png)
data/pallet/_v2_scene_logic_500_seed7500/eda/charts/05_cargo_only_f_cargo_histogram.png,_docs/experiments/v2_scene_logic_500_eda_results.md,268,markdown_doc,doc,yes,yes(문서 텍스트),LOW(문서만),(Stage2: paths registry key로 치환 — config/paths.yaml),파일: [05_cargo_only_f_cargo_histogram.png](../../data/pallet/_v2_scene_logic_500_seed7500/eda/charts/05_cargo_only_f_cargo_histogram.png)
data/pallet/_v2_scene_logic_500_seed7500/eda/charts/06_context_rich_f_context_histogram.png,_docs/experiments/v2_scene_logic_500_eda_results.md,290,markdown_doc,doc,yes,yes(문서 텍스트),LOW(문서만),(Stage2: paths registry key로 치환 — config/paths.yaml),파일: [06_context_rich_f_context_histogram.png](../../data/pallet/_v2_scene_logic_500_seed7500/eda/charts/06_context_rich_f_context_histogram.png)
data/pallet/_v2_scene_logic_500_seed7500/eda/charts/07_controlled_occlusion_f_target_vs_f_explicit.png,_docs/experiments/v2_scene_logic_500_eda_results.md,167,markdown_doc,doc,yes,yes(문서 텍스트),LOW(문서만),(Stage2: paths registry key로 치환 — config/paths.yaml),![Controlled target과 actual explicit occlusion](../../data/pallet/_v2_scene_logic_500_seed7500/eda/charts/07_controlled_occlusion_f_target_vs_f_explicit.png)
data/pallet/_v2_scene_logic_500_seed7500/eda/charts/07_controlled_occlusion_f_target_vs_f_explicit.png,_docs/experiments/v2_scene_logic_500_eda_results.md,312,markdown_doc,doc,yes,yes(문서 텍스트),LOW(문서만),(Stage2: paths registry key로 치환 — config/paths.yaml),파일: [07_controlled_occlusion_f_target_vs_f_explicit.png](../../data/pallet/_v2_scene_logic_500_seed7500/eda/charts/07_controlled_occlusion_f_target_vs_f_explicit.png)
data/pallet/_v2_scene_logic_500_seed7500/eda/charts/08_f_target_bin_vs_f_explicit_actual_bin.png,_docs/experiments/v2_scene_logic_500_eda_results.md,328,markdown_doc,doc,yes,yes(문서 텍스트),LOW(문서만),(Stage2: paths registry key로 치환 — config/paths.yaml),파일: [08_f_target_bin_vs_f_explicit_actual_bin.png](../../data/pallet/_v2_scene_logic_500_seed7500/eda/charts/08_f_target_bin_vs_f_explicit_actual_bin.png)
data/pallet/_v2_scene_logic_500_seed7500/eda/charts/09_explicit_abs_error_histogram_quantiles.png,_docs/experiments/v2_scene_logic_500_eda_results.md,358,markdown_doc,doc,yes,yes(문서 텍스트),LOW(문서만),(Stage2: paths registry key로 치환 — config/paths.yaml),파일: [09_explicit_abs_error_histogram_quantiles.png](../../data/pallet/_v2_scene_logic_500_seed7500/eda/charts/09_explicit_abs_error_histogram_quantiles.png)
data/pallet/_v2_scene_logic_500_seed7500/eda/charts/10_occluder_side_target_vs_actual.png,_docs/experiments/v2_scene_logic_500_eda_results.md,377,markdown_doc,doc,yes,yes(문서 텍스트),LOW(문서만),(Stage2: paths registry key로 치환 — config/paths.yaml),파일: [10_occluder_side_target_vs_actual.png](../../data/pallet/_v2_scene_logic_500_seed7500/eda/charts/10_occluder_side_target_vs_actual.png)
data/pallet/_v2_scene_logic_500_seed7500/eda/charts/11_anchor_reject_reason_distribution.png,_docs/experiments/v2_scene_logic_500_eda_results.md,409,markdown_doc,doc,yes,yes(문서 텍스트),LOW(문서만),(Stage2: paths registry key로 치환 — config/paths.yaml),파일: [11_anchor_reject_reason_distribution.png](../../data/pallet/_v2_scene_logic_500_seed7500/eda/charts/11_anchor_reject_reason_distribution.png)
data/pallet/_v2_scene_logic_500_seed7500/eda/charts/12_collision_reject_reason_distribution.png,_docs/experiments/v2_scene_logic_500_eda_results.md,427,markdown_doc,doc,yes,yes(문서 텍스트),LOW(문서만),(Stage2: paths registry key로 치환 — config/paths.yaml),파일: [12_collision_reject_reason_distribution.png](../../data/pallet/_v2_scene_logic_500_seed7500/eda/charts/12_collision_reject_reason_distribution.png)
data/pallet/_v2_scene_logic_500_seed7500/eda/charts/13_context_object_count_vs_screen_area.png,_docs/experiments/v2_scene_logic_500_eda_results.md,439,markdown_doc,doc,yes,yes(문서 텍스트),LOW(문서만),(Stage2: paths registry key로 치환 — config/paths.yaml),파일: [13_context_object_count_vs_screen_area.png](../../data/pallet/_v2_scene_logic_500_seed7500/eda/charts/13_context_object_count_vs_screen_area.png)
data/pallet/_v2_scene_logic_500_seed7500/eda/charts/14_context_screen_area_vs_f_context.png,_docs/experiments/v2_scene_logic_500_eda_results.md,461,markdown_doc,doc,yes,yes(문서 텍스트),LOW(문서만),(Stage2: paths registry key로 치환 — config/paths.yaml),파일: [14_context_screen_area_vs_f_context.png](../../data/pallet/_v2_scene_logic_500_seed7500/eda/charts/14_context_screen_area_vs_f_context.png)
data/pallet/_v2_scene_logic_500_seed7500/eda/charts/15_g1_g3_fail_rate_by_occlusion_source.png,_docs/experiments/v2_scene_logic_500_eda_results.md,476,markdown_doc,doc,yes,yes(문서 텍스트),LOW(문서만),(Stage2: paths registry key로 치환 — config/paths.yaml),파일: [15_g1_g3_fail_rate_by_occlusion_source.png](../../data/pallet/_v2_scene_logic_500_seed7500/eda/charts/15_g1_g3_fail_rate_by_occlusion_source.png)
data/pallet/_v2_scene_logic_500_seed7500/eda/charts/16_all_pass_by_elevation_bin.png,_docs/experiments/v2_scene_logic_500_eda_results.md,498,markdown_doc,doc,yes,yes(문서 텍스트),LOW(문서만),(Stage2: paths registry key로 치환 — config/paths.yaml),파일: [16_all_pass_by_elevation_bin.png](../../data/pallet/_v2_scene_logic_500_seed7500/eda/charts/16_all_pass_by_elevation_bin.png)
data/pallet/_v2_scene_logic_500_seed7500/eda/charts/17_all_pass_by_projected_size_bin.png,_docs/experiments/v2_scene_logic_500_eda_results.md,525,markdown_doc,doc,yes,yes(문서 텍스트),LOW(문서만),(Stage2: paths registry key로 치환 — config/paths.yaml),파일: [17_all_pass_by_projected_size_bin.png](../../data/pallet/_v2_scene_logic_500_seed7500/eda/charts/17_all_pass_by_projected_size_bin.png)
data/pallet/_v2_scene_logic_500_seed7500/eda/charts/18_all_pass_by_cargo_on.png,_docs/experiments/v2_scene_logic_500_eda_results.md,550,markdown_doc,doc,yes,yes(문서 텍스트),LOW(문서만),(Stage2: paths registry key로 치환 — config/paths.yaml),파일: [18_all_pass_by_cargo_on.png](../../data/pallet/_v2_scene_logic_500_seed7500/eda/charts/18_all_pass_by_cargo_on.png)
data/pallet/_v2_scene_logic_500_seed7500/eda/charts/19_front_opening_visibility_distributions.png,_docs/experiments/v2_scene_logic_500_eda_results.md,171,markdown_doc,doc,yes,yes(문서 텍스트),LOW(문서만),(Stage2: paths registry key로 치환 — config/paths.yaml),![앞면과 포크 개구부 가시성](../../data/pallet/_v2_scene_logic_500_seed7500/eda/charts/19_front_opening_visibility_distributions.png)
data/pallet/_v2_scene_logic_500_seed7500/eda/charts/19_front_opening_visibility_distributions.png,_docs/experiments/v2_scene_logic_500_eda_results.md,571,markdown_doc,doc,yes,yes(문서 텍스트),LOW(문서만),(Stage2: paths registry key로 치환 — config/paths.yaml),파일: [19_front_opening_visibility_distributions.png](../../data/pallet/_v2_scene_logic_500_seed7500/eda/charts/19_front_opening_visibility_distributions.png)
data/pallet/_v2_scene_logic_500_seed7500/eda/charts/20_placement_attempt_count_and_runtime_distribution.png,_docs/experiments/v2_scene_logic_500_eda_results.md,590,markdown_doc,doc,yes,yes(문서 텍스트),LOW(문서만),(Stage2: paths registry key로 치환 — config/paths.yaml),파일: [20_placement_attempt_count_and_runtime_distribution.png](../../data/pallet/_v2_scene_logic_500_seed7500/eda/charts/20_placement_attempt_count_and_runtime_distribution.png)
data/pallet/_v2_scene_logic_500_seed7500/eda/charts/21_camera_geometry_prescription_distribution.png,_docs/experiments/v2_scene_logic_500_eda_results.md,622,markdown_doc,doc,yes,yes(문서 텍스트),LOW(문서만),(Stage2: paths registry key로 치환 — config/paths.yaml),파일: [21_camera_geometry_prescription_distribution.png](../../data/pallet/_v2_scene_logic_500_seed7500/eda/charts/21_camera_geometry_prescription_distribution.png)
data/pallet/_v2_scene_logic_500_seed7500/eda/charts/22_magenta_corrupt_empty_mask_counts.png,_docs/experiments/v2_scene_logic_500_eda_results.md,175,markdown_doc,doc,yes,yes(문서 텍스트),LOW(문서만),(Stage2: paths registry key로 치환 — config/paths.yaml),![파일 및 mask 결함 수](../../data/pallet/_v2_scene_logic_500_seed7500/eda/charts/22_magenta_corrupt_empty_mask_counts.png)
data/pallet/_v2_scene_logic_500_seed7500/eda/charts/22_magenta_corrupt_empty_mask_counts.png,_docs/experiments/v2_scene_logic_500_eda_results.md,648,markdown_doc,doc,yes,yes(문서 텍스트),LOW(문서만),(Stage2: paths registry key로 치환 — config/paths.yaml),파일: [22_magenta_corrupt_empty_mask_counts.png](../../data/pallet/_v2_scene_logic_500_seed7500/eda/charts/22_magenta_corrupt_empty_mask_counts.png)
data/pallet/_v2_scene_logic_500_seed7500/eda/contact_sheets/audit_fail_001.png,_docs/experiments/v2_scene_logic_500_eda_results.md,733,markdown_doc,doc,yes,yes(문서 텍스트),LOW(문서만),(Stage2: paths registry key로 치환 — config/paths.yaml),![Audit fail 예시](../../data/pallet/_v2_scene_logic_500_seed7500/eda/contact_sheets/audit_fail_001.png)
data/pallet/_v2_scene_logic_500_seed7500/eda/contact_sheets/debug_geometry_context_controlled_examples.png,_docs/experiments/v2_scene_logic_500_eda_results.md,721,markdown_doc,doc,yes,yes(문서 텍스트),LOW(문서만),(Stage2: paths registry key로 치환 — config/paths.yaml),![Context 및 controlled geometry debug 예시](../../data/pallet/_v2_scene_logic_500_seed7500/eda/contact_sheets/debug_geometry_context_controlled_examples.png)
data/pallet/_v2_scene_logic_500_seed7500/eda/contact_sheets/failure_examples.png,_docs/experiments/v2_scene_logic_500_eda_results.md,739,markdown_doc,doc,yes,yes(문서 텍스트),LOW(문서만),(Stage2: paths registry key로 치환 — config/paths.yaml),- [G1-G5 failure examples](../../data/pallet/_v2_scene_logic_500_seed7500/eda/contact_sheets/failure_examples.png)
data/pallet/_v2_scene_logic_500_seed7500/eda/contact_sheets/failure_reason_empty_target_mask_001.png,_docs/experiments/v2_scene_logic_500_eda_results.md,740,markdown_doc,doc,yes,yes(문서 텍스트),LOW(문서만),(Stage2: paths registry key로 치환 — config/paths.yaml),- [empty target mask 4건](../../data/pallet/_v2_scene_logic_500_seed7500/eda/contact_sheets/failure_reason_empty_target_mask_001.png)
data/pallet/_v2_scene_logic_500_seed7500/eda/contact_sheets/mode_cargo-only_003.png,_docs/experiments/v2_scene_logic_500_eda_results.md,709,markdown_doc,doc,yes,yes(문서 텍스트),LOW(문서만),(Stage2: paths registry key로 치환 — config/paths.yaml),![Cargo-only 예시](../../data/pallet/_v2_scene_logic_500_seed7500/eda/contact_sheets/mode_cargo-only_003.png)
data/pallet/_v2_scene_logic_500_seed7500/eda/contact_sheets/mode_clean-static_002.png,_docs/experiments/v2_scene_logic_500_eda_results.md,703,markdown_doc,doc,yes,yes(문서 텍스트),LOW(문서만),(Stage2: paths registry key로 치환 — config/paths.yaml),![Clean-static 예시](../../data/pallet/_v2_scene_logic_500_seed7500/eda/contact_sheets/mode_clean-static_002.png)
data/pallet/_v2_scene_logic_500_seed7500/eda/contact_sheets/mode_context-rich_003.png,_docs/experiments/v2_scene_logic_500_eda_results.md,715,markdown_doc,doc,yes,yes(문서 텍스트),LOW(문서만),(Stage2: paths registry key로 치환 — config/paths.yaml),![Context-rich 예시](../../data/pallet/_v2_scene_logic_500_seed7500/eda/contact_sheets/mode_context-rich_003.png)
data/pallet/_v2_scene_logic_500_seed7500/eda/contact_sheets/pass_examples.png,_docs/experiments/v2_scene_logic_500_eda_results.md,697,markdown_doc,doc,yes,yes(문서 텍스트),LOW(문서만),(Stage2: paths registry key로 치환 — config/paths.yaml),![자동 품질 게이트 통과 예시](../../data/pallet/_v2_scene_logic_500_seed7500/eda/contact_sheets/pass_examples.png)
data/pallet/_v2_scene_logic_500_seed7500/eda/contact_sheets/source_masks.png,_docs/experiments/v2_scene_logic_500_eda_results.md,741,markdown_doc,doc,yes,yes(문서 텍스트),LOW(문서만),(Stage2: paths registry key로 치환 — config/paths.yaml),- [source mask 첫 요약 시트](../../data/pallet/_v2_scene_logic_500_seed7500/eda/contact_sheets/source_masks.png)
data/pallet/_v2_scene_logic_500_seed7500/eda/contact_sheets/source_masks_001.png,_docs/experiments/v2_scene_logic_500_eda_results.md,727,markdown_doc,doc,yes,yes(문서 텍스트),LOW(문서만),(Stage2: paths registry key로 치환 — config/paths.yaml),![Source mask 단계별 예시](../../data/pallet/_v2_scene_logic_500_seed7500/eda/contact_sheets/source_masks_001.png)
data/pallet/_v2_scene_logic_500_seed7500/eda/frame_metrics.csv,_docs/experiments/v2_scene_logic_500_eda_results.md,24,markdown_doc,doc,yes,yes(문서 텍스트),LOW(문서만),(Stage2: paths registry key로 치환 — config/paths.yaml),- `data/pallet/_v2_scene_logic_500_seed7500/eda/frame_metrics.csv`
data/pallet/_v2_scene_logic_500_seed7500/eda/frame_metrics.csv,_docs/history/2026-07-27.md,17,markdown_doc,doc,yes,yes(문서 텍스트),LOW(문서만),(Stage2: paths registry key로 치환 — config/paths.yaml),- `data/pallet/_v2_scene_logic_500_seed7500/eda/frame_metrics.csv`
data/pallet/_v2_scene_logic_500_seed7500/eda/manual_audit,_docs/history/2026-07-26.md,302,markdown_doc,doc,yes,yes(문서 텍스트),LOW(문서만),(Stage2: paths registry key로 치환 — config/paths.yaml),- 시각 감사 산출물: `data/pallet/_v2_scene_logic_500_seed7500/eda/manual_audit/`.
data/pallet/_v2_scene_logic_500_seed7500/eda/manual_audit/audit_000_499_summary.md,_docs/experiments/v2_scene_logic_500_eda_results.md,28,markdown_doc,doc,yes,yes(문서 텍스트),LOW(문서만),(Stage2: paths registry key로 치환 — config/paths.yaml),- `data/pallet/_v2_scene_logic_500_seed7500/eda/manual_audit/audit_000_499_summary.md`
data/pallet/_v2_scene_logic_500_seed7500/eda/manual_audit/audit_000_499_summary.md,_docs/history/2026-07-27.md,21,markdown_doc,doc,yes,yes(문서 텍스트),LOW(문서만),(Stage2: paths registry key로 치환 — config/paths.yaml),- `data/pallet/_v2_scene_logic_500_seed7500/eda/manual_audit/audit_000_499_summary.md`
data/pallet/_v2_scene_logic_500_seed7500/eda/paper_continuous,_docs/history/2026-07-27.md,1417,markdown_doc,doc,yes,yes(문서 텍스트),LOW(문서만),(Stage2: paths registry key로 치환 — config/paths.yaml),- `data/pallet/_v2_scene_logic_500_seed7500/eda/paper_continuous/` (17 PNG + 17 PDF + 4 파일)
data/pallet/_v2_scene_logic_500_seed7500/eda/reject_reasons.csv,_docs/experiments/v2_scene_logic_500_eda_results.md,25,markdown_doc,doc,yes,yes(문서 텍스트),LOW(문서만),(Stage2: paths registry key로 치환 — config/paths.yaml),- `data/pallet/_v2_scene_logic_500_seed7500/eda/reject_reasons.csv`
data/pallet/_v2_scene_logic_500_seed7500/eda/reject_reasons.csv,_docs/history/2026-07-27.md,18,markdown_doc,doc,yes,yes(문서 텍스트),LOW(문서만),(Stage2: paths registry key로 치환 — config/paths.yaml),- `data/pallet/_v2_scene_logic_500_seed7500/eda/reject_reasons.csv`
data/pallet/_v2_scene_logic_500_seed7500/eda/summary.json,_docs/experiments/v2_scene_logic_500_eda_results.md,22,markdown_doc,doc,yes,yes(문서 텍스트),LOW(문서만),(Stage2: paths registry key로 치환 — config/paths.yaml),- `data/pallet/_v2_scene_logic_500_seed7500/eda/summary.json`
data/pallet/_v2_scene_logic_500_seed7500/eda/summary.json,_docs/history/2026-07-27.md,15,markdown_doc,doc,yes,yes(문서 텍스트),LOW(문서만),(Stage2: paths registry key로 치환 — config/paths.yaml),- `data/pallet/_v2_scene_logic_500_seed7500/eda/summary.json`
data/pallet/_v2_scene_logic_500_seed7500_failed_missing_hdri_20260726,_docs/history/2026-07-26-v2-attempt-log.md,98,markdown_doc,doc,yes,yes(문서 텍스트),LOW(문서만),(Stage2: paths registry key로 치환 — config/paths.yaml),보존 출력: `data/pallet/_v2_scene_logic_500_seed7500_failed_missing_hdri_20260726`
data/pallet/_v2_scene_logic_500_seed7500_failed_missing_hdri_20260726,_docs/history/2026-07-26-v2-attempt-log.md,352,markdown_doc,doc,yes,yes(문서 텍스트),LOW(문서만),(Stage2: paths registry key로 치환 — config/paths.yaml),data/pallet/_v2_scene_logic_500_seed7500_failed_missing_hdri_20260726/
data/pallet/_v2_scene_logic_500_seed7500_failed_prereview_p1_20260726,_docs/history/2026-07-26-v2-attempt-log.md,116,markdown_doc,doc,yes,yes(문서 텍스트),LOW(문서만),(Stage2: paths registry key로 치환 — config/paths.yaml),보존 출력: `data/pallet/_v2_scene_logic_500_seed7500_failed_prereview_p1_20260726`
data/pallet/_v2_scene_logic_500_seed7500_failed_prereview_p1_20260726,_docs/history/2026-07-26-v2-attempt-log.md,353,markdown_doc,doc,yes,yes(문서 텍스트),LOW(문서만),(Stage2: paths registry key로 치환 — config/paths.yaml),data/pallet/_v2_scene_logic_500_seed7500_failed_prereview_p1_20260726/
data/pallet/_v2_scene_logic_smoke20_seed7500,_docs/history/2026-07-26-v2-attempt-log.md,67,markdown_doc,doc,yes,yes(문서 텍스트),LOW(문서만),(Stage2: paths registry key로 치환 — config/paths.yaml),출력: `data/pallet/_v2_scene_logic_smoke20_seed7500`
data/pallet/_v2_scene_logic_smoke20_seed7500_final_m_exact,_docs/history/2026-07-26-v2-attempt-log.md,344,markdown_doc,doc,yes,yes(문서 텍스트),LOW(문서만),(Stage2: paths registry key로 치환 — config/paths.yaml),data/pallet/_v2_scene_logic_smoke20_seed7500_final_m_exact/
data/pallet/_v2_scene_logic_smoke20_seed7500_final_m_exact,_docs/history/2026-07-26.md,106,markdown_doc,doc,yes,yes(문서 텍스트),LOW(문서만),(Stage2: paths registry key로 치환 — config/paths.yaml),- `data/pallet/_v2_scene_logic_smoke20_seed7500_final_m_exact`
data/pallet/_v2_scene_logic_smoke20_seed7500_final_m_exact,_docs/history/2026-07-26.md,123,markdown_doc,doc,yes,yes(문서 텍스트),LOW(문서만),(Stage2: paths registry key로 치환 — config/paths.yaml),data/pallet/_v2_scene_logic_smoke20_seed7500_final_m_exact `
data/pallet/_v2_scene_logic_smoke20_seed7500_final_n_exact,_docs/history/2026-07-26-v2-attempt-log.md,345,markdown_doc,doc,yes,yes(문서 텍스트),LOW(문서만),(Stage2: paths registry key로 치환 — config/paths.yaml),data/pallet/_v2_scene_logic_smoke20_seed7500_final_n_exact/
data/pallet/_v2_scene_logic_smoke20_seed7500_final_n_exact,_docs/history/2026-07-26.md,107,markdown_doc,doc,yes,yes(문서 텍스트),LOW(문서만),(Stage2: paths registry key로 치환 — config/paths.yaml),- `data/pallet/_v2_scene_logic_smoke20_seed7500_final_n_exact`
data/pallet/_v2_scene_logic_smoke20_seed7500_final_n_exact,_docs/history/2026-07-26.md,124,markdown_doc,doc,yes,yes(문서 텍스트),LOW(문서만),(Stage2: paths registry key로 치환 — config/paths.yaml),data/pallet/_v2_scene_logic_smoke20_seed7500_final_n_exact
data/pallet/_v2_scene_logic_smoke20_seed7500_r10_failed_preexplicitfix_20260726,_docs/history/2026-07-26-v2-attempt-log.md,355,markdown_doc,doc,yes,yes(문서 텍스트),LOW(문서만),(Stage2: paths registry key로 치환 — config/paths.yaml),data/pallet/_v2_scene_logic_smoke20_seed7500_r10_failed_preexplicitfix_20260726/
data/pallet/_v2_scene_logic_smoke20_seed7500_r11_failed_prefailclosed_20260726,_docs/history/2026-07-26-v2-attempt-log.md,356,markdown_doc,doc,yes,yes(문서 텍스트),LOW(문서만),(Stage2: paths registry key로 치환 — config/paths.yaml),data/pallet/_v2_scene_logic_smoke20_seed7500_r11_failed_prefailclosed_20260726/
data/pallet/_v2_scene_logic_smoke20_seed7500_r8_failed_precontactmatrix_20260726,_docs/history/2026-07-26-v2-attempt-log.md,354,markdown_doc,doc,yes,yes(문서 텍스트),LOW(문서만),(Stage2: paths registry key로 치환 — config/paths.yaml),data/pallet/_v2_scene_logic_smoke20_seed7500_r8_failed_precontactmatrix_20260726/
data/pallet/_v2_smoke20_9c_run1,_docs/history/2026-07-27.md,1609,markdown_doc,doc,yes,yes(문서 텍스트),LOW(문서만),(Stage2: paths registry key로 치환 — config/paths.yaml),--out data/pallet/_v2_smoke20_9c_run1 \        # 2회차는 _run2
data/pallet/_v2_smoke20_9c_run1,_docs/history/2026-07-27.md,1710,markdown_doc,doc,yes,yes(문서 텍스트),LOW(문서만),(Stage2: paths registry key로 치환 — config/paths.yaml),"- `data/pallet/_v2_smoke20_9c_run1/` (records 20, rgb 18, labels 18, mask 90, `eda_9c/`)"
data/pallet/_v2_smoke20_9c_run1,_docs/history/changelog.md,137,markdown_doc,doc,yes,yes(문서 텍스트),LOW(문서만),(Stage2: paths registry key로 치환 — config/paths.yaml),"- 2026-07-27: v2 개편 Phase 9C — 20-frame exact determinism smoke를 fresh headless Blender 프로세스로 2회 실행(seed 7000, `--completion-mode records --n 20 --render-profile diagnostic-exact`, out=`data/pallet/_v2_smoke20_9c_run1|run2`, 각 619s). **결정성 축은 완전 통과**"
data/pallet/_v2_smoke20_9c_run2,_docs/history/2026-07-27.md,1711,markdown_doc,doc,yes,yes(문서 텍스트),LOW(문서만),(Stage2: paths registry key로 치환 — config/paths.yaml),- `data/pallet/_v2_smoke20_9c_run2/` (동일 구성)
data/pallet/_v2_smoke50_9d,reports/v2_overlay_fix/final_report.md,202,markdown_doc,doc,yes,yes(문서 텍스트),LOW(문서만),(Stage2: paths registry key로 치환 — config/paths.yaml),"- 대상 `data/pallet/_v2_smoke50_9d` — **50/50 재생성** (RGB 재렌더 0, Blender 미실행, label/record만 사용). [확인]"
data/pallet/_v2_smoke50_9d,reports/v2_overlay_fix/visual_verification.md,10,markdown_doc,doc,yes,yes(문서 텍스트),LOW(문서만),(Stage2: paths registry key로 치환 — config/paths.yaml),--dir data/pallet/_v2_smoke50_9d --out data/pallet/_v2_smoke50_9d \
data/pallet/_v2_smoke50_9d,reports/v2_revision/quality_smoke50/summary.md,3,markdown_doc,doc,yes,yes(문서 텍스트),LOW(문서만),(Stage2: paths registry key로 치환 — config/paths.yaml),작성 2026-07-27. 대상 산출물 `data/pallet/_v2_smoke50_9d/`.
data/pallet/_v2_smoke50_9d,reports/v2_revision/quality_smoke50/summary.md,17,markdown_doc,doc,yes,yes(문서 텍스트),LOW(문서만),(Stage2: paths registry key로 치환 — config/paths.yaml),--out data/pallet/_v2_smoke50_9d \
data/pallet/_v2_smoke50_9d,reports/v2_revision/quality_smoke50/summary.md,89,markdown_doc,doc,yes,yes(문서 텍스트),LOW(문서만),(Stage2: paths registry key로 치환 — config/paths.yaml),`audit_pnp_eligibility.py --dir data/pallet/_v2_smoke50_9d` 결과:
data/pallet/_v2_smoke50_9d,reports/v2_revision/quality_smoke50/pnp/pnp_threshold_study.md,3,markdown_doc,doc,yes,yes(문서 텍스트),LOW(문서만),(Stage2: paths registry key로 치환 — config/paths.yaml),- dataset: `E:\CODING\GitHub\FoundationPose\data\pallet\_v2_smoke50_9d`
data/pallet/_v2_smoke50_9d,_docs/history/2026-07-27.md,1737,markdown_doc,doc,yes,yes(문서 텍스트),LOW(문서만),(Stage2: paths registry key로 치환 — config/paths.yaml),--out data/pallet/_v2_smoke50_9d \
data/pallet/_v2_smoke50_9d,_docs/history/2026-07-27.md,1905,markdown_doc,doc,yes,yes(문서 텍스트),LOW(문서만),(Stage2: paths registry key로 치환 — config/paths.yaml),- `data/pallet/_v2_smoke50_9d/` — rgb 50 / labels 50 / mask 250 / records.jsonl 50 /
data/pallet/_v2_smoke50_9d,_docs/history/2026-07-28.md,128,markdown_doc,doc,yes,yes(문서 텍스트),LOW(문서만),(Stage2: paths registry key로 치환 — config/paths.yaml),"- 기존 데이터셋(`data/pallet/_v2_smoke50_9d`, `_v2_scene_logic_500_seed7500` 등) 삭제/이동 없음"
data/pallet/_v2_smoke50_9d,_docs/history/2026-07-28.md,250,markdown_doc,doc,yes,yes(문서 텍스트),LOW(문서만),(Stage2: paths registry key로 치환 — config/paths.yaml),`data/pallet/_v2_smoke50_9d`의 f0000 / f0003 / f0007 3장을 스크래치패드에 생성해 직접 열어 확인.
data/pallet/_v2_smoke50_9d,_docs/history/2026-07-28.md,332,markdown_doc,doc,yes,yes(문서 텍스트),LOW(문서만),(Stage2: paths registry key로 치환 — config/paths.yaml),- `data/pallet/_v2_smoke50_9d` — **50/50 재생성** (rgb 50장 전부)
data/pallet/_v2_smoke50_9d,_docs/history/changelog.md,138,markdown_doc,doc,yes,yes(문서 텍스트),LOW(문서만),(Stage2: paths registry key로 치환 — config/paths.yaml),"- 2026-07-27: v2 개편 Phase 9D/9E — usable 50-frame quality smoke(`--completion-mode usable --n 50 --render-profile dataset-quality`, seed 7000, out=`data/pallet/_v2_smoke50_9d`) **50/50 배달, 32.1분**(Phase 7 추정 35~70분보다 빠름; proposal 107·render 시도 75·수율 "
data/pallet/_v2_smoke50_9d/contact_sheets_archive_style/detailed_001..005.png,_docs/history/2026-07-28.md,339,markdown_doc,doc,no,yes(문서 텍스트),LOW(문서만),(Stage2: paths registry key로 치환 — config/paths.yaml),data/pallet/_v2_smoke50_9d/contact_sheets_archive_style/detailed_001..005.png (5)
data/pallet/_v2_smoke50_9d/eda/contact_sheets/mask_integrity_source_masks_001..003.png,reports/v2_revision/quality_smoke50/summary.md,255,markdown_doc,doc,no,yes(문서 텍스트),LOW(문서만),(Stage2: paths registry key로 치환 — config/paths.yaml),- 전수 3페이지: `data/pallet/_v2_smoke50_9d/eda/contact_sheets/mask_integrity_source_masks_001..003.png`
data/pallet/_v2_smoke50_9d/eda/paper_continuous,reports/v2_revision/quality_smoke50/summary.md,269,markdown_doc,doc,yes,yes(문서 텍스트),LOW(문서만),(Stage2: paths registry key로 치환 — config/paths.yaml),- 루트: `data/pallet/_v2_smoke50_9d/eda/paper_continuous/`
data/pallet/_v2_smoke50_9d/eda/paper_continuous,_docs/experiments/v2_smoke50_continuous_eda_results.md,4,markdown_doc,doc,yes,yes(문서 텍스트),LOW(문서만),(Stage2: paths registry key로 치환 — config/paths.yaml),대상 산출물: `data/pallet/_v2_smoke50_9d/eda/paper_continuous/`
data/pallet/_v2_smoke50_9d/eda/paper_continuous/continuous_metrics.csv,_docs/experiments/v2_smoke50_continuous_eda_results.md,39,markdown_doc,doc,yes,yes(문서 텍스트),LOW(문서만),(Stage2: paths registry key로 치환 — config/paths.yaml),data/pallet/_v2_smoke50_9d/eda/paper_continuous/continuous_metrics.csv    215행
data/pallet/_v2_smoke50_9d/eda/paper_continuous/continuous_summary.json,_docs/experiments/v2_smoke50_continuous_eda_results.md,38,markdown_doc,doc,yes,yes(문서 텍스트),LOW(문서만),(Stage2: paths registry key로 치환 — config/paths.yaml),data/pallet/_v2_smoke50_9d/eda/paper_continuous/continuous_summary.json
data/pallet/_v2_smoke50_9d/eda/paper_continuous/discrete_counts.csv,_docs/experiments/v2_smoke50_continuous_eda_results.md,40,markdown_doc,doc,yes,yes(문서 텍스트),LOW(문서만),(Stage2: paths registry key로 치환 — config/paths.yaml),data/pallet/_v2_smoke50_9d/eda/paper_continuous/discrete_counts.csv        60행
data/pallet/_v2_smoke50_9d/eda/paper_continuous/figures_png,_docs/experiments/v2_smoke50_continuous_eda_results.md,37,markdown_doc,doc,yes,yes(문서 텍스트),LOW(문서만),(Stage2: paths registry key로 치환 — config/paths.yaml),data/pallet/_v2_smoke50_9d/eda/paper_continuous/figures_png/*.png     17개 (전부 개별 확인)
data/pallet/_v2_smoke50_9d/eda/paper_continuous/figures_png,_docs/history/2026-07-27.md,1964,markdown_doc,doc,yes,yes(문서 텍스트),LOW(문서만),(Stage2: paths registry key로 치환 — config/paths.yaml),- `data/pallet/_v2_smoke50_9d/eda/paper_continuous/figures_png/*.png` — **17개 전부 개별 로드해서 확인**
data/pallet/_v2_smoke50_9d/eda/paper_continuous/figures_png/01_camera_distance_ecdf.png,_docs/experiments/v2_smoke50_continuous_eda_results.md,178,markdown_doc,doc,yes,yes(문서 텍스트),LOW(문서만),(Stage2: paths registry key로 치환 — config/paths.yaml),파일: [01_camera_distance_ecdf.png](../../data/pallet/_v2_smoke50_9d/eda/paper_continuous/figures_png/01_camera_distance_ecdf.png)
data/pallet/_v2_smoke50_9d/eda/paper_continuous/figures_png/02_projected_size_target_actual_ecdf.png,_docs/experiments/v2_smoke50_continuous_eda_results.md,209,markdown_doc,doc,yes,yes(문서 텍스트),LOW(문서만),(Stage2: paths registry key로 치환 — config/paths.yaml),파일: [02_projected_size_target_actual_ecdf.png](../../data/pallet/_v2_smoke50_9d/eda/paper_continuous/figures_png/02_projected_size_target_actual_ecdf.png)
data/pallet/_v2_smoke50_9d/eda/paper_continuous/figures_png/03_elevation_target_actual_density.png,_docs/experiments/v2_smoke50_continuous_eda_results.md,232,markdown_doc,doc,yes,yes(문서 텍스트),LOW(문서만),(Stage2: paths registry key로 치환 — config/paths.yaml),파일: [03_elevation_target_actual_density.png](../../data/pallet/_v2_smoke50_9d/eda/paper_continuous/figures_png/03_elevation_target_actual_density.png)
data/pallet/_v2_smoke50_9d/eda/paper_continuous/figures_png/04_azimuth_circular_kde.png,_docs/experiments/v2_smoke50_continuous_eda_results.md,256,markdown_doc,doc,yes,yes(문서 텍스트),LOW(문서만),(Stage2: paths registry key로 치환 — config/paths.yaml),파일: [04_azimuth_circular_kde.png](../../data/pallet/_v2_smoke50_9d/eda/paper_continuous/figures_png/04_azimuth_circular_kde.png)
data/pallet/_v2_smoke50_9d/eda/paper_continuous/figures_png/05_final_luma_ecdf_by_scene.png,_docs/experiments/v2_smoke50_continuous_eda_results.md,159,markdown_doc,doc,yes,yes(문서 텍스트),LOW(문서만),(Stage2: paths registry key로 치환 — config/paths.yaml),![scene preset별 final-RGB luma ECDF](../../data/pallet/_v2_smoke50_9d/eda/paper_continuous/figures_png/05_final_luma_ecdf_by_scene.png)
data/pallet/_v2_smoke50_9d/eda/paper_continuous/figures_png/05_final_luma_ecdf_by_scene.png,_docs/experiments/v2_smoke50_continuous_eda_results.md,283,markdown_doc,doc,yes,yes(문서 텍스트),LOW(문서만),(Stage2: paths registry key로 치환 — config/paths.yaml),파일: [05_final_luma_ecdf_by_scene.png](../../data/pallet/_v2_smoke50_9d/eda/paper_continuous/figures_png/05_final_luma_ecdf_by_scene.png)
data/pallet/_v2_smoke50_9d/eda/paper_continuous/figures_png/06_occlusion_source_zero_mass_and_positive_ecdf.png,_docs/experiments/v2_smoke50_continuous_eda_results.md,125,markdown_doc,doc,yes,yes(문서 텍스트),LOW(문서만),(Stage2: paths registry key로 치환 — config/paths.yaml),![가림원별 zero point mass와 조건부 ECDF](../../data/pallet/_v2_smoke50_9d/eda/paper_continuous/figures_png/06_occlusion_source_zero_mass_and_positive_ecdf.png)
data/pallet/_v2_smoke50_9d/eda/paper_continuous/figures_png/06_occlusion_source_zero_mass_and_positive_ecdf.png,_docs/experiments/v2_smoke50_continuous_eda_results.md,320,markdown_doc,doc,yes,yes(문서 텍스트),LOW(문서만),(Stage2: paths registry key로 치환 — config/paths.yaml),파일: [06_occlusion_source_zero_mass_and_positive_ecdf.png](../../data/pallet/_v2_smoke50_9d/eda/paper_continuous/figures_png/06_occlusion_source_zero_mass_and_positive_ecdf.png)
data/pallet/_v2_smoke50_9d/eda/paper_continuous/figures_png/07_elevation_target_vs_actual.png,_docs/experiments/v2_smoke50_continuous_eda_results.md,349,markdown_doc,doc,yes,yes(문서 텍스트),LOW(문서만),(Stage2: paths registry key로 치환 — config/paths.yaml),파일: [07_elevation_target_vs_actual.png](../../data/pallet/_v2_smoke50_9d/eda/paper_continuous/figures_png/07_elevation_target_vs_actual.png)
data/pallet/_v2_smoke50_9d/eda/paper_continuous/figures_png/08_projected_size_target_vs_actual.png,_docs/experiments/v2_smoke50_continuous_eda_results.md,133,markdown_doc,doc,yes,yes(문서 텍스트),LOW(문서만),(Stage2: paths registry key로 치환 — config/paths.yaml),![projected size target vs actual](../../data/pallet/_v2_smoke50_9d/eda/paper_continuous/figures_png/08_projected_size_target_vs_actual.png)
data/pallet/_v2_smoke50_9d/eda/paper_continuous/figures_png/08_projected_size_target_vs_actual.png,_docs/experiments/v2_smoke50_continuous_eda_results.md,374,markdown_doc,doc,yes,yes(문서 텍스트),LOW(문서만),(Stage2: paths registry key로 치환 — config/paths.yaml),파일: [08_projected_size_target_vs_actual.png](../../data/pallet/_v2_smoke50_9d/eda/paper_continuous/figures_png/08_projected_size_target_vs_actual.png)
data/pallet/_v2_smoke50_9d/eda/paper_continuous/figures_png/09_f_target_vs_f_explicit_actual.png,_docs/experiments/v2_smoke50_continuous_eda_results.md,140,markdown_doc,doc,yes,yes(문서 텍스트),LOW(문서만),(Stage2: paths registry key로 치환 — config/paths.yaml),![controlled occlusion f_target vs f_explicit_actual](../../data/pallet/_v2_smoke50_9d/eda/paper_continuous/figures_png/09_f_target_vs_f_explicit_actual.png)
data/pallet/_v2_smoke50_9d/eda/paper_continuous/figures_png/09_f_target_vs_f_explicit_actual.png,_docs/experiments/v2_smoke50_continuous_eda_results.md,403,markdown_doc,doc,yes,yes(문서 텍스트),LOW(문서만),(Stage2: paths registry key로 치환 — config/paths.yaml),파일: [09_f_target_vs_f_explicit_actual.png](../../data/pallet/_v2_smoke50_9d/eda/paper_continuous/figures_png/09_f_target_vs_f_explicit_actual.png)
data/pallet/_v2_smoke50_9d/eda/paper_continuous/figures_png/10_allpass_probability_vs_distance.png,_docs/experiments/v2_smoke50_continuous_eda_results.md,435,markdown_doc,doc,yes,yes(문서 텍스트),LOW(문서만),(Stage2: paths registry key로 치환 — config/paths.yaml),파일: [10_allpass_probability_vs_distance.png](../../data/pallet/_v2_smoke50_9d/eda/paper_continuous/figures_png/10_allpass_probability_vs_distance.png)
data/pallet/_v2_smoke50_9d/eda/paper_continuous/figures_png/11_allpass_probability_vs_projected_size.png,_docs/experiments/v2_smoke50_continuous_eda_results.md,465,markdown_doc,doc,yes,yes(문서 텍스트),LOW(문서만),(Stage2: paths registry key로 치환 — config/paths.yaml),파일: [11_allpass_probability_vs_projected_size.png](../../data/pallet/_v2_smoke50_9d/eda/paper_continuous/figures_png/11_allpass_probability_vs_projected_size.png)
data/pallet/_v2_smoke50_9d/eda/paper_continuous/figures_png/12_allpass_probability_vs_f_total.png,_docs/experiments/v2_smoke50_continuous_eda_results.md,146,markdown_doc,doc,yes,yes(문서 텍스트),LOW(문서만),(Stage2: paths registry key로 치환 — config/paths.yaml),![P(all_pass) vs f_total](../../data/pallet/_v2_smoke50_9d/eda/paper_continuous/figures_png/12_allpass_probability_vs_f_total.png)
data/pallet/_v2_smoke50_9d/eda/paper_continuous/figures_png/12_allpass_probability_vs_f_total.png,_docs/experiments/v2_smoke50_continuous_eda_results.md,484,markdown_doc,doc,yes,yes(문서 텍스트),LOW(문서만),(Stage2: paths registry key로 치환 — config/paths.yaml),파일: [12_allpass_probability_vs_f_total.png](../../data/pallet/_v2_smoke50_9d/eda/paper_continuous/figures_png/12_allpass_probability_vs_f_total.png)
data/pallet/_v2_smoke50_9d/eda/paper_continuous/figures_png/13_pnp_stability_vs_projected_size.png,_docs/experiments/v2_smoke50_continuous_eda_results.md,152,markdown_doc,doc,yes,yes(문서 텍스트),LOW(문서만),(Stage2: paths registry key로 치환 — config/paths.yaml),![PnP eligibility vs projected size](../../data/pallet/_v2_smoke50_9d/eda/paper_continuous/figures_png/13_pnp_stability_vs_projected_size.png)
data/pallet/_v2_smoke50_9d/eda/paper_continuous/figures_png/13_pnp_stability_vs_projected_size.png,_docs/experiments/v2_smoke50_continuous_eda_results.md,504,markdown_doc,doc,yes,yes(문서 텍스트),LOW(문서만),(Stage2: paths registry key로 치환 — config/paths.yaml),파일: [13_pnp_stability_vs_projected_size.png](../../data/pallet/_v2_smoke50_9d/eda/paper_continuous/figures_png/13_pnp_stability_vs_projected_size.png)
data/pallet/_v2_smoke50_9d/eda/paper_continuous/figures_png/14_fx_ecdf.png,_docs/experiments/v2_smoke50_continuous_eda_results.md,531,markdown_doc,doc,yes,yes(문서 텍스트),LOW(문서만),(Stage2: paths registry key로 치환 — config/paths.yaml),파일: [14_fx_ecdf.png](../../data/pallet/_v2_smoke50_9d/eda/paper_continuous/figures_png/14_fx_ecdf.png)
data/pallet/_v2_smoke50_9d/eda/paper_continuous/figures_png/15_exposure_ev_ecdf.png,_docs/experiments/v2_smoke50_continuous_eda_results.md,554,markdown_doc,doc,yes,yes(문서 텍스트),LOW(문서만),(Stage2: paths registry key로 치환 — config/paths.yaml),파일: [15_exposure_ev_ecdf.png](../../data/pallet/_v2_smoke50_9d/eda/paper_continuous/figures_png/15_exposure_ev_ecdf.png)
data/pallet/_v2_smoke50_9d/eda/paper_continuous/figures_png/16_runtime_ecdf.png,_docs/experiments/v2_smoke50_continuous_eda_results.md,576,markdown_doc,doc,yes,yes(문서 텍스트),LOW(문서만),(Stage2: paths registry key로 치환 — config/paths.yaml),파일: [16_runtime_ecdf.png](../../data/pallet/_v2_smoke50_9d/eda/paper_continuous/figures_png/16_runtime_ecdf.png)
data/pallet/_v2_smoke50_9d/eda/paper_continuous/figures_png/A01_discrete_variable_counts.png,_docs/experiments/v2_smoke50_continuous_eda_results.md,166,markdown_doc,doc,yes,yes(문서 텍스트),LOW(문서만),(Stage2: paths registry key로 치환 — config/paths.yaml),![이산 변수 카운트](../../data/pallet/_v2_smoke50_9d/eda/paper_continuous/figures_png/A01_discrete_variable_counts.png)
data/pallet/_v2_smoke50_9d/eda/paper_continuous/figures_png/A01_discrete_variable_counts.png,_docs/experiments/v2_smoke50_continuous_eda_results.md,600,markdown_doc,doc,yes,yes(문서 텍스트),LOW(문서만),(Stage2: paths registry key로 치환 — config/paths.yaml),파일: [A01_discrete_variable_counts.png](../../data/pallet/_v2_smoke50_9d/eda/paper_continuous/figures_png/A01_discrete_variable_counts.png)
data/pallet/_v2_smoke50_9d/eda/paper_continuous/paper_continuous_summary.md,_docs/experiments/v2_smoke50_continuous_eda_results.md,41,markdown_doc,doc,yes,yes(문서 텍스트),LOW(문서만),(Stage2: paths registry key로 치환 — config/paths.yaml),data/pallet/_v2_smoke50_9d/eda/paper_continuous/paper_continuous_summary.md
data/pallet/_v2_smoke50_9d/eda_phase6/contact_sheets/detailed_001.png,reports/v2_revision/quality_smoke50/summary.md,247,markdown_doc,doc,yes,yes(문서 텍스트),LOW(문서만),(Stage2: paths registry key로 치환 — config/paths.yaml),- contact sheet: `data/pallet/_v2_smoke50_9d/eda_phase6/contact_sheets/detailed_001.png` … `detailed_005.png`
data/pallet/_v2_smoke50_9d/eda_phase6/overlay_detailed/f0000.png,reports/v2_revision/quality_smoke50/summary.md,246,markdown_doc,doc,yes,yes(문서 텍스트),LOW(문서만),(Stage2: paths registry key로 치환 — config/paths.yaml),- 개별: `data/pallet/_v2_smoke50_9d/eda_phase6/overlay_detailed/f0000.png` … `f0049.png` (50장)
data/pallet/_v2_smoke50_9d/eda_phase6/overlay_manifest.json,reports/v2_revision/quality_smoke50/summary.md,248,markdown_doc,doc,yes,yes(문서 텍스트),LOW(문서만),(Stage2: paths registry key로 치환 — config/paths.yaml),- manifest: `data/pallet/_v2_smoke50_9d/eda_phase6/overlay_manifest.json`
data/pallet/_v2_smoke50_9d/overlay_archive_style,reports/v2_overlay_fix/visual_verification.md,5,markdown_doc,doc,yes,yes(문서 텍스트),LOW(문서만),(Stage2: paths registry key로 치환 — config/paths.yaml),`data/pallet/_v2_smoke50_9d/overlay_archive_style` (Blender 없이 재생성한 50장 중 12장)
data/pallet/_v2_smoke50_9d/overlay_archive_style/f0000.png,_docs/history/2026-07-28.md,338,markdown_doc,doc,yes,yes(문서 텍스트),LOW(문서만),(Stage2: paths registry key로 치환 — config/paths.yaml),data/pallet/_v2_smoke50_9d/overlay_archive_style/f0000.png ... f0049.png   (50)
data/pallet/_v2_smoke50_9d/overlay_archive_style/{f0000,reports/v2_overlay_fix/visual_verification.md,64,markdown_doc,doc,pattern,yes(문서 텍스트),LOW(문서만),(Stage2: paths registry key로 치환 — config/paths.yaml),"`data/pallet/_v2_smoke50_9d/overlay_archive_style/{f0000,f0002,f0007,f0008,f0010,f0012,f0014,f0022,f0024,f0031,f0040,f0049}.png`"
data/pallet/_v2_smoke50_9d/overlay_archive_style_manifest.json,_docs/history/2026-07-28.md,340,markdown_doc,doc,yes,yes(문서 텍스트),LOW(문서만),(Stage2: paths registry key로 치환 — config/paths.yaml),data/pallet/_v2_smoke50_9d/overlay_archive_style_manifest.json
data/pallet/_v2_smoke50_9d/records.jsonl,_docs/experiments/v2_smoke50_continuous_eda_results.md,44,markdown_doc,doc,yes,yes(문서 텍스트),LOW(문서만),(Stage2: paths registry key로 치환 — config/paths.yaml),data/pallet/_v2_smoke50_9d/records.jsonl / labels/*_label.json        (수치 재계산용)
data/pallet/_v2_smoke50_9d/records.jsonl,_docs/history/2026-07-27.md,1970,markdown_doc,doc,yes,yes(문서 텍스트),LOW(문서만),(Stage2: paths registry key로 치환 — config/paths.yaml),"- `data/pallet/_v2_smoke50_9d/records.jsonl`, `labels/*_label.json` — 수치 재계산·대조용"
data/pallet/_v4_verify,_docs/history/2026-06-16.md,496,markdown_doc,doc,no,yes(문서 텍스트),LOW(문서만),(Stage2: paths registry key로 치환 — config/paths.yaml),- 임시 검증 폴더(`data/pallet/_v4_verify`) 삭제. Blender 프로세스 0 확인.
data/pallet/_wood_skin_compare,_docs/history/changelog.md,125,markdown_doc,doc,no,yes(문서 텍스트),LOW(문서만),(Stage2: paths registry key로 치환 — config/paths.yaml),"- 2026-06-16: 목재 팔레트(scene_2/3) 나무 스킨 다양화 — Polyhaven 나무 판자 6종 추가(textures_wood 9 base/27 png), config wood 그룹 6→11 variant(밝은pine~tan~cabin~dark_knot~grey~reddish, uv_scale 0.85~1.15, weight합1.0). 코드무변경 config-only(plastic/floor 불변). 카탈로그 시트 11장+랜덤적"
data/pallet/_wood_skin_compare/catalog_wood_skins.png,_docs/history/2026-06-16.md,534,markdown_doc,doc,no,yes(문서 텍스트),LOW(문서만),(Stage2: paths registry key로 치환 — config/paths.yaml),- 카탈로그 시트 `data/pallet/_wood_skin_compare/catalog_wood_skins.png`
data/pallet/_wood_skin_compare/catalog_wood_skins_v2.png,_docs/history/2026-06-16.md,581,markdown_doc,doc,no,yes(문서 텍스트),LOW(문서만),(Stage2: paths registry key로 치환 — config/paths.yaml),- 재렌더: `data/pallet/_wood_skin_compare/catalog_wood_skins_v2.png`
data/pallet/_wood_skin_compare/random_applied/{images,_docs/history/2026-06-16.md,538,markdown_doc,doc,pattern,yes(문서 텍스트),LOW(문서만),(Stage2: paths registry key로 치환 — config/paths.yaml),"- 랜덤 적용 샘플 `data/pallet/_wood_skin_compare/random_applied/{images,overlay,json}/ 8장`"
data/pallet/archive/trunc_addon_v1_pilot,_docs/blender_mcp_onboarding.md,233,markdown_doc,doc,yes,yes(문서 텍스트),LOW(문서만),(Stage2: paths registry key로 치환 — config/paths.yaml),### 3.3 legacy(archive) 레이아웃 참고 (`data/pallet/archive/trunc_addon_v1_pilot/`)
data/pallet/archive/trunc_addon_v1_pilot/overlay,reports/v2_overlay_fix/final_report.md,23,markdown_doc,doc,yes,yes(문서 텍스트),LOW(문서만),(Stage2: paths registry key로 치환 — config/paths.yaml),- 반면 사용자가 정본으로 지목한 그림은 `data/pallet/archive/trunc_addon_v1_pilot/overlay/*.png`
data/pallet/archive/trunc_addon_v1_pilot/overlay,reports/v2_overlay_fix/visual_verification.md,4,markdown_doc,doc,yes,yes(문서 텍스트),LOW(문서만),(Stage2: paths registry key로 치환 — config/paths.yaml),대상: `data/pallet/archive/trunc_addon_v1_pilot/overlay` (정본 12장) vs
data/pallet/archive/trunc_addon_v1_pilot/overlay,scripts/data_prep/blender/tests/test_overlay_archive_trunc_style.py,4,python_string_literal,test,yes,yes(코드 수정 필요),HIGH(테스트 fixture — 누락 시 skipUnless로 조용히 skip),(Stage2: paths registry key로 치환 — config/paths.yaml),these tests pin the literal constants of `data/pallet/archive/trunc_addon_v1_pilot/overlay`:
data/pallet/archive/trunc_addon_v1_pilot/overlay,_docs/history/2026-07-28.md,165,markdown_doc,doc,yes,yes(문서 텍스트),LOW(문서만),(Stage2: paths registry key로 치환 — config/paths.yaml),"`data/pallet/archive/trunc_addon_v1_pilot/overlay/*.png`, 즉 `gen_trunc_addon.py::render_frame()`의"
data/pallet/archive/trunc_addon_v1_pilot/overlay/000000.png,scripts/data_prep/blender/tests/test_overlay_archive_trunc_style.py,42,python_string_literal,test,yes,yes(코드 수정 필요),HIGH(테스트 fixture — 누락 시 skipUnless로 조용히 skip),(Stage2: paths registry key로 치환 — config/paths.yaml),"/ ""data/pallet/archive/trunc_addon_v1_pilot/overlay/000000.png"")"
data/pallet/archive/trunc_addon_v1_pilot/overlay/{000000,reports/v2_overlay_fix/visual_verification.md,38,markdown_doc,doc,pattern,yes(문서 텍스트),LOW(문서만),(Stage2: paths registry key로 치환 — config/paths.yaml),"`data/pallet/archive/trunc_addon_v1_pilot/overlay/{000000,000001,000002,000003,000004,000005,000006,000007,000009,000011,000016,000061}.png`"
data/pallet/background,_docs/attribution_cc-by_appendix.md,42,markdown_doc,doc,yes,yes(문서 텍스트),LOW(문서만),(Stage2: paths registry key로 치환 — config/paths.yaml),"- **배경 glTF (2종, CC-BY 4.0)**: `modular_buildings_industrial_area` (author BazukaliKartal), `parking_lot` (author Veterock) — 정확 URL은 `data/pallet/background/<name>/license.txt` 참조."
data/pallet/background,_docs/preprocessing/data_pipeline.md,82,markdown_doc,doc,yes,yes(문서 텍스트),LOW(문서만),(Stage2: paths registry key로 치환 — config/paths.yaml),### 배경 에셋 (`data/pallet/background/`)
data/pallet/background/_bg_preview_montage.png,_docs/history/2026-07-24.md,42,markdown_doc,doc,yes,yes(문서 텍스트),LOW(문서만),(Stage2: paths registry key로 치환 — config/paths.yaml),- HDRI 30(Poly Haven CC0) tonemap 몽타주 `data/pallet/hdri/_hdri_preview_montage.png`(순수 numpy RGBE 디코더). glTF 3D 배경 렌더 `data/pallet/background/_bg_preview_montage.png`. distractor gap-fill Sketchfab CC-BY 16종(97→113) 몽타주 `distractors/_sketchfab_gap_mon
data/pallet/background/modular_buildings,_docs/dataset_license_ledger.md,191,markdown_doc,doc,no,yes(문서 텍스트),LOW(문서만),(Stage2: paths registry key로 치환 — config/paths.yaml),modular_buildings_industrial_area data/pallet/background/modular_buildings.../   Sketchfab  BazukaliKartal   CC-BY 4.0   Y*    *표시 필수(B5)
data/pallet/background/parking_lot,_docs/dataset_license_ledger.md,192,markdown_doc,doc,yes,yes(문서 텍스트),LOW(문서만),(Stage2: paths registry key로 치환 — config/paths.yaml),parking_lot                       data/pallet/background/parking_lot/            Sketchfab  Veterock         CC-BY 4.0   Y*    *표시 필수(B5)
data/pallet/blender_scene/_sandbox_palletobj_production.blend,_docs/history/2026-06-23.md,34,markdown_doc,doc,yes,yes(문서 텍스트),LOW(문서만),(Stage2: paths registry key로 치환 — config/paths.yaml),"- 명령: `""/c/Program Files/Blender Foundation/Blender 5.1/blender.exe"" -b data/pallet/blender_scene/_sandbox_palletobj_production.blend --python scripts/data_prep/blender/run_mass_10k.py -- --num_frames 10 --out data/pallet/_mask_test10 --seed 777 --pr"
data/pallet/blender_scene/_sandbox_palletobj_production.blend,_docs/history/2026-07-03.md,9,markdown_doc,doc,yes,yes(문서 텍스트),LOW(문서만),(Stage2: paths registry key로 치환 — config/paths.yaml),- blend: `data/pallet/blender_scene/_sandbox_palletobj_production.blend` (157MB)
data/pallet/blender_scene/synth_data_scene.blend,reports/v2_revision/quality_smoke50/summary.md,15,markdown_doc,doc,yes,yes(문서 텍스트),LOW(문서만),(Stage2: paths registry key로 치환 — config/paths.yaml),data/pallet/blender_scene/synth_data_scene.blend \
data/pallet/blender_scene/synth_data_scene.blend,scripts/data_prep/efront_calibration/README.md,15,markdown_doc,doc,yes,yes(문서 텍스트),LOW(문서만),(Stage2: paths registry key로 치환 — config/paths.yaml),blender -b data/pallet/blender_scene/synth_data_scene.blend \
data/pallet/blender_scene/synth_data_scene.blend,_docs/blender_mcp_onboarding.md,19,markdown_doc,doc,yes,yes(문서 텍스트),LOW(문서만),(Stage2: paths registry key로 치환 — config/paths.yaml),"- **프로덕션 씬**: `data/pallet/blender_scene/synth_data_scene.blend` (342MB, NoAI 목재 제거 재-bake 완료, distractor 209 내장)."
data/pallet/blender_scene/synth_data_scene.blend,_docs/blender_mcp_onboarding.md,140,markdown_doc,doc,yes,yes(문서 텍스트),LOW(문서만),(Stage2: paths registry key로 치환 — config/paths.yaml),data/pallet/blender_scene/synth_data_scene.blend \
data/pallet/blender_scene/synth_data_scene.blend,_docs/blender_mcp_onboarding.md,145,markdown_doc,doc,yes,yes(문서 텍스트),LOW(문서만),(Stage2: paths registry key로 치환 — config/paths.yaml),"""/c/.../blender.exe"" -b data/pallet/blender_scene/synth_data_scene.blend \"
data/pallet/blender_scene/synth_data_scene.blend,_docs/history/2026-03-25.md,45,markdown_doc,doc,yes,yes(문서 텍스트),LOW(문서만),(Stage2: paths registry key로 치환 — config/paths.yaml),- .blend 저장: `data/pallet/blender_scene/synth_data_scene.blend`
data/pallet/blender_scene/synth_data_scene.blend,_docs/history/2026-06-15.md,238,markdown_doc,doc,yes,yes(문서 텍스트),LOW(문서만),(Stage2: paths registry key로 치환 — config/paths.yaml),blender -b data/pallet/blender_scene/synth_data_scene.blend     --python scripts/data_prep/blender/gen_preview10.py
data/pallet/blender_scene/synth_data_scene.blend,_docs/history/2026-06-16.md,369,markdown_doc,doc,yes,yes(문서 텍스트),LOW(문서만),(Stage2: paths registry key로 치환 — config/paths.yaml),- `blender -b data/pallet/blender_scene/synth_data_scene.blend --python scripts/data_prep/blender/gen_dataset_v4.py -- --split train --start_idx 0 --num_frames 10 --seed 9300 --out_dir data/pallet/_cam_test10 --overlay_every 1`
data/pallet/blender_scene/synth_data_scene.blend,_docs/history/2026-06-17.md,14,markdown_doc,doc,yes,yes(문서 텍스트),LOW(문서만),(Stage2: paths registry key로 치환 — config/paths.yaml),"- `blender 5.1 -b data/pallet/blender_scene/synth_data_scene.blend --python ...` 헤드리스 별도 프로세스,"
data/pallet/blender_scene/synth_data_scene.blend,_docs/history/2026-07-24.md,80,markdown_doc,doc,yes,yes(문서 텍스트),LOW(문서만),(Stage2: paths registry key로 치환 — config/paths.yaml),"- 파이프라인이 여는 `data/pallet/blender_scene/synth_data_scene.blend`(zstd 압축, 해제 308MB) 안에"
data/pallet/blender_scene/synth_data_scene.blend,_docs/history/2026-07-26.md,10,markdown_doc,doc,yes,yes(문서 텍스트),LOW(문서만),(Stage2: paths registry key로 치환 — config/paths.yaml),- 원본 씬 `data/pallet/blender_scene/synth_data_scene.blend`는 수정하지 않았다. 작업 시작 및 종료 검증 대상 SHA256은 `46F436DC8D9302A6F857C62C1ABCAF4E6FEFDC10042EE646E9EF3DC3ACBB7FB9`이다.
data/pallet/blender_scene/synth_data_scene.blend,_docs/history/2026-07-27.md,1607,markdown_doc,doc,yes,yes(문서 텍스트),LOW(문서만),(Stage2: paths registry key로 치환 — config/paths.yaml),data/pallet/blender_scene/synth_data_scene.blend \
data/pallet/blender_scene/synth_data_scene.blend,_docs/history/2026-07-27.md,1735,markdown_doc,doc,yes,yes(문서 텍스트),LOW(문서만),(Stage2: paths registry key로 치환 — config/paths.yaml),data/pallet/blender_scene/synth_data_scene.blend \
data/pallet/blender_scene/synth_data_scene.blend,_docs/history/2026-07-28.md,485,markdown_doc,doc,yes,yes(문서 텍스트),LOW(문서만),(Stage2: paths registry key로 치환 — config/paths.yaml),data/pallet/blender_scene/synth_data_scene.blend \
data/pallet/blender_scene/synth_data_scene.blend,_docs/history/2026-07-28.md,551,markdown_doc,doc,yes,yes(문서 텍스트),LOW(문서만),(Stage2: paths registry key로 치환 — config/paths.yaml),"""C:/.../blender.exe"" -b data/pallet/blender_scene/synth_data_scene.blend \"
data/pallet/blender_scene/synth_data_scene_indoor.blend,_docs/history/2026-04-07.md,111,markdown_doc,doc,yes,yes(문서 텍스트),LOW(문서만),(Stage2: paths registry key로 치환 — config/paths.yaml),| `data/pallet/blender_scene/synth_data_scene_indoor.blend` | 실내 환경 씬 (별도 저장) |
data/pallet/distractors/distractors_manifest.csv,_docs/attribution_cc-by_appendix.md,40,markdown_doc,doc,yes,yes(문서 텍스트),LOW(문서만),(Stage2: paths registry key로 치환 — config/paths.yaml),"- **Distractor — Google Scanned Objects (128종, CC-BY 4.0)** — *2026-07-24 D 확장: 32 → 128 (+96)*. 저작자 = Google Research, via Gazebo Fuel(GoogleResearch). 확장분 96종 구성: box 39 · container 31 · office 14 · warehouse 10 · other 2. 개별 모델 URL·이름은 `data/palle"
data/pallet/distractors/{large,_docs/history/2026-07-24.md,18,markdown_doc,doc,pattern,yes(문서 텍스트),LOW(문서만),(Stage2: paths registry key로 치환 — config/paths.yaml),"- `data/pallet/distractors/{large,medium,small,road,indoor}/` — **폴더명 ASCII**(한글 mojibake 회피, Win↔Ubuntu 공유), 한글 라벨은 manifest에 보존. 폴더별 LICENSE.txt+SOURCES.txt + `distractors_manifest.csv`(97종 bbox/faces/출처/라이선스)."
data/pallet/distractors/{tier,_docs/attribution_cc-by_appendix.md,11,markdown_doc,doc,pattern,yes(문서 텍스트),LOW(문서만),(Stage2: paths registry key로 치환 — config/paths.yaml),gap-fill로 추가(2026-07-24). 저장: `data/pallet/distractors/{tier}/sf__<name>/`.
data/pallet/distractors/{tier,_docs/dataset_license_ledger.md,212,markdown_doc,doc,pattern,yes(문서 텍스트),LOW(문서만),(Stage2: paths registry key로 치환 — config/paths.yaml),GSO ×128                  data/pallet/distractors/{tier}/(gso__*)  Google Scanned Objects CC-BY 4.0   Y*    *표시 필수(B5); 32→128(D확장)
data/pallet/distractors/{tier,_docs/dataset_license_ledger.md,213,markdown_doc,doc,pattern,yes(문서 텍스트),LOW(문서만),(Stage2: paths registry key로 치환 — config/paths.yaml),Poly Haven ×65            data/pallet/distractors/{tier}/(ph__*)   Poly Haven             CC0 1.0     Y     -
data/pallet/distractors/{tier,_docs/dataset_license_ledger.md,214,markdown_doc,doc,pattern,yes(문서 텍스트),LOW(문서만),(Stage2: paths registry key로 치환 — config/paths.yaml),Sketchfab ×16             data/pallet/distractors/{tier}/(sf__*)   Sketchfab              CC-BY 4.0   Y*    *표시 필수(B5)
data/pallet/hdri,_docs/dataset_license_ledger.md,176,markdown_doc,doc,yes,yes(문서 텍스트),LOW(문서만),(Stage2: paths registry key로 치환 — config/paths.yaml),HDRI ×30 (.hdr)     data/pallet/hdri/*.hdr Poly Haven  각 asset별(SOURCES명시) CC0 1.0    Y     저작자표시 불요
data/pallet/hdri,_docs/history/2026-03-27.md,68,markdown_doc,doc,yes,yes(문서 텍스트),LOW(문서만),(Stage2: paths registry key로 치환 — config/paths.yaml),| HDRI | `data/pallet/hdri/`에서 5종 로드 | strength randomized |
data/pallet/hdri,_docs/history/2026-06-16.md,122,markdown_doc,doc,yes,yes(문서 텍스트),LOW(문서만),(Stage2: paths registry key로 치환 — config/paths.yaml),"- Polyhaven 실사 HDRI 4종 추가(`data/pallet/hdri/`): empty_warehouse_01, hangar_interior, autoshop_01, industrial_workshop_foundry."
data/pallet/hdri,_docs/history/2026-07-24.md,12,markdown_doc,doc,yes,yes(문서 텍스트),LOW(문서만),(Stage2: paths registry key로 치환 — config/paths.yaml),"- `data/pallet/hdri/`에 21개 신규 + factory_yard 재다운로드. 전량 2k `.hdr`, md5·디코드 검증. LICENSE.txt(CC0)+SOURCES.txt."
data/pallet/hdri/SOURCES.txt,_docs/dataset_license_ledger.md,179,markdown_doc,doc,yes,yes(문서 텍스트),LOW(문서만),(Stage2: paths registry key로 치환 — config/paths.yaml),- **★ source URL (재발견용)**: 전 30종 개별 URL = `data/pallet/hdri/SOURCES.txt`의 각 행에 명시.
data/pallet/hdri/_hdri_preview_montage.png,_docs/history/2026-07-24.md,42,markdown_doc,doc,yes,yes(문서 텍스트),LOW(문서만),(Stage2: paths registry key로 치환 — config/paths.yaml),- HDRI 30(Poly Haven CC0) tonemap 몽타주 `data/pallet/hdri/_hdri_preview_montage.png`(순수 numpy RGBE 디코더). glTF 3D 배경 렌더 `data/pallet/background/_bg_preview_montage.png`. distractor gap-fill Sketchfab CC-BY 16종(97→113) 몽타주 `distractors/_sketchfab_gap_mon
data/pallet/hdri/factory_yard_2k.hdr,_docs/history/2026-07-26-v2-attempt-log.md,108,markdown_doc,doc,yes,yes(문서 텍스트),LOW(문서만),(Stage2: paths registry key로 치환 — config/paths.yaml),- `[확인]` resume 로그에서는 Blender가 `C:\Users\User\Documents\GitHub\FoundationPose\data\pallet\hdri\factory_yard_2k.hdr`를 찾지 못한다는 오류를 두 번 기록했다. 현재 workspace는 `E:\CODING\GitHub\FoundationPose`이므로 실행 중 선택된 image 경로가 과거 workspace의 절대경로를 가리켰다.
data/pallet/isaac_assets,_docs/dataset_license_ledger.md,103,markdown_doc,doc,yes,yes(문서 텍스트),LOW(문서만),(Stage2: paths registry key로 치환 — config/paths.yaml),**B6 (LOW-INFO)** — `data/pallet/isaac_assets/`에 NVIDIA Isaac Sim Simple_Warehouse USD(full_warehouse
data/pallet/isaac_assets/(NVIDIA,_docs/blender_mcp_onboarding.md,517,markdown_doc,doc,no,yes(문서 텍스트),LOW(문서만),(Stage2: paths registry key로 치환 — config/paths.yaml),B6  isaac_assets 제외   ★미해결 data/pallet/isaac_assets/(NVIDIA EULA) 배포 트리서 제외
data/pallet/isaac_assets/Assets/Isaac/4.5,_docs/dataset_license_ledger.md,292,markdown_doc,doc,yes,yes(문서 텍스트),LOW(문서만),(Stage2: paths registry key로 치환 — config/paths.yaml),isaac_assets/        data/pallet/isaac_assets/Assets/Isaac/4.5/...     NVIDIA Isaac Sim    Isaac Sim EULA     N     B6
data/pallet/models_usd/scene,AGENTS.md,41,markdown_doc,doc,no,yes(문서 텍스트),LOW(문서만),(Stage2: paths registry key로 치환 — config/paths.yaml),- USD 모델: `data/pallet/models_usd/scene*.usd` (4종 팔레트)
data/pallet/models_usd/scene,CLAUDE.md,41,markdown_doc,doc,no,yes(문서 텍스트),LOW(문서만),(Stage2: paths registry key로 치환 — config/paths.yaml),- USD 모델: `data/pallet/models_usd/scene*.usd` (4종 팔레트)
data/pallet/models_usd/scene,_docs/method/step1_synthetic_data.md,23,markdown_doc,doc,no,yes(문서 텍스트),LOW(문서만),(Stage2: paths registry key로 치환 — config/paths.yaml),4종 USD 팔레트 모델 사용 (`data/pallet/models_usd/scene*.usd`).
data/pallet/models_usd/scene.usd,_docs/dataset_license_ledger.md,118,markdown_doc,doc,yes,yes(문서 텍스트),LOW(문서만),(Stage2: paths registry key로 치환 — config/paths.yaml),P0 scene.usd   data/pallet/models_usd/scene.usd      Sketchfab    (플라스틱)     CC-BY 4.0    Y*    B5(표시)
data/pallet/models_usd/scene.usd,_docs/history/2026-07-06.md,14,markdown_doc,doc,yes,yes(문서 텍스트),LOW(문서만),(Stage2: paths registry key로 치환 — config/paths.yaml),"- `data/pallet/models_usd/scene.usd`(20.8MB, Pallet_0) / `scene_1.usd`(0.33MB) / `scene_2.usd`(0.17MB) / `scene_3.usd`(0.57MB) — 4개 전부 존재."
data/pallet/models_usd/scene_1.usd,_docs/dataset_license_ledger.md,119,markdown_doc,doc,yes,yes(문서 텍스트),LOW(문서만),(Stage2: paths registry key로 치환 — config/paths.yaml),P1 scene_1.usd data/pallet/models_usd/scene_1.usd    Sketchfab    billy3D(추정)  CC-BY 4.0    Y*    B5(표시)
data/pallet/models_usd/scene_noemit,_docs/dataset_license_ledger.md,120,markdown_doc,doc,no,yes(문서 텍스트),LOW(문서만),(Stage2: paths registry key로 치환 — config/paths.yaml),scene_noemit   data/pallet/models_usd/scene_noemit   scene.usd파생 (P0 동일)       (P0 상속)    Y*    B5(표시)
data/pallet/models_usd/scene_noemit.usd,_docs/history/2026-07-23.md,49,markdown_doc,doc,yes,yes(문서 텍스트),LOW(문서만),(Stage2: paths registry key로 치환 — config/paths.yaml),"- `data/pallet/models_usd/scene_noemit.usd`: raw scene.usd(Pallet_0, MDL glTF-PBR, emissive_strength 10000)의 emission 0 세척본(usd-core surgical 편집, 원본 sha 불변, geometry byte-identical). 파이프라인 repoint 안 함(별도 파일)."
data/pallet/models_usd/textures,_docs/dataset_license_ledger.md,121,markdown_doc,doc,yes,yes(문서 텍스트),LOW(문서만),(Stage2: paths registry key로 치환 — config/paths.yaml),usd텍스처       data/pallet/models_usd/textures/*.png Sketchfab파생 blinn1(P0/P1)  (P0/P1 상속) Y*    B5(표시)
data/pallet/pallet_scene,_docs/history/2026-07-06.md,16,markdown_doc,doc,no,yes(문서 텍스트),LOW(문서만),(Stage2: paths registry key로 치환 — config/paths.yaml),"- 원본 glTF(`scene*.gltf`) + `data/pallet/pallet_scene/` 폴더는 현재 저장소에 **없음**(USD 캐시만 잔존). config(`config/synthetic/isaac_sim.yaml`)의 `gltf_files:[scene,scene_1,scene_2,scene_3].gltf` 경로도 실재 파일 없음."
data/pallet/pallets_v2_add/models/eur_pallet_bk_cc0.glb,_docs/dataset_license_ledger.md,156,markdown_doc,doc,yes,yes(문서 텍스트),LOW(문서만),(Stage2: paths registry key로 치환 — config/paths.yaml),eur_pallet_bk_cc0              data/pallet/pallets_v2_add/models/eur_pallet_bk_cc0.glb BlenderKit  LensError   CC0 1.0    Y     ★목재 교체②(800×1200×144)
data/pallet/pallets_v2_add/models/stringer_2way..glb,_docs/dataset_license_ledger.md,154,markdown_doc,doc,no,yes(문서 텍스트),LOW(문서만),(Stage2: paths registry key로 치환 — config/paths.yaml),stringer_2way_quaternius_cc0   data/pallet/pallets_v2_add/models/stringer_2way..glb  Poly Pizza  Quaternius  CC0 1.0    Y     신규 stringer(막힌면)
data/pallet/pallets_v2_add/models/woodpallet_block,_docs/dataset_license_ledger.md,155,markdown_doc,doc,no,yes(문서 텍스트),LOW(문서만),(Stage2: paths registry key로 치환 — config/paths.yaml),"woodpallet_block_jtoastie_ccby data/pallet/pallets_v2_add/models/woodpallet_block..   Poly Pizza  J-Toastie   CC-BY 3.0  Y*    ★목재 교체①, *표시 필수(B5)"
data/pallet/pallets_v2_add/{LICENSE.txt,_docs/dataset_license_ledger.md,158,markdown_doc,doc,pattern,yes(문서 텍스트),LOW(문서만),(Stage2: paths registry key로 치환 — config/paths.yaml),"- 출처/라이선스: `data/pallet/pallets_v2_add/{LICENSE.txt, SOURCES.txt}` [확인]. 게이트=CC0/CC-BY만 수락,"
data/pallet/real_data,_docs/dataset_license_ledger.md,324,markdown_doc,doc,yes,yes(문서 텍스트),LOW(문서만),(Stage2: paths registry key로 치환 — config/paths.yaml),"real_data (실촬영)                data/pallet/real_data/*.jpg                 본인 촬영(D435i) → 본인 IP, Y"
data/pallet/test_blender_v65~v70,_docs/history/2026-04-06.md,86,markdown_doc,doc,no,yes(문서 텍스트),LOW(문서만),(Stage2: paths registry key로 치환 — config/paths.yaml),| `data/pallet/test_blender_v65~v70/` | 렌더링 출력 (총 ~8100프레임) |
data/pallet/test_indoor,_docs/history/2026-04-07.md,113,markdown_doc,doc,no,yes(문서 텍스트),LOW(문서만),(Stage2: paths registry key로 치환 — config/paths.yaml),| `data/pallet/test_indoor/` | 테스트 렌더링 출력 10프레임 |
data/pallet/test_indoor/000000.png,_docs/history/2026-04-07.md,62,markdown_doc,doc,no,yes(문서 텍스트),LOW(문서만),(Stage2: paths registry key로 치환 — config/paths.yaml),출력: `data/pallet/test_indoor/000000.png ~ 000009.png` (10프레임)
data/pallet/test_indoor_v1,_docs/history/2026-04-07.md,100,markdown_doc,doc,no,yes(문서 텍스트),LOW(문서만),(Stage2: paths registry key로 치환 — config/paths.yaml),- 출력: `data/pallet/test_indoor_v1/` (1000 PNG + 1000 JSON + overlay)
data/pallet/test_indoor_v1,_docs/history/2026-04-07.md,114,markdown_doc,doc,no,yes(문서 텍스트),LOW(문서만),(Stage2: paths registry key로 치환 — config/paths.yaml),| `data/pallet/test_indoor_v1/` | 대량 렌더링 출력 1000프레임 + JSON + overlay |
data/pallet/textures_floor,_docs/dataset_license_ledger.md,257,markdown_doc,doc,no,yes(문서 텍스트),LOW(문서만),(Stage2: paths registry key로 치환 — config/paths.yaml),floor 텍스처 ×14      data/pallet/textures_floor/*.png  Poly Haven      Poly Haven  CC0 1.0(확정)    Y     B4 해소
data/pallet/textures_wood,_docs/dataset_license_ledger.md,256,markdown_doc,doc,no,yes(문서 텍스트),LOW(문서만),(Stage2: paths registry key로 치환 — config/paths.yaml),목재 텍스처 ×9        data/pallet/textures_wood/*.png   Poly Haven      Poly Haven  CC0 1.0(검증됨)  Y     -
data/pallet/textures_wood,_docs/history/2026-06-16.md,228,markdown_doc,doc,no,yes(문서 텍스트),LOW(문서만),(Stage2: paths registry key로 치환 — config/paths.yaml),"- **경로 B(Polyhaven 실사 1k png 3종) 채택** — `data/pallet/textures_wood/`, 전부 magenta 0%, lum_std 0.064~0.109(진짜 결):"
data/pallet/textures_wood,_docs/history/2026-06-16.md,519,markdown_doc,doc,no,yes(문서 텍스트),LOW(문서만),(Stage2: paths registry key로 치환 — config/paths.yaml),1. **나무 텍스처 6종 추가** (Polyhaven 2k png diff+nor_gl+rough → `data/pallet/textures_wood/`):
data/pallet/train_4pallet_mask_v1,_docs/dataset_license_ledger.md,320,markdown_doc,doc,no,yes(문서 텍스트),LOW(문서만),(Stage2: paths registry key로 치환 — config/paths.yaml),train_4pallet_mask_v1            data/pallet/train_4pallet_mask_v1/          B1(NoAI 목재 P2/P3 baked) [+ B5]
data/pallet/train_4pallet_mask_v1,_docs/history/2026-07-06.md,36,markdown_doc,doc,no,yes(문서 텍스트),LOW(문서만),(Stage2: paths registry key로 치환 — config/paths.yaml),"- 명령: `bash scripts/data_prep/blender/run_4pallet_mask.sh --num_frames 10000 --out data/pallet/train_4pallet_mask_v1 --seed 4444 --batch_size 250` (RGB Cycles 24spp, ~2.5s/frame 실측 → 약 7h)."
data/pallet/train_4pallet_mask_v1,_docs/history/2026-07-06.md,44,markdown_doc,doc,no,yes(문서 텍스트),LOW(문서만),(Stage2: paths registry key로 치환 — config/paths.yaml),"- 정리: `_smoke_4pallet` 파일 비움. 산출물 `data/pallet/train_4pallet_mask_v1/` (+ `_pilot` 40장, gen.log)."
data/pallet/train_4pallet_mask_v1_pilot,_docs/history/2026-07-06.md,33,markdown_doc,doc,no,yes(문서 텍스트),LOW(문서만),(Stage2: paths registry key로 치환 — config/paths.yaml),"- 출력 `data/pallet/train_4pallet_mask_v1_pilot/` 40장. **내 독립검증**: 분포 P0=55/P1=15/P2=20/P3=10%, physical_audit 전수 grounded 40/40·penetration 0/40, 콘택트시트 육안 마스크실루엣·9kp정렬·P0 dark plastic 정상. 마스크 빈것 아님 확인."
data/pallet/train_palletobj_addon_v1,_docs/dataset_license_ledger.md,319,markdown_doc,doc,no,yes(문서 텍스트),LOW(문서만),(Stage2: paths registry key로 치환 — config/paths.yaml),train_palletobj_addon_v1         data/pallet/train_palletobj_addon_v1/       팔레트=자작 OBJ → B5(CC-BY occluder 표시)만
data/pallet/train_palletobj_addon_v1_gen.log,_docs/history/2026-07-03.md,8,markdown_doc,doc,yes,yes(문서 텍스트),LOW(문서만),(Stage2: paths registry key로 치환 — config/paths.yaml),실제 생성 로그 `data/pallet/train_palletobj_addon_v1_gen.log` 상단에서 정확한 실행 근거 확인:
data/pallet/train_palletobj_v3,_docs/history/2026-06-23.md,103,markdown_doc,doc,no,yes(문서 텍스트),LOW(문서만),(Stage2: paths registry key로 치환 — config/paths.yaml),- 명령: `blender -b _sandbox_palletobj_production.blend --python run_mass_10k.py -- --num_frames 10000 --out data/pallet/train_palletobj_v3 --seed 2026 --progress_every 100 --purge_every 50 --chunk_size 1000`
data/pallet/train_palletobj_v{1,_docs/dataset_license_ledger.md,318,markdown_doc,doc,pattern,yes(문서 텍스트),LOW(문서만),(Stage2: paths registry key로 치환 — config/paths.yaml),"train_palletobj_v1/v2/v3         data/pallet/train_palletobj_v{1,2,3}/       팔레트=자작 OBJ, floor=CC0, occluder=CC0/CC-BY → B5만"
data/pallet/training_data,_docs/dataset_license_ledger.md,323,markdown_doc,doc,no,yes(문서 텍스트),LOW(문서만),(Stage2: paths registry key로 치환 — config/paths.yaml),training_data (구)               data/pallet/training_data/                  B1 가능 [+구 BG]
data/pallet/training_data,_docs/preprocessing/data_pipeline.md,119,markdown_doc,doc,no,yes(문서 텍스트),LOW(문서만),(Stage2: paths registry key로 치환 — config/paths.yaml),data/pallet/training_data/
data/pallet/training_data/batch_01,_docs/preprocessing/data_pipeline.md,17,markdown_doc,doc,no,yes(문서 텍스트),LOW(문서만),(Stage2: paths registry key로 치환 — config/paths.yaml),scripts/data_prep/gen_replicator_data.py --num_frames 200 --output_dir data/pallet/training_data/batch_01
data/pallet/training_data/train,_docs/preprocessing/data_pipeline.md,64,markdown_doc,doc,no,yes(문서 텍스트),LOW(문서만),(Stage2: paths registry key로 치환 — config/paths.yaml),python scripts/data_prep/visualize_annotations.py --data_dir data/pallet/training_data/train
data/pallet/training_data/train(4000,_docs/history/2026-06-15.md,270,markdown_doc,doc,no,yes(문서 텍스트),LOW(문서만),(Stage2: paths registry key로 치환 — config/paths.yaml),- weights/pallet_v11: data/pallet/training_data/train(4000) 으로 fine-tune. 라벨에 keypoint_convention/perm_v4 필드 없음 = object-frame 고정으로 학습됨.
data/pallet/training_data_v4,_docs/dataset_license_ledger.md,322,markdown_doc,doc,no,yes(문서 텍스트),LOW(문서만),(Stage2: paths registry key로 치환 — config/paths.yaml),training_data_v4 / _v4_split     data/pallet/training_data_v4*/              B1(NoAI 목재 P2/P3 baked) [+ B5]
data/pallet/training_data_v4,_docs/history/2026-06-16.md,111,markdown_doc,doc,no,yes(문서 텍스트),LOW(문서만),(Stage2: paths registry key로 치환 — config/paths.yaml),--out_dir data/pallet/training_data_v4 --seed 7000 --batch_size 200 --overlay_every 100
data/pallet/training_data_v4,_docs/history/2026-06-16.md,144,markdown_doc,doc,no,yes(문서 텍스트),LOW(문서만),(Stage2: paths registry key로 치환 — config/paths.yaml),- 풀 생성(확정): `bash scripts/data_prep/blender/run_dataset_v4.sh --n_train 4000 --n_val 1000 --out_dir data/pallet/training_data_v4 --seed 7000 --batch_size 200 --overlay_every 100`
data/pallet/training_data_v4,_docs/history/2026-06-17.md,120,markdown_doc,doc,no,yes(문서 텍스트),LOW(문서만),(Stage2: paths registry key로 치환 — config/paths.yaml),--out_dir data/pallet/training_data_v4 --seed 7000 --per_folder 200 --overlay_every 1`
data/pallet/training_data_v4,_docs/history/changelog.md,13,markdown_doc,doc,no,yes(문서 텍스트),LOW(문서만),(Stage2: paths registry key로 치환 — config/paths.yaml),"- 2026-06-16: gen_dataset_v4.py + run_dataset_v4.sh 신규(camera-facing 0123 대규모 생성, CLI/resume/chunk재시작). 파일럿 120장 라벨 전수통과(conn0/front_near/simple-quad 120/120, 마젠타0), elev15~58·scene1/3·ratio42%·azim360 분산. raycast 86% reject=병목, 15.4s/frame → 5000장 ~"
data/pallet/training_data_v4/{train,_docs/history/2026-06-16.md,74,markdown_doc,doc,pattern,yes(문서 텍스트),LOW(문서만),(Stage2: paths registry key로 치환 — config/paths.yaml),"- 저장 루트: `data/pallet/training_data_v4/{train,val}/{images,json,overlay,_crop,_stats,logs}/`"
data/pallet/training_data_v4_emptywood,_docs/history/2026-06-17.md,179,markdown_doc,doc,no,yes(문서 텍스트),LOW(문서만),(Stage2: paths registry key로 치환 — config/paths.yaml),scene_2/3(목재)만 + 팔레트 위 cargo box 없는 **빈 데크** 3000장 보조셋을 `data/pallet/training_data_v4_emptywood/`로 생성하기 위한 설정을 검증. 주변 distractor는 유지. 이번 작업은 설정 점검 + 소량(15) 검증 + 풀 커맨드 확정까지 (풀 3000은 메인이 실행).
data/pallet/training_data_v4_emptywood,_docs/history/2026-06-17.md,211,markdown_doc,doc,no,yes(문서 텍스트),LOW(문서만),(Stage2: paths registry key로 치환 — config/paths.yaml),--out_dir data/pallet/training_data_v4_emptywood \
data/pallet/training_data_v4_pilotA,_docs/history/2026-06-16.md,143,markdown_doc,doc,no,yes(문서 텍스트),LOW(문서만),(Stage2: paths registry key로 치환 — config/paths.yaml),"- 구 파일럿 백업: `data/pallet/training_data_v4_pilotA/` (raycast0.55, industrial-only)."
data/pallet/training_data_v4_split,_docs/history/2026-06-16.md,451,markdown_doc,doc,no,yes(문서 텍스트),LOW(문서만),(Stage2: paths registry key로 치환 — config/paths.yaml),--out_dir data/pallet/training_data_v4_split \
data/pallet/training_data_v4_split,_docs/history/2026-06-16.md,462,markdown_doc,doc,no,yes(문서 텍스트),LOW(문서만),(Stage2: paths registry key로 치환 — config/paths.yaml),"v4 생성 중단 상태(`data/pallet/training_data_v4_split/`: train_batch_000/001 완성 200쌍, batch_002 부분 49쌍). 기존 구조가 `<batch>/{images,json,overlay(sparse, overlay_NNNNNN.png),_crop,_stats}/`로 분리돼 DOPE 로더가 바로 못 씀. 목표=`test_palletobj_r3` 동일 flat 구조."
data/pallet/training_data_v4_split,_docs/history/2026-06-16.md,488,markdown_doc,doc,no,yes(문서 텍스트),LOW(문서만),(Stage2: paths registry key로 치환 — config/paths.yaml),- 실행: `python scripts/data_prep/blender/_restructure_to_r3.py --root data/pallet/training_data_v4_split --batches train_batch_000 train_batch_001 --delete train_batch_002`
data/pallet/training_data_v4_split,_docs/history/2026-06-16.md,506,markdown_doc,doc,no,yes(문서 텍스트),LOW(문서만),(Stage2: paths registry key로 치환 — config/paths.yaml),--out_dir data/pallet/training_data_v4_split \
data/pallet/trunc_addon_v1,_docs/dataset_license_ledger.md,321,markdown_doc,doc,no,yes(문서 텍스트),LOW(문서만),(Stage2: paths registry key로 치환 — config/paths.yaml),trunc_addon_v1                   data/pallet/trunc_addon_v1/                 팔레트=자작 OBJ → B5만
data/pallet/trunc_addon_v1,_docs/history/2026-07-03.md,34,markdown_doc,doc,no,yes(문서 텍스트),LOW(문서만),(Stage2: paths registry key로 치환 — config/paths.yaml),저앙각+truncation 합성셋. gen_palletobj_scenarios.py 복사→`gen_trunc_addon.py`(원본 무수정=addon_v1 repro 보존) + `run_trunc_addon.py` 드라이버 + `audit_trunc_addon.py`. 위임: palletobj-blender-pipeline-techniques agent(파일럿까지). 출력 `data/pallet/trunc_addon_v1/`.
data/pallet/trunc_addon_v1,_docs/history/2026-07-03.md,108,markdown_doc,doc,no,yes(문서 텍스트),LOW(문서만),(Stage2: paths registry key로 치환 — config/paths.yaml),"`data/pallet/trunc_addon_v1/` 6000장(기존 버그 dir clear 후 재생성). run_trunc_addon.py fixed blender_math, seed 20260703, 6199s(~1.72h, 21350 attempts, 에러 0). png/json/mask 각 6000."
data/pallet/trunc_addon_v1_pilot,_docs/history/2026-07-03.md,101,markdown_doc,doc,no,yes(문서 텍스트),LOW(문서만),(Stage2: paths registry key로 치환 — config/paths.yaml),"`data/pallet/trunc_addon_v1_pilot/` 300장, run_trunc_addon.py fixed blender_math, seed 20260703, 308s(1065 attempts). 기존 버그 dir(trunc_addon_v1) 안 건드리고 별도 dir(덮어쓰기 실수 방지)."
data/pallet/v2_dryrun_audit,_docs/blender_mcp_onboarding.md,135,markdown_doc,doc,yes,yes(문서 텍스트),LOW(문서만),(Stage2: paths registry key로 치환 — config/paths.yaml),# (b) dry-run 감사 리포트 (a~f 차트 + report) -> data/pallet/v2_dryrun_audit/
data/pallet/v2_dryrun_audit,_docs/history/2026-07-24.md,165,markdown_doc,doc,yes,yes(문서 텍스트),LOW(문서만),(Stage2: paths registry key로 치환 — config/paths.yaml),"- **Phase C dry-run 40k [확인, 내 재실행 84.9% 재현]**: 3결정+B2지시 반영 후 `v2_pipeline.py`. **예상 통과율 33947/40000=84.9%(≥70% OK), 어떤 cargo×f_target 셀도 50%↑ 없음 → 처방 조정 불필요.** 44.6s·bpy=NONE·render=NONE·seed결정성 True. 하네스 `scripts/data_prep/blender/audit_v2_dryrun.p"
data/pallet/v2_dryrun_audit,_docs/history/2026-07-24.md,167,markdown_doc,doc,yes,yes(문서 텍스트),LOW(문서만),(Stage2: paths registry key로 치환 — config/paths.yaml),"- **Phase C iter-B 튜닝+재-dry-run [확인, report.md+플롯]**: 사용자 진단(측면오프셋 누락→large 멀어져야 함) 반영. **①accept-time quota**(sample_frame pure-read+Picks, 호출부가 accept시만 advance) → **accept 분포=처방 정확일치(전 축)**, attempted만 하드셀 왜곡=자기교정. **②측면오프셋(side{left34·right33·bot"
