relative_path,absolute_path,entry_type,depth,parent,extension,file_count_recursive,total_bytes_recursive,modified_time,sha256,hash_status,is_gitignored,is_symlink,is_empty,top_level_group,proposed_category,confidence,evidence,referenced_by_code_count,referenced_by_code_paths,contains_rgb,contains_labels,contains_masks,contains_overlay,contains_blend,contains_3d_models,contains_textures,contains_manifest,contains_license,contains_weights,ext_histogram,proposed_destination,move_blocker,status,notes
data/pallet/README.md,E:\CODING\GitHub\FoundationPose\data\pallet\README.md,file,1,data/pallet,.md,1,10752,2026-07-30 16:43,7cb10e946f3ef6d475c44be7270f3d6316c12da700741aed184127def7bb91ee,OK,true,false,false,(top-level file),,,,,,false,false,false,false,false,false,false,false,false,false,.md:1,,,PRESENT,
data/pallet/_DISTRIBUTION_EXCLUDE.txt,E:\CODING\GitHub\FoundationPose\data\pallet\_DISTRIBUTION_EXCLUDE.txt,file,1,data/pallet,.txt,1,4883,2026-07-31 11:29,411d3abb610042e7b955cf3f4d20429751e4ee23a488277393d9ac5480a36d65,OK,true,false,false,(top-level file),ACTIVE_MANIFEST,high,[확인] 릴리스 패키징 제외 목록의 근거 파일. 내부 경로 5/5가 현재 위치와 불일치(이미 stale),2,_docs/dataset_license_ledger.md:311;_docs/history/2026-07-24.md:68,false,false,false,false,false,false,false,false,false,false,.txt:1,manifests/,이 파일의 경로 목록을 이동과 동시에 갱신해야 라이선스 게이트 유지,NEEDS_USER_DECISION,
data/pallet/archive,E:\CODING\GitHub\FoundationPose\data\pallet\archive,dir,1,data/pallet,,346868,181091951199,2026-07-30 16:43,,N/A_DIR,true,false,false,(top-level dir),CONTAINER,high,[확인] 컨테이너 폴더 — 하위 항목 단위로 분류함,13,_docs/blender_mcp_onboarding.md:233;_docs/history/2026-07-28.md:165;reports/v2_overlay_fix/final_report.md:23;reports/v2_overlay_fix/visual_verification.md:38;reports/v2_overlay_fix/visual_verification.md:4;scripts/data_prep/blender/_make_archive_vs_new_sheet.py:22;scripts/data_prep/blender/_verify_archive_style_pixels.py:48;scripts/data_prep/blender/overlay_archive_trunc_style.py:6;scripts/data_prep/blender/overlay_v2_detailed.py:9;scripts/data_prep/blender/tests/test_overlay_archive_trunc_style.py:4,true,true,true,true,true,true,false,true,false,false,.png:236476;.json:109767;.log:363;.jpg:93;.pdf:34;.py:28;.md:24;.csv:22,(하위 항목별),,KEEP_CURRENT,
data/pallet/assets,E:\CODING\GitHub\FoundationPose\data\pallet\assets,dir,1,data/pallet,,1554,5381403719,2026-07-30 23:41,,N/A_DIR,true,false,false,(top-level dir),,,,,,true,true,false,true,true,true,true,true,true,false,.png:410;.jpg:261;.pbtxt:128;.config:128;.sdf:128;.mtl:128;.obj:128;.bin:67,,,PRESENT,
data/pallet/isaac_assets,E:\CODING\GitHub\FoundationPose\data\pallet\isaac_assets,dir,1,data/pallet,,4543,4350676768,2026-03-11 22:51,,N/A_DIR,true,false,false,(top-level dir),UNIDENTIFIED,medium,"[확인] 충돌: isaac_sim.yaml:7 이 참조(ACTIVE 신호) vs ledger:103 B6 ""NVIDIA EULA 배포 금지"" + Isaac 파이프라인 휴면. 규칙6(근거 충돌) → UNIDENTIFIED, 이동계획 제외",5,_docs/blender_mcp_onboarding.md:517;_docs/dataset_license_ledger.md:103;_docs/dataset_license_ledger.md:292;config/synthetic/isaac_sim.yaml:7;config/synthetic/isaac_sim.yaml:8,true,false,true,false,false,true,true,false,true,false,.png:2375;.usd:1857;.jpg:200;.hdr:73;.mdl:30;.last_generated:5;.exr:2;.txt:1,(제외),근거 충돌 + NVIDIA EULA,BLOCKED_BY_UNKNOWN_PURPOSE,
data/pallet/manifests,E:\CODING\GitHub\FoundationPose\data\pallet\manifests,dir,1,data/pallet,,5,348672,2026-07-31 11:30,,N/A_DIR,true,false,false,(top-level dir),,,,,,false,false,false,false,false,false,false,false,false,false,.csv:4;.md:1,,,PRESENT,
data/pallet/reference,E:\CODING\GitHub\FoundationPose\data\pallet\reference,dir,1,data/pallet,,3135,437509283,2026-07-29 12:29,,N/A_DIR,true,false,false,(top-level dir),,,,,,true,true,true,true,false,false,false,false,false,false,.jpg:1924;.png:909;.json:301;.md:1,,,PRESENT,
data/pallet/release,E:\CODING\GitHub\FoundationPose\data\pallet\release,dir,1,data/pallet,,1,2512,2026-07-28 16:22,,N/A_DIR,true,false,false,(top-level dir),,,,,,false,false,false,false,false,false,false,false,false,false,.md:1,,,PRESENT,
data/pallet/runs,E:\CODING\GitHub\FoundationPose\data\pallet\runs,dir,1,data/pallet,,6982,1206352337,2026-07-29 18:41,,N/A_DIR,true,false,false,(top-level dir),,,,,,true,true,true,true,false,false,false,true,false,false,.png:5510;.json:1198;.jsonl:138;.csv:65;.md:37;.pdf:17;.log:17,,,PRESENT,
data/pallet/archive/README.md,E:\CODING\GitHub\FoundationPose\data\pallet\archive\README.md,file,2,data/pallet/archive,.md,1,5289,2026-07-30 16:43,d2561650153a96a0f7948cd694c705e19afacd0d3ddeae66dd62b4cda6c651c1,OK,true,false,false,archive,,,,,,false,false,false,false,false,false,false,false,false,false,.md:1,,,PRESENT,
data/pallet/archive/_noai_quarantine_usd,E:\CODING\GitHub\FoundationPose\data\pallet\archive\_noai_quarantine_usd,dir,2,data/pallet/archive,,3,738082,2026-07-24 10:43,,N/A_DIR,true,false,false,archive,LEGACY_ASSET,high,[확인] ledger:60 NoAI(scene_2/3.usd) 격리 보관본. _DISTRIBUTION_EXCLUDE.txt:9 배포 금지,0,,false,false,false,false,false,true,false,false,false,false,.usd:2;.md:1,(유지) 이동 금지 — 격리 상태 자체가 라이선스 근거,NoAI 라이선스 격리. 위치 이동 시 ledger:60 및 EXCLUDE 목록과 어긋남,BLOCKED_BY_LICENSE,
data/pallet/archive/corrupt,E:\CODING\GitHub\FoundationPose\data\pallet\archive\corrupt,dir,2,data/pallet/archive,,0,0,,,N/A_DIR,true,false,true,archive,,,,,,false,false,false,false,false,false,false,false,false,false,,,,PRESENT,
data/pallet/archive/legacy_assets,E:\CODING\GitHub\FoundationPose\data\pallet\archive\legacy_assets,dir,2,data/pallet/archive,,0,0,,,N/A_DIR,true,false,true,archive,,,,,,false,false,false,false,false,false,false,false,false,false,,,,PRESENT,
data/pallet/archive/legacy_datasets,E:\CODING\GitHub\FoundationPose\data\pallet\archive\legacy_datasets,dir,2,data/pallet/archive,,325514,87835187620,2026-07-24 09:36,,N/A_DIR,true,false,false,archive,,,,,,true,true,true,true,false,false,false,false,false,false,.png:218797;.json:106413;.log:298;.md:2;.zip:2;.txt:1;.tmp:1,,,PRESENT,
data/pallet/archive/legacy_datasets/noai_baked,E:\CODING\GitHub\FoundationPose\data\pallet\archive\legacy_datasets\noai_baked,dir,3,data/pallet/archive/legacy_datasets,,129746,40324862730,2026-07-24 09:36,,N/A_DIR,true,false,false,archive,,,,,,true,true,true,true,false,false,false,false,false,false,.png:83904;.json:45564;.log:273;.md:2;.zip:2;.txt:1,,,PRESENT,
data/pallet/archive/legacy_datasets/noai_baked/train_4pallet_mask_v1,E:\CODING\GitHub\FoundationPose\data\pallet\archive\legacy_datasets\noai_baked\train_4pallet_mask_v1,dir,4,data/pallet/archive/legacy_datasets/noai_baked,,40040,9845542580,2026-07-06 14:53,,N/A_DIR,true,false,false,archive,LEGACY_DATASET,high,[확인] 과거 학습셋 렌더 산출물. 현재 실행 코드 참조 0(구 경로 참조는 전부 stale). ledger:25 = NoAI 목재 baked 가능,0,,true,true,true,true,false,false,false,false,false,false,.png:30000;.json:10000;.log:40,archive/legacy_datasets/,,MOVED_STAGE2D1X,"Stage 2-D1~D2 D1C_LEGACY_DATASETS: data/pallet/archive/train_4pallet_mask_v1 -> data/pallet/archive/legacy_datasets/noai_baked/train_4pallet_mask_v1 (원장 , move_id D1-034). Stage 2-D1/D1.1/D1.2 D1C_LEGACY_DATASETS: data/pallet/archive/train_4pallet_mask_v1 -> data/pallet/archive/legacy_datasets/noai_baked/train_4pallet_mask_v1 (원장 , move_id D1-034). Stage 2-D1/D1.1 D1C_LEGACY_DATASETS: data/pallet/archive/train_4pallet_mask_v1 -> data/pallet/archive/legacy_datasets/noai_baked/train_4pallet_mask_v1 (원장 , move_id D1-034). Stage 2-D1 D1C_LEGACY_DATASETS: data/pallet/archive/train_4pallet_mask_v1 -> data/pallet/archive/legacy_datasets/noai_baked/train_4pallet_mask_v1 (원장 , move_id D1-034). "
data/pallet/archive/legacy_datasets/noai_baked/training_data,E:\CODING\GitHub\FoundationPose\data\pallet\archive\legacy_datasets\noai_baked\training_data,dir,4,data/pallet/archive/legacy_datasets/noai_baked,,34704,6435540124,2026-03-29 05:43,,N/A_DIR,true,false,false,archive,LEGACY_DATASET,high,[확인] 과거 학습셋 렌더 산출물. 현재 실행 코드 참조 0(구 경로 참조는 전부 stale). ledger:25 = NoAI 목재 baked 가능,0,,true,true,false,true,false,false,false,false,false,false,.png:17300;.json:17270;.log:133;.txt:1,archive/legacy_datasets/,,MOVED_STAGE2D1X,"Stage 2-D1~D2 D12B_REFERENCE_MOVE: data/pallet/archive/training_data -> data/pallet/archive/legacy_datasets/noai_baked/training_data (원장 , move_id D1-038). Stage 2-D1/D1.1/D1.2 D12B_REFERENCE_MOVE: data/pallet/archive/training_data -> data/pallet/archive/legacy_datasets/noai_baked/training_data (원장 , move_id D1-038). "
data/pallet/archive/legacy_datasets/noai_baked/training_data_v4,E:\CODING\GitHub\FoundationPose\data\pallet\archive\legacy_datasets\noai_baked\training_data_v4,dir,4,data/pallet/archive/legacy_datasets/noai_baked,,329,133302744,2026-07-24 09:36,,N/A_DIR,true,false,false,archive,LEGACY_DATASET,high,[확인] 과거 학습셋 렌더 산출물. 현재 실행 코드 참조 0(구 경로 참조는 전부 stale). ledger:25 = NoAI 목재 baked 가능,0,,true,true,false,true,false,false,false,false,false,false,.png:242;.json:82;.log:4;.md:1,archive/legacy_datasets/,,MOVED_STAGE2D1X,"Stage 2-D1~D2 D1C_LEGACY_DATASETS: data/pallet/archive/training_data_v4 -> data/pallet/archive/legacy_datasets/noai_baked/training_data_v4 (원장 , move_id D1-051). Stage 2-D1/D1.1/D1.2 D1C_LEGACY_DATASETS: data/pallet/archive/training_data_v4 -> data/pallet/archive/legacy_datasets/noai_baked/training_data_v4 (원장 , move_id D1-051). Stage 2-D1/D1.1 D1C_LEGACY_DATASETS: data/pallet/archive/training_data_v4 -> data/pallet/archive/legacy_datasets/noai_baked/training_data_v4 (원장 , move_id D1-051). Stage 2-D1 D1C_LEGACY_DATASETS: data/pallet/archive/training_data_v4 -> data/pallet/archive/legacy_datasets/noai_baked/training_data_v4 (원장 , move_id D1-051). "
data/pallet/archive/legacy_datasets/noai_baked/training_data_v4_emptywood,E:\CODING\GitHub\FoundationPose\data\pallet\archive\legacy_datasets\noai_baked\training_data_v4_emptywood,dir,4,data/pallet/archive/legacy_datasets/noai_baked,,9031,4820265222,2026-06-18 22:38,,N/A_DIR,true,false,false,archive,LEGACY_DATASET,high,[확인] 과거 학습셋 렌더 산출물. 현재 실행 코드 참조 0(구 경로 참조는 전부 stale). ledger:25 = NoAI 목재 baked 가능,0,,true,true,false,true,false,false,false,false,false,false,.png:6000;.json:3015;.log:15;.zip:1,archive/legacy_datasets/,,MOVED_STAGE2D1X,"Stage 2-D1~D2 D12C_PROVEN_NOAI_MOVE: data/pallet/archive/training_data_v4_emptywood -> data/pallet/archive/legacy_datasets/noai_baked/training_data_v4_emptywood (원장 , move_id D1-043). Stage 2-D1/D1.1/D1.2 D12C_PROVEN_NOAI_MOVE: data/pallet/archive/training_data_v4_emptywood -> data/pallet/archive/legacy_datasets/noai_baked/training_data_v4_emptywood (원장 , move_id D1-043). "
data/pallet/archive/legacy_datasets/noai_baked/training_data_v4_pilotA,E:\CODING\GitHub\FoundationPose\data\pallet\archive\legacy_datasets\noai_baked\training_data_v4_pilotA,dir,4,data/pallet/archive/legacy_datasets/noai_baked,,482,188826895,2026-06-16 02:38,,N/A_DIR,true,false,false,archive,LEGACY_DATASET,high,[확인] 과거 학습셋 렌더 산출물. 현재 실행 코드 참조 0(구 경로 참조는 전부 stale). ledger:25 = NoAI 목재 baked 가능,0,,true,true,false,true,false,false,false,false,false,false,.png:360;.json:122,archive/legacy_datasets/,,MOVED_STAGE2D1X,"Stage 2-D1~D2 D12C_PROVEN_NOAI_MOVE: data/pallet/archive/training_data_v4_pilotA -> data/pallet/archive/legacy_datasets/noai_baked/training_data_v4_pilotA (원장 , move_id D1-049). Stage 2-D1/D1.1/D1.2 D12C_PROVEN_NOAI_MOVE: data/pallet/archive/training_data_v4_pilotA -> data/pallet/archive/legacy_datasets/noai_baked/training_data_v4_pilotA (원장 , move_id D1-049). "
data/pallet/archive/legacy_datasets/noai_baked/training_data_v4_split,E:\CODING\GitHub\FoundationPose\data\pallet\archive\legacy_datasets\noai_baked\training_data_v4_split,dir,4,data/pallet/archive/legacy_datasets/noai_baked,,15053,8321688089,2026-07-24 09:35,,N/A_DIR,true,false,false,archive,LEGACY_DATASET,high,[확인] 과거 학습셋 렌더 산출물. 현재 실행 코드 참조 0(구 경로 참조는 전부 stale). ledger:25 = NoAI 목재 baked 가능,0,,true,true,false,true,false,false,false,false,false,false,.png:10001;.json:5025;.log:25;.md:1;.zip:1,archive/legacy_datasets/,,MOVED_STAGE2D1X,"Stage 2-D1~D2 D1C_LEGACY_DATASETS: data/pallet/archive/training_data_v4_split -> data/pallet/archive/legacy_datasets/noai_baked/training_data_v4_split (원장 , move_id D1-037). Stage 2-D1/D1.1/D1.2 D1C_LEGACY_DATASETS: data/pallet/archive/training_data_v4_split -> data/pallet/archive/legacy_datasets/noai_baked/training_data_v4_split (원장 , move_id D1-037). Stage 2-D1/D1.1 D1C_LEGACY_DATASETS: data/pallet/archive/training_data_v4_split -> data/pallet/archive/legacy_datasets/noai_baked/training_data_v4_split (원장 , move_id D1-037). Stage 2-D1 D1C_LEGACY_DATASETS: data/pallet/archive/training_data_v4_split -> data/pallet/archive/legacy_datasets/noai_baked/training_data_v4_split (원장 , move_id D1-037). "
data/pallet/archive/legacy_datasets/noai_baked/training_data_v4_split_GREYBUG,E:\CODING\GitHub\FoundationPose\data\pallet\archive\legacy_datasets\noai_baked\training_data_v4_split_GREYBUG,dir,4,data/pallet/archive/legacy_datasets/noai_baked,,15051,5291018327,2026-06-17 10:26,,N/A_DIR,true,false,false,archive,LEGACY_DATASET,high,[확인] 과거 학습셋 렌더 산출물. 현재 실행 코드 참조 0(구 경로 참조는 전부 stale). ledger:25 = NoAI 목재 baked 가능,0,,true,true,false,true,false,false,false,false,false,false,.png:10001;.json:5025;.log:25,archive/legacy_datasets/,,MOVED_STAGE2D1X,"Stage 2-D1~D2 D12C_PROVEN_NOAI_MOVE: data/pallet/archive/training_data_v4_split_GREYBUG -> data/pallet/archive/legacy_datasets/noai_baked/training_data_v4_split_GREYBUG (원장 , move_id D1-041). Stage 2-D1/D1.1/D1.2 D12C_PROVEN_NOAI_MOVE: data/pallet/archive/training_data_v4_split_GREYBUG -> data/pallet/archive/legacy_datasets/noai_baked/training_data_v4_split_GREYBUG (원장 , move_id D1-041). "
data/pallet/archive/legacy_datasets/noai_baked/training_data_v4_split_bg1bak,E:\CODING\GitHub\FoundationPose\data\pallet\archive\legacy_datasets\noai_baked\training_data_v4_split_bg1bak,dir,4,data/pallet/archive/legacy_datasets/noai_baked,,15056,5288678749,2026-06-16 18:12,,N/A_DIR,true,false,false,archive,LEGACY_DATASET,high,[확인] 과거 학습셋 렌더 산출물. 현재 실행 코드 참조 0(구 경로 참조는 전부 stale). ledger:25 = NoAI 목재 baked 가능,0,,true,true,false,true,false,false,false,false,false,false,.png:10000;.json:5025;.log:31,archive/legacy_datasets/,,MOVED_STAGE2D1X,"Stage 2-D1~D2 D12C_PROVEN_NOAI_MOVE: data/pallet/archive/training_data_v4_split_bg1bak -> data/pallet/archive/legacy_datasets/noai_baked/training_data_v4_split_bg1bak (원장 , move_id D1-042). Stage 2-D1/D1.1/D1.2 D12C_PROVEN_NOAI_MOVE: data/pallet/archive/training_data_v4_split_bg1bak -> data/pallet/archive/legacy_datasets/noai_baked/training_data_v4_split_bg1bak (원장 , move_id D1-042). "
data/pallet/archive/legacy_datasets/partial,E:\CODING\GitHub\FoundationPose\data\pallet\archive\legacy_datasets\partial,dir,3,data/pallet/archive/legacy_datasets,,241,65085895,2026-06-23 23:24,,N/A_DIR,true,false,false,archive,,,,,,true,true,true,true,false,false,false,false,false,false,.png:180;.json:61,,,PRESENT,
data/pallet/archive/legacy_datasets/partial/_mask_test60,E:\CODING\GitHub\FoundationPose\data\pallet\archive\legacy_datasets\partial\_mask_test60,dir,4,data/pallet/archive/legacy_datasets/partial,,241,65085895,2026-06-23 23:24,,N/A_DIR,true,false,false,archive,SUPERSEDED_RUN,medium,"[확인] 구 렌더/머티리얼 실험 산출물, 코드 참조 0",0,,true,true,true,true,false,false,false,false,false,false,.png:180;.json:61,archive/superseded_runs/,,MOVED_STAGE2D1X,"Stage 2-D1~D2 D1C_LEGACY_DATASETS: data/pallet/archive/_mask_test60 -> data/pallet/archive/legacy_datasets/partial/_mask_test60 (원장 , move_id D1-054). Stage 2-D1/D1.1/D1.2 D1C_LEGACY_DATASETS: data/pallet/archive/_mask_test60 -> data/pallet/archive/legacy_datasets/partial/_mask_test60 (원장 , move_id D1-054). Stage 2-D1/D1.1 D1C_LEGACY_DATASETS: data/pallet/archive/_mask_test60 -> data/pallet/archive/legacy_datasets/partial/_mask_test60 (원장 , move_id D1-054). Stage 2-D1 D1C_LEGACY_DATASETS: data/pallet/archive/_mask_test60 -> data/pallet/archive/legacy_datasets/partial/_mask_test60 (원장 , move_id D1-054). "
data/pallet/archive/legacy_datasets/redistributable,E:\CODING\GitHub\FoundationPose\data\pallet\archive\legacy_datasets\redistributable,dir,3,data/pallet/archive/legacy_datasets,,193564,46837828689,2026-07-03 15:34,,N/A_DIR,true,false,false,archive,,,,,,true,true,true,true,false,false,false,false,false,false,.png:133402;.json:60136;.log:25;.tmp:1,,,PRESENT,
data/pallet/archive/legacy_datasets/redistributable/test_blender_v64,E:\CODING\GitHub\FoundationPose\data\pallet\archive\legacy_datasets\redistributable\test_blender_v64,dir,4,data/pallet/archive/legacy_datasets/redistributable,,6000,1786012650,2026-04-04 03:14,,N/A_DIR,true,false,false,archive,LEGACY_DATASET,high,[확인] 과거 학습셋 렌더 산출물. 현재 실행 코드 참조 0(구 경로 참조는 전부 stale). ledger:25 = NoAI 목재 baked 가능,0,,true,true,false,true,false,false,false,false,false,false,.png:4000;.json:2000,archive/legacy_datasets/,,MOVED_STAGE2D1X,"Stage 2-D1~D2 D1C_LEGACY_DATASETS: data/pallet/archive/test_blender_v64 -> data/pallet/archive/legacy_datasets/redistributable/test_blender_v64 (원장 , move_id D1-045). Stage 2-D1/D1.1/D1.2 D1C_LEGACY_DATASETS: data/pallet/archive/test_blender_v64 -> data/pallet/archive/legacy_datasets/redistributable/test_blender_v64 (원장 , move_id D1-045). Stage 2-D1/D1.1 D1C_LEGACY_DATASETS: data/pallet/archive/test_blender_v64 -> data/pallet/archive/legacy_datasets/redistributable/test_blender_v64 (원장 , move_id D1-045). Stage 2-D1 D1C_LEGACY_DATASETS: data/pallet/archive/test_blender_v64 -> data/pallet/archive/legacy_datasets/redistributable/test_blender_v64 (원장 , move_id D1-045). "
data/pallet/archive/legacy_datasets/redistributable/test_blender_v65,E:\CODING\GitHub\FoundationPose\data\pallet\archive\legacy_datasets\redistributable\test_blender_v65,dir,4,data/pallet/archive/legacy_datasets/redistributable,,300,86945235,2026-04-05 12:44,,N/A_DIR,true,false,false,archive,LEGACY_DATASET,high,[확인] 과거 학습셋 렌더 산출물. 현재 실행 코드 참조 0(구 경로 참조는 전부 stale). ledger:25 = NoAI 목재 baked 가능,0,,true,true,false,true,false,false,false,false,false,false,.png:200;.json:100,archive/legacy_datasets/,,MOVED_STAGE2D1X,"Stage 2-D1~D2 D1C_LEGACY_DATASETS: data/pallet/archive/test_blender_v65 -> data/pallet/archive/legacy_datasets/redistributable/test_blender_v65 (원장 , move_id D1-052). Stage 2-D1/D1.1/D1.2 D1C_LEGACY_DATASETS: data/pallet/archive/test_blender_v65 -> data/pallet/archive/legacy_datasets/redistributable/test_blender_v65 (원장 , move_id D1-052). Stage 2-D1/D1.1 D1C_LEGACY_DATASETS: data/pallet/archive/test_blender_v65 -> data/pallet/archive/legacy_datasets/redistributable/test_blender_v65 (원장 , move_id D1-052). Stage 2-D1 D1C_LEGACY_DATASETS: data/pallet/archive/test_blender_v65 -> data/pallet/archive/legacy_datasets/redistributable/test_blender_v65 (원장 , move_id D1-052). "
data/pallet/archive/legacy_datasets/redistributable/test_blender_v67,E:\CODING\GitHub\FoundationPose\data\pallet\archive\legacy_datasets\redistributable\test_blender_v67,dir,4,data/pallet/archive/legacy_datasets/redistributable,,501,150369725,2026-04-05 21:36,,N/A_DIR,true,false,false,archive,LEGACY_DATASET,high,[확인] 과거 학습셋 렌더 산출물. 현재 실행 코드 참조 0(구 경로 참조는 전부 stale). ledger:25 = NoAI 목재 baked 가능,0,,true,true,false,true,false,false,false,false,false,false,.png:334;.json:167,archive/legacy_datasets/,,MOVED_STAGE2D1X,"Stage 2-D1~D2 D1C_LEGACY_DATASETS: data/pallet/archive/test_blender_v67 -> data/pallet/archive/legacy_datasets/redistributable/test_blender_v67 (원장 , move_id D1-050). Stage 2-D1/D1.1/D1.2 D1C_LEGACY_DATASETS: data/pallet/archive/test_blender_v67 -> data/pallet/archive/legacy_datasets/redistributable/test_blender_v67 (원장 , move_id D1-050). Stage 2-D1/D1.1 D1C_LEGACY_DATASETS: data/pallet/archive/test_blender_v67 -> data/pallet/archive/legacy_datasets/redistributable/test_blender_v67 (원장 , move_id D1-050). Stage 2-D1 D1C_LEGACY_DATASETS: data/pallet/archive/test_blender_v67 -> data/pallet/archive/legacy_datasets/redistributable/test_blender_v67 (원장 , move_id D1-050). "
data/pallet/archive/legacy_datasets/redistributable/test_blender_v68,E:\CODING\GitHub\FoundationPose\data\pallet\archive\legacy_datasets\redistributable\test_blender_v68,dir,4,data/pallet/archive/legacy_datasets/redistributable,,3000,909147448,2026-04-05 22:09,,N/A_DIR,true,false,false,archive,LEGACY_DATASET,high,[확인] 과거 학습셋 렌더 산출물. 현재 실행 코드 참조 0(구 경로 참조는 전부 stale). ledger:25 = NoAI 목재 baked 가능,0,,true,true,false,true,false,false,false,false,false,false,.png:2000;.json:1000,archive/legacy_datasets/,,MOVED_STAGE2D1X,"Stage 2-D1~D2 D1C_LEGACY_DATASETS: data/pallet/archive/test_blender_v68 -> data/pallet/archive/legacy_datasets/redistributable/test_blender_v68 (원장 , move_id D1-047). Stage 2-D1/D1.1/D1.2 D1C_LEGACY_DATASETS: data/pallet/archive/test_blender_v68 -> data/pallet/archive/legacy_datasets/redistributable/test_blender_v68 (원장 , move_id D1-047). Stage 2-D1/D1.1 D1C_LEGACY_DATASETS: data/pallet/archive/test_blender_v68 -> data/pallet/archive/legacy_datasets/redistributable/test_blender_v68 (원장 , move_id D1-047). Stage 2-D1 D1C_LEGACY_DATASETS: data/pallet/archive/test_blender_v68 -> data/pallet/archive/legacy_datasets/redistributable/test_blender_v68 (원장 , move_id D1-047). "
data/pallet/archive/legacy_datasets/redistributable/test_blender_v69,E:\CODING\GitHub\FoundationPose\data\pallet\archive\legacy_datasets\redistributable\test_blender_v69,dir,4,data/pallet/archive/legacy_datasets/redistributable,,12000,3662471008,2026-04-06 17:48,,N/A_DIR,true,false,false,archive,LEGACY_DATASET,high,[확인] 과거 학습셋 렌더 산출물. 현재 실행 코드 참조 0(구 경로 참조는 전부 stale). ledger:25 = NoAI 목재 baked 가능,0,,true,true,false,true,false,false,false,false,false,false,.png:8000;.json:4000,archive/legacy_datasets/,,MOVED_STAGE2D1X,"Stage 2-D1~D2 D1C_LEGACY_DATASETS: data/pallet/archive/test_blender_v69 -> data/pallet/archive/legacy_datasets/redistributable/test_blender_v69 (원장 , move_id D1-044). Stage 2-D1/D1.1/D1.2 D1C_LEGACY_DATASETS: data/pallet/archive/test_blender_v69 -> data/pallet/archive/legacy_datasets/redistributable/test_blender_v69 (원장 , move_id D1-044). Stage 2-D1/D1.1 D1C_LEGACY_DATASETS: data/pallet/archive/test_blender_v69 -> data/pallet/archive/legacy_datasets/redistributable/test_blender_v69 (원장 , move_id D1-044). Stage 2-D1 D1C_LEGACY_DATASETS: data/pallet/archive/test_blender_v69 -> data/pallet/archive/legacy_datasets/redistributable/test_blender_v69 (원장 , move_id D1-044). "
data/pallet/archive/legacy_datasets/redistributable/test_blender_v70,E:\CODING\GitHub\FoundationPose\data\pallet\archive\legacy_datasets\redistributable\test_blender_v70,dir,4,data/pallet/archive/legacy_datasets/redistributable,,3000,915545347,2026-04-06 18:23,,N/A_DIR,true,false,false,archive,LEGACY_DATASET,high,[확인] 과거 학습셋 렌더 산출물. 현재 실행 코드 참조 0(구 경로 참조는 전부 stale). ledger:25 = NoAI 목재 baked 가능,0,,true,true,false,true,false,false,false,false,false,false,.png:2000;.json:1000,archive/legacy_datasets/,,MOVED_STAGE2D1X,"Stage 2-D1~D2 D1C_LEGACY_DATASETS: data/pallet/archive/test_blender_v70 -> data/pallet/archive/legacy_datasets/redistributable/test_blender_v70 (원장 , move_id D1-046). Stage 2-D1/D1.1/D1.2 D1C_LEGACY_DATASETS: data/pallet/archive/test_blender_v70 -> data/pallet/archive/legacy_datasets/redistributable/test_blender_v70 (원장 , move_id D1-046). Stage 2-D1/D1.1 D1C_LEGACY_DATASETS: data/pallet/archive/test_blender_v70 -> data/pallet/archive/legacy_datasets/redistributable/test_blender_v70 (원장 , move_id D1-046). Stage 2-D1 D1C_LEGACY_DATASETS: data/pallet/archive/test_blender_v70 -> data/pallet/archive/legacy_datasets/redistributable/test_blender_v70 (원장 , move_id D1-046). "
data/pallet/archive/legacy_datasets/redistributable/test_indoor_v1,E:\CODING\GitHub\FoundationPose\data\pallet\archive\legacy_datasets\redistributable\test_indoor_v1,dir,4,data/pallet/archive/legacy_datasets/redistributable,,3000,588469993,2026-04-07 12:05,,N/A_DIR,true,false,false,archive,LEGACY_DATASET,high,[확인] 과거 학습셋 렌더 산출물. 현재 실행 코드 참조 0(구 경로 참조는 전부 stale). ledger:25 = NoAI 목재 baked 가능,0,,true,true,false,true,false,false,false,false,false,false,.png:2000;.json:1000,archive/legacy_datasets/,,MOVED_STAGE2D1X,"Stage 2-D1~D2 D1C_LEGACY_DATASETS: data/pallet/archive/test_indoor_v1 -> data/pallet/archive/legacy_datasets/redistributable/test_indoor_v1 (원장 , move_id D1-048). Stage 2-D1/D1.1/D1.2 D1C_LEGACY_DATASETS: data/pallet/archive/test_indoor_v1 -> data/pallet/archive/legacy_datasets/redistributable/test_indoor_v1 (원장 , move_id D1-048). Stage 2-D1/D1.1 D1C_LEGACY_DATASETS: data/pallet/archive/test_indoor_v1 -> data/pallet/archive/legacy_datasets/redistributable/test_indoor_v1 (원장 , move_id D1-048). Stage 2-D1 D1C_LEGACY_DATASETS: data/pallet/archive/test_indoor_v1 -> data/pallet/archive/legacy_datasets/redistributable/test_indoor_v1 (원장 , move_id D1-048). "
data/pallet/archive/legacy_datasets/redistributable/train_palletobj_addon_v1,E:\CODING\GitHub\FoundationPose\data\pallet\archive\legacy_datasets\redistributable\train_palletobj_addon_v1,dir,4,data/pallet/archive/legacy_datasets/redistributable,,24002,5752182582,2026-06-25 15:14,,N/A_DIR,true,false,false,archive,LEGACY_DATASET,high,[확인] 과거 학습셋 렌더 산출물. 현재 실행 코드 참조 0(구 경로 참조는 전부 stale). ledger:25 = NoAI 목재 baked 가능,0,,true,true,true,true,false,false,false,false,false,false,.png:18000;.json:6002,archive/legacy_datasets/,,MOVED_STAGE2D1X,"Stage 2-D1~D2 D1C_LEGACY_DATASETS: data/pallet/archive/train_palletobj_addon_v1 -> data/pallet/archive/legacy_datasets/redistributable/train_palletobj_addon_v1 (원장 , move_id D1-039). Stage 2-D1/D1.1/D1.2 D1C_LEGACY_DATASETS: data/pallet/archive/train_palletobj_addon_v1 -> data/pallet/archive/legacy_datasets/redistributable/train_palletobj_addon_v1 (원장 , move_id D1-039). Stage 2-D1/D1.1 D1C_LEGACY_DATASETS: data/pallet/archive/train_palletobj_addon_v1 -> data/pallet/archive/legacy_datasets/redistributable/train_palletobj_addon_v1 (원장 , move_id D1-039). Stage 2-D1 D1C_LEGACY_DATASETS: data/pallet/archive/train_palletobj_addon_v1 -> data/pallet/archive/legacy_datasets/redistributable/train_palletobj_addon_v1 (원장 , move_id D1-039). "
data/pallet/archive/legacy_datasets/redistributable/train_palletobj_v1,E:\CODING\GitHub\FoundationPose\data\pallet\archive\legacy_datasets\redistributable\train_palletobj_v1,dir,4,data/pallet/archive/legacy_datasets/redistributable,,30012,8337383185,2026-05-20 02:26,,N/A_DIR,true,false,false,archive,LEGACY_DATASET,high,[확인] 과거 학습셋 렌더 산출물. 현재 실행 코드 참조 0(구 경로 참조는 전부 stale). ledger:25 = NoAI 목재 baked 가능,0,,true,true,false,true,false,false,false,false,false,false,.png:19999;.json:10003;.log:10,archive/legacy_datasets/,,MOVED_STAGE2D1X,"Stage 2-D1~D2 D1C_LEGACY_DATASETS: data/pallet/archive/train_palletobj_v1 -> data/pallet/archive/legacy_datasets/redistributable/train_palletobj_v1 (원장 , move_id D1-036). Stage 2-D1/D1.1/D1.2 D1C_LEGACY_DATASETS: data/pallet/archive/train_palletobj_v1 -> data/pallet/archive/legacy_datasets/redistributable/train_palletobj_v1 (원장 , move_id D1-036). Stage 2-D1/D1.1 D1C_LEGACY_DATASETS: data/pallet/archive/train_palletobj_v1 -> data/pallet/archive/legacy_datasets/redistributable/train_palletobj_v1 (원장 , move_id D1-036). Stage 2-D1 D1C_LEGACY_DATASETS: data/pallet/archive/train_palletobj_v1 -> data/pallet/archive/legacy_datasets/redistributable/train_palletobj_v1 (원장 , move_id D1-036). "
data/pallet/archive/legacy_datasets/redistributable/train_palletobj_v2,E:\CODING\GitHub\FoundationPose\data\pallet\archive\legacy_datasets\redistributable\train_palletobj_v2,dir,4,data/pallet/archive/legacy_datasets/redistributable,,30010,8341960347,2026-05-20 03:53,,N/A_DIR,true,false,false,archive,LEGACY_DATASET,high,[확인] 과거 학습셋 렌더 산출물. 현재 실행 코드 참조 0(구 경로 참조는 전부 stale). ledger:25 = NoAI 목재 baked 가능,0,,true,true,false,true,false,false,false,false,false,false,.png:19996;.json:10000;.log:14,archive/legacy_datasets/,,MOVED_STAGE2D1X,"Stage 2-D1~D2 D1C_LEGACY_DATASETS: data/pallet/archive/train_palletobj_v2 -> data/pallet/archive/legacy_datasets/redistributable/train_palletobj_v2 (원장 , move_id D1-035). Stage 2-D1/D1.1/D1.2 D1C_LEGACY_DATASETS: data/pallet/archive/train_palletobj_v2 -> data/pallet/archive/legacy_datasets/redistributable/train_palletobj_v2 (원장 , move_id D1-035). Stage 2-D1/D1.1 D1C_LEGACY_DATASETS: data/pallet/archive/train_palletobj_v2 -> data/pallet/archive/legacy_datasets/redistributable/train_palletobj_v2 (원장 , move_id D1-035). Stage 2-D1 D1C_LEGACY_DATASETS: data/pallet/archive/train_palletobj_v2 -> data/pallet/archive/legacy_datasets/redistributable/train_palletobj_v2 (원장 , move_id D1-035). "
data/pallet/archive/legacy_datasets/redistributable/train_palletobj_v3,E:\CODING\GitHub\FoundationPose\data\pallet\archive\legacy_datasets\redistributable\train_palletobj_v3,dir,4,data/pallet/archive/legacy_datasets/redistributable,,40002,10682796255,2026-06-24 01:11,,N/A_DIR,true,false,false,archive,LEGACY_DATASET,high,[확인] 과거 학습셋 렌더 산출물. 현재 실행 코드 참조 0(구 경로 참조는 전부 stale). ledger:25 = NoAI 목재 baked 가능,0,,true,true,true,true,false,false,false,false,false,false,.png:30000;.json:10002,archive/legacy_datasets/,,MOVED_STAGE2D1X,"Stage 2-D1~D2 D12B_REFERENCE_MOVE: data/pallet/archive/train_palletobj_v3 -> data/pallet/archive/legacy_datasets/redistributable/train_palletobj_v3 (원장 , move_id D1-033). Stage 2-D1/D1.1/D1.2 D12B_REFERENCE_MOVE: data/pallet/archive/train_palletobj_v3 -> data/pallet/archive/legacy_datasets/redistributable/train_palletobj_v3 (원장 , move_id D1-033). "
data/pallet/archive/legacy_datasets/redistributable/train_palletobj_v3_post_v1,E:\CODING\GitHub\FoundationPose\data\pallet\archive\legacy_datasets\redistributable\train_palletobj_v3_post_v1,dir,4,data/pallet/archive/legacy_datasets/redistributable,,17722,77884636,2026-06-25 13:44,,N/A_DIR,true,false,false,archive,SUPERSEDED_RUN,low,"[추정] archive 하위 소규모 실험 폴더, 코드 참조 0 — 개별 검증 미완",0,,true,true,true,true,false,false,false,false,false,false,.png:8861;.json:8859;.log:1;.tmp:1,archive/superseded_runs/,,MOVED_STAGE2D1X,"Stage 2-D1~D2 D12B_REFERENCE_MOVE: data/pallet/archive/train_palletobj_v3_post_v1 -> data/pallet/archive/legacy_datasets/redistributable/train_palletobj_v3_post_v1 (원장 , move_id D1-053). Stage 2-D1/D1.1/D1.2 D12B_REFERENCE_MOVE: data/pallet/archive/train_palletobj_v3_post_v1 -> data/pallet/archive/legacy_datasets/redistributable/train_palletobj_v3_post_v1 (원장 , move_id D1-053). "
data/pallet/archive/legacy_datasets/redistributable/trunc_addon_v1,E:\CODING\GitHub\FoundationPose\data\pallet\archive\legacy_datasets\redistributable\trunc_addon_v1,dir,4,data/pallet/archive/legacy_datasets/redistributable,,24015,5546660278,2026-07-03 15:34,,N/A_DIR,true,false,false,archive,LEGACY_DATASET,high,[확인] 과거 학습셋 렌더 산출물. 현재 실행 코드 참조 0(구 경로 참조는 전부 stale). ledger:25 = NoAI 목재 baked 가능,0,,true,true,true,true,false,false,false,false,false,false,.png:18012;.json:6003,archive/legacy_datasets/,,MOVED_STAGE2D1X,"Stage 2-D1~D2 D1C_LEGACY_DATASETS: data/pallet/archive/trunc_addon_v1 -> data/pallet/archive/legacy_datasets/redistributable/trunc_addon_v1 (원장 , move_id D1-040). Stage 2-D1/D1.1/D1.2 D1C_LEGACY_DATASETS: data/pallet/archive/trunc_addon_v1 -> data/pallet/archive/legacy_datasets/redistributable/trunc_addon_v1 (원장 , move_id D1-040). Stage 2-D1/D1.1 D1C_LEGACY_DATASETS: data/pallet/archive/trunc_addon_v1 -> data/pallet/archive/legacy_datasets/redistributable/trunc_addon_v1 (원장 , move_id D1-040). Stage 2-D1 D1C_LEGACY_DATASETS: data/pallet/archive/trunc_addon_v1 -> data/pallet/archive/legacy_datasets/redistributable/trunc_addon_v1 (원장 , move_id D1-040). "
data/pallet/archive/legacy_datasets/test_blender_v1,E:\CODING\GitHub\FoundationPose\data\pallet\archive\legacy_datasets\test_blender_v1,dir,3,data/pallet/archive/legacy_datasets,,63,14124145,2026-03-26 00:14,,N/A_DIR,true,false,false,archive,LEGACY_DATASET,high,[확인] 과거 학습셋 렌더 산출물. 현재 실행 코드 참조 0(구 경로 참조는 전부 stale). ledger:25 = NoAI 목재 baked 가능,0,,true,true,false,false,false,false,false,false,false,false,.png:33;.json:30,archive/legacy_datasets/,,MOVED_STAGE2D1X,"Stage 2-D1~D2 D2_LEGACY_DATASETS: data/pallet/archive/test_blender_v1 -> data/pallet/archive/legacy_datasets/test_blender_v1 (원장 , move_id D2-086). "
data/pallet/archive/legacy_datasets/test_blender_v10,E:\CODING\GitHub\FoundationPose\data\pallet\archive\legacy_datasets\test_blender_v10,dir,3,data/pallet/archive/legacy_datasets,,30,9258721,2026-03-26 11:34,,N/A_DIR,true,false,false,archive,LEGACY_DATASET,high,[확인] 과거 학습셋 렌더 산출물. 현재 실행 코드 참조 0(구 경로 참조는 전부 stale). ledger:25 = NoAI 목재 baked 가능,0,,true,true,false,true,false,false,false,false,false,false,.png:20;.json:10,archive/legacy_datasets/,,MOVED_STAGE2D1X,"Stage 2-D1~D2 D2_LEGACY_DATASETS: data/pallet/archive/test_blender_v10 -> data/pallet/archive/legacy_datasets/test_blender_v10 (원장 , move_id D2-087). "
data/pallet/archive/legacy_datasets/test_blender_v11,E:\CODING\GitHub\FoundationPose\data\pallet\archive\legacy_datasets\test_blender_v11,dir,3,data/pallet/archive/legacy_datasets,,30,9646016,2026-03-26 11:39,,N/A_DIR,true,false,false,archive,LEGACY_DATASET,high,[확인] 과거 학습셋 렌더 산출물. 현재 실행 코드 참조 0(구 경로 참조는 전부 stale). ledger:25 = NoAI 목재 baked 가능,0,,true,true,false,true,false,false,false,false,false,false,.png:20;.json:10,archive/legacy_datasets/,,MOVED_STAGE2D1X,"Stage 2-D1~D2 D2_LEGACY_DATASETS: data/pallet/archive/test_blender_v11 -> data/pallet/archive/legacy_datasets/test_blender_v11 (원장 , move_id D2-088). "
data/pallet/archive/legacy_datasets/test_blender_v12,E:\CODING\GitHub\FoundationPose\data\pallet\archive\legacy_datasets\test_blender_v12,dir,3,data/pallet/archive/legacy_datasets,,30,9680287,2026-03-26 11:52,,N/A_DIR,true,false,false,archive,LEGACY_DATASET,high,[확인] 과거 학습셋 렌더 산출물. 현재 실행 코드 참조 0(구 경로 참조는 전부 stale). ledger:25 = NoAI 목재 baked 가능,0,,true,true,false,true,false,false,false,false,false,false,.png:20;.json:10,archive/legacy_datasets/,,MOVED_STAGE2D1X,"Stage 2-D1~D2 D2_LEGACY_DATASETS: data/pallet/archive/test_blender_v12 -> data/pallet/archive/legacy_datasets/test_blender_v12 (원장 , move_id D2-089). "
data/pallet/archive/legacy_datasets/test_blender_v13,E:\CODING\GitHub\FoundationPose\data\pallet\archive\legacy_datasets\test_blender_v13,dir,3,data/pallet/archive/legacy_datasets,,30,9562151,2026-03-26 12:03,,N/A_DIR,true,false,false,archive,LEGACY_DATASET,high,[확인] 과거 학습셋 렌더 산출물. 현재 실행 코드 참조 0(구 경로 참조는 전부 stale). ledger:25 = NoAI 목재 baked 가능,0,,true,true,false,true,false,false,false,false,false,false,.png:20;.json:10,archive/legacy_datasets/,,MOVED_STAGE2D1X,"Stage 2-D1~D2 D2_LEGACY_DATASETS: data/pallet/archive/test_blender_v13 -> data/pallet/archive/legacy_datasets/test_blender_v13 (원장 , move_id D2-090). "
data/pallet/archive/legacy_datasets/test_blender_v14,E:\CODING\GitHub\FoundationPose\data\pallet\archive\legacy_datasets\test_blender_v14,dir,3,data/pallet/archive/legacy_datasets,,30,9655600,2026-03-26 12:32,,N/A_DIR,true,false,false,archive,LEGACY_DATASET,high,[확인] 과거 학습셋 렌더 산출물. 현재 실행 코드 참조 0(구 경로 참조는 전부 stale). ledger:25 = NoAI 목재 baked 가능,0,,true,true,false,true,false,false,false,false,false,false,.png:20;.json:10,archive/legacy_datasets/,,MOVED_STAGE2D1X,"Stage 2-D1~D2 D2_LEGACY_DATASETS: data/pallet/archive/test_blender_v14 -> data/pallet/archive/legacy_datasets/test_blender_v14 (원장 , move_id D2-091). "
data/pallet/archive/legacy_datasets/test_blender_v15,E:\CODING\GitHub\FoundationPose\data\pallet\archive\legacy_datasets\test_blender_v15,dir,3,data/pallet/archive/legacy_datasets,,30,9567223,2026-03-26 12:43,,N/A_DIR,true,false,false,archive,LEGACY_DATASET,high,[확인] 과거 학습셋 렌더 산출물. 현재 실행 코드 참조 0(구 경로 참조는 전부 stale). ledger:25 = NoAI 목재 baked 가능,0,,true,true,false,true,false,false,false,false,false,false,.png:20;.json:10,archive/legacy_datasets/,,MOVED_STAGE2D1X,"Stage 2-D1~D2 D2_LEGACY_DATASETS: data/pallet/archive/test_blender_v15 -> data/pallet/archive/legacy_datasets/test_blender_v15 (원장 , move_id D2-092). "
data/pallet/archive/legacy_datasets/test_blender_v16,E:\CODING\GitHub\FoundationPose\data\pallet\archive\legacy_datasets\test_blender_v16,dir,3,data/pallet/archive/legacy_datasets,,30,9376375,2026-03-26 12:49,,N/A_DIR,true,false,false,archive,LEGACY_DATASET,high,[확인] 과거 학습셋 렌더 산출물. 현재 실행 코드 참조 0(구 경로 참조는 전부 stale). ledger:25 = NoAI 목재 baked 가능,0,,true,true,false,true,false,false,false,false,false,false,.png:20;.json:10,archive/legacy_datasets/,,MOVED_STAGE2D1X,"Stage 2-D1~D2 D2_LEGACY_DATASETS: data/pallet/archive/test_blender_v16 -> data/pallet/archive/legacy_datasets/test_blender_v16 (원장 , move_id D2-093). "
data/pallet/archive/legacy_datasets/test_blender_v17,E:\CODING\GitHub\FoundationPose\data\pallet\archive\legacy_datasets\test_blender_v17,dir,3,data/pallet/archive/legacy_datasets,,30,9581741,2026-03-26 12:52,,N/A_DIR,true,false,false,archive,LEGACY_DATASET,high,[확인] 과거 학습셋 렌더 산출물. 현재 실행 코드 참조 0(구 경로 참조는 전부 stale). ledger:25 = NoAI 목재 baked 가능,0,,true,true,false,true,false,false,false,false,false,false,.png:20;.json:10,archive/legacy_datasets/,,MOVED_STAGE2D1X,"Stage 2-D1~D2 D2_LEGACY_DATASETS: data/pallet/archive/test_blender_v17 -> data/pallet/archive/legacy_datasets/test_blender_v17 (원장 , move_id D2-094). "
data/pallet/archive/legacy_datasets/test_blender_v18,E:\CODING\GitHub\FoundationPose\data\pallet\archive\legacy_datasets\test_blender_v18,dir,3,data/pallet/archive/legacy_datasets,,30,9416465,2026-03-26 12:54,,N/A_DIR,true,false,false,archive,LEGACY_DATASET,high,[확인] 과거 학습셋 렌더 산출물. 현재 실행 코드 참조 0(구 경로 참조는 전부 stale). ledger:25 = NoAI 목재 baked 가능,0,,true,true,false,true,false,false,false,false,false,false,.png:20;.json:10,archive/legacy_datasets/,,MOVED_STAGE2D1X,"Stage 2-D1~D2 D2_LEGACY_DATASETS: data/pallet/archive/test_blender_v18 -> data/pallet/archive/legacy_datasets/test_blender_v18 (원장 , move_id D2-095). "
data/pallet/archive/legacy_datasets/test_blender_v19,E:\CODING\GitHub\FoundationPose\data\pallet\archive\legacy_datasets\test_blender_v19,dir,3,data/pallet/archive/legacy_datasets,,30,9775801,2026-03-26 12:56,,N/A_DIR,true,false,false,archive,LEGACY_DATASET,high,[확인] 과거 학습셋 렌더 산출물. 현재 실행 코드 참조 0(구 경로 참조는 전부 stale). ledger:25 = NoAI 목재 baked 가능,0,,true,true,false,true,false,false,false,false,false,false,.png:20;.json:10,archive/legacy_datasets/,,MOVED_STAGE2D1X,"Stage 2-D1~D2 D2_LEGACY_DATASETS: data/pallet/archive/test_blender_v19 -> data/pallet/archive/legacy_datasets/test_blender_v19 (원장 , move_id D2-096). "
data/pallet/archive/legacy_datasets/test_blender_v2,E:\CODING\GitHub\FoundationPose\data\pallet\archive\legacy_datasets\test_blender_v2,dir,3,data/pallet/archive/legacy_datasets,,20,4526604,2026-03-26 00:18,,N/A_DIR,true,false,false,archive,LEGACY_DATASET,high,[확인] 과거 학습셋 렌더 산출물. 현재 실행 코드 참조 0(구 경로 참조는 전부 stale). ledger:25 = NoAI 목재 baked 가능,0,,true,true,false,false,false,false,false,false,false,false,.json:10;.png:10,archive/legacy_datasets/,,MOVED_STAGE2D1X,"Stage 2-D1~D2 D2_LEGACY_DATASETS: data/pallet/archive/test_blender_v2 -> data/pallet/archive/legacy_datasets/test_blender_v2 (원장 , move_id D2-097). "
data/pallet/archive/legacy_datasets/test_blender_v20,E:\CODING\GitHub\FoundationPose\data\pallet\archive\legacy_datasets\test_blender_v20,dir,3,data/pallet/archive/legacy_datasets,,30,9449852,2026-03-26 13:02,,N/A_DIR,true,false,false,archive,LEGACY_DATASET,high,[확인] 과거 학습셋 렌더 산출물. 현재 실행 코드 참조 0(구 경로 참조는 전부 stale). ledger:25 = NoAI 목재 baked 가능,0,,true,true,false,true,false,false,false,false,false,false,.png:20;.json:10,archive/legacy_datasets/,,MOVED_STAGE2D1X,"Stage 2-D1~D2 D2_LEGACY_DATASETS: data/pallet/archive/test_blender_v20 -> data/pallet/archive/legacy_datasets/test_blender_v20 (원장 , move_id D2-098). "
data/pallet/archive/legacy_datasets/test_blender_v21,E:\CODING\GitHub\FoundationPose\data\pallet\archive\legacy_datasets\test_blender_v21,dir,3,data/pallet/archive/legacy_datasets,,30,9708826,2026-03-26 13:12,,N/A_DIR,true,false,false,archive,LEGACY_DATASET,high,[확인] 과거 학습셋 렌더 산출물. 현재 실행 코드 참조 0(구 경로 참조는 전부 stale). ledger:25 = NoAI 목재 baked 가능,0,,true,true,false,true,false,false,false,false,false,false,.png:20;.json:10,archive/legacy_datasets/,,MOVED_STAGE2D1X,"Stage 2-D1~D2 D2_LEGACY_DATASETS: data/pallet/archive/test_blender_v21 -> data/pallet/archive/legacy_datasets/test_blender_v21 (원장 , move_id D2-099). "
data/pallet/archive/legacy_datasets/test_blender_v22,E:\CODING\GitHub\FoundationPose\data\pallet\archive\legacy_datasets\test_blender_v22,dir,3,data/pallet/archive/legacy_datasets,,30,9501126,2026-03-26 13:13,,N/A_DIR,true,false,false,archive,LEGACY_DATASET,high,[확인] 과거 학습셋 렌더 산출물. 현재 실행 코드 참조 0(구 경로 참조는 전부 stale). ledger:25 = NoAI 목재 baked 가능,0,,true,true,false,true,false,false,false,false,false,false,.png:20;.json:10,archive/legacy_datasets/,,MOVED_STAGE2D1X,"Stage 2-D1~D2 D2_LEGACY_DATASETS: data/pallet/archive/test_blender_v22 -> data/pallet/archive/legacy_datasets/test_blender_v22 (원장 , move_id D2-100). "
data/pallet/archive/legacy_datasets/test_blender_v23,E:\CODING\GitHub\FoundationPose\data\pallet\archive\legacy_datasets\test_blender_v23,dir,3,data/pallet/archive/legacy_datasets,,30,9559885,2026-03-26 15:04,,N/A_DIR,true,false,false,archive,LEGACY_DATASET,high,[확인] 과거 학습셋 렌더 산출물. 현재 실행 코드 참조 0(구 경로 참조는 전부 stale). ledger:25 = NoAI 목재 baked 가능,0,,true,true,false,true,false,false,false,false,false,false,.png:20;.json:10,archive/legacy_datasets/,,MOVED_STAGE2D1X,"Stage 2-D1~D2 D2_LEGACY_DATASETS: data/pallet/archive/test_blender_v23 -> data/pallet/archive/legacy_datasets/test_blender_v23 (원장 , move_id D2-101). "
data/pallet/archive/legacy_datasets/test_blender_v24,E:\CODING\GitHub\FoundationPose\data\pallet\archive\legacy_datasets\test_blender_v24,dir,3,data/pallet/archive/legacy_datasets,,30,9340760,2026-03-26 18:50,,N/A_DIR,true,false,false,archive,LEGACY_DATASET,high,[확인] 과거 학습셋 렌더 산출물. 현재 실행 코드 참조 0(구 경로 참조는 전부 stale). ledger:25 = NoAI 목재 baked 가능,0,,true,true,false,true,false,false,false,false,false,false,.png:20;.json:10,archive/legacy_datasets/,,MOVED_STAGE2D1X,"Stage 2-D1~D2 D2_LEGACY_DATASETS: data/pallet/archive/test_blender_v24 -> data/pallet/archive/legacy_datasets/test_blender_v24 (원장 , move_id D2-102). "
data/pallet/archive/legacy_datasets/test_blender_v25,E:\CODING\GitHub\FoundationPose\data\pallet\archive\legacy_datasets\test_blender_v25,dir,3,data/pallet/archive/legacy_datasets,,30,9484742,2026-03-26 18:58,,N/A_DIR,true,false,false,archive,LEGACY_DATASET,high,[확인] 과거 학습셋 렌더 산출물. 현재 실행 코드 참조 0(구 경로 참조는 전부 stale). ledger:25 = NoAI 목재 baked 가능,0,,true,true,false,true,false,false,false,false,false,false,.png:20;.json:10,archive/legacy_datasets/,,MOVED_STAGE2D1X,"Stage 2-D1~D2 D2_LEGACY_DATASETS: data/pallet/archive/test_blender_v25 -> data/pallet/archive/legacy_datasets/test_blender_v25 (원장 , move_id D2-103). "
data/pallet/archive/legacy_datasets/test_blender_v26,E:\CODING\GitHub\FoundationPose\data\pallet\archive\legacy_datasets\test_blender_v26,dir,3,data/pallet/archive/legacy_datasets,,30,9421985,2026-03-26 19:00,,N/A_DIR,true,false,false,archive,LEGACY_DATASET,high,[확인] 과거 학습셋 렌더 산출물. 현재 실행 코드 참조 0(구 경로 참조는 전부 stale). ledger:25 = NoAI 목재 baked 가능,0,,true,true,false,true,false,false,false,false,false,false,.png:20;.json:10,archive/legacy_datasets/,,MOVED_STAGE2D1X,"Stage 2-D1~D2 D2_LEGACY_DATASETS: data/pallet/archive/test_blender_v26 -> data/pallet/archive/legacy_datasets/test_blender_v26 (원장 , move_id D2-104). "
data/pallet/archive/legacy_datasets/test_blender_v27,E:\CODING\GitHub\FoundationPose\data\pallet\archive\legacy_datasets\test_blender_v27,dir,3,data/pallet/archive/legacy_datasets,,30,9357288,2026-03-26 19:01,,N/A_DIR,true,false,false,archive,LEGACY_DATASET,high,[확인] 과거 학습셋 렌더 산출물. 현재 실행 코드 참조 0(구 경로 참조는 전부 stale). ledger:25 = NoAI 목재 baked 가능,0,,true,true,false,true,false,false,false,false,false,false,.png:20;.json:10,archive/legacy_datasets/,,MOVED_STAGE2D1X,"Stage 2-D1~D2 D2_LEGACY_DATASETS: data/pallet/archive/test_blender_v27 -> data/pallet/archive/legacy_datasets/test_blender_v27 (원장 , move_id D2-105). "
data/pallet/archive/legacy_datasets/test_blender_v28,E:\CODING\GitHub\FoundationPose\data\pallet\archive\legacy_datasets\test_blender_v28,dir,3,data/pallet/archive/legacy_datasets,,30,9383844,2026-03-26 19:03,,N/A_DIR,true,false,false,archive,LEGACY_DATASET,high,[확인] 과거 학습셋 렌더 산출물. 현재 실행 코드 참조 0(구 경로 참조는 전부 stale). ledger:25 = NoAI 목재 baked 가능,0,,true,true,false,true,false,false,false,false,false,false,.png:20;.json:10,archive/legacy_datasets/,,MOVED_STAGE2D1X,"Stage 2-D1~D2 D2_LEGACY_DATASETS: data/pallet/archive/test_blender_v28 -> data/pallet/archive/legacy_datasets/test_blender_v28 (원장 , move_id D2-106). "
data/pallet/archive/legacy_datasets/test_blender_v29,E:\CODING\GitHub\FoundationPose\data\pallet\archive\legacy_datasets\test_blender_v29,dir,3,data/pallet/archive/legacy_datasets,,30,9553232,2026-03-26 19:06,,N/A_DIR,true,false,false,archive,LEGACY_DATASET,high,[확인] 과거 학습셋 렌더 산출물. 현재 실행 코드 참조 0(구 경로 참조는 전부 stale). ledger:25 = NoAI 목재 baked 가능,0,,true,true,false,true,false,false,false,false,false,false,.png:20;.json:10,archive/legacy_datasets/,,MOVED_STAGE2D1X,"Stage 2-D1~D2 D2_LEGACY_DATASETS: data/pallet/archive/test_blender_v29 -> data/pallet/archive/legacy_datasets/test_blender_v29 (원장 , move_id D2-107). "
data/pallet/archive/legacy_datasets/test_blender_v3,E:\CODING\GitHub\FoundationPose\data\pallet\archive\legacy_datasets\test_blender_v3,dir,3,data/pallet/archive/legacy_datasets,,20,4546354,2026-03-26 00:29,,N/A_DIR,true,false,false,archive,LEGACY_DATASET,high,[확인] 과거 학습셋 렌더 산출물. 현재 실행 코드 참조 0(구 경로 참조는 전부 stale). ledger:25 = NoAI 목재 baked 가능,0,,true,true,false,false,false,false,false,false,false,false,.json:10;.png:10,archive/legacy_datasets/,,MOVED_STAGE2D1X,"Stage 2-D1~D2 D2_LEGACY_DATASETS: data/pallet/archive/test_blender_v3 -> data/pallet/archive/legacy_datasets/test_blender_v3 (원장 , move_id D2-108). "
data/pallet/archive/legacy_datasets/test_blender_v30,E:\CODING\GitHub\FoundationPose\data\pallet\archive\legacy_datasets\test_blender_v30,dir,3,data/pallet/archive/legacy_datasets,,30,9682929,2026-03-26 19:12,,N/A_DIR,true,false,false,archive,LEGACY_DATASET,high,[확인] 과거 학습셋 렌더 산출물. 현재 실행 코드 참조 0(구 경로 참조는 전부 stale). ledger:25 = NoAI 목재 baked 가능,0,,true,true,false,true,false,false,false,false,false,false,.png:20;.json:10,archive/legacy_datasets/,,MOVED_STAGE2D1X,"Stage 2-D1~D2 D2_LEGACY_DATASETS: data/pallet/archive/test_blender_v30 -> data/pallet/archive/legacy_datasets/test_blender_v30 (원장 , move_id D2-109). "
data/pallet/archive/legacy_datasets/test_blender_v31,E:\CODING\GitHub\FoundationPose\data\pallet\archive\legacy_datasets\test_blender_v31,dir,3,data/pallet/archive/legacy_datasets,,30,9592334,2026-03-26 19:15,,N/A_DIR,true,false,false,archive,LEGACY_DATASET,high,[확인] 과거 학습셋 렌더 산출물. 현재 실행 코드 참조 0(구 경로 참조는 전부 stale). ledger:25 = NoAI 목재 baked 가능,0,,true,true,false,true,false,false,false,false,false,false,.png:20;.json:10,archive/legacy_datasets/,,MOVED_STAGE2D1X,"Stage 2-D1~D2 D2_LEGACY_DATASETS: data/pallet/archive/test_blender_v31 -> data/pallet/archive/legacy_datasets/test_blender_v31 (원장 , move_id D2-110). "
data/pallet/archive/legacy_datasets/test_blender_v32,E:\CODING\GitHub\FoundationPose\data\pallet\archive\legacy_datasets\test_blender_v32,dir,3,data/pallet/archive/legacy_datasets,,57,23413074,2026-03-27 12:40,,N/A_DIR,true,false,false,archive,LEGACY_DATASET,high,[확인] 과거 학습셋 렌더 산출물. 현재 실행 코드 참조 0(구 경로 참조는 전부 stale). ledger:25 = NoAI 목재 baked 가능,0,,true,true,false,true,false,false,false,false,false,false,.png:47;.json:10,archive/legacy_datasets/,,MOVED_STAGE2D1X,"Stage 2-D1~D2 D2_LEGACY_DATASETS: data/pallet/archive/test_blender_v32 -> data/pallet/archive/legacy_datasets/test_blender_v32 (원장 , move_id D2-111). "
data/pallet/archive/legacy_datasets/test_blender_v33,E:\CODING\GitHub\FoundationPose\data\pallet\archive\legacy_datasets\test_blender_v33,dir,3,data/pallet/archive/legacy_datasets,,57,23012511,2026-03-27 12:46,,N/A_DIR,true,false,false,archive,LEGACY_DATASET,high,[확인] 과거 학습셋 렌더 산출물. 현재 실행 코드 참조 0(구 경로 참조는 전부 stale). ledger:25 = NoAI 목재 baked 가능,0,,true,true,false,true,false,false,false,false,false,false,.png:47;.json:10,archive/legacy_datasets/,,MOVED_STAGE2D1X,"Stage 2-D1~D2 D2_LEGACY_DATASETS: data/pallet/archive/test_blender_v33 -> data/pallet/archive/legacy_datasets/test_blender_v33 (원장 , move_id D2-112). "
data/pallet/archive/legacy_datasets/test_blender_v34,E:\CODING\GitHub\FoundationPose\data\pallet\archive\legacy_datasets\test_blender_v34,dir,3,data/pallet/archive/legacy_datasets,,12,3904075,2026-03-27 17:10,,N/A_DIR,true,false,false,archive,LEGACY_DATASET,high,[확인] 과거 학습셋 렌더 산출물. 현재 실행 코드 참조 0(구 경로 참조는 전부 stale). ledger:25 = NoAI 목재 baked 가능,0,,true,true,false,true,false,false,false,false,false,false,.png:8;.json:4,archive/legacy_datasets/,,MOVED_STAGE2D1X,"Stage 2-D1~D2 D2_LEGACY_DATASETS: data/pallet/archive/test_blender_v34 -> data/pallet/archive/legacy_datasets/test_blender_v34 (원장 , move_id D2-113). "
data/pallet/archive/legacy_datasets/test_blender_v35,E:\CODING\GitHub\FoundationPose\data\pallet\archive\legacy_datasets\test_blender_v35,dir,3,data/pallet/archive/legacy_datasets,,0,0,,,N/A_DIR,true,false,true,archive,LEGACY_DATASET,high,[확인] 과거 학습셋 렌더 산출물. 현재 실행 코드 참조 0(구 경로 참조는 전부 stale). ledger:25 = NoAI 목재 baked 가능,0,,false,false,false,false,false,false,false,false,false,false,,archive/legacy_datasets/,,MOVED_STAGE2D1X,"Stage 2-D1~D2 D2_LEGACY_DATASETS: data/pallet/archive/test_blender_v35 -> data/pallet/archive/legacy_datasets/test_blender_v35 (원장 , move_id D2-114). "
data/pallet/archive/legacy_datasets/test_blender_v36,E:\CODING\GitHub\FoundationPose\data\pallet\archive\legacy_datasets\test_blender_v36,dir,3,data/pallet/archive/legacy_datasets,,30,9466013,2026-03-27 17:18,,N/A_DIR,true,false,false,archive,LEGACY_DATASET,high,[확인] 과거 학습셋 렌더 산출물. 현재 실행 코드 참조 0(구 경로 참조는 전부 stale). ledger:25 = NoAI 목재 baked 가능,0,,true,true,false,true,false,false,false,false,false,false,.png:20;.json:10,archive/legacy_datasets/,,MOVED_STAGE2D1X,"Stage 2-D1~D2 D2_LEGACY_DATASETS: data/pallet/archive/test_blender_v36 -> data/pallet/archive/legacy_datasets/test_blender_v36 (원장 , move_id D2-115). "
data/pallet/archive/legacy_datasets/test_blender_v37,E:\CODING\GitHub\FoundationPose\data\pallet\archive\legacy_datasets\test_blender_v37,dir,3,data/pallet/archive/legacy_datasets,,12,3739542,2026-03-27 17:20,,N/A_DIR,true,false,false,archive,LEGACY_DATASET,high,[확인] 과거 학습셋 렌더 산출물. 현재 실행 코드 참조 0(구 경로 참조는 전부 stale). ledger:25 = NoAI 목재 baked 가능,0,,true,true,false,true,false,false,false,false,false,false,.png:8;.json:4,archive/legacy_datasets/,,MOVED_STAGE2D1X,"Stage 2-D1~D2 D2_LEGACY_DATASETS: data/pallet/archive/test_blender_v37 -> data/pallet/archive/legacy_datasets/test_blender_v37 (원장 , move_id D2-116). "
data/pallet/archive/legacy_datasets/test_blender_v38,E:\CODING\GitHub\FoundationPose\data\pallet\archive\legacy_datasets\test_blender_v38,dir,3,data/pallet/archive/legacy_datasets,,30,9410447,2026-03-27 17:21,,N/A_DIR,true,false,false,archive,LEGACY_DATASET,high,[확인] 과거 학습셋 렌더 산출물. 현재 실행 코드 참조 0(구 경로 참조는 전부 stale). ledger:25 = NoAI 목재 baked 가능,0,,true,true,false,true,false,false,false,false,false,false,.png:20;.json:10,archive/legacy_datasets/,,MOVED_STAGE2D1X,"Stage 2-D1~D2 D2_LEGACY_DATASETS: data/pallet/archive/test_blender_v38 -> data/pallet/archive/legacy_datasets/test_blender_v38 (원장 , move_id D2-117). "
data/pallet/archive/legacy_datasets/test_blender_v39,E:\CODING\GitHub\FoundationPose\data\pallet\archive\legacy_datasets\test_blender_v39,dir,3,data/pallet/archive/legacy_datasets,,30,9424508,2026-03-27 17:23,,N/A_DIR,true,false,false,archive,LEGACY_DATASET,high,[확인] 과거 학습셋 렌더 산출물. 현재 실행 코드 참조 0(구 경로 참조는 전부 stale). ledger:25 = NoAI 목재 baked 가능,0,,true,true,false,true,false,false,false,false,false,false,.png:20;.json:10,archive/legacy_datasets/,,MOVED_STAGE2D1X,"Stage 2-D1~D2 D2_LEGACY_DATASETS: data/pallet/archive/test_blender_v39 -> data/pallet/archive/legacy_datasets/test_blender_v39 (원장 , move_id D2-118). "
data/pallet/archive/legacy_datasets/test_blender_v4,E:\CODING\GitHub\FoundationPose\data\pallet\archive\legacy_datasets\test_blender_v4,dir,3,data/pallet/archive/legacy_datasets,,30,9496976,2026-03-26 00:36,,N/A_DIR,true,false,false,archive,LEGACY_DATASET,high,[확인] 과거 학습셋 렌더 산출물. 현재 실행 코드 참조 0(구 경로 참조는 전부 stale). ledger:25 = NoAI 목재 baked 가능,0,,true,true,false,true,false,false,false,false,false,false,.png:20;.json:10,archive/legacy_datasets/,,MOVED_STAGE2D1X,"Stage 2-D1~D2 D2_LEGACY_DATASETS: data/pallet/archive/test_blender_v4 -> data/pallet/archive/legacy_datasets/test_blender_v4 (원장 , move_id D2-119). "
data/pallet/archive/legacy_datasets/test_blender_v40,E:\CODING\GitHub\FoundationPose\data\pallet\archive\legacy_datasets\test_blender_v40,dir,3,data/pallet/archive/legacy_datasets,,30,9450482,2026-03-27 17:53,,N/A_DIR,true,false,false,archive,LEGACY_DATASET,high,[확인] 과거 학습셋 렌더 산출물. 현재 실행 코드 참조 0(구 경로 참조는 전부 stale). ledger:25 = NoAI 목재 baked 가능,0,,true,true,false,true,false,false,false,false,false,false,.png:20;.json:10,archive/legacy_datasets/,,MOVED_STAGE2D1X,"Stage 2-D1~D2 D2_LEGACY_DATASETS: data/pallet/archive/test_blender_v40 -> data/pallet/archive/legacy_datasets/test_blender_v40 (원장 , move_id D2-120). "
data/pallet/archive/legacy_datasets/test_blender_v41,E:\CODING\GitHub\FoundationPose\data\pallet\archive\legacy_datasets\test_blender_v41,dir,3,data/pallet/archive/legacy_datasets,,30,9505780,2026-03-27 18:01,,N/A_DIR,true,false,false,archive,LEGACY_DATASET,high,[확인] 과거 학습셋 렌더 산출물. 현재 실행 코드 참조 0(구 경로 참조는 전부 stale). ledger:25 = NoAI 목재 baked 가능,0,,true,true,false,true,false,false,false,false,false,false,.png:20;.json:10,archive/legacy_datasets/,,MOVED_STAGE2D1X,"Stage 2-D1~D2 D2_LEGACY_DATASETS: data/pallet/archive/test_blender_v41 -> data/pallet/archive/legacy_datasets/test_blender_v41 (원장 , move_id D2-121). "
data/pallet/archive/legacy_datasets/test_blender_v42,E:\CODING\GitHub\FoundationPose\data\pallet\archive\legacy_datasets\test_blender_v42,dir,3,data/pallet/archive/legacy_datasets,,30,9134188,2026-03-27 18:24,,N/A_DIR,true,false,false,archive,LEGACY_DATASET,high,[확인] 과거 학습셋 렌더 산출물. 현재 실행 코드 참조 0(구 경로 참조는 전부 stale). ledger:25 = NoAI 목재 baked 가능,0,,true,true,false,true,false,false,false,false,false,false,.png:20;.json:10,archive/legacy_datasets/,,MOVED_STAGE2D1X,"Stage 2-D1~D2 D2_LEGACY_DATASETS: data/pallet/archive/test_blender_v42 -> data/pallet/archive/legacy_datasets/test_blender_v42 (원장 , move_id D2-122). "
data/pallet/archive/legacy_datasets/test_blender_v43,E:\CODING\GitHub\FoundationPose\data\pallet\archive\legacy_datasets\test_blender_v43,dir,3,data/pallet/archive/legacy_datasets,,30,8192271,2026-03-27 18:46,,N/A_DIR,true,false,false,archive,LEGACY_DATASET,high,[확인] 과거 학습셋 렌더 산출물. 현재 실행 코드 참조 0(구 경로 참조는 전부 stale). ledger:25 = NoAI 목재 baked 가능,0,,true,true,false,true,false,false,false,false,false,false,.png:20;.json:10,archive/legacy_datasets/,,MOVED_STAGE2D1X,"Stage 2-D1~D2 D2_LEGACY_DATASETS: data/pallet/archive/test_blender_v43 -> data/pallet/archive/legacy_datasets/test_blender_v43 (원장 , move_id D2-123). "
data/pallet/archive/legacy_datasets/test_blender_v44,E:\CODING\GitHub\FoundationPose\data\pallet\archive\legacy_datasets\test_blender_v44,dir,3,data/pallet/archive/legacy_datasets,,30,8264108,2026-03-27 18:51,,N/A_DIR,true,false,false,archive,LEGACY_DATASET,high,[확인] 과거 학습셋 렌더 산출물. 현재 실행 코드 참조 0(구 경로 참조는 전부 stale). ledger:25 = NoAI 목재 baked 가능,0,,true,true,false,true,false,false,false,false,false,false,.png:20;.json:10,archive/legacy_datasets/,,MOVED_STAGE2D1X,"Stage 2-D1~D2 D2_LEGACY_DATASETS: data/pallet/archive/test_blender_v44 -> data/pallet/archive/legacy_datasets/test_blender_v44 (원장 , move_id D2-124). "
data/pallet/archive/legacy_datasets/test_blender_v45,E:\CODING\GitHub\FoundationPose\data\pallet\archive\legacy_datasets\test_blender_v45,dir,3,data/pallet/archive/legacy_datasets,,30,8837235,2026-03-27 19:03,,N/A_DIR,true,false,false,archive,LEGACY_DATASET,high,[확인] 과거 학습셋 렌더 산출물. 현재 실행 코드 참조 0(구 경로 참조는 전부 stale). ledger:25 = NoAI 목재 baked 가능,0,,true,true,false,true,false,false,false,false,false,false,.png:20;.json:10,archive/legacy_datasets/,,MOVED_STAGE2D1X,"Stage 2-D1~D2 D2_LEGACY_DATASETS: data/pallet/archive/test_blender_v45 -> data/pallet/archive/legacy_datasets/test_blender_v45 (원장 , move_id D2-125). "
data/pallet/archive/legacy_datasets/test_blender_v46,E:\CODING\GitHub\FoundationPose\data\pallet\archive\legacy_datasets\test_blender_v46,dir,3,data/pallet/archive/legacy_datasets,,30,8183335,2026-03-27 19:05,,N/A_DIR,true,false,false,archive,LEGACY_DATASET,high,[확인] 과거 학습셋 렌더 산출물. 현재 실행 코드 참조 0(구 경로 참조는 전부 stale). ledger:25 = NoAI 목재 baked 가능,0,,true,true,false,true,false,false,false,false,false,false,.png:20;.json:10,archive/legacy_datasets/,,MOVED_STAGE2D1X,"Stage 2-D1~D2 D2_LEGACY_DATASETS: data/pallet/archive/test_blender_v46 -> data/pallet/archive/legacy_datasets/test_blender_v46 (원장 , move_id D2-126). "
data/pallet/archive/legacy_datasets/test_blender_v47,E:\CODING\GitHub\FoundationPose\data\pallet\archive\legacy_datasets\test_blender_v47,dir,3,data/pallet/archive/legacy_datasets,,12,3422037,2026-03-27 19:21,,N/A_DIR,true,false,false,archive,LEGACY_DATASET,high,[확인] 과거 학습셋 렌더 산출물. 현재 실행 코드 참조 0(구 경로 참조는 전부 stale). ledger:25 = NoAI 목재 baked 가능,0,,true,true,false,true,false,false,false,false,false,false,.png:8;.json:4,archive/legacy_datasets/,,MOVED_STAGE2D1X,"Stage 2-D1~D2 D2_LEGACY_DATASETS: data/pallet/archive/test_blender_v47 -> data/pallet/archive/legacy_datasets/test_blender_v47 (원장 , move_id D2-127). "
data/pallet/archive/legacy_datasets/test_blender_v48,E:\CODING\GitHub\FoundationPose\data\pallet\archive\legacy_datasets\test_blender_v48,dir,3,data/pallet/archive/legacy_datasets,,30,8494172,2026-03-27 19:25,,N/A_DIR,true,false,false,archive,LEGACY_DATASET,high,[확인] 과거 학습셋 렌더 산출물. 현재 실행 코드 참조 0(구 경로 참조는 전부 stale). ledger:25 = NoAI 목재 baked 가능,0,,true,true,false,true,false,false,false,false,false,false,.png:20;.json:10,archive/legacy_datasets/,,MOVED_STAGE2D1X,"Stage 2-D1~D2 D2_LEGACY_DATASETS: data/pallet/archive/test_blender_v48 -> data/pallet/archive/legacy_datasets/test_blender_v48 (원장 , move_id D2-128). "
data/pallet/archive/legacy_datasets/test_blender_v49,E:\CODING\GitHub\FoundationPose\data\pallet\archive\legacy_datasets\test_blender_v49,dir,3,data/pallet/archive/legacy_datasets,,0,0,,,N/A_DIR,true,false,true,archive,LEGACY_DATASET,high,[확인] 과거 학습셋 렌더 산출물. 현재 실행 코드 참조 0(구 경로 참조는 전부 stale). ledger:25 = NoAI 목재 baked 가능,0,,false,false,false,false,false,false,false,false,false,false,,archive/legacy_datasets/,,MOVED_STAGE2D1X,"Stage 2-D1~D2 D2_LEGACY_DATASETS: data/pallet/archive/test_blender_v49 -> data/pallet/archive/legacy_datasets/test_blender_v49 (원장 , move_id D2-129). "
data/pallet/archive/legacy_datasets/test_blender_v5,E:\CODING\GitHub\FoundationPose\data\pallet\archive\legacy_datasets\test_blender_v5,dir,3,data/pallet/archive/legacy_datasets,,30,9508128,2026-03-26 00:40,,N/A_DIR,true,false,false,archive,LEGACY_DATASET,high,[확인] 과거 학습셋 렌더 산출물. 현재 실행 코드 참조 0(구 경로 참조는 전부 stale). ledger:25 = NoAI 목재 baked 가능,0,,true,true,false,true,false,false,false,false,false,false,.png:20;.json:10,archive/legacy_datasets/,,MOVED_STAGE2D1X,"Stage 2-D1~D2 D2_LEGACY_DATASETS: data/pallet/archive/test_blender_v5 -> data/pallet/archive/legacy_datasets/test_blender_v5 (원장 , move_id D2-130). "
data/pallet/archive/legacy_datasets/test_blender_v50,E:\CODING\GitHub\FoundationPose\data\pallet\archive\legacy_datasets\test_blender_v50,dir,3,data/pallet/archive/legacy_datasets,,3,914907,2026-03-27 20:25,,N/A_DIR,true,false,false,archive,LEGACY_DATASET,high,[확인] 과거 학습셋 렌더 산출물. 현재 실행 코드 참조 0(구 경로 참조는 전부 stale). ledger:25 = NoAI 목재 baked 가능,0,,true,true,false,true,false,false,false,false,false,false,.png:2;.json:1,archive/legacy_datasets/,,MOVED_STAGE2D1X,"Stage 2-D1~D2 D2_LEGACY_DATASETS: data/pallet/archive/test_blender_v50 -> data/pallet/archive/legacy_datasets/test_blender_v50 (원장 , move_id D2-131). "
data/pallet/archive/legacy_datasets/test_blender_v51,E:\CODING\GitHub\FoundationPose\data\pallet\archive\legacy_datasets\test_blender_v51,dir,3,data/pallet/archive/legacy_datasets,,27,7997566,2026-03-27 20:30,,N/A_DIR,true,false,false,archive,LEGACY_DATASET,high,[확인] 과거 학습셋 렌더 산출물. 현재 실행 코드 참조 0(구 경로 참조는 전부 stale). ledger:25 = NoAI 목재 baked 가능,0,,true,true,false,true,false,false,false,false,false,false,.png:18;.json:9,archive/legacy_datasets/,,MOVED_STAGE2D1X,"Stage 2-D1~D2 D2_LEGACY_DATASETS: data/pallet/archive/test_blender_v51 -> data/pallet/archive/legacy_datasets/test_blender_v51 (원장 , move_id D2-132). "
data/pallet/archive/legacy_datasets/test_blender_v52,E:\CODING\GitHub\FoundationPose\data\pallet\archive\legacy_datasets\test_blender_v52,dir,3,data/pallet/archive/legacy_datasets,,18,5538912,2026-03-27 20:37,,N/A_DIR,true,false,false,archive,LEGACY_DATASET,high,[확인] 과거 학습셋 렌더 산출물. 현재 실행 코드 참조 0(구 경로 참조는 전부 stale). ledger:25 = NoAI 목재 baked 가능,0,,true,true,false,true,false,false,false,false,false,false,.png:12;.json:6,archive/legacy_datasets/,,MOVED_STAGE2D1X,"Stage 2-D1~D2 D2_LEGACY_DATASETS: data/pallet/archive/test_blender_v52 -> data/pallet/archive/legacy_datasets/test_blender_v52 (원장 , move_id D2-133). "
data/pallet/archive/legacy_datasets/test_blender_v53,E:\CODING\GitHub\FoundationPose\data\pallet\archive\legacy_datasets\test_blender_v53,dir,3,data/pallet/archive/legacy_datasets,,27,7568421,2026-03-27 20:52,,N/A_DIR,true,false,false,archive,LEGACY_DATASET,high,[확인] 과거 학습셋 렌더 산출물. 현재 실행 코드 참조 0(구 경로 참조는 전부 stale). ledger:25 = NoAI 목재 baked 가능,0,,true,true,false,true,false,false,false,false,false,false,.png:18;.json:9,archive/legacy_datasets/,,MOVED_STAGE2D1X,"Stage 2-D1~D2 D2_LEGACY_DATASETS: data/pallet/archive/test_blender_v53 -> data/pallet/archive/legacy_datasets/test_blender_v53 (원장 , move_id D2-134). "
data/pallet/archive/legacy_datasets/test_blender_v54,E:\CODING\GitHub\FoundationPose\data\pallet\archive\legacy_datasets\test_blender_v54,dir,3,data/pallet/archive/legacy_datasets,,21,6245323,2026-03-27 22:11,,N/A_DIR,true,false,false,archive,LEGACY_DATASET,high,[확인] 과거 학습셋 렌더 산출물. 현재 실행 코드 참조 0(구 경로 참조는 전부 stale). ledger:25 = NoAI 목재 baked 가능,0,,true,true,false,true,false,false,false,false,false,false,.png:14;.json:7,archive/legacy_datasets/,,MOVED_STAGE2D1X,"Stage 2-D1~D2 D2_LEGACY_DATASETS: data/pallet/archive/test_blender_v54 -> data/pallet/archive/legacy_datasets/test_blender_v54 (원장 , move_id D2-135). "
data/pallet/archive/legacy_datasets/test_blender_v55,E:\CODING\GitHub\FoundationPose\data\pallet\archive\legacy_datasets\test_blender_v55,dir,3,data/pallet/archive/legacy_datasets,,12,3622759,2026-03-27 22:59,,N/A_DIR,true,false,false,archive,LEGACY_DATASET,high,[확인] 과거 학습셋 렌더 산출물. 현재 실행 코드 참조 0(구 경로 참조는 전부 stale). ledger:25 = NoAI 목재 baked 가능,0,,true,true,false,true,false,false,false,false,false,false,.png:8;.json:4,archive/legacy_datasets/,,MOVED_STAGE2D1X,"Stage 2-D1~D2 D2_LEGACY_DATASETS: data/pallet/archive/test_blender_v55 -> data/pallet/archive/legacy_datasets/test_blender_v55 (원장 , move_id D2-136). "
data/pallet/archive/legacy_datasets/test_blender_v56,E:\CODING\GitHub\FoundationPose\data\pallet\archive\legacy_datasets\test_blender_v56,dir,3,data/pallet/archive/legacy_datasets,,15,4389603,2026-03-27 23:08,,N/A_DIR,true,false,false,archive,LEGACY_DATASET,high,[확인] 과거 학습셋 렌더 산출물. 현재 실행 코드 참조 0(구 경로 참조는 전부 stale). ledger:25 = NoAI 목재 baked 가능,0,,true,true,false,true,false,false,false,false,false,false,.png:10;.json:5,archive/legacy_datasets/,,MOVED_STAGE2D1X,"Stage 2-D1~D2 D2_LEGACY_DATASETS: data/pallet/archive/test_blender_v56 -> data/pallet/archive/legacy_datasets/test_blender_v56 (원장 , move_id D2-137). "
data/pallet/archive/legacy_datasets/test_blender_v57,E:\CODING\GitHub\FoundationPose\data\pallet\archive\legacy_datasets\test_blender_v57,dir,3,data/pallet/archive/legacy_datasets,,18,4925900,2026-03-27 23:34,,N/A_DIR,true,false,false,archive,LEGACY_DATASET,high,[확인] 과거 학습셋 렌더 산출물. 현재 실행 코드 참조 0(구 경로 참조는 전부 stale). ledger:25 = NoAI 목재 baked 가능,0,,true,true,false,true,false,false,false,false,false,false,.png:12;.json:6,archive/legacy_datasets/,,MOVED_STAGE2D1X,"Stage 2-D1~D2 D2_LEGACY_DATASETS: data/pallet/archive/test_blender_v57 -> data/pallet/archive/legacy_datasets/test_blender_v57 (원장 , move_id D2-138). "
data/pallet/archive/legacy_datasets/test_blender_v58,E:\CODING\GitHub\FoundationPose\data\pallet\archive\legacy_datasets\test_blender_v58,dir,3,data/pallet/archive/legacy_datasets,,30,8661654,2026-04-04 01:16,,N/A_DIR,true,false,false,archive,LEGACY_DATASET,high,[확인] 과거 학습셋 렌더 산출물. 현재 실행 코드 참조 0(구 경로 참조는 전부 stale). ledger:25 = NoAI 목재 baked 가능,0,,true,true,false,true,false,false,false,false,false,false,.png:20;.json:10,archive/legacy_datasets/,,MOVED_STAGE2D1X,"Stage 2-D1~D2 D2_LEGACY_DATASETS: data/pallet/archive/test_blender_v58 -> data/pallet/archive/legacy_datasets/test_blender_v58 (원장 , move_id D2-139). "
data/pallet/archive/legacy_datasets/test_blender_v59,E:\CODING\GitHub\FoundationPose\data\pallet\archive\legacy_datasets\test_blender_v59,dir,3,data/pallet/archive/legacy_datasets,,30,8871584,2026-04-04 01:23,,N/A_DIR,true,false,false,archive,LEGACY_DATASET,high,[확인] 과거 학습셋 렌더 산출물. 현재 실행 코드 참조 0(구 경로 참조는 전부 stale). ledger:25 = NoAI 목재 baked 가능,0,,true,true,false,true,false,false,false,false,false,false,.png:20;.json:10,archive/legacy_datasets/,,MOVED_STAGE2D1X,"Stage 2-D1~D2 D2_LEGACY_DATASETS: data/pallet/archive/test_blender_v59 -> data/pallet/archive/legacy_datasets/test_blender_v59 (원장 , move_id D2-140). "
data/pallet/archive/legacy_datasets/test_blender_v6,E:\CODING\GitHub\FoundationPose\data\pallet\archive\legacy_datasets\test_blender_v6,dir,3,data/pallet/archive/legacy_datasets,,90,28174468,2026-03-26 10:19,,N/A_DIR,true,false,false,archive,LEGACY_DATASET,high,[확인] 과거 학습셋 렌더 산출물. 현재 실행 코드 참조 0(구 경로 참조는 전부 stale). ledger:25 = NoAI 목재 baked 가능,0,,true,true,false,true,false,false,false,false,false,false,.png:60;.json:30,archive/legacy_datasets/,,MOVED_STAGE2D1X,"Stage 2-D1~D2 D2_LEGACY_DATASETS: data/pallet/archive/test_blender_v6 -> data/pallet/archive/legacy_datasets/test_blender_v6 (원장 , move_id D2-141). "
data/pallet/archive/legacy_datasets/test_blender_v60,E:\CODING\GitHub\FoundationPose\data\pallet\archive\legacy_datasets\test_blender_v60,dir,3,data/pallet/archive/legacy_datasets,,30,9258927,2026-04-04 01:25,,N/A_DIR,true,false,false,archive,LEGACY_DATASET,high,[확인] 과거 학습셋 렌더 산출물. 현재 실행 코드 참조 0(구 경로 참조는 전부 stale). ledger:25 = NoAI 목재 baked 가능,0,,true,true,false,true,false,false,false,false,false,false,.png:20;.json:10,archive/legacy_datasets/,,MOVED_STAGE2D1X,"Stage 2-D1~D2 D2_LEGACY_DATASETS: data/pallet/archive/test_blender_v60 -> data/pallet/archive/legacy_datasets/test_blender_v60 (원장 , move_id D2-142). "
data/pallet/archive/legacy_datasets/test_blender_v61,E:\CODING\GitHub\FoundationPose\data\pallet\archive\legacy_datasets\test_blender_v61,dir,3,data/pallet/archive/legacy_datasets,,30,9283276,2026-04-04 01:27,,N/A_DIR,true,false,false,archive,LEGACY_DATASET,high,[확인] 과거 학습셋 렌더 산출물. 현재 실행 코드 참조 0(구 경로 참조는 전부 stale). ledger:25 = NoAI 목재 baked 가능,0,,true,true,false,true,false,false,false,false,false,false,.png:20;.json:10,archive/legacy_datasets/,,MOVED_STAGE2D1X,"Stage 2-D1~D2 D2_LEGACY_DATASETS: data/pallet/archive/test_blender_v61 -> data/pallet/archive/legacy_datasets/test_blender_v61 (원장 , move_id D2-143). "
data/pallet/archive/legacy_datasets/test_blender_v62,E:\CODING\GitHub\FoundationPose\data\pallet\archive\legacy_datasets\test_blender_v62,dir,3,data/pallet/archive/legacy_datasets,,30,9144406,2026-04-04 01:32,,N/A_DIR,true,false,false,archive,LEGACY_DATASET,high,[확인] 과거 학습셋 렌더 산출물. 현재 실행 코드 참조 0(구 경로 참조는 전부 stale). ledger:25 = NoAI 목재 baked 가능,0,,true,true,false,true,false,false,false,false,false,false,.png:20;.json:10,archive/legacy_datasets/,,MOVED_STAGE2D1X,"Stage 2-D1~D2 D2_LEGACY_DATASETS: data/pallet/archive/test_blender_v62 -> data/pallet/archive/legacy_datasets/test_blender_v62 (원장 , move_id D2-144). "
data/pallet/archive/legacy_datasets/test_blender_v63,E:\CODING\GitHub\FoundationPose\data\pallet\archive\legacy_datasets\test_blender_v63,dir,3,data/pallet/archive/legacy_datasets,,30,8576032,2026-04-04 01:33,,N/A_DIR,true,false,false,archive,LEGACY_DATASET,high,[확인] 과거 학습셋 렌더 산출물. 현재 실행 코드 참조 0(구 경로 참조는 전부 stale). ledger:25 = NoAI 목재 baked 가능,0,,true,true,false,true,false,false,false,false,false,false,.png:20;.json:10,archive/legacy_datasets/,,MOVED_STAGE2D1X,"Stage 2-D1~D2 D2_LEGACY_DATASETS: data/pallet/archive/test_blender_v63 -> data/pallet/archive/legacy_datasets/test_blender_v63 (원장 , move_id D2-145). "
data/pallet/archive/legacy_datasets/test_blender_v66,E:\CODING\GitHub\FoundationPose\data\pallet\archive\legacy_datasets\test_blender_v66,dir,3,data/pallet/archive/legacy_datasets,,99,30126560,2026-04-05 21:29,,N/A_DIR,true,false,false,archive,LEGACY_DATASET,high,[확인] 과거 학습셋 렌더 산출물. 현재 실행 코드 참조 0(구 경로 참조는 전부 stale). ledger:25 = NoAI 목재 baked 가능,0,,true,true,false,true,false,false,false,false,false,false,.png:66;.json:33,archive/legacy_datasets/,,MOVED_STAGE2D1X,"Stage 2-D1~D2 D2_LEGACY_DATASETS: data/pallet/archive/test_blender_v66 -> data/pallet/archive/legacy_datasets/test_blender_v66 (원장 , move_id D2-146). "
data/pallet/archive/legacy_datasets/test_blender_v7,E:\CODING\GitHub\FoundationPose\data\pallet\archive\legacy_datasets\test_blender_v7,dir,3,data/pallet/archive/legacy_datasets,,90,28078134,2026-03-26 10:25,,N/A_DIR,true,false,false,archive,LEGACY_DATASET,high,[확인] 과거 학습셋 렌더 산출물. 현재 실행 코드 참조 0(구 경로 참조는 전부 stale). ledger:25 = NoAI 목재 baked 가능,0,,true,true,false,true,false,false,false,false,false,false,.png:60;.json:30,archive/legacy_datasets/,,MOVED_STAGE2D1X,"Stage 2-D1~D2 D2_LEGACY_DATASETS: data/pallet/archive/test_blender_v7 -> data/pallet/archive/legacy_datasets/test_blender_v7 (원장 , move_id D2-147). "
data/pallet/archive/legacy_datasets/test_blender_v8,E:\CODING\GitHub\FoundationPose\data\pallet\archive\legacy_datasets\test_blender_v8,dir,3,data/pallet/archive/legacy_datasets,,30,9494168,2026-03-26 10:51,,N/A_DIR,true,false,false,archive,LEGACY_DATASET,high,[확인] 과거 학습셋 렌더 산출물. 현재 실행 코드 참조 0(구 경로 참조는 전부 stale). ledger:25 = NoAI 목재 baked 가능,0,,true,true,false,true,false,false,false,false,false,false,.png:20;.json:10,archive/legacy_datasets/,,MOVED_STAGE2D1X,"Stage 2-D1~D2 D2_LEGACY_DATASETS: data/pallet/archive/test_blender_v8 -> data/pallet/archive/legacy_datasets/test_blender_v8 (원장 , move_id D2-148). "
data/pallet/archive/legacy_datasets/test_blender_v9,E:\CODING\GitHub\FoundationPose\data\pallet\archive\legacy_datasets\test_blender_v9,dir,3,data/pallet/archive/legacy_datasets,,30,8924538,2026-03-26 11:33,,N/A_DIR,true,false,false,archive,LEGACY_DATASET,high,[확인] 과거 학습셋 렌더 산출물. 현재 실행 코드 참조 0(구 경로 참조는 전부 stale). ledger:25 = NoAI 목재 baked 가능,0,,true,true,false,true,false,false,false,false,false,false,.png:20;.json:10,archive/legacy_datasets/,,MOVED_STAGE2D1X,"Stage 2-D1~D2 D2_LEGACY_DATASETS: data/pallet/archive/test_blender_v9 -> data/pallet/archive/legacy_datasets/test_blender_v9 (원장 , move_id D2-149). "
data/pallet/archive/legacy_scenes,E:\CODING\GitHub\FoundationPose\data\pallet\archive\legacy_scenes,dir,2,data/pallet/archive,,11,2538773468,2026-07-24 19:38,,N/A_DIR,true,false,false,archive,,,,,,false,false,false,false,true,false,false,false,false,false,.blend:7;.blend1:4,,,PRESENT,
data/pallet/archive/legacy_scenes/blender_backups,E:\CODING\GitHub\FoundationPose\data\pallet\archive\legacy_scenes\blender_backups,dir,3,data/pallet/archive/legacy_scenes,,4,895335741,2026-07-24 19:38,,N/A_DIR,true,false,false,archive,,,,,,false,false,false,false,true,false,false,false,false,false,.blend1:4,,,PRESENT,
data/pallet/archive/legacy_scenes/blender_backups/_sandbox_parking_lot_check.blend1,E:\CODING\GitHub\FoundationPose\data\pallet\archive\legacy_scenes\blender_backups\_sandbox_parking_lot_check.blend1,file,4,data/pallet/archive/legacy_scenes/blender_backups,.blend1,1,137789046,2026-05-19 17:23,,SKIPPED_LARGE,true,false,false,archive,,,,,,false,false,false,false,false,false,false,false,false,false,.blend1:1,,,MOVED_STAGE2D1X,"Stage 2-D1~D2 D11A_BLEND_BACKUPS: data/pallet/assets/scenes/production/blender_scene/_sandbox_parking_lot_check.blend1 -> data/pallet/archive/legacy_scenes/blender_backups/_sandbox_parking_lot_check.blend1 (원장 , move_id D1-004). Stage 2-D1/D1.1/D1.2 D11A_BLEND_BACKUPS: data/pallet/assets/scenes/production/blender_scene/_sandbox_parking_lot_check.blend1 -> data/pallet/archive/legacy_scenes/blender_backups/_sandbox_parking_lot_check.blend1 (원장 , move_id D1-004). Stage 2-D1/D1.1 D11A_BLEND_BACKUPS: data/pallet/assets/scenes/production/blender_scene/_sandbox_parking_lot_check.blend1 -> data/pallet/archive/legacy_scenes/blender_backups/_sandbox_parking_lot_check.blend1 (원장 , move_id D1-004). "
data/pallet/archive/legacy_scenes/blender_backups/synth_data_scene.REBAKE_WIP.blend1,E:\CODING\GitHub\FoundationPose\data\pallet\archive\legacy_scenes\blender_backups\synth_data_scene.REBAKE_WIP.blend1,file,4,data/pallet/archive/legacy_scenes/blender_backups,.blend1,1,246594559,2026-07-24 18:24,,SKIPPED_LARGE,true,false,false,archive,,,,,,false,false,false,false,false,false,false,false,false,false,.blend1:1,,,MOVED_STAGE2D1X,"Stage 2-D1~D2 D11A_BLEND_BACKUPS: data/pallet/assets/scenes/production/blender_scene/synth_data_scene.REBAKE_WIP.blend1 -> data/pallet/archive/legacy_scenes/blender_backups/synth_data_scene.REBAKE_WIP.blend1 (원장 , move_id D1-008). Stage 2-D1/D1.1/D1.2 D11A_BLEND_BACKUPS: data/pallet/assets/scenes/production/blender_scene/synth_data_scene.REBAKE_WIP.blend1 -> data/pallet/archive/legacy_scenes/blender_backups/synth_data_scene.REBAKE_WIP.blend1 (원장 , move_id D1-008). Stage 2-D1/D1.1 D11A_BLEND_BACKUPS: data/pallet/assets/scenes/production/blender_scene/synth_data_scene.REBAKE_WIP.blend1 -> data/pallet/archive/legacy_scenes/blender_backups/synth_data_scene.REBAKE_WIP.blend1 (원장 , move_id D1-008). "
data/pallet/archive/legacy_scenes/blender_backups/synth_data_scene.blend1,E:\CODING\GitHub\FoundationPose\data\pallet\archive\legacy_scenes\blender_backups\synth_data_scene.blend1,file,4,data/pallet/archive/legacy_scenes/blender_backups,.blend1,1,245862236,2026-07-24 19:38,,SKIPPED_LARGE,true,false,false,archive,,,,,,false,false,false,false,false,false,false,false,false,false,.blend1:1,,,MOVED_STAGE2D1X,"Stage 2-D1~D2 D11A_BLEND_BACKUPS: data/pallet/assets/scenes/production/blender_scene/synth_data_scene.blend1 -> data/pallet/archive/legacy_scenes/blender_backups/synth_data_scene.blend1 (원장 , move_id D1-010). Stage 2-D1/D1.1/D1.2 D11A_BLEND_BACKUPS: data/pallet/assets/scenes/production/blender_scene/synth_data_scene.blend1 -> data/pallet/archive/legacy_scenes/blender_backups/synth_data_scene.blend1 (원장 , move_id D1-010). Stage 2-D1/D1.1 D11A_BLEND_BACKUPS: data/pallet/assets/scenes/production/blender_scene/synth_data_scene.blend1 -> data/pallet/archive/legacy_scenes/blender_backups/synth_data_scene.blend1 (원장 , move_id D1-010). "
data/pallet/archive/legacy_scenes/blender_backups/synth_data_scene12.blend1,E:\CODING\GitHub\FoundationPose\data\pallet\archive\legacy_scenes\blender_backups\synth_data_scene12.blend1,file,4,data/pallet/archive/legacy_scenes/blender_backups,.blend1,1,265089900,2026-03-26 00:54,,SKIPPED_LARGE,true,false,false,archive,,,,,,false,false,false,false,false,false,false,false,false,false,.blend1:1,,,MOVED_STAGE2D1X,"Stage 2-D1~D2 D11A_BLEND_BACKUPS: data/pallet/assets/scenes/production/blender_scene/synth_data_scene12.blend1 -> data/pallet/archive/legacy_scenes/blender_backups/synth_data_scene12.blend1 (원장 , move_id D1-012). Stage 2-D1/D1.1/D1.2 D11A_BLEND_BACKUPS: data/pallet/assets/scenes/production/blender_scene/synth_data_scene12.blend1 -> data/pallet/archive/legacy_scenes/blender_backups/synth_data_scene12.blend1 (원장 , move_id D1-012). Stage 2-D1/D1.1 D11A_BLEND_BACKUPS: data/pallet/assets/scenes/production/blender_scene/synth_data_scene12.blend1 -> data/pallet/archive/legacy_scenes/blender_backups/synth_data_scene12.blend1 (원장 , move_id D1-012). "
data/pallet/archive/legacy_scenes/snapshots,E:\CODING\GitHub\FoundationPose\data\pallet\archive\legacy_scenes\snapshots,dir,3,data/pallet/archive/legacy_scenes,,7,1643437727,2026-07-24 19:19,,N/A_DIR,true,false,false,archive,,,,,,false,false,false,false,true,false,false,false,false,false,.blend:7,,,PRESENT,
data/pallet/archive/legacy_scenes/snapshots/_sandbox_parking_lot_check.blend,E:\CODING\GitHub\FoundationPose\data\pallet\archive\legacy_scenes\snapshots\_sandbox_parking_lot_check.blend,file,4,data/pallet/archive/legacy_scenes/snapshots,.blend,1,137789005,2026-05-19 17:25,,SKIPPED_LARGE,true,false,false,archive,,,,,,false,false,false,false,false,false,false,false,false,false,.blend:1,,,MOVED_STAGE2D1X,"Stage 2-D1~D2 D12B_REFERENCE_MOVE: data/pallet/assets/scenes/production/blender_scene/_sandbox_parking_lot_check.blend -> data/pallet/archive/legacy_scenes/snapshots/_sandbox_parking_lot_check.blend (원장 , move_id D1-003). Stage 2-D1/D1.1/D1.2 D12B_REFERENCE_MOVE: data/pallet/assets/scenes/production/blender_scene/_sandbox_parking_lot_check.blend -> data/pallet/archive/legacy_scenes/snapshots/_sandbox_parking_lot_check.blend (원장 , move_id D1-003). "
data/pallet/archive/legacy_scenes/snapshots/synth_data_scene.POSTBAKE_CLEAN_20260724_191902.blend,E:\CODING\GitHub\FoundationPose\data\pallet\archive\legacy_scenes\snapshots\synth_data_scene.POSTBAKE_CLEAN_20260724_191902.blend,file,4,data/pallet/archive/legacy_scenes/snapshots,.blend,1,245967843,2026-07-24 19:19,,SKIPPED_LARGE,true,false,false,archive,,,,,,false,false,false,false,false,false,false,false,false,false,.blend:1,,,MOVED_STAGE2D1X,"Stage 2-D1~D2 D11A_BLEND_BACKUPS: data/pallet/assets/scenes/production/blender_scene/synth_data_scene.POSTBAKE_CLEAN_20260724_191902.blend -> data/pallet/archive/legacy_scenes/snapshots/synth_data_scene.POSTBAKE_CLEAN_20260724_191902.blend (원장 , move_id D1-005). Stage 2-D1/D1.1/D1.2 D11A_BLEND_BACKUPS: data/pallet/assets/scenes/production/blender_scene/synth_data_scene.POSTBAKE_CLEAN_20260724_191902.blend -> data/pallet/archive/legacy_scenes/snapshots/synth_data_scene.POSTBAKE_CLEAN_20260724_191902.blend (원장 , move_id D1-005). Stage 2-D1/D1.1 D11A_BLEND_BACKUPS: data/pallet/assets/scenes/production/blender_scene/synth_data_scene.POSTBAKE_CLEAN_20260724_191902.blend -> data/pallet/archive/legacy_scenes/snapshots/synth_data_scene.POSTBAKE_CLEAN_20260724_191902.blend (원장 , move_id D1-005). "
data/pallet/archive/legacy_scenes/snapshots/synth_data_scene.PREBAKE_BACKUP_20260724_181050.blend,E:\CODING\GitHub\FoundationPose\data\pallet\archive\legacy_scenes\snapshots\synth_data_scene.PREBAKE_BACKUP_20260724_181050.blend,file,4,data/pallet/archive/legacy_scenes/snapshots,.blend,1,245475973,2026-07-24 18:10,,SKIPPED_LARGE,true,false,false,archive,,,,,,false,false,false,false,false,false,false,false,false,false,.blend:1,,,MOVED_STAGE2D1X,"Stage 2-D1~D2 D11A_BLEND_BACKUPS: data/pallet/assets/scenes/production/blender_scene/synth_data_scene.PREBAKE_BACKUP_20260724_181050.blend -> data/pallet/archive/legacy_scenes/snapshots/synth_data_scene.PREBAKE_BACKUP_20260724_181050.blend (원장 , move_id D1-006). Stage 2-D1/D1.1/D1.2 D11A_BLEND_BACKUPS: data/pallet/assets/scenes/production/blender_scene/synth_data_scene.PREBAKE_BACKUP_20260724_181050.blend -> data/pallet/archive/legacy_scenes/snapshots/synth_data_scene.PREBAKE_BACKUP_20260724_181050.blend (원장 , move_id D1-006). Stage 2-D1/D1.1 D11A_BLEND_BACKUPS: data/pallet/assets/scenes/production/blender_scene/synth_data_scene.PREBAKE_BACKUP_20260724_181050.blend -> data/pallet/archive/legacy_scenes/snapshots/synth_data_scene.PREBAKE_BACKUP_20260724_181050.blend (원장 , move_id D1-006). "
data/pallet/archive/legacy_scenes/snapshots/synth_data_scene.REBAKE_WIP.blend,E:\CODING\GitHub\FoundationPose\data\pallet\archive\legacy_scenes\snapshots\synth_data_scene.REBAKE_WIP.blend,file,4,data/pallet/archive/legacy_scenes/snapshots,.blend,1,245967843,2026-07-24 18:30,,SKIPPED_LARGE,true,false,false,archive,,,,,,false,false,false,false,false,false,false,false,false,false,.blend:1,,,MOVED_STAGE2D1X,"Stage 2-D1~D2 D11A_BLEND_BACKUPS: data/pallet/assets/scenes/production/blender_scene/synth_data_scene.REBAKE_WIP.blend -> data/pallet/archive/legacy_scenes/snapshots/synth_data_scene.REBAKE_WIP.blend (원장 , move_id D1-007). Stage 2-D1/D1.1/D1.2 D11A_BLEND_BACKUPS: data/pallet/assets/scenes/production/blender_scene/synth_data_scene.REBAKE_WIP.blend -> data/pallet/archive/legacy_scenes/snapshots/synth_data_scene.REBAKE_WIP.blend (원장 , move_id D1-007). Stage 2-D1/D1.1 D11A_BLEND_BACKUPS: data/pallet/assets/scenes/production/blender_scene/synth_data_scene.REBAKE_WIP.blend -> data/pallet/archive/legacy_scenes/snapshots/synth_data_scene.REBAKE_WIP.blend (원장 , move_id D1-007). "
data/pallet/archive/legacy_scenes/snapshots/synth_data_scene12.blend,E:\CODING\GitHub\FoundationPose\data\pallet\archive\legacy_scenes\snapshots\synth_data_scene12.blend,file,4,data/pallet/archive/legacy_scenes/snapshots,.blend,1,257666344,2026-03-26 11:23,,SKIPPED_LARGE,true,false,false,archive,,,,,,false,false,false,false,false,false,false,false,false,false,.blend:1,,,MOVED_STAGE2D1X,"Stage 2-D1~D2 D11A_BLEND_BACKUPS: data/pallet/assets/scenes/production/blender_scene/synth_data_scene12.blend -> data/pallet/archive/legacy_scenes/snapshots/synth_data_scene12.blend (원장 , move_id D1-011). Stage 2-D1/D1.1/D1.2 D11A_BLEND_BACKUPS: data/pallet/assets/scenes/production/blender_scene/synth_data_scene12.blend -> data/pallet/archive/legacy_scenes/snapshots/synth_data_scene12.blend (원장 , move_id D1-011). Stage 2-D1/D1.1 D11A_BLEND_BACKUPS: data/pallet/assets/scenes/production/blender_scene/synth_data_scene12.blend -> data/pallet/archive/legacy_scenes/snapshots/synth_data_scene12.blend (원장 , move_id D1-011). "
data/pallet/archive/legacy_scenes/snapshots/synth_data_scene121.blend,E:\CODING\GitHub\FoundationPose\data\pallet\archive\legacy_scenes\snapshots\synth_data_scene121.blend,file,4,data/pallet/archive/legacy_scenes/snapshots,.blend,1,265089901,2026-03-26 00:54,,SKIPPED_LARGE,true,false,false,archive,,,,,,false,false,false,false,false,false,false,false,false,false,.blend:1,,,MOVED_STAGE2D1X,"Stage 2-D1~D2 D11A_BLEND_BACKUPS: data/pallet/assets/scenes/production/blender_scene/synth_data_scene121.blend -> data/pallet/archive/legacy_scenes/snapshots/synth_data_scene121.blend (원장 , move_id D1-013). Stage 2-D1/D1.1/D1.2 D11A_BLEND_BACKUPS: data/pallet/assets/scenes/production/blender_scene/synth_data_scene121.blend -> data/pallet/archive/legacy_scenes/snapshots/synth_data_scene121.blend (원장 , move_id D1-013). Stage 2-D1/D1.1 D11A_BLEND_BACKUPS: data/pallet/assets/scenes/production/blender_scene/synth_data_scene121.blend -> data/pallet/archive/legacy_scenes/snapshots/synth_data_scene121.blend (원장 , move_id D1-013). "
data/pallet/archive/legacy_scenes/snapshots/synth_data_scene_indoor.blend,E:\CODING\GitHub\FoundationPose\data\pallet\archive\legacy_scenes\snapshots\synth_data_scene_indoor.blend,file,4,data/pallet/archive/legacy_scenes/snapshots,.blend,1,245480818,2026-04-07 11:30,,SKIPPED_LARGE,true,false,false,archive,,,,,,false,false,false,false,false,false,false,false,false,false,.blend:1,,,MOVED_STAGE2D1X,"Stage 2-D1~D2 D11A_BLEND_BACKUPS: data/pallet/assets/scenes/production/blender_scene/synth_data_scene_indoor.blend -> data/pallet/archive/legacy_scenes/snapshots/synth_data_scene_indoor.blend (원장 , move_id D1-014). Stage 2-D1/D1.1/D1.2 D11A_BLEND_BACKUPS: data/pallet/assets/scenes/production/blender_scene/synth_data_scene_indoor.blend -> data/pallet/archive/legacy_scenes/snapshots/synth_data_scene_indoor.blend (원장 , move_id D1-014). Stage 2-D1/D1.1 D11A_BLEND_BACKUPS: data/pallet/assets/scenes/production/blender_scene/synth_data_scene_indoor.blend -> data/pallet/archive/legacy_scenes/snapshots/synth_data_scene_indoor.blend (원장 , move_id D1-014). "
data/pallet/archive/nonredistributable,E:\CODING\GitHub\FoundationPose\data\pallet\archive\nonredistributable,dir,2,data/pallet/archive,,0,0,,,N/A_DIR,true,false,true,archive,,,,,,false,false,false,false,false,false,false,false,false,false,,,,PRESENT,
data/pallet/archive/packages,E:\CODING\GitHub\FoundationPose\data\pallet\archive\packages,dir,2,data/pallet/archive,,18,85448319668,2026-07-06 15:28,,N/A_DIR,true,false,false,archive,,,,,,false,false,true,false,false,false,false,false,false,false,.zip:18,,,PRESENT,
data/pallet/archive/packages/background_sources,E:\CODING\GitHub\FoundationPose\data\pallet\archive\packages\background_sources,dir,3,data/pallet/archive/packages,,3,157408367,2026-03-25 13:54,,N/A_DIR,true,false,false,archive,,,,,,false,false,false,false,false,false,false,false,false,false,.zip:3,,,PRESENT,
data/pallet/archive/packages/background_sources/modular_buildings_industrial_area..zip,E:\CODING\GitHub\FoundationPose\data\pallet\archive\packages\background_sources\modular_buildings_industrial_area..zip,file,4,data/pallet/archive/packages/background_sources,.zip,1,28110712,2026-03-25 13:54,,SKIPPED_LARGE,true,false,false,archive,,,,,,false,false,false,false,false,false,false,false,false,false,.zip:1,,,PRESENT,
data/pallet/archive/packages/background_sources/modular_buildings_industrial_area.zip,E:\CODING\GitHub\FoundationPose\data\pallet\archive\packages\background_sources\modular_buildings_industrial_area.zip,file,4,data/pallet/archive/packages/background_sources,.zip,1,28110712,2026-03-25 13:53,,SKIPPED_LARGE,true,false,false,archive,,,,,,false,false,false,false,false,false,false,false,false,false,.zip:1,,,PRESENT,
data/pallet/archive/packages/background_sources/parking_lot.zip,E:\CODING\GitHub\FoundationPose\data\pallet\archive\packages\background_sources\parking_lot.zip,file,4,data/pallet/archive/packages/background_sources,.zip,1,101186943,2026-03-25 13:54,,SKIPPED_LARGE,true,false,false,archive,,,,,,false,false,false,false,false,false,false,false,false,false,.zip:1,,,PRESENT,
data/pallet/archive/packages/corrupt,E:\CODING\GitHub\FoundationPose\data\pallet\archive\packages\corrupt,dir,3,data/pallet/archive/packages,,1,4529431174,2026-05-20 13:50,,N/A_DIR,true,false,false,archive,,,,,,false,false,false,false,false,false,false,false,false,false,.zip:1,,,PRESENT,
data/pallet/archive/packages/corrupt/train_palletobj_v1.zip,E:\CODING\GitHub\FoundationPose\data\pallet\archive\packages\corrupt\train_palletobj_v1.zip,file,4,data/pallet/archive/packages/corrupt,.zip,1,4529431174,2026-05-20 13:50,,SKIPPED_LARGE,true,false,false,archive,LEGACY_DATASET,high,[확인] zipfile.BadZipFile — 열리지 않음(손상 또는 절단). 4.53GB,0,,false,false,false,false,false,false,false,false,false,false,.zip:1,archive/legacy_datasets/_packaged/_corrupt/,,MOVED_STAGE2D1X,"Stage 2-D1~D2 D1B_CORRUPT: data/pallet/train_palletobj_v1.zip -> data/pallet/archive/packages/corrupt/train_palletobj_v1.zip (원장 , move_id D1-001). Stage 2-D1/D1.1/D1.2 D1B_CORRUPT: data/pallet/train_palletobj_v1.zip -> data/pallet/archive/packages/corrupt/train_palletobj_v1.zip (원장 , move_id D1-001). Stage 2-D1/D1.1 D1B_CORRUPT: data/pallet/train_palletobj_v1.zip -> data/pallet/archive/packages/corrupt/train_palletobj_v1.zip (원장 , move_id D1-001). Stage 2-D1 D1B_CORRUPT: data/pallet/train_palletobj_v1.zip -> data/pallet/archive/packages/corrupt/train_palletobj_v1.zip (원장 , move_id D1-001). "
data/pallet/archive/packages/dataset_bundles,E:\CODING\GitHub\FoundationPose\data\pallet\archive\packages\dataset_bundles,dir,3,data/pallet/archive/packages,,14,80761480127,2026-07-06 15:28,,N/A_DIR,true,false,false,archive,,,,,,false,false,true,false,false,false,false,false,false,false,.zip:14,,,PRESENT,
data/pallet/archive/packages/dataset_bundles/pallet.zip,E:\CODING\GitHub\FoundationPose\data\pallet\archive\packages\dataset_bundles\pallet.zip,file,4,data/pallet/archive/packages/dataset_bundles,.zip,1,16637698137,2026-05-20 09:54,,SKIPPED_LARGE,true,false,false,archive,LEGACY_DATASET,high,"[확인] zip central directory: train_palletobj_v1 + v2 (60022 엔트리 = 30012+30010), archive/ 추출본과 엔트리수 일치",0,,false,false,false,false,false,false,false,false,false,false,.zip:1,archive/legacy_datasets/_packaged/,,MOVED_STAGE2D1X,"Stage 2-D1~D2 D1A_PACKAGES: data/pallet/pallet.zip -> data/pallet/archive/packages/dataset_bundles/pallet.zip (원장 , move_id D1-019). Stage 2-D1/D1.1/D1.2 D1A_PACKAGES: data/pallet/pallet.zip -> data/pallet/archive/packages/dataset_bundles/pallet.zip (원장 , move_id D1-019). Stage 2-D1/D1.1 D1A_PACKAGES: data/pallet/pallet.zip -> data/pallet/archive/packages/dataset_bundles/pallet.zip (원장 , move_id D1-019). Stage 2-D1 D1A_PACKAGES: data/pallet/pallet.zip -> data/pallet/archive/packages/dataset_bundles/pallet.zip (원장 , move_id D1-019). "
data/pallet/archive/packages/dataset_bundles/test_blender_v64.zip,E:\CODING\GitHub\FoundationPose\data\pallet\archive\packages\dataset_bundles\test_blender_v64.zip,file,4,data/pallet/archive/packages/dataset_bundles,.zip,1,1781592200,2026-04-04 17:05,,SKIPPED_LARGE,true,false,false,archive,LEGACY_DATASET,high,[확인] archive/ 추출본과 엔트리 수·비압축 바이트 일치(zipcheck) → 패키징 중복본,0,,false,false,false,false,false,false,false,false,false,false,.zip:1,archive/legacy_datasets/_packaged/,,MOVED_STAGE2D1X,"Stage 2-D1~D2 D1A_PACKAGES: data/pallet/test_blender_v64.zip -> data/pallet/archive/packages/dataset_bundles/test_blender_v64.zip (원장 , move_id D1-020). Stage 2-D1/D1.1/D1.2 D1A_PACKAGES: data/pallet/test_blender_v64.zip -> data/pallet/archive/packages/dataset_bundles/test_blender_v64.zip (원장 , move_id D1-020). Stage 2-D1/D1.1 D1A_PACKAGES: data/pallet/test_blender_v64.zip -> data/pallet/archive/packages/dataset_bundles/test_blender_v64.zip (원장 , move_id D1-020). Stage 2-D1 D1A_PACKAGES: data/pallet/test_blender_v64.zip -> data/pallet/archive/packages/dataset_bundles/test_blender_v64.zip (원장 , move_id D1-020). "
data/pallet/archive/packages/dataset_bundles/test_blender_v65.zip,E:\CODING\GitHub\FoundationPose\data\pallet\archive\packages\dataset_bundles\test_blender_v65.zip,file,4,data/pallet/archive/packages/dataset_bundles,.zip,1,86723195,2026-04-05 21:11,,SKIPPED_LARGE,true,false,false,archive,LEGACY_DATASET,high,[확인] archive/ 추출본과 엔트리 수·비압축 바이트 일치(zipcheck) → 패키징 중복본,0,,false,false,false,false,false,false,false,false,false,false,.zip:1,archive/legacy_datasets/_packaged/,,MOVED_STAGE2D1X,"Stage 2-D1~D2 D1A_PACKAGES: data/pallet/test_blender_v65.zip -> data/pallet/archive/packages/dataset_bundles/test_blender_v65.zip (원장 , move_id D1-021). Stage 2-D1/D1.1/D1.2 D1A_PACKAGES: data/pallet/test_blender_v65.zip -> data/pallet/archive/packages/dataset_bundles/test_blender_v65.zip (원장 , move_id D1-021). Stage 2-D1/D1.1 D1A_PACKAGES: data/pallet/test_blender_v65.zip -> data/pallet/archive/packages/dataset_bundles/test_blender_v65.zip (원장 , move_id D1-021). Stage 2-D1 D1A_PACKAGES: data/pallet/test_blender_v65.zip -> data/pallet/archive/packages/dataset_bundles/test_blender_v65.zip (원장 , move_id D1-021). "
data/pallet/archive/packages/dataset_bundles/test_blender_v68.zip,E:\CODING\GitHub\FoundationPose\data\pallet\archive\packages\dataset_bundles\test_blender_v68.zip,file,4,data/pallet/archive/packages/dataset_bundles,.zip,1,906940260,2026-04-05 22:25,,SKIPPED_LARGE,true,false,false,archive,LEGACY_DATASET,high,[확인] archive/ 추출본과 엔트리 수·비압축 바이트 일치(zipcheck) → 패키징 중복본,0,,false,false,false,false,false,false,false,false,false,false,.zip:1,archive/legacy_datasets/_packaged/,,MOVED_STAGE2D1X,"Stage 2-D1~D2 D1A_PACKAGES: data/pallet/test_blender_v68.zip -> data/pallet/archive/packages/dataset_bundles/test_blender_v68.zip (원장 , move_id D1-022). Stage 2-D1/D1.1/D1.2 D1A_PACKAGES: data/pallet/test_blender_v68.zip -> data/pallet/archive/packages/dataset_bundles/test_blender_v68.zip (원장 , move_id D1-022). Stage 2-D1/D1.1 D1A_PACKAGES: data/pallet/test_blender_v68.zip -> data/pallet/archive/packages/dataset_bundles/test_blender_v68.zip (원장 , move_id D1-022). Stage 2-D1 D1A_PACKAGES: data/pallet/test_blender_v68.zip -> data/pallet/archive/packages/dataset_bundles/test_blender_v68.zip (원장 , move_id D1-022). "
data/pallet/archive/packages/dataset_bundles/test_blender_v69.zip,E:\CODING\GitHub\FoundationPose\data\pallet\archive\packages\dataset_bundles\test_blender_v69.zip,file,4,data/pallet/archive/packages/dataset_bundles,.zip,1,3653659280,2026-04-06 17:49,,SKIPPED_LARGE,true,false,false,archive,LEGACY_DATASET,high,[확인] archive/ 추출본과 엔트리 수·비압축 바이트 일치(zipcheck) → 패키징 중복본,0,,false,false,false,false,false,false,false,false,false,false,.zip:1,archive/legacy_datasets/_packaged/,,MOVED_STAGE2D1X,"Stage 2-D1~D2 D1A_PACKAGES: data/pallet/test_blender_v69.zip -> data/pallet/archive/packages/dataset_bundles/test_blender_v69.zip (원장 , move_id D1-023). Stage 2-D1/D1.1/D1.2 D1A_PACKAGES: data/pallet/test_blender_v69.zip -> data/pallet/archive/packages/dataset_bundles/test_blender_v69.zip (원장 , move_id D1-023). Stage 2-D1/D1.1 D1A_PACKAGES: data/pallet/test_blender_v69.zip -> data/pallet/archive/packages/dataset_bundles/test_blender_v69.zip (원장 , move_id D1-023). Stage 2-D1 D1A_PACKAGES: data/pallet/test_blender_v69.zip -> data/pallet/archive/packages/dataset_bundles/test_blender_v69.zip (원장 , move_id D1-023). "
data/pallet/archive/packages/dataset_bundles/test_blender_v70.zip,E:\CODING\GitHub\FoundationPose\data\pallet\archive\packages\dataset_bundles\test_blender_v70.zip,file,4,data/pallet/archive/packages/dataset_bundles,.zip,1,913350083,2026-04-06 18:25,,SKIPPED_LARGE,true,false,false,archive,LEGACY_DATASET,high,[확인] archive/ 추출본과 엔트리 수·비압축 바이트 일치(zipcheck) → 패키징 중복본,0,,false,false,false,false,false,false,false,false,false,false,.zip:1,archive/legacy_datasets/_packaged/,,MOVED_STAGE2D1X,"Stage 2-D1~D2 D1A_PACKAGES: data/pallet/test_blender_v70.zip -> data/pallet/archive/packages/dataset_bundles/test_blender_v70.zip (원장 , move_id D1-024). Stage 2-D1/D1.1/D1.2 D1A_PACKAGES: data/pallet/test_blender_v70.zip -> data/pallet/archive/packages/dataset_bundles/test_blender_v70.zip (원장 , move_id D1-024). Stage 2-D1/D1.1 D1A_PACKAGES: data/pallet/test_blender_v70.zip -> data/pallet/archive/packages/dataset_bundles/test_blender_v70.zip (원장 , move_id D1-024). Stage 2-D1 D1A_PACKAGES: data/pallet/test_blender_v70.zip -> data/pallet/archive/packages/dataset_bundles/test_blender_v70.zip (원장 , move_id D1-024). "
data/pallet/archive/packages/dataset_bundles/test_indoor_v1.zip,E:\CODING\GitHub\FoundationPose\data\pallet\archive\packages\dataset_bundles\test_indoor_v1.zip,file,4,data/pallet/archive/packages/dataset_bundles,.zip,1,587372076,2026-04-07 14:24,,SKIPPED_LARGE,true,false,false,archive,LEGACY_DATASET,high,[확인] archive/ 추출본과 엔트리 수·비압축 바이트 일치(zipcheck) → 패키징 중복본,0,,false,false,false,false,false,false,false,false,false,false,.zip:1,archive/legacy_datasets/_packaged/,,MOVED_STAGE2D1X,"Stage 2-D1~D2 D1A_PACKAGES: data/pallet/test_indoor_v1.zip -> data/pallet/archive/packages/dataset_bundles/test_indoor_v1.zip (원장 , move_id D1-025). Stage 2-D1/D1.1/D1.2 D1A_PACKAGES: data/pallet/test_indoor_v1.zip -> data/pallet/archive/packages/dataset_bundles/test_indoor_v1.zip (원장 , move_id D1-025). Stage 2-D1/D1.1 D1A_PACKAGES: data/pallet/test_indoor_v1.zip -> data/pallet/archive/packages/dataset_bundles/test_indoor_v1.zip (원장 , move_id D1-025). Stage 2-D1 D1A_PACKAGES: data/pallet/test_indoor_v1.zip -> data/pallet/archive/packages/dataset_bundles/test_indoor_v1.zip (원장 , move_id D1-025). "
data/pallet/archive/packages/dataset_bundles/train_4pallet_mask_v1.zip,E:\CODING\GitHub\FoundationPose\data\pallet\archive\packages\dataset_bundles\train_4pallet_mask_v1.zip,file,4,data/pallet/archive/packages/dataset_bundles,.zip,1,9675248635,2026-07-06 15:28,,SKIPPED_LARGE,true,false,false,archive,LEGACY_DATASET,high,[확인] archive/ 추출본과 엔트리 수·비압축 바이트 일치(zipcheck) → 패키징 중복본,0,,false,false,false,false,false,false,false,false,false,false,.zip:1,archive/legacy_datasets/_packaged/,,MOVED_STAGE2D1X,"Stage 2-D1~D2 D1A_PACKAGES: data/pallet/train_4pallet_mask_v1.zip -> data/pallet/archive/packages/dataset_bundles/train_4pallet_mask_v1.zip (원장 , move_id D1-026). Stage 2-D1/D1.1/D1.2 D1A_PACKAGES: data/pallet/train_4pallet_mask_v1.zip -> data/pallet/archive/packages/dataset_bundles/train_4pallet_mask_v1.zip (원장 , move_id D1-026). Stage 2-D1/D1.1 D1A_PACKAGES: data/pallet/train_4pallet_mask_v1.zip -> data/pallet/archive/packages/dataset_bundles/train_4pallet_mask_v1.zip (원장 , move_id D1-026). Stage 2-D1 D1A_PACKAGES: data/pallet/train_4pallet_mask_v1.zip -> data/pallet/archive/packages/dataset_bundles/train_4pallet_mask_v1.zip (원장 , move_id D1-026). "
data/pallet/archive/packages/dataset_bundles/train_palletobj_addon_v1.zip,E:\CODING\GitHub\FoundationPose\data\pallet\archive\packages\dataset_bundles\train_palletobj_addon_v1.zip,file,4,data/pallet/archive/packages/dataset_bundles,.zip,1,5648950621,2026-06-25 15:17,,SKIPPED_LARGE,true,false,false,archive,LEGACY_DATASET,high,[확인] archive/ 추출본과 엔트리 수·비압축 바이트 일치(zipcheck) → 패키징 중복본,0,,false,false,false,false,false,false,false,false,false,false,.zip:1,archive/legacy_datasets/_packaged/,,MOVED_STAGE2D1X,"Stage 2-D1~D2 D1A_PACKAGES: data/pallet/train_palletobj_addon_v1.zip -> data/pallet/archive/packages/dataset_bundles/train_palletobj_addon_v1.zip (원장 , move_id D1-027). Stage 2-D1/D1.1/D1.2 D1A_PACKAGES: data/pallet/train_palletobj_addon_v1.zip -> data/pallet/archive/packages/dataset_bundles/train_palletobj_addon_v1.zip (원장 , move_id D1-027). Stage 2-D1/D1.1 D1A_PACKAGES: data/pallet/train_palletobj_addon_v1.zip -> data/pallet/archive/packages/dataset_bundles/train_palletobj_addon_v1.zip (원장 , move_id D1-027). Stage 2-D1 D1A_PACKAGES: data/pallet/train_palletobj_addon_v1.zip -> data/pallet/archive/packages/dataset_bundles/train_palletobj_addon_v1.zip (원장 , move_id D1-027). "
data/pallet/archive/packages/dataset_bundles/train_palletobj_v1 (2).zip,E:\CODING\GitHub\FoundationPose\data\pallet\archive\packages\dataset_bundles\train_palletobj_v1 (2).zip,file,4,data/pallet/archive/packages/dataset_bundles,.zip,1,8316876455,2026-05-20 12:31,,SKIPPED_LARGE,true,false,false,archive,LEGACY_DATASET,high,[확인] archive/ 추출본과 엔트리 수·비압축 바이트 일치(zipcheck) → 패키징 중복본,0,,false,false,false,false,false,false,false,false,false,false,.zip:1,archive/legacy_datasets/_packaged/,,MOVED_STAGE2D1X,"Stage 2-D1~D2 D1A_PACKAGES: data/pallet/train_palletobj_v1 (2).zip -> data/pallet/archive/packages/dataset_bundles/train_palletobj_v1 (2).zip (원장 , move_id D1-028). Stage 2-D1/D1.1/D1.2 D1A_PACKAGES: data/pallet/train_palletobj_v1 (2).zip -> data/pallet/archive/packages/dataset_bundles/train_palletobj_v1 (2).zip (원장 , move_id D1-028). Stage 2-D1/D1.1 D1A_PACKAGES: data/pallet/train_palletobj_v1 (2).zip -> data/pallet/archive/packages/dataset_bundles/train_palletobj_v1 (2).zip (원장 , move_id D1-028). Stage 2-D1 D1A_PACKAGES: data/pallet/train_palletobj_v1 (2).zip -> data/pallet/archive/packages/dataset_bundles/train_palletobj_v1 (2).zip (원장 , move_id D1-028). "
data/pallet/archive/packages/dataset_bundles/train_palletobj_v2 (2).zip,E:\CODING\GitHub\FoundationPose\data\pallet\archive\packages\dataset_bundles\train_palletobj_v2 (2).zip,file,4,data/pallet/archive/packages/dataset_bundles,.zip,1,8321314846,2026-05-20 12:31,,SKIPPED_LARGE,true,false,false,archive,LEGACY_DATASET,high,[확인] archive/ 추출본과 엔트리 수·비압축 바이트 일치(zipcheck) → 패키징 중복본,0,,false,false,false,false,false,false,false,false,false,false,.zip:1,archive/legacy_datasets/_packaged/,,MOVED_STAGE2D1X,"Stage 2-D1~D2 D1A_PACKAGES: data/pallet/train_palletobj_v2 (2).zip -> data/pallet/archive/packages/dataset_bundles/train_palletobj_v2 (2).zip (원장 , move_id D1-029). Stage 2-D1/D1.1/D1.2 D1A_PACKAGES: data/pallet/train_palletobj_v2 (2).zip -> data/pallet/archive/packages/dataset_bundles/train_palletobj_v2 (2).zip (원장 , move_id D1-029). Stage 2-D1/D1.1 D1A_PACKAGES: data/pallet/train_palletobj_v2 (2).zip -> data/pallet/archive/packages/dataset_bundles/train_palletobj_v2 (2).zip (원장 , move_id D1-029). Stage 2-D1 D1A_PACKAGES: data/pallet/train_palletobj_v2 (2).zip -> data/pallet/archive/packages/dataset_bundles/train_palletobj_v2 (2).zip (원장 , move_id D1-029). "
data/pallet/archive/packages/dataset_bundles/train_palletobj_v2.zip,E:\CODING\GitHub\FoundationPose\data\pallet\archive\packages\dataset_bundles\train_palletobj_v2.zip,file,4,data/pallet/archive/packages/dataset_bundles,.zip,1,8346416419,2026-05-20 13:30,,SKIPPED_LARGE,true,false,false,archive,LEGACY_DATASET,high,[확인] archive/ 추출본과 엔트리 수·비압축 바이트 일치(zipcheck) → 패키징 중복본,0,,false,false,false,false,false,false,false,false,false,false,.zip:1,archive/legacy_datasets/_packaged/,,MOVED_STAGE2D1X,"Stage 2-D1~D2 D1A_PACKAGES: data/pallet/train_palletobj_v2.zip -> data/pallet/archive/packages/dataset_bundles/train_palletobj_v2.zip (원장 , move_id D1-030). Stage 2-D1/D1.1/D1.2 D1A_PACKAGES: data/pallet/train_palletobj_v2.zip -> data/pallet/archive/packages/dataset_bundles/train_palletobj_v2.zip (원장 , move_id D1-030). Stage 2-D1/D1.1 D1A_PACKAGES: data/pallet/train_palletobj_v2.zip -> data/pallet/archive/packages/dataset_bundles/train_palletobj_v2.zip (원장 , move_id D1-030). Stage 2-D1 D1A_PACKAGES: data/pallet/train_palletobj_v2.zip -> data/pallet/archive/packages/dataset_bundles/train_palletobj_v2.zip (원장 , move_id D1-030). "
data/pallet/archive/packages/dataset_bundles/train_palletobj_v3.zip,E:\CODING\GitHub\FoundationPose\data\pallet\archive\packages\dataset_bundles\train_palletobj_v3.zip,file,4,data/pallet/archive/packages/dataset_bundles,.zip,1,10449502513,2026-06-24 11:33,,SKIPPED_LARGE,true,false,false,archive,LEGACY_DATASET,high,[확인] archive/ 추출본과 엔트리 수·비압축 바이트 일치(zipcheck) → 패키징 중복본,0,,false,false,false,false,false,false,false,false,false,false,.zip:1,archive/legacy_datasets/_packaged/,,MOVED_STAGE2D1X,"Stage 2-D1~D2 D1A_PACKAGES: data/pallet/train_palletobj_v3.zip -> data/pallet/archive/packages/dataset_bundles/train_palletobj_v3.zip (원장 , move_id D1-031). Stage 2-D1/D1.1/D1.2 D1A_PACKAGES: data/pallet/train_palletobj_v3.zip -> data/pallet/archive/packages/dataset_bundles/train_palletobj_v3.zip (원장 , move_id D1-031). Stage 2-D1/D1.1 D1A_PACKAGES: data/pallet/train_palletobj_v3.zip -> data/pallet/archive/packages/dataset_bundles/train_palletobj_v3.zip (원장 , move_id D1-031). Stage 2-D1 D1A_PACKAGES: data/pallet/train_palletobj_v3.zip -> data/pallet/archive/packages/dataset_bundles/train_palletobj_v3.zip (원장 , move_id D1-031). "
data/pallet/archive/packages/dataset_bundles/trunc_addon_v1.zip,E:\CODING\GitHub\FoundationPose\data\pallet\archive\packages\dataset_bundles\trunc_addon_v1.zip,file,4,data/pallet/archive/packages/dataset_bundles,.zip,1,5435835407,2026-07-04 00:01,,SKIPPED_LARGE,true,false,false,archive,LEGACY_DATASET,high,[확인] archive/ 추출본과 엔트리 수·비압축 바이트 일치(zipcheck) → 패키징 중복본,0,,false,false,false,false,false,false,false,false,false,false,.zip:1,archive/legacy_datasets/_packaged/,,MOVED_STAGE2D1X,"Stage 2-D1~D2 D1A_PACKAGES: data/pallet/trunc_addon_v1.zip -> data/pallet/archive/packages/dataset_bundles/trunc_addon_v1.zip (원장 , move_id D1-032). Stage 2-D1/D1.1/D1.2 D1A_PACKAGES: data/pallet/trunc_addon_v1.zip -> data/pallet/archive/packages/dataset_bundles/trunc_addon_v1.zip (원장 , move_id D1-032). Stage 2-D1/D1.1 D1A_PACKAGES: data/pallet/trunc_addon_v1.zip -> data/pallet/archive/packages/dataset_bundles/trunc_addon_v1.zip (원장 , move_id D1-032). Stage 2-D1 D1A_PACKAGES: data/pallet/trunc_addon_v1.zip -> data/pallet/archive/packages/dataset_bundles/trunc_addon_v1.zip (원장 , move_id D1-032). "
data/pallet/archive/superseded_runs,E:\CODING\GitHub\FoundationPose\data\pallet\archive\superseded_runs,dir,2,data/pallet/archive,,21321,5268927072,2026-07-28 02:50,,N/A_DIR,true,false,false,archive,,,,,,true,true,true,true,false,false,false,true,false,false,.png:17679;.json:3354;.jpg:93;.log:65;.pdf:34;.py:28;.csv:22;.md:20,,,PRESENT,
data/pallet/archive/unidentified,E:\CODING\GitHub\FoundationPose\data\pallet\archive\unidentified,dir,2,data/pallet/archive,,0,0,,,N/A_DIR,true,false,true,archive,,,,,,false,false,false,false,false,false,false,false,false,false,,,,PRESENT,
