move_id,source,destination,category,reason,evidence,file_count,total_bytes,referenced_by,required_code_changes,required_doc_changes,required_test_changes,license_risk,rollback_source,rollback_destination,approval_required,status
M001,data/pallet/_DISTRIBUTION_EXCLUDE.txt,manifests/,ACTIVE_MANIFEST,[확인] 릴리스 패키징 제외 목록의 근거 파일. 내부 경로 5/5가 현재 위치와 불일치(이미 stale),_docs/dataset_license_ledger.md:311;_docs/history/2026-07-24.md:68,1,880,2,,_docs/dataset_license_ledger.md:311;_docs/history/2026-07-24.md:68,none,LOW,manifests/,data/pallet/_DISTRIBUTION_EXCLUDE.txt,yes,NEEDS_USER_DECISION
M002,data/pallet/_addon_pilot2.log,_staging/ (또는 scripts/ 로 승격 — 사용자 결정),SUPERSEDED_RUN,[확인] data/ 트리에 방치된 일회성 스크립트/로그(2026-05~06). 코드 참조 0,(코드 참조 0 — 인벤토리 스캔 결과),1,3388,0,none,none,none,LOW,_staging/ (또는 scripts/ 로 승격 — 사용자 결정),data/pallet/_addon_pilot2.log,yes,NEEDS_USER_DECISION
M003,data/pallet/_addon_pilot3.log,_staging/ (또는 scripts/ 로 승격 — 사용자 결정),SUPERSEDED_RUN,[확인] data/ 트리에 방치된 일회성 스크립트/로그(2026-05~06). 코드 참조 0,(코드 참조 0 — 인벤토리 스캔 결과),1,2429,0,none,none,none,LOW,_staging/ (또는 scripts/ 로 승격 — 사용자 결정),data/pallet/_addon_pilot3.log,yes,NEEDS_USER_DECISION
M004,data/pallet/_addon_pilot4.log,_staging/ (또는 scripts/ 로 승격 — 사용자 결정),SUPERSEDED_RUN,[확인] data/ 트리에 방치된 일회성 스크립트/로그(2026-05~06). 코드 참조 0,(코드 참조 0 — 인벤토리 스캔 결과),1,4282,0,none,none,none,LOW,_staging/ (또는 scripts/ 로 승격 — 사용자 결정),data/pallet/_addon_pilot4.log,yes,NEEDS_USER_DECISION
M005,data/pallet/_addon_pilot_gen.log,_staging/ (또는 scripts/ 로 승격 — 사용자 결정),SUPERSEDED_RUN,[확인] data/ 트리에 방치된 일회성 스크립트/로그(2026-05~06). 코드 참조 0,(코드 참조 0 — 인벤토리 스캔 결과),1,6167,0,none,none,none,LOW,_staging/ (또는 scripts/ 로 승격 — 사용자 결정),data/pallet/_addon_pilot_gen.log,yes,NEEDS_USER_DECISION
M006,data/pallet/_copy_and_zip_c.py,_staging/ (또는 scripts/ 로 승격 — 사용자 결정),SUPERSEDED_RUN,[확인] data/ 트리에 방치된 일회성 스크립트/로그(2026-05~06). 코드 참조 0,(코드 참조 0 — 인벤토리 스캔 결과),1,2597,0,none,none,none,LOW,_staging/ (또는 scripts/ 로 승격 — 사용자 결정),data/pallet/_copy_and_zip_c.py,yes,NEEDS_USER_DECISION
M007,data/pallet/_copy_c.log,_staging/ (또는 scripts/ 로 승격 — 사용자 결정),SUPERSEDED_RUN,[확인] data/ 트리에 방치된 일회성 스크립트/로그(2026-05~06). 코드 참조 0,(코드 참조 0 — 인벤토리 스캔 결과),1,2559,0,none,none,none,LOW,_staging/ (또는 scripts/ 로 승격 — 사용자 결정),data/pallet/_copy_c.log,yes,NEEDS_USER_DECISION
M008,data/pallet/_finalize_c_zip.py,_staging/ (또는 scripts/ 로 승격 — 사용자 결정),SUPERSEDED_RUN,[확인] data/ 트리에 방치된 일회성 스크립트/로그(2026-05~06). 코드 참조 0,(코드 참조 0 — 인벤토리 스캔 결과),1,3305,0,none,none,none,LOW,_staging/ (또는 scripts/ 로 승격 — 사용자 결정),data/pallet/_finalize_c_zip.py,yes,NEEDS_USER_DECISION
M009,data/pallet/_floor_applied14_render.log,_staging/ (또는 scripts/ 로 승격 — 사용자 결정),SUPERSEDED_RUN,[확인] data/ 트리에 방치된 일회성 스크립트/로그(2026-05~06). 코드 참조 0,(코드 참조 0 — 인벤토리 스캔 결과),1,3511,0,none,none,none,LOW,_staging/ (또는 scripts/ 로 승격 — 사용자 결정),data/pallet/_floor_applied14_render.log,yes,NEEDS_USER_DECISION
M010,data/pallet/_floor_test10_render.log,_staging/ (또는 scripts/ 로 승격 — 사용자 결정),SUPERSEDED_RUN,[확인] data/ 트리에 방치된 일회성 스크립트/로그(2026-05~06). 코드 참조 0,(코드 참조 0 — 인벤토리 스캔 결과),1,5743,0,none,none,none,LOW,_staging/ (또는 scripts/ 로 승격 — 사용자 결정),data/pallet/_floor_test10_render.log,yes,NEEDS_USER_DECISION
M011,data/pallet/_make_split_zips.log,_staging/ (또는 scripts/ 로 승격 — 사용자 결정),SUPERSEDED_RUN,[확인] data/ 트리에 방치된 일회성 스크립트/로그(2026-05~06). 코드 참조 0,(코드 참조 0 — 인벤토리 스캔 결과),1,2580,0,none,none,none,LOW,_staging/ (또는 scripts/ 로 승격 — 사용자 결정),data/pallet/_make_split_zips.log,yes,NEEDS_USER_DECISION
M012,data/pallet/_make_split_zips.py,_staging/ (또는 scripts/ 로 승격 — 사용자 결정),SUPERSEDED_RUN,[확인] data/ 트리에 방치된 일회성 스크립트/로그(2026-05~06). 코드 참조 0,(코드 참조 0 — 인벤토리 스캔 결과),1,3319,0,none,none,none,LOW,_staging/ (또는 scripts/ 로 승격 — 사용자 결정),data/pallet/_make_split_zips.py,yes,NEEDS_USER_DECISION
M013,data/pallet/_make_zip_lowmem.log,_staging/ (또는 scripts/ 로 승격 — 사용자 결정),SUPERSEDED_RUN,[확인] data/ 트리에 방치된 일회성 스크립트/로그(2026-05~06). 코드 참조 0,(코드 참조 0 — 인벤토리 스캔 결과),1,2700,0,none,none,none,LOW,_staging/ (또는 scripts/ 로 승격 — 사용자 결정),data/pallet/_make_zip_lowmem.log,yes,NEEDS_USER_DECISION
M014,data/pallet/_make_zip_lowmem.py,_staging/ (또는 scripts/ 로 승격 — 사용자 결정),SUPERSEDED_RUN,[확인] data/ 트리에 방치된 일회성 스크립트/로그(2026-05~06). 코드 참조 0,(코드 참조 0 — 인벤토리 스캔 결과),1,5575,0,none,none,none,LOW,_staging/ (또는 scripts/ 로 승격 — 사용자 결정),data/pallet/_make_zip_lowmem.py,yes,NEEDS_USER_DECISION
M015,data/pallet/_mask_test10_gen.log,_staging/ (또는 scripts/ 로 승격 — 사용자 결정),SUPERSEDED_RUN,[확인] data/ 트리에 방치된 일회성 스크립트/로그(2026-05~06). 코드 참조 0,(코드 참조 0 — 인벤토리 스캔 결과),1,4372,0,none,none,none,LOW,_staging/ (또는 scripts/ 로 승격 — 사용자 결정),data/pallet/_mask_test10_gen.log,yes,NEEDS_USER_DECISION
M016,data/pallet/_mask_test60_gen.log,_staging/ (또는 scripts/ 로 승격 — 사용자 결정),SUPERSEDED_RUN,[확인] data/ 트리에 방치된 일회성 스크립트/로그(2026-05~06). 코드 참조 0,(코드 참조 0 — 인벤토리 스캔 결과),1,14822,0,none,none,none,LOW,_staging/ (또는 scripts/ 로 승격 — 사용자 결정),data/pallet/_mask_test60_gen.log,yes,NEEDS_USER_DECISION
M017,data/pallet/_mat_test10_gen.log,_staging/ (또는 scripts/ 로 승격 — 사용자 결정),SUPERSEDED_RUN,[확인] data/ 트리에 방치된 일회성 스크립트/로그(2026-05~06). 코드 참조 0,(코드 참조 0 — 인벤토리 스캔 결과),1,4245,0,none,none,none,LOW,_staging/ (또는 scripts/ 로 승격 — 사용자 결정),data/pallet/_mat_test10_gen.log,yes,NEEDS_USER_DECISION
M018,data/pallet/_mat_test10b_gen.log,_staging/ (또는 scripts/ 로 승격 — 사용자 결정),SUPERSEDED_RUN,[확인] data/ 트리에 방치된 일회성 스크립트/로그(2026-05~06). 코드 참조 0,(코드 참조 0 — 인벤토리 스캔 결과),1,4139,0,none,none,none,LOW,_staging/ (또는 scripts/ 로 승격 — 사용자 결정),data/pallet/_mat_test10b_gen.log,yes,NEEDS_USER_DECISION
M019,data/pallet/_mat_test10e_closeup.log,_staging/ (또는 scripts/ 로 승격 — 사용자 결정),SUPERSEDED_RUN,[확인] data/ 트리에 방치된 일회성 스크립트/로그(2026-05~06). 코드 참조 0,(코드 참조 0 — 인벤토리 스캔 결과),1,1387,0,none,none,none,LOW,_staging/ (또는 scripts/ 로 승격 — 사용자 결정),data/pallet/_mat_test10e_closeup.log,yes,NEEDS_USER_DECISION
M020,data/pallet/_mat_test10e_gen.log,_staging/ (또는 scripts/ 로 승격 — 사용자 결정),SUPERSEDED_RUN,[확인] data/ 트리에 방치된 일회성 스크립트/로그(2026-05~06). 코드 참조 0,(코드 참조 0 — 인벤토리 스캔 결과),1,3760,0,none,none,none,LOW,_staging/ (또는 scripts/ 로 승격 — 사용자 결정),data/pallet/_mat_test10e_gen.log,yes,NEEDS_USER_DECISION
M021,data/pallet/_material_compare_run.log,_staging/ (또는 scripts/ 로 승격 — 사용자 결정),SUPERSEDED_RUN,[확인] data/ 트리에 방치된 일회성 스크립트/로그(2026-05~06). 코드 참조 0,(코드 참조 0 — 인벤토리 스캔 결과),1,6918,0,none,none,none,LOW,_staging/ (또는 scripts/ 로 승격 — 사용자 결정),data/pallet/_material_compare_run.log,yes,NEEDS_USER_DECISION
M022,data/pallet/_ram_test.log,_staging/ (또는 scripts/ 로 승격 — 사용자 결정),SUPERSEDED_RUN,[확인] data/ 트리에 방치된 일회성 스크립트/로그(2026-05~06). 코드 참조 0,(코드 참조 0 — 인벤토리 스캔 결과),1,1337,0,none,none,none,LOW,_staging/ (또는 scripts/ 로 승격 — 사용자 결정),data/pallet/_ram_test.log,yes,NEEDS_USER_DECISION
M023,data/pallet/_ram_test.py,_staging/ (또는 scripts/ 로 승격 — 사용자 결정),SUPERSEDED_RUN,[확인] data/ 트리에 방치된 일회성 스크립트/로그(2026-05~06). 코드 참조 0,(코드 참조 0 — 인벤토리 스캔 결과),1,3405,0,none,none,none,LOW,_staging/ (또는 scripts/ 로 승격 — 사용자 결정),data/pallet/_ram_test.py,yes,NEEDS_USER_DECISION
M024,data/pallet/_read_stability_test.py,_staging/ (또는 scripts/ 로 승격 — 사용자 결정),SUPERSEDED_RUN,[확인] data/ 트리에 방치된 일회성 스크립트/로그(2026-05~06). 코드 참조 0,(코드 참조 0 — 인벤토리 스캔 결과),1,763,0,none,none,none,LOW,_staging/ (또는 scripts/ 로 승격 — 사용자 결정),data/pallet/_read_stability_test.py,yes,NEEDS_USER_DECISION
M025,data/pallet/_rebuild_part7.log,_staging/ (또는 scripts/ 로 승격 — 사용자 결정),SUPERSEDED_RUN,[확인] data/ 트리에 방치된 일회성 스크립트/로그(2026-05~06). 코드 참조 0,(코드 참조 0 — 인벤토리 스캔 결과),1,278,0,none,none,none,LOW,_staging/ (또는 scripts/ 로 승격 — 사용자 결정),data/pallet/_rebuild_part7.log,yes,NEEDS_USER_DECISION
M026,data/pallet/_rebuild_part7_nocache.py,_staging/ (또는 scripts/ 로 승격 — 사용자 결정),SUPERSEDED_RUN,[확인] data/ 트리에 방치된 일회성 스크립트/로그(2026-05~06). 코드 참조 0,(코드 참조 0 — 인벤토리 스캔 결과),1,5136,0,none,none,none,LOW,_staging/ (또는 scripts/ 로 승격 — 사용자 결정),data/pallet/_rebuild_part7_nocache.py,yes,NEEDS_USER_DECISION
M027,data/pallet/_rebuild_parts.log,_staging/ (또는 scripts/ 로 승격 — 사용자 결정),SUPERSEDED_RUN,[확인] data/ 트리에 방치된 일회성 스크립트/로그(2026-05~06). 코드 참조 0,(코드 참조 0 — 인벤토리 스캔 결과),1,303,0,none,none,none,LOW,_staging/ (또는 scripts/ 로 승격 — 사용자 결정),data/pallet/_rebuild_parts.log,yes,NEEDS_USER_DECISION
M028,data/pallet/_rebuild_parts.py,_staging/ (또는 scripts/ 로 승격 — 사용자 결정),SUPERSEDED_RUN,[확인] data/ 트리에 방치된 일회성 스크립트/로그(2026-05~06). 코드 참조 0,(코드 참조 0 — 인벤토리 스캔 결과),1,2459,0,none,none,none,LOW,_staging/ (또는 scripts/ 로 승격 — 사용자 결정),data/pallet/_rebuild_parts.py,yes,NEEDS_USER_DECISION
M029,data/pallet/_repack.log,_staging/ (또는 scripts/ 로 승격 — 사용자 결정),SUPERSEDED_RUN,[확인] data/ 트리에 방치된 일회성 스크립트/로그(2026-05~06). 코드 참조 0,(코드 참조 0 — 인벤토리 스캔 결과),1,3468,0,none,none,none,LOW,_staging/ (또는 scripts/ 로 승격 — 사용자 결정),data/pallet/_repack.log,yes,NEEDS_USER_DECISION
M030,data/pallet/_repack.py,_staging/ (또는 scripts/ 로 승격 — 사용자 결정),SUPERSEDED_RUN,[확인] data/ 트리에 방치된 일회성 스크립트/로그(2026-05~06). 코드 참조 0,(코드 참조 0 — 인벤토리 스캔 결과),1,1231,0,none,none,none,LOW,_staging/ (또는 scripts/ 로 승격 — 사용자 결정),data/pallet/_repack.py,yes,NEEDS_USER_DECISION
M031,data/pallet/_repack_retry.log,_staging/ (또는 scripts/ 로 승격 — 사용자 결정),SUPERSEDED_RUN,[확인] data/ 트리에 방치된 일회성 스크립트/로그(2026-05~06). 코드 참조 0,(코드 참조 0 — 인벤토리 스캔 결과),1,921,0,none,none,none,LOW,_staging/ (또는 scripts/ 로 승격 — 사용자 결정),data/pallet/_repack_retry.log,yes,NEEDS_USER_DECISION
M032,data/pallet/_repack_retry.py,_staging/ (또는 scripts/ 로 승격 — 사용자 결정),SUPERSEDED_RUN,[확인] data/ 트리에 방치된 일회성 스크립트/로그(2026-05~06). 코드 참조 0,(코드 참조 0 — 인벤토리 스캔 결과),1,5211,0,none,none,none,LOW,_staging/ (또는 scripts/ 로 승격 — 사용자 결정),data/pallet/_repack_retry.py,yes,NEEDS_USER_DECISION
M033,data/pallet/_stress_read.log,_staging/ (또는 scripts/ 로 승격 — 사용자 결정),SUPERSEDED_RUN,[확인] data/ 트리에 방치된 일회성 스크립트/로그(2026-05~06). 코드 참조 0,(코드 참조 0 — 인벤토리 스캔 결과),1,763,0,none,none,none,LOW,_staging/ (또는 scripts/ 로 승격 — 사용자 결정),data/pallet/_stress_read.log,yes,NEEDS_USER_DECISION
M034,data/pallet/_stress_read.py,_staging/ (또는 scripts/ 로 승격 — 사용자 결정),SUPERSEDED_RUN,[확인] data/ 트리에 방치된 일회성 스크립트/로그(2026-05~06). 코드 참조 0,(코드 참조 0 — 인벤토리 스캔 결과),1,1447,0,none,none,none,LOW,_staging/ (또는 scripts/ 로 승격 — 사용자 결정),data/pallet/_stress_read.py,yes,NEEDS_USER_DECISION
M035,data/pallet/_tmp_ph,assets/licenses/polyhaven_download_provenance/,ACTIVE_LICENSE,"[확인] ledger:266 ""다운로드 CDN URL 원본은 data/pallet/_tmp_ph/*_files.json"" — Poly Haven provenance",_docs/dataset_license_ledger.md:266,6,172936,1,,_docs/dataset_license_ledger.md:266,none,LOW,assets/licenses/polyhaven_download_provenance/,data/pallet/_tmp_ph,no,SAFE_CANDIDATE
M036,data/pallet/_trunc_addon_v1_10m_example,reference/expected_outputs/trunc_addon_v1/,REFERENCE_EXPECTED_OUTPUT,[확인] trunc_addon_v1 run 에서 뽑은 예시 프레임 3~4장(rgb/mask/overlay). 코드 참조 0,(코드 참조 0 — 인벤토리 스캔 결과),3,474429,0,none,none,none,LOW,reference/expected_outputs/trunc_addon_v1/,data/pallet/_trunc_addon_v1_10m_example,no,SAFE_CANDIDATE
M037,data/pallet/_trunc_addon_v1_far_example,reference/expected_outputs/trunc_addon_v1/,REFERENCE_EXPECTED_OUTPUT,[확인] trunc_addon_v1 run 에서 뽑은 예시 프레임 3~4장(rgb/mask/overlay). 코드 참조 0,(코드 참조 0 — 인벤토리 스캔 결과),4,1382207,0,none,none,none,LOW,reference/expected_outputs/trunc_addon_v1/,data/pallet/_trunc_addon_v1_far_example,no,SAFE_CANDIDATE
M038,data/pallet/_v2_b3_check,runs/diagnostics/,RUN_DIAGNOSTIC,[확인] _b3_asset_check.py 산출(B3 자산 관문). 4참조,_docs/blender_mcp_onboarding.md:138;_docs/blender_mcp_onboarding.md:142;_docs/history/2026-07-25.md:26;scripts/data_prep/blender/_b3_asset_check.py:36,36,8145589,4,scripts/data_prep/blender/_b3_asset_check.py:36,_docs/blender_mcp_onboarding.md:138;_docs/blender_mcp_onboarding.md:142;_docs/history/2026-07-25.md:26,none,LOW,runs/diagnostics/,data/pallet/_v2_b3_check,yes,BLOCKED_BY_CODE_REFERENCE
M039,data/pallet/_v2_calib_200,runs/pilot/,RUN_PILOT,[확인] _v2_calib_200.py:12 생성 + _v2_calib_200_analyze.py 소비. 6참조,_docs/blender_mcp_onboarding.md:144;_docs/history/2026-07-25.md:48;scripts/data_prep/blender/_v2_calib_200.py:14;scripts/data_prep/blender/_v2_calib_200.py:37;scripts/data_prep/blender/_v2_calib_200_analyze.py:350;scripts/data_prep/blender/_v2_calib_200_analyze.py:9,1011,140986989,6,scripts/data_prep/blender/_v2_calib_200.py:14;scripts/data_prep/blender/_v2_calib_200.py:37;scripts/data_prep/blender/_v2_calib_200_analyze.py:350;scripts/data_prep/blender/_v2_calib_200_analyze.py:9,_docs/blender_mcp_onboarding.md:144;_docs/history/2026-07-25.md:48,none,LOW,runs/pilot/,data/pallet/_v2_calib_200,yes,BLOCKED_BY_CODE_REFERENCE
M040,data/pallet/_v2_exactclearance_idx12_seed7500,runs/diagnostics/,RUN_DIAGNOSTIC,"[확인] 단일 이슈 회귀 probe(4~39파일), 코드 참조 0~1",(코드 참조 0 — 인벤토리 스캔 결과),4,2780,0,none,none,none,LOW,runs/diagnostics/,data/pallet/_v2_exactclearance_idx12_seed7500,no,SAFE_CANDIDATE
M041,data/pallet/_v2_exactclearance_idx12_seed7500_r2,runs/diagnostics/,RUN_DIAGNOSTIC,"[확인] 단일 이슈 회귀 probe(4~39파일), 코드 참조 0~1",(코드 참조 0 — 인벤토리 스캔 결과),11,1243677,0,none,none,none,LOW,runs/diagnostics/,data/pallet/_v2_exactclearance_idx12_seed7500_r2,no,SAFE_CANDIDATE
M042,data/pallet/_v2_g5_reverify,runs/diagnostics/,RUN_DIAGNOSTIC,[확인] _g5_reverify.py:14 산출(G5 dark 게이트 재검증). 2참조,scripts/data_prep/blender/_g5_reverify.py:11;scripts/data_prep/blender/_g5_reverify.py:29,66,13346911,2,scripts/data_prep/blender/_g5_reverify.py:11;scripts/data_prep/blender/_g5_reverify.py:29,none,none,LOW,runs/diagnostics/,data/pallet/_v2_g5_reverify,yes,BLOCKED_BY_CODE_REFERENCE
M043,data/pallet/_v2_legacy_regression_seed7000,runs/diagnostics/,RUN_DIAGNOSTIC,"[확인] 단일 이슈 회귀 probe(4~39파일), 코드 참조 0~1",(코드 참조 0 — 인벤토리 스캔 결과),8,822568,0,none,none,none,LOW,runs/diagnostics/,data/pallet/_v2_legacy_regression_seed7000,no,SAFE_CANDIDATE
M044,data/pallet/_v2_ph7_regress_base,runs/diagnostics/,RUN_DIAGNOSTIC,"[확인] 단일 이슈 회귀 probe(4~39파일), 코드 참조 0~1",_docs/history/2026-07-27.md:1133,39,6547822,1,,_docs/history/2026-07-27.md:1133,none,LOW,runs/diagnostics/,data/pallet/_v2_ph7_regress_base,no,SAFE_CANDIDATE
M045,data/pallet/_v2_ph7_regress_final,runs/diagnostics/,RUN_DIAGNOSTIC,"[확인] 단일 이슈 회귀 probe(4~39파일), 코드 참조 0~1",(코드 참조 0 — 인벤토리 스캔 결과),18,1937385,0,none,none,none,LOW,runs/diagnostics/,data/pallet/_v2_ph7_regress_final,no,SAFE_CANDIDATE
M046,data/pallet/_v2_ph7_regress_new,runs/diagnostics/,RUN_DIAGNOSTIC,"[확인] 단일 이슈 회귀 probe(4~39파일), 코드 참조 0~1",(코드 참조 0 — 인벤토리 스캔 결과),39,6547756,0,none,none,none,LOW,runs/diagnostics/,data/pallet/_v2_ph7_regress_new,no,SAFE_CANDIDATE
M047,data/pallet/_v2_ph7_usable10,runs/diagnostics/,RUN_DIAGNOSTIC,"[확인] Phase7 usable-completion 실험, 1~2참조",_docs/history/2026-07-27.md:1130;_docs/history/2026-07-27.md:1418,118,16026597,2,,_docs/history/2026-07-27.md:1130;_docs/history/2026-07-27.md:1418,none,LOW,runs/diagnostics/,data/pallet/_v2_ph7_usable10,no,SAFE_CANDIDATE
M048,data/pallet/_v2_ph7_usable_resume12,runs/diagnostics/,RUN_DIAGNOSTIC,"[확인] Phase7 usable-completion 실험, 1~2참조",_docs/history/2026-07-27.md:1132,92,13944704,1,,_docs/history/2026-07-27.md:1132,none,LOW,runs/diagnostics/,data/pallet/_v2_ph7_usable_resume12,no,SAFE_CANDIDATE
M049,data/pallet/_v2_pilot_2k,(유지) runs/pilot/,RUN_PILOT,"[확인] 17참조 — analyze_v2_scene_logic.py:43 diagnosis/pilot_frames.csv, run_pilot_2k.sh:13, _v2_pilot_audit.py:3",_docs/blender_mcp_onboarding.md:149;_docs/blender_mcp_onboarding.md:154;_docs/blender_mcp_onboarding.md:158;_docs/blender_mcp_onboarding.md:166;_docs/history/2026-07-25.md:109;_docs/history/2026-07-25.md:90;_docs/history/2026-07-26.md:166;scripts/data_prep/blender/_v2_pilot_2k.py:23;scripts/data_pre,12147,2495296046,17,scripts/data_prep/blender/_v2_pilot_2k.py:23;scripts/data_prep/blender/_v2_pilot_2k.py:44;scripts/data_prep/blender/_v2_pilot_audit.py:170,_docs/blender_mcp_onboarding.md:149;_docs/blender_mcp_onboarding.md:154;_docs/blender_mcp_onboarding.md:158;_docs/blender_mcp_onboarding.md:166;_docs/history/2026-07-25.md:109;_docs/history/2026-07-25.md:90;_docs/history/2026-07-26.md:166,none,LOW,(유지) runs/pilot/,data/pallet/_v2_pilot_2k,yes,BLOCKED_BY_CODE_REFERENCE
M050,data/pallet/_v2_publicmask_overlay_smoke8,runs/smoke/,RUN_SMOKE,[확인] 2026-07-28 mask profile smoke(가장 최근 산출). 7참조,_docs/history/2026-07-28.md:487;_docs/history/2026-07-28.md:494;_docs/history/2026-07-28.md:495;_docs/history/2026-07-28.md:655;_docs/history/changelog.md:142;reports/v2_overlay_fix/final_report.md:228;reports/v2_overlay_fix/final_report.md:297,96,19802025,7,,_docs/history/2026-07-28.md:487;_docs/history/2026-07-28.md:494;_docs/history/2026-07-28.md:495;_docs/history/2026-07-28.md:655;_docs/history/changelog.md:142;reports/v2_overlay_fix/final_report.md:228;reports/v2_overlay_fix/final_report.md:297,none,LOW,runs/smoke/,data/pallet/_v2_publicmask_overlay_smoke8,yes,BLOCKED_BY_CODE_REFERENCE
M051,data/pallet/_v2_scene_logic_500_seed7500,(유지) runs/diagnostics/,RUN_DIAGNOSTIC,[확인] 78참조 — _docs/experiments/v2_scene_logic_500_eda_results.md(48) EDA 정본 + run_v2_scene_logic.py:485 default --out,_docs/experiments/v2_scene_logic_500_eda_results.md:12;_docs/experiments/v2_scene_logic_500_eda_results.md:155;_docs/experiments/v2_scene_logic_500_eda_results.md:159;_docs/experiments/v2_scene_logic_500_eda_results.md:163;_docs/experiments/v2_scene_logic_500_eda_results.md:167;_docs/experiments/v2_,4995,1698833273,78,,_docs/experiments/v2_scene_logic_500_eda_results.md:12;_docs/experiments/v2_scene_logic_500_eda_results.md:155;_docs/experiments/v2_scene_logic_500_eda_results.md:159;_docs/experiments/v2_scene_logic_500_eda_results.md:163;_docs/experiments/v2_scene_logic_500_eda_results.md:167;_docs/experiments/v2_,none,LOW,(유지) runs/diagnostics/,data/pallet/_v2_scene_logic_500_seed7500,yes,BLOCKED_BY_CODE_REFERENCE
M052,data/pallet/_v2_scene_logic_500_seed7500_failed_missing_hdri_20260726,runs/failed/,RUN_FAILED,[확인] 폴더명에 failed_+사유+날짜. 문서 2참조,_docs/history/2026-07-26-v2-attempt-log.md:352;_docs/history/2026-07-26-v2-attempt-log.md:98,431,60103424,2,,_docs/history/2026-07-26-v2-attempt-log.md:352;_docs/history/2026-07-26-v2-attempt-log.md:98,none,LOW,runs/failed/,data/pallet/_v2_scene_logic_500_seed7500_failed_missing_hdri_20260726,no,SAFE_CANDIDATE
M053,data/pallet/_v2_scene_logic_500_seed7500_failed_prereview_p1_20260726,runs/failed/,RUN_FAILED,[확인] 폴더명에 failed_+사유+날짜. 문서 2참조,_docs/history/2026-07-26-v2-attempt-log.md:116;_docs/history/2026-07-26-v2-attempt-log.md:353,1148,161438117,2,,_docs/history/2026-07-26-v2-attempt-log.md:116;_docs/history/2026-07-26-v2-attempt-log.md:353,none,LOW,runs/failed/,data/pallet/_v2_scene_logic_500_seed7500_failed_prereview_p1_20260726,no,SAFE_CANDIDATE
M054,data/pallet/_v2_scene_logic_probe1_seed7500,runs/diagnostics/v2_scene_logic_probes/,RUN_DIAGNOSTIC,"[확인] 1~20프레임 probe. png 6 + json 3~4 + records.jsonl 1 구조, 코드 참조 0",(코드 참조 0 — 인벤토리 스캔 결과),11,1015643,0,none,none,none,LOW,runs/diagnostics/v2_scene_logic_probes/,data/pallet/_v2_scene_logic_probe1_seed7500,no,SAFE_CANDIDATE
M055,data/pallet/_v2_scene_logic_probe1b_seed7500,runs/diagnostics/v2_scene_logic_probes/,RUN_DIAGNOSTIC,"[확인] 1~20프레임 probe. png 6 + json 3~4 + records.jsonl 1 구조, 코드 참조 0",(코드 참조 0 — 인벤토리 스캔 결과),11,1014928,0,none,none,none,LOW,runs/diagnostics/v2_scene_logic_probes/,data/pallet/_v2_scene_logic_probe1b_seed7500,no,SAFE_CANDIDATE
M056,data/pallet/_v2_scene_logic_probe_modes2_repeat_seed7500,runs/diagnostics/v2_scene_logic_probes/,RUN_DIAGNOSTIC,"[확인] 1~20프레임 probe. png 6 + json 3~4 + records.jsonl 1 구조, 코드 참조 0",(코드 참조 0 — 인벤토리 스캔 결과),11,954660,0,none,none,none,LOW,runs/diagnostics/v2_scene_logic_probes/,data/pallet/_v2_scene_logic_probe_modes2_repeat_seed7500,no,SAFE_CANDIDATE
M057,data/pallet/_v2_scene_logic_probe_modes2_seed7500,runs/diagnostics/v2_scene_logic_probes/,RUN_DIAGNOSTIC,"[확인] 1~20프레임 probe. png 6 + json 3~4 + records.jsonl 1 구조, 코드 참조 0",(코드 참조 0 — 인벤토리 스캔 결과),25,3738669,0,none,none,none,LOW,runs/diagnostics/v2_scene_logic_probes/,data/pallet/_v2_scene_logic_probe_modes2_seed7500,no,SAFE_CANDIDATE
M058,data/pallet/_v2_scene_logic_probe_modes_seed7500,runs/diagnostics/v2_scene_logic_probes/,RUN_DIAGNOSTIC,"[확인] 1~20프레임 probe. png 6 + json 3~4 + records.jsonl 1 구조, 코드 참조 0",(코드 참조 0 — 인벤토리 스캔 결과),11,953298,0,none,none,none,LOW,runs/diagnostics/v2_scene_logic_probes/,data/pallet/_v2_scene_logic_probe_modes_seed7500,no,SAFE_CANDIDATE
M059,data/pallet/_v2_scene_logic_probe_seed7500_f16_r1,runs/diagnostics/v2_scene_logic_probes/,RUN_DIAGNOSTIC,"[확인] 1~20프레임 probe. png 6 + json 3~4 + records.jsonl 1 구조, 코드 참조 0",(코드 참조 0 — 인벤토리 스캔 결과),4,35711,0,none,none,none,LOW,runs/diagnostics/v2_scene_logic_probes/,data/pallet/_v2_scene_logic_probe_seed7500_f16_r1,no,SAFE_CANDIDATE
M060,data/pallet/_v2_scene_logic_probe_seed7500_f16_r10,runs/diagnostics/v2_scene_logic_probes/,RUN_DIAGNOSTIC,"[확인] 1~20프레임 probe. png 6 + json 3~4 + records.jsonl 1 구조, 코드 참조 0",(코드 참조 0 — 인벤토리 스캔 결과),4,941319,0,none,none,none,LOW,runs/diagnostics/v2_scene_logic_probes/,data/pallet/_v2_scene_logic_probe_seed7500_f16_r10,no,SAFE_CANDIDATE
M061,data/pallet/_v2_scene_logic_probe_seed7500_f16_r11,runs/diagnostics/v2_scene_logic_probes/,RUN_DIAGNOSTIC,"[확인] 1~20프레임 probe. png 6 + json 3~4 + records.jsonl 1 구조, 코드 참조 0",(코드 참조 0 — 인벤토리 스캔 결과),4,471478,0,none,none,none,LOW,runs/diagnostics/v2_scene_logic_probes/,data/pallet/_v2_scene_logic_probe_seed7500_f16_r11,no,SAFE_CANDIDATE
M062,data/pallet/_v2_scene_logic_probe_seed7500_f16_r13,runs/diagnostics/v2_scene_logic_probes/,RUN_DIAGNOSTIC,"[확인] 1~20프레임 probe. png 6 + json 3~4 + records.jsonl 1 구조, 코드 참조 0",(코드 참조 0 — 인벤토리 스캔 결과),4,555069,0,none,none,none,LOW,runs/diagnostics/v2_scene_logic_probes/,data/pallet/_v2_scene_logic_probe_seed7500_f16_r13,no,SAFE_CANDIDATE
M063,data/pallet/_v2_scene_logic_probe_seed7500_f16_r14,runs/diagnostics/v2_scene_logic_probes/,RUN_DIAGNOSTIC,"[확인] 1~20프레임 probe. png 6 + json 3~4 + records.jsonl 1 구조, 코드 참조 0",(코드 참조 0 — 인벤토리 스캔 결과),4,529946,0,none,none,none,LOW,runs/diagnostics/v2_scene_logic_probes/,data/pallet/_v2_scene_logic_probe_seed7500_f16_r14,no,SAFE_CANDIDATE
M064,data/pallet/_v2_scene_logic_probe_seed7500_f16_r15,runs/diagnostics/v2_scene_logic_probes/,RUN_DIAGNOSTIC,"[확인] 1~20프레임 probe. png 6 + json 3~4 + records.jsonl 1 구조, 코드 참조 0",(코드 참조 0 — 인벤토리 스캔 결과),4,528651,0,none,none,none,LOW,runs/diagnostics/v2_scene_logic_probes/,data/pallet/_v2_scene_logic_probe_seed7500_f16_r15,no,SAFE_CANDIDATE
M065,data/pallet/_v2_scene_logic_probe_seed7500_f16_r16,runs/diagnostics/v2_scene_logic_probes/,RUN_DIAGNOSTIC,"[확인] 1~20프레임 probe. png 6 + json 3~4 + records.jsonl 1 구조, 코드 참조 0",(코드 참조 0 — 인벤토리 스캔 결과),4,572582,0,none,none,none,LOW,runs/diagnostics/v2_scene_logic_probes/,data/pallet/_v2_scene_logic_probe_seed7500_f16_r16,no,SAFE_CANDIDATE
M066,data/pallet/_v2_scene_logic_probe_seed7500_f16_r17,runs/diagnostics/v2_scene_logic_probes/,RUN_DIAGNOSTIC,"[확인] 1~20프레임 probe. png 6 + json 3~4 + records.jsonl 1 구조, 코드 참조 0",(코드 참조 0 — 인벤토리 스캔 결과),4,601069,0,none,none,none,LOW,runs/diagnostics/v2_scene_logic_probes/,data/pallet/_v2_scene_logic_probe_seed7500_f16_r17,no,SAFE_CANDIDATE
M067,data/pallet/_v2_scene_logic_probe_seed7500_f16_r17_current,runs/diagnostics/v2_scene_logic_probes/,RUN_DIAGNOSTIC,"[확인] 1~20프레임 probe. png 6 + json 3~4 + records.jsonl 1 구조, 코드 참조 0",(코드 참조 0 — 인벤토리 스캔 결과),11,1864154,0,none,none,none,LOW,runs/diagnostics/v2_scene_logic_probes/,data/pallet/_v2_scene_logic_probe_seed7500_f16_r17_current,no,SAFE_CANDIDATE
M068,data/pallet/_v2_scene_logic_probe_seed7500_f16_r18_no_context,runs/diagnostics/v2_scene_logic_probes/,RUN_DIAGNOSTIC,"[확인] 1~20프레임 probe. png 6 + json 3~4 + records.jsonl 1 구조, 코드 참조 0",(코드 참조 0 — 인벤토리 스캔 결과),4,663879,0,none,none,none,LOW,runs/diagnostics/v2_scene_logic_probes/,data/pallet/_v2_scene_logic_probe_seed7500_f16_r18_no_context,no,SAFE_CANDIDATE
M069,data/pallet/_v2_scene_logic_probe_seed7500_f16_r19,runs/diagnostics/v2_scene_logic_probes/,RUN_DIAGNOSTIC,"[확인] 1~20프레임 probe. png 6 + json 3~4 + records.jsonl 1 구조, 코드 참조 0",(코드 참조 0 — 인벤토리 스캔 결과),4,647384,0,none,none,none,LOW,runs/diagnostics/v2_scene_logic_probes/,data/pallet/_v2_scene_logic_probe_seed7500_f16_r19,no,SAFE_CANDIDATE
M070,data/pallet/_v2_scene_logic_probe_seed7500_f16_r2,runs/diagnostics/v2_scene_logic_probes/,RUN_DIAGNOSTIC,"[확인] 1~20프레임 probe. png 6 + json 3~4 + records.jsonl 1 구조, 코드 참조 0",(코드 참조 0 — 인벤토리 스캔 결과),4,156278,0,none,none,none,LOW,runs/diagnostics/v2_scene_logic_probes/,data/pallet/_v2_scene_logic_probe_seed7500_f16_r2,no,SAFE_CANDIDATE
M071,data/pallet/_v2_scene_logic_probe_seed7500_f16_r20_support_hits,runs/diagnostics/v2_scene_logic_probes/,RUN_DIAGNOSTIC,"[확인] 1~20프레임 probe. png 6 + json 3~4 + records.jsonl 1 구조, 코드 참조 0",(코드 참조 0 — 인벤토리 스캔 결과),4,677881,0,none,none,none,LOW,runs/diagnostics/v2_scene_logic_probes/,data/pallet/_v2_scene_logic_probe_seed7500_f16_r20_support_hits,no,SAFE_CANDIDATE
M072,data/pallet/_v2_scene_logic_probe_seed7500_f16_r21_mesh_contacts,runs/diagnostics/v2_scene_logic_probes/,RUN_DIAGNOSTIC,"[확인] 1~20프레임 probe. png 6 + json 3~4 + records.jsonl 1 구조, 코드 참조 0",(코드 참조 0 — 인벤토리 스캔 결과),11,1864228,0,none,none,none,LOW,runs/diagnostics/v2_scene_logic_probes/,data/pallet/_v2_scene_logic_probe_seed7500_f16_r21_mesh_contacts,no,SAFE_CANDIDATE
M073,data/pallet/_v2_scene_logic_probe_seed7500_f16_r22_best_seed,runs/diagnostics/v2_scene_logic_probes/,RUN_DIAGNOSTIC,"[확인] 1~20프레임 probe. png 6 + json 3~4 + records.jsonl 1 구조, 코드 참조 0",(코드 참조 0 — 인벤토리 스캔 결과),11,1862248,0,none,none,none,LOW,runs/diagnostics/v2_scene_logic_probes/,data/pallet/_v2_scene_logic_probe_seed7500_f16_r22_best_seed,no,SAFE_CANDIDATE
M074,data/pallet/_v2_scene_logic_probe_seed7500_f16_r22_current,runs/diagnostics/v2_scene_logic_probes/,RUN_DIAGNOSTIC,"[확인] 1~20프레임 probe. png 6 + json 3~4 + records.jsonl 1 구조, 코드 참조 0",(코드 참조 0 — 인벤토리 스캔 결과),11,1862222,0,none,none,none,LOW,runs/diagnostics/v2_scene_logic_probes/,data/pallet/_v2_scene_logic_probe_seed7500_f16_r22_current,no,SAFE_CANDIDATE
M075,data/pallet/_v2_scene_logic_probe_seed7500_f16_r23_axis_feedback,runs/diagnostics/v2_scene_logic_probes/,RUN_DIAGNOSTIC,"[확인] 1~20프레임 probe. png 6 + json 3~4 + records.jsonl 1 구조, 코드 참조 0",(코드 참조 0 — 인벤토리 스캔 결과),11,1844671,0,none,none,none,LOW,runs/diagnostics/v2_scene_logic_probes/,data/pallet/_v2_scene_logic_probe_seed7500_f16_r23_axis_feedback,no,SAFE_CANDIDATE
M076,data/pallet/_v2_scene_logic_probe_seed7500_f16_r24_failclosed,runs/diagnostics/v2_scene_logic_probes/,RUN_DIAGNOSTIC,"[확인] 1~20프레임 probe. png 6 + json 3~4 + records.jsonl 1 구조, 코드 참조 0",(코드 참조 0 — 인벤토리 스캔 결과),4,669964,0,none,none,none,LOW,runs/diagnostics/v2_scene_logic_probes/,data/pallet/_v2_scene_logic_probe_seed7500_f16_r24_failclosed,no,SAFE_CANDIDATE
M077,data/pallet/_v2_scene_logic_probe_seed7500_f16_r24_side_seed_axis_feedback,runs/diagnostics/v2_scene_logic_probes/,RUN_DIAGNOSTIC,"[확인] 1~20프레임 probe. png 6 + json 3~4 + records.jsonl 1 구조, 코드 참조 0",(코드 참조 0 — 인벤토리 스캔 결과),4,491954,0,none,none,none,LOW,runs/diagnostics/v2_scene_logic_probes/,data/pallet/_v2_scene_logic_probe_seed7500_f16_r24_side_seed_axis_feedback,no,SAFE_CANDIDATE
M078,data/pallet/_v2_scene_logic_probe_seed7500_f16_r25_infeasible_guard,runs/diagnostics/v2_scene_logic_probes/,RUN_DIAGNOSTIC,"[확인] 1~20프레임 probe. png 6 + json 3~4 + records.jsonl 1 구조, 코드 참조 0",(코드 참조 0 — 인벤토리 스캔 결과),4,4952,0,none,none,none,LOW,runs/diagnostics/v2_scene_logic_probes/,data/pallet/_v2_scene_logic_probe_seed7500_f16_r25_infeasible_guard,no,SAFE_CANDIDATE
M079,data/pallet/_v2_scene_logic_probe_seed7500_f16_r25_side_candidate_feedback,runs/diagnostics/v2_scene_logic_probes/,RUN_DIAGNOSTIC,"[확인] 1~20프레임 probe. png 6 + json 3~4 + records.jsonl 1 구조, 코드 참조 0",(코드 참조 0 — 인벤토리 스캔 결과),4,576124,0,none,none,none,LOW,runs/diagnostics/v2_scene_logic_probes/,data/pallet/_v2_scene_logic_probe_seed7500_f16_r25_side_candidate_feedback,no,SAFE_CANDIDATE
M080,data/pallet/_v2_scene_logic_probe_seed7500_f16_r26_pool640_mesh_support,runs/diagnostics/v2_scene_logic_probes/,RUN_DIAGNOSTIC,"[확인] 1~20프레임 probe. png 6 + json 3~4 + records.jsonl 1 구조, 코드 참조 0",(코드 참조 0 — 인벤토리 스캔 결과),4,509658,0,none,none,none,LOW,runs/diagnostics/v2_scene_logic_probes/,data/pallet/_v2_scene_logic_probe_seed7500_f16_r26_pool640_mesh_support,no,SAFE_CANDIDATE
M081,data/pallet/_v2_scene_logic_probe_seed7500_f16_r27_pool640_six_fallback,runs/diagnostics/v2_scene_logic_probes/,RUN_DIAGNOSTIC,"[확인] 1~20프레임 probe. png 6 + json 3~4 + records.jsonl 1 구조, 코드 참조 0",(코드 참조 0 — 인벤토리 스캔 결과),4,1011467,0,none,none,none,LOW,runs/diagnostics/v2_scene_logic_probes/,data/pallet/_v2_scene_logic_probe_seed7500_f16_r27_pool640_six_fallback,no,SAFE_CANDIDATE
M082,data/pallet/_v2_scene_logic_probe_seed7500_f16_r28_shape_diverse,runs/diagnostics/v2_scene_logic_probes/,RUN_DIAGNOSTIC,"[확인] 1~20프레임 probe. png 6 + json 3~4 + records.jsonl 1 구조, 코드 참조 0",(코드 참조 0 — 인벤토리 스캔 결과),4,1150526,0,none,none,none,LOW,runs/diagnostics/v2_scene_logic_probes/,data/pallet/_v2_scene_logic_probe_seed7500_f16_r28_shape_diverse,no,SAFE_CANDIDATE
M083,data/pallet/_v2_scene_logic_probe_seed7500_f16_r29_bidirectional_depth,runs/diagnostics/v2_scene_logic_probes/,RUN_DIAGNOSTIC,"[확인] 1~20프레임 probe. png 6 + json 3~4 + records.jsonl 1 구조, 코드 참조 0",(코드 참조 0 — 인벤토리 스캔 결과),4,1148177,0,none,none,none,LOW,runs/diagnostics/v2_scene_logic_probes/,data/pallet/_v2_scene_logic_probe_seed7500_f16_r29_bidirectional_depth,no,SAFE_CANDIDATE
M084,data/pallet/_v2_scene_logic_probe_seed7500_f16_r3,runs/diagnostics/v2_scene_logic_probes/,RUN_DIAGNOSTIC,"[확인] 1~20프레임 probe. png 6 + json 3~4 + records.jsonl 1 구조, 코드 참조 0",(코드 참조 0 — 인벤토리 스캔 결과),4,183828,0,none,none,none,LOW,runs/diagnostics/v2_scene_logic_probes/,data/pallet/_v2_scene_logic_probe_seed7500_f16_r3,no,SAFE_CANDIDATE
M085,data/pallet/_v2_scene_logic_probe_seed7500_f16_r30_ground_compensated_depth,runs/diagnostics/v2_scene_logic_probes/,RUN_DIAGNOSTIC,"[확인] 1~20프레임 probe. png 6 + json 3~4 + records.jsonl 1 구조, 코드 참조 0",(코드 참조 0 — 인벤토리 스캔 결과),4,958590,0,none,none,none,LOW,runs/diagnostics/v2_scene_logic_probes/,data/pallet/_v2_scene_logic_probe_seed7500_f16_r30_ground_compensated_depth,no,SAFE_CANDIDATE
M086,data/pallet/_v2_scene_logic_probe_seed7500_f16_r31_axis_fixed,runs/diagnostics/v2_scene_logic_probes/,RUN_DIAGNOSTIC,"[확인] 1~20프레임 probe. png 6 + json 3~4 + records.jsonl 1 구조, 코드 참조 0",(코드 참조 0 — 인벤토리 스캔 결과),4,825303,0,none,none,none,LOW,runs/diagnostics/v2_scene_logic_probes/,data/pallet/_v2_scene_logic_probe_seed7500_f16_r31_axis_fixed,no,SAFE_CANDIDATE
M087,data/pallet/_v2_scene_logic_probe_seed7500_f16_r32_thin_upright,runs/diagnostics/v2_scene_logic_probes/,RUN_DIAGNOSTIC,"[확인] 1~20프레임 probe. png 6 + json 3~4 + records.jsonl 1 구조, 코드 참조 0",(코드 참조 0 — 인벤토리 스캔 결과),4,634850,0,none,none,none,LOW,runs/diagnostics/v2_scene_logic_probes/,data/pallet/_v2_scene_logic_probe_seed7500_f16_r32_thin_upright,no,SAFE_CANDIDATE
M088,data/pallet/_v2_scene_logic_probe_seed7500_f16_r33_manifest_normalized,runs/diagnostics/v2_scene_logic_probes/,RUN_DIAGNOSTIC,"[확인] 1~20프레임 probe. png 6 + json 3~4 + records.jsonl 1 구조, 코드 참조 0",(코드 참조 0 — 인벤토리 스캔 결과),4,933963,0,none,none,none,LOW,runs/diagnostics/v2_scene_logic_probes/,data/pallet/_v2_scene_logic_probe_seed7500_f16_r33_manifest_normalized,no,SAFE_CANDIDATE
M089,data/pallet/_v2_scene_logic_probe_seed7500_f16_r33_thin_upright,runs/diagnostics/v2_scene_logic_probes/,RUN_DIAGNOSTIC,"[확인] 1~20프레임 probe. png 6 + json 3~4 + records.jsonl 1 구조, 코드 참조 0",(코드 참조 0 — 인벤토리 스캔 결과),4,634850,0,none,none,none,LOW,runs/diagnostics/v2_scene_logic_probes/,data/pallet/_v2_scene_logic_probe_seed7500_f16_r33_thin_upright,no,SAFE_CANDIDATE
M090,data/pallet/_v2_scene_logic_probe_seed7500_f16_r34_reserved_corridor,runs/diagnostics/v2_scene_logic_probes/,RUN_DIAGNOSTIC,"[확인] 1~20프레임 probe. png 6 + json 3~4 + records.jsonl 1 구조, 코드 참조 0",(코드 참조 0 — 인벤토리 스캔 결과),4,938147,0,none,none,none,LOW,runs/diagnostics/v2_scene_logic_probes/,data/pallet/_v2_scene_logic_probe_seed7500_f16_r34_reserved_corridor,no,SAFE_CANDIDATE
M091,data/pallet/_v2_scene_logic_probe_seed7500_f16_r34_uniform_scale,runs/diagnostics/v2_scene_logic_probes/,RUN_DIAGNOSTIC,"[확인] 1~20프레임 probe. png 6 + json 3~4 + records.jsonl 1 구조, 코드 참조 0",(코드 참조 0 — 인벤토리 스캔 결과),4,933962,0,none,none,none,LOW,runs/diagnostics/v2_scene_logic_probes/,data/pallet/_v2_scene_logic_probe_seed7500_f16_r34_uniform_scale,no,SAFE_CANDIDATE
M092,data/pallet/_v2_scene_logic_probe_seed7500_f16_r35_feedback_yaw90,runs/diagnostics/v2_scene_logic_probes/,RUN_DIAGNOSTIC,"[확인] 1~20프레임 probe. png 6 + json 3~4 + records.jsonl 1 구조, 코드 참조 0",(코드 참조 0 — 인벤토리 스캔 결과),4,1233817,0,none,none,none,LOW,runs/diagnostics/v2_scene_logic_probes/,data/pallet/_v2_scene_logic_probe_seed7500_f16_r35_feedback_yaw90,no,SAFE_CANDIDATE
M093,data/pallet/_v2_scene_logic_probe_seed7500_f16_r35_reserved_world_pose,runs/diagnostics/v2_scene_logic_probes/,RUN_DIAGNOSTIC,"[확인] 1~20프레임 probe. png 6 + json 3~4 + records.jsonl 1 구조, 코드 참조 0",(코드 참조 0 — 인벤토리 스캔 결과),4,1170247,0,none,none,none,LOW,runs/diagnostics/v2_scene_logic_probes/,data/pallet/_v2_scene_logic_probe_seed7500_f16_r35_reserved_world_pose,no,SAFE_CANDIDATE
M094,data/pallet/_v2_scene_logic_probe_seed7500_f16_r36_tall_shallow,runs/diagnostics/v2_scene_logic_probes/,RUN_DIAGNOSTIC,"[확인] 1~20프레임 probe. png 6 + json 3~4 + records.jsonl 1 구조, 코드 참조 0",(코드 참조 0 — 인벤토리 스캔 결과),4,1147125,0,none,none,none,LOW,runs/diagnostics/v2_scene_logic_probes/,data/pallet/_v2_scene_logic_probe_seed7500_f16_r36_tall_shallow,no,SAFE_CANDIDATE
M095,data/pallet/_v2_scene_logic_probe_seed7500_f16_r37_ground_feasible_bottom,runs/diagnostics/v2_scene_logic_probes/,RUN_DIAGNOSTIC,"[확인] 1~20프레임 probe. png 6 + json 3~4 + records.jsonl 1 구조, 코드 참조 0",(코드 참조 0 — 인벤토리 스캔 결과),4,1170610,0,none,none,none,LOW,runs/diagnostics/v2_scene_logic_probes/,data/pallet/_v2_scene_logic_probe_seed7500_f16_r37_ground_feasible_bottom,no,SAFE_CANDIDATE
M096,data/pallet/_v2_scene_logic_probe_seed7500_f16_r38_aspect_lowres,runs/diagnostics/v2_scene_logic_probes/,RUN_DIAGNOSTIC,"[확인] 1~20프레임 probe. png 6 + json 3~4 + records.jsonl 1 구조, 코드 참조 0",(코드 참조 0 — 인벤토리 스캔 결과),4,1133953,0,none,none,none,LOW,runs/diagnostics/v2_scene_logic_probes/,data/pallet/_v2_scene_logic_probe_seed7500_f16_r38_aspect_lowres,no,SAFE_CANDIDATE
M097,data/pallet/_v2_scene_logic_probe_seed7500_f16_r39_current_modes,runs/diagnostics/v2_scene_logic_probes/,RUN_DIAGNOSTIC,"[확인] 1~20프레임 probe. png 6 + json 3~4 + records.jsonl 1 구조, 코드 참조 0",(코드 참조 0 — 인벤토리 스캔 결과),11,850923,0,none,none,none,LOW,runs/diagnostics/v2_scene_logic_probes/,data/pallet/_v2_scene_logic_probe_seed7500_f16_r39_current_modes,no,SAFE_CANDIDATE
M098,data/pallet/_v2_scene_logic_probe_seed7500_f16_r4,runs/diagnostics/v2_scene_logic_probes/,RUN_DIAGNOSTIC,"[확인] 1~20프레임 probe. png 6 + json 3~4 + records.jsonl 1 구조, 코드 참조 0",(코드 참조 0 — 인벤토리 스캔 결과),4,241254,0,none,none,none,LOW,runs/diagnostics/v2_scene_logic_probes/,data/pallet/_v2_scene_logic_probe_seed7500_f16_r4,no,SAFE_CANDIDATE
M099,data/pallet/_v2_scene_logic_probe_seed7500_f16_r5,runs/diagnostics/v2_scene_logic_probes/,RUN_DIAGNOSTIC,"[확인] 1~20프레임 probe. png 6 + json 3~4 + records.jsonl 1 구조, 코드 참조 0",(코드 참조 0 — 인벤토리 스캔 결과),4,240105,0,none,none,none,LOW,runs/diagnostics/v2_scene_logic_probes/,data/pallet/_v2_scene_logic_probe_seed7500_f16_r5,no,SAFE_CANDIDATE
M100,data/pallet/_v2_scene_logic_probe_seed7500_f16_r6,runs/diagnostics/v2_scene_logic_probes/,RUN_DIAGNOSTIC,"[확인] 1~20프레임 probe. png 6 + json 3~4 + records.jsonl 1 구조, 코드 참조 0",(코드 참조 0 — 인벤토리 스캔 결과),4,269308,0,none,none,none,LOW,runs/diagnostics/v2_scene_logic_probes/,data/pallet/_v2_scene_logic_probe_seed7500_f16_r6,no,SAFE_CANDIDATE
M101,data/pallet/_v2_scene_logic_probe_seed7500_f16_r7,runs/diagnostics/v2_scene_logic_probes/,RUN_DIAGNOSTIC,"[확인] 1~20프레임 probe. png 6 + json 3~4 + records.jsonl 1 구조, 코드 참조 0",(코드 참조 0 — 인벤토리 스캔 결과),4,419293,0,none,none,none,LOW,runs/diagnostics/v2_scene_logic_probes/,data/pallet/_v2_scene_logic_probe_seed7500_f16_r7,no,SAFE_CANDIDATE
M102,data/pallet/_v2_scene_logic_probe_seed7500_f16_r8,runs/diagnostics/v2_scene_logic_probes/,RUN_DIAGNOSTIC,"[확인] 1~20프레임 probe. png 6 + json 3~4 + records.jsonl 1 구조, 코드 참조 0",(코드 참조 0 — 인벤토리 스캔 결과),4,478847,0,none,none,none,LOW,runs/diagnostics/v2_scene_logic_probes/,data/pallet/_v2_scene_logic_probe_seed7500_f16_r8,no,SAFE_CANDIDATE
M103,data/pallet/_v2_scene_logic_probe_seed7500_f16_r9,runs/diagnostics/v2_scene_logic_probes/,RUN_DIAGNOSTIC,"[확인] 1~20프레임 probe. png 6 + json 3~4 + records.jsonl 1 구조, 코드 참조 0",(코드 참조 0 — 인벤토리 스캔 결과),4,479029,0,none,none,none,LOW,runs/diagnostics/v2_scene_logic_probes/,data/pallet/_v2_scene_logic_probe_seed7500_f16_r9,no,SAFE_CANDIDATE
M104,data/pallet/_v2_scene_logic_probe_seed7500_f18_19_r18_current,runs/diagnostics/v2_scene_logic_probes/,RUN_DIAGNOSTIC,"[확인] 1~20프레임 probe. png 6 + json 3~4 + records.jsonl 1 구조, 코드 참조 0",(코드 참조 0 — 인벤토리 스캔 결과),0,0,0,none,none,none,LOW,runs/diagnostics/v2_scene_logic_probes/,data/pallet/_v2_scene_logic_probe_seed7500_f18_19_r18_current,no,SAFE_CANDIDATE
M105,data/pallet/_v2_scene_logic_probe_seed7500_f18_19_r26_failclosed,runs/diagnostics/v2_scene_logic_probes/,RUN_DIAGNOSTIC,"[확인] 1~20프레임 probe. png 6 + json 3~4 + records.jsonl 1 구조, 코드 참조 0",(코드 참조 0 — 인벤토리 스캔 결과),0,0,0,none,none,none,LOW,runs/diagnostics/v2_scene_logic_probes/,data/pallet/_v2_scene_logic_probe_seed7500_f18_19_r26_failclosed,no,SAFE_CANDIDATE
M106,data/pallet/_v2_scene_logic_probe_seed7500_f18_19_r27_targeted,runs/diagnostics/v2_scene_logic_probes/,RUN_DIAGNOSTIC,"[확인] 1~20프레임 probe. png 6 + json 3~4 + records.jsonl 1 구조, 코드 참조 0",(코드 참조 0 — 인벤토리 스캔 결과),11,2758222,0,none,none,none,LOW,runs/diagnostics/v2_scene_logic_probes/,data/pallet/_v2_scene_logic_probe_seed7500_f18_19_r27_targeted,no,SAFE_CANDIDATE
M107,data/pallet/_v2_scene_logic_probe_seed7500_f18_r01,runs/diagnostics/v2_scene_logic_probes/,RUN_DIAGNOSTIC,"[확인] 1~20프레임 probe. png 6 + json 3~4 + records.jsonl 1 구조, 코드 참조 0",(코드 참조 0 — 인벤토리 스캔 결과),0,0,0,none,none,none,LOW,runs/diagnostics/v2_scene_logic_probes/,data/pallet/_v2_scene_logic_probe_seed7500_f18_r01,no,SAFE_CANDIDATE
M108,data/pallet/_v2_scene_logic_probe_seed7500_f18_r19_log,runs/diagnostics/v2_scene_logic_probes/,RUN_DIAGNOSTIC,"[확인] 1~20프레임 probe. png 6 + json 3~4 + records.jsonl 1 구조, 코드 참조 0",(코드 참조 0 — 인벤토리 스캔 결과),11,1310214,0,none,none,none,LOW,runs/diagnostics/v2_scene_logic_probes/,data/pallet/_v2_scene_logic_probe_seed7500_f18_r19_log,no,SAFE_CANDIDATE
M109,data/pallet/_v2_scene_logic_probe_seed7500_f18_r19_log.console.txt,runs/diagnostics/v2_scene_logic_probes/,RUN_DIAGNOSTIC,"[확인] 1~20프레임 probe. png 6 + json 3~4 + records.jsonl 1 구조, 코드 참조 0",(코드 참조 0 — 인벤토리 스캔 결과),1,61048,0,none,none,none,LOW,runs/diagnostics/v2_scene_logic_probes/,data/pallet/_v2_scene_logic_probe_seed7500_f18_r19_log.console.txt,no,SAFE_CANDIDATE
M110,data/pallet/_v2_scene_logic_probe_seed7500_f19_r1,runs/diagnostics/v2_scene_logic_probes/,RUN_DIAGNOSTIC,"[확인] 1~20프레임 probe. png 6 + json 3~4 + records.jsonl 1 구조, 코드 참조 0",(코드 참조 0 — 인벤토리 스캔 결과),4,53131,0,none,none,none,LOW,runs/diagnostics/v2_scene_logic_probes/,data/pallet/_v2_scene_logic_probe_seed7500_f19_r1,no,SAFE_CANDIDATE
M111,data/pallet/_v2_scene_logic_probe_seed7500_f19_r20_current,runs/diagnostics/v2_scene_logic_probes/,RUN_DIAGNOSTIC,"[확인] 1~20프레임 probe. png 6 + json 3~4 + records.jsonl 1 구조, 코드 참조 0",(코드 참조 0 — 인벤토리 스캔 결과),0,0,0,none,none,none,LOW,runs/diagnostics/v2_scene_logic_probes/,data/pallet/_v2_scene_logic_probe_seed7500_f19_r20_current,no,SAFE_CANDIDATE
M112,data/pallet/_v2_scene_logic_probe_seed7500_idx02_all_assets_initial_r01,runs/diagnostics/v2_scene_logic_probes/,RUN_DIAGNOSTIC,"[확인] 1~20프레임 probe. png 6 + json 3~4 + records.jsonl 1 구조, 코드 참조 0",(코드 참조 0 — 인벤토리 스캔 결과),4,58557,0,none,none,none,LOW,runs/diagnostics/v2_scene_logic_probes/,data/pallet/_v2_scene_logic_probe_seed7500_idx02_all_assets_initial_r01,no,SAFE_CANDIDATE
M113,data/pallet/_v2_scene_logic_probe_seed7500_idx02_bvhfallback_r05,runs/diagnostics/v2_scene_logic_probes/,RUN_DIAGNOSTIC,"[확인] 1~20프레임 probe. png 6 + json 3~4 + records.jsonl 1 구조, 코드 참조 0",(코드 참조 0 — 인벤토리 스캔 결과),11,680595,0,none,none,none,LOW,runs/diagnostics/v2_scene_logic_probes/,data/pallet/_v2_scene_logic_probe_seed7500_idx02_bvhfallback_r05,no,SAFE_CANDIDATE
M114,data/pallet/_v2_scene_logic_probe_seed7500_idx02_controlled_image_space_r01,runs/diagnostics/v2_scene_logic_probes/,RUN_DIAGNOSTIC,"[확인] 1~20프레임 probe. png 6 + json 3~4 + records.jsonl 1 구조, 코드 참조 0",(코드 참조 0 — 인벤토리 스캔 결과),0,0,0,none,none,none,LOW,runs/diagnostics/v2_scene_logic_probes/,data/pallet/_v2_scene_logic_probe_seed7500_idx02_controlled_image_space_r01,no,SAFE_CANDIDATE
M115,data/pallet/_v2_scene_logic_probe_seed7500_idx02_explicit_primary_only_r01,runs/diagnostics/v2_scene_logic_probes/,RUN_DIAGNOSTIC,"[확인] 1~20프레임 probe. png 6 + json 3~4 + records.jsonl 1 구조, 코드 참조 0",(코드 참조 0 — 인벤토리 스캔 결과),4,39294,0,none,none,none,LOW,runs/diagnostics/v2_scene_logic_probes/,data/pallet/_v2_scene_logic_probe_seed7500_idx02_explicit_primary_only_r01,no,SAFE_CANDIDATE
M116,data/pallet/_v2_scene_logic_probe_seed7500_idx02_norm_final_r01,runs/diagnostics/v2_scene_logic_probes/,RUN_DIAGNOSTIC,"[확인] 1~20프레임 probe. png 6 + json 3~4 + records.jsonl 1 구조, 코드 참조 0",(코드 참조 0 — 인벤토리 스캔 결과),11,784739,0,none,none,none,LOW,runs/diagnostics/v2_scene_logic_probes/,data/pallet/_v2_scene_logic_probe_seed7500_idx02_norm_final_r01,no,SAFE_CANDIDATE
M117,data/pallet/_v2_scene_logic_probe_seed7500_idx02_prealign_r01,runs/diagnostics/v2_scene_logic_probes/,RUN_DIAGNOSTIC,"[확인] 1~20프레임 probe. png 6 + json 3~4 + records.jsonl 1 구조, 코드 참조 0",(코드 참조 0 — 인벤토리 스캔 결과),0,0,0,none,none,none,LOW,runs/diagnostics/v2_scene_logic_probes/,data/pallet/_v2_scene_logic_probe_seed7500_idx02_prealign_r01,no,SAFE_CANDIDATE
M118,data/pallet/_v2_scene_logic_probe_seed7500_idx02_prealign_r01.log,runs/diagnostics/v2_scene_logic_probes/,RUN_DIAGNOSTIC,"[확인] 1~20프레임 probe. png 6 + json 3~4 + records.jsonl 1 구조, 코드 참조 0",(코드 참조 0 — 인벤토리 스캔 결과),1,43564,0,none,none,none,LOW,runs/diagnostics/v2_scene_logic_probes/,data/pallet/_v2_scene_logic_probe_seed7500_idx02_prealign_r01.log,no,SAFE_CANDIDATE
M119,data/pallet/_v2_scene_logic_probe_seed7500_idx02_prealign_r02,runs/diagnostics/v2_scene_logic_probes/,RUN_DIAGNOSTIC,"[확인] 1~20프레임 probe. png 6 + json 3~4 + records.jsonl 1 구조, 코드 참조 0",(코드 참조 0 — 인벤토리 스캔 결과),11,991021,0,none,none,none,LOW,runs/diagnostics/v2_scene_logic_probes/,data/pallet/_v2_scene_logic_probe_seed7500_idx02_prealign_r02,no,SAFE_CANDIDATE
M120,data/pallet/_v2_scene_logic_probe_seed7500_idx02_scorestage_r06,runs/diagnostics/v2_scene_logic_probes/,RUN_DIAGNOSTIC,"[확인] 1~20프레임 probe. png 6 + json 3~4 + records.jsonl 1 구조, 코드 참조 0",(코드 참조 0 — 인벤토리 스캔 결과),0,0,0,none,none,none,LOW,runs/diagnostics/v2_scene_logic_probes/,data/pallet/_v2_scene_logic_probe_seed7500_idx02_scorestage_r06,no,SAFE_CANDIDATE
M121,data/pallet/_v2_scene_logic_probe_seed7500_idx02_swept_reservation_r04,runs/diagnostics/v2_scene_logic_probes/,RUN_DIAGNOSTIC,"[확인] 1~20프레임 probe. png 6 + json 3~4 + records.jsonl 1 구조, 코드 참조 0",(코드 참조 0 — 인벤토리 스캔 결과),4,42523,0,none,none,none,LOW,runs/diagnostics/v2_scene_logic_probes/,data/pallet/_v2_scene_logic_probe_seed7500_idx02_swept_reservation_r04,no,SAFE_CANDIDATE
M122,data/pallet/_v2_scene_logic_probe_seed7500_idx02_swept_reservation_r05,runs/diagnostics/v2_scene_logic_probes/,RUN_DIAGNOSTIC,"[확인] 1~20프레임 probe. png 6 + json 3~4 + records.jsonl 1 구조, 코드 참조 0",(코드 참조 0 — 인벤토리 스캔 결과),11,654476,0,none,none,none,LOW,runs/diagnostics/v2_scene_logic_probes/,data/pallet/_v2_scene_logic_probe_seed7500_idx02_swept_reservation_r05,no,SAFE_CANDIDATE
M123,data/pallet/_v2_scene_logic_probe_seed7500_idx02_targeted_u_r01,runs/diagnostics/v2_scene_logic_probes/,RUN_DIAGNOSTIC,"[확인] 1~20프레임 probe. png 6 + json 3~4 + records.jsonl 1 구조, 코드 참조 0",(코드 참조 0 — 인벤토리 스캔 결과),11,774117,0,none,none,none,LOW,runs/diagnostics/v2_scene_logic_probes/,data/pallet/_v2_scene_logic_probe_seed7500_idx02_targeted_u_r01,no,SAFE_CANDIDATE
M124,data/pallet/_v2_scene_logic_probe_seed7500_idx02_targetscore_r07,runs/diagnostics/v2_scene_logic_probes/,RUN_DIAGNOSTIC,"[확인] 1~20프레임 probe. png 6 + json 3~4 + records.jsonl 1 구조, 코드 참조 0",(코드 참조 0 — 인벤토리 스캔 결과),0,0,0,none,none,none,LOW,runs/diagnostics/v2_scene_logic_probes/,data/pallet/_v2_scene_logic_probe_seed7500_idx02_targetscore_r07,no,SAFE_CANDIDATE
M125,data/pallet/_v2_scene_logic_probe_seed7500_idx02_targetscore_r08,runs/diagnostics/v2_scene_logic_probes/,RUN_DIAGNOSTIC,"[확인] 1~20프레임 probe. png 6 + json 3~4 + records.jsonl 1 구조, 코드 참조 0",(코드 참조 0 — 인벤토리 스캔 결과),11,685957,0,none,none,none,LOW,runs/diagnostics/v2_scene_logic_probes/,data/pallet/_v2_scene_logic_probe_seed7500_idx02_targetscore_r08,no,SAFE_CANDIDATE
M126,data/pallet/_v2_scene_logic_probe_seed7500_idx02_utility_first_r03,runs/diagnostics/v2_scene_logic_probes/,RUN_DIAGNOSTIC,"[확인] 1~20프레임 probe. png 6 + json 3~4 + records.jsonl 1 구조, 코드 참조 0",(코드 참조 0 — 인벤토리 스캔 결과),11,985206,0,none,none,none,LOW,runs/diagnostics/v2_scene_logic_probes/,data/pallet/_v2_scene_logic_probe_seed7500_idx02_utility_first_r03,no,SAFE_CANDIDATE
M127,data/pallet/_v2_scene_logic_probe_seed7500_idx06_r01,runs/diagnostics/v2_scene_logic_probes/,RUN_DIAGNOSTIC,"[확인] 1~20프레임 probe. png 6 + json 3~4 + records.jsonl 1 구조, 코드 참조 0",(코드 참조 0 — 인벤토리 스캔 결과),0,0,0,none,none,none,LOW,runs/diagnostics/v2_scene_logic_probes/,data/pallet/_v2_scene_logic_probe_seed7500_idx06_r01,no,SAFE_CANDIDATE
M128,data/pallet/_v2_scene_logic_probe_seed7500_idx06_r02,runs/diagnostics/v2_scene_logic_probes/,RUN_DIAGNOSTIC,"[확인] 1~20프레임 probe. png 6 + json 3~4 + records.jsonl 1 구조, 코드 참조 0",(코드 참조 0 — 인벤토리 스캔 결과),0,0,0,none,none,none,LOW,runs/diagnostics/v2_scene_logic_probes/,data/pallet/_v2_scene_logic_probe_seed7500_idx06_r02,no,SAFE_CANDIDATE
M129,data/pallet/_v2_scene_logic_probe_seed7500_idx06_r03,runs/diagnostics/v2_scene_logic_probes/,RUN_DIAGNOSTIC,"[확인] 1~20프레임 probe. png 6 + json 3~4 + records.jsonl 1 구조, 코드 참조 0",(코드 참조 0 — 인벤토리 스캔 결과),0,0,0,none,none,none,LOW,runs/diagnostics/v2_scene_logic_probes/,data/pallet/_v2_scene_logic_probe_seed7500_idx06_r03,no,SAFE_CANDIDATE
M130,data/pallet/_v2_scene_logic_probe_seed7500_idx06_r04,runs/diagnostics/v2_scene_logic_probes/,RUN_DIAGNOSTIC,"[확인] 1~20프레임 probe. png 6 + json 3~4 + records.jsonl 1 구조, 코드 참조 0",(코드 참조 0 — 인벤토리 스캔 결과),4,143016,0,none,none,none,LOW,runs/diagnostics/v2_scene_logic_probes/,data/pallet/_v2_scene_logic_probe_seed7500_idx06_r04,no,SAFE_CANDIDATE
M131,data/pallet/_v2_scene_logic_probe_seed7500_idx06_r05,runs/diagnostics/v2_scene_logic_probes/,RUN_DIAGNOSTIC,"[확인] 1~20프레임 probe. png 6 + json 3~4 + records.jsonl 1 구조, 코드 참조 0",(코드 참조 0 — 인벤토리 스캔 결과),11,1003863,0,none,none,none,LOW,runs/diagnostics/v2_scene_logic_probes/,data/pallet/_v2_scene_logic_probe_seed7500_idx06_r05,no,SAFE_CANDIDATE
M132,data/pallet/_v2_scene_logic_probe_seed7500_idx06_r06,runs/diagnostics/v2_scene_logic_probes/,RUN_DIAGNOSTIC,"[확인] 1~20프레임 probe. png 6 + json 3~4 + records.jsonl 1 구조, 코드 참조 0",(코드 참조 0 — 인벤토리 스캔 결과),11,1003853,0,none,none,none,LOW,runs/diagnostics/v2_scene_logic_probes/,data/pallet/_v2_scene_logic_probe_seed7500_idx06_r06,no,SAFE_CANDIDATE
M133,data/pallet/_v2_scene_logic_probe_seed7500_idx06_r07,runs/diagnostics/v2_scene_logic_probes/,RUN_DIAGNOSTIC,"[확인] 1~20프레임 probe. png 6 + json 3~4 + records.jsonl 1 구조, 코드 참조 0",(코드 참조 0 — 인벤토리 스캔 결과),0,0,0,none,none,none,LOW,runs/diagnostics/v2_scene_logic_probes/,data/pallet/_v2_scene_logic_probe_seed7500_idx06_r07,no,SAFE_CANDIDATE
M134,data/pallet/_v2_scene_logic_probe_seed7500_idx06_r08,runs/diagnostics/v2_scene_logic_probes/,RUN_DIAGNOSTIC,"[확인] 1~20프레임 probe. png 6 + json 3~4 + records.jsonl 1 구조, 코드 참조 0",(코드 참조 0 — 인벤토리 스캔 결과),4,205364,0,none,none,none,LOW,runs/diagnostics/v2_scene_logic_probes/,data/pallet/_v2_scene_logic_probe_seed7500_idx06_r08,no,SAFE_CANDIDATE
M135,data/pallet/_v2_scene_logic_probe_seed7500_idx06_r09,runs/diagnostics/v2_scene_logic_probes/,RUN_DIAGNOSTIC,"[확인] 1~20프레임 probe. png 6 + json 3~4 + records.jsonl 1 구조, 코드 참조 0",(코드 참조 0 — 인벤토리 스캔 결과),4,203528,0,none,none,none,LOW,runs/diagnostics/v2_scene_logic_probes/,data/pallet/_v2_scene_logic_probe_seed7500_idx06_r09,no,SAFE_CANDIDATE
M136,data/pallet/_v2_scene_logic_probe_seed7500_idx06_r10,runs/diagnostics/v2_scene_logic_probes/,RUN_DIAGNOSTIC,"[확인] 1~20프레임 probe. png 6 + json 3~4 + records.jsonl 1 구조, 코드 참조 0",(코드 참조 0 — 인벤토리 스캔 결과),4,202322,0,none,none,none,LOW,runs/diagnostics/v2_scene_logic_probes/,data/pallet/_v2_scene_logic_probe_seed7500_idx06_r10,no,SAFE_CANDIDATE
M137,data/pallet/_v2_scene_logic_probe_seed7500_idx06_r11,runs/diagnostics/v2_scene_logic_probes/,RUN_DIAGNOSTIC,"[확인] 1~20프레임 probe. png 6 + json 3~4 + records.jsonl 1 구조, 코드 참조 0",(코드 참조 0 — 인벤토리 스캔 결과),4,202369,0,none,none,none,LOW,runs/diagnostics/v2_scene_logic_probes/,data/pallet/_v2_scene_logic_probe_seed7500_idx06_r11,no,SAFE_CANDIDATE
M138,data/pallet/_v2_scene_logic_probe_seed7500_idx06_r12,runs/diagnostics/v2_scene_logic_probes/,RUN_DIAGNOSTIC,"[확인] 1~20프레임 probe. png 6 + json 3~4 + records.jsonl 1 구조, 코드 참조 0",(코드 참조 0 — 인벤토리 스캔 결과),4,202318,0,none,none,none,LOW,runs/diagnostics/v2_scene_logic_probes/,data/pallet/_v2_scene_logic_probe_seed7500_idx06_r12,no,SAFE_CANDIDATE
M139,data/pallet/_v2_scene_logic_probe_seed7500_idx06_r13,runs/diagnostics/v2_scene_logic_probes/,RUN_DIAGNOSTIC,"[확인] 1~20프레임 probe. png 6 + json 3~4 + records.jsonl 1 구조, 코드 참조 0",(코드 참조 0 — 인벤토리 스캔 결과),4,202244,0,none,none,none,LOW,runs/diagnostics/v2_scene_logic_probes/,data/pallet/_v2_scene_logic_probe_seed7500_idx06_r13,no,SAFE_CANDIDATE
M140,data/pallet/_v2_scene_logic_probe_seed7500_idx06_r14,runs/diagnostics/v2_scene_logic_probes/,RUN_DIAGNOSTIC,"[확인] 1~20프레임 probe. png 6 + json 3~4 + records.jsonl 1 구조, 코드 참조 0",(코드 참조 0 — 인벤토리 스캔 결과),4,176148,0,none,none,none,LOW,runs/diagnostics/v2_scene_logic_probes/,data/pallet/_v2_scene_logic_probe_seed7500_idx06_r14,no,SAFE_CANDIDATE
M141,data/pallet/_v2_scene_logic_probe_seed7500_idx06_r15,runs/diagnostics/v2_scene_logic_probes/,RUN_DIAGNOSTIC,"[확인] 1~20프레임 probe. png 6 + json 3~4 + records.jsonl 1 구조, 코드 참조 0",(코드 참조 0 — 인벤토리 스캔 결과),0,0,0,none,none,none,LOW,runs/diagnostics/v2_scene_logic_probes/,data/pallet/_v2_scene_logic_probe_seed7500_idx06_r15,no,SAFE_CANDIDATE
M142,data/pallet/_v2_scene_logic_probe_seed7500_idx06_r16,runs/diagnostics/v2_scene_logic_probes/,RUN_DIAGNOSTIC,"[확인] 1~20프레임 probe. png 6 + json 3~4 + records.jsonl 1 구조, 코드 참조 0",(코드 참조 0 — 인벤토리 스캔 결과),11,954078,0,none,none,none,LOW,runs/diagnostics/v2_scene_logic_probes/,data/pallet/_v2_scene_logic_probe_seed7500_idx06_r16,no,SAFE_CANDIDATE
M143,data/pallet/_v2_scene_logic_probe_seed7500_idx06_targetscore_r03,runs/diagnostics/v2_scene_logic_probes/,RUN_DIAGNOSTIC,"[확인] 1~20프레임 probe. png 6 + json 3~4 + records.jsonl 1 구조, 코드 참조 0",(코드 참조 0 — 인벤토리 스캔 결과),0,0,0,none,none,none,LOW,runs/diagnostics/v2_scene_logic_probes/,data/pallet/_v2_scene_logic_probe_seed7500_idx06_targetscore_r03,no,SAFE_CANDIDATE
M144,data/pallet/_v2_scene_logic_probe_seed7500_idx07_norm_r01,runs/diagnostics/v2_scene_logic_probes/,RUN_DIAGNOSTIC,"[확인] 1~20프레임 probe. png 6 + json 3~4 + records.jsonl 1 구조, 코드 참조 0",(코드 참조 0 — 인벤토리 스캔 결과),4,169480,0,none,none,none,LOW,runs/diagnostics/v2_scene_logic_probes/,data/pallet/_v2_scene_logic_probe_seed7500_idx07_norm_r01,no,SAFE_CANDIDATE
M145,data/pallet/_v2_scene_logic_probe_seed7500_idx09_10_state_r01,runs/diagnostics/v2_scene_logic_probes/,RUN_DIAGNOSTIC,"[확인] 1~20프레임 probe. png 6 + json 3~4 + records.jsonl 1 구조, 코드 참조 0",(코드 참조 0 — 인벤토리 스캔 결과),11,2114147,0,none,none,none,LOW,runs/diagnostics/v2_scene_logic_probes/,data/pallet/_v2_scene_logic_probe_seed7500_idx09_10_state_r01,no,SAFE_CANDIDATE
M146,data/pallet/_v2_scene_logic_probe_seed7500_idx09_norm_r01,runs/diagnostics/v2_scene_logic_probes/,RUN_DIAGNOSTIC,"[확인] 1~20프레임 probe. png 6 + json 3~4 + records.jsonl 1 구조, 코드 참조 0",(코드 참조 0 — 인벤토리 스캔 결과),4,202592,0,none,none,none,LOW,runs/diagnostics/v2_scene_logic_probes/,data/pallet/_v2_scene_logic_probe_seed7500_idx09_norm_r01,no,SAFE_CANDIDATE
M147,data/pallet/_v2_scene_logic_probe_seed7500_idx09_norm_r02,runs/diagnostics/v2_scene_logic_probes/,RUN_DIAGNOSTIC,"[확인] 1~20프레임 probe. png 6 + json 3~4 + records.jsonl 1 구조, 코드 참조 0",(코드 참조 0 — 인벤토리 스캔 결과),4,202586,0,none,none,none,LOW,runs/diagnostics/v2_scene_logic_probes/,data/pallet/_v2_scene_logic_probe_seed7500_idx09_norm_r02,no,SAFE_CANDIDATE
M148,data/pallet/_v2_scene_logic_probe_seed7500_idx09_norm_r03,runs/diagnostics/v2_scene_logic_probes/,RUN_DIAGNOSTIC,"[확인] 1~20프레임 probe. png 6 + json 3~4 + records.jsonl 1 구조, 코드 참조 0",(코드 참조 0 — 인벤토리 스캔 결과),4,204054,0,none,none,none,LOW,runs/diagnostics/v2_scene_logic_probes/,data/pallet/_v2_scene_logic_probe_seed7500_idx09_norm_r03,no,SAFE_CANDIDATE
M149,data/pallet/_v2_scene_logic_probe_seed7500_idx09_norm_r04,runs/diagnostics/v2_scene_logic_probes/,RUN_DIAGNOSTIC,"[확인] 1~20프레임 probe. png 6 + json 3~4 + records.jsonl 1 구조, 코드 참조 0",(코드 참조 0 — 인벤토리 스캔 결과),4,204291,0,none,none,none,LOW,runs/diagnostics/v2_scene_logic_probes/,data/pallet/_v2_scene_logic_probe_seed7500_idx09_norm_r04,no,SAFE_CANDIDATE
M150,data/pallet/_v2_scene_logic_probe_seed7500_idx10_context_image_space_r01,runs/diagnostics/v2_scene_logic_probes/,RUN_DIAGNOSTIC,"[확인] 1~20프레임 probe. png 6 + json 3~4 + records.jsonl 1 구조, 코드 참조 0",(코드 참조 0 — 인벤토리 스캔 결과),11,1685698,0,none,none,none,LOW,runs/diagnostics/v2_scene_logic_probes/,data/pallet/_v2_scene_logic_probe_seed7500_idx10_context_image_space_r01,no,SAFE_CANDIDATE
M151,data/pallet/_v2_scene_logic_probe_seed7500_idx10_norm_r02,runs/diagnostics/v2_scene_logic_probes/,RUN_DIAGNOSTIC,"[확인] 1~20프레임 probe. png 6 + json 3~4 + records.jsonl 1 구조, 코드 참조 0",(코드 참조 0 — 인벤토리 스캔 결과),11,1905611,0,none,none,none,LOW,runs/diagnostics/v2_scene_logic_probes/,data/pallet/_v2_scene_logic_probe_seed7500_idx10_norm_r02,no,SAFE_CANDIDATE
M152,data/pallet/_v2_scene_logic_probe_seed7500_idx14_norm_r01,runs/diagnostics/v2_scene_logic_probes/,RUN_DIAGNOSTIC,"[확인] 1~20프레임 probe. png 6 + json 3~4 + records.jsonl 1 구조, 코드 참조 0",(코드 참조 0 — 인벤토리 스캔 결과),4,196247,0,none,none,none,LOW,runs/diagnostics/v2_scene_logic_probes/,data/pallet/_v2_scene_logic_probe_seed7500_idx14_norm_r01,no,SAFE_CANDIDATE
M153,data/pallet/_v2_scene_logic_probe_seed7500_idx14_norm_r02,runs/diagnostics/v2_scene_logic_probes/,RUN_DIAGNOSTIC,"[확인] 1~20프레임 probe. png 6 + json 3~4 + records.jsonl 1 구조, 코드 참조 0",(코드 참조 0 — 인벤토리 스캔 결과),11,1022367,0,none,none,none,LOW,runs/diagnostics/v2_scene_logic_probes/,data/pallet/_v2_scene_logic_probe_seed7500_idx14_norm_r02,no,SAFE_CANDIDATE
M154,data/pallet/_v2_scene_logic_probe_supportfix_seed7500,runs/diagnostics/v2_scene_logic_probes/,RUN_DIAGNOSTIC,"[확인] 1~20프레임 probe. png 6 + json 3~4 + records.jsonl 1 구조, 코드 참조 0",(코드 참조 0 — 인벤토리 스캔 결과),25,3740058,0,none,none,none,LOW,runs/diagnostics/v2_scene_logic_probes/,data/pallet/_v2_scene_logic_probe_supportfix_seed7500,no,SAFE_CANDIDATE
M155,data/pallet/_v2_scene_logic_smoke20_seed7500,runs/smoke/,RUN_SMOKE,[확인] smoke20 계열(20프레임). final_m/n_exact 만 문서 3참조,_docs/history/2026-07-26-v2-attempt-log.md:67,61,8427130,1,,_docs/history/2026-07-26-v2-attempt-log.md:67,none,LOW,runs/smoke/,data/pallet/_v2_scene_logic_smoke20_seed7500,no,SAFE_CANDIDATE
M156,data/pallet/_v2_scene_logic_smoke20_seed7500_cpu_probe_g,runs/smoke/,RUN_SMOKE,[확인] smoke20 계열(20프레임). final_m/n_exact 만 문서 3참조,(코드 참조 0 — 인벤토리 스캔 결과),11,1017878,0,none,none,none,LOW,runs/smoke/,data/pallet/_v2_scene_logic_smoke20_seed7500_cpu_probe_g,no,SAFE_CANDIDATE
M157,data/pallet/_v2_scene_logic_smoke20_seed7500_cpu_probe_h,runs/smoke/,RUN_SMOKE,[확인] smoke20 계열(20프레임). final_m/n_exact 만 문서 3참조,(코드 참조 0 — 인벤토리 스캔 결과),11,1017873,0,none,none,none,LOW,runs/smoke/,data/pallet/_v2_scene_logic_smoke20_seed7500_cpu_probe_h,no,SAFE_CANDIDATE
M158,data/pallet/_v2_scene_logic_smoke20_seed7500_final_a,runs/smoke/,RUN_SMOKE,[확인] smoke20 계열(20프레임). final_m/n_exact 만 문서 3참조,(코드 참조 0 — 인벤토리 스캔 결과),123,17630867,0,none,none,none,LOW,runs/smoke/,data/pallet/_v2_scene_logic_smoke20_seed7500_final_a,no,SAFE_CANDIDATE
M159,data/pallet/_v2_scene_logic_smoke20_seed7500_final_c,runs/smoke/,RUN_SMOKE,[확인] smoke20 계열(20프레임). final_m/n_exact 만 문서 3참조,(코드 참조 0 — 인벤토리 스캔 결과),130,19287178,0,none,none,none,LOW,runs/smoke/,data/pallet/_v2_scene_logic_smoke20_seed7500_final_c,no,SAFE_CANDIDATE
M160,data/pallet/_v2_scene_logic_smoke20_seed7500_final_d,runs/smoke/,RUN_SMOKE,[확인] smoke20 계열(20프레임). final_m/n_exact 만 문서 3참조,(코드 참조 0 — 인벤토리 스캔 결과),229,42843705,0,none,none,none,LOW,runs/smoke/,data/pallet/_v2_scene_logic_smoke20_seed7500_final_d,no,SAFE_CANDIDATE
M161,data/pallet/_v2_scene_logic_smoke20_seed7500_final_e,runs/smoke/,RUN_SMOKE,[확인] smoke20 계열(20프레임). final_m/n_exact 만 문서 3참조,(코드 참조 0 — 인벤토리 스캔 결과),227,45537328,0,none,none,none,LOW,runs/smoke/,data/pallet/_v2_scene_logic_smoke20_seed7500_final_e,no,SAFE_CANDIDATE
M162,data/pallet/_v2_scene_logic_smoke20_seed7500_final_f,runs/smoke/,RUN_SMOKE,[확인] smoke20 계열(20프레임). final_m/n_exact 만 문서 3참조,(코드 참조 0 — 인벤토리 스캔 결과),227,45537115,0,none,none,none,LOW,runs/smoke/,data/pallet/_v2_scene_logic_smoke20_seed7500_final_f,no,SAFE_CANDIDATE
M163,data/pallet/_v2_scene_logic_smoke20_seed7500_final_g_cpu,runs/smoke/,RUN_SMOKE,[확인] smoke20 계열(20프레임). final_m/n_exact 만 문서 3참조,(코드 참조 0 — 인벤토리 스캔 결과),227,45564805,0,none,none,none,LOW,runs/smoke/,data/pallet/_v2_scene_logic_smoke20_seed7500_final_g_cpu,no,SAFE_CANDIDATE
M164,data/pallet/_v2_scene_logic_smoke20_seed7500_final_h_cpu,runs/smoke/,RUN_SMOKE,[확인] smoke20 계열(20프레임). final_m/n_exact 만 문서 3참조,(코드 참조 0 — 인벤토리 스캔 결과),227,45564993,0,none,none,none,LOW,runs/smoke/,data/pallet/_v2_scene_logic_smoke20_seed7500_final_h_cpu,no,SAFE_CANDIDATE
M165,data/pallet/_v2_scene_logic_smoke20_seed7500_final_m_exact,runs/smoke/,RUN_SMOKE,[확인] smoke20 계열(20프레임). final_m/n_exact 만 문서 3참조,_docs/history/2026-07-26-v2-attempt-log.md:344;_docs/history/2026-07-26.md:106;_docs/history/2026-07-26.md:123,227,52113140,3,,_docs/history/2026-07-26-v2-attempt-log.md:344;_docs/history/2026-07-26.md:106;_docs/history/2026-07-26.md:123,none,LOW,runs/smoke/,data/pallet/_v2_scene_logic_smoke20_seed7500_final_m_exact,no,SAFE_CANDIDATE
M166,data/pallet/_v2_scene_logic_smoke20_seed7500_final_n_exact,runs/smoke/,RUN_SMOKE,[확인] smoke20 계열(20프레임). final_m/n_exact 만 문서 3참조,_docs/history/2026-07-26-v2-attempt-log.md:345;_docs/history/2026-07-26.md:107;_docs/history/2026-07-26.md:124,310,97147299,3,,_docs/history/2026-07-26-v2-attempt-log.md:345;_docs/history/2026-07-26.md:107;_docs/history/2026-07-26.md:124,none,LOW,runs/smoke/,data/pallet/_v2_scene_logic_smoke20_seed7500_final_n_exact,no,SAFE_CANDIDATE
M167,data/pallet/_v2_scene_logic_smoke20_seed7500_nodenoise_probe_i,runs/smoke/,RUN_SMOKE,[확인] smoke20 계열(20프레임). final_m/n_exact 만 문서 3참조,(코드 참조 0 — 인벤토리 스캔 결과),11,1737002,0,none,none,none,LOW,runs/smoke/,data/pallet/_v2_scene_logic_smoke20_seed7500_nodenoise_probe_i,no,SAFE_CANDIDATE
M168,data/pallet/_v2_scene_logic_smoke20_seed7500_nodenoise_probe_j,runs/smoke/,RUN_SMOKE,[확인] smoke20 계열(20프레임). final_m/n_exact 만 문서 3참조,(코드 참조 0 — 인벤토리 스캔 결과),11,1737155,0,none,none,none,LOW,runs/smoke/,data/pallet/_v2_scene_logic_smoke20_seed7500_nodenoise_probe_j,no,SAFE_CANDIDATE
M169,data/pallet/_v2_scene_logic_smoke20_seed7500_r10_failed_preexplicitfix_20260726,runs/failed/,RUN_FAILED,"[확인] 폴더명 failed_+사유+날짜, 코드 참조 0~1(문서)",_docs/history/2026-07-26-v2-attempt-log.md:355,95,12556043,1,,_docs/history/2026-07-26-v2-attempt-log.md:355,none,LOW,runs/failed/,data/pallet/_v2_scene_logic_smoke20_seed7500_r10_failed_preexplicitfix_20260726,no,SAFE_CANDIDATE
M170,data/pallet/_v2_scene_logic_smoke20_seed7500_r11_failed_prefailclosed_20260726,runs/failed/,RUN_FAILED,"[확인] 폴더명 failed_+사유+날짜, 코드 참조 0~1(문서)",_docs/history/2026-07-26-v2-attempt-log.md:356,6,672400,1,,_docs/history/2026-07-26-v2-attempt-log.md:356,none,LOW,runs/failed/,data/pallet/_v2_scene_logic_smoke20_seed7500_r11_failed_prefailclosed_20260726,no,SAFE_CANDIDATE
M171,data/pallet/_v2_scene_logic_smoke20_seed7500_r12,runs/smoke/,RUN_SMOKE,[확인] smoke20 계열(20프레임). final_m/n_exact 만 문서 3참조,(코드 참조 0 — 인벤토리 스캔 결과),131,17109088,0,none,none,none,LOW,runs/smoke/,data/pallet/_v2_scene_logic_smoke20_seed7500_r12,no,SAFE_CANDIDATE
M172,data/pallet/_v2_scene_logic_smoke20_seed7500_r2,runs/smoke/,RUN_SMOKE,[확인] smoke20 계열(20프레임). final_m/n_exact 만 문서 3참조,(코드 참조 0 — 인벤토리 스캔 결과),138,18333683,0,none,none,none,LOW,runs/smoke/,data/pallet/_v2_scene_logic_smoke20_seed7500_r2,no,SAFE_CANDIDATE
M173,data/pallet/_v2_scene_logic_smoke20_seed7500_r3,runs/smoke/,RUN_SMOKE,[확인] smoke20 계열(20프레임). final_m/n_exact 만 문서 3참조,(코드 참조 0 — 인벤토리 스캔 결과),246,53151364,0,none,none,none,LOW,runs/smoke/,data/pallet/_v2_scene_logic_smoke20_seed7500_r3,no,SAFE_CANDIDATE
M174,data/pallet/_v2_scene_logic_smoke20_seed7500_r3_repeat,runs/smoke/,RUN_SMOKE,[확인] smoke20 계열(20프레임). final_m/n_exact 만 문서 3참조,(코드 참조 0 — 인벤토리 스캔 결과),145,19595625,0,none,none,none,LOW,runs/smoke/,data/pallet/_v2_scene_logic_smoke20_seed7500_r3_repeat,no,SAFE_CANDIDATE
M175,data/pallet/_v2_scene_logic_smoke20_seed7500_r4,runs/smoke/,RUN_SMOKE,[확인] smoke20 계열(20프레임). final_m/n_exact 만 문서 3참조,(코드 참조 0 — 인벤토리 스캔 결과),224,42840090,0,none,none,none,LOW,runs/smoke/,data/pallet/_v2_scene_logic_smoke20_seed7500_r4,no,SAFE_CANDIDATE
M176,data/pallet/_v2_scene_logic_smoke20_seed7500_r40,runs/smoke/,RUN_SMOKE,[확인] smoke20 계열(20프레임). final_m/n_exact 만 문서 3참조,(코드 참조 0 — 인벤토리 스캔 결과),17,2260811,0,none,none,none,LOW,runs/smoke/,data/pallet/_v2_scene_logic_smoke20_seed7500_r40,no,SAFE_CANDIDATE
M177,data/pallet/_v2_scene_logic_smoke20_seed7500_r40.log,runs/smoke/,RUN_SMOKE,[확인] smoke20 계열(20프레임). final_m/n_exact 만 문서 3참조,(코드 참조 0 — 인벤토리 스캔 결과),1,70874,0,none,none,none,LOW,runs/smoke/,data/pallet/_v2_scene_logic_smoke20_seed7500_r40.log,no,SAFE_CANDIDATE
M178,data/pallet/_v2_scene_logic_smoke20_seed7500_r5,runs/smoke/,RUN_SMOKE,[확인] smoke20 계열(20프레임). final_m/n_exact 만 문서 3참조,(코드 참조 0 — 인벤토리 스캔 결과),145,19584216,0,none,none,none,LOW,runs/smoke/,data/pallet/_v2_scene_logic_smoke20_seed7500_r5,no,SAFE_CANDIDATE
M179,data/pallet/_v2_scene_logic_smoke20_seed7500_r6,runs/smoke/,RUN_SMOKE,[확인] smoke20 계열(20프레임). final_m/n_exact 만 문서 3참조,(코드 참조 0 — 인벤토리 스캔 결과),225,42947228,0,none,none,none,LOW,runs/smoke/,data/pallet/_v2_scene_logic_smoke20_seed7500_r6,no,SAFE_CANDIDATE
M180,data/pallet/_v2_scene_logic_smoke20_seed7500_r7,runs/smoke/,RUN_SMOKE,[확인] smoke20 계열(20프레임). final_m/n_exact 만 문서 3참조,(코드 참조 0 — 인벤토리 스캔 결과),224,43053849,0,none,none,none,LOW,runs/smoke/,data/pallet/_v2_scene_logic_smoke20_seed7500_r7,no,SAFE_CANDIDATE
M181,data/pallet/_v2_scene_logic_smoke20_seed7500_r7_blender.log,runs/smoke/,RUN_SMOKE,[확인] smoke20 계열(20프레임). final_m/n_exact 만 문서 3참조,(코드 참조 0 — 인벤토리 스캔 결과),1,206202,0,none,none,none,LOW,runs/smoke/,data/pallet/_v2_scene_logic_smoke20_seed7500_r7_blender.log,no,SAFE_CANDIDATE
M182,data/pallet/_v2_scene_logic_smoke20_seed7500_r7_probe_idx7,runs/smoke/,RUN_SMOKE,[확인] smoke20 계열(20프레임). final_m/n_exact 만 문서 3참조,(코드 참조 0 — 인벤토리 스캔 결과),12,1313006,0,none,none,none,LOW,runs/smoke/,data/pallet/_v2_scene_logic_smoke20_seed7500_r7_probe_idx7,no,SAFE_CANDIDATE
M183,data/pallet/_v2_scene_logic_smoke20_seed7500_r8,runs/smoke/,RUN_SMOKE,[확인] smoke20 계열(20프레임). final_m/n_exact 만 문서 3참조,(코드 참조 0 — 인벤토리 스캔 결과),0,0,0,none,none,none,LOW,runs/smoke/,data/pallet/_v2_scene_logic_smoke20_seed7500_r8,no,SAFE_CANDIDATE
M184,data/pallet/_v2_scene_logic_smoke20_seed7500_r8_failed_precontactmatrix_20260726,runs/failed/,RUN_FAILED,"[확인] 폴더명 failed_+사유+날짜, 코드 참조 0~1(문서)",_docs/history/2026-07-26-v2-attempt-log.md:354,102,13469385,1,,_docs/history/2026-07-26-v2-attempt-log.md:354,none,LOW,runs/failed/,data/pallet/_v2_scene_logic_smoke20_seed7500_r8_failed_precontactmatrix_20260726,no,SAFE_CANDIDATE
M185,data/pallet/_v2_scene_logic_smoke20_seed7500_r9,runs/smoke/,RUN_SMOKE,[확인] smoke20 계열(20프레임). final_m/n_exact 만 문서 3참조,(코드 참조 0 — 인벤토리 스캔 결과),225,43320321,0,none,none,none,LOW,runs/smoke/,data/pallet/_v2_scene_logic_smoke20_seed7500_r9,no,SAFE_CANDIDATE
M186,data/pallet/_v2_scene_logic_smoke20_seed7500_singlethread_probe_k,runs/smoke/,RUN_SMOKE,[확인] smoke20 계열(20프레임). final_m/n_exact 만 문서 3참조,(코드 참조 0 — 인벤토리 스캔 결과),11,1737043,0,none,none,none,LOW,runs/smoke/,data/pallet/_v2_scene_logic_smoke20_seed7500_singlethread_probe_k,no,SAFE_CANDIDATE
M187,data/pallet/_v2_scene_logic_smoke20_seed7500_singlethread_probe_l,runs/smoke/,RUN_SMOKE,[확인] smoke20 계열(20프레임). final_m/n_exact 만 문서 3참조,(코드 참조 0 — 인벤토리 스캔 결과),11,1737045,0,none,none,none,LOW,runs/smoke/,data/pallet/_v2_scene_logic_smoke20_seed7500_singlethread_probe_l,no,SAFE_CANDIDATE
M188,data/pallet/_v2_smoke20_9c_run1,runs/smoke/,RUN_SMOKE,"[확인] Phase 9C smoke, smoke20_9c_determinism.json 리포트 근거",_docs/history/2026-07-27.md:1609;_docs/history/2026-07-27.md:1710;_docs/history/changelog.md:137,194,46657762,3,,_docs/history/2026-07-27.md:1609;_docs/history/2026-07-27.md:1710;_docs/history/changelog.md:137,none,LOW,runs/smoke/,data/pallet/_v2_smoke20_9c_run1,no,SAFE_CANDIDATE
M189,data/pallet/_v2_smoke20_9c_run2,runs/smoke/,RUN_SMOKE,"[확인] Phase 9C smoke, smoke20_9c_determinism.json 리포트 근거",_docs/history/2026-07-27.md:1711,194,46657764,1,,_docs/history/2026-07-27.md:1711,none,LOW,runs/smoke/,data/pallet/_v2_smoke20_9c_run2,no,SAFE_CANDIDATE
M190,data/pallet/_v2_smoke50_9d,(유지) runs/smoke/,RUN_SMOKE,"[확인] 57참조 — reports/v2_overlay_fix/final_report.md:202, _verify_archive_style_pixels.py:49, _make_archive_vs_new_sheet.py:23, _docs/experiments/v2_smoke50_continuous_eda_results.md(31)",_docs/experiments/v2_smoke50_continuous_eda_results.md:125;_docs/experiments/v2_smoke50_continuous_eda_results.md:133;_docs/experiments/v2_smoke50_continuous_eda_results.md:140;_docs/experiments/v2_smoke50_continuous_eda_results.md:146;_docs/experiments/v2_smoke50_continuous_eda_results.md:152;_docs,616,182120280,57,,_docs/experiments/v2_smoke50_continuous_eda_results.md:125;_docs/experiments/v2_smoke50_continuous_eda_results.md:133;_docs/experiments/v2_smoke50_continuous_eda_results.md:140;_docs/experiments/v2_smoke50_continuous_eda_results.md:146;_docs/experiments/v2_smoke50_continuous_eda_results.md:152;_docs,none,LOW,(유지) runs/smoke/,data/pallet/_v2_smoke50_9d,yes,BLOCKED_BY_CODE_REFERENCE
M191,data/pallet/_v2_statefix_fresh_idx2_seed7500,runs/diagnostics/,RUN_DIAGNOSTIC,"[확인] 단일 이슈 회귀 probe(4~39파일), 코드 참조 0~1",(코드 참조 0 — 인벤토리 스캔 결과),11,588658,0,none,none,none,LOW,runs/diagnostics/,data/pallet/_v2_statefix_fresh_idx2_seed7500,no,SAFE_CANDIDATE
M192,data/pallet/_v2_statefix_sequence0_6_seed7500,runs/diagnostics/,RUN_DIAGNOSTIC,"[확인] 단일 이슈 회귀 probe(4~39파일), 코드 참조 0~1",(코드 참조 0 — 인벤토리 스캔 결과),53,6249239,0,none,none,none,LOW,runs/diagnostics/,data/pallet/_v2_statefix_sequence0_6_seed7500,no,SAFE_CANDIDATE
M193,data/pallet/_v2_supportclearance_idx12_seed7500,runs/diagnostics/,RUN_DIAGNOSTIC,"[확인] 단일 이슈 회귀 probe(4~39파일), 코드 참조 0~1",(코드 참조 0 — 인벤토리 스캔 결과),4,17703,0,none,none,none,LOW,runs/diagnostics/,data/pallet/_v2_supportclearance_idx12_seed7500,no,SAFE_CANDIDATE
M194,data/pallet/_v2_supportsnap_idx12_seed7500,runs/diagnostics/,RUN_DIAGNOSTIC,"[확인] 단일 이슈 회귀 probe(4~39파일), 코드 참조 0~1",(코드 참조 0 — 인벤토리 스캔 결과),4,3828,0,none,none,none,LOW,runs/diagnostics/,data/pallet/_v2_supportsnap_idx12_seed7500,no,SAFE_CANDIDATE
M195,data/pallet/_wood_closeup.log,_staging/ (또는 scripts/ 로 승격 — 사용자 결정),SUPERSEDED_RUN,[확인] data/ 트리에 방치된 일회성 스크립트/로그(2026-05~06). 코드 참조 0,(코드 참조 0 — 인벤토리 스캔 결과),1,2387,0,none,none,none,LOW,_staging/ (또는 scripts/ 로 승격 — 사용자 결정),data/pallet/_wood_closeup.log,yes,NEEDS_USER_DECISION
M196,data/pallet/archive/_addon_pilot,archive/superseded_runs/,SUPERSEDED_RUN,"[추정] archive 하위 소규모 실험 폴더, 코드 참조 0 — 개별 검증 미완",(코드 참조 0 — 인벤토리 스캔 결과),81,20886859,0,none,none,none,LOW,archive/superseded_runs/,data/pallet/archive/_addon_pilot,no,BLOCKED_BY_UNKNOWN_PURPOSE
M197,data/pallet/archive/_addon_pilot2,archive/superseded_runs/,SUPERSEDED_RUN,"[추정] archive 하위 소규모 실험 폴더, 코드 참조 0 — 개별 검증 미완",(코드 참조 0 — 인벤토리 스캔 결과),33,8488781,0,none,none,none,LOW,archive/superseded_runs/,data/pallet/archive/_addon_pilot2,no,BLOCKED_BY_UNKNOWN_PURPOSE
M198,data/pallet/archive/_addon_pilot3,archive/superseded_runs/,SUPERSEDED_RUN,"[추정] archive 하위 소규모 실험 폴더, 코드 참조 0 — 개별 검증 미완",(코드 참조 0 — 인벤토리 스캔 결과),17,4033900,0,none,none,none,LOW,archive/superseded_runs/,data/pallet/archive/_addon_pilot3,no,BLOCKED_BY_UNKNOWN_PURPOSE
M199,data/pallet/archive/_addon_pilot4,archive/superseded_runs/,SUPERSEDED_RUN,"[추정] archive 하위 소규모 실험 폴더, 코드 참조 0 — 개별 검증 미완",(코드 참조 0 — 인벤토리 스캔 결과),50,13366774,0,none,none,none,LOW,archive/superseded_runs/,data/pallet/archive/_addon_pilot4,no,BLOCKED_BY_UNKNOWN_PURPOSE
M200,data/pallet/archive/_cam_test10,archive/superseded_runs/,SUPERSEDED_RUN,"[추정] archive 하위 소규모 실험 폴더, 코드 참조 0 — 개별 검증 미완",(코드 참조 0 — 인벤토리 스캔 결과),42,17418114,0,none,none,none,LOW,archive/superseded_runs/,data/pallet/archive/_cam_test10,no,BLOCKED_BY_UNKNOWN_PURPOSE
M201,data/pallet/archive/_cam_test10b,archive/superseded_runs/,SUPERSEDED_RUN,"[추정] archive 하위 소규모 실험 폴더, 코드 참조 0 — 개별 검증 미완",(코드 참조 0 — 인벤토리 스캔 결과),41,15745613,0,none,none,none,LOW,archive/superseded_runs/,data/pallet/archive/_cam_test10b,no,BLOCKED_BY_UNKNOWN_PURPOSE
M202,data/pallet/archive/_diag_pallet3,archive/superseded_runs/,SUPERSEDED_RUN,"[추정] archive 하위 소규모 실험 폴더, 코드 참조 0 — 개별 검증 미완",(코드 참조 0 — 인벤토리 스캔 결과),26,5862609,0,none,none,none,LOW,archive/superseded_runs/,data/pallet/archive/_diag_pallet3,no,BLOCKED_BY_UNKNOWN_PURPOSE
M203,data/pallet/archive/_efront_12kp_check,archive/superseded_runs/,SUPERSEDED_RUN,"[확인] 구 렌더/머티리얼 실험 산출물, 코드 참조 0",(코드 참조 0 — 인벤토리 스캔 결과),107,44909247,0,none,none,none,LOW,archive/superseded_runs/,data/pallet/archive/_efront_12kp_check,no,SAFE_CANDIDATE
M204,data/pallet/archive/_emptywood_test,archive/superseded_runs/,SUPERSEDED_RUN,"[추정] archive 하위 소규모 실험 폴더, 코드 참조 0 — 개별 검증 미완",(코드 참조 0 — 인벤토리 스캔 결과),48,14951374,0,none,none,none,LOW,archive/superseded_runs/,data/pallet/archive/_emptywood_test,no,BLOCKED_BY_UNKNOWN_PURPOSE
M205,data/pallet/archive/_floor_applied14,archive/superseded_runs/,SUPERSEDED_RUN,"[확인] 구 렌더/머티리얼 실험 산출물, 코드 참조 0",(코드 참조 0 — 인벤토리 스캔 결과),16,8575358,0,none,none,none,LOW,archive/superseded_runs/,data/pallet/archive/_floor_applied14,no,SAFE_CANDIDATE
M206,data/pallet/archive/_floor_compare,archive/superseded_runs/,SUPERSEDED_RUN,"[확인] 구 렌더/머티리얼 실험 산출물, 코드 참조 0",(코드 참조 0 — 인벤토리 스캔 결과),20,10247704,0,none,none,none,LOW,archive/superseded_runs/,data/pallet/archive/_floor_compare,no,SAFE_CANDIDATE
M207,data/pallet/archive/_floor_emit,archive/superseded_runs/,SUPERSEDED_RUN,"[확인] 구 렌더/머티리얼 실험 산출물, 코드 참조 0",(코드 참조 0 — 인벤토리 스캔 결과),6,1539034,0,none,none,none,LOW,archive/superseded_runs/,data/pallet/archive/_floor_emit,no,SAFE_CANDIDATE
M208,data/pallet/archive/_floor_fix_test,archive/superseded_runs/,SUPERSEDED_RUN,"[확인] 구 렌더/머티리얼 실험 산출물, 코드 참조 0",(코드 참조 0 — 인벤토리 스캔 결과),7,6180215,0,none,none,none,LOW,archive/superseded_runs/,data/pallet/archive/_floor_fix_test,no,SAFE_CANDIDATE
M209,data/pallet/archive/_floor_smoke10,archive/superseded_runs/,SUPERSEDED_RUN,"[확인] 구 렌더/머티리얼 실험 산출물, 코드 참조 0",(코드 참조 0 — 인벤토리 스캔 결과),33,9620190,0,none,none,none,LOW,archive/superseded_runs/,data/pallet/archive/_floor_smoke10,no,SAFE_CANDIDATE
M210,data/pallet/archive/_floor_test10,archive/superseded_runs/,SUPERSEDED_RUN,"[확인] 구 렌더/머티리얼 실험 산출물, 코드 참조 0",(코드 참조 0 — 인벤토리 스캔 결과),31,11968317,0,none,none,none,LOW,archive/superseded_runs/,data/pallet/archive/_floor_test10,no,SAFE_CANDIDATE
M211,data/pallet/archive/_floor_test10b,archive/superseded_runs/,SUPERSEDED_RUN,"[확인] 구 렌더/머티리얼 실험 산출물, 코드 참조 0",(코드 참조 0 — 인벤토리 스캔 결과),33,16487621,0,none,none,none,LOW,archive/superseded_runs/,data/pallet/archive/_floor_test10b,no,SAFE_CANDIDATE
M212,data/pallet/archive/_floor_test10b_std,archive/superseded_runs/,SUPERSEDED_RUN,"[확인] 구 렌더/머티리얼 실험 산출물, 코드 참조 0",(코드 참조 0 — 인벤토리 스캔 결과),32,13123779,0,none,none,none,LOW,archive/superseded_runs/,data/pallet/archive/_floor_test10b_std,no,SAFE_CANDIDATE
M213,data/pallet/archive/_floor_uv_test,archive/superseded_runs/,SUPERSEDED_RUN,"[확인] 구 렌더/머티리얼 실험 산출물, 코드 참조 0",(코드 참조 0 — 인벤토리 스캔 결과),17,16625340,0,none,none,none,LOW,archive/superseded_runs/,data/pallet/archive/_floor_uv_test,no,SAFE_CANDIDATE
M214,data/pallet/archive/_mask_poc,archive/superseded_runs/,SUPERSEDED_RUN,"[추정] archive 하위 소규모 실험 폴더, 코드 참조 0 — 개별 검증 미완",(코드 참조 0 — 인벤토리 스캔 결과),1,66471,0,none,none,none,LOW,archive/superseded_runs/,data/pallet/archive/_mask_poc,no,BLOCKED_BY_UNKNOWN_PURPOSE
M215,data/pallet/archive/_mask_test10,archive/superseded_runs/,SUPERSEDED_RUN,"[확인] 구 렌더/머티리얼 실험 산출물, 코드 참조 0",(코드 참조 0 — 인벤토리 스캔 결과),43,12354122,0,none,none,none,LOW,archive/superseded_runs/,data/pallet/archive/_mask_test10,no,SAFE_CANDIDATE
M216,data/pallet/archive/_mask_test60,archive/superseded_runs/,SUPERSEDED_RUN,"[확인] 구 렌더/머티리얼 실험 산출물, 코드 참조 0",(코드 참조 0 — 인벤토리 스캔 결과),241,65085895,0,none,none,none,LOW,archive/superseded_runs/,data/pallet/archive/_mask_test60,no,SAFE_CANDIDATE
M217,data/pallet/archive/_mat_test10,archive/superseded_runs/,SUPERSEDED_RUN,"[확인] 구 렌더/머티리얼 실험 산출물, 코드 참조 0",(코드 참조 0 — 인벤토리 스캔 결과),41,15915563,0,none,none,none,LOW,archive/superseded_runs/,data/pallet/archive/_mat_test10,no,SAFE_CANDIDATE
M218,data/pallet/archive/_mat_test10b,archive/superseded_runs/,SUPERSEDED_RUN,"[확인] 구 렌더/머티리얼 실험 산출물, 코드 참조 0",(코드 참조 0 — 인벤토리 스캔 결과),51,22847925,0,none,none,none,LOW,archive/superseded_runs/,data/pallet/archive/_mat_test10b,no,SAFE_CANDIDATE
M219,data/pallet/archive/_mat_test10c,archive/superseded_runs/,SUPERSEDED_RUN,"[확인] 구 렌더/머티리얼 실험 산출물, 코드 참조 0",(코드 참조 0 — 인벤토리 스캔 결과),44,19425013,0,none,none,none,LOW,archive/superseded_runs/,data/pallet/archive/_mat_test10c,no,SAFE_CANDIDATE
M220,data/pallet/archive/_mat_test10d,archive/superseded_runs/,SUPERSEDED_RUN,"[확인] 구 렌더/머티리얼 실험 산출물, 코드 참조 0",(코드 참조 0 — 인벤토리 스캔 결과),41,17311918,0,none,none,none,LOW,archive/superseded_runs/,data/pallet/archive/_mat_test10d,no,SAFE_CANDIDATE
M221,data/pallet/archive/_mat_test10d_scene3,archive/superseded_runs/,SUPERSEDED_RUN,"[확인] 구 렌더/머티리얼 실험 산출물, 코드 참조 0",(코드 참조 0 — 인벤토리 스캔 결과),25,9942873,0,none,none,none,LOW,archive/superseded_runs/,data/pallet/archive/_mat_test10d_scene3,no,SAFE_CANDIDATE
M222,data/pallet/archive/_mat_test10e,archive/superseded_runs/,SUPERSEDED_RUN,"[확인] 구 렌더/머티리얼 실험 산출물, 코드 참조 0",(코드 참조 0 — 인벤토리 스캔 결과),45,19972697,0,none,none,none,LOW,archive/superseded_runs/,data/pallet/archive/_mat_test10e,no,SAFE_CANDIDATE
M223,data/pallet/archive/_material_compare,archive/superseded_runs/,SUPERSEDED_RUN,"[추정] archive 하위 소규모 실험 폴더, 코드 참조 0 — 개별 검증 미완",(코드 참조 0 — 인벤토리 스캔 결과),44,20303689,0,none,none,none,LOW,archive/superseded_runs/,data/pallet/archive/_material_compare,no,BLOCKED_BY_UNKNOWN_PURPOSE
M224,data/pallet/archive/_mesh_proc_compare,archive/superseded_runs/,SUPERSEDED_RUN,"[추정] archive 하위 소규모 실험 폴더, 코드 참조 0 — 개별 검증 미완",(코드 참조 0 — 인벤토리 스캔 결과),10,4316539,0,none,none,none,LOW,archive/superseded_runs/,data/pallet/archive/_mesh_proc_compare,no,BLOCKED_BY_UNKNOWN_PURPOSE
M225,data/pallet/archive/_noai_quarantine_usd,(유지) 이동 금지 — 격리 상태 자체가 라이선스 근거,LEGACY_ASSET,[확인] ledger:60 NoAI(scene_2/3.usd) 격리 보관본. _DISTRIBUTION_EXCLUDE.txt:9 배포 금지,(코드 참조 0 — 인벤토리 스캔 결과),3,738082,0,none,none,none,HIGH(NoAI/EULA 격리),(유지) 이동 금지 — 격리 상태 자체가 라이선스 근거,data/pallet/archive/_noai_quarantine_usd,yes,BLOCKED_BY_LICENSE
M226,data/pallet/archive/_pallet_catalog_0123,archive/superseded_runs/,SUPERSEDED_RUN,"[추정] archive 하위 소규모 실험 폴더, 코드 참조 0 — 개별 검증 미완",(코드 참조 0 — 인벤토리 스캔 결과),6,3936989,0,none,none,none,LOW,archive/superseded_runs/,data/pallet/archive/_pallet_catalog_0123,no,BLOCKED_BY_UNKNOWN_PURPOSE
M227,data/pallet/archive/_perm_v4_fix_check,archive/superseded_runs/,SUPERSEDED_RUN,"[추정] archive 하위 소규모 실험 폴더, 코드 참조 0 — 개별 검증 미완",(코드 참조 0 — 인벤토리 스캔 결과),3,1566324,0,none,none,none,LOW,archive/superseded_runs/,data/pallet/archive/_perm_v4_fix_check,no,BLOCKED_BY_UNKNOWN_PURPOSE
M228,data/pallet/archive/_preview10,archive/superseded_runs/,SUPERSEDED_RUN,"[추정] archive 하위 소규모 실험 폴더, 코드 참조 0 — 개별 검증 미완",(코드 참조 0 — 인벤토리 스캔 결과),43,16057584,0,none,none,none,LOW,archive/superseded_runs/,data/pallet/archive/_preview10,no,BLOCKED_BY_UNKNOWN_PURPOSE
M229,data/pallet/archive/_procedural_textures,archive/superseded_runs/,SUPERSEDED_RUN,"[추정] archive 하위 소규모 실험 폴더, 코드 참조 0 — 개별 검증 미완",(코드 참조 0 — 인벤토리 스캔 결과),22,11317364,0,none,none,none,LOW,archive/superseded_runs/,data/pallet/archive/_procedural_textures,no,BLOCKED_BY_UNKNOWN_PURPOSE
M230,data/pallet/archive/_test_topview,archive/superseded_runs/,SUPERSEDED_RUN,"[확인] 구 렌더/머티리얼 실험 산출물, 코드 참조 0",(코드 참조 0 — 인벤토리 스캔 결과),98,38020066,0,none,none,none,LOW,archive/superseded_runs/,data/pallet/archive/_test_topview,no,SAFE_CANDIDATE
M231,data/pallet/archive/_wood_skin_compare,archive/superseded_runs/,SUPERSEDED_RUN,"[확인] 구 렌더/머티리얼 실험 산출물, 코드 참조 0",(코드 참조 0 — 인벤토리 스캔 결과),50,28426531,0,none,none,none,LOW,archive/superseded_runs/,data/pallet/archive/_wood_skin_compare,no,SAFE_CANDIDATE
M232,data/pallet/archive/rotation_debug,archive/superseded_runs/,SUPERSEDED_RUN,"[추정] archive 하위 소규모 실험 폴더, 코드 참조 0 — 개별 검증 미완",(코드 참조 0 — 인벤토리 스캔 결과),4,1550217,0,none,none,none,LOW,archive/superseded_runs/,data/pallet/archive/rotation_debug,no,BLOCKED_BY_UNKNOWN_PURPOSE
M233,data/pallet/archive/runtime_pallet_debug,archive/superseded_runs/,SUPERSEDED_RUN,"[추정] archive 하위 소규모 실험 폴더, 코드 참조 0 — 개별 검증 미완",(코드 참조 0 — 인벤토리 스캔 결과),4,1819819,0,none,none,none,LOW,archive/superseded_runs/,data/pallet/archive/runtime_pallet_debug,no,BLOCKED_BY_UNKNOWN_PURPOSE
M234,data/pallet/archive/test_blender_v1,archive/legacy_datasets/,LEGACY_DATASET,[확인] 과거 학습셋 렌더 산출물. 현재 실행 코드 참조 0(구 경로 참조는 전부 stale). ledger:25 = NoAI 목재 baked 가능,(코드 참조 0 — 인벤토리 스캔 결과),63,14124145,0,none,none,none,"HIGH(NoAI baked → 공개 릴리스 금지, ledger:25/70)",archive/legacy_datasets/,data/pallet/archive/test_blender_v1,no,SAFE_CANDIDATE
M235,data/pallet/archive/test_blender_v10,archive/legacy_datasets/,LEGACY_DATASET,[확인] 과거 학습셋 렌더 산출물. 현재 실행 코드 참조 0(구 경로 참조는 전부 stale). ledger:25 = NoAI 목재 baked 가능,(코드 참조 0 — 인벤토리 스캔 결과),30,9258721,0,none,none,none,"HIGH(NoAI baked → 공개 릴리스 금지, ledger:25/70)",archive/legacy_datasets/,data/pallet/archive/test_blender_v10,no,SAFE_CANDIDATE
M236,data/pallet/archive/test_blender_v11,archive/legacy_datasets/,LEGACY_DATASET,[확인] 과거 학습셋 렌더 산출물. 현재 실행 코드 참조 0(구 경로 참조는 전부 stale). ledger:25 = NoAI 목재 baked 가능,(코드 참조 0 — 인벤토리 스캔 결과),30,9646016,0,none,none,none,"HIGH(NoAI baked → 공개 릴리스 금지, ledger:25/70)",archive/legacy_datasets/,data/pallet/archive/test_blender_v11,no,SAFE_CANDIDATE
M237,data/pallet/archive/test_blender_v12,archive/legacy_datasets/,LEGACY_DATASET,[확인] 과거 학습셋 렌더 산출물. 현재 실행 코드 참조 0(구 경로 참조는 전부 stale). ledger:25 = NoAI 목재 baked 가능,(코드 참조 0 — 인벤토리 스캔 결과),30,9680287,0,none,none,none,"HIGH(NoAI baked → 공개 릴리스 금지, ledger:25/70)",archive/legacy_datasets/,data/pallet/archive/test_blender_v12,no,SAFE_CANDIDATE
M238,data/pallet/archive/test_blender_v13,archive/legacy_datasets/,LEGACY_DATASET,[확인] 과거 학습셋 렌더 산출물. 현재 실행 코드 참조 0(구 경로 참조는 전부 stale). ledger:25 = NoAI 목재 baked 가능,(코드 참조 0 — 인벤토리 스캔 결과),30,9562151,0,none,none,none,"HIGH(NoAI baked → 공개 릴리스 금지, ledger:25/70)",archive/legacy_datasets/,data/pallet/archive/test_blender_v13,no,SAFE_CANDIDATE
M239,data/pallet/archive/test_blender_v14,archive/legacy_datasets/,LEGACY_DATASET,[확인] 과거 학습셋 렌더 산출물. 현재 실행 코드 참조 0(구 경로 참조는 전부 stale). ledger:25 = NoAI 목재 baked 가능,(코드 참조 0 — 인벤토리 스캔 결과),30,9655600,0,none,none,none,"HIGH(NoAI baked → 공개 릴리스 금지, ledger:25/70)",archive/legacy_datasets/,data/pallet/archive/test_blender_v14,no,SAFE_CANDIDATE
M240,data/pallet/archive/test_blender_v15,archive/legacy_datasets/,LEGACY_DATASET,[확인] 과거 학습셋 렌더 산출물. 현재 실행 코드 참조 0(구 경로 참조는 전부 stale). ledger:25 = NoAI 목재 baked 가능,(코드 참조 0 — 인벤토리 스캔 결과),30,9567223,0,none,none,none,"HIGH(NoAI baked → 공개 릴리스 금지, ledger:25/70)",archive/legacy_datasets/,data/pallet/archive/test_blender_v15,no,SAFE_CANDIDATE
M241,data/pallet/archive/test_blender_v16,archive/legacy_datasets/,LEGACY_DATASET,[확인] 과거 학습셋 렌더 산출물. 현재 실행 코드 참조 0(구 경로 참조는 전부 stale). ledger:25 = NoAI 목재 baked 가능,(코드 참조 0 — 인벤토리 스캔 결과),30,9376375,0,none,none,none,"HIGH(NoAI baked → 공개 릴리스 금지, ledger:25/70)",archive/legacy_datasets/,data/pallet/archive/test_blender_v16,no,SAFE_CANDIDATE
M242,data/pallet/archive/test_blender_v17,archive/legacy_datasets/,LEGACY_DATASET,[확인] 과거 학습셋 렌더 산출물. 현재 실행 코드 참조 0(구 경로 참조는 전부 stale). ledger:25 = NoAI 목재 baked 가능,(코드 참조 0 — 인벤토리 스캔 결과),30,9581741,0,none,none,none,"HIGH(NoAI baked → 공개 릴리스 금지, ledger:25/70)",archive/legacy_datasets/,data/pallet/archive/test_blender_v17,no,SAFE_CANDIDATE
M243,data/pallet/archive/test_blender_v18,archive/legacy_datasets/,LEGACY_DATASET,[확인] 과거 학습셋 렌더 산출물. 현재 실행 코드 참조 0(구 경로 참조는 전부 stale). ledger:25 = NoAI 목재 baked 가능,(코드 참조 0 — 인벤토리 스캔 결과),30,9416465,0,none,none,none,"HIGH(NoAI baked → 공개 릴리스 금지, ledger:25/70)",archive/legacy_datasets/,data/pallet/archive/test_blender_v18,no,SAFE_CANDIDATE
M244,data/pallet/archive/test_blender_v19,archive/legacy_datasets/,LEGACY_DATASET,[확인] 과거 학습셋 렌더 산출물. 현재 실행 코드 참조 0(구 경로 참조는 전부 stale). ledger:25 = NoAI 목재 baked 가능,(코드 참조 0 — 인벤토리 스캔 결과),30,9775801,0,none,none,none,"HIGH(NoAI baked → 공개 릴리스 금지, ledger:25/70)",archive/legacy_datasets/,data/pallet/archive/test_blender_v19,no,SAFE_CANDIDATE
M245,data/pallet/archive/test_blender_v2,archive/legacy_datasets/,LEGACY_DATASET,[확인] 과거 학습셋 렌더 산출물. 현재 실행 코드 참조 0(구 경로 참조는 전부 stale). ledger:25 = NoAI 목재 baked 가능,(코드 참조 0 — 인벤토리 스캔 결과),20,4526604,0,none,none,none,"HIGH(NoAI baked → 공개 릴리스 금지, ledger:25/70)",archive/legacy_datasets/,data/pallet/archive/test_blender_v2,no,SAFE_CANDIDATE
M246,data/pallet/archive/test_blender_v20,archive/legacy_datasets/,LEGACY_DATASET,[확인] 과거 학습셋 렌더 산출물. 현재 실행 코드 참조 0(구 경로 참조는 전부 stale). ledger:25 = NoAI 목재 baked 가능,(코드 참조 0 — 인벤토리 스캔 결과),30,9449852,0,none,none,none,"HIGH(NoAI baked → 공개 릴리스 금지, ledger:25/70)",archive/legacy_datasets/,data/pallet/archive/test_blender_v20,no,SAFE_CANDIDATE
M247,data/pallet/archive/test_blender_v21,archive/legacy_datasets/,LEGACY_DATASET,[확인] 과거 학습셋 렌더 산출물. 현재 실행 코드 참조 0(구 경로 참조는 전부 stale). ledger:25 = NoAI 목재 baked 가능,(코드 참조 0 — 인벤토리 스캔 결과),30,9708826,0,none,none,none,"HIGH(NoAI baked → 공개 릴리스 금지, ledger:25/70)",archive/legacy_datasets/,data/pallet/archive/test_blender_v21,no,SAFE_CANDIDATE
M248,data/pallet/archive/test_blender_v22,archive/legacy_datasets/,LEGACY_DATASET,[확인] 과거 학습셋 렌더 산출물. 현재 실행 코드 참조 0(구 경로 참조는 전부 stale). ledger:25 = NoAI 목재 baked 가능,(코드 참조 0 — 인벤토리 스캔 결과),30,9501126,0,none,none,none,"HIGH(NoAI baked → 공개 릴리스 금지, ledger:25/70)",archive/legacy_datasets/,data/pallet/archive/test_blender_v22,no,SAFE_CANDIDATE
M249,data/pallet/archive/test_blender_v23,archive/legacy_datasets/,LEGACY_DATASET,[확인] 과거 학습셋 렌더 산출물. 현재 실행 코드 참조 0(구 경로 참조는 전부 stale). ledger:25 = NoAI 목재 baked 가능,(코드 참조 0 — 인벤토리 스캔 결과),30,9559885,0,none,none,none,"HIGH(NoAI baked → 공개 릴리스 금지, ledger:25/70)",archive/legacy_datasets/,data/pallet/archive/test_blender_v23,no,SAFE_CANDIDATE
M250,data/pallet/archive/test_blender_v24,archive/legacy_datasets/,LEGACY_DATASET,[확인] 과거 학습셋 렌더 산출물. 현재 실행 코드 참조 0(구 경로 참조는 전부 stale). ledger:25 = NoAI 목재 baked 가능,(코드 참조 0 — 인벤토리 스캔 결과),30,9340760,0,none,none,none,"HIGH(NoAI baked → 공개 릴리스 금지, ledger:25/70)",archive/legacy_datasets/,data/pallet/archive/test_blender_v24,no,SAFE_CANDIDATE
M251,data/pallet/archive/test_blender_v25,archive/legacy_datasets/,LEGACY_DATASET,[확인] 과거 학습셋 렌더 산출물. 현재 실행 코드 참조 0(구 경로 참조는 전부 stale). ledger:25 = NoAI 목재 baked 가능,(코드 참조 0 — 인벤토리 스캔 결과),30,9484742,0,none,none,none,"HIGH(NoAI baked → 공개 릴리스 금지, ledger:25/70)",archive/legacy_datasets/,data/pallet/archive/test_blender_v25,no,SAFE_CANDIDATE
M252,data/pallet/archive/test_blender_v26,archive/legacy_datasets/,LEGACY_DATASET,[확인] 과거 학습셋 렌더 산출물. 현재 실행 코드 참조 0(구 경로 참조는 전부 stale). ledger:25 = NoAI 목재 baked 가능,(코드 참조 0 — 인벤토리 스캔 결과),30,9421985,0,none,none,none,"HIGH(NoAI baked → 공개 릴리스 금지, ledger:25/70)",archive/legacy_datasets/,data/pallet/archive/test_blender_v26,no,SAFE_CANDIDATE
M253,data/pallet/archive/test_blender_v27,archive/legacy_datasets/,LEGACY_DATASET,[확인] 과거 학습셋 렌더 산출물. 현재 실행 코드 참조 0(구 경로 참조는 전부 stale). ledger:25 = NoAI 목재 baked 가능,(코드 참조 0 — 인벤토리 스캔 결과),30,9357288,0,none,none,none,"HIGH(NoAI baked → 공개 릴리스 금지, ledger:25/70)",archive/legacy_datasets/,data/pallet/archive/test_blender_v27,no,SAFE_CANDIDATE
M254,data/pallet/archive/test_blender_v28,archive/legacy_datasets/,LEGACY_DATASET,[확인] 과거 학습셋 렌더 산출물. 현재 실행 코드 참조 0(구 경로 참조는 전부 stale). ledger:25 = NoAI 목재 baked 가능,(코드 참조 0 — 인벤토리 스캔 결과),30,9383844,0,none,none,none,"HIGH(NoAI baked → 공개 릴리스 금지, ledger:25/70)",archive/legacy_datasets/,data/pallet/archive/test_blender_v28,no,SAFE_CANDIDATE
M255,data/pallet/archive/test_blender_v29,archive/legacy_datasets/,LEGACY_DATASET,[확인] 과거 학습셋 렌더 산출물. 현재 실행 코드 참조 0(구 경로 참조는 전부 stale). ledger:25 = NoAI 목재 baked 가능,(코드 참조 0 — 인벤토리 스캔 결과),30,9553232,0,none,none,none,"HIGH(NoAI baked → 공개 릴리스 금지, ledger:25/70)",archive/legacy_datasets/,data/pallet/archive/test_blender_v29,no,SAFE_CANDIDATE
M256,data/pallet/archive/test_blender_v3,archive/legacy_datasets/,LEGACY_DATASET,[확인] 과거 학습셋 렌더 산출물. 현재 실행 코드 참조 0(구 경로 참조는 전부 stale). ledger:25 = NoAI 목재 baked 가능,(코드 참조 0 — 인벤토리 스캔 결과),20,4546354,0,none,none,none,"HIGH(NoAI baked → 공개 릴리스 금지, ledger:25/70)",archive/legacy_datasets/,data/pallet/archive/test_blender_v3,no,SAFE_CANDIDATE
M257,data/pallet/archive/test_blender_v30,archive/legacy_datasets/,LEGACY_DATASET,[확인] 과거 학습셋 렌더 산출물. 현재 실행 코드 참조 0(구 경로 참조는 전부 stale). ledger:25 = NoAI 목재 baked 가능,(코드 참조 0 — 인벤토리 스캔 결과),30,9682929,0,none,none,none,"HIGH(NoAI baked → 공개 릴리스 금지, ledger:25/70)",archive/legacy_datasets/,data/pallet/archive/test_blender_v30,no,SAFE_CANDIDATE
M258,data/pallet/archive/test_blender_v31,archive/legacy_datasets/,LEGACY_DATASET,[확인] 과거 학습셋 렌더 산출물. 현재 실행 코드 참조 0(구 경로 참조는 전부 stale). ledger:25 = NoAI 목재 baked 가능,(코드 참조 0 — 인벤토리 스캔 결과),30,9592334,0,none,none,none,"HIGH(NoAI baked → 공개 릴리스 금지, ledger:25/70)",archive/legacy_datasets/,data/pallet/archive/test_blender_v31,no,SAFE_CANDIDATE
M259,data/pallet/archive/test_blender_v32,archive/legacy_datasets/,LEGACY_DATASET,[확인] 과거 학습셋 렌더 산출물. 현재 실행 코드 참조 0(구 경로 참조는 전부 stale). ledger:25 = NoAI 목재 baked 가능,(코드 참조 0 — 인벤토리 스캔 결과),57,23413074,0,none,none,none,"HIGH(NoAI baked → 공개 릴리스 금지, ledger:25/70)",archive/legacy_datasets/,data/pallet/archive/test_blender_v32,no,SAFE_CANDIDATE
M260,data/pallet/archive/test_blender_v33,archive/legacy_datasets/,LEGACY_DATASET,[확인] 과거 학습셋 렌더 산출물. 현재 실행 코드 참조 0(구 경로 참조는 전부 stale). ledger:25 = NoAI 목재 baked 가능,(코드 참조 0 — 인벤토리 스캔 결과),57,23012511,0,none,none,none,"HIGH(NoAI baked → 공개 릴리스 금지, ledger:25/70)",archive/legacy_datasets/,data/pallet/archive/test_blender_v33,no,SAFE_CANDIDATE
M261,data/pallet/archive/test_blender_v34,archive/legacy_datasets/,LEGACY_DATASET,[확인] 과거 학습셋 렌더 산출물. 현재 실행 코드 참조 0(구 경로 참조는 전부 stale). ledger:25 = NoAI 목재 baked 가능,(코드 참조 0 — 인벤토리 스캔 결과),12,3904075,0,none,none,none,"HIGH(NoAI baked → 공개 릴리스 금지, ledger:25/70)",archive/legacy_datasets/,data/pallet/archive/test_blender_v34,no,SAFE_CANDIDATE
M262,data/pallet/archive/test_blender_v35,archive/legacy_datasets/,LEGACY_DATASET,[확인] 과거 학습셋 렌더 산출물. 현재 실행 코드 참조 0(구 경로 참조는 전부 stale). ledger:25 = NoAI 목재 baked 가능,(코드 참조 0 — 인벤토리 스캔 결과),0,0,0,none,none,none,"HIGH(NoAI baked → 공개 릴리스 금지, ledger:25/70)",archive/legacy_datasets/,data/pallet/archive/test_blender_v35,no,SAFE_CANDIDATE
M263,data/pallet/archive/test_blender_v36,archive/legacy_datasets/,LEGACY_DATASET,[확인] 과거 학습셋 렌더 산출물. 현재 실행 코드 참조 0(구 경로 참조는 전부 stale). ledger:25 = NoAI 목재 baked 가능,(코드 참조 0 — 인벤토리 스캔 결과),30,9466013,0,none,none,none,"HIGH(NoAI baked → 공개 릴리스 금지, ledger:25/70)",archive/legacy_datasets/,data/pallet/archive/test_blender_v36,no,SAFE_CANDIDATE
M264,data/pallet/archive/test_blender_v37,archive/legacy_datasets/,LEGACY_DATASET,[확인] 과거 학습셋 렌더 산출물. 현재 실행 코드 참조 0(구 경로 참조는 전부 stale). ledger:25 = NoAI 목재 baked 가능,(코드 참조 0 — 인벤토리 스캔 결과),12,3739542,0,none,none,none,"HIGH(NoAI baked → 공개 릴리스 금지, ledger:25/70)",archive/legacy_datasets/,data/pallet/archive/test_blender_v37,no,SAFE_CANDIDATE
M265,data/pallet/archive/test_blender_v38,archive/legacy_datasets/,LEGACY_DATASET,[확인] 과거 학습셋 렌더 산출물. 현재 실행 코드 참조 0(구 경로 참조는 전부 stale). ledger:25 = NoAI 목재 baked 가능,(코드 참조 0 — 인벤토리 스캔 결과),30,9410447,0,none,none,none,"HIGH(NoAI baked → 공개 릴리스 금지, ledger:25/70)",archive/legacy_datasets/,data/pallet/archive/test_blender_v38,no,SAFE_CANDIDATE
M266,data/pallet/archive/test_blender_v39,archive/legacy_datasets/,LEGACY_DATASET,[확인] 과거 학습셋 렌더 산출물. 현재 실행 코드 참조 0(구 경로 참조는 전부 stale). ledger:25 = NoAI 목재 baked 가능,(코드 참조 0 — 인벤토리 스캔 결과),30,9424508,0,none,none,none,"HIGH(NoAI baked → 공개 릴리스 금지, ledger:25/70)",archive/legacy_datasets/,data/pallet/archive/test_blender_v39,no,SAFE_CANDIDATE
M267,data/pallet/archive/test_blender_v4,archive/legacy_datasets/,LEGACY_DATASET,[확인] 과거 학습셋 렌더 산출물. 현재 실행 코드 참조 0(구 경로 참조는 전부 stale). ledger:25 = NoAI 목재 baked 가능,(코드 참조 0 — 인벤토리 스캔 결과),30,9496976,0,none,none,none,"HIGH(NoAI baked → 공개 릴리스 금지, ledger:25/70)",archive/legacy_datasets/,data/pallet/archive/test_blender_v4,no,SAFE_CANDIDATE
M268,data/pallet/archive/test_blender_v40,archive/legacy_datasets/,LEGACY_DATASET,[확인] 과거 학습셋 렌더 산출물. 현재 실행 코드 참조 0(구 경로 참조는 전부 stale). ledger:25 = NoAI 목재 baked 가능,(코드 참조 0 — 인벤토리 스캔 결과),30,9450482,0,none,none,none,"HIGH(NoAI baked → 공개 릴리스 금지, ledger:25/70)",archive/legacy_datasets/,data/pallet/archive/test_blender_v40,no,SAFE_CANDIDATE
M269,data/pallet/archive/test_blender_v41,archive/legacy_datasets/,LEGACY_DATASET,[확인] 과거 학습셋 렌더 산출물. 현재 실행 코드 참조 0(구 경로 참조는 전부 stale). ledger:25 = NoAI 목재 baked 가능,(코드 참조 0 — 인벤토리 스캔 결과),30,9505780,0,none,none,none,"HIGH(NoAI baked → 공개 릴리스 금지, ledger:25/70)",archive/legacy_datasets/,data/pallet/archive/test_blender_v41,no,SAFE_CANDIDATE
M270,data/pallet/archive/test_blender_v42,archive/legacy_datasets/,LEGACY_DATASET,[확인] 과거 학습셋 렌더 산출물. 현재 실행 코드 참조 0(구 경로 참조는 전부 stale). ledger:25 = NoAI 목재 baked 가능,(코드 참조 0 — 인벤토리 스캔 결과),30,9134188,0,none,none,none,"HIGH(NoAI baked → 공개 릴리스 금지, ledger:25/70)",archive/legacy_datasets/,data/pallet/archive/test_blender_v42,no,SAFE_CANDIDATE
M271,data/pallet/archive/test_blender_v43,archive/legacy_datasets/,LEGACY_DATASET,[확인] 과거 학습셋 렌더 산출물. 현재 실행 코드 참조 0(구 경로 참조는 전부 stale). ledger:25 = NoAI 목재 baked 가능,(코드 참조 0 — 인벤토리 스캔 결과),30,8192271,0,none,none,none,"HIGH(NoAI baked → 공개 릴리스 금지, ledger:25/70)",archive/legacy_datasets/,data/pallet/archive/test_blender_v43,no,SAFE_CANDIDATE
M272,data/pallet/archive/test_blender_v44,archive/legacy_datasets/,LEGACY_DATASET,[확인] 과거 학습셋 렌더 산출물. 현재 실행 코드 참조 0(구 경로 참조는 전부 stale). ledger:25 = NoAI 목재 baked 가능,(코드 참조 0 — 인벤토리 스캔 결과),30,8264108,0,none,none,none,"HIGH(NoAI baked → 공개 릴리스 금지, ledger:25/70)",archive/legacy_datasets/,data/pallet/archive/test_blender_v44,no,SAFE_CANDIDATE
M273,data/pallet/archive/test_blender_v45,archive/legacy_datasets/,LEGACY_DATASET,[확인] 과거 학습셋 렌더 산출물. 현재 실행 코드 참조 0(구 경로 참조는 전부 stale). ledger:25 = NoAI 목재 baked 가능,(코드 참조 0 — 인벤토리 스캔 결과),30,8837235,0,none,none,none,"HIGH(NoAI baked → 공개 릴리스 금지, ledger:25/70)",archive/legacy_datasets/,data/pallet/archive/test_blender_v45,no,SAFE_CANDIDATE
M274,data/pallet/archive/test_blender_v46,archive/legacy_datasets/,LEGACY_DATASET,[확인] 과거 학습셋 렌더 산출물. 현재 실행 코드 참조 0(구 경로 참조는 전부 stale). ledger:25 = NoAI 목재 baked 가능,(코드 참조 0 — 인벤토리 스캔 결과),30,8183335,0,none,none,none,"HIGH(NoAI baked → 공개 릴리스 금지, ledger:25/70)",archive/legacy_datasets/,data/pallet/archive/test_blender_v46,no,SAFE_CANDIDATE
M275,data/pallet/archive/test_blender_v47,archive/legacy_datasets/,LEGACY_DATASET,[확인] 과거 학습셋 렌더 산출물. 현재 실행 코드 참조 0(구 경로 참조는 전부 stale). ledger:25 = NoAI 목재 baked 가능,(코드 참조 0 — 인벤토리 스캔 결과),12,3422037,0,none,none,none,"HIGH(NoAI baked → 공개 릴리스 금지, ledger:25/70)",archive/legacy_datasets/,data/pallet/archive/test_blender_v47,no,SAFE_CANDIDATE
M276,data/pallet/archive/test_blender_v48,archive/legacy_datasets/,LEGACY_DATASET,[확인] 과거 학습셋 렌더 산출물. 현재 실행 코드 참조 0(구 경로 참조는 전부 stale). ledger:25 = NoAI 목재 baked 가능,(코드 참조 0 — 인벤토리 스캔 결과),30,8494172,0,none,none,none,"HIGH(NoAI baked → 공개 릴리스 금지, ledger:25/70)",archive/legacy_datasets/,data/pallet/archive/test_blender_v48,no,SAFE_CANDIDATE
M277,data/pallet/archive/test_blender_v49,archive/legacy_datasets/,LEGACY_DATASET,[확인] 과거 학습셋 렌더 산출물. 현재 실행 코드 참조 0(구 경로 참조는 전부 stale). ledger:25 = NoAI 목재 baked 가능,(코드 참조 0 — 인벤토리 스캔 결과),0,0,0,none,none,none,"HIGH(NoAI baked → 공개 릴리스 금지, ledger:25/70)",archive/legacy_datasets/,data/pallet/archive/test_blender_v49,no,SAFE_CANDIDATE
M278,data/pallet/archive/test_blender_v5,archive/legacy_datasets/,LEGACY_DATASET,[확인] 과거 학습셋 렌더 산출물. 현재 실행 코드 참조 0(구 경로 참조는 전부 stale). ledger:25 = NoAI 목재 baked 가능,(코드 참조 0 — 인벤토리 스캔 결과),30,9508128,0,none,none,none,"HIGH(NoAI baked → 공개 릴리스 금지, ledger:25/70)",archive/legacy_datasets/,data/pallet/archive/test_blender_v5,no,SAFE_CANDIDATE
M279,data/pallet/archive/test_blender_v50,archive/legacy_datasets/,LEGACY_DATASET,[확인] 과거 학습셋 렌더 산출물. 현재 실행 코드 참조 0(구 경로 참조는 전부 stale). ledger:25 = NoAI 목재 baked 가능,(코드 참조 0 — 인벤토리 스캔 결과),3,914907,0,none,none,none,"HIGH(NoAI baked → 공개 릴리스 금지, ledger:25/70)",archive/legacy_datasets/,data/pallet/archive/test_blender_v50,no,SAFE_CANDIDATE
M280,data/pallet/archive/test_blender_v51,archive/legacy_datasets/,LEGACY_DATASET,[확인] 과거 학습셋 렌더 산출물. 현재 실행 코드 참조 0(구 경로 참조는 전부 stale). ledger:25 = NoAI 목재 baked 가능,(코드 참조 0 — 인벤토리 스캔 결과),27,7997566,0,none,none,none,"HIGH(NoAI baked → 공개 릴리스 금지, ledger:25/70)",archive/legacy_datasets/,data/pallet/archive/test_blender_v51,no,SAFE_CANDIDATE
M281,data/pallet/archive/test_blender_v52,archive/legacy_datasets/,LEGACY_DATASET,[확인] 과거 학습셋 렌더 산출물. 현재 실행 코드 참조 0(구 경로 참조는 전부 stale). ledger:25 = NoAI 목재 baked 가능,(코드 참조 0 — 인벤토리 스캔 결과),18,5538912,0,none,none,none,"HIGH(NoAI baked → 공개 릴리스 금지, ledger:25/70)",archive/legacy_datasets/,data/pallet/archive/test_blender_v52,no,SAFE_CANDIDATE
M282,data/pallet/archive/test_blender_v53,archive/legacy_datasets/,LEGACY_DATASET,[확인] 과거 학습셋 렌더 산출물. 현재 실행 코드 참조 0(구 경로 참조는 전부 stale). ledger:25 = NoAI 목재 baked 가능,(코드 참조 0 — 인벤토리 스캔 결과),27,7568421,0,none,none,none,"HIGH(NoAI baked → 공개 릴리스 금지, ledger:25/70)",archive/legacy_datasets/,data/pallet/archive/test_blender_v53,no,SAFE_CANDIDATE
M283,data/pallet/archive/test_blender_v54,archive/legacy_datasets/,LEGACY_DATASET,[확인] 과거 학습셋 렌더 산출물. 현재 실행 코드 참조 0(구 경로 참조는 전부 stale). ledger:25 = NoAI 목재 baked 가능,(코드 참조 0 — 인벤토리 스캔 결과),21,6245323,0,none,none,none,"HIGH(NoAI baked → 공개 릴리스 금지, ledger:25/70)",archive/legacy_datasets/,data/pallet/archive/test_blender_v54,no,SAFE_CANDIDATE
M284,data/pallet/archive/test_blender_v55,archive/legacy_datasets/,LEGACY_DATASET,[확인] 과거 학습셋 렌더 산출물. 현재 실행 코드 참조 0(구 경로 참조는 전부 stale). ledger:25 = NoAI 목재 baked 가능,(코드 참조 0 — 인벤토리 스캔 결과),12,3622759,0,none,none,none,"HIGH(NoAI baked → 공개 릴리스 금지, ledger:25/70)",archive/legacy_datasets/,data/pallet/archive/test_blender_v55,no,SAFE_CANDIDATE
M285,data/pallet/archive/test_blender_v56,archive/legacy_datasets/,LEGACY_DATASET,[확인] 과거 학습셋 렌더 산출물. 현재 실행 코드 참조 0(구 경로 참조는 전부 stale). ledger:25 = NoAI 목재 baked 가능,(코드 참조 0 — 인벤토리 스캔 결과),15,4389603,0,none,none,none,"HIGH(NoAI baked → 공개 릴리스 금지, ledger:25/70)",archive/legacy_datasets/,data/pallet/archive/test_blender_v56,no,SAFE_CANDIDATE
M286,data/pallet/archive/test_blender_v57,archive/legacy_datasets/,LEGACY_DATASET,[확인] 과거 학습셋 렌더 산출물. 현재 실행 코드 참조 0(구 경로 참조는 전부 stale). ledger:25 = NoAI 목재 baked 가능,(코드 참조 0 — 인벤토리 스캔 결과),18,4925900,0,none,none,none,"HIGH(NoAI baked → 공개 릴리스 금지, ledger:25/70)",archive/legacy_datasets/,data/pallet/archive/test_blender_v57,no,SAFE_CANDIDATE
M287,data/pallet/archive/test_blender_v58,archive/legacy_datasets/,LEGACY_DATASET,[확인] 과거 학습셋 렌더 산출물. 현재 실행 코드 참조 0(구 경로 참조는 전부 stale). ledger:25 = NoAI 목재 baked 가능,(코드 참조 0 — 인벤토리 스캔 결과),30,8661654,0,none,none,none,"HIGH(NoAI baked → 공개 릴리스 금지, ledger:25/70)",archive/legacy_datasets/,data/pallet/archive/test_blender_v58,no,SAFE_CANDIDATE
M288,data/pallet/archive/test_blender_v59,archive/legacy_datasets/,LEGACY_DATASET,[확인] 과거 학습셋 렌더 산출물. 현재 실행 코드 참조 0(구 경로 참조는 전부 stale). ledger:25 = NoAI 목재 baked 가능,(코드 참조 0 — 인벤토리 스캔 결과),30,8871584,0,none,none,none,"HIGH(NoAI baked → 공개 릴리스 금지, ledger:25/70)",archive/legacy_datasets/,data/pallet/archive/test_blender_v59,no,SAFE_CANDIDATE
M289,data/pallet/archive/test_blender_v6,archive/legacy_datasets/,LEGACY_DATASET,[확인] 과거 학습셋 렌더 산출물. 현재 실행 코드 참조 0(구 경로 참조는 전부 stale). ledger:25 = NoAI 목재 baked 가능,(코드 참조 0 — 인벤토리 스캔 결과),90,28174468,0,none,none,none,"HIGH(NoAI baked → 공개 릴리스 금지, ledger:25/70)",archive/legacy_datasets/,data/pallet/archive/test_blender_v6,no,SAFE_CANDIDATE
M290,data/pallet/archive/test_blender_v60,archive/legacy_datasets/,LEGACY_DATASET,[확인] 과거 학습셋 렌더 산출물. 현재 실행 코드 참조 0(구 경로 참조는 전부 stale). ledger:25 = NoAI 목재 baked 가능,(코드 참조 0 — 인벤토리 스캔 결과),30,9258927,0,none,none,none,"HIGH(NoAI baked → 공개 릴리스 금지, ledger:25/70)",archive/legacy_datasets/,data/pallet/archive/test_blender_v60,no,SAFE_CANDIDATE
M291,data/pallet/archive/test_blender_v61,archive/legacy_datasets/,LEGACY_DATASET,[확인] 과거 학습셋 렌더 산출물. 현재 실행 코드 참조 0(구 경로 참조는 전부 stale). ledger:25 = NoAI 목재 baked 가능,(코드 참조 0 — 인벤토리 스캔 결과),30,9283276,0,none,none,none,"HIGH(NoAI baked → 공개 릴리스 금지, ledger:25/70)",archive/legacy_datasets/,data/pallet/archive/test_blender_v61,no,SAFE_CANDIDATE
M292,data/pallet/archive/test_blender_v62,archive/legacy_datasets/,LEGACY_DATASET,[확인] 과거 학습셋 렌더 산출물. 현재 실행 코드 참조 0(구 경로 참조는 전부 stale). ledger:25 = NoAI 목재 baked 가능,(코드 참조 0 — 인벤토리 스캔 결과),30,9144406,0,none,none,none,"HIGH(NoAI baked → 공개 릴리스 금지, ledger:25/70)",archive/legacy_datasets/,data/pallet/archive/test_blender_v62,no,SAFE_CANDIDATE
M293,data/pallet/archive/test_blender_v63,archive/legacy_datasets/,LEGACY_DATASET,[확인] 과거 학습셋 렌더 산출물. 현재 실행 코드 참조 0(구 경로 참조는 전부 stale). ledger:25 = NoAI 목재 baked 가능,(코드 참조 0 — 인벤토리 스캔 결과),30,8576032,0,none,none,none,"HIGH(NoAI baked → 공개 릴리스 금지, ledger:25/70)",archive/legacy_datasets/,data/pallet/archive/test_blender_v63,no,SAFE_CANDIDATE
M294,data/pallet/archive/test_blender_v64,archive/legacy_datasets/,LEGACY_DATASET,[확인] 과거 학습셋 렌더 산출물. 현재 실행 코드 참조 0(구 경로 참조는 전부 stale). ledger:25 = NoAI 목재 baked 가능,(코드 참조 0 — 인벤토리 스캔 결과),6000,1786012650,0,none,none,none,"HIGH(NoAI baked → 공개 릴리스 금지, ledger:25/70)",archive/legacy_datasets/,data/pallet/archive/test_blender_v64,no,SAFE_CANDIDATE
M295,data/pallet/archive/test_blender_v65,archive/legacy_datasets/,LEGACY_DATASET,[확인] 과거 학습셋 렌더 산출물. 현재 실행 코드 참조 0(구 경로 참조는 전부 stale). ledger:25 = NoAI 목재 baked 가능,(코드 참조 0 — 인벤토리 스캔 결과),300,86945235,0,none,none,none,"HIGH(NoAI baked → 공개 릴리스 금지, ledger:25/70)",archive/legacy_datasets/,data/pallet/archive/test_blender_v65,no,SAFE_CANDIDATE
M296,data/pallet/archive/test_blender_v66,archive/legacy_datasets/,LEGACY_DATASET,[확인] 과거 학습셋 렌더 산출물. 현재 실행 코드 참조 0(구 경로 참조는 전부 stale). ledger:25 = NoAI 목재 baked 가능,(코드 참조 0 — 인벤토리 스캔 결과),99,30126560,0,none,none,none,"HIGH(NoAI baked → 공개 릴리스 금지, ledger:25/70)",archive/legacy_datasets/,data/pallet/archive/test_blender_v66,no,SAFE_CANDIDATE
M297,data/pallet/archive/test_blender_v67,archive/legacy_datasets/,LEGACY_DATASET,[확인] 과거 학습셋 렌더 산출물. 현재 실행 코드 참조 0(구 경로 참조는 전부 stale). ledger:25 = NoAI 목재 baked 가능,(코드 참조 0 — 인벤토리 스캔 결과),501,150369725,0,none,none,none,"HIGH(NoAI baked → 공개 릴리스 금지, ledger:25/70)",archive/legacy_datasets/,data/pallet/archive/test_blender_v67,no,SAFE_CANDIDATE
M298,data/pallet/archive/test_blender_v68,archive/legacy_datasets/,LEGACY_DATASET,[확인] 과거 학습셋 렌더 산출물. 현재 실행 코드 참조 0(구 경로 참조는 전부 stale). ledger:25 = NoAI 목재 baked 가능,(코드 참조 0 — 인벤토리 스캔 결과),3000,909147448,0,none,none,none,"HIGH(NoAI baked → 공개 릴리스 금지, ledger:25/70)",archive/legacy_datasets/,data/pallet/archive/test_blender_v68,no,SAFE_CANDIDATE
M299,data/pallet/archive/test_blender_v69,archive/legacy_datasets/,LEGACY_DATASET,[확인] 과거 학습셋 렌더 산출물. 현재 실행 코드 참조 0(구 경로 참조는 전부 stale). ledger:25 = NoAI 목재 baked 가능,(코드 참조 0 — 인벤토리 스캔 결과),12000,3662471008,0,none,none,none,"HIGH(NoAI baked → 공개 릴리스 금지, ledger:25/70)",archive/legacy_datasets/,data/pallet/archive/test_blender_v69,no,SAFE_CANDIDATE
M300,data/pallet/archive/test_blender_v7,archive/legacy_datasets/,LEGACY_DATASET,[확인] 과거 학습셋 렌더 산출물. 현재 실행 코드 참조 0(구 경로 참조는 전부 stale). ledger:25 = NoAI 목재 baked 가능,(코드 참조 0 — 인벤토리 스캔 결과),90,28078134,0,none,none,none,"HIGH(NoAI baked → 공개 릴리스 금지, ledger:25/70)",archive/legacy_datasets/,data/pallet/archive/test_blender_v7,no,SAFE_CANDIDATE
M301,data/pallet/archive/test_blender_v70,archive/legacy_datasets/,LEGACY_DATASET,[확인] 과거 학습셋 렌더 산출물. 현재 실행 코드 참조 0(구 경로 참조는 전부 stale). ledger:25 = NoAI 목재 baked 가능,(코드 참조 0 — 인벤토리 스캔 결과),3000,915545347,0,none,none,none,"HIGH(NoAI baked → 공개 릴리스 금지, ledger:25/70)",archive/legacy_datasets/,data/pallet/archive/test_blender_v70,no,SAFE_CANDIDATE
M302,data/pallet/archive/test_blender_v8,archive/legacy_datasets/,LEGACY_DATASET,[확인] 과거 학습셋 렌더 산출물. 현재 실행 코드 참조 0(구 경로 참조는 전부 stale). ledger:25 = NoAI 목재 baked 가능,(코드 참조 0 — 인벤토리 스캔 결과),30,9494168,0,none,none,none,"HIGH(NoAI baked → 공개 릴리스 금지, ledger:25/70)",archive/legacy_datasets/,data/pallet/archive/test_blender_v8,no,SAFE_CANDIDATE
M303,data/pallet/archive/test_blender_v9,archive/legacy_datasets/,LEGACY_DATASET,[확인] 과거 학습셋 렌더 산출물. 현재 실행 코드 참조 0(구 경로 참조는 전부 stale). ledger:25 = NoAI 목재 baked 가능,(코드 참조 0 — 인벤토리 스캔 결과),30,8924538,0,none,none,none,"HIGH(NoAI baked → 공개 릴리스 금지, ledger:25/70)",archive/legacy_datasets/,data/pallet/archive/test_blender_v9,no,SAFE_CANDIDATE
M304,data/pallet/archive/test_canonical,archive/superseded_runs/,SUPERSEDED_RUN,"[확인] 구 렌더/머티리얼 실험 산출물, 코드 참조 0",(코드 참조 0 — 인벤토리 스캔 결과),12,2099345,0,none,none,none,LOW,archive/superseded_runs/,data/pallet/archive/test_canonical,no,SAFE_CANDIDATE
M305,data/pallet/archive/test_diagnose,archive/superseded_runs/,SUPERSEDED_RUN,"[확인] 구 렌더/머티리얼 실험 산출물, 코드 참조 0",(코드 참조 0 — 인벤토리 스캔 결과),12,2494246,0,none,none,none,LOW,archive/superseded_runs/,data/pallet/archive/test_diagnose,no,SAFE_CANDIDATE
M306,data/pallet/archive/test_diagnose2,archive/superseded_runs/,SUPERSEDED_RUN,"[확인] 구 렌더/머티리얼 실험 산출물, 코드 참조 0",(코드 참조 0 — 인벤토리 스캔 결과),12,2395363,0,none,none,none,LOW,archive/superseded_runs/,data/pallet/archive/test_diagnose2,no,SAFE_CANDIDATE
M307,data/pallet/archive/test_diagnose3,archive/superseded_runs/,SUPERSEDED_RUN,"[확인] 구 렌더/머티리얼 실험 산출물, 코드 참조 0",(코드 참조 0 — 인벤토리 스캔 결과),12,2402277,0,none,none,none,LOW,archive/superseded_runs/,data/pallet/archive/test_diagnose3,no,SAFE_CANDIDATE
M308,data/pallet/archive/test_final_check,archive/superseded_runs/,SUPERSEDED_RUN,"[확인] 구 렌더/머티리얼 실험 산출물, 코드 참조 0",(코드 참조 0 — 인벤토리 스캔 결과),24,4486280,0,none,none,none,LOW,archive/superseded_runs/,data/pallet/archive/test_final_check,no,SAFE_CANDIDATE
M309,data/pallet/archive/test_fix_axis,archive/superseded_runs/,SUPERSEDED_RUN,"[확인] 구 렌더/머티리얼 실험 산출물, 코드 참조 0",(코드 참조 0 — 인벤토리 스캔 결과),12,2631999,0,none,none,none,LOW,archive/superseded_runs/,data/pallet/archive/test_fix_axis,no,SAFE_CANDIDATE
M310,data/pallet/archive/test_fix_scene,archive/superseded_runs/,SUPERSEDED_RUN,"[확인] 구 렌더/머티리얼 실험 산출물, 코드 참조 0",(코드 참조 0 — 인벤토리 스캔 결과),12,3018383,0,none,none,none,LOW,archive/superseded_runs/,data/pallet/archive/test_fix_scene,no,SAFE_CANDIDATE
M311,data/pallet/archive/test_indoor,archive/superseded_runs/,SUPERSEDED_RUN,"[확인] 구 렌더/머티리얼 실험 산출물, 코드 참조 0",(코드 참조 0 — 인벤토리 스캔 결과),18,5662647,0,none,none,none,LOW,archive/superseded_runs/,data/pallet/archive/test_indoor,no,SAFE_CANDIDATE
M312,data/pallet/archive/test_indoor_v1,archive/legacy_datasets/,LEGACY_DATASET,[확인] 과거 학습셋 렌더 산출물. 현재 실행 코드 참조 0(구 경로 참조는 전부 stale). ledger:25 = NoAI 목재 baked 가능,(코드 참조 0 — 인벤토리 스캔 결과),3000,588469993,0,none,none,none,"HIGH(NoAI baked → 공개 릴리스 금지, ledger:25/70)",archive/legacy_datasets/,data/pallet/archive/test_indoor_v1,no,SAFE_CANDIDATE
M313,data/pallet/archive/test_iter2,archive/superseded_runs/,SUPERSEDED_RUN,"[확인] 구 렌더/머티리얼 실험 산출물, 코드 참조 0",(코드 참조 0 — 인벤토리 스캔 결과),24,4524045,0,none,none,none,LOW,archive/superseded_runs/,data/pallet/archive/test_iter2,no,SAFE_CANDIDATE
M314,data/pallet/archive/test_iter3,archive/superseded_runs/,SUPERSEDED_RUN,"[확인] 구 렌더/머티리얼 실험 산출물, 코드 참조 0",(코드 참조 0 — 인벤토리 스캔 결과),60,11946459,0,none,none,none,LOW,archive/superseded_runs/,data/pallet/archive/test_iter3,no,SAFE_CANDIDATE
M315,data/pallet/archive/test_iter4,archive/superseded_runs/,SUPERSEDED_RUN,"[확인] 구 렌더/머티리얼 실험 산출물, 코드 참조 0",(코드 참조 0 — 인벤토리 스캔 결과),30,5062922,0,none,none,none,LOW,archive/superseded_runs/,data/pallet/archive/test_iter4,no,SAFE_CANDIDATE
M316,data/pallet/archive/test_iter5,archive/superseded_runs/,SUPERSEDED_RUN,"[확인] 구 렌더/머티리얼 실험 산출물, 코드 참조 0",(코드 참조 0 — 인벤토리 스캔 결과),30,6320702,0,none,none,none,LOW,archive/superseded_runs/,data/pallet/archive/test_iter5,no,SAFE_CANDIDATE
M317,data/pallet/archive/test_iter6,archive/superseded_runs/,SUPERSEDED_RUN,"[확인] 구 렌더/머티리얼 실험 산출물, 코드 참조 0",(코드 참조 0 — 인벤토리 스캔 결과),30,4416054,0,none,none,none,LOW,archive/superseded_runs/,data/pallet/archive/test_iter6,no,SAFE_CANDIDATE
M318,data/pallet/archive/test_iter7,archive/superseded_runs/,SUPERSEDED_RUN,"[확인] 구 렌더/머티리얼 실험 산출물, 코드 참조 0",(코드 참조 0 — 인벤토리 스캔 결과),70,15098595,0,none,none,none,LOW,archive/superseded_runs/,data/pallet/archive/test_iter7,no,SAFE_CANDIDATE
M319,data/pallet/archive/test_iter8,archive/superseded_runs/,SUPERSEDED_RUN,"[확인] 구 렌더/머티리얼 실험 산출물, 코드 참조 0",(코드 참조 0 — 인벤토리 스캔 결과),30,5770157,0,none,none,none,LOW,archive/superseded_runs/,data/pallet/archive/test_iter8,no,SAFE_CANDIDATE
M320,data/pallet/archive/test_iter9,archive/superseded_runs/,SUPERSEDED_RUN,"[확인] 구 렌더/머티리얼 실험 산출물, 코드 참조 0",(코드 참조 0 — 인벤토리 스캔 결과),24,3495525,0,none,none,none,LOW,archive/superseded_runs/,data/pallet/archive/test_iter9,no,SAFE_CANDIDATE
M321,data/pallet/archive/test_models,archive/superseded_runs/,SUPERSEDED_RUN,"[확인] 구 렌더/머티리얼 실험 산출물, 코드 참조 0",(코드 참조 0 — 인벤토리 스캔 결과),12,2622952,0,none,none,none,LOW,archive/superseded_runs/,data/pallet/archive/test_models,no,SAFE_CANDIDATE
M322,data/pallet/archive/test_palletobj_cargo,archive/superseded_runs/,SUPERSEDED_RUN,"[확인] 구 렌더/머티리얼 실험 산출물, 코드 참조 0",(코드 참조 0 — 인벤토리 스캔 결과),27,7645902,0,none,none,none,LOW,archive/superseded_runs/,data/pallet/archive/test_palletobj_cargo,no,SAFE_CANDIDATE
M323,data/pallet/archive/test_palletobj_cargo_v2,archive/superseded_runs/,SUPERSEDED_RUN,"[확인] 구 렌더/머티리얼 실험 산출물, 코드 참조 0",(코드 참조 0 — 인벤토리 스캔 결과),27,7333315,0,none,none,none,LOW,archive/superseded_runs/,data/pallet/archive/test_palletobj_cargo_v2,no,SAFE_CANDIDATE
M324,data/pallet/archive/test_palletobj_r1,archive/superseded_runs/,SUPERSEDED_RUN,"[확인] 구 렌더/머티리얼 실험 산출물, 코드 참조 0",(코드 참조 0 — 인벤토리 스캔 결과),30,8139664,0,none,none,none,LOW,archive/superseded_runs/,data/pallet/archive/test_palletobj_r1,no,SAFE_CANDIDATE
M325,data/pallet/archive/test_palletobj_r2,archive/superseded_runs/,SUPERSEDED_RUN,"[확인] 구 렌더/머티리얼 실험 산출물, 코드 참조 0",(코드 참조 0 — 인벤토리 스캔 결과),30,8123887,0,none,none,none,LOW,archive/superseded_runs/,data/pallet/archive/test_palletobj_r2,no,SAFE_CANDIDATE
M326,data/pallet/archive/test_palletobj_r3,archive/superseded_runs/,SUPERSEDED_RUN,"[확인] 구 렌더/머티리얼 실험 산출물, 코드 참조 0",(코드 참조 0 — 인벤토리 스캔 결과),30,8393492,0,none,none,none,LOW,archive/superseded_runs/,data/pallet/archive/test_palletobj_r3,no,SAFE_CANDIDATE
M327,data/pallet/archive/test_palletobj_r4,archive/superseded_runs/,SUPERSEDED_RUN,"[확인] 구 렌더/머티리얼 실험 산출물, 코드 참조 0",(코드 참조 0 — 인벤토리 스캔 결과),30,8825616,0,none,none,none,LOW,archive/superseded_runs/,data/pallet/archive/test_palletobj_r4,no,SAFE_CANDIDATE
M328,data/pallet/archive/test_palletobj_v1,archive/superseded_runs/,SUPERSEDED_RUN,"[확인] 구 렌더/머티리얼 실험 산출물, 코드 참조 0",(코드 참조 0 — 인벤토리 스캔 결과),31,8242169,0,none,none,none,LOW,archive/superseded_runs/,data/pallet/archive/test_palletobj_v1,no,SAFE_CANDIDATE
M329,data/pallet/archive/test_v3_guide,archive/superseded_runs/,SUPERSEDED_RUN,"[확인] 구 렌더/머티리얼 실험 산출물, 코드 참조 0",(코드 참조 0 — 인벤토리 스캔 결과),20,1643891,0,none,none,none,LOW,archive/superseded_runs/,data/pallet/archive/test_v3_guide,no,SAFE_CANDIDATE
M330,data/pallet/archive/test_v4_bright,archive/superseded_runs/,SUPERSEDED_RUN,"[확인] 구 렌더/머티리얼 실험 산출물, 코드 참조 0",(코드 참조 0 — 인벤토리 스캔 결과),30,3670256,0,none,none,none,LOW,archive/superseded_runs/,data/pallet/archive/test_v4_bright,no,SAFE_CANDIDATE
M331,data/pallet/archive/test_v4_pt,archive/superseded_runs/,SUPERSEDED_RUN,"[확인] 구 렌더/머티리얼 실험 산출물, 코드 참조 0",(코드 참조 0 — 인벤토리 스캔 결과),10,731812,0,none,none,none,LOW,archive/superseded_runs/,data/pallet/archive/test_v4_pt,no,SAFE_CANDIDATE
M332,data/pallet/archive/test_v5_pt32,archive/superseded_runs/,SUPERSEDED_RUN,"[확인] 구 렌더/머티리얼 실험 산출물, 코드 참조 0",(코드 참조 0 — 인벤토리 스캔 결과),10,716911,0,none,none,none,LOW,archive/superseded_runs/,data/pallet/archive/test_v5_pt32,no,SAFE_CANDIDATE
M333,data/pallet/archive/test_v6_reinhard,archive/superseded_runs/,SUPERSEDED_RUN,"[확인] 구 렌더/머티리얼 실험 산출물, 코드 참조 0",(코드 참조 0 — 인벤토리 스캔 결과),6,378477,0,none,none,none,LOW,archive/superseded_runs/,data/pallet/archive/test_v6_reinhard,no,SAFE_CANDIDATE
M334,data/pallet/archive/test_v7_reinhard2,archive/superseded_runs/,SUPERSEDED_RUN,"[확인] 구 렌더/머티리얼 실험 산출물, 코드 참조 0",(코드 참조 0 — 인벤토리 스캔 결과),10,687908,0,none,none,none,LOW,archive/superseded_runs/,data/pallet/archive/test_v7_reinhard2,no,SAFE_CANDIDATE
M335,data/pallet/archive/test_v8_lowbounce,archive/superseded_runs/,SUPERSEDED_RUN,"[확인] 구 렌더/머티리얼 실험 산출물, 코드 참조 0",(코드 참조 0 — 인벤토리 스캔 결과),15,1414692,0,none,none,none,LOW,archive/superseded_runs/,data/pallet/archive/test_v8_lowbounce,no,SAFE_CANDIDATE
M336,data/pallet/archive/test_yup,archive/superseded_runs/,SUPERSEDED_RUN,"[확인] 구 렌더/머티리얼 실험 산출물, 코드 참조 0",(코드 참조 0 — 인벤토리 스캔 결과),12,3472028,0,none,none,none,LOW,archive/superseded_runs/,data/pallet/archive/test_yup,no,SAFE_CANDIDATE
M337,data/pallet/archive/textures_floor,(유지) assets/materials/floor/ 는 코드 수정 후,ACTIVE_ASSET_MATERIAL,[확인] v2_realize.py:804-810 하드코딩 폴백 + floor_and_mask.py:22 절대경로(구 위치 → 이미 깨짐),scripts/data_prep/blender/v2_realize.py:804,59,674932794,1,scripts/data_prep/blender/v2_realize.py:804,none,none,MED(LICENSE/SOURCES 동반 필요),(유지) assets/materials/floor/ 는 코드 수정 후,data/pallet/archive/textures_floor,yes,BLOCKED_BY_CODE_REFERENCE
M338,data/pallet/archive/textures_wood,(유지) assets/materials/pallet/ 는 코드 수정 후,ACTIVE_ASSET_MATERIAL,"[확인] v2_realize.py:768-774 os.path.join(...,""archive"",""textures_wood"") 하드코딩 폴백 — 이름이 archive지만 현役",scripts/data_prep/blender/v2_realize.py:768,27,314933639,1,scripts/data_prep/blender/v2_realize.py:768,none,none,LOW,(유지) assets/materials/pallet/ 는 코드 수정 후,data/pallet/archive/textures_wood,yes,BLOCKED_BY_CODE_REFERENCE
M339,data/pallet/archive/train_4pallet_mask_v1,archive/legacy_datasets/,LEGACY_DATASET,[확인] 과거 학습셋 렌더 산출물. 현재 실행 코드 참조 0(구 경로 참조는 전부 stale). ledger:25 = NoAI 목재 baked 가능,(코드 참조 0 — 인벤토리 스캔 결과),40040,9845542580,0,none,none,none,"HIGH(NoAI baked → 공개 릴리스 금지, ledger:25/70)",archive/legacy_datasets/,data/pallet/archive/train_4pallet_mask_v1,no,SAFE_CANDIDATE
M340,data/pallet/archive/train_4pallet_mask_v1_pilot,archive/superseded_runs/,SUPERSEDED_RUN,"[추정] archive 하위 소규모 실험 폴더, 코드 참조 0 — 개별 검증 미완",(코드 참조 0 — 인벤토리 스캔 결과),167,46507868,0,none,none,none,LOW,archive/superseded_runs/,data/pallet/archive/train_4pallet_mask_v1_pilot,no,BLOCKED_BY_UNKNOWN_PURPOSE
M341,data/pallet/archive/train_palletobj_addon_v1,archive/legacy_datasets/,LEGACY_DATASET,[확인] 과거 학습셋 렌더 산출물. 현재 실행 코드 참조 0(구 경로 참조는 전부 stale). ledger:25 = NoAI 목재 baked 가능,(코드 참조 0 — 인벤토리 스캔 결과),24002,5752182582,0,none,none,none,"HIGH(NoAI baked → 공개 릴리스 금지, ledger:25/70)",archive/legacy_datasets/,data/pallet/archive/train_palletobj_addon_v1,no,SAFE_CANDIDATE
M342,data/pallet/archive/train_palletobj_v1,archive/legacy_datasets/,LEGACY_DATASET,[확인] 과거 학습셋 렌더 산출물. 현재 실행 코드 참조 0(구 경로 참조는 전부 stale). ledger:25 = NoAI 목재 baked 가능,(코드 참조 0 — 인벤토리 스캔 결과),30012,8337383185,0,none,none,none,"HIGH(NoAI baked → 공개 릴리스 금지, ledger:25/70)",archive/legacy_datasets/,data/pallet/archive/train_palletobj_v1,no,SAFE_CANDIDATE
M343,data/pallet/archive/train_palletobj_v2,archive/legacy_datasets/,LEGACY_DATASET,[확인] 과거 학습셋 렌더 산출물. 현재 실행 코드 참조 0(구 경로 참조는 전부 stale). ledger:25 = NoAI 목재 baked 가능,(코드 참조 0 — 인벤토리 스캔 결과),30010,8341960347,0,none,none,none,"HIGH(NoAI baked → 공개 릴리스 금지, ledger:25/70)",archive/legacy_datasets/,data/pallet/archive/train_palletobj_v2,no,SAFE_CANDIDATE
M344,data/pallet/archive/train_palletobj_v3,archive/legacy_datasets/,LEGACY_DATASET,[확인] 과거 학습셋 렌더 산출물. 현재 실행 코드 참조 0(구 경로 참조는 전부 stale). ledger:25 = NoAI 목재 baked 가능,(코드 참조 0 — 인벤토리 스캔 결과),40002,10682796255,0,none,none,none,"HIGH(NoAI baked → 공개 릴리스 금지, ledger:25/70)",archive/legacy_datasets/,data/pallet/archive/train_palletobj_v3,no,SAFE_CANDIDATE
M345,data/pallet/archive/train_palletobj_v3_post_v1,archive/superseded_runs/,SUPERSEDED_RUN,"[추정] archive 하위 소규모 실험 폴더, 코드 참조 0 — 개별 검증 미완",(코드 참조 0 — 인벤토리 스캔 결과),17722,77884636,0,none,none,none,LOW,archive/superseded_runs/,data/pallet/archive/train_palletobj_v3_post_v1,no,BLOCKED_BY_UNKNOWN_PURPOSE
M346,data/pallet/archive/training_data,archive/legacy_datasets/,LEGACY_DATASET,[확인] 과거 학습셋 렌더 산출물. 현재 실행 코드 참조 0(구 경로 참조는 전부 stale). ledger:25 = NoAI 목재 baked 가능,(코드 참조 0 — 인벤토리 스캔 결과),34704,6435540124,0,none,none,none,"HIGH(NoAI baked → 공개 릴리스 금지, ledger:25/70)",archive/legacy_datasets/,data/pallet/archive/training_data,no,SAFE_CANDIDATE
M347,data/pallet/archive/training_data_v4,archive/legacy_datasets/,LEGACY_DATASET,[확인] 과거 학습셋 렌더 산출물. 현재 실행 코드 참조 0(구 경로 참조는 전부 stale). ledger:25 = NoAI 목재 baked 가능,(코드 참조 0 — 인벤토리 스캔 결과),329,133302744,0,none,none,none,"HIGH(NoAI baked → 공개 릴리스 금지, ledger:25/70)",archive/legacy_datasets/,data/pallet/archive/training_data_v4,no,SAFE_CANDIDATE
M348,data/pallet/archive/training_data_v4_emptywood,archive/legacy_datasets/,LEGACY_DATASET,[확인] 과거 학습셋 렌더 산출물. 현재 실행 코드 참조 0(구 경로 참조는 전부 stale). ledger:25 = NoAI 목재 baked 가능,(코드 참조 0 — 인벤토리 스캔 결과),9031,4820265222,0,none,none,none,"HIGH(NoAI baked → 공개 릴리스 금지, ledger:25/70)",archive/legacy_datasets/,data/pallet/archive/training_data_v4_emptywood,no,SAFE_CANDIDATE
M349,data/pallet/archive/training_data_v4_pilotA,archive/legacy_datasets/,LEGACY_DATASET,[확인] 과거 학습셋 렌더 산출물. 현재 실행 코드 참조 0(구 경로 참조는 전부 stale). ledger:25 = NoAI 목재 baked 가능,(코드 참조 0 — 인벤토리 스캔 결과),482,188826895,0,none,none,none,"HIGH(NoAI baked → 공개 릴리스 금지, ledger:25/70)",archive/legacy_datasets/,data/pallet/archive/training_data_v4_pilotA,no,SAFE_CANDIDATE
M350,data/pallet/archive/training_data_v4_split,archive/legacy_datasets/,LEGACY_DATASET,[확인] 과거 학습셋 렌더 산출물. 현재 실행 코드 참조 0(구 경로 참조는 전부 stale). ledger:25 = NoAI 목재 baked 가능,(코드 참조 0 — 인벤토리 스캔 결과),15053,8321688089,0,none,none,none,"HIGH(NoAI baked → 공개 릴리스 금지, ledger:25/70)",archive/legacy_datasets/,data/pallet/archive/training_data_v4_split,no,SAFE_CANDIDATE
M351,data/pallet/archive/training_data_v4_split_GREYBUG,archive/legacy_datasets/,LEGACY_DATASET,[확인] 과거 학습셋 렌더 산출물. 현재 실행 코드 참조 0(구 경로 참조는 전부 stale). ledger:25 = NoAI 목재 baked 가능,(코드 참조 0 — 인벤토리 스캔 결과),15051,5291018327,0,none,none,none,"HIGH(NoAI baked → 공개 릴리스 금지, ledger:25/70)",archive/legacy_datasets/,data/pallet/archive/training_data_v4_split_GREYBUG,no,SAFE_CANDIDATE
M352,data/pallet/archive/training_data_v4_split_bg1bak,archive/legacy_datasets/,LEGACY_DATASET,[확인] 과거 학습셋 렌더 산출물. 현재 실행 코드 참조 0(구 경로 참조는 전부 stale). ledger:25 = NoAI 목재 baked 가능,(코드 참조 0 — 인벤토리 스캔 결과),15056,5288678749,0,none,none,none,"HIGH(NoAI baked → 공개 릴리스 금지, ledger:25/70)",archive/legacy_datasets/,data/pallet/archive/training_data_v4_split_bg1bak,no,SAFE_CANDIDATE
M353,data/pallet/archive/trunc_addon_v1,archive/legacy_datasets/,LEGACY_DATASET,[확인] 과거 학습셋 렌더 산출물. 현재 실행 코드 참조 0(구 경로 참조는 전부 stale). ledger:25 = NoAI 목재 baked 가능,(코드 참조 0 — 인벤토리 스캔 결과),24015,5546660278,0,none,none,none,"HIGH(NoAI baked → 공개 릴리스 금지, ledger:25/70)",archive/legacy_datasets/,data/pallet/archive/trunc_addon_v1,no,SAFE_CANDIDATE
M354,data/pallet/archive/trunc_addon_v1_pilot,(유지) reference/golden_overlay/ 는 테스트 수정 동반 시,REFERENCE_GOLDEN,[확인] tests/test_overlay_archive_trunc_style.py:42 golden fixture(51 tests pass) + overlay_v2_detailed.py:9 / overlay_archive_trunc_style.py:6 / _verify_archive_style_pixels.py:48 / _make_archive_vs_ne,_docs/blender_mcp_onboarding.md:233;_docs/history/2026-07-28.md:165;reports/v2_overlay_fix/final_report.md:23;reports/v2_overlay_fix/visual_verification.md:38;reports/v2_overlay_fix/visual_verification.md:4;scripts/data_prep/blender/_make_archive_vs_new_sheet.py:22;scripts/data_prep/blender/_verify_,1210,283026342,11,scripts/data_prep/blender/_make_archive_vs_new_sheet.py:22;scripts/data_prep/blender/_verify_archive_style_pixels.py:48;scripts/data_prep/blender/overlay_archive_trunc_style.py:6;scripts/data_prep/blender/overlay_v2_detailed.py:9,_docs/blender_mcp_onboarding.md:233;_docs/history/2026-07-28.md:165;reports/v2_overlay_fix/final_report.md:23;reports/v2_overlay_fix/visual_verification.md:38;reports/v2_overlay_fix/visual_verification.md:4,scripts/data_prep/blender/tests/test_overlay_archive_trunc_style.py:4,LOW,(유지) reference/golden_overlay/ 는 테스트 수정 동반 시,data/pallet/archive/trunc_addon_v1_pilot,yes,BLOCKED_BY_TEST_REFERENCE
M355,data/pallet/archive/usd_debug,archive/superseded_runs/,SUPERSEDED_RUN,"[추정] archive 하위 소규모 실험 폴더, 코드 참조 0 — 개별 검증 미완",(코드 참조 0 — 인벤토리 스캔 결과),5,342314,0,none,none,none,LOW,archive/superseded_runs/,data/pallet/archive/usd_debug,no,BLOCKED_BY_UNKNOWN_PURPOSE
M356,data/pallet/background,assets/scenes/backgrounds/ (config 2줄 수정 필요),ACTIVE_ASSET_BACKGROUND,"[확인] blender.yaml:69 ""data/pallet/background/parking_lot/scene.gltf""",_docs/attribution_cc-by_appendix.md:42;_docs/dataset_license_ledger.md:191;_docs/dataset_license_ledger.md:192;_docs/history/2026-07-24.md:42;_docs/preprocessing/data_pipeline.md:82;config/synthetic/blender.yaml:69;config/synthetic/blender_train_4000.yaml:69,77,291054721,7,,_docs/attribution_cc-by_appendix.md:42;_docs/dataset_license_ledger.md:191;_docs/dataset_license_ledger.md:192;_docs/history/2026-07-24.md:42;_docs/preprocessing/data_pipeline.md:82,none,MED(LICENSE/SOURCES 동반 필요),assets/scenes/backgrounds/ (config 2줄 수정 필요),data/pallet/background,yes,KEEP_CURRENT
M357,data/pallet/blender_scene/_sandbox_palletobj_production.blend,assets/scenes/experimental/,ACTIVE_ASSET_SCENE,[확인] run_addon_v1.sh:56 SCENE= (palletobj addon 파이프라인 진입점),_docs/history/2026-06-23.md:34;_docs/history/2026-07-03.md:9;scripts/data_prep/blender/run_addon_v1.sh:56;scripts/data_prep/blender/run_addon_v1.sh:8;scripts/data_prep/blender/run_chunks.sh:17;scripts/data_prep/blender/run_chunks_v2.sh:9;scripts/data_prep/blender/run_trunc_addon.py:6,1,157014946,7,scripts/data_prep/blender/run_addon_v1.sh:56;scripts/data_prep/blender/run_addon_v1.sh:8;scripts/data_prep/blender/run_chunks.sh:17;scripts/data_prep/blender/run_chunks_v2.sh:9;scripts/data_prep/blender/run_trunc_addon.py:6,_docs/history/2026-06-23.md:34;_docs/history/2026-07-03.md:9,none,LOW,assets/scenes/experimental/,data/pallet/blender_scene/_sandbox_palletobj_production.blend,yes,BLOCKED_BY_CODE_REFERENCE
M358,data/pallet/blender_scene/_sandbox_parking_lot_check.blend,archive/legacy_scenes/,LEGACY_SCENE,"[확인] 2026-03~05 구 씬, 현재 실행 스크립트 참조 0 (indoor는 render_indoor_data.py 1참조=legacy 파이프라인)",scripts/data_prep/blender/gen_palletobj_v1.py:4;scripts/data_prep/blender/gen_palletobj_v1.py:569,1,137789005,2,scripts/data_prep/blender/gen_palletobj_v1.py:4;scripts/data_prep/blender/gen_palletobj_v1.py:569,none,none,LOW,archive/legacy_scenes/,data/pallet/blender_scene/_sandbox_parking_lot_check.blend,no,SAFE_CANDIDATE
M359,data/pallet/blender_scene/_sandbox_parking_lot_check.blend1,archive/legacy_scenes/,LEGACY_SCENE,"[확인] 2026-03~05 구 씬, 현재 실행 스크립트 참조 0 (indoor는 render_indoor_data.py 1참조=legacy 파이프라인)",(코드 참조 0 — 인벤토리 스캔 결과),1,137789046,0,none,none,none,LOW,archive/legacy_scenes/,data/pallet/blender_scene/_sandbox_parking_lot_check.blend1,no,SAFE_CANDIDATE
M360,data/pallet/blender_scene/synth_data_scene.POSTBAKE_CLEAN_20260724_191902.blend,archive/legacy_scenes/rebake_20260724/,LEGACY_SCENE,[확인] 2026-07-24 re-bake 작업 백업본. POSTBAKE_CLEAN 과 REBAKE_WIP 는 SHA256 동일(완전중복),(코드 참조 0 — 인벤토리 스캔 결과),1,245967843,0,none,none,none,LOW,archive/legacy_scenes/rebake_20260724/,data/pallet/blender_scene/synth_data_scene.POSTBAKE_CLEAN_20260724_191902.blend,no,SAFE_CANDIDATE
M361,data/pallet/blender_scene/synth_data_scene.PREBAKE_BACKUP_20260724_181050.blend,archive/legacy_scenes/rebake_20260724/,LEGACY_SCENE,[확인] 2026-07-24 re-bake 작업 백업본. POSTBAKE_CLEAN 과 REBAKE_WIP 는 SHA256 동일(완전중복),(코드 참조 0 — 인벤토리 스캔 결과),1,245475973,0,none,none,none,LOW,archive/legacy_scenes/rebake_20260724/,data/pallet/blender_scene/synth_data_scene.PREBAKE_BACKUP_20260724_181050.blend,no,SAFE_CANDIDATE
M362,data/pallet/blender_scene/synth_data_scene.REBAKE_WIP.blend,archive/legacy_scenes/rebake_20260724/,LEGACY_SCENE,[확인] 2026-07-24 re-bake 작업 백업본. POSTBAKE_CLEAN 과 REBAKE_WIP 는 SHA256 동일(완전중복),(코드 참조 0 — 인벤토리 스캔 결과),1,245967843,0,none,none,none,LOW,archive/legacy_scenes/rebake_20260724/,data/pallet/blender_scene/synth_data_scene.REBAKE_WIP.blend,no,SAFE_CANDIDATE
M363,data/pallet/blender_scene/synth_data_scene.REBAKE_WIP.blend1,archive/legacy_scenes/rebake_20260724/,LEGACY_SCENE,[확인] 2026-07-24 re-bake 작업 백업본. POSTBAKE_CLEAN 과 REBAKE_WIP 는 SHA256 동일(완전중복),(코드 참조 0 — 인벤토리 스캔 결과),1,246594559,0,none,none,none,LOW,archive/legacy_scenes/rebake_20260724/,data/pallet/blender_scene/synth_data_scene.REBAKE_WIP.blend1,no,SAFE_CANDIDATE
M364,data/pallet/blender_scene/synth_data_scene.blend,(유지) assets/scenes/production/ 로 이동은 Stage3 registry 이후,ACTIVE_ASSET_SCENE,[확인] run_v2_scene_logic.py:13/25 등 20개 실행 스크립트 + 문서 35참조. v2 production 씬 정본,_docs/blender_mcp_onboarding.md:140;_docs/blender_mcp_onboarding.md:145;_docs/blender_mcp_onboarding.md:19;_docs/history/2026-03-25.md:45;_docs/history/2026-06-15.md:238;_docs/history/2026-06-16.md:369;_docs/history/2026-06-17.md:14;_docs/history/2026-07-24.md:80;_docs/history/2026-07-26.md:10;_docs,1,358917479,35,,_docs/blender_mcp_onboarding.md:140;_docs/blender_mcp_onboarding.md:145;_docs/blender_mcp_onboarding.md:19;_docs/history/2026-03-25.md:45;_docs/history/2026-06-15.md:238;_docs/history/2026-06-16.md:369;_docs/history/2026-06-17.md:14;_docs/history/2026-07-24.md:80;_docs/history/2026-07-26.md:10;_docs,none,LOW,(유지) assets/scenes/production/ 로 이동은 Stage3 registry 이후,data/pallet/blender_scene/synth_data_scene.blend,yes,KEEP_CURRENT
M365,data/pallet/blender_scene/synth_data_scene.blend1,archive/legacy_scenes/,LEGACY_SCENE,[확인] Blender 자동 백업(.blend1),(코드 참조 0 — 인벤토리 스캔 결과),1,245862236,0,none,none,none,LOW,archive/legacy_scenes/,data/pallet/blender_scene/synth_data_scene.blend1,no,SAFE_CANDIDATE
M366,data/pallet/blender_scene/synth_data_scene12.blend,archive/legacy_scenes/,LEGACY_SCENE,"[확인] 2026-03~05 구 씬, 현재 실행 스크립트 참조 0 (indoor는 render_indoor_data.py 1참조=legacy 파이프라인)",(코드 참조 0 — 인벤토리 스캔 결과),1,257666344,0,none,none,none,LOW,archive/legacy_scenes/,data/pallet/blender_scene/synth_data_scene12.blend,no,SAFE_CANDIDATE
M367,data/pallet/blender_scene/synth_data_scene12.blend1,archive/legacy_scenes/,LEGACY_SCENE,"[확인] 2026-03~05 구 씬, 현재 실행 스크립트 참조 0 (indoor는 render_indoor_data.py 1참조=legacy 파이프라인)",(코드 참조 0 — 인벤토리 스캔 결과),1,265089900,0,none,none,none,LOW,archive/legacy_scenes/,data/pallet/blender_scene/synth_data_scene12.blend1,no,SAFE_CANDIDATE
M368,data/pallet/blender_scene/synth_data_scene121.blend,archive/legacy_scenes/,LEGACY_SCENE,"[확인] 2026-03~05 구 씬, 현재 실행 스크립트 참조 0 (indoor는 render_indoor_data.py 1참조=legacy 파이프라인)",(코드 참조 0 — 인벤토리 스캔 결과),1,265089901,0,none,none,none,LOW,archive/legacy_scenes/,data/pallet/blender_scene/synth_data_scene121.blend,no,SAFE_CANDIDATE
M369,data/pallet/blender_scene/synth_data_scene_indoor.blend,archive/legacy_scenes/,LEGACY_SCENE,"[확인] 2026-03~05 구 씬, 현재 실행 스크립트 참조 0 (indoor는 render_indoor_data.py 1참조=legacy 파이프라인)",_docs/history/2026-04-07.md:111,1,245480818,1,,_docs/history/2026-04-07.md:111,none,LOW,archive/legacy_scenes/,data/pallet/blender_scene/synth_data_scene_indoor.blend,no,SAFE_CANDIDATE
M370,data/pallet/blender_scene/textures,(유지) blend와 동반 이동만 가능,ACTIVE_ASSET_MATERIAL,[확인] synth_data_scene.blend 와 같은 폴더의 158개 텍스처 — blend 내부 상대참조 대상,(코드 참조 0 — 인벤토리 스캔 결과),158,64033891,0,none,none,none,LOW,(유지) blend와 동반 이동만 가능,data/pallet/blender_scene/textures,yes,KEEP_CURRENT
M371,data/pallet/distractors,(유지) assets/distractors/models/,ACTIVE_ASSET_DISTRACTOR,[확인] 209종 CC0/CC-BY occluder pool. blend 통합(2026-07-24) + manifest가 이 트리 기준,_docs/attribution_cc-by_appendix.md:11;_docs/attribution_cc-by_appendix.md:40;_docs/dataset_license_ledger.md:212;_docs/dataset_license_ledger.md:213;_docs/dataset_license_ledger.md:214;_docs/history/2026-07-24.md:18;scripts/data_prep/blender/distractor_pool_v2.py:29;scripts/data_prep/blender/distra,1161,1958754064,9,scripts/data_prep/blender/distractor_pool_v2.py:29;scripts/data_prep/blender/distractor_pool_v2.py:33;scripts/data_prep/blender/v2_pipeline.py:63,_docs/attribution_cc-by_appendix.md:11;_docs/attribution_cc-by_appendix.md:40;_docs/dataset_license_ledger.md:212;_docs/dataset_license_ledger.md:213;_docs/dataset_license_ledger.md:214;_docs/history/2026-07-24.md:18,none,MED(LICENSE/SOURCES 동반 필요),(유지) assets/distractors/models/,data/pallet/distractors,yes,KEEP_CURRENT
M372,data/pallet/distractors/distractors_manifest.csv,(유지) assets/distractors/manifest/ 는 Stage3,ACTIVE_MANIFEST,[확인] v2_pipeline.py:63 + distractor_pool_v2.py:33 이 절대 경로로 하드코딩 로드(209종 pool 정의),_docs/attribution_cc-by_appendix.md:40;scripts/data_prep/blender/distractor_pool_v2.py:33;scripts/data_prep/blender/v2_pipeline.py:63,1,59011,3,scripts/data_prep/blender/distractor_pool_v2.py:33;scripts/data_prep/blender/v2_pipeline.py:63,_docs/attribution_cc-by_appendix.md:40,none,LOW,(유지) assets/distractors/manifest/ 는 Stage3,data/pallet/distractors/distractors_manifest.csv,yes,BLOCKED_BY_CODE_REFERENCE
M373,data/pallet/distractors/distractors_manifest.csv.bak_prefill,archive/legacy_assets/,LEGACY_ASSET,"[확인] manifest 이전 판 백업, 코드 참조 0",(코드 참조 0 — 인벤토리 스캔 결과),1,49880,0,none,none,none,LOW,archive/legacy_assets/,data/pallet/distractors/distractors_manifest.csv.bak_prefill,no,SAFE_CANDIDATE
M374,data/pallet/eval_results,archive/superseded_runs/eval_results/,SUPERSEDED_RUN,[확인] evaluate_on_val.py:13 / visualize_pretrain.py:188 의 출력 경로이나 내용은 2026-04 산출물. 이 머신 역할=합성 전용(평가는 별도 머신),scripts/data_prep/evaluate_on_val.py:13;scripts/data_prep/evaluate_on_val.py:130;scripts/data_prep/visualize_inference.py:11;scripts/data_prep/visualize_inference.py:187;scripts/data_prep/visualize_pretrain.py:188,103,11407963,5,scripts/data_prep/evaluate_on_val.py:13;scripts/data_prep/evaluate_on_val.py:130;scripts/data_prep/visualize_inference.py:11;scripts/data_prep/visualize_inference.py:187;scripts/data_prep/visualize_pretrain.py:188,none,none,LOW,archive/superseded_runs/eval_results/,data/pallet/eval_results,yes,BLOCKED_BY_CODE_REFERENCE
M375,data/pallet/hdri,assets/lighting/hdri/ (config 2줄 수정 필요),ACTIVE_ASSET_HDRI,"[확인] config/synthetic/blender.yaml:330 ""hdri_dir"" → blender_config.py:365 HDRI_DIR, v2_realize.py:90 사용",_docs/dataset_license_ledger.md:176;_docs/dataset_license_ledger.md:179;_docs/history/2026-03-27.md:68;_docs/history/2026-06-16.md:122;_docs/history/2026-07-24.md:12;_docs/history/2026-07-24.md:42;_docs/history/2026-07-26-v2-attempt-log.md:108;config/synthetic/blender.yaml:330;config/synthetic/blend,33,199001533,17,scripts/data_prep/blender/_probe_dist.py:31,_docs/dataset_license_ledger.md:176;_docs/dataset_license_ledger.md:179;_docs/history/2026-03-27.md:68;_docs/history/2026-06-16.md:122;_docs/history/2026-07-24.md:12;_docs/history/2026-07-24.md:42;_docs/history/2026-07-26-v2-attempt-log.md:108,none,MED(LICENSE/SOURCES 동반 필요),assets/lighting/hdri/ (config 2줄 수정 필요),data/pallet/hdri,yes,KEEP_CURRENT
M376,data/pallet/hdri/LICENSE.txt,assets/lighting/hdri/,ACTIVE_LICENSE,[확인] ledger:176-179 가 HDRI 30종 CC0 근거로 인용,(코드 참조 0 — 인벤토리 스캔 결과),1,1073,0,none,none,none,MED(LICENSE/SOURCES 동반 필요),assets/lighting/hdri/,data/pallet/hdri/LICENSE.txt,yes,KEEP_CURRENT
M377,data/pallet/hdri/SOURCES.txt,assets/lighting/hdri/,ACTIVE_LICENSE,[확인] ledger:176-179 가 HDRI 30종 CC0 근거로 인용,_docs/dataset_license_ledger.md:179,1,5430,1,,_docs/dataset_license_ledger.md:179,none,LOW,assets/lighting/hdri/,data/pallet/hdri/SOURCES.txt,yes,KEEP_CURRENT
M378,data/pallet/logs,archive/legacy_datasets/train_4pallet_mask_v1/_stats/,RUN_PRODUCTION,[확인] stats_train_4pallet_mask_v1_chunk_*.json 49개 = train_4pallet_mask_v1 생성 통계. 코드 참조 0,(코드 참조 0 — 인벤토리 스캔 결과),49,823762,0,none,none,none,LOW,archive/legacy_datasets/train_4pallet_mask_v1/_stats/,data/pallet/logs,no,SAFE_CANDIDATE
M379,data/pallet/models_usd,assets/pallets/source_models/ (config 3줄 수정 필요),ACTIVE_ASSET_PALLET,"[확인] blender.yaml:26 ""pallet_source_dir"" + isaac_sim.yaml:5. scene.usd/scene_1.usd/scene_noemit.usd",AGENTS.md:41;CLAUDE.md:41;_docs/dataset_license_ledger.md:118;_docs/dataset_license_ledger.md:119;_docs/dataset_license_ledger.md:120;_docs/dataset_license_ledger.md:121;_docs/history/2026-07-06.md:14;_docs/history/2026-07-23.md:49;_docs/method/step1_synthetic_data.md:23;config/synthetic/blender.yam,21,79612205,14,,AGENTS.md:41;CLAUDE.md:41;_docs/dataset_license_ledger.md:118;_docs/dataset_license_ledger.md:119;_docs/dataset_license_ledger.md:120;_docs/dataset_license_ledger.md:121;_docs/history/2026-07-06.md:14;_docs/history/2026-07-23.md:49;_docs/method/step1_synthetic_data.md:23,none,LOW,assets/pallets/source_models/ (config 3줄 수정 필요),data/pallet/models_usd,yes,KEEP_CURRENT
M380,data/pallet/pallet.zip,archive/legacy_datasets/_packaged/,LEGACY_DATASET,"[확인] zip central directory: train_palletobj_v1 + v2 (60022 엔트리 = 30012+30010), archive/ 추출본과 엔트리수 일치",(코드 참조 0 — 인벤토리 스캔 결과),1,16637698137,0,none,none,none,"HIGH(NoAI baked → 공개 릴리스 금지, ledger:25/70)",archive/legacy_datasets/_packaged/,data/pallet/pallet.zip,no,SAFE_CANDIDATE
M381,data/pallet/pallets_v2_add,assets/pallets/source_models/v2_add/,ACTIVE_ASSET_PALLET,[확인] efront_kp12.py:32 measurements.json 참조 + ledger:154~158 (신규 목재 2종 CC0/CC-BY 원본),_docs/dataset_license_ledger.md:154;_docs/dataset_license_ledger.md:155;_docs/dataset_license_ledger.md:156;_docs/dataset_license_ledger.md:158;scripts/data_prep/blender/efront_kp12.py:32,14,4938262,5,scripts/data_prep/blender/efront_kp12.py:32,_docs/dataset_license_ledger.md:154;_docs/dataset_license_ledger.md:155;_docs/dataset_license_ledger.md:156;_docs/dataset_license_ledger.md:158,none,MED(LICENSE/SOURCES 동반 필요),assets/pallets/source_models/v2_add/,data/pallet/pallets_v2_add,yes,KEEP_CURRENT
M382,data/pallet/pallets_v2_add/LICENSE.txt,assets/licenses/,ACTIVE_LICENSE,[확인] ledger:158 이 인용하는 라이선스 정본,(코드 참조 0 — 인벤토리 스캔 결과),1,2353,0,none,none,none,MED(LICENSE/SOURCES 동반 필요),assets/licenses/,data/pallet/pallets_v2_add/LICENSE.txt,yes,KEEP_CURRENT
M383,data/pallet/pallets_v2_add/SOURCES.txt,assets/licenses/,ACTIVE_LICENSE,[확인] ledger:158 이 인용하는 라이선스 정본,(코드 참조 0 — 인벤토리 스캔 결과),1,6660,0,none,none,none,LOW,assets/licenses/,data/pallet/pallets_v2_add/SOURCES.txt,yes,KEEP_CURRENT
M384,data/pallet/real_data,reference/real_images/,REFERENCE_REAL,"[확인] visualize_inference.py:10 / visualize_pretrain.py:197 + ledger:324 ""본인 촬영(D435i) 본인 IP"". 1924 jpg",_docs/dataset_license_ledger.md:324;scripts/data_prep/visualize_inference.py:10;scripts/data_prep/visualize_inference.py:186;scripts/data_prep/visualize_pretrain.py:197,1924,154480494,4,scripts/data_prep/visualize_inference.py:10;scripts/data_prep/visualize_inference.py:186;scripts/data_prep/visualize_pretrain.py:197,_docs/dataset_license_ledger.md:324,none,LOW,reference/real_images/,data/pallet/real_data,yes,BLOCKED_BY_CODE_REFERENCE
M385,data/pallet/render_2000.log,_staging/logs/,SUPERSEDED_RUN,[확인] 생성 로그. 코드 참조 0~2(문서),(코드 참조 0 — 인벤토리 스캔 결과),1,1015899,0,none,none,none,LOW,_staging/logs/,data/pallet/render_2000.log,no,SAFE_CANDIDATE
M386,data/pallet/test_blender_v64.zip,archive/legacy_datasets/_packaged/,LEGACY_DATASET,[확인] archive/ 추출본과 엔트리 수·비압축 바이트 일치(zipcheck) → 패키징 중복본,(코드 참조 0 — 인벤토리 스캔 결과),1,1781592200,0,none,none,none,"HIGH(NoAI baked → 공개 릴리스 금지, ledger:25/70)",archive/legacy_datasets/_packaged/,data/pallet/test_blender_v64.zip,no,SAFE_CANDIDATE
M387,data/pallet/test_blender_v65.zip,archive/legacy_datasets/_packaged/,LEGACY_DATASET,[확인] archive/ 추출본과 엔트리 수·비압축 바이트 일치(zipcheck) → 패키징 중복본,(코드 참조 0 — 인벤토리 스캔 결과),1,86723195,0,none,none,none,"HIGH(NoAI baked → 공개 릴리스 금지, ledger:25/70)",archive/legacy_datasets/_packaged/,data/pallet/test_blender_v65.zip,no,SAFE_CANDIDATE
M388,data/pallet/test_blender_v68.zip,archive/legacy_datasets/_packaged/,LEGACY_DATASET,[확인] archive/ 추출본과 엔트리 수·비압축 바이트 일치(zipcheck) → 패키징 중복본,(코드 참조 0 — 인벤토리 스캔 결과),1,906940260,0,none,none,none,"HIGH(NoAI baked → 공개 릴리스 금지, ledger:25/70)",archive/legacy_datasets/_packaged/,data/pallet/test_blender_v68.zip,no,SAFE_CANDIDATE
M389,data/pallet/test_blender_v69.zip,archive/legacy_datasets/_packaged/,LEGACY_DATASET,[확인] archive/ 추출본과 엔트리 수·비압축 바이트 일치(zipcheck) → 패키징 중복본,(코드 참조 0 — 인벤토리 스캔 결과),1,3653659280,0,none,none,none,"HIGH(NoAI baked → 공개 릴리스 금지, ledger:25/70)",archive/legacy_datasets/_packaged/,data/pallet/test_blender_v69.zip,no,SAFE_CANDIDATE
M390,data/pallet/test_blender_v70.zip,archive/legacy_datasets/_packaged/,LEGACY_DATASET,[확인] archive/ 추출본과 엔트리 수·비압축 바이트 일치(zipcheck) → 패키징 중복본,(코드 참조 0 — 인벤토리 스캔 결과),1,913350083,0,none,none,none,"HIGH(NoAI baked → 공개 릴리스 금지, ledger:25/70)",archive/legacy_datasets/_packaged/,data/pallet/test_blender_v70.zip,no,SAFE_CANDIDATE
M391,data/pallet/test_canonical_log.txt,_staging/logs/,SUPERSEDED_RUN,[확인] 생성 로그. 코드 참조 0~2(문서),(코드 참조 0 — 인벤토리 스캔 결과),1,605113,0,none,none,none,LOW,_staging/logs/,data/pallet/test_canonical_log.txt,no,SAFE_CANDIDATE
M392,data/pallet/test_indoor_v1.zip,archive/legacy_datasets/_packaged/,LEGACY_DATASET,[확인] archive/ 추출본과 엔트리 수·비압축 바이트 일치(zipcheck) → 패키징 중복본,(코드 참조 0 — 인벤토리 스캔 결과),1,587372076,0,none,none,none,"HIGH(NoAI baked → 공개 릴리스 금지, ledger:25/70)",archive/legacy_datasets/_packaged/,data/pallet/test_indoor_v1.zip,no,SAFE_CANDIDATE
M393,data/pallet/test_indoor_v1_log.txt,_staging/logs/,SUPERSEDED_RUN,[확인] 생성 로그. 코드 참조 0~2(문서),(코드 참조 0 — 인벤토리 스캔 결과),1,134534,0,none,none,none,LOW,_staging/logs/,data/pallet/test_indoor_v1_log.txt,no,SAFE_CANDIDATE
M394,data/pallet/test_iter2_log.txt,_staging/logs/,SUPERSEDED_RUN,[확인] 생성 로그. 코드 참조 0~2(문서),(코드 참조 0 — 인벤토리 스캔 결과),1,594099,0,none,none,none,LOW,_staging/logs/,data/pallet/test_iter2_log.txt,no,SAFE_CANDIDATE
M395,data/pallet/test_iter3_log.txt,_staging/logs/,SUPERSEDED_RUN,[확인] 생성 로그. 코드 참조 0~2(문서),(코드 참조 0 — 인벤토리 스캔 결과),1,594393,0,none,none,none,LOW,_staging/logs/,data/pallet/test_iter3_log.txt,no,SAFE_CANDIDATE
M396,data/pallet/train_4pallet_mask_v1.zip,archive/legacy_datasets/_packaged/,LEGACY_DATASET,[확인] archive/ 추출본과 엔트리 수·비압축 바이트 일치(zipcheck) → 패키징 중복본,(코드 참조 0 — 인벤토리 스캔 결과),1,9675248635,0,none,none,none,"HIGH(NoAI baked → 공개 릴리스 금지, ledger:25/70)",archive/legacy_datasets/_packaged/,data/pallet/train_4pallet_mask_v1.zip,no,SAFE_CANDIDATE
M397,data/pallet/train_4pallet_mask_v1_gen.log,_staging/logs/,SUPERSEDED_RUN,[확인] 생성 로그. 코드 참조 0~2(문서),(코드 참조 0 — 인벤토리 스캔 결과),1,7075,0,none,none,none,LOW,_staging/logs/,data/pallet/train_4pallet_mask_v1_gen.log,no,SAFE_CANDIDATE
M398,data/pallet/train_palletobj_addon_v1.zip,archive/legacy_datasets/_packaged/,LEGACY_DATASET,[확인] archive/ 추출본과 엔트리 수·비압축 바이트 일치(zipcheck) → 패키징 중복본,(코드 참조 0 — 인벤토리 스캔 결과),1,5648950621,0,none,none,none,"HIGH(NoAI baked → 공개 릴리스 금지, ledger:25/70)",archive/legacy_datasets/_packaged/,data/pallet/train_palletobj_addon_v1.zip,no,SAFE_CANDIDATE
M399,data/pallet/train_palletobj_addon_v1_gen.log,_staging/logs/,SUPERSEDED_RUN,[확인] 생성 로그. 코드 참조 0~2(문서),_docs/history/2026-07-03.md:8;scripts/data_prep/blender/run_addon_v1.sh:6,1,1471916,2,scripts/data_prep/blender/run_addon_v1.sh:6,_docs/history/2026-07-03.md:8,none,LOW,_staging/logs/,data/pallet/train_palletobj_addon_v1_gen.log,no,SAFE_CANDIDATE
M400,data/pallet/train_palletobj_v1 (2).zip,archive/legacy_datasets/_packaged/,LEGACY_DATASET,[확인] archive/ 추출본과 엔트리 수·비압축 바이트 일치(zipcheck) → 패키징 중복본,(코드 참조 0 — 인벤토리 스캔 결과),1,8316876455,0,none,none,none,"HIGH(NoAI baked → 공개 릴리스 금지, ledger:25/70)",archive/legacy_datasets/_packaged/,data/pallet/train_palletobj_v1 (2).zip,no,SAFE_CANDIDATE
M401,data/pallet/train_palletobj_v1.zip,archive/legacy_datasets/_packaged/_corrupt/,LEGACY_DATASET,[확인] zipfile.BadZipFile — 열리지 않음(손상 또는 절단). 4.53GB,(코드 참조 0 — 인벤토리 스캔 결과),1,4529431174,0,none,none,none,"HIGH(NoAI baked → 공개 릴리스 금지, ledger:25/70)",archive/legacy_datasets/_packaged/_corrupt/,data/pallet/train_palletobj_v1.zip,yes,NEEDS_USER_DECISION
M402,data/pallet/train_palletobj_v2 (2).zip,archive/legacy_datasets/_packaged/,LEGACY_DATASET,[확인] archive/ 추출본과 엔트리 수·비압축 바이트 일치(zipcheck) → 패키징 중복본,(코드 참조 0 — 인벤토리 스캔 결과),1,8321314846,0,none,none,none,"HIGH(NoAI baked → 공개 릴리스 금지, ledger:25/70)",archive/legacy_datasets/_packaged/,data/pallet/train_palletobj_v2 (2).zip,no,SAFE_CANDIDATE
M403,data/pallet/train_palletobj_v2.zip,archive/legacy_datasets/_packaged/,LEGACY_DATASET,[확인] archive/ 추출본과 엔트리 수·비압축 바이트 일치(zipcheck) → 패키징 중복본,(코드 참조 0 — 인벤토리 스캔 결과),1,8346416419,0,none,none,none,"HIGH(NoAI baked → 공개 릴리스 금지, ledger:25/70)",archive/legacy_datasets/_packaged/,data/pallet/train_palletobj_v2.zip,no,SAFE_CANDIDATE
M404,data/pallet/train_palletobj_v3.zip,archive/legacy_datasets/_packaged/,LEGACY_DATASET,[확인] archive/ 추출본과 엔트리 수·비압축 바이트 일치(zipcheck) → 패키징 중복본,(코드 참조 0 — 인벤토리 스캔 결과),1,10449502513,0,none,none,none,"HIGH(NoAI baked → 공개 릴리스 금지, ledger:25/70)",archive/legacy_datasets/_packaged/,data/pallet/train_palletobj_v3.zip,no,SAFE_CANDIDATE
M405,data/pallet/train_palletobj_v3_gen.log,_staging/logs/,SUPERSEDED_RUN,[확인] 생성 로그. 코드 참조 0~2(문서),(코드 참조 0 — 인벤토리 스캔 결과),1,2354100,0,none,none,none,LOW,_staging/logs/,data/pallet/train_palletobj_v3_gen.log,no,SAFE_CANDIDATE
M406,data/pallet/training_data_v4_emptywood_run.log,_staging/logs/,SUPERSEDED_RUN,[확인] 생성 로그. 코드 참조 0~2(문서),(코드 참조 0 — 인벤토리 스캔 결과),1,5031,0,none,none,none,LOW,_staging/logs/,data/pallet/training_data_v4_emptywood_run.log,no,SAFE_CANDIDATE
M407,data/pallet/training_data_v4_run.log,_staging/logs/,SUPERSEDED_RUN,[확인] 생성 로그. 코드 참조 0~2(문서),(코드 참조 0 — 인벤토리 스캔 결과),1,734,0,none,none,none,LOW,_staging/logs/,data/pallet/training_data_v4_run.log,no,SAFE_CANDIDATE
M408,data/pallet/training_data_v4_split_run.log,_staging/logs/,SUPERSEDED_RUN,[확인] 생성 로그. 코드 참조 0~2(문서),(코드 참조 0 — 인벤토리 스캔 결과),1,7906,0,none,none,none,LOW,_staging/logs/,data/pallet/training_data_v4_split_run.log,no,SAFE_CANDIDATE
M409,data/pallet/trunc_addon_v1.zip,archive/legacy_datasets/_packaged/,LEGACY_DATASET,[확인] archive/ 추출본과 엔트리 수·비압축 바이트 일치(zipcheck) → 패키징 중복본,(코드 참조 0 — 인벤토리 스캔 결과),1,5435835407,0,none,none,none,"HIGH(NoAI baked → 공개 릴리스 금지, ledger:25/70)",archive/legacy_datasets/_packaged/,data/pallet/trunc_addon_v1.zip,no,SAFE_CANDIDATE
M410,data/pallet/trunc_addon_v1_gen.log,_staging/logs/,SUPERSEDED_RUN,[확인] 생성 로그. 코드 참조 0~2(문서),(코드 참조 0 — 인벤토리 스캔 결과),1,1372532,0,none,none,none,LOW,_staging/logs/,data/pallet/trunc_addon_v1_gen.log,no,SAFE_CANDIDATE
M411,data/pallet/trunc_addon_v1_pilot_gen.log,_staging/logs/,SUPERSEDED_RUN,[확인] 생성 로그. 코드 참조 0~2(문서),(코드 참조 0 — 인벤토리 스캔 결과),1,72643,0,none,none,none,LOW,_staging/logs/,data/pallet/trunc_addon_v1_pilot_gen.log,no,SAFE_CANDIDATE
M412,data/pallet/v2_dryrun_audit,runs/diagnostics/v2_dryrun_audit/,RUN_DIAGNOSTIC,[확인] audit_v2_dryrun.py 산출 차트 8개. 문서 2건만 참조(blender_mcp_onboarding.md:135),_docs/blender_mcp_onboarding.md:135;_docs/history/2026-07-24.md:165;_docs/history/2026-07-24.md:167,8,499630,3,,_docs/blender_mcp_onboarding.md:135;_docs/history/2026-07-24.md:165;_docs/history/2026-07-24.md:167,none,LOW,runs/diagnostics/v2_dryrun_audit/,data/pallet/v2_dryrun_audit,no,SAFE_CANDIDATE
