proposal_index,usable_slot,frame_outcome,cand_index,cand_object,is_winner,search_success,search_stages,search_candidates,search_rejects,f_target,f_target_bin,elevation_deg,proj_size_ratio,v_target,v_probe,cam_distance_m,position_mode,scene_preset,pallet_silhouette_px2,size_class,side,seed_side,side_decoupled,nonce,fill_ratio,scale,d_occ_m,in_position_band,bbox_x_m,bbox_y_m,bbox_z_m,dim_max_m,dim_mid_m,dim_min_m,bbox_cross_m2,footprint_m2,A_target_px2,A_target_over_pallet,screen_w_px,screen_h_px,screen_area_px2,silhouette_over_target,planned_bottom_z_m,planned_top_z_m,planned_center_z_m,half_height_m,resample_tries
1903,1400,expensive_reject,0,Dist_concrete_road_barrier_02,False,False,feedback|prealign-rescue|preprobe|primary|refine|rescue,12,"{""camera_clearance"": 6, ""candidate_budget_exhausted"": 3, ""score_callback"": 3, ""support"": 3}",0.2785860087142999,2,20.44037399600981,0.7779790690382287,5,5,1.4694301411579684,near-camera,outdoor-day,204063.13744091004,road,left,left,False,0,0.7784,1.049256107503278,1.0284178484452327,True,1.565,1.112,0.442,1.565,1.112,0.442,1.74028,1.9159410424374563,56849.13498538074,0.2785860087142999,936.9831944214848,665.766972649643,623812.4647735838,10.973121489605827,-0.45588045901932717,0.710892332524318,0.1275059367524954,0.5833863957718226,7
1903,1400,expensive_reject,1,Dist_construction_sign_01,False,False,,0,{},0.2785860087142999,2,20.44037399600981,0.7779790690382287,5,5,1.4694301411579684,near-camera,outdoor-day,204063.13744091004,road,left,left,False,22,0.4797,0.8178065020073192,0.8582250154704646,True,1.068,1.2,0.059,1.2,1.068,0.059,1.2816,0.8571436596081334,56849.13498538074,0.2785860087142999,526.7683106069277,468.82379644016567,246961.51922311223,4.344156147435147,-0.2869422462692064,0.6944255561395766,0.2037416549351851,0.4906839012043915,1
1903,1400,expensive_reject,2,Dist_chinese_screen_panels,False,False,feedback|prealign|prealign-primary|preprobe|primary|refine|rescue,12,"{""candidate_budget_exhausted"": 4, ""score_callback"": 10, ""support"": 2}",0.2785860087142999,2,20.44037399600981,0.7779790690382287,5,5,1.4694301411579684,near-camera,outdoor-day,204063.13744091004,large,left,left,False,9,0.921,0.9922284068432974,1.0110513803337893,True,1.294,1.603,0.377,1.603,1.294,0.377,2.074282,2.0421663301868382,56849.13498538074,0.2785860087142999,1004.1669258515295,810.600126046088,813977.8366665626,14.318209712001497,-0.6599860424857641,0.9305560936840417,0.13528502559913883,0.7952710680849029,15
1903,1400,expensive_reject,3,Dist_utility_box_01,False,False,feedback|prealign|prealign-primary|preprobe|primary|refine|rescue,12,"{""candidate_budget_exhausted"": 4, ""score_callback"": 4, ""support"": 8}",0.2785860087142999,2,20.44037399600981,0.7779790690382287,5,5,1.4694301411579684,near-camera,outdoor-day,204063.13744091004,road,left,left,False,31,0.9166,1.0893981989605876,0.917486897968643,True,0.52,1.12,0.432,1.12,0.52,0.432,0.5824,0.6911855850673285,56849.13498538074,0.2785860087142999,846.8351505564066,393.17346275833165,332953.1085297355,5.856784076228378,-0.4328669441569321,0.7872590386789262,0.17719604726099708,0.6100629914179292,8
1903,1400,expensive_reject,4,Dist_portable_welding_cart,False,False,,0,{},0.2785860087142999,2,20.44037399600981,0.7779790690382287,5,5,1.4694301411579684,near-camera,outdoor-day,204063.13744091004,large,left,left,False,35,0.5805,1.019786298195456,1.0057839349273023,True,0.838,1.563,0.655,1.563,0.838,0.655,1.309794,1.3621387305198593,56849.13498538074,0.2785860087142999,803.0983129206597,430.5799016170908,345797.99256622925,6.082730944897477,-0.6593184811642167,0.934607502915281,0.1376445108755322,0.7969629920397489,8
1903,1400,expensive_reject,5,Dist_concrete_road_barrier,False,False,,0,{},0.2785860087142999,2,20.44037399600981,0.7779790690382287,5,5,1.4694301411579684,near-camera,outdoor-day,204063.13744091004,road,left,left,False,3,0.7231,1.0254832637295235,0.9951159664343073,True,1.545,0.831,0.639,1.545,0.831,0.639,1.2838949999999998,1.350164426987092,56849.13498538074,0.2785860087142999,900.5061692982533,484.3499201856624,436160.09122630564,7.672237956452074,-0.28366520419454044,0.5685113879646935,0.14242309188507654,0.42608829607961696,3
1905,1400,expensive_reject,0,Dist_tool_cart,False,False,feedback|gate-overlap-refine|prealign|preprobe|primary|refine|rescue,12,"{""candidate_budget_exhausted"": 5, ""score_callback"": 12}",0.41898120363364555,3,4.399825367634225,0.07661275773893383,6,8,8.655231373405847,near-pallet,outdoor-day,688.1203939350016,medium,bottom,bottom,False,0,0.3842,0.9796744070376694,5.465338887543392,True,1.273,0.965,0.754,1.273,0.965,0.754,1.2284449999999998,1.179014761057053,288.3095108957453,0.4189812036336455,54.56809801391275,41.365447433955865,2257.2337899654594,7.8292033549378495,-0.4852199905869262,0.46016581220442476,-0.012527089191250718,0.4726929013956755,2
1905,1400,expensive_reject,1,Dist_construction_sign_01,False,False,,0,{},0.41898120363364555,3,4.399825367634225,0.07661275773893383,6,8,8.655231373405847,near-pallet,outdoor-day,688.1203939350016,road,bottom,bottom,False,142,0.4797,1.1305016698925296,6.944343954988604,True,1.068,1.2,0.059,1.2,1.068,0.059,1.2816,1.6379284072471494,288.3095108957453,0.4189812036336455,52.20031891489708,46.4582838342584,2425.137232387096,8.411575548973278,-0.9356133170316382,0.4209886868393974,-0.2573123150961204,0.6783010019355178,1
1905,1400,expensive_reject,2,Dist_chinese_screen_panels,False,False,feedback|prealign|prealign-primary|preprobe|primary|refine|rescue,12,"{""candidate_budget_exhausted"": 4, ""score_callback"": 12}",0.41898120363364555,3,4.399825367634225,0.07661275773893383,6,8,8.655231373405847,near-pallet,outdoor-day,688.1203939350016,large,bottom,bottom,False,4,0.921,1.119064783230828,5.498412315386711,True,1.294,1.603,0.377,1.603,1.294,0.377,2.074282,2.5976357716148297,288.3095108957453,0.4189812036336455,120.79482496570554,97.50998347200434,11778.701385909604,40.85436290087865,-1.3257335343815895,0.4681273131374279,-0.4288031106220808,0.8969304237595087,2
1905,1400,expensive_reject,3,Dist_utility_box_01,False,False,feedback|prealign|prealign-primary|preprobe|primary|refine|rescue,12,"{""candidate_budget_exhausted"": 4, ""score_callback"": 12}",0.41898120363364555,3,4.399825367634225,0.07661275773893383,6,8,8.655231373405847,near-pallet,outdoor-day,688.1203939350016,road,bottom,bottom,False,9,0.9166,0.8559114075964477,7.0565248453107134,True,0.52,1.12,0.432,1.12,0.52,0.432,0.5824,0.4266571182495338,288.3095108957453,0.4189812036336455,50.177954699592036,23.296907539096303,1168.9911711373584,4.054639638856984,-0.537397239318276,0.4212235371897455,-0.058086851064265276,0.47931038825401073,1
1905,1400,expensive_reject,4,Dist_street_lamp_01,False,False,,0,{},0.41898120363364555,3,4.399825367634225,0.07661275773893383,6,8,8.655231373405847,near-pallet,outdoor-day,688.1203939350016,road,bottom,bottom,False,40,0.2753,1.1600284411818462,7.133917915880859,True,0.704,3.871,0.386,3.871,0.704,0.386,2.725184,3.667187409897007,288.3095108957453,0.4189812036336455,127.41890616686247,23.17305862605817,2952.685782672909,10.241374880416695,-2.335922659130561,2.154547436684366,-0.09068761122309751,2.2452350479074634,1
1905,1400,expensive_reject,5,Dist_delivery_truck_01,False,False,,0,{},0.41898120363364555,3,4.399825367634225,0.07661275773893383,6,8,8.655231373405847,near-pallet,outdoor-day,688.1203939350016,large,bottom,bottom,False,42,0.7897,0.8688833189155462,4.793321240090847,True,2.665,2.591,6.0,6.0,2.665,2.591,15.99,12.071781968016218,288.3095108957453,0.4189812036336455,372.88448157055063,165.6228572309196,61758.19325478478,214.20796373629508,-1.8267018765658718,0.4245748027443086,-0.7010635369107816,1.1256383396550902,1
1906,1400,expensive_reject,0,Dist_Balderdash_Game,False,False,corner-contact-refine|feedback|prealign|preprobe|primary|refine|rescue,12,"{""candidate_budget_exhausted"": 4, ""score_callback"": 12}",0.10362381932327244,1,7.27323295537084,0.31264566289543344,5,4,3.806780721410229,near-pallet,indoor,10895.843920655003,small,bottom,bottom,False,0,0.7298,0.9855758166379309,2.2886499486000758,True,0.205,0.061,0.269,0.269,0.205,0.061,0.055145,0.053565630123883365,1129.0689618085305,0.10362381932327244,59.96122372506639,45.69535637040374,2739.9494865224165,2.426733511594894,0.07240007861731884,0.13252020343223261,0.10246014102477573,0.030060062407456886,3
1906,1400,expensive_reject,1,Dist_Shelf_01,False,False,feedback|prealign|prealign-primary|preprobe|primary|refine|rescue,12,"{""candidate_budget_exhausted"": 4, ""score_callback"": 11, ""support"": 1}",0.10362381932327244,1,7.27323295537084,0.31264566289543344,5,4,3.806780721410229,near-pallet,indoor,10895.843920655003,indoor,bottom,bottom,False,554,0.9679,0.8922127411582965,3.0003518367877025,True,1.003,2.08,0.257,2.08,1.003,0.257,2.0862399999999997,1.6607379489202465,1129.0689618085305,0.10362381932327244,368.7061884207747,177.79437835867162,65553.8875672669,58.0601272239947,-1.3396041713864673,0.5161983302227895,-0.41170292058183894,0.9279012508046284,6
1906,1400,expensive_reject,2,Dist_water_dispenser_01,False,False,prealign-primary|preprobe|primary|refine|rescue,12,"{""camera_clearance"": 7, ""candidate_budget_exhausted"": 2, ""collision"": 1, ""score_callback"": 2, ""support"": 2}",0.10362381932327244,1,7.27323295537084,0.31264566289543344,5,4,3.806780721410229,near-pallet,indoor,10895.843920655003,indoor,bottom,bottom,False,32,0.9812,0.8926360018832297,2.4939820197314586,True,0.325,1.1,0.414,1.1,0.414,0.325,0.4554,0.3628622791081684,1129.0689618085305,0.10362381932327244,236.29696695583462,88.93358574519593,21014.736572096448,18.612447319812308,-0.5669478409275474,0.41495176114400534,-0.07599803989177101,0.49094980103577635,1
1906,1400,expensive_reject,3,Dist_wooden_bookshelf_worn,False,False,,0,{},0.10362381932327244,1,7.27323295537084,0.31264566289543344,5,4,3.806780721410229,near-pallet,indoor,10895.843920655003,indoor,bottom,bottom,False,589,0.6379,1.1849115322068848,2.6777863320977646,True,1.374,2.063,0.581,2.063,1.374,0.581,2.8345620000000005,3.9797685277911694,1129.0689618085305,0.10362381932327244,441.7648388431098,294.2243764277425,129977.98423631616,115.11961503938504,-1.772091594351196,0.6723808965916077,-0.549855348879794,1.2222362454714017,1
1906,1400,expensive_reject,4,Dist_forklift_02,False,False,,0,{},0.10362381932327244,1,7.27323295537084,0.31264566289543344,5,4,3.806780721410229,near-pallet,indoor,10895.843920655003,large,bottom,bottom,False,227,0.5807,1.1925450801052115,2.095021818888709,True,2.5,1.774,0.928,2.5,1.774,0.928,4.4350000000000005,6.307296311448751,1129.0689618085305,0.10362381932327244,657.0641735386874,466.25273754305266,306357.96965387644,271.33680936827415,-1.646852875641897,0.4687220964647485,-0.5890653895885742,1.0577874860533227,2
1906,1400,expensive_reject,5,Dist_covered_car,False,False,,0,{},0.10362381932327244,1,7.27323295537084,0.31264566289543344,5,4,3.806780721410229,near-pallet,indoor,10895.843920655003,large,bottom,bottom,False,42,0.7299,0.8657076843377988,3.028321806253035,True,1.789,1.411,4.38,4.38,1.789,1.411,7.835819999999999,5.8725536904747315,1129.0689618085305,0.10362381932327244,648.1576519087483,264.73836512893854,171592.19711213367,151.97671968351617,-1.2361047407446022,-0.014591198143968143,-0.6253479694442852,0.610756771300317,1
1908,1400,expensive_reject,0,Dist_old_military_crate,False,False,,0,{},0.2085870395724851,2,9.604780660360865,0.13442587898437483,7,8,2.8287534701117107,near-camera,random-mix,6927.974000014998,medium,bottom,bottom,False,0,0.7468,1.1080903739422034,1.8751170957246202,True,1.815,0.301,0.976,1.815,0.976,0.301,1.77144,2.1750878945359946,1445.0855868982762,0.2085870395724851,307.5970069809066,165.40753653628914,50878.86317064749,35.20820056053123,-0.528040062088829,-0.19450485953222582,-0.36127246081052744,0.1667676012783016,2
1908,1400,expensive_reject,1,Dist_construction_sign_01,False,False,feedback|prealign-primary|preprobe|primary|refine|rescue,12,"{""camera_clearance"": 7, ""candidate_budget_exhausted"": 3, ""score_callback"": 5}",0.2085870395724851,2,9.604780660360865,0.13442587898437483,7,8,2.8287534701117107,near-camera,random-mix,6927.974000014998,road,bottom,bottom,False,154,0.4797,0.8577779312610785,1.3687597174437927,True,1.068,1.2,0.059,1.2,1.068,0.059,1.2816,0.9429794663458992,1445.0855868982762,0.2085870395724851,172.8503610238077,153.83682131118886,26590.750102393988,18.40081331062766,-0.6070837298604548,0.4222497876528392,-0.0924169711038078,0.514666758756647,1
1908,1400,expensive_reject,2,Dist_chinese_screen_panels,False,False,feedback|prealign|prealign-primary|preprobe|primary|refine|rescue,12,"{""candidate_budget_exhausted"": 4, ""score_callback"": 12}",0.2085870395724851,2,9.604780660360865,0.13442587898437483,7,8,2.8287534701117107,near-camera,random-mix,6927.974000014998,large,bottom,bottom,False,26,0.921,0.9509433242793333,1.3979582384395557,True,1.294,1.603,0.377,1.603,1.294,0.377,2.074282,1.8757591199103139,1445.0855868982762,0.2085870395724851,347.2804264687844,280.33741225864446,97355.69608433748,67.37019382589042,-1.1187936356723063,0.40556851314746495,-0.35661256126242064,0.7621810744098856,4
1908,1400,expensive_reject,3,Dist_utility_box_01,False,False,feedback|prealign|prealign-primary|preprobe|primary|refine|rescue,12,"{""candidate_budget_exhausted"": 4, ""score_callback"": 12}",0.2085870395724851,2,9.604780660360865,0.13442587898437483,7,8,2.8287534701117107,near-camera,random-mix,6927.974000014998,road,bottom,bottom,False,239,0.9166,1.055064889255714,1.6174005584847,True,0.52,1.12,0.432,1.12,0.52,0.432,0.5824,0.6483055025225961,1445.0855868982762,0.2085870395724851,232.12721646397006,107.77335050112893,25017.12786082287,17.311865876760628,-0.6958871269354092,0.48578554903099064,-0.10505078895220928,0.5908363379831999,1
1908,1400,expensive_reject,4,Dist_street_lamp_01,False,False,,0,{},0.2085870395724851,2,9.604780660360865,0.13442587898437483,7,8,2.8287534701117107,near-camera,random-mix,6927.974000014998,road,bottom,bottom,False,368,0.2753,0.8783527708777138,1.9072932980719837,True,0.704,3.871,0.386,3.871,0.704,0.386,2.725184,2.1024892397063994,1445.0855868982762,0.2085870395724851,310.4089984115999,56.45257940629458,17523.38863125921,12.126194316885629,-1.7840003164012472,1.616103259666383,-0.08394852836743227,1.700051788033815,2
1908,1400,expensive_reject,5,Dist_forklift_02,False,False,,0,{},0.2085870395724851,2,9.604780660360865,0.13442587898437483,7,8,2.8287534701117107,near-camera,random-mix,6927.974000014998,large,bottom,bottom,False,297,0.5807,1.117103346798616,1.7603991625219877,True,2.5,1.774,0.928,2.5,1.774,0.928,4.4350000000000005,5.5345247007461476,1445.0855868982762,0.2085870395724851,401.1942074007958,284.6874095716047,114214.93964006567,79.03679939484829,-1.5925464491331334,0.3891948880876114,-0.601675780522761,0.9908706686103723,1
1911,1400,accepted,0,Dist_Closetmaid_Premium_Fabric_Cube_Red,True,True,preprobe,1,{},0.17465044472507862,1,0.7423680230502536,0.09832987100197069,6,6,9.915984794875294,near-pallet,indoor,1133.4841252900014,indoor,left,left,False,0,0.888,1.0355849510008057,7.054170310087322,True,0.322,0.275,0.289,0.322,0.289,0.275,0.093058,0.09979876703782162,197.96350657071548,0.17465044472507862,25.270320785747984,22.680505301494307,573.1436445516189,2.8951984862264677,-0.0470355280161745,0.23775033350904712,0.09535740274643631,0.1423929307626108,3
1911,1400,accepted,1,Dist_chinese_screen_panels,False,False,,0,{},0.17465044472507862,1,0.7423680230502536,0.09832987100197069,6,6,9.915984794875294,near-pallet,indoor,1133.4841252900014,large,left,left,False,477,0.921,0.9882752693361538,5.521931102618069,True,1.294,1.603,0.377,1.603,1.294,0.377,2.074282,2.025926354571773,197.96350657071548,0.17465044472507862,156.19203809766293,126.08390349243656,19693.301857792707,99.47945557712158,-0.6732608491245522,0.9109444076213025,0.11884177924837512,0.7921026283729273,1
1911,1400,accepted,2,Dist_water_dispenser_01,False,False,,0,{},0.17465044472507862,1,0.7423680230502536,0.09832987100197069,6,6,9.915984794875294,near-pallet,indoor,1133.4841252900014,indoor,left,left,False,66,0.9812,0.8573141537299598,6.092486612917092,True,0.325,1.1,0.414,1.1,0.414,0.325,0.4554,0.3347133339977756,197.96350657071548,0.17465044472507862,86.98121612801523,32.73656679727118,2847.466391882652,14.38379447408654,-0.36142581509115734,0.5816197540117984,0.11009696946032056,0.4715227845514779,2
1911,1400,accepted,3,Dist_delivery_truck_01,False,False,,0,{},0.17465044472507862,1,0.7423680230502536,0.09832987100197069,6,6,9.915984794875294,near-pallet,indoor,1133.4841252900014,large,left,left,False,571,0.7897,0.9989442496554448,5.500718814037334,True,2.665,2.591,6.0,6.0,2.665,2.591,15.99,15.956254926575678,197.96350657071548,0.17465044472507862,549.3039674362839,243.98251220294944,134020.56193815166,676.9963022971486,-1.1749653789472072,1.4132991719100505,0.11916689648142162,1.2941322754286289,2
1911,1400,accepted,4,Dist_delivery_van_01,False,False,,0,{},0.17465044472507862,1,0.7423680230502536,0.09832987100197069,6,6,9.915984794875294,near-pallet,indoor,1133.4841252900014,large,left,left,False,96,0.8028,0.9558107594629793,8.343176029807497,True,2.476,2.34,5.0,5.0,2.476,2.34,12.379999999999999,11.310048693866342,197.96350657071548,0.17465044472507862,291.15402945423625,144.1794753857378,41978.43522315543,212.05138234990858,-1.0426975629545487,1.193899614188823,0.07560102561713701,1.1182985885716858,1
1911,1400,accepted,5,Dist_cargo_truck_01,False,False,,0,{},0.17465044472507862,1,0.7423680230502536,0.09832987100197069,6,6,9.915984794875294,near-pallet,indoor,1133.4841252900014,large,left,left,False,105,0.4835,1.003488185882848,8.922886996975684,True,2.321,2.038,6.5,6.5,2.321,2.038,15.086500000000001,15.191932596738097,197.96350657071548,0.17465044472507862,288.3547283214953,102.96481914372164,29690.392450859752,149.97911971343015,-0.9558385697562791,1.089270353072965,0.06671589165834291,1.022554461414622,1
1913,1401,accepted,0,Dist_old_military_compressor,False,False,,0,{},0.43309787532889565,3,46.4746144236669,0.3158967523695706,7,7,2.9303577170940245,near-camera,random-mix,47651.91595168998,large,right,bottom,True,2,0.4993,0.8589897913868386,1.2680301145810642,True,0.598,1.179,1.676,1.676,1.179,0.598,1.976004,1.4580211517864927,20637.943554028043,0.43309787532889565,486.0924140975429,341.9468712535819,166217.78014075532,8.053989473593337,0.46822606828943203,1.480975032334515,0.9746005503119735,0.5063744820225415,2
1913,1401,accepted,1,Dist_construction_sign_01,False,False,,0,{},0.43309787532889565,3,46.4746144236669,0.3158967523695706,7,7,2.9303577170940245,near-camera,random-mix,47651.91595168998,road,right,bottom,True,323,0.4797,0.9265161768174143,0.9468247227201204,True,1.068,1.2,0.059,1.2,1.068,0.059,1.2816,1.1001667407190254,20637.943554028043,0.43309787532889565,492.78233817416606,438.5762809750078,216122.64520659437,10.472101769287585,0.6889626530528221,1.8007820652337192,1.2448723591432707,0.5559097060904485,2
1913,1401,accepted,2,Dist_Shelf_01,False,False,feedback|prealign-primary|preprobe|primary|refine|rescue,12,"{""camera_clearance"": 9, ""candidate_budget_exhausted"": 3, ""score_callback"": 3}",0.43309787532889565,3,46.4746144236669,0.3158967523695706,7,7,2.9303577170940245,near-camera,random-mix,47651.91595168998,indoor,right,bottom,True,267,0.9679,1.1191325796098481,1.7854001305648988,True,1.003,2.08,0.257,2.08,1.003,0.257,2.0862399999999997,2.6129274161877647,20637.943554028043,0.43309787532889565,777.1953044746033,374.7725434557822,291271.46101983817,14.113395564694661,-0.7148189599466548,1.6129768056418294,0.4490789228475873,1.1638978827942421,2
1913,1401,accepted,3,Dist_utility_box_01,False,False,feedback|gate-overlap-refine|prealign|preprobe|primary|refine|rescue,12,"{""candidate_budget_exhausted"": 5, ""score_callback"": 12}",0.43309787532889565,3,46.4746144236669,0.3158967523695706,7,7,2.9303577170940245,near-camera,random-mix,47651.91595168998,road,right,bottom,True,20,0.9166,1.1115990158392666,0.9555058647138505,True,0.52,1.12,0.432,1.12,0.52,0.432,0.5824,0.7196439414614347,20637.943554028043,0.43309787532889565,755.8373644086961,350.9244906183231,265241.8420954175,12.8521449533497,0.6502953527500449,1.8952862504900234,1.2727908016200342,0.6224954488699892,8
1913,1401,accepted,4,Dist_water_dispenser_01,True,True,gate-overlap-refine|preprobe,12,"{""score_callback"": 10}",0.43309787532889565,3,46.4746144236669,0.3158967523695706,7,7,2.9303577170940245,near-camera,random-mix,47651.91595168998,indoor,right,bottom,True,383,0.9812,1.029678507450507,1.9773252143374989,True,0.325,1.1,0.414,1.1,0.414,0.325,0.4554,0.4828323071924865,20637.943554028043,0.43309787532889565,343.79583404839997,129.39225026912504,44484.51660067315,2.1554723455957325,-0.0929750770109487,1.0396712811846092,0.47334810208683026,0.566323179097779,1
1913,1401,accepted,5,Dist_street_lamp_01,False,False,,0,{},0.43309787532889565,3,46.4746144236669,0.3158967523695706,7,7,2.9303577170940245,near-camera,random-mix,47651.91595168998,road,right,bottom,True,488,0.2753,0.8066476731165496,1.8903102150080542,True,0.704,3.871,0.386,3.871,0.704,0.386,2.725184,1.7732240019895493,20637.943554028043,0.43309787532889565,525.1491811964358,95.50633520079846,50155.07372977165,2.4302360164165946,-0.983899126755921,2.1386340158782424,0.5773674445611607,1.5612665713170817,2
1915,1402,expensive_reject,0,Dist_wooden_crate_01,False,False,feedback|prealign-primary|preprobe|primary|refine|rescue,12,"{""candidate_budget_exhausted"": 3, ""collision"": 1, ""score_callback"": 5, ""support"": 6}",0.27613593683485277,2,71.42308856397536,0.08535996915157187,6,8,5.509027250913589,near-camera,outdoor-night,7316.473395230001,small,bottom,bottom,False,5,0.9288,1.1336786143816127,2.4559702276904023,True,0.825,0.35,0.409,0.825,0.409,0.35,0.337425,0.43366778819829394,2020.3412353191125,0.27613593683485277,150.62242185651414,74.67220671432035,11247.308620681188,5.567034134659276,2.5426306856272762,2.9394182006608403,2.7410244431440582,0.198393757516782,1
1915,1402,expensive_reject,1,Dist_construction_sign_01,False,False,,0,{},0.27613593683485277,2,71.42308856397536,0.08535996915157187,6,8,5.509027250913589,near-camera,outdoor-night,7316.473395230001,road,bottom,bottom,False,92,0.4797,1.1196166689008478,3.608854312859842,True,1.068,1.2,0.059,1.2,1.068,0.059,1.2816,1.6065387675356562,2020.3412353191125,0.27613593683485277,105.82147938989252,94.18111665700434,9966.385095236248,4.933020680371383,0.8474586054675753,2.190998608148593,1.519228606808084,0.6717700013405088,2
1915,1402,expensive_reject,2,Dist_chinese_screen_panels,False,False,feedback|prealign|prealign-primary|preprobe|primary|refine|rescue,12,"{""candidate_budget_exhausted"": 4, ""score_callback"": 6, ""support"": 6}",0.27613593683485277,2,71.42308856397536,0.08535996915157187,6,8,5.509027250913589,near-camera,outdoor-night,7316.473395230001,large,bottom,bottom,False,17,0.921,1.0685455878345302,2.9632109356880605,True,1.294,1.603,0.377,1.603,1.294,0.377,2.074282,2.3683937670719164,2020.3412353191125,0.27613593683485277,227.66776445567282,183.78171379016882,41841.17192644003,20.709952950017986,1.2236366797528095,2.9365152570515614,2.0800759684021854,0.8564392886493759,1
1915,1402,expensive_reject,3,Dist_utility_box_01,False,False,feedback|gate-overlap-refine|prealign|preprobe|primary|refine|rescue,12,"{""candidate_budget_exhausted"": 5, ""collision"": 1, ""score_callback"": 10, ""support"": 1}",0.27613593683485277,2,71.42308856397536,0.08535996915157187,6,8,5.509027250913589,near-camera,outdoor-night,7316.473395230001,road,bottom,bottom,False,54,0.9166,0.9138978626484112,3.6455507434201886,True,0.52,1.12,0.432,1.12,0.52,0.432,0.5824,0.48642589827298194,2020.3412353191125,0.27613593683485277,110.31896560962299,51.21951974732496,5650.484437546548,2.7967970651522416,1.0311505685105526,2.0547161746767735,1.542933371593663,0.5117828030831104,1
1915,1402,expensive_reject,4,Dist_street_lamp_01,False,False,,0,{},0.27613593683485277,2,71.42308856397536,0.08535996915157187,6,8,5.509027250913589,near-camera,outdoor-night,7316.473395230001,road,bottom,bottom,False,130,0.2753,0.8167567512138368,2.084416800780128,True,0.704,3.871,0.386,3.871,0.704,0.386,2.725184,1.8179473293831445,2020.3412353191125,0.27613593683485277,326.61954013509177,59.400712026635134,19401.433245836583,9.603047696431405,1.5599730678426222,4.721638451791384,3.1408057598170034,1.580832691974381,1
1915,1402,expensive_reject,5,Dist_delivery_truck_01,False,False,,0,{},0.27613593683485277,2,71.42308856397536,0.08535996915157187,6,8,5.509027250913589,near-camera,outdoor-night,7316.473395230001,large,bottom,bottom,False,269,0.7897,0.9002629384296016,2.9724776417599537,True,2.665,2.591,6.0,6.0,2.665,2.591,15.99,12.95946899937531,2020.3412353191125,0.27613593683485277,662.7363818317019,294.3654095969142,195086.66649266589,96.56124573522946,0.7684503607811823,3.1010316342522803,1.9347409975167313,1.166290636735549,1
1917,1402,expensive_reject,0,Dist_utility_box_01,False,False,feedback|prealign|prealign-primary|preprobe|primary|refine|rescue,12,"{""candidate_budget_exhausted"": 4, ""collision"": 2, ""score_callback"": 9, ""support"": 1}",0.11008078512828355,1,7.6455981185470705,0.45169261818025025,6,6,1.4708581199231323,near-pallet,outdoor-day,43441.27899215499,road,left,left,False,0,0.9166,1.0431610201743313,0.9771376182715378,True,0.52,1.12,0.432,1.12,0.52,0.432,0.5824,0.6337588939200948,4782.050098433232,0.11008078512828355,442.4911923154746,205.44233928932746,90906.42566421478,19.00992749824995,-0.5235539350869975,0.6447864075082537,0.060616236210628074,0.5841701712976256,7
1917,1402,expensive_reject,1,Dist_construction_sign_01,False,False,feedback|prealign|prealign-primary|preprobe|primary|refine|rescue,12,"{""candidate_budget_exhausted"": 4, ""score_callback"": 12}",0.11008078512828355,1,7.6455981185470705,0.45169261818025025,6,6,1.4708581199231323,near-pallet,outdoor-day,43441.27899215499,road,left,left,False,215,0.4797,0.9160108325754803,1.2569471976717075,True,1.068,1.2,0.059,1.2,1.068,0.059,1.2816,1.0753596034590327,4782.050098433232,0.11008078512828355,234.12659289355895,208.37266767526748,48785.5827349522,10.201813391904045,-0.5491463965277357,0.5500666025628407,0.0004601030175524918,0.5496064995452882,1
1917,1402,expensive_reject,2,Dist_chinese_screen_panels,False,False,feedback|prealign|prealign-primary|preprobe|primary|refine|rescue,12,"{""candidate_budget_exhausted"": 4, ""score_callback"": 8, ""support"": 4}",0.11008078512828355,1,7.6455981185470705,0.45169261818025025,6,6,1.4708581199231323,near-pallet,outdoor-day,43441.27899215499,large,left,left,False,21,0.921,0.8058739763883174,1.1299649610135345,True,1.294,1.603,0.377,1.603,1.294,0.377,2.074282,1.3471069037786718,4782.050098433232,0.11008078512828355,424.09832449593625,342.34761815205337,145189.0512534604,30.361256838574203,-0.6181480362151223,0.6736679479353506,0.027759955860114115,0.6459079920752364,4
1917,1402,expensive_reject,3,Dist_worn_metal_rack,False,False,,0,{},0.11008078512828355,1,7.6455981185470705,0.45169261818025025,6,6,1.4708581199231323,near-pallet,outdoor-day,43441.27899215499,large,left,left,False,92,0.2123,1.0809218708576611,1.3089785723230076,True,0.915,1.9,0.6,1.9,0.915,0.6,1.7385,2.031249650026914,4782.050098433232,0.11008078512828355,279.441838084747,134.5733062355492,37605.412051603416,7.863868273551604,-1.0376018756790806,1.0161496789504756,-0.010726098364302453,1.026875777314778,4
1917,1402,expensive_reject,4,Dist_forklift_01,False,False,,0,{},0.11008078512828355,1,7.6455981185470705,0.45169261818025025,6,6,1.4708581199231323,near-pallet,outdoor-day,43441.27899215499,large,left,left,False,28,0.5646,0.8395586924201673,1.2738821982670383,True,0.83,1.539,2.5,2.5,1.539,0.83,3.8474999999999997,2.7119442253752597,4782.050098433232,0.11008078512828355,478.55659291384285,294.59943859776166,140982.50360967568,29.481603226169987,-0.6492211588136956,0.6428596688209418,-0.0031807449963769277,0.6460404138173187,3
1917,1402,expensive_reject,5,Dist_old_military_compressor,False,False,,0,{},0.11008078512828355,1,7.6455981185470705,0.45169261818025025,6,6,1.4708581199231323,near-pallet,outdoor-day,43441.27899215499,large,left,left,False,29,0.4993,1.1801957885613823,1.2422165820503803,True,0.598,1.179,1.676,1.676,1.179,0.598,1.976004,2.752301079740331,4782.050098433232,0.11008078512828355,434.9232252630768,305.9513619243243,133065.35310175805,27.82600565923702,-0.6920983860403865,0.6993524486734833,0.0036270313165484435,0.6957254173569349,1
1918,1402,expensive_reject,0,Dist_metal_office_desk,False,False,,0,{},0.281804049244971,2,1.3905555059616281,0.15057037487292438,4,4,8.721907012819948,near-pallet,indoor,1695.779652274996,medium,left,left,False,0,0.7573,0.8674693370242629,6.340564790299585,True,2.0,0.788,0.947,2.0,0.947,0.788,1.894,1.425240777982833,477.8775726383227,0.281804049244971,159.1975894987999,75.38005862768176,12000.323629805152,25.111711276912107,-0.22545133097545997,0.45811450659965913,0.1163315878120996,0.34178291878755956,2
1918,1402,expensive_reject,1,Dist_Shelf_01,False,False,feedback|prealign|prealign-primary|preprobe|primary|refine|rescue,12,"{""candidate_budget_exhausted"": 4, ""score_callback"": 12}",0.281804049244971,2,1.3905555059616281,0.15057037487292438,4,4,8.721907012819948,near-pallet,indoor,1695.779652274996,indoor,left,left,False,558,0.9679,0.9959208294140235,5.496455857662034,True,1.003,2.08,0.257,2.08,1.003,0.257,2.0862399999999997,2.0692544565806847,477.8775726383227,0.281804049244971,247.89454880223198,119.5376117541532,29632.72233069219,62.00902496238184,-0.8967508118032259,1.174764513377943,0.13900685078735855,1.0357576625905844,3
1918,1402,expensive_reject,2,Dist_water_dispenser_01,False,False,feedback|prealign|prealign-primary|preprobe|primary|refine|rescue,12,"{""candidate_budget_exhausted"": 4, ""score_callback"": 12}",0.281804049244971,2,1.3905555059616281,0.15057037487292438,4,4,8.721907012819948,near-pallet,indoor,1695.779652274996,indoor,left,left,False,74,0.9812,1.0284546126174625,5.990173144223253,True,0.325,1.1,0.414,1.1,0.414,0.325,0.4554,0.48168518260351706,477.8775726383227,0.281804049244971,125.07299086560522,47.07292565305505,5887.551600221868,12.32020906048631,-0.43990589298467553,0.6913941808945334,0.12574414395492892,0.5656500369396045,1
1918,1402,expensive_reject,3,Dist_delivery_truck_01,False,False,feedback|prealign|prealign-primary|preprobe|primary|refine|rescue,12,"{""candidate_budget_exhausted"": 4, ""score_callback"": 12}",0.281804049244971,2,1.3905555059616281,0.15057037487292438,4,4,8.721907012819948,near-pallet,indoor,1695.779652274996,large,left,left,False,4,0.7897,0.9338721721701158,5.191745560689175,True,2.665,2.591,6.0,6.0,2.665,2.591,15.99,13.945154570920149,477.8775726383227,0.281804049244971,641.2135323097141,284.80567726756465,182621.25434259555,382.1507113932103,-1.0626391282877685,1.3570236698050018,0.1471922707586167,1.2098313990463851,3
1918,1402,expensive_reject,4,Dist_delivery_van_01,False,False,,0,{},0.281804049244971,2,1.3905555059616281,0.15057037487292438,4,4,8.721907012819948,near-pallet,indoor,1695.779652274996,large,left,left,False,54,0.8028,0.9338123181187319,4.797253908799381,True,2.476,2.34,5.0,5.0,2.476,2.34,12.379999999999999,10.795427414922063,477.8775726383227,0.281804049244971,583.0246341072962,288.71379880993305,168327.25691288873,352.23929004152217,-0.9347709286846014,1.250349895713231,0.15778948351431485,1.0925604121989163,1
1918,1402,expensive_reject,5,Dist_covered_car,False,False,,0,{},0.281804049244971,2,1.3905555059616281,0.15057037487292438,4,4,8.721907012819948,near-pallet,indoor,1695.779652274996,large,left,left,False,97,0.7299,1.0484927512908986,5.663304006703196,True,1.789,1.411,4.38,4.38,1.789,1.411,7.835819999999999,8.614207239287985,477.8775726383227,0.281804049244971,463.17773554589934,189.1837828519666,87625.71614338104,183.3643618377123,-0.6051868201021209,0.8742364519693371,0.13452481593360816,0.739711636035729,3
1919,1402,accepted,0,Dist_wicker_basket_01,False,False,,0,{},0.14577405107444666,1,66.46560519100795,0.4052980933912868,7,7,2.9309683555854438,near-camera,outdoor-night,67829.381486205,small,bottom,bottom,False,1,0.868,1.1066056511886257,0.9980694520563359,True,0.383,0.117,0.295,0.383,0.295,0.117,0.112985,0.13835872695740545,9887.763721118175,0.14577405107444666,273.44106450638697,210.61387475035025,57590.48211155063,5.824419326338626,1.6060159880707339,1.735488849259803,1.6707524186652685,0.0647364305945346,2
1919,1402,accepted,1,Dist_construction_sign_01,False,False,,0,{},0.14577405107444666,1,66.46560519100795,0.4052980933912868,7,7,2.9309683555854438,near-camera,outdoor-night,67829.381486205,road,bottom,bottom,False,205,0.4797,0.9324823776840214,1.1537215657672075,True,1.068,1.2,0.059,1.2,1.068,0.059,1.2816,1.114381169820301,9887.763721118175,0.14577405107444666,464.27864348029516,413.2079926974627,191843.6463247937,19.4021268848745,0.8553437168058958,1.9743225700267213,1.4148331434163086,0.5594894266104127,1
1919,1402,accepted,2,Dist_chinese_screen_panels,False,False,,0,{},0.14577405107444666,1,66.46560519100795,0.4052980933912868,7,7,2.9309683555854438,near-camera,outdoor-night,67829.381486205,large,bottom,bottom,False,114,0.921,0.8416342350155248,1.374256991895086,True,1.294,1.603,0.377,1.603,1.294,0.377,2.074282,1.469313891019373,9887.763721118175,0.14577405107444666,651.1660570294212,525.6449643144548,342282.1588100143,34.616741304100124,0.4307573460636769,1.779897024793563,1.10532718542862,0.6745698393649431,1
1919,1402,accepted,3,Dist_utility_box_01,True,True,prealign|preprobe,9,"{""score_callback"": 4}",0.14577405107444666,1,66.46560519100795,0.4052980933912868,7,7,2.9309683555854438,near-camera,outdoor-night,67829.381486205,road,bottom,bottom,False,118,0.9166,1.0363164788378985,0.915238075943199,True,0.52,1.12,0.432,1.12,0.52,0.432,0.5824,0.625469554126715,9887.763721118175,0.14577405107444666,839.1493314212962,389.60504673131607,326936.81448294676,33.064788328697496,1.1202659696323116,2.280940425930758,1.7006031977815348,0.5803372281492232,1
1919,1402,accepted,4,Dist_street_lamp_01,False,False,,0,{},0.14577405107444666,1,66.46560519100795,0.4052980933912868,7,7,2.9309683555854438,near-camera,outdoor-night,67829.381486205,road,bottom,bottom,False,244,0.2753,0.8440867118360736,1.8811273246324718,True,0.704,3.871,0.386,3.871,0.704,0.386,2.725184,1.9416455743500758,9887.763721118175,0.14577405107444666,629.8949515931305,114.55594056356594,72158.2086359929,7.297727845364893,-0.8794552652677442,2.3880043962496966,0.7542745654909763,1.6337298307587205,1
1919,1402,accepted,5,Dist_steel_frame_shelves_03,False,False,,0,{},0.14577405107444666,1,66.46560519100795,0.4052980933912868,7,7,2.9309683555854438,near-camera,outdoor-night,67829.381486205,large,bottom,bottom,False,42,0.2394,1.1942232011842522,1.9728747699191054,True,2.351,2.312,0.721,2.351,2.312,0.721,5.435511999999999,7.751959008386929,9887.763721118175,0.14577405107444666,481.25324040687184,473.2698816761751,227762.66414363607,23.034800443014543,-0.9621589636234604,1.7988850775145304,0.418363056945535,1.3805220205689954,1
1922,1403,expensive_reject,0,Dist_old_military_compressor,False,False,,0,{},0.39408678035404066,3,18.506454330620457,0.09783210349192004,5,4,7.074506508300014,near-pallet,outdoor-day,5836.447652654999,large,right,right,False,0,0.4993,1.196606986995317,5.683304853264323,True,0.598,1.179,1.676,1.676,1.179,0.598,1.976004,2.829377451373323,2300.0668641397065,0.3940867803540406,150.61265666892027,105.95007291924642,15957.421956633529,6.937807854817334,-0.39454424759384055,1.0162553900736384,0.31085557123989893,0.7053998188337395,7
1922,1403,expensive_reject,1,Dist_construction_sign_01,False,False,,0,{},0.39408678035404066,3,18.506454330620457,0.09783210349192004,5,4,7.074506508300014,near-pallet,outdoor-day,5836.447652654999,road,right,right,False,162,0.4797,1.0022667450202527,5.251265042656659,True,1.068,1.2,0.059,1.2,1.068,0.059,1.2816,1.2874167058671477,2300.0668641397065,0.3940867803540406,95.81678116159893,85.27693523382305,8170.961441431068,3.5524886553623087,-0.13773083290715044,1.0649892611171528,0.4636292141050012,0.6013600470121516,5
1922,1403,expensive_reject,2,Dist_chinese_screen_panels,False,False,feedback|prealign|prealign-primary|preprobe|primary|refine|rescue,12,"{""candidate_budget_exhausted"": 4, ""score_callback"": 12}",0.39408678035404066,3,18.506454330620457,0.09783210349192004,5,4,7.074506508300014,near-pallet,outdoor-day,5836.447652654999,large,right,right,False,47,0.921,0.8024041724599307,4.978005934443604,True,1.294,1.603,0.377,1.603,1.294,0.377,2.074282,1.335531560097401,2300.0668641397065,0.3940867803540406,149.7811620016347,120.90881074866829,18109.862170171276,7.87362422046148,-0.0828705481287032,1.2033833403245655,0.5602563960979312,0.6431269442266343,1
1922,1403,expensive_reject,3,Dist_utility_box_01,False,False,feedback|prealign|prealign-primary|preprobe|primary|refine|rescue,12,"{""candidate_budget_exhausted"": 4, ""score_callback"": 12}",0.39408678035404066,3,18.506454330620457,0.09783210349192004,5,4,7.074506508300014,near-pallet,outdoor-day,5836.447652654999,road,right,right,False,128,0.9166,0.8307964459641523,4.933579614482504,True,0.52,1.12,0.432,1.12,0.52,0.432,0.5824,0.4019857206465706,2300.0668641397065,0.3940867803540406,109.0677936889396,50.63861849843624,5523.042395080364,2.4012529727678795,0.1107199820316121,1.0412120015114628,0.5759659917715374,0.46524600973992536,3
1922,1403,expensive_reject,4,Dist_street_lamp_01,False,False,,0,{},0.39408678035404066,3,18.506454330620457,0.09783210349192004,5,4,7.074506508300014,near-pallet,outdoor-day,5836.447652654999,road,right,right,False,158,0.2753,1.0640150081089157,6.329547163754132,True,0.704,3.871,0.386,3.871,0.704,0.386,2.725184,3.0852569411762647,2300.0668641397065,0.3940867803540406,206.2326775215949,37.50653706411852,7735.0735632961005,3.362977695950265,-1.9770632883302683,2.141738808059344,0.08233775986453788,2.059401048194806,2
1922,1403,expensive_reject,5,Dist_modular_chainlink_fence,False,False,feedback|prealign|prealign-primary|preprobe|primary|refine|rescue,12,"{""candidate_budget_exhausted"": 4, ""collision"": 2, ""score_callback"": 9, ""support"": 1}",0.39408678035404066,3,18.506454330620457,0.09783210349192004,5,4,7.074506508300014,near-pallet,outdoor-day,5836.447652654999,road,right,right,False,307,0.5685,1.0894372312896778,5.655375441483033,True,8.115,2.523,2.149,8.115,2.523,2.149,20.474145,24.30021974501325,2300.0668641397065,0.3940867803540406,711.9518452272467,221.34990825734363,157590.47562469757,68.5156062554908,-1.0535933737948087,1.6950567607490488,0.32073169347711994,1.3743250672719287,3
1923,1403,expensive_reject,0,Dist_ladder_sectioned_01,False,False,,0,{},0.32823324557005695,2,45.513292699337555,0.14373153462325172,8,8,4.581980532916549,near-pallet,outdoor-night,15888.241655465019,large,right,bottom,True,1,0.4479,1.1672477263935839,2.920524991890111,True,0.662,2.135,0.178,2.135,0.662,0.178,1.41337,1.9256703438756753,5215.049124974657,0.32823324557005695,328.227050716283,101.7734461705758,33404.79807780048,6.405461823518836,-0.28818471660909395,2.2038891792412074,0.9578522313160568,1.2460369479251507,1
1923,1403,expensive_reject,1,Dist_construction_sign_01,False,False,,0,{},0.32823324557005695,2,45.513292699337555,0.14373153462325172,8,8,4.581980532916549,near-pallet,outdoor-night,15888.241655465019,road,right,bottom,True,22,0.4797,1.1799638196720295,4.114722472047493,True,1.068,1.2,0.059,1.2,1.068,0.059,1.2816,1.7843904115259834,5215.049124974657,0.32823324557005695,136.98660360562624,121.91807720900735,16701.143314990426,3.202490123249143,-0.7517817483794281,0.6641748352270073,-0.04380345657621039,0.7079782918032177,1
1923,1403,expensive_reject,2,Dist_chinese_screen_panels,False,False,feedback|gate-overlap-refine|prealign|preprobe|primary|refine|rescue,12,"{""candidate_budget_exhausted"": 5, ""score_callback"": 12}",0.32823324557005695,2,45.513292699337555,0.14373153462325172,8,8,4.581980532916549,near-pallet,outdoor-night,15888.241655465019,large,right,bottom,True,84,0.921,1.0808973664998693,2.563273743559373,True,1.294,1.603,0.377,1.603,1.294,0.377,2.074282,2.4234648000947434,5215.049124974657,0.32823324557005695,372.8521548749016,300.9798430493591,112220.98305486322,21.518681869637913,0.07210331717313645,1.804781795672427,0.9384425564227817,0.8663392392496453,1
1923,1403,expensive_reject,3,Dist_utility_box_01,False,False,feedback|prealign|prealign-primary|preprobe|primary|refine|rescue,12,"{""candidate_budget_exhausted"": 4, ""score_callback"": 12}",0.32823324557005695,2,45.513292699337555,0.14373153462325172,8,8,4.581980532916549,near-pallet,outdoor-night,15888.241655465019,road,right,bottom,True,2,0.9166,1.0268807634902477,2.7437817692859796,True,0.52,1.12,0.432,1.12,0.52,0.432,0.5824,0.6141315412530853,5215.049124974657,0.32823324557005695,230.65466966398472,107.0896680582786,24700.732010408028,4.73643323743917,0.5183016166844086,1.6684080717934862,1.0933548442389474,0.5750532275545388,1
1923,1403,expensive_reject,4,Dist_street_lamp_01,False,False,,0,{},0.32823324557005695,2,45.513292699337555,0.14373153462325172,8,8,4.581980532916549,near-pallet,outdoor-night,15888.241655465019,road,right,bottom,True,141,0.2753,0.9384860512342733,2.902528125634611,True,0.704,3.871,0.386,3.871,0.704,0.386,2.725184,2.4002223454011187,5215.049124974657,0.32823324557005695,377.4518101575237,68.6453304962275,25910.304254662537,4.968372039024358,-0.78526822957027,2.847611274757602,1.031171522593666,1.816439752163936,1
1923,1403,expensive_reject,5,Dist_forklift_01,False,False,feedback|gate-overlap-refine|prealign|preprobe|primary|refine|rescue,12,"{""candidate_budget_exhausted"": 5, ""score_callback"": 12}",0.32823324557005695,2,45.513292699337555,0.14373153462325172,8,8,4.581980532916549,near-pallet,outdoor-night,15888.241655465019,large,right,bottom,True,268,0.5646,1.1628589421626343,2.529433773765422,True,0.83,1.539,2.5,2.5,1.539,0.83,3.8474999999999997,5.202746937266844,5215.049124974657,0.32823324557005695,496.36142134515734,305.5600909800788,151668.2410652275,29.082801989130743,0.0683158841315632,1.8579557961198574,0.9631358401257103,0.8948199559941471,1
1926,1403,accepted,0,Dist_metal_toolbox,False,False,feedback|prealign|prealign-primary|preprobe|primary|refine|rescue,12,"{""candidate_budget_exhausted"": 4, ""score_callback"": 12}",0.15213742821325396,1,16.30381737262219,0.09981169749776322,6,7,9.274368729495418,near-camera,indoor,2813.223476134983,medium,bottom,bottom,False,0,0.8231,0.8937309981960693,3.496475649935528,True,0.4,0.305,0.271,0.4,0.305,0.271,0.122,0.09744812185065817,427.9965846483267,0.15213742821325396,56.204128350105044,42.85564786695509,2408.664333241249,5.6277653131750665,1.2928349634632554,1.5654229179130565,1.429128940688156,0.13629397722490055,1
1926,1403,accepted,1,Dist_chinese_screen_panels,False,False,,0,{},0.15213742821325396,1,16.30381737262219,0.09981169749776322,6,7,9.274368729495418,near-camera,indoor,2813.223476134983,large,bottom,bottom,False,458,0.921,0.8611106983110011,4.227102520934614,True,1.294,1.603,0.377,1.603,1.294,0.377,2.074282,1.538104236743497,427.9965846483267,0.15213742821325396,189.8825926099613,153.2801464986213,29105.231612792893,68.00342025324309,0.07089278143326261,1.4512532308257975,0.76107300612953,0.6901802246962674,1
1926,1403,accepted,2,Dist_water_dispenser_01,True,True,prealign|prealign-primary|preprobe|primary,12,"{""candidate_budget_exhausted"": 1, ""score_callback"": 11}",0.15213742821325396,1,16.30381737262219,0.09981169749776322,6,7,9.274368729495418,near-camera,indoor,2813.223476134983,indoor,bottom,bottom,False,110,0.9812,0.8230866299974726,3.900024071988258,True,0.325,1.1,0.414,1.1,0.414,0.325,0.4554,0.30852056685886364,427.9965846483267,0.15213742821325396,139.33342924422945,52.44003609737362,7306.6500591382455,17.071748516736236,0.7805871404585308,1.685982433455751,1.2332847869571408,0.45269764649861005,1
1926,1403,accepted,3,Dist_delivery_van_01,False,False,,0,{},0.15213742821325396,1,16.30381737262219,0.09981169749776322,6,7,9.274368729495418,near-camera,indoor,2813.223476134983,large,bottom,bottom,False,73,0.8028,1.1220279051942463,3.7324640523682624,True,2.476,2.34,5.0,5.0,2.476,2.34,12.379999999999999,15.585759156028205,427.9965846483267,0.15213742821325396,815.9946703150442,404.08056074000996,329727.5839417626,770.39769888045,-1.0981404591781516,1.5274048389763848,0.21463218989911667,1.3127726490772682,1
1926,1403,accepted,4,Dist_delivery_truck_01,False,False,,0,{},0.15213742821325396,1,16.30381737262219,0.09981169749776322,6,7,9.274368729495418,near-camera,indoor,2813.223476134983,large,bottom,bottom,False,63,0.7897,0.9129035245016606,4.157885073468613,True,2.665,2.591,6.0,6.0,2.665,2.591,15.99,13.325951592310387,427.9965846483267,0.15213742821325396,709.3169430232176,315.0549421928125,223473.80848056232,522.1392331066959,-0.9440719445925729,1.42126108739123,0.23859457139932852,1.1826665159919014,1
1926,1403,accepted,5,Dist_cargo_truck_01,False,False,,0,{},0.15213742821325396,1,16.30381737262219,0.09981169749776322,6,7,9.274368729495418,near-camera,indoor,2813.223476134983,large,bottom,bottom,False,223,0.4835,1.0991716386102377,5.524062547809367,True,2.321,2.038,6.5,6.5,2.321,2.038,15.086500000000001,18.22718178905905,427.9965846483267,0.15213742821325396,544.9091919455547,194.57449761625116,106025.43226928367,247.72494938575718,-1.135154881735771,1.1049569177518932,-0.01509898199193893,1.1200558997438321,5
1927,1404,expensive_reject,0,Dist_construction_sign_01,False,False,,0,{},0.3680922901002551,3,8.543894241803404,0.6872681645704526,6,6,1.5112460303151067,near-pallet,outdoor-night,96676.26287897998,road,left,left,False,0,0.4797,0.9325142452955577,1.0282250657212968,True,1.068,1.2,0.059,1.2,1.068,0.059,1.2816,1.1144573391375905,35585.787001458026,0.3680922901002551,455.49339365407775,405.3891203521293,184652.06617963273,5.1889274268984735,-0.48512822278713,0.633888871567539,0.07438032439020452,0.5595085471773346,4
1927,1404,expensive_reject,1,Dist_chinese_screen_panels,False,False,prealign|prealign-primary|preprobe|primary|refine|rescue,12,"{""candidate_budget_exhausted"": 3, ""score_callback"": 4, ""support"": 8}",0.3680922901002551,3,8.543894241803404,0.6872681645704526,6,6,1.5112460303151067,near-pallet,outdoor-night,96676.26287897998,large,left,left,False,17,0.921,0.8990534579029217,0.943976958604237,True,1.294,1.603,0.377,1.603,1.294,0.377,2.074282,1.6766361670146612,35585.787001458026,0.3680922901002551,885.3931311611128,714.7215918418465,632809.5881093073,17.782649800140145,-0.6277639842793324,0.8134187087390511,0.09282736222985936,0.7205913465091918,28
1927,1404,expensive_reject,2,Dist_utility_box_01,False,False,prealign|prealign-primary|preprobe|primary|refine|rescue,12,"{""candidate_budget_exhausted"": 3, ""score_callback"": 4, ""support"": 8}",0.3680922901002551,3,8.543894241803404,0.6872681645704526,6,6,1.5112460303151067,near-pallet,outdoor-night,96676.26287897998,road,left,left,False,10,0.9166,1.162496535629908,1.116031050631205,True,0.52,1.12,0.432,1.12,0.52,0.432,0.5824,0.7870543089727357,35585.787001458026,0.3680922901002551,674.9506619287405,313.369950181201,211509.25530337804,5.94364416598998,-0.5958438093772428,0.7061523105282542,0.05515425057550575,0.6509980599527485,3
1927,1404,expensive_reject,3,Dist_ladder_sectioned_01,False,False,,0,{},0.3680922901002551,3,8.543894241803404,0.6872681645704526,6,6,1.5112460303151067,near-pallet,outdoor-night,96676.26287897998,large,left,left,False,32,0.4479,0.9877701822933503,1.3235707714352163,True,0.662,2.135,0.178,2.135,0.662,0.178,1.41337,1.3790108806435561,35585.787001458026,0.3680922901002551,644.385625044449,199.804816758513,128751.35173382598,3.618055481772843,-1.044733494409294,1.0641558447870085,0.009711175188857136,1.0544446695981513,20
1927,1404,expensive_reject,4,Dist_forklift_02,False,False,feedback|prealign|prealign-primary|preprobe|primary|refine|rescue,12,"{""candidate_budget_exhausted"": 4, ""score_callback"": 11, ""support"": 1}",0.3680922901002551,3,8.543894241803404,0.6872681645704526,6,6,1.5112460303151067,near-pallet,outdoor-night,96676.26287897998,large,left,left,False,33,0.5807,0.8465108864515125,1.295840112816329,True,2.5,1.774,0.928,2.5,1.774,0.928,4.4350000000000005,3.178035319706905,35585.787001458026,0.3680922901002551,752.0483087925386,533.6534799191853,401333.19705447624,11.277907020520097,-0.7350720522828139,0.7666382602821692,0.015783103999677594,0.7508551562824916,12
1927,1404,expensive_reject,5,Dist_portable_welding_cart,False,False,,0,{},0.3680922901002551,3,8.543894241803404,0.6872681645704526,6,6,1.5112460303151067,near-pallet,outdoor-night,96676.26287897998,large,left,left,False,20,0.5805,1.19247048397006,1.345511901315529,True,0.838,1.563,0.655,1.563,0.838,0.655,1.309794,1.8625085411469646,35585.787001458026,0.3680922901002551,637.7770299597079,341.943154898423,218083.48974616858,6.1283874299937,-0.9270087566631474,0.9368226097820561,0.004906926559454373,0.9319156832226018,13
1929,1404,expensive_reject,0,Dist_planter_box_01,False,False,feedback|prealign|prealign-primary|preprobe|primary|refine|rescue,12,"{""candidate_budget_exhausted"": 4, ""collision"": 1, ""score_callback"": 4, ""support"": 7}",0.15415578396532698,1,20.175885469466074,0.45002131844563825,7,7,1.675101176033026,near-camera,indoor,128968.03568150004,medium,left,left,False,0,0.9607,0.8523705807507308,0.755056397262641,True,0.913,0.425,0.414,0.913,0.425,0.414,0.388025,0.2819139788787564,19881.1686469499,0.15415578396532698,664.6092971422847,309.3745359096067,205613.19286460427,10.34210797744773,0.14831624956249048,0.5105737463815511,0.32944499797202076,0.1811287484095303,1
1929,1404,expensive_reject,1,Dist_chinese_screen_panels,False,False,,0,{},0.15415578396532698,1,20.175885469466074,0.45002131844563825,7,7,1.675101176033026,near-camera,indoor,128968.03568150004,large,left,left,False,51,0.921,0.9522328595796443,1.011491321563536,True,1.294,1.603,0.377,1.603,1.294,0.377,2.074282,1.8808498494944517,19881.1686469499,0.15415578396532698,952.7896253958274,769.1264973563324,732815.7472981449,36.859792314601734,-0.5435708523196039,0.9828584215865659,0.21964378463348094,0.7632146369530849,4
1929,1404,expensive_reject,2,Dist_Shelf_01,False,False,feedback|prealign|prealign-primary|preprobe|primary|refine|rescue,12,"{""candidate_budget_exhausted"": 4, ""score_callback"": 6, ""support"": 6}",0.15415578396532698,1,20.175885469466074,0.45002131844563825,7,7,1.675101176033026,near-camera,indoor,128968.03568150004,indoor,left,left,False,336,0.9679,0.9257779481896301,1.172383788082705,True,1.003,2.08,0.257,2.08,1.003,0.257,2.0862399999999997,1.7880428878671089,19881.1686469499,0.15415578396532698,1063.0857248456764,512.6322028943333,544971.9769931582,27.41146592892898,-0.8120567871512935,1.1135613450831374,0.15075227896592194,0.9628090661172155,4
1929,1404,expensive_reject,3,Dist_water_dispenser_01,False,False,feedback|prealign|prealign-primary|preprobe|primary|refine|rescue,12,"{""candidate_budget_exhausted"": 4, ""score_callback"": 7, ""support"": 5}",0.15415578396532698,1,20.175885469466074,0.45002131844563825,7,7,1.675101176033026,near-camera,indoor,128968.03568150004,indoor,left,left,False,64,0.9812,1.1998582793223371,0.9293444977739885,True,0.325,1.1,0.414,1.1,0.414,0.325,0.4554,0.655621114114737,19881.1686469499,0.15415578396532698,925.5019851051762,348.325292575948,322375.7497413812,16.21513078361412,-0.40510435128899197,0.914739755965579,0.25481770233829354,0.6599220536272855,1
1929,1404,expensive_reject,4,Dist_wooden_ladder,False,False,,0,{},0.15415578396532698,1,20.175885469466074,0.45002131844563825,7,7,1.675101176033026,near-camera,indoor,128968.03568150004,large,left,left,False,92,0.2179,0.9736438945005403,0.8837975769587334,True,0.959,1.335,0.5,1.335,0.959,0.5,1.280265,1.2136687299664937,19881.1686469499,0.15415578396532698,451.65819876640745,324.4495974659062,146540.32078193716,7.370810206593105,-0.3755871555083438,0.9242274436498774,0.2743201440707668,0.6499072995791106,3
1929,1404,expensive_reject,5,Dist_painted_wooden_cabinet,False,False,,0,{},0.15415578396532698,1,20.175885469466074,0.45002131844563825,7,7,1.675101176033026,near-camera,indoor,128968.03568150004,indoor,left,left,False,207,0.9306,0.8498008417551399,0.7134034904818871,True,1.195,1.182,0.617,1.195,1.182,0.617,1.41249,1.0200458556752325,19881.1686469499,0.15415578396532698,903.4082152245694,893.5803434271472,807267.8232152768,40.60464641444129,-0.15495221048191155,0.8495123844726639,0.34728008699537616,0.5022322974772877,1
1930,1404,expensive_reject,0,Dist_fire_hydrant,False,False,,0,{},0.23933150526939903,2,4.8189652360737,0.09286514461600738,4,6,7.775701974219178,near-pallet,outdoor-day,1607.652888939999,road,right,right,False,0,0.4902,0.9933251716252821,5.105986712942652,True,0.875,0.799,0.318,0.875,0.799,0.318,0.699125,0.689823069574566,384.76198586070797,0.23933150526939903,50.07098120076533,45.72195883361314,2289.3433412200097,5.950024756470617,-0.18317044901127869,0.6104963631173218,0.21366295705302155,0.39683340606430023,3
1930,1404,expensive_reject,1,Dist_construction_sign_01,False,False,feedback|prealign|prealign-primary|preprobe|primary|refine|rescue,12,"{""candidate_budget_exhausted"": 4, ""score_callback"": 12}",0.23933150526939903,2,4.8189652360737,0.09286514461600738,4,6,7.775701974219178,near-pallet,outdoor-day,1607.652888939999,road,right,right,False,46,0.4797,0.9880507978387717,6.057809017728981,True,1.068,1.2,0.059,1.2,1.068,0.059,1.2816,1.2511547962671623,384.76198586070797,0.23933150526939903,56.952059804088584,50.68733322563884,2886.7480331763495,7.502685138498619,-0.4750874039240386,0.7105735534824874,0.11774307477922441,0.592830478703263,1
1930,1404,expensive_reject,2,Dist_chinese_screen_panels,False,False,preprobe|primary|refine|rescue,12,"{""candidate_budget_exhausted"": 1, ""support"": 12}",0.23933150526939903,2,4.8189652360737,0.09286514461600738,4,6,7.775701974219178,near-pallet,outdoor-day,1607.652888939999,large,right,right,False,27,0.921,0.907886358926931,5.787854158016433,True,1.294,1.603,0.377,1.603,1.294,0.377,2.074282,1.7097427875195799,384.76198586070797,0.23933150526939903,101.38107311595981,81.83849570308921,8296.87451657505,21.563654470737383,-0.5827231438886382,0.8726186894712322,0.14494777279129703,0.7276709166799352,6
1930,1404,expensive_reject,3,Dist_utility_box_01,False,False,feedback|prealign|prealign-primary|preprobe|primary|refine|rescue,12,"{""candidate_budget_exhausted"": 4, ""score_callback"": 11, ""support"": 1}",0.23933150526939903,2,4.8189652360737,0.09286514461600738,4,6,7.775701974219178,near-pallet,outdoor-day,1607.652888939999,road,right,right,False,71,0.9166,1.191568297476317,5.032466193627529,True,0.52,1.12,0.432,1.12,0.52,0.432,0.5824,0.8269119083974746,384.76198586070797,0.23933150526939903,106.66591369509133,49.52345992986383,5282.46510276117,13.729176209921983,-0.4462062600100823,0.888350233163393,0.22107198657665533,0.6672782465867376,4
1930,1404,expensive_reject,4,Dist_street_lamp_01,False,False,,0,{},0.23933150526939903,2,4.8189652360737,0.09286514461600738,4,6,7.775701974219178,near-pallet,outdoor-day,1607.652888939999,road,right,right,False,159,0.2753,0.8100715608112528,6.02342141391148,True,0.704,3.871,0.386,3.871,0.704,0.386,2.725184,1.788309162887652,384.76198586070797,0.23933150526939903,114.75881338893606,20.870628939760003,2395.088611807647,6.22485770378241,-1.446685020775269,1.6891019911250904,0.12120848517491072,1.5678935059501797,1
1930,1404,expensive_reject,5,Dist_modular_chainlink_fence,False,False,,0,{},0.23933150526939903,2,4.8189652360737,0.09286514461600738,4,6,7.775701974219178,near-pallet,outdoor-day,1607.652888939999,road,right,right,False,89,0.5685,1.1105296003261693,6.131597992757946,True,8.115,2.523,2.149,8.115,2.523,2.149,20.474145,25.250271509808126,384.76198586070797,0.23933150526939903,465.57522198354684,144.75000432094745,67392.01539384447,175.1524783382364,-1.2906260991774756,1.51124008244545,0.1103069916339871,1.4009330908114628,2
1931,1404,accepted,0,Dist_portable_generator,False,False,,0,{},0.39568162326145584,3,8.414229132643054,0.32514429787108257,5,5,3.2028911584600777,near-pallet,random-mix,19368.954664780023,large,right,right,False,0,0.8598,0.8193484199244557,1.8093294443837074,True,0.818,0.577,0.564,0.818,0.577,0.564,0.47198599999999996,0.3168592266401702,7663.939422637707,0.39568162326145584,208.11750239047174,146.8017101213963,30552.005257115034,3.986462258152859,-0.0003652728025423657,0.4723987654938685,0.23601674634566308,0.23638201914820545,6
1931,1404,accepted,1,Dist_construction_sign_01,False,False,,0,{},0.39568162326145584,3,8.414229132643054,0.32514429787108257,5,5,3.2028911584600777,near-pallet,random-mix,19368.954664780023,road,right,right,False,42,0.4797,0.8220908670694103,2.080766026718862,True,1.068,1.2,0.059,1.2,1.068,0.059,1.2816,0.8661480773901867,7663.939422637707,0.39568162326145584,198.96115430007012,177.07542732706247,35231.13141917053,4.597000247040704,-0.3033928189629098,0.6831162215203824,0.18986170127873628,0.4932545202416461,5
1931,1404,accepted,2,Dist_chinese_screen_panels,False,False,feedback|prealign|prealign-primary|preprobe|primary|refine|rescue,12,"{""candidate_budget_exhausted"": 4, ""collision"": 1, ""score_callback"": 9, ""support"": 2}",0.39568162326145584,3,8.414229132643054,0.32514429787108257,5,5,3.2028911584600777,near-pallet,random-mix,19368.954664780023,large,right,right,False,121,0.921,1.0064802424248818,2.060295142231928,True,1.294,1.603,0.377,1.603,1.294,0.377,2.074282,2.101252806883186,7663.939422637707,0.39568162326145584,455.34939549787674,367.5746211941688,167374.8815611258,21.839275120929933,-0.6133513461942344,1.0000364824128511,0.1933425681093084,0.8066939143035428,4
1931,1404,accepted,3,Dist_Shelf_01,True,True,prealign|preprobe,9,"{""score_callback"": 8}",0.39568162326145584,3,8.414229132643054,0.32514429787108257,5,5,3.2028911584600777,near-pallet,random-mix,19368.954664780023,indoor,right,right,False,31,0.9679,0.9630095512023213,1.8848946641897988,True,1.003,2.08,0.257,2.08,1.003,0.257,2.0862399999999997,1.9347526804195552,7663.939422637707,0.39568162326145584,633.4724046722006,305.46770282991207,193505.36026135756,25.248811295374068,-0.7783622881409873,1.224697578359841,0.22316764510942683,1.0015299332504142,8
1931,1404,accepted,4,Dist_utility_box_01,False,False,,0,{},0.39568162326145584,3,8.414229132643054,0.32514429787108257,5,5,3.2028911584600777,near-pallet,random-mix,19368.954664780023,road,right,right,False,30,0.9166,1.1591832634239791,1.9898119448210245,True,0.52,1.12,0.432,1.12,0.52,0.432,0.5824,0.782574280169,7663.939422637707,0.39568162326145584,378.4893197933375,175.72718418976382,66510.86241318223,8.678417031418954,-0.4438151046721937,0.854470150362663,0.20532752284523464,0.6491426275174284,3
1931,1404,accepted,5,Dist_water_dispenser_01,False,False,,0,{},0.39568162326145584,3,8.414229132643054,0.32514429787108257,5,5,3.2028911584600777,near-pallet,random-mix,19368.954664780023,indoor,right,right,False,217,0.9812,0.9948863296034377,1.8805644588751942,True,0.325,1.1,0.414,1.1,0.414,0.325,0.4554,0.4507543775420018,7663.939422637707,0.39568162326145584,349.2708216100204,131.45283649686223,45912.640206226744,5.99073631383492,-0.32328352856158393,0.7710914340021976,0.2239039527203068,0.5471874812818908,8
1932,1405,expensive_reject,0,Dist_portable_generator,False,False,prealign-primary|preprobe|primary|refine|rescue,12,"{""candidate_budget_exhausted"": 2, ""score_callback"": 3, ""support"": 9}",0.15998321491456305,1,31.535925790168605,0.837880666477018,5,5,0.9138676180467356,near-camera,outdoor-day,403062.03641419,large,right,right,False,0,0.8598,0.921428953872579,0.6312962485762146,True,0.818,0.577,0.564,0.818,0.577,0.564,0.47198599999999996,0.4007308952019471,64483.1603955528,0.15998321491456305,493.2117534802898,347.90120019330965,171588.9609852396,2.660988697400656,-0.1813051343359969,0.3503593720484811,0.08452711885624212,0.265832253192239,1
1932,1405,expensive_reject,1,Dist_barrel_stove,False,False,,0,{},0.15998321491456305,1,31.535925790168605,0.837880666477018,5,5,0.9138676180467356,near-camera,outdoor-day,403062.03641419,large,right,right,False,20,0.9707,1.022051072081188,0.6394052113958835,True,0.593,0.856,0.593,0.856,0.593,0.593,0.507608,0.5302414254722658,64483.1603955528,0.15998321491456305,600.5725152099907,416.0508195321547,249868.68714160408,3.874944801229636,-0.3589280279862399,0.515947689715257,0.07850983086450852,0.43743785885074843,6
1932,1405,expensive_reject,2,Dist_wine_barrel_01,False,False,,0,{},0.15998321491456305,1,31.535925790168605,0.837880666477018,5,5,0.9138676180467356,near-camera,outdoor-day,403062.03641419,large,right,right,False,16,0.9184,0.854858643086167,0.634644130301759,True,0.742,0.871,0.756,0.871,0.756,0.742,0.658476,0.4812032640263404,64483.1603955528,0.15998321491456305,500.89982386567067,434.7649447100425,217773.68422822835,3.377217910728326,-0.29024812910805375,0.4543337490199977,0.08204280995597199,0.3722909390640257,1
1932,1405,expensive_reject,3,Dist_old_tyre,False,False,preprobe|primary|refine|rescue,12,"{""candidate_budget_exhausted"": 1, ""collision"": 3, ""score_callback"": 4, ""support"": 5}",0.15998321491456305,1,31.535925790168605,0.837880666477018,5,5,0.9138676180467356,near-camera,outdoor-day,403062.03641419,medium,right,right,False,8,0.9677,1.075263221823946,0.6081910452486081,True,0.6,0.6,0.165,0.6,0.6,0.165,0.36,0.4162287586345964,64483.1603955528,0.15998321491456305,464.8888585338519,464.8888585338519,216121.65078890775,3.351598300442684,-0.2209065400083684,0.42425139308599913,0.10167242653881536,0.32257896654718377,13
1932,1405,expensive_reject,4,Dist_fire_hydrant,False,False,,0,{},0.15998321491456305,1,31.535925790168605,0.837880666477018,5,5,0.9138676180467356,near-camera,outdoor-day,403062.03641419,road,right,right,False,52,0.4902,0.9266860420055167,0.6287367569720977,True,0.875,0.799,0.318,0.875,0.799,0.318,0.699125,0.6003715106706033,64483.1603955528,0.15998321491456305,402.2640525955518,367.32454631296673,147761.46061767644,2.2914736143712195,-0.28378467403825725,0.4566374735241506,0.08642639974294669,0.37021107378120394,5
1932,1405,expensive_reject,5,Dist_metal_tool_chest,False,False,prealign-primary|preprobe|primary|refine|rescue,12,"{""candidate_budget_exhausted"": 2, ""score_callback"": 3, ""support"": 9}",0.15998321491456305,1,31.535925790168605,0.837880666477018,5,5,0.9138676180467356,near-camera,outdoor-day,403062.03641419,medium,right,right,False,1,0.7723,0.8786511908216293,0.5035716817032165,True,0.685,0.652,0.407,0.685,0.652,0.407,0.4466200000000001,0.3448031074563733,64483.1603955528,0.15998321491456305,467.9414736218433,445.398307739331,208420.3404722178,3.2321669594623637,-0.10713464840068307,0.46574592801501924,0.1793056398071681,0.28644028820785117,5
1935,1405,accepted,0,Dist_chinese_screen_panels,False,False,feedback|prealign|prealign-primary|preprobe|primary|refine|rescue,12,"{""candidate_budget_exhausted"": 4, ""score_callback"": 12}",0.21417265058714882,2,71.68079630059518,0.14206438449988862,8,8,8.377704843706203,near-pallet,outdoor-day,6339.519566195002,large,bottom,bottom,False,5,0.921,1.0755948343709587,6.568035890276967,True,1.294,1.603,0.377,1.603,1.294,0.377,2.074282,2.3997456567805253,1357.7517089410753,0.2141726505871488,152.64484404550944,123.22047922326213,18808.970834247786,13.85302681660191,0.6332425917901296,2.3574211112867767,1.495331851538453,0.8620892597483235,1
1935,1405,accepted,1,Dist_construction_sign_01,False,False,,0,{},0.21417265058714882,2,71.68079630059518,0.14206438449988862,8,8,8.377704843706203,near-pallet,outdoor-day,6339.519566195002,road,bottom,bottom,False,158,0.4797,1.1363076623602983,6.922722005607216,True,1.068,1.2,0.059,1.2,1.068,0.059,1.2816,1.654795644695231,1357.7517089410753,0.2141726505871488,82.65911667396396,73.56661383982794,6080.95131669479,4.478691705302575,0.5510019904566174,1.9145711852889753,1.2327865878727964,0.6817845974161789,2
1935,1405,accepted,2,Dist_utility_box_01,True,True,corner-contact-refine|preprobe,11,"{""score_callback"": 3}",0.21417265058714882,2,71.68079630059518,0.14206438449988862,8,8,8.377704843706203,near-pallet,outdoor-day,6339.519566195002,road,bottom,bottom,False,190,0.9166,1.152828227063719,7.407621359386991,True,0.52,1.12,0.432,1.12,0.52,0.432,0.5824,0.7740171252573046,1357.7517089410753,0.2141726505871488,101.11122848400812,46.94449893900376,4746.615958288886,3.495938121109655,0.16121914173929264,1.4523867560506578,0.8068029488949753,0.6455838071556825,2
1935,1405,accepted,3,Dist_street_lamp_01,False,False,,0,{},0.21417265058714882,2,71.68079630059518,0.14206438449988862,8,8,8.377704843706203,near-pallet,outdoor-day,6339.519566195002,road,bottom,bottom,False,30,0.2753,0.9025952647965864,5.506779830460119,True,0.704,3.871,0.386,3.871,0.704,0.386,2.725184,2.220148028581538,1357.7517089410753,0.2141726505871488,201.70990565582102,36.684002475251354,7399.526678360855,5.4498378677290145,0.927520734856025,4.421467004883611,2.674493869869818,1.7469731350137927,1
1935,1405,accepted,4,Dist_modular_chainlink_fence,False,False,,0,{},0.21417265058714882,2,71.68079630059518,0.14206438449988862,8,8,8.377704843706203,near-pallet,outdoor-day,6339.519566195002,road,bottom,bottom,False,108,0.5685,1.1692981269804137,5.667934196619781,True,8.115,2.523,2.149,8.115,2.523,2.149,20.474145,27.993440791650183,1357.7517089410753,0.2141726505871488,764.821036320883,237.78724271566082,181864.68539767704,133.9454660230295,0.7471089513669695,3.6972481257385534,2.2221785385527615,1.475069587185792,1
1935,1405,accepted,5,Dist_delivery_truck_01,False,False,,0,{},0.21417265058714882,2,71.68079630059518,0.14206438449988862,8,8,8.377704843706203,near-pallet,outdoor-day,6339.519566195002,large,bottom,bottom,False,610,0.7897,0.863304958418892,5.769614968473886,True,2.665,2.591,6.0,6.0,2.665,2.591,15.99,11.91727426517801,1357.7517089410753,0.2141726505871488,483.3985400712039,214.70951821495973,103790.2676445031,76.44274498866233,1.0341456197744057,3.270968767037755,2.1525571934060803,1.1184115736316746,1
1939,1406,expensive_reject,0,Dist_chinese_screen_panels,False,False,prealign|prealign-primary|preprobe|primary|refine|rescue,12,"{""candidate_budget_exhausted"": 3, ""score_callback"": 5, ""support"": 7}",0.1476662963377845,1,10.41555036722736,0.6996231624568093,4,4,1.4885181805845233,near-camera,random-mix,127716.67467119,large,right,right,False,0,0.921,0.9815404534418668,1.024403604509461,True,1.294,1.603,0.377,1.603,1.294,0.377,2.074282,1.9984082113633146,18859.44832927236,0.1476662963377845,893.1122669385114,720.952759462529,643891.7533591546,34.141600651157404,-0.7122821506675976,0.8611271961997149,0.07442252276605862,0.7867046734336562,4
1939,1406,expensive_reject,1,Dist_utility_box_01,False,False,prealign|prealign-primary|preprobe|primary|refine|rescue,12,"{""candidate_budget_exhausted"": 3, ""score_callback"": 4, ""support"": 8}",0.1476662963377845,1,10.41555036722736,0.6996231624568093,4,4,1.4885181805845233,near-camera,random-mix,127716.67467119,road,right,right,False,159,0.9166,0.9845262594309426,0.8032558182826457,True,0.52,1.12,0.432,1.12,0.52,0.432,0.5824,0.5645156348884904,18859.44832927236,0.1476662963377845,796.3188291449711,369.7194563887366,294414.56462359393,15.61098498128514,-0.4186936024362258,0.68397580812643,0.13264110284510214,0.5513347052813279,1
1939,1406,expensive_reject,2,Dist_water_dispenser_01,False,False,prealign|prealign-primary|preprobe|primary|refine|rescue,12,"{""candidate_budget_exhausted"": 3, ""score_callback"": 5, ""support"": 7}",0.1476662963377845,1,10.41555036722736,0.6996231624568093,4,4,1.4885181805845233,near-camera,random-mix,127716.67467119,indoor,right,right,False,91,0.9812,0.8887078657898274,0.9795096181578029,True,0.325,1.1,0.414,1.1,0.414,0.325,0.4554,0.3596756808443897,18859.44832927236,0.1476662963377845,599.000776863272,225.44211056490417,135039.99936607326,7.160336665652797,-0.40254817215788774,0.5750304802109225,0.08624115402651741,0.4887893261844051,6
1939,1406,expensive_reject,3,Dist_wooden_broom,False,False,,0,{},0.1476662963377845,1,10.41555036722736,0.6996231624568093,4,4,1.4885181805845233,near-camera,random-mix,127716.67467119,indoor,right,right,False,255,0.4043,1.1384755409148344,1.0399691776628606,True,0.49,1.454,0.113,1.454,0.49,0.113,0.71246,0.9234383269864035,18859.44832927236,0.1476662963377845,613.2324461999244,206.66017788030464,126730.72641365073,6.719747269433532,-0.757346932935814,0.8979965035543551,0.0703247853092705,0.8276717182450846,3
1939,1406,expensive_reject,4,Dist_painted_wooden_cabinet,False,False,,0,{},0.1476662963377845,1,10.41555036722736,0.6996231624568093,4,4,1.4885181805845233,near-camera,random-mix,127716.67467119,indoor,right,right,False,50,0.9306,1.158211079457087,0.9711835551477271,True,1.195,1.182,0.617,1.195,1.182,0.617,1.41249,1.8947888131861796,18859.44832927236,0.1476662963377845,832.9931613977423,823.931311106386,686329.1476130952,36.3917934199497,-0.5960697041815831,0.7729357917366936,0.08843304377755523,0.6845027479591383,1
1939,1406,expensive_reject,5,Dist_concrete_road_barrier_02,False,False,,0,{},0.1476662963377845,1,10.41555036722736,0.6996231624568093,4,4,1.4885181805845233,near-camera,random-mix,127716.67467119,road,right,right,False,156,0.7784,1.042826064367356,1.0359152007474837,True,1.565,1.112,0.442,1.565,1.112,0.442,1.74028,1.892530485047748,18859.44832927236,0.1476662963377845,842.1879796868521,598.4108839691885,503974.45339263417,26.72265087470237,-0.508419270927074,0.651203312649426,0.07139202086117603,0.57981129178825,5
1940,1406,expensive_reject,0,Dist_old_tyre,False,False,feedback|prealign|prealign-primary|preprobe|primary|refine|rescue,12,"{""candidate_budget_exhausted"": 4, ""score_callback"": 10, ""support"": 2}",0.4329714631213083,3,29.8498037894311,0.5349568705030218,5,5,1.6741358133265516,near-pallet,outdoor-day,121319.19264019,medium,right,right,False,0,0.9677,1.0030120954555537,1.2349200150741082,True,0.6,0.6,0.165,0.6,0.6,0.165,0.36,0.36217197490685066,52527.74834211892,0.43297146312130824,281.0206470819456,281.0206470819456,78972.60408635541,1.5034454470044725,-0.11089192807173481,0.49091532920159736,0.19001170056493127,0.3009036286366661,2
1940,1406,expensive_reject,1,Dist_construction_sign_01,False,False,,0,{},0.4329714631213083,3,29.8498037894311,0.5349568705030218,5,5,1.6741358133265516,near-pallet,outdoor-day,121319.19264019,road,right,right,False,10,0.4797,1.0848809886520814,1.4504094188197785,True,1.068,1.2,0.059,1.2,1.068,0.059,1.2816,1.5084005990248206,52527.74834211892,0.43297146312130824,364.42390748998093,324.33727766608297,118196.25807173688,2.250167993151198,-0.5862495791226787,0.715607607259819,0.06467901406857018,0.6509285931912488,7
1940,1406,expensive_reject,2,Dist_chinese_screen_panels,False,False,feedback|prealign|prealign-primary|preprobe|primary|refine|rescue,12,"{""candidate_budget_exhausted"": 4, ""score_callback"": 11, ""support"": 1}",0.4329714631213083,3,29.8498037894311,0.5349568705030218,5,5,1.6741358133265516,near-pallet,outdoor-day,121319.19264019,large,right,right,False,1,0.921,0.8058921740157102,1.2794256024202586,True,1.294,1.603,0.377,1.603,1.294,0.377,2.074282,1.3471677431331899,52527.74834211892,0.43297146312130824,568.0342290862512,458.537924165695,260465.2362602705,4.9586217662297685,-0.4817961628170798,0.8100489921301036,0.16412641465651193,0.6459225774735917,3
1940,1406,expensive_reject,3,Dist_utility_box_01,False,False,feedback|prealign|preprobe|primary|refine|rescue,12,"{""camera_clearance"": 2, ""candidate_budget_exhausted"": 3, ""score_callback"": 9, ""support"": 1}",0.4329714631213083,3,29.8498037894311,0.5349568705030218,5,5,1.6741358133265516,near-pallet,outdoor-day,121319.19264019,road,right,right,False,19,0.9166,1.173661743884974,1.161563070578323,True,0.52,1.12,0.432,1.12,0.52,0.432,0.5824,0.8022454521880303,52527.74834211892,0.43297146312130824,635.1223116058056,294.8782161026954,187283.7342533402,3.565424754808467,-0.42457309863594683,0.8899280545152242,0.23267747793963864,0.6572505765755855,6
1940,1406,expensive_reject,4,Dist_ladder_sectioned_01,False,False,,0,{},0.4329714631213083,3,29.8498037894311,0.5349568705030218,5,5,1.6741358133265516,near-pallet,outdoor-day,121319.19264019,large,right,right,False,45,0.4479,0.9847228249691043,1.3684740879395978,True,0.662,2.135,0.178,2.135,0.662,0.178,1.41337,1.370515267612929,52527.74834211892,0.43297146312130824,602.7193084279957,186.8853312315378,112639.39759520936,2.1443789454209377,-0.9388574734929616,1.1635257578160758,0.11233414216155714,1.0511916156545187,2
1940,1406,expensive_reject,5,Dist_forklift_01,False,False,,0,{},0.4329714631213083,3,29.8498037894311,0.5349568705030218,5,5,1.6741358133265516,near-pallet,outdoor-day,121319.19264019,large,right,right,False,8,0.5646,0.8451228358566186,1.3982387771941625,True,0.83,1.539,2.5,2.5,1.539,0.83,3.8474999999999997,2.7480099580731663,52527.74834211892,0.43297146312130824,665.5768500975203,409.72910892003335,272706.2097082596,5.191659995248502,-0.5552995826111197,0.7453444617722164,0.09502243958054839,0.650322022191668,11
1942,1406,accepted,0,Dist_barrel_stove,False,True,preprobe,1,{},0.11205601397225456,1,66.04771755908081,0.39017975869718013,7,7,1.9216661950612917,near-pallet,indoor,143885.00269992996,large,bottom,bottom,False,22,0.9707,1.0706060190624342,1.4017062677348269,True,0.593,0.856,0.593,0.856,0.593,0.593,0.507608,0.5818188926895417,16123.179872941237,0.11205601397225456,421.5122289328873,292.0055511182269,123083.91071261998,7.633972434878422,-0.16812555077960328,0.7483132015378404,0.29009382537911854,0.4582193761587219,6
1942,1406,accepted,1,Dist_Shelf_01,False,False,,0,{},0.11205601397225456,1,66.04771755908081,0.39017975869718013,7,7,1.9216661950612917,near-pallet,indoor,143885.00269992996,indoor,bottom,bottom,False,481,0.9679,0.9785608023180478,1.3229554890483088,True,1.003,2.08,0.257,2.08,1.003,0.257,2.0862399999999997,1.9977442941348695,16123.179872941237,0.11205601397225456,990.4724424409276,477.6172402731972,473066.71452528896,29.3407825412414,-0.7060839164695136,1.3293225523520258,0.311619317941256,1.0177032344107697,1
1942,1406,accepted,2,Dist_water_dispenser_01,True,True,prealign|preprobe,9,"{""score_callback"": 2, ""support"": 2}",0.11205601397225456,1,66.04771755908081,0.39017975869718013,7,7,1.9216661950612917,near-pallet,indoor,143885.00269992996,indoor,bottom,bottom,False,184,0.9812,0.8987248129856584,1.1199832119712312,True,0.325,1.1,0.414,1.1,0.414,0.325,0.4554,0.367829444227419,16123.179872941237,0.11205601397225456,572.1473732694877,215.33546593960713,123203.62120910747,7.641397179713552,0.12265031500070328,1.1112476092849277,0.6169489621428155,0.49429864714211225,6
1942,1406,accepted,3,Dist_forklift_01,False,False,,0,{},0.11205601397225456,1,66.04771755908081,0.39017975869718013,7,7,1.9216661950612917,near-pallet,indoor,143885.00269992996,large,bottom,bottom,False,44,0.5646,0.8234979953615598,1.3746891364079477,True,0.83,1.539,2.5,2.5,1.539,0.83,3.8474999999999997,2.6091780788324423,16123.179872941237,0.11205601397225456,736.3592136366898,453.3027319147461,333793.6432121057,20.70271781637167,-0.3732695482756543,0.894093866585786,0.2604121591550659,0.6336817074307202,7
1942,1406,accepted,4,Dist_old_military_compressor,False,False,,0,{},0.11205601397225456,1,66.04771755908081,0.39017975869718013,7,7,1.9216661950612917,near-pallet,indoor,143885.00269992996,large,bottom,bottom,False,277,0.4993,0.875396078020121,1.2104012376974087,True,0.598,1.179,1.676,1.676,1.179,0.598,1.976004,1.5142480130572809,16123.179872941237,0.11205601397225456,560.4685771762882,394.26757308522906,220974.5857138266,13.705397288575666,-0.05035136857292832,0.9817406074127945,0.46569461941993306,0.5160459879928614,5
1942,1406,accepted,5,Dist_old_military_crate,False,False,,0,{},0.11205601397225456,1,66.04771755908081,0.39017975869718013,7,7,1.9216661950612917,near-pallet,indoor,143885.00269992996,medium,bottom,bottom,False,82,0.7468,1.035243944972892,1.1659051471752402,True,1.815,0.301,0.976,1.815,0.976,0.301,1.77144,1.8985054365542429,16123.179872941237,0.11205601397225456,911.3380379078162,490.0638705223297,446613.84621133003,27.700109391005476,0.3326383298544191,0.6442467572912597,0.4884425435728394,0.1558042137184203,1
1944,1407,expensive_reject,0,Dist_chinese_screen_panels,False,False,feedback|gate-overlap-refine|prealign|preprobe|primary|refine|rescue,12,"{""candidate_budget_exhausted"": 5, ""score_callback"": 12}",0.3004642559982018,2,38.11001140039675,0.09329582736962853,7,8,9.631252045144022,near-pallet,outdoor-night,3070.7504985600062,large,left,bottom,True,4,0.921,0.8421699810436669,5.4345716935487935,True,1.294,1.603,0.377,1.603,1.294,0.377,2.074282,1.4711850830161473,922.6507639059396,0.3004642559982018,124.63213355017152,100.60759876102433,12538.939684946055,13.590125511698323,1.3212982432030669,2.6712967228160647,1.9962974830095659,0.6749992398064989,1
1944,1407,expensive_reject,1,Dist_construction_sign_01,False,False,,0,{},0.3004642559982018,2,38.11001140039675,0.09329582736962853,7,8,9.631252045144022,near-pallet,outdoor-night,3070.7504985600062,road,left,bottom,True,61,0.4797,1.1851149289539915,5.949360407475567,True,1.068,1.2,0.059,1.2,1.068,0.059,1.2816,1.8000038612136466,922.6507639059396,0.3004642559982018,86.55428096972196,77.03331006305257,6667.562763225162,7.226529282866222,1.0026561155776745,2.4247940303224644,1.7137250729500695,0.711068957372395,2
1944,1407,expensive_reject,2,Dist_utility_box_01,False,False,feedback|gate-overlap-refine|prealign|preprobe|primary|refine|rescue,12,"{""candidate_budget_exhausted"": 5, ""score_callback"": 12}",0.3004642559982018,2,38.11001140039675,0.09329582736962853,7,8,9.631252045144022,near-pallet,outdoor-night,3070.7504985600062,road,left,bottom,True,213,0.9166,1.0329454646900327,8.08051660218391,True,0.52,1.12,0.432,1.12,0.52,0.432,0.5824,0.6214070163530073,922.6507639059396,0.3004642559982018,71.66027541183615,33.270842155495345,2384.197712046525,2.5840738503843954,-0.14427257794816856,1.012626342504668,0.43417688227824974,0.5784494602264183,2
1944,1407,expensive_reject,3,Dist_street_lamp_01,False,False,,0,{},0.3004642559982018,2,38.11001140039675,0.09329582736962853,7,8,9.631252045144022,near-pallet,outdoor-night,3070.7504985600062,road,left,bottom,True,6,0.2753,1.1041157521351235,8.130602246770493,True,0.704,3.871,0.386,3.871,0.704,0.386,2.725184,3.322194403130995,922.6507639059396,0.3004642559982018,144.19507419055637,26.224058958964523,3781.380127165414,4.098387250184849,-1.7284005723661577,2.545631504148905,0.40861546589137365,2.1370160382575314,1
1944,1407,expensive_reject,4,Dist_delivery_truck_01,False,False,feedback|prealign-primary|preprobe|primary|refine|rescue,12,"{""candidate_budget_exhausted"": 3, ""collision"": 6, ""score_callback"": 5, ""support"": 1}",0.3004642559982018,2,38.11001140039675,0.09329582736962853,7,8,9.631252045144022,near-pallet,outdoor-night,3070.7504985600062,large,left,bottom,True,43,0.7897,1.100112906303366,6.411246675058521,True,2.665,2.591,6.0,6.0,2.665,2.591,15.99,19.351872021777663,922.6507639059396,0.3004642559982018,478.30987792858053,212.44930411327786,101616.60071643382,110.13549729938035,-0.6356147264727954,2.214777813759226,0.7895815436432152,1.4251962701160106,2
1944,1407,expensive_reject,5,Dist_delivery_van_01,False,False,,0,{},0.3004642559982018,2,38.11001140039675,0.09329582736962853,7,8,9.631252045144022,near-pallet,outdoor-night,3070.7504985600062,large,left,bottom,True,38,0.8028,1.1575879647829506,6.539160198012425,True,2.476,2.34,5.0,5.0,2.476,2.34,12.379999999999999,16.58932251508393,922.6507639059396,0.3004642559982018,414.6082788059147,205.314019664689,85124.89230790043,92.2612277992744,-0.6376558510322952,2.071099986559809,0.7167220677637569,1.354377918796052,2
1946,1407,accepted,0,Dist_planter_box_01,False,False,prealign-primary|preprobe|primary|refine|rescue,12,"{""candidate_budget_exhausted"": 2, ""collision"": 1, ""score_callback"": 3, ""support"": 8}",0.12927811599317007,1,51.72964418435998,0.6991855601848624,6,5,1.487137330930401,near-camera,random-mix,205718.99589681,medium,bottom,bottom,False,0,0.9607,0.8919192747593989,0.7004139415161875,True,0.913,0.425,0.414,0.913,0.425,0.414,0.388025,0.30868164516250207,26594.964213546282,0.12927811599317007,689.3920251699241,320.9108550900522,221233.38428954314,8.318619363919158,0.17888257676354358,0.5579482685362881,0.36841542264991584,0.18953284588637226,6
1946,1407,accepted,1,Dist_utility_box_01,False,False,prealign-rescue|preprobe|primary|refine|rescue,12,"{""camera_clearance"": 7, ""candidate_budget_exhausted"": 2, ""collision"": 1, ""score_callback"": 2, ""support"": 2}",0.12927811599317007,1,51.72964418435998,0.6991855601848624,6,5,1.487137330930401,near-camera,random-mix,205718.99589681,road,bottom,bottom,False,198,0.9166,1.0187311927631644,0.9626361347478379,True,0.52,1.12,0.432,1.12,0.52,0.432,0.5824,0.6044224327864833,26594.964213546282,0.12927811599317007,686.4931504369591,318.7289627028739,218805.24974139995,8.227318825642577,-0.5281745878425398,0.6128043480522044,0.04231488010483233,0.5704894679473721,2
1946,1407,accepted,2,Dist_old_military_compressor,False,False,,0,{},0.12927811599317007,1,51.72964418435998,0.6991855601848624,6,5,1.487137330930401,near-camera,random-mix,205718.99589681,large,bottom,bottom,False,69,0.4993,0.91257669211924,0.995843639942681,True,0.598,1.179,1.676,1.676,1.179,0.598,1.976004,1.6456086599274813,26594.964213546282,0.12927811599317007,656.5439907607663,461.85284314256774,303226.70878102764,11.40165883835172,-0.6156570400069936,0.4602708800015904,-0.07769308000270163,0.537963960004292,3
1946,1407,accepted,3,Dist_wine_barrel_01,False,False,,0,{},0.12927811599317007,1,51.72964418435998,0.6991855601848624,6,5,1.487137330930401,near-camera,random-mix,205718.99589681,large,bottom,bottom,False,73,0.9184,1.0877192813480645,0.7741669455488498,True,0.742,0.871,0.756,0.871,0.756,0.742,0.658476,0.7790648400606259,26594.964213546282,0.12927811599317007,709.4913585710826,615.8156912511348,436915.911415158,16.428520373515397,-0.32324136639355494,0.6241621276606092,0.1504603806335271,0.47370174702708207,3
1946,1407,accepted,4,Dist_barrel_stove,False,False,,0,{},0.12927811599317007,1,51.72964418435998,0.6991855601848624,6,5,1.487137330930401,near-camera,random-mix,205718.99589681,large,bottom,bottom,False,38,0.9707,1.08211111863164,0.7169889605560104,True,0.593,0.856,0.593,0.856,0.593,0.593,0.507608,0.5943909342441972,26594.964213546282,0.12927811599317007,770.0279425327848,533.4422545817073,410765.441755602,15.445233859212209,-0.19945261703927492,0.7268345005094088,0.26369094173506696,0.4631435587743419,6
1946,1407,accepted,5,Dist_metal_tool_chest,True,True,corner-contact-refine|preprobe,11,"{""score_callback"": 7}",0.12927811599317007,1,51.72964418435998,0.6991855601848624,6,5,1.487137330930401,near-camera,random-mix,205718.99589681,medium,bottom,bottom,False,327,0.7723,1.1144078430136872,0.7012932327434085,True,0.685,0.652,0.407,0.685,0.652,0.407,0.4466200000000001,0.5546595398955606,26594.964213546282,0.12927811599317007,578.7072400265937,550.8279131348015,318768.1013398493,11.986032347337513,-0.08327016471992088,0.6433237489250032,0.28002679210254117,0.36329695682246205,4
1948,1408,accepted,0,Dist_bollard_01,False,False,,0,{},0.384116739501305,3,15.226051795900196,0.07720139138918355,7,8,8.99294497275868,near-pallet,outdoor-night,2738.2862665099965,road,left,left,False,0,0.691,1.008551151649339,6.123219300968144,True,0.196,1.0,0.196,1.0,0.196,0.196,0.196,0.19936638339666882,1051.8215925130214,0.38411673950130504,82.95885533157445,16.259935644988595,1348.9056488733195,1.2824471930173085,0.2271548367689371,1.2357059884182762,0.7314304125936066,0.5042755758246695,1
1948,1408,accepted,1,Dist_construction_sign_01,False,False,,0,{},0.384116739501305,3,15.226051795900196,0.07720139138918355,7,8,8.99294497275868,near-pallet,outdoor-night,2738.2862665099965,road,left,left,False,5,0.4797,1.198473834164336,6.142091716476839,True,1.068,1.2,0.059,1.2,1.068,0.059,1.2816,1.840812743155885,1051.8215925130214,0.38411673950130504,98.26163274823982,87.45285314593345,8593.260138611462,8.16988375193969,0.007089985415064004,1.4452585864122671,0.7261742859136655,0.7190843004986016,2
1948,1408,accepted,2,Dist_chinese_screen_panels,True,True,preprobe,1,{},0.384116739501305,3,15.226051795900196,0.07720139138918355,7,8,8.99294497275868,near-pallet,outdoor-night,2738.2862665099965,large,left,left,False,107,0.921,1.1688836843430006,6.892026220171148,True,1.294,1.603,0.377,1.603,1.294,0.377,2.074282,2.8340688195602985,1051.8215925130214,0.38411673950130504,158.0859686304286,127.61275321757618,20173.785701996374,19.179855068193636,-0.41954906300140826,1.4541714830004218,0.5173112099995067,0.936860273000915,2
1948,1408,accepted,3,Dist_utility_box_01,False,True,prealign|preprobe,9,"{""score_callback"": 8}",0.384116739501305,3,15.226051795900196,0.07720139138918355,7,8,8.99294497275868,near-pallet,outdoor-night,2738.2862665099965,road,left,left,False,98,0.9166,0.977100440836882,6.475445304483733,True,0.52,1.12,0.432,1.12,0.52,0.432,0.5824,0.5560319981120656,1051.8215925130214,0.38411673950130504,98.03544633917052,45.51645722890059,4462.226200213034,4.242379346436351,0.08615625697583784,1.1805087507131458,0.6333325038444918,0.547176246868654,1
1948,1408,accepted,4,Dist_street_lamp_01,False,False,,0,{},0.384116739501305,3,15.226051795900196,0.07720139138918355,7,8,8.99294497275868,near-pallet,outdoor-night,2738.2862665099965,road,left,left,False,57,0.2753,1.01165758460323,5.668159134883193,True,0.704,3.871,0.386,3.871,0.704,0.386,2.725184,2.789092476618885,1051.8215925130214,0.38411673950130504,219.646049084166,39.94596191042441,8773.972710491305,8.341692900150921,-1.0998947532177543,2.8162317567813493,0.8581685017817974,1.9580632549995518,1
1948,1408,accepted,5,Dist_delivery_truck_01,False,False,,0,{},0.384116739501305,3,15.226051795900196,0.07720139138918355,7,8,8.99294497275868,near-pallet,outdoor-night,2738.2862665099965,large,left,left,False,3,0.7897,0.9548834066277414,6.968295931574074,True,2.665,2.591,6.0,6.0,2.665,2.591,15.99,14.579719100845479,1051.8215925130214,0.38411673950130504,442.702211289798,196.6335655145519,87050.11426708949,82.76129230158567,-0.740982000325816,1.7331209062466622,0.49606945296042315,1.2370514532862391,1
1950,1409,expensive_reject,0,Dist_forklift_02,False,False,feedback|gate-overlap-refine|prealign|preprobe|primary|refine|rescue,12,"{""candidate_budget_exhausted"": 5, ""score_callback"": 12}",0.2893286863433349,2,19.694854591944814,0.17580260085094643,6,6,3.720909485352644,near-pallet,outdoor-day,23377.571460254985,large,bottom,bottom,False,0,0.5807,1.006125627425751,2.265003758312961,True,2.5,1.774,0.928,2.5,1.774,0.928,4.4350000000000005,4.48950073115229,6763.802040493013,0.2893286863433349,483.11681686881406,342.81969325011045,165621.95896293662,24.48651778561876,-1.3288470057346684,0.4560198573186141,-0.4364135742080271,0.8924334315266412,1
1950,1409,expensive_reject,1,Dist_construction_sign_01,False,False,,0,{},0.2893286863433349,2,19.694854591944814,0.17580260085094643,6,6,3.720909485352644,near-pallet,outdoor-day,23377.571460254985,road,bottom,bottom,False,49,0.4797,0.9763713989118642,2.5714009356914755,True,1.068,1.2,0.059,1.2,1.068,0.059,1.2816,1.2217507007985626,6763.802040493013,0.2893286863433349,180.16246112437568,160.34459040069436,28888.07603456904,4.270981891785731,-0.8009828604392226,0.37066281825501446,-0.21516002109210405,0.5858228393471185,4
1950,1409,expensive_reject,2,Dist_chinese_screen_panels,False,False,feedback|prealign|prealign-primary|preprobe|primary|refine|rescue,12,"{""candidate_budget_exhausted"": 4, ""score_callback"": 12}",0.2893286863433349,2,19.694854591944814,0.17580260085094643,6,6,3.720909485352644,near-pallet,outdoor-day,23377.571460254985,large,bottom,bottom,False,85,0.921,0.8338121142423983,3.177039229953696,True,1.294,1.603,0.377,1.603,1.294,0.377,2.074282,1.4421292976372067,6763.802040493013,0.2893286863433349,230.4952127310276,186.0641330467559,42886.89192822622,6.340648598447183,-1.3592548074048216,-0.02265398827425702,-0.6909543978395393,0.6683004095652822,2
1950,1409,expensive_reject,3,Dist_utility_box_01,False,False,feedback|prealign|prealign-primary|preprobe|primary|refine|rescue,12,"{""candidate_budget_exhausted"": 4, ""score_callback"": 12}",0.2893286863433349,2,19.694854591944814,0.17580260085094643,6,6,3.720909485352644,near-pallet,outdoor-day,23377.571460254985,road,bottom,bottom,False,10,0.9166,0.9759672858918502,2.2107283000789684,True,0.52,1.12,0.432,1.12,0.52,0.432,0.5824,0.5547430721595553,6763.802040493013,0.2893286863433349,270.24694180515723,125.47179440953728,33908.36872198287,5.013211285454962,-0.5268825217451503,0.566200838453722,0.019659158354285923,0.5465416800994362,3
1950,1409,expensive_reject,4,Dist_street_lamp_01,False,False,,0,{},0.2893286863433349,2,19.694854591944814,0.17580260085094643,6,6,3.720909485352644,near-pallet,outdoor-day,23377.571460254985,road,bottom,bottom,False,28,0.2753,0.970010511316129,2.3351233728231424,True,0.704,3.871,0.386,3.871,0.704,0.386,2.725184,2.564181197725935,6763.802040493013,0.2893286863433349,481.6658276125646,87.59822852990065,42193.073242249164,6.238070391423477,-1.8692010662949023,1.885709623009833,0.008254278357465346,1.8774553446523676,2
1950,1409,expensive_reject,5,Dist_delivery_van_01,False,False,,0,{},0.2893286863433349,2,19.694854591944814,0.17580260085094643,6,6,3.720909485352644,near-pallet,outdoor-day,23377.571460254985,large,bottom,bottom,False,80,0.8028,1.0917097181379058,3.3396543021093064,True,2.476,2.34,5.0,5.0,2.476,2.34,12.379999999999999,14.754856745418113,6763.802040493013,0.2893286863433349,836.0500896530398,414.0120043961853,346134.77339286543,51.17458661868757,-2.7505221854893938,-0.19592144504669418,-1.4732218152680439,1.27730037022135,1
1951,1409,expensive_reject,0,Dist_SchoolChair_01,False,False,feedback|gate-overlap-refine|prealign|preprobe|primary|refine|rescue,12,"{""candidate_budget_exhausted"": 5, ""score_callback"": 12}",0.3196687818687416,2,1.3153911770744622,0.4117365346329494,6,6,2.4863955635062864,near-camera,outdoor-night,19663.206848925023,medium,bottom,bottom,False,0,0.2916,0.8064274245662957,0.9155774823127933,True,0.566,1.006,0.675,1.006,0.675,0.566,0.67905,0.4416033210114494,6285.713381028959,0.3196687818687416,284.9960508268777,191.22498440173212,54498.36537392494,8.670195739183333,-0.46260111034485046,0.34866487876884295,-0.05696811578800375,0.4056329945568467,1
1951,1409,expensive_reject,1,Dist_construction_sign_01,False,False,,0,{},0.3196687818687416,2,1.3153911770744622,0.4117365346329494,6,6,2.4863955635062864,near-camera,outdoor-night,19663.206848925023,road,bottom,bottom,False,2,0.4797,1.0566710644255242,1.1791597146167967,True,1.068,1.2,0.059,1.2,1.068,0.059,1.2816,1.4309752711259687,6285.713381028959,0.3196687818687416,443.6190658318211,394.82096859032083,175150.1092568529,27.864794119546886,-0.9607610739924275,0.30724420331820146,-0.326758435337113,0.6340026386553145,1
1951,1409,expensive_reject,2,Dist_chinese_screen_panels,False,False,feedback|gate-overlap-refine|prealign|preprobe|primary|refine|rescue,12,"{""candidate_budget_exhausted"": 5, ""score_callback"": 12}",0.3196687818687416,2,1.3153911770744622,0.4117365346329494,6,6,2.4863955635062864,near-camera,outdoor-night,19663.206848925023,large,bottom,bottom,False,106,0.921,1.118946768657838,1.1846315173363504,True,1.294,1.603,0.377,1.603,1.294,0.377,2.074282,2.597087916447929,6285.713381028959,0.3196687818687416,865.4986543168211,698.6620453437097,604691.0600672186,96.20086431116142,-1.5278026564646754,0.26586901369383875,-0.6309668213854184,0.8968358350792571,1
1951,1409,expensive_reject,3,Dist_utility_box_01,False,False,,0,{},0.3196687818687416,2,1.3153911770744622,0.4117365346329494,6,6,2.4863955635062864,near-camera,outdoor-night,19663.206848925023,road,bottom,bottom,False,329,0.9166,0.8436333333227366,1.0200443075551804,True,0.52,1.12,0.432,1.12,0.52,0.432,0.5824,0.4145040979166981,6285.713381028959,0.3196687818687416,528.2257393308191,245.24766468930892,129546.12899966702,20.60961439804953,-0.6092324942942774,0.33563683902718766,-0.13679782763354484,0.4724346666607325,1
1951,1409,expensive_reject,4,Dist_ladder_sectioned_01,False,False,,0,{},0.3196687818687416,2,1.3153911770744622,0.4117365346329494,6,6,2.4863955635062864,near-camera,outdoor-night,19663.206848925023,large,bottom,bottom,False,99,0.4479,0.8206815054089864,1.4049283672001593,True,0.662,2.135,0.178,2.135,0.662,0.178,1.41337,0.9519303240909975,6285.713381028959,0.3196687818687416,497.1481086178079,154.15084211006504,76635.79959686118,12.192060781542676,-1.0069166686351918,0.7452383454129942,-0.1308391616110988,0.8760775070240929,1
1951,1409,expensive_reject,5,Dist_concrete_road_barrier_02,False,False,feedback|prealign|prealign-primary|preprobe|primary|refine|rescue,12,"{""candidate_budget_exhausted"": 4, ""collision"": 1, ""score_callback"": 9, ""support"": 2}",0.3196687818687416,2,1.3153911770744622,0.4117365346329494,6,6,2.4863955635062864,near-camera,outdoor-night,19663.206848925023,road,bottom,bottom,False,214,0.7784,1.0354151565488068,1.0404615162357065,True,1.565,1.112,0.442,1.565,1.112,0.442,1.74028,1.8657272944281178,6285.713381028959,0.3196687818687416,818.4292983455205,581.529316140715,475940.6301763957,75.71783842592026,-1.0115138563064883,0.13986779777578484,-0.43582302926535177,0.5756908270411365,1
1953,1409,expensive_reject,0,Dist_Closetmaid_Premium_Fabric_Cube_Red,False,False,,0,{},0.14342373716073367,1,36.30794148296536,0.9215585128658835,6,4,1.130044139721986,near-camera,random-mix,427023.46965520503,indoor,center,center,False,0,0.888,0.8017803290575208,0.5642972825433676,True,0.322,0.275,0.289,0.322,0.289,0.275,0.093058,0.05982249313228522,61245.30187329266,0.14342373716073367,261.22540084317137,234.45385355179044,61245.30187329266,1.0,0.18584137865628675,0.40633096914710504,0.2960861739016959,0.11024479524540914,1
1953,1409,expensive_reject,1,Dist_Clorox_Premium_Choice_Gloves_SM_1_pair,False,False,feedback|prealign-primary|preprobe|primary|refine|rescue,12,"{""candidate_budget_exhausted"": 3, ""score_callback"": 3, ""support"": 9}",0.14342373716073367,1,36.30794148296536,0.9215585128658835,6,4,1.130044139721986,near-camera,random-mix,427023.46965520503,small,center,center,False,309,0.3328,1.1612092496466349,0.49017984317179575,True,0.274,0.326,0.064,0.326,0.274,0.064,0.08932400000000001,0.12044509985293082,61245.30187329266,0.14342373716073367,269.941656380126,226.88347806182364,61245.30187329265,0.9999999999999999,0.16565687262061526,0.5442110880054183,0.35493398031301676,0.18927710769240152,26
1953,1409,expensive_reject,2,Dist_Rexy_Glove_Heavy_Duty_Large,False,False,prealign-primary|preprobe|primary|refine|rescue,12,"{""candidate_budget_exhausted"": 2, ""collision"": 1, ""score_callback"": 2, ""support"": 9}",0.14342373716073367,1,36.30794148296536,0.9215585128658835,6,4,1.130044139721986,near-camera,random-mix,427023.46965520503,small,center,center,False,265,0.6601,1.1174052213499663,0.5747182378426481,True,0.274,0.244,0.034,0.274,0.244,0.034,0.066856,0.08347602912517839,61245.30187329266,0.14342373716073367,262.2507615616799,233.53717452937917,61245.30187329264,0.9999999999999998,0.15148870091744215,0.42413557492683396,0.28781213792213806,0.1363234370046959,9
1953,1409,expensive_reject,3,Dist_TriStar_Products_PPC_Power_Pressure_Cooker_XL_in_Black,False,False,,0,{},0.14342373716073367,1,36.30794148296536,0.9215585128658835,6,4,1.130044139721986,near-camera,random-mix,427023.46965520503,indoor,center,center,False,106,0.5892,0.9416627726880272,0.5678455925824416,True,0.312,0.294,0.33,0.33,0.312,0.294,0.10296000000000001,0.09129759492795118,61245.30187329266,0.14342373716073367,254.51657052866895,240.63384849983245,61245.30187329264,0.9999999999999998,0.1548444571058487,0.4316933122761287,0.2932688846909887,0.13842442758514,7
1953,1409,expensive_reject,4,Dist_multi_cleaner_5_litre,False,False,prealign-primary|preprobe|primary|refine|rescue,12,"{""candidate_budget_exhausted"": 2, ""score_callback"": 3, ""support"": 9}",0.14342373716073367,1,36.30794148296536,0.9215585128658835,6,4,1.130044139721986,near-camera,random-mix,427023.46965520503,indoor,center,center,False,260,0.8932,0.9205800931062664,0.5459939658507944,True,0.219,0.3,0.106,0.3,0.219,0.106,0.0657,0.05567862840400671,61245.30187329266,0.14342373716073367,289.6509516625675,211.44519471367434,61245.30187329266,1.0,0.17253163767031163,0.4487056656021915,0.3106186516362516,0.13808701396593992,1
1953,1409,expensive_reject,5,Dist_Curver_Storage_Bin_Black_Small,False,False,,0,{},0.14342373716073367,1,36.30794148296536,0.9215585128658835,6,4,1.130044139721986,near-camera,random-mix,427023.46965520503,indoor,center,center,False,218,0.9445,1.0887905865377334,0.6086620596918135,True,0.286,0.193,0.134,0.286,0.193,0.134,0.055198,0.06543529383170896,61245.30187329266,0.14342373716073367,301.2595006199659,203.29749517361333,61245.30187329267,1.0000000000000002,0.15579311146077868,0.3659296946625612,0.26086140306166994,0.10506829160089126,2
1955,1409,expensive_reject,0,Dist_metal_trash_can,False,False,feedback|gate-overlap-refine|prealign|preprobe|primary|refine|rescue,12,"{""candidate_budget_exhausted"": 5, ""score_callback"": 12}",0.17317405507794792,1,55.95204224214733,0.24588408294483435,7,7,4.142479428993394,near-pallet,indoor,31202.976019820017,medium,left,left,False,0,0.8349,0.9864291575520662,2.570298371791113,True,1.778,0.906,0.556,1.778,0.906,0.556,1.610868,1.5674429982940252,5403.5458878521995,0.17317405507794792,415.68268513288695,211.81581143441824,88048.16525066023,16.294516060019543,0.8588872388798326,1.7525920556220047,1.3057396472509186,0.44685240837108603,2
1955,1409,expensive_reject,1,Dist_chinese_screen_panels,False,False,,0,{},0.17317405507794792,1,55.95204224214733,0.24588408294483435,7,7,4.142479428993394,near-pallet,indoor,31202.976019820017,large,left,left,False,5,0.921,1.0750359272456977,3.132156423543058,True,1.294,1.603,0.377,1.603,1.294,0.377,2.074282,2.3972523638913947,5403.5458878521995,0.17317405507794792,352.02496221306177,284.16737436288327,100034.00922227895,18.512660260213032,-0.03716165605480526,1.6861209353200484,0.8244796396326215,0.8616412956874269,1
1955,1409,expensive_reject,2,Dist_Shelf_01,False,False,feedback|gate-overlap-refine|prealign|preprobe|primary|refine|rescue,12,"{""candidate_budget_exhausted"": 5, ""score_callback"": 12}",0.17317405507794792,1,55.95204224214733,0.24588408294483435,7,7,4.142479428993394,near-pallet,indoor,31202.976019820017,indoor,left,left,False,41,0.9679,0.965614233204855,3.4551764061308283,True,1.003,2.08,0.257,2.08,1.003,0.257,2.0862399999999997,1.9452328062125988,5403.5458878521995,0.17317405507794792,381.278749710811,183.85701248074204,70100.7718442223,12.973105678961105,-0.4564422126428296,1.5520353924232686,0.5477965898902195,1.004238802533049,6
1955,1409,expensive_reject,3,Dist_water_dispenser_01,False,False,feedback|gate-overlap-refine|prealign|preprobe|primary|refine|rescue,12,"{""candidate_budget_exhausted"": 5, ""score_callback"": 12}",0.17317405507794792,1,55.95204224214733,0.24588408294483435,7,7,4.142479428993394,near-pallet,indoor,31202.976019820017,indoor,left,left,False,208,0.9812,0.8986696051579836,2.3517989638729233,True,0.325,1.1,0.414,1.1,0.414,0.325,0.4554,0.36778425477553073,5403.5458878521995,0.17317405507794792,277.5887755455556,104.47432097805454,29000.898836251512,5.367012594720239,0.9986272241394776,1.9871637898132595,1.4928955069763685,0.49426828283689095,4
1955,1409,expensive_reject,4,Dist_steel_frame_shelves_02,False,False,,0,{},0.17317405507794792,1,55.95204224214733,0.24588408294483435,7,7,4.142479428993394,near-pallet,indoor,31202.976019820017,indoor,left,left,False,326,0.2375,1.1417930169588446,2.6929542070007737,True,0.593,2.142,0.502,2.142,0.593,0.502,1.270206,1.6559565032479715,5403.5458878521995,0.17317405507794792,295.08034015721523,81.69124262989199,24105.47966309413,4.461048386261706,-0.022181637269863996,2.4235390050559813,1.2006786838930585,1.2228603211629228,11
1955,1409,expensive_reject,5,Dist_delivery_van_01,False,False,,0,{},0.17317405507794792,1,55.95204224214733,0.24588408294483435,7,7,4.142479428993394,near-pallet,indoor,31202.976019820017,large,left,left,False,627,0.8028,0.8627929771473182,2.6411191066653985,True,2.476,2.34,5.0,5.0,2.476,2.34,12.379999999999999,9.21581711111439,5403.5458878521995,0.17317405507794792,975.7147905838116,483.17396429710345,471439.9833896984,87.24641063001803,0.23561030134144967,2.254545867866174,1.2450780846038119,1.009467783262362,2
1956,1409,expensive_reject,0,Dist_wooden_crate_01,False,False,prealign-rescue|preprobe|primary|refine|rescue,12,"{""camera_clearance"": 3, ""candidate_budget_exhausted"": 2, ""collision"": 1, ""score_callback"": 2, ""support"": 6}",0.35734273672564093,3,14.008726336225575,0.6684953800308305,6,5,1.1394847250365656,near-camera,outdoor-night,155727.48261545502,small,bottom,bottom,False,0,0.9288,1.082442693883149,0.7882748077545078,True,0.825,0.35,0.409,0.825,0.409,0.35,0.337425,0.3953548614561749,55648.084821201366,0.35734273672564093,483.8787219169418,239.88654213821718,116075.99341491514,2.0858937695316935,-0.5515282055840895,-0.17267326272498745,-0.36210073415453853,0.18942747142955105,10
1956,1409,expensive_reject,1,Dist_wine_barrel_01,False,False,preprobe|primary|refine|rescue,12,"{""candidate_budget_exhausted"": 1, ""collision"": 1, ""support"": 11}",0.35734273672564093,3,14.008726336225575,0.6684953800308305,6,5,1.1394847250365656,near-camera,outdoor-night,155727.48261545502,large,bottom,bottom,False,12,0.9184,1.1732828398668584,0.7886102825485116,True,0.742,0.871,0.756,0.871,0.756,0.742,0.658476,0.9064532035787616,55648.084821201366,0.35734273672564093,550.3875262979373,477.71867954218203,262930.40229953855,4.724877830824552,-1.1034376371578472,-0.08150828363381346,-0.5924729603958303,0.5109646767620168,1
1956,1409,expensive_reject,2,Dist_barrel_stove,False,False,prealign-rescue|preprobe|primary|refine|rescue,12,"{""candidate_budget_exhausted"": 2, ""score_callback"": 1, ""support"": 11}",0.35734273672564093,3,14.008726336225575,0.6684953800308305,6,5,1.1394847250365656,near-camera,outdoor-night,155727.48261545502,large,bottom,bottom,False,32,0.9707,1.1579856212559418,0.7954052328099583,True,0.593,0.856,0.593,0.856,0.593,0.593,0.507608,0.6806671502760169,55648.084821201366,0.35734273672564093,544.158239174448,376.9694343813641,205131.02363555072,3.686218929090581,-1.0061818832053038,-0.014946191410217469,-0.5105640373077606,0.49561784589754315,5
1956,1409,expensive_reject,3,Dist_old_tyre,False,False,,0,{},0.35734273672564093,3,14.008726336225575,0.6684953800308305,6,5,1.1394847250365656,near-camera,outdoor-night,155727.48261545502,medium,bottom,bottom,False,1,0.9677,1.18199323468844,0.7086527463972867,True,0.6,0.6,0.165,0.6,0.6,0.165,0.36,0.502958882465727,55648.084821201366,0.35734273672564093,436.3121871345541,436.3121871345541,190368.32464213818,3.420932189378955,-0.7780516808976661,-0.06885574008460199,-0.423453710491134,0.35459797040653207,24
1956,1409,expensive_reject,4,Dist_metal_tool_chest,False,False,,0,{},0.35734273672564093,3,14.008726336225575,0.6684953800308305,6,5,1.1394847250365656,near-camera,outdoor-night,155727.48261545502,medium,bottom,bottom,False,3,0.7723,1.1131002781024941,0.6888597343615972,True,0.685,0.652,0.407,0.685,0.652,0.407,0.4466200000000001,0.5533587093659345,55648.084821201366,0.35734273672564093,431.1032402609525,410.33476299290663,176896.64591795203,3.178845174749952,-0.7427122670268593,-0.0169708857040331,-0.3798415763654462,0.3628706906614131,6
1956,1409,expensive_reject,5,Dist_planter_box_01,False,False,,0,{},0.35734273672564093,3,14.008726336225575,0.6684953800308305,6,5,1.1394847250365656,near-camera,outdoor-night,155727.48261545502,medium,bottom,bottom,False,10,0.9607,1.0829285970705609,0.726179908586293,True,0.913,0.425,0.414,0.913,0.425,0.414,0.388025,0.4550502447437056,55648.084821201366,0.35734273672564093,591.4451475673688,275.31674448645316,162834.75257055787,2.9261519618105427,-0.597684635317481,-0.13743998156249265,-0.36756230843998683,0.23012232687749415,20
1957,1409,expensive_reject,0,Dist_ladder_sectioned_01,False,False,feedback|prealign|prealign-primary|preprobe|primary|refine|rescue,12,"{""camera_clearance"": 1, ""candidate_budget_exhausted"": 4, ""score_callback"": 11}",0.27210373304403745,2,7.064742283309532,0.1404778428084,5,6,7.413281525794676,near-pallet,outdoor-day,3137.4809986550026,large,bottom,bottom,False,0,0.4479,0.8469909669530118,5.826622892218931,True,0.662,2.135,0.178,2.135,0.662,0.178,1.41337,1.0139427310835942,853.7202920887609,0.27210373304403745,125.85077373519438,39.022581832645756,4911.022116783408,5.752495474563244,-0.9577734391096829,0.8505522753349971,-0.053610581887342926,0.90416285722234,2
1957,1409,expensive_reject,1,Dist_construction_sign_01,False,False,,0,{},0.27210373304403745,2,7.064742283309532,0.1404778428084,5,6,7.413281525794676,near-pallet,outdoor-day,3137.4809986550026,road,bottom,bottom,False,56,0.4797,0.8224624925049707,4.944212893275212,True,1.068,1.2,0.059,1.2,1.068,0.059,1.2816,0.86693133730171,853.7202920887609,0.27210373304403745,83.77041279960208,74.55566739164585,6245.559033948006,7.315697063574844,-0.5059458418086681,0.48100914919729676,-0.012468346305685689,0.4934774955029824,2
1957,1409,expensive_reject,2,Dist_chinese_screen_panels,False,False,feedback|prealign-primary|preprobe|primary|refine|rescue,12,"{""camera_clearance"": 7, ""candidate_budget_exhausted"": 3, ""score_callback"": 5}",0.27210373304403745,2,7.064742283309532,0.1404778428084,5,6,7.413281525794676,near-pallet,outdoor-day,3137.4809986550026,large,bottom,bottom,False,128,0.921,1.093608843988329,5.21427875914936,True,1.294,1.603,0.377,1.603,1.294,0.377,2.074282,2.4808004162146697,853.7202920887609,0.27210373304403745,195.49547859486293,157.81107255255935,30851.351156231227,36.13753994384806,-1.3337818979799265,0.4192730789333648,-0.45725440952328084,0.8765274884566456,2
1957,1409,expensive_reject,3,Dist_utility_box_01,False,False,feedback|prealign-primary|preprobe|primary|refine|rescue,12,"{""candidate_budget_exhausted"": 3, ""collision"": 4, ""score_callback"": 4, ""support"": 4}",0.27210373304403745,2,7.064742283309532,0.1404778428084,5,6,7.413281525794676,near-pallet,outdoor-day,3137.4809986550026,road,bottom,bottom,False,21,0.9166,1.0910626473833327,5.303198651402347,True,0.52,1.12,0.432,1.12,0.52,0.432,0.5824,0.6932992687800098,853.7202920887609,0.27210373304403745,133.66735458264648,62.059843199085876,8295.375066235654,9.716736433591985,-0.6747645768063208,0.5472255882630119,-0.0637694942716545,0.6109950825346664,2
1957,1409,expensive_reject,4,Dist_street_lamp_01,False,False,,0,{},0.27210373304403745,2,7.064742283309532,0.1404778428084,5,6,7.413281525794676,near-pallet,outdoor-day,3137.4809986550026,road,bottom,bottom,False,55,0.2753,0.8293121933184997,4.088142228796116,True,0.704,3.871,0.386,3.871,0.704,0.386,2.725184,1.8742690432172417,853.7202920887609,0.27210373304403745,249.64561528693488,45.40183755153763,11334.369670711078,13.276444024751667,-1.3737347689294126,1.8365327314064996,0.23139898123854358,1.6051337501679561,2
1957,1409,expensive_reject,5,Dist_delivery_truck_01,False,False,,0,{},0.27210373304403745,2,7.064742283309532,0.1404778428084,5,6,7.413281525794676,near-pallet,outdoor-day,3137.4809986550026,large,bottom,bottom,False,319,0.7897,0.9381438874663277,4.52985267496888,True,2.665,2.591,6.0,6.0,2.665,2.591,15.99,14.073022117911037,853.7202920887609,0.27210373304403745,669.0726948963716,297.17978864980506,198834.8820606592,232.90401306284804,-2.0007038662107988,0.43002694621445614,-0.7853384599981714,1.2153654062126273,1
1958,1409,accepted,0,Dist_wine_bottles_01,False,False,,0,{},0.19469823912813086,1,4.08832934802275,0.38054750740391285,4,8,1.8980530294092746,near-pallet,random-mix,19326.50923603,small,left,left,False,0,0.4876,1.1718553410699264,1.2875629553217047,True,0.676,0.331,0.081,0.676,0.331,0.081,0.22375600000000004,0.3072717948828253,3762.837316748599,0.19469823912813086,180.54629787228677,88.40358668006941,15960.940293718335,4.24173009624288,-0.11953418225557569,0.26834993563857,0.07440787669149715,0.19394205894707284,5
1958,1409,accepted,1,Dist_construction_sign_01,False,False,,0,{},0.19469823912813086,1,4.08832934802275,0.38054750740391285,4,8,1.8980530294092746,near-pallet,random-mix,19326.50923603,road,left,left,False,8,0.4797,0.9350392839195613,1.5603937225303453,True,1.068,1.2,0.059,1.2,1.068,0.059,1.2816,1.1205009095051481,3762.837316748599,0.19469823912813086,209.298579372773,186.27573564176794,38987.24684144025,10.361130062122493,-0.5154151348424181,0.6066320058610555,0.0456084355093187,0.5610235703517368,8
1958,1409,accepted,2,Dist_Shelf_01,False,False,,0,{},0.19469823912813086,1,4.08832934802275,0.38054750740391285,4,8,1.8980530294092746,near-pallet,random-mix,19326.50923603,indoor,left,left,False,369,0.9679,1.0651435744951538,1.6058360109645873,True,1.003,2.08,0.257,2.08,1.003,0.257,2.0862399999999997,2.3669036077256504,3762.837316748599,0.19469823912813086,570.4138361490216,275.0601334891676,156898.10591521804,41.69675505684389,-1.0669376742275078,1.148560960722412,0.04081164324745206,1.10774931747496,5
1958,1409,accepted,3,Dist_water_dispenser_01,False,False,feedback|gate-overlap-refine|prealign|preprobe|primary|refine|rescue,12,"{""candidate_budget_exhausted"": 5, ""score_callback"": 9, ""support"": 3}",0.19469823912813086,1,4.08832934802275,0.38054750740391285,4,8,1.8980530294092746,near-pallet,random-mix,19326.50923603,indoor,left,left,False,268,0.9812,0.9746685373653151,1.5553737856149825,True,0.325,1.1,0.414,1.1,0.414,0.325,0.4554,0.4326203262701704,3762.837316748599,0.19469823912813086,286.9446549869291,107.99553378598966,30988.741182350048,8.235471952087174,-0.48992936607322507,0.5822060250286217,0.04613832947769831,0.5360676955509234,1
1958,1409,accepted,4,Dist_utility_box_01,True,True,gate-overlap-refine|preprobe,12,"{""score_callback"": 10}",0.19469823912813086,1,4.08832934802275,0.38054750740391285,4,8,1.8980530294092746,near-pallet,random-mix,19326.50923603,road,left,left,False,89,0.9166,0.8784594588771878,1.339661295169794,True,0.52,1.12,0.432,1.12,0.52,0.432,0.5824,0.4494328505668028,3762.837316748599,0.19469823912813086,295.4875416733651,137.19064434834803,40538.1262390783,10.773286971148298,-0.42302881131064063,0.5608457826318098,0.06890848566058462,0.49193729697122524,2
1958,1409,accepted,5,Dist_steel_frame_shelves_03,False,False,,0,{},0.19469823912813086,1,4.08832934802275,0.38054750740391285,4,8,1.8980530294092746,near-pallet,random-mix,19326.50923603,large,left,left,False,136,0.2394,1.153296092946464,1.572665618918169,True,2.351,2.312,0.721,2.351,2.312,0.721,5.435511999999999,7.229730364001858,3762.837316748599,0.19469823912813086,354.5060431385873,348.6252538223793,123589.75927075735,32.84483193590444,-1.2888972434738541,1.3775233234183701,0.04431303997225803,1.3332102834461121,4
1960,1410,expensive_reject,0,Dist_compost_bags,False,False,preprobe|primary|refine|rescue,12,"{""candidate_budget_exhausted"": 1, ""support"": 12}",0.36456283392567557,3,76.4856363065561,0.5429262153068684,8,8,1.9181276709697792,near-camera,outdoor-night,127804.65631834502,medium,bottom,bottom,False,0,0.4508,1.1417124435264614,1.2795796520993363,True,1.828,0.707,0.926,1.828,0.926,0.707,1.6927280000000002,2.2064833111828484,46592.82769631286,0.36456283392567557,663.5339761500031,336.12279098189435,223028.89197485277,4.786764465735619,0.1547175973210475,0.9619082948942557,0.5583129461076516,0.4035953487866041,1
1960,1410,expensive_reject,1,Dist_construction_sign_01,False,False,,0,{},0.36456283392567557,3,76.4856363065561,0.5429262153068684,8,8,1.9181276709697792,near-camera,outdoor-night,127804.65631834502,road,bottom,bottom,False,2,0.4797,0.9368125749212275,0.819156596805305,True,1.068,1.2,0.059,1.2,1.068,0.059,1.2816,1.1247549731599407,46592.82769631286,0.36456283392567557,575.9138135762257,512.5632940828409,295192.2813944414,6.335573434573956,0.46552335675202117,1.5896984466574942,1.0276109017047577,0.5620875449527365,4
1960,1410,expensive_reject,2,Dist_chinese_screen_panels,False,False,feedback|prealign-primary|preprobe|primary|refine|rescue,12,"{""candidate_budget_exhausted"": 3, ""collision"": 2, ""score_callback"": 2, ""support"": 8}",0.36456283392567557,3,76.4856363065561,0.5429262153068684,8,8,1.9181276709697792,near-camera,outdoor-night,127804.65631834502,large,bottom,bottom,False,291,0.921,0.8566307299239678,0.9106597166916001,True,1.294,1.603,0.377,1.603,1.294,0.377,2.074282,1.522141750421946,46592.82769631286,0.36456283392567557,876.8119757611624,707.7945705770084,620602.7558606502,13.319705769001049,0.2048165297886022,1.5779955898567226,0.8914060598226624,0.6865895300340602,4
1960,1410,expensive_reject,3,Dist_utility_box_01,False,False,,0,{},0.36456283392567557,3,76.4856363065561,0.5429262153068684,8,8,1.9181276709697792,near-camera,outdoor-night,127804.65631834502,road,bottom,bottom,False,33,0.9166,0.8153083251799953,1.2121087029162259,True,0.52,1.12,0.432,1.12,0.52,0.432,0.5824,0.38713739215878795,46592.82769631286,0.36456283392567557,437.01250878604776,202.8986647935222,88669.25453075647,1.9030666073476659,0.20573679431316716,1.118882118514762,0.6623094564139645,0.4565726621007974,1
1960,1410,expensive_reject,4,Dist_portable_welding_cart,False,False,,0,{},0.36456283392567557,3,76.4856363065561,0.5429262153068684,8,8,1.9181276709697792,near-camera,outdoor-night,127804.65631834502,large,bottom,bottom,False,431,0.5805,0.8759632443576217,0.9748769406316125,True,0.838,1.563,0.655,1.563,0.838,0.655,1.309794,1.0050201369691192,46592.82769631286,0.36456283392567557,648.338463053863,347.6056506968248,225366.11332161736,4.836927150902493,0.20061030756142884,1.5697408584923918,0.8851755830269102,0.6845652754654814,7
1960,1410,expensive_reject,5,Dist_concrete_road_barrier_02,False,False,preprobe|primary|refine|rescue,12,"{""candidate_budget_exhausted"": 1, ""collision"": 5, ""support"": 7}",0.36456283392567557,3,76.4856363065561,0.5429262153068684,8,8,1.9181276709697792,near-camera,outdoor-night,127804.65631834502,road,bottom,bottom,False,487,0.7784,1.0127472143951437,1.0654227946297838,True,1.565,1.112,0.442,1.565,1.112,0.442,1.74028,1.7849302251989887,46592.82769631286,0.36456283392567557,795.2440714023436,565.0552123957867,449356.8076727414,9.644334329772851,0.17943826537341057,1.3056131677808105,0.7425257165771105,0.5630874512037,2
1963,1410,accepted,0,Dist_construction_sign_01,False,False,,0,{},0.12633083870981354,1,38.5446295115882,0.47516948897529476,7,7,2.1916428159577084,near-pallet,outdoor-day,78245.295440475,road,right,right,False,0,0.4797,0.8480152103766149,1.7202257010859068,True,1.068,1.2,0.059,1.2,1.068,0.059,1.2816,0.9216367478737689,9884.793798092356,0.12633083870981354,248.25038280267216,220.94284069437828,54849.14477988922,5.548840562609858,-0.23471123832863483,0.7829070141233029,0.274097887897334,0.5088091262259689,6
1963,1410,accepted,1,Dist_chinese_screen_panels,False,True,prealign|preprobe,9,"{""score_callback"": 5}",0.12633083870981354,1,38.5446295115882,0.47516948897529476,7,7,2.1916428159577084,near-pallet,outdoor-day,78245.295440475,large,right,right,False,18,0.921,0.8864531282573367,1.304541222900285,True,1.294,1.603,0.377,1.603,1.294,0.377,2.074282,1.629969029550535,9884.793798092356,0.12633083870981354,633.383752606371,511.2904403447561,323843.0577773255,32.76174135669105,-0.15449873732337394,1.2664856272731368,0.5559934449748815,0.7104921822982554,4
1963,1410,accepted,2,Dist_utility_box_01,True,True,prealign|preprobe,9,"{""score_callback"": 2}",0.12633083870981354,1,38.5446295115882,0.47516948897529476,7,7,2.1916428159577084,near-pallet,outdoor-day,78245.295440475,road,right,right,False,6,0.9166,0.8832047451377756,1.2076766143355824,True,0.52,1.12,0.432,1.12,0.52,0.432,0.5824,0.4543014821560535,9884.793798092356,0.12633083870981354,475.1429587162394,220.60208797539687,104817.5287796102,10.603916573336988,0.12708731884430557,1.1162766333986143,0.6216819761214599,0.49459465727715435,2
1963,1410,accepted,3,Dist_street_lamp_01,False,False,,0,{},0.12633083870981354,1,38.5446295115882,0.47516948897529476,7,7,2.1916428159577084,near-pallet,outdoor-day,78245.295440475,road,right,right,False,62,0.2753,0.8531182245714631,1.861299776004618,True,0.704,3.871,0.386,3.871,0.704,0.386,2.725184,1.9834180885562436,9884.793798092356,0.12633083870981354,564.0593245855141,102.58273430849958,57862.74782818752,5.853713189176927,-1.4727815237959407,1.829639123520193,0.17842879986212604,1.6512103236580669,7
1963,1410,accepted,4,Dist_forklift_02,False,False,,0,{},0.12633083870981354,1,38.5446295115882,0.47516948897529476,7,7,2.1916428159577084,near-pallet,outdoor-day,78245.295440475,large,right,right,False,31,0.5807,1.011390375962396,1.7897498959138325,True,2.5,1.774,0.928,2.5,1.774,0.928,4.4350000000000005,4.5366080346337965,9884.793798092356,0.12633083870981354,652.3009395913625,462.8727467340309,301932.32760584314,30.54513162066288,-0.6701530624926191,1.1240534644646714,0.2269502009860262,0.8971032634786452,2
1963,1410,accepted,5,Dist_industrial_storage_cart,False,False,,0,{},0.12633083870981354,1,38.5446295115882,0.47516948897529476,7,7,2.1916428159577084,near-pallet,outdoor-day,78245.295440475,medium,right,right,False,109,0.6134,1.1538164186481008,1.6413340917494785,True,1.603,1.377,1.103,1.603,1.377,1.103,2.207331,2.938602825528387,9884.793798092356,0.12633083870981354,534.7499394805413,459.35787065795716,245641.59353425293,24.85045197216544,-0.46680453692766455,1.1220006715507702,0.32759806731155283,0.7944026042392174,2
1965,1411,expensive_reject,0,Dist_street_lamp_01,False,False,feedback|prealign|prealign-primary|preprobe|primary|refine|rescue,12,"{""candidate_budget_exhausted"": 4, ""score_callback"": 12}",0.2759477798209089,2,3.878847447379188,0.13601023488035613,4,8,4.403266171079409,near-pallet,outdoor-night,5133.0449633249955,road,bottom,bottom,False,0,0.2753,0.9396729698153601,3.0275830145616487,True,0.704,3.871,0.386,3.871,0.704,0.386,2.725184,2.4062973850928078,1416.4523613504311,0.2759477798209089,329.48225410364745,59.92133993515056,19743.018150744316,13.938356622118604,-1.8920701436903506,1.745403922464908,-0.07333311061272128,1.8187370330776294,1
1965,1411,expensive_reject,1,Dist_construction_sign_01,False,False,,0,{},0.2759477798209089,2,3.878847447379188,0.13601023488035613,4,8,4.403266171079409,near-pallet,outdoor-night,5133.0449633249955,road,bottom,bottom,False,245,0.4797,0.9358614631771751,2.725881217713221,True,1.068,1.2,0.059,1.2,1.068,0.059,1.2816,1.1224722868581738,1416.4523613504311,0.2759477798209089,149.14057721467591,132.7351137210616,19796.191477014774,13.975896413587314,-0.768159066001763,0.35487468981084697,-0.20664218809545803,0.561516877906305,2
1965,1411,expensive_reject,2,Dist_utility_box_01,False,False,feedback|gate-overlap-refine|prealign|preprobe|primary|refine|rescue,12,"{""candidate_budget_exhausted"": 5, ""score_callback"": 12}",0.2759477798209089,2,3.878847447379188,0.13601023488035613,4,8,4.403266171079409,near-pallet,outdoor-night,5133.0449633249955,road,bottom,bottom,False,172,0.9166,0.8290538013124596,2.4878449054140774,True,0.52,1.12,0.432,1.12,0.52,0.432,0.5824,0.4003011116661004,1416.4523613504311,0.2759477798209089,186.76368689834302,86.71171177423068,16194.598988221784,11.433211190231642,-0.5209440143233672,0.40759624314658777,-0.05667388558838972,0.4642701287349775,5
1965,1411,expensive_reject,3,Dist_ladder_sectioned_01,False,False,,0,{},0.2759477798209089,2,3.878847447379188,0.13601023488035613,4,8,4.403266171079409,near-pallet,outdoor-night,5133.0449633249955,large,bottom,bottom,False,386,0.4479,0.9048899458835923,2.6705185277846466,True,0.662,2.135,0.178,2.135,0.662,0.178,1.41337,1.1573038409610301,1416.4523613504311,0.2759477798209089,253.05426144604985,78.46460003619909,19855.801411820055,14.017980380850746,-1.0335502228743463,0.8983898115871228,-0.06758020564361177,0.9659700172307346,1
1965,1411,expensive_reject,4,Dist_covered_car,False,False,feedback|prealign-primary|preprobe|primary|refine|rescue,12,"{""candidate_budget_exhausted"": 3, ""collision"": 3, ""score_callback"": 3, ""support"": 6}",0.2759477798209089,2,3.878847447379188,0.13601023488035613,4,8,4.403266171079409,near-pallet,outdoor-night,5133.0449633249955,large,bottom,bottom,False,341,0.7299,1.1127427704533814,3.7453674296656994,True,1.789,1.411,4.38,4.38,1.789,1.411,7.835819999999999,9.70228468860077,1416.4523613504311,0.2759477798209089,581.0737028688267,237.33809461925364,137910.92547224165,97.36361718565585,-1.5930989219089793,-0.023018872799258072,-0.8080588973541187,0.7850400245548605,2
1965,1411,expensive_reject,5,Dist_industrial_storage_cart,False,False,,0,{},0.2759477798209089,2,3.878847447379188,0.13601023488035613,4,8,4.403266171079409,near-pallet,outdoor-night,5133.0449633249955,medium,bottom,bottom,False,473,0.6134,1.0823213792318997,2.4557750774709124,True,1.603,1.377,1.103,1.603,1.377,1.103,2.207331,2.5857107263259578,1416.4523613504311,0.2759477798209089,289.19989770579326,248.4268615975529,71845.02296138355,50.72180676298019,-1.172399122490379,0.317957416711947,-0.42722085288921596,0.745178269601163,2
1967,1411,accepted,0,Dist_bollard_01,False,False,,0,{},0.21937653992753747,2,15.67614223002524,0.15395003962636983,5,6,6.0129278846418135,near-camera,outdoor-day,7590.770720679999,road,right,right,False,0,0.691,1.1544869624166343,3.1645337744034823,True,0.196,1.0,0.196,1.0,0.196,0.196,0.196,0.2612366686924375,1665.2370160860382,0.2193765399275375,183.74855515466578,36.014716810314496,6617.652178199742,3.9740001659066087,0.16407078275199805,1.3185577451686323,0.7413142639603152,0.5772434812083171,1
1967,1411,accepted,1,Dist_construction_sign_01,False,False,,0,{},0.21937653992753747,2,15.67614223002524,0.15395003962636983,5,6,6.0129278846418135,near-camera,outdoor-day,7590.770720679999,road,right,right,False,23,0.4797,0.9754655680177342,3.462785310376737,True,1.068,1.2,0.059,1.2,1.068,0.059,1.2816,1.219484788135867,1665.2370160860382,0.2193765399275375,141.85939213078396,126.25485899639776,17910.437550786828,10.75548848468634,0.06570971345188859,1.2362683950731697,0.6509890542625291,0.5852793408106405,1
1967,1411,accepted,2,Dist_chinese_screen_panels,False,False,,0,{},0.21937653992753747,2,15.67614223002524,0.15395003962636983,5,6,6.0129278846418135,near-camera,outdoor-day,7590.770720679999,large,right,right,False,7,0.921,1.0991150225652364,3.553885281789088,True,1.294,1.603,0.377,1.603,1.294,0.377,2.074282,2.505844320467333,1665.2370160860382,0.2193765399275375,288.27613315650217,232.7069970708134,67083.87327403556,40.28487994562422,-0.25754118081464106,1.5043402003574329,0.6233995097713959,0.880940690586037,1
1967,1411,accepted,3,Dist_utility_box_01,True,True,prealign|preprobe,9,"{""score_callback"": 5}",0.21937653992753747,2,15.67614223002524,0.15395003962636983,5,6,6.0129278846418135,near-camera,outdoor-day,7590.770720679999,road,right,right,False,136,0.9166,0.9393323804065323,2.2370721018372888,True,0.52,1.12,0.432,1.12,0.52,0.432,0.5824,0.51387791488063,1665.2370160860382,0.2193765399275375,272.8053432443239,126.65962364915039,34553.42210480336,20.749852285903113,0.49616906516768866,1.5482213312230049,1.0221951981953468,0.5260261330276581,1
1967,1411,accepted,4,Dist_street_lamp_01,False,False,,0,{},0.21937653992753747,2,15.67614223002524,0.15395003962636983,5,6,6.0129278846418135,near-camera,outdoor-day,7590.770720679999,road,right,right,False,398,0.2753,0.9659349693603285,2.9748835436671435,True,0.704,3.871,0.386,3.871,0.704,0.386,2.725184,2.5426794223024696,1665.2370160860382,0.2193765399275375,399.58558083664843,72.67069204572473,29038.160690892124,17.437854437768397,-1.0708174672541966,2.6683167991396353,0.7987496659427192,1.869567133196916,1
1967,1411,accepted,5,Dist_delivery_truck_01,False,False,,0,{},0.21937653992753747,2,15.67614223002524,0.15395003962636983,5,6,6.0129278846418135,near-camera,outdoor-day,7590.770720679999,large,right,right,False,130,0.7897,0.9611461161027675,3.2461295161059143,True,2.665,2.591,6.0,6.0,2.665,2.591,15.99,14.771591685425959,1665.2370160860382,0.2193765399275375,956.5584282993242,424.87136856961655,406414.2885483353,244.05792366036198,-0.5285617265136225,1.9617678603086484,0.7166030668975129,1.2451647934111354,1
1969,1412,accepted,0,Dist_plastic_monobloc_chair_01,False,False,,0,{},0.17166410935496496,1,9.255356600610698,0.4557103034201497,5,6,2.583881190272777,near-camera,outdoor-night,36433.482057875,medium,right,right,False,0,0.3396,0.8634364408682678,1.239948779535721,True,0.642,0.88,0.628,0.88,0.642,0.628,0.56496,0.4211903844923861,6254.321248165208,0.17166410935496496,244.64808380520398,178.481897503342,43665.25421810944,6.981613589311429,-0.12573152868043153,0.6340925392836441,0.2541805053016063,0.37991203398203777,1
1969,1412,accepted,1,Dist_construction_sign_01,False,False,,0,{},0.17166410935496496,1,9.255356600610698,0.4557103034201497,5,6,2.583881190272777,near-camera,outdoor-night,36433.482057875,road,right,right,False,19,0.4797,1.004159674862105,1.6709760696604246,True,1.068,1.2,0.059,1.2,1.068,0.059,1.2816,1.292284253996726,6254.321248165208,0.17166410935496496,342.1742539882917,304.5350860495796,104204.06588227511,16.661131040054077,-0.4304911309438313,0.7745004788906946,0.17200467397343167,0.602495804917263,1
1969,1412,accepted,2,Dist_chinese_screen_panels,False,False,,0,{},0.17166410935496496,1,9.255356600610698,0.4557103034201497,5,6,2.583881190272777,near-camera,outdoor-night,36433.482057875,large,right,right,False,28,0.921,0.9584140334084184,1.2641842192572714,True,1.294,1.603,0.377,1.603,1.294,0.377,2.074282,1.9053472040700765,6254.321248165208,0.17166410935496496,799.0147821656584,644.9938416234322,515359.61386293784,82.40056649058853,-0.5186088559609326,1.0177288395927622,0.24955999181591473,0.7681688477768474,2
1969,1412,accepted,3,Dist_utility_box_01,True,True,prealign|preprobe,9,"{""score_callback"": 3}",0.17166410935496496,1,9.255356600610698,0.4557103034201497,5,6,2.583881190272777,near-camera,outdoor-night,36433.482057875,road,right,right,False,92,0.9166,0.9224228975012989,0.8218038565872565,True,0.52,1.12,0.432,1.12,0.52,0.432,0.5824,0.49554319466852453,6254.321248165208,0.17166410935496496,824.5529053950396,382.82813464769697,315662.05069072195,50.471032453493784,-0.18265652357328954,0.8504571216281653,0.3339002990274379,0.5165568226007274,2
1969,1412,accepted,4,Dist_street_lamp_01,False,False,,0,{},0.17166410935496496,1,9.255356600610698,0.4557103034201497,5,6,2.583881190272777,near-camera,outdoor-night,36433.482057875,road,right,right,False,349,0.2753,0.810204642924944,1.7939972646550297,True,0.704,3.871,0.386,3.871,0.704,0.386,2.725184,1.7888967937193643,6254.321248165208,0.17166410935496496,628.4169712924503,114.28714745282485,71819.98305995787,11.48325776854319,-1.419600539794354,1.7167016329681042,0.14855054658687494,1.5681510863812291,1
1969,1412,accepted,5,Dist_forklift_01,False,False,,0,{},0.17166410935496496,1,9.255356600610698,0.4557103034201497,5,6,2.583881190272777,near-camera,outdoor-night,36433.482057875,large,right,right,False,236,0.5646,1.178034249351331,1.7819175822863818,True,0.83,1.539,2.5,2.5,1.539,0.83,3.8474999999999997,5.33942465495069,6254.321248165208,0.17166410935496496,850.8038112601904,523.7548262117732,445612.6023068953,71.24875500081195,-0.7556438034362263,1.057350906315472,0.1508535514396228,0.9064973548758491,2
1970,1413,accepted,0,Dist_chinese_screen_panels,True,True,gate-overlap-refine|preprobe,12,"{""score_callback"": 11}",0.35482742067887646,3,27.60637833057249,0.3398619834841984,4,4,1.6585327784604011,near-pallet,random-mix,117801.46853164502,large,right,right,False,0,0.921,1.1120690383745937,1.3215937436505936,True,1.294,1.603,0.377,1.603,1.294,0.377,2.074282,2.5652594593430336,41799.19123126743,0.35482742067887646,636.7989045298885,514.0472753971776,327344.7418494966,7.831365445287131,-0.9532017765214804,0.8294448919929933,-0.061878442264243605,0.8913233342572369,11
1970,1413,accepted,1,Dist_construction_sign_01,False,False,,0,{},0.35482742067887646,3,27.60637833057249,0.3398619834841984,4,4,1.6585327784604011,near-pallet,random-mix,117801.46853164502,road,right,right,False,34,0.4797,0.9874933010088845,1.3005257982812468,True,1.068,1.2,0.059,1.2,1.068,0.059,1.2816,1.2497432938391622,41799.19123126743,0.35482742067887646,310.446298802843,276.2972059345303,85775.44495194184,2.052083842420818,-0.6399406165356328,0.5450513446750286,-0.047444635930302126,0.5924959806053307,9
1970,1413,accepted,2,Dist_Shelf_01,False,False,feedback|prealign|prealign-primary|preprobe|primary|refine|rescue,12,"{""candidate_budget_exhausted"": 4, ""collision"": 1, ""score_callback"": 7, ""support"": 4}",0.35482742067887646,3,27.60637833057249,0.3398619834841984,4,4,1.6585327784604011,near-pallet,random-mix,117801.46853164502,indoor,right,right,False,17,0.9679,1.053728245878951,1.3037632619687873,True,1.003,2.08,0.257,2.08,1.003,0.257,2.0862399999999997,2.31644243128817,41799.19123126743,0.35482742067887646,813.6050905702191,392.3297624240047,319201.49189037486,7.636547083513895,-1.1455400221366503,1.046214729291568,-0.04966264642254108,1.0958773757141091,22
1970,1413,accepted,3,Dist_utility_box_01,False,False,,0,{},0.35482742067887646,3,27.60637833057249,0.3398619834841984,4,4,1.6585327784604011,near-pallet,random-mix,117801.46853164502,road,right,right,False,1,0.9166,1.0309266419972882,0.9795881232704686,True,0.52,1.12,0.432,1.12,0.52,0.432,0.5824,0.6189803932631184,41799.19123126743,0.35482742067887646,555.1334488304332,257.7405298141297,143080.38921910088,3.423042049485186,-0.4048867632338694,0.7497510758030935,0.17243215628461203,0.5773189195184815,3
1970,1413,accepted,4,Dist_water_dispenser_01,False,False,,0,{},0.35482742067887646,3,27.60637833057249,0.3398619834841984,4,4,1.6585327784604011,near-pallet,random-mix,117801.46853164502,indoor,right,right,False,174,0.9812,0.9341821355922728,1.0555404341753207,True,0.325,1.1,0.414,1.1,0.414,0.325,0.4554,0.39742587792416545,41799.19123126743,0.35482742067887646,474.38760526119853,178.54224416194194,84698.22764594384,2.0263125948376306,-0.39340351235554755,0.6341968367959526,0.12039666222020255,0.5138001745757501,29
1970,1413,accepted,5,Dist_ladder_sectioned_01,False,False,,0,{},0.35482742067887646,3,27.60637833057249,0.3398619834841984,4,4,1.6585327784604011,near-pallet,random-mix,117801.46853164502,large,right,right,False,4,0.4479,1.1430089237238152,1.486817986072147,True,0.662,2.135,0.178,2.135,0.662,0.178,1.41337,1.8465246554713373,41799.19123126743,0.35482742067887646,540.3627711327483,167.55042364865554,90538.01122725348,2.166023039209608,-1.39523682778388,1.0450872243664653,-0.17507480170870734,1.2201620260751727,2
1973,1414,expensive_reject,0,Dist_old_military_compressor,False,False,feedback|prealign-rescue|preprobe|primary|refine|rescue,12,"{""camera_clearance"": 9, ""candidate_budget_exhausted"": 3, ""score_callback"": 2, ""support"": 1}",0.2896529972456418,2,27.387567143267205,0.3035339971304294,5,6,1.5297081202010625,near-pallet,random-mix,84192.78007374,large,bottom,bottom,False,0,0.4993,0.8739688691320073,1.2022910788922752,True,0.598,1.179,1.676,1.676,1.179,0.598,1.976004,1.5093145056890114,24386.691094801936,0.2896529972456418,348.8474855324036,245.40046864123144,85607.33643396705,3.5104121383738853,-1.2179576187213668,-0.18754832201473004,-0.7027529703680484,0.5152046483533184,1
1973,1414,expensive_reject,1,Dist_construction_sign_01,False,False,,0,{},0.2896529972456418,2,27.387567143267205,0.3035339971304294,5,6,1.5297081202010625,near-pallet,random-mix,84192.78007374,road,bottom,bottom,False,95,0.4797,1.1781100120484373,1.2326578376003028,True,1.068,1.2,0.059,1.2,1.068,0.059,1.2816,1.7787880057464067,24386.691094801936,0.2896529972456418,321.8873219478578,286.4797165335935,92214.18874737984,3.781332546875761,-1.4902770722905396,-0.07654505783241505,-0.7834110650614774,0.7068660072290622,16
1973,1414,expensive_reject,2,Dist_chinese_screen_panels,False,False,feedback|prealign-rescue|preprobe|primary|refine|rescue,12,"{""candidate_budget_exhausted"": 3, ""collision"": 1, ""score_callback"": 2, ""support"": 9}",0.2896529972456418,2,27.387567143267205,0.3035339971304294,5,6,1.5297081202010625,near-pallet,random-mix,84192.78007374,large,bottom,bottom,False,17,0.921,1.15559238889588,1.360111278211159,True,1.294,1.603,0.377,1.603,1.294,0.377,2.074282,2.769983258517391,24386.691094801936,0.2896529972456418,529.6488447373823,427.5518434748427,226452.33996178856,9.285898569898942,-2.1733417537764304,-0.32092715437633523,-1.247134454076383,0.9262072997000476,7
1973,1414,expensive_reject,3,Dist_water_dispenser_01,False,False,,0,{},0.2896529972456418,2,27.387567143267205,0.3035339971304294,5,6,1.5297081202010625,near-pallet,random-mix,84192.78007374,indoor,bottom,bottom,False,5,0.9812,1.1076766914118243,1.3206397962768712,True,0.325,1.1,0.414,1.1,0.414,0.325,0.4554,0.5587519610382348,24386.691094801936,0.2896529972456418,370.334824336613,139.38056115941617,51617.47563291094,2.116624819343092,-1.303359045994526,-0.08491468544151903,-0.6941368657180225,0.6092221802765034,11
1973,1414,expensive_reject,4,Dist_utility_box_01,False,False,feedback|prealign-primary|preprobe|primary|refine|rescue,12,"{""camera_clearance"": 10, ""candidate_budget_exhausted"": 3, ""score_callback"": 1, ""support"": 1}",0.2896529972456418,2,27.387567143267205,0.3035339971304294,5,6,1.5297081202010625,near-pallet,random-mix,84192.78007374,road,bottom,bottom,False,48,0.9166,1.0322018654355303,1.31858999331401,True,0.52,1.12,0.432,1.12,0.52,0.432,0.5824,0.620512658443402,24386.691094801936,0.2896529972456418,340.1396606650043,157.92198530875197,53715.53049446269,2.2026576006415337,-1.2806724566530123,-0.12460636736521824,-0.7026394120091153,0.578033044643897,5
1973,1414,expensive_reject,5,Dist_wooden_bookshelf_worn,False,False,,0,{},0.2896529972456418,2,27.387567143267205,0.3035339971304294,5,6,1.5297081202010625,near-pallet,random-mix,84192.78007374,indoor,bottom,bottom,False,605,0.6379,1.0393350738570266,1.346653583499584,True,1.374,2.063,0.581,2.063,1.374,0.581,2.8345620000000005,3.0619431817301854,24386.691094801936,0.2896529972456418,515.3113193967206,343.2078297872487,176858.87959495225,7.252270466190881,-2.1634970549615185,-0.019348797594471945,-1.091422926277995,1.0720741286835231,1
1974,1414,expensive_reject,0,Dist_Hefty_Waste_Basket_Decorative_Bronze_85_liter,False,False,feedback|gate-overlap-refine|prealign|preprobe|primary|refine|rescue,12,"{""candidate_budget_exhausted"": 5, ""score_callback"": 12}",0.40933053168325284,3,6.467024077871395,0.0771908800415743,6,8,9.839737907332626,near-camera,indoor,815.348697469999,indoor,bottom,bottom,False,0,0.8262,1.0780335738265854,4.16203230945701,True,0.271,0.204,0.3,0.3,0.271,0.204,0.0813,0.09448331420597211,333.74711584264236,0.40933053168325284,31.212424229412353,28.195223220569154,880.0412684033824,2.636850557289343,0.46454715376788913,0.6844660028285126,0.5745065782982008,0.10995942453031171,1
1974,1414,expensive_reject,1,Dist_chinese_screen_panels,False,False,feedback|prealign|prealign-primary|preprobe|primary|refine|rescue,12,"{""candidate_budget_exhausted"": 4, ""score_callback"": 12}",0.40933053168325284,3,6.467024077871395,0.0771908800415743,6,8,9.839737907332626,near-camera,indoor,815.348697469999,large,bottom,bottom,False,75,0.921,1.0954067580509723,5.193996073357297,True,1.294,1.603,0.377,1.603,1.294,0.377,2.074282,2.488964088922975,333.74711584264236,0.40933053168325284,143.37517077689668,115.73766125096961,16593.906947176387,49.7200010411482,-1.034174828168875,0.7217622049868337,-0.15620631159102058,0.8779685165778544,2
1974,1414,expensive_reject,2,Dist_water_dispenser_01,False,False,feedback|gate-overlap-refine|prealign|preprobe|primary|refine|rescue,12,"{""candidate_budget_exhausted"": 5, ""score_callback"": 12}",0.40933053168325284,3,6.467024077871395,0.0771908800415743,6,8,9.839737907332626,near-camera,indoor,815.348697469999,indoor,bottom,bottom,False,117,0.9812,0.9443008275967767,5.451462372615866,True,0.325,1.1,0.414,1.1,0.414,0.325,0.4554,0.4060820257361806,333.74711584264236,0.40933053168325284,83.4075987221596,31.391587155430972,2618.2969047118863,7.845152153903199,-0.22467086839556122,0.8140600419608932,0.29469458678266597,0.5193654551782272,3
1974,1414,expensive_reject,3,Dist_delivery_truck_01,False,False,,0,{},0.40933053168325284,3,6.467024077871395,0.0771908800415743,6,8,9.839737907332626,near-camera,indoor,815.348697469999,large,bottom,bottom,False,268,0.7897,1.0670782912691859,6.87278992283804,True,2.665,2.591,6.0,6.0,2.665,2.591,15.99,18.20711071437047,333.74711584264236,0.40933053168325284,365.83255194595444,162.49062515599482,59444.360068111084,178.11198133660687,-2.3330446665912152,0.4317551860872453,-0.9506447402519851,1.3823999263392301,1
1974,1414,expensive_reject,4,Dist_delivery_van_01,False,False,,0,{},0.40933053168325284,3,6.467024077871395,0.0771908800415743,6,8,9.839737907332626,near-camera,indoor,815.348697469999,large,bottom,bottom,False,57,0.8028,1.1767546033797511,6.368069169370102,True,2.476,2.34,5.0,5.0,2.476,2.34,12.379999999999999,17.143222289603887,333.74711584264236,0.40933053168325284,365.8378464895628,181.16290158163147,66276.24577842467,198.58222777773184,-2.3045116351056194,0.44909413680299815,-0.9277087491513105,1.3768028859543087,1
1974,1414,expensive_reject,5,Dist_cargo_truck_01,False,False,,0,{},0.40933053168325284,3,6.467024077871395,0.0771908800415743,6,8,9.839737907332626,near-camera,indoor,815.348697469999,large,bottom,bottom,False,82,0.4835,1.0073975290109356,4.433472810028588,True,2.321,2.038,6.5,6.5,2.321,2.038,15.086500000000001,15.310531227956144,333.74711584264236,0.40933053168325284,453.8425801207108,162.05671207079538,73548.23633208891,220.3711518117388,-1.2176437829862,0.8354323811380865,-0.19110570092405674,1.0265380820621433,3
1976,1414,accepted,0,Dist_hand_truck_01,False,False,,0,{},0.12072804966062595,1,0.9993556371198014,0.47896628459016055,6,6,2.174269526645496,near-pallet,outdoor-night,27485.548775454998,medium,right,right,False,0,0.1175,1.0920070349250506,1.407135845822473,True,0.667,1.4,0.688,1.4,0.688,0.667,0.9631999999999998,1.148596123718611,3318.276697512688,0.12072804966062596,225.65345641459285,110.89255572374279,25023.2884897104,7.54104939725712,-0.6929428328874183,0.8358670160076525,0.07146209156011708,0.7644049244475354,2
1976,1414,accepted,1,Dist_construction_sign_01,False,False,,0,{},0.12072804966062595,1,0.9993556371198014,0.47896628459016055,6,6,2.174269526645496,near-pallet,outdoor-night,27485.548775454998,road,right,right,False,344,0.4797,0.9114641552224121,1.6516297564819533,True,1.068,1.2,0.059,1.2,1.068,0.059,1.2816,1.0647108670567995,3318.276697512688,0.12072804966062596,277.90644075058697,247.3367322680224,68736.47093148695,20.71450852275532,-0.48262014317258717,0.6111368430943074,0.06425834996086013,0.5468784931334473,3
1976,1414,accepted,2,Dist_chinese_screen_panels,False,False,,0,{},0.12072804966062595,1,0.9993556371198014,0.47896628459016055,6,6,2.174269526645496,near-pallet,outdoor-night,27485.548775454998,large,right,right,False,97,0.921,1.1765031853532488,1.5693714435608581,True,1.294,1.603,0.377,1.603,1.294,0.377,2.074282,2.8711376444816428,3318.276697512688,0.12072804966062596,698.7733130772318,564.0752758090692,394160.7493020566,118.78477451790305,-0.8762853032465842,1.0096493028746738,0.06668199981404477,0.9429673030606289,3
1976,1414,accepted,3,Dist_utility_box_01,True,True,prealign|preprobe,9,"{""score_callback"": 3}",0.12072804966062595,1,0.9993556371198014,0.47896628459016055,6,6,2.174269526645496,near-pallet,outdoor-night,27485.548775454998,road,right,right,False,150,0.9166,1.1115745177418561,1.3296737752499963,True,0.52,1.12,0.432,1.12,0.52,0.432,0.5824,0.7196122219063465,3318.276697512688,0.12072804966062596,543.1340615011152,252.16938569694634,136961.78263982368,41.27497346513852,-0.5487373044773436,0.6962261553935354,0.07374442545809587,0.6224817299354395,3
1976,1414,accepted,4,Dist_street_lamp_01,False,False,,0,{},0.12072804966062595,1,0.9993556371198014,0.47896628459016055,6,6,2.174269526645496,near-pallet,outdoor-night,27485.548775454998,road,right,right,False,40,0.2753,0.8742311659570139,1.9228421800240778,True,0.704,3.871,0.386,3.871,0.704,0.386,2.725184,2.0828039859649774,3318.276697512688,0.12072804966062596,559.5186060554014,101.75693584681028,56934.89890147619,17.15797207151333,-1.6358070446628907,1.7483417987567103,0.056267377046909796,1.6920744217098005,7
1976,1414,accepted,5,Dist_forklift_02,False,False,,0,{},0.12072804966062595,1,0.9993556371198014,0.47896628459016055,6,6,2.174269526645496,near-pallet,outdoor-night,27485.548775454998,large,right,right,False,65,0.5807,0.8319525819353097,1.2499434245109253,True,2.5,1.774,0.928,2.5,1.774,0.928,4.4350000000000005,3.069663512241454,3318.276697512688,0.12072804966062596,768.2980853102877,545.1843213361801,418864.0702237758,126.22939809020379,-0.6618483484640632,0.8140355318891763,0.07609359171255663,0.7379419401766197,2
1979,1415,expensive_reject,0,Dist_metal_trash_can,False,False,,0,{},0.28555944078175677,2,8.541377090625254,0.753851695949137,5,5,1.3814412071645248,near-pallet,indoor,133833.47968196997,medium,right,right,False,0,0.8349,1.12980257756985,1.2324262919471853,True,1.778,0.906,0.556,1.778,0.906,0.556,1.610868,2.0561986834505954,38217.41361585995,0.28555944078175677,902.3940126736131,459.8250705749683,414943.390564073,10.85744301628707,-0.5643974797570337,0.4592036555212505,-0.05259691211789159,0.5118005676391421,3
1979,1415,expensive_reject,1,Dist_chinese_screen_panels,False,False,prealign|prealign-primary|preprobe|primary|refine|rescue,12,"{""candidate_budget_exhausted"": 3, ""score_callback"": 2, ""support"": 10}",0.28555944078175677,2,8.541377090625254,0.753851695949137,5,5,1.3814412071645248,near-pallet,indoor,133833.47968196997,large,right,right,False,15,0.921,1.0731931262551395,1.1600407047087253,True,1.294,1.603,0.377,1.603,1.294,0.377,2.074282,2.3890407821275343,38217.41361585995,0.28555944078175677,862.3302137245317,696.1043646659664,600271.8255569822,15.706762147501099,-0.8932160109803664,0.8271125704066222,-0.03305172028687203,0.8601642906934943,2
1979,1415,expensive_reject,2,Dist_water_dispenser_01,False,False,prealign|prealign-primary|preprobe|primary|refine|rescue,12,"{""candidate_budget_exhausted"": 3, ""score_callback"": 4, ""support"": 8}",0.28555944078175677,2,8.541377090625254,0.753851695949137,5,5,1.3814412071645248,near-pallet,indoor,133833.47968196997,indoor,right,right,False,55,0.9812,1.149293718113233,1.2221577482674746,True,0.325,1.1,0.414,1.1,0.414,0.325,0.4554,0.6015269533952133,38217.41361585995,0.28555944078175677,620.8416348886011,233.66221531261897,145067.23176637868,3.795841163520726,-0.6819357966141576,0.5822872933103987,-0.04982425165187945,0.6321115449622782,5
1979,1415,expensive_reject,3,Dist_Shelf_01,False,False,prealign|prealign-primary|preprobe|primary|refine|rescue,12,"{""candidate_budget_exhausted"": 3, ""collision"": 1, ""score_callback"": 4, ""support"": 7}",0.28555944078175677,2,8.541377090625254,0.753851695949137,5,5,1.3814412071645248,near-pallet,indoor,133833.47968196997,indoor,right,right,False,19,0.9679,0.9944903233427007,1.238447596111196,True,1.003,2.08,0.257,2.08,1.003,0.257,2.0862399999999997,2.063314315362427,38217.41361585995,0.28555944078175677,995.650964044031,480.1143831423861,478026.34842712193,12.508076900021944,-1.0884926906295895,0.9800471819232279,-0.05422275435318086,1.0342699362764087,6
1979,1415,expensive_reject,4,Dist_wooden_bookshelf_worn,False,False,,0,{},0.28555944078175677,2,8.541377090625254,0.753851695949137,5,5,1.3814412071645248,near-pallet,indoor,133833.47968196997,indoor,right,right,False,14,0.6379,0.9678786027256379,1.230889752237101,True,1.374,2.063,0.581,2.063,1.374,0.581,2.8345620000000005,2.6553864719786167,38217.41361585995,0.28555944078175677,785.0238898930419,522.8418927353562,410443.37643414986,10.739695275030826,-1.0505488021127887,0.9461847553102022,-0.052182023401293284,0.9983667787114954,9
1979,1415,expensive_reject,5,Dist_portable_welding_cart,False,False,,0,{},0.28555944078175677,2,8.541377090625254,0.753851695949137,5,5,1.3814412071645248,near-pallet,indoor,133833.47968196997,large,right,right,False,20,0.5805,1.1559190693342876,1.2429892096217088,True,0.838,1.563,0.655,1.563,0.838,0.655,1.309794,1.7500798055820062,38217.41361585995,0.28555944078175677,671.0050233125074,359.7582914497001,241399.62074107386,6.316482406881002,-0.9587998106526627,0.8479016947168287,-0.05544905796791701,0.9033507526847457,2
1980,1415,expensive_reject,0,Dist_Twinlab_100_Whey_Protein_Fuel_Vanilla,False,False,,0,{},0.1152773069882528,1,35.54834622486829,0.473873467751376,6,6,1.9712864177903504,near-pallet,indoor,79712.95443963999,small,center,center,False,0,0.8963,1.0497397078050903,1.1434569413291682,True,0.159,0.157,0.259,0.259,0.159,0.157,0.041181,0.045379545195051205,9189.094719878987,0.1152773069882528,122.34541092803113,75.1078005311079,9189.09471987899,1.0000000000000004,0.4182370798517563,0.5830462139771555,0.5006416469144559,0.08240456706269961,9
1980,1415,expensive_reject,1,Dist_crowbar_01,False,False,feedback|prealign|prealign-primary|preprobe|primary|refine|rescue,12,"{""candidate_budget_exhausted"": 4, ""score_callback"": 4, ""support"": 8}",0.1152773069882528,1,35.54834622486829,0.473873467751376,6,6,1.9712864177903504,near-pallet,indoor,79712.95443963999,small,center,center,False,320,0.5483,0.9787130568786753,1.095163671520026,True,0.04,0.555,0.128,0.555,0.128,0.04,0.07104,0.06804774175694908,9189.094719878987,0.1152773069882528,199.60796674225026,46.03571124866311,9189.094719878982,0.9999999999999994,0.25947632528832987,0.8026620718559947,0.5310691985721623,0.2715928732838324,2
1980,1415,expensive_reject,2,Dist_DPC_Thinsulate_Isolate_Gloves_Brown,False,False,feedback|prealign-rescue|preprobe|primary|refine|rescue,12,"{""candidate_budget_exhausted"": 3, ""collision"": 1, ""score_callback"": 2, ""support"": 9}",0.1152773069882528,1,35.54834622486829,0.473873467751376,6,6,1.9712864177903504,near-pallet,indoor,79712.95443963999,small,center,center,False,1,0.7038,1.0884417131565025,1.4371301028544514,True,0.301,0.256,0.053,0.301,0.256,0.053,0.077056,0.09128865644663237,9189.094719878987,0.1152773069882528,103.94404877677081,88.40424082011073,9189.094719878984,0.9999999999999996,0.17629003957255346,0.4549311181406181,0.3156105788565858,0.13932053928403232,4
1980,1415,expensive_reject,3,Dist_Clorox_Premium_Choice_Gloves_SM_1_pair,False,False,feedback|prealign-rescue|preprobe|primary|refine|rescue,12,"{""candidate_budget_exhausted"": 3, ""collision"": 2, ""score_callback"": 2, ""support"": 8}",0.1152773069882528,1,35.54834622486829,0.473873467751376,6,6,1.9712864177903504,near-pallet,indoor,79712.95443963999,small,center,center,False,40,0.3328,1.1585985474844005,1.132587508641798,True,0.274,0.326,0.064,0.326,0.274,0.064,0.08932400000000001,0.11990412447926517,9189.094719878987,0.1152773069882528,104.5610372277044,87.88258957175158,9189.094719878984,0.9999999999999996,0.31863845459433865,0.6963415810742533,0.5074900178342959,0.1888515632399573,1
1980,1415,expensive_reject,4,Dist_watering_can_metal_01,False,False,,0,{},0.1152773069882528,1,35.54834622486829,0.473873467751376,6,6,1.9712864177903504,near-pallet,indoor,79712.95443963999,indoor,center,center,False,39,0.5443,1.1569102006411798,1.4440565324542691,True,0.191,0.197,0.452,0.452,0.197,0.191,0.08904400000000001,0.11918015931228103,9189.094719878987,0.1152773069882528,145.2019565631714,63.28492354633797,9189.094719878989,1.0000000000000002,0.19729087305102067,0.4252021825773331,0.3112465278141769,0.11395565476315622,11
1980,1415,expensive_reject,5,Dist_UGG_Classic_Tall_Womens_Boots_Chestnut_7,False,False,,0,{},0.1152773069882528,1,35.54834622486829,0.473873467751376,6,6,1.9712864177903504,near-pallet,indoor,79712.95443963999,small,center,center,False,343,0.5195,0.9994548087163745,1.2695053097729398,True,0.11,0.291,0.332,0.332,0.291,0.11,0.096612,0.0965066846757391,9189.094719878987,0.1152773069882528,102.39032263053126,89.7457345948331,9189.09471987899,1.0000000000000004,0.2758032136775874,0.5666445630140523,0.42122388834581986,0.14542067466823244,10
1981,1415,accepted,0,Dist_wooden_ladder,False,False,,0,{},0.18183143141983732,1,11.174236909575846,0.13027386077338715,6,6,7.602095405698842,near-camera,outdoor-day,4825.39145741,large,right,right,False,0,0.2179,1.0715105424835023,2.600772298810987,True,0.959,1.335,0.5,1.335,0.959,0.5,1.280265,1.4699168543295134,877.4078358619153,0.18183143141983732,166.43107155573477,119.55610308760274,19897.850347897613,22.677994809963263,0.25182202832283074,1.6822886025383064,0.9670553154305686,0.7152332871077378,1
1981,1415,accepted,1,Dist_construction_sign_01,False,False,,0,{},0.18183143141983732,1,11.174236909575846,0.13027386077338715,6,6,7.602095405698842,near-camera,outdoor-day,4825.39145741,road,right,right,False,67,0.4797,0.9027236936236778,3.550965078399929,True,1.068,1.2,0.059,1.2,1.068,0.059,1.2816,1.0443887419051041,877.4078358619153,0.18183143141983732,136.96353495573223,121.8975461106017,16695.518817737375,19.028230812797165,0.21308706055503301,1.2963554929034462,0.7547212767292396,0.5416342161742066,2
1981,1415,accepted,2,Dist_chinese_screen_panels,False,False,,0,{},0.18183143141983732,1,11.174236909575846,0.13027386077338715,6,6,7.602095405698842,near-camera,outdoor-day,4825.39145741,large,right,right,False,129,0.921,1.1119834276944154,5.251724524842969,True,1.294,1.603,0.377,1.603,1.294,0.377,2.074282,2.5648645105650596,877.4078358619153,0.18183143141983732,211.14953327996736,170.44759579805228,35989.93030145126,41.01847377063463,-0.5165922348252621,1.2659171997688858,0.37466248247181194,0.891254717297074,2
1981,1415,accepted,3,Dist_utility_box_01,True,True,prealign|preprobe,9,"{""score_callback"": 5}",0.18183143141983732,1,11.174236909575846,0.13027386077338715,6,6,7.602095405698842,near-camera,outdoor-day,4825.39145741,road,right,right,False,70,0.9166,0.9619351308149198,3.656435196618471,True,0.52,1.12,0.432,1.12,0.52,0.432,0.5824,0.538905899689782,877.4078358619153,0.18183143141983732,182.86317885209323,84.90076160990043,15525.223154950152,17.69442045123641,0.19246881128174853,1.2698361577944588,0.7311524845381037,0.5386836732563551,1
1981,1415,accepted,4,Dist_street_lamp_01,False,False,,0,{},0.18183143141983732,1,11.174236909575846,0.13027386077338715,6,6,7.602095405698842,near-camera,outdoor-day,4825.39145741,road,right,right,False,173,0.2753,0.9459031098912434,4.731992502312362,True,0.704,3.871,0.386,3.871,0.704,0.386,2.725184,2.4383112200633152,877.4078358619153,0.18183143141983732,263.18388497655565,47.86397701459447,12597.027421129535,14.357094735488584,-1.3399915028502543,2.321599435538749,0.49080396634424744,1.8307954691945016,1
1981,1415,accepted,5,Dist_modular_chainlink_fence,False,False,,0,{},0.18183143141983732,1,11.174236909575846,0.13027386077338715,6,6,7.602095405698842,near-camera,outdoor-day,4825.39145741,road,right,right,False,69,0.5685,0.9571805879824486,4.88509153916616,True,8.115,2.523,2.149,8.115,2.523,2.149,20.474145,18.758302685813774,877.4078358619153,0.18183143141983732,777.1508848681445,241.62066328063202,187775.71227097118,214.01189343894,-0.7508914942508298,1.6640751292288884,0.45659181748902933,1.2074833117398591,1
1983,1416,accepted,0,Dist_water_dispenser_01,True,True,prealign|preprobe,9,"{""score_callback"": 3}",0.2459405303276392,2,33.85111290264022,0.0913531656139818,5,8,7.599822731015184,near-pallet,random-mix,6239.917509010018,indoor,left,left,False,0,0.9812,1.0749493813779625,5.138290999624881,True,0.325,1.1,0.414,1.1,0.414,0.325,0.4554,0.5262220649678232,1534.6486213666453,0.2459405303276392,138.11676074637688,51.98212631727275,7179.602903650702,4.678336658757153,0.716194659195656,1.8986389787114146,1.3074168189535353,0.5912221597578793,1
1983,1416,accepted,1,Dist_construction_sign_01,False,False,,0,{},0.2459405303276392,2,33.85111290264022,0.0913531656139818,5,8,7.599822731015184,near-pallet,random-mix,6239.917509010018,road,left,left,False,60,0.4797,1.0306188678431738,5.741863381367786,True,1.068,1.2,0.059,1.2,1.068,0.059,1.2816,1.361283801366769,1534.6486213666453,0.2459405303276392,90.3892849552326,80.44646361015702,7271.498322899233,4.738217088693418,0.3365355632621805,1.573278204673989,0.9549068839680848,0.6183713207059043,3
1983,1416,accepted,2,Dist_Shelf_01,False,False,,0,{},0.2459405303276392,2,33.85111290264022,0.0913531656139818,5,8,7.599822731015184,near-pallet,random-mix,6239.917509010018,indoor,left,left,False,35,0.9679,1.0695921057884248,6.240018981256252,True,1.003,2.08,0.257,2.08,1.003,0.257,2.0862399999999997,2.38671545753308,1534.6486213666453,0.2459405303276392,212.52815379648894,102.48352800859536,21780.635002217536,14.19258760537725,-0.4484113073960816,1.776340272643842,0.6639644826238802,1.1123757900199618,1
1983,1416,accepted,3,Dist_utility_box_01,False,False,,0,{},0.2459405303276392,2,33.85111290264022,0.0913531656139818,5,8,7.599822731015184,near-pallet,random-mix,6239.917509010018,road,left,left,False,41,0.9166,0.8246194510786972,5.639880418897466,True,0.52,1.12,0.432,1.12,0.52,0.432,0.5824,0.39603039205028606,1534.6486213666453,0.2459405303276392,94.99423277650953,44.104465217665144,4189.6698353703505,2.730051542117399,0.5526820398564007,1.4762558250645417,1.0144689324604712,0.46178689260407046,1
1983,1416,accepted,4,Dist_street_lamp_01,False,False,,0,{},0.2459405303276392,2,33.85111290264022,0.0913531656139818,5,8,7.599822731015184,near-pallet,random-mix,6239.917509010018,road,left,left,False,81,0.2753,1.019662664764579,4.652949466468909,True,0.704,3.871,0.386,3.871,0.704,0.386,2.725184,2.8334063705166206,1534.6486213666453,0.2459405303276392,269.68703614598576,49.046673584803415,13227.252031905244,8.619075303456777,-0.3826817847224342,3.564432390581251,1.5908753029294085,1.9735570876518427,1
1983,1416,accepted,5,Dist_modular_chainlink_fence,False,False,,0,{},0.2459405303276392,2,33.85111290264022,0.0913531656139818,5,8,7.599822731015184,near-pallet,random-mix,6239.917509010018,road,left,left,False,289,0.5685,0.9085212023954856,4.657214074884785,True,8.115,2.523,2.149,8.115,2.523,2.149,20.474145,16.899579896050998,1534.6486213666453,0.2459405303276392,723.2163501182018,224.85210737501208,162616.72041214225,105.96348776394674,0.4422851075916472,2.7344841012354575,1.5883846044135523,1.1460994968219052,3
1985,1417,expensive_reject,0,Dist_wooden_ladder,False,False,,0,{},0.11115715259529546,1,9.354010469738272,0.26818467157675385,7,8,3.883151825017536,near-camera,indoor,12448.634076019998,large,bottom,bottom,False,0,0.2179,0.9859367264735582,1.819262417540312,True,0.959,1.335,0.5,1.335,0.959,0.5,1.280265,1.2445087714956082,1383.7547175911498,0.11115715259529545,204.62994567217044,146.99634299596363,30079.85368127177,21.73785086249606,-0.5702684512714689,0.7459570785707315,0.08784431364963127,0.6581127649211002,2
1985,1417,expensive_reject,1,Dist_chinese_screen_panels,False,False,feedback|prealign|prealign-primary|preprobe|primary|refine|rescue,12,"{""candidate_budget_exhausted"": 4, ""score_callback"": 12}",0.11115715259529546,1,9.354010469738272,0.26818467157675385,7,8,3.883151825017536,near-camera,indoor,12448.634076019998,large,bottom,bottom,False,79,0.921,0.894111896374817,1.827551349368148,True,1.294,1.603,0.377,1.603,1.294,0.377,2.074282,1.6582558776131004,1383.7547175911498,0.11115715259529545,456.0277111314328,368.12218228576046,167873.91620448342,121.31768301879364,-0.9483766722680355,0.4848846976207962,-0.23174598732361965,0.7166306849444158,1
1985,1417,expensive_reject,2,Dist_water_dispenser_01,False,False,feedback|prealign|prealign-primary|preprobe|primary|refine|rescue,12,"{""candidate_budget_exhausted"": 4, ""score_callback"": 12}",0.11115715259529546,1,9.354010469738272,0.26818467157675385,7,8,3.883151825017536,near-camera,indoor,12448.634076019998,indoor,bottom,bottom,False,394,0.9812,0.8141408565179746,1.7503225152315973,True,0.325,1.1,0.414,1.1,0.414,0.325,0.4554,0.3018506572182795,1383.7547175911498,0.11115715259529545,307.08495304514116,115.57560960062584,35491.53064737175,25.648715192209544,-0.2981323398296784,0.5974226023400937,0.14964513125520768,0.4477774710848861,1
1985,1417,expensive_reject,3,Dist_steel_frame_shelves_02,False,False,feedback|gate-overlap-refine|prealign|preprobe|primary|refine|rescue,12,"{""candidate_budget_exhausted"": 5, ""score_callback"": 12}",0.11115715259529546,1,9.354010469738272,0.26818467157675385,7,8,3.883151825017536,near-camera,indoor,12448.634076019998,indoor,bottom,bottom,False,86,0.2375,1.0888974262186215,2.1795999669160255,True,0.593,2.142,0.502,2.142,0.593,0.502,1.270206,1.5060802118350276,1383.7547175911498,0.11115715259529545,315.9854341854386,87.47869396450284,27641.993094348534,19.976078666938832,-1.105701694836722,1.2267165921235652,0.06050744864342161,1.1662091434801436,2
1985,1417,expensive_reject,4,Dist_wooden_bookshelf_worn,False,False,,0,{},0.11115715259529546,1,9.354010469738272,0.26818467157675385,7,8,3.883151825017536,near-camera,indoor,12448.634076019998,indoor,bottom,bottom,False,289,0.6379,1.001291667006735,2.609417316307025,True,1.374,2.063,0.581,2.063,1.374,0.581,2.8345620000000005,2.8418893496214954,1383.7547175911498,0.11115715259529545,383.0876949569691,255.14420400914958,97742.60499549579,70.63578808652362,-1.437900924433857,0.6277637846010379,-0.4050685699164095,1.0328323545174474,1
1985,1417,expensive_reject,5,Dist_steel_frame_shelves_03,False,False,,0,{},0.11115715259529546,1,9.354010469738272,0.26818467157675385,7,8,3.883151825017536,near-camera,indoor,12448.634076019998,large,bottom,bottom,False,359,0.2394,0.9650370185772911,2.6570183027552288,True,2.351,2.312,0.721,2.351,2.312,0.721,5.435511999999999,5.06207301444639,1383.7547175911498,0.11115715259529545,253.14522551761095,248.9458789437331,63019.460666891195,45.5423637337952,-1.5272150487586278,0.7039505381920689,-0.4116322552832795,1.1155827934753484,2
1987,1417,expensive_reject,0,Dist_chinese_screen_panels,False,False,feedback|prealign|prealign-primary|preprobe|primary|refine|rescue,12,"{""candidate_budget_exhausted"": 4, ""score_callback"": 5, ""support"": 7}",0.4428315736277612,3,15.51367587297569,0.6477177289623582,5,6,1.7222088253426158,near-pallet,outdoor-day,105731.43814262003,large,left,left,False,0,0.921,0.8769079040442422,1.2638057971479724,True,1.294,1.603,0.377,1.603,1.294,0.377,2.074282,1.5950553861186552,46821.21913462272,0.4428315736277612,692.7808313653072,559.2379262549641,387429.3154819244,8.274652446959319,-0.5892617298262737,0.8164216403566467,0.1135799552651865,0.7028416850914602,7
1987,1417,expensive_reject,1,Dist_construction_sign_01,False,False,,0,{},0.4428315736277612,3,15.51367587297569,0.6477177289623582,5,6,1.7222088253426158,near-pallet,outdoor-day,105731.43814262003,road,left,left,False,68,0.4797,1.1822332432082279,1.0317977707351345,True,1.068,1.2,0.059,1.2,1.068,0.059,1.2816,1.7912608456298602,46821.21913462272,0.4428315736277612,618.0641745469113,550.0771153467512,339982.9582339359,7.2613008485832,-0.5182793503286304,0.9004005415212429,0.19106059559630625,0.7093399459249367,14
1987,1417,expensive_reject,2,Dist_utility_box_01,False,False,feedback|prealign|prealign-primary|preprobe|primary|refine|rescue,12,"{""candidate_budget_exhausted"": 4, ""collision"": 1, ""score_callback"": 6, ""support"": 5}",0.4428315736277612,3,15.51367587297569,0.6477177289623582,5,6,1.7222088253426158,near-pallet,outdoor-day,105731.43814262003,road,left,left,False,3,0.9166,1.1551469653017281,1.0023424839971415,True,0.52,1.12,0.432,1.12,0.52,0.432,0.5824,0.7771338914660293,46821.21913462272,0.4428315736277612,802.0250558193252,372.3687759161152,298649.0882894961,6.378498762084884,-0.4459849139233061,0.8477796872146295,0.20089738664566173,0.6468823005689678,13
1987,1417,expensive_reject,3,Dist_ladder_sectioned_01,False,False,,0,{},0.4428315736277612,3,15.51367587297569,0.6477177289623582,5,6,1.7222088253426158,near-pallet,outdoor-day,105731.43814262003,large,left,left,False,9,0.4479,0.9163728333336001,1.4885596699039696,True,0.662,2.135,0.178,2.135,0.662,0.178,1.41337,1.1868621502391028,46821.21913462272,0.4428315736277612,570.8910725316857,177.0163419278576,101057.04929883024,2.158360059106234,-0.9397061112624038,1.0167498879048322,0.0385218883212142,0.9782279995836181,14
1987,1417,expensive_reject,4,Dist_forklift_02,False,False,feedback|prealign|prealign-primary|preprobe|primary|refine|rescue,12,"{""candidate_budget_exhausted"": 4, ""score_callback"": 12}",0.4428315736277612,3,15.51367587297569,0.6477177289623582,5,6,1.7222088253426158,near-pallet,outdoor-day,105731.43814262003,large,left,left,False,5,0.5807,1.0030049911089278,1.5471455770219218,True,2.5,1.774,0.928,2.5,1.774,0.928,4.4350000000000005,4.46169431906008,46821.21913462272,0.4428315736277612,801.5797171482061,568.8009672883669,455939.3184726352,9.737877972841662,-0.8707086963779497,0.9086221578492882,0.018956730735669263,0.889665427113619,9
1987,1417,expensive_reject,5,Dist_metal_office_desk,False,False,,0,{},0.4428315736277612,3,15.51367587297569,0.6477177289623582,5,6,1.7222088253426158,near-pallet,outdoor-day,105731.43814262003,medium,left,left,False,2,0.7573,1.1521828562964396,1.443538718424322,True,2.0,0.788,0.947,2.0,0.947,0.788,1.894,2.514332983246441,46821.21913462272,0.4428315736277612,901.6039998957561,426.90949395064047,384903.30733937054,8.22070237497826,-0.40040310761369735,0.5075169831478971,0.053556937767099876,0.4539600453807972,7
1989,1417,expensive_reject,0,Dist_cement_bag,False,False,feedback|prealign-primary|preprobe|primary|refine|rescue,12,"{""candidate_budget_exhausted"": 3, ""collision"": 2, ""score_callback"": 2, ""support"": 8}",0.41945763048151763,3,73.73126619397294,0.47220058745871185,5,5,1.1292112998232904,near-camera,outdoor-night,123653.97756347497,small,bottom,bottom,False,11,0.9225,0.8295884703122858,0.5303839878228718,True,0.462,0.18,0.7,0.7,0.462,0.18,0.3234,0.22256938752628033,51867.604428389954,0.41945763048151763,326.2440185411621,215.32105223716704,70247.20535836487,1.354356078953875,0.38674976808646383,0.5360756927426753,0.46141273041456954,0.07466296232810574,7
1989,1417,expensive_reject,1,Dist_propane_tank,False,False,,0,{},0.41945763048151763,3,73.73126619397294,0.47220058745871185,5,5,1.1292112998232904,near-camera,outdoor-night,123653.97756347497,medium,bottom,bottom,False,76,0.8678,1.072246667563015,0.5472781978554251,True,0.337,0.554,0.337,0.554,0.337,0.337,0.18669800000000003,0.2146491020100361,51867.604428389954,0.41945763048151763,313.6860263270291,190.81622901120724,59856.38463723397,1.1540225405989895,0.15379123063927214,0.7478158844691825,0.4508035575542273,0.29701232691495516,17
1989,1417,expensive_reject,2,Dist_portable_generator,False,False,feedback|prealign-rescue|preprobe|primary|refine|rescue,12,"{""candidate_budget_exhausted"": 3, ""collision"": 1, ""score_callback"": 2, ""support"": 9}",0.41945763048151763,3,73.73126619397294,0.47220058745871185,5,5,1.1292112998232904,near-camera,outdoor-night,123653.97756347497,large,bottom,bottom,False,379,0.8598,0.8507139080796912,0.5584685168892516,True,0.818,0.577,0.564,0.818,0.577,0.564,0.47198599999999996,0.3415829484067568,51867.604428389954,0.41945763048151763,358.4477751752479,252.8415235649365,90630.4815937715,1.7473427314133776,0.15801433263901604,0.6488762576009979,0.40344529512000693,0.24543096248099092,5
1989,1417,expensive_reject,3,Dist_old_tyre,False,False,prealign-primary|preprobe|primary|refine|rescue,12,"{""candidate_budget_exhausted"": 2, ""collision"": 4, ""score_callback"": 2, ""support"": 6}",0.41945763048151763,3,73.73126619397294,0.47220058745871185,5,5,1.1292112998232904,near-camera,outdoor-night,123653.97756347497,medium,bottom,bottom,False,27,0.9677,0.8690518461988592,0.5542521999556852,True,0.6,0.6,0.165,0.6,0.6,0.165,0.36,0.2718904000973924,51867.604428389954,0.41945763048151763,287.11038999231687,287.11038999231687,82432.37604154028,1.5892844281125227,0.1603201493925716,0.6817512571118871,0.4210357032522294,0.2607155538596577,27
1989,1417,expensive_reject,4,Dist_metal_tool_chest,False,False,,0,{},0.41945763048151763,3,73.73126619397294,0.47220058745871185,5,5,1.1292112998232904,near-camera,outdoor-night,123653.97756347497,medium,bottom,bottom,False,131,0.7723,0.8345689764176981,0.5602984631243475,True,0.685,0.652,0.407,0.685,0.652,0.407,0.4466200000000001,0.31107323120726976,51867.604428389954,0.41945763048151763,278.1732864939117,264.77223765551884,73652.56352098272,1.4200108976050698,0.15175322225431792,0.6958921948786572,0.4238227085664875,0.27206948631216965,18
1989,1417,expensive_reject,5,Dist_planter_box_01,False,False,,0,{},0.41945763048151763,3,73.73126619397294,0.47220058745871185,5,5,1.1292112998232904,near-camera,outdoor-night,123653.97756347497,medium,bottom,bottom,False,640,0.9607,0.8321316770189923,0.6024886892668104,True,0.913,0.425,0.414,0.913,0.425,0.414,0.388025,0.26868524470279237,51867.604428389954,0.41945763048151763,383.43950625194753,178.49046019395146,68440.29392745164,1.3195190848257212,0.18611116237506112,0.5397671251081329,0.36293914374159697,0.17682798136653588,18
1990,1417,expensive_reject,0,Dist_planter_box_01,False,False,feedback|prealign|prealign-primary|preprobe|primary|refine|rescue,12,"{""candidate_budget_exhausted"": 4, ""collision"": 2, ""score_callback"": 3, ""support"": 7}",0.27378406060670757,2,1.3178504583744248,0.6845971000523399,5,5,1.0141262131117037,near-pallet,outdoor-day,337380.76522311,medium,right,right,False,0,0.9607,1.1472728708895155,0.8254140550754443,True,0.913,0.425,0.414,0.913,0.425,0.414,0.388025,0.5107321015042865,92369.47587338132,0.27378406060670757,753.6420960728009,350.81915753662685,264392.08522839757,2.8623317684602023,-0.20512941773695365,0.2824615523910904,0.03866606732706837,0.24379548506402202,4
1990,1417,expensive_reject,1,Dist_construction_sign_01,False,False,,0,{},0.27378406060670757,2,1.3178504583744248,0.6845971000523399,5,5,1.0141262131117037,near-pallet,outdoor-day,337380.76522311,road,right,right,False,3,0.4797,1.0740475245603331,0.8576152361364132,True,1.068,1.2,0.059,1.2,1.068,0.059,1.2816,1.4784256737541726,92369.47587338132,0.27378406060670757,630.6708053163761,561.2970167315748,353993.6415637817,3.8323660301919524,-0.6080898197354208,0.680767209736979,0.03633869500077908,0.6444285147361999,10
1990,1417,expensive_reject,2,Dist_chinese_screen_panels,False,False,feedback|prealign|prealign-primary|preprobe|primary|refine|rescue,12,"{""candidate_budget_exhausted"": 4, ""score_callback"": 11, ""support"": 1}",0.27378406060670757,2,1.3178504583744248,0.6845971000523399,5,5,1.0141262131117037,near-pallet,outdoor-day,337380.76522311,large,right,right,False,46,0.921,0.8632004418255612,0.8935727601077315,True,1.294,1.603,0.377,1.603,1.294,0.377,2.074282,1.5455786381712893,92369.47587338132,0.27378406060670757,900.4315044526768,726.8611146361596,654488.6469799868,7.0855511606144645,-0.6581153248613474,0.7255949833850273,0.03373982926183989,0.6918551541231873,1
1990,1417,expensive_reject,3,Dist_utility_box_01,False,False,feedback|prealign|prealign-primary|preprobe|primary|refine|rescue,12,"{""candidate_budget_exhausted"": 4, ""collision"": 1, ""score_callback"": 6, ""support"": 5}",0.27378406060670757,2,1.3178504583744248,0.6845971000523399,5,5,1.0141262131117037,near-pallet,outdoor-day,337380.76522311,road,right,right,False,7,0.9166,0.8913403003540432,0.7121421923539696,True,0.52,1.12,0.432,1.12,0.52,0.432,0.5824,0.46270953807492143,92369.47587338132,0.27378406060670757,813.1869233341594,377.55107154800254,307019.59427363524,3.3238208983072832,-0.45229766455155723,0.5460034718449713,0.046852903646707036,0.4991505681982643,14
1990,1417,expensive_reject,4,Dist_portable_welding_cart,False,False,,0,{},0.27378406060670757,2,1.3178504583744248,0.6845971000523399,5,5,1.0141262131117037,near-pallet,outdoor-day,337380.76522311,large,right,right,False,32,0.5805,0.9037482335669542,0.9119708309028322,True,0.838,1.563,0.655,1.563,0.838,0.655,1.309794,1.0697884865356078,92369.47587338132,0.27378406060670757,715.0430918942676,383.36923289020865,274125.52162294835,2.967706799578634,-0.6738691541006416,0.7386893349645078,0.032410090431933124,0.7062792445325747,2
1990,1417,expensive_reject,5,Dist_industrial_storage_cart,False,False,,0,{},0.27378406060670757,2,1.3178504583744248,0.6845971000523399,5,5,1.0141262131117037,near-pallet,outdoor-day,337380.76522311,medium,right,right,False,162,0.6134,0.8171979859549056,0.8801706959108259,True,1.603,1.377,1.103,1.603,1.377,1.103,2.207331,1.4740833399384705,92369.47587338132,0.27378406060670757,706.2710453886363,606.6969616345303,428492.49732772907,4.638897138651085,-0.5279323365744704,0.5973492900854347,0.03470847675548222,0.5626408133299525,11
1992,1417,accepted,0,Dist_plastic_crate_01,False,True,preprobe,1,{},0.1685106200208583,1,2.598533653962673,0.08881540158346346,4,8,6.679623661029175,near-pallet,random-mix,869.0229295200043,small,left,left,False,0,0.8408,1.0901806313642277,3.6874433008023546,True,0.298,0.264,0.408,0.408,0.298,0.264,0.12158399999999998,0.14450183127366342,146.43959266575854,0.1685106200208583,38.17747420370356,27.884527727214863,1064.5608379882021,7.269624413788231,0.052335832637511764,0.34014351931766784,0.19623967597758982,0.14390384334007805,2
1992,1417,accepted,1,Dist_chinese_screen_panels,False,False,,0,{},0.1685106200208583,1,2.598533653962673,0.08881540158346346,4,8,6.679623661029175,near-pallet,random-mix,869.0229295200043,large,left,left,False,108,0.921,0.8820841033911204,3.8575635849271253,True,1.294,1.603,0.377,1.603,1.294,0.377,2.074282,1.6139415023613857,146.43959266575854,0.1685106200208583,121.41932288607681,98.01410094484302,11900.805770010422,81.2676787293,-0.5191287258656962,0.8948520918702698,0.1878616830022868,0.706990408867983,2
1992,1417,accepted,2,Dist_Shelf_01,True,True,prealign|preprobe,9,"{""score_callback"": 3}",0.1685106200208583,1,2.598533653962673,0.08881540158346346,4,8,6.679623661029175,near-pallet,random-mix,869.0229295200043,indoor,left,left,False,536,0.9679,0.8065500172822944,5.343688718840802,True,1.003,2.08,0.257,2.08,1.003,0.257,2.0862399999999997,1.357146958271943,146.43959266575854,0.1685106200208583,106.60959663778671,51.408377609471174,5480.626400748748,37.42585117167062,-0.7241382325603872,0.9534858033867851,0.11467378541319899,0.8388120179735862,1
1992,1417,accepted,3,Dist_water_dispenser_01,False,False,,0,{},0.1685106200208583,1,2.598533653962673,0.08881540158346346,4,8,6.679623661029175,near-pallet,random-mix,869.0229295200043,indoor,left,left,False,46,0.9812,1.1413653459414697,5.398655311112025,True,0.325,1.1,0.414,1.1,0.414,0.325,0.4554,0.5932563440179878,146.43959266575854,0.1685106200208583,79.5129935851109,29.92579940385083,2379.489896027707,16.24895189007238,-0.5157841202602566,0.7397177602753601,0.11196682000755179,0.6277509402678083,1
1992,1417,accepted,4,Dist_utility_box_01,False,False,,0,{},0.1685106200208583,1,2.598533653962673,0.08881540158346346,4,8,6.679623661029175,near-pallet,random-mix,869.0229295200043,road,left,left,False,112,0.9166,0.9028517083443689,5.222799919735284,True,0.52,1.12,0.432,1.12,0.52,0.432,0.5824,0.47473823910842516,146.43959266575854,0.1685106200208583,63.98063580879763,29.705295196941755,1900.5636735883559,12.978482383014427,-0.38496970418833676,0.6262242091573565,0.12062725248450987,0.5055969566728467,1
1992,1417,accepted,5,Dist_street_lamp_01,False,False,,0,{},0.1685106200208583,1,2.598533653962673,0.08881540158346346,4,8,6.679623661029175,near-pallet,random-mix,869.0229295200043,road,left,left,False,125,0.2753,0.9173648124103527,3.832281674663925,True,0.704,3.871,0.386,3.871,0.704,0.386,2.725184,2.2934009391162826,146.43959266575854,0.1685106200208583,167.81798393294923,30.520243009247285,5121.845650955567,34.975825579124205,-1.5864528413918983,1.9646663474485773,0.18910675302833954,1.7755595944202378,1
1993,1418,accepted,0,Dist_wooden_broom,False,False,,0,{},0.1103253508579585,1,41.72555469087493,0.1387861522602933,7,8,7.5036434104884755,near-camera,indoor,6505.278320129995,indoor,left,left,False,0,0.4043,0.8911495513229917,3.8289527500524727,True,0.49,1.454,0.113,1.454,0.49,0.113,0.71246,0.5657983441105953,717.6971130970126,0.1103253508579585,130.37444551232716,43.936367469766374,5728.17954669664,7.981332852208854,1.8260671577079974,3.121798605331627,2.4739328815198123,0.6478657238118148,1
1993,1418,accepted,1,Dist_Shelf_01,True,True,prealign|preprobe,9,"{""score_callback"": 4}",0.1103253508579585,1,41.72555469087493,0.1387861522602933,7,8,7.5036434104884755,near-camera,indoor,6505.278320129995,indoor,left,left,False,415,0.9679,1.183208169188094,4.380376755051568,True,1.003,2.08,0.257,2.08,1.003,0.257,2.0862399999999997,2.9206975540045503,717.6971130970126,0.1103253508579585,334.9144496122164,161.49961200050623,54088.55366573604,75.3640396187922,0.8696480200063834,3.330721011917619,2.100184515962001,1.2305364959556178,1
1993,1418,accepted,2,Dist_water_dispenser_01,False,False,feedback|prealign|prealign-primary|preprobe|primary|refine|rescue,12,"{""candidate_budget_exhausted"": 4, ""score_callback"": 6, ""support"": 6}",0.1103253508579585,1,41.72555469087493,0.1387861522602933,7,8,7.5036434104884755,near-camera,indoor,6505.278320129995,indoor,left,left,False,42,0.9812,1.1288749065889883,3.25646440140231,True,0.325,1.1,0.414,1.1,0.414,0.325,0.4554,0.5803428858223557,717.6971130970126,0.1103253508579585,228.86350817627672,86.13590216816233,19713.36475013419,27.467526886191468,2.2410771998648658,3.4828395971127533,2.8619583984888095,0.6208811986239438,1
1993,1418,accepted,3,Dist_steel_frame_shelves_03,False,False,,0,{},0.1103253508579585,1,41.72555469087493,0.1387861522602933,7,8,7.5036434104884755,near-camera,indoor,6505.278320129995,large,left,left,False,8,0.2394,1.0984616013433597,2.5838578524028346,True,2.351,2.312,0.721,2.351,2.312,0.721,5.435511999999999,6.558586018475809,717.6971130970126,0.1103253508579585,296.303359691745,291.38807639613543,86339.2660102898,120.30042260824747,2.0480211813285742,4.587664403634422,3.317842792481498,1.269821611152924,1
1993,1418,accepted,4,Dist_delivery_van_01,False,False,,0,{},0.1103253508579585,1,41.72555469087493,0.1387861522602933,7,8,7.5036434104884755,near-camera,indoor,6505.278320129995,large,left,left,False,428,0.8028,1.0715408584437824,4.753148916987857,True,2.476,2.34,5.0,5.0,2.476,2.34,12.379999999999999,14.214713664072743,717.6971130970126,0.1103253508579585,611.936858040095,303.03113210145506,185435.91886649738,258.37629200750547,0.5938213540610386,3.1012269628194895,1.847524158440264,1.2537028043792255,2
1993,1418,accepted,5,Dist_delivery_truck_01,False,False,,0,{},0.1103253508579585,1,41.72555469087493,0.1387861522602933,7,8,7.5036434104884755,near-camera,indoor,6505.278320129995,large,left,left,False,13,0.7897,0.8672447739470549,3.0944418390435615,True,2.665,2.591,6.0,6.0,2.665,2.591,15.99,12.02629483203627,717.6971130970126,0.1103253508579585,905.4141927014091,402.15480392487586,364116.66713663493,507.34029786659676,1.8482596812375494,4.095290890534368,2.971775285885959,1.1235156046484094,1
1996,1419,accepted,0,Dist_Shelf_01,False,False,feedback|prealign|prealign-primary|preprobe|primary|refine|rescue,12,"{""camera_clearance"": 1, ""candidate_budget_exhausted"": 4, ""score_callback"": 11}",0.4389258818432012,3,24.494098923929975,0.3106045244242043,7,6,3.3191691906849883,near-pallet,random-mix,26670.70665340501,indoor,right,right,False,0,0.9679,1.0116848371319758,1.8484718721023357,True,1.003,2.08,0.257,2.08,1.003,0.257,2.0862399999999997,2.135279594888545,11706.463437227127,0.4389258818432012,671.7929339065657,323.9463041866756,217624.8381177556,18.590143751331247,-0.431609990867735,1.6726944703667748,0.6205422397495198,1.0521522306172548,1
1996,1419,accepted,1,Dist_construction_sign_01,False,False,,0,{},0.4389258818432012,3,24.494098923929975,0.3106045244242043,7,6,3.3191691906849883,near-pallet,random-mix,26670.70665340501,road,right,right,False,89,0.4797,1.1921371412978585,2.6943896479773066,True,1.068,1.2,0.059,1.2,1.068,0.059,1.2816,1.8213983390290018,11706.463437227127,0.4389258818432012,220.5750466808526,196.3117915459588,43301.48258425167,3.698938011163204,-0.47484078660607726,0.955723782951353,0.24044149817263788,0.7152822847787151,2
1996,1419,accepted,2,Dist_chinese_screen_panels,True,True,prealign|preprobe,9,"{""score_callback"": 5}",0.4389258818432012,3,24.494098923929975,0.3106045244242043,7,6,3.3191691906849883,near-pallet,random-mix,26670.70665340501,large,right,right,False,7,0.921,0.9284742455796909,2.5812122007084044,True,1.294,1.603,0.377,1.603,1.294,0.377,2.074282,1.7881647190054728,11706.463437227127,0.4389258818432012,331.92040126395756,267.9382403216227,88934.1682415117,7.5970141382491905,-0.45287598422949876,1.0354682314347459,0.2912961236026235,0.7441721078321223,6
1996,1419,accepted,3,Dist_utility_box_01,False,False,,0,{},0.4389258818432012,3,24.494098923929975,0.3106045244242043,7,6,3.3191691906849883,near-pallet,random-mix,26670.70665340501,road,right,right,False,171,0.9166,1.1094683772677574,1.9046182700732917,True,0.52,1.12,0.432,1.12,0.52,0.432,0.5824,0.7168878546835247,11706.463437227127,0.4389258818432012,374.6617768008269,173.95011065752675,65172.45753364942,5.5672200133814815,-0.025988611688174457,1.216615970851714,0.5953136795817697,0.6213022912699442,11
1996,1419,accepted,4,Dist_water_dispenser_01,False,False,,0,{},0.4389258818432012,3,24.494098923929975,0.3106045244242043,7,6,3.3191691906849883,near-pallet,random-mix,26670.70665340501,indoor,right,right,False,316,0.9812,0.8623125734538301,2.4360377002461475,True,0.325,1.1,0.414,1.1,0.414,0.325,0.4554,0.33862768651287267,11706.463437227127,0.4389258818432012,231.3537937183497,87.07315509036069,20144.704761181176,1.7208190047491225,-0.11774375996424236,0.8308000708349708,0.3565281554353642,0.47427191539960656,9
1996,1419,accepted,5,Dist_street_lamp_01,False,False,,0,{},0.4389258818432012,3,24.494098923929975,0.3106045244242043,7,6,3.3191691906849883,near-pallet,random-mix,26670.70665340501,road,right,right,False,34,0.2753,1.166422861985779,2.937954513088445,True,0.704,3.871,0.386,3.871,0.704,0.386,2.725184,3.707728088106341,11706.463437227127,0.4389258818432012,483.6839647780215,87.96525735048492,42547.38443800154,3.634520764204395,-2.1266122498392104,2.38861064890774,0.1309991995342648,2.257611449373475,3
1997,1420,expensive_reject,0,Dist_forklift_01,False,False,,0,{},0.24246688941122507,2,14.86337977115521,0.09440275986463023,6,6,8.410462026086307,near-camera,outdoor-day,5649.831658215044,large,right,right,False,0,0.5646,0.8110663739428048,5.44052090667956,True,0.83,1.539,2.5,2.5,1.539,0.83,3.8474999999999997,2.530995780664457,1369.8971078644654,0.24246688941122507,194.0481254097721,119.45602600225571,23180.217914638713,16.92113793186584,-0.025787763745703574,1.222443385752273,0.5983278110032847,0.6241155747489883,1
1997,1420,expensive_reject,1,Dist_construction_sign_01,False,False,feedback|prealign|prealign-primary|preprobe|primary|refine|rescue,12,"{""candidate_budget_exhausted"": 4, ""score_callback"": 12}",0.24246688941122507,2,14.86337977115521,0.09440275986463023,6,6,8.410462026086307,near-camera,outdoor-day,5649.831658215044,road,right,right,False,19,0.4797,1.0428088986185098,4.595711662851467,True,1.068,1.2,0.059,1.2,1.068,0.059,1.2816,1.393676431407036,1369.8971078644654,0.24246688941122507,130.67760128751846,116.30306514589147,15198.205575651089,11.094413944229428,0.22638436586417454,1.4777550442063863,0.8520697050352803,0.6256853391711059,1
1997,1420,expensive_reject,2,Dist_chinese_screen_panels,False,False,feedback|prealign|prealign-primary|preprobe|primary|refine|rescue,12,"{""candidate_budget_exhausted"": 4, ""score_callback"": 12}",0.24246688941122507,2,14.86337977115521,0.09440275986463023,6,6,8.410462026086307,near-camera,outdoor-day,5649.831658215044,large,right,right,False,245,0.921,1.0183028001709833,4.605496858796702,True,1.294,1.603,0.377,1.603,1.294,0.377,2.074282,2.15090720678918,1369.8971078644654,0.24246688941122507,235.693105264015,190.26006126739577,44842.98464783425,32.73456407083014,0.03296098727874042,1.6653003759528267,0.8491306816157835,0.8161696943370431,1
1997,1420,expensive_reject,3,Dist_utility_box_01,False,False,feedback|prealign|prealign-primary|preprobe|primary|refine|rescue,12,"{""candidate_budget_exhausted"": 4, ""score_callback"": 12}",0.24246688941122507,2,14.86337977115521,0.09440275986463023,6,6,8.410462026086307,near-camera,outdoor-day,5649.831658215044,road,right,right,False,83,0.9166,0.8683279430999812,2.6170533509476064,True,0.52,1.12,0.432,1.12,0.52,0.432,0.5824,0.4391257659258254,1369.8971078644654,0.24246688941122507,246.52572413944995,114.45837192188745,28216.93302186579,20.59784845144553,0.9601041323199719,1.9326314285919508,1.4463677804559614,0.48626364813598943,2
1997,1420,expensive_reject,4,Dist_street_lamp_01,False,False,,0,{},0.24246688941122507,2,14.86337977115521,0.09440275986463023,6,6,8.410462026086307,near-camera,outdoor-day,5649.831658215044,road,right,right,False,34,0.2753,0.944880639818718,2.8650672881414208,True,0.704,3.871,0.386,3.871,0.704,0.386,2.725184,2.433042704142951,1369.8971078644654,0.24246688941122507,464.1426683800717,84.41137652791797,39178.9215433028,28.599900911082933,-0.4569406931530968,3.20069226358516,1.3718757852160317,1.8288164783691285,3
1997,1420,expensive_reject,5,Dist_delivery_truck_01,False,False,,0,{},0.24246688941122507,2,14.86337977115521,0.09440275986463023,6,6,8.410462026086307,near-camera,outdoor-day,5649.831658215044,large,right,right,False,46,0.7897,1.1700759268809948,4.4274298332220425,True,2.665,2.591,6.0,6.0,2.665,2.591,15.99,21.891552017916045,1369.8971078644654,0.24246688941122507,976.3999978257051,433.68433236758403,423449.3811807514,309.1103548943667,-0.6132195259472993,2.418447200601358,0.9026138373270295,1.5158333632743288,2
1999,1420,expensive_reject,0,Dist_bollard_01,False,False,prealign|prealign-primary|preprobe|primary|refine|rescue,12,"{""candidate_budget_exhausted"": 3, ""score_callback"": 4, ""support"": 8}",0.12067148933857946,1,7.706137442661302,0.8634513233351006,6,5,1.3581970367240481,near-pallet,outdoor-night,157423.42862592998,road,left,left,False,0,0.691,1.043032820849828,1.1385428990936848,True,0.196,1.0,0.196,1.0,0.196,0.196,0.196,0.21323182321251014,18996.519589076535,0.12067148933857946,519.6076375631359,101.84309696237464,52918.45101473287,2.785691914068421,-0.49249071040298753,0.5505421104468405,0.02902570002192651,0.521516410424914,4
1999,1420,expensive_reject,1,Dist_construction_sign_01,False,False,,0,{},0.12067148933857946,1,7.706137442661302,0.8634513233351006,6,5,1.3581970367240481,near-pallet,outdoor-night,157423.42862592998,road,left,left,False,166,0.4797,0.9653081047396526,0.8820763734923276,True,1.068,1.2,0.059,1.2,1.068,0.059,1.2816,1.1942201750366788,18996.519589076535,0.12067148933857946,620.6028920430557,552.3365739183196,342781.6751548621,18.044446170653806,-0.4987781115177169,0.6595916141698662,0.08040675132607468,0.5791848628437916,6
1999,1420,expensive_reject,2,Dist_chinese_screen_panels,False,False,prealign|prealign-primary|preprobe|primary|refine|rescue,12,"{""candidate_budget_exhausted"": 3, ""collision"": 1, ""score_callback"": 6, ""support"": 5}",0.12067148933857946,1,7.706137442661302,0.8634513233351006,6,5,1.3581970367240481,near-pallet,outdoor-night,157423.42862592998,large,left,left,False,17,0.921,0.9834458416541187,1.137396380536231,True,1.294,1.603,0.377,1.603,1.294,0.377,2.074282,2.0061744512041155,18996.519589076535,0.12067148933857946,907.590352460504,732.6399975570134,664936.9936094326,35.00309572453407,-0.7589764460881914,0.8174872380833609,0.02925539599758477,0.7882318420857761,3
1999,1420,expensive_reject,3,Dist_utility_box_01,False,False,prealign|prealign-primary|preprobe|primary|refine|rescue,12,"{""candidate_budget_exhausted"": 3, ""score_callback"": 5, ""support"": 7}",0.12067148933857946,1,7.706137442661302,0.8634513233351006,6,5,1.3581970367240481,near-pallet,outdoor-night,157423.42862592998,road,left,left,False,78,0.9166,1.1614440154114294,1.015506492866897,True,0.52,1.12,0.432,1.12,0.52,0.432,0.5824,0.7856297618245585,18996.519589076535,0.12067148933857946,836.7803092548721,388.50514358261916,325093.4541941726,17.11331660885446,-0.5967335722978871,0.7040837249629138,0.05367507633251329,0.6504086486304005,3
1999,1420,expensive_reject,4,Dist_ladder_sectioned_01,False,False,,0,{},0.12067148933857946,1,7.706137442661302,0.8634513233351006,6,5,1.3581970367240481,near-pallet,outdoor-night,157423.42862592998,large,left,left,False,33,0.4479,0.9215152480709201,1.1984668177598572,True,0.662,2.135,0.178,2.135,0.662,0.178,1.41337,1.200220168410045,18996.519589076535,0.12067148933857946,749.6401676263188,232.44111989162667,174247.20007880827,9.172585497135206,-0.9666971130990636,1.0007379415323507,0.017020414216643565,0.9837175273157072,3
1999,1420,expensive_reject,5,Dist_industrial_storage_cart,False,False,,0,{},0.12067148933857946,1,7.706137442661302,0.8634513233351006,6,5,1.3581970367240481,near-pallet,outdoor-night,157423.42862592998,medium,left,left,False,35,0.6134,1.0217989353782841,1.1795422953948926,True,1.603,1.377,1.103,1.603,1.377,1.103,2.207331,2.3046148411831067,18996.519589076535,0.12067148933857946,742.0706632686475,637.4493470498611,473032.45976545673,24.901006605307952,-0.6826967735761783,0.7243203604397189,0.020811793431770257,0.7035085670079486,1
2003,1420,expensive_reject,0,Dist_delivery_truck_01,False,False,,0,{},0.19245422930291406,1,35.12847125143944,0.07306456395167223,7,7,9.502114664539016,near-camera,indoor,4392.339532940023,large,left,left,False,0,0.7897,0.8773143147384116,5.972493978670004,True,2.665,2.591,6.0,6.0,2.665,2.591,15.99,12.30718970545041,845.3243196486936,0.19245422930291406,474.5559532373083,210.78193589623777,100027.82251444433,118.33070478324184,0.6917263923674257,2.96484778185465,1.828287087111038,1.1365606947436122,3
2003,1420,expensive_reject,1,Dist_chinese_screen_panels,False,False,feedback|gate-overlap-refine|prealign|preprobe|primary|refine|rescue,12,"{""candidate_budget_exhausted"": 5, ""score_callback"": 12}",0.19245422930291406,1,35.12847125143944,0.07306456395167223,7,7,9.502114664539016,near-camera,indoor,4392.339532940023,large,left,left,False,230,0.921,1.1881782827391716,3.4222036666746902,True,1.294,1.603,0.377,1.603,1.294,0.377,2.074282,2.92840418635452,845.3243196486936,0.19245422930291406,323.6269698150731,261.2434803123547,84545.43591743105,100.01538338867039,2.4620078844814413,4.366657671712334,3.4143327780968873,0.9523248936154463,1
2003,1420,expensive_reject,2,Dist_Shelf_01,False,False,feedback|gate-overlap-refine|prealign|preprobe|primary|refine|rescue,12,"{""candidate_budget_exhausted"": 5, ""score_callback"": 12}",0.19245422930291406,1,35.12847125143944,0.07306456395167223,7,7,9.502114664539016,near-camera,indoor,4392.339532940023,indoor,left,left,False,227,0.9679,0.9002965422354918,4.448159138868965,True,1.003,2.08,0.257,2.08,1.003,0.257,2.0862399999999997,1.6909681683503777,845.3243196486936,0.19245422930291406,250.95130430294026,121.0116145268505,30368.022501317762,35.9246998997241,1.8399745615041891,3.7125913693540125,2.776282965429101,0.9363084039249117,1
2003,1420,expensive_reject,3,Dist_water_dispenser_01,False,False,feedback|gate-overlap-refine|prealign|preprobe|primary|refine|rescue,12,"{""candidate_budget_exhausted"": 5, ""score_callback"": 12}",0.19245422930291406,1,35.12847125143944,0.07306456395167223,7,7,9.502114664539016,near-camera,indoor,4392.339532940023,indoor,left,left,False,385,0.9812,1.0233217370178394,3.236510798717581,True,0.325,1.1,0.414,1.1,0.414,0.325,0.4554,0.47688913169219094,845.3243196486936,0.19245422930291406,208.7431368164345,78.56332603818534,16399.555115943072,19.40031149554354,2.9669896841958723,4.092643594915495,3.529816639555684,0.5628269553598115,1
2003,1420,expensive_reject,4,Dist_ladder_sectioned_01,False,False,,0,{},0.19245422930291406,1,35.12847125143944,0.07306456395167223,7,7,9.502114664539016,near-camera,indoor,4392.339532940023,large,left,left,False,128,0.4479,1.173939149740867,5.254490904048339,True,0.662,2.135,0.178,2.135,0.662,0.178,1.41337,1.9478120181239589,845.3243196486936,0.19245422930291406,193.4233780123297,59.97483664831958,11600.535500255643,13.72317728310086,1.0216388287176081,3.527998913414359,2.2748188710659836,1.2531800423483754,1
2003,1420,expensive_reject,5,Dist_delivery_van_01,False,False,,0,{},0.19245422930291406,1,35.12847125143944,0.07306456395167223,7,7,9.502114664539016,near-camera,indoor,4392.339532940023,large,left,left,False,36,0.8028,1.0208093473818822,4.473758037518135,True,2.476,2.34,5.0,5.0,2.476,2.34,12.379999999999999,12.900600339433536,845.3243196486936,0.19245422930291406,619.3718231401458,306.7129268190002,189969.34466453426,224.72953900519883,1.5660158717045052,3.9547097445781096,2.7603628081413074,1.1943469364368022,1
2004,1420,accepted,0,Dist_plastic_crate_01,True,True,gate-overlap-refine|preprobe,12,"{""collision"": 1, ""score_callback"": 4, ""support"": 5}",0.2948212220888203,2,18.795142859052305,0.15951709107745451,7,7,4.77822176894813,near-pallet,outdoor-night,7290.477726660007,small,bottom,bottom,False,0,0.8408,1.17288489881486,2.6502462698952383,True,0.298,0.264,0.408,0.408,0.298,0.264,0.12158399999999998,0.1672581221377681,2149.3875529852276,0.2948212220888203,73.4237378980319,53.62812228826839,3937.5771948574215,1.831953101891106,0.27210525329276986,0.5817468665798928,0.42692605993633137,0.1548208066435615,2
2004,1420,accepted,1,Dist_construction_sign_01,False,False,,0,{},0.2948212220888203,2,18.795142859052305,0.15951709107745451,7,7,4.77822176894813,near-pallet,outdoor-night,7290.477726660007,road,bottom,bottom,False,310,0.4797,1.0226302361109783,3.500408453035426,True,1.068,1.2,0.059,1.2,1.068,0.059,1.2816,1.3402621639144392,2149.3875529852276,0.2948212220888203,107.6779610744816,95.83338535628862,10319.143538030241,4.800969245261635,-0.8059145499577344,0.4212417333754396,-0.19233640829114737,0.613578141666587,1
2004,1420,accepted,2,Dist_utility_box_01,False,False,feedback|prealign|prealign-primary|preprobe|primary|refine|rescue,12,"{""candidate_budget_exhausted"": 4, ""score_callback"": 12}",0.2948212220888203,2,18.795142859052305,0.15951709107745451,7,7,4.77822176894813,near-pallet,outdoor-night,7290.477726660007,road,bottom,bottom,False,182,0.9166,1.1318177499952133,3.1290617612528933,True,0.52,1.12,0.432,1.12,0.52,0.432,0.5824,0.746061050544542,2149.3875529852276,0.2948212220888203,172.00106147729522,79.85763568588705,13735.598105039702,6.3904706649867276,-0.6202711814323014,0.6473646985623376,0.01354675856501803,0.6338179399973195,1
2004,1420,accepted,3,Dist_street_lamp_01,False,False,,0,{},0.2948212220888203,2,18.795142859052305,0.15951709107745451,7,7,4.77822176894813,near-pallet,outdoor-night,7290.477726660007,road,bottom,bottom,False,205,0.2753,0.8753679708901576,3.1259880964653504,True,0.704,3.871,0.386,3.871,0.704,0.386,2.725184,2.0882242486659996,2149.3875529852276,0.2948212220888203,252.22633061788963,45.87117973520906,11569.919345725479,5.382891200638212,-1.5602492729973871,1.828300142318413,0.13402543466051303,1.6942747076579001,3
2004,1420,accepted,4,Dist_delivery_truck_01,False,False,,0,{},0.2948212220888203,2,18.795142859052305,0.15951709107745451,7,7,4.77822176894813,near-pallet,outdoor-night,7290.477726660007,large,bottom,bottom,False,65,0.7897,1.1021639365956495,4.1759434003088955,True,2.665,2.591,6.0,6.0,2.665,2.591,15.99,19.424097836680982,2149.3875529852276,0.2948212220888203,624.0720391678092,277.1919973970352,172987.77505656582,80.48235638859435,-2.8722158469160517,-0.01650908719672395,-1.444362467056388,1.427853379859664,7
2004,1420,accepted,5,Dist_covered_car,False,False,,0,{},0.2948212220888203,2,18.795142859052305,0.15951709107745451,7,7,4.77822176894813,near-pallet,outdoor-night,7290.477726660007,large,bottom,bottom,False,268,0.7299,0.9826554568035886,3.9494502771123425,True,1.789,1.411,4.38,4.38,1.789,1.411,7.835819999999999,7.56635983769965,2149.3875529852276,0.2948212220888203,412.88701488031154,168.64266429700396,69630.36624305246,32.395444993781915,-1.4919059978436575,-0.10537914829379391,-0.7986425730687257,0.6932634247749319,1
2007,1421,accepted,0,Dist_bollard_01,False,False,,0,{},0.39558049295972353,3,10.019935299852447,0.25058460841052266,8,8,2.5186688201514964,near-camera,random-mix,12548.331704049997,road,left,left,False,0,0.691,0.9607865343115419,1.762492296807674,True,0.196,1.0,0.196,1.0,0.196,0.196,0.196,0.1809297098448192,4963.875241310226,0.39558049295972353,187.19919329957446,36.69104188671659,6868.533442514242,1.3837038822718835,-0.3183487662624251,0.6424377680491169,0.16204450089334588,0.480393267155771,1
2007,1421,accepted,1,Dist_construction_sign_01,False,False,,0,{},0.39558049295972353,3,10.019935299852447,0.25058460841052266,8,8,2.5186688201514964,near-camera,random-mix,12548.331704049997,road,left,left,False,118,0.4797,1.0250173274814314,1.3779253176726924,True,1.068,1.2,0.059,1.2,1.068,0.059,1.2816,1.3465265245302047,4963.875241310226,0.39558049295972353,255.40941450977965,227.3143789137039,58058.23242800331,11.696150609272507,-0.37634001800376204,0.8536807749739556,0.23867037848509673,0.6150103964888588,3
2007,1421,accepted,2,Dist_chinese_screen_panels,True,True,prealign|preprobe,9,"{""score_callback"": 5}",0.39558049295972353,3,10.019935299852447,0.25058460841052266,8,8,2.5186688201514964,near-camera,random-mix,12548.331704049997,large,left,left,False,74,0.921,0.909650535239252,1.3387263328476948,True,1.294,1.603,0.377,1.603,1.294,0.377,2.074282,1.7163938805205792,4963.875241310226,0.39558049295972353,431.8285776830711,348.58776015090086,150530.15666369104,30.325128925673457,-0.4826040353321928,0.9755657726563283,0.2464808686620677,0.7290849039942605,1
2007,1421,accepted,3,Dist_Shelf_01,False,False,,0,{},0.39558049295972353,3,10.019935299852447,0.25058460841052266,8,8,2.5186688201514964,near-camera,random-mix,12548.331704049997,indoor,left,left,False,200,0.9679,0.8237902421484602,1.163867555991193,True,1.003,2.08,0.257,2.08,1.003,0.257,2.0862399999999997,1.4157858086282469,4963.875241310226,0.39558049295972353,598.3522526764742,288.5323603050498,172643.98775858665,34.780081965359166,-0.5754199594802092,1.1380637441885881,0.2813218923541894,0.8567418518343987,3
2007,1421,accepted,4,Dist_utility_box_01,False,False,,0,{},0.39558049295972353,3,10.019935299852447,0.25058460841052266,8,8,2.5186688201514964,near-camera,random-mix,12548.331704049997,road,left,left,False,8,0.9166,1.0856076940723225,1.1684110151223026,True,0.52,1.12,0.432,1.12,0.52,0.432,0.5824,0.6863840637058644,4963.875241310226,0.39558049295972353,411.5764228329471,191.08905345815398,78647.74906484081,15.844022108033796,-0.32752371127390817,0.8883569060870931,0.28041659740659247,0.6079403086805006,1
2007,1421,accepted,5,Dist_water_dispenser_01,False,False,,0,{},0.39558049295972353,3,10.019935299852447,0.25058460841052266,8,8,2.5186688201514964,near-camera,random-mix,12548.331704049997,indoor,left,left,False,108,0.9812,1.145967536055931,1.1459904052781167,True,0.325,1.1,0.414,1.1,0.414,0.325,0.4554,0.5980502217682938,4963.875241310226,0.39558049295972353,450.11973775736277,169.4087013014074,76254.20020360491,15.361828510314744,-0.3453981880338305,0.9151661016276936,0.28488395679693157,0.6302821448307621,1
2008,1422,accepted,0,Dist_delivery_van_01,True,True,gate-overlap-refine|preprobe,12,"{""score_callback"": 8}",0.2525759406560907,2,69.36132741106056,0.09075809864283914,7,8,9.875925765744565,near-pallet,outdoor-night,3977.113424039999,large,bottom,bottom,False,2,0.8028,0.9453937448225999,5.522578029686268,True,2.476,2.34,5.0,5.0,2.476,2.34,12.379999999999999,11.064864339441273,1004.5231641728683,0.2525759406560907,399.9401862275251,198.05038021987045,79208.30594756713,78.85164700287208,2.0764682719543233,4.288689634839207,3.182578953396765,1.1061106814424417,1
2008,1422,accepted,1,Dist_construction_sign_01,False,False,,0,{},0.2525759406560907,2,69.36132741106056,0.09075809864283914,7,8,9.875925765744565,near-pallet,outdoor-night,3977.113424039999,road,bottom,bottom,False,124,0.4797,0.8401424265741786,7.274554652216074,True,1.068,1.2,0.059,1.2,1.068,0.059,1.2816,0.9046036429454228,1004.5231641728683,0.2525759406560907,50.0568026339637,44.550554344227685,2230.0583060426793,2.220016805564584,1.2914214023746868,2.299592314263701,1.795506858319194,0.504085455944507,4
2008,1422,accepted,2,Dist_chinese_screen_panels,False,False,,0,{},0.2525759406560907,2,69.36132741106056,0.09075809864283914,7,8,9.875925765744565,near-pallet,outdoor-night,3977.113424039999,large,bottom,bottom,False,105,0.921,1.1594362279397648,8.026107369835755,True,1.294,1.603,0.377,1.603,1.294,0.377,2.074282,2.7884414588985584,1004.5231641728683,0.2525759406560907,115.89260718204518,93.55273468095226,10842.070331185694,10.793250686372309,-0.15116074039464766,1.7074155329927954,0.7781273962990738,0.9292881366937216,1
2008,1422,accepted,3,Dist_utility_box_01,False,False,,0,{},0.2525759406560907,2,69.36132741106056,0.09075809864283914,7,8,9.875925765744565,near-pallet,outdoor-night,3977.113424039999,road,bottom,bottom,False,27,0.9166,0.802380464530708,7.117900531091177,True,0.52,1.12,0.432,1.12,0.52,0.432,0.5824,0.3749575123027638,1004.5231641728683,0.2525759406560907,63.03574289239139,29.266594914324575,1844.8415523551332,1.8365346048283409,1.5305786102191752,2.4292447304935685,1.9799116703563717,0.44933306013719665,1
2008,1422,accepted,4,Dist_street_lamp_01,False,False,,0,{},0.2525759406560907,2,69.36132741106056,0.09075809864283914,7,8,9.875925765744565,near-pallet,outdoor-night,3977.113424039999,road,bottom,bottom,False,104,0.2753,0.8547468670230396,7.693971442645308,True,0.704,3.871,0.386,3.871,0.704,0.386,2.725184,1.9909981921845674,1004.5231641728683,0.2525759406560907,117.66944883198155,21.399972094475586,2518.1229213767283,2.506784324331803,-0.2736765199804634,3.0350486022657233,1.3806860411426298,1.6543625611230932,1
2008,1422,accepted,5,Dist_modular_chainlink_fence,False,False,,0,{},0.2525759406560907,2,69.36132741106056,0.09075809864283914,7,8,9.875925765744565,near-pallet,outdoor-night,3977.113424039999,road,bottom,bottom,False,24,0.5685,0.9752055574914749,7.078906082033294,True,8.115,2.523,2.149,8.115,2.523,2.149,20.474145,19.47144175281538,1004.5231641728683,0.2525759406560907,439.57630125262256,136.6667908885233,60075.482442842695,59.80497472381265,0.41863119320302,2.879074814754011,1.6488530039785156,1.2302218107754954,1
2009,1423,accepted,0,Dist_barrel_stove,False,False,feedback|prealign-primary|preprobe|primary|refine|rescue,12,"{""camera_clearance"": 9, ""candidate_budget_exhausted"": 3, ""score_callback"": 3}",0.11075842980876716,1,10.72400166977697,0.18562475212469629,6,8,2.149732559321491,near-pallet,indoor,15930.615456234998,large,left,left,False,0,0.9707,1.0120315879244686,1.3781369623425628,True,0.593,0.856,0.593,0.856,0.593,0.593,0.507608,0.5198961414476129,1764.4499538198652,0.11075842980876716,215.6834568471174,149.41622653077175,32226.608247208827,18.26439348843038,-0.2832477373583806,0.5830513019049645,0.14990178227329193,0.43314951963167253,2
2009,1423,accepted,1,Dist_Shelf_01,False,False,,0,{},0.11075842980876716,1,10.72400166977697,0.18562475212469629,6,8,2.149732559321491,near-pallet,indoor,15930.615456234998,indoor,left,left,False,233,0.9679,0.9248890541355963,1.7664523180582021,True,1.003,2.08,0.257,2.08,1.003,0.257,2.0862399999999997,1.784610925234212,1764.4499538198652,0.11075842980876716,373.1342969550379,179.92966338745333,67137.92844943402,38.0503444170161,-0.903590406186088,1.0201788264159524,0.058294210114932236,0.9618846163010202,1
2009,1423,accepted,2,Dist_water_dispenser_01,True,True,prealign|preprobe,9,"{""score_callback"": 3}",0.11075842980876716,1,10.72400166977697,0.18562475212469629,6,8,2.149732559321491,near-pallet,indoor,15930.615456234998,indoor,left,left,False,188,0.9812,0.9576801723279138,1.2351175484402332,True,0.325,1.1,0.414,1.1,0.414,0.325,0.4554,0.41767070769884834,1764.4499538198652,0.11075842980876716,294.2270026308605,110.73634462652383,32581.622761760103,18.46559755986505,-0.34308256699800543,0.7103656225626999,0.18364152778234724,0.5267240947803526,3
2009,1423,accepted,3,Dist_steel_frame_shelves_02,False,False,,0,{},0.11075842980876716,1,10.72400166977697,0.18562475212469629,6,8,2.149732559321491,near-pallet,indoor,15930.615456234998,indoor,left,left,False,51,0.2375,1.1647411581013707,1.6046037353765967,True,0.593,2.142,0.502,2.142,0.593,0.502,1.270206,1.7231893601515265,1764.4499538198652,0.11075842980876716,263.8832144407214,73.05450334423334,19277.857171846725,10.92570357697707,-1.1509618308122007,1.3439137298409352,0.09647594951436715,1.247437780326568,11
2009,1423,accepted,4,Dist_forklift_02,False,False,,0,{},0.11075842980876716,1,10.72400166977697,0.18562475212469629,6,8,2.149732559321491,near-pallet,indoor,15930.615456234998,large,left,left,False,116,0.5807,1.0481557231197434,1.552593927211168,True,2.5,1.774,0.928,2.5,1.774,0.928,4.4350000000000005,4.872425912294961,1764.4499538198652,0.11075842980876716,447.90170678586014,317.83105113524635,142357.07027302083,80.68070730191661,-0.8209685301113618,1.038459722703063,0.10874559629585051,0.9297141264072124,15
2009,1423,accepted,5,Dist_forklift_01,False,False,,0,{},0.11075842980876716,1,10.72400166977697,0.18562475212469629,6,8,2.149732559321491,near-pallet,indoor,15930.615456234998,large,left,left,False,217,0.5646,0.9910275379845146,1.509777501896612,True,0.83,1.539,2.5,2.5,1.539,0.83,3.8474999999999997,3.7787666480654374,1764.4499538198652,0.11075842980876716,429.41982195656885,264.3508423964638,113517.49167595847,64.33590900677233,-0.643749260636907,0.8814421203212609,0.11884642984217694,0.7625956904790839,8
2012,1424,expensive_reject,0,Dist_ammo_box,False,False,,0,{},0.4070479452605076,3,15.930040843440787,0.5667810582562228,7,6,1.5772373243387887,near-camera,outdoor-day,76265.86687684001,medium,left,left,False,0,0.8575,1.1150416299723525,0.6491983873531779,True,0.087,0.177,0.258,0.258,0.177,0.087,0.045666,0.05677735232486958,31043.86440572913,0.4070479452605076,213.42735510297757,146.42109245436833,31250.26649382438,1.006648724056956,0.1602702604194005,0.35763262892450687,0.2589514446719537,0.09868118425255318,4
2012,1424,expensive_reject,1,Dist_construction_sign_01,False,False,,0,{},0.4070479452605076,3,15.930040843440787,0.5667810582562228,7,6,1.5772373243387887,near-camera,outdoor-day,76265.86687684001,road,left,left,False,292,0.4797,0.8000548820805242,0.7647664470667631,True,1.068,1.2,0.059,1.2,1.068,0.059,1.2816,0.8203365428592738,31043.86440572913,0.4070479452605076,452.22724321494445,402.4822464613006,182013.4367601518,5.86310500462569,-0.2653973752241028,0.6946684832725263,0.21463555402421175,0.48003292924831453,15
2012,1424,expensive_reject,2,Dist_chinese_screen_panels,False,False,feedback|gate-overlap-refine|prealign|preprobe|primary|refine|rescue,12,"{""candidate_budget_exhausted"": 5, ""score_callback"": 4, ""support"": 8}",0.4070479452605076,3,15.930040843440787,0.5667810582562228,7,6,1.5772373243387887,near-camera,outdoor-day,76265.86687684001,large,left,left,False,72,0.921,0.8089365465369773,0.899103728821582,True,1.294,1.603,0.377,1.603,1.294,0.377,2.074282,1.3573652042251005,31043.86440572913,0.4070479452605076,719.8925143931904,581.1234645195185,418346.43204583816,13.475977944570346,-0.48524025094333467,0.81148503315544,0.16312239110605264,0.6483626420493873,5
2012,1424,expensive_reject,3,Dist_utility_box_01,False,False,feedback|gate-overlap-refine|prealign|preprobe|primary|refine|rescue,12,"{""candidate_budget_exhausted"": 5, ""collision"": 1, ""score_callback"": 11}",0.4070479452605076,3,15.930040843440787,0.5667810582562228,7,6,1.5772373243387887,near-camera,outdoor-day,76265.86687684001,road,left,left,False,15,0.9166,0.9945013327115125,1.0258068894530936,True,0.52,1.12,0.432,1.12,0.52,0.432,0.5824,0.5760127614055213,31043.86440572913,0.4070479452605076,540.6887949156308,251.03408335368573,135731.31601125433,4.372242908850136,-0.44238412731227256,0.6714573653246216,0.11453661900617455,0.5569207463184471,17
2012,1424,expensive_reject,4,Dist_ladder_sectioned_01,False,False,,0,{},0.4070479452605076,3,15.930040843440787,0.5667810582562228,7,6,1.5772373243387887,near-camera,outdoor-day,76265.86687684001,large,left,left,False,39,0.4479,0.816842949995484,1.0724057244235714,True,0.662,2.135,0.178,2.135,0.662,0.178,1.41337,0.9430462641945342,31043.86440572913,0.4070479452605076,566.0665789661861,175.52040996515936,99356.23800772023,3.2005112736346084,-0.7753120848821972,0.9686476133581611,0.09666776423798193,0.8719798491201791,2
2012,1424,expensive_reject,5,Dist_portable_welding_cart,False,False,feedback|prealign|prealign-primary|preprobe|primary|refine|rescue,12,"{""candidate_budget_exhausted"": 4, ""collision"": 1, ""score_callback"": 11}",0.4070479452605076,3,15.930040843440787,0.5667810582562228,7,6,1.5772373243387887,near-camera,outdoor-day,76265.86687684001,large,left,left,False,225,0.5805,0.9483471539757191,0.9650757213890585,True,0.838,1.563,0.655,1.563,0.838,0.655,1.309794,1.177979376395701,31043.86440572913,0.4070479452605076,608.6473108680486,326.325301668218,198617.01732856562,6.397947585800914,-0.6033086227418308,0.878957978922218,0.13782467809019364,0.7411333008320244,3
2013,1424,accepted,0,Dist_wine_barrel_01,True,True,gate-overlap-refine|preprobe,12,"{""collision"": 3, ""score_callback"": 4}",0.18651177694440113,1,21.941371015633997,0.3683404090897561,8,8,2.8272808825089686,near-pallet,outdoor-night,31325.556202115,large,right,right,False,0,0.9184,1.05732003956245,1.80959525368534,True,0.742,0.871,0.756,0.871,0.756,0.742,0.658476,0.736127220884749,5842.585151028175,0.18651177694440113,295.5049220754217,256.4887727772891,75793.69481277336,12.972629898159934,-0.037228946168089416,0.8836968082908045,0.4232339310613576,0.460462877229447,2
2013,1424,accepted,1,Dist_construction_sign_01,False,False,,0,{},0.18651177694440113,1,21.941371015633997,0.3683404090897561,8,8,2.8272808825089686,near-pallet,outdoor-night,31325.556202115,road,right,right,False,151,0.4797,0.9740650338569579,2.1016990083404883,True,1.068,1.2,0.059,1.2,1.068,0.059,1.2816,1.2159855277382208,5842.585151028175,0.18651177694440113,233.39371194596066,207.720403631905,48480.63605056351,8.297805645508122,-0.27552248702410687,0.8933555536042426,0.30891653329006785,0.5844390203141747,1
2013,1424,accepted,2,Dist_chinese_screen_panels,False,False,,0,{},0.18651177694440113,1,21.941371015633997,0.3683404090897561,8,8,2.8272808825089686,near-pallet,outdoor-night,31325.556202115,large,right,right,False,94,0.921,0.8863585465517386,1.881406470547732,True,1.294,1.603,0.377,1.603,1.294,0.377,2.074282,1.6296212231713731,5842.585151028175,0.18651177694440113,439.13267399068354,354.4838927909823,155665.45972793084,26.643250496834767,-0.3152864012810335,1.1055463488414035,0.39512997378018494,0.7104163750612185,1
2013,1424,accepted,3,Dist_utility_box_01,False,False,,0,{},0.18651177694440113,1,21.941371015633997,0.3683404090897561,8,8,2.8272808825089686,near-pallet,outdoor-night,31325.556202115,road,right,right,False,19,0.9166,0.8592840397080374,1.8859565965123033,True,0.52,1.12,0.432,1.12,0.52,0.432,0.5824,0.43002614106639186,5842.585151028175,0.18651177694440113,296.0183355185182,137.43708434788343,40683.89694717864,6.96333829897526,-0.0878498206499691,0.8745483038230328,0.39334924158653184,0.481199062236501,2
2013,1424,accepted,4,Dist_street_lamp_01,False,False,,0,{},0.18651177694440113,1,21.941371015633997,0.3683404090897561,8,8,2.8272808825089686,near-pallet,outdoor-night,31325.556202115,road,right,right,False,40,0.2753,1.1995960302879878,2.534485174310094,True,0.704,3.871,0.386,3.871,0.704,0.386,2.725184,3.9216232644173568,5842.585151028175,0.18651177694440113,582.4748166257867,105.93187055142182,61702.64687426601,10.560846830517757,-2.1822762917932628,2.4613599414515384,0.13954182482913768,2.3218181166224006,3
2013,1424,accepted,5,Dist_delivery_van_01,False,False,,0,{},0.18651177694440113,1,21.941371015633997,0.3683404090897561,8,8,2.8272808825089686,near-pallet,outdoor-night,31325.556202115,large,right,right,False,180,0.8028,0.87413487193427,2.4243956051634106,True,2.476,2.34,5.0,5.0,2.476,2.34,12.379999999999999,9.459703766224496,5842.585151028175,0.18651177694440113,978.7105179983816,484.65744851279857,474339.3424857351,81.18655188144945,-0.8401114450393404,1.2053641552868513,0.18262635512375539,1.0227378001630958,9
2016,1425,expensive_reject,0,Dist_utility_box_01,False,False,feedback|prealign|prealign-primary|preprobe|primary|refine|rescue,12,"{""candidate_budget_exhausted"": 4, ""score_callback"": 12}",0.34471577561294553,2,2.7271737993194827,0.6688553860068689,5,5,1.7794182524989561,near-pallet,outdoor-day,58691.119979690004,road,left,left,False,0,0.9166,0.9181964932976843,1.3036539572812238,True,0.52,1.12,0.432,1.12,0.52,0.432,0.5824,0.49101258769714534,20231.754945391283,0.34471577561294553,457.6008928426549,212.45755739123263,97220.76795339765,4.805355156574994,-0.4690478159568225,0.559332256536584,0.045142220289880755,0.5141900362467032,4
2016,1425,expensive_reject,1,Dist_chinese_screen_panels,False,False,feedback|gate-overlap-refine|prealign|preprobe|primary|refine|rescue,12,"{""candidate_budget_exhausted"": 5, ""score_callback"": 6, ""support"": 6}",0.34471577561294553,2,2.7271737993194827,0.6688553860068689,5,5,1.7794182524989561,near-pallet,outdoor-day,58691.119979690004,large,left,left,False,13,0.921,0.8325030142056319,1.0972947544006586,True,1.294,1.603,0.377,1.603,1.294,0.377,2.074282,1.4376045144816358,20231.754945391283,0.34471577561294553,707.1824274775954,570.8634193112968,403704.57862672326,19.954006941878546,-0.6039807898013119,0.7305215419703159,0.06327037608450199,0.6672511658858139,16
2016,1425,expensive_reject,2,Dist_ladder_sectioned_01,False,False,,0,{},0.34471577561294553,2,2.7271737993194827,0.6688553860068689,5,5,1.7794182524989561,near-pallet,outdoor-day,58691.119979690004,large,left,left,False,29,0.4479,0.9101030050947145,1.1847510942760842,True,0.662,2.135,0.178,2.135,0.662,0.178,1.41337,1.17067667544143,20231.754945391283,0.34471577561294553,665.0548301214969,206.21372250137287,137143.43218687206,6.7786226433170995,-0.915947409333366,1.0271225065438494,0.05558754860524167,0.9715349579386077,2
2016,1425,expensive_reject,3,Dist_forklift_01,False,False,,0,{},0.34471577561294553,2,2.7271737993194827,0.6688553860068689,5,5,1.7794182524989561,near-pallet,outdoor-day,58691.119979690004,large,left,left,False,8,0.5646,0.8527640004100979,1.4230291176396717,True,0.83,1.539,2.5,2.5,1.539,0.83,3.8474999999999997,2.79792677942143,20231.754945391283,0.34471577561294553,682.0734248482051,419.884400336555,286391.9909778889,14.1555683998203,-0.6215464965187728,0.6908573001123678,0.03465540179679744,0.6562018983155703,7
2016,1425,expensive_reject,4,Dist_portable_welding_cart,False,False,feedback|prealign|prealign-primary|preprobe|primary|refine|rescue,12,"{""candidate_budget_exhausted"": 4, ""score_callback"": 12}",0.34471577561294553,2,2.7271737993194827,0.6688553860068689,5,5,1.7794182524989561,near-pallet,outdoor-day,58691.119979690004,large,left,left,False,52,0.5805,1.076720420788627,1.2631577385526018,True,0.838,1.563,0.655,1.563,0.838,0.655,1.309794,1.5184793712175455,20231.754945391283,0.34471577561294553,615.0509085232094,329.75858051340344,202818.31453809267,10.024751440768805,-0.7927572938968379,0.8901567237957859,0.04869971494947395,0.8414570088463119,11
2016,1425,expensive_reject,5,Dist_old_military_compressor,False,False,,0,{},0.34471577561294553,2,2.7271737993194827,0.6688553860068689,5,5,1.7794182524989561,near-pallet,outdoor-day,58691.119979690004,large,left,left,False,47,0.4993,0.953621868756198,1.1621061219267297,True,0.598,1.179,1.676,1.676,1.179,0.598,1.976004,1.7969675026731196,20231.754945391283,0.34471577561294553,588.8312109546968,414.2195690427133,243905.4104405535,12.055573582167879,-0.504583237093079,0.6197369461704785,0.05757685453869973,0.5621600916317787,7
2018,1425,expensive_reject,0,Dist_watering_can_metal_01,False,False,,0,{},0.16881220041443534,1,4.171431680970784,0.5969988217833364,6,6,1.8207330038101608,near-pallet,indoor,50303.28683906501,indoor,left,left,False,0,0.5443,0.943683214384258,1.0414694703987946,True,0.191,0.197,0.452,0.452,0.197,0.191,0.08904400000000001,0.07929706648324475,8491.80853938107,0.16881220041443534,191.09279648013114,83.28601970483592,15915.358413096403,1.8742012775356804,-0.008761976196888788,0.17714361703681003,0.08419082041996062,0.09295279661684941,3
2018,1425,expensive_reject,1,Dist_Shelf_01,False,False,feedback|prealign|prealign-primary|preprobe|primary|refine|rescue,12,"{""candidate_budget_exhausted"": 4, ""score_callback"": 8, ""support"": 4}",0.16881220041443534,1,4.171431680970784,0.5969988217833364,6,6,1.8207330038101608,near-pallet,indoor,50303.28683906501,indoor,left,left,False,1,0.9679,1.02212965057932,1.4000057448940975,True,1.003,2.08,0.257,2.08,1.003,0.257,2.0862399999999997,2.1795972008952607,8491.80853938107,0.16881220041443534,944.8476261675785,455.61642742600054,430488.09989640943,50.69451317702292,-1.0212543930283815,1.1047752801766044,0.041760443574111364,1.063014836602493,4
2018,1425,expensive_reject,2,Dist_water_dispenser_01,False,False,feedback|prealign|prealign-primary|preprobe|primary|refine|rescue,12,"{""candidate_budget_exhausted"": 4, ""score_callback"": 12}",0.16881220041443534,1,4.171431680970784,0.5969988217833364,6,6,1.8207330038101608,near-pallet,indoor,50303.28683906501,indoor,left,left,False,562,0.9812,0.820983240183767,1.2988963264950257,True,0.325,1.1,0.414,1.1,0.414,0.325,0.4554,0.3069457390937648,8491.80853938107,0.16881220041443534,435.5502679003741,163.92528264614072,71397.70077217113,8.407832140946383,-0.39781471320389866,0.5052668509982451,0.053726068897173226,0.45154078210107185,5
2018,1425,expensive_reject,3,Dist_wooden_bookshelf_worn,False,False,,0,{},0.16881220041443534,1,4.171431680970784,0.5969988217833364,6,6,1.8207330038101608,near-pallet,indoor,50303.28683906501,indoor,left,left,False,14,0.6379,1.048048673442671,1.3528989350986458,True,1.374,2.063,0.581,2.063,1.374,0.581,2.8345620000000005,3.113499970262918,8491.80853938107,0.16881220041443534,807.2325286961755,537.6332983172781,433995.0869119217,51.10749787860309,-1.033726986319345,1.1283974269928856,0.047335220336770394,1.0810622066561153,14
2018,1425,expensive_reject,4,Dist_forklift_01,False,False,,0,{},0.16881220041443534,1,4.171431680970784,0.5969988217833364,6,6,1.8207330038101608,near-pallet,indoor,50303.28683906501,large,left,left,False,37,0.5646,1.0074846773147932,1.5396776559815897,True,0.83,1.539,2.5,2.5,1.539,0.83,3.8474999999999997,3.9053101304051974,8491.80853938107,0.16881220041443534,777.3670268953725,478.54714175679123,372006.7688167552,43.807719768004695,-0.7500282547616433,0.8004906636258233,0.02523120443209009,0.7752594591937333,4
2018,1425,expensive_reject,5,Dist_chinese_screen_panels,False,False,feedback|prealign|prealign-primary|preprobe|primary|refine|rescue,12,"{""candidate_budget_exhausted"": 4, ""score_callback"": 6, ""support"": 6}",0.16881220041443534,1,4.171431680970784,0.5969988217833364,6,6,1.8207330038101608,near-pallet,indoor,50303.28683906501,large,left,left,False,44,0.921,0.9179951850512401,1.3961949274976482,True,1.294,1.603,0.377,1.603,1.294,0.377,2.074282,1.7480288870530958,8491.80853938107,0.16881220041443534,639.6828573371997,516.3753071705157,330316.4319492097,38.89824298526695,-0.6935617124216535,0.7779845692154843,0.042211428396915336,0.7357731408185689,6
2019,1425,expensive_reject,0,Dist_concrete_road_barrier,False,False,prealign-rescue|preprobe|primary|refine|rescue,12,"{""camera_clearance"": 5, ""candidate_budget_exhausted"": 2, ""collision"": 5, ""score_callback"": 2}",0.2707626431594892,2,13.736149124170577,0.7544250094243147,5,4,1.3803914025459885,near-camera,random-mix,180493.37670063996,road,left,left,False,0,0.7231,0.9148202691283519,0.9444042285574326,True,1.545,0.831,0.639,1.545,0.831,0.639,1.2838949999999998,1.0744867501604571,48870.863748246644,0.2707626431594892,771.1007606422226,414.74739941338964,319812.0351620484,6.544022565460026,-0.3400787895418334,0.420136854103827,0.040029032280996815,0.3801078218228302,15
2019,1425,expensive_reject,1,Dist_construction_sign_01,False,False,,0,{},0.2707626431594892,2,13.736149124170577,0.7544250094243147,5,4,1.3803914025459885,near-camera,random-mix,180493.37670063996,road,left,left,False,58,0.4797,0.9762361841553462,0.9601648385094768,True,1.068,1.2,0.059,1.2,1.068,0.059,1.2816,1.2214123310249714,48870.863748246644,0.2707626431594892,512.0128016198555,455.69139344167155,233319.8270301261,4.774211240301579,-0.5517663404919498,0.6197170804944655,0.0339753700012578,0.5857417104932077,11
2019,1425,expensive_reject,2,Dist_chinese_screen_panels,False,False,prealign|prealign-primary|preprobe|primary|refine|rescue,12,"{""candidate_budget_exhausted"": 3, ""score_callback"": 6, ""support"": 6}",0.2707626431594892,2,13.736149124170577,0.7544250094243147,5,4,1.3803914025459885,near-camera,random-mix,180493.37670063996,large,left,left,False,263,0.921,0.9551833469998544,0.9660830088746293,True,1.294,1.603,0.377,1.603,1.294,0.377,2.074282,1.892523509338082,48870.863748246644,0.2707626431594892,921.5974135027207,743.9470075312043,685619.637923847,14.029210563082081,-0.7338772563613605,0.7972816488794061,0.03170219625902287,0.7655794526203833,1
2019,1425,expensive_reject,3,Dist_utility_box_01,False,False,prealign|prealign-primary|preprobe|primary|refine|rescue,12,"{""candidate_budget_exhausted"": 3, ""score_callback"": 5, ""support"": 7}",0.2707626431594892,2,13.736149124170577,0.7544250094243147,5,4,1.3803914025459885,near-camera,random-mix,180493.37670063996,road,left,left,False,80,0.9166,1.1999472360004828,0.8875631156662102,True,0.52,1.12,0.432,1.12,0.52,0.432,0.5824,0.8385822502134596,48870.863748246644,0.2707626431594892,878.367916656738,407.8136755906283,358210.448612667,7.3297343476054,-0.6101087051496414,0.7338321991708994,0.06186174701062892,0.6719704521602704,7
2019,1425,expensive_reject,4,Dist_water_dispenser_01,False,False,,0,{},0.2707626431594892,2,13.736149124170577,0.7544250094243147,5,4,1.3803914025459885,near-camera,random-mix,180493.37670063996,indoor,left,left,False,32,0.9812,1.001978194171793,0.9288391650160065,True,0.325,1.1,0.414,1.1,0.414,0.325,0.4554,0.4572035213467123,48870.863748246644,0.2707626431594892,712.1882713575569,268.0417675836623,190896.2031070325,3.9061352402203315,-0.5050804217589209,0.5970955918300513,0.04600758503556527,0.5510880067944861,9
2019,1425,expensive_reject,5,Dist_portable_welding_cart,False,False,,0,{},0.2707626431594892,2,13.736149124170577,0.7544250094243147,5,4,1.3803914025459885,near-camera,random-mix,180493.37670063996,large,left,left,False,25,0.5805,0.9666321451498641,0.9583496936753627,True,0.838,1.563,0.655,1.563,0.838,0.655,1.309794,1.2238423104814748,48870.863748246644,0.2707626431594892,727.784708901726,390.20063087629336,283982.052555573,5.810866245754895,-0.7207504529208685,0.7900955899483689,0.03467256851375026,0.7554230214346187,22
2020,1425,expensive_reject,0,Dist_bollard_01,False,False,feedback|prealign|prealign-primary|preprobe|primary|refine|rescue,12,"{""candidate_budget_exhausted"": 4, ""score_callback"": 12}",0.18484479272280072,1,12.306394679241016,0.16944521865383722,4,4,5.893263086481139,near-pallet,outdoor-day,9313.017435225007,road,right,right,False,0,0.691,0.9874423197912623,3.3849530853797356,True,0.196,1.0,0.196,1.0,0.196,0.196,0.196,0.1911082976432909,1721.4627774379956,0.18484479272280072,158.49773677849691,31.065556408585394,4923.820382525516,2.8602537603824922,-0.015018733351438718,0.9724235864398236,0.4787024265441924,0.49372115989563115,1
2020,1425,expensive_reject,1,Dist_construction_sign_01,False,False,,0,{},0.18484479272280072,1,12.306394679241016,0.16944521865383722,4,4,5.893263086481139,near-pallet,outdoor-day,9313.017435225007,road,right,right,False,84,0.4797,0.9909085416665683,4.150615518137433,True,1.068,1.2,0.059,1.2,1.068,0.059,1.2816,1.258402704153856,1721.4627774379956,0.18484479272280072,129.69168446032063,115.42559916968538,14969.740386158284,8.69594195259762,-0.3086485165926522,0.8804417334072296,0.28589660840728875,0.5945451249999409,2
2020,1425,expensive_reject,2,Dist_chinese_screen_panels,False,False,feedback|prealign|prealign-primary|preprobe|primary|refine|rescue,12,"{""candidate_budget_exhausted"": 4, ""score_callback"": 12}",0.18484479272280072,1,12.306394679241016,0.16944521865383722,4,4,5.893263086481139,near-pallet,outdoor-day,9313.017435225007,large,right,right,False,16,0.921,1.0289315903020648,3.926036552914758,True,1.294,1.603,0.377,1.603,1.294,0.377,2.074282,2.1960428046010074,1721.4627774379956,0.18484479272280072,263.5241729365663,212.72631302552512,56058.525701896615,32.56447158580271,-0.4822395528642184,1.1671377863899917,0.3424491167628866,0.824688669627105,2
2020,1425,expensive_reject,3,Dist_utility_box_01,False,False,feedback|prealign|prealign-primary|preprobe|primary|refine|rescue,12,"{""candidate_budget_exhausted"": 4, ""score_callback"": 12}",0.18484479272280072,1,12.306394679241016,0.16944521865383722,4,4,5.893263086481139,near-pallet,outdoor-day,9313.017435225007,road,right,right,False,83,0.9166,0.8792484881190582,4.581016079900767,True,0.52,1.12,0.432,1.12,0.52,0.432,0.5824,0.45024057120785993,1721.4627774379956,0.18484479272280072,134.51871878262241,62.45511943478897,8401.382647783474,4.880374271168973,-0.31486416180737986,0.6698941448859654,0.17751499153929276,0.49237915334667265,1
2020,1425,expensive_reject,4,Dist_street_lamp_01,False,False,,0,{},0.18484479272280072,1,12.306394679241016,0.16944521865383722,4,4,5.893263086481139,near-pallet,outdoor-day,9313.017435225007,road,right,right,False,51,0.2753,0.8153095882354714,3.357344250480653,True,0.704,3.871,0.386,3.871,0.704,0.386,2.725184,1.81151080999153,1721.4627774379956,0.18484479272280072,322.38728979796724,58.63101317948048,18901.89343704161,10.980134850881159,-1.0923769435194015,2.063686472540108,0.48565476451035317,1.5780317080297548,1
2020,1425,expensive_reject,5,Dist_modular_chainlink_fence,False,False,,0,{},0.18484479272280072,1,12.306394679241016,0.16944521865383722,4,4,5.893263086481139,near-pallet,outdoor-day,9313.017435225007,road,right,right,False,6,0.5685,1.1191577857887314,5.018015602835612,True,8.115,2.523,2.149,8.115,2.523,2.149,20.474145,25.64415631124138,1721.4627774379956,0.18484479272280072,891.9449085816136,277.31078303775865,247345.94102530932,143.68358367494145,-1.3443458940991504,1.479289199445819,0.06747165267333442,1.4118175467724847,1
2021,1425,expensive_reject,0,Dist_Tetris_Link_Game,False,False,,0,{},0.40162845451433193,3,27.511962465709683,0.3661140470980355,5,5,2.8159217626070587,near-camera,indoor,40808.166640275005,small,center,center,False,0,0.9598,0.817677476190902,1.1022187275285085,True,0.323,0.092,0.267,0.323,0.267,0.092,0.08624100000000001,0.05766042688168525,16389.720899296968,0.40162845451433193,140.8093226941188,116.3965608647979,16389.720899296968,1.0,0.7843707101605049,0.8595970379700679,0.8219838740652864,0.03761316390478153,1
2021,1425,expensive_reject,1,Dist_metal_stool_01,False,False,,0,{},0.40162845451433193,3,27.511962465709683,0.3661140470980355,5,5,2.8159217626070587,near-camera,indoor,40808.166640275005,medium,center,center,False,141,0.2529,0.8564016756423021,1.1297567313747994,True,0.352,0.883,0.355,0.883,0.355,0.352,0.313465,0.22990270088441103,16389.720899296968,0.40162845451433193,201.90726887053464,81.17449654477895,16389.720899296968,1.0,0.4300466698844389,1.1862493494765916,0.8081480096805153,0.3781013397960763,4
2021,1425,expensive_reject,2,Dist_propane_tank,False,False,feedback|prealign-primary|preprobe|primary|refine|rescue,12,"{""candidate_budget_exhausted"": 3, ""collision"": 2, ""score_callback"": 1, ""support"": 9}",0.40162845451433193,3,27.511962465709683,0.3661140470980355,5,5,2.8159217626070587,near-camera,indoor,40808.166640275005,medium,center,center,False,102,0.8678,0.9493713431425077,1.7904172783686425,True,0.337,0.554,0.337,0.554,0.337,0.337,0.18669800000000003,0.1682720177266507,16389.720899296968,0.40162845451433193,164.1442639912165,99.84948910657032,16389.72089929697,1.0000000000000002,0.21323778580785213,0.7391895099088015,0.4762136478583268,0.2629758620504747,2
2021,1425,expensive_reject,3,Dist_metal_jerrycan,False,False,feedback|prealign-rescue|preprobe|primary|refine|rescue,12,"{""candidate_budget_exhausted"": 3, ""score_callback"": 2, ""support"": 10}",0.40162845451433193,3,27.511962465709683,0.3661140470980355,5,5,2.8159217626070587,near-camera,indoor,40808.166640275005,small,center,center,False,20,0.9464,1.0370466773666247,1.8863135176462194,True,0.35,0.455,0.172,0.455,0.35,0.172,0.15925,0.17126793040766713,16389.720899296968,0.40162845451433193,145.967931988797,112.28302460676689,16389.720899296968,1.0,0.1921045723939894,0.6639608105958037,0.42803269149489653,0.23592811910090716,6
2021,1425,expensive_reject,4,Dist_cardboard_box_01,False,False,preprobe|primary|refine|rescue,12,"{""candidate_budget_exhausted"": 1, ""collision"": 5, ""support"": 7}",0.40162845451433193,3,27.511962465709683,0.3661140470980355,5,5,2.8159217626070587,near-camera,indoor,40808.166640275005,small,center,center,False,231,0.9175,0.9732166406275007,1.9517823314318548,True,0.387,0.342,0.516,0.516,0.387,0.342,0.199692,0.18913840352494052,16389.720899296968,0.40162845451433193,147.82747105684595,110.87060329263447,16389.72089929697,1.0000000000000002,0.2287192803272716,0.5615593714218768,0.39513932587457423,0.1664200455473026,3
2021,1425,expensive_reject,5,Dist_korean_fire_extinguisher_01,False,False,,0,{},0.40162845451433193,3,27.511962465709683,0.3661140470980355,5,5,2.8159217626070587,near-camera,indoor,40808.166640275005,medium,center,center,False,215,0.5119,0.8521730494992332,1.404864976921024,True,0.28,0.659,0.367,0.659,0.367,0.28,0.241853,0.17563338408363804,16389.720899296968,0.40162845451433193,171.5518691085889,95.53799083892582,16389.720899296968,1.0,0.3891349023962087,0.9507169420162034,0.6699259222062061,0.2807910198099973,1
2025,1425,expensive_reject,0,Dist_wooden_crate_01,False,False,prealign|prealign-primary|preprobe|primary|refine|rescue,12,"{""candidate_budget_exhausted"": 3, ""score_callback"": 5, ""support"": 7}",0.22064105255058944,2,0.5942519021601562,0.6625655326295625,4,4,1.0864407373231908,near-pallet,outdoor-night,155946.18263733,small,left,left,False,0,0.9288,0.9957452709699535,0.9297895731097552,True,0.825,0.35,0.409,0.825,0.409,0.35,0.337425,0.33455980442407185,34408.12987834695,0.22064105255058944,356.61598237001334,176.79507489616418,63047.949312275676,1.8323561767287964,-0.1271384255626386,0.2213724192768451,0.04711699685710326,0.17425542241974185,1
2025,1425,expensive_reject,1,Dist_construction_sign_01,False,False,,0,{},0.22064105255058944,2,0.5942519021601562,0.6625655326295625,4,4,1.0864407373231908,near-pallet,outdoor-night,155946.18263733,road,left,left,False,2,0.4797,1.1098330808540733,0.9690073783691956,True,1.068,1.2,0.059,1.2,1.068,0.059,1.2816,1.5785844853660693,34408.12987834695,0.22064105255058944,398.67486620560214,354.82063092298597,141458.06756020876,4.111181516122688,-0.6204342100007028,0.7113654870241852,0.04546563851174125,0.665899848512444,1
2025,1425,expensive_reject,2,Dist_chinese_screen_panels,False,False,prealign|prealign-primary|preprobe|primary|refine|rescue,12,"{""candidate_budget_exhausted"": 3, ""score_callback"": 10, ""support"": 2}",0.22064105255058944,2,0.5942519021601562,0.6625655326295625,4,4,1.0864407373231908,near-pallet,outdoor-night,155946.18263733,large,left,left,False,348,0.921,0.8640113017410862,0.9082053893006714,True,1.294,1.603,0.377,1.603,1.294,0.377,2.074282,1.5484837256376702,34408.12987834695,0.22064105255058944,612.9440818956163,494.79079349527615,303279.08864936547,8.814169491967046,-0.644479208434894,0.7405309082560672,0.04802584991058661,0.6925050583454806,1
2025,1425,expensive_reject,3,Dist_utility_box_01,False,False,prealign|prealign-primary|preprobe|primary|refine|rescue,12,"{""candidate_budget_exhausted"": 3, ""score_callback"": 6, ""support"": 6}",0.22064105255058944,2,0.5942519021601562,0.6625655326295625,4,4,1.0864407373231908,near-pallet,outdoor-night,155946.18263733,road,left,left,False,19,0.9166,1.198711631771968,0.9216415591609513,True,0.52,1.12,0.432,1.12,0.52,0.432,0.5824,0.8368561371470893,34408.12987834695,0.22064105255058944,584.0940588546578,271.18652732537686,158398.43945217892,4.603517831751128,-0.6238184255576097,0.7187386020269945,0.04746008823469238,0.6712785137923021,5
2025,1425,expensive_reject,4,Dist_portable_welding_cart,False,False,,0,{},0.22064105255058944,2,0.5942519021601562,0.6625655326295625,4,4,1.0864407373231908,near-pallet,outdoor-night,155946.18263733,large,left,left,False,52,0.5805,0.933872052350829,0.9430215224016539,True,0.838,1.563,0.655,1.563,0.838,0.655,1.309794,1.1422936272080604,34408.12987834695,0.22064105255058944,493.9102443632534,264.8092033118403,130791.9783173895,3.801194042797919,-0.6832611745414462,0.7763808432828995,0.04655983437072664,0.7298210089121728,7
2025,1425,expensive_reject,5,Dist_concrete_road_barrier_02,False,False,,0,{},0.22064105255058944,2,0.5942519021601562,0.6625655326295625,4,4,1.0864407373231908,near-pallet,outdoor-night,155946.18263733,road,left,left,False,97,0.7784,0.9417842171654485,0.9574824779872074,True,1.565,1.112,0.442,1.565,1.112,0.442,1.74028,1.5435544184646464,34408.12987834695,0.22064105255058944,568.798573559533,404.1559193598727,229883.31042753725,6.681075409803162,-0.47768110307325035,0.5695829464147284,0.04595092167073905,0.5236320247439894,1
2026,1425,expensive_reject,0,Dist_cargo_truck_01,False,False,,0,{},0.4263068655676617,3,31.757473457722657,0.05676412568763907,7,8,8.176131123228862,near-camera,outdoor-day,2483.755898870004,large,right,bottom,True,7,0.4835,0.8329877547393424,4.350038089496958,True,2.321,2.038,6.5,6.5,2.321,2.038,15.086500000000001,10.468048627046066,1058.8421920824615,0.4263068655676617,350.55607844541294,125.17548585720054,43881.02743959947,41.44246212298845,0.34188682352639577,2.0395158676851755,1.1907013456057856,0.8488145220793899,1
2026,1425,expensive_reject,1,Dist_construction_sign_01,False,False,,0,{},0.4263068655676617,3,31.757473457722657,0.05676412568763907,7,8,8.176131123228862,near-camera,outdoor-day,2483.755898870004,road,right,bottom,True,83,0.4797,0.9173316312619495,4.658352068754786,True,1.068,1.2,0.059,1.2,1.068,0.059,1.2816,1.0784629675082897,1058.8421920824615,0.4263068655676617,66.29190730594071,58.99979750228724,3911.2091070908978,3.6938546049044265,0.8042911233069425,1.905089080821282,1.3546901020641122,0.5503989787571697,1
2026,1425,expensive_reject,2,Dist_chinese_screen_panels,False,False,feedback|gate-overlap-refine|prealign|preprobe|primary|refine|rescue,12,"{""candidate_budget_exhausted"": 5, ""score_callback"": 12}",0.4263068655676617,3,31.757473457722657,0.05676412568763907,7,8,8.176131123228862,near-camera,outdoor-day,2483.755898870004,large,right,bottom,True,207,0.921,0.9862102568327485,4.207127878627107,True,1.294,1.603,0.377,1.603,1.294,0.377,2.074282,2.0174688072038407,1058.8421920824615,0.4263068655676617,146.06544568203273,117.90934916565834,17222.4816359603,16.265390409205597,0.5406606706033447,2.1215557123062405,1.3311081914547926,0.7904475208514479,1
2026,1425,expensive_reject,3,Dist_utility_box_01,False,False,feedback|gate-overlap-refine|prealign|preprobe|primary|refine|rescue,12,"{""candidate_budget_exhausted"": 5, ""score_callback"": 12}",0.4263068655676617,3,31.757473457722657,0.05676412568763907,7,8,8.176131123228862,near-camera,outdoor-day,2483.755898870004,road,right,bottom,True,17,0.9166,1.197682127799981,4.699811922006121,True,0.52,1.12,0.432,1.12,0.52,0.432,0.5824,0.8354192999160678,1058.8421920824615,0.4263068655676617,110.68006055768879,51.387170973212655,5687.535195203484,5.371466341001781,0.6685252886439942,2.009929271779973,1.3392272802119836,0.6707019915679893,1
2026,1425,expensive_reject,4,Dist_street_lamp_01,False,False,,0,{},0.4263068655676617,3,31.757473457722657,0.05676412568763907,7,8,8.176131123228862,near-camera,outdoor-day,2483.755898870004,road,right,bottom,True,37,0.2753,1.0653101900667583,3.997618542191006,True,0.704,3.871,0.386,3.871,0.704,0.386,2.725184,3.0927726268760933,1058.8421920824615,0.4263068655676617,219.230692677839,39.87042305481752,8740.820463666127,8.255073824056117,-0.21487125610284608,3.9089444896455756,1.8470366167713648,2.061907872874211,1
2026,1425,expensive_reject,5,Dist_delivery_van_01,False,False,feedback|prealign|prealign-primary|preprobe|primary|refine|rescue,12,"{""candidate_budget_exhausted"": 4, ""collision"": 1, ""score_callback"": 11}",0.4263068655676617,3,31.757473457722657,0.05676412568763907,7,8,8.176131123228862,near-camera,outdoor-day,2483.755898870004,large,right,bottom,True,81,0.8028,1.069253209994954,4.155554986020244,True,2.476,2.34,5.0,5.0,2.476,2.34,12.379999999999999,14.154084047306275,1058.8421920824615,0.4263068655676617,466.90181735842316,231.20977995589115,107952.2664524467,101.95312130519964,-0.4321895982760796,2.069862913112113,0.8188366574180167,1.2510262556940963,1
2027,1425,accepted,0,Dist_old_military_compressor,False,False,,0,{},0.12810634395895862,1,44.15407132560283,0.375931670034416,7,7,2.770189052653269,near-pallet,random-mix,54066.83481903,large,bottom,bottom,False,0,0.4993,0.8334010251781989,2.019283495398624,True,0.598,1.179,1.676,1.676,1.179,0.598,1.976004,1.3724479413147874,6926.304538098858,0.12810634395895862,296.15368685772773,208.3324563277214,61698.42503358124,8.907841792719717,-0.5213764734483742,0.46120333523672236,-0.030086569105825925,0.49128990434254827,3
2027,1425,accepted,1,Dist_construction_sign_01,False,False,,0,{},0.12810634395895862,1,44.15407132560283,0.375931670034416,7,7,2.770189052653269,near-pallet,random-mix,54066.83481903,road,bottom,bottom,False,30,0.4797,0.9369684026907219,1.9858683123711152,True,1.068,1.2,0.059,1.2,1.068,0.059,1.2816,1.125129183840453,6926.304538098858,0.12810634395895862,237.59987959779576,211.46389284203823,50243.79547854947,7.2540552039227055,-0.5484889414051595,0.5758731418237069,0.013692100209273684,0.5621810416144332,4
2027,1425,accepted,2,Dist_Shelf_01,False,False,feedback|prealign|prealign-primary|preprobe|primary|refine|rescue,12,"{""camera_clearance"": 7, ""candidate_budget_exhausted"": 4, ""score_callback"": 5}",0.12810634395895862,1,44.15407132560283,0.375931670034416,7,7,2.770189052653269,near-pallet,random-mix,54066.83481903,indoor,bottom,bottom,False,323,0.9679,0.9103313575533007,1.614078331792763,True,1.003,2.08,0.257,2.08,1.003,0.257,2.0862399999999997,1.7288737233798572,6926.304538098858,0.12810634395895862,699.2928485584413,337.2070803385175,235806.49976399707,34.04506666822386,-0.702672077456161,1.1908171462547046,0.2440725343992718,0.9467446118554328,3
2027,1425,accepted,3,Dist_utility_box_01,False,False,,0,{},0.12810634395895862,1,44.15407132560283,0.375931670034416,7,7,2.770189052653269,near-pallet,random-mix,54066.83481903,road,bottom,bottom,False,62,0.9166,1.1966099863237059,1.9331065969515153,True,0.52,1.12,0.432,1.12,0.52,0.432,0.5824,0.8339242675368663,6926.304538098858,0.12810634395895862,402.1706570428867,186.72209076991166,75094.1459293569,10.841877586567808,-0.5976735319109319,0.7425296527716188,0.07242806043034342,0.6701015923412753,2
2027,1425,accepted,4,Dist_water_dispenser_01,True,True,gate-overlap-refine|preprobe,12,"{""score_callback"": 9}",0.12810634395895862,1,44.15407132560283,0.375931670034416,7,7,2.770189052653269,near-pallet,random-mix,54066.83481903,indoor,bottom,bottom,False,19,0.9812,1.0137246446533208,1.5686910578073472,True,0.325,1.1,0.414,1.1,0.414,0.325,0.4554,0.4679861881678342,6926.304538098858,0.12810634395895862,426.6381134724975,160.57107179783083,68505.7391500835,9.890662296649037,-0.09599657938602363,1.0191005297326294,0.4615519751733029,0.5575485545593265,3
2027,1425,accepted,5,Dist_ladder_sectioned_01,False,False,,0,{},0.12810634395895862,1,44.15407132560283,0.375931670034416,7,7,2.770189052653269,near-pallet,random-mix,54066.83481903,large,bottom,bottom,False,58,0.4479,0.8336439085918261,1.7740822691990275,True,0.662,2.135,0.178,2.135,0.662,0.178,1.41337,0.982238677029022,6926.304538098858,0.12810634395895862,406.81864393254324,126.14236172521952,51317.06453950215,7.409010715198459,-0.593381359427392,1.1864483854161567,0.2965335129943824,0.8899148724217744,1
2029,1426,accepted,0,Dist_covered_car,False,False,,0,{},0.18455112780547356,1,64.50949991440208,0.18929626951955966,6,6,2.9543696620566275,near-pallet,random-mix,24395.663778115006,large,bottom,bottom,False,13,0.7299,1.0130517217932193,2.6059993290650376,True,1.789,1.411,4.38,4.38,1.789,1.411,7.835819999999999,8.041696697214638,4502.247263814264,0.18455112780547356,473.32265391967985,193.32744928363178,91506.2613704509,20.324574819759587,-1.626386809345291,-0.19697082989505843,-0.9116788196201747,0.7147079897251163,1
2029,1426,accepted,1,Dist_construction_sign_01,False,False,,0,{},0.18455112780547356,1,64.50949991440208,0.18929626951955966,6,6,2.9543696620566275,near-pallet,random-mix,24395.663778115006,road,bottom,bottom,False,458,0.4797,0.9752861954352426,2.651111689828575,True,1.068,1.2,0.059,1.2,1.068,0.059,1.2816,1.219036341709195,4502.247263814264,0.18455112780547356,99.48654225534854,88.54302260726021,8808.839160033474,1.9565427316336916,-1.1815388388793675,-0.011195404357076333,-0.5963671216182219,0.5851717172611456,5
2029,1426,accepted,2,Dist_water_dispenser_01,True,True,preprobe,1,{},0.18455112780547356,1,64.50949991440208,0.18929626951955966,6,6,2.9543696620566275,near-pallet,random-mix,24395.663778115006,indoor,bottom,bottom,False,634,0.9812,1.1564071274866836,1.6408211746487367,True,0.325,1.1,0.414,1.1,0.414,0.325,0.4554,0.6089961482262122,4502.247263814264,0.18455112780547356,249.87058979974643,94.0422037973591,23498.38092891407,5.219255974183534,-0.03400299539686069,1.2380448448384915,0.6020209247208154,0.6360239201176761,1
2029,1426,accepted,3,Dist_delivery_van_01,False,False,,0,{},0.18455112780547356,1,64.50949991440208,0.18929626951955966,6,6,2.9543696620566275,near-pallet,random-mix,24395.663778115006,large,bottom,bottom,False,152,0.8028,0.9814066769131211,2.658273669600396,True,2.476,2.34,5.0,5.0,2.476,2.34,12.379999999999999,11.92390923076193,4502.247263814264,0.18455112780547356,538.1671493574262,266.50037236179753,143421.74569664118,31.85559061790301,-2.324937681466783,-0.028446057490079335,-1.176691869478431,1.1482458119883518,4
2029,1426,accepted,4,Dist_forklift_01,False,False,,0,{},0.18455112780547356,1,64.50949991440208,0.18929626951955966,6,6,2.9543696620566275,near-pallet,random-mix,24395.663778115006,large,bottom,bottom,False,19,0.5646,0.9658399555446966,2.588065954539494,True,0.83,1.539,2.5,2.5,1.539,0.83,3.8474999999999997,3.589128138898022,4502.247263814264,0.18455112780547356,228.1048149221267,140.4213240660612,32030.78013720887,7.114398268315604,-1.4947878718934065,-0.008360180310118426,-0.7515740261017624,0.743213845791644,9
2029,1426,accepted,5,Dist_old_military_compressor,False,False,,0,{},0.18455112780547356,1,64.50949991440208,0.18929626951955966,6,6,2.9543696620566275,near-pallet,random-mix,24395.663778115006,large,bottom,bottom,False,16,0.4993,1.081468616225735,1.7653642751539584,True,0.598,1.179,1.676,1.676,1.179,0.598,1.976004,2.3110836292307346,4502.247263814264,0.18455112780547356,236.06334875518684,166.0612697985473,39200.97944718364,8.706980569959393,-0.32323761173481375,0.9518138867953279,0.31428813753025703,0.6375257492650708,3
2030,1427,expensive_reject,0,Dist_wooden_broom,False,False,feedback|prealign-primary|preprobe|primary|refine|rescue,12,"{""candidate_budget_exhausted"": 3, ""score_callback"": 6, ""support"": 6}",0.34448699696754137,2,21.895655943420575,0.4432042742068748,5,5,1.5664737571083747,near-camera,indoor,139505.10716265003,indoor,bottom,bottom,False,0,0.4043,1.1234898466905137,1.0794713708352506,True,0.49,1.454,0.113,1.454,0.49,0.113,0.71246,0.8992879836994555,48057.695428096355,0.34448699696754137,583.0152461514173,196.4769398997211,114549.05147871311,2.3835735454710005,-0.8429640667814592,0.7905901703065475,-0.026186948237455807,0.8167771185440034,1
2030,1427,expensive_reject,1,Dist_chinese_screen_panels,False,False,feedback|prealign|prealign-primary|preprobe|primary|refine|rescue,12,"{""camera_clearance"": 1, ""candidate_budget_exhausted"": 4, ""score_callback"": 10, ""support"": 1}",0.34448699696754137,2,21.895655943420575,0.4432042742068748,5,5,1.5664737571083747,near-camera,indoor,139505.10716265003,large,bottom,bottom,False,10,0.921,1.0194899656618726,1.023335344951653,True,1.294,1.603,0.377,1.603,1.294,0.377,2.074282,2.1559253040976047,48057.695428096355,0.34448699696754137,928.6112271273387,749.6088134140838,696095.1600899206,14.484572218645278,-1.1645413529881372,0.46970106196784445,-0.34742014551014644,0.8171212074779908,3
2030,1427,expensive_reject,2,Dist_ladder_sectioned_01,False,False,,0,{},0.34448699696754137,2,21.895655943420575,0.4432042742068748,5,5,1.5664737571083747,near-camera,indoor,139505.10716265003,large,bottom,bottom,False,341,0.4479,0.8022814430132618,1.0832883326960154,True,0.662,2.135,0.178,2.135,0.662,0.178,1.41337,0.9097233935443703,48057.695428096355,0.34448699696754137,641.1751814305119,198.80935368009318,127471.62341591655,2.6524705831272923,-0.896491463192276,0.8163794176410377,-0.04005602277561911,0.8564354404166569,3
2030,1427,expensive_reject,3,Dist_wooden_bookshelf_worn,False,False,,0,{},0.34448699696754137,2,21.895655943420575,0.4432042742068748,5,5,1.5664737571083747,near-camera,indoor,139505.10716265003,indoor,bottom,bottom,False,119,0.6379,0.8112096094253183,1.0458098682169121,True,1.374,2.063,0.581,2.063,1.374,0.581,2.8345620000000005,1.8653147905206506,48057.695428096355,0.34448699696754137,774.3931302859911,515.7615904086049,399402.23247780075,8.310890252225766,-1.0568120093389781,0.6167134149054535,-0.22004929721676234,0.8367627121222159,1
2030,1427,expensive_reject,4,Dist_painted_wooden_cabinet,False,False,feedback|prealign-primary|preprobe|primary|refine|rescue,12,"{""camera_clearance"": 11, ""candidate_budget_exhausted"": 3, ""score_callback"": 1}",0.34448699696754137,2,21.895655943420575,0.4432042742068748,5,5,1.5664737571083747,near-camera,indoor,139505.10716265003,indoor,bottom,bottom,False,126,0.9306,1.0151381943923496,1.0849467438789218,True,1.195,1.182,0.617,1.195,1.182,0.617,1.41249,1.4555787895657137,48057.695428096355,0.34448699696754137,653.5394201788895,646.4297863192029,422467.3477374153,8.790836597013032,-0.9395485588421983,0.2603447869295589,-0.33960188595631974,0.5999466728858787,5
2030,1427,expensive_reject,5,Dist_drawer_cabinet,False,False,,0,{},0.34448699696754137,2,21.895655943420575,0.4432042742068748,5,5,1.5664737571083747,near-camera,indoor,139505.10716265003,indoor,bottom,bottom,False,353,0.4759,0.8712848977284684,1.040672125279852,True,1.141,1.881,0.488,1.881,1.141,0.488,2.146221,1.629276571838268,48057.695428096355,0.34448699696754137,658.2616041333123,399.29637975338085,262841.4754610847,5.469290050629802,-0.9610934195131822,0.6777934731140669,-0.1416499731995576,0.8194434463136245,3
2032,1427,expensive_reject,0,Dist_industrial_storage_cart,False,False,,0,{},0.32600927257781576,2,3.1061234114759237,0.2880835942312097,6,6,2.671933361218405,near-camera,random-mix,11093.654504335005,medium,left,left,False,0,0.6134,1.1286406725477207,1.5404218562165315,True,1.603,1.377,1.103,1.603,1.377,1.103,2.207331,2.811763935030958,3616.6342351878643,0.32600927257781576,411.9579336916072,353.8777758536139,145782.7573200365,40.30895795368256,-0.6741695138903357,0.8799686922078757,0.10289958915876997,0.7770691030491057,1
2032,1427,expensive_reject,1,Dist_construction_sign_01,False,False,,0,{},0.32600927257781576,2,3.1061234114759237,0.2880835942312097,6,6,2.671933361218405,near-camera,random-mix,11093.654504335005,road,left,left,False,255,0.4797,0.8646467431216248,1.7670821682763598,True,1.068,1.2,0.059,1.2,1.068,0.059,1.2816,0.9581420900848917,3616.6342351878643,0.32600927257781576,182.12917022372363,162.09496149911405,29522.22083528007,8.162899235992702,-0.433086459115016,0.6044896326309338,0.08570158675795891,0.5187880458729749,6
2032,1427,expensive_reject,2,Dist_Shelf_01,False,False,feedback|gate-overlap-refine|prealign|preprobe|primary|refine|rescue,12,"{""candidate_budget_exhausted"": 5, ""score_callback"": 12}",0.32600927257781576,2,3.1061234114759237,0.2880835942312097,6,6,2.671933361218405,near-camera,random-mix,11093.654504335005,indoor,left,left,False,479,0.9679,1.0710391602856064,1.6606870485196574,True,1.003,2.08,0.257,2.08,1.003,0.257,2.0862399999999997,2.393177815628897,3616.6342351878643,0.32600927257781576,591.05455628446,285.01332690063134,168458.4254664104,46.578784171040155,-1.0201063392428151,1.2076551141512464,0.09377438745421564,1.1138807266970308,2
2032,1427,expensive_reject,3,Dist_water_dispenser_01,False,False,feedback|prealign|prealign-primary|preprobe|primary|refine|rescue,12,"{""candidate_budget_exhausted"": 4, ""score_callback"": 12}",0.32600927257781576,2,3.1061234114759237,0.2880835942312097,6,6,2.671933361218405,near-camera,random-mix,11093.654504335005,indoor,left,left,False,352,0.9812,1.0335809250592276,1.8018190012067534,True,0.325,1.1,0.414,1.1,0.414,0.325,0.4554,0.4864990513455199,3616.6342351878643,0.32600927257781576,279.9214739612433,105.35226383632248,29490.360978217177,8.154089979930005,-0.48540360239893693,0.6515354151662135,0.08306590638363827,0.5684695087825752,1
2032,1427,expensive_reject,4,Dist_utility_box_01,False,False,feedback|prealign|prealign-primary|preprobe|primary|refine|rescue,12,"{""candidate_budget_exhausted"": 4, ""score_callback"": 12}",0.32600927257781576,2,3.1061234114759237,0.2880835942312097,6,6,2.671933361218405,near-camera,random-mix,11093.654504335005,road,left,left,False,30,0.9166,0.8458962522951118,1.427425240262592,True,0.52,1.12,0.432,1.12,0.52,0.432,0.5824,0.4167307695223636,3616.6342351878643,0.32600927257781576,284.5791751660885,132.12604561282677,37600.32107845523,10.396495369264816,-0.36222861850188304,0.5851751840686422,0.11147328278337959,0.4737019012852626,1
2032,1427,expensive_reject,5,Dist_street_lamp_01,False,False,,0,{},0.32600927257781576,2,3.1061234114759237,0.2880835942312097,6,6,2.671933361218405,near-camera,random-mix,11093.654504335005,road,left,left,False,17,0.2753,0.8306789190357918,1.8477296614208614,True,0.704,3.871,0.386,3.871,0.704,0.386,2.725184,1.8804518113493767,3616.6342351878643,0.32600927257781576,408.93329670232686,74.37071580429816,30412.661991963487,8.409106371903743,-1.5281966433845655,1.6873614522029845,0.07958240440920952,1.607779047793775,4
2035,1427,expensive_reject,0,Dist_WetFloorSign_01,False,False,,0,{},0.10782892739096128,1,12.841509332274738,0.5024682982538206,5,6,1.079158328145299,near-pallet,outdoor-day,195136.69957160004,road,left,left,False,0,0.5897,1.0186209125639842,0.6679506975539184,True,0.3,0.63,0.359,0.63,0.359,0.3,0.22616999999999998,0.23467140540966372,21041.381009417884,0.10782892739096127,349.13764218695775,198.9530373732029,69461.99437441374,3.3012089056000335,-0.25324539173850835,0.3884857831768017,0.06762019571914665,0.32086558745765503,2
2035,1427,expensive_reject,1,Dist_construction_sign_01,False,False,prealign|prealign-primary|preprobe|primary|refine|rescue,12,"{""candidate_budget_exhausted"": 3, ""score_callback"": 12}",0.10782892739096128,1,12.841509332274738,0.5024682982538206,5,6,1.079158328145299,near-pallet,outdoor-day,195136.69957160004,road,left,left,False,170,0.4797,0.8672741062205492,0.7737384995115772,True,1.068,1.2,0.059,1.2,1.068,0.059,1.2816,0.9639738634109483,21041.381009417884,0.10782892739096127,440.8599625078349,392.36536663197313,172978.18082274456,8.22085683184585,-0.4918994200430148,0.5488295074216442,0.02846504368931466,0.5203644637323295,3
2035,1427,expensive_reject,2,Dist_chinese_screen_panels,False,False,feedback|prealign|prealign-primary|preprobe|primary|refine|rescue,12,"{""candidate_budget_exhausted"": 4, ""score_callback"": 12}",0.10782892739096128,1,12.841509332274738,0.5024682982538206,5,6,1.079158328145299,near-pallet,outdoor-day,195136.69957160004,large,left,left,False,113,0.921,0.8359577335999167,0.877350906112424,True,1.294,1.603,0.377,1.603,1.294,0.377,2.074282,1.4495608080697935,21041.381009417884,0.10782892739096127,693.6600922564573,559.9476976792612,388413.3716309872,18.459499947134542,-0.6799050545287176,0.6601351924319488,-0.009884931048384355,0.6700201234803332,3
2035,1427,expensive_reject,3,Dist_utility_box_01,False,False,prealign|prealign-primary|preprobe|primary|refine|rescue,12,"{""candidate_budget_exhausted"": 3, ""score_callback"": 6, ""support"": 6}",0.10782892739096128,1,12.841509332274738,0.5024682982538206,5,6,1.079158328145299,near-pallet,outdoor-day,195136.69957160004,road,left,left,False,76,0.9166,0.8121058838212325,0.7431810594268957,True,0.52,1.12,0.432,1.12,0.52,0.432,0.5824,0.3841020989111868,21041.381009417884,0.10782892739096127,554.4959192194864,257.444533923333,142751.94348585076,6.784342882340118,-0.41500405111391825,0.4945545387658622,0.039775243825971966,0.4547792949398902,2
2035,1427,expensive_reject,4,Dist_portable_welding_cart,False,False,,0,{},0.10782892739096128,1,12.841509332274738,0.5024682982538206,5,6,1.079158328145299,near-pallet,outdoor-day,195136.69957160004,large,left,left,False,32,0.5805,0.9763138384036653,0.9653851285487104,True,0.838,1.563,0.655,1.563,0.838,0.655,1.309794,1.2484808546121546,21041.381009417884,0.10782892739096127,569.9297293576722,305.5669310311768,174151.67830325308,8.276627766271842,-0.8054582300212495,0.7205202994036793,-0.042468965308785106,0.7629892647124644,2
2035,1427,expensive_reject,5,Dist_industrial_storage_cart,False,False,,0,{},0.10782892739096128,1,12.841509332274738,0.5024682982538206,5,6,1.079158328145299,near-pallet,outdoor-day,195136.69957160004,medium,left,left,False,48,0.6134,0.9405628656440143,0.9546098845715044,True,1.603,1.377,1.103,1.603,1.377,1.103,2.207331,1.9527341407971548,21041.381009417884,0.10782892739096127,585.3824399627522,502.85191505222076,294360.6809732116,13.989608421683876,-0.6860582661240553,0.6090967998677523,-0.03848073312815147,0.6475775329959038,2
2038,1427,accepted,0,Dist_traffic_barricade_01,False,False,,0,{},0.43641655826213444,3,24.596583853710438,0.17788008290890048,6,6,5.336162689173387,near-pallet,random-mix,10016.120073405007,road,left,left,False,0,0.4959,0.8165200228798561,3.903983568670415,True,0.868,1.2,0.448,1.2,0.868,0.448,1.0415999999999999,0.6944398735906915,4371.2006495756905,0.43641655826213444,97.60697018761891,70.60237510237768,6891.283921792866,1.5765196965876636,0.008109237352998677,0.9879332648088259,0.49802125108091233,0.4899120137279136,3
2038,1427,accepted,1,Dist_construction_sign_01,False,False,,0,{},0.43641655826213444,3,24.596583853710438,0.17788008290890048,6,6,5.336162689173387,near-pallet,random-mix,10016.120073405007,road,left,left,False,284,0.4797,0.9633492734585392,4.186449629967597,True,1.068,1.2,0.059,1.2,1.068,0.059,1.2816,1.189378399937839,4371.2006495756905,0.43641655826213444,105.62036965123099,94.00212898959556,9928.53961188378,2.271352977779123,-0.21008181002169585,0.9459373181285511,0.36792775405342765,0.5780095640751235,18
2038,1427,accepted,2,Dist_chinese_screen_panels,True,True,gate-overlap-refine|preprobe,12,"{""score_callback"": 11}",0.43641655826213444,3,24.596583853710438,0.17788008290890048,6,6,5.336162689173387,near-pallet,random-mix,10016.120073405007,large,left,left,False,4,0.921,1.064668920273491,3.9364002734884074,True,1.294,1.603,0.377,1.603,1.294,0.377,2.074282,2.3512399455321322,4371.2006495756905,0.43641655826213444,229.78534878810254,185.49110501048332,42623.13826192446,9.750899507681456,-0.3702408325707318,1.336423446627674,0.48309130702847114,0.853332139599203,7
2038,1427,accepted,3,Dist_Shelf_01,False,False,feedback|prealign|prealign-primary|preprobe|primary|refine|rescue,12,"{""candidate_budget_exhausted"": 4, ""score_callback"": 12}",0.43641655826213444,3,24.596583853710438,0.17788008290890048,6,6,5.336162689173387,near-pallet,random-mix,10016.120073405007,indoor,left,left,False,108,0.9679,0.8457257714023366,3.5480465597867727,True,1.003,2.08,0.257,2.08,1.003,0.257,2.0862399999999997,1.4921875002430645,4371.2006495756905,0.43641655826213444,269.37823830593885,129.8972947215657,34991.50441280269,8.005009885830635,-0.21760203319434168,1.5415075713225184,0.6619527690640884,0.8795548022584301,1
2038,1427,accepted,4,Dist_utility_box_01,False,False,,0,{},0.43641655826213444,3,24.596583853710438,0.17788008290890048,6,6,5.336162689173387,near-pallet,random-mix,10016.120073405007,road,left,left,False,147,0.9166,1.1111884349652572,4.25020249606455,True,0.52,1.12,0.432,1.12,0.52,0.432,0.5824,0.7191124234115132,4371.2006495756905,0.43641655826213444,154.8209449121067,71.88115299490669,11128.708028043162,2.5459156236910374,-0.28369999895032383,0.9608310482107644,0.33856552463022027,0.6222655235805441,16
2038,1427,accepted,5,Dist_water_dispenser_01,False,False,,0,{},0.43641655826213444,3,24.596583853710438,0.17788008290890048,6,6,5.336162689173387,near-pallet,random-mix,10016.120073405007,indoor,left,left,False,77,0.9812,0.8981136767507871,3.1041472679686777,True,0.325,1.1,0.414,1.1,0.414,0.325,0.4554,0.36732936351744866,4371.2006495756905,0.43641655826213444,174.10214501299714,65.52571639580074,11408.167778022225,2.60984765801808,0.372433962798619,1.3603590072244849,0.866396485011552,0.4939625222129329,2
2041,1428,accepted,0,Dist_bollard_01,False,False,,0,{},0.1680657631755445,1,5.989534808073207,0.4184166097910239,4,4,1.659274150063216,near-camera,outdoor-night,72059.11756440999,road,right,right,False,0,0.691,0.9012454095969838,0.882356968172302,True,0.196,1.0,0.196,1.0,0.196,0.196,0.196,0.1591996845106485,12110.670587218849,0.1680657631755445,514.4502482599572,100.83224865895163,51873.1753552074,4.283262019359392,-0.3654399906031181,0.5358054189938657,0.08518271419537382,0.45062270479849187,5
2041,1428,accepted,1,Dist_construction_sign_01,False,False,,0,{},0.1680657631755445,1,5.989534808073207,0.4184166097910239,4,4,1.659274150063216,near-camera,outdoor-night,72059.11756440999,road,right,right,False,54,0.4797,1.1183196967547697,1.0027099382374827,True,1.068,1.2,0.059,1.2,1.068,0.059,1.2816,1.6028188708222302,12110.670587218849,0.1680657631755445,561.6456136709072,499.86459616710755,280746.75786663534,23.18176816426045,-0.6080363766998949,0.7339472594058287,0.0629554413529669,0.6709918180528618,3
2041,1428,accepted,2,Dist_chinese_screen_panels,True,True,gate-overlap-refine|preprobe,12,"{""score_callback"": 11}",0.1680657631755445,1,5.989534808073207,0.4184166097910239,4,4,1.659274150063216,near-camera,outdoor-night,72059.11756440999,large,right,right,False,43,0.921,1.088632185728585,1.1316249328162928,True,1.294,1.603,0.377,1.603,1.294,0.377,2.074282,2.458273158108,12110.670587218849,0.1680657631755445,896.7009122538971,723.8496447015239,649076.6367385157,53.59543322262658,-0.8333917976361105,0.9116855960868113,0.03914689922535041,0.8725386968614609,4
2041,1428,accepted,3,Dist_utility_box_01,False,False,feedback|gate-overlap-refine|prealign|preprobe|primary|refine|rescue,12,"{""candidate_budget_exhausted"": 5, ""score_callback"": 12}",0.1680657631755445,1,5.989534808073207,0.4184166097910239,4,4,1.659274150063216,near-camera,outdoor-night,72059.11756440999,road,right,right,False,301,0.9166,1.1238453990007273,1.017682057212319,True,0.52,1.12,0.432,1.12,0.52,0.432,0.5824,0.7355877872500126,12110.670587218849,0.1680657631755445,717.4770520319117,333.1143455862447,239001.89866075834,19.734819549380862,-0.5691630935201075,0.6895437533607072,0.06019032992029986,0.6293534234404073,6
2041,1428,accepted,4,Dist_steel_frame_shelves_03,False,False,,0,{},0.1680657631755445,1,5.989534808073207,0.4184166097910239,4,4,1.659274150063216,near-camera,outdoor-night,72059.11756440999,large,right,right,False,96,0.2394,0.8137329665950228,1.1592267453730098,True,2.351,2.312,0.721,2.351,2.312,0.721,5.435511999999999,3.599185914525973,12110.670587218849,0.1680657631755445,489.253377009215,481.13730652713946,235398.0520235208,19.437243406814414,-0.9066260244368212,0.9747245943308713,0.03404928494702511,0.9406753093838462,1
2041,1428,accepted,5,Dist_industrial_storage_cart,False,False,,0,{},0.1680657631755445,1,5.989534808073207,0.4184166097910239,4,4,1.659274150063216,near-camera,outdoor-night,72059.11756440999,medium,right,right,False,58,0.6134,1.120114661931058,1.131012137913858,True,1.603,1.377,1.103,1.603,1.377,1.103,2.207331,2.7694429723308467,12110.670587218849,0.1680657631755445,753.3663811415639,647.1525307747556,487542.96015638224,40.25730504724626,-0.7319388720753766,0.8104590174036903,0.03926007266415693,0.7711989447395334,6
2042,1429,expensive_reject,0,Dist_old_tyre,False,False,feedback|prealign|prealign-primary|preprobe|primary|refine|rescue,12,"{""candidate_budget_exhausted"": 4, ""score_callback"": 12}",0.3901445536565894,3,14.099056112276045,0.2180828538166466,6,6,3.9383828567842487,near-pallet,outdoor-night,13695.756163900005,medium,bottom,bottom,False,0,0.9677,1.1063121749000309,2.3010849028283147,True,0.6,0.6,0.165,0.6,0.6,0.165,0.36,0.4406135861995331,5343.3246755542505,0.3901445536565894,159.53131128318904,159.53131128318904,25450.23927973376,4.762996977550099,-0.31383905288436886,0.3499482520556496,0.018054599585640388,0.33189365247000924,1
2042,1429,expensive_reject,1,Dist_construction_sign_01,False,False,,0,{},0.3901445536565894,3,14.099056112276045,0.2180828538166466,6,6,3.9383828567842487,near-pallet,outdoor-night,13695.756163900005,road,bottom,bottom,False,74,0.4797,1.0988474753690411,2.4187355008813833,True,1.068,1.2,0.059,1.2,1.068,0.059,1.2816,1.547488136118492,5343.3246755542505,0.3901445536565894,212.2728282316034,188.92281712612706,40103.18070884499,7.505286154950931,-0.7898019890007189,0.5288149814421306,-0.13049350377929408,0.6593084852214247,3
2042,1429,expensive_reject,2,Dist_chinese_screen_panels,False,False,feedback|prealign-primary|preprobe|primary|refine|rescue,12,"{""camera_clearance"": 7, ""candidate_budget_exhausted"": 3, ""score_callback"": 5}",0.3901445536565894,3,14.099056112276045,0.2180828538166466,6,6,3.9383828567842487,near-pallet,outdoor-night,13695.756163900005,large,bottom,bottom,False,422,0.921,0.939735934607543,2.2726047628701482,True,1.294,1.603,0.377,1.603,1.294,0.377,2.074282,1.8318059571908412,5343.3246755542505,0.3901445536565894,357.6222443672141,288.6857044361666,103240.4295371921,19.321384307698505,-1.014209635300896,0.49218706787499533,-0.26101128371295035,0.7531983515879457,2
2042,1429,expensive_reject,3,Dist_utility_box_01,False,False,feedback|prealign|prealign-primary|preprobe|primary|refine|rescue,12,"{""candidate_budget_exhausted"": 4, ""score_callback"": 12}",0.3901445536565894,3,14.099056112276045,0.2180828538166466,6,6,3.9383828567842487,near-pallet,outdoor-night,13695.756163900005,road,bottom,bottom,False,10,0.9166,1.1382466016712065,2.5902259831143315,True,0.52,1.12,0.432,1.12,0.52,0.432,0.5824,0.7545605419882276,5343.3246755542505,0.3901445536565894,264.9024172124908,122.99040799151356,32580.456370902386,6.097412818644207,-0.7071893459900499,0.5676468478817015,-0.06977124905417423,0.6374180969358757,2
2042,1429,expensive_reject,4,Dist_street_lamp_01,False,False,,0,{},0.3901445536565894,3,14.099056112276045,0.2180828538166466,6,6,3.9383828567842487,near-pallet,outdoor-night,13695.756163900005,road,bottom,bottom,False,23,0.2753,0.9266385780872262,2.3426782287300836,True,0.704,3.871,0.386,3.871,0.704,0.386,2.725184,2.3400039165046915,5343.3246755542505,0.3901445536565894,451.65131361200264,82.13963440528283,37098.47377875564,6.942957059764948,-1.674743786354893,1.9122741494207594,0.11876518153293308,1.7935089678878262,2
2042,1429,expensive_reject,5,Dist_covered_car,False,False,,0,{},0.3901445536565894,3,14.099056112276045,0.2180828538166466,6,6,3.9383828567842487,near-pallet,outdoor-night,13695.756163900005,large,bottom,bottom,False,309,0.7299,1.1956541199450186,3.3516286711097547,True,1.789,1.411,4.38,4.38,1.789,1.411,7.835819999999999,11.202000311327751,5343.3246755542505,0.3901445536565894,750.4724008781358,306.5285673906358,230041.22990738592,43.05207784955053,-1.7714689217707411,-0.08440095852831975,-0.9279349401495304,0.8435339816212106,6
2044,1429,accepted,0,Dist_forklift_01,False,False,,0,{},0.2270880166705224,2,22.190332160467225,0.1933334587118887,5,6,3.342753745866451,near-pallet,outdoor-day,13279.484913345012,large,right,right,False,0,0.5646,0.8143424320466031,2.64826577498627,True,0.83,1.539,2.5,2.5,1.539,0.83,3.8474999999999997,2.5514834630399896,3015.6118913776427,0.2270880166705224,217.197406821906,133.70672363956535,29040.75364916683,9.630136335581282,-0.47714471360494937,0.7761282893147727,0.14949178785491166,0.626636501459861,2
2044,1429,accepted,1,Dist_construction_sign_01,False,False,,0,{},0.2270880166705224,2,22.190332160467225,0.1933334587118887,5,6,3.342753745866451,near-pallet,outdoor-day,13279.484913345012,road,right,right,False,158,0.4797,0.9023892344131014,2.40484366002445,True,1.068,1.2,0.059,1.2,1.068,0.059,1.2816,1.0436149930209846,3015.6118913776427,0.2270880166705224,117.26593111375637,104.36667869124318,12238.655753978866,4.058431984889076,-0.2827423490460509,0.8001247322496706,0.25869119160180987,0.5414335406478608,3
2044,1429,accepted,2,Dist_chinese_screen_panels,True,True,gate-overlap-refine|preprobe,12,"{""score_callback"": 9}",0.2270880166705224,2,22.190332160467225,0.1933334587118887,5,6,3.342753745866451,near-pallet,outdoor-day,13279.484913345012,large,right,right,False,64,0.921,0.8096298168764051,1.9733640670322847,True,1.294,1.603,0.377,1.603,1.294,0.377,2.074282,1.3596927644626025,3015.6118913776427,0.2270880166705224,237.32380838327165,191.57642423453123,45465.64659578825,15.076756636285136,-0.1966649305212419,1.1011716659316355,0.45225336770519675,0.6489182982264388,1
2044,1429,accepted,3,Dist_utility_box_01,False,True,preprobe,1,{},0.2270880166705224,2,22.190332160467225,0.1933334587118887,5,6,3.342753745866451,near-pallet,outdoor-day,13279.484913345012,road,right,right,False,16,0.9166,1.1423005646093205,2.570663875134086,True,0.52,1.12,0.432,1.12,0.52,0.432,0.5824,0.7599449777377042,3015.6118913776427,0.2270880166705224,179.1602828723196,83.18155990500553,14902.83180234159,4.941893167669341,-0.4553842385932483,0.8239923937691909,0.18430407758797127,0.6396883161812196,4
2044,1429,accepted,4,Dist_street_lamp_01,False,False,,0,{},0.2270880166705224,2,22.190332160467225,0.1933334587118887,5,6,3.342753745866451,near-pallet,outdoor-day,13279.484913345012,road,right,right,False,1,0.2753,1.1024073016822655,2.5631992843794755,True,0.704,3.871,0.386,3.871,0.704,0.386,2.725184,3.311921180778488,3015.6118913776427,0.2270880166705224,328.46165620470293,59.73572874402244,19620.89639785649,6.506439523586353,-1.9460566319546548,2.321362032857395,0.18765270045137009,2.133709332406025,3
2044,1429,accepted,5,Dist_delivery_truck_01,False,False,,0,{},0.2270880166705224,2,22.190332160467225,0.1933334587118887,5,6,3.342753745866451,near-pallet,outdoor-day,13279.484913345012,large,right,right,False,113,0.7897,0.8465235067539281,2.851896755072709,True,2.665,2.591,6.0,6.0,2.665,2.591,15.99,11.458466739316613,3015.6118913776427,0.2270880166705224,595.0949106892139,264.3213228311258,157296.2740034437,52.16064920462459,-1.0385284760685531,1.1548139299308746,0.058142726931160744,1.0966712029997139,1
2048,1430,expensive_reject,0,Dist_Asus_Z97AR_LGA_1150_Intel_ATX_Motherboard,False,False,feedback|prealign|preprobe|primary|refine|rescue,12,"{""candidate_budget_exhausted"": 3, ""score_callback"": 2, ""support"": 10}",0.15769073140169723,1,38.445534123892074,0.7954716220863892,7,5,1.5399340313087464,near-camera,indoor,179957.97918843004,small,right,right,False,0,0.7349,0.9722282191655003,0.5295330683372912,True,0.334,0.073,0.268,0.334,0.268,0.073,0.08951200000000001,0.08460922279020565,28377.70535979494,0.15769073140169723,327.8369316583228,263.0547834863189,86239.07307619923,3.038972742256367,0.6270645685759942,0.6980372285750757,0.662550898575535,0.03548632999954071,1
2048,1430,expensive_reject,1,Dist_chinese_screen_panels,False,False,feedback|prealign-primary|preprobe|primary|refine|rescue,12,"{""camera_clearance"": 7, ""candidate_budget_exhausted"": 3, ""score_callback"": 3, ""support"": 2}",0.15769073140169723,1,38.445534123892074,0.7954716220863892,7,5,1.5399340313087464,near-camera,indoor,179957.97918843004,large,right,right,False,262,0.921,1.0693110782739126,1.0626926716582672,True,1.294,1.603,0.377,1.603,1.294,0.377,2.074282,2.3717883478988226,28377.70535979494,0.15769073140169723,965.3434797900169,779.2604259814609,752253.9712795943,26.508625758916196,-0.5669699484267039,1.147135710046378,0.2900828808098371,0.8570528292365409,2
2048,1430,expensive_reject,2,Dist_water_dispenser_01,False,False,feedback|prealign|preprobe|primary|refine|rescue,12,"{""camera_clearance"": 1, ""candidate_budget_exhausted"": 3, ""collision"": 2, ""score_callback"": 1, ""support"": 8}",0.15769073140169723,1,38.445534123892074,0.7954716220863892,7,5,1.5399340313087464,near-camera,indoor,179957.97918843004,indoor,right,right,False,63,0.9812,0.890779632380869,1.036836796508486,True,0.325,1.1,0.414,1.1,0.414,0.325,0.4554,0.36135459616777704,28377.70535979494,0.15769073140169723,583.7857385784256,219.7157234286074,128266.90587906266,4.519988640828904,-0.1817828707661126,0.7980747248528435,0.3081459270433654,0.48992879780947807,5
2048,1430,expensive_reject,3,Dist_portable_welding_cart,False,False,,0,{},0.15769073140169723,1,38.445534123892074,0.7954716220863892,7,5,1.5399340313087464,near-camera,indoor,179957.97918843004,large,right,right,False,54,0.5805,1.0623418737743773,1.0559466093146626,True,0.838,1.563,0.655,1.563,0.838,0.655,1.309794,1.4781945509016403,28377.70535979494,0.15769073140169723,747.1444587600926,400.5803304164796,299291.3741589597,10.546708071153304,-0.5354244599895674,1.125015888719784,0.2947957143651084,0.8302201743546758,3
2048,1430,expensive_reject,4,Dist_old_military_compressor,False,False,,0,{},0.15769073140169723,1,38.445534123892074,0.7954716220863892,7,5,1.5399340313087464,near-camera,indoor,179957.97918843004,large,right,right,False,77,0.4993,1.0047631415308724,1.0590105793616487,True,0.598,1.179,1.676,1.676,1.179,0.598,1.976004,1.9948728040599626,28377.70535979494,0.15769073140169723,700.7132719541303,492.9241930989974,345398.524171748,12.171474747253626,-0.2996526626671005,0.884963081197798,0.29265520926534877,0.5923078719324493,2
2048,1430,expensive_reject,5,Dist_potted_plant_01,False,False,,0,{},0.15769073140169723,1,38.445534123892074,0.7954716220863892,7,5,1.5399340313087464,near-camera,indoor,179957.97918843004,medium,right,right,False,604,0.4554,1.130730639674481,0.9915501675581765,True,0.587,1.35,0.634,1.35,0.634,0.587,0.8559000000000001,1.094312468072904,28377.70535979494,0.15769073140169723,647.88346986584,304.2652739962537,197128.44147637338,6.946595539597844,-0.42345978480980845,1.103026578750741,0.3397833969704663,0.7632431817802747,2
2051,1430,expensive_reject,0,Dist_metal_trash_can,False,False,preprobe|primary|refine|rescue,12,"{""candidate_budget_exhausted"": 1, ""collision"": 1, ""support"": 11}",0.4141642114815438,3,31.67577229593579,0.3665383460526199,6,6,1.134682929296185,near-pallet,outdoor-day,164858.038793665,medium,right,bottom,True,3,0.8349,0.9163175289954077,1.0146400556894197,True,1.778,0.906,0.556,1.778,0.906,0.556,1.610868,1.352545686072746,68278.29964337203,0.4141642114815438,532.5439600306566,271.3637951562289,144513.15008144605,2.116531179544017,-1.020350819907964,-0.19016713863812468,-0.6052589792730444,0.41509184063491966,5
2051,1430,expensive_reject,1,Dist_chinese_screen_panels,False,False,feedback|prealign-rescue|preprobe|primary|refine|rescue,12,"{""candidate_budget_exhausted"": 3, ""score_callback"": 2, ""support"": 10}",0.4141642114815438,3,31.67577229593579,0.3665383460526199,6,6,1.134682929296185,near-pallet,outdoor-day,164858.038793665,large,right,bottom,True,23,0.921,0.8983254455626166,0.9944998226621538,True,1.294,1.603,0.377,1.603,1.294,0.377,2.074282,1.6739219399322307,68278.29964337203,0.4141642114815438,504.3880791878784,407.16043323088877,205366.86883863242,3.0077912002978238,-1.4444633811098302,-0.004447691872955684,-0.7244555364913929,0.7200078446184373,9
2051,1430,expensive_reject,2,Dist_industrial_storage_cart,False,False,,0,{},0.4141642114815438,3,31.67577229593579,0.3665383460526199,6,6,1.134682929296185,near-pallet,outdoor-day,164858.038793665,medium,right,bottom,True,419,0.6134,1.0070164331467355,1.0204476649300114,True,1.603,1.377,1.103,1.603,1.377,1.103,2.207331,2.238414848431039,68278.29964337203,0.4141642114815438,449.7008563221682,386.2994879323928,173719.21052001213,2.544281439745484,-1.3885347257559797,-0.001873097312924954,-0.6952039115344524,0.6933308142215273,10
2051,1430,expensive_reject,3,Dist_concrete_road_barrier_02,False,False,preprobe|primary|refine|rescue,12,"{""camera_clearance"": 1, ""candidate_budget_exhausted"": 1, ""collision"": 2, ""support"": 9}",0.4141642114815438,3,31.67577229593579,0.3665383460526199,6,6,1.134682929296185,near-pallet,outdoor-day,164858.038793665,road,right,bottom,True,42,0.7784,0.9357648502450748,1.011558470767339,True,1.565,1.112,0.442,1.565,1.112,0.442,1.74028,1.5238863712596733,68278.29964337203,0.4141642114815438,463.62193703615407,329.42338273751017,152727.90680976684,2.2368440281537176,-1.1457975689054516,-0.10522705543292832,-0.62551231216919,0.5202852567362617,15
2051,1430,expensive_reject,4,Dist_concrete_road_barrier,False,False,,0,{},0.4141642114815438,3,31.67577229593579,0.3665383460526199,6,6,1.134682929296185,near-pallet,outdoor-day,164858.038793665,road,right,bottom,True,7,0.7231,1.0225699316383505,1.0142867260023851,True,1.545,0.831,0.639,1.545,0.831,0.639,1.2838949999999998,1.3425038632038306,68278.29964337203,0.4141642114815438,480.7645379104813,258.58597475961807,124318.96666543916,1.820768345356813,-0.9806785390491747,-0.13092292585770549,-0.5558007324534401,0.4248778065957346,20
2051,1430,expensive_reject,5,Dist_metal_office_desk,False,False,,0,{},0.4141642114815438,3,31.67577229593579,0.3665383460526199,6,6,1.134682929296185,near-pallet,outdoor-day,164858.038793665,medium,right,bottom,True,70,0.7573,0.8112326968651892,1.019025496033145,True,2.0,0.788,0.947,2.0,0.947,0.788,1.894,1.24643853714924,68278.29964337203,0.4141642114815438,502.91762438870836,238.13149514805338,119760.52583199024,1.7540056863969626,-0.8714748583152496,-0.23222349318548052,-0.5518491757503651,0.31962568256488455,14
2054,1430,expensive_reject,0,Dist_utility_box_01,False,False,prealign|prealign-primary|preprobe|primary|refine|rescue,12,"{""candidate_budget_exhausted"": 3, ""collision"": 1, ""score_callback"": 4, ""support"": 7}",0.19897229164423974,1,4.78312013316307,0.9275031874976841,5,4,0.9980456116906042,near-pallet,outdoor-night,383111.85613474494,road,left,left,False,0,0.9166,0.8145063640175001,0.7885414753037118,True,0.52,1.12,0.432,1.12,0.52,0.432,0.5824,0.3863761673553649,76228.64397120848,0.1989722916442397,671.0942249160339,311.57946156815865,209099.1772608386,2.7430525635457355,-0.5820853494433551,0.3301617782562451,-0.12596178559355498,0.45612356384980013,11
2054,1430,expensive_reject,1,Dist_construction_sign_01,False,False,,0,{},0.19897229164423974,1,4.78312013316307,0.9275031874976841,5,4,0.9980456116906042,near-pallet,outdoor-night,383111.85613474494,road,left,left,False,12,0.4797,1.0027720680836576,0.859708262406843,True,1.068,1.2,0.059,1.2,1.068,0.059,1.2816,1.2887152131896789,76228.64397120848,0.1989722916442397,587.3849901028111,522.772641191502,307068.8026722908,4.028260069643513,-0.7532728809629889,0.45005360073740014,-0.15160964011279437,0.6016632408501945,14
2054,1430,expensive_reject,2,Dist_chinese_screen_panels,False,False,prealign|prealign-primary|preprobe|primary|refine|rescue,12,"{""candidate_budget_exhausted"": 3, ""score_callback"": 5, ""support"": 7}",0.19897229164423974,1,4.78312013316307,0.9275031874976841,5,4,0.9980456116906042,near-pallet,outdoor-night,383111.85613474494,large,left,left,False,14,0.921,0.8211929786963663,0.8630659206020017,True,1.294,1.603,0.377,1.603,1.294,0.377,2.074282,1.3988084706618067,76228.64397120848,0.1989722916442397,886.8909191702172,715.9306608897451,634952.4018986472,8.329577555367091,-0.8110058816224048,0.5053664632278703,-0.15281970919726723,0.6581861724251376,7
2054,1430,expensive_reject,3,Dist_portable_welding_cart,False,False,,0,{},0.19897229164423974,1,4.78312013316307,0.9275031874976841,5,4,0.9980456116906042,near-pallet,outdoor-night,383111.85613474494,large,left,left,False,27,0.5805,0.8238331400772088,0.8927728817667575,True,0.838,1.563,0.655,1.563,0.838,0.655,1.309794,0.8889585535084167,76228.64397120848,0.1989722916442397,665.8309363229698,356.9842128206325,237691.13267488006,3.11813408047316,-0.8073514233257655,0.4802997746149118,-0.16352582435542684,0.6438255989703386,2
2054,1430,expensive_reject,4,Dist_industrial_storage_cart,False,False,,0,{},0.19897229164423974,1,4.78312013316307,0.9275031874976841,5,4,0.9980456116906042,near-pallet,outdoor-night,383111.85613474494,medium,left,left,False,397,0.6134,0.8169342025356091,0.8904009770794152,True,1.603,1.377,1.103,1.603,1.377,1.103,2.207331,1.4731318545120002,76228.64397120848,0.1989722916442397,697.9309710777584,599.5327181372883,418432.45216244564,5.4891761202060385,-0.7251302102006713,0.39978818669086247,-0.16267101175490437,0.5624591984457669,6
2054,1430,expensive_reject,5,Dist_concrete_road_barrier_02,False,False,prealign|prealign-primary|preprobe|primary|refine|rescue,12,"{""candidate_budget_exhausted"": 3, ""collision"": 1, ""score_callback"": 5, ""support"": 6}",0.19897229164423974,1,4.78312013316307,0.9275031874976841,5,4,0.9980456116906042,near-pallet,outdoor-night,383111.85613474494,road,left,left,False,154,0.7784,0.8636483922222845,0.8944923969347169,True,1.565,1.112,0.442,1.565,1.112,0.442,1.74028,1.2980549177680671,76228.64397120848,0.1989722916442397,807.7587709033071,573.9474461626055,463611.08367539826,6.081848758197823,-0.6443340278582388,0.31604298429294164,-0.1641455217826486,0.4801885060755902,2
2056,1430,expensive_reject,0,Dist_planter_box_01,False,False,feedback|prealign|prealign-primary|preprobe|primary|refine|rescue,12,"{""candidate_budget_exhausted"": 4, ""score_callback"": 11, ""support"": 1}",0.325924571373403,2,11.403251739840393,0.09653107654927942,6,5,9.589559333657109,near-camera,indoor,2884.556868520005,medium,right,right,False,0,0.9607,1.1483419158346442,6.14699233916558,True,0.913,0.425,0.414,0.913,0.425,0.414,0.388025,0.5116843596260506,940.1479609745883,0.325924571373403,101.29285913910917,47.15165951163352,4776.126405087131,5.080185889182849,0.2816076473192652,0.7696529615489889,0.5256303044341271,0.24402265711486185,8
2056,1430,expensive_reject,1,Dist_Shelf_01,False,False,feedback|prealign|prealign-primary|preprobe|primary|refine|rescue,12,"{""candidate_budget_exhausted"": 4, ""score_callback"": 12}",0.325924571373403,2,11.403251739840393,0.09653107654927942,6,5,9.589559333657109,near-camera,indoor,2884.556868520005,indoor,right,right,False,58,0.9679,1.1646223599033259,3.9919291171495725,True,1.003,2.08,0.257,2.08,1.003,0.257,2.0862399999999997,2.829661695973532,940.1479609745883,0.325924571373403,361.7316374343396,174.43116939742427,63097.272525716944,67.1141938767896,-0.1788542414120542,2.2435602671868637,1.0323530128874048,1.211207254299459,2
2056,1430,expensive_reject,2,Dist_water_dispenser_01,False,False,feedback|prealign|prealign-primary|preprobe|primary|refine|rescue,12,"{""candidate_budget_exhausted"": 4, ""score_callback"": 12}",0.325924571373403,2,11.403251739840393,0.09653107654927942,6,5,9.589559333657109,near-camera,indoor,2884.556868520005,indoor,right,right,False,439,0.9812,1.1229623583456216,6.403184487879449,True,0.325,1.1,0.414,1.1,0.414,0.325,0.4554,0.5742796462921325,940.1479609745883,0.325924571373403,115.78338720516497,43.57665663903481,5045.4529087438905,5.366658353982503,-0.1522377727318992,1.0830208214482848,0.46539152435819275,0.6176292970900921,3
2056,1430,expensive_reject,3,Dist_delivery_truck_01,False,False,,0,{},0.325924571373403,2,11.403251739840393,0.09653107654927942,6,5,9.589559333657109,near-camera,indoor,2884.556868520005,large,right,right,False,91,0.7897,1.1567512474272925,4.723198405034492,True,2.665,2.591,6.0,6.0,2.665,2.591,15.99,21.395794440309313,940.1479609745883,0.325924571373403,791.2099100906609,351.4290683986019,278054.1616109025,295.75574606646217,-0.6381624896409146,2.3589799924432002,0.8604087514011429,1.4985712410420575,4
2056,1430,expensive_reject,4,Dist_delivery_van_01,False,False,,0,{},0.325924571373403,2,11.403251739840393,0.09653107654927942,6,5,9.589559333657109,near-camera,indoor,2884.556868520005,large,right,right,False,18,0.8028,1.0443270924967045,6.502106474252091,True,2.476,2.34,5.0,5.0,2.476,2.34,12.379999999999999,13.50186416239804,940.1479609745883,0.325924571373403,435.975180014537,215.89490914319873,94124.82187792817,100.11703028144133,-0.7797308241359641,1.6639945723063243,0.4421318740851802,1.2218626982211442,3
2056,1430,expensive_reject,5,Dist_cargo_truck_01,False,False,,0,{},0.325924571373403,2,11.403251739840393,0.09653107654927942,6,5,9.589559333657109,near-camera,indoor,2884.556868520005,large,right,right,False,141,0.4835,1.1510316898359623,6.516901827417693,True,2.321,2.038,6.5,6.5,2.321,2.038,15.086500000000001,19.987710861861537,940.1479609745883,0.325924571373403,483.68576849880463,172.71302595165008,83538.83268717786,88.8571120237061,-0.7342482677364095,1.6115543161492814,0.4386530242064359,1.1729012919428454,1
2058,1430,expensive_reject,0,Dist_traffic_barricade_01,False,False,,0,{},0.18002161304518796,1,10.323916659061524,0.49733032499532837,5,7,1.2015290757084536,near-pallet,outdoor-day,55229.77561243998,road,bottom,bottom,False,0,0.4959,1.1590554491303915,1.0074836724539853,True,0.868,1.2,0.448,1.2,0.868,0.448,1.0415999999999999,1.3992953707798617,9942.55329387523,0.18002161304518796,295.7461261170263,213.923031224649,63266.9077719016,6.363245526767758,-1.4531542071067292,-0.062287668150259434,-0.7577209376284944,0.6954332694782348,5
2058,1430,expensive_reject,1,Dist_construction_sign_01,False,False,feedback|prealign-primary|preprobe|primary|refine|rescue,12,"{""candidate_budget_exhausted"": 3, ""score_callback"": 1, ""support"": 11}",0.18002161304518796,1,10.323916659061524,0.49733032499532837,5,7,1.2015290757084536,near-pallet,outdoor-day,55229.77561243998,road,bottom,bottom,False,31,0.4797,0.9396854200192507,0.9567572241287097,True,1.068,1.2,0.059,1.2,1.068,0.059,1.2816,1.131663935305602,9942.55329387523,0.18002161304518796,248.32555318755618,221.00974233692503,54882.366525656165,5.5199469294737975,-1.2597984369567572,-0.13217593293365648,-0.6959871849452068,0.5638112520115504,9
2058,1430,expensive_reject,2,Dist_chinese_screen_panels,False,False,feedback|prealign-rescue|preprobe|primary|refine|rescue,12,"{""candidate_budget_exhausted"": 3, ""score_callback"": 1, ""support"": 11}",0.18002161304518796,1,10.323916659061524,0.49733032499532837,5,7,1.2015290757084536,near-pallet,outdoor-day,55229.77561243998,large,bottom,bottom,False,93,0.921,1.029390260956085,1.0389569487622434,True,1.294,1.603,0.377,1.603,1.294,0.377,2.074282,2.198001117289702,9942.55329387523,0.18002161304518796,463.6821829762508,374.3011508242474,173556.7747047099,17.45595618900264,-1.9201585954250935,-0.27004600711248916,-1.0951023012687913,0.8250562941563022,3
2058,1430,expensive_reject,3,Dist_utility_box_01,False,False,feedback|prealign-rescue|preprobe|primary|refine|rescue,12,"{""candidate_budget_exhausted"": 3, ""score_callback"": 1, ""support"": 11}",0.18002161304518796,1,10.323916659061524,0.49733032499532837,5,7,1.2015290757084536,near-pallet,outdoor-day,55229.77561243998,road,bottom,bottom,False,10,0.9166,1.0982975766647545,1.0519658680565167,True,0.52,1.12,0.432,1.12,0.52,0.432,0.5824,0.7025244069670283,9942.55329387523,0.18002161304518796,340.56569019811377,158.1197847348385,53850.17362219745,5.41613125225791,-1.3385909035311996,-0.10849761766667443,-0.723544260598937,0.6150466429322625,6
2058,1430,expensive_reject,4,Dist_portable_welding_cart,False,False,,0,{},0.18002161304518796,1,10.323916659061524,0.49733032499532837,5,7,1.2015290757084536,near-pallet,outdoor-day,55229.77561243998,large,bottom,bottom,False,603,0.5805,0.9435802278773417,1.0625657379064855,True,0.838,1.563,0.655,1.563,0.838,0.655,1.309794,1.1661667660466166,9942.55329387523,0.18002161304518796,321.7049044501037,172.4815802489999,55488.170293407406,5.580877331337917,-1.490098845227342,-0.015282949055056894,-0.7526908971411994,0.7374079480861426,2
2058,1430,expensive_reject,5,Dist_industrial_storage_cart,False,False,,0,{},0.18002161304518796,1,10.323916659061524,0.49733032499532837,5,7,1.2015290757084536,near-pallet,outdoor-day,55229.77561243998,medium,bottom,bottom,False,137,0.6134,1.0157611991424624,1.046703464871395,True,1.603,1.377,1.103,1.603,1.377,1.103,2.207331,2.277459701938446,9942.55329387523,0.18002161304518796,370.6362845459917,318.381886350487,118003.87942368869,11.868568961695278,-1.6991122488709913,-0.30040907765182034,-0.9997606632614058,0.6993515856095855,10
2059,1430,expensive_reject,0,Dist_water_dispenser_01,False,False,feedback|gate-overlap-refine|prealign|preprobe|primary|refine|rescue,12,"{""candidate_budget_exhausted"": 5, ""score_callback"": 12}",0.4496173745949849,3,31.68046388157199,0.10459256330795043,7,8,4.247767938666621,near-camera,random-mix,7879.085247865005,indoor,bottom,bottom,False,0,0.9812,1.007947536871023,1.962818552216373,True,0.325,1.1,0.414,1.1,0.414,0.325,0.4554,0.4626673811682185,3542.5736233551393,0.4496173745949849,216.95485128791267,81.65391675745077,17715.213367188335,5.0006620188207735,0.3544278166258177,1.463170107183943,0.9087989619048803,0.5543711452790626,3
2059,1430,expensive_reject,1,Dist_construction_sign_01,False,False,,0,{},0.4496173745949849,3,31.68046388157199,0.10459256330795043,7,8,4.247767938666621,near-camera,random-mix,7879.085247865005,road,bottom,bottom,False,13,0.4797,1.0878460791952518,2.28308780441589,True,1.068,1.2,0.059,1.2,1.068,0.059,1.2816,1.5166570923334497,3542.5736233551393,0.4496173745949849,153.55044486973685,136.6598959340658,20984.187816527745,5.9234302649873545,-0.12753647830848525,1.177878816725817,0.5251711692086658,0.6527076475171512,2
2059,1430,expensive_reject,2,Dist_chinese_screen_panels,False,False,feedback|prealign|prealign-primary|preprobe|primary|refine|rescue,12,"{""candidate_budget_exhausted"": 4, ""score_callback"": 12}",0.4496173745949849,3,31.68046388157199,0.10459256330795043,7,8,4.247767938666621,near-camera,random-mix,7879.085247865005,large,bottom,bottom,False,296,0.921,1.0849401320369056,2.7517122571627564,True,1.294,1.603,0.377,1.603,1.294,0.377,2.074282,2.441627157691641,3542.5736233551393,0.4496173745949849,235.18316483264178,189.84841877319928,44649.151965553734,12.603591826912245,-0.8913365491196487,0.8478224825355111,-0.021757033292068767,0.8695795158275799,2
2059,1430,expensive_reject,3,Dist_utility_box_01,False,False,feedback|gate-overlap-refine|prealign|preprobe|primary|refine|rescue,12,"{""candidate_budget_exhausted"": 5, ""score_callback"": 12}",0.4496173745949849,3,31.68046388157199,0.10459256330795043,7,8,4.247767938666621,near-camera,random-mix,7879.085247865005,road,bottom,bottom,False,39,0.9166,1.0637971372255703,1.4912001045807626,True,0.52,1.12,0.432,1.12,0.52,0.432,0.5824,0.6590813169562114,3542.5736233551393,0.4496173745949849,296.5998848235356,137.7070893823558,40843.90685019105,11.529444746305133,0.5451362016843712,1.73658899537701,1.1408625985306906,0.5957263968463193,2
2059,1430,expensive_reject,4,Dist_street_lamp_01,False,False,,0,{},0.4496173745949849,3,31.68046388157199,0.10459256330795043,7,8,4.247767938666621,near-camera,random-mix,7879.085247865005,road,bottom,bottom,False,75,0.2753,0.8289456470787973,2.2001129967799673,True,0.704,3.871,0.386,3.871,0.704,0.386,2.725184,1.8726125995976532,3542.5736233551393,0.4496173745949849,296.72045270971176,53.96310997355646,16011.958420977637,4.519866098312124,-0.7890010666018493,2.419847533240175,0.8154232333191628,1.604424299921012,2
2059,1430,expensive_reject,5,Dist_covered_car,False,False,,0,{},0.4496173745949849,3,31.68046388157199,0.10459256330795043,7,8,4.247767938666621,near-camera,random-mix,7879.085247865005,large,bottom,bottom,False,20,0.7299,0.8908124220978617,2.3041789697235995,True,1.789,1.411,4.38,4.38,1.789,1.411,7.835819999999999,6.218089661988353,3542.5736233551393,0.4496173745949849,560.9394514563214,229.11431019528743,128519.255481738,36.2784995164105,-0.3838217180710576,0.8731146095090253,0.2446464457189839,0.6284681637900414,2
2064,1430,expensive_reject,0,Dist_old_tyre,False,False,feedback|prealign|prealign-primary|preprobe|primary|refine|rescue,12,"{""candidate_budget_exhausted"": 4, ""collision"": 1, ""score_callback"": 5, ""support"": 6}",0.11863091025625777,1,44.46166211929341,0.5306914917054296,5,5,2.263268188936387,near-pallet,indoor,116461.38445326498,medium,left,left,False,0,0.9677,0.9897550308908852,1.7033765818945055,True,0.6,0.6,0.165,0.6,0.6,0.165,0.36,0.3526614076225742,13815.920047394811,0.11863091025625777,239.66471528307667,239.66471528307667,57439.175751718205,4.1574629524979905,0.07136431386079678,0.6652173323953279,0.36829082312806233,0.29692650926726555,8
2064,1430,expensive_reject,1,Dist_chinese_screen_panels,False,False,feedback|prealign|prealign-primary|preprobe|primary|refine|rescue,12,"{""candidate_budget_exhausted"": 4, ""score_callback"": 10, ""support"": 2}",0.11863091025625777,1,44.46166211929341,0.5306914917054296,5,5,2.263268188936387,near-pallet,indoor,116461.38445326498,large,left,left,False,36,0.921,0.8457717907613305,1.8824180335842127,True,1.294,1.603,0.377,1.603,1.294,0.377,2.074282,1.4837959813647976,13815.920047394811,0.11863091025625777,483.0208653421104,389.91203977086144,188335.65085742887,13.631784941672578,-0.44539433781773924,0.9103778427726736,0.23249175247746717,0.6778860902952064,10
2064,1430,expensive_reject,2,Dist_water_dispenser_01,False,False,feedback|prealign|prealign-primary|preprobe|primary|refine|rescue,12,"{""candidate_budget_exhausted"": 4, ""score_callback"": 6, ""support"": 6}",0.11863091025625777,1,44.46166211929341,0.5306914917054296,5,5,2.263268188936387,near-pallet,indoor,116461.38445326498,indoor,left,left,False,52,0.9812,0.8805202063916711,1.55589503551551,True,0.325,1.1,0.414,1.1,0.414,0.325,0.4554,0.35307883074167973,13815.920047394811,0.11863091025625777,430.91927407327296,162.18234496939544,69887.49836171302,5.058475883036925,-0.004133725663841847,0.9644385013669964,0.48015238785157727,0.4842861135154191,4
2064,1430,expensive_reject,3,Dist_worn_metal_rack,False,False,,0,{},0.11863091025625777,1,44.46166211929341,0.5306914917054296,5,5,2.263268188936387,near-pallet,indoor,116461.38445326498,large,left,left,False,75,0.2123,1.1577189380330122,1.7520317285596398,True,0.915,1.9,0.6,1.9,0.915,0.6,1.7385,2.3301343929864764,13815.920047394811,0.11863091025625777,404.2548153690103,194.68060845402337,78700.5734265078,5.696368620875735,-0.7684460449387067,1.4312199373240164,0.3313869461926549,1.0998329911313616,2
2064,1430,expensive_reject,4,Dist_forklift_02,False,False,,0,{},0.11863091025625777,1,44.46166211929341,0.5306914917054296,5,5,2.263268188936387,near-pallet,indoor,116461.38445326498,large,left,left,False,68,0.5807,0.9586656889752878,1.8810435888909942,True,2.5,1.774,0.928,2.5,1.774,0.928,4.4350000000000005,4.0759419707738855,13815.920047394811,0.11863091025625777,678.4997302182844,481.46340856289464,326672.7928198997,23.64466439435559,-0.6168022270560759,1.0838707051860847,0.23353423906500437,0.8503364661210804,2
2064,1430,expensive_reject,5,Dist_wooden_bookshelf_worn,False,False,,0,{},0.11863091025625777,1,44.46166211929341,0.5306914917054296,5,5,2.263268188936387,near-pallet,indoor,116461.38445326498,indoor,left,left,False,96,0.6379,0.9604622464023476,1.8205562238776136,True,1.374,2.063,0.581,2.063,1.374,0.581,2.8345620000000005,2.6148486557523087,13815.920047394811,0.11863091025625777,607.4592711656825,404.5802416779678,245766.018737734,17.788610378074438,-0.7113042093312603,1.2701294049967828,0.2794125978327613,0.9907168071640216,2
2065,1430,accepted,0,Dist_bollard_01,False,False,,0,{},0.21202854714024025,2,20.257337945454292,0.1681396337126494,5,6,5.604720157697277,near-camera,random-mix,7760.125867839997,road,right,right,False,0,0.691,1.1615018083805735,2.5291257727136194,True,0.196,1.0,0.196,1.0,0.196,0.196,0.196,0.2644209443707831,1645.3682133835107,0.21202854714024025,209.3147367628214,41.025688405513,8587.281169113488,5.2190634894147685,0.4481716980907424,1.609673506471316,1.0289226022810292,0.5807509041902867,1
2065,1430,accepted,1,Dist_construction_sign_01,False,False,,0,{},0.21202854714024025,2,20.257337945454292,0.1681396337126494,5,6,5.604720157697277,near-camera,random-mix,7760.125867839997,road,right,right,False,42,0.4797,1.0591781267466258,2.328348892657569,True,1.068,1.2,0.059,1.2,1.068,0.059,1.2816,1.4377736026351546,1645.3682133835107,0.21202854714024025,207.29955504629643,184.49660399120384,38246.06391492931,23.244683836623217,0.47174101804061397,1.7427547701365649,1.1072478940885895,0.6355068760479754,1
2065,1430,accepted,2,Dist_chinese_screen_panels,False,False,,0,{},0.21202854714024025,2,20.257337945454292,0.1681396337126494,5,6,5.604720157697277,near-camera,random-mix,7760.125867839997,large,right,right,False,31,0.921,1.1765833329247453,2.7947057623958056,True,1.294,1.603,0.377,1.603,1.294,0.377,2.074282,2.871528841973698,1645.3682133835107,0.21202854714024025,355.10865560012485,286.65664400908395,101794.25547290938,61.86715815032137,-0.017714643979452216,1.8683484386989144,0.9253168973597311,0.9430315413391833,3
2065,1430,accepted,3,Dist_utility_box_01,True,True,prealign|preprobe,9,"{""score_callback"": 8}",0.21202854714024025,2,20.257337945454292,0.1681396337126494,5,6,5.604720157697277,near-camera,random-mix,7760.125867839997,road,right,right,False,7,0.9166,1.1685320629866764,2.2070678586340904,True,0.52,1.12,0.432,1.12,0.52,0.432,0.5824,0.7952480869295279,1645.3682133835107,0.21202854714024025,311.2749810412929,144.52052691202886,44985.62427461944,27.340764157654213,0.5001830177819138,1.8089389283269914,1.1545609730544526,0.6543779552725388,1
2065,1430,accepted,4,Dist_water_dispenser_01,False,False,feedback|prealign|prealign-primary|preprobe|primary|refine|rescue,12,"{""candidate_budget_exhausted"": 4, ""score_callback"": 12}",0.21202854714024025,2,20.257337945454292,0.1681396337126494,5,6,5.604720157697277,near-camera,random-mix,7760.125867839997,indoor,right,right,False,217,0.9812,0.9537267079192913,1.7017395321555542,True,0.325,1.1,0.414,1.1,0.414,0.325,0.4554,0.4142293960497084,1645.3682133835107,0.21202854714024025,334.82172599325105,126.014722328369,42192.466830544785,25.6431760911321,0.8271454787267155,1.876244857437936,1.3516951680823257,0.5245496893556103,5
2065,1430,accepted,5,Dist_street_lamp_01,False,False,,0,{},0.21202854714024025,2,20.257337945454292,0.1681396337126494,5,6,5.604720157697277,near-camera,random-mix,7760.125867839997,road,right,right,False,84,0.2753,0.9584803487029704,3.5870314645567944,True,0.704,3.871,0.386,3.871,0.704,0.386,2.725184,2.5035845153281255,1645.3682133835107,0.21202854714024025,297.567586832982,54.11717414890706,16103.51691771051,9.787181244127403,-1.2389168777583364,2.471360552070862,0.616221837156263,1.8551387149145993,2
2067,1431,expensive_reject,0,Dist_plastic_crate_03,False,False,feedback|prealign-primary|preprobe|primary|refine|rescue,12,"{""camera_clearance"": 8, ""candidate_budget_exhausted"": 3, ""score_callback"": 2, ""support"": 2}",0.19573956427235592,1,7.405397006261809,0.6150087571974038,6,6,1.1288747622832456,near-pallet,indoor,240079.8563769,small,bottom,bottom,False,0,0.8218,1.1895149357159773,0.9979890238002741,True,0.481,0.266,0.265,0.481,0.266,0.265,0.127946,0.18103665306105363,46993.12647778419,0.19573956427235592,314.90379248742283,174.1463800450197,54839.355524132756,1.1669654614288716,-0.4464526018714373,-0.13004162897098728,-0.2882471154212123,0.15820548645022503,1
2067,1431,expensive_reject,1,Dist_chinese_screen_panels,False,False,prealign-primary|preprobe|primary|refine|rescue,12,"{""candidate_budget_exhausted"": 2, ""score_callback"": 1, ""support"": 11}",0.19573956427235592,1,7.405397006261809,0.6150087571974038,6,6,1.1288747622832456,near-pallet,indoor,240079.8563769,large,bottom,bottom,False,2,0.921,0.8547615229644728,0.9514741125255155,True,1.294,1.603,0.377,1.603,1.294,0.377,2.074282,1.515506233673132,46993.12647778419,0.19573956427235592,837.3691110489414,675.9548532110607,566023.7145425635,12.044819252665576,-1.4855691970256117,-0.11538647571356175,-0.8004778363695867,0.6850913606560249,9
2067,1431,expensive_reject,2,Dist_industrial_storage_cart,False,False,,0,{},0.19573956427235592,1,7.405397006261809,0.6150087571974038,6,6,1.1288747622832456,near-pallet,indoor,240079.8563769,medium,bottom,bottom,False,21,0.6134,0.86928316787808,0.9460654091390894,True,1.603,1.377,1.103,1.603,1.377,1.103,2.207331,1.6679767909030152,46993.12647778419,0.19573956427235592,698.958074549415,600.415014756422,419664.9226447073,8.930346927291637,-1.317453095868928,-0.12045017370081179,-0.7189516347848699,0.598501461084058,1
2067,1431,expensive_reject,3,Dist_painted_wooden_cabinet,False,False,preprobe|primary|refine|rescue,12,"{""candidate_budget_exhausted"": 1, ""support"": 12}",0.19573956427235592,1,7.405397006261809,0.6150087571974038,6,6,1.1288747622832456,near-pallet,indoor,240079.8563769,indoor,bottom,bottom,False,4,0.9306,0.9044199652278407,0.7674304749720153,True,1.195,1.182,0.617,1.195,1.182,0.617,1.41249,1.1553821765678693,46993.12647778419,0.19573956427235592,823.1635673183732,814.2086498496377,670226.896751704,14.262232521782755,-1.2231476473462424,-0.1541232484469347,-0.6886354478965886,0.5345121994496538,1
2067,1431,expensive_reject,4,Dist_old_military_compressor,False,False,,0,{},0.19573956427235592,1,7.405397006261809,0.6150087571974038,6,6,1.1288747622832456,near-pallet,indoor,240079.8563769,large,bottom,bottom,False,103,0.4993,0.9052596849432533,0.9739479824976551,True,0.598,1.179,1.676,1.676,1.179,0.598,1.976004,1.6193255900150996,46993.12647778419,0.19573956427235592,666.9569866998002,469.17797572736526,312921.5289170355,6.658878699312927,-1.1705032739500183,-0.10320210540192276,-0.6368526896759705,0.5336505842740478,1
2067,1431,expensive_reject,5,Dist_metal_trash_can,False,False,,0,{},0.19573956427235592,1,7.405397006261809,0.6150087571974038,6,6,1.1288747622832456,near-pallet,indoor,240079.8563769,medium,bottom,bottom,False,76,0.8349,0.8392133814189406,0.9490179825985461,True,1.778,0.906,0.556,1.778,0.906,0.556,1.610868,1.1345006645381175,46993.12647778419,0.19573956427235592,870.4674923960938,443.55655124345384,386101.55889674876,8.21612835398974,-1.0007615016484046,-0.24043417808284434,-0.6205978398656244,0.38016366178278016,17
2068,1431,expensive_reject,0,Dist_barrel_stove,False,False,feedback|prealign|prealign-primary|preprobe|primary|refine|rescue,12,"{""candidate_budget_exhausted"": 4, ""score_callback"": 11, ""support"": 1}",0.37968572235847076,3,22.59629641470808,0.27972992612388636,4,4,3.605268850224382,near-pallet,outdoor-night,26530.684153235015,large,right,right,False,0,0.9707,1.0689495433724283,2.2941493400172255,True,0.593,0.856,0.593,0.856,0.593,0.593,0.507608,0.5800198681227702,10073.32197738547,0.3796857223584708,259.398940802224,179.70043445761542,46614.102360004916,4.627480632968271,0.03820299498750762,0.9532238041143062,0.49571339955090693,0.4575104045633993,5
2068,1431,expensive_reject,1,Dist_construction_sign_01,False,False,,0,{},0.37968572235847076,3,22.59629641470808,0.27972992612388636,4,4,3.605268850224382,near-pallet,outdoor-night,26530.684153235015,road,right,right,False,48,0.4797,1.0456354354389588,2.3257641457829137,True,1.068,1.2,0.059,1.2,1.068,0.059,1.2816,1.4012417992645478,10073.32197738547,0.3796857223584708,246.65908999510066,219.52659009563956,54148.228942717935,5.375409330137594,-0.14496009065156085,1.1098024318751896,0.4824211706118144,0.6273812612633752,2
2068,1431,expensive_reject,2,Dist_chinese_screen_panels,False,False,feedback|prealign|prealign-primary|preprobe|primary|refine|rescue,12,"{""candidate_budget_exhausted"": 4, ""score_callback"": 12}",0.37968572235847076,3,22.59629641470808,0.27972992612388636,4,4,3.605268850224382,near-pallet,outdoor-night,26530.684153235015,large,right,right,False,156,0.921,0.910103122378956,2.4064326577389887,True,1.294,1.603,0.377,1.603,1.294,0.377,2.074282,1.718102253166309,10073.32197738547,0.3796857223584708,384.0578330459693,310.02547471084483,119067.71200649501,11.820103861844295,-0.2809430063098494,1.1779522988636169,0.44850464627688374,0.7294476525867332,1
2068,1431,expensive_reject,3,Dist_utility_box_01,False,False,feedback|prealign|prealign-primary|preprobe|primary|refine|rescue,12,"{""candidate_budget_exhausted"": 4, ""score_callback"": 12}",0.37968572235847076,3,22.59629641470808,0.27972992612388636,4,4,3.605268850224382,near-pallet,outdoor-night,26530.684153235015,road,right,right,False,121,0.9166,0.9745793065071667,2.076392611834194,True,0.52,1.12,0.432,1.12,0.52,0.432,0.5824,0.5531663298889671,10073.32197738547,0.3796857223584708,332.2248071703795,154.2472319005333,51244.75687471949,5.0871755106968255,0.041503315505451166,1.133032138793478,0.5872677271494646,0.5457644116440135,1
2068,1431,expensive_reject,4,Dist_street_lamp_01,False,False,,0,{},0.37968572235847076,3,22.59629641470808,0.27972992612388636,4,4,3.605268850224382,near-pallet,outdoor-night,26530.684153235015,road,right,right,False,60,0.2753,0.9636829854572355,2.1891526441401057,True,0.704,3.871,0.386,3.871,0.704,0.386,2.725184,2.530837220873823,10073.32197738547,0.3796857223584708,590.202196631458,107.33721168394382,63350.658116159444,6.2889539576299835,-1.3253498758647257,2.405066960840233,0.5398585424877534,1.8652084183524793,1
2068,1431,expensive_reject,5,Dist_delivery_van_01,False,False,,0,{},0.37968572235847076,3,22.59629641470808,0.27972992612388636,4,4,3.605268850224382,near-pallet,outdoor-night,26530.684153235015,large,right,right,False,39,0.8028,1.027606497448735,3.1067096934651066,True,2.476,2.34,5.0,5.0,2.476,2.34,12.379999999999999,13.072971906353846,10073.32197738547,0.3796857223584708,978.1743118855875,484.3919192457429,473819.7322911436,47.037087998861274,-1.0482216477332813,1.3563775562967584,0.15407795428173846,1.2022996020150198,2
2071,1431,expensive_reject,0,Dist_fire_hydrant,False,False,,0,{},0.24744026225788815,2,7.3990658663090745,0.880306612525809,5,4,1.0606738373170796,near-camera,outdoor-day,195756.91958214,road,left,left,False,0,0.4902,1.1064190331924375,0.6849975560732898,True,0.875,0.799,0.318,0.875,0.799,0.318,0.699125,0.8558430112149574,48438.14352020104,0.24744026225788815,537.5618404499415,490.87075487943235,263873.3864160398,5.4476362477845965,-0.43473849092959316,0.4492903165911645,0.007275912830785676,0.4420144037603788,5
2071,1431,expensive_reject,1,Dist_construction_sign_01,False,False,,0,{},0.24744026225788815,2,7.3990658663090745,0.880306612525809,5,4,1.0606738373170796,near-camera,outdoor-day,195756.91958214,road,left,left,False,78,0.4797,0.8942240369680753,0.7373240880006892,True,1.068,1.2,0.059,1.2,1.068,0.059,1.2816,1.024814302818363,48438.14352020104,0.24744026225788815,547.5920472383706,487.35692204214985,266872.7746768518,5.509558279531357,-0.5448661607344003,0.52820268362729,-0.00833173855355515,0.5365344221808451,9
2071,1431,expensive_reject,2,Dist_utility_box_01,False,False,prealign|prealign-primary|preprobe|primary|refine|rescue,12,"{""candidate_budget_exhausted"": 3, ""score_callback"": 5, ""support"": 7}",0.24744026225788815,2,7.3990658663090745,0.880306612525809,5,4,1.0606738373170796,near-camera,outdoor-day,195756.91958214,road,left,left,False,20,0.9166,0.8590468521059286,0.7379412395224614,True,0.52,1.12,0.432,1.12,0.52,0.432,0.5824,0.4297887741714725,48438.14352020104,0.24744026225788815,678.119335960906,314.8411202675635,213499.8514090279,4.4076803092172225,-0.48958205607316035,0.4725504182854798,-0.008515818893840272,0.48106623717932007,9
2071,1431,expensive_reject,3,Dist_traffic_barricade_01,False,False,,0,{},0.24744026225788815,2,7.3990658663090745,0.880306612525809,5,4,1.0606738373170796,near-camera,outdoor-day,195756.91958214,road,left,left,False,73,0.4959,0.9021170110201582,0.7417787668459652,True,0.868,1.2,0.448,1.2,0.868,0.448,1.0415999999999999,0.847669809797337,48438.14352020104,0.24744026225788815,558.302900905729,403.8390983218106,225464.54009222073,4.654689955204232,-0.5509306606735445,0.5316097525506454,-0.009660454061449539,0.5412702066120949,3
2071,1431,expensive_reject,4,Dist_barrel_stove,False,False,prealign-primary|preprobe|primary|refine|rescue,12,"{""candidate_budget_exhausted"": 2, ""score_callback"": 4, ""support"": 8}",0.24744026225788815,2,7.3990658663090745,0.880306612525809,5,4,1.0606738373170796,near-camera,outdoor-day,195756.91958214,large,left,left,False,17,0.9707,0.9016041483159024,0.6280401535866752,True,0.593,0.856,0.593,0.856,0.593,0.593,0.507608,0.4126294875565233,48438.14352020104,0.24744026225788815,657.7303454359236,455.64730706016667,299693.06066963176,6.187129375522935,-0.36162174232398414,0.41015140863442834,0.024264833155222123,0.38588657547920624,13
2071,1431,expensive_reject,5,Dist_portable_generator,False,False,prealign-primary|preprobe|primary|refine|rescue,12,"{""candidate_budget_exhausted"": 2, ""score_callback"": 4, ""support"": 8}",0.24744026225788815,2,7.3990658663090745,0.880306612525809,5,4,1.0606738373170796,near-camera,outdoor-day,195756.91958214,large,left,left,False,15,0.8598,1.035206311615721,0.6655761470516938,True,0.818,0.577,0.564,0.818,0.577,0.564,0.47198599999999996,0.5058047916619535,48438.14352020104,0.24744026225788815,640.891181079577,452.07116318204874,289728.4217037614,5.981410529966547,-0.2855882039691888,0.31172583783308216,0.01306881693194667,0.2986570209011355,3
2074,1431,accepted,0,Dist_wooden_broom,False,False,,0,{},0.18702790650005113,1,17.791424599214803,0.49357755114719964,5,5,2.109905109044197,near-pallet,indoor,61417.88338436999,indoor,left,left,False,0,0.4043,0.8868445615051417,1.3539987222733922,True,0.49,1.454,0.113,1.454,0.49,0.113,0.71246,0.5603449996122126,11486.858151042994,0.18702790650005113,366.90289733816377,123.64678108370032,45366.36222614731,3.9494143332855636,-0.4163309949777831,0.8731409974506927,0.22840500123645485,0.6447359962142379,15
2074,1431,accepted,1,Dist_Shelf_01,False,False,,0,{},0.18702790650005113,1,17.791424599214803,0.49357755114719964,5,5,2.109905109044197,near-pallet,indoor,61417.88338436999,indoor,left,left,False,26,0.9679,1.1295759039462883,1.494121839463281,True,1.003,2.08,0.257,2.08,1.003,0.257,2.0862399999999997,2.6619206597243563,11486.858151042994,0.18702790650005113,937.3754973217087,452.01328067965085,423706.17377310485,36.8861674969524,-0.9971959530738522,1.3523219271344276,0.17756298703028764,1.1747589401041398,1
2074,1431,accepted,2,Dist_water_dispenser_01,True,True,prealign|preprobe,9,"{""score_callback"": 6}",0.18702790650005113,1,17.791424599214803,0.49357755114719964,5,5,2.109905109044197,near-pallet,indoor,61417.88338436999,indoor,left,left,False,48,0.9812,0.9745919011738314,1.3463487472652926,True,0.325,1.1,0.414,1.1,0.414,0.325,0.4554,0.432552296843832,11486.858151042994,0.18702790650005113,477.9057919356361,179.86636169213938,85959.17602706343,7.483262602947563,-0.3048448415427115,0.7672062497485032,0.23118070410289585,0.5360255456456073,2
2074,1431,accepted,3,Dist_steel_frame_shelves_03,False,False,,0,{},0.18702790650005113,1,17.791424599214803,0.49357755114719964,5,5,2.109905109044197,near-pallet,indoor,61417.88338436999,large,left,left,False,11,0.2394,1.0338003279620793,1.8559401295378564,True,2.351,2.312,0.721,2.351,2.312,0.721,5.435511999999999,5.8091660433200865,11486.858151042994,0.18702790650005113,388.23350877295337,381.79322513103705,148224.92341836463,12.903869924162507,-1.148791675213423,1.241354683034904,0.04628150391074045,1.1950731791241636,13
2074,1431,accepted,4,Dist_forklift_02,False,False,,0,{},0.18702790650005113,1,17.791424599214803,0.49357755114719964,5,5,2.109905109044197,near-pallet,indoor,61417.88338436999,large,left,left,False,37,0.5807,1.0800989064771551,1.8211670767268604,True,2.5,1.774,0.928,2.5,1.774,0.928,4.4350000000000005,5.173931527873904,11486.858151042994,0.18702790650005113,684.5974373434382,485.79034153890365,332570.822903727,28.95228778232366,-0.8991492355874429,1.0169462245030303,0.0588984944577937,0.9580477300452366,3
2074,1431,accepted,5,Dist_chinese_screen_panels,False,False,,0,{},0.18702790650005113,1,17.791424599214803,0.49357755114719964,5,5,2.109905109044197,near-pallet,indoor,61417.88338436999,large,left,left,False,34,0.921,1.0975415658883885,1.825315136395217,True,1.294,1.603,0.377,1.603,1.294,0.377,2.074282,2.4986748883724306,11486.858151042994,0.18702790650005113,560.4696118481528,452.43148953930745,253574.10132997725,22.075148660815753,-0.822286144945056,0.9370729851740307,0.057393420114487365,0.8796795650595434,2
2076,1432,expensive_reject,0,Dist_forklift_02,False,False,feedback|prealign|prealign-primary|preprobe|primary|refine|rescue,12,"{""candidate_budget_exhausted"": 4, ""score_callback"": 12}",0.3860141276633925,3,6.967224258203823,0.11498966528300261,4,4,9.40954902670127,near-camera,outdoor-day,2382.3457545600395,large,bottom,bottom,False,0,0.5807,0.9196475787026998,5.6373076001748,True,2.5,1.774,0.928,2.5,1.774,0.928,4.4350000000000005,3.7509086520759296,919.6191182390802,0.3860141276633925,195.65030474934986,138.83345625013862,27162.80802474515,29.537019713941433,-1.0355322511662097,0.5959225534523797,-0.219804848856915,0.8157274023092946,2
2076,1432,expensive_reject,1,Dist_construction_sign_01,False,False,,0,{},0.3860141276633925,3,6.967224258203823,0.11498966528300261,4,4,9.40954902670127,near-camera,outdoor-day,2382.3457545600395,road,bottom,bottom,False,84,0.4797,1.1508644128687275,4.110594259288163,True,1.068,1.2,0.059,1.2,1.068,0.059,1.2816,1.6974649701487239,919.6191182390802,0.3860141276633925,146.48749853527914,130.37387369639848,19098.14263213984,20.76744845051683,-0.49391143869757853,0.8871258567448945,0.19660720902365797,0.6905186477212365,1
2076,1432,expensive_reject,2,Dist_chinese_screen_panels,False,False,feedback|prealign|prealign-primary|preprobe|primary|refine|rescue,12,"{""candidate_budget_exhausted"": 4, ""score_callback"": 12}",0.3860141276633925,3,6.967224258203823,0.11498966528300261,4,4,9.40954902670127,near-camera,outdoor-day,2382.3457545600395,large,bottom,bottom,False,149,0.921,1.1422717391430708,3.4943936751167186,True,1.294,1.603,0.377,1.603,1.294,0.377,2.074282,2.706491471109941,919.6191182390802,0.3860141276633925,316.57443975294717,255.55042111061363,80900.73139172223,87.97199817532487,-0.9114235697977514,0.9196380280485911,0.004107229125419818,0.9155307989231712,1
2076,1432,expensive_reject,3,Dist_utility_box_01,False,False,feedback|prealign|prealign-primary|preprobe|primary|refine|rescue,12,"{""candidate_budget_exhausted"": 4, ""score_callback"": 12}",0.3860141276633925,3,6.967224258203823,0.11498966528300261,4,4,9.40954902670127,near-camera,outdoor-day,2382.3457545600395,road,bottom,bottom,False,48,0.9166,1.1179190965480559,4.4951527634449455,True,0.52,1.12,0.432,1.12,0.52,0.432,0.5824,0.7278503851829808,919.6191182390802,0.3860141276633925,167.87606340344954,77.94245800874442,13084.673022496681,14.22836124541613,-0.338739533386853,0.9133298547469697,0.2872951606800584,0.6260346940669114,2
2076,1432,expensive_reject,4,Dist_street_lamp_01,False,False,,0,{},0.3860141276633925,3,6.967224258203823,0.11498966528300261,4,4,9.40954902670127,near-camera,outdoor-day,2382.3457545600395,road,bottom,bottom,False,32,0.2753,1.0580361825309903,5.516269402454338,True,0.704,3.871,0.386,3.871,0.704,0.386,2.725184,3.050681512723139,919.6191182390802,0.3860141276633925,245.24278362239866,44.60111590549435,10938.101817328676,11.894165312997567,-1.8263693269136945,2.269288735663769,0.22145970437503734,2.0478290312887317,1
2076,1432,expensive_reject,5,Dist_modular_chainlink_fence,False,False,,0,{},0.3860141276633925,3,6.967224258203823,0.11498966528300261,4,4,9.40954902670127,near-camera,outdoor-day,2382.3457545600395,road,bottom,bottom,False,8,0.5685,1.0934757978325467,4.932132096317303,True,8.115,2.523,2.149,8.115,2.523,2.149,20.474145,24.480716521753134,919.6191182390802,0.3860141276633925,853.9710381846237,265.50448913614366,226733.14423027076,246.55114246039986,-1.912860886208478,0.8459785517230375,-0.5334411672427203,1.3794197189657578,1
2077,1432,expensive_reject,0,Dist_construction_sign_01,False,False,,0,{},0.1504890209105753,1,26.606027696778543,0.5435876268713995,5,5,2.1894786108228055,near-pallet,random-mix,77442.59830662,road,left,left,False,0,0.4797,0.9541995189213995,1.5418872230046077,True,1.068,1.2,0.059,1.2,1.068,0.059,1.2816,1.1668925987996386,11654.26079593422,0.1504890209105753,311.6436630775025,277.3628601389772,86438.37773536386,7.416890633296905,-0.3666288945435374,0.7784105281621421,0.20589081680930232,0.5725197113528397,6
2077,1432,expensive_reject,1,Dist_chinese_screen_panels,False,False,,0,{},0.1504890209105753,1,26.606027696778543,0.5435876268713995,5,5,2.1894786108228055,near-pallet,random-mix,77442.59830662,large,left,left,False,122,0.921,1.0256906242452397,1.6840658841073446,True,1.294,1.603,0.377,1.603,1.294,0.377,2.074282,2.182230241956738,11654.26079593422,0.1504890209105753,567.7096240974312,458.2758911928109,260167.63392198595,22.323821173861983,-0.6945493491743553,0.949632721490764,0.12754168615820433,0.8220910353325597,2
2077,1432,expensive_reject,2,Dist_Shelf_01,False,False,feedback|prealign-primary|preprobe|primary|refine|rescue,12,"{""camera_clearance"": 8, ""candidate_budget_exhausted"": 3, ""score_callback"": 4}",0.1504890209105753,1,26.606027696778543,0.5435876268713995,5,5,2.1894786108228055,near-pallet,random-mix,77442.59830662,indoor,left,left,False,342,0.9679,0.8442531440870179,1.4873494179689957,True,1.003,2.08,0.257,2.08,1.003,0.257,2.0862399999999997,1.4869954557426122,11654.26079593422,0.1504890209105753,703.7912615662242,339.37626699563594,238850.05109449435,20.494654725576513,-0.6420787897205686,1.1139677499804286,0.23594448012993,0.8780232698504986,4
2077,1432,expensive_reject,3,Dist_utility_box_01,False,False,feedback|gate-overlap-refine|prealign|preprobe|primary|refine|rescue,12,"{""candidate_budget_exhausted"": 5, ""score_callback"": 12}",0.1504890209105753,1,26.606027696778543,0.5435876268713995,5,5,2.1894786108228055,near-pallet,random-mix,77442.59830662,road,left,left,False,11,0.9166,1.0838683136607759,1.9079939794618788,True,0.52,1.12,0.432,1.12,0.52,0.432,0.5824,0.6841863516388141,11654.26079593422,0.1504890209105753,369.0736847452459,171.35563934600702,63242.85721530825,5.426586749918241,-0.6028226340347675,0.6111098772653014,0.0041436216152669686,0.6069662556500345,15
2077,1432,expensive_reject,4,Dist_water_dispenser_01,False,False,feedback|prealign|prealign-primary|preprobe|primary|refine|rescue,12,"{""candidate_budget_exhausted"": 4, ""score_callback"": 12}",0.1504890209105753,1,26.606027696778543,0.5435876268713995,5,5,2.1894786108228055,near-pallet,random-mix,77442.59830662,indoor,left,left,False,219,0.9812,0.9685743065460509,1.3333217946328055,True,0.325,1.1,0.414,1.1,0.414,0.325,0.4554,0.4272272196969498,11654.26079593422,0.1504890209105753,479.5954260536911,180.50227853293464,86568.0671766648,7.428018704272131,-0.2118927555514601,0.8535389816491961,0.32082311304886796,0.532715868600328,8
2077,1432,expensive_reject,5,Dist_street_lamp_01,False,False,,0,{},0.1504890209105753,1,26.606027696778543,0.5435876268713995,5,5,2.1894786108228055,near-pallet,random-mix,77442.59830662,road,left,left,False,408,0.2753,0.8495969075705923,1.8543248503091936,True,0.704,3.871,0.386,3.871,0.704,0.386,2.725184,1.9670784310309095,11654.26079593422,0.1504890209105753,563.844038535031,102.54358127839365,57818.586993854675,4.961154380038041,-1.6106762231623186,1.678113406043444,0.03371859144056259,1.6443948146028813,3
2079,1432,expensive_reject,0,Dist_power_box_01,False,False,,0,{},0.227348068470322,2,3.434218589245838,0.8613594548368588,6,4,1.0604549504014995,near-camera,outdoor-night,297860.48424788995,road,right,right,False,0,0.5976,0.9516999960184325,0.5528483627854667,True,0.461,0.503,0.399,0.503,0.461,0.399,0.231883,0.21002405797454105,67718.00576739255,0.227348068470322,355.73881738302475,326.03497974865684,115983.29812128561,1.7127394229487733,-0.23384469371037422,0.2448604042868973,0.005507855288261533,0.23935254899863576,6
2079,1432,expensive_reject,1,Dist_construction_sign_01,False,False,,0,{},0.227348068470322,2,3.434218589245838,0.8613594548368588,6,4,1.0604549504014995,near-camera,outdoor-night,297860.48424788995,road,right,right,False,468,0.4797,0.8912871236700668,0.7416390684481322,True,1.068,1.2,0.059,1.2,1.068,0.059,1.2816,1.0180937315085903,67718.00576739255,0.227348068470322,530.8295313429878,472.4382828952592,250784.19229777635,3.7033605679293866,-0.5746877264699521,0.49485682193412805,-0.03991545226791204,0.5347722742020401,7
2079,1432,expensive_reject,2,Dist_utility_box_01,False,False,prealign|prealign-primary|preprobe|primary|refine|rescue,12,"{""candidate_budget_exhausted"": 3, ""score_callback"": 6, ""support"": 6}",0.227348068470322,2,3.434218589245838,0.8613594548368588,6,4,1.0604549504014995,near-camera,outdoor-night,297860.48424788995,road,right,right,False,2,0.9166,0.8900808986345521,0.7136474906909254,True,0.52,1.12,0.432,1.12,0.52,0.432,0.5824,0.46140290916084703,67718.00576739255,0.227348068470322,710.7512381657413,329.99164629123703,234541.97118584806,3.4635097198740055,-0.5316259427857324,0.46526466368496594,-0.033180639550383244,0.4984453032353492,18
2079,1432,expensive_reject,3,Dist_traffic_barricade_01,False,False,,0,{},0.227348068470322,2,3.434218589245838,0.8613594548368588,6,4,1.0604549504014995,near-camera,outdoor-night,297860.48424788995,road,right,right,False,20,0.4959,0.8939092864920121,0.7383083999526596,True,0.868,1.2,0.448,1.2,0.868,0.448,1.0415999999999999,0.8323152830756869,67718.00576739255,0.227348068470322,543.7482565775423,393.31123892442224,213862.30045750778,3.15813051542174,-0.5754596606695804,0.49723148312083415,-0.039114088774373126,0.5363455718952073,12
2079,1432,expensive_reject,4,Dist_wine_barrel_01,False,False,prealign|prealign-primary|preprobe|primary|refine|rescue,12,"{""candidate_budget_exhausted"": 3, ""collision"": 1, ""score_callback"": 6, ""support"": 5}",0.227348068470322,2,3.434218589245838,0.8613594548368588,6,4,1.0604549504014995,near-camera,outdoor-night,297860.48424788995,large,right,right,False,90,0.9184,1.0980501719657205,0.6856837094381061,True,0.742,0.871,0.756,0.871,0.756,0.742,0.658476,0.7939338504910513,67718.00576739255,0.227348068470322,710.3892536651573,616.5950353281961,438022.48696043855,6.468331162394542,-0.5046533646017181,0.4517483351804246,-0.026452514710646698,0.47820084989107137,2
2079,1432,expensive_reject,5,Dist_barrel_stove,False,False,prealign|prealign-primary|preprobe|primary|refine|rescue,12,"{""candidate_budget_exhausted"": 3, ""score_callback"": 6, ""support"": 6}",0.227348068470322,2,3.434218589245838,0.8613594548368588,6,4,1.0604549504014995,near-camera,outdoor-night,297860.48424788995,large,right,right,False,47,0.9707,0.9091601117917112,0.7375951501279657,True,0.593,0.856,0.593,0.856,0.593,0.593,0.507608,0.419574615040865,67718.00576739255,0.227348068470322,552.4621614403782,382.72203473614985,211439.44254119284,3.122351878870668,-0.428063007716869,0.3501780479768357,-0.03894247987001664,0.38912052784685236,14
2081,1432,accepted,0,Dist_WetFloorSign_01,False,False,,0,{},0.10054150983562157,1,2.349410517172059,0.20438827088557587,7,8,3.106320928200318,near-pallet,random-mix,5756.981863860001,road,left,left,False,0,0.5897,0.9466627756518385,2.540895258899576,True,0.3,0.63,0.359,0.63,0.359,0.3,0.22616999999999998,0.20268686181173134,578.8156486887752,0.10054150983562156,74.90430076859096,42.68356186654627,3197.1823559265413,5.523662608585833,-0.225882741563384,0.3705148070972743,0.07231603276694515,0.29819877433032915,3
2081,1432,accepted,1,Dist_construction_sign_01,False,False,,0,{},0.10054150983562157,1,2.349410517172059,0.20438827088557587,7,8,3.106320928200318,near-pallet,random-mix,5756.981863860001,road,left,left,False,27,0.4797,0.8474922618283752,2.0206977356441285,True,1.068,1.2,0.059,1.2,1.068,0.059,1.2816,0.9205004003536628,578.8156486887752,0.10054150983562156,144.85803692445165,128.923652862762,18675.627266829164,32.26524249842959,-0.4095597532104768,0.6074309609835734,0.09893560388654835,0.5084953570970251,2
2081,1432,accepted,2,Dist_Shelf_01,False,False,,0,{},0.10054150983562157,1,2.349410517172059,0.20438827088557587,7,8,3.106320928200318,near-pallet,random-mix,5756.981863860001,indoor,left,left,False,247,0.9679,1.1081718000925114,2.012799754514782,True,1.003,2.08,0.257,2.08,1.003,0.257,2.0862399999999997,2.5619960552905425,578.8156486887752,0.10054150983562156,468.19546953874686,225.76925766700145,105704.14360081607,182.6214336814732,-1.0531589123631337,1.2518384318292899,0.09933975973307797,1.1524986720962118,3
2081,1432,accepted,3,Dist_water_dispenser_01,True,True,prealign|preprobe,9,"{""score_callback"": 1, ""support"": 6}",0.10054150983562157,1,2.349410517172059,0.20438827088557587,7,8,3.106320928200318,near-pallet,random-mix,5756.981863860001,indoor,left,left,False,144,0.9812,1.1509810460224439,2.526864236021604,True,0.325,1.1,0.414,1.1,0.414,0.325,0.4554,0.6032945055251494,578.8156486887752,0.10054150983562156,206.25278507101976,77.6260481994565,16010.588635195123,27.660946402304155,-0.5600055464099243,0.7060736042147642,0.07303402890241996,0.6330395753123442,3
2081,1432,accepted,4,Dist_utility_box_01,False,False,feedback|prealign|prealign-primary|preprobe|primary|refine|rescue,12,"{""candidate_budget_exhausted"": 4, ""collision"": 2, ""score_callback"": 4, ""support"": 6}",0.10054150983562157,1,2.349410517172059,0.20438827088557587,7,8,3.106320928200318,near-pallet,random-mix,5756.981863860001,road,left,left,False,93,0.9166,0.9528561930470396,2.64593909636006,True,0.52,1.12,0.432,1.12,0.52,0.432,0.5824,0.5287813001034039,578.8156486887752,0.10054150983562156,160.47137361730097,74.50456632231833,11955.850098503723,20.655713309735155,-0.46665874332713286,0.6005401928855515,0.06694072477920934,0.5335994681063422,2
2081,1432,accepted,5,Dist_street_lamp_01,False,False,,0,{},0.10054150983562157,1,2.349410517172059,0.20438827088557587,7,8,3.106320928200318,near-pallet,random-mix,5756.981863860001,road,left,left,False,88,0.2753,1.1071797566752593,2.636236923795588,True,0.704,3.871,0.386,3.871,0.704,0.386,2.725184,3.340658667887301,578.8156486887752,0.10054150983562156,354.4884411203845,64.46909391597795,22853.54860271869,39.48329430016303,-2.0755092142537426,2.210383623836186,0.06743720479122166,2.1429464190449643,1
2082,1433,expensive_reject,0,Dist_portable_welding_cart,False,False,feedback|prealign|prealign-primary|preprobe|primary|refine|rescue,12,"{""candidate_budget_exhausted"": 4, ""score_callback"": 12}",0.3013767029133678,2,10.566777300386095,0.12461832301212628,7,8,9.489683998239348,near-pallet,outdoor-night,1893.3292163899969,large,bottom,bottom,False,0,0.5805,0.8252943175467928,6.5736604122341795,True,0.838,1.563,0.655,1.563,0.838,0.655,1.309794,0.8921147220469062,570.6053167651676,0.3013767029133678,90.00998205476378,48.2587107881587,4343.7656920282,7.612557339376974,-0.46015001352265267,0.8297850048029844,0.18481749564016586,0.6449675091628185,1
2082,1433,expensive_reject,1,Dist_construction_sign_01,False,False,,0,{},0.3013767029133678,2,10.566777300386095,0.12461832301212628,7,8,9.489683998239348,near-pallet,outdoor-night,1893.3292163899969,road,bottom,bottom,False,11,0.4797,0.8714480648294413,5.252544756234687,True,1.068,1.2,0.059,1.2,1.068,0.059,1.2816,0.973274888777084,570.6053167651676,0.3013767029133678,83.0169643853481,73.88509830295982,6133.716574424759,10.749490749924238,-0.11979250797147323,0.9259451698238563,0.40307633092619155,0.5228688388976648,1
2082,1433,expensive_reject,2,Dist_chinese_screen_panels,False,False,feedback|prealign|prealign-primary|preprobe|primary|refine|rescue,12,"{""candidate_budget_exhausted"": 4, ""score_callback"": 12}",0.3013767029133678,2,10.566777300386095,0.12461832301212628,7,8,9.489683998239348,near-pallet,outdoor-night,1893.3292163899969,large,bottom,bottom,False,226,0.921,1.0665031261675209,6.458046808697187,True,1.294,1.603,0.377,1.603,1.294,0.377,2.074282,2.3593483311463586,570.6053167651676,0.3013767029133678,152.9513368163365,123.46789135392355,18884.5790364768,33.0956941367736,-1.0385957136685433,0.6710087975779927,-0.18379345804527528,0.854802255623268,2
2082,1433,expensive_reject,3,Dist_utility_box_01,False,False,feedback|prealign|prealign-primary|preprobe|primary|refine|rescue,12,"{""candidate_budget_exhausted"": 4, ""score_callback"": 12}",0.3013767029133678,2,10.566777300386095,0.12461832301212628,7,8,9.489683998239348,near-pallet,outdoor-night,1893.3292163899969,road,bottom,bottom,False,173,0.9166,1.0782679387799075,6.972983599700421,True,0.52,1.12,0.432,1.12,0.52,0.432,0.5824,0.6771342019191103,570.6053167651676,0.3013767029133678,99.8263042038307,46.34792695177853,4626.742255105168,8.10848079953889,-0.5071552090410509,0.7005048823924456,0.09667483667569735,0.6038300457167483,1
2082,1433,expensive_reject,4,Dist_street_lamp_01,False,False,,0,{},0.3013767029133678,2,10.566777300386095,0.12461832301212628,7,8,9.489683998239348,near-pallet,outdoor-night,1893.3292163899969,road,bottom,bottom,False,386,0.2753,1.0464115202254891,8.280405012619465,True,0.704,3.871,0.386,3.871,0.704,0.386,2.725184,2.9840139906060053,570.6053167651676,0.3013767029133678,154.5276517868369,28.10319474500986,4342.720691654548,7.610725950248714,-2.127308814568883,1.923350180223985,-0.10197931717244908,2.025329497396434,1
2082,1433,expensive_reject,5,Dist_delivery_truck_01,False,False,,0,{},0.3013767029133678,2,10.566777300386095,0.12461832301212628,7,8,9.489683998239348,near-pallet,outdoor-night,1893.3292163899969,large,bottom,bottom,False,183,0.7897,1.144425176478386,5.260715246446515,True,2.665,2.591,6.0,6.0,2.665,2.591,15.99,20.94224666307578,570.6053167651676,0.3013767029133678,698.3191041572783,310.17006876319107,216597.684555113,379.5928257083761,-2.0991615772357486,0.8660440550197499,-0.6165587611079992,1.4826028161277494,1
2084,1433,expensive_reject,0,Dist_cargo_truck_01,False,False,,0,{},0.15131748303338521,1,21.25406221334801,0.15140097134147634,5,5,7.911565711346853,near-camera,outdoor-day,5750.870948684991,large,right,right,False,0,0.4835,0.9057617819152765,5.382343173887659,True,2.321,2.038,6.5,6.5,2.321,2.038,15.086500000000001,12.37703106475758,870.2073172048291,0.15131748303338521,530.0692281482442,189.27548900493457,100329.11236422714,115.293344908305,-0.05526444835700128,1.790678063186332,0.8677068074146653,0.9229712557716666,1
2084,1433,expensive_reject,1,Dist_construction_sign_01,False,False,feedback|prealign|prealign-primary|preprobe|primary|refine|rescue,12,"{""candidate_budget_exhausted"": 4, ""score_callback"": 12}",0.15131748303338521,1,21.25406221334801,0.15140097134147634,5,5,7.911565711346853,near-camera,outdoor-day,5750.870948684991,road,right,right,False,29,0.4797,0.974672784347705,2.5561925734386897,True,1.068,1.2,0.059,1.2,1.068,0.059,1.2816,1.217503386040055,870.2073172048291,0.15131748303338521,220.8562866354889,196.56209510558512,43411.974418311336,49.88693333187985,1.3725811142746491,2.5421884554918948,1.957384784883272,0.5848036706086228,1
2084,1433,expensive_reject,2,Dist_chinese_screen_panels,False,False,feedback|prealign|prealign-primary|preprobe|primary|refine|rescue,12,"{""candidate_budget_exhausted"": 4, ""score_callback"": 12}",0.15131748303338521,1,21.25406221334801,0.15140097134147634,5,5,7.911565711346853,near-camera,outdoor-day,5750.870948684991,large,right,right,False,127,0.921,1.1587901359869295,4.290393178829678,True,1.294,1.603,0.377,1.603,1.294,0.377,2.074282,2.7853346254578497,870.2073172048291,0.15131748303338521,289.56723789075454,233.7492238494301,67686.11710918717,77.78159959238222,0.35995932159088617,2.217499909577934,1.2887296155844101,0.9287702939935238,1
2084,1433,expensive_reject,3,Dist_utility_box_01,False,False,feedback|prealign|prealign-primary|preprobe|primary|refine|rescue,12,"{""candidate_budget_exhausted"": 4, ""score_callback"": 12}",0.15131748303338521,1,21.25406221334801,0.15140097134147634,5,5,7.911565711346853,near-camera,outdoor-day,5750.870948684991,road,right,right,False,12,0.9166,0.9771093112645769,4.4203255987656185,True,0.52,1.12,0.432,1.12,0.52,0.432,0.5824,0.5560420938275467,870.2073172048291,0.15131748303338521,165.18675828822,76.69385206238785,12668.808802822165,14.558380000199636,0.691450399937994,1.7858128285543202,1.238631614246157,0.5471812143081631,1
2084,1433,expensive_reject,4,Dist_street_lamp_01,False,False,,0,{},0.15131748303338521,1,21.25406221334801,0.15140097134147634,5,5,7.911565711346853,near-camera,outdoor-day,5750.870948684991,road,right,right,False,124,0.2753,0.9895115753780908,3.541450387913728,True,0.704,3.871,0.386,3.871,0.704,0.386,2.725184,2.668318015525741,870.2073172048291,0.15131748303338521,395.4980838309006,71.92731878505656,28447.11675458421,32.69004545486755,-0.33770040770039045,3.4926989005881985,1.5774992464439042,1.9151996541442946,1
2084,1433,expensive_reject,5,Dist_modular_chainlink_fence,False,False,,0,{},0.15131748303338521,1,21.25406221334801,0.15140097134147634,5,5,7.911565711346853,near-camera,outdoor-day,5750.870948684991,road,right,right,False,110,0.5685,0.9877109740024846,4.741235361879674,True,8.115,2.523,2.149,8.115,2.523,2.149,20.474145,19.9740224082893,870.2073172048291,0.15131748303338521,888.322193949133,276.1844602998968,245340.7857082615,281.9337195374482,-0.13109885354274198,2.360895933865527,1.1148985401613924,1.2459973937041344,2
2088,1433,expensive_reject,0,Dist_utility_box_01,False,False,prealign|prealign-primary|preprobe|primary|refine|rescue,12,"{""candidate_budget_exhausted"": 3, ""collision"": 1, ""score_callback"": 2, ""support"": 9}",0.20069621863782208,2,1.528585253538119,0.6552114458206239,4,4,1.7173631324501113,near-pallet,random-mix,65243.809589090015,road,right,right,False,0,0.9166,0.9868713601435659,1.0271227380531776,True,0.52,1.12,0.432,1.12,0.52,0.432,0.5824,0.5672081434490668,13094.185874056442,0.20069621863782208,674.492384948124,313.15717872591466,211222.1323424681,16.130986254056715,-0.4764181181305134,0.6288778052302806,0.07622984354988359,0.552647961680397,7
2088,1433,expensive_reject,1,Dist_construction_sign_01,False,False,,0,{},0.20069621863782208,2,1.528585253538119,0.6552114458206239,4,4,1.7173631324501113,near-pallet,random-mix,65243.809589090015,road,right,right,False,84,0.4797,1.1619826370603348,1.5110282658795469,True,1.068,1.2,0.059,1.2,1.068,0.059,1.2816,1.7304209963401305,13094.185874056442,0.20069621863782208,418.43119543140716,372.40376393395235,155825.35212603924,11.90034673593389,-0.6419635284880452,0.7524156359843566,0.05522605374815565,0.6971895822362009,7
2088,1433,expensive_reject,2,Dist_chinese_screen_panels,False,False,,0,{},0.20069621863782208,2,1.528585253538119,0.6552114458206239,4,4,1.7173631324501113,near-pallet,random-mix,65243.809589090015,large,right,right,False,9,0.921,1.135960907376886,1.3962066160386284,True,1.294,1.603,0.377,1.603,1.294,0.377,2.074282,2.6766683925512176,13094.185874056442,0.20069621863782208,819.4225881369636,661.4677660943423,542021.6288622016,41.39406864050334,-0.8502628105626745,0.9706825239624736,0.06020985669989955,0.910472667262574,22
2088,1433,expensive_reject,3,Dist_Shelf_01,False,False,prealign|prealign-primary|preprobe|primary|refine|rescue,12,"{""candidate_budget_exhausted"": 3, ""collision"": 1, ""score_callback"": 5, ""support"": 6}",0.20069621863782208,2,1.528585253538119,0.6552114458206239,4,4,1.7173631324501113,near-pallet,random-mix,65243.809589090015,indoor,right,right,False,87,0.9679,0.8106196712147601,1.267349034595151,True,1.003,2.08,0.257,2.08,1.003,0.257,2.0862399999999997,1.3708771733579657,13094.185874056442,0.20069621863782208,856.900467517212,413.20729274988634,354077.5223388991,27.040819929128556,-0.7772415725605872,0.9088473435661137,0.06580288550276327,0.8430444580633505,10
2088,1433,expensive_reject,4,Dist_water_dispenser_01,False,False,prealign|prealign-primary|preprobe|primary|refine|rescue,12,"{""candidate_budget_exhausted"": 3, ""score_callback"": 2, ""support"": 10}",0.20069621863782208,2,1.528585253538119,0.6552114458206239,4,4,1.7173631324501113,near-pallet,random-mix,65243.809589090015,indoor,right,right,False,7,0.9812,0.8894646511102859,0.9606632039109828,True,0.325,1.1,0.414,1.1,0.414,0.325,0.4554,0.36028851028273784,13094.185874056442,0.20069621863782208,660.4803348545074,248.58078057251458,164182.71719092925,12.53859680701685,-0.4100910562851933,0.5683200599361213,0.07911450182546398,0.48920555811065736,2
2088,1433,expensive_reject,5,Dist_wooden_bookshelf_worn,False,False,,0,{},0.20069621863782208,2,1.528585253538119,0.6552114458206239,4,4,1.7173631324501113,near-pallet,random-mix,65243.809589090015,indoor,right,right,False,27,0.6379,0.8814334528630295,1.4295491818000832,True,1.374,2.063,0.581,2.063,1.374,0.581,2.8345620000000005,2.2022418886066912,13094.185874056442,0.20069621863782208,665.1151750252136,442.98024744771874,294632.88481390185,22.501046468086194,-0.850435975063043,0.9679612381933871,0.058762631565172085,0.9091986066282151,29
2089,1433,accepted,0,Dist_compost_bags,False,False,,0,{},0.3650064018683717,3,22.523201862533508,0.098610677561614,6,8,7.04049380605402,near-pallet,outdoor-day,5779.364934440004,medium,left,left,False,0,0.4508,1.0310820121847646,4.808217615253425,True,1.828,0.707,0.926,1.828,0.926,0.707,1.6927280000000002,1.799590114744203,2109.5051998041836,0.3650064018683717,159.47141648861685,80.7825665582381,12882.5103166282,6.106887206452029,0.439333733675936,1.1683087162905645,0.8038212249832503,0.3644874913073143,1
2089,1433,accepted,1,Dist_construction_sign_01,False,False,,0,{},0.3650064018683717,3,22.523201862533508,0.098610677561614,6,8,7.04049380605402,near-pallet,outdoor-day,5779.364934440004,road,left,left,False,14,0.4797,0.8671231133344173,4.847962893217773,True,1.068,1.2,0.059,1.2,1.068,0.059,1.2816,0.9636382358987151,2109.5051998041836,0.3650064018683717,90.07270229805313,80.16470504526728,7220.651612353598,3.42291245028638,0.2672788754150839,1.3078266114163846,0.7875527434157342,0.5202738680006503,3
2089,1433,accepted,2,Dist_utility_box_01,True,True,prealign|preprobe,9,"{""score_callback"": 6}",0.3650064018683717,3,22.523201862533508,0.098610677561614,6,8,7.04049380605402,near-pallet,outdoor-day,5779.364934440004,road,left,left,False,8,0.9166,1.1805758930753554,4.055155003196476,True,0.52,1.12,0.432,1.12,0.52,0.432,0.5824,0.811725497454536,2109.5051998041836,0.3650064018683717,189.14724162159624,87.81836218145538,16610.60097034859,7.8741692468406725,0.45094125959494546,1.7731862598393437,1.1120637597171446,0.6611225001221992,1
2089,1433,accepted,3,Dist_street_lamp_01,False,False,,0,{},0.3650064018683717,3,22.523201862533508,0.098610677561614,6,8,7.04049380605402,near-pallet,outdoor-day,5779.364934440004,road,left,left,False,53,0.2753,1.094867825811079,4.842184467768381,True,0.704,3.871,0.386,3.871,0.704,0.386,2.725184,3.266774957432165,2109.5051998041836,0.3650064018683717,278.2609425348564,50.605968365936164,14081.664455394523,6.6753400070792255,-1.3291987164214383,2.9090346372932485,0.7899179604359052,2.1191166768573435,3
2089,1433,accepted,4,Dist_delivery_truck_01,False,False,,0,{},0.3650064018683717,3,22.523201862533508,0.098610677561614,6,8,7.04049380605402,near-pallet,outdoor-day,5779.364934440004,large,left,left,False,117,0.7897,1.1767959072634433,3.927671826079666,True,2.665,2.591,6.0,6.0,2.665,2.591,15.99,22.14372923155833,2109.5051998041836,0.3650064018683717,967.9521454170493,429.9320779227394,416153.6772089256,197.27549249347922,-0.3602941024508606,2.688784093268721,1.1642449954089302,1.5245390978597908,1
2089,1433,accepted,5,Dist_modular_chainlink_fence,False,False,,0,{},0.3650064018683717,3,22.523201862533508,0.098610677561614,6,8,7.04049380605402,near-pallet,outdoor-day,5779.364934440004,road,left,left,False,88,0.5685,1.0562423718318397,5.656510659812154,True,8.115,2.523,2.149,8.115,2.523,2.149,20.474145,22.84193785738857,2109.5051998041836,0.3650064018683717,692.2681417412084,215.23013205336653,148996.96356329895,70.63123787375812,-0.8758506492082868,1.7890488549234447,0.456599102857579,1.3324497520658658,1
2090,1434,expensive_reject,0,Dist_metal_tool_chest,False,False,,0,{},0.43113023825303826,3,59.786551885461066,0.3245368717939152,8,7,1.3240945960941315,near-camera,indoor,100863.33184632001,medium,left,bottom,True,17,0.7723,0.8880591481377543,0.5784445472225327,True,0.685,0.652,0.407,0.685,0.652,0.407,0.4466200000000001,0.3522264389750212,43485.232289899206,0.43113023825303826,346.5974446820655,329.90004953679806,114342.51416994103,2.6294562118850777,0.18641992066093155,0.7654344852467474,0.47592720295383945,0.2895072822929079,7
2090,1434,expensive_reject,1,Dist_chinese_screen_panels,False,False,feedback|prealign-primary|preprobe|primary|refine|rescue,12,"{""camera_clearance"": 2, ""candidate_budget_exhausted"": 3, ""collision"": 4, ""score_callback"": 1, ""support"": 5}",0.43113023825303826,3,59.786551885461066,0.3245368717939152,8,7,1.3240945960941315,near-camera,indoor,100863.33184632001,large,left,bottom,True,73,0.921,0.8508541020688434,0.9038832413760971,True,1.294,1.603,0.377,1.603,1.294,0.377,2.074282,1.5016820606995496,43485.232289899206,0.43113023825303826,543.0848737363109,438.39789558002894,238087.26576734442,5.475129215824554,-0.7283411985965162,0.6355779270198396,-0.04638163578833835,0.6819595628081779,6
2090,1434,expensive_reject,2,Dist_korean_fire_extinguisher_01,False,False,,0,{},0.43113023825303826,3,59.786551885461066,0.3245368717939152,8,7,1.3240945960941315,near-camera,indoor,100863.33184632001,medium,left,bottom,True,197,0.5119,0.9503359079967992,0.5314810636860162,True,0.28,0.659,0.367,0.659,0.367,0.28,0.241853,0.2184267164671103,43485.232289899206,0.43113023825303826,316.17602105149416,176.0798174899823,55672.216081455896,1.2802556902607944,0.2865975100260249,0.9128688733959156,0.5997331917109703,0.3131356816849453,28
2090,1434,expensive_reject,3,Dist_old_tyre,False,False,feedback|prealign-primary|preprobe|primary|refine|rescue,12,"{""candidate_budget_exhausted"": 3, ""collision"": 5, ""score_callback"": 6, ""support"": 1}",0.43113023825303826,3,59.786551885461066,0.3245368717939152,8,7,1.3240945960941315,near-camera,indoor,100863.33184632001,medium,left,bottom,True,40,0.9677,0.9359736564643129,0.5085537817303604,True,0.6,0.6,0.165,0.6,0.6,0.165,0.36,0.31537680681426317,43485.232289899206,0.43113023825303826,407.3896252184743,407.3896252184743,165966.30673564895,3.816613088995727,0.24572926816675844,0.8073134620453462,0.5265213651060523,0.28079209693929386,11
2090,1434,expensive_reject,4,Dist_planter_box_01,False,False,feedback|prealign-primary|preprobe|primary|refine|rescue,12,"{""candidate_budget_exhausted"": 3, ""collision"": 2, ""score_callback"": 2, ""support"": 8}",0.43113023825303826,3,59.786551885461066,0.3245368717939152,8,7,1.3240945960941315,near-camera,indoor,100863.33184632001,medium,left,bottom,True,41,0.9607,0.9715711583943918,0.6626235817213845,True,0.913,0.425,0.414,0.913,0.425,0.414,0.388025,0.3662763989025379,43485.232289899206,0.43113023825303826,492.0780646863109,229.06153065901663,112716.15470077297,2.5920559409534256,0.17803216966643468,0.5909499119840512,0.38449104082524294,0.2064588711588083,13
2090,1434,expensive_reject,5,Dist_wooden_crate_01,False,False,,0,{},0.43113023825303826,3,59.786551885461066,0.3245368717939152,8,7,1.3240945960941315,near-camera,indoor,100863.33184632001,small,left,bottom,True,347,0.9288,1.0414941456219613,0.6309746837569945,True,0.825,0.35,0.409,0.825,0.409,0.35,0.337425,0.36600829043147404,43485.232289899206,0.43113023825303826,492.17727455969117,244.00061247868328,120091.5564406537,2.761662985724666,0.23577479981248597,0.6002977507801724,0.4180362752963292,0.18226147548384325,26
2092,1434,expensive_reject,0,Dist_concrete_road_barrier,False,False,,0,{},0.2874113250126513,2,13.854034763875777,0.3253179837479845,6,6,1.8045617842026553,near-pallet,outdoor-night,36095.29639488501,road,left,left,False,0,0.7231,1.0633673386452942,1.4054838027922596,True,1.545,0.831,0.639,1.545,0.831,0.639,1.2838949999999998,1.4517643956563129,10374.196963578277,0.2874113250126513,381.9484707081254,205.43636191485578,78466.10426122014,7.563583430765666,-0.39056544793235914,0.49309281048188025,0.051263681274760525,0.4418291292071197,3
2092,1434,expensive_reject,1,Dist_construction_sign_01,False,False,,0,{},0.2874113250126513,2,13.854034763875777,0.3253179837479845,6,6,1.8045617842026553,near-pallet,outdoor-night,36095.29639488501,road,left,left,False,68,0.4797,0.8399207034537873,1.2308873887059848,True,1.068,1.2,0.059,1.2,1.068,0.059,1.2816,0.9041262356165349,10374.196963578277,0.2874113250126513,217.92432468233383,193.9526489672771,42267.00004654362,4.074243066228121,-0.39606230120482866,0.6118425429397162,0.10789012086744375,0.5039524220722724,4
2092,1434,expensive_reject,2,Dist_utility_box_01,False,False,feedback|prealign|prealign-primary|preprobe|primary|refine|rescue,12,"{""candidate_budget_exhausted"": 4, ""collision"": 1, ""score_callback"": 5, ""support"": 6}",0.2874113250126513,2,13.854034763875777,0.3253179837479845,6,6,1.8045617842026553,near-pallet,outdoor-night,36095.29639488501,road,left,left,False,27,0.9166,1.046739568629821,1.0959742906299172,True,0.52,1.12,0.432,1.12,0.52,0.432,0.5824,0.6381145531693844,10374.196963578277,0.2874113250126513,393.51914259209013,182.70531620347043,71898.0393794064,6.930467932296445,-0.43452799344231585,0.7378203234230838,0.15164616499038397,0.5861741584326998,2
2092,1434,expensive_reject,3,Dist_ladder_sectioned_01,False,False,,0,{},0.2874113250126513,2,13.854034763875777,0.3253179837479845,6,6,1.8045617842026553,near-pallet,outdoor-night,36095.29639488501,large,left,left,False,5,0.4479,0.903317174506515,1.1860520379708859,True,0.662,2.135,0.178,2.135,0.662,0.178,1.41337,1.1532843631022374,10374.196963578277,0.2874113250126513,418.1620085094774,129.65960170176774,54218.719470150056,5.226305193597258,-0.8418596202835646,1.0867225472878448,0.12243146350214008,0.9642910837857047,1
2092,1434,expensive_reject,4,Dist_chinese_screen_panels,False,False,feedback|prealign|prealign-primary|preprobe|primary|refine|rescue,12,"{""candidate_budget_exhausted"": 4, ""score_callback"": 12}",0.2874113250126513,2,13.854034763875777,0.3253179837479845,6,6,1.8045617842026553,near-pallet,outdoor-night,36095.29639488501,large,left,left,False,45,0.921,1.1949891718987826,1.446025574660069,True,1.294,1.603,0.377,1.603,1.294,0.377,2.074282,2.962072872613481,10374.196963578277,0.2874113250126513,488.5072040169358,394.3408122257736,192638.32761018016,18.568986909203158,-0.9196689564177729,0.9958986861359755,0.03811486485910126,0.9577838212768742,4
2092,1434,expensive_reject,5,Dist_forklift_02,False,False,feedback|prealign|prealign-primary|preprobe|primary|refine|rescue,12,"{""candidate_budget_exhausted"": 4, ""score_callback"": 11, ""support"": 1}",0.2874113250126513,2,13.854034763875777,0.3253179837479845,6,6,1.8045617842026553,near-pallet,outdoor-night,36095.29639488501,large,left,left,False,14,0.5807,0.8973961160201547,1.351261046972085,True,2.5,1.774,0.928,2.5,1.774,0.928,4.4350000000000005,3.571593264428142,10374.196963578277,0.2874113250126513,486.16141675781137,344.9801413313429,167716.03426295565,16.166652209493705,-0.7271407362430538,0.8648399735767007,0.06884961866682353,0.7959903549098772,1
2093,1434,expensive_reject,0,Dist_steel_frame_shelves_03,False,False,,0,{},0.12567964773278265,1,7.92755377887495,0.5184002565442906,6,6,2.0088759288374813,near-pallet,random-mix,46368.38561602499,large,left,left,False,0,0.2394,0.836720250414884,1.7248956856302993,True,2.351,2.312,0.721,2.351,2.312,0.721,5.435511999999999,3.805406177062427,5827.562370159847,0.12567964773278265,338.0942289663304,332.4856900766294,112411.49302879629,19.289625041921756,-0.9196102348202995,1.014886984138912,0.04763837465930633,0.9672486094796058,3
2093,1434,expensive_reject,1,Dist_construction_sign_01,False,False,,0,{},0.12567964773278265,1,7.92755377887495,0.5184002565442906,6,6,2.0088759288374813,near-pallet,random-mix,46368.38561602499,road,left,left,False,107,0.4797,1.0847064900606482,1.2079525934699542,True,1.068,1.2,0.059,1.2,1.068,0.059,1.2816,1.5079153981333322,5827.562370159847,0.12567964773278265,452.2036514602022,402.46124979957995,181994.4467306066,31.22994404358723,-0.5119500226219099,0.789697765450868,0.13887387141447904,0.650823894036389,3
2093,1434,expensive_reject,2,Dist_Shelf_01,False,False,feedback|prealign|prealign-primary|preprobe|primary|refine|rescue,12,"{""candidate_budget_exhausted"": 4, ""score_callback"": 10, ""support"": 2}",0.12567964773278265,1,7.92755377887495,0.5184002565442906,6,6,2.0088759288374813,near-pallet,random-mix,46368.38561602499,indoor,left,left,False,200,0.9679,1.1575042090141776,1.7939475543342558,True,1.003,2.08,0.257,2.08,1.003,0.257,2.0862399999999997,2.795177719083762,5827.562370159847,0.12567964773278265,800.012969989238,385.77548504769504,308625.39154204534,52.9596033364427,-1.16835299513031,1.2392557596191793,0.03545138224443465,1.2038043773747447,4
2093,1434,expensive_reject,3,Dist_utility_box_01,False,False,feedback|prealign|prealign-primary|preprobe|primary|refine|rescue,12,"{""candidate_budget_exhausted"": 4, ""score_callback"": 12}",0.12567964773278265,1,7.92755377887495,0.5184002565442906,6,6,2.0088759288374813,near-pallet,random-mix,46368.38561602499,road,left,left,False,16,0.9166,1.0900681047649448,1.3396001797823374,True,0.52,1.12,0.432,1.12,0.52,0.432,0.5824,0.6920359106902484,5827.562370159847,0.12567964773278265,528.6789221712061,245.4580710080599,129768.50841876447,22.268059983921713,-0.49479880334883075,0.7260774739879076,0.1156393353195384,0.6104381386683692,2
2093,1434,expensive_reject,4,Dist_water_dispenser_01,False,False,feedback|prealign|prealign-primary|preprobe|primary|refine|rescue,12,"{""candidate_budget_exhausted"": 4, ""collision"": 1, ""score_callback"": 4, ""support"": 7}",0.12567964773278265,1,7.92755377887495,0.5184002565442906,6,6,2.0088759288374813,near-pallet,random-mix,46368.38561602499,indoor,left,left,False,170,0.9812,0.9591305032726605,1.7804941173036215,True,0.325,1.1,0.414,1.1,0.414,0.325,0.4554,0.4189367241790937,5827.562370159847,0.12567964773278265,355.64296836902525,133.85108082252407,47603.19570312477,8.168629124739688,-0.48969599197781966,0.5653475616221069,0.037825784822143584,0.5275217767999633,2
2093,1434,expensive_reject,5,Dist_street_lamp_01,False,False,,0,{},0.12567964773278265,1,7.92755377887495,0.5184002565442906,6,6,2.0088759288374813,near-pallet,random-mix,46368.38561602499,road,left,left,False,100,0.2753,0.813838545035169,1.783142953441458,True,0.704,3.871,0.386,3.871,0.704,0.386,2.725184,1.804979777678657,5827.562370159847,0.12567964773278265,561.6735617623514,102.1488471921197,57374.30683231604,9.845335525897132,-1.5378262132615916,1.6125427945695472,0.03735829065397778,1.5751845039155694,1
2095,1434,expensive_reject,0,Dist_barrel_stove,False,False,feedback|prealign|prealign-primary|preprobe|primary|refine|rescue,12,"{""candidate_budget_exhausted"": 4, ""score_callback"": 12}",0.42425595711672,3,8.78745598153125,0.07954044607439821,6,8,7.144771966675929,near-camera,outdoor-day,955.3026768349955,large,bottom,bottom,False,0,0.9707,1.131269047798671,4.297574860728808,True,0.593,0.856,0.593,0.856,0.593,0.593,0.507608,0.6496213168155796,405.29285149679566,0.42425595711672,73.40445475898167,50.851450551490814,3732.723001435501,9.209940386686077,-0.3986059037655132,0.5697604011501493,0.08557724869231803,0.4841831524578312,1
2095,1434,expensive_reject,1,Dist_construction_sign_01,False,False,,0,{},0.42425595711672,3,8.78745598153125,0.07954044607439821,6,8,7.144771966675929,near-camera,outdoor-day,955.3026768349955,road,bottom,bottom,False,46,0.4797,0.9091094547673902,4.057881173800624,True,1.068,1.2,0.059,1.2,1.068,0.059,1.2816,1.0592167689579468,405.29285149679566,0.42425595711672,61.5668079948237,54.794459115393096,3373.519943537624,8.323660116576953,-0.4181307028053771,0.6728006429154911,0.127334970055057,0.5454656728604341,1
2095,1434,expensive_reject,2,Dist_chinese_screen_panels,False,False,feedback|prealign-primary|preprobe|primary|refine|rescue,12,"{""camera_clearance"": 7, ""candidate_budget_exhausted"": 3, ""score_callback"": 5}",0.42425595711672,3,8.78745598153125,0.07954044607439821,6,8,7.144771966675929,near-camera,outdoor-day,955.3026768349955,large,bottom,bottom,False,263,0.921,1.1493468001644185,3.045862685930932,True,1.294,1.603,0.377,1.603,1.294,0.377,2.074282,2.740122512512849,405.29285149679566,0.42425595711672,191.94101693541742,154.9417816060076,29739.683127242453,73.37825727103302,-0.9952114733815746,0.8471914472819883,-0.0740100130497932,0.9212014603317814,5
2095,1434,expensive_reject,3,Dist_utility_box_01,False,False,feedback|prealign|prealign-primary|preprobe|primary|refine|rescue,12,"{""candidate_budget_exhausted"": 4, ""collision"": 1, ""score_callback"": 10, ""support"": 1}",0.42425595711672,3,8.78745598153125,0.07954044607439821,6,8,7.144771966675929,near-camera,outdoor-day,955.3026768349955,road,bottom,bottom,False,53,0.9166,1.1291519815672693,2.7124717831981147,True,0.52,1.12,0.432,1.12,0.52,0.432,0.5824,0.7425507966107742,405.29285149679566,0.42425595711672,147.59063609120537,68.5242238994882,10113.533792981641,24.953644643943594,-0.21979436798916513,1.0448558513661765,0.41253074168850573,0.6323251096776709,3
2095,1434,expensive_reject,4,Dist_street_lamp_01,False,False,,0,{},0.42425595711672,3,8.78745598153125,0.07954044607439821,6,8,7.144771966675929,near-camera,outdoor-day,955.3026768349955,road,bottom,bottom,False,205,0.2753,0.920537752266949,3.484364628604932,True,0.704,3.871,0.386,3.871,0.704,0.386,2.725184,2.309292997589788,405.29285149679566,0.42425595711672,177.4222032963413,32.26691581519615,5724.8672975096615,14.125260972077431,-1.3946867986583245,2.168714840367035,0.38701402085435543,1.7817008195126798,1
2095,1434,expensive_reject,5,Dist_delivery_truck_01,False,False,,0,{},0.42425595711672,3,8.78745598153125,0.07954044607439821,6,8,7.144771966675929,near-camera,outdoor-day,955.3026768349955,large,bottom,bottom,False,11,0.7897,1.0848417776023507,4.431372404618853,True,2.665,2.591,6.0,6.0,2.665,2.591,15.99,18.818338102078535,405.29285149679566,0.42425595711672,431.5927648030962,191.69911970004188,82735.95308166076,204.13869323405743,-2.28744790515079,0.5233771406169008,-0.8820353822669447,1.4054125228838454,1
2097,1434,expensive_reject,0,Dist_construction_sign_01,False,False,feedback|prealign|prealign-primary|preprobe|primary|refine|rescue,12,"{""candidate_budget_exhausted"": 4, ""score_callback"": 12}",0.10482394125307119,1,1.2203311352012767,0.15200531002339507,5,6,6.851088272605203,near-camera,outdoor-day,2623.789425165014,road,bottom,bottom,False,0,0.4797,1.0663450758998732,3.1838122388678682,True,1.068,1.2,0.059,1.2,1.068,0.059,1.2816,1.4572968776601936,275.03594856392687,0.10482394125307119,168.66386057784493,150.11083591428198,25318.273099870214,92.05441409411056,-0.9306316745757762,0.34898241650407147,-0.2908246290358524,0.6398070455399238,1
2097,1434,expensive_reject,1,Dist_chinese_screen_panels,False,False,feedback|gate-overlap-refine|prealign|preprobe|primary|refine|rescue,12,"{""candidate_budget_exhausted"": 5, ""score_callback"": 12}",0.10482394125307119,1,1.2203311352012767,0.15200531002339507,5,6,6.851088272605203,near-camera,outdoor-day,2623.789425165014,large,bottom,bottom,False,53,0.921,0.9964278853100427,3.950231407410116,True,1.294,1.603,0.377,1.603,1.294,0.377,2.074282,2.059489321438658,275.03594856392687,0.10482394125307119,235.12146776757504,189.798614654549,44625.72885782994,162.2541674673394,-1.3419961759876409,0.2552777241643577,-0.5433592259116415,0.7986369500759993,1
2097,1434,expensive_reject,2,Dist_utility_box_01,False,False,feedback|prealign|prealign-primary|preprobe|primary|refine|rescue,12,"{""candidate_budget_exhausted"": 4, ""score_callback"": 12}",0.10482394125307119,1,1.2203311352012767,0.15200531002339507,5,6,6.851088272605203,near-camera,outdoor-day,2623.789425165014,road,bottom,bottom,False,340,0.9166,1.1432603523630438,3.526963487185653,True,0.52,1.12,0.432,1.12,0.52,0.432,0.5824,0.7612225614653418,275.03594856392687,0.10482394125307119,210.5996958476996,97.77843021500337,20592.107663745228,74.8706042656056,-0.8339216160113893,0.4465299786352198,-0.1936958186880847,0.6402257973233045,1
2097,1434,expensive_reject,3,Dist_street_lamp_01,False,False,,0,{},0.10482394125307119,1,1.2203311352012767,0.15200531002339507,5,6,6.851088272605203,near-camera,outdoor-day,2623.789425165014,road,bottom,bottom,False,44,0.2753,0.9072889338338506,2.2824369094117256,True,0.704,3.871,0.386,3.871,0.704,0.386,2.725184,2.243298459641861,275.03594856392687,0.10482394125307119,489.1912954033815,88.96684886695441,43521.80804518229,158.2404346501871,-1.7868625307724473,1.7252529320983883,-0.030804799337029485,1.7560577314354178,1
2097,1434,expensive_reject,4,Dist_delivery_van_01,False,False,,0,{},0.10482394125307119,1,1.2203311352012767,0.15200531002339507,5,6,6.851088272605203,near-camera,outdoor-day,2623.789425165014,large,bottom,bottom,False,62,0.8028,0.9368793318679262,2.8604781161769957,True,2.476,2.34,5.0,5.0,2.476,2.34,12.379999999999999,10.866456885118392,275.03594856392687,0.10482394125307119,889.0461926477988,440.25567459919,391407.6312939981,1423.1144449941708,-2.0197579052675056,0.17253973130344147,-0.923609086982032,1.0961488182854735,1
2097,1434,expensive_reject,5,Dist_delivery_truck_01,False,False,,0,{},0.10482394125307119,1,1.2203311352012767,0.15200531002339507,5,6,6.851088272605203,near-camera,outdoor-day,2623.789425165014,large,bottom,bottom,False,260,0.7897,0.8309743646175457,3.3895716620142764,True,2.665,2.591,6.0,6.0,2.665,2.591,15.99,11.041389130478025,275.03594856392687,0.10482394125307119,792.0101308943189,351.7844998055601,278616.88773759414,1013.0198950077792,-1.9644183097720718,0.18863626895198926,-0.8878910204100413,1.0765272893620306,3
2102,1434,accepted,0,Dist_forklift_02,False,False,preprobe|primary|refine|rescue,12,"{""candidate_budget_exhausted"": 1, ""collision"": 11, ""support"": 1}",0.2521592696087459,2,69.68422919989085,0.0983124134410056,6,7,7.474912250055815,near-pallet,indoor,11275.794501279976,large,bottom,bottom,False,0,0.5807,0.9595263935003686,5.071893394271674,True,2.5,1.774,0.928,2.5,1.774,0.928,4.4350000000000005,4.083264140718661,2843.296105701072,0.2521592696087459,231.15097764590402,164.0247337375335,37914.47756153996,13.334691904060897,0.5699775045363873,2.272177326606041,1.4210774155712143,0.8510999110348269,1
2102,1434,accepted,1,Dist_Shelf_01,True,True,preprobe,1,{},0.2521592696087459,2,69.68422919989085,0.0983124134410056,6,7,7.474912250055815,near-pallet,indoor,11275.794501279976,indoor,bottom,bottom,False,36,0.9679,1.1197873226852104,4.521581342072465,True,1.003,2.08,0.257,2.08,1.003,0.257,2.0862399999999997,2.6159856715005536,2843.296105701072,0.2521592696087459,325.025011602774,156.730810883453,50941.43362590648,17.916330811892642,0.8852503551774098,3.2144079863626476,2.0498291707700287,1.1645788155926189,1
2102,1434,accepted,2,Dist_delivery_truck_01,False,False,,0,{},0.2521592696087459,2,69.68422919989085,0.0983124134410056,6,7,7.474912250055815,near-pallet,indoor,11275.794501279976,large,bottom,bottom,False,219,0.7897,0.9518308127662456,4.5494352715329205,True,2.665,2.591,6.0,6.0,2.665,2.591,15.99,14.486650519138715,2843.296105701072,0.2521592696087459,715.447207594637,317.7778013732846,227353.2406280797,79.96115500324267,0.4699978923636039,2.936191528240946,1.703094710302275,1.2330968179386712,3
2102,1434,accepted,3,Dist_cargo_truck_01,False,False,,0,{},0.2521592696087459,2,69.68422919989085,0.0983124134410056,6,7,7.474912250055815,near-pallet,indoor,11275.794501279976,large,bottom,bottom,False,142,0.4835,1.0110957931616982,4.505162936113634,True,2.321,2.038,6.5,6.5,2.321,2.038,15.086500000000001,15.423150766044367,2843.296105701072,0.2521592696087459,650.5585679593893,232.2994517282681,151124.39865409338,53.15112919511794,0.8911021754723925,2.9517154019359335,1.9214087887041629,1.0303066132317706,5
2102,1434,accepted,4,Dist_delivery_van_01,False,False,,0,{},0.2521592696087459,2,69.68422919989085,0.0983124134410056,6,7,7.474912250055815,near-pallet,indoor,11275.794501279976,large,bottom,bottom,False,199,0.8028,0.8235488744814228,4.117929941631231,True,2.476,2.34,5.0,5.0,2.476,2.34,12.379999999999999,8.396521428406073,2843.296105701072,0.2521592696087459,574.6152063148554,284.5494501671164,163506.44101455624,57.50594905916084,1.3089612942197832,3.2360656605063123,2.2725134773630478,0.9635521831432645,1
2102,1434,accepted,5,Dist_covered_car,False,False,,0,{},0.2521592696087459,2,69.68422919989085,0.0983124134410056,6,7,7.474912250055815,near-pallet,indoor,11275.794501279976,large,bottom,bottom,False,184,0.7299,0.8823312094004342,4.936583151466335,True,1.789,1.411,4.38,4.38,1.789,1.411,7.835819999999999,6.100251401605454,2843.296105701072,0.2521592696087459,428.9473420162266,175.2024645815136,75152.63149693234,26.43151775372405,0.9259177556890322,2.1708870921530448,1.5484024239210386,0.6224846682320062,1
2103,1435,expensive_reject,0,Dist_propane_tank,False,False,feedback|prealign-primary|preprobe|primary|refine|rescue,12,"{""candidate_budget_exhausted"": 3, ""score_callback"": 5, ""support"": 7}",0.1364280771315031,1,12.038866037009715,0.8677035298877237,6,4,0.8993885588091831,near-pallet,outdoor-night,795496.8781959648,medium,center,center,False,0,0.8678,0.9778681413212463,0.542493883026141,True,0.337,0.554,0.337,0.554,0.337,0.337,0.18669800000000003,0.178525500755923,108528.10945638902,0.1364280771315031,422.3874936287821,256.9396847525263,108528.109456389,0.9999999999999998,-0.7042094303328404,-0.16247048004086995,-0.4333399551868552,0.27086947514598525,6
2103,1435,expensive_reject,1,Dist_utility_box_01,False,False,prealign|prealign-primary|preprobe|primary|refine|rescue,12,"{""candidate_budget_exhausted"": 3, ""collision"": 1, ""score_callback"": 4, ""support"": 7}",0.1364280771315031,1,12.038866037009715,0.8677035298877237,6,4,0.8993885588091831,near-pallet,outdoor-night,795496.8781959648,road,center,center,False,501,0.9166,0.8013102201304505,0.8069305988141016,True,0.52,1.12,0.432,1.12,0.52,0.432,0.5824,0.37395791531892164,108528.10945638902,0.1364280771315031,483.4799387118745,224.472828687656,108528.10945638904,1.0000000000000002,-1.2213023172738127,-0.32383487072770795,-0.7725685940007603,0.4487337232730524,3
2103,1435,expensive_reject,2,Dist_fire_hydrant,False,False,,0,{},0.1364280771315031,1,12.038866037009715,0.8677035298877237,6,4,0.8993885588091831,near-pallet,outdoor-night,795496.8781959648,road,center,center,False,136,0.4902,0.967714070779182,0.7808111711397282,True,0.875,0.799,0.318,0.875,0.799,0.318,0.699125,0.654709954241375,108528.10945638902,0.1364280771315031,344.74800028070854,314.80417397061274,108528.10945638902,1.0,-1.1256634527812737,-0.35245991022870726,-0.7390616815049905,0.3866017712762832,16
2103,1435,expensive_reject,3,Dist_barrel_stove,False,False,,0,{},0.1364280771315031,1,12.038866037009715,0.8677035298877237,6,4,0.8993885588091831,near-pallet,outdoor-night,795496.8781959648,large,center,center,False,559,0.9707,0.8223901368338501,0.7956453512081616,True,0.593,0.856,0.593,0.856,0.593,0.593,0.507608,0.34330825326752473,108528.10945638902,0.1364280771315031,395.8044334888443,274.1962956295381,108528.10945638901,0.9999999999999999,-1.1100744634674145,-0.4061085063376388,-0.7580914849025266,0.3519829785648878,1
2103,1435,expensive_reject,4,Dist_old_tyre,False,False,prealign-primary|preprobe|primary|refine|rescue,12,"{""candidate_budget_exhausted"": 2, ""collision"": 2, ""score_callback"": 2, ""support"": 8}",0.1364280771315031,1,12.038866037009715,0.8677035298877237,6,4,0.8993885588091831,near-pallet,outdoor-night,795496.8781959648,medium,center,center,False,18,0.9677,0.992827315043204,0.8076630799335013,True,0.6,0.6,0.165,0.6,0.6,0.165,0.36,0.3548541878985231,108528.10945638902,0.1364280771315031,329.4360475970853,329.4360475970853,108528.10945638905,1.0000000000000002,-1.0713564408322371,-0.47566005180631477,-0.773508246319276,0.2978481945129612,2
2103,1435,expensive_reject,5,Dist_portable_generator,False,False,,0,{},0.1364280771315031,1,12.038866037009715,0.8677035298877237,6,4,0.8993885588091831,near-pallet,outdoor-night,795496.8781959648,large,center,center,False,343,0.8598,0.8549247985870799,0.7506302914916941,True,0.818,0.577,0.564,0.818,0.577,0.564,0.47198599999999996,0.34497287355512574,108528.10945638902,0.1364280771315031,392.2472108394279,276.68293478526886,108528.10945638904,1.0000000000000002,-0.9469904012039558,-0.4536987924192108,-0.7003445968115833,0.24664580439237252,11
2104,1435,accepted,0,Dist_chinese_screen_panels,False,True,prealign|prealign-primary|preprobe|primary,12,"{""candidate_budget_exhausted"": 1, ""score_callback"": 10, ""support"": 1}",0.39994869245091247,3,22.963619042799806,0.19965474862010835,5,6,4.636456144964837,near-pallet,outdoor-night,15738.529762024995,large,right,right,False,0,0.921,0.8850100589864088,4.106211062934306,True,1.294,1.603,0.377,1.603,1.294,0.377,2.074282,1.6246664510186524,6294.604399421667,0.39994869245091247,200.8981266989103,162.1722869297504,32580.10864666503,5.175878669938084,-0.6372287876577138,0.7814423368974994,0.0721067746198928,0.7093355622776066,3
2104,1435,accepted,1,Dist_construction_sign_01,False,False,,0,{},0.39994869245091247,3,22.963619042799806,0.19965474862010835,5,6,4.636456144964837,near-pallet,outdoor-night,15738.529762024995,road,right,right,False,74,0.4797,0.8943119622145119,3.2745239930731644,True,1.068,1.2,0.059,1.2,1.068,0.059,1.2816,1.0250158439899784,6294.604399421667,0.39994869245091247,137.53479350115484,122.40596621602784,16835.079286830725,2.6745253900908357,-0.09751367284209145,0.9756606818153227,0.43907350448661564,0.5365871773287071,1
2104,1435,accepted,2,Dist_utility_box_01,True,True,prealign|prealign-primary|preprobe|primary,12,"{""candidate_budget_exhausted"": 1, ""score_callback"": 10, ""support"": 1}",0.39994869245091247,3,22.963619042799806,0.19965474862010835,5,6,4.636456144964837,near-pallet,outdoor-night,15738.529762024995,road,right,right,False,90,0.9166,1.0465689009335497,3.2277791882054774,True,0.52,1.12,0.432,1.12,0.52,0.432,0.5824,0.6379064848672928,6294.604399421667,0.39994869245091247,210.65781196855477,97.80541269968614,20603.474237997383,3.273196047060619,-0.12637978862288007,1.0457773804226957,0.45969879589990786,0.5860785845227879,4
2104,1435,accepted,3,Dist_street_lamp_01,False,False,,0,{},0.39994869245091247,3,22.963619042799806,0.19965474862010835,5,6,4.636456144964837,near-pallet,outdoor-night,15738.529762024995,road,right,right,False,7,0.2753,0.8316825112304924,3.0590756008703632,True,0.704,3.871,0.386,3.871,0.704,0.386,2.725184,1.8849983256282492,6294.604399421667,0.39994869245091247,334.57943818671777,60.84834008872366,20358.6034414795,3.234294349514641,-1.0755853278321479,2.1438576731410883,0.5341361726544703,1.609721500486618,1
2104,1435,accepted,4,Dist_delivery_truck_01,False,False,,0,{},0.39994869245091247,3,22.963619042799806,0.19965474862010835,5,6,4.636456144964837,near-pallet,outdoor-night,15738.529762024995,large,right,right,False,64,0.7897,0.8802642423676453,4.0434198157476935,True,2.665,2.591,6.0,6.0,2.665,2.591,15.99,12.390093530893443,6294.604399421667,0.39994869245091247,703.3186864338338,312.39071655769453,219710.2284234818,34.90453322907286,-1.040570060348791,1.240194591625778,0.0998122656384935,1.1403823259872845,5
2104,1435,accepted,5,Dist_modular_chainlink_fence,False,False,,0,{},0.39994869245091247,3,22.963619042799806,0.19965474862010835,5,6,4.636456144964837,near-pallet,outdoor-night,15738.529762024995,road,right,right,False,28,0.5685,0.8092139236236287,3.9002933586116044,True,8.115,2.523,2.149,8.115,2.523,2.149,20.474145,13.407026514231543,6294.604399421667,0.39994869245091247,769.1755017126982,239.14107095762628,183941.45323394416,29.222083162342063,-0.8578591638246276,1.1837875654777874,0.16296420082657995,1.0208233646512075,5
2107,1436,expensive_reject,0,Dist_plastic_crate_01,False,False,feedback|prealign|prealign-primary|preprobe|primary|refine|rescue,12,"{""candidate_budget_exhausted"": 4, ""score_callback"": 11, ""support"": 1}",0.34495973871867314,2,12.185282159840224,0.24852478865341998,5,8,3.049198424623557,near-camera,outdoor-day,8880.31777254001,small,bottom,bottom,False,0,0.8408,1.0667911759162996,1.8865908221764522,True,0.298,0.264,0.408,0.408,0.298,0.264,0.12158399999999998,0.13836787032775813,3063.352098554191,0.34495973871867314,81.61292696375031,59.60944175293529,4864.901016132236,1.5880972410674963,0.009091895726974275,0.2907247661688774,0.14990833094792583,0.14081643522095155,4
2107,1436,expensive_reject,1,Dist_construction_sign_01,False,False,,0,{},0.34495973871867314,2,12.185282159840224,0.24852478865341998,5,8,3.049198424623557,near-camera,outdoor-day,8880.31777254001,road,bottom,bottom,False,35,0.4797,1.158867662449638,1.533579459458351,True,1.068,1.2,0.059,1.2,1.068,0.059,1.2816,1.721155810426019,3063.352098554191,0.34495973871867314,242.29497551992824,215.64252821273615,52249.10109436034,17.05618532032943,-0.8312974949893961,0.5593436999501693,-0.13597689751961337,0.6953205974697827,1
2107,1436,expensive_reject,2,Dist_chinese_screen_panels,False,False,feedback|gate-overlap-refine|prealign|preprobe|primary|refine|rescue,12,"{""candidate_budget_exhausted"": 5, ""score_callback"": 12}",0.34495973871867314,2,12.185282159840224,0.24852478865341998,5,8,3.049198424623557,near-camera,outdoor-day,8880.31777254001,large,bottom,bottom,False,39,0.921,1.1281789071926227,1.2570108330275156,True,1.294,1.603,0.377,1.603,1.294,0.377,2.074282,2.640120505235973,3063.352098554191,0.34495973871867314,532.6636177752783,429.9854781043107,229037.62035787487,74.76699151428713,-1.2343933593387075,0.5740774288910666,-0.3301579652238205,0.9042353941148871,1
2107,1436,expensive_reject,3,Dist_utility_box_01,False,False,feedback|prealign-primary|preprobe|primary|refine|rescue,12,"{""camera_clearance"": 8, ""candidate_budget_exhausted"": 3, ""score_callback"": 4}",0.34495973871867314,2,12.185282159840224,0.24852478865341998,5,8,3.049198424623557,near-camera,outdoor-day,8880.31777254001,road,bottom,bottom,False,54,0.9166,0.9871158667389898,1.437474188391242,True,0.52,1.12,0.432,1.12,0.52,0.432,0.5824,0.5674892404958457,3063.352098554191,0.34495973871867314,284.07091387942785,131.89006715830575,37466.13190927903,12.230436039971345,-0.4795748295487323,0.6259949411989363,0.07321005582510197,0.5527848853738343,1
2107,1436,expensive_reject,4,Dist_ladder_sectioned_01,False,False,,0,{},0.34495973871867314,2,12.185282159840224,0.24852478865341998,5,8,3.049198424623557,near-camera,outdoor-day,8880.31777254001,large,bottom,bottom,False,219,0.4479,1.020592103780216,1.9008396218325918,True,0.662,2.135,0.178,2.135,0.662,0.178,1.41337,1.472177841417469,3063.352098554191,0.34495973871867314,295.96876493895934,91.77111118950405,27161.382435833428,8.86655583883184,-1.1257312382567222,1.0532329033140384,-0.03624916747134181,1.0894820707853803,1
2107,1436,expensive_reject,5,Dist_forklift_01,False,False,,0,{},0.34495973871867314,2,12.185282159840224,0.24852478865341998,5,8,3.049198424623557,near-camera,outdoor-day,8880.31777254001,large,bottom,bottom,False,30,0.5646,1.03942023625347,1.568769521817908,True,0.83,1.539,2.5,2.5,1.539,0.83,3.8474999999999997,4.156817559934061,3063.352098554191,0.34495973871867314,480.1679977463708,295.5914194126658,141933.54001038746,46.33275426529512,-1.117554465961317,0.48211327763277295,-0.31772059416427206,0.799833871797045,1
2108,1436,accepted,0,Dist_wooden_ladder,False,False,,0,{},0.16938163735157058,1,7.683156305146699,0.09934883018968753,4,5,9.989874932849878,near-pallet,random-mix,1660.9770293550005,large,right,right,False,0,0.2179,0.9046103559980715,6.9948050846097125,True,0.959,1.335,0.5,1.335,0.959,0.5,1.280265,1.0476663218815532,281.3390088354977,0.16938163735157058,46.53780727513575,33.43052972049076,1555.7835492378968,5.529924754044976,-0.21253090049621864,0.9951239247612069,0.3912965121324941,0.6038274126287128,2
2108,1436,accepted,1,Dist_construction_sign_01,False,False,,0,{},0.16938163735157058,1,7.683156305146699,0.09934883018968753,4,5,9.989874932849878,near-pallet,random-mix,1660.9770293550005,road,right,right,False,14,0.4797,0.8538722612305822,8.176533432478152,True,1.068,1.2,0.059,1.2,1.068,0.059,1.2816,0.9344117898203539,281.3390088354977,0.16938163735157058,50.118710845386374,44.60565265239388,2235.5778073550705,7.946206310345821,-0.2932308920634624,0.7314158214132361,0.21909246467488688,0.5123233567383493,1
2108,1436,accepted,2,Dist_Shelf_01,False,False,,0,{},0.16938163735157058,1,7.683156305146699,0.09934883018968753,4,5,9.989874932849878,near-pallet,random-mix,1660.9770293550005,indoor,right,right,False,232,0.9679,1.0563504232895577,8.628152057459591,True,1.003,2.08,0.257,2.08,1.003,0.257,2.0862399999999997,2.32798559850351,281.3390088354977,0.16938163735157058,144.6701387740558,69.76161018768173,10092.4218269535,35.87281361631106,-0.9453228323893872,1.251886048052893,0.1532816078317529,1.0986044402211401,1
2108,1436,accepted,3,Dist_utility_box_01,False,False,,0,{},0.16938163735157058,1,7.683156305146699,0.09934883018968753,4,5,9.989874932849878,near-pallet,random-mix,1660.9770293550005,road,right,right,False,6,0.9166,0.9856940692245753,6.58545179067943,True,0.52,1.12,0.432,1.12,0.52,0.432,0.5824,0.5658556456160618,281.3390088354977,0.16938163735157058,92.67756518428301,43.02886954984567,3987.810862511833,14.174397212167454,-0.10104030655726176,1.0029370509742626,0.4509483722085004,0.5519886787657622,2
2108,1436,accepted,4,Dist_water_dispenser_01,True,True,gate-overlap-refine|preprobe,12,"{""score_callback"": 8}",0.16938163735157058,1,7.683156305146699,0.09934883018968753,4,5,9.989874932849878,near-pallet,random-mix,1660.9770293550005,indoor,right,right,False,154,0.9812,0.9310895926807097,8.483860656992402,True,0.325,1.1,0.414,1.1,0.414,0.325,0.4554,0.39479893359907947,281.3390088354977,0.16938163735157058,69.05251456393417,25.988855481335225,1794.595821624881,6.378766417970153,-0.3377912087041418,0.6864073432446388,0.17430806727024847,0.5120992759743903,2
2108,1436,accepted,5,Dist_street_lamp_01,False,False,,0,{},0.16938163735157058,1,7.683156305146699,0.09934883018968753,4,5,9.989874932849878,near-pallet,random-mix,1660.9770293550005,road,right,right,False,83,0.2753,0.8793442207033582,8.619887539162171,True,0.704,3.871,0.386,3.871,0.704,0.386,2.725184,2.107238331681541,281.3390088354977,0.16938163735157058,119.64476158421922,21.75921264667795,2603.375809372111,9.2535188068937,-1.5474848076016834,1.856456670741016,0.1544859315696662,1.7019707391713497,4
2111,1437,expensive_reject,0,Dist_construction_sign_01,False,False,,0,{},0.18139370372575586,1,41.627100052022044,0.4029813510321384,4,5,1.470064170316823,near-camera,outdoor-day,226320.66500799498,road,right,right,False,0,0.4797,1.1045354717233242,1.0071393562682969,True,1.068,1.2,0.059,1.2,1.068,0.059,1.2816,1.5635502163909571,41053.143655476284,0.18139370372575586,471.2550256207673,419.4169728024829,197652.35626381874,4.8145486231832795,-0.6043416908716919,0.7211008751962971,0.05837959216230262,0.6627212830339945,8
2111,1437,expensive_reject,1,Dist_chinese_screen_panels,False,False,feedback|prealign-rescue|preprobe|primary|refine|rescue,12,"{""camera_clearance"": 1, ""candidate_budget_exhausted"": 3, ""collision"": 1, ""score_callback"": 3, ""support"": 7}",0.18139370372575586,1,41.627100052022044,0.4029813510321384,4,5,1.470064170316823,near-camera,outdoor-day,226320.66500799498,large,right,right,False,101,0.921,1.021502446459534,1.0222414948635095,True,1.294,1.603,0.377,1.603,1.294,0.377,2.074282,2.1644453303706848,41053.143655476284,0.18139370372575586,794.7838465904201,641.5784762869641,509916.209272974,12.42088093307207,-0.7752470515870034,0.8622213700876296,0.0434871592503131,0.8187342108373165,1
2111,1437,expensive_reject,2,Dist_utility_box_01,False,False,prealign-primary|preprobe|primary|refine|rescue,12,"{""candidate_budget_exhausted"": 2, ""score_callback"": 4, ""support"": 8}",0.18139370372575586,1,41.627100052022044,0.4029813510321384,4,5,1.470064170316823,near-camera,outdoor-day,226320.66500799498,road,right,right,False,32,0.9166,0.9089924227716313,0.7449686031181951,True,0.52,1.12,0.432,1.12,0.52,0.432,0.5824,0.4812180316397942,41053.143655476284,0.18139370372575586,676.4411693056218,314.06197146332437,212444.44721107994,5.174864292828423,-0.19212586915129953,0.8259456443529276,0.316909887600814,0.5090357567521135,3
2111,1437,expensive_reject,3,Dist_portable_welding_cart,False,False,,0,{},0.18139370372575586,1,41.627100052022044,0.4029813510321384,4,5,1.470064170316823,near-camera,outdoor-day,226320.66500799498,large,right,right,False,131,0.5805,1.0063910675464627,1.0215340571367444,True,0.838,1.563,0.655,1.563,0.838,0.655,1.309794,1.3265894633628221,41053.143655476284,0.18139370372575586,606.560049311114,325.2062196562466,197257.1006309739,4.804920721452736,-0.7423098456683397,0.8306793929067815,0.044184773619220935,0.7864946192875606,5
2111,1437,expensive_reject,4,Dist_industrial_storage_cart,False,False,,0,{},0.18139370372575586,1,41.627100052022044,0.4029813510321384,4,5,1.470064170316823,near-camera,outdoor-day,226320.66500799498,medium,right,right,False,53,0.6134,0.8651286905788018,1.01622043562897,True,1.603,1.377,1.103,1.603,1.377,1.103,2.207331,1.652071702509109,41053.143655476284,0.18139370372575586,552.5835958114485,474.67723732524314,262298.8546510272,6.389251377489525,-0.5462164923652849,0.6450657145617252,0.0494246110982202,0.5956411034635051,5
2111,1437,expensive_reject,5,Dist_concrete_road_barrier_02,False,False,prealign-primary|preprobe|primary|refine|rescue,12,"{""candidate_budget_exhausted"": 2, ""collision"": 1, ""score_callback"": 2, ""support"": 9}",0.18139370372575586,1,41.627100052022044,0.4029813510321384,4,5,1.470064170316823,near-camera,outdoor-day,226320.66500799498,road,right,right,False,10,0.7784,0.8625373290893019,1.0187362201930177,True,1.565,1.112,0.442,1.565,1.112,0.442,1.74028,1.2947172324665022,41053.143655476284,0.18139370372575586,604.410077637868,429.45942896697073,259569.60680424122,6.322770528429823,-0.4326269946903605,0.5265145152569434,0.04694376028329147,0.4795707549736519,15
2112,1437,expensive_reject,0,Dist_old_military_compressor,False,False,,0,{},0.22349197803245083,2,72.00703014545114,0.6189135245647371,7,6,1.3379588617559213,near-pallet,outdoor-night,179915.64168513002,large,bottom,bottom,False,12,0.4993,1.0339896719948651,1.1585523254259205,True,0.598,1.179,1.676,1.676,1.179,0.598,1.976004,2.1126143287196557,40209.70263918737,0.22349197803245083,509.2316252017949,358.22439505543923,182419.19088101113,4.5366958447295245,-0.8387586230134733,0.38031520026847276,-0.22922171137250028,0.609536911640973,5
2112,1437,expensive_reject,1,Dist_forklift_01,False,False,,0,{},0.22349197803245083,2,72.00703014545114,0.6189135245647371,7,6,1.3379588617559213,near-pallet,outdoor-night,179915.64168513002,large,bottom,bottom,False,144,0.5646,0.8028263634350901,1.2036896010418914,True,0.83,1.539,2.5,2.5,1.539,0.83,3.8474999999999997,2.479829828407117,40209.70263918737,0.22349197803245083,603.6394083813839,371.6004197995799,224312.65756209232,5.578570415576334,-0.9262823310464221,0.30926744228018155,-0.3085074443831203,0.6177748866633018,1
2112,1437,expensive_reject,2,Dist_old_military_crate,False,False,,0,{},0.22349197803245083,2,72.00703014545114,0.6189135245647371,7,6,1.3379588617559213,near-pallet,outdoor-night,179915.64168513002,medium,bottom,bottom,False,159,0.7468,0.9750404827599914,1.1089667780696126,True,1.815,0.301,0.976,1.815,0.976,0.301,1.77144,1.6841149928248318,40209.70263918737,0.22349197803245083,664.4203381329542,357.2860881640569,237388.14350816314,5.90375277425729,-0.31803284209450683,-0.024545656783749426,-0.17128924943912813,0.1467435926553787,12
2112,1437,expensive_reject,3,Dist_planter_box_01,False,False,prealign-primary|preprobe|primary|refine|rescue,12,"{""candidate_budget_exhausted"": 2, ""collision"": 2, ""score_callback"": 1, ""support"": 9}",0.22349197803245083,2,72.00703014545114,0.6189135245647371,7,6,1.3379588617559213,near-pallet,outdoor-night,179915.64168513002,medium,bottom,bottom,False,609,0.9607,0.878712883002159,0.7514826496064064,True,0.913,0.425,0.414,0.913,0.425,0.414,0.388025,0.29960819974080766,40209.70263918737,0.22349197803245083,504.1418269857142,234.67719218940692,118310.58842224519,2.9423393026274867,0.17892864818964022,0.5523816234655579,0.365655135827599,0.18672648763795882,3
2112,1437,expensive_reject,4,Dist_wooden_crate_01,False,False,prealign-primary|preprobe|primary|refine|rescue,12,"{""candidate_budget_exhausted"": 2, ""collision"": 1, ""score_callback"": 1, ""support"": 10}",0.22349197803245083,2,72.00703014545114,0.6189135245647371,7,6,1.3379588617559213,near-pallet,outdoor-night,179915.64168513002,small,bottom,bottom,False,585,0.9288,0.9746593884493269,0.7568074163611346,True,0.825,0.35,0.409,0.825,0.409,0.35,0.337425,0.3205405646094284,40209.70263918737,0.22349197803245083,493.33572415317474,244.57492264078604,120657.54657069888,3.000707258479177,0.18602633879650168,0.5271571247537661,0.35659173177513387,0.1705653929786322,1
2112,1437,expensive_reject,5,Dist_cement_bag,False,False,feedback|prealign-primary|preprobe|primary|refine|rescue,12,"{""candidate_budget_exhausted"": 3, ""collision"": 2, ""score_callback"": 4, ""support"": 6}",0.22349197803245083,2,72.00703014545114,0.6189135245647371,7,6,1.3379588617559213,near-pallet,outdoor-night,179915.64168513002,small,bottom,bottom,False,294,0.9225,1.1541006283026556,0.8228152014793119,True,0.462,0.18,0.7,0.7,0.462,0.18,0.3234,0.43075206736439225,40209.70263918737,0.22349197803245083,454.3417227864469,299.86553703905497,136241.42470260733,3.3882723760764604,0.15152615406146003,0.359264267155938,0.255395210608699,0.10386905654723899,5
2114,1437,expensive_reject,0,Dist_old_tyre,False,False,,0,{},0.38619090170159,3,17.618805260088912,0.3080881999592558,6,6,3.3802066973442155,near-camera,random-mix,22588.71503087501,medium,right,right,False,0,0.9677,0.8184541713896901,1.9506104940416078,True,0.6,0.6,0.165,0.6,0.6,0.165,0.36,0.2411522030394663,8723.556226053879,0.38619090170159,150.0551974289373,150.0551974289373,22516.562275437354,2.581121929172545,0.20426349176435346,0.6953359945981675,0.4497997431812605,0.24553625141690705,2
2114,1437,expensive_reject,1,Dist_construction_sign_01,False,False,,0,{},0.38619090170159,3,17.618805260088912,0.3080881999592558,6,6,3.3802066973442155,near-camera,random-mix,22588.71503087501,road,right,right,False,60,0.4797,1.0901742118857687,1.502567912627358,True,1.068,1.2,0.059,1.2,1.068,0.059,1.2816,1.5231557273933862,8723.556226053879,0.38619090170159,365.3705265922523,325.1797686671046,118811.1033150468,13.619572137358858,-0.05538748838450758,1.2528215658784148,0.5987170387469536,0.6541045271314612,5
2114,1437,expensive_reject,2,Dist_Shelf_01,False,False,feedback|prealign-primary|preprobe|primary|refine|rescue,12,"{""camera_clearance"": 10, ""candidate_budget_exhausted"": 3, ""score_callback"": 2}",0.38619090170159,3,17.618805260088912,0.3080881999592558,6,6,3.3802066973442155,near-camera,random-mix,22588.71503087501,indoor,right,right,False,503,0.9679,1.0203709019323803,1.4684840050484396,True,1.003,2.08,0.257,2.08,1.003,0.257,2.0862399999999997,2.172102915513087,8723.556226053879,0.38619090170159,861.535219743642,415.4422237513811,357918.1075304334,41.02892195059978,-0.45114012570852524,1.671231350310826,0.6100456123011504,1.0611857380096756,1
2114,1437,expensive_reject,3,Dist_utility_box_01,False,False,feedback|gate-overlap-refine|prealign|preprobe|primary|refine|rescue,12,"{""candidate_budget_exhausted"": 5, ""score_callback"": 12}",0.38619090170159,3,17.618805260088912,0.3080881999592558,6,6,3.3802066973442155,near-camera,random-mix,22588.71503087501,road,right,right,False,41,0.9166,0.9182258416909742,1.722407853306054,True,0.52,1.12,0.432,1.12,0.52,0.432,0.5824,0.49104397675371475,8723.556226053879,0.38619090170159,346.3594765584993,160.80975697358895,55697.98325087175,6.384779533434252,0.011441687830891611,1.0398546305247829,0.5256481591778372,0.5142064713469456,1
2114,1437,expensive_reject,4,Dist_water_dispenser_01,False,False,feedback|prealign|prealign-primary|preprobe|primary|refine|rescue,12,"{""candidate_budget_exhausted"": 4, ""score_callback"": 12}",0.38619090170159,3,17.618805260088912,0.3080881999592558,6,6,3.3802066973442155,near-camera,random-mix,22588.71503087501,indoor,right,right,False,313,0.9812,0.9374753404032139,1.2159981551673054,True,0.325,1.1,0.414,1.1,0.414,0.325,0.4554,0.4002328503137211,8723.556226053879,0.38619090170159,508.9838508197759,191.56301294489745,97502.48000333249,11.176918847858216,0.1783536762442519,1.2095765506877874,0.6939651134660196,0.5156114372217677,2
2114,1437,expensive_reject,5,Dist_ladder_sectioned_01,False,False,,0,{},0.38619090170159,3,17.618805260088912,0.3080881999592558,6,6,3.3802066973442155,near-camera,random-mix,22588.71503087501,large,right,right,False,141,0.4479,0.9954368554081229,1.939672557682678,True,0.662,2.135,0.178,2.135,0.662,0.178,1.41337,1.4005006062543484,8723.556226053879,0.38619090170159,444.30307276457256,137.76516822957709,61209.48756432937,7.016575118931471,-0.6091936243018521,1.5160640619944898,0.4534352188463189,1.062628843148171,1
2115,1437,expensive_reject,0,Dist_portable_generator,False,False,feedback|prealign-rescue|preprobe|primary|refine|rescue,12,"{""candidate_budget_exhausted"": 3, ""collision"": 3, ""score_callback"": 1, ""support"": 8}",0.2777831396369731,2,4.917616125420103,0.19319325976965396,6,6,4.0763550040936165,near-pallet,outdoor-night,12309.467155755006,large,right,right,False,0,0.8598,1.0539039335680678,2.3545997801789404,True,0.818,0.577,0.564,0.818,0.577,0.564,0.47198599999999996,0.5242412225727795,3419.362433783827,0.2777831396369731,233.3342372946853,164.5890646931949,38404.263877232246,11.231410714989499,-0.12504658624133083,0.48305598342744427,0.1790046985930567,0.30405128483438754,6
2115,1437,expensive_reject,1,Dist_construction_sign_01,False,False,,0,{},0.2777831396369731,2,4.917616125420103,0.19319325976965396,6,6,4.0763550040936165,near-pallet,outdoor-night,12309.467155755006,road,right,right,False,71,0.4797,0.9612518656557889,3.231708013435966,True,1.068,1.2,0.059,1.2,1.068,0.059,1.2816,1.1842049992489834,3419.362433783827,0.2777831396369731,169.9079512795794,151.21807663882566,25693.153598141296,7.514018796103328,-0.48917254699624524,0.6643296917907014,0.0875785723972281,0.5767511193934733,2
2115,1437,expensive_reject,2,Dist_chinese_screen_panels,False,False,feedback|gate-overlap-refine|prealign|preprobe|primary|refine|rescue,12,"{""candidate_budget_exhausted"": 5, ""collision"": 1, ""score_callback"": 5, ""support"": 6}",0.2777831396369731,2,4.917616125420103,0.19319325976965396,6,6,4.0763550040936165,near-pallet,outdoor-night,12309.467155755006,large,right,right,False,38,0.921,0.9816314903956055,3.2808987424276292,True,1.294,1.603,0.377,1.603,1.294,0.377,2.074282,1.9987789295178695,3419.362433783827,0.2777831396369731,316.34538981399356,255.36552365521382,80783.70612576322,23.62537101291392,-0.7043265048255194,0.8692287742786362,0.0824511347265584,0.7867776395520778,1
2115,1437,expensive_reject,3,Dist_utility_box_01,False,False,feedback|prealign|prealign-primary|preprobe|primary|refine|rescue,12,"{""candidate_budget_exhausted"": 4, ""collision"": 3, ""score_callback"": 5, ""support"": 4}",0.2777831396369731,2,4.917616125420103,0.19319325976965396,6,6,4.0763550040936165,near-pallet,outdoor-night,12309.467155755006,road,right,right,False,87,0.9166,1.0409409338813147,3.1765693943344213,True,0.52,1.12,0.432,1.12,0.52,0.432,0.5824,0.6310641954080194,3419.362433783827,0.2777831396369731,241.50059569345885,112.12527657196306,27078.321084422903,7.919114047953772,-0.4896009294974728,0.6762529164495998,0.09332599347606355,0.5829269229735363,6
2115,1437,expensive_reject,4,Dist_street_lamp_01,False,False,,0,{},0.2777831396369731,2,4.917616125420103,0.19319325976965396,6,6,4.0763550040936165,near-pallet,outdoor-night,12309.467155755006,road,right,right,False,11,0.2753,0.9049032517078197,3.074902989561456,True,0.704,3.871,0.386,3.871,0.704,0.386,2.725184,2.2315166321231974,3419.362433783827,0.2777831396369731,410.80859795922163,74.71176775078585,30692.236560755326,8.976011509488233,-1.6475169656274273,1.8553635217335427,0.10392327805305775,1.751440243680485,3
2115,1437,expensive_reject,5,Dist_delivery_van_01,False,False,,0,{},0.2777831396369731,2,4.917616125420103,0.19319325976965396,6,6,4.0763550040936165,near-pallet,outdoor-night,12309.467155755006,large,right,right,False,45,0.8028,1.1771153192351933,3.6268778523977834,True,2.476,2.34,5.0,5.0,2.476,2.34,12.379999999999999,17.153733877753755,3419.362433783827,0.2777831396369731,999.3147229346184,494.860650797223,494521.53414267185,144.62390101052847,-1.3308372169507514,1.4236126300596008,0.046387706554424764,1.3772249235051761,12
2116,1437,accepted,0,Dist_WetFloorSign_01,False,False,,0,{},0.1466884704345538,1,32.244072958257306,0.425055144439914,5,5,1.948547082373669,near-camera,outdoor-day,68406.72955022499,road,right,right,False,0,0.5897,1.0358556089093298,1.3191461149698085,True,0.3,0.63,0.359,0.63,0.359,0.3,0.22616999999999998,0.24267969587024207,10034.478525152696,0.1466884704345538,183.06524545063436,104.31813193139321,19097.024426972155,1.9031406942675733,-0.043725202066398405,0.6088638315464794,0.2825693147400405,0.3262945168064389,2
2116,1437,accepted,1,Dist_construction_sign_01,False,False,,0,{},0.1466884704345538,1,32.244072958257306,0.425055144439914,5,5,1.948547082373669,near-camera,outdoor-day,68406.72955022499,road,right,right,False,1,0.4797,0.843645508161906,0.8209779957296374,True,1.068,1.2,0.059,1.2,1.068,0.059,1.2816,0.9121630919949605,10034.478525152696,0.1466884704345538,411.5646414694181,366.2925309077821,150753.0541559871,15.02350658064646,0.09059467878701788,1.102969288581305,0.5967819836841615,0.5061873048971435,1
2116,1437,accepted,2,Dist_chinese_screen_panels,False,False,,0,{},0.1466884704345538,1,32.244072958257306,0.425055144439914,5,5,1.948547082373669,near-camera,outdoor-day,68406.72955022499,large,right,right,False,125,0.921,0.9836519932032146,1.0313306723485152,True,1.294,1.603,0.377,1.603,1.294,0.377,2.074282,2.0070156145922633,10034.478525152696,0.1466884704345538,707.0503626035954,570.7568117336572,403553.81069475436,40.21671975112562,-0.3242921378146008,1.252502007290152,0.46410493473777564,0.7883970725523765,4
2116,1437,accepted,3,Dist_utility_box_01,True,True,prealign|preprobe,9,"{""score_callback"": 3}",0.1466884704345538,1,32.244072958257306,0.425055144439914,5,5,1.948547082373669,near-camera,outdoor-day,68406.72955022499,road,right,right,False,47,0.9166,1.1431792921276966,0.866549134707184,True,0.52,1.12,0.432,1.12,0.52,0.432,0.5824,0.7611146198362363,10034.478525152696,0.1466884704345538,681.6674783913267,316.4884721102588,215739.89872332383,21.499861520710255,-0.07214178716015174,1.2082190200228686,0.5680386164313584,0.6401804035915102,2
2116,1437,accepted,4,Dist_storage_rack_01,False,False,,0,{},0.1466884704345538,1,32.244072958257306,0.425055144439914,5,5,1.948547082373669,near-camera,outdoor-day,68406.72955022499,large,right,right,False,417,0.2309,1.093483411831899,1.3617242510614869,True,1.757,2.0,0.352,2.0,1.757,0.352,3.514,4.201710785437678,10034.478525152696,0.1466884704345538,371.88482669701165,326.7008202533247,121495.07792167921,12.107762014452108,-0.8377696690630997,1.3491971546006982,0.2557137427687993,1.093483411831899,2
2116,1437,accepted,5,Dist_steel_frame_shelves_03,False,False,,0,{},0.1466884704345538,1,32.244072958257306,0.425055144439914,5,5,1.948547082373669,near-camera,outdoor-day,68406.72955022499,large,right,right,False,313,0.2394,0.8920507924103616,1.2950182335379798,True,2.351,2.312,0.721,2.351,2.312,0.721,5.435511999999999,4.325333765627664,10034.478525152696,0.1466884704345538,381.8316040662416,375.49751960916655,143376.82023526306,14.288417666734832,-0.7334230729191478,1.328998359133608,0.2977876431072301,1.031210716026378,1
2118,1438,accepted,0,Dist_potted_plant_01,False,False,,0,{},0.11513179847417498,1,10.700321450821294,0.23803495735688507,6,6,5.764288417431769,near-pallet,outdoor-night,7217.294571409999,medium,bottom,bottom,False,0,0.4554,1.167652579379813,4.224601940682221,True,0.587,1.35,0.634,1.35,0.634,0.587,0.8559000000000001,1.1669447982346617,830.9401041243331,0.11513179847417498,175.8895008367724,82.60292113371385,14528.986565868208,17.48499861031409,-0.8740755174228301,0.7022554647399175,-0.08591002634145632,0.7881654910813738,1
2118,1438,accepted,1,Dist_construction_sign_01,True,True,prealign|prealign-primary|preprobe|primary,12,"{""candidate_budget_exhausted"": 1, ""score_callback"": 11}",0.11513179847417498,1,10.700321450821294,0.23803495735688507,6,6,5.764288417431769,near-pallet,outdoor-night,7217.294571409999,road,bottom,bottom,False,51,0.4797,0.9330039533796901,3.196410823988956,True,1.068,1.2,0.059,1.2,1.068,0.059,1.2816,1.1156281567915631,830.9401041243331,0.11513179847417498,169.46061669800943,150.81994886122843,25558.041544386015,30.75798293707314,-0.4988636726104275,0.6207410714452005,0.06093869941738652,0.559802372027814,2
2118,1438,accepted,2,Dist_chinese_screen_panels,False,False,feedback|prealign|prealign-primary|preprobe|primary|refine|rescue,12,"{""candidate_budget_exhausted"": 4, ""score_callback"": 12}",0.11513179847417498,1,10.700321450821294,0.23803495735688507,6,6,5.764288417431769,near-pallet,outdoor-night,7217.294571409999,large,bottom,bottom,False,402,0.921,1.0522741627355647,3.299763779908081,True,1.294,1.603,0.377,1.603,1.294,0.377,2.074282,2.2968128679427937,830.9401041243331,0.11513179847417498,342.68191028137124,276.62532246044566,94794.49393294583,114.0810191522081,-1.1112342317421537,0.5755612511229564,-0.2678364903095986,0.8433977414325551,2
2118,1438,accepted,3,Dist_utility_box_01,False,False,feedback|prealign|prealign-primary|preprobe|primary|refine|rescue,12,"{""candidate_budget_exhausted"": 4, ""score_callback"": 12}",0.11513179847417498,1,10.700321450821294,0.23803495735688507,6,6,5.764288417431769,near-pallet,outdoor-night,7217.294571409999,road,bottom,bottom,False,119,0.9166,0.9451280667069513,3.9774536625921035,True,0.52,1.12,0.432,1.12,0.52,0.432,0.5824,0.5202387371867325,830.9401041243331,0.11513179847417498,177.98166552447708,82.63434470779292,14707.398300616742,17.699709314326324,-0.543554447404907,0.5149889873068785,-0.014282730049014284,0.5292717173558927,1
2118,1438,accepted,4,Dist_street_lamp_01,False,False,,0,{},0.11513179847417498,1,10.700321450821294,0.23803495735688507,6,6,5.764288417431769,near-pallet,outdoor-night,7217.294571409999,road,bottom,bottom,False,91,0.2753,0.8209448046773267,4.060046895407357,True,0.704,3.871,0.386,3.871,0.704,0.386,2.725184,1.8366387714587495,830.9401041243331,0.11513179847417498,286.87385655848993,52.17235727646007,14966.885337645494,18.01199059156977,-1.5404058633657782,1.6374714755401532,0.04853280608718757,1.5889386694529657,2
2118,1438,accepted,5,Dist_covered_car,False,False,,0,{},0.11513179847417498,1,10.700321450821294,0.23803495735688507,6,6,5.764288417431769,near-pallet,outdoor-night,7217.294571409999,large,bottom,bottom,False,407,0.7299,0.9388788035234849,4.914718223386482,True,1.789,1.411,4.38,4.38,1.789,1.411,7.835819999999999,6.907223673968402,830.9401041243331,0.11513179847417498,499.3424517155004,203.9551703468105,101843.47480102887,122.5641587107584,-1.3702142052620607,-0.0454562134904235,-0.7078352093762421,0.6623789958858186,1
2120,1439,expensive_reject,0,Dist_old_military_compressor,False,False,,0,{},0.4054508849271345,3,43.55713818122739,0.548103181327394,6,6,1.9000104950183607,near-pallet,outdoor-day,117103.76092003504,large,left,bottom,True,34,0.4993,0.9202921265954547,1.1191754877206643,True,0.598,1.179,1.676,1.676,1.179,0.598,1.976004,1.673552081938996,47479.8234933238,0.4054508849271345,590.0487921880334,415.076089492656,244915.14527127377,5.158299404919052,-0.32878813928434913,0.7562362779716919,0.21372406934367136,0.5425122086280205,12
2120,1439,expensive_reject,1,Dist_chinese_screen_panels,False,False,feedback|prealign-primary|preprobe|primary|refine|rescue,12,"{""camera_clearance"": 8, ""candidate_budget_exhausted"": 3, ""score_callback"": 3, ""support"": 1}",0.4054508849271345,3,43.55713818122739,0.548103181327394,6,6,1.9000104950183607,near-pallet,outdoor-day,117103.76092003504,large,left,bottom,True,323,0.921,0.9385063616394558,1.0467202483395122,True,1.294,1.603,0.377,1.603,1.294,0.377,2.074282,1.8270155357592663,47479.8234933238,0.4054508849271345,835.7483816695108,674.6465414100728,563834.7551824009,11.87524960495446,-0.6106501134490177,0.89377558425903,0.14156273540500616,0.7522128488540238,9
2120,1439,expensive_reject,2,Dist_utility_box_01,False,False,feedback|gate-overlap-refine|prealign|preprobe|primary|refine|rescue,12,"{""candidate_budget_exhausted"": 5, ""score_callback"": 12}",0.4054508849271345,3,43.55713818122739,0.548103181327394,6,6,1.9000104950183607,near-pallet,outdoor-day,117103.76092003504,road,left,bottom,True,129,0.9166,0.8258084129566672,1.1159520864572379,True,0.52,1.12,0.432,1.12,0.52,0.432,0.5824,0.3971732331315895,47479.8234933238,0.4054508849271345,480.7810206386283,223.21975958222026,107319.82383864908,2.2603248273182706,-0.12877701515991552,0.7961284073515518,0.33367569609581815,0.4624527112557336,1
2120,1439,expensive_reject,3,Dist_forklift_01,False,False,feedback|prealign-rescue|preprobe|primary|refine|rescue,12,"{""camera_clearance"": 11, ""candidate_budget_exhausted"": 3, ""score_callback"": 1}",0.4054508849271345,3,43.55713818122739,0.548103181327394,6,6,1.9000104950183607,near-pallet,outdoor-day,117103.76092003504,large,left,bottom,True,82,0.5646,0.9220598275581089,1.3571630170002942,True,0.83,1.539,2.5,2.5,1.539,0.83,3.8474999999999997,3.271122667732493,47479.8234933238,0.4054508849271345,773.2913311254126,476.03814344080394,368116.1696078094,7.753107373273422,-0.7897589684022915,0.6292911062096379,-0.08023393109632683,0.7095250373059647,2
2120,1439,expensive_reject,4,Dist_old_military_crate,False,False,,0,{},0.4054508849271345,3,43.55713818122739,0.548103181327394,6,6,1.9000104950183607,near-pallet,outdoor-day,117103.76092003504,medium,left,bottom,True,52,0.7468,1.022497938825072,1.5833236188335562,True,1.815,0.301,0.976,1.815,0.976,0.301,1.77144,1.8520441247059494,47479.8234933238,0.4054508849271345,613.7297084806446,330.0276559102529,202547.77705235002,4.265975779813726,-0.3522852869342712,-0.044513407347924555,-0.19839934714109786,0.15388593979317333,2
2120,1439,expensive_reject,5,Dist_potted_plant_01,False,False,,0,{},0.4054508849271345,3,43.55713818122739,0.548103181327394,6,6,1.9000104950183607,near-pallet,outdoor-day,117103.76092003504,medium,left,bottom,True,371,0.4554,0.874554109645412,1.0487944361024437,True,0.587,1.35,0.634,1.35,0.634,0.587,0.8559000000000001,0.6546307419481439,47479.8234933238,0.4054508849271345,460.2907033047873,216.16615251498897,99499.27037181419,2.0956116314502498,-0.18801855951565954,0.9926294885056468,0.40230546449499366,0.5903240240106532,1
2124,1439,expensive_reject,0,Dist_portable_welding_cart,False,False,,0,{},0.31003409121863806,2,18.032410575429182,0.16924025283118974,5,6,6.103822002040465,near-pallet,random-mix,7693.845106730002,large,left,left,False,0,0.5805,0.9998283163164932,3.6801535063808957,True,0.838,1.563,0.655,1.563,0.838,0.655,1.309794,1.3093442980894439,2385.3542756420015,0.31003409121863806,194.45199477863525,104.25513219737451,20272.618421689796,8.498787215259068,-0.08669758799395377,1.476034070408725,0.6946682412073856,0.7813658292013393,1
2124,1439,expensive_reject,1,Dist_construction_sign_01,False,False,,0,{},0.31003409121863806,2,18.032410575429182,0.16924025283118974,5,6,6.103822002040465,near-pallet,random-mix,7693.845106730002,road,left,left,False,54,0.4797,0.863370279684241,4.232837642141678,True,1.068,1.2,0.059,1.2,1.068,0.059,1.2816,0.9553152001815642,2385.3542756420015,0.31003409121863806,101.88832058041066,90.6806053165655,9239.294584919919,3.873342706057039,-0.01405202881439338,1.0219923068066956,0.5039701389961512,0.5180221678105446,7
2124,1439,expensive_reject,2,Dist_Shelf_01,False,False,feedback|prealign|prealign-primary|preprobe|primary|refine|rescue,12,"{""candidate_budget_exhausted"": 4, ""score_callback"": 11, ""support"": 1}",0.31003409121863806,2,18.032410575429182,0.16924025283118974,5,6,6.103822002040465,near-pallet,random-mix,7693.845106730002,indoor,left,left,False,32,0.9679,1.1212997385238785,3.6038800364855748,True,1.003,2.08,0.257,2.08,1.003,0.257,2.0862399999999997,2.6230568892830837,2385.3542756420015,0.31003409121863806,382.668566392864,184.52719812117428,70612.75836552176,29.602629297703306,-0.4451660932197937,1.8871373629098738,0.72098563484504,1.1661517280648337,4
2124,1439,expensive_reject,3,Dist_water_dispenser_01,False,False,feedback|prealign|prealign-primary|preprobe|primary|refine|rescue,12,"{""candidate_budget_exhausted"": 4, ""score_callback"": 12}",0.31003409121863806,2,18.032410575429182,0.16924025283118974,5,6,6.103822002040465,near-pallet,random-mix,7693.845106730002,indoor,left,left,False,401,0.9812,1.088299652126266,3.609366047795871,True,0.325,1.1,0.414,1.1,0.414,0.325,0.4554,0.5393739988853863,2385.3542756420015,0.31003409121863806,197.46122692606144,74.31722540671765,14674.770510551134,6.1520297678220235,0.12052793315064225,1.317657550489535,0.7190927418200886,0.5985648086694464,2
2124,1439,expensive_reject,4,Dist_utility_box_01,False,False,feedback|prealign|prealign-primary|preprobe|primary|refine|rescue,12,"{""candidate_budget_exhausted"": 4, ""score_callback"": 12}",0.31003409121863806,2,18.032410575429182,0.16924025283118974,5,6,6.103822002040465,near-pallet,random-mix,7693.845106730002,road,left,left,False,24,0.9166,0.9813218625389302,3.847481168814932,True,0.52,1.12,0.432,1.12,0.52,0.432,0.5824,0.56084688901514,2385.3542756420015,0.31003409121863806,164.37498845486078,76.31695892547107,12544.599242284392,5.259008848447931,0.08739327122496854,1.1864737572685704,0.6369335142467695,0.5495402430218009,5
2124,1439,expensive_reject,5,Dist_street_lamp_01,False,False,,0,{},0.31003409121863806,2,18.032410575429182,0.16924025283118974,5,6,6.103822002040465,near-pallet,random-mix,7693.845106730002,road,left,left,False,85,0.2753,0.9544537312985804,3.610141214676644,True,0.704,3.871,0.386,3.871,0.704,0.386,2.725184,2.4825933668163924,2385.3542756420015,0.31003409121863806,322.73776090182974,58.69475165974893,18943.012727356327,7.941383349547919,-1.1285199186439856,2.566170475212819,0.7188252782844167,1.8473451969284023,3
2125,1439,expensive_reject,0,Dist_propane_tank,False,False,feedback|prealign-primary|preprobe|primary|refine|rescue,12,"{""camera_clearance"": 8, ""candidate_budget_exhausted"": 3, ""score_callback"": 4}",0.2824832744408668,2,8.553222373766847,0.696994258524096,4,4,1.4946007633157352,near-camera,outdoor-night,107572.07085519,medium,bottom,bottom,False,0,0.8678,1.0291571552125918,0.6860011710097291,True,0.337,0.554,0.337,0.554,0.337,0.337,0.18669800000000003,0.19774388450948857,30387.310813559005,0.2824832744408668,469.264950164225,285.4553938724618,133954.21117967,4.408228553080742,-0.328505369307292,0.24164769468048383,-0.043428837313404106,0.28507653199388794,4
2125,1439,expensive_reject,1,Dist_sledgehammer_01,False,False,,0,{},0.2824832744408668,2,8.553222373766847,0.696994258524096,4,4,1.4946007633157352,near-camera,outdoor-night,107572.07085519,small,bottom,bottom,False,27,0.6474,0.8912579783679847,0.7573916161493486,True,0.208,1.006,0.09,1.006,0.208,0.09,0.209248,0.16621422037139183,30387.310813559005,0.2824832744408668,577.3098328859577,119.36425968218609,68910.16080967891,2.2677281722122897,-0.43934324997054447,0.4572622762676481,0.008959513148551791,0.4483027631190963,24
2125,1439,expensive_reject,2,Dist_metal_office_desk,False,False,preprobe|primary|refine|rescue,12,"{""candidate_budget_exhausted"": 1, ""collision"": 1, ""support"": 11}",0.2824832744408668,2,8.553222373766847,0.696994258524096,4,4,1.4946007633157352,near-camera,outdoor-night,107572.07085519,medium,bottom,bottom,False,611,0.7573,0.8323699639486788,1.0461433363405648,True,2.0,0.788,0.947,2.0,0.947,0.788,1.894,1.3122384995381535,30387.310813559005,0.2824832744408668,839.3263748108562,397.4210384729405,333565.959495059,10.97714639974722,-0.6865400813395983,-0.030632549748039473,-0.3585863155438189,0.3279537657957794,2
2125,1439,expensive_reject,3,Dist_old_military_crate,False,False,,0,{},0.2824832744408668,2,8.553222373766847,0.696994258524096,4,4,1.4946007633157352,near-camera,outdoor-night,107572.07085519,medium,bottom,bottom,False,204,0.7468,0.8665380203673254,1.0461308627203523,True,1.815,0.301,0.976,1.815,0.976,0.301,1.77144,1.3301532880362268,30387.310813559005,0.2824832744408668,787.4483568091517,423.4433037166567,333439.7337135199,10.972992502012946,-0.5112508813269155,-0.25042293719635067,-0.3808369092616331,0.13041397206528244,1
2125,1439,expensive_reject,4,Dist_barrel_stove,False,False,feedback|prealign|prealign-primary|preprobe|primary|refine|rescue,12,"{""camera_clearance"": 1, ""candidate_budget_exhausted"": 4, ""score_callback"": 9, ""support"": 2}",0.2824832744408668,2,8.553222373766847,0.696994258524096,4,4,1.4946007633157352,near-camera,outdoor-night,107572.07085519,large,bottom,bottom,False,18,0.9707,0.8073846075271411,0.56157644927874,True,0.593,0.856,0.593,0.856,0.593,0.593,0.507608,0.3308943784690989,30387.310813559005,0.2824832744408668,734.9022001525593,509.1086503393313,374145.0672510746,12.31254287510459,-0.45138052951610064,0.23974069452713218,-0.10581991749448424,0.3455606120216164,9
2125,1439,expensive_reject,5,Dist_WetFloorSign_01,False,False,,0,{},0.2824832744408668,2,8.553222373766847,0.696994258524096,4,4,1.4946007633157352,near-camera,outdoor-night,107572.07085519,road,bottom,bottom,False,125,0.5897,1.174286747874385,0.6038254557460163,True,0.3,0.63,0.359,0.63,0.359,0.3,0.22616999999999998,0.3118769781610079,30387.310813559005,0.2824832744408668,570.2437637365181,324.9484304466825,185299.8159981904,6.097934007227401,-0.40333562919457444,0.33646502196628814,-0.03343530361414316,0.3699003255804313,11
2127,1439,expensive_reject,0,Dist_utility_box_01,False,False,feedback|prealign-primary|preprobe|primary|refine|rescue,12,"{""camera_clearance"": 8, ""candidate_budget_exhausted"": 3, ""score_callback"": 4}",0.1091625983131345,1,9.724554360783738,0.3687258364601499,6,6,3.019573662114774,near-pallet,outdoor-day,22908.43078610001,road,bottom,bottom,False,0,0.9166,0.8471206061719823,1.7582326078738497,True,0.52,1.12,0.432,1.12,0.52,0.432,0.5824,0.4179379983840511,2500.743827887279,0.10916259831313449,334.6673555159754,155.3812722038457,52001.03946516897,20.794228855140823,-0.5351126856106145,0.4136623933020057,-0.0607251461543044,0.4743875394563101,2
2127,1439,expensive_reject,1,Dist_construction_sign_01,False,False,feedback|gate-overlap-refine|prealign|preprobe|primary|refine|rescue,12,"{""candidate_budget_exhausted"": 5, ""score_callback"": 12}",0.1091625983131345,1,9.724554360783738,0.3687258364601499,6,6,3.019573662114774,near-pallet,outdoor-day,22908.43078610001,road,bottom,bottom,False,8,0.4797,1.1354151712290208,1.6989748564121543,True,1.068,1.2,0.059,1.2,1.068,0.059,1.2816,1.6521972103306855,2500.743827887279,0.10916259831313449,359.80760083929385,320.22876474697154,115220.74356333847,46.07458879971773,-0.9335516152669817,0.4289465902078432,-0.25230251252956926,0.6812491027374125,4
2127,1439,expensive_reject,2,Dist_chinese_screen_panels,False,False,feedback|prealign|prealign-primary|preprobe|primary|refine|rescue,12,"{""candidate_budget_exhausted"": 4, ""score_callback"": 12}",0.1091625983131345,1,9.724554360783738,0.3687258364601499,6,6,3.019573662114774,near-pallet,outdoor-day,22908.43078610001,large,bottom,bottom,False,13,0.921,1.1142121342343254,1.8777842860435376,True,1.294,1.603,0.377,1.603,1.294,0.377,2.074282,2.575156136643353,2500.743827887279,0.10916259831313449,591.3192369321735,477.33443081112443,282257.03138868744,112.86923044298729,-1.4581913561102753,0.32789069506734847,-0.5651503305214634,0.8930410255888119,3
2127,1439,expensive_reject,3,Dist_ladder_sectioned_01,False,False,,0,{},0.1091625983131345,1,9.724554360783738,0.3687258364601499,6,6,3.019573662114774,near-pallet,outdoor-day,22908.43078610001,large,bottom,bottom,False,248,0.4479,1.1844304427003096,2.1378166645821906,True,0.662,2.135,0.178,2.135,0.662,0.178,1.41337,1.9827821081153205,2500.743827887279,0.10916259831313449,512.8188738994445,159.00988033790742,81543.2677737711,32.607605331035394,-1.4704279786636203,1.0583310165015405,-0.20604848108103985,1.2643794975825804,1
2127,1439,expensive_reject,4,Dist_delivery_van_01,False,False,,0,{},0.1091625983131345,1,9.724554360783738,0.3687258364601499,6,6,3.019573662114774,near-pallet,outdoor-day,22908.43078610001,large,bottom,bottom,False,61,0.8028,0.9265266286608959,2.654357601779104,True,2.476,2.34,5.0,5.0,2.476,2.34,12.379999999999999,10.627630728987443,2500.743827887279,0.10916259831313449,1012.9981379737576,501.6366779246047,508157.0206769661,203.20234924113598,-2.1739953346157495,-0.005923023549253337,-1.0899591790825014,1.084036155533248,4
2127,1439,expensive_reject,5,Dist_covered_car,False,False,,0,{},0.1091625983131345,1,9.724554360783738,0.3687258364601499,6,6,3.019573662114774,near-pallet,outdoor-day,22908.43078610001,large,bottom,bottom,False,82,0.7299,0.9846227382611895,2.3656646806138037,True,1.789,1.411,4.38,4.38,1.789,1.411,7.835819999999999,7.596685949240138,2500.743827887279,0.10916259831313449,1008.9251644172332,412.0929495758973,415770.9469060448,166.25891155644817,-1.4410747195138707,-0.05177203582733203,-0.7464233776706013,0.6946513418432694,2
2129,1439,expensive_reject,0,Dist_planter_box_01,False,False,,0,{},0.38700984831805946,3,6.213778969449368,0.15112707029316924,5,8,3.708867852850314,near-pallet,indoor,7645.846868005014,medium,left,left,False,0,0.9607,0.8592675719480356,2.3208716592412912,True,0.913,0.425,0.414,0.913,0.425,0.414,0.388025,0.2864946734771764,2959.01803664973,0.38700984831805946,162.07056295822798,75.44358078559353,12227.183609505695,4.132176099659602,0.008708730444355772,0.3738974485222709,0.19130308948331334,0.18259435903895757,3
2129,1439,expensive_reject,1,Dist_chinese_screen_panels,False,False,feedback|prealign|prealign-primary|preprobe|primary|refine|rescue,12,"{""candidate_budget_exhausted"": 4, ""score_callback"": 12}",0.38700984831805946,3,6.213778969449368,0.15112707029316924,5,8,3.708867852850314,near-pallet,indoor,7645.846868005014,large,left,left,False,96,0.921,1.1306996831229004,3.312610976272841,True,1.294,1.603,0.377,1.603,1.294,0.377,2.074282,2.6519317299212104,2959.01803664973,0.38700984831805946,256.8634682462087,207.3495495387361,53260.52443380882,17.99939161375023,-0.8367963752343679,0.9757152168116414,0.06945942078863676,0.9062557960230047,2
2129,1439,expensive_reject,2,Dist_Shelf_01,False,False,feedback|prealign|prealign-primary|preprobe|primary|refine|rescue,12,"{""candidate_budget_exhausted"": 4, ""score_callback"": 12}",0.38700984831805946,3,6.213778969449368,0.15112707029316924,5,8,3.708867852850314,near-pallet,indoor,7645.846868005014,indoor,left,left,False,5,0.9679,0.8641057426025807,2.305392001570697,True,1.003,2.08,0.257,2.08,1.003,0.257,2.0862399999999997,1.5577510428520633,2959.01803664973,0.38700984831805946,375.2000262055834,180.92578186740388,67883.35809791561,22.94117753157556,-0.705465074305414,1.0918748703079537,0.1932048980012698,0.8986699723066839,16
2129,1439,expensive_reject,3,Dist_water_dispenser_01,False,False,feedback|gate-overlap-refine|prealign|preprobe|primary|refine|rescue,12,"{""candidate_budget_exhausted"": 5, ""score_callback"": 12}",0.38700984831805946,3,6.213778969449368,0.15112707029316924,5,8,3.708867852850314,near-pallet,indoor,7645.846868005014,indoor,left,left,False,619,0.9812,1.130688349397931,2.4199278035716727,True,0.325,1.1,0.414,1.1,0.414,0.325,0.4554,0.5822089277336047,2959.01803664973,0.38700984831805946,249.04288208769754,93.73068471300616,23342.959860980347,7.88875213731708,-0.44274539836749954,0.8010117859702246,0.17913319380136256,0.6218785921688621,4
2129,1439,expensive_reject,4,Dist_forklift_02,False,False,,0,{},0.38700984831805946,3,6.213778969449368,0.15112707029316924,5,8,3.708867852850314,near-pallet,indoor,7645.846868005014,large,left,left,False,212,0.5807,1.079434856143205,3.1871987311791985,True,2.5,1.774,0.928,2.5,1.774,0.928,4.4350000000000005,5.167571564393359,2959.01803664973,0.38700984831805946,315.6206330046716,223.96440118011498,70687.78607098012,23.888933827187646,-0.8725913282269372,1.0423261065711085,0.0848673891720857,0.9574587173990228,3
2129,1439,expensive_reject,5,Dist_covered_car,False,False,,0,{},0.38700984831805946,3,6.213778969449368,0.15112707029316924,5,8,3.708867852850314,near-pallet,indoor,7645.846868005014,large,left,left,False,445,0.7299,0.8868328423812607,2.161434518644242,True,1.789,1.411,4.38,4.38,1.789,1.411,7.835819999999999,6.16265686914648,2959.01803664973,0.38700984831805946,751.0479211138962,306.7636371855617,230394.19198155365,77.86170585239533,-0.4147692626196906,0.8365518779802683,0.21089130768028883,0.6256605702999795,6
2132,1439,expensive_reject,0,Dist_portable_generator,False,False,feedback|prealign|prealign-primary|preprobe|primary|refine|rescue,12,"{""candidate_budget_exhausted"": 4, ""score_callback"": 12}",0.21929632826626147,2,8.75127610359654,0.2704991368986711,5,6,3.8499265055515095,near-camera,outdoor-day,12662.049529880009,large,left,left,False,0,0.8598,1.028555084324955,2.5571614232136888,True,0.818,0.577,0.564,0.818,0.577,0.564,0.47198599999999996,0.4993260540657566,2776.740970228228,0.21929632826626147,184.85323136806525,130.39158251757175,24103.305371568862,8.680429910460012,-0.07476632881826584,0.5187099548372331,0.22197181300948365,0.2967381418277495,1
2132,1439,expensive_reject,1,Dist_construction_sign_01,False,False,,0,{},0.21929632826626147,2,8.75127610359654,0.2704991368986711,5,6,3.8499265055515095,near-camera,outdoor-day,12662.049529880009,road,left,left,False,15,0.4797,1.1516782207243743,1.9184171040674758,True,1.068,1.2,0.059,1.2,1.068,0.059,1.2816,1.6998664671948471,2776.740970228228,0.21929632826626147,302.31509525160965,269.0604347739327,81341.03096712097,29.293705044599577,-0.3594346144936007,1.0225792503756483,0.3315723179410238,0.6910069324346245,2
2132,1439,expensive_reject,2,Dist_chinese_screen_panels,False,False,feedback|prealign|prealign-primary|preprobe|primary|refine|rescue,12,"{""candidate_budget_exhausted"": 4, ""score_callback"": 12}",0.21929632826626147,2,8.75127610359654,0.2704991368986711,5,6,3.8499265055515095,near-camera,outdoor-day,12662.049529880009,large,left,left,False,415,0.921,0.8438362989206402,2.3431903207257005,True,1.294,1.603,0.377,1.603,1.294,0.377,2.074282,1.4770126173412224,2776.740970228228,0.21929632826626147,335.6754560108676,270.96945731632104,90957.79614967339,32.75703320003858,-0.41764822606332486,0.9350213611064614,0.25868656752156827,0.6763347935848931,1
2132,1439,expensive_reject,3,Dist_utility_box_01,False,False,feedback|prealign|prealign-primary|preprobe|primary|refine|rescue,12,"{""camera_clearance"": 2, ""candidate_budget_exhausted"": 4, ""score_callback"": 10}",0.21929632826626147,2,8.75127610359654,0.2704991368986711,5,6,3.8499265055515095,near-camera,outdoor-day,12662.049529880009,road,left,left,False,286,0.9166,1.0213311922342285,2.010411679595021,True,0.52,1.12,0.432,1.12,0.52,0.432,0.5824,0.6075115762238961,2776.740970228228,0.21929632826626147,330.06171944805794,153.2429411723126,50579.628656611094,18.215465251861,-0.25615826376369666,0.8877326715386394,0.3157872038874714,0.571945467651168,1
2132,1439,expensive_reject,4,Dist_street_lamp_01,False,False,,0,{},0.21929632826626147,2,8.75127610359654,0.2704991368986711,5,6,3.8499265055515095,near-camera,outdoor-day,12662.049529880009,road,left,left,False,20,0.2753,0.8700454507492159,1.9432962746593772,True,0.704,3.871,0.386,3.871,0.704,0.386,2.725184,2.0629072945085243,2776.740970228228,0.21929632826626147,550.9787011956557,100.20382475891026,55210.17322050146,19.88308373465732,-1.356669605268545,2.01127633458167,0.32730336465656246,1.6839729699251076,1
2132,1439,expensive_reject,5,Dist_delivery_van_01,False,False,,0,{},0.21929632826626147,2,8.75127610359654,0.2704991368986711,5,6,3.8499265055515095,near-camera,outdoor-day,12662.049529880009,large,left,left,False,81,0.8028,0.9440731503151236,2.667691306404143,True,2.476,2.34,5.0,5.0,2.476,2.34,12.379999999999999,11.033973520746514,2776.740970228228,0.21929632826626147,960.6150149672202,475.6965554117675,456961.2536967301,164.56747625946946,-0.9015593129737445,1.3075718587636445,0.20300627289495002,1.1045655858686945,1
2134,1439,accepted,0,Dist_cargo_truck_01,False,False,,0,{},0.10166889294845276,1,31.91210580186255,0.07917576309290929,7,8,7.790052627352474,near-pallet,indoor,2421.1971469200034,large,left,left,False,0,0.4835,1.0065028613856124,5.283010932528119,True,2.321,2.038,6.5,6.5,2.321,2.038,15.086500000000001,15.283348802524428,246.16043353730907,0.10166889294845276,347.6302502262311,124.13074011924346,43151.60024841987,175.2986847980979,0.23876434304234917,2.290017174546227,1.2643907587942882,1.025626415751939,1
2134,1439,accepted,1,Dist_Shelf_01,True,True,prealign|preprobe,9,"{""score_callback"": 6}",0.10166889294845276,1,31.91210580186255,0.07917576309290929,7,8,7.790052627352474,near-pallet,indoor,2421.1971469200034,indoor,left,left,False,235,0.9679,0.988754289172386,5.4889016958447625,True,1.003,2.08,0.257,2.08,1.003,0.257,2.0862399999999997,2.0395813349389096,246.16043353730907,0.10166889294845276,148.81748757688976,71.76150963443288,10679.367568521071,43.383769743411925,0.12195341036227081,2.178562331840834,1.1502578711015523,1.0283044607392815,1
2134,1439,accepted,2,Dist_steel_frame_shelves_03,False,False,,0,{},0.10166889294845276,1,31.91210580186255,0.07917576309290929,7,8,7.790052627352474,near-pallet,indoor,2421.1971469200034,large,left,left,False,320,0.2394,1.0909324221777679,4.9328778413156105,True,2.351,2.312,0.721,2.351,2.312,0.721,5.435511999999999,6.468985191315747,246.16043353730907,0.10166889294845276,102.70335981854306,100.99964606570464,10373.00299143156,42.13919695530348,0.1973646395193136,2.719600399594313,1.4584825195568132,1.2611178800374998,4
2134,1439,accepted,3,Dist_delivery_van_01,False,False,,0,{},0.10166889294845276,1,31.91210580186255,0.07917576309290929,7,8,7.790052627352474,near-pallet,indoor,2421.1971469200034,large,left,left,False,188,0.8028,1.0714653175676827,4.590496873566903,True,2.476,2.34,5.0,5.0,2.476,2.34,12.379999999999999,14.212709533170138,246.16043353730907,0.10166889294845276,422.14783746690415,209.04760911361097,88248.99611493756,358.50195275822904,0.39466256916156706,2.9018914122699444,1.6482769907157557,1.2536144215541887,3
2134,1439,accepted,4,Dist_delivery_truck_01,False,False,,0,{},0.10166889294845276,1,31.91210580186255,0.07917576309290929,7,8,7.790052627352474,near-pallet,indoor,2421.1971469200034,large,left,left,False,586,0.7897,0.9396519839752766,4.518492406385917,True,2.665,2.591,6.0,6.0,2.665,2.591,15.99,14.11830415730889,246.16043353730907,0.10166889294845276,447.639352010645,198.82647885139485,89002.5561555966,361.5632085003905,0.4708725926638557,2.9055108831437977,1.6881917379038267,1.217319145239971,1
2134,1439,accepted,5,Dist_covered_car,False,False,,0,{},0.10166889294845276,1,31.91210580186255,0.07917576309290929,7,8,7.790052627352474,near-pallet,indoor,2421.1971469200034,large,left,left,False,32,0.7299,1.071207468715682,4.519680596230815,True,1.789,1.411,4.38,4.38,1.789,1.411,7.835819999999999,8.991489368549393,246.16043353730907,0.10166889294845276,358.0503483144409,146.24476555582984,52362.989246428624,212.71895118957968,0.9317962110175888,2.4432699493754164,1.6875330801965025,0.7557368691789138,2
2135,1440,accepted,0,Dist_power_box_01,False,False,,0,{},0.4149605804824502,3,2.8208929612767237,0.1200244536322678,6,6,8.676580191447139,near-camera,outdoor-night,2067.7654769699984,road,right,right,False,0,0.5976,0.880867239553879,4.258708810393932,True,0.461,0.503,0.399,0.503,0.461,0.399,0.231883,0.1799243022729057,858.0411626250411,0.4149605804824502,48.731682185093774,44.66263516367442,2176.485342344976,2.536574510815266,0.03826003425765004,0.48133625575325123,0.2597981450054506,0.2215381107478006,1
2135,1440,accepted,1,Dist_construction_sign_01,False,False,,0,{},0.4149605804824502,3,2.8208929612767237,0.1200244536322678,6,6,8.676580191447139,near-camera,outdoor-night,2067.7654769699984,road,right,right,False,28,0.4797,0.8442798672202942,4.140636228171646,True,1.068,1.2,0.059,1.2,1.068,0.059,1.2816,0.9135353661584124,858.0411626250411,0.4149605804824502,102.68123235617226,91.38629679699332,9383.657575582192,10.936139178771304,-0.24005448443096894,0.7730813562333843,0.26651343590120763,0.5065679203321766,2
2135,1440,accepted,2,Dist_chinese_screen_panels,False,False,feedback|prealign|prealign-primary|preprobe|primary|refine|rescue,12,"{""candidate_budget_exhausted"": 4, ""score_callback"": 12}",0.4149605804824502,3,2.8208929612767237,0.1200244536322678,6,6,8.676580191447139,near-camera,outdoor-night,2067.7654769699984,large,right,right,False,73,0.921,1.0753887001024425,3.909442493968692,True,1.294,1.603,0.377,1.603,1.294,0.377,2.074282,2.3988259379443146,858.0411626250411,0.4149605804824502,256.4009254776818,206.97616816476625,53068.88106927037,61.848875532864334,-0.5822616343768439,1.1415864518873715,0.2796624087552638,0.8619240431321077,1
2135,1440,accepted,3,Dist_utility_box_01,True,True,prealign|preprobe,9,"{""score_callback"": 7}",0.4149605804824502,3,2.8208929612767237,0.1200244536322678,6,6,8.676580191447139,near-camera,outdoor-night,2067.7654769699984,road,right,right,False,90,0.9166,0.9675170723106103,4.48483115649076,True,0.52,1.12,0.432,1.12,0.52,0.432,0.5824,0.5451783997077569,858.0411626250411,0.4149605804824502,140.16064914302737,65.07458710211986,9120.896370947596,10.629905380114465,-0.29487195689015633,0.7887471640977273,0.24693760360378544,0.5418095604939418,3
2135,1440,accepted,4,Dist_street_lamp_01,False,False,,0,{},0.4149605804824502,3,2.8208929612767237,0.1200244536322678,6,6,8.676580191447139,near-camera,outdoor-night,2067.7654769699984,road,right,right,False,45,0.2753,0.9967191142628449,2.99476403965326,True,0.704,3.871,0.386,3.871,0.704,0.386,2.725184,2.7073312998227435,858.0411626250411,0.4149605804824502,409.5831350012488,74.48889874473757,30509.3966706602,35.557031526694516,-1.5974657754681365,2.260833915843336,0.3316840701875998,1.9291498456557363,1
2135,1440,accepted,5,Dist_modular_chainlink_fence,False,False,,0,{},0.4149605804824502,3,2.8208929612767237,0.1200244536322678,6,6,8.676580191447139,near-camera,outdoor-night,2067.7654769699984,road,right,right,False,105,0.5685,1.1542837941319117,5.83284622349751,True,8.115,2.523,2.149,8.115,2.523,2.149,20.474145,27.27915863240295,858.0411626250411,0.4149605804824502,733.6542565755011,228.097312303141,167344.5640846308,195.03092785510034,-1.2858587638746575,1.6263992487201562,0.17027024242274938,1.4561290062974068,1
2138,1441,expensive_reject,0,Dist_bollard_01,False,False,feedback|prealign|prealign-primary|preprobe|primary|refine|rescue,12,"{""candidate_budget_exhausted"": 4, ""score_callback"": 12}",0.2806666535780019,2,15.717905662771502,0.3983725186033245,7,6,3.0066917297604454,near-pallet,outdoor-day,28106.397815639993,road,bottom,bottom,False,0,0.691,0.8647467049096402,2.1772536047790867,True,0.196,1.0,0.196,1.0,0.196,0.196,0.196,0.14656622527580776,7888.52861904774,0.2806666535780019,201.32260322308787,39.45923023172523,7944.0349514300915,1.007036335299377,-0.3642481430694702,0.50049856184017,0.06812520938534992,0.4323733524548201,1
2138,1441,expensive_reject,1,Dist_construction_sign_01,False,False,,0,{},0.2806666535780019,2,15.717905662771502,0.3983725186033245,7,6,3.0066917297604454,near-pallet,outdoor-day,28106.397815639993,road,bottom,bottom,False,202,0.4797,0.9847955861822654,1.715089075482078,True,1.068,1.2,0.059,1.2,1.068,0.059,1.2816,1.2429243193565143,7888.52861904774,0.2806666535780019,291.00411769988534,258.993664752898,75368.22290127697,9.554154715150796,-0.6906410589974719,0.49111364442124655,-0.09976370728811264,0.5908773517093592,3
2138,1441,expensive_reject,2,Dist_chinese_screen_panels,False,False,feedback|prealign-primary|preprobe|primary|refine|rescue,12,"{""camera_clearance"": 9, ""candidate_budget_exhausted"": 3, ""score_callback"": 3}",0.2806666535780019,2,15.717905662771502,0.3983725186033245,7,6,3.0066917297604454,near-pallet,outdoor-day,28106.397815639993,large,bottom,bottom,False,58,0.921,1.052494012585415,1.7230591155841142,True,1.294,1.603,0.377,1.603,1.294,0.377,2.074282,2.2977727066076996,7888.52861904774,0.2806666535780019,573.002358924934,462.54837956884876,265041.3126098561,33.598320473844005,-1.2389754253664556,0.4481724768079647,-0.39540147427924544,0.8435739510872101,3
2138,1441,expensive_reject,3,Dist_utility_box_01,False,False,feedback|prealign|prealign-primary|preprobe|primary|refine|rescue,12,"{""candidate_budget_exhausted"": 4, ""score_callback"": 12}",0.2806666535780019,2,15.717905662771502,0.3983725186033245,7,6,3.0066917297604454,near-pallet,outdoor-day,28106.397815639993,road,bottom,bottom,False,178,0.9166,1.0313999649663295,1.8624827287611132,True,0.52,1.12,0.432,1.12,0.52,0.432,0.5824,0.6195489010154346,7888.52861904774,0.2806666535780019,362.0899104942413,168.11317272946914,60872.0836665164,7.716532018345463,-0.6278977493458515,0.5272702114164376,-0.050313768964706906,0.5775839803811446,1
2138,1441,expensive_reject,4,Dist_ladder_sectioned_01,False,False,,0,{},0.2806666535780019,2,15.717905662771502,0.3983725186033245,7,6,3.0066917297604454,near-pallet,outdoor-day,28106.397815639993,large,bottom,bottom,False,49,0.4479,1.1028297644141232,1.9141740321535645,True,0.662,2.135,0.178,2.135,0.662,0.178,1.41337,1.7189879267404375,7888.52861904774,0.2806666535780019,501.9830874300486,155.65002523592142,78133.68022649281,9.904721653393036,-1.2341328224594132,1.1204087245647396,-0.056862048947336825,1.1772707735120764,5
2138,1441,expensive_reject,5,Dist_delivery_van_01,False,False,,0,{},0.2806666535780019,2,15.717905662771502,0.3983725186033245,7,6,3.0066917297604454,near-pallet,outdoor-day,28106.397815639993,large,bottom,bottom,False,255,0.8028,0.9365539535944944,2.6041703920289025,True,2.476,2.34,5.0,5.0,2.476,2.34,12.379999999999999,10.858910352959263,7888.52861904774,0.2806666535780019,982.4505657747684,486.5095201716654,477971.5533474637,60.590710439123924,-2.199328417936241,-0.007792166525124156,-1.1035602922306826,1.0957681257055585,13
2139,1441,expensive_reject,0,Dist_old_tyre,False,False,feedback|gate-overlap-refine|prealign|preprobe|primary|refine|rescue,12,"{""candidate_budget_exhausted"": 5, ""collision"": 11, ""score_callback"": 1}",0.17109308183806932,1,4.697142464534724,0.7051168127391199,6,6,1.4581622114756265,near-pallet,outdoor-day,86039.00268722,medium,left,left,False,0,0.9677,0.807391369790437,0.8586298245616631,True,0.6,0.6,0.165,0.6,0.6,0.165,0.36,0.23467709664434816,14720.678128030397,0.17109308183806932,332.01213111026846,332.01213111026846,110232.0552043821,7.488245734718131,-0.16106617619872193,0.32336864567554024,0.08115123473840916,0.2422174109371311,2
2139,1441,expensive_reject,1,Dist_construction_sign_01,False,False,,0,{},0.17109308183806932,1,4.697142464534724,0.7051168127391199,6,6,1.4581622114756265,near-pallet,outdoor-day,86039.00268722,road,left,left,False,58,0.4797,1.0485406599167733,0.9512587650317295,True,1.068,1.2,0.059,1.2,1.068,0.059,1.2816,1.409039119863137,14720.678128030397,0.17109308183806932,548.0332492679802,487.7495918485024,267302.9936498659,18.15833423739363,-0.5601912042587406,0.6980575876413874,0.06893319169132338,0.629124395950064,3
2139,1441,expensive_reject,2,Dist_chinese_screen_panels,False,False,feedback|prealign|prealign-primary|preprobe|primary|refine|rescue,12,"{""candidate_budget_exhausted"": 4, ""score_callback"": 4, ""support"": 8}",0.17109308183806932,1,4.697142464534724,0.7051168127391199,6,6,1.4581622114756265,near-pallet,outdoor-day,86039.00268722,large,left,left,False,83,0.921,0.9670218321251929,1.2737143375474096,True,1.294,1.603,0.377,1.603,1.294,0.377,2.074282,1.9397258651803435,14720.678128030397,0.17109308183806932,698.685575464866,564.004450811938,394061.77428028465,26.769267750643326,-0.7486676916823563,0.8014683052143279,0.026400306765985825,0.7750679984483421,6
2139,1441,expensive_reject,3,Dist_utility_box_01,False,False,feedback|prealign|prealign-primary|preprobe|primary|refine|rescue,12,"{""candidate_budget_exhausted"": 4, ""collision"": 2, ""score_callback"": 7, ""support"": 3}",0.17109308183806932,1,4.697142464534724,0.7051168127391199,6,6,1.4581622114756265,near-pallet,outdoor-day,86039.00268722,road,left,left,False,19,0.9166,0.9473612957814374,1.29519382980515,True,0.52,1.12,0.432,1.12,0.52,0.432,0.5824,0.522700170571304,14720.678128030397,0.17109308183806932,469.18381063479154,217.83534065186745,102204.81521797109,6.942942052605421,-0.5069552301736465,0.5540894211015633,0.0235670954639584,0.5305223256376049,5
2139,1441,expensive_reject,4,Dist_ladder_sectioned_01,False,False,,0,{},0.17109308183806932,1,4.697142464534724,0.7051168127391199,6,6,1.4581622114756265,near-pallet,outdoor-day,86039.00268722,large,left,left,False,52,0.4479,0.8791449213493177,1.185861401482302,True,0.662,2.135,0.178,2.135,0.662,0.178,1.41337,1.0923877265768747,14720.678128030397,0.17109308183806932,633.6787547596825,196.4849347311053,124508.32876944431,8.458056598110222,-0.9004988234443132,0.9764755836364798,0.037988380096083296,0.9384872035403965,4
2139,1441,expensive_reject,5,Dist_portable_welding_cart,False,False,,0,{},0.17109308183806932,1,4.697142464534724,0.7051168127391199,6,6,1.4581622114756265,near-pallet,outdoor-day,86039.00268722,large,left,left,False,8,0.5805,1.1426647884943022,1.1438609338505634,True,0.838,1.563,0.655,1.563,0.838,0.655,1.309794,1.710175522052108,14720.678128030397,0.17109308183806932,711.6392692384337,381.54427870877,271521.89168241434,18.444930955007813,-0.8494641608425507,0.9365209035740435,0.04352837136574643,0.8929925322082971,1
2140,1441,expensive_reject,0,Dist_forklift_02,False,False,,0,{},0.3966742481291312,3,18.896500771175084,0.07682556099508728,5,5,8.975610557533653,near-camera,outdoor-night,4287.106859175008,large,right,right,False,0,0.5807,0.871808019558131,3.65600238754472,True,2.5,1.774,0.928,2.5,1.774,0.928,4.4350000000000005,3.3708183038536363,1700.5848900124874,0.3966742481291312,273.3874659744399,193.99574585546256,53036.00536924636,31.186920265331135,0.7810227826962175,2.3276102093923416,1.5543164960442797,0.7732937133480621,1
2140,1441,expensive_reject,1,Dist_construction_sign_01,False,False,,0,{},0.3966742481291312,3,18.896500771175084,0.07682556099508728,5,5,8.975610557533653,near-camera,outdoor-night,4287.106859175008,road,right,right,False,171,0.4797,0.8067823082629938,4.07631529542222,True,1.068,1.2,0.059,1.2,1.068,0.059,1.2816,0.8341904832541722,1700.5848900124874,0.3966742481291312,98.99265943896859,88.10346690068205,8721.59649429166,5.128586373731462,0.9061318720598247,1.8742706419754174,1.390201257017621,0.48406938495779633,2
2140,1441,expensive_reject,2,Dist_chinese_screen_panels,False,False,feedback|prealign|prealign-primary|preprobe|primary|refine|rescue,12,"{""candidate_budget_exhausted"": 4, ""score_callback"": 12}",0.3966742481291312,3,18.896500771175084,0.07682556099508728,5,5,8.975610557533653,near-camera,outdoor-night,4287.106859175008,large,right,right,False,22,0.921,0.8916786289794427,3.6072205048987582,True,1.294,1.603,0.377,1.603,1.294,0.377,2.074282,1.6492424878825591,1700.5848900124874,0.3966742481291312,228.84809061035762,184.73451606350767,42276.141270962165,24.859765319126016,0.8586834326846883,2.288044274938735,1.5733638538117116,0.7146804211270235,1
2140,1441,expensive_reject,3,Dist_utility_box_01,False,False,feedback|gate-overlap-refine|prealign|preprobe|primary|refine|rescue,12,"{""candidate_budget_exhausted"": 5, ""score_callback"": 12}",0.3966742481291312,3,18.896500771175084,0.07682556099508728,5,5,8.975610557533653,near-camera,outdoor-night,4287.106859175008,road,right,right,False,7,0.9166,1.0464267496856585,5.779037635349257,True,0.52,1.12,0.432,1.12,0.52,0.432,0.5824,0.6377332080873598,1700.5848900124874,0.3966742481291312,116.84484267261985,54.2493912408592,6338.761584623594,3.727400861815871,0.13935787537813527,1.311355835026073,0.7253568552021041,0.5859989798239689,3
2140,1441,expensive_reject,4,Dist_street_lamp_01,False,False,,0,{},0.3966742481291312,3,18.896500771175084,0.07682556099508728,5,5,8.975610557533653,near-camera,outdoor-night,4287.106859175008,road,right,right,False,376,0.2753,1.1568840192464203,3.4630640566905804,True,0.704,3.871,0.386,3.871,0.704,0.386,2.725184,3.6473334896532768,1700.5848900124874,0.3966742481291312,408.32301829392435,74.25972742932645,30321.956041626698,17.830310159585178,-0.6094978863400067,3.868800152162886,1.6296511329114398,2.2391490192514465,1
2140,1441,expensive_reject,5,Dist_delivery_truck_01,False,False,feedback|prealign|prealign-primary|preprobe|primary|refine|rescue,12,"{""candidate_budget_exhausted"": 4, ""score_callback"": 12}",0.3966742481291312,3,18.896500771175084,0.07682556099508728,5,5,8.975610557533653,near-camera,outdoor-night,4287.106859175008,large,right,right,False,74,0.7897,1.15973588313538,5.194966855095403,True,2.665,2.591,6.0,6.0,2.665,2.591,15.99,21.506347224922475,1700.5848900124874,0.3966742481291312,716.3197442941527,318.16535309065284,227908.12436915524,134.01749345631413,-0.5490248976742124,2.455850775529557,0.9534129389276723,1.5024378366018847,3
2143,1441,expensive_reject,0,Dist_ladder_sectioned_01,False,False,,0,{},0.2323287022378029,2,16.681234422056484,0.3698725264973006,6,6,2.8155694794017108,near-camera,outdoor-day,33326.259841775005,large,bottom,bottom,False,0,0.4479,1.0559343706911044,1.7258372822416572,True,0.662,2.135,0.178,2.135,0.662,0.178,1.41337,1.5759038684634614,7742.646699479393,0.2323287022378029,529.7013770280303,164.2446424321106,87000.61326576544,11.236546964181546,-1.1665180337745868,1.0879018476509208,-0.03930809306183301,1.1272099407127538,3
2143,1441,expensive_reject,1,Dist_construction_sign_01,False,False,feedback|prealign|prealign-primary|preprobe|primary|refine|rescue,12,"{""candidate_budget_exhausted"": 4, ""score_callback"": 12}",0.2323287022378029,2,16.681234422056484,0.3698725264973006,6,6,2.8155694794017108,near-camera,outdoor-day,33326.259841775005,road,bottom,bottom,False,40,0.4797,0.902284290465121,1.9635421966035729,True,1.068,1.2,0.059,1.2,1.068,0.059,1.2816,1.0433722713551004,7742.646699479393,0.2323287022378029,231.40613786151425,205.9514626967477,47658.43256958411,6.155315413370031,-0.7427657517416184,0.33997539681652694,-0.2013951774625457,0.5413705742790726,2
2143,1441,expensive_reject,2,Dist_chinese_screen_panels,False,False,feedback|prealign-primary|preprobe|primary|refine|rescue,12,"{""camera_clearance"": 7, ""candidate_budget_exhausted"": 3, ""score_callback"": 5}",0.2323287022378029,2,16.681234422056484,0.3698725264973006,6,6,2.8155694794017108,near-camera,outdoor-day,33326.259841775005,large,bottom,bottom,False,61,0.921,0.9117301523768713,1.94623259586033,True,1.294,1.603,0.377,1.603,1.294,0.377,2.074282,1.7242507929695916,7742.646699479393,0.2323287022378029,436.65709875052437,352.4855182677347,153915.303758364,19.878900553309904,-1.1894958817069194,0.272007552553205,-0.45874416457685724,0.7307517171300623,1
2143,1441,expensive_reject,3,Dist_utility_box_01,False,False,feedback|prealign|prealign-primary|preprobe|primary|refine|rescue,12,"{""camera_clearance"": 1, ""candidate_budget_exhausted"": 4, ""score_callback"": 11}",0.2323287022378029,2,16.681234422056484,0.3698725264973006,6,6,2.8155694794017108,near-camera,outdoor-day,33326.259841775005,road,bottom,bottom,False,19,0.9166,0.8574867401654354,1.3358134607131031,True,0.52,1.12,0.432,1.12,0.52,0.432,0.5824,0.4282291159674789,7742.646699479393,0.2323287022378029,417.0567534810288,193.63349268762053,80756.15582549154,10.430045301036595,-0.34334358374309903,0.6170415652421887,0.1368489907495448,0.48019257449264385,1
2143,1441,expensive_reject,4,Dist_street_lamp_01,False,False,,0,{},0.2323287022378029,2,16.681234422056484,0.3698725264973006,6,6,2.8155694794017108,near-camera,outdoor-day,33326.259841775005,road,bottom,bottom,False,255,0.2753,0.8574042419438219,1.907009309261667,True,0.704,3.871,0.386,3.871,0.704,0.386,2.725184,2.0033973090656585,7742.646699479393,0.2323287022378029,553.3051381877781,100.62692257406245,55677.39330025247,7.191002697307131,-1.6957717841306004,1.6232400364339343,-0.03626587384833292,1.6595059102822673,1
2143,1441,expensive_reject,5,Dist_forklift_02,False,False,,0,{},0.2323287022378029,2,16.681234422056484,0.3698725264973006,6,6,2.8155694794017108,near-camera,outdoor-day,33326.259841775005,large,bottom,bottom,False,58,0.5807,1.0983244254827278,1.5989394240037216,True,2.5,1.774,0.928,2.5,1.774,0.928,4.4350000000000005,5.350013870919062,7742.646699479393,0.2323287022378029,792.9031886457168,562.6441026630007,446122.3030742013,57.61883763909802,-1.470154110516315,0.4782734202900442,-0.4959403451131354,0.9742137654031796,1
2145,1441,accepted,0,Dist_steel_frame_shelves_02,False,False,,0,{},0.1588774139279427,1,51.53991940776639,0.09711123422112335,8,8,9.884258598074354,near-pallet,indoor,3482.6832921200003,indoor,bottom,bottom,False,0,0.2375,0.8466432601617417,8.73913736801689,True,0.593,2.142,0.502,2.142,0.593,0.502,1.270206,0.9104897704620296,553.3197149820794,0.1588774139279427,56.47861325222414,15.63576921501817,883.0865623960435,1.5959788499938854,-0.28399056711600434,1.5295192961504465,0.6227643645172211,0.9067549316332254,5
2145,1441,accepted,1,Dist_chinese_screen_panels,False,False,,0,{},0.1588774139279427,1,51.53991940776639,0.09711123422112335,8,8,9.884258598074354,near-pallet,indoor,3482.6832921200003,large,bottom,bottom,False,3,0.921,0.942621482525833,6.960674987460936,True,1.294,1.603,0.377,1.603,1.294,0.377,2.074282,1.8430726947711475,553.3197149820794,0.1588774139279427,116.34565703458465,93.91845302729416,10927.004125132315,19.748083846038654,1.0011599149444983,2.5121821514334086,1.7566710331889535,0.7555111182444552,1
2145,1441,accepted,2,Dist_Shelf_01,False,True,preprobe,1,{},0.1588774139279427,1,51.53991940776639,0.09711123422112335,8,8,9.884258598074354,near-pallet,indoor,3482.6832921200003,indoor,bottom,bottom,False,141,0.9679,0.8848011474824862,7.760705867932375,True,1.003,2.08,0.257,2.08,1.003,0.257,2.0862399999999997,1.633261114780013,553.3197149820794,0.1588774139279427,130.29384335469135,62.8291946561324,8186.257246627526,14.79480492917672,0.27453706990967397,2.114923456673245,1.1947302632914596,0.9201931933817855,6
2145,1441,accepted,3,Dist_water_dispenser_01,True,True,preprobe,1,{},0.1588774139279427,1,51.53991940776639,0.09711123422112335,8,8,9.884258598074354,near-pallet,indoor,3482.6832921200003,indoor,bottom,bottom,False,60,0.9812,1.0759469589499246,6.1284449217260315,True,0.325,1.1,0.414,1.1,0.414,0.325,0.4554,0.5271992103488733,553.3197149820794,0.1588774139279427,106.83483700738039,40.208747746414076,4295.695011759021,7.763495309214037,2.0725097151050926,3.2560513699500095,2.664280542527551,0.5917708274224585,2
2145,1441,accepted,4,Dist_steel_frame_shelves_03,False,False,,0,{},0.1588774139279427,1,51.53991940776639,0.09711123422112335,8,8,9.884258598074354,near-pallet,indoor,3482.6832921200003,large,bottom,bottom,False,55,0.2394,1.142908281153128,6.2898269591806315,True,2.351,2.312,0.721,2.351,2.312,0.721,5.435511999999999,7.100079602704472,553.3197149820794,0.1588774139279427,116.73154824948448,114.79512528830628,13400.21270639754,24.217847916067004,0.9462109286913676,3.588614874717399,2.2674129017043834,1.3212019730130158,7
2145,1441,accepted,5,Dist_delivery_van_01,False,False,,0,{},0.1588774139279427,1,51.53991940776639,0.09711123422112335,8,8,9.884258598074354,near-pallet,indoor,3482.6832921200003,large,bottom,bottom,False,546,0.8028,0.8545523824929686,5.619352016731098,True,2.476,2.34,5.0,5.0,2.476,2.34,12.379999999999999,9.040616007374181,553.3197149820794,0.1588774139279427,380.4757646989796,188.41159867893472,71686.04708552494,129.55628571421258,1.6285625950994302,3.6282151701329766,2.6283888826162034,0.9998262875167732,2
2148,1442,expensive_reject,0,Dist_utility_box_01,False,False,prealign-rescue|preprobe|primary|refine|rescue,12,"{""camera_clearance"": 2, ""candidate_budget_exhausted"": 2, ""score_callback"": 3, ""support"": 7}",0.28528949116092933,2,36.19927748526513,0.6611287011438393,5,4,1.0501251320388287,near-pallet,outdoor-day,687242.613213545,road,left,left,False,0,0.9166,0.8413615712966174,0.8192696411563127,True,0.52,1.12,0.432,1.12,0.52,0.432,0.5824,0.4122747246245049,196063.0954277996,0.28528949116092933,667.2204836704204,309.7809388469809,206692.18784935953,1.0542126114981905,-0.5207703511490359,0.42155460870317557,-0.04960787122293019,0.4711624799261057,17
2148,1442,expensive_reject,1,Dist_construction_sign_01,False,False,,0,{},0.28528949116092933,2,36.19927748526513,0.6611287011438393,5,4,1.0501251320388287,near-pallet,outdoor-day,687242.613213545,road,left,left,False,19,0.4797,0.9821228631326496,0.9354392239015125,True,1.068,1.2,0.059,1.2,1.068,0.059,1.2816,1.2361869119177384,196063.0954277996,0.28528949116092933,528.7154015810362,470.55670740712225,248790.5785234068,1.2689311977889492,-0.7444926342264251,0.43405480153275433,-0.1552189163468354,0.5892737178795897,6
2148,1442,expensive_reject,2,Dist_chinese_screen_panels,False,False,prealign-rescue|preprobe|primary|refine|rescue,12,"{""camera_clearance"": 3, ""candidate_budget_exhausted"": 2, ""collision"": 2, ""score_callback"": 4, ""support"": 3}",0.28528949116092933,2,36.19927748526513,0.6611287011438393,5,4,1.0501251320388287,near-pallet,outdoor-day,687242.613213545,large,left,left,False,72,0.921,0.8224334265436628,0.8727284294114124,True,1.294,1.603,0.377,1.603,1.294,0.377,2.074282,1.40303758491482,196063.0954277996,0.28528949116092933,878.3964637552228,709.0736270113902,622847.766508895,3.1767720750805917,-0.7573882348560071,0.5609725478934843,-0.09820784348126142,0.6591803913747457,2
2148,1442,expensive_reject,3,Dist_portable_welding_cart,False,False,,0,{},0.28528949116092933,2,36.19927748526513,0.6611287011438393,5,4,1.0501251320388287,near-pallet,outdoor-day,687242.613213545,large,left,left,False,22,0.5805,0.8293564357279801,0.906760164201807,True,0.838,1.563,0.655,1.563,0.838,0.655,1.309794,0.9009183542911976,196063.0954277996,0.28528949116092933,659.9552502399868,353.83397293736965,233514.58815329048,1.1910175530166636,-0.777288522328086,0.518995586714747,-0.1291464678066695,0.6481420545214165,4
2148,1442,expensive_reject,4,Dist_industrial_storage_cart,False,False,,0,{},0.28528949116092933,2,36.19927748526513,0.6611287011438393,5,4,1.0501251320388287,near-pallet,outdoor-day,687242.613213545,medium,left,left,False,169,0.6134,0.8521979829742199,0.9238403931238466,True,1.603,1.377,1.103,1.603,1.377,1.103,2.207331,1.603055160527144,196063.0954277996,0.28528949116092933,701.7050057106154,602.7746680371288,422970.0018772078,2.157315740396269,-0.731412603018923,0.44206401953657787,-0.14467429174117258,0.5867383112777504,11
2148,1442,expensive_reject,5,Dist_concrete_road_barrier_02,False,False,prealign-rescue|preprobe|primary|refine|rescue,12,"{""camera_clearance"": 3, ""candidate_budget_exhausted"": 2, ""score_callback"": 1, ""support"": 8}",0.28528949116092933,2,36.19927748526513,0.6611287011438393,5,4,1.0501251320388287,near-pallet,outdoor-day,687242.613213545,road,left,left,False,18,0.7784,0.8307131865967349,0.9044098046122526,True,1.565,1.112,0.442,1.565,1.112,0.442,1.74028,1.2009400768226688,196063.0954277996,0.28528949116092933,768.4351276079198,546.0063015335509,419570.4219936625,2.1399765268327595,-0.5888862618060344,0.33486680168953487,-0.12700973005824978,0.46187653174778465,17
2149,1442,expensive_reject,0,Dist_ladder_sectioned_01,False,False,,0,{},0.3712260710479675,3,5.061949067959876,0.31611683632072674,7,8,1.58662170956173,near-pallet,outdoor-night,24491.037193244978,large,right,right,False,0,0.4479,0.849315148988632,1.2833660897340955,True,0.662,2.135,0.178,2.135,0.662,0.178,1.41337,1.0195149765143874,9091.711513137974,0.37122607104796745,310.43276411329435,96.25596713957889,29881.005941537904,3.286620555256111,-0.8751937355665975,0.9380941075241316,0.03145018597876706,0.9066439215453646,28
2149,1442,expensive_reject,1,Dist_chinese_screen_panels,False,False,feedback|prealign|preprobe|primary|refine|rescue,12,"{""candidate_budget_exhausted"": 3, ""collision"": 1, ""score_callback"": 9, ""support"": 2}",0.3712260710479675,3,5.061949067959876,0.31611683632072674,7,8,1.58662170956173,near-pallet,outdoor-night,24491.037193244978,large,right,right,False,65,0.921,1.0753636533605249,1.3435514853731243,True,1.294,1.603,0.377,1.603,1.294,0.377,2.074282,2.398714197743814,9091.711513137974,0.37122607104796745,404.2268972649967,326.30667814155066,131901.93606200695,14.507932403200664,-0.8390612564193954,0.884746679917526,0.022842711749065294,0.8619039681684607,29
2149,1442,expensive_reject,2,Dist_utility_box_01,False,False,feedback|prealign|preprobe|primary|refine|rescue,12,"{""candidate_budget_exhausted"": 3, ""score_callback"": 9, ""support"": 3}",0.3712260710479675,3,5.061949067959876,0.31611683632072674,7,8,1.58662170956173,near-pallet,outdoor-night,24491.037193244978,road,right,right,False,13,0.9166,0.8543313953834666,1.351182829176631,True,0.52,1.12,0.432,1.12,0.52,0.432,0.5824,0.42508335433949035,9091.711513137974,0.37122607104796745,222.57738126733307,103.3394984455475,23001.0349454896,2.5298905395592417,-0.4566742738913896,0.5001768889380931,0.02175130752335177,0.47842558141474134,2
2149,1442,expensive_reject,3,Dist_potted_plant_01,False,False,,0,{},0.3712260710479675,3,5.061949067959876,0.31611683632072674,7,8,1.58662170956173,near-pallet,outdoor-night,24491.037193244978,medium,right,right,False,2,0.4554,1.1527712841527493,1.3431598218790206,True,0.587,1.35,0.634,1.35,0.634,0.587,0.8559000000000001,1.1373897901701484,9091.711513137974,0.37122607104796745,256.68859303819926,120.54856887868023,30943.442538236883,3.403478266278255,-0.7552218909098047,0.801019342696407,0.022898725893301115,0.7781206168031058,25
2149,1442,expensive_reject,4,Dist_forklift_01,False,False,feedback|prealign|prealign-primary|preprobe|primary|refine|rescue,12,"{""candidate_budget_exhausted"": 4, ""score_callback"": 12}",0.3712260710479675,3,5.061949067959876,0.31611683632072674,7,8,1.58662170956173,near-pallet,outdoor-night,24491.037193244978,large,right,right,False,20,0.5646,0.827831965690578,1.4181584783069001,True,0.83,1.539,2.5,2.5,1.539,0.83,3.8474999999999997,2.6367139247550884,9091.711513137974,0.37122607104796745,359.9885624335256,221.60895903407837,79776.69058506793,8.774661456183102,-0.6248439791632385,0.649189416034561,0.012172718435661227,0.6370166975988998,8
2149,1442,expensive_reject,5,Dist_old_military_compressor,False,False,,0,{},0.3712260710479675,3,5.061949067959876,0.31611683632072674,7,8,1.58662170956173,near-pallet,outdoor-night,24491.037193244978,large,right,right,False,6,0.4993,1.0330852739860445,1.0802099854086937,True,0.598,1.179,1.676,1.676,1.179,0.598,1.976004,2.108920271314531,9091.711513137974,0.37122607104796745,371.829301956769,261.5672714839085,97258.37597059837,10.697477128487325,-0.54849901067637,0.6695085273531766,0.06050475833840334,0.6090037690147733,1
2150,1442,accepted,0,Dist_Cole_Hardware_Mug_Classic_Blue,True,True,prealign-primary|preprobe|primary,12,"{""collision"": 1, ""score_callback"": 6, ""support"": 4}",0.14010798161359841,1,21.123513010192294,0.4739478649004457,6,6,1.3960202280869927,near-camera,random-mix,78462.63376556999,indoor,bottom,bottom,False,0,0.8619,1.1860578620058577,0.5355970579241113,True,0.166,0.126,0.095,0.166,0.126,0.095,0.020916,0.029423232699373855,10993.241248980987,0.14010798161359841,131.3753219968161,99.71861790119776,13100.565535847325,1.1916927172922431,0.07328035722207134,0.2227236478348094,0.14800200252844037,0.07472164530636904,6
2150,1442,accepted,1,Dist_construction_sign_01,False,False,,0,{},0.14010798161359841,1,21.123513010192294,0.4739478649004457,6,6,1.3960202280869927,near-camera,random-mix,78462.63376556999,road,bottom,bottom,False,67,0.4797,0.9762804257687833,0.7891512691158371,True,1.068,1.2,0.059,1.2,1.068,0.059,1.2816,1.221523038817857,10993.241248980987,0.14010798161359841,395.8129499122075,352.2735254218647,139434.42327320128,12.68364990044461,-0.9925581845796169,0.1789783263429231,-0.4067899291183469,0.58576825546127,2
2150,1442,accepted,2,Dist_chinese_screen_panels,False,False,prealign-primary|preprobe|primary|refine|rescue,12,"{""camera_clearance"": 4, ""candidate_budget_exhausted"": 2, ""score_callback"": 1, ""support"": 7}",0.14010798161359841,1,21.123513010192294,0.4739478649004457,6,6,1.3960202280869927,near-camera,random-mix,78462.63376556999,large,bottom,bottom,False,26,0.921,0.9240398717084676,0.9634648332971718,True,1.294,1.603,0.377,1.603,1.294,0.377,2.074282,1.7711250312785516,10993.241248980987,0.14010798161359841,567.9730802770315,458.48856261913835,260409.16118258066,23.688114841172904,-1.5041229235876554,-0.022887009238982015,-0.7635049664133188,0.7406179571743368,4
2150,1442,accepted,3,Dist_painted_wooden_cabinet,False,False,,0,{},0.14010798161359841,1,21.123513010192294,0.4739478649004457,6,6,1.3960202280869927,near-camera,random-mix,78462.63376556999,indoor,bottom,bottom,False,40,0.9306,1.182042919444563,0.9351058124129884,True,1.195,1.182,0.617,1.195,1.182,0.617,1.41249,1.9735669948106145,10993.241248980987,0.14010798161359841,560.9594775316624,554.856989491569,311252.28692998167,28.313058895058184,-1.5326640942173706,-0.13548936343389717,-0.8340767288256339,0.6985873653917367,5
2150,1442,accepted,4,Dist_industrial_storage_cart,False,False,,0,{},0.14010798161359841,1,21.123513010192294,0.4739478649004457,6,6,1.3960202280869927,near-camera,random-mix,78462.63376556999,medium,bottom,bottom,False,157,0.6134,0.9453449981825423,0.9676536212353501,True,1.603,1.377,1.103,1.603,1.377,1.103,2.207331,1.9726413115961827,10993.241248980987,0.14010798161359841,472.15585963537393,405.58865796500936,191501.06145982665,17.41989074219378,-1.3540614112724056,-0.05232134877504502,-0.7031913800237254,0.6508700312486804,1
2150,1442,accepted,5,Dist_concrete_road_barrier_02,False,False,prealign-rescue|preprobe|primary|refine|rescue,12,"{""camera_clearance"": 6, ""candidate_budget_exhausted"": 2, ""collision"": 1, ""score_callback"": 2, ""support"": 3}",0.14010798161359841,1,21.123513010192294,0.4739478649004457,6,6,1.3960202280869927,near-camera,random-mix,78462.63376556999,road,bottom,bottom,False,160,0.7784,0.8455959256736048,0.9216790011720996,True,1.565,1.112,0.442,1.565,1.112,0.442,1.74028,1.2443567060489573,10993.241248980987,0.14010798161359841,487.6503221374486,346.49658672002744,168969.17213354778,15.370277819492982,-1.0476131924681717,-0.10731052311912315,-0.5774618577936474,0.4701513346745243,1
2152,1443,accepted,0,Dist_sledgehammer_01,False,False,,0,{},0.16535252292747066,1,13.932423077662955,0.4483776537606973,6,6,2.322599683861151,near-camera,outdoor-day,45745.367606755004,small,left,left,False,0,0.6474,0.9545519900778857,0.8082512209510097,True,0.208,1.006,0.09,1.006,0.208,0.09,0.209248,0.19066039590462214,7564.1119460215305,0.16535252292747066,579.2194779282917,119.75909682811597,69366.80154194507,9.170514931158532,-0.07249371170217128,0.8877855903161818,0.4076459393070052,0.48013965100917655,3
2152,1443,accepted,1,Dist_construction_sign_01,False,False,,0,{},0.16535252292747066,1,13.932423077662955,0.4483776537606973,6,6,2.322599683861151,near-camera,outdoor-day,45745.367606755004,road,left,left,False,60,0.4797,1.0110882605275509,0.8411898411958152,True,1.068,1.2,0.059,1.2,1.068,0.059,1.2816,1.310179001491007,7564.1119460215305,0.16535252292747066,605.2945527102612,538.7121519121325,326079.5310312365,43.108765887943186,-0.20824095832230216,1.0050649543107588,0.39841199799422833,0.6066529563165305,1
2152,1443,accepted,2,Dist_chinese_screen_panels,False,False,,0,{},0.16535252292747066,1,13.932423077662955,0.4483776537606973,6,6,2.322599683861151,near-camera,outdoor-day,45745.367606755004,large,left,left,False,129,0.921,1.1151110890124132,1.2985782337380192,True,1.294,1.603,0.377,1.603,1.294,0.377,2.074282,2.579313123811862,7564.1119460215305,0.16535252292747066,800.4219032605014,646.12972103499,517176.3810640035,68.37238591319645,-0.623572809144969,1.1639502665419292,0.27018872869848004,0.8937615378434491,3
2152,1443,accepted,3,Dist_utility_box_01,True,True,gate-overlap-refine|preprobe,12,"{""score_callback"": 8}",0.16535252292747066,1,13.932423077662955,0.4483776537606973,6,6,2.322599683861151,near-camera,outdoor-day,45745.367606755004,road,left,left,False,66,0.9166,0.9214432328942175,1.5467981830599902,True,0.52,1.12,0.432,1.12,0.52,0.432,0.5824,0.4944911645544691,7564.1119460215305,0.16535252292747066,387.03344201730704,179.69409807946397,69547.62528989051,9.194420413948293,-0.31540492360371586,0.7166114972378078,0.200603286817046,0.5160082104207618,1
2152,1443,accepted,4,Dist_steel_frame_shelves_03,False,False,,0,{},0.16535252292747066,1,13.932423077662955,0.4483776537606973,6,6,2.322599683861151,near-camera,outdoor-day,45745.367606755004,large,left,left,False,164,0.2394,1.138696634136019,1.5925174565977496,True,2.351,2.312,0.721,2.351,2.312,0.721,5.435511999999999,7.047848058233907,7564.1119460215305,0.16535252292747066,498.36111519165223,490.0939593037431,244243.77210730562,32.28981456782507,-1.1285468641632774,1.5041197539591984,0.1877864448979604,1.316333309061238,1
2152,1443,accepted,5,Dist_forklift_02,False,False,,0,{},0.16535252292747066,1,13.932423077662955,0.4483776537606973,6,6,2.322599683861151,near-camera,outdoor-day,45745.367606755004,large,left,left,False,51,0.5807,0.9974650742816356,1.4991528221136925,True,2.5,1.774,0.928,2.5,1.774,0.928,4.4350000000000005,4.412543707515752,7564.1119460215305,0.16535252292747066,768.0214058243882,544.987989572986,418562.44190925173,55.33530504257034,-0.6707914369877549,1.0987116047878664,0.2139600839000558,0.8847515208878107,3
2154,1444,expensive_reject,0,Dist_old_military_crate,False,False,preprobe|primary|refine|rescue,12,"{""candidate_budget_exhausted"": 1, ""collision"": 2, ""support"": 10}",0.32583932584083986,2,49.38314551736357,0.6965066031912445,5,5,1.1423796524531564,near-pallet,random-mix,234726.246815225,medium,left,bottom,True,156,0.7468,0.846822328428279,1.0044395642165023,True,1.815,0.301,0.976,1.815,0.976,0.301,1.77144,1.2703138945872363,76483.04201942349,0.32583932584083986,612.1674866494834,329.1875851073806,201517.9366113981,2.634805458708363,-0.46077372842483744,-0.20588020756792547,-0.33332696799638145,0.12744676042845599,11
2154,1444,expensive_reject,1,Dist_metal_office_desk,False,False,preprobe|primary|refine|rescue,12,"{""candidate_budget_exhausted"": 1, ""collision"": 2, ""support"": 10}",0.32583932584083986,2,49.38314551736357,0.6965066031912445,5,5,1.1423796524531564,near-pallet,random-mix,234726.246815225,medium,left,bottom,True,218,0.7573,0.8213411367533885,1.0225243310176215,True,2.0,0.788,0.947,2.0,0.947,0.788,1.894,1.2776947919768218,76483.04201942349,0.32583932584083986,647.1975791423112,306.4480537238843,198332.43850297082,2.593155727940354,-0.673948102217566,-0.026731286455895786,-0.35033969433673084,0.3236084078808351,3
2155,1444,accepted,0,Dist_chinese_screen_panels,False,False,feedback|gate-overlap-refine|prealign|preprobe|primary|refine|rescue,12,"{""candidate_budget_exhausted"": 5, ""score_callback"": 12}",0.42348492702402624,3,3.4114793598927546,0.07842180487707263,5,8,8.852995231002511,near-pallet,outdoor-night,1710.5446911850158,large,left,left,False,0,0.921,0.9158499120950918,6.347329012303192,True,1.294,1.603,0.377,1.603,1.294,0.377,2.074282,1.739868457778373,724.3898937178219,0.42348492702402624,134.49379449723583,108.56829075447487,14601.761385648491,20.15732344180998,-0.5410224702442591,0.927084938844173,0.19303123429995697,0.734053704544216,1
2155,1444,accepted,1,Dist_construction_sign_01,False,False,,0,{},0.42348492702402624,3,3.4114793598927546,0.07842180487707263,5,8,8.852995231002511,near-pallet,outdoor-night,1710.5446911850158,road,left,left,False,86,0.4797,0.8904683272155054,5.731454842299805,True,1.068,1.2,0.059,1.2,1.068,0.059,1.2816,1.0162240116175334,724.3898937178219,0.42348492702402624,78.23936528727299,69.63303510567296,5448.04446969425,7.520873105687579,-0.30158645560618835,0.7669755370524182,0.2326945407231149,0.5342809963293033,1
2155,1444,accepted,2,Dist_utility_box_01,True,True,prealign|preprobe,9,"{""score_callback"": 6}",0.42348492702402624,3,3.4114793598927546,0.07842180487707263,5,8,8.852995231002511,near-pallet,outdoor-night,1710.5446911850158,road,left,left,False,32,0.9166,0.9639952223912481,6.190884698011187,True,0.52,1.12,0.432,1.12,0.52,0.432,0.5824,0.5412166257931317,724.3898937178219,0.42348492702402624,101.16626737426226,46.97005270947889,4751.784910990334,6.559706246870058,-0.3367308198703743,0.7429438292078239,0.20310650466872476,0.539837324539099,2
2155,1444,accepted,3,Dist_street_lamp_01,False,False,,0,{},0.42348492702402624,3,3.4114793598927546,0.07842180487707263,5,8,8.852995231002511,near-pallet,outdoor-night,1710.5446911850158,road,left,left,False,113,0.2753,1.1333704488103413,5.98514272528393,True,0.704,3.871,0.386,3.871,0.704,0.386,2.725184,3.5005767180522707,724.3898937178219,0.42348492702402624,233.0393509241612,42.381736773601006,9876.612428758632,13.634387385042615,-1.9772818785962363,2.4099951287485952,0.2163566250761796,2.1936385036724158,2
2155,1444,accepted,4,Dist_modular_chainlink_fence,False,False,,0,{},0.42348492702402624,3,3.4114793598927546,0.07842180487707263,5,8,8.852995231002511,near-pallet,outdoor-night,1710.5446911850158,road,left,left,False,196,0.5685,1.078757250852207,6.8868653334260905,True,8.115,2.523,2.149,8.115,2.523,2.149,20.474145,23.826114820089323,724.3898937178219,0.42348492702402624,580.7129449445281,180.54698214356674,104845.96970143776,144.73693049930836,-1.202568061430955,1.519136482469163,0.15828421051910396,1.360852271950059,1
2155,1444,accepted,5,Dist_delivery_truck_01,False,False,,0,{},0.42348492702402624,3,3.4114793598927546,0.07842180487707263,5,8,8.852995231002511,near-pallet,outdoor-night,1710.5446911850158,large,left,left,False,27,0.7897,0.9372540365494609,5.778937813961622,True,2.665,2.591,6.0,6.0,2.665,2.591,15.99,14.04633761316185,724.3898937178219,0.42348492702402624,523.9589091350527,232.72508214081932,121938.38016686925,168.33252537668477,-0.9845760448615708,1.4438491638380826,0.22963655948825587,1.2142126043498267,1
2158,1445,expensive_reject,0,Dist_WetFloorSign_01,False,False,,0,{},0.12485296717582106,1,13.129354372815325,0.0989689823702579,6,6,9.874935354982894,near-pallet,outdoor-day,2733.9561008399987,road,left,left,False,0,0.5897,1.147273704544709,5.4945132525671445,True,0.3,0.63,0.359,0.63,0.359,0.3,0.22616999999999998,0.29769331169161506,341.34253131831207,0.12485296717582105,64.62002252615063,36.82315569347314,2379.513150396186,6.971042082585423,0.5453518888805815,1.2681343227437483,0.9067431058121649,0.3613912169315834,1
2158,1445,expensive_reject,1,Dist_construction_sign_01,False,False,feedback|prealign|prealign-primary|preprobe|primary|refine|rescue,12,"{""candidate_budget_exhausted"": 4, ""score_callback"": 12}",0.12485296717582106,1,13.129354372815325,0.0989689823702579,6,6,9.874935354982894,near-pallet,outdoor-day,2733.9561008399987,road,left,left,False,15,0.4797,1.0571928761944789,6.444906727375107,True,1.068,1.2,0.059,1.2,1.068,0.059,1.2816,1.4323889260136964,341.34253131831207,0.12485296717582105,87.21212609993582,77.6187922289429,6769.299895595286,19.83139888677603,0.028304035872759314,1.2969354873061338,0.6626197615894466,0.6343157257166873,2
2158,1445,expensive_reject,2,Dist_chinese_screen_panels,False,False,feedback|prealign|prealign-primary|preprobe|primary|refine|rescue,12,"{""candidate_budget_exhausted"": 4, ""score_callback"": 12}",0.12485296717582106,1,13.129354372815325,0.0989689823702579,6,6,9.874935354982894,near-pallet,outdoor-day,2733.9561008399987,large,left,left,False,54,0.921,1.00134245322018,5.654256896600168,True,1.294,1.603,0.377,1.603,1.294,0.377,2.074282,2.0798549913318025,341.34253131831207,0.12485296717582105,174.2784173293183,140.6838877256007,24518.165296553198,71.82862681032057,0.06313449030375373,1.668286442815702,0.8657104665597279,0.8025759762559741,2
2158,1445,expensive_reject,3,Dist_utility_box_01,False,False,feedback|prealign|prealign-primary|preprobe|primary|refine|rescue,12,"{""candidate_budget_exhausted"": 4, ""score_callback"": 12}",0.12485296717582106,1,13.129354372815325,0.0989689823702579,6,6,9.874935354982894,near-pallet,outdoor-day,2733.9561008399987,road,left,left,False,84,0.9166,0.9988117772850199,5.704199115144153,True,0.52,1.12,0.432,1.12,0.52,0.432,0.5824,0.5810167804565548,341.34253131831207,0.12485296717582105,120.1074935584924,55.76419343787147,6697.697504133671,19.621631908178088,0.2935474357615301,1.4122166263207525,0.8528820310411412,0.5593345952796112,1
2158,1445,expensive_reject,4,Dist_steel_frame_shelves_01,False,False,,0,{},0.12485296717582106,1,13.129354372815325,0.0989689823702579,6,6,9.874935354982894,near-pallet,outdoor-day,2733.9561008399987,large,left,left,False,363,0.1997,0.8027590478930224,8.792176631485722,True,10.974,21.405,5.021,21.405,10.974,5.021,234.89847,151.37376273422277,341.34253131831207,0.12485296717582105,558.6840165393598,286.4283297128211,160022.92969461894,468.8045438597653,-8.531841727354513,8.651215692795633,0.059686982720559494,8.591528710075073,1
2158,1445,expensive_reject,5,Dist_modular_chainlink_fence,False,False,,0,{},0.12485296717582106,1,13.129354372815325,0.0989689823702579,6,6,9.874935354982894,near-pallet,outdoor-day,2733.9561008399987,road,left,left,False,70,0.5685,0.9914766441719997,6.703148571638234,True,8.115,2.523,2.149,8.115,2.523,2.149,20.474145,20.126615551166992,341.34253131831207,0.12485296717582105,578.9360300422385,179.99452911849264,104205.31811718222,305.2807914522895,-0.6544614588278819,1.8470341144180735,0.5962863277950958,1.2507477866229777,1
2160,1445,accepted,0,Dist_Clue_Board_Game_Classic_Edition,False,False,,0,{},0.11871507696535818,1,67.4457111141906,0.368516090847002,8,6,1.8839553599616765,near-camera,random-mix,127576.99646929497,small,bottom,bottom,False,1,0.9271,1.0427843111953181,1.0524279550147657,True,0.497,0.058,0.26,0.497,0.26,0.058,0.12922,0.14051371424441567,15145.312954861582,0.11871507696535818,287.2945608368004,150.2949412828332,43178.91915184427,2.8509756966087663,0.6167242891606909,0.6772057792100193,0.6469650341853551,0.03024074502466423,8
2160,1445,accepted,1,Dist_construction_sign_01,False,False,,0,{},0.11871507696535818,1,67.4457111141906,0.368516090847002,8,6,1.8839553599616765,near-camera,random-mix,127576.99646929497,road,bottom,bottom,False,194,0.4797,0.9824974457999398,1.2230919324378733,True,1.068,1.2,0.059,1.2,1.068,0.059,1.2816,1.2371300576539648,15145.312954861582,0.11871507696535818,404.52376926553944,360.0261546463301,145639.13711171146,9.616119359551558,-0.22494382804655805,0.9540531069133695,0.36455463943340577,0.5894984674799638,2
2160,1445,accepted,2,Dist_chinese_screen_panels,False,False,feedback|prealign-primary|preprobe|primary|refine|rescue,12,"{""camera_clearance"": 1, ""candidate_budget_exhausted"": 3, ""collision"": 1, ""score_callback"": 3, ""support"": 7}",0.11871507696535818,1,67.4457111141906,0.368516090847002,8,6,1.8839553599616765,near-camera,random-mix,127576.99646929497,large,bottom,bottom,False,124,0.921,1.049156391585878,1.1348757194902117,True,1.294,1.603,0.377,1.603,1.294,0.377,2.074282,2.2832226295431965,15145.312954861582,0.11871507696535818,861.7094888509149,695.6032929339264,599407.957997107,39.57712592559532,-0.49800560656989246,1.18379208914227,0.3428932412861887,0.8408988478560813,2
2160,1445,accepted,3,Dist_water_dispenser_01,True,True,prealign|preprobe,9,"{""score_callback"": 2, ""support"": 5}",0.11871507696535818,1,67.4457111141906,0.368516090847002,8,6,1.8839553599616765,near-camera,random-mix,127576.99646929497,indoor,bottom,bottom,False,633,0.9812,0.9578513468127209,0.9732188777344325,True,0.325,1.1,0.414,1.1,0.414,0.325,0.4554,0.4178200288599156,15145.312954861582,0.11871507696535818,649.7774811064016,244.55261561640933,158904.78257321252,10.492010501651915,0.16469069173211248,1.2183271732261056,0.691508932479109,0.5268182407469966,5
2160,1445,accepted,4,Dist_forklift_01,False,False,,0,{},0.11871507696535818,1,67.4457111141906,0.368516090847002,8,6,1.8839553599616765,near-camera,random-mix,127576.99646929497,large,bottom,bottom,False,153,0.5646,0.8146443042611833,1.2500390925391884,True,0.83,1.539,2.5,2.5,1.539,0.83,3.8474999999999997,2.5533754551348085,15145.312954861582,0.11871507696535818,741.7550086873805,456.62438334795144,338703.4234371295,22.36358036618894,-0.3387923056302076,0.9149452786277534,0.2880764864987729,0.6268687921289805,1
2160,1445,accepted,5,Dist_metal_office_desk,False,False,,0,{},0.11871507696535818,1,67.4457111141906,0.368516090847002,8,6,1.8839553599616765,near-camera,random-mix,127576.99646929497,medium,bottom,bottom,False,220,0.7573,0.8171436466634637,1.088065976465082,True,2.0,0.788,0.947,2.0,0.947,0.788,1.894,1.2646687622009862,15145.312954861582,0.11871507696535818,791.9773545525428,375.00127738062906,296992.5196137349,19.609533358530012,0.1920647520559139,0.8359739456267233,0.5140193488413186,0.3219545967854047,3
2161,1446,expensive_reject,0,Dist_metal_stool_01,False,False,,0,{},0.2346135984775946,2,17.855262562339238,0.1818550649894201,7,8,3.7390393719687323,near-pallet,indoor,7383.248071114991,medium,center,center,False,0,0.2529,0.8035953687602427,2.150694755395528,True,0.352,0.883,0.355,0.883,0.355,0.352,0.313465,0.2024248876901432,1732.2103984170474,0.2346135984775946,65.63968616197799,26.389681299549476,1732.2103984170471,0.9999999999999999,0.15542365108473244,0.8649983617000268,0.5102110063923796,0.35478735530764716,2
2161,1446,expensive_reject,1,Dist_crowbar_01,False,False,,0,{},0.2346135984775946,2,17.855262562339238,0.1818550649894201,7,8,3.7390393719687323,near-pallet,indoor,7383.248071114991,small,center,center,False,343,0.5483,1.1410555595421548,2.1406210832411277,True,0.04,0.555,0.128,0.555,0.128,0.04,0.07104,0.09249463339890475,1732.2103984170474,0.2346135984775946,86.66461806519669,19.98751551773906,1732.2103984170476,1.0000000000000002,0.19689942484858758,0.8301852603944835,0.5135423426215355,0.31664291777294795,2
2161,1446,expensive_reject,2,Dist_metal_toolbox,False,False,feedback|prealign-rescue|preprobe|primary|refine|rescue,12,"{""candidate_budget_exhausted"": 3, ""score_callback"": 1, ""support"": 11}",0.2346135984775946,2,17.855262562339238,0.1818550649894201,7,8,3.7390393719687323,near-pallet,indoor,7383.248071114991,medium,center,center,False,161,0.8231,0.9448125851253731,2.8459305233984393,True,0.4,0.305,0.271,0.4,0.305,0.271,0.122,0.10890584016337744,1732.2103984170474,0.2346135984775946,47.662892717357096,36.342955696984774,1732.2103984170471,0.9999999999999999,0.13621449260193602,0.4243823310651748,0.2802984118335554,0.1440839192316194,1
2161,1446,expensive_reject,3,Dist_multi_cleaner_5_litre,False,False,feedback|prealign-primary|preprobe|primary|refine|rescue,12,"{""candidate_budget_exhausted"": 3, ""score_callback"": 3, ""support"": 9}",0.2346135984775946,2,17.855262562339238,0.1818550649894201,7,8,3.7390393719687323,near-pallet,indoor,7383.248071114991,indoor,center,center,False,133,0.8932,1.1303844524228002,2.6028888639874315,True,0.219,0.3,0.106,0.3,0.219,0.106,0.0657,0.08394942397534302,1732.2103984170474,0.2346135984775946,48.71232859077547,35.55999987126609,1732.2103984170474,1.0,0.1911139656494218,0.5302293013762618,0.3606716335128418,0.16955766786342,11
2161,1446,expensive_reject,4,Dist_UGG_Classic_Tall_Womens_Boots_Chestnut_7,False,False,,0,{},0.2346135984775946,2,17.855262562339238,0.1818550649894201,7,8,3.7390393719687323,near-pallet,indoor,7383.248071114991,small,center,center,False,548,0.5195,1.1964842289413629,2.547931210459169,True,0.11,0.291,0.332,0.332,0.291,0.11,0.096612,0.13830727657030364,1732.2103984170474,0.2346135984775946,44.455230666246784,38.96527748155968,1732.2103984170471,0.9999999999999999,0.20475752609229286,0.5529344367142295,0.37884598140326115,0.1740884553109683,1
2161,1446,expensive_reject,5,Dist_Closetmaid_Premium_Fabric_Cube_Red,False,False,feedback|prealign-rescue|preprobe|primary|refine|rescue,12,"{""candidate_budget_exhausted"": 3, ""score_callback"": 1, ""support"": 11}",0.2346135984775946,2,17.855262562339238,0.1818550649894201,7,8,3.7390393719687323,near-pallet,indoor,7383.248071114991,indoor,center,center,False,214,0.888,1.0241507693324223,2.7984634790058815,True,0.322,0.275,0.289,0.322,0.289,0.275,0.093058,0.09760712156245271,1732.2103984170474,0.2346135984775946,43.93183412341634,39.42950329710348,1732.2103984170476,1.0000000000000002,0.15517490468957498,0.4368163662559912,0.29599563547278307,0.14082073078320811,4
2163,1446,expensive_reject,0,Dist_propane_tank,False,False,feedback|prealign|prealign-primary|preprobe|primary|refine|rescue,12,"{""candidate_budget_exhausted"": 4, ""score_callback"": 4, ""support"": 8}",0.4349365467955071,3,24.187108375698365,0.16214013066236804,5,6,7.1087617318882526,near-camera,random-mix,6822.55108775,medium,left,left,False,0,0.8678,0.8496703510249128,2.456032576189663,True,0.337,0.554,0.337,0.554,0.337,0.337,0.18669800000000003,0.1347846991207853,2967.3768104419155,0.4349365467955071,119.73129896211123,72.83293817731314,8720.382295196843,2.938751244705644,1.6918690087354469,2.162586383203249,1.9272276959693477,0.23535868723390097,2
2163,1446,expensive_reject,1,Dist_construction_sign_01,False,False,,0,{},0.4349365467955071,3,24.187108375698365,0.16214013066236804,5,6,7.1087617318882526,near-camera,random-mix,6822.55108775,road,left,left,False,151,0.4797,1.064297833067651,3.6255338984555214,True,1.068,1.2,0.059,1.2,1.068,0.059,1.2816,1.4517066109687526,2967.3768104419155,0.4349365467955071,163.61724608482015,145.61934901548995,23825.83686257873,8.029258966619233,0.7837327887167679,2.060890188397949,1.4223114885573584,0.6385786998405905,1
2163,1446,expensive_reject,2,Dist_chinese_screen_panels,False,False,feedback|prealign|prealign-primary|preprobe|primary|refine|rescue,12,"{""candidate_budget_exhausted"": 4, ""score_callback"": 12}",0.4349365467955071,3,24.187108375698365,0.16214013066236804,5,6,7.1087617318882526,near-camera,random-mix,6822.55108775,large,left,left,False,17,0.921,1.1918017372281695,2.621469256058139,True,1.294,1.603,0.377,1.603,1.294,0.377,2.074282,2.9462922742732145,2967.3768104419155,0.4349365467955071,469.0232247146121,378.61263429863266,177578.11865643883,59.843467816948085,0.9005735787642529,2.8110317635410085,1.8558026711526308,0.9552290923883777,1
2163,1446,expensive_reject,3,Dist_utility_box_01,False,False,feedback|prealign|prealign-primary|preprobe|primary|refine|rescue,12,"{""candidate_budget_exhausted"": 4, ""score_callback"": 12}",0.4349365467955071,3,24.187108375698365,0.16214013066236804,5,6,7.1087617318882526,near-camera,random-mix,6822.55108775,road,left,left,False,81,0.9166,1.0495305894753204,4.112936751405597,True,0.52,1.12,0.432,1.12,0.52,0.432,0.5824,0.6415220204815465,2967.3768104419155,0.4349365467955071,183.49438727840476,85.19382266497365,15632.588289814412,5.268150723158861,0.6241448400676243,1.7996191002799833,1.2118819701738037,0.5877371301061796,1
2163,1446,expensive_reject,4,Dist_street_lamp_01,False,False,,0,{},0.4349365467955071,3,24.187108375698365,0.16214013066236804,5,6,7.1087617318882526,near-camera,random-mix,6822.55108775,road,left,left,False,16,0.2753,1.027408742620632,2.5290060580987994,True,0.704,3.871,0.386,3.871,0.704,0.386,2.725184,2.8766189986715562,2967.3768104419155,0.4349365467955071,553.3391897366375,100.6331153641418,55684.24651626779,18.765478762360157,-0.09282722855272452,3.8842720141317417,1.8957223927895086,1.9885496213422331,2
2163,1446,expensive_reject,5,Dist_modular_chainlink_fence,False,False,,0,{},0.4349365467955071,3,24.187108375698365,0.16214013066236804,5,6,7.1087617318882526,near-camera,random-mix,6822.55108775,road,left,left,False,89,0.5685,1.061198332035312,4.772003307420148,True,8.115,2.523,2.149,8.115,2.523,2.149,20.474145,23.05679254942554,2967.3768104419155,0.4349365467955071,912.4757823596407,283.69394933991055,258863.85837463115,87.2365981508361,-0.41136270102306216,2.26604069070203,0.927338994839484,1.3387016958625462,2
2166,1446,accepted,0,Dist_utility_box_01,False,False,feedback|prealign|prealign-primary|preprobe|primary|refine|rescue,12,"{""candidate_budget_exhausted"": 4, ""collision"": 1, ""score_callback"": 4, ""support"": 7}",0.18280462461009617,1,6.837203034459547,0.5015032893918118,6,6,1.845831334892587,near-pallet,outdoor-night,56425.71664810002,road,left,left,False,0,0.9166,0.8426945717570943,1.27908773342262,True,0.52,1.12,0.432,1.12,0.52,0.432,0.5824,0.4135821238749914,10314.881950211577,0.18280462461009617,428.0390810618253,198.73243049299032,85065.24692540265,8.246846385251924,-0.38213958734263376,0.5616783330253119,0.08976937284133908,0.4719089601839728,12
2166,1446,accepted,1,Dist_construction_sign_01,False,False,,0,{},0.18280462461009617,1,6.837203034459547,0.5015032893918118,6,6,1.845831334892587,near-pallet,outdoor-night,56425.71664810002,road,left,left,False,155,0.4797,1.0527570778148292,1.0325345939440855,True,1.068,1.2,0.059,1.2,1.068,0.059,1.2816,1.4203940310020224,10314.881950211577,0.18280462461009617,513.4465920031295,456.96746688278523,234628.388527269,22.74658979712864,-0.5023746132815627,0.7609338800962322,0.12927963340733473,0.6316542466888975,3
2166,1446,accepted,2,Dist_chinese_screen_panels,True,True,prealign|preprobe,9,"{""score_callback"": 4}",0.18280462461009617,1,6.837203034459547,0.5015032893918118,6,6,1.845831334892587,near-pallet,outdoor-night,56425.71664810002,large,left,left,False,26,0.921,1.0309731273262035,1.132120899251489,True,1.294,1.603,0.377,1.603,1.294,0.377,2.074282,2.2047659315196078,10314.881950211577,0.18280462461009617,848.8354068937523,685.2108649535342,581631.2433608532,56.38758118302293,-0.713004082025514,0.9396458410783902,0.1133208795264381,0.8263249615519521,11
2166,1446,accepted,3,Dist_ladder_sectioned_01,False,False,,0,{},0.18280462461009617,1,6.837203034459547,0.5015032893918118,6,6,1.845831334892587,near-pallet,outdoor-night,56425.71664810002,large,left,left,False,45,0.4479,1.1980240772200437,1.6248087341380784,True,0.662,2.135,0.178,2.135,0.662,0.178,1.41337,2.02855581422845,10314.881950211577,0.18280462461009617,638.347737575696,197.93264743564907,126349.85768291447,12.249278110286353,-1.2445232881720545,1.3132581166927386,0.03436741426034209,1.2788907024323966,16
2166,1446,accepted,4,Dist_forklift_01,False,False,,0,{},0.18280462461009617,1,6.837203034459547,0.5015032893918118,6,6,1.845831334892587,near-pallet,outdoor-night,56425.71664810002,large,left,left,False,12,0.5646,0.8244563726953629,1.6226719650649268,True,0.83,1.539,2.5,2.5,1.539,0.83,3.8474999999999997,2.615254674564086,10314.881950211577,0.18280462461009617,578.29974851994,356.00132518887506,205875.47682949182,19.959072515150687,-0.5997093462450863,0.6691290113330771,0.03470983254399543,0.6344191787890817,7
2166,1446,accepted,5,Dist_concrete_road_barrier_02,False,False,,0,{},0.18280462461009617,1,6.837203034459547,0.5015032893918118,6,6,1.845831334892587,near-pallet,outdoor-night,56425.71664810002,road,left,left,False,10,0.7784,1.0514078802915732,1.026688138332952,True,1.565,1.112,0.442,1.565,1.112,0.442,1.74028,1.9238073718748483,10314.881950211577,0.18280462461009617,856.7498760115607,608.7577393769046,521553.117732241,50.56316885153911,-0.45436625067840486,0.7147993122058246,0.13021653076370984,0.5845827814421147,2
2172,1447,expensive_reject,0,Dist_portable_generator,False,False,,0,{},0.3492313319734048,2,18.383082616026325,0.7502988633117365,4,4,1.005835503056985,near-pallet,outdoor-day,614528.5361356649,large,right,right,False,0,0.8598,0.987687860232428,0.8382628521397057,True,0.818,0.577,0.564,0.818,0.577,0.564,0.47198599999999996,0.4604352325839122,214612.61921032486,0.3492313319734048,588.6149880796917,415.19663584594383,244390.96285918832,1.138753926765509,-0.6019458454460351,-0.03204995009192424,-0.3169978977689797,0.28494794767705545,9
2172,1447,expensive_reject,1,Dist_construction_sign_01,False,False,,0,{},0.3492313319734048,2,18.383082616026325,0.7502988633117365,4,4,1.005835503056985,near-pallet,outdoor-day,614528.5361356649,road,right,right,False,25,0.4797,1.039805405698226,0.8853765828624416,True,1.068,1.2,0.059,1.2,1.068,0.059,1.2816,1.3856598730513938,214612.61921032486,0.3492313319734048,642.880040180135,572.1632357603203,367832.32399519073,1.713936139210469,-0.9807414209087875,0.2670250659290836,-0.35685817748985194,0.6238832434189355,21
2172,1447,expensive_reject,2,Dist_chinese_screen_panels,False,False,prealign|prealign-primary|preprobe|primary|refine|rescue,12,"{""candidate_budget_exhausted"": 3, ""score_callback"": 2, ""support"": 10}",0.3492313319734048,2,18.383082616026325,0.7502988633117365,4,4,1.005835503056985,near-pallet,outdoor-day,614528.5361356649,large,right,right,False,20,0.921,0.8682045436337966,0.9002764135519682,True,1.294,1.603,0.377,1.603,1.294,0.377,2.074282,1.5635504804766729,214612.61921032486,0.3492313319734048,977.1231819023998,788.769430681039,770724.8958944012,3.591237545724535,-1.0653300285718286,0.3264018548731473,-0.3694640868493406,0.695865941722488,8
2172,1447,expensive_reject,3,Dist_concrete_road_barrier,False,False,feedback|prealign-rescue|preprobe|primary|refine|rescue,12,"{""camera_clearance"": 2, ""candidate_budget_exhausted"": 3, ""collision"": 3, ""score_callback"": 2, ""support"": 5}",0.3492313319734048,2,18.383082616026325,0.7502988633117365,4,4,1.005835503056985,near-pallet,outdoor-day,614528.5361356649,road,right,right,False,151,0.7231,0.8860827256711911,0.902374739115322,True,1.545,0.831,0.639,1.545,0.831,0.639,1.2838949999999998,1.00804065423237,214612.61921032486,0.3492313319734048,849.6788392282523,457.0117251771378,388313.1921622115,1.8093679374075224,-0.739406734696663,-0.0030719896639032074,-0.3712393621802831,0.3681673725163799,15
2172,1447,expensive_reject,4,Dist_old_tyre,False,False,prealign-rescue|preprobe|primary|refine|rescue,12,"{""camera_clearance"": 3, ""candidate_budget_exhausted"": 2, ""collision"": 3, ""score_callback"": 4, ""support"": 2}",0.3492313319734048,2,18.383082616026325,0.7502988633117365,4,4,1.005835503056985,near-pallet,outdoor-day,614528.5361356649,medium,right,right,False,92,0.9677,1.1738164398720197,0.6988470407452683,True,0.6,0.6,0.165,0.6,0.6,0.165,0.36,0.49602421242497613,214612.61921032486,0.3492313319734048,652.9493222243555,652.9493222243555,426342.8173932452,1.9865691913270966,-0.5511909470321326,0.15309891689107924,-0.19904601507052666,0.3521449319616059,11
2172,1447,expensive_reject,5,Dist_metal_tool_chest,False,False,,0,{},0.3492313319734048,2,18.383082616026325,0.7502988633117365,4,4,1.005835503056985,near-pallet,outdoor-day,614528.5361356649,medium,right,right,False,3,0.7723,1.0932195689729416,0.8851689761253705,True,0.685,0.652,0.407,0.685,0.652,0.407,0.4466200000000001,0.5337685255855924,214612.61921032486,0.3492313319734048,489.6712421568897,466.08124070991545,228226.58008444862,1.063435043681107,-0.7130721125825227,-0.000292953612164748,-0.3566825330973437,0.35638957948517896,7
2175,1447,accepted,0,Dist_old_tyre,False,True,gate-overlap-refine|preprobe,12,"{""score_callback"": 10}",0.23589377575256942,2,10.658735224656754,0.34947901581540625,4,6,1.8070022809626365,near-camera,random-mix,60858.35871425,medium,right,right,False,0,0.9677,0.8662259393476137,0.5578635010567516,True,0.6,0.6,0.165,0.6,0.6,0.165,0.36,0.27012505607951603,14356.108023208717,0.2358937757525694,505.10679407237757,505.10679407237757,255132.87341807524,17.77172984527674,-0.0017102171325928395,0.5180253464759754,0.25815756467169126,0.25986778180428416,5
2175,1447,accepted,1,Dist_utility_box_01,False,False,,0,{},0.23589377575256942,2,10.658735224656754,0.34947901581540625,4,6,1.8070022809626365,near-camera,random-mix,60858.35871425,road,right,right,False,61,0.9166,0.9300356602057033,0.7372589475875277,True,0.52,1.12,0.432,1.12,0.52,0.432,0.5824,0.5037563901576801,14356.108023208717,0.2358937757525694,745.4969152566607,346.1235677977354,258034.0520908414,17.97381655764168,-0.3112408022423212,0.7303991371880665,0.20957916747287264,0.5208199697151938,1
2175,1447,accepted,2,Dist_water_dispenser_01,True,True,prealign|preprobe,9,"{""score_callback"": 5}",0.23589377575256942,2,10.658735224656754,0.34947901581540625,4,6,1.8070022809626365,near-camera,random-mix,60858.35871425,indoor,right,right,False,493,0.9812,0.8471088196511485,0.9910007081975527,True,0.325,1.1,0.414,1.1,0.414,0.325,0.4554,0.32679201265142904,14356.108023208717,0.2358937757525694,513.3281089794693,193.19803374318207,99173.98131993935,6.908138414646248,-0.32504127923506465,0.6067784223811987,0.14086857157306704,0.4659098508081317,1
2175,1447,accepted,3,Dist_ladder_sectioned_01,False,False,,0,{},0.23589377575256942,2,10.658735224656754,0.34947901581540625,4,6,1.8070022809626365,near-camera,random-mix,60858.35871425,large,right,right,False,1,0.4479,0.8493011840067088,1.1901375209835618,True,0.662,2.135,0.178,2.135,0.662,0.178,1.41337,1.0194814497577216,14356.108023208717,0.2358937757525694,561.9676883834363,174.24946590624583,97922.56955738137,6.820969123321964,-0.8196845935825704,0.9935734342717527,0.08694442034459114,0.9066290139271616,1
2175,1447,accepted,4,Dist_forklift_01,False,False,,0,{},0.23589377575256942,2,10.658735224656754,0.34947901581540625,4,6,1.8070022809626365,near-camera,random-mix,60858.35871425,large,right,right,False,226,0.5646,0.8083894447840171,1.2379025321494455,True,0.83,1.539,2.5,2.5,1.539,0.83,3.8474999999999997,2.514316219851018,14356.108023208717,0.2358937757525694,676.0876163449658,416.1995366219609,281387.3526386208,19.600531856107352,-0.5480455192917695,0.6960658362308327,0.0740101584695316,0.6220556777613011,1
2175,1447,accepted,5,Dist_old_military_compressor,False,False,,0,{},0.23589377575256942,2,10.658735224656754,0.34947901581540625,4,6,1.8070022809626365,near-camera,random-mix,60858.35871425,large,right,right,False,103,0.4993,1.0278792074874907,1.0792022480267338,True,0.598,1.179,1.676,1.676,1.179,0.598,1.976004,2.087718700548442,14356.108023208717,0.2358937757525694,621.6592349981645,437.3127912069428,271859.5352366201,18.936854946836565,-0.48895026912624007,0.7229193165015116,0.11698452368763577,0.6059347928138759,7
2176,1448,expensive_reject,0,Dist_construction_sign_01,False,False,,0,{},0.4171172301343314,3,6.392242064227165,0.6133246849093611,4,4,1.8496556431470876,near-pallet,outdoor-day,66950.58488319002,road,right,right,False,0,0.4797,1.1641917887804007,1.031422242915838,True,1.068,1.2,0.059,1.2,1.068,0.059,1.2816,1.7370069749952497,27926.24252234966,0.4171172301343314,619.1883254001998,551.0776096061779,341220.8222575944,12.218644237029448,-0.5702013891705875,0.8268287573658935,0.12831368409765298,0.6985150732682405,5
2176,1448,expensive_reject,1,Dist_chinese_screen_panels,False,False,prealign|preprobe|primary|refine|rescue,12,"{""candidate_budget_exhausted"": 2, ""collision"": 2, ""score_callback"": 1, ""support"": 9}",0.4171172301343314,3,6.392242064227165,0.6133246849093611,4,4,1.8496556431470876,near-pallet,outdoor-day,66950.58488319002,large,right,right,False,43,0.921,1.1627581835061322,1.650298298732801,True,1.294,1.603,0.377,1.603,1.294,0.377,2.074282,2.80444294038525,27926.24252234966,0.4171172301343314,715.4164225897327,577.510200144176,413160.28139622696,14.794696460348023,-0.8952103011945735,0.9686910669657566,0.03674038288559153,0.931950684080165,13
2176,1448,expensive_reject,2,Dist_utility_box_01,False,False,prealign|preprobe|primary|refine|rescue,12,"{""candidate_budget_exhausted"": 2, ""collision"": 1, ""score_callback"": 1, ""support"": 10}",0.4171172301343314,3,6.392242064227165,0.6133246849093611,4,4,1.8496556431470876,near-pallet,outdoor-day,66950.58488319002,road,right,right,False,12,0.9166,1.150965942413994,1.5470909974624911,True,0.52,1.12,0.432,1.12,0.52,0.432,0.5824,0.771518442587654,27926.24252234966,0.4171172301343314,526.5300692238486,244.46038928250113,128715.7456914043,4.609132273645184,-0.5925292588022949,0.6965525967013785,0.05201166894954174,0.6445409277518367,27
2176,1448,expensive_reject,3,Dist_ladder_sectioned_01,False,False,prealign|prealign-primary|preprobe|primary|refine|rescue,12,"{""candidate_budget_exhausted"": 3, ""collision"": 1, ""score_callback"": 3, ""support"": 8}",0.4171172301343314,3,6.392242064227165,0.6133246849093611,4,4,1.8496556431470876,near-pallet,outdoor-day,66950.58488319002,large,right,right,False,2,0.4479,1.1951162781547797,1.5061435035551791,True,0.662,2.135,0.178,2.135,0.662,0.178,1.41337,2.0187204956525577,27926.24252234966,0.4171172301343314,748.3432306652733,232.03897831400982,173644.7986717754,6.217979326535093,-1.2177160756597278,1.3338571782007265,0.05807055127049928,1.2757866269302272,28
2176,1448,expensive_reject,4,Dist_forklift_01,False,False,,0,{},0.4171172301343314,3,6.392242064227165,0.6133246849093611,4,4,1.8496556431470876,near-pallet,outdoor-day,66950.58488319002,large,right,right,False,9,0.5646,1.075713684145415,1.5822510099555636,True,0.83,1.539,2.5,2.5,1.539,0.83,3.8474999999999997,4.4521728316665055,27926.24252234966,0.4171172301343314,842.9471999100257,518.9182962646119,437420.72481833573,15.663429280479226,-0.7809525364242829,0.8745708234755105,0.04680914352561384,0.8277616799498967,4
2176,1448,expensive_reject,5,Dist_old_military_compressor,False,False,,0,{},0.4171172301343314,3,6.392242064227165,0.6133246849093611,4,4,1.8496556431470876,near-pallet,outdoor-day,66950.58488319002,large,right,right,False,5,0.4993,1.0150796980490937,1.412214391034182,True,0.598,1.179,1.676,1.676,1.179,0.598,1.976004,2.0360484252886577,27926.24252234966,0.4171172301343314,561.8532810482936,395.2416577302735,222067.82220272085,7.951940617324285,-0.5264205114375328,0.6703584525623488,0.07196897056240804,0.5983894819999408,20
2177,1448,expensive_reject,0,Dist_metal_trash_can,False,False,,0,{},0.16883600171732066,1,6.490875903793533,0.4453743846529565,6,6,1.6958936556981536,near-pallet,indoor,28195.343676095006,medium,bottom,bottom,False,0,0.8349,1.1210247706777117,1.46957393560496,True,1.778,0.906,0.556,1.778,0.906,0.556,1.610868,2.0243722363152146,4760.389093317623,0.16883600171732066,476.53186675060067,242.8221998177976,115712.51616766246,24.307365196280582,-1.0339910314378356,-0.018342589203828696,-0.5261668103208321,0.5078242211170034,6
2177,1448,expensive_reject,1,Dist_water_dispenser_01,False,False,feedback|gate-overlap-refine|prealign|preprobe|primary|refine|rescue,12,"{""candidate_budget_exhausted"": 5, ""score_callback"": 12}",0.16883600171732066,1,6.490875903793533,0.4453743846529565,6,6,1.6958936556981536,near-pallet,indoor,28195.343676095006,indoor,bottom,bottom,False,56,0.9812,0.9938752041301467,0.9963640749432279,True,0.325,1.1,0.414,1.1,0.414,0.325,0.4554,0.44983861939861103,4760.389093317623,0.16883600171732066,417.93086238713107,157.29397911661115,65738.00834050869,13.809377143727213,-0.7120319765630002,0.3812307479801612,-0.16540061429141953,0.5466313622715807,2
2177,1448,expensive_reject,2,Dist_painted_wooden_cabinet,False,False,prealign-rescue|preprobe|primary|refine|rescue,12,"{""candidate_budget_exhausted"": 2, ""score_callback"": 1, ""support"": 11}",0.16883600171732066,1,6.490875903793533,0.4453743846529565,6,6,1.6958936556981536,near-pallet,indoor,28195.343676095006,indoor,bottom,bottom,False,277,0.9306,1.0255192621883193,1.3995136696219983,True,1.195,1.182,0.617,1.195,1.182,0.617,1.41249,1.4855012650334045,4760.389093317623,0.16883600171732066,324.8144185414923,321.28087256572695,104356.65981093988,21.92187608307693,-1.2193701922692621,-0.0072064243626688285,-0.6132883083159655,0.6060818839532967,2
2177,1448,expensive_reject,3,Dist_metal_office_desk,False,False,,0,{},0.16883600171732066,1,6.490875903793533,0.4453743846529565,6,6,1.6958936556981536,near-pallet,indoor,28195.343676095006,medium,bottom,bottom,False,15,0.7573,1.0418213830488483,1.380935650842375,True,2.0,0.788,0.947,2.0,0.947,0.788,1.894,2.0557320581727816,4760.389093317623,0.16883600171732066,504.89723458183585,239.06884057449926,120705.19648075047,25.356161883949763,-0.8824073463724715,-0.06145209652997907,-0.4719297214512253,0.41047762492124623,4
2177,1448,expensive_reject,4,Dist_compost_bags,False,False,,0,{},0.16883600171732066,1,6.490875903793533,0.4453743846529565,6,6,1.6958936556981536,near-pallet,indoor,28195.343676095006,medium,bottom,bottom,False,38,0.4508,1.1660778956204376,1.4987875271494997,True,1.828,0.707,0.926,1.828,0.926,0.707,1.6927280000000002,2.301666007459064,4760.389093317623,0.16883600171732066,367.17645994352944,185.99857872412923,68294.29969045364,14.34636924664866,-0.8432791372353434,-0.018862065031694075,-0.43107060113351875,0.4122085361018247,4
2177,1448,expensive_reject,5,Dist_old_tyre,False,False,feedback|prealign-rescue|preprobe|primary|refine|rescue,12,"{""candidate_budget_exhausted"": 3, ""collision"": 1, ""score_callback"": 2, ""support"": 9}",0.16883600171732066,1,6.490875903793533,0.4453743846529565,6,6,1.6958936556981536,near-pallet,indoor,28195.343676095006,medium,bottom,bottom,False,293,0.9677,1.1532491511923617,1.5153203084132083,True,0.6,0.6,0.165,0.6,0.6,0.165,0.36,0.478794097701325,4760.389093317623,0.16883600171732066,172.72671500702475,172.72671500702475,29834.518077117948,6.2672435996876885,-0.7051169002943667,-0.013167409578949685,-0.3591421549366582,0.3459747453577085,17
2178,1448,accepted,0,Dist_utility_box_01,False,False,feedback|prealign|prealign-primary|preprobe|primary|refine|rescue,12,"{""candidate_budget_exhausted"": 4, ""score_callback"": 12}",0.1642975807284155,1,9.807106922185165,0.1377953310232136,6,8,7.557598571315607,near-camera,outdoor-night,3154.878432979989,road,bottom,bottom,False,0,0.9166,1.111733621321793,2.465836128105934,True,0.52,1.12,0.432,1.12,0.52,0.432,0.5824,0.7198182379182808,518.3388940308668,0.1642975807284155,292.9207174602075,135.99890453509636,39836.8966902227,76.85492473935486,-0.03604618713099328,1.2090954687494149,0.5865246408092109,0.622570827940204,2
2178,1448,accepted,1,Dist_construction_sign_01,True,True,gate-overlap-refine|preprobe,12,"{""score_callback"": 4}",0.1642975807284155,1,9.807106922185165,0.1377953310232136,6,8,7.557598571315607,near-camera,outdoor-night,3154.878432979989,road,bottom,bottom,False,56,0.4797,0.844961381351246,2.871031621399835,True,1.068,1.2,0.059,1.2,1.068,0.059,1.2816,0.9150107976255674,518.3388940308668,0.1642975807284155,148.20764317770542,131.90480242815786,19549.299891698152,37.71528649851617,-0.03829143803459256,0.9756622195869026,0.468685390776155,0.5069768288107476,1
2178,1448,accepted,2,Dist_chinese_screen_panels,False,False,feedback|prealign|prealign-primary|preprobe|primary|refine|rescue,12,"{""candidate_budget_exhausted"": 4, ""score_callback"": 12}",0.1642975807284155,1,9.807106922185165,0.1377953310232136,6,8,7.557598571315607,near-camera,outdoor-night,3154.878432979989,large,bottom,bottom,False,19,0.921,0.80812192531413,4.378329589758247,True,1.294,1.603,0.377,1.603,1.294,0.377,2.074282,1.3546327729786865,518.3388940308668,0.1642975807284155,172.04315084848753,138.8794991877373,23893.26662851829,46.095839813817754,-0.6732150798224303,0.6222043664561199,-0.02550535668315518,0.6477097231392751,1
2178,1448,accepted,3,Dist_street_lamp_01,False,False,,0,{},0.1642975807284155,1,9.807106922185165,0.1377953310232136,6,8,7.557598571315607,near-camera,outdoor-night,3154.878432979989,road,bottom,bottom,False,42,0.2753,1.010056288443236,3.4713560548370452,True,0.704,3.871,0.386,3.871,0.704,0.386,2.725184,2.7802700676915237,518.3388940308668,0.1642975807284155,358.07854824053095,65.1220092899338,23318.794545045865,44.98754543327255,-1.4830253182884527,2.4269025742753136,0.4719386279934305,1.9549639462818833,1
2178,1448,accepted,4,Dist_delivery_truck_01,False,False,,0,{},0.1642975807284155,1,9.807106922185165,0.1377953310232136,6,8,7.557598571315607,near-camera,outdoor-night,3154.878432979989,large,bottom,bottom,False,6,0.7897,0.922550936835363,3.0922697833053667,True,2.665,2.591,6.0,6.0,2.665,2.591,15.99,13.609092694582339,518.3388940308668,0.1642975807284155,963.8310397274862,428.101620145625,412617.6296539791,796.0383340043319,-1.5464233619047385,0.8439061154356873,-0.35125862323452567,1.195164738670213,2
2178,1448,accepted,5,Dist_cargo_truck_01,False,False,,0,{},0.1642975807284155,1,9.807106922185165,0.1377953310232136,6,8,7.557598571315607,near-camera,outdoor-night,3154.878432979989,large,bottom,bottom,False,136,0.4835,1.1959191343633242,4.484389789774166,True,2.321,2.038,6.5,6.5,2.321,2.038,15.086500000000001,21.57705289186333,518.3388940308668,0.1642975807284155,730.3241582406588,260.7819032733184,190455.32399248314,367.433982257063,-1.7260414505387316,0.7112417452937231,-0.5073998526225042,1.2186415979162273,1
