usable_id,frame_id,reproj_max_px,reproj_centroid_px,reproj_consistency_px,K_valid,pose_valid
0,f0000,6.703246762680666e-14,7.105427357601002e-15,5.684341886080802e-14,True,True
1,f0001,6.355287432313019e-14,6.355287432313019e-14,5.684341886080802e-14,True,True
2,f0002,1.1368683772161603e-13,7.105427357601002e-15,1.1368683772161603e-13,True,True
3,f0003,5.859285502108464e-14,0.0,5.684341886080802e-14,True,True
4,f0004,1.2710574864626038e-13,0.0,1.1368683772161603e-13,True,True
5,f0005,5.859285502108464e-14,5.859285502108464e-14,5.684341886080802e-14,True,True
6,f0006,6.355287432313019e-14,2.842170943040401e-14,5.684341886080802e-14,True,True
7,f0007,8.038873388460929e-14,2.842170943040401e-14,5.684341886080802e-14,True,True
8,f0008,1.2710574864626038e-13,0.0,1.1368683772161603e-13,True,True
9,f0009,5.859285502108464e-14,0.0,5.684341886080802e-14,True,True
10,f0010,6.355287432313019e-14,5.684341886080802e-14,5.684341886080802e-14,True,True
11,f0011,1.1368683772161603e-13,0.0,1.1368683772161603e-13,True,True
12,f0012,1.1718571004216928e-13,6.355287432313019e-14,1.1368683772161603e-13,True,True
13,f0013,5.684341886080802e-14,0.0,5.684341886080802e-14,True,True
14,f0014,1.2710574864626038e-13,0.0,1.1368683772161603e-13,True,True
15,f0015,7.105427357601002e-14,7.105427357601002e-14,5.684341886080802e-14,True,True
16,f0016,1.2710574864626038e-13,5.684341886080802e-14,1.1368683772161603e-13,True,True
17,f0017,1.2710574864626038e-13,0.0,1.1368683772161603e-13,True,True
18,f0018,5.684341886080802e-14,2.842170943040401e-14,5.684341886080802e-14,True,True
19,f0019,8.038873388460929e-14,2.842170943040401e-14,5.684341886080802e-14,True,True
20,f0020,5.684341886080802e-14,0.0,5.684341886080802e-14,True,True
21,f0021,5.684341886080802e-14,5.684341886080802e-14,5.684341886080802e-14,True,True
22,f0022,1.1368683772161603e-13,5.684341886080802e-14,1.1368683772161603e-13,True,True
23,f0023,5.859285502108464e-14,4.0194366942304644e-14,5.684341886080802e-14,True,True
24,f0024,4.263256414560601e-14,4.263256414560601e-14,2.842170943040401e-14,True,True
25,f0025,1.2710574864626038e-13,5.684341886080802e-14,1.1368683772161603e-13,True,True
26,f0026,2.864289338439558e-14,1.4210854715202004e-14,2.842170943040401e-14,True,True
27,f0027,1.1368683772161603e-13,0.0,1.1368683772161603e-13,True,True
28,f0028,4.618527782440651e-14,4.263256414560601e-14,4.618527782440651e-14,True,True
29,f0029,1.2710574864626038e-13,5.684341886080802e-14,1.1368683772161603e-13,True,True
30,f0030,6.355287432313019e-14,6.355287432313019e-14,5.684341886080802e-14,True,True
31,f0031,5.684341886080802e-14,4.0194366942304644e-14,5.684341886080802e-14,True,True
32,f0032,1.1368683772161603e-13,0.0,1.1368683772161603e-13,True,True
33,f0033,1.2710574864626038e-13,5.684341886080802e-14,1.1368683772161603e-13,True,True
34,f0034,1.2710574864626038e-13,1.2710574864626038e-13,1.1368683772161603e-13,True,True
35,f0035,6.07087979554246e-14,0.0,5.684341886080802e-14,True,True
36,f0036,1.2710574864626038e-13,0.0,1.1368683772161603e-13,True,True
37,f0037,8.038873388460929e-14,5.684341886080802e-14,5.684341886080802e-14,True,True
38,f0038,6.355287432313019e-14,0.0,5.684341886080802e-14,True,True
39,f0039,6.277857184170547e-14,5.718241383625821e-14,5.684341886080802e-14,True,True
40,f0040,1.1718571004216928e-13,1.4210854715202004e-14,1.1368683772161603e-13,True,True
41,f0041,5.684341886080802e-14,0.0,5.684341886080802e-14,True,True
42,f0042,5.718241383625821e-14,1.7763568394002505e-14,5.684341886080802e-14,True,True
43,f0043,5.684341886080802e-14,0.0,5.684341886080802e-14,True,True
44,f0044,1.2710574864626038e-13,5.684341886080802e-14,1.1368683772161603e-13,True,True
45,f0045,1.2710574864626038e-13,0.0,1.1368683772161603e-13,True,True
46,f0046,1.2710574864626038e-13,8.038873388460929e-14,1.1368683772161603e-13,True,True
47,f0047,6.355287432313019e-14,0.0,5.684341886080802e-14,True,True
48,f0048,1.2710574864626038e-13,0.0,1.1368683772161603e-13,True,True
49,f0049,1.1368683772161603e-13,6.355287432313019e-14,1.1368683772161603e-13,True,True
50,f0050,5.684341886080802e-14,1.4210854715202004e-14,5.684341886080802e-14,True,True
51,f0051,6.355287432313019e-14,5.684341886080802e-14,5.684341886080802e-14,True,True
52,f0052,1.1368683772161603e-13,5.684341886080802e-14,1.1368683772161603e-13,True,True
53,f0053,1.2710574864626038e-13,2.842170943040401e-14,1.1368683772161603e-13,True,True
54,f0054,2.4158453015843406e-13,2.842170943040401e-14,2.1316282072803006e-13,True,True
55,f0055,1.2710574864626038e-13,0.0,1.1368683772161603e-13,True,True
56,f0056,1.1368683772161603e-13,0.0,1.1368683772161603e-13,True,True
57,f0057,2.842170943040401e-14,0.0,2.842170943040401e-14,True,True
58,f0058,5.955433342649105e-14,5.684341886080802e-14,5.684341886080802e-14,True,True
59,f0059,8.038873388460929e-14,8.038873388460929e-14,5.684341886080802e-14,True,True
60,f0060,5.684341886080802e-14,2.842170943040401e-14,5.684341886080802e-14,True,True
61,f0061,5.684341886080802e-14,0.0,5.684341886080802e-14,True,True
62,f0062,5.684341886080802e-14,1.4210854715202004e-14,5.684341886080802e-14,True,True
63,f0063,1.1368683772161603e-13,8.038873388460929e-14,1.1368683772161603e-13,True,True
64,f0064,5.684341886080802e-14,1.4210854715202004e-14,5.684341886080802e-14,True,True
65,f0065,1.2710574864626038e-13,1.1368683772161603e-13,1.1368683772161603e-13,True,True
66,f0066,1.1368683772161603e-13,2.842170943040401e-14,1.1368683772161603e-13,True,True
67,f0067,5.859285502108464e-14,0.0,5.684341886080802e-14,True,True
68,f0068,1.1718571004216928e-13,2.842170943040401e-14,1.1368683772161603e-13,True,True
69,f0069,8.038873388460929e-14,0.0,5.684341886080802e-14,True,True
70,f0070,1.1718571004216928e-13,0.0,1.1368683772161603e-13,True,True
71,f0071,1.1368683772161603e-13,1.4210854715202004e-14,1.1368683772161603e-13,True,True
72,f0072,6.355287432313019e-14,6.355287432313019e-14,5.684341886080802e-14,True,True
73,f0073,5.684341886080802e-14,2.842170943040401e-14,5.684341886080802e-14,True,True
74,f0074,4.5496934130773415e-14,0.0,3.552713678800501e-14,True,True
75,f0075,1.2710574864626038e-13,5.684341886080802e-14,1.1368683772161603e-13,True,True
76,f0076,2.5421149729252077e-13,0.0,2.2737367544323206e-13,True,True
77,f0077,5.859285502108464e-14,7.105427357601002e-15,5.684341886080802e-14,True,True
78,f0078,5.684341886080802e-14,0.0,5.684341886080802e-14,True,True
79,f0079,6.355287432313019e-14,0.0,5.684341886080802e-14,True,True
80,f0080,5.684341886080802e-14,1.4210854715202004e-14,5.684341886080802e-14,True,True
81,f0081,8.038873388460929e-14,0.0,5.684341886080802e-14,True,True
82,f0082,1.2710574864626038e-13,0.0,1.1368683772161603e-13,True,True
83,f0083,7.437400532047292e-14,2.842170943040401e-14,5.684341886080802e-14,True,True
84,f0084,4.0194366942304644e-14,4.0194366942304644e-14,2.842170943040401e-14,True,True
85,f0085,5.684341886080802e-14,0.0,5.684341886080802e-14,True,True
86,f0086,6.355287432313019e-14,5.684341886080802e-14,5.684341886080802e-14,True,True
87,f0087,8.038873388460929e-14,0.0,5.684341886080802e-14,True,True
88,f0088,2.5421149729252077e-13,5.684341886080802e-14,2.2737367544323206e-13,True,True
89,f0089,1.156679772130055e-13,7.105427357601002e-15,1.1368683772161603e-13,True,True
90,f0090,8.038873388460929e-14,8.038873388460929e-14,5.684341886080802e-14,True,True
91,f0091,5.859285502108464e-14,0.0,5.684341886080802e-14,True,True
92,f0092,1.2710574864626038e-13,0.0,1.1368683772161603e-13,True,True
93,f0093,8.038873388460929e-14,5.684341886080802e-14,5.684341886080802e-14,True,True
94,f0094,8.038873388460929e-14,5.684341886080802e-14,5.684341886080802e-14,True,True
95,f0095,6.355287432313019e-14,0.0,5.684341886080802e-14,True,True
96,f0096,1.2710574864626038e-13,5.684341886080802e-14,1.1368683772161603e-13,True,True
97,f0097,1.2710574864626038e-13,0.0,1.1368683772161603e-13,True,True
98,f0098,1.1368683772161603e-13,0.0,1.1368683772161603e-13,True,True
99,f0099,2.0605739337042905e-13,5.859285502108464e-14,2.0605739337042905e-13,True,True
100,f0100,1.1718571004216928e-13,2.842170943040401e-14,1.1368683772161603e-13,True,True
101,f0101,1.1718571004216928e-13,2.842170943040401e-14,1.1368683772161603e-13,True,True
102,f0102,5.859285502108464e-14,2.1316282072803006e-14,5.684341886080802e-14,True,True
103,f0103,8.038873388460929e-14,2.842170943040401e-14,5.684341886080802e-14,True,True
104,f0104,6.355287432313019e-14,4.0194366942304644e-14,5.684341886080802e-14,True,True
105,f0105,1.1457157353758233e-13,1.4210854715202004e-14,1.1368683772161603e-13,True,True
106,f0106,5.815306562781359e-10,0.0,4.94765117764473e-10,True,True
107,f0107,6.355287432313019e-14,5.684341886080802e-14,5.684341886080802e-14,True,True
108,f0108,1.1718571004216928e-13,2.842170943040401e-14,1.1368683772161603e-13,True,True
109,f0109,5.684341886080802e-14,2.842170943040401e-14,5.684341886080802e-14,True,True
110,f0110,1.2710574864626038e-13,0.0,1.1368683772161603e-13,True,True
111,f0111,6.355287432313019e-14,0.0,5.684341886080802e-14,True,True
112,f0112,1.2710574864626038e-13,0.0,1.1368683772161603e-13,True,True
113,f0113,6.355287432313019e-14,6.355287432313019e-14,5.684341886080802e-14,True,True
114,f0114,8.038873388460929e-14,0.0,5.684341886080802e-14,True,True
115,f0115,1.1718571004216928e-13,2.842170943040401e-14,1.1368683772161603e-13,True,True
116,f0116,1.2710574864626038e-13,0.0,1.1368683772161603e-13,True,True
117,f0117,6.355287432313019e-14,1.4210854715202004e-14,5.684341886080802e-14,True,True
118,f0118,5.684341886080802e-14,5.684341886080802e-14,5.684341886080802e-14,True,True
119,f0119,6.355287432313019e-14,1.4210854715202004e-14,5.684341886080802e-14,True,True
120,f0120,1.2710574864626038e-13,0.0,1.1368683772161603e-13,True,True
121,f0121,1.1718571004216928e-13,1.1368683772161603e-13,1.1368683772161603e-13,True,True
122,f0122,7.105427357601002e-14,2.842170943040401e-14,5.684341886080802e-14,True,True
123,f0123,1.1718571004216928e-13,2.842170943040401e-14,1.1368683772161603e-13,True,True
124,f0124,6.61081645103266e-14,1.4210854715202004e-14,5.684341886080802e-14,True,True
125,f0125,5.684341886080802e-14,0.0,5.684341886080802e-14,True,True
126,f0126,5.684341886080802e-14,0.0,5.684341886080802e-14,True,True
127,f0127,6.355287432313019e-14,1.4210854715202004e-14,5.684341886080802e-14,True,True
128,f0128,8.038873388460929e-14,0.0,5.684341886080802e-14,True,True
129,f0129,6.355287432313019e-14,0.0,5.684341886080802e-14,True,True
130,f0130,3.410605131648481e-13,5.684341886080802e-14,3.410605131648481e-13,True,True
131,f0131,6.355287432313019e-14,2.842170943040401e-14,5.684341886080802e-14,True,True
132,f0132,1.1368683772161603e-13,0.0,1.1368683772161603e-13,True,True
133,f0133,1.1718571004216928e-13,0.0,1.1368683772161603e-13,True,True
134,f0134,1.2710574864626038e-13,0.0,1.1368683772161603e-13,True,True
135,f0135,5.684341886080802e-14,5.684341886080802e-14,2.842170943040401e-14,True,True
136,f0136,1.2710574864626038e-13,1.1368683772161603e-13,1.1368683772161603e-13,True,True
137,f0137,5.684341886080802e-14,2.842170943040401e-14,5.684341886080802e-14,True,True
138,f0138,1.2710574864626038e-13,2.842170943040401e-14,1.1368683772161603e-13,True,True
139,f0139,1.1368683772161603e-13,0.0,1.1368683772161603e-13,True,True
140,f0140,1.1718571004216928e-13,6.355287432313019e-14,1.1368683772161603e-13,True,True
141,f0141,8.038873388460929e-14,5.684341886080802e-14,5.684341886080802e-14,True,True
142,f0142,6.355287432313019e-14,0.0,5.684341886080802e-14,True,True
143,f0143,8.038873388460929e-14,0.0,5.684341886080802e-14,True,True
144,f0144,2.2737367544323206e-13,1.1368683772161603e-13,2.2737367544323206e-13,True,True
145,f0145,8.038873388460929e-14,0.0,5.684341886080802e-14,True,True
146,f0146,1.2710574864626038e-13,0.0,1.1368683772161603e-13,True,True
147,f0147,8.038873388460929e-14,0.0,5.684341886080802e-14,True,True
148,f0148,8.038873388460929e-14,8.038873388460929e-14,5.684341886080802e-14,True,True
149,f0149,1.1368683772161603e-13,2.842170943040401e-14,1.1368683772161603e-13,True,True
150,f0150,1.2710574864626038e-13,8.038873388460929e-14,1.1368683772161603e-13,True,True
151,f0151,1.1368683772161603e-13,0.0,1.1368683772161603e-13,True,True
152,f0152,1.2710574864626038e-13,0.0,1.1368683772161603e-13,True,True
153,f0153,5.859285502108464e-14,0.0,5.684341886080802e-14,True,True
154,f0154,1.2710574864626038e-13,1.2710574864626038e-13,1.1368683772161603e-13,True,True
155,f0155,1.1718571004216928e-13,0.0,1.1368683772161603e-13,True,True
156,f0156,1.1368683772161603e-13,5.684341886080802e-14,1.1368683772161603e-13,True,True
157,f0157,1.1457157353758233e-13,1.1457157353758233e-13,1.1368683772161603e-13,True,True
158,f0158,8.038873388460929e-14,5.684341886080802e-14,5.684341886080802e-14,True,True
159,f0159,6.01080938469374e-14,2.842170943040401e-14,5.684341886080802e-14,True,True
160,f0160,1.1368683772161603e-13,5.684341886080802e-14,1.1368683772161603e-13,True,True
161,f0161,7.105427357601002e-14,2.842170943040401e-14,5.684341886080802e-14,True,True
162,f0162,1.1368683772161603e-13,6.355287432313019e-14,1.1368683772161603e-13,True,True
163,f0163,8.038873388460929e-14,0.0,5.684341886080802e-14,True,True
164,f0164,6.040266291023252e-14,1.4210854715202004e-14,5.684341886080802e-14,True,True
165,f0165,8.038873388460929e-14,8.038873388460929e-14,5.684341886080802e-14,True,True
166,f0166,1.1368683772161603e-13,0.0,1.1368683772161603e-13,True,True
167,f0167,8.038873388460929e-14,2.842170943040401e-14,5.684341886080802e-14,True,True
168,f0168,2.842170943040401e-14,2.842170943040401e-14,2.842170943040401e-14,True,True
169,f0169,6.355287432313019e-14,2.842170943040401e-14,5.684341886080802e-14,True,True
170,f0170,1.2710574864626038e-13,5.684341886080802e-14,1.1368683772161603e-13,True,True
171,f0171,1.1718571004216928e-13,0.0,1.1368683772161603e-13,True,True
172,f0172,1.2710574864626038e-13,2.842170943040401e-14,1.1368683772161603e-13,True,True
173,f0173,5.684341886080802e-14,0.0,5.684341886080802e-14,True,True
174,f0174,6.355287432313019e-14,0.0,5.684341886080802e-14,True,True
175,f0175,8.038873388460929e-14,0.0,5.684341886080802e-14,True,True
176,f0176,1.2710574864626038e-13,0.0,1.1368683772161603e-13,True,True
177,f0177,1.2710574864626038e-13,0.0,1.1368683772161603e-13,True,True
178,f0178,5.728578676879116e-14,2.842170943040401e-14,5.684341886080802e-14,True,True
179,f0179,1.2710574864626038e-13,0.0,1.1368683772161603e-13,True,True
180,f0180,8.038873388460929e-14,5.684341886080802e-14,5.684341886080802e-14,True,True
181,f0181,6.355287432313019e-14,2.842170943040401e-14,5.684341886080802e-14,True,True
182,f0182,7.652779469160725e-14,3.552713678800501e-15,7.105427357601002e-14,True,True
183,f0183,6.355287432313019e-14,2.842170943040401e-14,5.684341886080802e-14,True,True
184,f0184,1.6077746776921858e-13,5.684341886080802e-14,1.1368683772161603e-13,True,True
185,f0185,6.355287432313019e-14,2.842170943040401e-14,5.684341886080802e-14,True,True
186,f0186,1.1368683772161603e-13,0.0,1.1368683772161603e-13,True,True
187,f0187,5.684341886080802e-14,0.0,5.684341886080802e-14,True,True
188,f0188,6.355287432313019e-14,5.684341886080802e-14,5.684341886080802e-14,True,True
189,f0189,6.355287432313019e-14,2.842170943040401e-14,5.684341886080802e-14,True,True
190,f0190,6.355287432313019e-14,2.842170943040401e-14,5.684341886080802e-14,True,True
191,f0191,6.355287432313019e-14,5.684341886080802e-14,5.684341886080802e-14,True,True
192,f0192,6.355287432313019e-14,6.355287432313019e-14,5.684341886080802e-14,True,True
193,f0193,6.355287432313019e-14,5.684341886080802e-14,5.684341886080802e-14,True,True
194,f0194,1.4210854715202004e-13,5.684341886080802e-14,1.1368683772161603e-13,True,True
195,f0195,1.2710574864626038e-13,5.684341886080802e-14,1.1368683772161603e-13,True,True
196,f0196,6.799062365205315e-14,3.1776437161565096e-14,5.684341886080802e-14,True,True
197,f0197,1.1718571004216928e-13,0.0,1.1368683772161603e-13,True,True
198,f0198,1.1368683772161603e-13,0.0,1.1368683772161603e-13,True,True
199,f0199,1.2710574864626038e-13,0.0,1.1368683772161603e-13,True,True
200,f0200,1.1718571004216928e-13,0.0,1.1368683772161603e-13,True,True
201,f0201,1.1368683772161603e-13,1.1368683772161603e-13,5.684341886080802e-14,True,True
202,f0202,1.2710574864626038e-13,0.0,1.1368683772161603e-13,True,True
203,f0203,8.038873388460929e-14,0.0,5.684341886080802e-14,True,True
204,f0204,1.2789769243681803e-13,0.0,1.2789769243681803e-13,True,True
205,f0205,5.684341886080802e-14,0.0,5.684341886080802e-14,True,True
206,f0206,4.0194366942304644e-14,1.4210854715202004e-14,2.842170943040401e-14,True,True
207,f0207,1.2710574864626038e-13,0.0,1.1368683772161603e-13,True,True
208,f0208,4.0194366942304644e-14,4.0194366942304644e-14,2.842170943040401e-14,True,True
209,f0209,5.859285502108464e-14,5.859285502108464e-14,5.684341886080802e-14,True,True
210,f0210,1.139086659085919e-13,8.038873388460929e-14,1.1368683772161603e-13,True,True
211,f0211,6.355287432313019e-14,0.0,5.684341886080802e-14,True,True
212,f0212,2.2737367544323206e-13,0.0,2.2737367544323206e-13,True,True
213,f0213,1.0247593068766006e-13,1.0247593068766006e-13,5.684341886080802e-14,True,True
214,f0214,1.1457157353758233e-13,0.0,1.1368683772161603e-13,True,True
215,f0215,6.355287432313019e-14,0.0,5.684341886080802e-14,True,True
216,f0216,8.038873388460929e-14,2.842170943040401e-14,5.684341886080802e-14,True,True
217,f0217,1.1368683772161603e-13,5.684341886080802e-14,1.1368683772161603e-13,True,True
218,f0218,6.355287432313019e-14,5.684341886080802e-14,5.684341886080802e-14,True,True
219,f0219,8.038873388460929e-14,0.0,5.684341886080802e-14,True,True
220,f0220,1.1368683772161603e-13,0.0,1.1368683772161603e-13,True,True
221,f0221,1.1368683772161603e-13,2.842170943040401e-14,1.1368683772161603e-13,True,True
222,f0222,2.2737367544323206e-13,0.0,2.2737367544323206e-13,True,True
223,f0223,2.842170943040401e-14,2.842170943040401e-14,2.842170943040401e-14,True,True
224,f0224,1.1368683772161603e-13,5.684341886080802e-14,1.1368683772161603e-13,True,True
225,f0225,1.1368683772161603e-13,0.0,1.1368683772161603e-13,True,True
226,f0226,5.684341886080802e-14,5.684341886080802e-14,2.842170943040401e-14,True,True
227,f0227,1.1718571004216928e-13,1.1718571004216928e-13,1.1368683772161603e-13,True,True
228,f0228,1.1718571004216928e-13,2.842170943040401e-14,1.1368683772161603e-13,True,True
229,f0229,1.1718571004216928e-13,5.684341886080802e-14,1.1368683772161603e-13,True,True
230,f0230,1.1718571004216928e-13,2.842170943040401e-14,1.1368683772161603e-13,True,True
231,f0231,2.5421149729252077e-13,5.684341886080802e-14,2.2737367544323206e-13,True,True
232,f0232,1.1368683772161603e-13,5.684341886080802e-14,1.1368683772161603e-13,True,True
233,f0233,2.842170943040401e-14,0.0,2.842170943040401e-14,True,True
234,f0234,6.040266291023252e-14,0.0,5.684341886080802e-14,True,True
235,f0235,5.684341886080802e-14,0.0,5.684341886080802e-14,True,True
236,f0236,2.2914314707516465e-13,0.0,2.2737367544323206e-13,True,True
237,f0237,1.1718571004216928e-13,1.1368683772161603e-13,1.1368683772161603e-13,True,True
238,f0238,8.038873388460929e-14,5.684341886080802e-14,5.684341886080802e-14,True,True
239,f0239,5.859285502108464e-14,0.0,5.684341886080802e-14,True,True
240,f0240,6.355287432313019e-14,0.0,5.684341886080802e-14,True,True
241,f0241,1.2710574864626038e-13,5.684341886080802e-14,1.1368683772161603e-13,True,True
242,f0242,1.1368683772161603e-13,5.684341886080802e-14,1.1368683772161603e-13,True,True
243,f0243,1.1718571004216928e-13,1.1718571004216928e-13,1.1368683772161603e-13,True,True
244,f0244,6.355287432313019e-14,5.684341886080802e-14,5.684341886080802e-14,True,True
245,f0245,1.1718571004216928e-13,5.684341886080802e-14,1.1368683772161603e-13,True,True
246,f0246,6.355287432313019e-14,6.355287432313019e-14,5.684341886080802e-14,True,True
247,f0247,1.1368683772161603e-13,2.842170943040401e-14,1.1368683772161603e-13,True,True
248,f0248,5.859285502108464e-14,2.842170943040401e-14,5.684341886080802e-14,True,True
249,f0249,5.684341886080802e-14,0.0,5.684341886080802e-14,True,True
250,f0250,1.1718571004216928e-13,0.0,1.1368683772161603e-13,True,True
251,f0251,1.1600847832408828e-13,0.0,1.1368683772161603e-13,True,True
252,f0252,6.355287432313019e-14,6.355287432313019e-14,5.684341886080802e-14,True,True
253,f0253,6.355287432313019e-14,2.842170943040401e-14,5.684341886080802e-14,True,True
254,f0254,1.1368683772161603e-13,5.684341886080802e-14,1.1368683772161603e-13,True,True
255,f0255,1.1368683772161603e-13,5.684341886080802e-14,1.1368683772161603e-13,True,True
256,f0256,6.355287432313019e-14,6.204547701064548e-14,5.684341886080802e-14,True,True
257,f0257,1.139086659085919e-13,0.0,1.1368683772161603e-13,True,True
258,f0258,1.1368683772161603e-13,5.684341886080802e-14,1.1368683772161603e-13,True,True
259,f0259,5.859285502108464e-14,5.684341886080802e-14,5.684341886080802e-14,True,True
260,f0260,6.355287432313019e-14,0.0,5.684341886080802e-14,True,True
261,f0261,2.842170943040401e-14,0.0,2.842170943040401e-14,True,True
262,f0262,1.1368683772161603e-13,5.684341886080802e-14,1.1368683772161603e-13,True,True
263,f0263,1.1368683772161603e-13,0.0,1.1368683772161603e-13,True,True
264,f0264,5.684341886080802e-14,0.0,5.684341886080802e-14,True,True
265,f0265,1.2710574864626038e-13,1.1368683772161603e-13,1.1368683772161603e-13,True,True
266,f0266,6.355287432313019e-14,1.4210854715202004e-14,5.684341886080802e-14,True,True
267,f0267,6.355287432313019e-14,5.684341886080802e-14,5.684341886080802e-14,True,True
268,f0268,8.038873388460929e-14,5.684341886080802e-14,5.684341886080802e-14,True,True
269,f0269,6.277857184170547e-14,2.6645352591003757e-15,5.684341886080802e-14,True,True
270,f0270,5.684341886080802e-14,5.684341886080802e-14,5.684341886080802e-14,True,True
271,f0271,6.355287432313019e-14,6.355287432313019e-14,2.842170943040401e-14,True,True
272,f0272,5.684341886080802e-14,0.0,5.684341886080802e-14,True,True
273,f0273,5.859285502108464e-14,2.842170943040401e-14,5.684341886080802e-14,True,True
274,f0274,8.038873388460929e-14,8.038873388460929e-14,5.684341886080802e-14,True,True
275,f0275,1.1457157353758233e-13,1.4210854715202004e-14,1.1368683772161603e-13,True,True
276,f0276,6.204547701064548e-14,7.105427357601002e-15,5.684341886080802e-14,True,True
277,f0277,1.2710574864626038e-13,0.0,1.1368683772161603e-13,True,True
278,f0278,6.355287432313019e-14,0.0,5.684341886080802e-14,True,True
279,f0279,6.355287432313019e-14,2.842170943040401e-14,5.684341886080802e-14,True,True
280,f0280,6.355287432313019e-14,5.684341886080802e-14,5.684341886080802e-14,True,True
281,f0281,5.818755025955795e-14,2.842170943040401e-14,5.684341886080802e-14,True,True
282,f0282,7.105427357601002e-14,7.105427357601002e-14,5.684341886080802e-14,True,True
283,f0283,8.038873388460929e-14,8.038873388460929e-14,5.684341886080802e-14,True,True
284,f0284,1.1457157353758233e-13,7.105427357601002e-15,1.1368683772161603e-13,True,True
285,f0285,3.552713678800501e-14,0.0,3.552713678800501e-14,True,True
286,f0286,1.1368683772161603e-13,5.684341886080802e-14,1.1368683772161603e-13,True,True
287,f0287,1.1368683772161603e-13,5.684341886080802e-14,1.1368683772161603e-13,True,True
288,f0288,1.1718571004216928e-13,0.0,1.1368683772161603e-13,True,True
289,f0289,1.1368683772161603e-13,0.0,1.1368683772161603e-13,True,True
290,f0290,8.038873388460929e-14,0.0,5.684341886080802e-14,True,True
291,f0291,4.0194366942304644e-14,0.0,3.730349362740526e-14,True,True
292,f0292,1.6077746776921858e-13,5.684341886080802e-14,1.1368683772161603e-13,True,True
293,f0293,2.428351918216984e-13,1.1718571004216928e-13,2.2737367544323206e-13,True,True
294,f0294,5.859285502108464e-14,7.105427357601002e-15,5.684341886080802e-14,True,True
295,f0295,6.355287432313019e-14,6.355287432313019e-14,5.684341886080802e-14,True,True
296,f0296,8.038873388460929e-14,8.881784197001252e-15,5.684341886080802e-14,True,True
297,f0297,6.355287432313019e-14,2.842170943040401e-14,5.684341886080802e-14,True,True
298,f0298,5.684341886080802e-14,0.0,5.684341886080802e-14,True,True
299,f0299,1.1368683772161603e-13,6.355287432313019e-14,1.1368683772161603e-13,True,True
300,f0300,1.2710574864626038e-13,0.0,1.1368683772161603e-13,True,True
301,f0301,1.2710574864626038e-13,5.684341886080802e-14,1.1368683772161603e-13,True,True
302,f0302,8.038873388460929e-14,0.0,5.684341886080802e-14,True,True
303,f0303,6.355287432313019e-14,0.0,5.684341886080802e-14,True,True
304,f0304,1.2710574864626038e-13,1.2710574864626038e-13,1.1368683772161603e-13,True,True
305,f0305,1.1368683772161603e-13,2.842170943040401e-14,1.1368683772161603e-13,True,True
306,f0306,2.2737367544323206e-13,5.684341886080802e-14,2.2737367544323206e-13,True,True
307,f0307,6.395501382668091e-14,6.355287432313019e-14,5.684341886080802e-14,True,True
308,f0308,1.6077746776921858e-13,1.1368683772161603e-13,1.1368683772161603e-13,True,True
309,f0309,1.1368683772161603e-13,8.038873388460929e-14,1.1368683772161603e-13,True,True
310,f0310,8.038873388460929e-14,0.0,5.684341886080802e-14,True,True
311,f0311,1.1368683772161603e-13,5.684341886080802e-14,1.1368683772161603e-13,True,True
312,f0312,2.2914314707516465e-13,0.0,2.2737367544323206e-13,True,True
313,f0313,1.1368683772161603e-13,5.684341886080802e-14,1.1368683772161603e-13,True,True
314,f0314,1.2710574864626038e-13,0.0,1.1368683772161603e-13,True,True
315,f0315,8.038873388460929e-14,5.684341886080802e-14,5.684341886080802e-14,True,True
316,f0316,1.2710574864626038e-13,5.684341886080802e-14,1.1368683772161603e-13,True,True
317,f0317,1.4210854715202004e-13,2.842170943040401e-14,1.4210854715202004e-13,True,True
318,f0318,1.1718571004216928e-13,0.0,1.1368683772161603e-13,True,True
319,f0319,8.038873388460929e-14,5.684341886080802e-14,5.684341886080802e-14,True,True
320,f0320,1.1368683772161603e-13,0.0,1.1368683772161603e-13,True,True
321,f0321,6.61081645103266e-14,2.929642751054232e-14,5.684341886080802e-14,True,True
322,f0322,5.684341886080802e-14,4.0194366942304644e-14,5.684341886080802e-14,True,True
323,f0323,6.355287432313019e-14,5.684341886080802e-14,5.684341886080802e-14,True,True
324,f0324,5.859285502108464e-14,0.0,5.684341886080802e-14,True,True
325,f0325,1.1457157353758233e-13,0.0,1.1368683772161603e-13,True,True
326,f0326,6.355287432313019e-14,0.0,5.684341886080802e-14,True,True
327,f0327,1.1718571004216928e-13,6.355287432313019e-14,1.1368683772161603e-13,True,True
328,f0328,1.2710574864626038e-13,1.2710574864626038e-13,1.1368683772161603e-13,True,True
329,f0329,6.355287432313019e-14,2.842170943040401e-14,5.684341886080802e-14,True,True
330,f0330,5.728578676879116e-14,1.4210854715202004e-14,5.684341886080802e-14,True,True
331,f0331,1.1718571004216928e-13,0.0,1.1368683772161603e-13,True,True
332,f0332,2.2737367544323206e-13,1.1718571004216928e-13,2.2737367544323206e-13,True,True
333,f0333,5.684341886080802e-14,5.684341886080802e-14,5.684341886080802e-14,True,True
334,f0334,5.684341886080802e-14,0.0,5.684341886080802e-14,True,True
335,f0335,5.684341886080802e-14,5.684341886080802e-14,5.684341886080802e-14,True,True
336,f0336,1.1368683772161603e-13,2.842170943040401e-14,1.1368683772161603e-13,True,True
337,f0337,6.355287432313019e-14,2.842170943040401e-14,5.684341886080802e-14,True,True
338,f0338,1.1368683772161603e-13,2.842170943040401e-14,1.1368683772161603e-13,True,True
339,f0339,1.1718571004216928e-13,2.842170943040401e-14,1.1368683772161603e-13,True,True
340,f0340,5.684341886080802e-14,5.684341886080802e-14,5.684341886080802e-14,True,True
341,f0341,8.526512829121202e-14,0.0,8.526512829121202e-14,True,True
342,f0342,1.6077746776921858e-13,0.0,1.1368683772161603e-13,True,True
343,f0343,8.038873388460929e-14,5.684341886080802e-14,5.684341886080802e-14,True,True
344,f0344,5.684341886080802e-14,5.684341886080802e-14,4.263256414560601e-14,True,True
345,f0345,5.684341886080802e-14,0.0,5.684341886080802e-14,True,True
346,f0346,1.1457157353758233e-13,1.4210854715202004e-14,1.1368683772161603e-13,True,True
347,f0347,1.2710574864626038e-13,0.0,1.1368683772161603e-13,True,True
348,f0348,1.6077746776921858e-13,5.684341886080802e-14,1.1368683772161603e-13,True,True
349,f0349,4.0194366942304644e-14,4.0194366942304644e-14,2.842170943040401e-14,True,True
350,f0350,7.105427357601002e-14,6.355287432313019e-14,5.684341886080802e-14,True,True
351,f0351,1.1718571004216928e-13,1.156679772130055e-13,1.1368683772161603e-13,True,True
352,f0352,6.355287432313019e-14,5.684341886080802e-14,5.684341886080802e-14,True,True
353,f0353,8.038873388460929e-14,5.684341886080802e-14,5.684341886080802e-14,True,True
354,f0354,1.1718571004216928e-13,6.355287432313019e-14,1.1368683772161603e-13,True,True
355,f0355,7.105427357601002e-14,2.1316282072803006e-14,5.684341886080802e-14,True,True
356,f0356,1.1368683772161603e-13,5.684341886080802e-14,1.1368683772161603e-13,True,True
357,f0357,2.842170943040401e-14,2.842170943040401e-14,2.842170943040401e-14,True,True
358,f0358,6.355287432313019e-14,6.355287432313019e-14,5.684341886080802e-14,True,True
359,f0359,5.684341886080802e-14,5.684341886080802e-14,5.684341886080802e-14,True,True
360,f0360,1.2710574864626038e-13,0.0,1.1368683772161603e-13,True,True
361,f0361,5.684341886080802e-14,0.0,5.684341886080802e-14,True,True
362,f0362,8.038873388460929e-14,5.684341886080802e-14,5.684341886080802e-14,True,True
363,f0363,5.684341886080802e-14,7.105427357601002e-15,5.684341886080802e-14,True,True
364,f0364,1.2710574864626038e-13,5.684341886080802e-14,1.1368683772161603e-13,True,True
365,f0365,1.2710574864626038e-13,0.0,1.1368683772161603e-13,True,True
366,f0366,5.684341886080802e-14,0.0,5.684341886080802e-14,True,True
367,f0367,6.355287432313019e-14,1.4210854715202004e-14,5.684341886080802e-14,True,True
368,f0368,7.184918763469982e-14,1.4210854715202004e-14,7.105427357601002e-14,True,True
369,f0369,8.038873388460929e-14,5.684341886080802e-14,5.684341886080802e-14,True,True
370,f0370,6.355287432313019e-14,2.842170943040401e-14,5.684341886080802e-14,True,True
371,f0371,1.1718571004216928e-13,0.0,1.1368683772161603e-13,True,True
372,f0372,1.1718571004216928e-13,5.684341886080802e-14,1.1368683772161603e-13,True,True
373,f0373,6.355287432313019e-14,0.0,5.684341886080802e-14,True,True
374,f0374,1.2710574864626038e-13,5.684341886080802e-14,1.1368683772161603e-13,True,True
375,f0375,5.859285502108464e-14,5.684341886080802e-14,5.684341886080802e-14,True,True
376,f0376,6.355287432313019e-14,0.0,5.684341886080802e-14,True,True
377,f0377,4.0194366942304644e-14,4.0194366942304644e-14,2.6645352591003757e-14,True,True
378,f0378,1.1368683772161603e-13,0.0,1.1368683772161603e-13,True,True
379,f0379,1.2710574864626038e-13,2.842170943040401e-14,1.1368683772161603e-13,True,True
380,f0380,1.2671103347366105e-13,5.728578676879116e-14,1.1368683772161603e-13,True,True
381,f0381,4.0194366942304644e-14,1.4210854715202004e-14,2.842170943040401e-14,True,True
382,f0382,4.0194366942304644e-14,4.0194366942304644e-14,2.842170943040401e-14,True,True
383,f0383,8.038873388460929e-14,0.0,5.684341886080802e-14,True,True
384,f0384,1.1368683772161603e-13,6.355287432313019e-14,1.1368683772161603e-13,True,True
385,f0385,6.355287432313019e-14,0.0,5.684341886080802e-14,True,True
386,f0386,5.684341886080802e-14,5.684341886080802e-14,5.684341886080802e-14,True,True
387,f0387,5.859285502108464e-14,0.0,5.684341886080802e-14,True,True
388,f0388,2.842170943040401e-14,0.0,2.842170943040401e-14,True,True
389,f0389,5.684341886080802e-14,0.0,5.684341886080802e-14,True,True
390,f0390,6.355287432313019e-14,6.355287432313019e-14,5.684341886080802e-14,True,True
391,f0391,5.684341886080802e-14,2.842170943040401e-14,5.684341886080802e-14,True,True
392,f0392,1.1457157353758233e-13,0.0,1.1368683772161603e-13,True,True
393,f0393,1.1368683772161603e-13,0.0,1.1368683772161603e-13,True,True
394,f0394,3.552713678800501e-14,2.842170943040401e-14,3.552713678800501e-14,True,True
395,f0395,5.684341886080802e-14,5.684341886080802e-14,5.684341886080802e-14,True,True
396,f0396,2.842170943040401e-14,2.842170943040401e-14,2.842170943040401e-14,True,True
397,f0397,1.2710574864626038e-13,5.684341886080802e-14,1.1368683772161603e-13,True,True
398,f0398,1.1368683772161603e-13,0.0,1.1368683772161603e-13,True,True
399,f0399,1.1718571004216928e-13,0.0,1.1368683772161603e-13,True,True
400,f0400,1.1718571004216928e-13,2.842170943040401e-14,1.1368683772161603e-13,True,True
401,f0401,1.156679772130055e-13,0.0,1.1368683772161603e-13,True,True
402,f0402,5.684341886080802e-14,0.0,5.684341886080802e-14,True,True
403,f0403,8.038873388460929e-14,8.038873388460929e-14,5.684341886080802e-14,True,True
404,f0404,1.2710574864626038e-13,5.684341886080802e-14,1.1368683772161603e-13,True,True
405,f0405,4.263256414560601e-14,2.842170943040401e-14,4.263256414560601e-14,True,True
406,f0406,1.2710574864626038e-13,5.684341886080802e-14,1.1368683772161603e-13,True,True
407,f0407,4.0194366942304644e-14,2.842170943040401e-14,2.842170943040401e-14,True,True
408,f0408,8.038873388460929e-14,0.0,5.684341886080802e-14,True,True
409,f0409,1.1718571004216928e-13,0.0,1.1368683772161603e-13,True,True
410,f0410,6.355287432313019e-14,0.0,5.684341886080802e-14,True,True
411,f0411,1.1718571004216928e-13,1.1718571004216928e-13,1.1368683772161603e-13,True,True
412,f0412,6.355287432313019e-14,0.0,5.684341886080802e-14,True,True
413,f0413,1.1368683772161603e-13,0.0,1.1368683772161603e-13,True,True
414,f0414,5.684341886080802e-14,2.842170943040401e-14,5.684341886080802e-14,True,True
415,f0415,6.355287432313019e-14,5.684341886080802e-14,5.684341886080802e-14,True,True
416,f0416,5.684341886080802e-14,0.0,5.684341886080802e-14,True,True
417,f0417,8.038873388460929e-14,5.684341886080802e-14,5.684341886080802e-14,True,True
418,f0418,1.1718571004216928e-13,2.842170943040401e-14,1.1368683772161603e-13,True,True
419,f0419,5.684341886080802e-14,5.684341886080802e-14,5.684341886080802e-14,True,True
420,f0420,1.2710574864626038e-13,1.1368683772161603e-13,1.1368683772161603e-13,True,True
421,f0421,5.684341886080802e-14,5.684341886080802e-14,5.684341886080802e-14,True,True
422,f0422,1.2710574864626038e-13,1.2710574864626038e-13,1.1368683772161603e-13,True,True
423,f0423,1.2710574864626038e-13,5.684341886080802e-14,1.1368683772161603e-13,True,True
424,f0424,1.1368683772161603e-13,1.1368683772161603e-13,5.684341886080802e-14,True,True
425,f0425,1.1718571004216928e-13,0.0,1.1368683772161603e-13,True,True
426,f0426,5.684341886080802e-14,4.0194366942304644e-14,5.684341886080802e-14,True,True
427,f0427,6.135506694409735e-14,1.4210854715202004e-14,5.684341886080802e-14,True,True
428,f0428,6.355287432313019e-14,5.684341886080802e-14,5.684341886080802e-14,True,True
429,f0429,1.1368683772161603e-13,5.684341886080802e-14,1.1368683772161603e-13,True,True
430,f0430,2.842170943040401e-14,0.0,2.842170943040401e-14,True,True
431,f0431,6.355287432313019e-14,0.0,5.684341886080802e-14,True,True
432,f0432,6.355287432313019e-14,6.355287432313019e-14,5.684341886080802e-14,True,True
433,f0433,1.4210854715202004e-13,0.0,1.1368683772161603e-13,True,True
434,f0434,5.684341886080802e-14,5.684341886080802e-14,5.684341886080802e-14,True,True
435,f0435,1.2710574864626038e-13,5.684341886080802e-14,1.1368683772161603e-13,True,True
436,f0436,1.1368683772161603e-13,0.0,1.1368683772161603e-13,True,True
437,f0437,5.684341886080802e-14,5.684341886080802e-14,5.684341886080802e-14,True,True
438,f0438,5.684341886080802e-14,2.842170943040401e-14,5.684341886080802e-14,True,True
439,f0439,8.038873388460929e-14,5.684341886080802e-14,5.684341886080802e-14,True,True
440,f0440,1.1718571004216928e-13,0.0,1.1368683772161603e-13,True,True
441,f0441,1.2710574864626038e-13,1.1368683772161603e-13,1.1368683772161603e-13,True,True
442,f0442,1.1368683772161603e-13,0.0,1.1368683772161603e-13,True,True
443,f0443,8.038873388460929e-14,0.0,5.684341886080802e-14,True,True
444,f0444,6.355287432313019e-14,0.0,5.684341886080802e-14,True,True
445,f0445,6.355287432313019e-14,6.355287432313019e-14,5.684341886080802e-14,True,True
446,f0446,1.9895196601282805e-13,0.0,1.9895196601282805e-13,True,True
447,f0447,5.684341886080802e-14,0.0,5.684341886080802e-14,True,True
448,f0448,1.1368683772161603e-13,5.684341886080802e-14,1.1368683772161603e-13,True,True
449,f0449,6.355287432313019e-14,2.842170943040401e-14,5.684341886080802e-14,True,True
450,f0450,1.2710574864626038e-13,1.1368683772161603e-13,1.1368683772161603e-13,True,True
451,f0451,1.2710574864626038e-13,1.1368683772161603e-13,1.1368683772161603e-13,True,True
452,f0452,1.1368683772161603e-13,1.1368683772161603e-13,1.1368683772161603e-13,True,True
453,f0453,8.038873388460929e-14,0.0,5.684341886080802e-14,True,True
454,f0454,4.582862941503293e-13,0.0,4.547473508864641e-13,True,True
455,f0455,6.355287432313019e-14,5.684341886080802e-14,5.684341886080802e-14,True,True
456,f0456,5.684341886080802e-14,1.4210854715202004e-14,5.684341886080802e-14,True,True
457,f0457,1.1718571004216928e-13,0.0,1.1368683772161603e-13,True,True
458,f0458,2.5421149729252077e-13,5.684341886080802e-14,2.2737367544323206e-13,True,True
459,f0459,5.955433342649105e-14,5.859285502108464e-14,5.684341886080802e-14,True,True
460,f0460,6.355287432313019e-14,0.0,5.684341886080802e-14,True,True
461,f0461,1.2710574864626038e-13,0.0,1.1368683772161603e-13,True,True
462,f0462,5.859285502108464e-14,2.842170943040401e-14,5.684341886080802e-14,True,True
463,f0463,5.859285502108464e-14,1.4210854715202004e-14,5.684341886080802e-14,True,True
464,f0464,6.204547701064548e-14,1.4210854715202004e-14,5.684341886080802e-14,True,True
465,f0465,8.038873388460929e-14,5.684341886080802e-14,5.684341886080802e-14,True,True
466,f0466,8.038873388460929e-14,4.0194366942304644e-14,5.684341886080802e-14,True,True
467,f0467,5.684341886080802e-14,0.0,5.684341886080802e-14,True,True
468,f0468,5.859285502108464e-14,0.0,5.684341886080802e-14,True,True
469,f0469,1.2710574864626038e-13,1.4210854715202004e-14,1.1368683772161603e-13,True,True
470,f0470,1.2710574864626038e-13,0.0,1.1368683772161603e-13,True,True
471,f0471,1.1368683772161603e-13,2.842170943040401e-14,1.1368683772161603e-13,True,True
472,f0472,1.1368683772161603e-13,0.0,1.1368683772161603e-13,True,True
473,f0473,1.2710574864626038e-13,5.684341886080802e-14,1.1368683772161603e-13,True,True
474,f0474,1.1457157353758233e-13,2.842170943040401e-14,1.1368683772161603e-13,True,True
475,f0475,5.684341886080802e-14,0.0,5.684341886080802e-14,True,True
476,f0476,5.684341886080802e-14,0.0,5.684341886080802e-14,True,True
477,f0477,5.859285502108464e-14,2.842170943040401e-14,5.684341886080802e-14,True,True
478,f0478,8.038873388460929e-14,8.038873388460929e-14,5.684341886080802e-14,True,True
479,f0479,8.038873388460929e-14,5.684341886080802e-14,5.684341886080802e-14,True,True
480,f0480,1.1368683772161603e-13,6.355287432313019e-14,1.1368683772161603e-13,True,True
481,f0481,1.6077746776921858e-13,6.355287432313019e-14,1.1368683772161603e-13,True,True
482,f0482,1.1368683772161603e-13,0.0,1.1368683772161603e-13,True,True
483,f0483,1.1368683772161603e-13,0.0,1.1368683772161603e-13,True,True
484,f0484,6.355287432313019e-14,0.0,5.684341886080802e-14,True,True
485,f0485,6.355287432313019e-14,2.842170943040401e-14,5.684341886080802e-14,True,True
486,f0486,1.1368683772161603e-13,5.684341886080802e-14,1.1368683772161603e-13,True,True
487,f0487,8.526512829121202e-14,0.0,8.526512829121202e-14,True,True
488,f0488,1.1368683772161603e-13,1.1368683772161603e-13,1.1368683772161603e-13,True,True
489,f0489,6.355287432313019e-14,0.0,5.684341886080802e-14,True,True
490,f0490,4.0194366942304644e-14,4.0194366942304644e-14,2.842170943040401e-14,True,True
491,f0491,6.355287432313019e-14,2.842170943040401e-14,5.684341886080802e-14,True,True
492,f0492,1.2710574864626038e-13,0.0,1.1368683772161603e-13,True,True
493,f0493,1.2710574864626038e-13,0.0,1.1368683772161603e-13,True,True
494,f0494,1.1368683772161603e-13,6.355287432313019e-14,1.1368683772161603e-13,True,True
495,f0495,6.355287432313019e-14,5.684341886080802e-14,5.684341886080802e-14,True,True
496,f0496,8.038873388460929e-14,8.038873388460929e-14,5.684341886080802e-14,True,True
497,f0497,1.1368683772161603e-13,5.684341886080802e-14,1.1368683772161603e-13,True,True
498,f0498,1.2710574864626038e-13,0.0,1.1368683772161603e-13,True,True
499,f0499,1.2710574864626038e-13,5.684341886080802e-14,1.1368683772161603e-13,True,True
500,f0500,8.038873388460929e-14,5.684341886080802e-14,5.684341886080802e-14,True,True
501,f0501,1.1368683772161603e-13,5.684341886080802e-14,1.1368683772161603e-13,True,True
502,f0502,1.2710574864626038e-13,0.0,1.1368683772161603e-13,True,True
503,f0503,1.1457157353758233e-13,1.1368683772161603e-13,1.1368683772161603e-13,True,True
504,f0504,5.859285502108464e-14,1.4210854715202004e-14,5.684341886080802e-14,True,True
505,f0505,1.1368683772161603e-13,0.0,1.1368683772161603e-13,True,True
506,f0506,1.1718571004216928e-13,0.0,1.1368683772161603e-13,True,True
507,f0507,1.1457157353758233e-13,0.0,1.1368683772161603e-13,True,True
508,f0508,1.1368683772161603e-13,8.038873388460929e-14,1.1368683772161603e-13,True,True
509,f0509,6.355287432313019e-14,0.0,5.684341886080802e-14,True,True
510,f0510,1.1718571004216928e-13,1.1368683772161603e-13,1.1368683772161603e-13,True,True
511,f0511,5.859285502108464e-14,4.796163466380676e-14,5.684341886080802e-14,True,True
512,f0512,6.355287432313019e-14,5.684341886080802e-14,5.684341886080802e-14,True,True
513,f0513,8.038873388460929e-14,5.684341886080802e-14,5.684341886080802e-14,True,True
514,f0514,1.1718571004216928e-13,0.0,1.1368683772161603e-13,True,True
515,f0515,1.1368683772161603e-13,8.038873388460929e-14,1.1368683772161603e-13,True,True
516,f0516,1.1718571004216928e-13,0.0,1.1368683772161603e-13,True,True
517,f0517,5.783398860650275e-14,0.0,5.684341886080802e-14,True,True
518,f0518,1.1368683772161603e-13,2.842170943040401e-14,1.1368683772161603e-13,True,True
519,f0519,5.684341886080802e-14,5.684341886080802e-14,5.684341886080802e-14,True,True
520,f0520,3.2155493553843715e-13,0.0,2.2737367544323206e-13,True,True
521,f0521,6.355287432313019e-14,5.684341886080802e-14,5.684341886080802e-14,True,True
522,f0522,8.038873388460929e-14,5.684341886080802e-14,5.684341886080802e-14,True,True
523,f0523,2.842170943040401e-14,0.0,2.842170943040401e-14,True,True
524,f0524,8.038873388460929e-14,1.4210854715202004e-14,5.684341886080802e-14,True,True
525,f0525,8.038873388460929e-14,0.0,5.684341886080802e-14,True,True
526,f0526,1.1368683772161603e-13,5.684341886080802e-14,1.1368683772161603e-13,True,True
527,f0527,5.684341886080802e-14,5.684341886080802e-14,5.684341886080802e-14,True,True
528,f0528,1.163751005191159e-13,3.019806626980426e-14,1.1368683772161603e-13,True,True
529,f0529,5.684341886080802e-14,2.842170943040401e-14,5.684341886080802e-14,True,True
530,f0530,6.204547701064548e-14,2.842170943040401e-14,5.684341886080802e-14,True,True
531,f0531,6.355287432313019e-14,0.0,5.684341886080802e-14,True,True
532,f0532,1.2710574864626038e-13,0.0,1.1368683772161603e-13,True,True
533,f0533,1.2710574864626038e-13,1.1368683772161603e-13,1.1368683772161603e-13,True,True
534,f0534,5.818755025955795e-14,5.684341886080802e-14,5.684341886080802e-14,True,True
535,f0535,1.2710574864626038e-13,0.0,1.1368683772161603e-13,True,True
536,f0536,1.1718571004216928e-13,6.355287432313019e-14,1.1368683772161603e-13,True,True
537,f0537,1.1368683772161603e-13,2.842170943040401e-14,1.1368683772161603e-13,True,True
538,f0538,5.684341886080802e-14,0.0,5.684341886080802e-14,True,True
539,f0539,4.0194366942304644e-14,0.0,2.842170943040401e-14,True,True
540,f0540,1.1368683772161603e-13,5.684341886080802e-14,1.1368683772161603e-13,True,True
541,f0541,1.2710574864626038e-13,2.842170943040401e-14,1.1368683772161603e-13,True,True
542,f0542,5.684341886080802e-14,0.0,5.684341886080802e-14,True,True
543,f0543,6.355287432313019e-14,0.0,5.684341886080802e-14,True,True
544,f0544,1.1368683772161603e-13,0.0,1.1368683772161603e-13,True,True
545,f0545,1.1718571004216928e-13,0.0,1.1368683772161603e-13,True,True
546,f0546,1.1368683772161603e-13,1.1368683772161603e-13,1.1368683772161603e-13,True,True
547,f0547,6.355287432313019e-14,0.0,5.684341886080802e-14,True,True
548,f0548,8.038873388460929e-14,5.684341886080802e-14,5.684341886080802e-14,True,True
549,f0549,1.1368683772161603e-13,5.684341886080802e-14,1.1368683772161603e-13,True,True
550,f0550,6.355287432313019e-14,2.842170943040401e-14,5.684341886080802e-14,True,True
551,f0551,6.355287432313019e-14,2.842170943040401e-14,5.684341886080802e-14,True,True
552,f0552,6.07087979554246e-14,5.684341886080802e-14,5.684341886080802e-14,True,True
553,f0553,6.355287432313019e-14,6.355287432313019e-14,5.684341886080802e-14,True,True
554,f0554,1.1368683772161603e-13,0.0,1.1368683772161603e-13,True,True
555,f0555,1.2710574864626038e-13,0.0,1.1368683772161603e-13,True,True
556,f0556,1.6077746776921858e-13,5.684341886080802e-14,1.1368683772161603e-13,True,True
557,f0557,1.1718571004216928e-13,1.1368683772161603e-13,1.1368683772161603e-13,True,True
558,f0558,6.01080938469374e-14,8.881784197001252e-15,5.684341886080802e-14,True,True
559,f0559,1.2710574864626038e-13,5.684341886080802e-14,1.1368683772161603e-13,True,True
560,f0560,5.684341886080802e-14,0.0,5.684341886080802e-14,True,True
561,f0561,5.684341886080802e-14,0.0,5.684341886080802e-14,True,True
562,f0562,1.2710574864626038e-13,5.684341886080802e-14,1.1368683772161603e-13,True,True
563,f0563,5.684341886080802e-14,0.0,5.684341886080802e-14,True,True
564,f0564,5.859285502108464e-14,5.859285502108464e-14,5.684341886080802e-14,True,True
565,f0565,6.521915363565902e-14,2.842170943040401e-14,5.684341886080802e-14,True,True
566,f0566,1.1368683772161603e-13,5.684341886080802e-14,1.1368683772161603e-13,True,True
567,f0567,5.684341886080802e-14,0.0,5.684341886080802e-14,True,True
568,f0568,6.355287432313019e-14,2.842170943040401e-14,5.684341886080802e-14,True,True
569,f0569,1.2710574864626038e-13,0.0,1.1368683772161603e-13,True,True
570,f0570,1.2710574864626038e-13,0.0,1.1368683772161603e-13,True,True
571,f0571,2.2737367544323206e-13,1.2710574864626038e-13,2.2737367544323206e-13,True,True
572,f0572,8.038873388460929e-14,6.355287432313019e-14,5.684341886080802e-14,True,True
573,f0573,8.038873388460929e-14,8.038873388460929e-14,5.684341886080802e-14,True,True
574,f0574,6.355287432313019e-14,2.842170943040401e-14,5.684341886080802e-14,True,True
575,f0575,6.355287432313019e-14,0.0,5.684341886080802e-14,True,True
576,f0576,1.1368683772161603e-13,5.684341886080802e-14,1.1368683772161603e-13,True,True
577,f0577,1.1368683772161603e-13,0.0,1.1368683772161603e-13,True,True
578,f0578,8.038873388460929e-14,8.038873388460929e-14,5.684341886080802e-14,True,True
579,f0579,6.355287432313019e-14,2.842170943040401e-14,5.684341886080802e-14,True,True
580,f0580,1.2710574864626038e-13,0.0,1.1368683772161603e-13,True,True
581,f0581,4.0194366942304644e-14,0.0,2.842170943040401e-14,True,True
582,f0582,5.709267256288867e-14,0.0,5.684341886080802e-14,True,True
583,f0583,3.552713678800501e-14,1.4210854715202004e-14,3.552713678800501e-14,True,True
584,f0584,5.859285502108464e-14,1.4210854715202004e-14,5.684341886080802e-14,True,True
585,f0585,8.038873388460929e-14,0.0,5.684341886080802e-14,True,True
586,f0586,1.6077746776921858e-13,1.1368683772161603e-13,1.1368683772161603e-13,True,True
587,f0587,1.2710574864626038e-13,1.1368683772161603e-13,1.1368683772161603e-13,True,True
588,f0588,5.859285502108464e-14,5.695433295429594e-14,5.684341886080802e-14,True,True
589,f0589,1.2710574864626038e-13,1.2710574864626038e-13,1.1368683772161603e-13,True,True
590,f0590,6.355287432313019e-14,5.684341886080802e-14,5.684341886080802e-14,True,True
591,f0591,3.1776437161565096e-14,1.4210854715202004e-14,2.842170943040401e-14,True,True
592,f0592,6.355287432313019e-14,0.0,5.684341886080802e-14,True,True
593,f0593,5.859285502108464e-14,5.684341886080802e-14,5.684341886080802e-14,True,True
594,f0594,4.0194366942304644e-14,4.0194366942304644e-14,2.842170943040401e-14,True,True
595,f0595,1.2710574864626038e-13,5.684341886080802e-14,1.1368683772161603e-13,True,True
596,f0596,1.1368683772161603e-13,5.684341886080802e-14,1.1368683772161603e-13,True,True
597,f0597,6.355287432313019e-14,6.355287432313019e-14,5.684341886080802e-14,True,True
598,f0598,3.1776437161565096e-14,2.842170943040401e-14,2.842170943040401e-14,True,True
599,f0599,1.1718571004216928e-13,2.842170943040401e-14,1.1368683772161603e-13,True,True
600,f0600,1.2710574864626038e-13,5.684341886080802e-14,1.1368683772161603e-13,True,True
601,f0601,1.1718571004216928e-13,2.842170943040401e-14,1.1368683772161603e-13,True,True
602,f0602,2.2737367544323206e-13,1.1368683772161603e-13,2.2737367544323206e-13,True,True
603,f0603,8.038873388460929e-14,2.842170943040401e-14,5.684341886080802e-14,True,True
604,f0604,2.842170943040401e-14,2.842170943040401e-14,2.842170943040401e-14,True,True
605,f0605,6.355287432313019e-14,2.842170943040401e-14,5.684341886080802e-14,True,True
606,f0606,1.1718571004216928e-13,5.684341886080802e-14,1.1368683772161603e-13,True,True
607,f0607,1.1368683772161603e-13,0.0,1.1368683772161603e-13,True,True
608,f0608,1.1718571004216928e-13,1.1368683772161603e-13,1.1368683772161603e-13,True,True
609,f0609,8.038873388460929e-14,5.684341886080802e-14,5.684341886080802e-14,True,True
610,f0610,2.2737367544323206e-13,0.0,2.2737367544323206e-13,True,True
611,f0611,1.2710574864626038e-13,5.684341886080802e-14,1.1368683772161603e-13,True,True
612,f0612,1.2710574864626038e-13,0.0,1.1368683772161603e-13,True,True
613,f0613,1.1368683772161603e-13,0.0,1.1368683772161603e-13,True,True
614,f0614,1.1718571004216928e-13,5.684341886080802e-14,1.1368683772161603e-13,True,True
615,f0615,1.1368683772161603e-13,1.1368683772161603e-13,5.684341886080802e-14,True,True
616,f0616,1.2710574864626038e-13,2.842170943040401e-14,1.1368683772161603e-13,True,True
617,f0617,6.355287432313019e-14,2.842170943040401e-14,5.684341886080802e-14,True,True
618,f0618,1.1457157353758233e-13,0.0,1.1368683772161603e-13,True,True
619,f0619,1.2710574864626038e-13,5.684341886080802e-14,1.1368683772161603e-13,True,True
620,f0620,6.07087979554246e-14,5.728578676879116e-14,5.684341886080802e-14,True,True
621,f0621,5.684341886080802e-14,5.684341886080802e-14,5.684341886080802e-14,True,True
622,f0622,1.1368683772161603e-13,0.0,1.1368683772161603e-13,True,True
623,f0623,5.684341886080802e-14,7.105427357601002e-15,5.684341886080802e-14,True,True
624,f0624,5.684341886080802e-14,0.0,5.684341886080802e-14,True,True
625,f0625,4.0194366942304644e-14,3.1776437161565096e-14,2.842170943040401e-14,True,True
626,f0626,8.038873388460929e-14,0.0,5.684341886080802e-14,True,True
627,f0627,1.1457157353758233e-13,5.859285502108464e-14,1.1368683772161603e-13,True,True
628,f0628,1.1368683772161603e-13,5.684341886080802e-14,1.1368683772161603e-13,True,True
629,f0629,6.355287432313019e-14,1.4210854715202004e-14,5.684341886080802e-14,True,True
630,f0630,2.842170943040401e-14,0.0,2.842170943040401e-14,True,True
631,f0631,5.684341886080802e-14,5.684341886080802e-14,5.684341886080802e-14,True,True
632,f0632,1.214175959108492e-13,5.684341886080802e-14,1.1368683772161603e-13,True,True
633,f0633,1.6077746776921858e-13,5.684341886080802e-14,1.1368683772161603e-13,True,True
634,f0634,6.355287432313019e-14,4.0194366942304644e-14,5.684341886080802e-14,True,True
635,f0635,6.355287432313019e-14,2.842170943040401e-14,5.684341886080802e-14,True,True
636,f0636,8.038873388460929e-14,8.038873388460929e-14,5.684341886080802e-14,True,True
637,f0637,8.038873388460929e-14,2.842170943040401e-14,5.684341886080802e-14,True,True
638,f0638,1.2710574864626038e-13,1.2710574864626038e-13,1.1368683772161603e-13,True,True
639,f0639,8.038873388460929e-14,8.038873388460929e-14,5.684341886080802e-14,True,True
640,f0640,6.355287432313019e-14,0.0,5.684341886080802e-14,True,True
641,f0641,1.2710574864626038e-13,0.0,1.1368683772161603e-13,True,True
642,f0642,6.355287432313019e-14,0.0,5.684341886080802e-14,True,True
643,f0643,6.521915363565902e-14,0.0,5.684341886080802e-14,True,True
644,f0644,1.1718571004216928e-13,2.842170943040401e-14,1.1368683772161603e-13,True,True
645,f0645,6.355287432313019e-14,0.0,5.684341886080802e-14,True,True
646,f0646,6.355287432313019e-14,2.842170943040401e-14,5.684341886080802e-14,True,True
647,f0647,2.842170943040401e-14,2.842170943040401e-14,1.4210854715202004e-14,True,True
648,f0648,1.2710574864626038e-13,5.684341886080802e-14,1.1368683772161603e-13,True,True
649,f0649,5.740271771535008e-14,5.740271771535008e-14,5.684341886080802e-14,True,True
650,f0650,1.139086659085919e-13,2.842170943040401e-14,1.1368683772161603e-13,True,True
651,f0651,8.038873388460929e-14,5.684341886080802e-14,5.684341886080802e-14,True,True
652,f0652,5.859285502108464e-14,5.684341886080802e-14,5.684341886080802e-14,True,True
653,f0653,6.355287432313019e-14,5.684341886080802e-14,5.684341886080802e-14,True,True
654,f0654,1.1368683772161603e-13,5.684341886080802e-14,1.1368683772161603e-13,True,True
655,f0655,1.1718571004216928e-13,0.0,1.1368683772161603e-13,True,True
656,f0656,6.355287432313019e-14,0.0,5.684341886080802e-14,True,True
657,f0657,7.105427357601002e-14,4.263256414560601e-14,5.684341886080802e-14,True,True
658,f0658,1.1368683772161603e-13,0.0,1.1368683772161603e-13,True,True
659,f0659,1.1718571004216928e-13,2.842170943040401e-14,1.1368683772161603e-13,True,True
660,f0660,1.1368683772161603e-13,0.0,1.1368683772161603e-13,True,True
661,f0661,8.038873388460929e-14,5.684341886080802e-14,5.684341886080802e-14,True,True
662,f0662,1.1718571004216928e-13,0.0,1.1368683772161603e-13,True,True
663,f0663,1.1368683772161603e-13,5.684341886080802e-14,1.1368683772161603e-13,True,True
664,f0664,8.038873388460929e-14,5.684341886080802e-14,5.684341886080802e-14,True,True
665,f0665,8.038873388460929e-14,2.842170943040401e-14,5.684341886080802e-14,True,True
666,f0666,5.684341886080802e-14,0.0,5.684341886080802e-14,True,True
667,f0667,5.684341886080802e-14,2.842170943040401e-14,5.684341886080802e-14,True,True
668,f0668,1.1368683772161603e-13,5.684341886080802e-14,1.1368683772161603e-13,True,True
669,f0669,9.308940349928564e-14,1.4210854715202004e-14,7.37188088351104e-14,True,True
670,f0670,1.1718571004216928e-13,2.842170943040401e-14,1.1368683772161603e-13,True,True
671,f0671,1.1368683772161603e-13,5.684341886080802e-14,1.1368683772161603e-13,True,True
672,f0672,1.1718571004216928e-13,5.684341886080802e-14,1.1368683772161603e-13,True,True
673,f0673,5.684341886080802e-14,5.684341886080802e-14,5.684341886080802e-14,True,True
674,f0674,1.2710574864626038e-13,5.684341886080802e-14,1.1368683772161603e-13,True,True
675,f0675,6.355287432313019e-14,0.0,5.684341886080802e-14,True,True
676,f0676,5.684341886080802e-14,5.684341886080802e-14,5.684341886080802e-14,True,True
677,f0677,1.1718571004216928e-13,0.0,1.1368683772161603e-13,True,True
678,f0678,4.865013002195067e-13,6.355287432313019e-14,4.831690603168681e-13,True,True
679,f0679,6.355287432313019e-14,0.0,5.684341886080802e-14,True,True
680,f0680,5.687116766346677e-14,1.4210854715202004e-14,5.684341886080802e-14,True,True
681,f0681,5.859285502108464e-14,5.859285502108464e-14,5.684341886080802e-14,True,True
682,f0682,1.2710574864626038e-13,5.684341886080802e-14,1.1368683772161603e-13,True,True
683,f0683,5.684341886080802e-14,0.0,5.684341886080802e-14,True,True
684,f0684,1.6077746776921858e-13,0.0,1.1368683772161603e-13,True,True
685,f0685,4.263256414560601e-14,0.0,4.263256414560601e-14,True,True
686,f0686,2.3437142008433856e-13,0.0,2.2737367544323206e-13,True,True
687,f0687,6.355287432313019e-14,0.0,5.684341886080802e-14,True,True
688,f0688,1.2710574864626038e-13,5.684341886080802e-14,1.1368683772161603e-13,True,True
689,f0689,5.684341886080802e-14,5.684341886080802e-14,2.842170943040401e-14,True,True
690,f0690,1.1718571004216928e-13,0.0,1.1368683772161603e-13,True,True
691,f0691,4.263256414560601e-14,4.1469467965984394e-14,4.263256414560601e-14,True,True
692,f0692,4.0194366942304644e-14,2.842170943040401e-14,2.842170943040401e-14,True,True
693,f0693,3.1776437161565096e-14,1.4210854715202004e-14,2.842170943040401e-14,True,True
694,f0694,1.1368683772161603e-13,8.038873388460929e-14,1.1368683772161603e-13,True,True
695,f0695,1.1368683772161603e-13,5.684341886080802e-14,1.1368683772161603e-13,True,True
696,f0696,7.105427357601002e-14,0.0,5.684341886080802e-14,True,True
697,f0697,5.684341886080802e-14,5.684341886080802e-14,5.684341886080802e-14,True,True
698,f0698,8.038873388460929e-14,5.684341886080802e-14,5.684341886080802e-14,True,True
699,f0699,1.1368683772161603e-13,8.038873388460929e-14,1.1368683772161603e-13,True,True
700,f0700,6.355287432313019e-14,6.355287432313019e-14,5.684341886080802e-14,True,True
701,f0701,1.1718571004216928e-13,0.0,1.1368683772161603e-13,True,True
702,f0702,1.2710574864626038e-13,0.0,1.1368683772161603e-13,True,True
703,f0703,6.355287432313019e-14,0.0,5.684341886080802e-14,True,True
704,f0704,5.728578676879116e-14,4.263256414560601e-14,5.684341886080802e-14,True,True
705,f0705,1.1480543543070017e-13,0.0,1.1368683772161603e-13,True,True
706,f0706,1.1368683772161603e-13,5.684341886080802e-14,1.1368683772161603e-13,True,True
707,f0707,1.1368683772161603e-13,1.1368683772161603e-13,1.1368683772161603e-13,True,True
708,f0708,1.1368683772161603e-13,0.0,1.1368683772161603e-13,True,True
709,f0709,6.355287432313019e-14,2.842170943040401e-14,5.684341886080802e-14,True,True
710,f0710,6.355287432313019e-14,0.0,5.684341886080802e-14,True,True
711,f0711,6.355287432313019e-14,0.0,5.684341886080802e-14,True,True
712,f0712,5.684341886080802e-14,5.684341886080802e-14,5.684341886080802e-14,True,True
713,f0713,1.1368683772161603e-13,5.684341886080802e-14,1.1368683772161603e-13,True,True
714,f0714,6.355287432313019e-14,0.0,5.684341886080802e-14,True,True
715,f0715,5.859285502108464e-14,5.859285502108464e-14,5.684341886080802e-14,True,True
716,f0716,5.684341886080802e-14,0.0,5.684341886080802e-14,True,True
717,f0717,8.038873388460929e-14,0.0,5.684341886080802e-14,True,True
718,f0718,5.684341886080802e-14,2.842170943040401e-14,5.684341886080802e-14,True,True
719,f0719,6.355287432313019e-14,2.842170943040401e-14,5.684341886080802e-14,True,True
720,f0720,1.2710574864626038e-13,1.2710574864626038e-13,1.1368683772161603e-13,True,True
721,f0721,1.6077746776921858e-13,0.0,1.1368683772161603e-13,True,True
722,f0722,6.355287432313019e-14,2.842170943040401e-14,5.684341886080802e-14,True,True
723,f0723,1.1368683772161603e-13,1.1368683772161603e-13,1.1368683772161603e-13,True,True
724,f0724,1.2710574864626038e-13,0.0,1.1368683772161603e-13,True,True
725,f0725,5.859285502108464e-14,2.842170943040401e-14,5.684341886080802e-14,True,True
726,f0726,6.355287432313019e-14,0.0,5.684341886080802e-14,True,True
727,f0727,1.1368683772161603e-13,1.1368683772161603e-13,1.1368683772161603e-13,True,True
728,f0728,4.0194366942304644e-14,4.0194366942304644e-14,2.842170943040401e-14,True,True
729,f0729,1.167675977565693e-13,6.07087979554246e-14,1.1368683772161603e-13,True,True
730,f0730,5.684341886080802e-14,4.0194366942304644e-14,5.684341886080802e-14,True,True
731,f0731,1.1457157353758233e-13,0.0,1.1368683772161603e-13,True,True
732,f0732,1.1368683772161603e-13,2.842170943040401e-14,1.1368683772161603e-13,True,True
733,f0733,8.038873388460929e-14,0.0,5.684341886080802e-14,True,True
734,f0734,8.038873388460929e-14,2.842170943040401e-14,5.684341886080802e-14,True,True
735,f0735,5.684341886080802e-14,2.842170943040401e-14,5.684341886080802e-14,True,True
736,f0736,6.355287432313019e-14,0.0,5.684341886080802e-14,True,True
737,f0737,1.1718571004216928e-13,8.038873388460929e-14,1.1368683772161603e-13,True,True
738,f0738,1.1718571004216928e-13,1.1718571004216928e-13,1.1368683772161603e-13,True,True
739,f0739,6.355287432313019e-14,2.842170943040401e-14,5.684341886080802e-14,True,True
740,f0740,1.1368683772161603e-13,6.355287432313019e-14,1.1368683772161603e-13,True,True
741,f0741,5.859285502108464e-14,2.1316282072803006e-14,5.684341886080802e-14,True,True
742,f0742,6.355287432313019e-14,7.105427357601002e-15,5.684341886080802e-14,True,True
743,f0743,4.0194366942304644e-14,2.842170943040401e-14,2.842170943040401e-14,True,True
744,f0744,1.1368683772161603e-13,0.0,1.1368683772161603e-13,True,True
745,f0745,1.1718571004216928e-13,1.1368683772161603e-13,1.1368683772161603e-13,True,True
746,f0746,5.684341886080802e-14,0.0,5.684341886080802e-14,True,True
747,f0747,1.2710574864626038e-13,5.684341886080802e-14,1.1368683772161603e-13,True,True
748,f0748,1.1368683772161603e-13,1.1368683772161603e-13,1.1368683772161603e-13,True,True
749,f0749,1.1718571004216928e-13,5.684341886080802e-14,1.1368683772161603e-13,True,True
750,f0750,1.2710574864626038e-13,0.0,1.1368683772161603e-13,True,True
751,f0751,6.355287432313019e-14,4.0194366942304644e-14,5.684341886080802e-14,True,True
752,f0752,5.818755025955795e-14,1.0658141036401503e-14,5.684341886080802e-14,True,True
753,f0753,1.1368683772161603e-13,5.684341886080802e-14,1.1368683772161603e-13,True,True
754,f0754,6.355287432313019e-14,0.0,5.684341886080802e-14,True,True
755,f0755,2.842170943040401e-14,0.0,2.842170943040401e-14,True,True
756,f0756,5.728578676879116e-14,0.0,5.684341886080802e-14,True,True
757,f0757,6.355287432313019e-14,4.0194366942304644e-14,5.684341886080802e-14,True,True
758,f0758,1.2710574864626038e-13,5.684341886080802e-14,1.1368683772161603e-13,True,True
759,f0759,1.6077746776921858e-13,0.0,1.1368683772161603e-13,True,True
760,f0760,6.355287432313019e-14,0.0,5.684341886080802e-14,True,True
761,f0761,6.355287432313019e-14,6.355287432313019e-14,5.684341886080802e-14,True,True
762,f0762,5.3290705182007514e-14,1.4210854715202004e-14,5.3290705182007514e-14,True,True
763,f0763,1.1368683772161603e-13,0.0,1.1368683772161603e-13,True,True
764,f0764,6.355287432313019e-14,0.0,5.684341886080802e-14,True,True
765,f0765,6.355287432313019e-14,5.684341886080802e-14,5.684341886080802e-14,True,True
766,f0766,1.1457157353758233e-13,6.355287432313019e-14,1.1368683772161603e-13,True,True
767,f0767,1.1718571004216928e-13,0.0,1.1368683772161603e-13,True,True
768,f0768,1.1368683772161603e-13,0.0,1.1368683772161603e-13,True,True
769,f0769,6.355287432313019e-14,2.842170943040401e-14,5.684341886080802e-14,True,True
770,f0770,6.355287432313019e-14,0.0,5.684341886080802e-14,True,True
771,f0771,5.684341886080802e-14,0.0,5.684341886080802e-14,True,True
772,f0772,5.684341886080802e-14,0.0,5.684341886080802e-14,True,True
773,f0773,1.2710574864626038e-13,5.684341886080802e-14,1.1368683772161603e-13,True,True
774,f0774,2.842170943040401e-14,0.0,2.842170943040401e-14,True,True
775,f0775,6.355287432313019e-14,5.684341886080802e-14,5.684341886080802e-14,True,True
776,f0776,5.684341886080802e-14,0.0,5.684341886080802e-14,True,True
777,f0777,5.684341886080802e-14,5.684341886080802e-14,5.684341886080802e-14,True,True
778,f0778,1.2710574864626038e-13,0.0,1.1368683772161603e-13,True,True
779,f0779,1.1718571004216928e-13,7.105427357601002e-15,1.1368683772161603e-13,True,True
780,f0780,2.842170943040401e-14,0.0,2.842170943040401e-14,True,True
781,f0781,5.684341886080802e-14,2.842170943040401e-14,5.684341886080802e-14,True,True
782,f0782,1.1368683772161603e-13,0.0,1.1368683772161603e-13,True,True
783,f0783,1.1368683772161603e-13,0.0,1.1368683772161603e-13,True,True
784,f0784,1.2710574864626038e-13,5.684341886080802e-14,1.1368683772161603e-13,True,True
785,f0785,1.1368683772161603e-13,0.0,1.1368683772161603e-13,True,True
786,f0786,5.684341886080802e-14,0.0,5.684341886080802e-14,True,True
787,f0787,1.2710574864626038e-13,5.684341886080802e-14,1.1368683772161603e-13,True,True
788,f0788,6.355287432313019e-14,2.842170943040401e-14,5.684341886080802e-14,True,True
789,f0789,1.139086659085919e-13,6.355287432313019e-14,1.1368683772161603e-13,True,True
790,f0790,4.0194366942304644e-14,2.842170943040401e-14,2.842170943040401e-14,True,True
791,f0791,1.1718571004216928e-13,0.0,1.1368683772161603e-13,True,True
792,f0792,1.2710574864626038e-13,6.355287432313019e-14,1.1368683772161603e-13,True,True
793,f0793,1.1368683772161603e-13,5.684341886080802e-14,1.1368683772161603e-13,True,True
794,f0794,6.355287432313019e-14,5.684341886080802e-14,5.684341886080802e-14,True,True
795,f0795,6.355287432313019e-14,2.842170943040401e-14,5.684341886080802e-14,True,True
796,f0796,1.1718571004216928e-13,6.355287432313019e-14,1.1368683772161603e-13,True,True
797,f0797,6.703246762680666e-14,2.842170943040401e-14,5.684341886080802e-14,True,True
798,f0798,5.123796534383003e-14,3.1776437161565096e-14,4.263256414560601e-14,True,True
799,f0799,1.1368683772161603e-13,0.0,1.1368683772161603e-13,True,True
800,f0800,1.2710574864626038e-13,1.1718571004216928e-13,1.1368683772161603e-13,True,True
801,f0801,1.1718571004216928e-13,1.1368683772161603e-13,1.1368683772161603e-13,True,True
802,f0802,6.355287432313019e-14,5.684341886080802e-14,5.684341886080802e-14,True,True
803,f0803,1.1457157353758233e-13,0.0,1.1368683772161603e-13,True,True
804,f0804,5.859285502108464e-14,7.105427357601002e-15,5.684341886080802e-14,True,True
805,f0805,8.038873388460929e-14,0.0,5.684341886080802e-14,True,True
806,f0806,1.2710574864626038e-13,0.0,1.1368683772161603e-13,True,True
807,f0807,1.1368683772161603e-13,0.0,1.1368683772161603e-13,True,True
808,f0808,3.1776437161565096e-14,0.0,2.842170943040401e-14,True,True
809,f0809,1.2710574864626038e-13,6.355287432313019e-14,1.1368683772161603e-13,True,True
810,f0810,2.2737367544323206e-13,8.038873388460929e-14,2.2737367544323206e-13,True,True
811,f0811,6.355287432313019e-14,4.0194366942304644e-14,5.684341886080802e-14,True,True
812,f0812,1.2710574864626038e-13,1.1368683772161603e-13,1.1368683772161603e-13,True,True
813,f0813,1.2710574864626038e-13,5.684341886080802e-14,1.1368683772161603e-13,True,True
814,f0814,6.355287432313019e-14,5.684341886080802e-14,5.684341886080802e-14,True,True
815,f0815,1.2710574864626038e-13,0.0,1.1368683772161603e-13,True,True
816,f0816,7.553172887309252e-14,1.4210854715202004e-14,5.684341886080802e-14,True,True
817,f0817,5.684341886080802e-14,0.0,5.684341886080802e-14,True,True
818,f0818,6.355287432313019e-14,1.4210854715202004e-14,5.684341886080802e-14,True,True
819,f0819,6.355287432313019e-14,4.0194366942304644e-14,5.684341886080802e-14,True,True
820,f0820,5.728578676879116e-14,5.3290705182007514e-14,5.684341886080802e-14,True,True
821,f0821,5.684341886080802e-14,2.842170943040401e-14,5.684341886080802e-14,True,True
822,f0822,5.684341886080802e-14,0.0,5.684341886080802e-14,True,True
823,f0823,6.355287432313019e-14,1.4210854715202004e-14,5.684341886080802e-14,True,True
824,f0824,6.355287432313019e-14,0.0,5.684341886080802e-14,True,True
825,f0825,8.038873388460929e-14,0.0,5.684341886080802e-14,True,True
826,f0826,1.1368683772161603e-13,8.038873388460929e-14,1.1368683772161603e-13,True,True
827,f0827,6.07087979554246e-14,0.0,5.684341886080802e-14,True,True
828,f0828,6.355287432313019e-14,5.684341886080802e-14,5.684341886080802e-14,True,True
829,f0829,1.2710574864626038e-13,8.038873388460929e-14,1.1368683772161603e-13,True,True
830,f0830,1.1368683772161603e-13,0.0,1.1368683772161603e-13,True,True
831,f0831,8.038873388460929e-14,2.842170943040401e-14,5.684341886080802e-14,True,True
832,f0832,1.1368683772161603e-13,0.0,1.1368683772161603e-13,True,True
833,f0833,1.1718571004216928e-13,2.842170943040401e-14,1.1368683772161603e-13,True,True
834,f0834,8.038873388460929e-14,0.0,5.684341886080802e-14,True,True
835,f0835,1.2710574864626038e-13,5.684341886080802e-14,1.1368683772161603e-13,True,True
836,f0836,8.038873388460929e-14,5.684341886080802e-14,5.684341886080802e-14,True,True
837,f0837,5.859285502108464e-14,1.4210854715202004e-14,5.684341886080802e-14,True,True
838,f0838,8.038873388460929e-14,0.0,5.684341886080802e-14,True,True
839,f0839,5.684341886080802e-14,2.842170943040401e-14,5.684341886080802e-14,True,True
840,f0840,8.038873388460929e-14,0.0,5.684341886080802e-14,True,True
841,f0841,1.1368683772161603e-13,5.684341886080802e-14,1.1368683772161603e-13,True,True
842,f0842,5.684341886080802e-14,5.684341886080802e-14,5.684341886080802e-14,True,True
843,f0843,5.859285502108464e-14,1.4210854715202004e-14,5.684341886080802e-14,True,True
844,f0844,1.6077746776921858e-13,5.684341886080802e-14,1.1368683772161603e-13,True,True
845,f0845,7.039374318753309e-14,6.355287432313019e-14,5.684341886080802e-14,True,True
846,f0846,1.1368683772161603e-13,5.684341886080802e-14,1.1368683772161603e-13,True,True
847,f0847,1.6077746776921858e-13,0.0,1.1368683772161603e-13,True,True
848,f0848,1.2710574864626038e-13,5.684341886080802e-14,1.1368683772161603e-13,True,True
849,f0849,4.5496934130773415e-14,3.1776437161565096e-14,4.263256414560601e-14,True,True
850,f0850,6.355287432313019e-14,0.0,5.684341886080802e-14,True,True
851,f0851,6.355287432313019e-14,0.0,5.684341886080802e-14,True,True
852,f0852,1.1368683772161603e-13,2.842170943040401e-14,1.1368683772161603e-13,True,True
853,f0853,5.684341886080802e-14,5.684341886080802e-14,5.684341886080802e-14,True,True
854,f0854,8.038873388460929e-14,0.0,5.684341886080802e-14,True,True
855,f0855,8.038873388460929e-14,2.842170943040401e-14,5.684341886080802e-14,True,True
856,f0856,1.2710574864626038e-13,0.0,1.1368683772161603e-13,True,True
857,f0857,8.038873388460929e-14,0.0,5.684341886080802e-14,True,True
858,f0858,1.1368683772161603e-13,8.038873388460929e-14,1.1368683772161603e-13,True,True
859,f0859,6.355287432313019e-14,5.684341886080802e-14,5.684341886080802e-14,True,True
860,f0860,1.2710574864626038e-13,0.0,1.1368683772161603e-13,True,True
861,f0861,1.1368683772161603e-13,2.842170943040401e-14,1.1368683772161603e-13,True,True
862,f0862,1.2710574864626038e-13,5.684341886080802e-14,1.1368683772161603e-13,True,True
863,f0863,5.684341886080802e-14,0.0,5.684341886080802e-14,True,True
864,f0864,8.038873388460929e-14,5.684341886080802e-14,5.684341886080802e-14,True,True
865,f0865,1.1718571004216928e-13,0.0,1.1368683772161603e-13,True,True
866,f0866,8.038873388460929e-14,8.038873388460929e-14,5.684341886080802e-14,True,True
867,f0867,2.2737367544323206e-13,4.0194366942304644e-14,2.2737367544323206e-13,True,True
868,f0868,6.277857184170547e-14,2.3869795029440866e-14,5.684341886080802e-14,True,True
869,f0869,1.1368683772161603e-13,5.684341886080802e-14,1.1368683772161603e-13,True,True
870,f0870,1.1718571004216928e-13,0.0,1.1368683772161603e-13,True,True
871,f0871,1.2710574864626038e-13,8.038873388460929e-14,1.1368683772161603e-13,True,True
872,f0872,1.1457157353758233e-13,0.0,1.1368683772161603e-13,True,True
873,f0873,2.842170943040401e-14,0.0,2.842170943040401e-14,True,True
874,f0874,6.355287432313019e-14,2.842170943040401e-14,5.684341886080802e-14,True,True
875,f0875,1.2710574864626038e-13,1.2710574864626038e-13,1.1368683772161603e-13,True,True
876,f0876,5.684341886080802e-14,0.0,5.684341886080802e-14,True,True
877,f0877,5.684341886080802e-14,0.0,5.684341886080802e-14,True,True
878,f0878,1.2710574864626038e-13,0.0,1.1368683772161603e-13,True,True
879,f0879,8.038873388460929e-14,5.684341886080802e-14,5.684341886080802e-14,True,True
880,f0880,1.2710574864626038e-13,5.684341886080802e-14,1.1368683772161603e-13,True,True
881,f0881,1.1718571004216928e-13,0.0,1.1368683772161603e-13,True,True
882,f0882,8.038873388460929e-14,0.0,5.684341886080802e-14,True,True
883,f0883,8.038873388460929e-14,5.684341886080802e-14,5.684341886080802e-14,True,True
884,f0884,5.684341886080802e-14,0.0,5.684341886080802e-14,True,True
885,f0885,1.1368683772161603e-13,0.0,1.1368683772161603e-13,True,True
886,f0886,1.1368683772161603e-13,0.0,1.1368683772161603e-13,True,True
887,f0887,6.355287432313019e-14,0.0,5.684341886080802e-14,True,True
888,f0888,7.105427357601002e-14,7.105427357601002e-14,5.684341886080802e-14,True,True
889,f0889,1.1457157353758233e-13,0.0,1.1368683772161603e-13,True,True
890,f0890,5.684341886080802e-14,0.0,5.684341886080802e-14,True,True
891,f0891,8.038873388460929e-14,0.0,5.684341886080802e-14,True,True
892,f0892,6.355287432313019e-14,5.684341886080802e-14,5.684341886080802e-14,True,True
893,f0893,5.684341886080802e-14,0.0,5.684341886080802e-14,True,True
894,f0894,6.355287432313019e-14,5.684341886080802e-14,5.684341886080802e-14,True,True
895,f0895,6.07087979554246e-14,0.0,5.684341886080802e-14,True,True
896,f0896,2.3437142008433856e-13,1.1368683772161603e-13,2.2737367544323206e-13,True,True
897,f0897,2.2737367544323206e-13,0.0,2.2737367544323206e-13,True,True
898,f0898,1.1718571004216928e-13,0.0,1.1368683772161603e-13,True,True
899,f0899,6.395501382668091e-14,8.881784197001252e-15,5.684341886080802e-14,True,True
900,f0900,1.1368683772161603e-13,5.684341886080802e-14,1.1368683772161603e-13,True,True
901,f0901,5.684341886080802e-14,1.4210854715202004e-14,5.684341886080802e-14,True,True
902,f0902,6.355287432313019e-14,0.0,5.684341886080802e-14,True,True
903,f0903,5.684341886080802e-14,7.105427357601002e-15,5.684341886080802e-14,True,True
904,f0904,6.355287432313019e-14,0.0,5.684341886080802e-14,True,True
905,f0905,5.684341886080802e-14,0.0,5.684341886080802e-14,True,True
906,f0906,1.1368683772161603e-13,5.684341886080802e-14,1.1368683772161603e-13,True,True
907,f0907,6.355287432313019e-14,2.842170943040401e-14,5.684341886080802e-14,True,True
908,f0908,1.1368683772161603e-13,0.0,1.1368683772161603e-13,True,True
909,f0909,6.355287432313019e-14,6.355287432313019e-14,5.684341886080802e-14,True,True
910,f0910,1.2710574864626038e-13,2.842170943040401e-14,1.1368683772161603e-13,True,True
911,f0911,8.038873388460929e-14,0.0,5.684341886080802e-14,True,True
912,f0912,6.204547701064548e-14,1.4210854715202004e-14,5.684341886080802e-14,True,True
913,f0913,1.1457157353758233e-13,5.684341886080802e-14,1.1368683772161603e-13,True,True
914,f0914,1.2710574864626038e-13,5.684341886080802e-14,1.1368683772161603e-13,True,True
915,f0915,1.1368683772161603e-13,0.0,1.1368683772161603e-13,True,True
916,f0916,5.684341886080802e-14,2.842170943040401e-14,5.684341886080802e-14,True,True
917,f0917,6.355287432313019e-14,2.842170943040401e-14,5.684341886080802e-14,True,True
918,f0918,1.2710574864626038e-13,0.0,1.1368683772161603e-13,True,True
919,f0919,5.684341886080802e-14,2.842170943040401e-14,5.684341886080802e-14,True,True
920,f0920,1.2710574864626038e-13,1.2710574864626038e-13,1.1368683772161603e-13,True,True
921,f0921,2.842170943040401e-14,0.0,2.842170943040401e-14,True,True
922,f0922,5.684341886080802e-14,0.0,5.684341886080802e-14,True,True
923,f0923,1.1368683772161603e-13,0.0,1.1368683772161603e-13,True,True
924,f0924,6.102632492251517e-14,1.4210854715202004e-14,5.684341886080802e-14,True,True
925,f0925,8.038873388460929e-14,0.0,5.684341886080802e-14,True,True
926,f0926,1.1457157353758233e-13,0.0,1.1368683772161603e-13,True,True
927,f0927,1.2710574864626038e-13,5.684341886080802e-14,1.1368683772161603e-13,True,True
928,f0928,8.038873388460929e-14,5.684341886080802e-14,5.684341886080802e-14,True,True
929,f0929,1.1418534512577734e-13,1.7763568394002505e-14,1.1368683772161603e-13,True,True
930,f0930,6.355287432313019e-14,0.0,5.684341886080802e-14,True,True
931,f0931,1.2710574864626038e-13,1.2710574864626038e-13,1.1368683772161603e-13,True,True
932,f0932,6.355287432313019e-14,0.0,5.684341886080802e-14,True,True
933,f0933,1.1718571004216928e-13,1.1368683772161603e-13,1.1368683772161603e-13,True,True
934,f0934,5.818755025955795e-14,5.684341886080802e-14,5.684341886080802e-14,True,True
935,f0935,5.684341886080802e-14,0.0,5.684341886080802e-14,True,True
936,f0936,1.1368683772161603e-13,0.0,1.1368683772161603e-13,True,True
937,f0937,6.355287432313019e-14,1.4210854715202004e-14,5.684341886080802e-14,True,True
938,f0938,6.355287432313019e-14,2.842170943040401e-14,5.684341886080802e-14,True,True
939,f0939,8.038873388460929e-14,0.0,5.684341886080802e-14,True,True
940,f0940,2.2737367544323206e-13,0.0,2.2737367544323206e-13,True,True
941,f0941,1.2710574864626038e-13,5.684341886080802e-14,1.1368683772161603e-13,True,True
942,f0942,1.1718571004216928e-13,0.0,1.1368683772161603e-13,True,True
943,f0943,6.355287432313019e-14,6.355287432313019e-14,5.684341886080802e-14,True,True
944,f0944,1.1368683772161603e-13,0.0,1.1368683772161603e-13,True,True
945,f0945,1.1368683772161603e-13,1.1368683772161603e-13,1.1368683772161603e-13,True,True
946,f0946,5.859285502108464e-14,0.0,5.684341886080802e-14,True,True
947,f0947,1.1457157353758233e-13,0.0,1.1368683772161603e-13,True,True
948,f0948,6.355287432313019e-14,0.0,5.684341886080802e-14,True,True
949,f0949,5.684341886080802e-14,5.684341886080802e-14,5.684341886080802e-14,True,True
950,f0950,5.684341886080802e-14,5.684341886080802e-14,5.684341886080802e-14,True,True
951,f0951,5.684341886080802e-14,1.4210854715202004e-14,5.684341886080802e-14,True,True
952,f0952,1.1368683772161603e-13,0.0,1.1368683772161603e-13,True,True
953,f0953,1.2710574864626038e-13,1.2710574864626038e-13,1.1368683772161603e-13,True,True
954,f0954,5.684341886080802e-14,5.684341886080802e-14,5.684341886080802e-14,True,True
955,f0955,6.355287432313019e-14,2.842170943040401e-14,5.684341886080802e-14,True,True
956,f0956,8.038873388460929e-14,0.0,5.684341886080802e-14,True,True
957,f0957,1.1718571004216928e-13,0.0,1.1368683772161603e-13,True,True
958,f0958,6.355287432313019e-14,6.355287432313019e-14,5.684341886080802e-14,True,True
959,f0959,6.355287432313019e-14,0.0,5.684341886080802e-14,True,True
960,f0960,1.1718571004216928e-13,0.0,1.1368683772161603e-13,True,True
961,f0961,1.2710574864626038e-13,5.684341886080802e-14,1.1368683772161603e-13,True,True
962,f0962,5.684341886080802e-14,0.0,5.684341886080802e-14,True,True
963,f0963,7.105427357601002e-14,0.0,5.684341886080802e-14,True,True
964,f0964,8.038873388460929e-14,0.0,5.684341886080802e-14,True,True
965,f0965,8.038873388460929e-14,2.842170943040401e-14,5.684341886080802e-14,True,True
966,f0966,1.1368683772161603e-13,2.842170943040401e-14,1.1368683772161603e-13,True,True
967,f0967,6.355287432313019e-14,3.1776437161565096e-14,5.684341886080802e-14,True,True
968,f0968,4.263256414560601e-14,2.842170943040401e-14,4.263256414560601e-14,True,True
969,f0969,5.684341886080802e-14,5.684341886080802e-14,2.842170943040401e-14,True,True
970,f0970,1.2710574864626038e-13,0.0,1.1368683772161603e-13,True,True
971,f0971,8.038873388460929e-14,5.684341886080802e-14,5.684341886080802e-14,True,True
972,f0972,1.1368683772161603e-13,0.0,1.1368683772161603e-13,True,True
973,f0973,6.355287432313019e-14,0.0,5.684341886080802e-14,True,True
974,f0974,5.684341886080802e-14,5.684341886080802e-14,5.684341886080802e-14,True,True
975,f0975,8.038873388460929e-14,8.038873388460929e-14,5.684341886080802e-14,True,True
976,f0976,1.1718571004216928e-13,5.684341886080802e-14,1.1368683772161603e-13,True,True
977,f0977,6.355287432313019e-14,0.0,5.684341886080802e-14,True,True
978,f0978,1.1368683772161603e-13,1.1368683772161603e-13,1.1368683772161603e-13,True,True
979,f0979,5.684341886080802e-14,5.684341886080802e-14,5.684341886080802e-14,True,True
980,f0980,1.1368683772161603e-13,0.0,1.1368683772161603e-13,True,True
981,f0981,1.1718571004216928e-13,1.1718571004216928e-13,1.1368683772161603e-13,True,True
982,f0982,8.038873388460929e-14,5.684341886080802e-14,5.684341886080802e-14,True,True
983,f0983,1.2710574864626038e-13,1.1368683772161603e-13,1.1368683772161603e-13,True,True
984,f0984,6.355287432313019e-14,2.842170943040401e-14,5.684341886080802e-14,True,True
985,f0985,5.684341886080802e-14,5.684341886080802e-14,5.684341886080802e-14,True,True
986,f0986,6.355287432313019e-14,2.842170943040401e-14,5.684341886080802e-14,True,True
987,f0987,6.355287432313019e-14,5.684341886080802e-14,5.684341886080802e-14,True,True
988,f0988,6.355287432313019e-14,1.4210854715202004e-14,5.684341886080802e-14,True,True
989,f0989,5.684341886080802e-14,0.0,5.684341886080802e-14,True,True
990,f0990,1.1718571004216928e-13,0.0,1.1368683772161603e-13,True,True
991,f0991,5.684341886080802e-14,1.4210854715202004e-14,5.684341886080802e-14,True,True
992,f0992,8.038873388460929e-14,8.038873388460929e-14,5.684341886080802e-14,True,True
993,f0993,5.859285502108464e-14,5.859285502108464e-14,5.684341886080802e-14,True,True
994,f0994,5.859285502108464e-14,2.842170943040401e-14,5.684341886080802e-14,True,True
995,f0995,6.355287432313019e-14,1.0658141036401503e-14,5.684341886080802e-14,True,True
996,f0996,1.1368683772161603e-13,5.684341886080802e-14,1.1368683772161603e-13,True,True
997,f0997,8.038873388460929e-14,5.684341886080802e-14,5.684341886080802e-14,True,True
998,f0998,8.038873388460929e-14,5.684341886080802e-14,5.684341886080802e-14,True,True
999,f0999,5.684341886080802e-14,5.684341886080802e-14,5.684341886080802e-14,True,True
1000,f1000,5.859285502108464e-14,0.0,5.684341886080802e-14,True,True
1001,f1001,6.355287432313019e-14,0.0,5.684341886080802e-14,True,True
1002,f1002,1.2710574864626038e-13,0.0,1.1368683772161603e-13,True,True
1003,f1003,1.1368683772161603e-13,5.684341886080802e-14,1.1368683772161603e-13,True,True
1004,f1004,5.695433295429594e-14,3.552713678800501e-15,5.684341886080802e-14,True,True
1005,f1005,6.355287432313019e-14,2.842170943040401e-14,5.684341886080802e-14,True,True
1006,f1006,1.1368683772161603e-13,2.842170943040401e-14,1.1368683772161603e-13,True,True
1007,f1007,1.1368683772161603e-13,2.842170943040401e-14,1.1368683772161603e-13,True,True
1008,f1008,5.695433295429594e-14,0.0,5.684341886080802e-14,True,True
1009,f1009,6.025392187279929e-14,1.4210854715202004e-14,5.684341886080802e-14,True,True
1010,f1010,2.5421149729252077e-13,0.0,2.2737367544323206e-13,True,True
1011,f1011,2.2737367544323206e-13,5.684341886080802e-14,2.2737367544323206e-13,True,True
1012,f1012,6.07087979554246e-14,1.4210854715202004e-14,5.684341886080802e-14,True,True
1013,f1013,1.1368683772161603e-13,5.684341886080802e-14,1.1368683772161603e-13,True,True
1014,f1014,2.3437142008433856e-13,0.0,2.2737367544323206e-13,True,True
1015,f1015,5.684341886080802e-14,5.684341886080802e-14,5.684341886080802e-14,True,True
1016,f1016,1.1368683772161603e-13,5.684341886080802e-14,1.1368683772161603e-13,True,True
1017,f1017,1.2710574864626038e-13,0.0,1.1368683772161603e-13,True,True
1018,f1018,6.355287432313019e-14,0.0,5.684341886080802e-14,True,True
1019,f1019,5.955433342649105e-14,1.4210854715202004e-14,5.684341886080802e-14,True,True
1020,f1020,1.1368683772161603e-13,0.0,1.1368683772161603e-13,True,True
1021,f1021,1.1718571004216928e-13,2.842170943040401e-14,1.1368683772161603e-13,True,True
1022,f1022,8.038873388460929e-14,5.684341886080802e-14,5.684341886080802e-14,True,True
1023,f1023,6.355287432313019e-14,6.355287432313019e-14,5.684341886080802e-14,True,True
1024,f1024,1.2710574864626038e-13,0.0,1.1368683772161603e-13,True,True
1025,f1025,1.1457157353758233e-13,1.4210854715202004e-14,1.1368683772161603e-13,True,True
1026,f1026,1.1368683772161603e-13,0.0,1.1368683772161603e-13,True,True
1027,f1027,8.038873388460929e-14,2.842170943040401e-14,5.684341886080802e-14,True,True
1028,f1028,1.2710574864626038e-13,1.1368683772161603e-13,1.1368683772161603e-13,True,True
1029,f1029,2.842170943040401e-14,1.0658141036401503e-14,2.842170943040401e-14,True,True
1030,f1030,8.526512829121202e-14,0.0,8.526512829121202e-14,True,True
1031,f1031,7.105427357601002e-14,5.859285502108464e-14,7.105427357601002e-14,True,True
1032,f1032,8.038873388460929e-14,8.038873388460929e-14,5.684341886080802e-14,True,True
1033,f1033,8.038873388460929e-14,0.0,5.684341886080802e-14,True,True
1034,f1034,1.1718571004216928e-13,2.842170943040401e-14,1.1368683772161603e-13,True,True
1035,f1035,1.1368683772161603e-13,0.0,1.1368683772161603e-13,True,True
1036,f1036,1.6077746776921858e-13,0.0,1.1368683772161603e-13,True,True
1037,f1037,1.2710574864626038e-13,5.684341886080802e-14,1.1368683772161603e-13,True,True
1038,f1038,1.2710574864626038e-13,0.0,1.1368683772161603e-13,True,True
1039,f1039,8.038873388460929e-14,8.038873388460929e-14,5.684341886080802e-14,True,True
1040,f1040,1.1718571004216928e-13,2.842170943040401e-14,1.1368683772161603e-13,True,True
1041,f1041,1.2710574864626038e-13,0.0,1.1368683772161603e-13,True,True
1042,f1042,1.2710574864626038e-13,5.684341886080802e-14,1.1368683772161603e-13,True,True
1043,f1043,6.355287432313019e-14,2.842170943040401e-14,5.684341886080802e-14,True,True
1044,f1044,1.2710574864626038e-13,1.1368683772161603e-13,1.1368683772161603e-13,True,True
1045,f1045,4.973799150320701e-14,3.1776437161565096e-14,4.973799150320701e-14,True,True
1046,f1046,6.355287432313019e-14,2.842170943040401e-14,5.684341886080802e-14,True,True
1047,f1047,1.1368683772161603e-13,0.0,1.1368683772161603e-13,True,True
1048,f1048,6.355287432313019e-14,5.329070518200751e-15,5.684341886080802e-14,True,True
1049,f1049,6.355287432313019e-14,2.842170943040401e-14,5.684341886080802e-14,True,True
1050,f1050,1.1718571004216928e-13,5.684341886080802e-14,1.1368683772161603e-13,True,True
1051,f1051,1.139086659085919e-13,2.842170943040401e-14,1.1368683772161603e-13,True,True
1052,f1052,5.859285502108464e-14,5.684341886080802e-14,5.684341886080802e-14,True,True
1053,f1053,8.038873388460929e-14,5.684341886080802e-14,5.684341886080802e-14,True,True
1054,f1054,1.1368683772161603e-13,1.1368683772161603e-13,1.1368683772161603e-13,True,True
1055,f1055,6.355287432313019e-14,6.355287432313019e-14,5.684341886080802e-14,True,True
1056,f1056,1.1718571004216928e-13,0.0,1.1368683772161603e-13,True,True
1057,f1057,5.684341886080802e-14,0.0,5.684341886080802e-14,True,True
1058,f1058,1.1368683772161603e-13,0.0,1.1368683772161603e-13,True,True
1059,f1059,8.038873388460929e-14,5.684341886080802e-14,5.684341886080802e-14,True,True
1060,f1060,6.355287432313019e-14,4.0194366942304644e-14,5.684341886080802e-14,True,True
1061,f1061,2.3437142008433856e-13,1.1368683772161603e-13,2.2737367544323206e-13,True,True
1062,f1062,1.1368683772161603e-13,0.0,1.1368683772161603e-13,True,True
1063,f1063,1.1718571004216928e-13,2.842170943040401e-14,1.1368683772161603e-13,True,True
1064,f1064,1.1368683772161603e-13,5.684341886080802e-14,1.1368683772161603e-13,True,True
1065,f1065,6.355287432313019e-14,6.07087979554246e-14,5.684341886080802e-14,True,True
1066,f1066,5.684341886080802e-14,0.0,5.684341886080802e-14,True,True
1067,f1067,1.1368683772161603e-13,5.684341886080802e-14,1.1368683772161603e-13,True,True
1068,f1068,8.038873388460929e-14,0.0,5.684341886080802e-14,True,True
1069,f1069,8.038873388460929e-14,0.0,5.684341886080802e-14,True,True
1070,f1070,1.2710574864626038e-13,5.684341886080802e-14,1.1368683772161603e-13,True,True
1071,f1071,6.355287432313019e-14,0.0,5.684341886080802e-14,True,True
1072,f1072,1.1457157353758233e-13,1.1457157353758233e-13,1.1368683772161603e-13,True,True
1073,f1073,8.038873388460929e-14,0.0,5.684341886080802e-14,True,True
1074,f1074,5.783398860650275e-14,0.0,5.684341886080802e-14,True,True
1075,f1075,4.0194366942304644e-14,2.842170943040401e-14,2.842170943040401e-14,True,True
1076,f1076,1.1718571004216928e-13,2.842170943040401e-14,1.1368683772161603e-13,True,True
1077,f1077,6.07087979554246e-14,6.07087979554246e-14,5.684341886080802e-14,True,True
1078,f1078,1.1368683772161603e-13,1.1368683772161603e-13,5.684341886080802e-14,True,True
1079,f1079,6.355287432313019e-14,5.684341886080802e-14,5.684341886080802e-14,True,True
1080,f1080,6.355287432313019e-14,6.355287432313019e-14,5.684341886080802e-14,True,True
1081,f1081,5.728578676879116e-14,1.4210854715202004e-14,5.684341886080802e-14,True,True
1082,f1082,6.355287432313019e-14,6.355287432313019e-14,5.684341886080802e-14,True,True
1083,f1083,5.859285502108464e-14,0.0,5.684341886080802e-14,True,True
1084,f1084,1.1457157353758233e-13,5.783398860650275e-14,1.1368683772161603e-13,True,True
1085,f1085,1.1718571004216928e-13,5.684341886080802e-14,1.1368683772161603e-13,True,True
1086,f1086,2.5421149729252077e-13,5.684341886080802e-14,2.2737367544323206e-13,True,True
1087,f1087,6.355287432313019e-14,0.0,5.684341886080802e-14,True,True
1088,f1088,5.859285502108464e-14,5.684341886080802e-14,5.684341886080802e-14,True,True
1089,f1089,1.2710574864626038e-13,0.0,1.1368683772161603e-13,True,True
1090,f1090,5.859285502108464e-14,5.859285502108464e-14,5.684341886080802e-14,True,True
1091,f1091,1.1718571004216928e-13,0.0,1.1368683772161603e-13,True,True
1092,f1092,2.9777166713245526e-14,2.842170943040401e-14,2.842170943040401e-14,True,True
1093,f1093,5.684341886080802e-14,5.684341886080802e-14,5.684341886080802e-14,True,True
1094,f1094,1.1368683772161603e-13,0.0,1.1368683772161603e-13,True,True
1095,f1095,1.1368683772161603e-13,0.0,1.1368683772161603e-13,True,True
1096,f1096,6.355287432313019e-14,0.0,5.684341886080802e-14,True,True
1097,f1097,1.1368683772161603e-13,0.0,1.1368683772161603e-13,True,True
1098,f1098,1.1368683772161603e-13,5.684341886080802e-14,1.1368683772161603e-13,True,True
1099,f1099,6.355287432313019e-14,1.4210854715202004e-14,5.684341886080802e-14,True,True
1100,f1100,5.684341886080802e-14,0.0,5.684341886080802e-14,True,True
1101,f1101,1.7288250917028504e-13,0.0,1.7053025658242404e-13,True,True
1102,f1102,6.355287432313019e-14,2.842170943040401e-14,5.684341886080802e-14,True,True
1103,f1103,8.038873388460929e-14,0.0,5.684341886080802e-14,True,True
1104,f1104,6.355287432313019e-14,6.355287432313019e-14,5.684341886080802e-14,True,True
1105,f1105,8.038873388460929e-14,5.684341886080802e-14,5.684341886080802e-14,True,True
1106,f1106,1.2710574864626038e-13,1.2710574864626038e-13,1.1368683772161603e-13,True,True
1107,f1107,1.2710574864626038e-13,5.684341886080802e-14,1.1368683772161603e-13,True,True
1108,f1108,8.038873388460929e-14,2.842170943040401e-14,5.684341886080802e-14,True,True
1109,f1109,8.038873388460929e-14,5.684341886080802e-14,5.684341886080802e-14,True,True
1110,f1110,1.4210854715202004e-14,0.0,1.4210854715202004e-14,True,True
1111,f1111,1.2710574864626038e-13,0.0,1.1368683772161603e-13,True,True
1112,f1112,1.2710574864626038e-13,0.0,1.1368683772161603e-13,True,True
1113,f1113,1.2710574864626038e-13,1.2710574864626038e-13,1.1368683772161603e-13,True,True
1114,f1114,1.1718571004216928e-13,6.355287432313019e-14,1.1368683772161603e-13,True,True
1115,f1115,3.552713678800501e-14,1.4210854715202004e-14,2.842170943040401e-14,True,True
1116,f1116,5.684341886080802e-14,5.684341886080802e-14,5.684341886080802e-14,True,True
1117,f1117,4.0194366942304644e-14,0.0,2.842170943040401e-14,True,True
1118,f1118,8.038873388460929e-14,5.684341886080802e-14,5.684341886080802e-14,True,True
1119,f1119,6.355287432313019e-14,0.0,5.684341886080802e-14,True,True
1120,f1120,2.847716647714797e-14,0.0,2.842170943040401e-14,True,True
1121,f1121,1.6077746776921858e-13,0.0,1.1368683772161603e-13,True,True
1122,f1122,1.2710574864626038e-13,1.1368683772161603e-13,1.1368683772161603e-13,True,True
1123,f1123,1.1368683772161603e-13,5.684341886080802e-14,1.1368683772161603e-13,True,True
1124,f1124,6.355287432313019e-14,0.0,5.684341886080802e-14,True,True
1125,f1125,5.684341886080802e-14,5.684341886080802e-14,5.684341886080802e-14,True,True
1126,f1126,1.1368683772161603e-13,0.0,1.1368683772161603e-13,True,True
1127,f1127,1.0247593068766006e-13,5.684341886080802e-14,8.526512829121202e-14,True,True
1128,f1128,1.1718571004216928e-13,2.842170943040401e-14,1.1368683772161603e-13,True,True
1129,f1129,5.684341886080802e-14,5.684341886080802e-14,5.684341886080802e-14,True,True
1130,f1130,6.355287432313019e-14,0.0,5.684341886080802e-14,True,True
1131,f1131,5.684341886080802e-14,5.684341886080802e-14,5.684341886080802e-14,True,True
1132,f1132,5.684341886080802e-14,5.684341886080802e-14,5.684341886080802e-14,True,True
1133,f1133,8.038873388460929e-14,0.0,5.684341886080802e-14,True,True
1134,f1134,5.859285502108464e-14,0.0,5.684341886080802e-14,True,True
1135,f1135,6.355287432313019e-14,6.355287432313019e-14,5.684341886080802e-14,True,True
1136,f1136,6.07087979554246e-14,5.684341886080802e-14,5.684341886080802e-14,True,True
1137,f1137,2.2737367544323206e-13,0.0,2.2737367544323206e-13,True,True
1138,f1138,1.1368683772161603e-13,2.842170943040401e-14,1.1368683772161603e-13,True,True
1139,f1139,5.684341886080802e-14,5.684341886080802e-14,5.684341886080802e-14,True,True
1140,f1140,5.684341886080802e-14,0.0,5.684341886080802e-14,True,True
1141,f1141,8.038873388460929e-14,5.684341886080802e-14,5.684341886080802e-14,True,True
1142,f1142,1.1368683772161603e-13,1.1368683772161603e-13,1.1368683772161603e-13,True,True
1143,f1143,6.355287432313019e-14,0.0,5.684341886080802e-14,True,True
1144,f1144,1.1368683772161603e-13,0.0,1.1368683772161603e-13,True,True
1145,f1145,6.355287432313019e-14,1.4210854715202004e-14,5.684341886080802e-14,True,True
1146,f1146,8.038873388460929e-14,5.684341886080802e-14,5.684341886080802e-14,True,True
1147,f1147,6.355287432313019e-14,0.0,5.684341886080802e-14,True,True
1148,f1148,1.1368683772161603e-13,1.1368683772161603e-13,1.1368683772161603e-13,True,True
1149,f1149,5.684341886080802e-14,5.684341886080802e-14,2.842170943040401e-14,True,True
1150,f1150,8.038873388460929e-14,5.684341886080802e-14,5.684341886080802e-14,True,True
1151,f1151,8.038873388460929e-14,0.0,5.684341886080802e-14,True,True
1152,f1152,6.355287432313019e-14,6.355287432313019e-14,5.684341886080802e-14,True,True
1153,f1153,6.355287432313019e-14,0.0,5.684341886080802e-14,True,True
1154,f1154,1.1368683772161603e-13,0.0,1.1368683772161603e-13,True,True
1155,f1155,4.973799150320701e-14,4.263256414560601e-14,4.973799150320701e-14,True,True
1156,f1156,2.2737367544323206e-13,5.684341886080802e-14,2.2737367544323206e-13,True,True
1157,f1157,5.684341886080802e-14,0.0,5.684341886080802e-14,True,True
1158,f1158,8.038873388460929e-14,0.0,5.684341886080802e-14,True,True
1159,f1159,1.2710574864626038e-13,1.1368683772161603e-13,1.1368683772161603e-13,True,True
1160,f1160,6.355287432313019e-14,6.355287432313019e-14,5.684341886080802e-14,True,True
1161,f1161,5.767691424926447e-14,1.7763568394002505e-15,5.684341886080802e-14,True,True
1162,f1162,1.1457157353758233e-13,0.0,1.1368683772161603e-13,True,True
1163,f1163,6.355287432313019e-14,1.7763568394002505e-14,5.684341886080802e-14,True,True
1164,f1164,1.1368683772161603e-13,0.0,1.1368683772161603e-13,True,True
1165,f1165,6.355287432313019e-14,0.0,5.684341886080802e-14,True,True
1166,f1166,1.1368683772161603e-13,0.0,1.1368683772161603e-13,True,True
1167,f1167,6.355287432313019e-14,0.0,5.684341886080802e-14,True,True
1168,f1168,1.1368683772161603e-13,2.842170943040401e-14,1.1368683772161603e-13,True,True
1169,f1169,6.355287432313019e-14,0.0,5.684341886080802e-14,True,True
1170,f1170,1.2710574864626038e-13,1.4210854715202004e-14,1.1368683772161603e-13,True,True
1171,f1171,1.1368683772161603e-13,0.0,1.1368683772161603e-13,True,True
1172,f1172,1.1718571004216928e-13,0.0,1.1368683772161603e-13,True,True
1173,f1173,4.0194366942304644e-14,0.0,2.842170943040401e-14,True,True
1174,f1174,5.684341886080802e-14,0.0,5.684341886080802e-14,True,True
1175,f1175,5.684341886080802e-14,3.552713678800501e-14,5.684341886080802e-14,True,True
1176,f1176,1.1457157353758233e-13,0.0,1.1368683772161603e-13,True,True
1177,f1177,6.355287432313019e-14,2.842170943040401e-14,5.684341886080802e-14,True,True
1178,f1178,1.6077746776921858e-13,0.0,1.1368683772161603e-13,True,True
1179,f1179,5.695433295429594e-14,2.1316282072803006e-14,5.684341886080802e-14,True,True
1180,f1180,1.6077746776921858e-13,0.0,1.1368683772161603e-13,True,True
1181,f1181,5.684341886080802e-14,5.684341886080802e-14,5.684341886080802e-14,True,True
1182,f1182,1.1718571004216928e-13,1.1718571004216928e-13,5.684341886080802e-14,True,True
1183,f1183,5.684341886080802e-14,0.0,5.684341886080802e-14,True,True
1184,f1184,1.1418534512577734e-13,1.4210854715202004e-14,1.1368683772161603e-13,True,True
1185,f1185,1.1718571004216928e-13,0.0,1.1368683772161603e-13,True,True
1186,f1186,5.684341886080802e-14,2.842170943040401e-14,5.684341886080802e-14,True,True
1187,f1187,1.1457157353758233e-13,1.4210854715202004e-14,1.1368683772161603e-13,True,True
1188,f1188,1.6077746776921858e-13,5.684341886080802e-14,1.1368683772161603e-13,True,True
1189,f1189,7.105427357601002e-14,0.0,7.105427357601002e-14,True,True
1190,f1190,1.1368683772161603e-13,0.0,1.1368683772161603e-13,True,True
1191,f1191,2.842170943040401e-14,0.0,2.842170943040401e-14,True,True
1192,f1192,1.2710574864626038e-13,1.2710574864626038e-13,1.1368683772161603e-13,True,True
1193,f1193,8.038873388460929e-14,8.038873388460929e-14,5.684341886080802e-14,True,True
1194,f1194,6.355287432313019e-14,0.0,5.684341886080802e-14,True,True
1195,f1195,8.038873388460929e-14,5.684341886080802e-14,5.684341886080802e-14,True,True
1196,f1196,4.412378852824695e-14,0.0,3.375077994860476e-14,True,True
1197,f1197,6.355287432313019e-14,0.0,5.684341886080802e-14,True,True
1198,f1198,1.1718571004216928e-13,0.0,1.1368683772161603e-13,True,True
1199,f1199,8.038873388460929e-14,5.684341886080802e-14,5.684341886080802e-14,True,True
1200,f1200,5.684341886080802e-14,1.4210854715202004e-14,5.684341886080802e-14,True,True
1201,f1201,6.355287432313019e-14,0.0,5.684341886080802e-14,True,True
1202,f1202,6.07087979554246e-14,2.0097183471152322e-14,5.684341886080802e-14,True,True
1203,f1203,1.1368683772161603e-13,5.684341886080802e-14,1.1368683772161603e-13,True,True
1204,f1204,8.038873388460929e-14,0.0,5.684341886080802e-14,True,True
1205,f1205,6.355287432313019e-14,6.355287432313019e-14,5.684341886080802e-14,True,True
1206,f1206,8.038873388460929e-14,2.842170943040401e-14,5.684341886080802e-14,True,True
1207,f1207,1.1368683772161603e-13,0.0,1.1368683772161603e-13,True,True
1208,f1208,5.684341886080802e-14,0.0,5.684341886080802e-14,True,True
1209,f1209,6.355287432313019e-14,2.842170943040401e-14,5.684341886080802e-14,True,True
1210,f1210,1.1368683772161603e-13,8.038873388460929e-14,1.1368683772161603e-13,True,True
1211,f1211,1.6077746776921858e-13,2.842170943040401e-14,1.1368683772161603e-13,True,True
1212,f1212,6.277857184170547e-14,5.684341886080802e-14,5.684341886080802e-14,True,True
1213,f1213,1.1368683772161603e-13,0.0,1.1368683772161603e-13,True,True
1214,f1214,5.684341886080802e-14,2.842170943040401e-14,5.684341886080802e-14,True,True
1215,f1215,1.2710574864626038e-13,1.2710574864626038e-13,1.1368683772161603e-13,True,True
1216,f1216,5.684341886080802e-14,0.0,5.684341886080802e-14,True,True
1217,f1217,1.1718571004216928e-13,2.842170943040401e-14,1.1368683772161603e-13,True,True
1218,f1218,1.1368683772161603e-13,6.355287432313019e-14,1.1368683772161603e-13,True,True
1219,f1219,5.123796534383003e-14,1.4210854715202004e-14,4.263256414560601e-14,True,True
1220,f1220,1.2710574864626038e-13,0.0,1.1368683772161603e-13,True,True
1221,f1221,1.1718571004216928e-13,5.684341886080802e-14,1.1368683772161603e-13,True,True
1222,f1222,8.038873388460929e-14,0.0,5.684341886080802e-14,True,True
1223,f1223,1.1368683772161603e-13,5.684341886080802e-14,1.1368683772161603e-13,True,True
1224,f1224,8.038873388460929e-14,0.0,5.684341886080802e-14,True,True
1225,f1225,5.684341886080802e-14,5.684341886080802e-14,5.684341886080802e-14,True,True
1226,f1226,1.1368683772161603e-13,5.684341886080802e-14,1.1368683772161603e-13,True,True
1227,f1227,6.355287432313019e-14,6.355287432313019e-14,5.684341886080802e-14,True,True
1228,f1228,5.684341886080802e-14,5.684341886080802e-14,5.684341886080802e-14,True,True
1229,f1229,1.1368683772161603e-13,0.0,1.1368683772161603e-13,True,True
1230,f1230,5.684341886080802e-14,0.0,5.684341886080802e-14,True,True
1231,f1231,6.355287432313019e-14,5.684341886080802e-14,5.684341886080802e-14,True,True
1232,f1232,6.355287432313019e-14,6.355287432313019e-14,5.684341886080802e-14,True,True
1233,f1233,6.355287432313019e-14,1.4210854715202004e-14,5.684341886080802e-14,True,True
1234,f1234,1.1368683772161603e-13,0.0,1.1368683772161603e-13,True,True
1235,f1235,4.0194366942304644e-14,2.842170943040401e-14,2.842170943040401e-14,True,True
1236,f1236,6.355287432313019e-14,2.842170943040401e-14,5.684341886080802e-14,True,True
1237,f1237,1.2710574864626038e-13,5.684341886080802e-14,1.1368683772161603e-13,True,True
1238,f1238,1.1368683772161603e-13,0.0,1.1368683772161603e-13,True,True
1239,f1239,6.355287432313019e-14,2.842170943040401e-14,5.684341886080802e-14,True,True
1240,f1240,1.1718571004216928e-13,5.728578676879116e-14,1.1368683772161603e-13,True,True
1241,f1241,6.355287432313019e-14,5.684341886080802e-14,5.684341886080802e-14,True,True
1242,f1242,1.1718571004216928e-13,0.0,1.1368683772161603e-13,True,True
1243,f1243,6.355287432313019e-14,6.355287432313019e-14,5.684341886080802e-14,True,True
1244,f1244,1.2710574864626038e-13,8.038873388460929e-14,1.1368683772161603e-13,True,True
1245,f1245,1.2710574864626038e-13,0.0,1.1368683772161603e-13,True,True
1246,f1246,3.1776437161565096e-14,3.1776437161565096e-14,2.842170943040401e-14,True,True
1247,f1247,6.355287432313019e-14,6.355287432313019e-14,5.684341886080802e-14,True,True
1248,f1248,1.2710574864626038e-13,0.0,1.1368683772161603e-13,True,True
1249,f1249,5.859285502108464e-14,5.684341886080802e-14,5.684341886080802e-14,True,True
1250,f1250,6.355287432313019e-14,0.0,5.684341886080802e-14,True,True
1251,f1251,1.1718571004216928e-13,0.0,1.1368683772161603e-13,True,True
1252,f1252,6.355287432313019e-14,5.684341886080802e-14,5.684341886080802e-14,True,True
1253,f1253,6.355287432313019e-14,6.355287432313019e-14,5.684341886080802e-14,True,True
1254,f1254,1.1718571004216928e-13,2.842170943040401e-14,1.1368683772161603e-13,True,True
1255,f1255,5.859285502108464e-14,1.0658141036401503e-14,5.684341886080802e-14,True,True
1256,f1256,1.2710574864626038e-13,0.0,1.1368683772161603e-13,True,True
1257,f1257,1.2710574864626038e-13,5.684341886080802e-14,1.1368683772161603e-13,True,True
1258,f1258,8.038873388460929e-14,2.842170943040401e-14,5.684341886080802e-14,True,True
1259,f1259,1.1368683772161603e-13,6.355287432313019e-14,1.1368683772161603e-13,True,True
1260,f1260,5.684341886080802e-14,0.0,5.684341886080802e-14,True,True
1261,f1261,1.1457157353758233e-13,5.684341886080802e-14,1.1368683772161603e-13,True,True
1262,f1262,5.728578676879116e-14,1.4210854715202004e-14,5.684341886080802e-14,True,True
1263,f1263,6.355287432313019e-14,2.842170943040401e-14,5.684341886080802e-14,True,True
1264,f1264,1.1368683772161603e-13,2.842170943040401e-14,1.1368683772161603e-13,True,True
1265,f1265,4.0194366942304644e-14,0.0,2.842170943040401e-14,True,True
1266,f1266,1.1368683772161603e-13,6.355287432313019e-14,1.1368683772161603e-13,True,True
1267,f1267,6.355287432313019e-14,2.842170943040401e-14,5.684341886080802e-14,True,True
1268,f1268,6.355287432313019e-14,0.0,5.684341886080802e-14,True,True
1269,f1269,2.842170943040401e-14,2.842170943040401e-14,2.842170943040401e-14,True,True
1270,f1270,1.1718571004216928e-13,5.684341886080802e-14,1.1368683772161603e-13,True,True
1271,f1271,1.1718571004216928e-13,1.1718571004216928e-13,1.1368683772161603e-13,True,True
1272,f1272,8.526512829121202e-14,8.038873388460929e-14,8.526512829121202e-14,True,True
1273,f1273,6.355287432313019e-14,1.4210854715202004e-14,5.684341886080802e-14,True,True
1274,f1274,5.684341886080802e-14,0.0,5.684341886080802e-14,True,True
1275,f1275,1.2710574864626038e-13,8.038873388460929e-14,1.1368683772161603e-13,True,True
1276,f1276,8.038873388460929e-14,8.038873388460929e-14,5.684341886080802e-14,True,True
1277,f1277,1.1718571004216928e-13,2.842170943040401e-14,1.1368683772161603e-13,True,True
1278,f1278,5.684341886080802e-14,0.0,5.684341886080802e-14,True,True
1279,f1279,1.1368683772161603e-13,1.1368683772161603e-13,1.1368683772161603e-13,True,True
1280,f1280,6.355287432313019e-14,0.0,5.684341886080802e-14,True,True
1281,f1281,6.355287432313019e-14,0.0,5.684341886080802e-14,True,True
1282,f1282,1.2710574864626038e-13,5.684341886080802e-14,1.1368683772161603e-13,True,True
1283,f1283,4.0194366942304644e-14,4.0194366942304644e-14,2.842170943040401e-14,True,True
1284,f1284,1.1368683772161603e-13,5.684341886080802e-14,1.1368683772161603e-13,True,True
1285,f1285,6.355287432313019e-14,0.0,5.684341886080802e-14,True,True
1286,f1286,5.684341886080802e-14,0.0,5.684341886080802e-14,True,True
1287,f1287,6.355287432313019e-14,0.0,5.684341886080802e-14,True,True
1288,f1288,1.1368683772161603e-13,5.684341886080802e-14,1.1368683772161603e-13,True,True
1289,f1289,5.684341886080802e-14,5.684341886080802e-14,5.684341886080802e-14,True,True
1290,f1290,1.2710574864626038e-13,8.038873388460929e-14,1.1368683772161603e-13,True,True
1291,f1291,1.2710574864626038e-13,5.684341886080802e-14,1.1368683772161603e-13,True,True
1292,f1292,1.1368683772161603e-13,0.0,1.1368683772161603e-13,True,True
1293,f1293,1.2710574864626038e-13,5.684341886080802e-14,1.1368683772161603e-13,True,True
1294,f1294,1.1457157353758233e-13,2.842170943040401e-14,1.1368683772161603e-13,True,True
1295,f1295,5.684341886080802e-14,0.0,5.684341886080802e-14,True,True
1296,f1296,8.038873388460929e-14,5.684341886080802e-14,5.684341886080802e-14,True,True
1297,f1297,1.2043438187516349e-13,6.355287432313019e-14,1.1368683772161603e-13,True,True
1298,f1298,6.355287432313019e-14,2.842170943040401e-14,5.684341886080802e-14,True,True
1299,f1299,1.2710574864626038e-13,0.0,1.1368683772161603e-13,True,True
1300,f1300,1.1368683772161603e-13,0.0,1.1368683772161603e-13,True,True
1301,f1301,1.1718571004216928e-13,2.842170943040401e-14,1.1368683772161603e-13,True,True
1302,f1302,5.684341886080802e-14,0.0,5.684341886080802e-14,True,True
1303,f1303,5.684341886080802e-14,0.0,5.684341886080802e-14,True,True
1304,f1304,5.684341886080802e-14,0.0,5.684341886080802e-14,True,True
1305,f1305,5.684341886080802e-14,0.0,5.684341886080802e-14,True,True
1306,f1306,1.2710574864626038e-13,5.684341886080802e-14,1.1368683772161603e-13,True,True
1307,f1307,1.1718571004216928e-13,2.842170943040401e-14,1.1368683772161603e-13,True,True
1308,f1308,1.1368683772161603e-13,5.684341886080802e-14,1.1368683772161603e-13,True,True
1309,f1309,6.07087979554246e-14,6.07087979554246e-14,5.684341886080802e-14,True,True
1310,f1310,6.355287432313019e-14,4.973799150320701e-14,5.684341886080802e-14,True,True
1311,f1311,6.355287432313019e-14,6.355287432313019e-14,5.684341886080802e-14,True,True
1312,f1312,6.195681131733637e-14,5.329070518200751e-15,5.684341886080802e-14,True,True
1313,f1313,6.355287432313019e-14,0.0,5.684341886080802e-14,True,True
1314,f1314,1.1457157353758233e-13,2.842170943040401e-14,1.1368683772161603e-13,True,True
1315,f1315,2.8457214390443806e-13,2.842170943040401e-14,2.8421709430404007e-13,True,True
1316,f1316,1.1368683772161603e-13,0.0,1.1368683772161603e-13,True,True
1317,f1317,2.2737367544323206e-13,0.0,2.2737367544323206e-13,True,True
1318,f1318,6.355287432313019e-14,5.728578676879116e-14,5.684341886080802e-14,True,True
1319,f1319,1.1368683772161603e-13,0.0,1.1368683772161603e-13,True,True
1320,f1320,1.1368683772161603e-13,5.684341886080802e-14,1.1368683772161603e-13,True,True
1321,f1321,6.355287432313019e-14,2.842170943040401e-14,5.684341886080802e-14,True,True
1322,f1322,1.1457157353758233e-13,0.0,1.1368683772161603e-13,True,True
1323,f1323,6.848195442259891e-14,5.728578676879116e-14,5.684341886080802e-14,True,True
1324,f1324,5.859285502108464e-14,2.842170943040401e-14,5.684341886080802e-14,True,True
1325,f1325,6.355287432313019e-14,0.0,5.684341886080802e-14,True,True
1326,f1326,8.038873388460929e-14,0.0,5.684341886080802e-14,True,True
1327,f1327,7.105427357601002e-14,0.0,5.684341886080802e-14,True,True
1328,f1328,1.2710574864626038e-13,5.684341886080802e-14,1.1368683772161603e-13,True,True
1329,f1329,1.1718571004216928e-13,1.1368683772161603e-13,1.1368683772161603e-13,True,True
1330,f1330,1.1368683772161603e-13,2.842170943040401e-14,1.1368683772161603e-13,True,True
1331,f1331,1.1368683772161603e-13,0.0,1.1368683772161603e-13,True,True
1332,f1332,5.687116766346677e-14,0.0,5.684341886080802e-14,True,True
1333,f1333,6.355287432313019e-14,0.0,5.684341886080802e-14,True,True
1334,f1334,6.355287432313019e-14,5.684341886080802e-14,5.684341886080802e-14,True,True
1335,f1335,6.355287432313019e-14,6.355287432313019e-14,5.684341886080802e-14,True,True
1336,f1336,1.6077746776921858e-13,0.0,1.1368683772161603e-13,True,True
1337,f1337,1.1368683772161603e-13,2.842170943040401e-14,1.1368683772161603e-13,True,True
1338,f1338,1.2710574864626038e-13,0.0,1.1368683772161603e-13,True,True
1339,f1339,6.355287432313019e-14,2.842170943040401e-14,5.684341886080802e-14,True,True
1340,f1340,6.355287432313019e-14,2.842170943040401e-14,5.684341886080802e-14,True,True
1341,f1341,6.355287432313019e-14,0.0,5.684341886080802e-14,True,True
1342,f1342,5.684341886080802e-14,5.684341886080802e-14,5.684341886080802e-14,True,True
1343,f1343,7.105427357601002e-14,7.105427357601002e-14,5.684341886080802e-14,True,True
1344,f1344,6.355287432313019e-14,0.0,5.684341886080802e-14,True,True
1345,f1345,8.038873388460929e-14,0.0,5.684341886080802e-14,True,True
1346,f1346,8.038873388460929e-14,0.0,5.684341886080802e-14,True,True
1347,f1347,5.684341886080802e-14,0.0,5.684341886080802e-14,True,True
1348,f1348,5.859285502108464e-14,0.0,5.684341886080802e-14,True,True
1349,f1349,6.355287432313019e-14,1.4210854715202004e-14,5.684341886080802e-14,True,True
1350,f1350,8.038873388460929e-14,0.0,5.684341886080802e-14,True,True
1351,f1351,8.038873388460929e-14,0.0,5.684341886080802e-14,True,True
1352,f1352,6.355287432313019e-14,6.355287432313019e-14,5.684341886080802e-14,True,True
1353,f1353,6.07087979554246e-14,3.552713678800501e-15,5.684341886080802e-14,True,True
1354,f1354,5.859285502108464e-14,1.4210854715202004e-14,5.684341886080802e-14,True,True
1355,f1355,1.2710574864626038e-13,5.859285502108464e-14,1.1368683772161603e-13,True,True
1356,f1356,1.1718571004216928e-13,5.684341886080802e-14,1.1368683772161603e-13,True,True
1357,f1357,5.684341886080802e-14,0.0,5.684341886080802e-14,True,True
1358,f1358,1.1718571004216928e-13,0.0,1.1368683772161603e-13,True,True
1359,f1359,1.1368683772161603e-13,0.0,1.1368683772161603e-13,True,True
1360,f1360,2.2737367544323206e-13,1.1368683772161603e-13,2.2737367544323206e-13,True,True
1361,f1361,1.1368683772161603e-13,8.038873388460929e-14,1.1368683772161603e-13,True,True
1362,f1362,6.355287432313019e-14,1.7763568394002505e-14,5.684341886080802e-14,True,True
1363,f1363,6.355287432313019e-14,0.0,5.684341886080802e-14,True,True
1364,f1364,5.684341886080802e-14,0.0,5.684341886080802e-14,True,True
1365,f1365,8.038873388460929e-14,8.038873388460929e-14,5.684341886080802e-14,True,True
1366,f1366,2.5421149729252077e-13,0.0,2.2737367544323206e-13,True,True
1367,f1367,5.728578676879116e-14,2.842170943040401e-14,5.684341886080802e-14,True,True
1368,f1368,6.355287432313019e-14,2.842170943040401e-14,5.684341886080802e-14,True,True
1369,f1369,1.1506624801925828e-13,2.1316282072803006e-14,1.1368683772161603e-13,True,True
1370,f1370,1.1368683772161603e-13,5.684341886080802e-14,1.1368683772161603e-13,True,True
1371,f1371,8.038873388460929e-14,6.355287432313019e-14,5.684341886080802e-14,True,True
1372,f1372,1.1368683772161603e-13,5.684341886080802e-14,1.1368683772161603e-13,True,True
1373,f1373,8.038873388460929e-14,8.038873388460929e-14,5.684341886080802e-14,True,True
1374,f1374,1.1718571004216928e-13,1.1718571004216928e-13,1.1368683772161603e-13,True,True
1375,f1375,1.1368683772161603e-13,0.0,1.1368683772161603e-13,True,True
1376,f1376,5.881458211527255e-14,1.1102230246251565e-15,5.684341886080802e-14,True,True
1377,f1377,5.684341886080802e-14,5.684341886080802e-14,5.684341886080802e-14,True,True
1378,f1378,1.1368683772161603e-13,2.842170943040401e-14,1.1368683772161603e-13,True,True
1379,f1379,8.038873388460929e-14,0.0,5.684341886080802e-14,True,True
1380,f1380,1.1368683772161603e-13,2.842170943040401e-14,1.1368683772161603e-13,True,True
1381,f1381,6.355287432313019e-14,2.842170943040401e-14,5.684341886080802e-14,True,True
1382,f1382,6.355287432313019e-14,0.0,5.684341886080802e-14,True,True
1383,f1383,1.1718571004216928e-13,0.0,1.1368683772161603e-13,True,True
1384,f1384,1.6077746776921858e-13,5.684341886080802e-14,1.1368683772161603e-13,True,True
1385,f1385,8.038873388460929e-14,0.0,5.684341886080802e-14,True,True
1386,f1386,5.859285502108464e-14,5.859285502108464e-14,5.684341886080802e-14,True,True
1387,f1387,1.0247593068766006e-13,5.684341886080802e-14,8.526512829121202e-14,True,True
1388,f1388,1.2710574864626038e-13,2.842170943040401e-14,1.1368683772161603e-13,True,True
1389,f1389,1.1368683772161603e-13,0.0,1.1368683772161603e-13,True,True
1390,f1390,4.0194366942304644e-14,4.0194366942304644e-14,2.842170943040401e-14,True,True
1391,f1391,7.105427357601002e-14,1.4210854715202004e-14,5.684341886080802e-14,True,True
1392,f1392,4.0194366942304644e-14,0.0,2.842170943040401e-14,True,True
1393,f1393,8.038873388460929e-14,0.0,5.684341886080802e-14,True,True
1394,f1394,6.355287432313019e-14,7.105427357601002e-15,5.684341886080802e-14,True,True
1395,f1395,1.2710574864626038e-13,8.038873388460929e-14,1.1368683772161603e-13,True,True
1396,f1396,4.263256414560601e-14,1.4210854715202004e-14,4.263256414560601e-14,True,True
1397,f1397,1.1368683772161603e-13,5.684341886080802e-14,1.1368683772161603e-13,True,True
1398,f1398,1.2710574864626038e-13,1.2710574864626038e-13,5.684341886080802e-14,True,True
1399,f1399,5.859285502108464e-14,2.842170943040401e-14,5.684341886080802e-14,True,True
1400,f1400,1.2710574864626038e-13,1.2710574864626038e-13,1.1368683772161603e-13,True,True
1401,f1401,2.842170943040401e-14,0.0,2.842170943040401e-14,True,True
1402,f1402,5.684341886080802e-14,0.0,5.684341886080802e-14,True,True
1403,f1403,1.2710574864626038e-13,0.0,1.1368683772161603e-13,True,True
1404,f1404,1.1368683772161603e-13,0.0,1.1368683772161603e-13,True,True
1405,f1405,6.355287432313019e-14,2.842170943040401e-14,5.684341886080802e-14,True,True
1406,f1406,1.1368683772161603e-13,2.842170943040401e-14,1.1368683772161603e-13,True,True
1407,f1407,5.684341886080802e-14,0.0,5.684341886080802e-14,True,True
1408,f1408,5.684341886080802e-14,2.842170943040401e-14,5.684341886080802e-14,True,True
1409,f1409,1.2710574864626038e-13,5.684341886080802e-14,1.1368683772161603e-13,True,True
1410,f1410,1.2710574864626038e-13,1.1368683772161603e-13,1.1368683772161603e-13,True,True
1411,f1411,5.684341886080802e-14,0.0,5.684341886080802e-14,True,True
1412,f1412,1.1368683772161603e-13,5.684341886080802e-14,1.1368683772161603e-13,True,True
1413,f1413,1.1368683772161603e-13,2.842170943040401e-14,1.1368683772161603e-13,True,True
1414,f1414,5.904883742358415e-14,5.728578676879116e-14,5.684341886080802e-14,True,True
1415,f1415,5.684341886080802e-14,4.0194366942304644e-14,5.684341886080802e-14,True,True
1416,f1416,1.1718571004216928e-13,2.842170943040401e-14,1.1368683772161603e-13,True,True
1417,f1417,8.038873388460929e-14,5.684341886080802e-14,5.684341886080802e-14,True,True
1418,f1418,1.1718571004216928e-13,0.0,1.1368683772161603e-13,True,True
1419,f1419,2.2737367544323206e-13,0.0,2.2737367544323206e-13,True,True
1420,f1420,1.1718571004216928e-13,1.1368683772161603e-13,1.1368683772161603e-13,True,True
1421,f1421,7.105427357601002e-14,4.0194366942304644e-14,5.684341886080802e-14,True,True
1422,f1422,8.038873388460929e-14,0.0,5.684341886080802e-14,True,True
1423,f1423,8.038873388460929e-14,5.684341886080802e-14,5.684341886080802e-14,True,True
1424,f1424,1.1368683772161603e-13,0.0,1.1368683772161603e-13,True,True
1425,f1425,6.355287432313019e-14,5.684341886080802e-14,5.684341886080802e-14,True,True
1426,f1426,1.2710574864626038e-13,0.0,1.1368683772161603e-13,True,True
1427,f1427,7.652779469160725e-14,3.1776437161565096e-14,7.105427357601002e-14,True,True
1428,f1428,4.548722338290267e-13,0.0,4.547473508864641e-13,True,True
1429,f1429,6.355287432313019e-14,5.684341886080802e-14,5.684341886080802e-14,True,True
1430,f1430,5.709267256288867e-14,2.842170943040401e-14,5.684341886080802e-14,True,True
1431,f1431,2.3437142008433856e-13,0.0,2.2737367544323206e-13,True,True
1432,f1432,5.859285502108464e-14,0.0,5.684341886080802e-14,True,True
1433,f1433,1.1368683772161603e-13,5.684341886080802e-14,1.1368683772161603e-13,True,True
1434,f1434,8.038873388460929e-14,5.684341886080802e-14,5.684341886080802e-14,True,True
1435,f1435,1.1368683772161603e-13,2.842170943040401e-14,1.1368683772161603e-13,True,True
1436,f1436,6.355287432313019e-14,0.0,5.684341886080802e-14,True,True
1437,f1437,1.1368683772161603e-13,0.0,1.1368683772161603e-13,True,True
1438,f1438,8.038873388460929e-14,5.684341886080802e-14,5.684341886080802e-14,True,True
1439,f1439,3.1776437161565096e-14,2.0097183471152322e-14,2.842170943040401e-14,True,True
1440,f1440,5.684341886080802e-14,2.842170943040401e-14,5.684341886080802e-14,True,True
1441,f1441,1.1718571004216928e-13,5.859285502108464e-14,1.1368683772161603e-13,True,True
1442,f1442,5.684341886080802e-14,0.0,5.684341886080802e-14,True,True
1443,f1443,6.355287432313019e-14,2.842170943040401e-14,5.684341886080802e-14,True,True
1444,f1444,5.684341886080802e-14,0.0,5.684341886080802e-14,True,True
1445,f1445,6.355287432313019e-14,6.355287432313019e-14,5.684341886080802e-14,True,True
1446,f1446,1.2710574864626038e-13,1.2710574864626038e-13,1.1368683772161603e-13,True,True
1447,f1447,5.684341886080802e-14,1.4210854715202004e-14,5.684341886080802e-14,True,True
1448,f1448,1.2710574864626038e-13,0.0,1.1368683772161603e-13,True,True
1449,f1449,6.355287432313019e-14,1.4210854715202004e-14,5.684341886080802e-14,True,True
1450,f1450,1.1718571004216928e-13,2.842170943040401e-14,1.1368683772161603e-13,True,True
1451,f1451,2.2737367544323206e-13,0.0,2.2737367544323206e-13,True,True
1452,f1452,1.223624941765033e-13,1.4210854715202004e-14,1.0835776720341528e-13,True,True
1453,f1453,6.07087979554246e-14,1.7763568394002505e-14,5.684341886080802e-14,True,True
1454,f1454,1.156679772130055e-13,5.955433342649105e-14,1.1368683772161603e-13,True,True
1455,f1455,5.684341886080802e-14,5.684341886080802e-14,5.684341886080802e-14,True,True
1456,f1456,1.2710574864626038e-13,0.0,1.1368683772161603e-13,True,True
1457,f1457,8.038873388460929e-14,5.684341886080802e-14,5.684341886080802e-14,True,True
1458,f1458,1.1368683772161603e-13,5.684341886080802e-14,1.1368683772161603e-13,True,True
1459,f1459,8.038873388460929e-14,6.355287432313019e-14,5.684341886080802e-14,True,True
1460,f1460,1.1457157353758233e-13,1.7763568394002505e-14,1.1368683772161603e-13,True,True
1461,f1461,1.1368683772161603e-13,0.0,1.1368683772161603e-13,True,True
1462,f1462,1.1457157353758233e-13,1.4210854715202004e-14,1.1368683772161603e-13,True,True
1463,f1463,6.521915363565902e-14,3.197442310920451e-14,5.684341886080802e-14,True,True
1464,f1464,1.1368683772161603e-13,2.842170943040401e-14,1.1368683772161603e-13,True,True
1465,f1465,8.038873388460929e-14,0.0,5.684341886080802e-14,True,True
1466,f1466,4.263256414560601e-14,4.263256414560601e-14,2.842170943040401e-14,True,True
1467,f1467,1.1368683772161603e-13,2.842170943040401e-14,1.1368683772161603e-13,True,True
1468,f1468,1.1368683772161603e-13,5.684341886080802e-14,1.1368683772161603e-13,True,True
1469,f1469,1.2710574864626038e-13,0.0,1.1368683772161603e-13,True,True
1470,f1470,1.1368683772161603e-13,0.0,1.1368683772161603e-13,True,True
1471,f1471,1.1368683772161603e-13,5.684341886080802e-14,1.1368683772161603e-13,True,True
1472,f1472,5.684341886080802e-14,0.0,5.684341886080802e-14,True,True
1473,f1473,6.355287432313019e-14,6.355287432313019e-14,5.684341886080802e-14,True,True
1474,f1474,1.2710574864626038e-13,0.0,1.1368683772161603e-13,True,True
1475,f1475,6.355287432313019e-14,2.842170943040401e-14,5.684341886080802e-14,True,True
1476,f1476,5.684341886080802e-14,5.684341886080802e-14,5.684341886080802e-14,True,True
1477,f1477,1.1718571004216928e-13,5.859285502108464e-14,1.1368683772161603e-13,True,True
1478,f1478,1.6077746776921858e-13,0.0,1.1368683772161603e-13,True,True
1479,f1479,1.2710574864626038e-13,5.684341886080802e-14,1.1368683772161603e-13,True,True
1480,f1480,8.038873388460929e-14,6.355287432313019e-14,5.684341886080802e-14,True,True
1481,f1481,2.842170943040401e-14,0.0,2.842170943040401e-14,True,True
1482,f1482,8.038873388460929e-14,0.0,5.684341886080802e-14,True,True
1483,f1483,6.355287432313019e-14,2.842170943040401e-14,5.684341886080802e-14,True,True
1484,f1484,1.1718571004216928e-13,2.842170943040401e-14,1.1368683772161603e-13,True,True
1485,f1485,6.355287432313019e-14,6.355287432313019e-14,5.684341886080802e-14,True,True
1486,f1486,1.1368683772161603e-13,2.842170943040401e-14,1.1368683772161603e-13,True,True
1487,f1487,6.355287432313019e-14,0.0,5.684341886080802e-14,True,True
1488,f1488,6.355287432313019e-14,2.842170943040401e-14,5.684341886080802e-14,True,True
1489,f1489,1.1718571004216928e-13,1.1368683772161603e-13,1.1368683772161603e-13,True,True
1490,f1490,1.1368683772161603e-13,1.4210854715202004e-14,1.1368683772161603e-13,True,True
1491,f1491,2.2737367544323206e-13,0.0,2.2737367544323206e-13,True,True
1492,f1492,5.684341886080802e-14,0.0,5.684341886080802e-14,True,True
1493,f1493,6.355287432313019e-14,0.0,5.684341886080802e-14,True,True
1494,f1494,5.745004565518817e-14,0.0,5.684341886080802e-14,True,True
1495,f1495,1.1718571004216928e-13,2.842170943040401e-14,1.1368683772161603e-13,True,True
1496,f1496,1.1457157353758233e-13,2.1316282072803006e-14,1.1368683772161603e-13,True,True
1497,f1497,6.355287432313019e-14,6.355287432313019e-14,5.684341886080802e-14,True,True
1498,f1498,6.521915363565902e-14,5.695433295429594e-14,5.684341886080802e-14,True,True
1499,f1499,8.038873388460929e-14,8.038873388460929e-14,5.684341886080802e-14,True,True
1500,f1500,1.1418534512577734e-13,0.0,1.1368683772161603e-13,True,True
1501,f1501,1.2710574864626038e-13,0.0,1.1368683772161603e-13,True,True
1502,f1502,1.1368683772161603e-13,2.842170943040401e-14,1.1368683772161603e-13,True,True
1503,f1503,6.355287432313019e-14,0.0,5.684341886080802e-14,True,True
1504,f1504,5.955433342649105e-14,1.7763568394002505e-14,5.684341886080802e-14,True,True
1505,f1505,6.355287432313019e-14,5.684341886080802e-14,5.684341886080802e-14,True,True
1506,f1506,1.1718571004216928e-13,0.0,1.1368683772161603e-13,True,True
1507,f1507,1.1368683772161603e-13,0.0,1.1368683772161603e-13,True,True
1508,f1508,5.684341886080802e-14,4.0194366942304644e-14,5.684341886080802e-14,True,True
1509,f1509,1.1457157353758233e-13,6.703246762680666e-14,1.1368683772161603e-13,True,True
1510,f1510,5.684341886080802e-14,5.684341886080802e-14,5.684341886080802e-14,True,True
1511,f1511,1.1368683772161603e-13,0.0,1.1368683772161603e-13,True,True
1512,f1512,6.355287432313019e-14,0.0,5.684341886080802e-14,True,True
1513,f1513,5.684341886080802e-14,0.0,5.684341886080802e-14,True,True
1514,f1514,5.684341886080802e-14,4.0194366942304644e-14,5.684341886080802e-14,True,True
1515,f1515,6.07087979554246e-14,1.4210854715202004e-14,5.684341886080802e-14,True,True
1516,f1516,1.1368683772161603e-13,1.4210854715202004e-14,1.1368683772161603e-13,True,True
1517,f1517,6.355287432313019e-14,5.684341886080802e-14,5.684341886080802e-14,True,True
1518,f1518,6.355287432313019e-14,2.842170943040401e-14,5.684341886080802e-14,True,True
1519,f1519,1.1436482767251642e-13,3.197442310920451e-14,1.1368683772161603e-13,True,True
1520,f1520,1.1368683772161603e-13,5.684341886080802e-14,1.1368683772161603e-13,True,True
1521,f1521,6.355287432313019e-14,0.0,5.684341886080802e-14,True,True
1522,f1522,8.038873388460929e-14,5.684341886080802e-14,5.684341886080802e-14,True,True
1523,f1523,6.355287432313019e-14,0.0,5.684341886080802e-14,True,True
1524,f1524,5.684341886080802e-14,2.842170943040401e-14,5.684341886080802e-14,True,True
1525,f1525,1.1368683772161603e-13,5.684341886080802e-14,1.1368683772161603e-13,True,True
1526,f1526,5.684341886080802e-14,0.0,5.684341886080802e-14,True,True
1527,f1527,5.684341886080802e-14,2.842170943040401e-14,5.684341886080802e-14,True,True
1528,f1528,6.355287432313019e-14,4.973799150320701e-14,5.684341886080802e-14,True,True
1529,f1529,8.038873388460929e-14,5.684341886080802e-14,5.684341886080802e-14,True,True
1530,f1530,1.6077746776921858e-13,5.684341886080802e-14,1.1368683772161603e-13,True,True
1531,f1531,8.038873388460929e-14,5.684341886080802e-14,5.684341886080802e-14,True,True
1532,f1532,1.1368683772161603e-13,0.0,1.1368683772161603e-13,True,True
1533,f1533,1.1457157353758233e-13,2.842170943040401e-14,1.1368683772161603e-13,True,True
1534,f1534,1.1718571004216928e-13,2.842170943040401e-14,1.1368683772161603e-13,True,True
1535,f1535,1.1718571004216928e-13,4.263256414560601e-14,1.1368683772161603e-13,True,True
1536,f1536,7.105427357601002e-14,0.0,5.684341886080802e-14,True,True
1537,f1537,5.955433342649105e-14,0.0,5.684341886080802e-14,True,True
1538,f1538,1.1368683772161603e-13,2.842170943040401e-14,1.1368683772161603e-13,True,True
1539,f1539,6.355287432313019e-14,2.842170943040401e-14,5.684341886080802e-14,True,True
1540,f1540,1.1368683772161603e-13,5.684341886080802e-14,1.1368683772161603e-13,True,True
1541,f1541,2.2737367544323206e-13,2.842170943040401e-14,2.2737367544323206e-13,True,True
1542,f1542,1.1457157353758233e-13,1.4210854715202004e-14,1.1368683772161603e-13,True,True
1543,f1543,5.709267256288867e-14,1.4210854715202004e-14,5.684341886080802e-14,True,True
1544,f1544,6.355287432313019e-14,6.355287432313019e-14,5.684341886080802e-14,True,True
1545,f1545,1.1368683772161603e-13,2.842170943040401e-14,1.1368683772161603e-13,True,True
1546,f1546,6.355287432313019e-14,0.0,5.684341886080802e-14,True,True
1547,f1547,3.552713678800501e-14,3.552713678800501e-14,2.842170943040401e-14,True,True
1548,f1548,6.355287432313019e-14,0.0,5.684341886080802e-14,True,True
1549,f1549,1.2710574864626038e-13,5.684341886080802e-14,1.1368683772161603e-13,True,True
1550,f1550,4.547473508864641e-13,1.1368683772161603e-13,4.547473508864641e-13,True,True
1551,f1551,1.2710574864626038e-13,1.1368683772161603e-13,1.1368683772161603e-13,True,True
1552,f1552,8.038873388460929e-14,0.0,5.684341886080802e-14,True,True
1553,f1553,1.1718571004216928e-13,0.0,1.1368683772161603e-13,True,True
1554,f1554,6.355287432313019e-14,0.0,5.684341886080802e-14,True,True
1555,f1555,5.684341886080802e-14,0.0,5.684341886080802e-14,True,True
1556,f1556,6.355287432313019e-14,5.684341886080802e-14,5.684341886080802e-14,True,True
1557,f1557,8.038873388460929e-14,0.0,5.684341886080802e-14,True,True
1558,f1558,5.684341886080802e-14,0.0,5.684341886080802e-14,True,True
1559,f1559,6.355287432313019e-14,2.842170943040401e-14,5.684341886080802e-14,True,True
1560,f1560,1.1368683772161603e-13,0.0,1.1368683772161603e-13,True,True
1561,f1561,6.355287432313019e-14,0.0,5.684341886080802e-14,True,True
1562,f1562,1.1718571004216928e-13,5.684341886080802e-14,1.1368683772161603e-13,True,True
1563,f1563,1.2710574864626038e-13,0.0,1.1368683772161603e-13,True,True
1564,f1564,8.038873388460929e-14,5.684341886080802e-14,5.684341886080802e-14,True,True
1565,f1565,5.859285502108464e-14,1.4210854715202004e-14,5.684341886080802e-14,True,True
1566,f1566,1.1368683772161603e-13,0.0,1.1368683772161603e-13,True,True
1567,f1567,1.214175959108492e-13,5.684341886080802e-14,1.1368683772161603e-13,True,True
1568,f1568,5.684341886080802e-14,5.684341886080802e-14,5.684341886080802e-14,True,True
1569,f1569,1.214175959108492e-13,5.684341886080802e-14,1.1368683772161603e-13,True,True
1570,f1570,1.1457157353758233e-13,5.684341886080802e-14,1.1368683772161603e-13,True,True
1571,f1571,1.1718571004216928e-13,1.1718571004216928e-13,1.1368683772161603e-13,True,True
1572,f1572,1.1718571004216928e-13,1.1718571004216928e-13,1.1368683772161603e-13,True,True
1573,f1573,4.0194366942304644e-14,2.1316282072803006e-14,3.863576125695545e-14,True,True
1574,f1574,6.277857184170547e-14,2.842170943040401e-14,5.684341886080802e-14,True,True
1575,f1575,8.038873388460929e-14,0.0,5.684341886080802e-14,True,True
1576,f1576,1.2710574864626038e-13,5.684341886080802e-14,1.1368683772161603e-13,True,True
1577,f1577,5.859285502108464e-14,0.0,5.684341886080802e-14,True,True
1578,f1578,2.842170943040401e-14,0.0,2.842170943040401e-14,True,True
1579,f1579,6.355287432313019e-14,6.355287432313019e-14,5.684341886080802e-14,True,True
1580,f1580,1.2710574864626038e-13,0.0,1.1368683772161603e-13,True,True
1581,f1581,8.038873388460929e-14,5.684341886080802e-14,5.684341886080802e-14,True,True
1582,f1582,5.728578676879116e-14,1.4210854715202004e-14,5.684341886080802e-14,True,True
1583,f1583,1.2710574864626038e-13,5.684341886080802e-14,1.1368683772161603e-13,True,True
1584,f1584,8.038873388460929e-14,5.684341886080802e-14,5.684341886080802e-14,True,True
1585,f1585,4.0194366942304644e-14,4.0194366942304644e-14,2.842170943040401e-14,True,True
1586,f1586,1.1368683772161603e-13,0.0,1.1368683772161603e-13,True,True
1587,f1587,5.859285502108464e-14,5.859285502108464e-14,5.684341886080802e-14,True,True
1588,f1588,1.1368683772161603e-13,0.0,1.1368683772161603e-13,True,True
1589,f1589,5.728578676879116e-14,2.1316282072803006e-14,5.684341886080802e-14,True,True
1590,f1590,2.2737367544323206e-13,8.038873388460929e-14,2.2737367544323206e-13,True,True
1591,f1591,6.355287432313019e-14,6.355287432313019e-14,5.684341886080802e-14,True,True
1592,f1592,8.038873388460929e-14,5.684341886080802e-14,5.684341886080802e-14,True,True
1593,f1593,1.2710574864626038e-13,8.038873388460929e-14,1.1368683772161603e-13,True,True
1594,f1594,6.355287432313019e-14,5.684341886080802e-14,5.684341886080802e-14,True,True
1595,f1595,1.1718571004216928e-13,0.0,1.1368683772161603e-13,True,True
1596,f1596,6.703246762680666e-14,4.263256414560601e-14,5.684341886080802e-14,True,True
1597,f1597,1.1718571004216928e-13,0.0,1.1368683772161603e-13,True,True
1598,f1598,1.2710574864626038e-13,0.0,1.1368683772161603e-13,True,True
1599,f1599,1.1368683772161603e-13,5.859285502108464e-14,1.1368683772161603e-13,True,True
1600,f1600,5.859285502108464e-14,1.4210854715202004e-14,5.684341886080802e-14,True,True
1601,f1601,6.355287432313019e-14,5.684341886080802e-14,5.684341886080802e-14,True,True
1602,f1602,1.1718571004216928e-13,5.684341886080802e-14,1.1368683772161603e-13,True,True
1603,f1603,1.2710574864626038e-13,1.1368683772161603e-13,1.1368683772161603e-13,True,True
1604,f1604,1.2710574864626038e-13,5.684341886080802e-14,1.1368683772161603e-13,True,True
1605,f1605,5.684341886080802e-14,0.0,5.684341886080802e-14,True,True
1606,f1606,5.684341886080802e-14,5.684341886080802e-14,5.684341886080802e-14,True,True
1607,f1607,1.1368683772161603e-13,2.842170943040401e-14,1.1368683772161603e-13,True,True
1608,f1608,1.1718571004216928e-13,6.355287432313019e-14,1.1368683772161603e-13,True,True
1609,f1609,5.684341886080802e-14,5.684341886080802e-14,5.684341886080802e-14,True,True
1610,f1610,5.684341886080802e-14,0.0,5.684341886080802e-14,True,True
1611,f1611,1.1368683772161603e-13,1.1368683772161603e-13,1.1368683772161603e-13,True,True
1612,f1612,2.842170943040401e-14,0.0,2.842170943040401e-14,True,True
1613,f1613,8.038873388460929e-14,5.684341886080802e-14,5.684341886080802e-14,True,True
1614,f1614,5.684341886080802e-14,0.0,5.684341886080802e-14,True,True
1615,f1615,5.859285502108464e-14,5.684341886080802e-14,5.684341886080802e-14,True,True
1616,f1616,6.355287432313019e-14,0.0,5.684341886080802e-14,True,True
1617,f1617,8.038873388460929e-14,0.0,5.684341886080802e-14,True,True
1618,f1618,5.859285502108464e-14,1.4210854715202004e-14,5.684341886080802e-14,True,True
1619,f1619,5.684341886080802e-14,2.842170943040401e-14,5.684341886080802e-14,True,True
1620,f1620,1.1368683772161603e-13,5.684341886080802e-14,1.1368683772161603e-13,True,True
1621,f1621,1.1368683772161603e-13,2.842170943040401e-14,1.1368683772161603e-13,True,True
1622,f1622,5.684341886080802e-14,5.684341886080802e-14,5.684341886080802e-14,True,True
1623,f1623,8.038873388460929e-14,5.684341886080802e-14,5.684341886080802e-14,True,True
1624,f1624,6.355287432313019e-14,0.0,5.684341886080802e-14,True,True
1625,f1625,1.2710574864626038e-13,1.1368683772161603e-13,1.1368683772161603e-13,True,True
1626,f1626,1.2710574864626038e-13,5.684341886080802e-14,1.1368683772161603e-13,True,True
1627,f1627,5.684341886080802e-14,5.684341886080802e-14,5.684341886080802e-14,True,True
1628,f1628,1.2710574864626038e-13,5.684341886080802e-14,1.1368683772161603e-13,True,True
1629,f1629,5.684341886080802e-14,5.684341886080802e-14,5.684341886080802e-14,True,True
1630,f1630,1.6077746776921858e-13,1.1368683772161603e-13,1.1368683772161603e-13,True,True
1631,f1631,6.355287432313019e-14,4.0194366942304644e-14,5.684341886080802e-14,True,True
1632,f1632,1.1718571004216928e-13,1.1368683772161603e-13,1.1368683772161603e-13,True,True
1633,f1633,8.038873388460929e-14,5.684341886080802e-14,5.684341886080802e-14,True,True
1634,f1634,3.8788084748251155e-13,6.355287432313019e-14,3.836930773104541e-13,True,True
1635,f1635,8.038873388460929e-14,2.842170943040401e-14,5.684341886080802e-14,True,True
1636,f1636,1.2710574864626038e-13,0.0,1.1368683772161603e-13,True,True
1637,f1637,1.1457157353758233e-13,0.0,1.1368683772161603e-13,True,True
1638,f1638,5.684341886080802e-14,0.0,5.684341886080802e-14,True,True
1639,f1639,1.1368683772161603e-13,0.0,1.1368683772161603e-13,True,True
1640,f1640,1.2710574864626038e-13,5.684341886080802e-14,1.1368683772161603e-13,True,True
1641,f1641,5.684341886080802e-14,2.842170943040401e-14,5.684341886080802e-14,True,True
1642,f1642,7.105427357601002e-14,3.552713678800501e-14,7.105427357601002e-14,True,True
1643,f1643,5.718241383625821e-14,2.842170943040401e-14,5.684341886080802e-14,True,True
1644,f1644,1.1718571004216928e-13,2.842170943040401e-14,1.1368683772161603e-13,True,True
1645,f1645,6.355287432313019e-14,5.684341886080802e-14,5.684341886080802e-14,True,True
1646,f1646,1.1718571004216928e-13,0.0,1.1368683772161603e-13,True,True
1647,f1647,1.1368683772161603e-13,1.1368683772161603e-13,5.684341886080802e-14,True,True
1648,f1648,4.6897166265737003e-14,1.4210854715202004e-14,3.730349362740526e-14,True,True
1649,f1649,1.1368683772161603e-13,0.0,1.1368683772161603e-13,True,True
1650,f1650,1.2710574864626038e-13,5.684341886080802e-14,1.1368683772161603e-13,True,True
1651,f1651,1.1718571004216928e-13,0.0,1.1368683772161603e-13,True,True
1652,f1652,7.553172887309252e-14,6.355287432313019e-14,5.684341886080802e-14,True,True
1653,f1653,6.355287432313019e-14,0.0,5.684341886080802e-14,True,True
1654,f1654,8.038873388460929e-14,5.684341886080802e-14,5.684341886080802e-14,True,True
1655,f1655,8.038873388460929e-14,5.684341886080802e-14,5.684341886080802e-14,True,True
1656,f1656,5.684341886080802e-14,0.0,5.684341886080802e-14,True,True
1657,f1657,5.684341886080802e-14,5.684341886080802e-14,5.684341886080802e-14,True,True
1658,f1658,5.796044745074226e-14,1.4210854715202004e-14,5.684341886080802e-14,True,True
1659,f1659,4.0194366942304644e-14,2.842170943040401e-14,2.842170943040401e-14,True,True
1660,f1660,5.684341886080802e-14,5.684341886080802e-14,5.684341886080802e-14,True,True
1661,f1661,1.2710574864626038e-13,1.2710574864626038e-13,1.1368683772161603e-13,True,True
1662,f1662,5.684341886080802e-14,2.842170943040401e-14,5.684341886080802e-14,True,True
1663,f1663,5.684341886080802e-14,0.0,5.684341886080802e-14,True,True
1664,f1664,2.3437142008433856e-13,0.0,2.2737367544323206e-13,True,True
1665,f1665,6.355287432313019e-14,6.355287432313019e-14,5.684341886080802e-14,True,True
1666,f1666,6.355287432313019e-14,5.684341886080802e-14,5.684341886080802e-14,True,True
1667,f1667,3.457650183405701e-13,0.0,3.410605131648481e-13,True,True
1668,f1668,1.2710574864626038e-13,5.684341886080802e-14,1.1368683772161603e-13,True,True
1669,f1669,1.2710574864626038e-13,1.2710574864626038e-13,1.1368683772161603e-13,True,True
1670,f1670,1.6077746776921858e-13,5.684341886080802e-14,1.1368683772161603e-13,True,True
1671,f1671,1.1457157353758233e-13,0.0,1.1368683772161603e-13,True,True
1672,f1672,6.355287432313019e-14,0.0,5.684341886080802e-14,True,True
1673,f1673,1.1457157353758233e-13,0.0,1.1368683772161603e-13,True,True
1674,f1674,6.355287432313019e-14,0.0,5.684341886080802e-14,True,True
1675,f1675,6.61081645103266e-14,0.0,5.684341886080802e-14,True,True
1676,f1676,8.526512829121202e-14,2.842170943040401e-14,8.526512829121202e-14,True,True
1677,f1677,6.355287432313019e-14,5.684341886080802e-14,5.684341886080802e-14,True,True
1678,f1678,6.355287432313019e-14,2.842170943040401e-14,5.684341886080802e-14,True,True
1679,f1679,1.1374233532693354e-13,5.684341886080802e-14,1.1368683772161603e-13,True,True
1680,f1680,6.355287432313019e-14,0.0,5.684341886080802e-14,True,True
1681,f1681,8.038873388460929e-14,6.355287432313019e-14,5.684341886080802e-14,True,True
1682,f1682,8.038873388460929e-14,5.684341886080802e-14,5.684341886080802e-14,True,True
1683,f1683,8.038873388460929e-14,5.684341886080802e-14,5.684341886080802e-14,True,True
1684,f1684,1.6077746776921858e-13,0.0,1.1368683772161603e-13,True,True
1685,f1685,5.684341886080802e-14,2.842170943040401e-14,5.684341886080802e-14,True,True
1686,f1686,5.684341886080802e-14,5.684341886080802e-14,5.684341886080802e-14,True,True
1687,f1687,1.1718571004216928e-13,5.684341886080802e-14,1.1368683772161603e-13,True,True
1688,f1688,5.684341886080802e-14,0.0,5.684341886080802e-14,True,True
1689,f1689,1.1457157353758233e-13,1.1368683772161603e-13,1.1368683772161603e-13,True,True
1690,f1690,1.1368683772161603e-13,8.038873388460929e-14,1.1368683772161603e-13,True,True
1691,f1691,1.1368683772161603e-13,0.0,1.1368683772161603e-13,True,True
1692,f1692,1.2710574864626038e-13,8.038873388460929e-14,1.1368683772161603e-13,True,True
1693,f1693,1.1718571004216928e-13,1.1718571004216928e-13,1.1368683772161603e-13,True,True
1694,f1694,1.227101338881947e-13,8.038873388460929e-14,1.1368683772161603e-13,True,True
1695,f1695,6.355287432313019e-14,6.355287432313019e-14,5.684341886080802e-14,True,True
1696,f1696,8.038873388460929e-14,0.0,5.684341886080802e-14,True,True
1697,f1697,1.1718571004216928e-13,5.684341886080802e-14,1.1368683772161603e-13,True,True
1698,f1698,1.1368683772161603e-13,5.684341886080802e-14,1.1368683772161603e-13,True,True
1699,f1699,1.1368683772161603e-13,5.684341886080802e-14,1.1368683772161603e-13,True,True
1700,f1700,4.618527782440651e-14,2.842170943040401e-14,4.618527782440651e-14,True,True
1701,f1701,8.038873388460929e-14,0.0,5.684341886080802e-14,True,True
1702,f1702,1.1718571004216928e-13,1.1368683772161603e-13,1.1368683772161603e-13,True,True
1703,f1703,1.2710574864626038e-13,5.684341886080802e-14,1.1368683772161603e-13,True,True
1704,f1704,6.355287432313019e-14,2.842170943040401e-14,5.684341886080802e-14,True,True
1705,f1705,5.684341886080802e-14,0.0,5.684341886080802e-14,True,True
1706,f1706,2.842170943040401e-14,2.842170943040401e-14,2.842170943040401e-14,True,True
1707,f1707,6.355287432313019e-14,5.684341886080802e-14,5.684341886080802e-14,True,True
1708,f1708,8.038873388460929e-14,0.0,5.684341886080802e-14,True,True
1709,f1709,6.355287432313019e-14,2.842170943040401e-14,5.684341886080802e-14,True,True
1710,f1710,8.038873388460929e-14,8.038873388460929e-14,5.684341886080802e-14,True,True
1711,f1711,6.355287432313019e-14,0.0,5.684341886080802e-14,True,True
1712,f1712,1.1368683772161603e-13,0.0,1.1368683772161603e-13,True,True
1713,f1713,6.135506694409735e-14,3.1776437161565096e-14,5.684341886080802e-14,True,True
1714,f1714,1.2710574864626038e-13,1.2710574864626038e-13,1.1368683772161603e-13,True,True
1715,f1715,1.2710574864626038e-13,0.0,1.1368683772161603e-13,True,True
1716,f1716,1.2710574864626038e-13,0.0,1.1368683772161603e-13,True,True
1717,f1717,6.355287432313019e-14,2.842170943040401e-14,5.684341886080802e-14,True,True
1718,f1718,2.2914314707516465e-13,0.0,2.2737367544323206e-13,True,True
1719,f1719,4.0194366942304644e-14,1.4210854715202004e-14,2.842170943040401e-14,True,True
1720,f1720,6.355287432313019e-14,5.684341886080802e-14,5.684341886080802e-14,True,True
1721,f1721,1.1368683772161603e-13,4.0194366942304644e-14,1.1368683772161603e-13,True,True
1722,f1722,6.355287432313019e-14,0.0,5.684341886080802e-14,True,True
1723,f1723,5.684341886080802e-14,0.0,5.684341886080802e-14,True,True
1724,f1724,1.2710574864626038e-13,5.684341886080802e-14,1.1368683772161603e-13,True,True
1725,f1725,4.0194366942304644e-14,2.842170943040401e-14,2.842170943040401e-14,True,True
1726,f1726,1.1457157353758233e-13,1.4210854715202004e-14,1.1368683772161603e-13,True,True
1727,f1727,8.038873388460929e-14,0.0,5.684341886080802e-14,True,True
1728,f1728,1.2710574864626038e-13,5.684341886080802e-14,1.1368683772161603e-13,True,True
1729,f1729,8.038873388460929e-14,0.0,5.684341886080802e-14,True,True
1730,f1730,1.1718571004216928e-13,5.859285502108464e-14,1.1368683772161603e-13,True,True
1731,f1731,6.355287432313019e-14,2.842170943040401e-14,5.684341886080802e-14,True,True
1732,f1732,5.684341886080802e-14,0.0,5.684341886080802e-14,True,True
1733,f1733,6.355287432313019e-14,0.0,5.684341886080802e-14,True,True
1734,f1734,2.842170943040401e-14,2.842170943040401e-14,2.842170943040401e-14,True,True
1735,f1735,1.1718571004216928e-13,5.684341886080802e-14,1.1368683772161603e-13,True,True
1736,f1736,1.1718571004216928e-13,2.842170943040401e-14,1.1368683772161603e-13,True,True
1737,f1737,6.355287432313019e-14,0.0,5.684341886080802e-14,True,True
1738,f1738,1.1457157353758233e-13,6.355287432313019e-14,1.1368683772161603e-13,True,True
1739,f1739,1.156679772130055e-13,0.0,1.1368683772161603e-13,True,True
1740,f1740,1.797546735911271e-13,2.842170943040401e-14,1.7053025658242404e-13,True,True
1741,f1741,8.038873388460929e-14,8.038873388460929e-14,5.684341886080802e-14,True,True
1742,f1742,8.038873388460929e-14,0.0,5.684341886080802e-14,True,True
1743,f1743,6.355287432313019e-14,0.0,5.684341886080802e-14,True,True
1744,f1744,6.355287432313019e-14,0.0,5.684341886080802e-14,True,True
1745,f1745,1.1718571004216928e-13,0.0,1.1368683772161603e-13,True,True
1746,f1746,6.025392187279929e-14,0.0,5.684341886080802e-14,True,True
1747,f1747,1.1368683772161603e-13,2.842170943040401e-14,1.1368683772161603e-13,True,True
1748,f1748,5.684341886080802e-14,0.0,5.684341886080802e-14,True,True
1749,f1749,5.684341886080802e-14,0.0,5.684341886080802e-14,True,True
1750,f1750,6.703246762680666e-14,0.0,6.394884621840902e-14,True,True
1751,f1751,8.038873388460929e-14,5.684341886080802e-14,5.684341886080802e-14,True,True
1752,f1752,8.038873388460929e-14,2.842170943040401e-14,5.684341886080802e-14,True,True
1753,f1753,5.684341886080802e-14,5.684341886080802e-14,5.684341886080802e-14,True,True
1754,f1754,1.1368683772161603e-13,5.684341886080802e-14,1.1368683772161603e-13,True,True
1755,f1755,5.684341886080802e-14,2.842170943040401e-14,5.684341886080802e-14,True,True
1756,f1756,1.2710574864626038e-13,0.0,1.1368683772161603e-13,True,True
1757,f1757,6.355287432313019e-14,0.0,5.684341886080802e-14,True,True
1758,f1758,5.728578676879116e-14,1.4210854715202004e-14,5.684341886080802e-14,True,True
1759,f1759,5.684341886080802e-14,5.684341886080802e-14,5.684341886080802e-14,True,True
1760,f1760,5.684341886080802e-14,0.0,5.684341886080802e-14,True,True
1761,f1761,6.355287432313019e-14,5.684341886080802e-14,5.684341886080802e-14,True,True
1762,f1762,8.038873388460929e-14,5.684341886080802e-14,5.684341886080802e-14,True,True
1763,f1763,6.355287432313019e-14,6.355287432313019e-14,5.684341886080802e-14,True,True
1764,f1764,6.355287432313019e-14,0.0,5.684341886080802e-14,True,True
1765,f1765,8.038873388460929e-14,5.684341886080802e-14,5.684341886080802e-14,True,True
1766,f1766,1.1718571004216928e-13,5.684341886080802e-14,1.1368683772161603e-13,True,True
1767,f1767,6.355287432313019e-14,5.684341886080802e-14,5.684341886080802e-14,True,True
1768,f1768,5.684341886080802e-14,1.4210854715202004e-14,5.684341886080802e-14,True,True
1769,f1769,1.2710574864626038e-13,0.0,1.1368683772161603e-13,True,True
1770,f1770,6.355287432313019e-14,0.0,5.684341886080802e-14,True,True
1771,f1771,8.038873388460929e-14,5.684341886080802e-14,5.684341886080802e-14,True,True
1772,f1772,1.1368683772161603e-13,5.859285502108464e-14,1.1368683772161603e-13,True,True
1773,f1773,6.355287432313019e-14,0.0,5.684341886080802e-14,True,True
1774,f1774,8.038873388460929e-14,0.0,5.684341886080802e-14,True,True
1775,f1775,8.038873388460929e-14,8.038873388460929e-14,5.684341886080802e-14,True,True
1776,f1776,1.1718571004216928e-13,5.684341886080802e-14,1.1368683772161603e-13,True,True
1777,f1777,5.684341886080802e-14,0.0,5.684341886080802e-14,True,True
1778,f1778,1.2710574864626038e-13,5.684341886080802e-14,1.1368683772161603e-13,True,True
1779,f1779,1.1368683772161603e-13,5.684341886080802e-14,1.1368683772161603e-13,True,True
1780,f1780,8.038873388460929e-14,1.4210854715202004e-14,5.684341886080802e-14,True,True
1781,f1781,6.355287432313019e-14,2.842170943040401e-14,5.684341886080802e-14,True,True
1782,f1782,3.1776437161565096e-14,3.1776437161565096e-14,2.842170943040401e-14,True,True
1783,f1783,8.038873388460929e-14,0.0,5.684341886080802e-14,True,True
1784,f1784,1.1718571004216928e-13,2.842170943040401e-14,1.1368683772161603e-13,True,True
1785,f1785,5.684341886080802e-14,0.0,5.684341886080802e-14,True,True
1786,f1786,5.684341886080802e-14,5.684341886080802e-14,5.684341886080802e-14,True,True
1787,f1787,5.859285502108464e-14,0.0,5.684341886080802e-14,True,True
1788,f1788,4.0194366942304644e-14,0.0,2.842170943040401e-14,True,True
1789,f1789,6.204547701064548e-14,0.0,5.684341886080802e-14,True,True
1790,f1790,5.859285502108464e-14,5.123796534383003e-14,5.684341886080802e-14,True,True
1791,f1791,1.2710574864626038e-13,5.684341886080802e-14,1.1368683772161603e-13,True,True
1792,f1792,3.1776437161565096e-14,0.0,2.842170943040401e-14,True,True
1793,f1793,8.038873388460929e-14,5.684341886080802e-14,5.684341886080802e-14,True,True
1794,f1794,6.355287432313019e-14,4.0194366942304644e-14,5.684341886080802e-14,True,True
1795,f1795,6.355287432313019e-14,0.0,5.684341886080802e-14,True,True
1796,f1796,1.1457157353758233e-13,1.7763568394002505e-14,1.1368683772161603e-13,True,True
1797,f1797,5.684341886080802e-14,5.684341886080802e-14,5.684341886080802e-14,True,True
1798,f1798,6.355287432313019e-14,2.842170943040401e-14,5.684341886080802e-14,True,True
1799,f1799,1.1368683772161603e-13,5.684341886080802e-14,1.1368683772161603e-13,True,True
1800,f1800,6.355287432313019e-14,5.684341886080802e-14,5.684341886080802e-14,True,True
1801,f1801,8.038873388460929e-14,5.684341886080802e-14,5.684341886080802e-14,True,True
1802,f1802,1.1368683772161603e-13,0.0,1.1368683772161603e-13,True,True
1803,f1803,6.355287432313019e-14,0.0,5.684341886080802e-14,True,True
1804,f1804,6.355287432313019e-14,2.842170943040401e-14,5.684341886080802e-14,True,True
1805,f1805,6.355287432313019e-14,0.0,5.684341886080802e-14,True,True
1806,f1806,2.2737367544323206e-13,5.684341886080802e-14,2.2737367544323206e-13,True,True
1807,f1807,6.355287432313019e-14,2.929642751054232e-14,5.684341886080802e-14,True,True
1808,f1808,8.038873388460929e-14,0.0,5.684341886080802e-14,True,True
1809,f1809,6.355287432313019e-14,5.684341886080802e-14,5.684341886080802e-14,True,True
1810,f1810,1.1368683772161603e-13,0.0,1.1368683772161603e-13,True,True
1811,f1811,8.038873388460929e-14,5.684341886080802e-14,5.684341886080802e-14,True,True
1812,f1812,6.355287432313019e-14,0.0,5.684341886080802e-14,True,True
1813,f1813,5.684341886080802e-14,1.4210854715202004e-14,5.684341886080802e-14,True,True
1814,f1814,8.038873388460929e-14,5.684341886080802e-14,5.684341886080802e-14,True,True
1815,f1815,1.2710574864626038e-13,0.0,1.1368683772161603e-13,True,True
1816,f1816,1.1718571004216928e-13,0.0,1.1368683772161603e-13,True,True
1817,f1817,6.355287432313019e-14,4.0194366942304644e-14,5.684341886080802e-14,True,True
1818,f1818,1.1368683772161603e-13,0.0,1.1368683772161603e-13,True,True
1819,f1819,5.695433295429594e-14,7.105427357601002e-15,5.684341886080802e-14,True,True
1820,f1820,1.2710574864626038e-13,0.0,1.1368683772161603e-13,True,True
1821,f1821,5.728578676879116e-14,0.0,5.684341886080802e-14,True,True
1822,f1822,6.02080366904038e-14,2.6645352591003757e-15,5.684341886080802e-14,True,True
1823,f1823,1.2710574864626038e-13,0.0,1.1368683772161603e-13,True,True
1824,f1824,1.1718571004216928e-13,5.684341886080802e-14,1.1368683772161603e-13,True,True
1825,f1825,4.0194366942304644e-14,1.4210854715202004e-14,2.842170943040401e-14,True,True
1826,f1826,1.1718571004216928e-13,0.0,1.1368683772161603e-13,True,True
1827,f1827,5.684341886080802e-14,0.0,5.684341886080802e-14,True,True
1828,f1828,1.1368683772161603e-13,0.0,1.1368683772161603e-13,True,True
1829,f1829,8.038873388460929e-14,0.0,5.684341886080802e-14,True,True
1830,f1830,2.3437142008433856e-13,0.0,2.2737367544323206e-13,True,True
1831,f1831,8.038873388460929e-14,5.684341886080802e-14,5.684341886080802e-14,True,True
1832,f1832,1.156679772130055e-13,7.105427357601002e-15,1.1368683772161603e-13,True,True
1833,f1833,1.1368683772161603e-13,0.0,1.1368683772161603e-13,True,True
1834,f1834,1.2710574864626038e-13,0.0,1.1368683772161603e-13,True,True
1835,f1835,5.684341886080802e-14,0.0,5.684341886080802e-14,True,True
1836,f1836,6.898122193969271e-14,1.4210854715202004e-14,5.684341886080802e-14,True,True
1837,f1837,6.355287432313019e-14,0.0,5.684341886080802e-14,True,True
1838,f1838,6.355287432313019e-14,2.842170943040401e-14,5.684341886080802e-14,True,True
1839,f1839,1.1718571004216928e-13,1.1718571004216928e-13,1.1368683772161603e-13,True,True
1840,f1840,5.684341886080802e-14,5.684341886080802e-14,5.684341886080802e-14,True,True
1841,f1841,4.0194366942304644e-14,0.0,2.842170943040401e-14,True,True
1842,f1842,5.684341886080802e-14,0.0,5.684341886080802e-14,True,True
1843,f1843,8.038873388460929e-14,5.684341886080802e-14,5.684341886080802e-14,True,True
1844,f1844,5.684341886080802e-14,0.0,5.684341886080802e-14,True,True
1845,f1845,6.355287432313019e-14,2.842170943040401e-14,5.684341886080802e-14,True,True
1846,f1846,5.881458211527255e-14,5.881458211527255e-14,5.684341886080802e-14,True,True
1847,f1847,5.859285502108464e-14,2.842170943040401e-14,5.684341886080802e-14,True,True
1848,f1848,1.6077746776921858e-13,0.0,1.1368683772161603e-13,True,True
1849,f1849,1.1718571004216928e-13,0.0,1.1368683772161603e-13,True,True
1850,f1850,1.1374233532693354e-13,2.6645352591003757e-14,1.1368683772161603e-13,True,True
1851,f1851,3.552713678800501e-14,3.1776437161565096e-14,2.842170943040401e-14,True,True
1852,f1852,6.355287432313019e-14,5.684341886080802e-14,5.684341886080802e-14,True,True
1853,f1853,6.355287432313019e-14,0.0,5.684341886080802e-14,True,True
1854,f1854,8.038873388460929e-14,2.842170943040401e-14,5.684341886080802e-14,True,True
1855,f1855,8.038873388460929e-14,0.0,5.684341886080802e-14,True,True
1856,f1856,1.1368683772161603e-13,0.0,1.1368683772161603e-13,True,True
1857,f1857,6.355287432313019e-14,5.684341886080802e-14,5.684341886080802e-14,True,True
1858,f1858,1.2409095402129096e-13,2.842170943040401e-14,1.1368683772161603e-13,True,True
1859,f1859,4.0194366942304644e-14,4.0194366942304644e-14,2.842170943040401e-14,True,True
1860,f1860,4.0194366942304644e-14,2.842170943040401e-14,2.842170943040401e-14,True,True
1861,f1861,1.2710574864626038e-13,5.684341886080802e-14,1.1368683772161603e-13,True,True
1862,f1862,1.2710574864626038e-13,5.684341886080802e-14,1.1368683772161603e-13,True,True
1863,f1863,1.1718571004216928e-13,0.0,1.1368683772161603e-13,True,True
1864,f1864,6.355287432313019e-14,5.684341886080802e-14,5.684341886080802e-14,True,True
1865,f1865,5.123796534383003e-14,5.123796534383003e-14,2.886579864025407e-14,True,True
1866,f1866,8.038873388460929e-14,6.355287432313019e-14,5.684341886080802e-14,True,True
1867,f1867,1.2710574864626038e-13,0.0,1.1368683772161603e-13,True,True
1868,f1868,6.355287432313019e-14,2.842170943040401e-14,5.684341886080802e-14,True,True
1869,f1869,1.1368683772161603e-13,5.684341886080802e-14,1.1368683772161603e-13,True,True
1870,f1870,1.1368683772161603e-13,0.0,1.1368683772161603e-13,True,True
1871,f1871,6.355287432313019e-14,0.0,5.684341886080802e-14,True,True
1872,f1872,1.2710574864626038e-13,0.0,1.1368683772161603e-13,True,True
1873,f1873,5.859285502108464e-14,7.105427357601002e-15,5.684341886080802e-14,True,True
1874,f1874,5.684341886080802e-14,0.0,5.684341886080802e-14,True,True
1875,f1875,6.355287432313019e-14,0.0,5.684341886080802e-14,True,True
1876,f1876,1.2710574864626038e-13,2.842170943040401e-14,1.1368683772161603e-13,True,True
1877,f1877,6.355287432313019e-14,3.552713678800501e-14,5.684341886080802e-14,True,True
1878,f1878,5.684341886080802e-14,5.684341886080802e-14,2.842170943040401e-14,True,True
1879,f1879,1.1368683772161603e-13,6.355287432313019e-14,1.1368683772161603e-13,True,True
1880,f1880,6.07087979554246e-14,0.0,5.684341886080802e-14,True,True
1881,f1881,1.1368683772161603e-13,0.0,1.1368683772161603e-13,True,True
1882,f1882,1.2710574864626038e-13,0.0,1.1368683772161603e-13,True,True
1883,f1883,6.07087979554246e-14,5.684341886080802e-14,5.684341886080802e-14,True,True
1884,f1884,1.2710574864626038e-13,0.0,1.1368683772161603e-13,True,True
1885,f1885,5.684341886080802e-14,2.842170943040401e-14,5.684341886080802e-14,True,True
1886,f1886,6.355287432313019e-14,2.842170943040401e-14,5.684341886080802e-14,True,True
1887,f1887,6.355287432313019e-14,5.684341886080802e-14,5.684341886080802e-14,True,True
1888,f1888,8.038873388460929e-14,0.0,5.684341886080802e-14,True,True
1889,f1889,5.753312400962914e-14,1.9539925233402755e-14,5.684341886080802e-14,True,True
1890,f1890,1.1368683772161603e-13,1.1368683772161603e-13,1.1368683772161603e-13,True,True
1891,f1891,8.038873388460929e-14,0.0,5.684341886080802e-14,True,True
1892,f1892,5.684341886080802e-14,2.0097183471152322e-14,5.684341886080802e-14,True,True
1893,f1893,1.2710574864626038e-13,5.684341886080802e-14,1.1368683772161603e-13,True,True
1894,f1894,1.1368683772161603e-13,5.684341886080802e-14,1.1368683772161603e-13,True,True
1895,f1895,6.355287432313019e-14,5.684341886080802e-14,5.684341886080802e-14,True,True
1896,f1896,1.1457157353758233e-13,0.0,1.1368683772161603e-13,True,True
1897,f1897,1.1368683772161603e-13,0.0,1.1368683772161603e-13,True,True
1898,f1898,6.355287432313019e-14,1.4210854715202004e-14,5.684341886080802e-14,True,True
1899,f1899,1.1368683772161603e-13,1.1368683772161603e-13,1.1368683772161603e-13,True,True
1900,f1900,8.038873388460929e-14,0.0,5.684341886080802e-14,True,True
1901,f1901,1.1368683772161603e-13,5.684341886080802e-14,1.1368683772161603e-13,True,True
1902,f1902,8.038873388460929e-14,5.684341886080802e-14,5.684341886080802e-14,True,True
1903,f1903,5.123796534383003e-14,2.842170943040401e-14,4.263256414560601e-14,True,True
1904,f1904,5.684341886080802e-14,5.684341886080802e-14,5.684341886080802e-14,True,True
1905,f1905,1.2710574864626038e-13,5.684341886080802e-14,1.1368683772161603e-13,True,True
1906,f1906,5.684341886080802e-14,2.1316282072803006e-14,5.684341886080802e-14,True,True
1907,f1907,1.1368683772161603e-13,1.1368683772161603e-13,5.684341886080802e-14,True,True
1908,f1908,6.355287432313019e-14,2.842170943040401e-14,5.684341886080802e-14,True,True
1909,f1909,6.355287432313019e-14,0.0,5.684341886080802e-14,True,True
1910,f1910,1.1368683772161603e-13,5.684341886080802e-14,1.1368683772161603e-13,True,True
1911,f1911,5.859285502108464e-14,1.4210854715202004e-14,5.684341886080802e-14,True,True
1912,f1912,1.1718571004216928e-13,1.1718571004216928e-13,4.085620730620576e-14,True,True
1913,f1913,5.684341886080802e-14,0.0,5.684341886080802e-14,True,True
1914,f1914,8.038873388460929e-14,0.0,5.684341886080802e-14,True,True
1915,f1915,1.2710574864626038e-13,5.684341886080802e-14,1.1368683772161603e-13,True,True
1916,f1916,1.2710574864626038e-13,5.684341886080802e-14,1.1368683772161603e-13,True,True
1917,f1917,1.1368683772161603e-13,5.684341886080802e-14,1.1368683772161603e-13,True,True
1918,f1918,1.1368683772161603e-13,5.684341886080802e-14,1.1368683772161603e-13,True,True
1919,f1919,5.695433295429594e-14,0.0,5.684341886080802e-14,True,True
1920,f1920,5.859285502108464e-14,5.859285502108464e-14,5.684341886080802e-14,True,True
1921,f1921,6.355287432313019e-14,2.842170943040401e-14,5.684341886080802e-14,True,True
1922,f1922,8.038873388460929e-14,0.0,5.684341886080802e-14,True,True
1923,f1923,5.684341886080802e-14,5.329070518200751e-15,5.684341886080802e-14,True,True
1924,f1924,6.355287432313019e-14,0.0,5.684341886080802e-14,True,True
1925,f1925,7.105427357601002e-14,0.0,5.684341886080802e-14,True,True
1926,f1926,8.038873388460929e-14,0.0,5.684341886080802e-14,True,True
1927,f1927,5.684341886080802e-14,5.684341886080802e-14,5.684341886080802e-14,True,True
1928,f1928,4.063416270128073e-14,3.1776437161565096e-14,4.063416270128073e-14,True,True
1929,f1929,5.684341886080802e-14,0.0,5.684341886080802e-14,True,True
1930,f1930,1.1368683772161603e-13,1.1368683772161603e-13,1.1368683772161603e-13,True,True
1931,f1931,1.1368683772161603e-13,0.0,1.1368683772161603e-13,True,True
1932,f1932,5.684341886080802e-14,5.684341886080802e-14,5.684341886080802e-14,True,True
1933,f1933,1.1368683772161603e-13,0.0,1.1368683772161603e-13,True,True
1934,f1934,1.156679772130055e-13,3.552713678800501e-15,1.1368683772161603e-13,True,True
1935,f1935,1.2710574864626038e-13,0.0,1.1368683772161603e-13,True,True
1936,f1936,1.2710574864626038e-13,0.0,1.1368683772161603e-13,True,True
1937,f1937,4.973799150320701e-14,1.4210854715202004e-14,4.973799150320701e-14,True,True
1938,f1938,8.038873388460929e-14,5.684341886080802e-14,5.684341886080802e-14,True,True
1939,f1939,1.2710574864626038e-13,5.684341886080802e-14,1.1368683772161603e-13,True,True
1940,f1940,5.728578676879116e-14,0.0,5.684341886080802e-14,True,True
1941,f1941,1.2710574864626038e-13,0.0,1.1368683772161603e-13,True,True
1942,f1942,5.904883742358415e-14,3.375077994860476e-14,5.684341886080802e-14,True,True
1943,f1943,1.1457157353758233e-13,5.684341886080802e-14,1.1368683772161603e-13,True,True
1944,f1944,6.355287432313019e-14,1.4210854715202004e-14,5.684341886080802e-14,True,True
1945,f1945,5.684341886080802e-14,0.0,5.684341886080802e-14,True,True
1946,f1946,1.1368683772161603e-13,5.684341886080802e-14,1.1368683772161603e-13,True,True
1947,f1947,1.1368683772161603e-13,5.684341886080802e-14,1.1368683772161603e-13,True,True
1948,f1948,5.728578676879116e-14,7.105427357601002e-15,5.684341886080802e-14,True,True
1949,f1949,6.277857184170547e-14,1.4210854715202004e-14,5.684341886080802e-14,True,True
1950,f1950,6.355287432313019e-14,5.684341886080802e-14,5.684341886080802e-14,True,True
1951,f1951,4.4938668397781776e-14,1.4210854715202004e-14,4.263256414560601e-14,True,True
1952,f1952,1.1457157353758233e-13,1.1368683772161603e-13,1.1368683772161603e-13,True,True
1953,f1953,5.684341886080802e-14,2.842170943040401e-14,5.684341886080802e-14,True,True
1954,f1954,7.105427357601002e-14,5.684341886080802e-14,5.684341886080802e-14,True,True
1955,f1955,5.684341886080802e-14,2.842170943040401e-14,5.684341886080802e-14,True,True
1956,f1956,1.2710574864626038e-13,0.0,1.1368683772161603e-13,True,True
1957,f1957,1.2710574864626038e-13,0.0,1.1368683772161603e-13,True,True
1958,f1958,3.1776437161565096e-14,2.842170943040401e-14,2.842170943040401e-14,True,True
1959,f1959,1.1368683772161603e-13,2.842170943040401e-14,1.1368683772161603e-13,True,True
1960,f1960,8.038873388460929e-14,0.0,5.684341886080802e-14,True,True
1961,f1961,1.1368683772161603e-13,2.842170943040401e-14,1.1368683772161603e-13,True,True
1962,f1962,4.4938668397781776e-14,1.4210854715202004e-14,4.263256414560601e-14,True,True
1963,f1963,6.355287432313019e-14,0.0,5.684341886080802e-14,True,True
1964,f1964,6.07087979554246e-14,6.07087979554246e-14,5.684341886080802e-14,True,True
1965,f1965,1.1368683772161603e-13,0.0,1.1368683772161603e-13,True,True
1966,f1966,6.355287432313019e-14,0.0,5.684341886080802e-14,True,True
1967,f1967,1.1368683772161603e-13,8.038873388460929e-14,1.1368683772161603e-13,True,True
1968,f1968,1.1718571004216928e-13,5.684341886080802e-14,1.1368683772161603e-13,True,True
1969,f1969,8.038873388460929e-14,8.038873388460929e-14,5.684341886080802e-14,True,True
1970,f1970,1.1368683772161603e-13,0.0,1.1368683772161603e-13,True,True
1971,f1971,1.1718571004216928e-13,2.842170943040401e-14,1.1368683772161603e-13,True,True
1972,f1972,8.038873388460929e-14,5.684341886080802e-14,5.684341886080802e-14,True,True
1973,f1973,5.684341886080802e-14,5.684341886080802e-14,5.684341886080802e-14,True,True
1974,f1974,1.1718571004216928e-13,5.684341886080802e-14,1.1368683772161603e-13,True,True
1975,f1975,8.038873388460929e-14,5.684341886080802e-14,5.684341886080802e-14,True,True
1976,f1976,1.2710574864626038e-13,6.355287432313019e-14,1.1368683772161603e-13,True,True
1977,f1977,8.038873388460929e-14,8.038873388460929e-14,5.684341886080802e-14,True,True
1978,f1978,1.2710574864626038e-13,5.684341886080802e-14,1.1368683772161603e-13,True,True
1979,f1979,6.355287432313019e-14,4.0194366942304644e-14,5.684341886080802e-14,True,True
1980,f1980,6.588254636663881e-14,1.4210854715202004e-14,5.684341886080802e-14,True,True
1981,f1981,4.0194366942304644e-14,4.0194366942304644e-14,2.842170943040401e-14,True,True
1982,f1982,6.355287432313019e-14,6.355287432313019e-14,5.684341886080802e-14,True,True
1983,f1983,4.263256414560601e-14,3.1776437161565096e-14,4.263256414560601e-14,True,True
1984,f1984,1.2710574864626038e-13,5.684341886080802e-14,1.1368683772161603e-13,True,True
1985,f1985,1.1368683772161603e-13,0.0,1.1368683772161603e-13,True,True
1986,f1986,1.2710574864626038e-13,5.684341886080802e-14,1.1368683772161603e-13,True,True
1987,f1987,6.703246762680666e-14,1.4210854715202004e-14,5.684341886080802e-14,True,True
1988,f1988,1.1368683772161603e-13,0.0,1.1368683772161603e-13,True,True
1989,f1989,1.2710574864626038e-13,1.2710574864626038e-13,1.1368683772161603e-13,True,True
1990,f1990,1.1368683772161603e-13,2.842170943040401e-14,1.1368683772161603e-13,True,True
1991,f1991,1.2710574864626038e-13,0.0,1.1368683772161603e-13,True,True
1992,f1992,2.2737367544323206e-13,5.684341886080802e-14,2.2737367544323206e-13,True,True
1993,f1993,8.038873388460929e-14,0.0,5.684341886080802e-14,True,True
1994,f1994,5.684341886080802e-14,0.0,5.684341886080802e-14,True,True
1995,f1995,6.355287432313019e-14,2.842170943040401e-14,5.684341886080802e-14,True,True
1996,f1996,5.684341886080802e-14,0.0,5.684341886080802e-14,True,True
1997,f1997,1.1368683772161603e-13,1.1368683772161603e-13,1.1368683772161603e-13,True,True
1998,f1998,5.684341886080802e-14,0.0,5.684341886080802e-14,True,True
1999,f1999,1.2710574864626038e-13,5.684341886080802e-14,1.1368683772161603e-13,True,True
2000,f2000,2.2737367544323206e-13,2.842170943040401e-14,2.2737367544323206e-13,True,True
2001,f2001,1.1718571004216928e-13,0.0,1.1368683772161603e-13,True,True
2002,f2002,1.2710574864626038e-13,0.0,1.1368683772161603e-13,True,True
2003,f2003,8.038873388460929e-14,2.842170943040401e-14,5.684341886080802e-14,True,True
2004,f2004,8.038873388460929e-14,5.684341886080802e-14,5.684341886080802e-14,True,True
2005,f2005,6.355287432313019e-14,0.0,5.684341886080802e-14,True,True
2006,f2006,1.1718571004216928e-13,2.842170943040401e-14,1.1368683772161603e-13,True,True
2007,f2007,4.5496934130773415e-14,0.0,3.907985046680551e-14,True,True
2008,f2008,1.1718571004216928e-13,0.0,1.1368683772161603e-13,True,True
2009,f2009,6.355287432313019e-14,2.842170943040401e-14,5.684341886080802e-14,True,True
2010,f2010,1.1368683772161603e-13,0.0,1.1368683772161603e-13,True,True
2011,f2011,8.038873388460929e-14,5.684341886080802e-14,5.684341886080802e-14,True,True
2012,f2012,6.355287432313019e-14,2.842170943040401e-14,5.684341886080802e-14,True,True
2013,f2013,1.1368683772161603e-13,5.684341886080802e-14,1.1368683772161603e-13,True,True
2014,f2014,5.684341886080802e-14,2.842170943040401e-14,5.684341886080802e-14,True,True
2015,f2015,4.973799150320701e-14,0.0,4.973799150320701e-14,True,True
2016,f2016,1.1368683772161603e-13,1.1368683772161603e-13,1.1368683772161603e-13,True,True
2017,f2017,6.07087979554246e-14,2.1316282072803006e-14,5.684341886080802e-14,True,True
2018,f2018,4.3944641265813476e-14,1.4210854715202004e-14,4.263256414560601e-14,True,True
2019,f2019,5.684341886080802e-14,0.0,5.684341886080802e-14,True,True
2020,f2020,6.355287432313019e-14,2.842170943040401e-14,5.684341886080802e-14,True,True
2021,f2021,1.156679772130055e-13,7.105427357601002e-15,1.1368683772161603e-13,True,True
2022,f2022,5.684341886080802e-14,0.0,5.684341886080802e-14,True,True
2023,f2023,5.859285502108464e-14,2.842170943040401e-14,5.684341886080802e-14,True,True
2024,f2024,8.038873388460929e-14,0.0,5.684341886080802e-14,True,True
2025,f2025,1.1718571004216928e-13,1.1368683772161603e-13,1.1368683772161603e-13,True,True
2026,f2026,6.355287432313019e-14,0.0,5.684341886080802e-14,True,True
2027,f2027,6.355287432313019e-14,2.842170943040401e-14,5.684341886080802e-14,True,True
2028,f2028,4.0194366942304644e-14,4.0194366942304644e-14,2.842170943040401e-14,True,True
2029,f2029,1.2710574864626038e-13,0.0,1.1368683772161603e-13,True,True
2030,f2030,1.1368683772161603e-13,8.038873388460929e-14,1.1368683772161603e-13,True,True
2031,f2031,1.1368683772161603e-13,5.684341886080802e-14,1.1368683772161603e-13,True,True
2032,f2032,8.038873388460929e-14,5.684341886080802e-14,5.684341886080802e-14,True,True
2033,f2033,8.038873388460929e-14,6.355287432313019e-14,5.684341886080802e-14,True,True
2034,f2034,8.038873388460929e-14,2.842170943040401e-14,5.684341886080802e-14,True,True
2035,f2035,1.2710574864626038e-13,1.1368683772161603e-13,1.1368683772161603e-13,True,True
2036,f2036,6.07087979554246e-14,2.5757174171303632e-14,5.684341886080802e-14,True,True
2037,f2037,8.038873388460929e-14,0.0,5.684341886080802e-14,True,True
2038,f2038,8.038873388460929e-14,0.0,5.684341886080802e-14,True,True
2039,f2039,5.684341886080802e-14,5.684341886080802e-14,5.684341886080802e-14,True,True
2040,f2040,4.0194366942304644e-14,0.0,2.842170943040401e-14,True,True
2041,f2041,4.0194366942304644e-14,0.0,3.552713678800501e-14,True,True
2042,f2042,1.2710574864626038e-13,0.0,1.1368683772161603e-13,True,True
2043,f2043,1.1368683772161603e-13,0.0,1.1368683772161603e-13,True,True
2044,f2044,5.859285502108464e-14,0.0,5.684341886080802e-14,True,True
2045,f2045,6.355287432313019e-14,5.859285502108464e-14,5.684341886080802e-14,True,True
2046,f2046,5.684341886080802e-14,0.0,5.684341886080802e-14,True,True
2047,f2047,5.684341886080802e-14,0.0,5.684341886080802e-14,True,True
2048,f2048,1.1368683772161603e-13,5.684341886080802e-14,1.1368683772161603e-13,True,True
2049,f2049,6.018064239999638e-14,0.0,5.684341886080802e-14,True,True
2050,f2050,1.1368683772161603e-13,6.355287432313019e-14,1.1368683772161603e-13,True,True
2051,f2051,1.1718571004216928e-13,5.684341886080802e-14,1.1368683772161603e-13,True,True
2052,f2052,1.1368683772161603e-13,2.842170943040401e-14,1.1368683772161603e-13,True,True
2053,f2053,8.038873388460929e-14,0.0,5.684341886080802e-14,True,True
2054,f2054,4.0194366942304644e-14,2.842170943040401e-14,2.842170943040401e-14,True,True
2055,f2055,8.038873388460929e-14,0.0,5.684341886080802e-14,True,True
2056,f2056,1.1718571004216928e-13,0.0,1.1368683772161603e-13,True,True
2057,f2057,8.038873388460929e-14,0.0,5.684341886080802e-14,True,True
2058,f2058,8.038873388460929e-14,6.355287432313019e-14,5.684341886080802e-14,True,True
2059,f2059,5.684341886080802e-14,0.0,5.684341886080802e-14,True,True
2060,f2060,5.684341886080802e-14,0.0,5.684341886080802e-14,True,True
2061,f2061,1.1457157353758233e-13,2.842170943040401e-14,1.1368683772161603e-13,True,True
2062,f2062,1.1368683772161603e-13,5.684341886080802e-14,1.1368683772161603e-13,True,True
2063,f2063,5.684341886080802e-14,2.842170943040401e-14,5.684341886080802e-14,True,True
2064,f2064,6.204547701064548e-14,2.842170943040401e-14,5.684341886080802e-14,True,True
2065,f2065,3.730349362740526e-14,2.929642751054232e-14,3.730349362740526e-14,True,True
2066,f2066,1.1718571004216928e-13,2.842170943040401e-14,1.1368683772161603e-13,True,True
2067,f2067,7.331112925894947e-14,2.842170943040401e-14,5.684341886080802e-14,True,True
2068,f2068,2.5421149729252077e-13,0.0,2.2737367544323206e-13,True,True
2069,f2069,1.2710574864626038e-13,5.684341886080802e-14,1.1368683772161603e-13,True,True
2070,f2070,1.1368683772161603e-13,5.684341886080802e-14,1.1368683772161603e-13,True,True
2071,f2071,7.105427357601002e-14,2.842170943040401e-14,5.684341886080802e-14,True,True
2072,f2072,5.684341886080802e-14,2.842170943040401e-14,5.684341886080802e-14,True,True
2073,f2073,6.07087979554246e-14,0.0,5.684341886080802e-14,True,True
2074,f2074,1.2710574864626038e-13,5.684341886080802e-14,1.1368683772161603e-13,True,True
2075,f2075,5.859285502108464e-14,0.0,5.684341886080802e-14,True,True
2076,f2076,6.355287432313019e-14,2.842170943040401e-14,5.684341886080802e-14,True,True
2077,f2077,1.6077746776921858e-13,0.0,1.1368683772161603e-13,True,True
2078,f2078,1.1718571004216928e-13,1.1457157353758233e-13,1.1368683772161603e-13,True,True
2079,f2079,1.1718571004216928e-13,0.0,1.1368683772161603e-13,True,True
2080,f2080,8.038873388460929e-14,0.0,5.684341886080802e-14,True,True
2081,f2081,2.278173318171838e-13,5.684341886080802e-14,2.2737367544323206e-13,True,True
2082,f2082,6.355287432313019e-14,0.0,5.684341886080802e-14,True,True
2083,f2083,1.2710574864626038e-13,1.1368683772161603e-13,1.1368683772161603e-13,True,True
2084,f2084,1.2710574864626038e-13,1.2710574864626038e-13,1.1368683772161603e-13,True,True
2085,f2085,8.038873388460929e-14,5.684341886080802e-14,5.684341886080802e-14,True,True
2086,f2086,1.1368683772161603e-13,2.842170943040401e-14,1.1368683772161603e-13,True,True
2087,f2087,6.355287432313019e-14,2.842170943040401e-14,5.684341886080802e-14,True,True
2088,f2088,6.355287432313019e-14,0.0,5.684341886080802e-14,True,True
2089,f2089,6.355287432313019e-14,2.842170943040401e-14,5.684341886080802e-14,True,True
2090,f2090,6.355287432313019e-14,6.355287432313019e-14,5.684341886080802e-14,True,True
2091,f2091,1.1368683772161603e-13,5.684341886080802e-14,1.1368683772161603e-13,True,True
2092,f2092,1.1368683772161603e-13,8.038873388460929e-14,1.1368683772161603e-13,True,True
2093,f2093,1.1718571004216928e-13,1.1457157353758233e-13,1.1368683772161603e-13,True,True
2094,f2094,1.2710574864626038e-13,0.0,1.1368683772161603e-13,True,True
2095,f2095,8.038873388460929e-14,8.038873388460929e-14,5.684341886080802e-14,True,True
2096,f2096,5.684341886080802e-14,2.842170943040401e-14,5.684341886080802e-14,True,True
2097,f2097,1.2710574864626038e-13,0.0,1.1368683772161603e-13,True,True
2098,f2098,6.355287432313019e-14,2.842170943040401e-14,5.684341886080802e-14,True,True
2099,f2099,5.859285502108464e-14,2.1316282072803006e-14,5.684341886080802e-14,True,True
2100,f2100,8.038873388460929e-14,0.0,5.684341886080802e-14,True,True
2101,f2101,5.684341886080802e-14,0.0,5.684341886080802e-14,True,True
2102,f2102,6.355287432313019e-14,2.842170943040401e-14,5.684341886080802e-14,True,True
2103,f2103,5.684341886080802e-14,0.0,5.684341886080802e-14,True,True
2104,f2104,5.684341886080802e-14,5.684341886080802e-14,5.684341886080802e-14,True,True
2105,f2105,1.1368683772161603e-13,1.1368683772161603e-13,2.842170943040401e-14,True,True
2106,f2106,1.1368683772161603e-13,5.684341886080802e-14,1.1368683772161603e-13,True,True
2107,f2107,1.202161876938748e-13,1.2434497875801753e-14,1.1368683772161603e-13,True,True
2108,f2108,1.1368683772161603e-13,2.842170943040401e-14,1.1368683772161603e-13,True,True
2109,f2109,1.2710574864626038e-13,0.0,1.1368683772161603e-13,True,True
2110,f2110,3.1776437161565096e-14,3.1776437161565096e-14,2.842170943040401e-14,True,True
2111,f2111,1.1368683772161603e-13,0.0,1.1368683772161603e-13,True,True
2112,f2112,1.1718571004216928e-13,3.552713678800501e-15,1.1368683772161603e-13,True,True
2113,f2113,6.355287432313019e-14,6.07087979554246e-14,5.684341886080802e-14,True,True
2114,f2114,6.355287432313019e-14,0.0,5.684341886080802e-14,True,True
2115,f2115,5.684341886080802e-14,2.842170943040401e-14,5.684341886080802e-14,True,True
2116,f2116,5.684341886080802e-14,2.842170943040401e-14,5.684341886080802e-14,True,True
2117,f2117,1.1368683772161603e-13,8.038873388460929e-14,1.1368683772161603e-13,True,True
2118,f2118,1.1718571004216928e-13,2.842170943040401e-14,1.1368683772161603e-13,True,True
2119,f2119,6.355287432313019e-14,0.0,5.684341886080802e-14,True,True
2120,f2120,5.684341886080802e-14,2.842170943040401e-14,5.684341886080802e-14,True,True
2121,f2121,5.684341886080802e-14,2.842170943040401e-14,5.684341886080802e-14,True,True
2122,f2122,6.355287432313019e-14,2.842170943040401e-14,5.684341886080802e-14,True,True
2123,f2123,5.728578676879116e-14,2.4868995751603507e-14,5.684341886080802e-14,True,True
2124,f2124,1.1368683772161603e-13,2.842170943040401e-14,1.1368683772161603e-13,True,True
2125,f2125,1.1718571004216928e-13,0.0,1.1368683772161603e-13,True,True
2126,f2126,1.2710574864626038e-13,5.684341886080802e-14,1.1368683772161603e-13,True,True
2127,f2127,6.703246762680666e-14,4.0194366942304644e-14,5.684341886080802e-14,True,True
2128,f2128,6.355287432313019e-14,5.684341886080802e-14,5.684341886080802e-14,True,True
2129,f2129,3.6067043581494844e-14,3.1776437161565096e-14,2.842170943040401e-14,True,True
2130,f2130,1.1368683772161603e-13,2.842170943040401e-14,1.1368683772161603e-13,True,True
2131,f2131,6.355287432313019e-14,6.355287432313019e-14,2.842170943040401e-14,True,True
2132,f2132,6.355287432313019e-14,5.684341886080802e-14,5.684341886080802e-14,True,True
2133,f2133,6.355287432313019e-14,0.0,5.684341886080802e-14,True,True
2134,f2134,5.684341886080802e-14,0.0,5.684341886080802e-14,True,True
2135,f2135,1.2710574864626038e-13,1.1368683772161603e-13,1.1368683772161603e-13,True,True
2136,f2136,1.1368683772161603e-13,0.0,1.1368683772161603e-13,True,True
2137,f2137,1.156679772130055e-13,1.1368683772161603e-13,1.1368683772161603e-13,True,True
2138,f2138,1.2710574864626038e-13,1.1368683772161603e-13,1.1368683772161603e-13,True,True
2139,f2139,1.1718571004216928e-13,5.684341886080802e-14,1.1368683772161603e-13,True,True
2140,f2140,5.859285502108464e-14,1.0658141036401503e-14,5.684341886080802e-14,True,True
2141,f2141,1.1368683772161603e-13,2.842170943040401e-14,1.1368683772161603e-13,True,True
2142,f2142,1.2710574864626038e-13,5.684341886080802e-14,1.1368683772161603e-13,True,True
2143,f2143,6.355287432313019e-14,5.684341886080802e-14,5.684341886080802e-14,True,True
2144,f2144,5.123796534383003e-14,1.4210854715202004e-14,4.263256414560601e-14,True,True
2145,f2145,8.038873388460929e-14,0.0,5.684341886080802e-14,True,True
2146,f2146,1.1368683772161603e-13,0.0,1.1368683772161603e-13,True,True
2147,f2147,1.1368683772161603e-13,5.684341886080802e-14,1.1368683772161603e-13,True,True
2148,f2148,1.1368683772161603e-13,5.684341886080802e-14,1.1368683772161603e-13,True,True
2149,f2149,1.1368683772161603e-13,2.842170943040401e-14,1.1368683772161603e-13,True,True
2150,f2150,5.684341886080802e-14,4.0194366942304644e-14,5.684341886080802e-14,True,True
2151,f2151,1.2710574864626038e-13,8.038873388460929e-14,1.1368683772161603e-13,True,True
2152,f2152,1.2710574864626038e-13,0.0,1.1368683772161603e-13,True,True
2153,f2153,3.552713678800501e-14,0.0,2.842170943040401e-14,True,True
2154,f2154,1.1368683772161603e-13,0.0,1.1368683772161603e-13,True,True
2155,f2155,6.355287432313019e-14,0.0,5.684341886080802e-14,True,True
2156,f2156,1.1368683772161603e-13,0.0,1.1368683772161603e-13,True,True
2157,f2157,5.684341886080802e-14,0.0,5.684341886080802e-14,True,True
2158,f2158,1.1457157353758233e-13,0.0,1.1368683772161603e-13,True,True
2159,f2159,2.842170943040401e-14,2.842170943040401e-14,2.842170943040401e-14,True,True
2160,f2160,3.552713678800501e-14,7.105427357601002e-15,3.552713678800501e-14,True,True
2161,f2161,6.355287432313019e-14,0.0,5.684341886080802e-14,True,True
2162,f2162,1.1718571004216928e-13,0.0,1.1368683772161603e-13,True,True
2163,f2163,8.038873388460929e-14,2.842170943040401e-14,5.684341886080802e-14,True,True
2164,f2164,5.684341886080802e-14,5.684341886080802e-14,5.684341886080802e-14,True,True
2165,f2165,6.355287432313019e-14,5.684341886080802e-14,5.684341886080802e-14,True,True
2166,f2166,1.156679772130055e-13,5.684341886080802e-14,1.1368683772161603e-13,True,True
2167,f2167,1.1368683772161603e-13,0.0,1.1368683772161603e-13,True,True
2168,f2168,1.1457157353758233e-13,1.4210854715202004e-14,1.1368683772161603e-13,True,True
2169,f2169,6.355287432313019e-14,5.684341886080802e-14,5.684341886080802e-14,True,True
2170,f2170,6.355287432313019e-14,2.842170943040401e-14,5.684341886080802e-14,True,True
2171,f2171,2.2737367544323206e-13,5.684341886080802e-14,2.2737367544323206e-13,True,True
2172,f2172,1.1368683772161603e-13,1.1368683772161603e-13,1.1368683772161603e-13,True,True
2173,f2173,5.684341886080802e-14,0.0,5.684341886080802e-14,True,True
2174,f2174,1.1368683772161603e-13,2.842170943040401e-14,1.1368683772161603e-13,True,True
2175,f2175,6.355287432313019e-14,5.859285502108464e-14,5.684341886080802e-14,True,True
2176,f2176,8.038873388460929e-14,2.842170943040401e-14,5.684341886080802e-14,True,True
2177,f2177,8.038873388460929e-14,5.684341886080802e-14,5.684341886080802e-14,True,True
2178,f2178,6.355287432313019e-14,0.0,5.684341886080802e-14,True,True
2179,f2179,6.355287432313019e-14,2.842170943040401e-14,5.684341886080802e-14,True,True
2180,f2180,1.2710574864626038e-13,1.1368683772161603e-13,1.1368683772161603e-13,True,True
2181,f2181,8.038873388460929e-14,5.684341886080802e-14,5.684341886080802e-14,True,True
2182,f2182,1.2710574864626038e-13,5.684341886080802e-14,1.1368683772161603e-13,True,True
2183,f2183,2.842170943040401e-14,2.842170943040401e-14,2.842170943040401e-14,True,True
2184,f2184,5.684341886080802e-14,0.0,5.684341886080802e-14,True,True
2185,f2185,6.355287432313019e-14,6.355287432313019e-14,5.684341886080802e-14,True,True
2186,f2186,1.2710574864626038e-13,0.0,1.1368683772161603e-13,True,True
2187,f2187,5.684341886080802e-14,5.684341886080802e-14,5.684341886080802e-14,True,True
2188,f2188,6.355287432313019e-14,6.355287432313019e-14,5.684341886080802e-14,True,True
2189,f2189,1.2710574864626038e-13,0.0,1.1368683772161603e-13,True,True
2190,f2190,1.2710574864626038e-13,1.1368683772161603e-13,1.1368683772161603e-13,True,True
2191,f2191,8.038873388460929e-14,2.842170943040401e-14,5.684341886080802e-14,True,True
2192,f2192,5.728578676879116e-14,5.684341886080802e-14,5.684341886080802e-14,True,True
2193,f2193,1.1368683772161603e-13,8.038873388460929e-14,1.1368683772161603e-13,True,True
2194,f2194,1.1368683772161603e-13,0.0,1.1368683772161603e-13,True,True
2195,f2195,1.2710574864626038e-13,1.1368683772161603e-13,1.1368683772161603e-13,True,True
2196,f2196,1.1718571004216928e-13,0.0,1.1368683772161603e-13,True,True
2197,f2197,1.2710574864626038e-13,5.684341886080802e-14,1.1368683772161603e-13,True,True
2198,f2198,1.1368683772161603e-13,0.0,1.1368683772161603e-13,True,True
2199,f2199,6.355287432313019e-14,0.0,5.684341886080802e-14,True,True
2200,f2200,6.355287432313019e-14,5.684341886080802e-14,5.684341886080802e-14,True,True
2201,f2201,1.1368683772161603e-13,5.684341886080802e-14,1.1368683772161603e-13,True,True
2202,f2202,5.684341886080802e-14,5.684341886080802e-14,5.684341886080802e-14,True,True
2203,f2203,8.038873388460929e-14,5.684341886080802e-14,5.684341886080802e-14,True,True
2204,f2204,6.355287432313019e-14,6.355287432313019e-14,5.684341886080802e-14,True,True
2205,f2205,6.355287432313019e-14,1.4210854715202004e-14,5.684341886080802e-14,True,True
2206,f2206,5.684341886080802e-14,2.842170943040401e-14,5.684341886080802e-14,True,True
2207,f2207,5.684341886080802e-14,0.0,5.684341886080802e-14,True,True
2208,f2208,1.2710574864626038e-13,0.0,1.1368683772161603e-13,True,True
2209,f2209,6.355287432313019e-14,0.0,5.684341886080802e-14,True,True
2210,f2210,1.2710574864626038e-13,5.684341886080802e-14,1.1368683772161603e-13,True,True
2211,f2211,5.684341886080802e-14,0.0,5.684341886080802e-14,True,True
2212,f2212,1.214175959108492e-13,0.0,1.1368683772161603e-13,True,True
2213,f2213,8.038873388460929e-14,0.0,5.684341886080802e-14,True,True
2214,f2214,6.01080938469374e-14,2.842170943040401e-14,5.684341886080802e-14,True,True
2215,f2215,5.684341886080802e-14,0.0,5.684341886080802e-14,True,True
2216,f2216,2.2737367544323206e-13,1.1368683772161603e-13,2.2737367544323206e-13,True,True
2217,f2217,1.139086659085919e-13,0.0,1.1368683772161603e-13,True,True
2218,f2218,8.038873388460929e-14,5.684341886080802e-14,5.684341886080802e-14,True,True
2219,f2219,1.1718571004216928e-13,6.355287432313019e-14,1.1368683772161603e-13,True,True
2220,f2220,1.2710574864626038e-13,0.0,1.1368683772161603e-13,True,True
2221,f2221,5.859285502108464e-14,2.842170943040401e-14,5.684341886080802e-14,True,True
2222,f2222,5.701662731533487e-14,5.684341886080802e-14,5.684341886080802e-14,True,True
2223,f2223,1.1718571004216928e-13,2.842170943040401e-14,1.1368683772161603e-13,True,True
2224,f2224,8.038873388460929e-14,5.684341886080802e-14,5.684341886080802e-14,True,True
2225,f2225,1.2710574864626038e-13,5.684341886080802e-14,1.1368683772161603e-13,True,True
2226,f2226,5.684341886080802e-14,0.0,5.684341886080802e-14,True,True
2227,f2227,1.139086659085919e-13,1.4210854715202004e-14,1.1368683772161603e-13,True,True
2228,f2228,1.1368683772161603e-13,1.1368683772161603e-13,1.1368683772161603e-13,True,True
2229,f2229,8.038873388460929e-14,8.038873388460929e-14,5.684341886080802e-14,True,True
2230,f2230,1.2710574864626038e-13,5.684341886080802e-14,1.1368683772161603e-13,True,True
2231,f2231,2.2914314707516465e-13,0.0,2.2737367544323206e-13,True,True
2232,f2232,1.1718571004216928e-13,0.0,1.1368683772161603e-13,True,True
2233,f2233,5.684341886080802e-14,1.4210854715202004e-14,5.684341886080802e-14,True,True
2234,f2234,1.2076782341389746e-13,1.509903313490213e-14,1.1368683772161603e-13,True,True
2235,f2235,2.842170943040401e-14,2.842170943040401e-14,2.842170943040401e-14,True,True
2236,f2236,6.355287432313019e-14,2.842170943040401e-14,5.684341886080802e-14,True,True
2237,f2237,5.783398860650275e-14,2.842170943040401e-14,5.684341886080802e-14,True,True
2238,f2238,8.038873388460929e-14,0.0,5.684341886080802e-14,True,True
2239,f2239,6.948825512889077e-14,1.4210854715202004e-14,5.684341886080802e-14,True,True
2240,f2240,6.355287432313019e-14,5.728578676879116e-14,5.684341886080802e-14,True,True
2241,f2241,8.038873388460929e-14,0.0,5.684341886080802e-14,True,True
2242,f2242,1.2710574864626038e-13,0.0,1.1368683772161603e-13,True,True
2243,f2243,5.809426966372668e-14,3.552713678800501e-15,5.684341886080802e-14,True,True
2244,f2244,1.1457157353758233e-13,2.842170943040401e-14,1.1368683772161603e-13,True,True
2245,f2245,6.355287432313019e-14,5.728578676879116e-14,5.684341886080802e-14,True,True
2246,f2246,1.2710574864626038e-13,1.1368683772161603e-13,1.1368683772161603e-13,True,True
2247,f2247,1.1718571004216928e-13,4.0194366942304644e-14,1.1368683772161603e-13,True,True
2248,f2248,1.1368683772161603e-13,0.0,1.1368683772161603e-13,True,True
2249,f2249,6.355287432313019e-14,2.842170943040401e-14,5.684341886080802e-14,True,True
2250,f2250,1.1368683772161603e-13,0.0,1.1368683772161603e-13,True,True
2251,f2251,6.355287432313019e-14,5.684341886080802e-14,5.684341886080802e-14,True,True
2252,f2252,8.038873388460929e-14,0.0,5.684341886080802e-14,True,True
2253,f2253,8.038873388460929e-14,5.684341886080802e-14,5.684341886080802e-14,True,True
2254,f2254,1.1368683772161603e-13,8.038873388460929e-14,1.1368683772161603e-13,True,True
2255,f2255,8.038873388460929e-14,5.684341886080802e-14,5.684341886080802e-14,True,True
2256,f2256,5.859285502108464e-14,0.0,5.684341886080802e-14,True,True
2257,f2257,5.3290705182007514e-14,2.929642751054232e-14,5.3290705182007514e-14,True,True
2258,f2258,1.6077746776921858e-13,5.684341886080802e-14,1.1368683772161603e-13,True,True
2259,f2259,1.214175959108492e-13,5.684341886080802e-14,1.1368683772161603e-13,True,True
2260,f2260,5.684341886080802e-14,5.684341886080802e-14,5.684341886080802e-14,True,True
2261,f2261,1.2710574864626038e-13,2.842170943040401e-14,1.1368683772161603e-13,True,True
2262,f2262,2.842170943040401e-14,2.842170943040401e-14,2.842170943040401e-14,True,True
2263,f2263,1.2710574864626038e-13,5.684341886080802e-14,1.1368683772161603e-13,True,True
2264,f2264,8.038873388460929e-14,2.842170943040401e-14,5.684341886080802e-14,True,True
2265,f2265,4.0194366942304644e-14,3.1776437161565096e-14,3.197442310920451e-14,True,True
2266,f2266,1.1368683772161603e-13,5.684341886080802e-14,1.1368683772161603e-13,True,True
2267,f2267,5.684341886080802e-14,0.0,5.684341886080802e-14,True,True
2268,f2268,1.2710574864626038e-13,0.0,1.1368683772161603e-13,True,True
2269,f2269,5.859285502108464e-14,0.0,5.684341886080802e-14,True,True
2270,f2270,1.1368683772161603e-13,0.0,1.1368683772161603e-13,True,True
2271,f2271,6.355287432313019e-14,0.0,5.684341886080802e-14,True,True
2272,f2272,1.1368683772161603e-13,0.0,1.1368683772161603e-13,True,True
2273,f2273,1.1368683772161603e-13,0.0,1.1368683772161603e-13,True,True
2274,f2274,1.2710574864626038e-13,1.2710574864626038e-13,1.1368683772161603e-13,True,True
2275,f2275,6.355287432313019e-14,0.0,5.684341886080802e-14,True,True
2276,f2276,1.214175959108492e-13,5.684341886080802e-14,1.1368683772161603e-13,True,True
2277,f2277,6.355287432313019e-14,0.0,5.684341886080802e-14,True,True
2278,f2278,4.322062729257126e-14,2.0097183471152322e-14,4.263256414560601e-14,True,True
2279,f2279,1.1368683772161603e-13,5.684341886080802e-14,1.1368683772161603e-13,True,True
2280,f2280,2.2737367544323206e-13,0.0,2.2737367544323206e-13,True,True
2281,f2281,5.684341886080802e-14,1.4210854715202004e-14,5.684341886080802e-14,True,True
2282,f2282,8.038873388460929e-14,0.0,5.684341886080802e-14,True,True
2283,f2283,1.1368683772161603e-13,0.0,1.1368683772161603e-13,True,True
2284,f2284,6.355287432313019e-14,6.355287432313019e-14,5.684341886080802e-14,True,True
2285,f2285,5.684341886080802e-14,4.263256414560601e-14,5.684341886080802e-14,True,True
2286,f2286,6.703246762680666e-14,6.703246762680666e-14,5.684341886080802e-14,True,True
2287,f2287,3.375077994860476e-14,7.105427357601002e-15,3.375077994860476e-14,True,True
2288,f2288,6.355287432313019e-14,3.1776437161565096e-14,5.684341886080802e-14,True,True
2289,f2289,2.7000623958883807e-13,0.0,2.7000623958883807e-13,True,True
2290,f2290,1.1457157353758233e-13,2.842170943040401e-14,1.1368683772161603e-13,True,True
2291,f2291,1.1368683772161603e-13,2.842170943040401e-14,1.1368683772161603e-13,True,True
2292,f2292,4.0194366942304644e-14,2.842170943040401e-14,2.842170943040401e-14,True,True
2293,f2293,1.1368683772161603e-13,0.0,1.1368683772161603e-13,True,True
2294,f2294,8.038873388460929e-14,2.842170943040401e-14,5.684341886080802e-14,True,True
2295,f2295,6.355287432313019e-14,6.355287432313019e-14,5.684341886080802e-14,True,True
2296,f2296,6.355287432313019e-14,2.842170943040401e-14,5.684341886080802e-14,True,True
2297,f2297,1.1368683772161603e-13,6.355287432313019e-14,1.1368683772161603e-13,True,True
2298,f2298,6.355287432313019e-14,5.684341886080802e-14,5.684341886080802e-14,True,True
2299,f2299,1.1368683772161603e-13,0.0,1.1368683772161603e-13,True,True
2300,f2300,5.859285502108464e-14,3.019806626980426e-14,5.684341886080802e-14,True,True
2301,f2301,5.684341886080802e-14,1.4210854715202004e-14,5.684341886080802e-14,True,True
2302,f2302,1.1368683772161603e-13,0.0,1.1368683772161603e-13,True,True
2303,f2303,6.135506694409735e-14,1.4210854715202004e-14,5.684341886080802e-14,True,True
2304,f2304,5.684341886080802e-14,0.0,5.684341886080802e-14,True,True
2305,f2305,6.355287432313019e-14,0.0,5.684341886080802e-14,True,True
2306,f2306,5.859285502108464e-14,0.0,5.684341886080802e-14,True,True
2307,f2307,7.105427357601002e-14,0.0,5.684341886080802e-14,True,True
2308,f2308,6.355287432313019e-14,2.842170943040401e-14,5.684341886080802e-14,True,True
2309,f2309,5.684341886080802e-14,2.842170943040401e-14,5.684341886080802e-14,True,True
2310,f2310,3.4638958368304884e-14,7.105427357601002e-15,3.4638958368304884e-14,True,True
2311,f2311,1.2710574864626038e-13,0.0,1.1368683772161603e-13,True,True
2312,f2312,5.684341886080802e-14,1.4210854715202004e-14,5.684341886080802e-14,True,True
2313,f2313,1.156679772130055e-13,1.0658141036401503e-14,1.1368683772161603e-13,True,True
2314,f2314,1.2710574864626038e-13,1.2710574864626038e-13,1.1368683772161603e-13,True,True
2315,f2315,8.038873388460929e-14,5.684341886080802e-14,5.684341886080802e-14,True,True
2316,f2316,5.684341886080802e-14,0.0,5.684341886080802e-14,True,True
2317,f2317,5.684341886080802e-14,2.842170943040401e-14,5.684341886080802e-14,True,True
2318,f2318,6.355287432313019e-14,0.0,5.684341886080802e-14,True,True
2319,f2319,1.1368683772161603e-13,5.684341886080802e-14,1.1368683772161603e-13,True,True
2320,f2320,1.1368683772161603e-13,2.842170943040401e-14,1.1368683772161603e-13,True,True
2321,f2321,8.038873388460929e-14,0.0,5.684341886080802e-14,True,True
2322,f2322,1.1718571004216928e-13,5.684341886080802e-14,1.1368683772161603e-13,True,True
2323,f2323,8.038873388460929e-14,5.684341886080802e-14,5.684341886080802e-14,True,True
2324,f2324,6.355287432313019e-14,0.0,5.684341886080802e-14,True,True
2325,f2325,5.684341886080802e-14,0.0,5.684341886080802e-14,True,True
2326,f2326,1.1368683772161603e-13,1.1368683772161603e-13,1.1368683772161603e-13,True,True
2327,f2327,4.0194366942304644e-14,2.842170943040401e-14,2.842170943040401e-14,True,True
2328,f2328,1.1374233532693354e-13,5.684341886080802e-14,1.1368683772161603e-13,True,True
2329,f2329,1.1368683772161603e-13,5.684341886080802e-14,1.1368683772161603e-13,True,True
2330,f2330,1.1368683772161603e-13,0.0,1.1368683772161603e-13,True,True
2331,f2331,1.1368683772161603e-13,5.684341886080802e-14,1.1368683772161603e-13,True,True
2332,f2332,6.355287432313019e-14,0.0,5.684341886080802e-14,True,True
2333,f2333,1.1368683772161603e-13,5.684341886080802e-14,1.1368683772161603e-13,True,True
2334,f2334,5.684341886080802e-14,5.684341886080802e-14,2.842170943040401e-14,True,True
2335,f2335,7.494983993364379e-14,6.355287432313019e-14,6.394884621840902e-14,True,True
2336,f2336,5.859285502108464e-14,1.4210854715202004e-14,5.684341886080802e-14,True,True
2337,f2337,1.2710574864626038e-13,5.684341886080802e-14,1.1368683772161603e-13,True,True
2338,f2338,5.684341886080802e-14,5.684341886080802e-14,5.684341886080802e-14,True,True
2339,f2339,6.135506694409735e-14,5.684341886080802e-14,5.684341886080802e-14,True,True
2340,f2340,1.1368683772161603e-13,0.0,1.1368683772161603e-13,True,True
2341,f2341,1.1718571004216928e-13,4.0194366942304644e-14,1.1368683772161603e-13,True,True
2342,f2342,1.1368683772161603e-13,0.0,1.1368683772161603e-13,True,True
2343,f2343,5.859285502108464e-14,5.859285502108464e-14,5.684341886080802e-14,True,True
2344,f2344,1.2710574864626038e-13,0.0,1.1368683772161603e-13,True,True
2345,f2345,6.355287432313019e-14,5.684341886080802e-14,5.684341886080802e-14,True,True
2346,f2346,8.038873388460929e-14,0.0,5.684341886080802e-14,True,True
2347,f2347,8.038873388460929e-14,5.684341886080802e-14,5.684341886080802e-14,True,True
2348,f2348,5.684341886080802e-14,0.0,5.684341886080802e-14,True,True
2349,f2349,6.355287432313019e-14,0.0,5.684341886080802e-14,True,True
2350,f2350,5.684341886080802e-14,3.1776437161565096e-14,5.684341886080802e-14,True,True
2351,f2351,6.355287432313019e-14,5.684341886080802e-14,5.684341886080802e-14,True,True
2352,f2352,6.355287432313019e-14,0.0,5.684341886080802e-14,True,True
2353,f2353,1.2710574864626038e-13,1.1368683772161603e-13,1.1368683772161603e-13,True,True
2354,f2354,1.1457157353758233e-13,0.0,1.1368683772161603e-13,True,True
2355,f2355,8.038873388460929e-14,0.0,5.684341886080802e-14,True,True
2356,f2356,8.038873388460929e-14,8.038873388460929e-14,5.684341886080802e-14,True,True
2357,f2357,6.521915363565902e-14,7.105427357601002e-15,5.684341886080802e-14,True,True
2358,f2358,6.355287432313019e-14,0.0,5.684341886080802e-14,True,True
2359,f2359,8.038873388460929e-14,8.038873388460929e-14,5.684341886080802e-14,True,True
2360,f2360,5.684341886080802e-14,5.684341886080802e-14,5.684341886080802e-14,True,True
2361,f2361,2.1316282072803006e-14,1.4210854715202004e-14,2.1316282072803006e-14,True,True
2362,f2362,1.1368683772161603e-13,2.842170943040401e-14,1.1368683772161603e-13,True,True
2363,f2363,1.1718571004216928e-13,5.684341886080802e-14,1.1368683772161603e-13,True,True
2364,f2364,5.684341886080802e-14,0.0,5.684341886080802e-14,True,True
2365,f2365,6.355287432313019e-14,2.842170943040401e-14,5.684341886080802e-14,True,True
2366,f2366,1.2710574864626038e-13,5.684341886080802e-14,1.1368683772161603e-13,True,True
2367,f2367,6.355287432313019e-14,5.684341886080802e-14,5.684341886080802e-14,True,True
2368,f2368,1.2710574864626038e-13,1.4210854715202004e-14,1.1368683772161603e-13,True,True
2369,f2369,8.038873388460929e-14,5.684341886080802e-14,5.684341886080802e-14,True,True
2370,f2370,1.1368683772161603e-13,1.4210854715202004e-14,1.1368683772161603e-13,True,True
2371,f2371,8.038873388460929e-14,5.684341886080802e-14,5.684341886080802e-14,True,True
2372,f2372,4.322062729257126e-14,2.1316282072803006e-14,4.263256414560601e-14,True,True
2373,f2373,1.1718571004216928e-13,0.0,1.1368683772161603e-13,True,True
2374,f2374,7.553172887309252e-14,6.07087979554246e-14,5.684341886080802e-14,True,True
2375,f2375,4.0194366942304644e-14,4.0194366942304644e-14,2.842170943040401e-14,True,True
2376,f2376,6.07087979554246e-14,5.684341886080802e-14,5.684341886080802e-14,True,True
2377,f2377,1.1457157353758233e-13,5.859285502108464e-14,1.1368683772161603e-13,True,True
2378,f2378,6.355287432313019e-14,5.684341886080802e-14,5.684341886080802e-14,True,True
2379,f2379,1.2710574864626038e-13,0.0,1.1368683772161603e-13,True,True
2380,f2380,1.2710574864626038e-13,0.0,1.1368683772161603e-13,True,True
2381,f2381,8.038873388460929e-14,0.0,5.684341886080802e-14,True,True
2382,f2382,5.684341886080802e-14,0.0,5.684341886080802e-14,True,True
2383,f2383,1.1368683772161603e-13,1.1368683772161603e-13,1.1368683772161603e-13,True,True
2384,f2384,5.684341886080802e-14,5.684341886080802e-14,5.684341886080802e-14,True,True
2385,f2385,1.2710574864626038e-13,0.0,1.1368683772161603e-13,True,True
2386,f2386,1.1457157353758233e-13,0.0,1.1368683772161603e-13,True,True
2387,f2387,1.2710574864626038e-13,0.0,1.1368683772161603e-13,True,True
2388,f2388,1.7112135109858138e-13,2.842170943040401e-14,1.7053025658242404e-13,True,True
2389,f2389,1.1368683772161603e-13,0.0,1.1368683772161603e-13,True,True
2390,f2390,1.1368683772161603e-13,1.1368683772161603e-13,1.1368683772161603e-13,True,True
2391,f2391,6.355287432313019e-14,0.0,5.684341886080802e-14,True,True
2392,f2392,4.0194366942304644e-14,4.0194366942304644e-14,2.4868995751603507e-14,True,True
2393,f2393,1.1368683772161603e-13,5.684341886080802e-14,1.1368683772161603e-13,True,True
2394,f2394,3.1336465257254453e-13,0.0,3.126388037344441e-13,True,True
2395,f2395,1.1368683772161603e-13,0.0,1.1368683772161603e-13,True,True
2396,f2396,8.038873388460929e-14,0.0,5.684341886080802e-14,True,True
2397,f2397,8.038873388460929e-14,5.684341886080802e-14,5.684341886080802e-14,True,True
2398,f2398,8.038873388460929e-14,0.0,5.684341886080802e-14,True,True
2399,f2399,6.355287432313019e-14,5.684341886080802e-14,5.684341886080802e-14,True,True
2400,f2400,1.1718571004216928e-13,2.842170943040401e-14,1.1368683772161603e-13,True,True
2401,f2401,5.684341886080802e-14,5.684341886080802e-14,5.684341886080802e-14,True,True
2402,f2402,5.684341886080802e-14,5.684341886080802e-14,5.684341886080802e-14,True,True
2403,f2403,1.1368683772161603e-13,5.684341886080802e-14,1.1368683772161603e-13,True,True
2404,f2404,6.055429549333034e-14,1.4210854715202004e-14,5.684341886080802e-14,True,True
2405,f2405,1.1368683772161603e-13,0.0,1.1368683772161603e-13,True,True
2406,f2406,5.684341886080802e-14,0.0,5.684341886080802e-14,True,True
2407,f2407,1.2710574864626038e-13,5.684341886080802e-14,1.1368683772161603e-13,True,True
2408,f2408,5.684341886080802e-14,0.0,5.684341886080802e-14,True,True
2409,f2409,8.038873388460929e-14,8.038873388460929e-14,5.684341886080802e-14,True,True
2410,f2410,1.2710574864626038e-13,8.038873388460929e-14,1.1368683772161603e-13,True,True
2411,f2411,1.2710574864626038e-13,0.0,1.1368683772161603e-13,True,True
2412,f2412,5.859285502108464e-14,0.0,5.684341886080802e-14,True,True
2413,f2413,1.1368683772161603e-13,8.038873388460929e-14,1.1368683772161603e-13,True,True
2414,f2414,8.038873388460929e-14,0.0,5.684341886080802e-14,True,True
2415,f2415,8.038873388460929e-14,0.0,5.684341886080802e-14,True,True
2416,f2416,1.1718571004216928e-13,0.0,1.1368683772161603e-13,True,True
2417,f2417,6.355287432313019e-14,2.842170943040401e-14,5.684341886080802e-14,True,True
2418,f2418,1.1368683772161603e-13,2.842170943040401e-14,1.1368683772161603e-13,True,True
2419,f2419,6.355287432313019e-14,5.684341886080802e-14,5.684341886080802e-14,True,True
2420,f2420,1.2710574864626038e-13,0.0,1.1368683772161603e-13,True,True
2421,f2421,5.859285502108464e-14,5.859285502108464e-14,5.684341886080802e-14,True,True
2422,f2422,1.1368683772161603e-13,0.0,1.1368683772161603e-13,True,True
2423,f2423,6.355287432313019e-14,5.684341886080802e-14,5.684341886080802e-14,True,True
2424,f2424,1.2710574864626038e-13,8.038873388460929e-14,1.1368683772161603e-13,True,True
2425,f2425,8.038873388460929e-14,8.038873388460929e-14,5.684341886080802e-14,True,True
2426,f2426,1.1718571004216928e-13,0.0,1.1368683772161603e-13,True,True
2427,f2427,6.898122193969271e-14,5.859285502108464e-14,5.684341886080802e-14,True,True
2428,f2428,1.2710574864626038e-13,1.1368683772161603e-13,1.1368683772161603e-13,True,True
2429,f2429,5.684341886080802e-14,2.842170943040401e-14,5.684341886080802e-14,True,True
2430,f2430,1.1368683772161603e-13,1.1368683772161603e-13,1.1368683772161603e-13,True,True
2431,f2431,8.038873388460929e-14,0.0,5.684341886080802e-14,True,True
2432,f2432,8.038873388460929e-14,5.859285502108464e-14,5.684341886080802e-14,True,True
2433,f2433,6.355287432313019e-14,0.0,5.684341886080802e-14,True,True
2434,f2434,1.1368683772161603e-13,5.684341886080802e-14,1.1368683772161603e-13,True,True
2435,f2435,5.859285502108464e-14,0.0,5.684341886080802e-14,True,True
2436,f2436,5.684341886080802e-14,0.0,5.684341886080802e-14,True,True
2437,f2437,1.191086668529821e-13,5.684341886080802e-14,1.1368683772161603e-13,True,True
2438,f2438,6.355287432313019e-14,2.842170943040401e-14,5.684341886080802e-14,True,True
2439,f2439,5.684341886080802e-14,5.684341886080802e-14,5.684341886080802e-14,True,True
2440,f2440,8.038873388460929e-14,2.842170943040401e-14,5.684341886080802e-14,True,True
2441,f2441,5.684341886080802e-14,0.0,5.684341886080802e-14,True,True
2442,f2442,1.1368683772161603e-13,1.1368683772161603e-13,1.1368683772161603e-13,True,True
2443,f2443,5.859285502108464e-14,2.1316282072803006e-14,5.684341886080802e-14,True,True
2444,f2444,8.038873388460929e-14,0.0,5.684341886080802e-14,True,True
2445,f2445,5.684341886080802e-14,0.0,5.684341886080802e-14,True,True
2446,f2446,1.2710574864626038e-13,1.2710574864626038e-13,1.1368683772161603e-13,True,True
2447,f2447,5.684341886080802e-14,2.842170943040401e-14,5.684341886080802e-14,True,True
2448,f2448,1.1368683772161603e-13,1.4210854715202004e-14,1.1368683772161603e-13,True,True
2449,f2449,6.355287432313019e-14,5.684341886080802e-14,5.684341886080802e-14,True,True
2450,f2450,8.038873388460929e-14,5.684341886080802e-14,5.684341886080802e-14,True,True
2451,f2451,5.684341886080802e-14,5.684341886080802e-14,5.684341886080802e-14,True,True
2452,f2452,6.355287432313019e-14,0.0,5.684341886080802e-14,True,True
2453,f2453,5.684341886080802e-14,0.0,5.684341886080802e-14,True,True
2454,f2454,1.1718571004216928e-13,2.842170943040401e-14,1.1368683772161603e-13,True,True
2455,f2455,1.1368683772161603e-13,5.684341886080802e-14,1.1368683772161603e-13,True,True
2456,f2456,1.6077746776921858e-13,2.842170943040401e-14,1.1368683772161603e-13,True,True
2457,f2457,5.684341886080802e-14,5.684341886080802e-14,5.684341886080802e-14,True,True
2458,f2458,6.07087979554246e-14,0.0,5.684341886080802e-14,True,True
2459,f2459,5.687116766346677e-14,2.1316282072803006e-14,5.684341886080802e-14,True,True
2460,f2460,1.1457157353758233e-13,4.4938668397781776e-14,1.1368683772161603e-13,True,True
2461,f2461,1.1368683772161603e-13,1.1368683772161603e-13,1.1368683772161603e-13,True,True
2462,f2462,8.038873388460929e-14,0.0,5.684341886080802e-14,True,True
2463,f2463,2.3437142008433856e-13,1.1718571004216928e-13,2.2737367544323206e-13,True,True
2464,f2464,8.038873388460929e-14,0.0,5.684341886080802e-14,True,True
2465,f2465,6.355287432313019e-14,5.684341886080802e-14,5.684341886080802e-14,True,True
2466,f2466,6.355287432313019e-14,0.0,5.684341886080802e-14,True,True
2467,f2467,8.038873388460929e-14,5.684341886080802e-14,5.684341886080802e-14,True,True
2468,f2468,1.1718571004216928e-13,0.0,1.1368683772161603e-13,True,True
2469,f2469,8.038873388460929e-14,2.842170943040401e-14,5.684341886080802e-14,True,True
2470,f2470,8.038873388460929e-14,0.0,5.684341886080802e-14,True,True
2471,f2471,8.038873388460929e-14,8.038873388460929e-14,5.684341886080802e-14,True,True
2472,f2472,5.684341886080802e-14,1.4210854715202004e-14,5.684341886080802e-14,True,True
2473,f2473,6.355287432313019e-14,5.684341886080802e-14,5.684341886080802e-14,True,True
2474,f2474,5.684341886080802e-14,5.684341886080802e-14,5.684341886080802e-14,True,True
2475,f2475,1.1718571004216928e-13,1.1718571004216928e-13,1.1368683772161603e-13,True,True
2476,f2476,5.859285502108464e-14,0.0,5.684341886080802e-14,True,True
2477,f2477,5.684341886080802e-14,5.684341886080802e-14,5.684341886080802e-14,True,True
2478,f2478,5.955433342649105e-14,1.4210854715202004e-14,5.684341886080802e-14,True,True
2479,f2479,8.038873388460929e-14,0.0,5.684341886080802e-14,True,True
2480,f2480,5.859285502108464e-14,2.842170943040401e-14,5.684341886080802e-14,True,True
2481,f2481,1.1718571004216928e-13,5.859285502108464e-14,1.1368683772161603e-13,True,True
2482,f2482,5.695433295429594e-14,1.4210854715202004e-14,5.684341886080802e-14,True,True
2483,f2483,6.355287432313019e-14,5.684341886080802e-14,5.684341886080802e-14,True,True
2484,f2484,1.1368683772161603e-13,1.1368683772161603e-13,1.1368683772161603e-13,True,True
2485,f2485,5.684341886080802e-14,2.842170943040401e-14,5.684341886080802e-14,True,True
2486,f2486,1.1368683772161603e-13,5.684341886080802e-14,1.1368683772161603e-13,True,True
2487,f2487,1.1718571004216928e-13,0.0,1.1368683772161603e-13,True,True
2488,f2488,5.684341886080802e-14,1.4210854715202004e-14,5.684341886080802e-14,True,True
2489,f2489,8.038873388460929e-14,6.355287432313019e-14,5.684341886080802e-14,True,True
2490,f2490,1.1718571004216928e-13,1.4210854715202004e-14,1.1368683772161603e-13,True,True
2491,f2491,8.038873388460929e-14,5.684341886080802e-14,5.684341886080802e-14,True,True
2492,f2492,8.038873388460929e-14,0.0,5.684341886080802e-14,True,True
2493,f2493,5.684341886080802e-14,0.0,5.684341886080802e-14,True,True
2494,f2494,5.859285502108464e-14,2.842170943040401e-14,5.684341886080802e-14,True,True
2495,f2495,8.038873388460929e-14,0.0,5.684341886080802e-14,True,True
2496,f2496,2.2914314707516465e-13,0.0,2.2737367544323206e-13,True,True
2497,f2497,6.355287432313019e-14,0.0,5.684341886080802e-14,True,True
2498,f2498,6.355287432313019e-14,2.842170943040401e-14,5.684341886080802e-14,True,True
2499,f2499,2.842170943040401e-14,2.842170943040401e-14,2.842170943040401e-14,True,True
2500,f2500,8.038873388460929e-14,5.684341886080802e-14,5.684341886080802e-14,True,True
2501,f2501,1.1368683772161603e-13,2.842170943040401e-14,1.1368683772161603e-13,True,True
2502,f2502,8.038873388460929e-14,8.038873388460929e-14,5.684341886080802e-14,True,True
2503,f2503,1.2710574864626038e-13,5.684341886080802e-14,1.1368683772161603e-13,True,True
2504,f2504,5.684341886080802e-14,0.0,5.684341886080802e-14,True,True
2505,f2505,8.038873388460929e-14,2.842170943040401e-14,5.684341886080802e-14,True,True
2506,f2506,1.2710574864626038e-13,0.0,1.1368683772161603e-13,True,True
2507,f2507,1.1368683772161603e-13,7.105427357601002e-15,1.1368683772161603e-13,True,True
2508,f2508,1.2710574864626038e-13,0.0,1.1368683772161603e-13,True,True
2509,f2509,5.818755025955795e-14,1.5987211554602254e-14,5.684341886080802e-14,True,True
2510,f2510,1.2710574864626038e-13,0.0,1.1368683772161603e-13,True,True
2511,f2511,5.859285502108464e-14,5.684341886080802e-14,5.684341886080802e-14,True,True
2512,f2512,5.684341886080802e-14,5.684341886080802e-14,5.684341886080802e-14,True,True
2513,f2513,5.684341886080802e-14,0.0,5.684341886080802e-14,True,True
2514,f2514,1.2710574864626038e-13,0.0,1.1368683772161603e-13,True,True
2515,f2515,5.684341886080802e-14,5.684341886080802e-14,5.684341886080802e-14,True,True
2516,f2516,6.355287432313019e-14,0.0,5.684341886080802e-14,True,True
2517,f2517,1.1368683772161603e-13,5.684341886080802e-14,1.1368683772161603e-13,True,True
2518,f2518,8.038873388460929e-14,5.684341886080802e-14,5.684341886080802e-14,True,True
2519,f2519,1.1718571004216928e-13,0.0,1.1368683772161603e-13,True,True
2520,f2520,1.1718571004216928e-13,0.0,1.1368683772161603e-13,True,True
2521,f2521,1.1368683772161603e-13,0.0,1.1368683772161603e-13,True,True
2522,f2522,6.355287432313019e-14,2.842170943040401e-14,5.684341886080802e-14,True,True
2523,f2523,8.038873388460929e-14,5.684341886080802e-14,5.684341886080802e-14,True,True
2524,f2524,1.1368683772161603e-13,2.842170943040401e-14,1.1368683772161603e-13,True,True
2525,f2525,5.859285502108464e-14,0.0,5.684341886080802e-14,True,True
2526,f2526,1.1718571004216928e-13,1.1368683772161603e-13,1.1368683772161603e-13,True,True
2527,f2527,8.038873388460929e-14,1.4210854715202004e-14,5.684341886080802e-14,True,True
2528,f2528,1.1368683772161603e-13,2.842170943040401e-14,1.1368683772161603e-13,True,True
2529,f2529,1.2710574864626038e-13,1.1368683772161603e-13,1.1368683772161603e-13,True,True
2530,f2530,1.1368683772161603e-13,0.0,1.1368683772161603e-13,True,True
2531,f2531,7.105427357601002e-14,1.4210854715202004e-14,5.684341886080802e-14,True,True
2532,f2532,6.355287432313019e-14,2.842170943040401e-14,5.684341886080802e-14,True,True
2533,f2533,5.695433295429594e-14,4.0194366942304644e-14,5.684341886080802e-14,True,True
2534,f2534,1.2710574864626038e-13,2.842170943040401e-14,1.1368683772161603e-13,True,True
2535,f2535,1.1368683772161603e-13,1.1368683772161603e-13,5.684341886080802e-14,True,True
2536,f2536,6.355287432313019e-14,6.355287432313019e-14,5.684341886080802e-14,True,True
2537,f2537,1.2710574864626038e-13,5.684341886080802e-14,1.1368683772161603e-13,True,True
2538,f2538,6.355287432313019e-14,0.0,5.684341886080802e-14,True,True
2539,f2539,5.728578676879116e-14,2.842170943040401e-14,5.684341886080802e-14,True,True
2540,f2540,1.2710574864626038e-13,2.842170943040401e-14,1.1368683772161603e-13,True,True
2541,f2541,1.1718571004216928e-13,2.842170943040401e-14,1.1368683772161603e-13,True,True
2542,f2542,4.4938668397781776e-14,4.4938668397781776e-14,2.842170943040401e-14,True,True
2543,f2543,4.5496934130773415e-14,1.4210854715202004e-14,3.552713678800501e-14,True,True
2544,f2544,1.2710574864626038e-13,5.684341886080802e-14,1.1368683772161603e-13,True,True
2545,f2545,8.038873388460929e-14,6.355287432313019e-14,5.684341886080802e-14,True,True
2546,f2546,8.038873388460929e-14,5.684341886080802e-14,5.684341886080802e-14,True,True
2547,f2547,5.955433342649105e-14,0.0,5.684341886080802e-14,True,True
2548,f2548,1.2710574864626038e-13,0.0,1.1368683772161603e-13,True,True
2549,f2549,5.684341886080802e-14,5.684341886080802e-14,5.684341886080802e-14,True,True
2550,f2550,1.1718571004216928e-13,0.0,1.1368683772161603e-13,True,True
2551,f2551,8.038873388460929e-14,0.0,5.684341886080802e-14,True,True
2552,f2552,5.684341886080802e-14,5.684341886080802e-14,5.684341886080802e-14,True,True
2553,f2553,1.1718571004216928e-13,0.0,1.1368683772161603e-13,True,True
2554,f2554,5.684341886080802e-14,2.842170943040401e-14,5.684341886080802e-14,True,True
2555,f2555,6.355287432313019e-14,2.842170943040401e-14,5.684341886080802e-14,True,True
2556,f2556,1.1718571004216928e-13,8.038873388460929e-14,1.1368683772161603e-13,True,True
2557,f2557,1.1718571004216928e-13,3.1776437161565096e-14,1.1368683772161603e-13,True,True
2558,f2558,1.1368683772161603e-13,5.684341886080802e-14,1.1368683772161603e-13,True,True
2559,f2559,5.684341886080802e-14,0.0,5.684341886080802e-14,True,True
2560,f2560,1.1368683772161603e-13,1.1368683772161603e-13,1.1368683772161603e-13,True,True
2561,f2561,2.2914314707516465e-13,5.684341886080802e-14,2.2737367544323206e-13,True,True
2562,f2562,1.1368683772161603e-13,2.842170943040401e-14,1.1368683772161603e-13,True,True
2563,f2563,5.684341886080802e-14,0.0,5.684341886080802e-14,True,True
2564,f2564,1.1368683772161603e-13,5.684341886080802e-14,1.1368683772161603e-13,True,True
2565,f2565,5.684341886080802e-14,1.4210854715202004e-14,5.684341886080802e-14,True,True
2566,f2566,5.684341886080802e-14,0.0,5.684341886080802e-14,True,True
2567,f2567,2.2762333855498224e-13,6.355287432313019e-14,2.2737367544323206e-13,True,True
2568,f2568,6.355287432313019e-14,6.355287432313019e-14,5.684341886080802e-14,True,True
2569,f2569,6.355287432313019e-14,6.355287432313019e-14,5.684341886080802e-14,True,True
2570,f2570,5.859285502108464e-14,0.0,5.684341886080802e-14,True,True
2571,f2571,6.07087979554246e-14,3.552713678800501e-15,5.684341886080802e-14,True,True
2572,f2572,1.1457157353758233e-13,1.4210854715202004e-14,1.1368683772161603e-13,True,True
2573,f2573,6.355287432313019e-14,5.684341886080802e-14,5.684341886080802e-14,True,True
2574,f2574,6.07087979554246e-14,0.0,5.684341886080802e-14,True,True
2575,f2575,1.1368683772161603e-13,2.842170943040401e-14,1.1368683772161603e-13,True,True
2576,f2576,1.6077746776921858e-13,2.842170943040401e-14,1.1368683772161603e-13,True,True
2577,f2577,1.1368683772161603e-13,6.355287432313019e-14,1.1368683772161603e-13,True,True
2578,f2578,2.5421149729252077e-13,5.684341886080802e-14,2.2737367544323206e-13,True,True
2579,f2579,6.355287432313019e-14,6.355287432313019e-14,5.684341886080802e-14,True,True
2580,f2580,1.2710574864626038e-13,5.684341886080802e-14,1.1368683772161603e-13,True,True
2581,f2581,1.1368683772161603e-13,2.842170943040401e-14,1.1368683772161603e-13,True,True
2582,f2582,6.355287432313019e-14,2.842170943040401e-14,5.684341886080802e-14,True,True
2583,f2583,6.355287432313019e-14,0.0,5.684341886080802e-14,True,True
2584,f2584,2.2737367544323206e-13,0.0,2.2737367544323206e-13,True,True
2585,f2585,6.355287432313019e-14,0.0,5.684341886080802e-14,True,True
2586,f2586,1.1368683772161603e-13,0.0,1.1368683772161603e-13,True,True
2587,f2587,5.859285502108464e-14,1.4210854715202004e-14,5.684341886080802e-14,True,True
2588,f2588,1.1368683772161603e-13,1.1368683772161603e-13,5.684341886080802e-14,True,True
2589,f2589,1.1718571004216928e-13,5.684341886080802e-14,1.1368683772161603e-13,True,True
2590,f2590,8.038873388460929e-14,5.684341886080802e-14,5.684341886080802e-14,True,True
2591,f2591,6.355287432313019e-14,0.0,5.684341886080802e-14,True,True
2592,f2592,6.355287432313019e-14,2.842170943040401e-14,5.684341886080802e-14,True,True
2593,f2593,1.1368683772161603e-13,0.0,1.1368683772161603e-13,True,True
2594,f2594,1.1368683772161603e-13,0.0,1.1368683772161603e-13,True,True
2595,f2595,6.355287432313019e-14,6.355287432313019e-14,5.684341886080802e-14,True,True
2596,f2596,1.1368683772161603e-13,0.0,1.1368683772161603e-13,True,True
2597,f2597,1.1368683772161603e-13,5.684341886080802e-14,1.1368683772161603e-13,True,True
2598,f2598,1.1368683772161603e-13,0.0,1.1368683772161603e-13,True,True
2599,f2599,5.684341886080802e-14,5.684341886080802e-14,5.684341886080802e-14,True,True
2600,f2600,3.552713678800501e-14,0.0,3.552713678800501e-14,True,True
2601,f2601,1.1368683772161603e-13,0.0,1.1368683772161603e-13,True,True
2602,f2602,1.1718571004216928e-13,2.842170943040401e-14,1.1368683772161603e-13,True,True
2603,f2603,5.684341886080802e-14,5.684341886080802e-14,2.842170943040401e-14,True,True
2604,f2604,1.1718571004216928e-13,0.0,1.1368683772161603e-13,True,True
2605,f2605,8.038873388460929e-14,5.684341886080802e-14,5.684341886080802e-14,True,True
2606,f2606,1.2710574864626038e-13,5.684341886080802e-14,1.1368683772161603e-13,True,True
2607,f2607,1.1718571004216928e-13,1.1368683772161603e-13,1.1368683772161603e-13,True,True
2608,f2608,2.2737367544323206e-13,5.684341886080802e-14,2.2737367544323206e-13,True,True
2609,f2609,7.553172887309252e-14,0.0,5.684341886080802e-14,True,True
2610,f2610,6.521915363565902e-14,2.842170943040401e-14,5.684341886080802e-14,True,True
2611,f2611,6.355287432313019e-14,0.0,5.684341886080802e-14,True,True
2612,f2612,1.2710574864626038e-13,0.0,1.1368683772161603e-13,True,True
2613,f2613,8.038873388460929e-14,5.684341886080802e-14,5.684341886080802e-14,True,True
2614,f2614,1.1368683772161603e-13,0.0,1.1368683772161603e-13,True,True
2615,f2615,6.355287432313019e-14,6.355287432313019e-14,5.684341886080802e-14,True,True
2616,f2616,1.1718571004216928e-13,5.684341886080802e-14,1.1368683772161603e-13,True,True
2617,f2617,6.240678079404622e-14,2.842170943040401e-14,5.684341886080802e-14,True,True
2618,f2618,1.1368683772161603e-13,5.684341886080802e-14,1.1368683772161603e-13,True,True
2619,f2619,8.038873388460929e-14,0.0,5.684341886080802e-14,True,True
2620,f2620,6.355287432313019e-14,0.0,5.684341886080802e-14,True,True
2621,f2621,1.1718571004216928e-13,0.0,1.1368683772161603e-13,True,True
2622,f2622,1.2710574864626038e-13,0.0,1.1368683772161603e-13,True,True
2623,f2623,1.2710574864626038e-13,1.1368683772161603e-13,1.1368683772161603e-13,True,True
2624,f2624,1.2710574864626038e-13,0.0,1.1368683772161603e-13,True,True
2625,f2625,6.355287432313019e-14,0.0,5.684341886080802e-14,True,True
2626,f2626,1.1368683772161603e-13,5.684341886080802e-14,1.1368683772161603e-13,True,True
2627,f2627,5.859285502108464e-14,2.842170943040401e-14,5.684341886080802e-14,True,True
2628,f2628,5.684341886080802e-14,2.842170943040401e-14,5.684341886080802e-14,True,True
2629,f2629,5.859285502108464e-14,0.0,5.684341886080802e-14,True,True
2630,f2630,1.2710574864626038e-13,5.684341886080802e-14,1.1368683772161603e-13,True,True
2631,f2631,5.684341886080802e-14,5.684341886080802e-14,5.684341886080802e-14,True,True
2632,f2632,6.355287432313019e-14,6.355287432313019e-14,5.684341886080802e-14,True,True
2633,f2633,6.355287432313019e-14,0.0,5.684341886080802e-14,True,True
2634,f2634,1.1368683772161603e-13,0.0,1.1368683772161603e-13,True,True
2635,f2635,1.2710574864626038e-13,5.684341886080802e-14,1.1368683772161603e-13,True,True
2636,f2636,4.2780337774645346e-14,2.929642751054232e-14,3.552713678800501e-14,True,True
2637,f2637,4.0194366942304644e-14,3.552713678800501e-14,2.842170943040401e-14,True,True
2638,f2638,1.1718571004216928e-13,5.859285502108464e-14,1.1368683772161603e-13,True,True
2639,f2639,1.1368683772161603e-13,0.0,1.1368683772161603e-13,True,True
2640,f2640,5.859285502108464e-14,5.859285502108464e-14,4.263256414560601e-14,True,True
2641,f2641,2.842170943040401e-14,0.0,2.842170943040401e-14,True,True
2642,f2642,1.2710574864626038e-13,0.0,1.1368683772161603e-13,True,True
2643,f2643,1.1368683772161603e-13,1.4210854715202004e-14,1.1368683772161603e-13,True,True
2644,f2644,1.2710574864626038e-13,0.0,1.1368683772161603e-13,True,True
2645,f2645,1.1718571004216928e-13,0.0,1.1368683772161603e-13,True,True
2646,f2646,1.1368683772161603e-13,5.684341886080802e-14,1.1368683772161603e-13,True,True
2647,f2647,8.038873388460929e-14,0.0,5.684341886080802e-14,True,True
2648,f2648,1.1368683772161603e-13,5.684341886080802e-14,1.1368683772161603e-13,True,True
2649,f2649,5.684341886080802e-14,0.0,5.684341886080802e-14,True,True
2650,f2650,6.355287432313019e-14,0.0,5.684341886080802e-14,True,True
2651,f2651,8.038873388460929e-14,5.684341886080802e-14,5.684341886080802e-14,True,True
2652,f2652,1.2710574864626038e-13,1.2710574864626038e-13,5.684341886080802e-14,True,True
2653,f2653,2.2737367544323206e-13,0.0,2.2737367544323206e-13,True,True
2654,f2654,1.1368683772161603e-13,0.0,1.1368683772161603e-13,True,True
2655,f2655,1.1368683772161603e-13,6.355287432313019e-14,1.1368683772161603e-13,True,True
2656,f2656,1.2710574864626038e-13,0.0,1.1368683772161603e-13,True,True
2657,f2657,1.2710574864626038e-13,0.0,1.1368683772161603e-13,True,True
2658,f2658,6.521915363565902e-14,3.552713678800501e-14,5.684341886080802e-14,True,True
2659,f2659,5.859285502108464e-14,5.684341886080802e-14,5.684341886080802e-14,True,True
2660,f2660,6.355287432313019e-14,2.842170943040401e-14,5.684341886080802e-14,True,True
2661,f2661,6.355287432313019e-14,6.355287432313019e-14,5.684341886080802e-14,True,True
2662,f2662,5.123796534383003e-14,4.0194366942304644e-14,4.263256414560601e-14,True,True
2663,f2663,5.684341886080802e-14,2.842170943040401e-14,5.684341886080802e-14,True,True
2664,f2664,1.1368683772161603e-13,0.0,1.1368683772161603e-13,True,True
2665,f2665,5.955433342649105e-14,3.552713678800501e-15,5.684341886080802e-14,True,True
2666,f2666,1.1368683772161603e-13,5.684341886080802e-14,1.1368683772161603e-13,True,True
2667,f2667,1.1368683772161603e-13,5.684341886080802e-14,1.1368683772161603e-13,True,True
2668,f2668,1.1368683772161603e-13,5.684341886080802e-14,1.1368683772161603e-13,True,True
2669,f2669,1.2710574864626038e-13,2.842170943040401e-14,1.1368683772161603e-13,True,True
2670,f2670,1.2710574864626038e-13,0.0,1.1368683772161603e-13,True,True
2671,f2671,8.038873388460929e-14,1.4210854715202004e-14,5.684341886080802e-14,True,True
2672,f2672,3.351623381340333e-14,7.105427357601002e-15,2.842170943040401e-14,True,True
2673,f2673,5.684341886080802e-14,5.684341886080802e-14,5.684341886080802e-14,True,True
2674,f2674,6.355287432313019e-14,0.0,5.684341886080802e-14,True,True
2675,f2675,1.2710574864626038e-13,1.2710574864626038e-13,1.1368683772161603e-13,True,True
2676,f2676,6.355287432313019e-14,5.859285502108464e-14,5.684341886080802e-14,True,True
2677,f2677,5.838379887828465e-14,7.105427357601002e-15,5.684341886080802e-14,True,True
2678,f2678,5.684341886080802e-14,2.842170943040401e-14,5.684341886080802e-14,True,True
2679,f2679,1.2710574864626038e-13,0.0,1.1368683772161603e-13,True,True
2680,f2680,1.1457157353758233e-13,1.1457157353758233e-13,1.1368683772161603e-13,True,True
2681,f2681,1.1718571004216928e-13,0.0,1.1368683772161603e-13,True,True
2682,f2682,1.1368683772161603e-13,5.684341886080802e-14,1.1368683772161603e-13,True,True
2683,f2683,5.684341886080802e-14,0.0,5.684341886080802e-14,True,True
2684,f2684,8.038873388460929e-14,0.0,5.684341886080802e-14,True,True
2685,f2685,5.684341886080802e-14,5.684341886080802e-14,5.684341886080802e-14,True,True
2686,f2686,1.2710574864626038e-13,0.0,1.1368683772161603e-13,True,True
2687,f2687,1.1368683772161603e-13,5.684341886080802e-14,1.1368683772161603e-13,True,True
2688,f2688,6.355287432313019e-14,1.4210854715202004e-14,5.684341886080802e-14,True,True
2689,f2689,8.038873388460929e-14,0.0,5.684341886080802e-14,True,True
2690,f2690,5.684341886080802e-14,0.0,5.684341886080802e-14,True,True
2691,f2691,5.728578676879116e-14,5.684341886080802e-14,5.684341886080802e-14,True,True
2692,f2692,6.355287432313019e-14,2.842170943040401e-14,5.684341886080802e-14,True,True
2693,f2693,5.684341886080802e-14,0.0,5.684341886080802e-14,True,True
2694,f2694,5.684341886080802e-14,5.684341886080802e-14,5.684341886080802e-14,True,True
2695,f2695,8.038873388460929e-14,6.355287432313019e-14,5.684341886080802e-14,True,True
2696,f2696,3.375077994860476e-14,1.4210854715202004e-14,3.375077994860476e-14,True,True
2697,f2697,1.2710574864626038e-13,2.842170943040401e-14,1.1368683772161603e-13,True,True
2698,f2698,1.2710574864626038e-13,0.0,1.1368683772161603e-13,True,True
2699,f2699,6.355287432313019e-14,0.0,5.684341886080802e-14,True,True
2700,f2700,1.1457157353758233e-13,2.842170943040401e-14,1.1368683772161603e-13,True,True
2701,f2701,1.1718571004216928e-13,1.1368683772161603e-13,1.1368683772161603e-13,True,True
2702,f2702,8.038873388460929e-14,8.038873388460929e-14,5.684341886080802e-14,True,True
2703,f2703,1.1718571004216928e-13,0.0,1.1368683772161603e-13,True,True
2704,f2704,1.2710574864626038e-13,0.0,1.1368683772161603e-13,True,True
2705,f2705,2.2914314707516465e-13,0.0,2.2737367544323206e-13,True,True
2706,f2706,5.859285502108464e-14,5.684341886080802e-14,5.684341886080802e-14,True,True
2707,f2707,1.1718571004216928e-13,0.0,1.1368683772161603e-13,True,True
2708,f2708,1.1368683772161603e-13,5.684341886080802e-14,1.1368683772161603e-13,True,True
2709,f2709,8.038873388460929e-14,5.684341886080802e-14,5.684341886080802e-14,True,True
2710,f2710,8.038873388460929e-14,5.684341886080802e-14,5.684341886080802e-14,True,True
2711,f2711,5.684341886080802e-14,5.684341886080802e-14,5.684341886080802e-14,True,True
2712,f2712,1.2710574864626038e-13,5.684341886080802e-14,1.1368683772161603e-13,True,True
2713,f2713,5.684341886080802e-14,0.0,5.684341886080802e-14,True,True
2714,f2714,1.1368683772161603e-13,5.684341886080802e-14,1.1368683772161603e-13,True,True
2715,f2715,4.0194366942304644e-14,0.0,2.842170943040401e-14,True,True
2716,f2716,1.1368683772161603e-13,1.1368683772161603e-13,5.684341886080802e-14,True,True
2717,f2717,8.038873388460929e-14,2.842170943040401e-14,5.684341886080802e-14,True,True
2718,f2718,1.2710574864626038e-13,6.355287432313019e-14,1.1368683772161603e-13,True,True
2719,f2719,4.0194366942304644e-14,2.842170943040401e-14,2.842170943040401e-14,True,True
2720,f2720,8.038873388460929e-14,5.684341886080802e-14,5.684341886080802e-14,True,True
2721,f2721,6.355287432313019e-14,0.0,5.684341886080802e-14,True,True
2722,f2722,7.105427357601002e-14,2.842170943040401e-14,5.684341886080802e-14,True,True
2723,f2723,5.684341886080802e-14,2.842170943040401e-14,5.684341886080802e-14,True,True
2724,f2724,6.355287432313019e-14,5.684341886080802e-14,5.684341886080802e-14,True,True
2725,f2725,5.859285502108464e-14,0.0,5.684341886080802e-14,True,True
2726,f2726,6.521915363565902e-14,1.0658141036401503e-14,5.684341886080802e-14,True,True
2727,f2727,8.038873388460929e-14,2.842170943040401e-14,5.684341886080802e-14,True,True
2728,f2728,5.859285502108464e-14,1.4210854715202004e-14,5.684341886080802e-14,True,True
2729,f2729,5.684341886080802e-14,2.842170943040401e-14,5.684341886080802e-14,True,True
2730,f2730,6.355287432313019e-14,0.0,5.684341886080802e-14,True,True
2731,f2731,6.355287432313019e-14,0.0,5.684341886080802e-14,True,True
2732,f2732,1.1718571004216928e-13,2.842170943040401e-14,1.1368683772161603e-13,True,True
2733,f2733,1.1368683772161603e-13,1.1368683772161603e-13,1.1368683772161603e-13,True,True
2734,f2734,6.355287432313019e-14,5.684341886080802e-14,5.684341886080802e-14,True,True
2735,f2735,6.355287432313019e-14,6.355287432313019e-14,5.684341886080802e-14,True,True
2736,f2736,6.355287432313019e-14,2.842170943040401e-14,5.684341886080802e-14,True,True
2737,f2737,1.1718571004216928e-13,5.684341886080802e-14,1.1368683772161603e-13,True,True
2738,f2738,6.07087979554246e-14,7.105427357601002e-15,5.684341886080802e-14,True,True
2739,f2739,5.684341886080802e-14,0.0,5.684341886080802e-14,True,True
2740,f2740,6.355287432313019e-14,0.0,5.684341886080802e-14,True,True
2741,f2741,5.684341886080802e-14,0.0,5.684341886080802e-14,True,True
2742,f2742,1.1368683772161603e-13,0.0,1.1368683772161603e-13,True,True
2743,f2743,6.355287432313019e-14,5.684341886080802e-14,5.684341886080802e-14,True,True
2744,f2744,6.355287432313019e-14,5.684341886080802e-14,5.684341886080802e-14,True,True
2745,f2745,1.1368683772161603e-13,5.684341886080802e-14,1.1368683772161603e-13,True,True
2746,f2746,2.842170943040401e-14,2.842170943040401e-14,2.842170943040401e-14,True,True
2747,f2747,5.684341886080802e-14,5.684341886080802e-14,5.684341886080802e-14,True,True
2748,f2748,3.197442310920451e-14,3.197442310920451e-14,2.842170943040401e-14,True,True
2749,f2749,1.1718571004216928e-13,2.842170943040401e-14,1.1368683772161603e-13,True,True
2750,f2750,1.1368683772161603e-13,3.1776437161565096e-14,1.1368683772161603e-13,True,True
2751,f2751,4.0194366942304644e-14,1.4210854715202004e-14,2.842170943040401e-14,True,True
2752,f2752,5.013489861623786e-14,3.907985046680551e-14,4.1300296516055823e-14,True,True
2753,f2753,8.038873388460929e-14,0.0,5.684341886080802e-14,True,True
2754,f2754,1.1368683772161603e-13,1.1368683772161603e-13,5.684341886080802e-14,True,True
2755,f2755,6.355287432313019e-14,0.0,5.684341886080802e-14,True,True
2756,f2756,1.1368683772161603e-13,0.0,1.1368683772161603e-13,True,True
2757,f2757,1.1368683772161603e-13,5.684341886080802e-14,1.1368683772161603e-13,True,True
2758,f2758,1.1368683772161603e-13,1.4210854715202004e-14,1.1368683772161603e-13,True,True
2759,f2759,8.038873388460929e-14,8.038873388460929e-14,5.684341886080802e-14,True,True
2760,f2760,1.1368683772161603e-13,0.0,1.1368683772161603e-13,True,True
2761,f2761,6.355287432313019e-14,0.0,5.684341886080802e-14,True,True
2762,f2762,1.1368683772161603e-13,0.0,1.1368683772161603e-13,True,True
2763,f2763,8.038873388460929e-14,0.0,5.684341886080802e-14,True,True
2764,f2764,1.1368683772161603e-13,0.0,1.1368683772161603e-13,True,True
2765,f2765,8.038873388460929e-14,0.0,5.684341886080802e-14,True,True
2766,f2766,1.2710574864626038e-13,5.684341886080802e-14,1.1368683772161603e-13,True,True
2767,f2767,5.684341886080802e-14,0.0,5.684341886080802e-14,True,True
2768,f2768,1.1718571004216928e-13,2.842170943040401e-14,1.1368683772161603e-13,True,True
2769,f2769,1.2710574864626038e-13,0.0,1.1368683772161603e-13,True,True
2770,f2770,1.2710574864626038e-13,0.0,1.1368683772161603e-13,True,True
2771,f2771,1.1368683772161603e-13,5.684341886080802e-14,1.1368683772161603e-13,True,True
2772,f2772,6.703246762680666e-14,5.684341886080802e-14,5.684341886080802e-14,True,True
2773,f2773,1.6077746776921858e-13,5.684341886080802e-14,1.1368683772161603e-13,True,True
2774,f2774,8.038873388460929e-14,0.0,5.684341886080802e-14,True,True
2775,f2775,5.684341886080802e-14,4.0194366942304644e-14,5.684341886080802e-14,True,True
2776,f2776,1.1368683772161603e-13,0.0,1.1368683772161603e-13,True,True
2777,f2777,8.038873388460929e-14,0.0,5.684341886080802e-14,True,True
2778,f2778,1.1368683772161603e-13,8.038873388460929e-14,1.1368683772161603e-13,True,True
2779,f2779,1.1718571004216928e-13,0.0,1.1368683772161603e-13,True,True
2780,f2780,1.1368683772161603e-13,0.0,1.1368683772161603e-13,True,True
2781,f2781,5.859285502108464e-14,0.0,5.684341886080802e-14,True,True
2782,f2782,1.6077746776921858e-13,1.2710574864626038e-13,1.1368683772161603e-13,True,True
2783,f2783,6.355287432313019e-14,0.0,5.684341886080802e-14,True,True
2784,f2784,6.355287432313019e-14,6.355287432313019e-14,5.684341886080802e-14,True,True
2785,f2785,1.1718571004216928e-13,0.0,1.1368683772161603e-13,True,True
2786,f2786,1.2710574864626038e-13,5.684341886080802e-14,1.1368683772161603e-13,True,True
2787,f2787,6.355287432313019e-14,6.355287432313019e-14,5.684341886080802e-14,True,True
2788,f2788,1.1718571004216928e-13,5.684341886080802e-14,1.1368683772161603e-13,True,True
2789,f2789,5.684341886080802e-14,0.0,5.684341886080802e-14,True,True
2790,f2790,6.355287432313019e-14,6.355287432313019e-14,5.684341886080802e-14,True,True
2791,f2791,1.2710574864626038e-13,0.0,1.1368683772161603e-13,True,True
2792,f2792,1.1368683772161603e-13,5.684341886080802e-14,1.1368683772161603e-13,True,True
2793,f2793,1.1368683772161603e-13,5.684341886080802e-14,1.1368683772161603e-13,True,True
2794,f2794,1.1368683772161603e-13,0.0,1.1368683772161603e-13,True,True
2795,f2795,6.355287432313019e-14,5.684341886080802e-14,5.684341886080802e-14,True,True
2796,f2796,1.1368683772161603e-13,0.0,1.1368683772161603e-13,True,True
2797,f2797,1.1368683772161603e-13,0.0,1.1368683772161603e-13,True,True
2798,f2798,5.684341886080802e-14,5.684341886080802e-14,5.684341886080802e-14,True,True
2799,f2799,5.684341886080802e-14,7.105427357601002e-15,5.684341886080802e-14,True,True
2800,f2800,1.1368683772161603e-13,0.0,1.1368683772161603e-13,True,True
2801,f2801,5.684341886080802e-14,0.0,5.684341886080802e-14,True,True
2802,f2802,2.842170943040401e-14,2.842170943040401e-14,2.842170943040401e-14,True,True
2803,f2803,1.2710574864626038e-13,1.2710574864626038e-13,1.1368683772161603e-13,True,True
2804,f2804,6.355287432313019e-14,0.0,5.684341886080802e-14,True,True
2805,f2805,6.355287432313019e-14,2.842170943040401e-14,5.684341886080802e-14,True,True
2806,f2806,2.2737367544323206e-13,0.0,2.2737367544323206e-13,True,True
2807,f2807,2.5421149729252077e-13,0.0,2.2737367544323206e-13,True,True
2808,f2808,2.864289338439558e-14,0.0,2.842170943040401e-14,True,True
2809,f2809,1.1368683772161603e-13,5.684341886080802e-14,1.1368683772161603e-13,True,True
2810,f2810,1.2710574864626038e-13,2.842170943040401e-14,1.1368683772161603e-13,True,True
2811,f2811,1.1368683772161603e-13,5.684341886080802e-14,1.1368683772161603e-13,True,True
2812,f2812,1.2710574864626038e-13,1.1368683772161603e-13,1.1368683772161603e-13,True,True
2813,f2813,1.1368683772161603e-13,0.0,1.1368683772161603e-13,True,True
2814,f2814,6.355287432313019e-14,1.4210854715202004e-14,5.684341886080802e-14,True,True
2815,f2815,5.859285502108464e-14,2.842170943040401e-14,5.684341886080802e-14,True,True
2816,f2816,6.355287432313019e-14,1.4210854715202004e-14,5.684341886080802e-14,True,True
2817,f2817,5.859285502108464e-14,2.842170943040401e-14,5.684341886080802e-14,True,True
2818,f2818,1.1718571004216928e-13,1.1368683772161603e-13,1.1368683772161603e-13,True,True
2819,f2819,2.842670499499011e-13,2.842170943040401e-14,2.8421709430404007e-13,True,True
2820,f2820,6.355287432313019e-14,5.859285502108464e-14,5.684341886080802e-14,True,True
2821,f2821,5.859285502108464e-14,5.123796534383003e-14,5.684341886080802e-14,True,True
2822,f2822,6.355287432313019e-14,0.0,5.684341886080802e-14,True,True
2823,f2823,1.1368683772161603e-13,0.0,1.1368683772161603e-13,True,True
2824,f2824,5.684341886080802e-14,5.684341886080802e-14,5.684341886080802e-14,True,True
2825,f2825,1.1368683772161603e-13,8.038873388460929e-14,1.1368683772161603e-13,True,True
2826,f2826,6.355287432313019e-14,5.684341886080802e-14,5.684341886080802e-14,True,True
2827,f2827,1.2710574864626038e-13,0.0,1.1368683772161603e-13,True,True
2828,f2828,1.2710574864626038e-13,0.0,1.1368683772161603e-13,True,True
2829,f2829,5.684341886080802e-14,5.684341886080802e-14,5.684341886080802e-14,True,True
2830,f2830,8.038873388460929e-14,0.0,5.684341886080802e-14,True,True
2831,f2831,5.684341886080802e-14,0.0,5.684341886080802e-14,True,True
2832,f2832,5.684341886080802e-14,0.0,5.684341886080802e-14,True,True
2833,f2833,6.355287432313019e-14,3.197442310920451e-14,5.684341886080802e-14,True,True
2834,f2834,1.6077746776921858e-13,1.2710574864626038e-13,1.1368683772161603e-13,True,True
2835,f2835,1.2710574864626038e-13,1.1368683772161603e-13,1.1368683772161603e-13,True,True
2836,f2836,6.355287432313019e-14,1.4210854715202004e-14,5.684341886080802e-14,True,True
2837,f2837,8.038873388460929e-14,5.684341886080802e-14,5.684341886080802e-14,True,True
2838,f2838,6.355287432313019e-14,4.0194366942304644e-14,5.684341886080802e-14,True,True
2839,f2839,1.1718571004216928e-13,5.684341886080802e-14,1.1368683772161603e-13,True,True
2840,f2840,8.526512829121202e-14,2.842170943040401e-14,8.526512829121202e-14,True,True
2841,f2841,8.038873388460929e-14,5.684341886080802e-14,5.684341886080802e-14,True,True
2842,f2842,5.123796534383003e-14,2.4868995751603507e-14,4.263256414560601e-14,True,True
2843,f2843,8.038873388460929e-14,0.0,5.684341886080802e-14,True,True
2844,f2844,8.038873388460929e-14,2.842170943040401e-14,5.684341886080802e-14,True,True
2845,f2845,5.684341886080802e-14,5.684341886080802e-14,5.684341886080802e-14,True,True
2846,f2846,6.355287432313019e-14,0.0,5.684341886080802e-14,True,True
2847,f2847,6.355287432313019e-14,4.0194366942304644e-14,5.684341886080802e-14,True,True
2848,f2848,5.684341886080802e-14,5.684341886080802e-14,5.684341886080802e-14,True,True
2849,f2849,6.355287432313019e-14,0.0,5.684341886080802e-14,True,True
2850,f2850,1.1718571004216928e-13,2.842170943040401e-14,1.1368683772161603e-13,True,True
2851,f2851,8.038873388460929e-14,0.0,5.684341886080802e-14,True,True
2852,f2852,8.038873388460929e-14,8.038873388460929e-14,5.684341886080802e-14,True,True
2853,f2853,5.123796534383003e-14,0.0,4.263256414560601e-14,True,True
2854,f2854,1.1368683772161603e-13,0.0,1.1368683772161603e-13,True,True
2855,f2855,3.8263897345803626e-14,3.8263897345803626e-14,2.842170943040401e-14,True,True
2856,f2856,1.1718571004216928e-13,6.355287432313019e-14,1.1368683772161603e-13,True,True
2857,f2857,6.355287432313019e-14,6.355287432313019e-14,5.684341886080802e-14,True,True
2858,f2858,3.197442310920451e-14,2.842170943040401e-14,3.197442310920451e-14,True,True
2859,f2859,5.684341886080802e-14,0.0,5.684341886080802e-14,True,True
2860,f2860,1.2710574864626038e-13,8.038873388460929e-14,1.1368683772161603e-13,True,True
2861,f2861,6.07087979554246e-14,1.0658141036401503e-14,5.684341886080802e-14,True,True
2862,f2862,8.038873388460929e-14,5.684341886080802e-14,5.684341886080802e-14,True,True
2863,f2863,5.718241383625821e-14,0.0,5.684341886080802e-14,True,True
2864,f2864,8.038873388460929e-14,2.842170943040401e-14,5.684341886080802e-14,True,True
2865,f2865,7.105427357601002e-14,2.842170943040401e-14,5.684341886080802e-14,True,True
2866,f2866,1.2710574864626038e-13,2.842170943040401e-14,1.1368683772161603e-13,True,True
2867,f2867,1.1718571004216928e-13,0.0,1.1368683772161603e-13,True,True
2868,f2868,8.038873388460929e-14,5.684341886080802e-14,5.684341886080802e-14,True,True
2869,f2869,1.1368683772161603e-13,2.842170943040401e-14,1.1368683772161603e-13,True,True
2870,f2870,1.2710574864626038e-13,0.0,1.1368683772161603e-13,True,True
2871,f2871,4.0194366942304644e-14,2.842170943040401e-14,2.842170943040401e-14,True,True
2872,f2872,6.355287432313019e-14,0.0,5.684341886080802e-14,True,True
2873,f2873,1.1718571004216928e-13,0.0,1.1368683772161603e-13,True,True
2874,f2874,8.038873388460929e-14,5.684341886080802e-14,5.684341886080802e-14,True,True
2875,f2875,1.1368683772161603e-13,0.0,1.1368683772161603e-13,True,True
2876,f2876,1.2710574864626038e-13,5.684341886080802e-14,1.1368683772161603e-13,True,True
2877,f2877,1.1368683772161603e-13,2.842170943040401e-14,1.1368683772161603e-13,True,True
2878,f2878,1.1368683772161603e-13,5.684341886080802e-14,1.1368683772161603e-13,True,True
2879,f2879,1.1368683772161603e-13,5.684341886080802e-14,1.1368683772161603e-13,True,True
2880,f2880,4.0194366942304644e-14,2.842170943040401e-14,2.842170943040401e-14,True,True
2881,f2881,1.1368683772161603e-13,0.0,1.1368683772161603e-13,True,True
2882,f2882,1.1368683772161603e-13,0.0,1.1368683772161603e-13,True,True
2883,f2883,4.973799150320701e-14,1.4210854715202004e-14,4.973799150320701e-14,True,True
2884,f2884,6.355287432313019e-14,2.842170943040401e-14,5.684341886080802e-14,True,True
2885,f2885,1.1368683772161603e-13,0.0,1.1368683772161603e-13,True,True
2886,f2886,6.355287432313019e-14,6.355287432313019e-14,5.684341886080802e-14,True,True
2887,f2887,1.1718571004216928e-13,0.0,1.1368683772161603e-13,True,True
2888,f2888,1.1718571004216928e-13,1.4210854715202004e-14,1.1368683772161603e-13,True,True
2889,f2889,1.1718571004216928e-13,0.0,1.1368683772161603e-13,True,True
2890,f2890,2.2737367544323206e-13,1.1368683772161603e-13,2.2737367544323206e-13,True,True
2891,f2891,1.2710574864626038e-13,1.2710574864626038e-13,1.1368683772161603e-13,True,True
2892,f2892,1.1718571004216928e-13,2.842170943040401e-14,1.1368683772161603e-13,True,True
2893,f2893,1.2710574864626038e-13,0.0,1.1368683772161603e-13,True,True
2894,f2894,1.1718571004216928e-13,6.355287432313019e-14,1.1368683772161603e-13,True,True
2895,f2895,1.1368683772161603e-13,1.1368683772161603e-13,5.684341886080802e-14,True,True
2896,f2896,5.684341886080802e-14,0.0,5.684341886080802e-14,True,True
2897,f2897,1.1368683772161603e-13,1.1368683772161603e-13,1.1368683772161603e-13,True,True
2898,f2898,5.859285502108464e-14,0.0,5.684341886080802e-14,True,True
2899,f2899,1.1368683772161603e-13,0.0,1.1368683772161603e-13,True,True
2900,f2900,1.2710574864626038e-13,5.684341886080802e-14,1.1368683772161603e-13,True,True
2901,f2901,1.1368683772161603e-13,0.0,1.1368683772161603e-13,True,True
2902,f2902,6.703246762680666e-14,2.842170943040401e-14,5.684341886080802e-14,True,True
2903,f2903,1.1368683772161603e-13,0.0,1.1368683772161603e-13,True,True
2904,f2904,5.684341886080802e-14,5.684341886080802e-14,2.842170943040401e-14,True,True
2905,f2905,5.684341886080802e-14,0.0,5.684341886080802e-14,True,True
2906,f2906,1.6077746776921858e-13,1.2710574864626038e-13,1.1368683772161603e-13,True,True
2907,f2907,8.038873388460929e-14,2.842170943040401e-14,5.684341886080802e-14,True,True
2908,f2908,2.842170943040401e-14,2.842170943040401e-14,2.842170943040401e-14,True,True
2909,f2909,8.038873388460929e-14,5.684341886080802e-14,5.684341886080802e-14,True,True
2910,f2910,1.1718571004216928e-13,0.0,1.1368683772161603e-13,True,True
2911,f2911,1.2710574864626038e-13,5.684341886080802e-14,1.1368683772161603e-13,True,True
2912,f2912,1.2710574864626038e-13,0.0,1.1368683772161603e-13,True,True
2913,f2913,5.684341886080802e-14,5.684341886080802e-14,5.684341886080802e-14,True,True
2914,f2914,5.859285502108464e-14,1.7763568394002505e-15,5.684341886080802e-14,True,True
2915,f2915,1.1368683772161603e-13,1.1368683772161603e-13,1.1368683772161603e-13,True,True
2916,f2916,1.1368683772161603e-13,5.684341886080802e-14,1.1368683772161603e-13,True,True
2917,f2917,8.038873388460929e-14,2.842170943040401e-14,5.684341886080802e-14,True,True
2918,f2918,7.380436674446226e-14,5.859285502108464e-14,5.684341886080802e-14,True,True
2919,f2919,1.2710574864626038e-13,0.0,1.1368683772161603e-13,True,True
2920,f2920,1.1368683772161603e-13,5.684341886080802e-14,1.1368683772161603e-13,True,True
2921,f2921,5.684341886080802e-14,2.842170943040401e-14,5.684341886080802e-14,True,True
2922,f2922,5.684341886080802e-14,5.684341886080802e-14,5.684341886080802e-14,True,True
2923,f2923,8.038873388460929e-14,5.684341886080802e-14,5.684341886080802e-14,True,True
2924,f2924,5.684341886080802e-14,5.684341886080802e-14,5.684341886080802e-14,True,True
2925,f2925,1.1718571004216928e-13,0.0,1.1368683772161603e-13,True,True
2926,f2926,2.842170943040401e-14,0.0,2.842170943040401e-14,True,True
2927,f2927,1.1718571004216928e-13,5.684341886080802e-14,1.1368683772161603e-13,True,True
2928,f2928,1.2710574864626038e-13,1.1368683772161603e-13,1.1368683772161603e-13,True,True
2929,f2929,6.355287432313019e-14,2.842170943040401e-14,5.684341886080802e-14,True,True
2930,f2930,1.139086659085919e-13,5.684341886080802e-14,1.1368683772161603e-13,True,True
2931,f2931,1.1718571004216928e-13,1.4210854715202004e-14,1.1368683772161603e-13,True,True
2932,f2932,8.038873388460929e-14,0.0,5.684341886080802e-14,True,True
2933,f2933,5.684341886080802e-14,0.0,5.684341886080802e-14,True,True
2934,f2934,1.1368683772161603e-13,0.0,1.1368683772161603e-13,True,True
2935,f2935,1.1368683772161603e-13,0.0,1.1368683772161603e-13,True,True
2936,f2936,1.1368683772161603e-13,8.038873388460929e-14,1.1368683772161603e-13,True,True
2937,f2937,5.684341886080802e-14,0.0,5.684341886080802e-14,True,True
2938,f2938,5.684341886080802e-14,0.0,5.684341886080802e-14,True,True
2939,f2939,1.1368683772161603e-13,0.0,1.1368683772161603e-13,True,True
2940,f2940,4.0194366942304644e-14,2.929642751054232e-14,2.842170943040401e-14,True,True
2941,f2941,1.1718571004216928e-13,0.0,1.1368683772161603e-13,True,True
2942,f2942,4.39648317751562e-14,2.929642751054232e-14,4.39648317751562e-14,True,True
2943,f2943,4.0194366942304644e-14,0.0,2.842170943040401e-14,True,True
2944,f2944,6.355287432313019e-14,2.1316282072803006e-14,5.684341886080802e-14,True,True
2945,f2945,6.355287432313019e-14,6.355287432313019e-14,5.684341886080802e-14,True,True
2946,f2946,1.1368683772161603e-13,1.1368683772161603e-13,5.684341886080802e-14,True,True
2947,f2947,6.355287432313019e-14,5.684341886080802e-14,5.684341886080802e-14,True,True
2948,f2948,1.2710574864626038e-13,0.0,1.1368683772161603e-13,True,True
2949,f2949,6.355287432313019e-14,5.684341886080802e-14,5.684341886080802e-14,True,True
2950,f2950,1.6077746776921858e-13,0.0,1.1368683772161603e-13,True,True
2951,f2951,6.355287432313019e-14,6.355287432313019e-14,5.684341886080802e-14,True,True
2952,f2952,1.2710574864626038e-13,0.0,1.1368683772161603e-13,True,True
2953,f2953,1.1368683772161603e-13,5.684341886080802e-14,1.1368683772161603e-13,True,True
2954,f2954,5.684341886080802e-14,5.684341886080802e-14,5.684341886080802e-14,True,True
2955,f2955,1.1368683772161603e-13,0.0,1.1368683772161603e-13,True,True
2956,f2956,6.355287432313019e-14,0.0,5.684341886080802e-14,True,True
2957,f2957,1.1368683772161603e-13,5.684341886080802e-14,1.1368683772161603e-13,True,True
2958,f2958,1.2710574864626038e-13,0.0,1.1368683772161603e-13,True,True
2959,f2959,5.859285502108464e-14,1.4210854715202004e-14,5.684341886080802e-14,True,True
2960,f2960,4.4938668397781776e-14,2.929642751054232e-14,4.263256414560601e-14,True,True
2961,f2961,2.2737367544323206e-13,2.842170943040401e-14,2.2737367544323206e-13,True,True
2962,f2962,1.2710574864626038e-13,0.0,1.1368683772161603e-13,True,True
2963,f2963,4.0194366942304644e-14,0.0,2.842170943040401e-14,True,True
2964,f2964,1.1457157353758233e-13,0.0,1.1368683772161603e-13,True,True
2965,f2965,6.355287432313019e-14,5.684341886080802e-14,5.684341886080802e-14,True,True
2966,f2966,1.1368683772161603e-13,0.0,1.1368683772161603e-13,True,True
2967,f2967,1.1457157353758233e-13,0.0,1.1368683772161603e-13,True,True
2968,f2968,1.2710574864626038e-13,5.684341886080802e-14,1.1368683772161603e-13,True,True
2969,f2969,5.684341886080802e-14,0.0,5.684341886080802e-14,True,True
2970,f2970,1.1368683772161603e-13,0.0,1.1368683772161603e-13,True,True
2971,f2971,1.1368683772161603e-13,5.684341886080802e-14,1.1368683772161603e-13,True,True
2972,f2972,1.1368683772161603e-13,0.0,1.1368683772161603e-13,True,True
2973,f2973,4.0194366942304644e-14,2.842170943040401e-14,2.842170943040401e-14,True,True
2974,f2974,5.684341886080802e-14,0.0,5.684341886080802e-14,True,True
2975,f2975,1.2710574864626038e-13,5.684341886080802e-14,1.1368683772161603e-13,True,True
2976,f2976,6.355287432313019e-14,2.842170943040401e-14,5.684341886080802e-14,True,True
2977,f2977,1.1368683772161603e-13,0.0,1.1368683772161603e-13,True,True
2978,f2978,5.684341886080802e-14,5.684341886080802e-14,5.684341886080802e-14,True,True
2979,f2979,1.1368683772161603e-13,2.1316282072803006e-14,1.1368683772161603e-13,True,True
2980,f2980,5.684341886080802e-14,2.842170943040401e-14,5.684341886080802e-14,True,True
2981,f2981,1.2710574864626038e-13,0.0,1.1368683772161603e-13,True,True
2982,f2982,1.1718571004216928e-13,6.355287432313019e-14,1.1368683772161603e-13,True,True
2983,f2983,6.355287432313019e-14,3.1776437161565096e-14,5.684341886080802e-14,True,True
2984,f2984,1.2710574864626038e-13,0.0,1.1368683772161603e-13,True,True
2985,f2985,8.038873388460929e-14,2.842170943040401e-14,5.684341886080802e-14,True,True
2986,f2986,5.859285502108464e-14,0.0,5.684341886080802e-14,True,True
2987,f2987,8.038873388460929e-14,8.038873388460929e-14,5.684341886080802e-14,True,True
2988,f2988,4.0194366942304644e-14,4.0194366942304644e-14,2.842170943040401e-14,True,True
2989,f2989,6.355287432313019e-14,0.0,5.684341886080802e-14,True,True
2990,f2990,6.07087979554246e-14,5.701662731533487e-14,5.684341886080802e-14,True,True
2991,f2991,6.355287432313019e-14,5.859285502108464e-14,5.684341886080802e-14,True,True
2992,f2992,2.842170943040401e-14,2.842170943040401e-14,2.842170943040401e-14,True,True
2993,f2993,5.684341886080802e-14,5.684341886080802e-14,5.684341886080802e-14,True,True
2994,f2994,1.1368683772161603e-13,5.684341886080802e-14,1.1368683772161603e-13,True,True
2995,f2995,8.038873388460929e-14,5.684341886080802e-14,5.684341886080802e-14,True,True
2996,f2996,2.2737367544323206e-13,5.684341886080802e-14,2.2737367544323206e-13,True,True
2997,f2997,5.684341886080802e-14,5.684341886080802e-14,5.684341886080802e-14,True,True
2998,f2998,1.1368683772161603e-13,5.684341886080802e-14,1.1368683772161603e-13,True,True
2999,f2999,5.684341886080802e-14,2.842170943040401e-14,5.684341886080802e-14,True,True
3000,f3000,8.038873388460929e-14,0.0,5.684341886080802e-14,True,True
3001,f3001,1.1368683772161603e-13,2.842170943040401e-14,1.1368683772161603e-13,True,True
3002,f3002,1.139086659085919e-13,0.0,1.1368683772161603e-13,True,True
3003,f3003,2.842170943040401e-14,0.0,2.842170943040401e-14,True,True
3004,f3004,5.859285502108464e-14,0.0,5.684341886080802e-14,True,True
3005,f3005,8.038873388460929e-14,0.0,5.684341886080802e-14,True,True
3006,f3006,1.2710574864626038e-13,0.0,1.1368683772161603e-13,True,True
3007,f3007,8.038873388460929e-14,5.684341886080802e-14,5.684341886080802e-14,True,True
3008,f3008,1.1368683772161603e-13,2.842170943040401e-14,1.1368683772161603e-13,True,True
3009,f3009,5.684341886080802e-14,0.0,5.684341886080802e-14,True,True
3010,f3010,1.1368683772161603e-13,0.0,1.1368683772161603e-13,True,True
3011,f3011,6.355287432313019e-14,2.842170943040401e-14,5.684341886080802e-14,True,True
3012,f3012,1.1368683772161603e-13,0.0,1.1368683772161603e-13,True,True
3013,f3013,8.038873388460929e-14,5.684341886080802e-14,5.684341886080802e-14,True,True
3014,f3014,6.355287432313019e-14,5.684341886080802e-14,5.684341886080802e-14,True,True
3015,f3015,1.2710574864626038e-13,2.842170943040401e-14,1.1368683772161603e-13,True,True
3016,f3016,5.684341886080802e-14,5.684341886080802e-14,5.684341886080802e-14,True,True
3017,f3017,6.355287432313019e-14,0.0,5.684341886080802e-14,True,True
3018,f3018,5.684341886080802e-14,0.0,5.684341886080802e-14,True,True
3019,f3019,6.355287432313019e-14,0.0,5.684341886080802e-14,True,True
3020,f3020,1.1718571004216928e-13,0.0,1.1368683772161603e-13,True,True
3021,f3021,5.684341886080802e-14,5.684341886080802e-14,5.684341886080802e-14,True,True
3022,f3022,1.2710574864626038e-13,1.2710574864626038e-13,1.1368683772161603e-13,True,True
3023,f3023,1.1457157353758233e-13,0.0,1.1368683772161603e-13,True,True
3024,f3024,6.355287432313019e-14,1.9539925233402755e-14,5.684341886080802e-14,True,True
3025,f3025,1.2710574864626038e-13,0.0,1.1368683772161603e-13,True,True
3026,f3026,1.1368683772161603e-13,0.0,1.1368683772161603e-13,True,True
3027,f3027,1.1368683772161603e-13,1.1368683772161603e-13,1.1368683772161603e-13,True,True
3028,f3028,5.859285502108464e-14,2.842170943040401e-14,5.684341886080802e-14,True,True
3029,f3029,5.684341886080802e-14,5.684341886080802e-14,5.684341886080802e-14,True,True
3030,f3030,1.1368683772161603e-13,0.0,1.1368683772161603e-13,True,True
3031,f3031,5.684341886080802e-14,0.0,5.684341886080802e-14,True,True
3032,f3032,5.859285502108464e-14,2.842170943040401e-14,5.684341886080802e-14,True,True
3033,f3033,8.038873388460929e-14,5.684341886080802e-14,5.684341886080802e-14,True,True
3034,f3034,7.105427357601002e-14,5.684341886080802e-14,5.684341886080802e-14,True,True
3035,f3035,5.859285502108464e-14,2.842170943040401e-14,5.684341886080802e-14,True,True
3036,f3036,1.1718571004216928e-13,0.0,1.1368683772161603e-13,True,True
3037,f3037,5.684341886080802e-14,1.4210854715202004e-14,5.684341886080802e-14,True,True
3038,f3038,1.1718571004216928e-13,1.1368683772161603e-13,1.1368683772161603e-13,True,True
3039,f3039,1.1368683772161603e-13,8.038873388460929e-14,1.1368683772161603e-13,True,True
3040,f3040,6.355287432313019e-14,5.684341886080802e-14,5.684341886080802e-14,True,True
3041,f3041,1.1718571004216928e-13,0.0,1.1368683772161603e-13,True,True
3042,f3042,1.1718571004216928e-13,1.1718571004216928e-13,1.1368683772161603e-13,True,True
3043,f3043,8.038873388460929e-14,5.684341886080802e-14,5.684341886080802e-14,True,True
3044,f3044,1.156679772130055e-13,2.842170943040401e-14,1.1368683772161603e-13,True,True
3045,f3045,8.038873388460929e-14,5.684341886080802e-14,5.684341886080802e-14,True,True
3046,f3046,6.240678079404622e-14,1.4210854715202004e-14,5.684341886080802e-14,True,True
3047,f3047,1.1368683772161603e-13,0.0,1.1368683772161603e-13,True,True
3048,f3048,1.2710574864626038e-13,1.2710574864626038e-13,1.1368683772161603e-13,True,True
3049,f3049,5.684341886080802e-14,2.842170943040401e-14,5.684341886080802e-14,True,True
3050,f3050,8.038873388460929e-14,2.842170943040401e-14,5.684341886080802e-14,True,True
3051,f3051,6.355287432313019e-14,2.842170943040401e-14,5.684341886080802e-14,True,True
3052,f3052,1.1368683772161603e-13,0.0,1.1368683772161603e-13,True,True
3053,f3053,1.1368683772161603e-13,2.842170943040401e-14,1.1368683772161603e-13,True,True
3054,f3054,1.1368683772161603e-13,1.1368683772161603e-13,1.1368683772161603e-13,True,True
3055,f3055,1.1368683772161603e-13,0.0,1.1368683772161603e-13,True,True
3056,f3056,6.355287432313019e-14,6.355287432313019e-14,5.684341886080802e-14,True,True
3057,f3057,5.684341886080802e-14,5.684341886080802e-14,5.684341886080802e-14,True,True
3058,f3058,5.684341886080802e-14,0.0,5.684341886080802e-14,True,True
3059,f3059,1.139086659085919e-13,1.2434497875801753e-14,1.1368683772161603e-13,True,True
3060,f3060,8.038873388460929e-14,1.4210854715202004e-14,5.684341886080802e-14,True,True
3061,f3061,7.105427357601002e-14,5.684341886080802e-14,5.684341886080802e-14,True,True
3062,f3062,1.1718571004216928e-13,2.842170943040401e-14,1.1368683772161603e-13,True,True
3063,f3063,6.355287432313019e-14,6.355287432313019e-14,5.684341886080802e-14,True,True
3064,f3064,1.1368683772161603e-13,0.0,1.1368683772161603e-13,True,True
3065,f3065,1.1368683772161603e-13,5.684341886080802e-14,1.1368683772161603e-13,True,True
3066,f3066,1.1718571004216928e-13,2.842170943040401e-14,1.1368683772161603e-13,True,True
3067,f3067,1.1368683772161603e-13,0.0,1.1368683772161603e-13,True,True
3068,f3068,1.1368683772161603e-13,2.842170943040401e-14,1.1368683772161603e-13,True,True
3069,f3069,5.684341886080802e-14,0.0,5.684341886080802e-14,True,True
3070,f3070,1.2710574864626038e-13,5.684341886080802e-14,1.1368683772161603e-13,True,True
3071,f3071,6.355287432313019e-14,5.684341886080802e-14,5.684341886080802e-14,True,True
3072,f3072,5.684341886080802e-14,5.684341886080802e-14,2.842170943040401e-14,True,True
3073,f3073,5.123796534383003e-14,4.0194366942304644e-14,4.263256414560601e-14,True,True
3074,f3074,1.1368683772161603e-13,8.038873388460929e-14,1.1368683772161603e-13,True,True
3075,f3075,8.038873388460929e-14,0.0,5.684341886080802e-14,True,True
3076,f3076,8.038873388460929e-14,5.684341886080802e-14,5.684341886080802e-14,True,True
3077,f3077,5.684341886080802e-14,5.684341886080802e-14,5.684341886080802e-14,True,True
3078,f3078,5.859285502108464e-14,2.842170943040401e-14,5.684341886080802e-14,True,True
3079,f3079,4.263256414560601e-14,3.552713678800501e-14,4.263256414560601e-14,True,True
3080,f3080,5.684341886080802e-14,0.0,5.684341886080802e-14,True,True
3081,f3081,1.1718571004216928e-13,0.0,1.1368683772161603e-13,True,True
3082,f3082,1.1368683772161603e-13,2.842170943040401e-14,1.1368683772161603e-13,True,True
3083,f3083,6.355287432313019e-14,5.684341886080802e-14,5.684341886080802e-14,True,True
3084,f3084,6.355287432313019e-14,1.4210854715202004e-14,5.684341886080802e-14,True,True
3085,f3085,6.355287432313019e-14,2.842170943040401e-14,5.684341886080802e-14,True,True
3086,f3086,1.2710574864626038e-13,8.038873388460929e-14,1.1368683772161603e-13,True,True
3087,f3087,1.2710574864626038e-13,1.1368683772161603e-13,1.1368683772161603e-13,True,True
3088,f3088,7.026299709021384e-14,1.4210854715202004e-14,5.684341886080802e-14,True,True
3089,f3089,5.684341886080802e-14,0.0,5.684341886080802e-14,True,True
3090,f3090,5.684341886080802e-14,5.684341886080802e-14,5.684341886080802e-14,True,True
3091,f3091,4.549693413077341e-13,0.0,4.547473508864641e-13,True,True
3092,f3092,1.1368683772161603e-13,2.842170943040401e-14,1.1368683772161603e-13,True,True
3093,f3093,8.038873388460929e-14,0.0,5.684341886080802e-14,True,True
3094,f3094,5.859285502108464e-14,1.4210854715202004e-14,5.684341886080802e-14,True,True
3095,f3095,1.2710574864626038e-13,2.842170943040401e-14,1.1368683772161603e-13,True,True
3096,f3096,5.684341886080802e-14,7.105427357601002e-15,5.684341886080802e-14,True,True
3097,f3097,5.684341886080802e-14,5.684341886080802e-14,5.684341886080802e-14,True,True
3098,f3098,1.2710574864626038e-13,5.684341886080802e-14,1.1368683772161603e-13,True,True
3099,f3099,1.1368683772161603e-13,5.684341886080802e-14,1.1368683772161603e-13,True,True
3100,f3100,6.355287432313019e-14,0.0,5.684341886080802e-14,True,True
3101,f3101,1.156679772130055e-13,0.0,1.1368683772161603e-13,True,True
3102,f3102,8.038873388460929e-14,6.355287432313019e-14,5.684341886080802e-14,True,True
3103,f3103,1.1368683772161603e-13,0.0,1.1368683772161603e-13,True,True
3104,f3104,5.684341886080802e-14,0.0,5.684341886080802e-14,True,True
3105,f3105,6.355287432313019e-14,0.0,5.684341886080802e-14,True,True
3106,f3106,1.1368683772161603e-13,0.0,1.1368683772161603e-13,True,True
3107,f3107,1.1368683772161603e-13,0.0,1.1368683772161603e-13,True,True
3108,f3108,5.684341886080802e-14,0.0,5.684341886080802e-14,True,True
3109,f3109,1.2710574864626038e-13,5.684341886080802e-14,1.1368683772161603e-13,True,True
3110,f3110,6.07087979554246e-14,3.1776437161565096e-14,5.684341886080802e-14,True,True
3111,f3111,6.355287432313019e-14,4.973799150320701e-14,5.684341886080802e-14,True,True
3112,f3112,1.1368683772161603e-13,0.0,1.1368683772161603e-13,True,True
3113,f3113,5.859285502108464e-14,5.684341886080802e-14,5.684341886080802e-14,True,True
3114,f3114,3.552713678800501e-14,1.5888218580782548e-14,2.842170943040401e-14,True,True
3115,f3115,8.038873388460929e-14,0.0,5.684341886080802e-14,True,True
3116,f3116,5.684341886080802e-14,4.0194366942304644e-14,5.684341886080802e-14,True,True
3117,f3117,1.156679772130055e-13,1.4210854715202004e-14,1.1368683772161603e-13,True,True
3118,f3118,6.355287432313019e-14,5.684341886080802e-14,5.684341886080802e-14,True,True
3119,f3119,8.038873388460929e-14,5.684341886080802e-14,5.684341886080802e-14,True,True
3120,f3120,1.1718571004216928e-13,2.842170943040401e-14,1.1368683772161603e-13,True,True
3121,f3121,5.684341886080802e-14,5.684341886080802e-14,5.684341886080802e-14,True,True
3122,f3122,1.1368683772161603e-13,6.355287432313019e-14,1.1368683772161603e-13,True,True
3123,f3123,4.0194366942304644e-14,3.1776437161565096e-14,2.842170943040401e-14,True,True
3124,f3124,6.355287432313019e-14,5.684341886080802e-14,5.684341886080802e-14,True,True
3125,f3125,1.139086659085919e-13,7.105427357601002e-15,1.1368683772161603e-13,True,True
3126,f3126,1.2710574864626038e-13,0.0,1.1368683772161603e-13,True,True
3127,f3127,6.07087979554246e-14,1.4210854715202004e-14,5.684341886080802e-14,True,True
3128,f3128,8.038873388460929e-14,5.684341886080802e-14,5.684341886080802e-14,True,True
3129,f3129,1.1368683772161603e-13,1.1368683772161603e-13,1.1368683772161603e-13,True,True
3130,f3130,8.038873388460929e-14,0.0,5.684341886080802e-14,True,True
3131,f3131,1.1718571004216928e-13,5.684341886080802e-14,1.1368683772161603e-13,True,True
3132,f3132,1.1718571004216928e-13,0.0,1.1368683772161603e-13,True,True
3133,f3133,1.1368683772161603e-13,5.684341886080802e-14,1.1368683772161603e-13,True,True
3134,f3134,5.684341886080802e-14,0.0,5.684341886080802e-14,True,True
3135,f3135,8.038873388460929e-14,8.038873388460929e-14,5.684341886080802e-14,True,True
3136,f3136,1.1368683772161603e-13,1.1368683772161603e-13,1.1368683772161603e-13,True,True
3137,f3137,2.842170943040401e-14,0.0,2.842170943040401e-14,True,True
3138,f3138,6.355287432313019e-14,2.842170943040401e-14,5.684341886080802e-14,True,True
3139,f3139,6.355287432313019e-14,0.0,5.684341886080802e-14,True,True
3140,f3140,1.1718571004216928e-13,1.1368683772161603e-13,1.1368683772161603e-13,True,True
3141,f3141,1.1368683772161603e-13,0.0,1.1368683772161603e-13,True,True
3142,f3142,1.1368683772161603e-13,5.684341886080802e-14,1.1368683772161603e-13,True,True
3143,f3143,1.1368683772161603e-13,5.684341886080802e-14,1.1368683772161603e-13,True,True
3144,f3144,4.0194366942304644e-14,1.4210854715202004e-14,3.552713678800501e-14,True,True
3145,f3145,5.684341886080802e-14,2.842170943040401e-14,5.684341886080802e-14,True,True
3146,f3146,1.2710574864626038e-13,0.0,1.1368683772161603e-13,True,True
3147,f3147,1.2710574864626038e-13,1.2710574864626038e-13,1.1368683772161603e-13,True,True
3148,f3148,6.355287432313019e-14,0.0,5.684341886080802e-14,True,True
3149,f3149,1.2710574864626038e-13,8.038873388460929e-14,1.1368683772161603e-13,True,True
3150,f3150,5.684341886080802e-14,0.0,5.684341886080802e-14,True,True
3151,f3151,1.214175959108492e-13,2.842170943040401e-14,1.1368683772161603e-13,True,True
3152,f3152,5.684341886080802e-14,5.684341886080802e-14,1.4210854715202004e-14,True,True
3153,f3153,6.355287432313019e-14,5.684341886080802e-14,5.684341886080802e-14,True,True
3154,f3154,1.1368683772161603e-13,0.0,1.1368683772161603e-13,True,True
3155,f3155,8.038873388460929e-14,0.0,5.684341886080802e-14,True,True
3156,f3156,5.684341886080802e-14,5.684341886080802e-14,5.684341886080802e-14,True,True
3157,f3157,6.355287432313019e-14,0.0,5.684341886080802e-14,True,True
3158,f3158,6.355287432313019e-14,5.684341886080802e-14,5.684341886080802e-14,True,True
3159,f3159,1.1718571004216928e-13,0.0,1.1368683772161603e-13,True,True
3160,f3160,1.1718571004216928e-13,0.0,1.1368683772161603e-13,True,True
3161,f3161,6.355287432313019e-14,0.0,5.684341886080802e-14,True,True
3162,f3162,8.038873388460929e-14,6.355287432313019e-14,5.684341886080802e-14,True,True
3163,f3163,1.1368683772161603e-13,5.684341886080802e-14,1.1368683772161603e-13,True,True
3164,f3164,1.1368683772161603e-13,0.0,1.1368683772161603e-13,True,True
3165,f3165,2.3437142008433856e-13,5.684341886080802e-14,2.2737367544323206e-13,True,True
3166,f3166,5.684341886080802e-14,5.684341886080802e-14,5.684341886080802e-14,True,True
3167,f3167,8.038873388460929e-14,5.684341886080802e-14,5.684341886080802e-14,True,True
3168,f3168,1.1718571004216928e-13,1.1368683772161603e-13,1.1368683772161603e-13,True,True
3169,f3169,3.552713678800501e-14,2.842170943040401e-14,3.552713678800501e-14,True,True
3170,f3170,1.1368683772161603e-13,5.684341886080802e-14,1.1368683772161603e-13,True,True
3171,f3171,1.1368683772161603e-13,0.0,1.1368683772161603e-13,True,True
3172,f3172,1.1368683772161603e-13,0.0,1.1368683772161603e-13,True,True
3173,f3173,8.038873388460929e-14,6.355287432313019e-14,5.684341886080802e-14,True,True
3174,f3174,1.1368683772161603e-13,0.0,1.1368683772161603e-13,True,True
3175,f3175,1.1368683772161603e-13,0.0,1.1368683772161603e-13,True,True
3176,f3176,1.1368683772161603e-13,5.684341886080802e-14,1.1368683772161603e-13,True,True
3177,f3177,1.2710574864626038e-13,1.2710574864626038e-13,1.1368683772161603e-13,True,True
3178,f3178,6.703246762680666e-14,1.4210854715202004e-14,5.684341886080802e-14,True,True
3179,f3179,1.2710574864626038e-13,0.0,1.1368683772161603e-13,True,True
3180,f3180,1.1368683772161603e-13,0.0,1.1368683772161603e-13,True,True
3181,f3181,5.859285502108464e-14,5.859285502108464e-14,4.973799150320701e-14,True,True
3182,f3182,1.1457157353758233e-13,2.842170943040401e-14,1.1368683772161603e-13,True,True
3183,f3183,8.038873388460929e-14,0.0,5.684341886080802e-14,True,True
3184,f3184,1.1368683772161603e-13,1.4210854715202004e-14,1.1368683772161603e-13,True,True
3185,f3185,4.440892098500626e-14,2.842170943040401e-14,4.440892098500626e-14,True,True
3186,f3186,5.684341886080802e-14,5.684341886080802e-14,5.684341886080802e-14,True,True
3187,f3187,1.1718571004216928e-13,0.0,1.1368683772161603e-13,True,True
3188,f3188,5.695433295429594e-14,2.1316282072803006e-14,5.684341886080802e-14,True,True
3189,f3189,1.1718571004216928e-13,5.684341886080802e-14,1.1368683772161603e-13,True,True
3190,f3190,5.859285502108464e-14,0.0,5.684341886080802e-14,True,True
3191,f3191,1.4210854715202004e-14,0.0,1.4210854715202004e-14,True,True
3192,f3192,2.3437142008433856e-13,2.842170943040401e-14,2.2737367544323206e-13,True,True
3193,f3193,6.355287432313019e-14,0.0,5.684341886080802e-14,True,True
3194,f3194,6.355287432313019e-14,1.4210854715202004e-14,5.684341886080802e-14,True,True
3195,f3195,1.2710574864626038e-13,1.1718571004216928e-13,1.1368683772161603e-13,True,True
3196,f3196,1.1718571004216928e-13,0.0,1.1368683772161603e-13,True,True
3197,f3197,1.1368683772161603e-13,5.684341886080802e-14,1.1368683772161603e-13,True,True
3198,f3198,8.038873388460929e-14,5.684341886080802e-14,5.684341886080802e-14,True,True
3199,f3199,1.1368683772161603e-13,5.684341886080802e-14,1.1368683772161603e-13,True,True
3200,f3200,1.1718571004216928e-13,5.684341886080802e-14,1.1368683772161603e-13,True,True
3201,f3201,5.684341886080802e-14,5.684341886080802e-14,5.684341886080802e-14,True,True
3202,f3202,4.0194366942304644e-14,2.842170943040401e-14,2.842170943040401e-14,True,True
3203,f3203,6.355287432313019e-14,0.0,5.684341886080802e-14,True,True
3204,f3204,1.1718571004216928e-13,5.684341886080802e-14,1.1368683772161603e-13,True,True
3205,f3205,1.1368683772161603e-13,5.684341886080802e-14,1.1368683772161603e-13,True,True
3206,f3206,6.355287432313019e-14,6.355287432313019e-14,5.684341886080802e-14,True,True
3207,f3207,6.204547701064548e-14,1.4210854715202004e-14,5.684341886080802e-14,True,True
3208,f3208,5.684341886080802e-14,0.0,5.684341886080802e-14,True,True
3209,f3209,5.684341886080802e-14,2.842170943040401e-14,5.684341886080802e-14,True,True
3210,f3210,1.1368683772161603e-13,5.684341886080802e-14,1.1368683772161603e-13,True,True
3211,f3211,6.355287432313019e-14,5.684341886080802e-14,5.684341886080802e-14,True,True
3212,f3212,1.1457157353758233e-13,0.0,1.1368683772161603e-13,True,True
3213,f3213,1.1368683772161603e-13,8.038873388460929e-14,1.1368683772161603e-13,True,True
3214,f3214,1.1368683772161603e-13,0.0,1.1368683772161603e-13,True,True
3215,f3215,6.355287432313019e-14,0.0,5.684341886080802e-14,True,True
3216,f3216,1.1718571004216928e-13,0.0,1.1368683772161603e-13,True,True
3217,f3217,1.1368683772161603e-13,5.684341886080802e-14,1.1368683772161603e-13,True,True
3218,f3218,5.859285502108464e-14,5.684341886080802e-14,5.684341886080802e-14,True,True
3219,f3219,1.1457157353758233e-13,2.842170943040401e-14,1.1368683772161603e-13,True,True
3220,f3220,1.2710574864626038e-13,5.684341886080802e-14,1.1368683772161603e-13,True,True
3221,f3221,1.1368683772161603e-13,2.842170943040401e-14,1.1368683772161603e-13,True,True
3222,f3222,6.355287432313019e-14,2.842170943040401e-14,5.684341886080802e-14,True,True
3223,f3223,6.355287432313019e-14,0.0,6.039613253960852e-14,True,True
3224,f3224,6.355287432313019e-14,4.0194366942304644e-14,5.684341886080802e-14,True,True
3225,f3225,1.2710574864626038e-13,0.0,1.1368683772161603e-13,True,True
3226,f3226,6.355287432313019e-14,2.842170943040401e-14,5.684341886080802e-14,True,True
3227,f3227,1.1368683772161603e-13,0.0,1.1368683772161603e-13,True,True
3228,f3228,5.684341886080802e-14,0.0,5.684341886080802e-14,True,True
3229,f3229,6.01080938469374e-14,6.217248937900877e-15,5.684341886080802e-14,True,True
3230,f3230,5.687116766346677e-14,0.0,5.684341886080802e-14,True,True
3231,f3231,1.1368683772161603e-13,0.0,1.1368683772161603e-13,True,True
3232,f3232,1.2710574864626038e-13,5.684341886080802e-14,1.1368683772161603e-13,True,True
3233,f3233,4.4938668397781776e-14,4.4938668397781776e-14,4.263256414560601e-14,True,True
3234,f3234,6.355287432313019e-14,7.105427357601002e-15,5.684341886080802e-14,True,True
3235,f3235,6.355287432313019e-14,5.684341886080802e-14,5.684341886080802e-14,True,True
3236,f3236,5.684341886080802e-14,0.0,5.684341886080802e-14,True,True
3237,f3237,1.1718571004216928e-13,6.355287432313019e-14,1.1368683772161603e-13,True,True
3238,f3238,1.1368683772161603e-13,5.684341886080802e-14,1.1368683772161603e-13,True,True
3239,f3239,6.355287432313019e-14,0.0,5.684341886080802e-14,True,True
3240,f3240,5.684341886080802e-14,2.842170943040401e-14,5.684341886080802e-14,True,True
3241,f3241,5.684341886080802e-14,0.0,5.684341886080802e-14,True,True
3242,f3242,1.1368683772161603e-13,5.684341886080802e-14,1.1368683772161603e-13,True,True
3243,f3243,5.684341886080802e-14,2.842170943040401e-14,5.684341886080802e-14,True,True
3244,f3244,8.038873388460929e-14,0.0,5.684341886080802e-14,True,True
3245,f3245,4.440892098500626e-14,2.842170943040401e-14,4.440892098500626e-14,True,True
3246,f3246,1.1457157353758233e-13,2.842170943040401e-14,1.1368683772161603e-13,True,True
3247,f3247,6.07087979554246e-14,0.0,5.684341886080802e-14,True,True
3248,f3248,5.684341886080802e-14,2.842170943040401e-14,5.684341886080802e-14,True,True
3249,f3249,8.038873388460929e-14,6.355287432313019e-14,5.684341886080802e-14,True,True
3250,f3250,5.684341886080802e-14,5.684341886080802e-14,5.684341886080802e-14,True,True
3251,f3251,1.1457157353758233e-13,1.7763568394002505e-14,1.1368683772161603e-13,True,True
3252,f3252,6.355287432313019e-14,2.842170943040401e-14,5.684341886080802e-14,True,True
3253,f3253,6.355287432313019e-14,2.842170943040401e-14,5.684341886080802e-14,True,True
3254,f3254,1.1718571004216928e-13,1.1718571004216928e-13,1.1368683772161603e-13,True,True
3255,f3255,6.355287432313019e-14,4.0194366942304644e-14,5.684341886080802e-14,True,True
3256,f3256,1.1718571004216928e-13,2.842170943040401e-14,1.1368683772161603e-13,True,True
3257,f3257,1.1718571004216928e-13,0.0,1.1368683772161603e-13,True,True
3258,f3258,5.684341886080802e-14,2.842170943040401e-14,5.684341886080802e-14,True,True
3259,f3259,2.7267077484793845e-13,0.0,2.7267077484793845e-13,True,True
3260,f3260,1.1368683772161603e-13,0.0,1.1368683772161603e-13,True,True
3261,f3261,1.2710574864626038e-13,1.2710574864626038e-13,1.1368683772161603e-13,True,True
3262,f3262,8.038873388460929e-14,0.0,5.684341886080802e-14,True,True
3263,f3263,1.1718571004216928e-13,1.1368683772161603e-13,1.1368683772161603e-13,True,True
3264,f3264,7.105427357601002e-14,2.842170943040401e-14,5.684341886080802e-14,True,True
3265,f3265,1.1368683772161603e-13,0.0,1.1368683772161603e-13,True,True
3266,f3266,5.695433295429594e-14,0.0,5.684341886080802e-14,True,True
3267,f3267,8.038873388460929e-14,5.684341886080802e-14,5.684341886080802e-14,True,True
3268,f3268,8.038873388460929e-14,2.842170943040401e-14,5.684341886080802e-14,True,True
3269,f3269,6.355287432313019e-14,5.859285502108464e-14,5.684341886080802e-14,True,True
3270,f3270,6.355287432313019e-14,6.355287432313019e-14,5.684341886080802e-14,True,True
3271,f3271,1.1368683772161603e-13,0.0,1.1368683772161603e-13,True,True
3272,f3272,6.355287432313019e-14,0.0,5.684341886080802e-14,True,True
3273,f3273,2.2737367544323206e-13,0.0,2.2737367544323206e-13,True,True
3274,f3274,5.684341886080802e-14,5.684341886080802e-14,5.684341886080802e-14,True,True
3275,f3275,1.1368683772161603e-13,1.1368683772161603e-13,1.1368683772161603e-13,True,True
3276,f3276,6.355287432313019e-14,0.0,5.684341886080802e-14,True,True
3277,f3277,5.684341886080802e-14,2.842170943040401e-14,5.684341886080802e-14,True,True
3278,f3278,2.5421149729252077e-13,0.0,2.2737367544323206e-13,True,True
3279,f3279,8.038873388460929e-14,5.684341886080802e-14,5.684341886080802e-14,True,True
3280,f3280,5.684341886080802e-14,2.842170943040401e-14,5.684341886080802e-14,True,True
3281,f3281,1.1457157353758233e-13,2.842170943040401e-14,1.1368683772161603e-13,True,True
3282,f3282,6.355287432313019e-14,2.842170943040401e-14,5.684341886080802e-14,True,True
3283,f3283,8.038873388460929e-14,8.038873388460929e-14,5.684341886080802e-14,True,True
3284,f3284,6.355287432313019e-14,6.355287432313019e-14,5.684341886080802e-14,True,True
3285,f3285,6.355287432313019e-14,6.355287432313019e-14,2.842170943040401e-14,True,True
3286,f3286,6.355287432313019e-14,1.4210854715202004e-14,5.684341886080802e-14,True,True
3287,f3287,1.1368683772161603e-13,5.684341886080802e-14,1.1368683772161603e-13,True,True
3288,f3288,1.1368683772161603e-13,5.684341886080802e-14,1.1368683772161603e-13,True,True
3289,f3289,4.0194366942304644e-14,2.842170943040401e-14,2.842170943040401e-14,True,True
3290,f3290,6.703246762680666e-14,7.105427357601002e-15,5.684341886080802e-14,True,True
3291,f3291,1.139086659085919e-13,7.105427357601002e-15,1.1368683772161603e-13,True,True
3292,f3292,8.038873388460929e-14,0.0,5.684341886080802e-14,True,True
3293,f3293,6.355287432313019e-14,5.684341886080802e-14,5.684341886080802e-14,True,True
3294,f3294,6.07087979554246e-14,0.0,5.684341886080802e-14,True,True
3295,f3295,8.038873388460929e-14,0.0,5.684341886080802e-14,True,True
3296,f3296,1.1457157353758233e-13,0.0,1.1368683772161603e-13,True,True
3297,f3297,8.038873388460929e-14,0.0,5.684341886080802e-14,True,True
3298,f3298,6.355287432313019e-14,5.684341886080802e-14,5.684341886080802e-14,True,True
3299,f3299,1.1368683772161603e-13,1.1368683772161603e-13,5.684341886080802e-14,True,True
3300,f3300,3.552713678800501e-14,1.7763568394002505e-14,3.552713678800501e-14,True,True
3301,f3301,1.1718571004216928e-13,6.355287432313019e-14,1.1368683772161603e-13,True,True
3302,f3302,2.2914314707516465e-13,1.1368683772161603e-13,2.2737367544323206e-13,True,True
3303,f3303,5.684341886080802e-14,5.684341886080802e-14,5.684341886080802e-14,True,True
3304,f3304,5.684341886080802e-14,5.684341886080802e-14,5.684341886080802e-14,True,True
3305,f3305,1.1368683772161603e-13,5.684341886080802e-14,1.1368683772161603e-13,True,True
3306,f3306,5.684341886080802e-14,0.0,5.684341886080802e-14,True,True
3307,f3307,6.355287432313019e-14,0.0,5.684341886080802e-14,True,True
3308,f3308,1.2710574864626038e-13,5.684341886080802e-14,1.1368683772161603e-13,True,True
3309,f3309,1.1368683772161603e-13,0.0,1.1368683772161603e-13,True,True
3310,f3310,5.955433342649105e-14,0.0,5.684341886080802e-14,True,True
3311,f3311,5.684341886080802e-14,0.0,5.684341886080802e-14,True,True
3312,f3312,8.038873388460929e-14,2.842170943040401e-14,5.684341886080802e-14,True,True
3313,f3313,6.355287432313019e-14,5.859285502108464e-14,5.684341886080802e-14,True,True
3314,f3314,6.204547701064548e-14,7.549516567451064e-15,5.684341886080802e-14,True,True
3315,f3315,5.684341886080802e-14,2.842170943040401e-14,5.684341886080802e-14,True,True
3316,f3316,6.355287432313019e-14,2.842170943040401e-14,5.684341886080802e-14,True,True
3317,f3317,1.2710574864626038e-13,0.0,1.1368683772161603e-13,True,True
3318,f3318,1.1368683772161603e-13,5.684341886080802e-14,1.1368683772161603e-13,True,True
3319,f3319,6.355287432313019e-14,0.0,5.684341886080802e-14,True,True
3320,f3320,6.355287432313019e-14,0.0,5.684341886080802e-14,True,True
3321,f3321,1.2710574864626038e-13,5.684341886080802e-14,1.1368683772161603e-13,True,True
3322,f3322,1.1368683772161603e-13,0.0,1.1368683772161603e-13,True,True
3323,f3323,6.355287432313019e-14,2.842170943040401e-14,5.684341886080802e-14,True,True
3324,f3324,1.2710574864626038e-13,5.684341886080802e-14,1.1368683772161603e-13,True,True
3325,f3325,5.684341886080802e-14,5.684341886080802e-14,5.684341886080802e-14,True,True
3326,f3326,8.038873388460929e-14,5.859285502108464e-14,5.684341886080802e-14,True,True
3327,f3327,8.038873388460929e-14,5.684341886080802e-14,5.684341886080802e-14,True,True
3328,f3328,6.355287432313019e-14,5.684341886080802e-14,5.684341886080802e-14,True,True
3329,f3329,1.1368683772161603e-13,5.684341886080802e-14,1.1368683772161603e-13,True,True
3330,f3330,9.099386826154683e-14,4.263256414560601e-14,7.105427357601002e-14,True,True
3331,f3331,8.038873388460929e-14,2.842170943040401e-14,5.684341886080802e-14,True,True
3332,f3332,1.2710574864626038e-13,0.0,1.1368683772161603e-13,True,True
3333,f3333,1.2710574864626038e-13,5.684341886080802e-14,1.1368683772161603e-13,True,True
3334,f3334,2.842170943040401e-14,0.0,2.842170943040401e-14,True,True
3335,f3335,1.1718571004216928e-13,1.4210854715202004e-14,1.1368683772161603e-13,True,True
3336,f3336,6.355287432313019e-14,5.684341886080802e-14,5.684341886080802e-14,True,True
3337,f3337,1.1368683772161603e-13,1.1368683772161603e-13,1.1368683772161603e-13,True,True
3338,f3338,5.684341886080802e-14,0.0,5.684341886080802e-14,True,True
3339,f3339,8.038873388460929e-14,5.684341886080802e-14,5.684341886080802e-14,True,True
3340,f3340,1.139086659085919e-13,2.842170943040401e-14,1.1368683772161603e-13,True,True
3341,f3341,1.1368683772161603e-13,1.1368683772161603e-13,1.1368683772161603e-13,True,True
3342,f3342,5.123796534383003e-14,0.0,4.263256414560601e-14,True,True
3343,f3343,8.038873388460929e-14,2.842170943040401e-14,5.684341886080802e-14,True,True
3344,f3344,1.2710574864626038e-13,5.684341886080802e-14,1.1368683772161603e-13,True,True
3345,f3345,5.684341886080802e-14,0.0,5.684341886080802e-14,True,True
3346,f3346,5.684341886080802e-14,1.4210854715202004e-14,5.684341886080802e-14,True,True
3347,f3347,7.494983993364379e-14,1.4210854715202004e-14,5.684341886080802e-14,True,True
3348,f3348,1.1718571004216928e-13,0.0,1.1368683772161603e-13,True,True
3349,f3349,8.038873388460929e-14,0.0,5.684341886080802e-14,True,True
3350,f3350,6.355287432313019e-14,6.355287432313019e-14,5.684341886080802e-14,True,True
3351,f3351,6.355287432313019e-14,5.684341886080802e-14,5.684341886080802e-14,True,True
3352,f3352,1.1368683772161603e-13,5.684341886080802e-14,1.1368683772161603e-13,True,True
3353,f3353,6.355287432313019e-14,0.0,5.684341886080802e-14,True,True
3354,f3354,5.859285502108464e-14,2.842170943040401e-14,5.684341886080802e-14,True,True
3355,f3355,1.1368683772161603e-13,8.038873388460929e-14,1.1368683772161603e-13,True,True
3356,f3356,0.0,0.0,0.0,True,True
3357,f3357,5.728578676879116e-14,0.0,5.684341886080802e-14,True,True
3358,f3358,8.038873388460929e-14,0.0,5.684341886080802e-14,True,True
3359,f3359,5.684341886080802e-14,5.684341886080802e-14,5.684341886080802e-14,True,True
3360,f3360,6.355287432313019e-14,2.842170943040401e-14,5.684341886080802e-14,True,True
3361,f3361,6.355287432313019e-14,6.355287432313019e-14,5.684341886080802e-14,True,True
3362,f3362,6.355287432313019e-14,2.1316282072803006e-14,5.684341886080802e-14,True,True
3363,f3363,1.1368683772161603e-13,1.1368683772161603e-13,1.1368683772161603e-13,True,True
3364,f3364,1.1368683772161603e-13,2.842170943040401e-14,1.1368683772161603e-13,True,True
3365,f3365,1.2710574864626038e-13,0.0,1.1368683772161603e-13,True,True
3366,f3366,6.07087979554246e-14,1.0658141036401503e-14,5.684341886080802e-14,True,True
3367,f3367,6.355287432313019e-14,6.355287432313019e-14,5.684341886080802e-14,True,True
3368,f3368,1.2710574864626038e-13,1.2710574864626038e-13,1.1368683772161603e-13,True,True
3369,f3369,5.684341886080802e-14,2.842170943040401e-14,5.684341886080802e-14,True,True
3370,f3370,1.2710574864626038e-13,6.355287432313019e-14,1.1368683772161603e-13,True,True
3371,f3371,6.355287432313019e-14,0.0,5.684341886080802e-14,True,True
3372,f3372,1.2710574864626038e-13,6.355287432313019e-14,1.1368683772161603e-13,True,True
3373,f3373,8.038873388460929e-14,5.684341886080802e-14,5.684341886080802e-14,True,True
3374,f3374,5.684341886080802e-14,0.0,5.684341886080802e-14,True,True
3375,f3375,5.690583463874556e-14,5.123796534383003e-14,5.684341886080802e-14,True,True
3376,f3376,5.684341886080802e-14,0.0,5.684341886080802e-14,True,True
3377,f3377,1.2710574864626038e-13,2.842170943040401e-14,1.1368683772161603e-13,True,True
3378,f3378,5.859285502108464e-14,5.684341886080802e-14,5.684341886080802e-14,True,True
3379,f3379,1.1457157353758233e-13,5.684341886080802e-14,1.1368683772161603e-13,True,True
3380,f3380,1.1368683772161603e-13,0.0,1.1368683772161603e-13,True,True
3381,f3381,1.1718571004216928e-13,0.0,1.1368683772161603e-13,True,True
3382,f3382,8.038873388460929e-14,0.0,5.684341886080802e-14,True,True
3383,f3383,5.684341886080802e-14,0.0,5.684341886080802e-14,True,True
3384,f3384,8.038873388460929e-14,2.842170943040401e-14,5.684341886080802e-14,True,True
3385,f3385,6.355287432313019e-14,5.684341886080802e-14,5.684341886080802e-14,True,True
3386,f3386,1.1718571004216928e-13,0.0,1.1368683772161603e-13,True,True
3387,f3387,1.1368683772161603e-13,0.0,1.1368683772161603e-13,True,True
3388,f3388,1.2710574864626038e-13,0.0,1.1368683772161603e-13,True,True
3389,f3389,1.2710574864626038e-13,1.1368683772161603e-13,1.1368683772161603e-13,True,True
3390,f3390,6.355287432313019e-14,0.0,5.684341886080802e-14,True,True
3391,f3391,6.355287432313019e-14,0.0,5.684341886080802e-14,True,True
3392,f3392,1.6077746776921858e-13,5.859285502108464e-14,1.1368683772161603e-13,True,True
3393,f3393,8.038873388460929e-14,0.0,5.684341886080802e-14,True,True
3394,f3394,1.1368683772161603e-13,5.684341886080802e-14,1.1368683772161603e-13,True,True
3395,f3395,8.038873388460929e-14,0.0,5.684341886080802e-14,True,True
3396,f3396,8.038873388460929e-14,2.842170943040401e-14,5.684341886080802e-14,True,True
3397,f3397,1.1368683772161603e-13,5.684341886080802e-14,1.1368683772161603e-13,True,True
3398,f3398,6.355287432313019e-14,6.355287432313019e-14,5.684341886080802e-14,True,True
3399,f3399,6.118930520446548e-14,1.5987211554602254e-14,5.684341886080802e-14,True,True
3400,f3400,1.4210854715202004e-13,2.842170943040401e-14,1.1368683772161603e-13,True,True
3401,f3401,8.038873388460929e-14,5.684341886080802e-14,5.684341886080802e-14,True,True
3402,f3402,6.355287432313019e-14,5.684341886080802e-14,5.684341886080802e-14,True,True
3403,f3403,1.1368683772161603e-13,0.0,1.1368683772161603e-13,True,True
3404,f3404,1.2710574864626038e-13,2.842170943040401e-14,1.1368683772161603e-13,True,True
3405,f3405,1.4210854715202004e-13,0.0,1.1368683772161603e-13,True,True
3406,f3406,6.355287432313019e-14,0.0,5.684341886080802e-14,True,True
3407,f3407,1.2710574864626038e-13,1.2710574864626038e-13,1.1368683772161603e-13,True,True
3408,f3408,1.2710574864626038e-13,0.0,1.1368683772161603e-13,True,True
3409,f3409,6.355287432313019e-14,2.842170943040401e-14,5.684341886080802e-14,True,True
3410,f3410,1.1368683772161603e-13,2.842170943040401e-14,1.1368683772161603e-13,True,True
3411,f3411,1.1368683772161603e-13,0.0,1.1368683772161603e-13,True,True
3412,f3412,8.038873388460929e-14,5.684341886080802e-14,5.684341886080802e-14,True,True
3413,f3413,8.165446938733967e-14,1.4210854715202004e-14,5.861977570020827e-14,True,True
3414,f3414,1.2710574864626038e-13,0.0,1.1368683772161603e-13,True,True
3415,f3415,1.2710574864626038e-13,1.2710574864626038e-13,1.1368683772161603e-13,True,True
3416,f3416,6.355287432313019e-14,2.842170943040401e-14,5.684341886080802e-14,True,True
3417,f3417,6.355287432313019e-14,0.0,5.684341886080802e-14,True,True
3418,f3418,1.1368683772161603e-13,0.0,1.1368683772161603e-13,True,True
3419,f3419,1.2710574864626038e-13,1.1368683772161603e-13,1.1368683772161603e-13,True,True
3420,f3420,5.684341886080802e-14,0.0,5.684341886080802e-14,True,True
3421,f3421,5.684341886080802e-14,0.0,5.684341886080802e-14,True,True
3422,f3422,8.038873388460929e-14,0.0,5.684341886080802e-14,True,True
3423,f3423,6.355287432313019e-14,5.684341886080802e-14,5.684341886080802e-14,True,True
3424,f3424,5.684341886080802e-14,0.0,5.684341886080802e-14,True,True
3425,f3425,8.038873388460929e-14,5.684341886080802e-14,5.684341886080802e-14,True,True
3426,f3426,3.337471495267141e-14,2.4868995751603507e-14,3.019806626980426e-14,True,True
3427,f3427,8.526512829121202e-14,2.842170943040401e-14,8.526512829121202e-14,True,True
3428,f3428,1.1368683772161603e-13,1.1368683772161603e-13,5.684341886080802e-14,True,True
3429,f3429,6.355287432313019e-14,2.842170943040401e-14,5.684341886080802e-14,True,True
3430,f3430,5.684341886080802e-14,2.842170943040401e-14,5.684341886080802e-14,True,True
3431,f3431,1.2710574864626038e-13,1.2710574864626038e-13,1.1368683772161603e-13,True,True
3432,f3432,8.038873388460929e-14,1.4210854715202004e-14,5.684341886080802e-14,True,True
3433,f3433,1.1718571004216928e-13,5.684341886080802e-14,1.1368683772161603e-13,True,True
3434,f3434,1.6077746776921858e-13,0.0,1.1368683772161603e-13,True,True
3435,f3435,1.1718571004216928e-13,1.1368683772161603e-13,1.1368683772161603e-13,True,True
3436,f3436,1.1368683772161603e-13,5.684341886080802e-14,1.1368683772161603e-13,True,True
3437,f3437,8.038873388460929e-14,0.0,5.684341886080802e-14,True,True
3438,f3438,8.038873388460929e-14,0.0,5.684341886080802e-14,True,True
3439,f3439,6.355287432313019e-14,0.0,5.684341886080802e-14,True,True
3440,f3440,6.355287432313019e-14,2.842170943040401e-14,5.684341886080802e-14,True,True
3441,f3441,5.684341886080802e-14,0.0,5.684341886080802e-14,True,True
3442,f3442,1.2710574864626038e-13,0.0,1.1368683772161603e-13,True,True
3443,f3443,4.0194366942304644e-14,4.0194366942304644e-14,2.842170943040401e-14,True,True
3444,f3444,3.1776437161565096e-14,2.0097183471152322e-14,2.842170943040401e-14,True,True
3445,f3445,8.038873388460929e-14,0.0,5.684341886080802e-14,True,True
3446,f3446,1.1368683772161603e-13,0.0,1.1368683772161603e-13,True,True
3447,f3447,6.355287432313019e-14,2.842170943040401e-14,5.684341886080802e-14,True,True
3448,f3448,1.1368683772161603e-13,0.0,1.1368683772161603e-13,True,True
3449,f3449,1.1368683772161603e-13,0.0,1.1368683772161603e-13,True,True
3450,f3450,1.1368683772161603e-13,7.105427357601002e-15,1.1368683772161603e-13,True,True
3451,f3451,1.1368683772161603e-13,5.684341886080802e-14,1.1368683772161603e-13,True,True
3452,f3452,1.1368683772161603e-13,5.684341886080802e-14,1.1368683772161603e-13,True,True
3453,f3453,1.2710574864626038e-13,5.684341886080802e-14,1.1368683772161603e-13,True,True
3454,f3454,8.038873388460929e-14,8.038873388460929e-14,5.684341886080802e-14,True,True
3455,f3455,1.1718571004216928e-13,0.0,1.1368683772161603e-13,True,True
3456,f3456,7.502224783007543e-14,6.07087979554246e-14,5.684341886080802e-14,True,True
3457,f3457,8.038873388460929e-14,6.355287432313019e-14,5.684341886080802e-14,True,True
3458,f3458,1.2710574864626038e-13,5.684341886080802e-14,1.1368683772161603e-13,True,True
3459,f3459,1.2710574864626038e-13,0.0,1.1368683772161603e-13,True,True
3460,f3460,8.038873388460929e-14,1.4210854715202004e-14,5.684341886080802e-14,True,True
3461,f3461,6.355287432313019e-14,2.842170943040401e-14,5.684341886080802e-14,True,True
3462,f3462,8.038873388460929e-14,0.0,5.684341886080802e-14,True,True
3463,f3463,1.1718571004216928e-13,0.0,1.1368683772161603e-13,True,True
3464,f3464,1.1718571004216928e-13,0.0,1.1368683772161603e-13,True,True
3465,f3465,5.684341886080802e-14,5.684341886080802e-14,5.684341886080802e-14,True,True
3466,f3466,1.1368683772161603e-13,0.0,1.1368683772161603e-13,True,True
3467,f3467,5.684341886080802e-14,0.0,5.684341886080802e-14,True,True
3468,f3468,5.684341886080802e-14,4.0194366942304644e-14,5.684341886080802e-14,True,True
3469,f3469,4.5496934130773415e-14,4.5496934130773415e-14,2.842170943040401e-14,True,True
3470,f3470,6.355287432313019e-14,2.842170943040401e-14,5.684341886080802e-14,True,True
3471,f3471,6.355287432313019e-14,0.0,5.684341886080802e-14,True,True
3472,f3472,1.1368683772161603e-13,6.355287432313019e-14,1.1368683772161603e-13,True,True
3473,f3473,5.684341886080802e-14,0.0,5.684341886080802e-14,True,True
3474,f3474,1.1368683772161603e-13,0.0,1.1368683772161603e-13,True,True
3475,f3475,6.355287432313019e-14,1.4210854715202004e-14,5.684341886080802e-14,True,True
3476,f3476,8.038873388460929e-14,5.684341886080802e-14,5.684341886080802e-14,True,True
3477,f3477,1.1368683772161603e-13,0.0,1.1368683772161603e-13,True,True
3478,f3478,8.038873388460929e-14,0.0,5.684341886080802e-14,True,True
3479,f3479,8.038873388460929e-14,0.0,5.684341886080802e-14,True,True
3480,f3480,1.1718571004216928e-13,0.0,1.1368683772161603e-13,True,True
3481,f3481,5.684341886080802e-14,5.684341886080802e-14,5.684341886080802e-14,True,True
3482,f3482,1.1368683772161603e-13,0.0,1.1368683772161603e-13,True,True
3483,f3483,5.684341886080802e-14,5.684341886080802e-14,2.842170943040401e-14,True,True
3484,f3484,1.1368683772161603e-13,0.0,1.1368683772161603e-13,True,True
3485,f3485,6.355287432313019e-14,2.842170943040401e-14,5.684341886080802e-14,True,True
3486,f3486,5.684341886080802e-14,2.842170943040401e-14,5.684341886080802e-14,True,True
3487,f3487,1.2710574864626038e-13,0.0,1.1368683772161603e-13,True,True
3488,f3488,8.038873388460929e-14,5.684341886080802e-14,5.684341886080802e-14,True,True
3489,f3489,1.1368683772161603e-13,0.0,1.1368683772161603e-13,True,True
3490,f3490,5.684341886080802e-14,2.842170943040401e-14,5.684341886080802e-14,True,True
3491,f3491,1.2710574864626038e-13,5.684341886080802e-14,1.1368683772161603e-13,True,True
3492,f3492,1.1368683772161603e-13,1.1368683772161603e-13,1.1368683772161603e-13,True,True
3493,f3493,6.355287432313019e-14,5.684341886080802e-14,5.684341886080802e-14,True,True
3494,f3494,1.1368683772161603e-13,0.0,1.1368683772161603e-13,True,True
3495,f3495,8.038873388460929e-14,8.038873388460929e-14,5.684341886080802e-14,True,True
3496,f3496,5.684341886080802e-14,2.842170943040401e-14,5.684341886080802e-14,True,True
3497,f3497,1.2710574864626038e-13,8.038873388460929e-14,1.1368683772161603e-13,True,True
3498,f3498,1.1368683772161603e-13,0.0,1.1368683772161603e-13,True,True
3499,f3499,1.2710574864626038e-13,0.0,1.1368683772161603e-13,True,True
3500,f3500,6.898122193969271e-14,5.859285502108464e-14,5.684341886080802e-14,True,True
3501,f3501,1.2710574864626038e-13,0.0,1.1368683772161603e-13,True,True
3502,f3502,1.1368683772161603e-13,5.684341886080802e-14,1.1368683772161603e-13,True,True
3503,f3503,6.355287432313019e-14,5.684341886080802e-14,5.684341886080802e-14,True,True
3504,f3504,6.355287432313019e-14,5.859285502108464e-14,5.684341886080802e-14,True,True
3505,f3505,5.859285502108464e-14,5.684341886080802e-14,5.684341886080802e-14,True,True
3506,f3506,2.3201695664817656e-13,0.0,2.2737367544323206e-13,True,True
3507,f3507,5.859285502108464e-14,1.4210854715202004e-14,5.684341886080802e-14,True,True
3508,f3508,1.1457157353758233e-13,1.4210854715202004e-14,1.1368683772161603e-13,True,True
3509,f3509,6.355287432313019e-14,1.4210854715202004e-14,5.684341886080802e-14,True,True
3510,f3510,1.1368683772161603e-13,2.842170943040401e-14,1.1368683772161603e-13,True,True
3511,f3511,4.0194366942304644e-14,4.0194366942304644e-14,2.842170943040401e-14,True,True
3512,f3512,1.2710574864626038e-13,1.1368683772161603e-13,1.1368683772161603e-13,True,True
3513,f3513,5.859285502108464e-14,2.842170943040401e-14,5.684341886080802e-14,True,True
3514,f3514,1.1368683772161603e-13,0.0,1.1368683772161603e-13,True,True
3515,f3515,6.102632492251517e-14,2.1316282072803006e-14,5.684341886080802e-14,True,True
3516,f3516,5.783398860650275e-14,5.783398860650275e-14,5.684341886080802e-14,True,True
3517,f3517,2.278173318171838e-13,0.0,2.2737367544323206e-13,True,True
3518,f3518,6.355287432313019e-14,5.684341886080802e-14,5.684341886080802e-14,True,True
3519,f3519,4.0194366942304644e-14,2.842170943040401e-14,2.842170943040401e-14,True,True
3520,f3520,6.355287432313019e-14,6.355287432313019e-14,5.684341886080802e-14,True,True
3521,f3521,5.684341886080802e-14,0.0,5.684341886080802e-14,True,True
3522,f3522,6.355287432313019e-14,2.1316282072803006e-14,5.684341886080802e-14,True,True
3523,f3523,8.038873388460929e-14,0.0,5.684341886080802e-14,True,True
3524,f3524,6.355287432313019e-14,0.0,5.684341886080802e-14,True,True
3525,f3525,6.355287432313019e-14,2.842170943040401e-14,5.684341886080802e-14,True,True
3526,f3526,8.038873388460929e-14,8.038873388460929e-14,5.684341886080802e-14,True,True
3527,f3527,8.038873388460929e-14,2.842170943040401e-14,5.684341886080802e-14,True,True
3528,f3528,6.355287432313019e-14,0.0,5.684341886080802e-14,True,True
3529,f3529,5.684341886080802e-14,0.0,5.684341886080802e-14,True,True
3530,f3530,1.1368683772161603e-13,0.0,1.1368683772161603e-13,True,True
3531,f3531,6.355287432313019e-14,5.684341886080802e-14,5.684341886080802e-14,True,True
3532,f3532,6.07087979554246e-14,1.7763568394002505e-15,5.684341886080802e-14,True,True
3533,f3533,1.1457157353758233e-13,5.728578676879116e-14,1.1368683772161603e-13,True,True
3534,f3534,1.2710574864626038e-13,0.0,1.1368683772161603e-13,True,True
3535,f3535,1.2710574864626038e-13,0.0,1.1368683772161603e-13,True,True
3536,f3536,1.2710574864626038e-13,8.038873388460929e-14,1.1368683772161603e-13,True,True
3537,f3537,1.1368683772161603e-13,0.0,1.1368683772161603e-13,True,True
3538,f3538,1.156679772130055e-13,7.105427357601002e-15,1.1368683772161603e-13,True,True
3539,f3539,5.684341886080802e-14,5.684341886080802e-14,5.684341886080802e-14,True,True
3540,f3540,5.684341886080802e-14,0.0,5.684341886080802e-14,True,True
3541,f3541,1.1718571004216928e-13,6.07087979554246e-14,1.1368683772161603e-13,True,True
3542,f3542,8.038873388460929e-14,2.842170943040401e-14,5.684341886080802e-14,True,True
3543,f3543,6.355287432313019e-14,0.0,5.684341886080802e-14,True,True
3544,f3544,1.1368683772161603e-13,5.684341886080802e-14,1.1368683772161603e-13,True,True
3545,f3545,5.684341886080802e-14,5.684341886080802e-14,5.684341886080802e-14,True,True
3546,f3546,1.2710574864626038e-13,0.0,1.1368683772161603e-13,True,True
3547,f3547,1.1368683772161603e-13,0.0,1.1368683772161603e-13,True,True
3548,f3548,6.355287432313019e-14,0.0,5.684341886080802e-14,True,True
3549,f3549,5.684341886080802e-14,2.1316282072803006e-14,5.684341886080802e-14,True,True
3550,f3550,1.1718571004216928e-13,0.0,1.1368683772161603e-13,True,True
3551,f3551,6.355287432313019e-14,2.842170943040401e-14,5.684341886080802e-14,True,True
3552,f3552,1.1368683772161603e-13,1.1368683772161603e-13,1.1368683772161603e-13,True,True
3553,f3553,6.355287432313019e-14,6.355287432313019e-14,5.684341886080802e-14,True,True
3554,f3554,1.1368683772161603e-13,2.842170943040401e-14,1.1368683772161603e-13,True,True
3555,f3555,8.038873388460929e-14,2.842170943040401e-14,5.684341886080802e-14,True,True
3556,f3556,8.038873388460929e-14,5.684341886080802e-14,5.684341886080802e-14,True,True
3557,f3557,2.2737367544323206e-13,0.0,2.2737367544323206e-13,True,True
3558,f3558,8.038873388460929e-14,0.0,5.684341886080802e-14,True,True
3559,f3559,6.355287432313019e-14,5.684341886080802e-14,5.684341886080802e-14,True,True
3560,f3560,5.684341886080802e-14,0.0,5.684341886080802e-14,True,True
3561,f3561,1.1718571004216928e-13,0.0,1.1368683772161603e-13,True,True
3562,f3562,1.1368683772161603e-13,0.0,1.1368683772161603e-13,True,True
3563,f3563,6.355287432313019e-14,2.842170943040401e-14,5.684341886080802e-14,True,True
3564,f3564,6.355287432313019e-14,2.842170943040401e-14,5.684341886080802e-14,True,True
3565,f3565,1.2710574864626038e-13,1.1368683772161603e-13,1.1368683772161603e-13,True,True
3566,f3566,6.703246762680666e-14,5.684341886080802e-14,5.684341886080802e-14,True,True
3567,f3567,1.2710574864626038e-13,0.0,1.1368683772161603e-13,True,True
3568,f3568,1.2710574864626038e-13,0.0,1.1368683772161603e-13,True,True
3569,f3569,6.355287432313019e-14,2.842170943040401e-14,5.684341886080802e-14,True,True
3570,f3570,1.1457157353758233e-13,0.0,1.1368683772161603e-13,True,True
3571,f3571,6.703246762680666e-14,5.859285502108464e-14,5.684341886080802e-14,True,True
3572,f3572,8.526512829121202e-14,5.684341886080802e-14,8.526512829121202e-14,True,True
3573,f3573,5.859285502108464e-14,1.7763568394002505e-14,5.684341886080802e-14,True,True
3574,f3574,1.1370071466249427e-13,2.4868995751603507e-14,1.1368683772161603e-13,True,True
3575,f3575,8.038873388460929e-14,0.0,5.684341886080802e-14,True,True
3576,f3576,5.123796534383003e-14,0.0,4.263256414560601e-14,True,True
3577,f3577,6.355287432313019e-14,5.728578676879116e-14,5.684341886080802e-14,True,True
3578,f3578,1.1457157353758233e-13,1.1457157353758233e-13,5.684341886080802e-14,True,True
3579,f3579,6.355287432313019e-14,2.842170943040401e-14,5.684341886080802e-14,True,True
3580,f3580,5.728578676879116e-14,7.105427357601002e-15,5.684341886080802e-14,True,True
3581,f3581,3.1776437161565096e-14,7.105427357601002e-15,2.842170943040401e-14,True,True
3582,f3582,6.355287432313019e-14,6.355287432313019e-14,5.684341886080802e-14,True,True
3583,f3583,6.355287432313019e-14,0.0,5.684341886080802e-14,True,True
3584,f3584,3.552713678800501e-14,0.0,3.552713678800501e-14,True,True
3585,f3585,6.355287432313019e-14,4.0194366942304644e-14,5.684341886080802e-14,True,True
3586,f3586,5.684341886080802e-14,0.0,5.684341886080802e-14,True,True
3587,f3587,7.105427357601002e-14,7.105427357601002e-14,5.684341886080802e-14,True,True
3588,f3588,1.1718571004216928e-13,5.684341886080802e-14,1.1368683772161603e-13,True,True
3589,f3589,1.1368683772161603e-13,5.684341886080802e-14,1.1368683772161603e-13,True,True
3590,f3590,8.038873388460929e-14,2.842170943040401e-14,5.684341886080802e-14,True,True
3591,f3591,8.038873388460929e-14,0.0,5.684341886080802e-14,True,True
3592,f3592,1.1368683772161603e-13,5.684341886080802e-14,1.1368683772161603e-13,True,True
3593,f3593,8.038873388460929e-14,0.0,5.684341886080802e-14,True,True
3594,f3594,5.684341886080802e-14,2.842170943040401e-14,5.684341886080802e-14,True,True
3595,f3595,5.684341886080802e-14,5.684341886080802e-14,2.842170943040401e-14,True,True
3596,f3596,6.355287432313019e-14,5.800423916204414e-14,5.684341886080802e-14,True,True
3597,f3597,1.1718571004216928e-13,1.1368683772161603e-13,1.1368683772161603e-13,True,True
3598,f3598,8.038873388460929e-14,0.0,5.684341886080802e-14,True,True
3599,f3599,1.2710574864626038e-13,0.0,1.1368683772161603e-13,True,True
3600,f3600,1.1368683772161603e-13,0.0,1.1368683772161603e-13,True,True
3601,f3601,8.038873388460929e-14,5.684341886080802e-14,5.684341886080802e-14,True,True
3602,f3602,8.038873388460929e-14,5.684341886080802e-14,5.684341886080802e-14,True,True
3603,f3603,6.355287432313019e-14,4.0194366942304644e-14,5.684341886080802e-14,True,True
3604,f3604,2.8421709430404007e-13,8.038873388460929e-14,2.8421709430404007e-13,True,True
3605,f3605,8.038873388460929e-14,5.684341886080802e-14,5.684341886080802e-14,True,True
3606,f3606,5.684341886080802e-14,7.944109290391274e-15,5.684341886080802e-14,True,True
3607,f3607,6.355287432313019e-14,2.842170943040401e-14,5.684341886080802e-14,True,True
3608,f3608,2.3437142008433856e-13,0.0,2.2737367544323206e-13,True,True
3609,f3609,5.684341886080802e-14,5.684341886080802e-14,5.684341886080802e-14,True,True
3610,f3610,8.038873388460929e-14,2.842170943040401e-14,5.684341886080802e-14,True,True
3611,f3611,1.2710574864626038e-13,8.038873388460929e-14,1.1368683772161603e-13,True,True
3612,f3612,1.2710574864626038e-13,0.0,1.1368683772161603e-13,True,True
3613,f3613,4.085620730620576e-14,3.1776437161565096e-14,4.085620730620576e-14,True,True
3614,f3614,5.684341886080802e-14,0.0,5.684341886080802e-14,True,True
3615,f3615,1.1457157353758233e-13,2.842170943040401e-14,1.1368683772161603e-13,True,True
3616,f3616,1.1368683772161603e-13,1.1368683772161603e-13,1.1368683772161603e-13,True,True
3617,f3617,8.526512829121202e-14,0.0,8.526512829121202e-14,True,True
3618,f3618,6.355287432313019e-14,5.684341886080802e-14,5.684341886080802e-14,True,True
3619,f3619,6.355287432313019e-14,6.355287432313019e-14,5.684341886080802e-14,True,True
3620,f3620,1.2710574864626038e-13,5.684341886080802e-14,1.1368683772161603e-13,True,True
3621,f3621,1.1368683772161603e-13,0.0,1.1368683772161603e-13,True,True
3622,f3622,1.6077746776921858e-13,5.684341886080802e-14,1.1368683772161603e-13,True,True
3623,f3623,1.2710574864626038e-13,5.684341886080802e-14,1.1368683772161603e-13,True,True
3624,f3624,6.355287432313019e-14,0.0,5.684341886080802e-14,True,True
3625,f3625,1.6077746776921858e-13,1.6077746776921858e-13,1.1368683772161603e-13,True,True
3626,f3626,1.1368683772161603e-13,5.684341886080802e-14,1.1368683772161603e-13,True,True
3627,f3627,1.1368683772161603e-13,0.0,1.1368683772161603e-13,True,True
3628,f3628,1.1457157353758233e-13,0.0,1.1368683772161603e-13,True,True
3629,f3629,8.038873388460929e-14,0.0,5.684341886080802e-14,True,True
3630,f3630,1.1368683772161603e-13,5.684341886080802e-14,1.1368683772161603e-13,True,True
3631,f3631,5.684341886080802e-14,2.842170943040401e-14,5.684341886080802e-14,True,True
3632,f3632,5.848673439562695e-14,7.105427357601002e-15,5.684341886080802e-14,True,True
3633,f3633,1.2710574864626038e-13,5.684341886080802e-14,1.1368683772161603e-13,True,True
3634,f3634,4.0194366942304644e-14,4.0194366942304644e-14,2.842170943040401e-14,True,True
3635,f3635,6.355287432313019e-14,2.842170943040401e-14,5.684341886080802e-14,True,True
3636,f3636,1.2710574864626038e-13,1.2710574864626038e-13,1.1368683772161603e-13,True,True
3637,f3637,5.728578676879116e-14,5.728578676879116e-14,5.684341886080802e-14,True,True
3638,f3638,6.355287432313019e-14,2.842170943040401e-14,5.684341886080802e-14,True,True
3639,f3639,5.684341886080802e-14,0.0,5.684341886080802e-14,True,True
3640,f3640,6.355287432313019e-14,5.684341886080802e-14,5.684341886080802e-14,True,True
3641,f3641,6.355287432313019e-14,2.842170943040401e-14,5.684341886080802e-14,True,True
3642,f3642,1.1718571004216928e-13,6.355287432313019e-14,1.1368683772161603e-13,True,True
3643,f3643,8.038873388460929e-14,8.038873388460929e-14,5.684341886080802e-14,True,True
3644,f3644,4.0194366942304644e-14,2.842170943040401e-14,2.842170943040401e-14,True,True
3645,f3645,5.684341886080802e-14,0.0,5.684341886080802e-14,True,True
3646,f3646,1.1368683772161603e-13,5.684341886080802e-14,1.1368683772161603e-13,True,True
3647,f3647,8.038873388460929e-14,0.0,5.684341886080802e-14,True,True
3648,f3648,1.1368683772161603e-13,0.0,1.1368683772161603e-13,True,True
3649,f3649,6.355287432313019e-14,2.842170943040401e-14,5.684341886080802e-14,True,True
3650,f3650,1.2710574864626038e-13,1.2710574864626038e-13,1.1368683772161603e-13,True,True
3651,f3651,6.355287432313019e-14,5.684341886080802e-14,5.684341886080802e-14,True,True
3652,f3652,5.684341886080802e-14,0.0,5.684341886080802e-14,True,True
3653,f3653,1.2710574864626038e-13,0.0,1.1368683772161603e-13,True,True
3654,f3654,1.1374233532693354e-13,1.4210854715202004e-14,1.1368683772161603e-13,True,True
3655,f3655,1.2710574864626038e-13,1.1368683772161603e-13,1.1368683772161603e-13,True,True
3656,f3656,5.684341886080802e-14,0.0,5.684341886080802e-14,True,True
3657,f3657,8.038873388460929e-14,5.684341886080802e-14,5.684341886080802e-14,True,True
3658,f3658,6.355287432313019e-14,0.0,5.684341886080802e-14,True,True
3659,f3659,8.038873388460929e-14,5.684341886080802e-14,5.684341886080802e-14,True,True
3660,f3660,1.2710574864626038e-13,0.0,1.1368683772161603e-13,True,True
3661,f3661,1.1718571004216928e-13,5.684341886080802e-14,1.1368683772161603e-13,True,True
3662,f3662,4.263256414560601e-14,0.0,4.263256414560601e-14,True,True
3663,f3663,6.355287432313019e-14,7.105427357601002e-15,5.684341886080802e-14,True,True
3664,f3664,1.6077746776921858e-13,2.842170943040401e-14,1.1368683772161603e-13,True,True
3665,f3665,8.038873388460929e-14,5.684341886080802e-14,5.684341886080802e-14,True,True
3666,f3666,1.2710574864626038e-13,1.2710574864626038e-13,1.1368683772161603e-13,True,True
3667,f3667,1.1457157353758233e-13,1.4210854715202004e-14,1.1368683772161603e-13,True,True
3668,f3668,6.355287432313019e-14,0.0,5.684341886080802e-14,True,True
3669,f3669,5.859285502108464e-14,2.842170943040401e-14,5.684341886080802e-14,True,True
3670,f3670,2.842170943040401e-14,1.4210854715202004e-14,2.842170943040401e-14,True,True
3671,f3671,1.2710574864626038e-13,1.1368683772161603e-13,1.1368683772161603e-13,True,True
3672,f3672,1.1368683772161603e-13,5.684341886080802e-14,1.1368683772161603e-13,True,True
3673,f3673,1.2710574864626038e-13,0.0,1.1368683772161603e-13,True,True
3674,f3674,5.684341886080802e-14,5.684341886080802e-14,5.684341886080802e-14,True,True
3675,f3675,1.1368683772161603e-13,5.684341886080802e-14,1.1368683772161603e-13,True,True
3676,f3676,5.859285502108464e-14,4.0194366942304644e-14,5.684341886080802e-14,True,True
3677,f3677,1.2710574864626038e-13,0.0,1.1368683772161603e-13,True,True
3678,f3678,8.526512829121202e-14,0.0,8.526512829121202e-14,True,True
3679,f3679,8.038873388460929e-14,0.0,5.684341886080802e-14,True,True
3680,f3680,1.2710574864626038e-13,0.0,1.1368683772161603e-13,True,True
3681,f3681,5.859285502108464e-14,0.0,5.684341886080802e-14,True,True
3682,f3682,5.728578676879116e-14,4.0194366942304644e-14,5.684341886080802e-14,True,True
3683,f3683,8.038873388460929e-14,0.0,5.684341886080802e-14,True,True
3684,f3684,2.2737367544323206e-13,5.684341886080802e-14,2.2737367544323206e-13,True,True
3685,f3685,5.859285502108464e-14,0.0,5.684341886080802e-14,True,True
3686,f3686,1.2710574864626038e-13,5.684341886080802e-14,1.1368683772161603e-13,True,True
3687,f3687,5.684341886080802e-14,0.0,5.684341886080802e-14,True,True
3688,f3688,1.2710574864626038e-13,1.2710574864626038e-13,1.1368683772161603e-13,True,True
3689,f3689,8.038873388460929e-14,8.038873388460929e-14,5.684341886080802e-14,True,True
3690,f3690,6.355287432313019e-14,1.4210854715202004e-14,5.684341886080802e-14,True,True
3691,f3691,1.2710574864626038e-13,1.2710574864626038e-13,1.1368683772161603e-13,True,True
3692,f3692,5.684341886080802e-14,5.684341886080802e-14,5.684341886080802e-14,True,True
3693,f3693,1.6077746776921858e-13,0.0,1.1368683772161603e-13,True,True
3694,f3694,6.01080938469374e-14,5.904883742358415e-14,5.684341886080802e-14,True,True
3695,f3695,1.1368683772161603e-13,0.0,1.1368683772161603e-13,True,True
3696,f3696,5.684341886080802e-14,0.0,5.684341886080802e-14,True,True
3697,f3697,1.1368683772161603e-13,0.0,1.1368683772161603e-13,True,True
3698,f3698,8.038873388460929e-14,0.0,5.684341886080802e-14,True,True
3699,f3699,8.038873388460929e-14,2.842170943040401e-14,5.684341886080802e-14,True,True
3700,f3700,1.2710574864626038e-13,0.0,1.1368683772161603e-13,True,True
3701,f3701,1.1368683772161603e-13,0.0,1.1368683772161603e-13,True,True
3702,f3702,1.2710574864626038e-13,0.0,1.1368683772161603e-13,True,True
3703,f3703,6.355287432313019e-14,6.355287432313019e-14,5.684341886080802e-14,True,True
3704,f3704,2.842170943040401e-14,0.0,2.842170943040401e-14,True,True
3705,f3705,2.842170943040401e-14,2.842170943040401e-14,2.842170943040401e-14,True,True
3706,f3706,1.6077746776921858e-13,8.038873388460929e-14,1.1368683772161603e-13,True,True
3707,f3707,5.859285502108464e-14,0.0,5.684341886080802e-14,True,True
3708,f3708,1.1368683772161603e-13,0.0,1.1368683772161603e-13,True,True
3709,f3709,8.038873388460929e-14,0.0,5.684341886080802e-14,True,True
3710,f3710,5.684341886080802e-14,2.842170943040401e-14,5.684341886080802e-14,True,True
3711,f3711,1.2710574864626038e-13,0.0,1.1368683772161603e-13,True,True
3712,f3712,5.684341886080802e-14,0.0,5.684341886080802e-14,True,True
3713,f3713,8.038873388460929e-14,6.355287432313019e-14,5.684341886080802e-14,True,True
3714,f3714,1.1368683772161603e-13,5.684341886080802e-14,1.1368683772161603e-13,True,True
3715,f3715,5.684341886080802e-14,5.684341886080802e-14,5.684341886080802e-14,True,True
3716,f3716,8.038873388460929e-14,8.038873388460929e-14,5.684341886080802e-14,True,True
3717,f3717,1.2710574864626038e-13,5.684341886080802e-14,1.1368683772161603e-13,True,True
3718,f3718,6.355287432313019e-14,3.1776437161565096e-14,5.684341886080802e-14,True,True
3719,f3719,1.1368683772161603e-13,1.1368683772161603e-13,5.684341886080802e-14,True,True
3720,f3720,1.2710574864626038e-13,5.684341886080802e-14,1.1368683772161603e-13,True,True
3721,f3721,8.038873388460929e-14,0.0,5.684341886080802e-14,True,True
3722,f3722,1.1457157353758233e-13,0.0,1.1368683772161603e-13,True,True
3723,f3723,6.355287432313019e-14,0.0,5.684341886080802e-14,True,True
3724,f3724,1.1368683772161603e-13,1.1368683772161603e-13,1.1368683772161603e-13,True,True
3725,f3725,1.1718571004216928e-13,2.842170943040401e-14,1.1368683772161603e-13,True,True
3726,f3726,6.240678079404622e-14,1.4210854715202004e-14,5.684341886080802e-14,True,True
3727,f3727,5.684341886080802e-14,2.842170943040401e-14,5.684341886080802e-14,True,True
3728,f3728,8.038873388460929e-14,5.684341886080802e-14,5.684341886080802e-14,True,True
3729,f3729,5.684341886080802e-14,0.0,5.684341886080802e-14,True,True
3730,f3730,2.2737367544323206e-13,5.684341886080802e-14,2.2737367544323206e-13,True,True
3731,f3731,2.2737367544323206e-13,0.0,2.2737367544323206e-13,True,True
3732,f3732,1.1457157353758233e-13,2.842170943040401e-14,1.1368683772161603e-13,True,True
3733,f3733,1.2710574864626038e-13,8.038873388460929e-14,1.1368683772161603e-13,True,True
3734,f3734,1.1368683772161603e-13,0.0,1.1368683772161603e-13,True,True
3735,f3735,5.684341886080802e-14,2.842170943040401e-14,5.684341886080802e-14,True,True
3736,f3736,1.1368683772161603e-13,0.0,1.1368683772161603e-13,True,True
3737,f3737,8.28628102289784e-14,3.8263897345803626e-14,7.105427357601002e-14,True,True
3738,f3738,3.2155493553843715e-13,5.684341886080802e-14,2.2737367544323206e-13,True,True
3739,f3739,5.684341886080802e-14,5.684341886080802e-14,5.684341886080802e-14,True,True
3740,f3740,6.355287432313019e-14,0.0,5.684341886080802e-14,True,True
3741,f3741,6.204547701064548e-14,1.4210854715202004e-14,5.684341886080802e-14,True,True
3742,f3742,8.038873388460929e-14,5.684341886080802e-14,5.684341886080802e-14,True,True
3743,f3743,4.0194366942304644e-14,4.0194366942304644e-14,2.842170943040401e-14,True,True
3744,f3744,5.684341886080802e-14,2.842170943040401e-14,5.684341886080802e-14,True,True
3745,f3745,6.355287432313019e-14,0.0,5.684341886080802e-14,True,True
3746,f3746,1.1368683772161603e-13,2.842170943040401e-14,1.1368683772161603e-13,True,True
3747,f3747,6.355287432313019e-14,5.684341886080802e-14,5.684341886080802e-14,True,True
3748,f3748,6.355287432313019e-14,0.0,5.684341886080802e-14,True,True
3749,f3749,8.038873388460929e-14,5.684341886080802e-14,5.684341886080802e-14,True,True
3750,f3750,1.1368683772161603e-13,0.0,1.1368683772161603e-13,True,True
3751,f3751,6.355287432313019e-14,0.0,5.684341886080802e-14,True,True
3752,f3752,1.1368683772161603e-13,0.0,1.1368683772161603e-13,True,True
3753,f3753,6.355287432313019e-14,5.684341886080802e-14,5.684341886080802e-14,True,True
3754,f3754,5.684341886080802e-14,2.842170943040401e-14,5.684341886080802e-14,True,True
3755,f3755,6.355287432313019e-14,5.684341886080802e-14,5.684341886080802e-14,True,True
3756,f3756,6.355287432313019e-14,6.355287432313019e-14,5.684341886080802e-14,True,True
3757,f3757,1.1457157353758233e-13,2.842170943040401e-14,1.1368683772161603e-13,True,True
3758,f3758,1.2710574864626038e-13,0.0,1.1368683772161603e-13,True,True
3759,f3759,6.355287432313019e-14,6.355287432313019e-14,5.684341886080802e-14,True,True
3760,f3760,1.1718571004216928e-13,5.684341886080802e-14,1.1368683772161603e-13,True,True
3761,f3761,1.2710574864626038e-13,0.0,1.1368683772161603e-13,True,True
3762,f3762,1.1368683772161603e-13,5.684341886080802e-14,1.1368683772161603e-13,True,True
3763,f3763,1.214175959108492e-13,0.0,1.1368683772161603e-13,True,True
3764,f3764,5.684341886080802e-14,0.0,5.684341886080802e-14,True,True
3765,f3765,1.2710574864626038e-13,0.0,1.1368683772161603e-13,True,True
3766,f3766,6.355287432313019e-14,2.842170943040401e-14,5.684341886080802e-14,True,True
3767,f3767,8.038873388460929e-14,5.684341886080802e-14,5.684341886080802e-14,True,True
3768,f3768,1.8189894035458565e-12,0.0,1.8189894035458565e-12,True,True
3769,f3769,1.2710574864626038e-13,1.4210854715202004e-14,1.1368683772161603e-13,True,True
3770,f3770,6.355287432313019e-14,5.684341886080802e-14,5.684341886080802e-14,True,True
3771,f3771,8.038873388460929e-14,0.0,5.684341886080802e-14,True,True
3772,f3772,1.1457157353758233e-13,5.684341886080802e-14,1.1368683772161603e-13,True,True
3773,f3773,8.038873388460929e-14,0.0,5.684341886080802e-14,True,True
3774,f3774,6.355287432313019e-14,2.842170943040401e-14,5.684341886080802e-14,True,True
3775,f3775,8.038873388460929e-14,5.684341886080802e-14,5.684341886080802e-14,True,True
3776,f3776,1.2710574864626038e-13,5.684341886080802e-14,1.1368683772161603e-13,True,True
3777,f3777,5.859285502108464e-14,2.1316282072803006e-14,5.684341886080802e-14,True,True
3778,f3778,1.1368683772161603e-13,5.684341886080802e-14,1.1368683772161603e-13,True,True
3779,f3779,1.1368683772161603e-13,2.842170943040401e-14,1.1368683772161603e-13,True,True
3780,f3780,1.1718571004216928e-13,0.0,1.1368683772161603e-13,True,True
3781,f3781,1.139086659085919e-13,0.0,1.1368683772161603e-13,True,True
3782,f3782,1.2710574864626038e-13,0.0,1.1368683772161603e-13,True,True
3783,f3783,5.728578676879116e-14,1.1102230246251565e-14,5.684341886080802e-14,True,True
3784,f3784,6.355287432313019e-14,1.4210854715202004e-14,5.684341886080802e-14,True,True
3785,f3785,1.2710574864626038e-13,5.684341886080802e-14,1.1368683772161603e-13,True,True
3786,f3786,5.859285502108464e-14,0.0,5.684341886080802e-14,True,True
3787,f3787,8.038873388460929e-14,8.038873388460929e-14,5.684341886080802e-14,True,True
3788,f3788,1.1368683772161603e-13,5.684341886080802e-14,1.1368683772161603e-13,True,True
3789,f3789,5.684341886080802e-14,2.842170943040401e-14,5.684341886080802e-14,True,True
3790,f3790,6.355287432313019e-14,0.0,5.684341886080802e-14,True,True
3791,f3791,7.159070680766403e-14,0.0,5.684341886080802e-14,True,True
3792,f3792,1.1368683772161603e-13,0.0,1.1368683772161603e-13,True,True
3793,f3793,6.355287432313019e-14,5.684341886080802e-14,5.684341886080802e-14,True,True
3794,f3794,5.684341886080802e-14,5.684341886080802e-14,5.684341886080802e-14,True,True
3795,f3795,8.038873388460929e-14,0.0,5.684341886080802e-14,True,True
3796,f3796,8.038873388460929e-14,5.684341886080802e-14,5.684341886080802e-14,True,True
3797,f3797,1.2710574864626038e-13,5.684341886080802e-14,1.1368683772161603e-13,True,True
3798,f3798,5.955433342649105e-14,1.4210854715202004e-14,5.684341886080802e-14,True,True
3799,f3799,1.1368683772161603e-13,5.684341886080802e-14,1.1368683772161603e-13,True,True
3800,f3800,6.355287432313019e-14,0.0,5.684341886080802e-14,True,True
3801,f3801,3.5704330589399866e-14,2.842170943040401e-14,3.552713678800501e-14,True,True
3802,f3802,1.2710574864626038e-13,0.0,1.1368683772161603e-13,True,True
3803,f3803,3.1776437161565096e-14,0.0,2.842170943040401e-14,True,True
3804,f3804,5.684341886080802e-14,0.0,5.684341886080802e-14,True,True
3805,f3805,2.842170943040401e-14,2.842170943040401e-14,2.842170943040401e-14,True,True
3806,f3806,5.684341886080802e-14,2.842170943040401e-14,5.684341886080802e-14,True,True
3807,f3807,6.355287432313019e-14,0.0,5.684341886080802e-14,True,True
3808,f3808,8.038873388460929e-14,0.0,5.684341886080802e-14,True,True
3809,f3809,8.038873388460929e-14,4.263256414560601e-14,5.684341886080802e-14,True,True
3810,f3810,5.684341886080802e-14,0.0,5.684341886080802e-14,True,True
3811,f3811,7.105427357601002e-14,1.4210854715202004e-14,5.684341886080802e-14,True,True
3812,f3812,1.1368683772161603e-13,8.038873388460929e-14,1.1368683772161603e-13,True,True
3813,f3813,5.684341886080802e-14,5.684341886080802e-14,5.684341886080802e-14,True,True
3814,f3814,4.618527782440651e-14,1.4210854715202004e-14,4.618527782440651e-14,True,True
3815,f3815,8.038873388460929e-14,2.842170943040401e-14,5.684341886080802e-14,True,True
3816,f3816,5.859285502108464e-14,1.4210854715202004e-14,5.684341886080802e-14,True,True
3817,f3817,1.2080532582046504e-13,2.842170943040401e-14,1.1368683772161603e-13,True,True
3818,f3818,2.2737367544323206e-13,0.0,2.2737367544323206e-13,True,True
3819,f3819,5.859285502108464e-14,5.859285502108464e-14,5.684341886080802e-14,True,True
3820,f3820,1.2710574864626038e-13,0.0,1.1368683772161603e-13,True,True
3821,f3821,1.2710574864626038e-13,0.0,1.1368683772161603e-13,True,True
3822,f3822,8.038873388460929e-14,8.038873388460929e-14,5.684341886080802e-14,True,True
3823,f3823,6.07087979554246e-14,2.842170943040401e-14,5.684341886080802e-14,True,True
3824,f3824,6.355287432313019e-14,2.842170943040401e-14,5.684341886080802e-14,True,True
3825,f3825,1.1368683772161603e-13,5.684341886080802e-14,1.1368683772161603e-13,True,True
3826,f3826,1.2710574864626038e-13,0.0,1.1368683772161603e-13,True,True
3827,f3827,6.703246762680666e-14,2.842170943040401e-14,5.684341886080802e-14,True,True
3828,f3828,8.038873388460929e-14,8.038873388460929e-14,5.684341886080802e-14,True,True
3829,f3829,4.2780337774645346e-14,0.0,3.197442310920451e-14,True,True
3830,f3830,6.240678079404622e-14,1.687538997430238e-14,5.684341886080802e-14,True,True
3831,f3831,8.038873388460929e-14,5.684341886080802e-14,5.684341886080802e-14,True,True
3832,f3832,5.684341886080802e-14,5.684341886080802e-14,5.684341886080802e-14,True,True
3833,f3833,1.1368683772161603e-13,2.842170943040401e-14,1.1368683772161603e-13,True,True
3834,f3834,1.1457157353758233e-13,5.684341886080802e-14,9.947598300641403e-14,True,True
3835,f3835,8.038873388460929e-14,0.0,5.684341886080802e-14,True,True
3836,f3836,1.1368683772161603e-13,2.842170943040401e-14,1.1368683772161603e-13,True,True
3837,f3837,8.038873388460929e-14,6.355287432313019e-14,5.684341886080802e-14,True,True
3838,f3838,6.355287432313019e-14,2.842170943040401e-14,5.684341886080802e-14,True,True
3839,f3839,6.355287432313019e-14,2.842170943040401e-14,5.684341886080802e-14,True,True
3840,f3840,5.684341886080802e-14,0.0,5.684341886080802e-14,True,True
3841,f3841,8.038873388460929e-14,5.684341886080802e-14,5.684341886080802e-14,True,True
3842,f3842,6.355287432313019e-14,5.684341886080802e-14,5.684341886080802e-14,True,True
3843,f3843,1.2710574864626038e-13,5.684341886080802e-14,1.1368683772161603e-13,True,True
3844,f3844,6.204547701064548e-14,2.842170943040401e-14,5.684341886080802e-14,True,True
3845,f3845,5.684341886080802e-14,1.4210854715202004e-14,5.684341886080802e-14,True,True
3846,f3846,8.038873388460929e-14,5.684341886080802e-14,5.684341886080802e-14,True,True
3847,f3847,1.1368683772161603e-13,1.4210854715202004e-14,1.1368683772161603e-13,True,True
3848,f3848,1.2710574864626038e-13,0.0,1.1368683772161603e-13,True,True
3849,f3849,8.038873388460929e-14,2.842170943040401e-14,5.684341886080802e-14,True,True
3850,f3850,5.859285502108464e-14,5.684341886080802e-14,5.684341886080802e-14,True,True
3851,f3851,5.684341886080802e-14,0.0,5.684341886080802e-14,True,True
3852,f3852,1.1457157353758233e-13,6.07087979554246e-14,1.1368683772161603e-13,True,True
3853,f3853,1.2710574864626038e-13,1.2710574864626038e-13,1.1368683772161603e-13,True,True
3854,f3854,1.2710574864626038e-13,5.684341886080802e-14,1.1368683772161603e-13,True,True
3855,f3855,6.355287432313019e-14,6.355287432313019e-14,5.684341886080802e-14,True,True
3856,f3856,6.355287432313019e-14,5.684341886080802e-14,5.684341886080802e-14,True,True
3857,f3857,8.038873388460929e-14,8.038873388460929e-14,5.684341886080802e-14,True,True
3858,f3858,1.2710574864626038e-13,0.0,1.1368683772161603e-13,True,True
3859,f3859,6.355287432313019e-14,5.684341886080802e-14,5.684341886080802e-14,True,True
3860,f3860,1.6077746776921858e-13,5.684341886080802e-14,1.1368683772161603e-13,True,True
3861,f3861,6.355287432313019e-14,0.0,5.684341886080802e-14,True,True
3862,f3862,1.2710574864626038e-13,0.0,1.1368683772161603e-13,True,True
3863,f3863,8.038873388460929e-14,8.038873388460929e-14,5.684341886080802e-14,True,True
3864,f3864,5.684341886080802e-14,0.0,5.684341886080802e-14,True,True
3865,f3865,8.038873388460929e-14,0.0,5.684341886080802e-14,True,True
3866,f3866,5.684341886080802e-14,5.684341886080802e-14,5.684341886080802e-14,True,True
3867,f3867,1.1718571004216928e-13,5.684341886080802e-14,1.1368683772161603e-13,True,True
3868,f3868,5.684341886080802e-14,2.842170943040401e-14,5.684341886080802e-14,True,True
3869,f3869,1.2710574864626038e-13,5.684341886080802e-14,1.1368683772161603e-13,True,True
3870,f3870,5.684341886080802e-14,2.842170943040401e-14,5.684341886080802e-14,True,True
3871,f3871,4.263256414560601e-14,2.842170943040401e-14,4.263256414560601e-14,True,True
3872,f3872,5.684341886080802e-14,2.842170943040401e-14,5.684341886080802e-14,True,True
3873,f3873,1.2710574864626038e-13,0.0,1.1368683772161603e-13,True,True
3874,f3874,1.2710574864626038e-13,0.0,1.1368683772161603e-13,True,True
3875,f3875,6.355287432313019e-14,2.842170943040401e-14,5.684341886080802e-14,True,True
3876,f3876,3.3266757983254893e-13,6.355287432313019e-14,3.126388037344441e-13,True,True
3877,f3877,8.038873388460929e-14,0.0,5.684341886080802e-14,True,True
3878,f3878,1.1457157353758233e-13,5.859285502108464e-14,1.1368683772161603e-13,True,True
3879,f3879,4.0194366942304644e-14,0.0,2.842170943040401e-14,True,True
3880,f3880,2.2737367544323206e-13,5.684341886080802e-14,2.2737367544323206e-13,True,True
3881,f3881,6.355287432313019e-14,2.842170943040401e-14,5.684341886080802e-14,True,True
3882,f3882,6.355287432313019e-14,6.355287432313019e-14,5.684341886080802e-14,True,True
3883,f3883,1.1718571004216928e-13,0.0,1.1368683772161603e-13,True,True
3884,f3884,1.1368683772161603e-13,1.1368683772161603e-13,5.684341886080802e-14,True,True
3885,f3885,5.684341886080802e-14,5.684341886080802e-14,5.684341886080802e-14,True,True
3886,f3886,1.7053025658242404e-13,5.684341886080802e-14,1.7053025658242404e-13,True,True
3887,f3887,5.859285502108464e-14,0.0,5.684341886080802e-14,True,True
3888,f3888,1.1718571004216928e-13,0.0,1.1368683772161603e-13,True,True
3889,f3889,5.684341886080802e-14,2.842170943040401e-14,5.684341886080802e-14,True,True
3890,f3890,1.1718571004216928e-13,1.1368683772161603e-13,1.1368683772161603e-13,True,True
3891,f3891,1.1368683772161603e-13,5.684341886080802e-14,1.1368683772161603e-13,True,True
3892,f3892,6.039613253960852e-14,5.728578676879116e-14,6.039613253960852e-14,True,True
3893,f3893,8.038873388460929e-14,5.684341886080802e-14,5.684341886080802e-14,True,True
3894,f3894,1.2710574864626038e-13,1.2710574864626038e-13,1.1368683772161603e-13,True,True
3895,f3895,1.1368683772161603e-13,5.684341886080802e-14,1.1368683772161603e-13,True,True
3896,f3896,1.1718571004216928e-13,0.0,1.1368683772161603e-13,True,True
3897,f3897,6.355287432313019e-14,2.842170943040401e-14,5.684341886080802e-14,True,True
3898,f3898,1.1368683772161603e-13,5.684341886080802e-14,1.1368683772161603e-13,True,True
3899,f3899,4.0194366942304644e-14,2.842170943040401e-14,2.842170943040401e-14,True,True
3900,f3900,6.355287432313019e-14,0.0,5.684341886080802e-14,True,True
3901,f3901,2.2737367544323206e-13,0.0,2.2737367544323206e-13,True,True
3902,f3902,1.1718571004216928e-13,0.0,1.1368683772161603e-13,True,True
3903,f3903,5.684341886080802e-14,2.842170943040401e-14,5.684341886080802e-14,True,True
3904,f3904,1.1718571004216928e-13,5.859285502108464e-14,1.1368683772161603e-13,True,True
3905,f3905,1.2710574864626038e-13,0.0,1.1368683772161603e-13,True,True
3906,f3906,6.355287432313019e-14,0.0,5.684341886080802e-14,True,True
3907,f3907,6.135506694409735e-14,1.0658141036401503e-14,5.684341886080802e-14,True,True
3908,f3908,1.1368683772161603e-13,6.355287432313019e-14,1.1368683772161603e-13,True,True
3909,f3909,1.1368683772161603e-13,1.1368683772161603e-13,1.1368683772161603e-13,True,True
3910,f3910,8.038873388460929e-14,0.0,5.684341886080802e-14,True,True
3911,f3911,1.1368683772161603e-13,3.1776437161565096e-14,1.1368683772161603e-13,True,True
3912,f3912,8.038873388460929e-14,0.0,5.684341886080802e-14,True,True
3913,f3913,1.2710574864626038e-13,5.684341886080802e-14,1.1368683772161603e-13,True,True
3914,f3914,6.355287432313019e-14,0.0,5.684341886080802e-14,True,True
3915,f3915,6.43668973480993e-14,2.842170943040401e-14,5.684341886080802e-14,True,True
3916,f3916,1.1368683772161603e-13,0.0,1.1368683772161603e-13,True,True
3917,f3917,1.1718571004216928e-13,2.842170943040401e-14,1.1368683772161603e-13,True,True
3918,f3918,4.547473508864641e-13,0.0,4.547473508864641e-13,True,True
3919,f3919,1.1718571004216928e-13,6.355287432313019e-14,1.1368683772161603e-13,True,True
3920,f3920,6.355287432313019e-14,0.0,5.684341886080802e-14,True,True
3921,f3921,2.278173318171838e-13,0.0,2.2737367544323206e-13,True,True
3922,f3922,8.038873388460929e-14,2.842170943040401e-14,5.684341886080802e-14,True,True
3923,f3923,5.684341886080802e-14,2.842170943040401e-14,5.684341886080802e-14,True,True
3924,f3924,6.355287432313019e-14,0.0,5.684341886080802e-14,True,True
3925,f3925,8.038873388460929e-14,5.684341886080802e-14,5.684341886080802e-14,True,True
3926,f3926,1.1368683772161603e-13,2.842170943040401e-14,1.1368683772161603e-13,True,True
3927,f3927,8.038873388460929e-14,6.355287432313019e-14,5.684341886080802e-14,True,True
3928,f3928,5.684341886080802e-14,0.0,5.684341886080802e-14,True,True
3929,f3929,1.1368683772161603e-13,0.0,1.1368683772161603e-13,True,True
3930,f3930,6.355287432313019e-14,1.4210854715202004e-14,5.684341886080802e-14,True,True
3931,f3931,6.355287432313019e-14,6.355287432313019e-14,5.684341886080802e-14,True,True
3932,f3932,5.684341886080802e-14,0.0,5.684341886080802e-14,True,True
3933,f3933,5.684341886080802e-14,0.0,5.684341886080802e-14,True,True
3934,f3934,6.703246762680666e-14,0.0,5.684341886080802e-14,True,True
3935,f3935,6.355287432313019e-14,5.684341886080802e-14,5.684341886080802e-14,True,True
3936,f3936,6.355287432313019e-14,1.4210854715202004e-14,5.684341886080802e-14,True,True
3937,f3937,7.105427357601002e-14,4.0194366942304644e-14,5.684341886080802e-14,True,True
3938,f3938,2.2914314707516465e-13,1.2710574864626038e-13,2.2737367544323206e-13,True,True
3939,f3939,1.1368683772161603e-13,0.0,1.1368683772161603e-13,True,True
3940,f3940,6.59950783129453e-14,0.0,5.684341886080802e-14,True,True
3941,f3941,2.3437142008433856e-13,0.0,2.2737367544323206e-13,True,True
3942,f3942,5.684341886080802e-14,2.842170943040401e-14,5.684341886080802e-14,True,True
3943,f3943,6.07087979554246e-14,2.842170943040401e-14,5.684341886080802e-14,True,True
3944,f3944,1.1368683772161603e-13,5.684341886080802e-14,1.1368683772161603e-13,True,True
3945,f3945,6.07087979554246e-14,1.0658141036401503e-14,5.684341886080802e-14,True,True
3946,f3946,6.355287432313019e-14,2.842170943040401e-14,5.684341886080802e-14,True,True
3947,f3947,1.2710574864626038e-13,0.0,1.1368683772161603e-13,True,True
3948,f3948,1.2710574864626038e-13,0.0,1.1368683772161603e-13,True,True
3949,f3949,1.1368683772161603e-13,0.0,1.1368683772161603e-13,True,True
3950,f3950,1.1368683772161603e-13,2.842170943040401e-14,1.1368683772161603e-13,True,True
3951,f3951,1.1368683772161603e-13,5.684341886080802e-14,1.1368683772161603e-13,True,True
3952,f3952,5.684341886080802e-14,0.0,5.684341886080802e-14,True,True
3953,f3953,8.038873388460929e-14,8.038873388460929e-14,5.684341886080802e-14,True,True
3954,f3954,6.355287432313019e-14,0.0,5.684341886080802e-14,True,True
3955,f3955,1.2710574864626038e-13,1.2710574864626038e-13,1.1368683772161603e-13,True,True
3956,f3956,5.859285502108464e-14,5.684341886080802e-14,5.684341886080802e-14,True,True
3957,f3957,1.6077746776921858e-13,8.038873388460929e-14,1.1368683772161603e-13,True,True
3958,f3958,8.038873388460929e-14,2.842170943040401e-14,5.684341886080802e-14,True,True
3959,f3959,1.2710574864626038e-13,0.0,1.1368683772161603e-13,True,True
3960,f3960,6.355287432313019e-14,2.842170943040401e-14,5.684341886080802e-14,True,True
3961,f3961,8.038873388460929e-14,0.0,5.684341886080802e-14,True,True
3962,f3962,5.684341886080802e-14,0.0,5.684341886080802e-14,True,True
3963,f3963,6.355287432313019e-14,5.684341886080802e-14,5.684341886080802e-14,True,True
3964,f3964,5.859285502108464e-14,8.881784197001252e-15,5.684341886080802e-14,True,True
3965,f3965,5.859285502108464e-14,0.0,5.684341886080802e-14,True,True
3966,f3966,1.1368683772161603e-13,5.684341886080802e-14,1.1368683772161603e-13,True,True
3967,f3967,5.684341886080802e-14,0.0,5.684341886080802e-14,True,True
3968,f3968,5.684341886080802e-14,0.0,5.684341886080802e-14,True,True
3969,f3969,1.2710574864626038e-13,5.684341886080802e-14,1.1368683772161603e-13,True,True
3970,f3970,8.038873388460929e-14,0.0,5.684341886080802e-14,True,True
3971,f3971,1.2710574864626038e-13,5.684341886080802e-14,1.1368683772161603e-13,True,True
3972,f3972,8.038873388460929e-14,5.684341886080802e-14,5.684341886080802e-14,True,True
3973,f3973,8.038873388460929e-14,0.0,5.684341886080802e-14,True,True
3974,f3974,1.1368683772161603e-13,0.0,1.1368683772161603e-13,True,True
3975,f3975,5.695433295429594e-14,1.4210854715202004e-14,5.684341886080802e-14,True,True
3976,f3976,1.1368683772161603e-13,0.0,1.1368683772161603e-13,True,True
3977,f3977,6.355287432313019e-14,5.684341886080802e-14,5.684341886080802e-14,True,True
3978,f3978,6.355287432313019e-14,4.0194366942304644e-14,5.684341886080802e-14,True,True
3979,f3979,8.038873388460929e-14,5.684341886080802e-14,5.684341886080802e-14,True,True
3980,f3980,1.2710574864626038e-13,1.2710574864626038e-13,1.1368683772161603e-13,True,True
3981,f3981,1.1368683772161603e-13,0.0,1.1368683772161603e-13,True,True
3982,f3982,6.703246762680666e-14,7.105427357601002e-15,5.684341886080802e-14,True,True
3983,f3983,6.355287432313019e-14,2.842170943040401e-14,5.684341886080802e-14,True,True
3984,f3984,2.3437142008433856e-13,5.684341886080802e-14,2.2737367544323206e-13,True,True
3985,f3985,5.684341886080802e-14,5.684341886080802e-14,5.684341886080802e-14,True,True
3986,f3986,5.684341886080802e-14,0.0,5.684341886080802e-14,True,True
3987,f3987,6.355287432313019e-14,2.842170943040401e-14,5.684341886080802e-14,True,True
3988,f3988,1.1374233532693354e-13,2.842170943040401e-14,1.1368683772161603e-13,True,True
3989,f3989,1.2710574864626038e-13,5.684341886080802e-14,1.1368683772161603e-13,True,True
3990,f3990,5.684341886080802e-14,0.0,5.684341886080802e-14,True,True
3991,f3991,6.355287432313019e-14,2.842170943040401e-14,5.684341886080802e-14,True,True
3992,f3992,1.2710574864626038e-13,2.842170943040401e-14,1.1368683772161603e-13,True,True
3993,f3993,5.75766252585437e-14,1.0658141036401503e-14,5.684341886080802e-14,True,True
3994,f3994,8.038873388460929e-14,8.038873388460929e-14,5.684341886080802e-14,True,True
3995,f3995,1.1368683772161603e-13,5.684341886080802e-14,1.1368683772161603e-13,True,True
3996,f3996,6.355287432313019e-14,0.0,5.684341886080802e-14,True,True
3997,f3997,6.355287432313019e-14,2.842170943040401e-14,5.684341886080802e-14,True,True
3998,f3998,2.842170943040401e-14,2.842170943040401e-14,2.842170943040401e-14,True,True
3999,f3999,5.684341886080802e-14,0.0,5.684341886080802e-14,True,True
4000,f4000,1.1368683772161603e-13,1.4210854715202004e-14,1.1368683772161603e-13,True,True
4001,f4001,2.2737367544323206e-13,2.842170943040401e-14,2.2737367544323206e-13,True,True
4002,f4002,1.2710574864626038e-13,0.0,1.1368683772161603e-13,True,True
4003,f4003,6.355287432313019e-14,5.684341886080802e-14,5.684341886080802e-14,True,True
4004,f4004,4.556346636343676e-13,5.859285502108464e-14,4.547473508864641e-13,True,True
4005,f4005,5.728578676879116e-14,8.881784197001252e-15,5.684341886080802e-14,True,True
4006,f4006,1.1718571004216928e-13,0.0,1.1368683772161603e-13,True,True
4007,f4007,1.6077746776921858e-13,0.0,1.1368683772161603e-13,True,True
4008,f4008,6.355287432313019e-14,2.842170943040401e-14,5.684341886080802e-14,True,True
4009,f4009,5.684341886080802e-14,0.0,5.684341886080802e-14,True,True
4010,f4010,6.799062365205315e-14,0.0,5.684341886080802e-14,True,True
4011,f4011,5.684341886080802e-14,0.0,5.684341886080802e-14,True,True
4012,f4012,1.1368683772161603e-13,0.0,1.1368683772161603e-13,True,True
4013,f4013,8.038873388460929e-14,8.038873388460929e-14,5.684341886080802e-14,True,True
4014,f4014,1.1368683772161603e-13,5.684341886080802e-14,1.1368683772161603e-13,True,True
4015,f4015,6.355287432313019e-14,2.842170943040401e-14,5.684341886080802e-14,True,True
4016,f4016,1.2710574864626038e-13,5.684341886080802e-14,1.1368683772161603e-13,True,True
4017,f4017,6.355287432313019e-14,0.0,5.684341886080802e-14,True,True
4018,f4018,8.038873388460929e-14,5.684341886080802e-14,5.684341886080802e-14,True,True
4019,f4019,1.1368683772161603e-13,0.0,1.1368683772161603e-13,True,True
4020,f4020,8.038873388460929e-14,5.684341886080802e-14,5.684341886080802e-14,True,True
4021,f4021,8.526512829121202e-14,0.0,8.526512829121202e-14,True,True
4022,f4022,6.355287432313019e-14,6.355287432313019e-14,5.684341886080802e-14,True,True
4023,f4023,1.1368683772161603e-13,5.684341886080802e-14,1.1368683772161603e-13,True,True
4024,f4024,6.355287432313019e-14,5.684341886080802e-14,5.684341886080802e-14,True,True
4025,f4025,6.355287432313019e-14,2.842170943040401e-14,5.684341886080802e-14,True,True
4026,f4026,6.355287432313019e-14,5.859285502108464e-14,5.684341886080802e-14,True,True
4027,f4027,5.684341886080802e-14,5.684341886080802e-14,5.684341886080802e-14,True,True
4028,f4028,1.1368683772161603e-13,0.0,1.1368683772161603e-13,True,True
4029,f4029,5.684341886080802e-14,5.684341886080802e-14,5.684341886080802e-14,True,True
4030,f4030,5.684341886080802e-14,2.842170943040401e-14,5.684341886080802e-14,True,True
4031,f4031,1.2710574864626038e-13,2.842170943040401e-14,1.1368683772161603e-13,True,True
4032,f4032,1.2710574864626038e-13,5.684341886080802e-14,1.1368683772161603e-13,True,True
4033,f4033,5.684341886080802e-14,5.684341886080802e-14,5.684341886080802e-14,True,True
4034,f4034,1.2710574864626038e-13,1.1368683772161603e-13,1.1368683772161603e-13,True,True
4035,f4035,4.0194366942304644e-14,0.0,2.842170943040401e-14,True,True
4036,f4036,8.038873388460929e-14,3.1776437161565096e-14,5.684341886080802e-14,True,True
4037,f4037,5.684341886080802e-14,2.842170943040401e-14,5.684341886080802e-14,True,True
4038,f4038,1.2710574864626038e-13,0.0,1.1368683772161603e-13,True,True
4039,f4039,5.687116766346677e-14,0.0,5.684341886080802e-14,True,True
4040,f4040,6.355287432313019e-14,2.842170943040401e-14,5.684341886080802e-14,True,True
4041,f4041,1.1368683772161603e-13,0.0,1.1368683772161603e-13,True,True
4042,f4042,5.684341886080802e-14,2.842170943040401e-14,5.684341886080802e-14,True,True
4043,f4043,6.355287432313019e-14,0.0,5.684341886080802e-14,True,True
4044,f4044,4.0194366942304644e-14,4.0194366942304644e-14,2.842170943040401e-14,True,True
4045,f4045,1.1718571004216928e-13,0.0,1.1368683772161603e-13,True,True
4046,f4046,1.1718571004216928e-13,1.1368683772161603e-13,1.1368683772161603e-13,True,True
4047,f4047,1.1368683772161603e-13,5.684341886080802e-14,1.1368683772161603e-13,True,True
4048,f4048,8.038873388460929e-14,5.684341886080802e-14,5.684341886080802e-14,True,True
4049,f4049,5.728578676879116e-14,2.1316282072803006e-14,5.684341886080802e-14,True,True
4050,f4050,1.1718571004216928e-13,5.684341886080802e-14,1.1368683772161603e-13,True,True
4051,f4051,6.355287432313019e-14,0.0,5.684341886080802e-14,True,True
4052,f4052,5.684341886080802e-14,0.0,5.684341886080802e-14,True,True
4053,f4053,5.859285502108464e-14,0.0,5.684341886080802e-14,True,True
4054,f4054,6.355287432313019e-14,0.0,5.684341886080802e-14,True,True
4055,f4055,1.1718571004216928e-13,1.1368683772161603e-13,1.1368683772161603e-13,True,True
4056,f4056,8.038873388460929e-14,8.038873388460929e-14,5.684341886080802e-14,True,True
4057,f4057,8.038873388460929e-14,5.684341886080802e-14,5.684341886080802e-14,True,True
4058,f4058,1.1368683772161603e-13,5.684341886080802e-14,1.1368683772161603e-13,True,True
4059,f4059,5.684341886080802e-14,5.684341886080802e-14,5.684341886080802e-14,True,True
4060,f4060,8.038873388460929e-14,5.684341886080802e-14,5.684341886080802e-14,True,True
4061,f4061,5.684341886080802e-14,2.842170943040401e-14,5.684341886080802e-14,True,True
4062,f4062,1.2710574864626038e-13,0.0,1.1368683772161603e-13,True,True
4063,f4063,5.728578676879116e-14,4.4938668397781776e-14,5.684341886080802e-14,True,True
4064,f4064,6.355287432313019e-14,5.859285502108464e-14,5.684341886080802e-14,True,True
4065,f4065,1.1368683772161603e-13,0.0,1.1368683772161603e-13,True,True
4066,f4066,1.1368683772161603e-13,2.842170943040401e-14,1.1368683772161603e-13,True,True
4067,f4067,1.1368683772161603e-13,0.0,1.1368683772161603e-13,True,True
4068,f4068,3.4995138472927543e-12,1.4210854715202004e-14,3.410605131648481e-12,True,True
4069,f4069,6.355287432313019e-14,6.355287432313019e-14,5.684341886080802e-14,True,True
4070,f4070,5.684341886080802e-14,5.684341886080802e-14,5.684341886080802e-14,True,True
4071,f4071,6.355287432313019e-14,2.842170943040401e-14,5.684341886080802e-14,True,True
4072,f4072,6.355287432313019e-14,6.355287432313019e-14,5.684341886080802e-14,True,True
4073,f4073,6.355287432313019e-14,5.684341886080802e-14,5.684341886080802e-14,True,True
4074,f4074,1.2710574864626038e-13,2.842170943040401e-14,1.1368683772161603e-13,True,True
4075,f4075,1.1368683772161603e-13,0.0,1.1368683772161603e-13,True,True
4076,f4076,7.553172887309252e-14,1.4210854715202004e-14,5.684341886080802e-14,True,True
4077,f4077,5.859285502108464e-14,1.4210854715202004e-14,5.684341886080802e-14,True,True
4078,f4078,6.355287432313019e-14,0.0,5.684341886080802e-14,True,True
4079,f4079,1.2710574864626038e-13,5.684341886080802e-14,1.1368683772161603e-13,True,True
4080,f4080,8.038873388460929e-14,5.684341886080802e-14,5.684341886080802e-14,True,True
4081,f4081,6.355287432313019e-14,4.0194366942304644e-14,5.684341886080802e-14,True,True
4082,f4082,1.1368683772161603e-13,0.0,1.1368683772161603e-13,True,True
4083,f4083,5.684341886080802e-14,5.684341886080802e-14,5.684341886080802e-14,True,True
4084,f4084,5.684341886080802e-14,5.684341886080802e-14,5.684341886080802e-14,True,True
4085,f4085,4.0194366942304644e-14,2.842170943040401e-14,2.842170943040401e-14,True,True
4086,f4086,1.2710574864626038e-13,0.0,1.1368683772161603e-13,True,True
4087,f4087,1.2710574864626038e-13,1.1368683772161603e-13,1.1368683772161603e-13,True,True
4088,f4088,4.0194366942304644e-14,2.842170943040401e-14,2.842170943040401e-14,True,True
4089,f4089,6.355287432313019e-14,6.355287432313019e-14,5.684341886080802e-14,True,True
4090,f4090,6.355287432313019e-14,0.0,5.684341886080802e-14,True,True
4091,f4091,1.1368683772161603e-13,0.0,1.1368683772161603e-13,True,True
4092,f4092,8.038873388460929e-14,0.0,5.684341886080802e-14,True,True
4093,f4093,1.1368683772161603e-13,5.684341886080802e-14,1.1368683772161603e-13,True,True
4094,f4094,8.038873388460929e-14,2.842170943040401e-14,5.684341886080802e-14,True,True
4095,f4095,5.684341886080802e-14,0.0,5.684341886080802e-14,True,True
4096,f4096,6.355287432313019e-14,5.684341886080802e-14,5.684341886080802e-14,True,True
4097,f4097,1.1368683772161603e-13,2.842170943040401e-14,1.1368683772161603e-13,True,True
4098,f4098,3.552713678800501e-14,3.1776437161565096e-14,3.552713678800501e-14,True,True
4099,f4099,5.684341886080802e-14,5.684341886080802e-14,5.684341886080802e-14,True,True
4100,f4100,1.1368683772161603e-13,5.684341886080802e-14,1.1368683772161603e-13,True,True
4101,f4101,5.684341886080802e-14,5.684341886080802e-14,5.684341886080802e-14,True,True
4102,f4102,1.1368683772161603e-13,2.842170943040401e-14,1.1368683772161603e-13,True,True
4103,f4103,2.842170943040401e-14,0.0,2.842170943040401e-14,True,True
4104,f4104,1.1718571004216928e-13,0.0,1.1368683772161603e-13,True,True
4105,f4105,5.684341886080802e-14,0.0,5.684341886080802e-14,True,True
4106,f4106,1.139086659085919e-13,1.4210854715202004e-14,1.1368683772161603e-13,True,True
4107,f4107,5.859285502108464e-14,0.0,5.684341886080802e-14,True,True
4108,f4108,1.2710574864626038e-13,0.0,1.1368683772161603e-13,True,True
4109,f4109,1.6077746776921858e-13,5.684341886080802e-14,1.1368683772161603e-13,True,True
4110,f4110,5.684341886080802e-14,0.0,5.684341886080802e-14,True,True
4111,f4111,6.355287432313019e-14,0.0,5.684341886080802e-14,True,True
4112,f4112,5.684341886080802e-14,5.684341886080802e-14,5.684341886080802e-14,True,True
4113,f4113,6.355287432313019e-14,6.355287432313019e-14,5.684341886080802e-14,True,True
4114,f4114,1.1368683772161603e-13,5.684341886080802e-14,1.1368683772161603e-13,True,True
4115,f4115,5.684341886080802e-14,5.684341886080802e-14,5.684341886080802e-14,True,True
4116,f4116,4.0194366942304644e-14,2.1316282072803006e-14,2.842170943040401e-14,True,True
4117,f4117,8.038873388460929e-14,5.684341886080802e-14,5.684341886080802e-14,True,True
4118,f4118,1.2710574864626038e-13,5.684341886080802e-14,1.1368683772161603e-13,True,True
4119,f4119,1.2710574864626038e-13,1.1368683772161603e-13,1.1368683772161603e-13,True,True
4120,f4120,1.1368683772161603e-13,5.684341886080802e-14,1.1368683772161603e-13,True,True
4121,f4121,1.2710574864626038e-13,5.684341886080802e-14,1.1368683772161603e-13,True,True
4122,f4122,4.0194366942304644e-14,2.842170943040401e-14,2.842170943040401e-14,True,True
4123,f4123,5.684341886080802e-14,5.684341886080802e-14,5.684341886080802e-14,True,True
4124,f4124,2.842170943040401e-14,2.842170943040401e-14,2.842170943040401e-14,True,True
4125,f4125,1.2710574864626038e-13,1.2710574864626038e-13,1.1368683772161603e-13,True,True
4126,f4126,1.1368683772161603e-13,0.0,1.1368683772161603e-13,True,True
4127,f4127,1.1368683772161603e-13,0.0,1.1368683772161603e-13,True,True
4128,f4128,2.2737367544323206e-13,0.0,2.2737367544323206e-13,True,True
4129,f4129,2.842170943040401e-14,0.0,2.842170943040401e-14,True,True
4130,f4130,5.695433295429594e-14,5.684341886080802e-14,5.684341886080802e-14,True,True
4131,f4131,5.684341886080802e-14,5.684341886080802e-14,5.684341886080802e-14,True,True
4132,f4132,5.859285502108464e-14,1.2434497875801753e-14,5.684341886080802e-14,True,True
4133,f4133,6.355287432313019e-14,0.0,5.684341886080802e-14,True,True
4134,f4134,1.6077746776921858e-13,0.0,1.1368683772161603e-13,True,True
4135,f4135,1.6077746776921858e-13,0.0,1.1368683772161603e-13,True,True
4136,f4136,4.0194366942304644e-14,4.0194366942304644e-14,2.842170943040401e-14,True,True
4137,f4137,7.105427357601002e-14,2.1316282072803006e-14,5.684341886080802e-14,True,True
4138,f4138,6.355287432313019e-14,1.4210854715202004e-14,5.684341886080802e-14,True,True
4139,f4139,8.038873388460929e-14,5.684341886080802e-14,5.684341886080802e-14,True,True
4140,f4140,2.3437142008433856e-13,2.842170943040401e-14,2.2737367544323206e-13,True,True
4141,f4141,5.684341886080802e-14,0.0,5.684341886080802e-14,True,True
4142,f4142,8.038873388460929e-14,0.0,5.684341886080802e-14,True,True
4143,f4143,5.684341886080802e-14,1.4210854715202004e-14,5.684341886080802e-14,True,True
4144,f4144,1.1718571004216928e-13,5.684341886080802e-14,1.1368683772161603e-13,True,True
4145,f4145,1.1368683772161603e-13,6.355287432313019e-14,1.1368683772161603e-13,True,True
4146,f4146,6.355287432313019e-14,2.842170943040401e-14,5.684341886080802e-14,True,True
4147,f4147,1.1368683772161603e-13,5.684341886080802e-14,1.1368683772161603e-13,True,True
4148,f4148,1.1368683772161603e-13,8.038873388460929e-14,1.1368683772161603e-13,True,True
4149,f4149,1.1368683772161603e-13,0.0,1.1368683772161603e-13,True,True
4150,f4150,5.684341886080802e-14,2.842170943040401e-14,5.684341886080802e-14,True,True
4151,f4151,2.2737367544323206e-13,0.0,2.2737367544323206e-13,True,True
4152,f4152,1.2710574864626038e-13,1.2710574864626038e-13,1.1368683772161603e-13,True,True
4153,f4153,1.2710574864626038e-13,1.2710574864626038e-13,1.1368683772161603e-13,True,True
4154,f4154,5.684341886080802e-14,0.0,5.684341886080802e-14,True,True
4155,f4155,1.2710574864626038e-13,0.0,1.1368683772161603e-13,True,True
4156,f4156,5.684341886080802e-14,5.684341886080802e-14,5.684341886080802e-14,True,True
4157,f4157,6.355287432313019e-14,6.355287432313019e-14,5.684341886080802e-14,True,True
4158,f4158,1.1718571004216928e-13,0.0,1.1368683772161603e-13,True,True
4159,f4159,5.859285502108464e-14,0.0,5.684341886080802e-14,True,True
4160,f4160,5.684341886080802e-14,4.0194366942304644e-14,5.684341886080802e-14,True,True
4161,f4161,5.859285502108464e-14,2.842170943040401e-14,5.684341886080802e-14,True,True
4162,f4162,5.684341886080802e-14,0.0,5.684341886080802e-14,True,True
4163,f4163,8.038873388460929e-14,8.038873388460929e-14,5.684341886080802e-14,True,True
4164,f4164,8.038873388460929e-14,0.0,5.684341886080802e-14,True,True
4165,f4165,1.1368683772161603e-13,5.684341886080802e-14,1.1368683772161603e-13,True,True
4166,f4166,8.526512829121202e-14,0.0,8.526512829121202e-14,True,True
4167,f4167,6.355287432313019e-14,1.4210854715202004e-14,5.684341886080802e-14,True,True
4168,f4168,6.355287432313019e-14,2.842170943040401e-14,5.684341886080802e-14,True,True
4169,f4169,5.684341886080802e-14,0.0,5.684341886080802e-14,True,True
4170,f4170,1.2710574864626038e-13,0.0,1.1368683772161603e-13,True,True
4171,f4171,8.038873388460929e-14,0.0,5.684341886080802e-14,True,True
4172,f4172,8.038873388460929e-14,0.0,5.684341886080802e-14,True,True
4173,f4173,2.842170943040401e-14,0.0,2.842170943040401e-14,True,True
4174,f4174,1.2789769243681803e-13,1.4210854715202004e-14,1.2789769243681803e-13,True,True
4175,f4175,5.684341886080802e-14,0.0,5.684341886080802e-14,True,True
4176,f4176,1.1368683772161603e-13,5.684341886080802e-14,1.1368683772161603e-13,True,True
4177,f4177,5.684341886080802e-14,5.684341886080802e-14,5.684341886080802e-14,True,True
4178,f4178,8.038873388460929e-14,2.842170943040401e-14,5.684341886080802e-14,True,True
4179,f4179,1.1368683772161603e-13,2.842170943040401e-14,1.1368683772161603e-13,True,True
4180,f4180,6.355287432313019e-14,0.0,5.684341886080802e-14,True,True
4181,f4181,1.1368683772161603e-13,0.0,1.1368683772161603e-13,True,True
4182,f4182,8.038873388460929e-14,5.684341886080802e-14,5.684341886080802e-14,True,True
4183,f4183,6.355287432313019e-14,6.355287432313019e-14,5.684341886080802e-14,True,True
4184,f4184,1.1718571004216928e-13,2.842170943040401e-14,1.1368683772161603e-13,True,True
4185,f4185,1.2710574864626038e-13,6.355287432313019e-14,1.1368683772161603e-13,True,True
4186,f4186,1.1718571004216928e-13,0.0,1.1368683772161603e-13,True,True
4187,f4187,8.038873388460929e-14,5.684341886080802e-14,5.684341886080802e-14,True,True
4188,f4188,5.695433295429594e-14,1.5987211554602254e-14,5.684341886080802e-14,True,True
4189,f4189,1.1718571004216928e-13,1.1368683772161603e-13,1.1368683772161603e-13,True,True
4190,f4190,1.2710574864626038e-13,0.0,1.1368683772161603e-13,True,True
4191,f4191,1.1457157353758233e-13,0.0,1.1368683772161603e-13,True,True
4192,f4192,1.2710574864626038e-13,0.0,1.1368683772161603e-13,True,True
4193,f4193,1.2710574864626038e-13,5.684341886080802e-14,1.1368683772161603e-13,True,True
4194,f4194,1.6077746776921858e-13,0.0,1.1368683772161603e-13,True,True
4195,f4195,6.355287432313019e-14,6.355287432313019e-14,5.684341886080802e-14,True,True
4196,f4196,5.684341886080802e-14,0.0,5.684341886080802e-14,True,True
4197,f4197,6.355287432313019e-14,2.842170943040401e-14,5.684341886080802e-14,True,True
4198,f4198,1.1368683772161603e-13,5.684341886080802e-14,1.1368683772161603e-13,True,True
4199,f4199,6.355287432313019e-14,1.4210854715202004e-14,5.684341886080802e-14,True,True
4200,f4200,1.1368683772161603e-13,5.684341886080802e-14,1.1368683772161603e-13,True,True
4201,f4201,2.842170943040401e-14,2.842170943040401e-14,2.842170943040401e-14,True,True
4202,f4202,7.105427357601002e-14,0.0,5.684341886080802e-14,True,True
4203,f4203,6.355287432313019e-14,5.684341886080802e-14,5.684341886080802e-14,True,True
4204,f4204,2.2737367544323206e-13,0.0,2.2737367544323206e-13,True,True
4205,f4205,5.684341886080802e-14,0.0,5.684341886080802e-14,True,True
4206,f4206,6.355287432313019e-14,0.0,5.684341886080802e-14,True,True
4207,f4207,1.1457157353758233e-13,1.1457157353758233e-13,1.1368683772161603e-13,True,True
4208,f4208,1.6077746776921858e-13,8.038873388460929e-14,1.1368683772161603e-13,True,True
4209,f4209,4.0194366942304644e-14,4.0194366942304644e-14,2.842170943040401e-14,True,True
4210,f4210,1.1718571004216928e-13,1.1368683772161603e-13,1.1368683772161603e-13,True,True
4211,f4211,1.2710574864626038e-13,1.2710574864626038e-13,1.1368683772161603e-13,True,True
4212,f4212,8.038873388460929e-14,2.842170943040401e-14,5.684341886080802e-14,True,True
4213,f4213,5.859285502108464e-14,5.859285502108464e-14,5.684341886080802e-14,True,True
4214,f4214,8.038873388460929e-14,0.0,5.684341886080802e-14,True,True
4215,f4215,6.355287432313019e-14,6.355287432313019e-14,5.684341886080802e-14,True,True
4216,f4216,6.355287432313019e-14,0.0,5.684341886080802e-14,True,True
4217,f4217,1.1368683772161603e-13,2.842170943040401e-14,1.1368683772161603e-13,True,True
4218,f4218,1.2710574864626038e-13,1.1368683772161603e-13,1.1368683772161603e-13,True,True
4219,f4219,6.355287432313019e-14,0.0,5.684341886080802e-14,True,True
4220,f4220,8.038873388460929e-14,0.0,5.684341886080802e-14,True,True
4221,f4221,1.1368683772161603e-13,0.0,1.1368683772161603e-13,True,True
4222,f4222,5.684341886080802e-14,0.0,5.684341886080802e-14,True,True
4223,f4223,1.1368683772161603e-13,5.859285502108464e-14,1.1368683772161603e-13,True,True
4224,f4224,6.355287432313019e-14,0.0,5.684341886080802e-14,True,True
4225,f4225,1.2710574864626038e-13,0.0,1.1368683772161603e-13,True,True
4226,f4226,1.1368683772161603e-13,0.0,1.1368683772161603e-13,True,True
4227,f4227,1.1751594028907457e-13,8.881784197001252e-15,1.1368683772161603e-13,True,True
4228,f4228,1.1368683772161603e-13,5.684341886080802e-14,1.1368683772161603e-13,True,True
4229,f4229,5.687116766346677e-14,5.123796534383003e-14,5.684341886080802e-14,True,True
4230,f4230,5.684341886080802e-14,2.842170943040401e-14,5.684341886080802e-14,True,True
4231,f4231,5.684341886080802e-14,2.842170943040401e-14,5.684341886080802e-14,True,True
4232,f4232,8.038873388460929e-14,4.0194366942304644e-14,5.684341886080802e-14,True,True
4233,f4233,2.842170943040401e-14,0.0,2.842170943040401e-14,True,True
4234,f4234,6.355287432313019e-14,0.0,5.684341886080802e-14,True,True
4235,f4235,1.1457157353758233e-13,0.0,1.1368683772161603e-13,True,True
4236,f4236,5.684341886080802e-14,0.0,5.684341886080802e-14,True,True
4237,f4237,6.07087979554246e-14,2.842170943040401e-14,5.684341886080802e-14,True,True
4238,f4238,8.526512829121202e-14,1.4210854715202004e-14,8.526512829121202e-14,True,True
4239,f4239,8.038873388460929e-14,5.684341886080802e-14,5.684341886080802e-14,True,True
4240,f4240,6.204547701064548e-14,5.783398860650275e-14,5.684341886080802e-14,True,True
4241,f4241,1.1368683772161603e-13,5.684341886080802e-14,1.1368683772161603e-13,True,True
4242,f4242,8.038873388460929e-14,5.684341886080802e-14,5.684341886080802e-14,True,True
4243,f4243,1.1368683772161603e-13,1.1368683772161603e-13,1.1368683772161603e-13,True,True
4244,f4244,1.2710574864626038e-13,0.0,1.1368683772161603e-13,True,True
4245,f4245,5.955433342649105e-14,0.0,5.684341886080802e-14,True,True
4246,f4246,1.1368683772161603e-13,0.0,1.1368683772161603e-13,True,True
4247,f4247,8.038873388460929e-14,5.684341886080802e-14,5.684341886080802e-14,True,True
4248,f4248,5.863346790310436e-14,7.105427357601002e-15,5.684341886080802e-14,True,True
4249,f4249,1.1368683772161603e-13,5.684341886080802e-14,1.1368683772161603e-13,True,True
4250,f4250,1.2710574864626038e-13,2.842170943040401e-14,1.1368683772161603e-13,True,True
4251,f4251,1.1368683772161603e-13,0.0,1.1368683772161603e-13,True,True
4252,f4252,3.1776437161565096e-14,2.0097183471152322e-14,2.842170943040401e-14,True,True
4253,f4253,6.355287432313019e-14,6.355287432313019e-14,5.684341886080802e-14,True,True
4254,f4254,8.038873388460929e-14,0.0,5.684341886080802e-14,True,True
4255,f4255,1.2710574864626038e-13,0.0,1.1368683772161603e-13,True,True
4256,f4256,5.859285502108464e-14,1.4210854715202004e-14,5.684341886080802e-14,True,True
4257,f4257,5.728578676879116e-14,0.0,5.684341886080802e-14,True,True
4258,f4258,4.0194366942304644e-14,0.0,2.842170943040401e-14,True,True
4259,f4259,6.355287432313019e-14,0.0,5.684341886080802e-14,True,True
4260,f4260,6.355287432313019e-14,5.684341886080802e-14,5.684341886080802e-14,True,True
4261,f4261,1.1368683772161603e-13,0.0,1.1368683772161603e-13,True,True
4262,f4262,3.1776437161565096e-14,1.9539925233402755e-14,2.842170943040401e-14,True,True
4263,f4263,1.1368683772161603e-13,5.684341886080802e-14,1.1368683772161603e-13,True,True
4264,f4264,1.1368683772161603e-13,5.684341886080802e-14,1.1368683772161603e-13,True,True
4265,f4265,1.1718571004216928e-13,0.0,1.1368683772161603e-13,True,True
4266,f4266,8.038873388460929e-14,5.684341886080802e-14,5.684341886080802e-14,True,True
4267,f4267,1.2710574864626038e-13,0.0,1.1368683772161603e-13,True,True
4268,f4268,1.1368683772161603e-13,8.038873388460929e-14,1.1368683772161603e-13,True,True
4269,f4269,8.038873388460929e-14,5.684341886080802e-14,5.684341886080802e-14,True,True
4270,f4270,5.684341886080802e-14,2.842170943040401e-14,5.684341886080802e-14,True,True
4271,f4271,2.3437142008433856e-13,0.0,2.2737367544323206e-13,True,True
4272,f4272,8.038873388460929e-14,5.684341886080802e-14,5.684341886080802e-14,True,True
4273,f4273,1.1368683772161603e-13,5.684341886080802e-14,1.1368683772161603e-13,True,True
4274,f4274,6.355287432313019e-14,2.842170943040401e-14,5.684341886080802e-14,True,True
4275,f4275,1.1718571004216928e-13,0.0,1.1368683772161603e-13,True,True
4276,f4276,6.355287432313019e-14,5.684341886080802e-14,5.684341886080802e-14,True,True
4277,f4277,6.355287432313019e-14,2.842170943040401e-14,5.684341886080802e-14,True,True
4278,f4278,8.038873388460929e-14,6.355287432313019e-14,5.684341886080802e-14,True,True
4279,f4279,6.355287432313019e-14,0.0,5.684341886080802e-14,True,True
4280,f4280,6.355287432313019e-14,2.842170943040401e-14,5.684341886080802e-14,True,True
4281,f4281,5.859285502108464e-14,5.859285502108464e-14,4.263256414560601e-14,True,True
4282,f4282,6.355287432313019e-14,0.0,5.684341886080802e-14,True,True
4283,f4283,4.0194366942304644e-14,2.842170943040401e-14,2.842170943040401e-14,True,True
4284,f4284,5.684341886080802e-14,0.0,5.684341886080802e-14,True,True
4285,f4285,7.105427357601002e-14,1.4210854715202004e-14,5.684341886080802e-14,True,True
4286,f4286,2.2737367544323206e-13,5.684341886080802e-14,2.2737367544323206e-13,True,True
4287,f4287,1.1718571004216928e-13,1.4210854715202004e-14,1.1368683772161603e-13,True,True
4288,f4288,8.038873388460929e-14,0.0,5.684341886080802e-14,True,True
4289,f4289,6.355287432313019e-14,0.0,5.684341886080802e-14,True,True
4290,f4290,1.1368683772161603e-13,5.684341886080802e-14,1.1368683772161603e-13,True,True
4291,f4291,1.2710574864626038e-13,6.355287432313019e-14,1.1368683772161603e-13,True,True
4292,f4292,1.1368683772161603e-13,5.684341886080802e-14,1.1368683772161603e-13,True,True
4293,f4293,6.355287432313019e-14,2.842170943040401e-14,5.684341886080802e-14,True,True
4294,f4294,5.859285502108464e-14,5.684341886080802e-14,5.684341886080802e-14,True,True
4295,f4295,5.859285502108464e-14,0.0,5.684341886080802e-14,True,True
4296,f4296,4.0194366942304644e-14,2.842170943040401e-14,2.842170943040401e-14,True,True
4297,f4297,1.1506624801925828e-13,5.684341886080802e-14,1.1368683772161603e-13,True,True
4298,f4298,6.355287432313019e-14,5.684341886080802e-14,5.684341886080802e-14,True,True
4299,f4299,5.684341886080802e-14,5.684341886080802e-14,5.684341886080802e-14,True,True
4300,f4300,5.684341886080802e-14,0.0,5.684341886080802e-14,True,True
4301,f4301,1.139086659085919e-13,7.105427357601002e-15,1.1368683772161603e-13,True,True
4302,f4302,6.355287432313019e-14,6.355287432313019e-14,5.684341886080802e-14,True,True
4303,f4303,8.038873388460929e-14,5.684341886080802e-14,5.684341886080802e-14,True,True
4304,f4304,8.038873388460929e-14,8.038873388460929e-14,5.684341886080802e-14,True,True
4305,f4305,6.355287432313019e-14,2.842170943040401e-14,5.684341886080802e-14,True,True
4306,f4306,6.355287432313019e-14,2.1316282072803006e-14,5.684341886080802e-14,True,True
4307,f4307,1.2710574864626038e-13,1.1368683772161603e-13,1.1368683772161603e-13,True,True
4308,f4308,5.800423916204414e-14,5.695433295429594e-14,5.684341886080802e-14,True,True
4309,f4309,8.038873388460929e-14,5.684341886080802e-14,5.684341886080802e-14,True,True
4310,f4310,1.1368683772161603e-13,0.0,1.1368683772161603e-13,True,True
4311,f4311,6.355287432313019e-14,5.684341886080802e-14,5.684341886080802e-14,True,True
4312,f4312,8.038873388460929e-14,5.684341886080802e-14,5.684341886080802e-14,True,True
4313,f4313,1.2710574864626038e-13,5.684341886080802e-14,1.1368683772161603e-13,True,True
4314,f4314,6.355287432313019e-14,6.355287432313019e-14,5.684341886080802e-14,True,True
4315,f4315,6.355287432313019e-14,0.0,5.684341886080802e-14,True,True
4316,f4316,1.1368683772161603e-13,8.038873388460929e-14,1.1368683772161603e-13,True,True
4317,f4317,8.038873388460929e-14,0.0,5.684341886080802e-14,True,True
4318,f4318,6.355287432313019e-14,0.0,5.684341886080802e-14,True,True
4319,f4319,5.684341886080802e-14,5.684341886080802e-14,5.684341886080802e-14,True,True
4320,f4320,1.2710574864626038e-13,0.0,1.1368683772161603e-13,True,True
4321,f4321,6.355287432313019e-14,6.355287432313019e-14,5.684341886080802e-14,True,True
4322,f4322,1.2710574864626038e-13,2.842170943040401e-14,1.1368683772161603e-13,True,True
4323,f4323,1.2710574864626038e-13,5.684341886080802e-14,1.1368683772161603e-13,True,True
4324,f4324,1.2710574864626038e-13,1.2710574864626038e-13,5.684341886080802e-14,True,True
4325,f4325,1.1368683772161603e-13,0.0,1.1368683772161603e-13,True,True
4326,f4326,8.038873388460929e-14,2.842170943040401e-14,5.684341886080802e-14,True,True
4327,f4327,1.1368683772161603e-13,1.1368683772161603e-13,1.1368683772161603e-13,True,True
4328,f4328,1.1368683772161603e-13,2.842170943040401e-14,1.1368683772161603e-13,True,True
4329,f4329,6.355287432313019e-14,5.684341886080802e-14,5.684341886080802e-14,True,True
4330,f4330,1.2710574864626038e-13,1.1368683772161603e-13,1.1368683772161603e-13,True,True
4331,f4331,1.1368683772161603e-13,5.684341886080802e-14,1.1368683772161603e-13,True,True
4332,f4332,1.1368683772161603e-13,2.842170943040401e-14,1.1368683772161603e-13,True,True
4333,f4333,8.038873388460929e-14,2.842170943040401e-14,5.684341886080802e-14,True,True
4334,f4334,6.355287432313019e-14,2.842170943040401e-14,5.684341886080802e-14,True,True
4335,f4335,1.2710574864626038e-13,0.0,1.1368683772161603e-13,True,True
4336,f4336,5.684341886080802e-14,1.4210854715202004e-14,5.684341886080802e-14,True,True
4337,f4337,8.038873388460929e-14,8.038873388460929e-14,5.684341886080802e-14,True,True
4338,f4338,8.038873388460929e-14,0.0,5.684341886080802e-14,True,True
4339,f4339,5.684341886080802e-14,5.684341886080802e-14,5.684341886080802e-14,True,True
4340,f4340,1.214175959108492e-13,5.684341886080802e-14,1.1368683772161603e-13,True,True
4341,f4341,6.355287432313019e-14,0.0,5.684341886080802e-14,True,True
4342,f4342,5.728578676879116e-14,1.4210854715202004e-14,5.684341886080802e-14,True,True
4343,f4343,6.355287432313019e-14,5.684341886080802e-14,5.684341886080802e-14,True,True
4344,f4344,8.038873388460929e-14,5.684341886080802e-14,5.684341886080802e-14,True,True
4345,f4345,7.105427357601002e-14,1.4210854715202004e-14,5.684341886080802e-14,True,True
4346,f4346,5.783398860650275e-14,1.7763568394002505e-15,5.684341886080802e-14,True,True
4347,f4347,6.355287432313019e-14,2.842170943040401e-14,5.684341886080802e-14,True,True
4348,f4348,8.038873388460929e-14,5.684341886080802e-14,5.684341886080802e-14,True,True
4349,f4349,6.355287432313019e-14,0.0,5.684341886080802e-14,True,True
4350,f4350,1.7053025658242404e-13,0.0,1.7053025658242404e-13,True,True
4351,f4351,6.355287432313019e-14,0.0,5.684341886080802e-14,True,True
4352,f4352,5.684341886080802e-14,2.842170943040401e-14,5.684341886080802e-14,True,True
4353,f4353,6.355287432313019e-14,0.0,5.684341886080802e-14,True,True
4354,f4354,8.038873388460929e-14,5.684341886080802e-14,5.684341886080802e-14,True,True
4355,f4355,1.2710574864626038e-13,1.2710574864626038e-13,1.1368683772161603e-13,True,True
4356,f4356,1.214175959108492e-13,1.1368683772161603e-13,1.1368683772161603e-13,True,True
4357,f4357,6.355287432313019e-14,0.0,5.684341886080802e-14,True,True
4358,f4358,1.1368683772161603e-13,0.0,1.1368683772161603e-13,True,True
4359,f4359,1.1368683772161603e-13,1.1368683772161603e-13,1.1368683772161603e-13,True,True
4360,f4360,1.1368683772161603e-13,0.0,1.1368683772161603e-13,True,True
4361,f4361,5.684341886080802e-14,5.684341886080802e-14,2.842170943040401e-14,True,True
4362,f4362,6.355287432313019e-14,2.842170943040401e-14,5.684341886080802e-14,True,True
4363,f4363,8.038873388460929e-14,5.684341886080802e-14,5.684341886080802e-14,True,True
4364,f4364,4.618527782440651e-14,2.842170943040401e-14,4.618527782440651e-14,True,True
4365,f4365,1.6077746776921858e-13,0.0,1.1368683772161603e-13,True,True
4366,f4366,6.355287432313019e-14,0.0,5.684341886080802e-14,True,True
4367,f4367,5.684341886080802e-14,0.0,5.684341886080802e-14,True,True
4368,f4368,1.464821375527116e-13,5.728578676879116e-14,1.3500311979441904e-13,True,True
4369,f4369,8.038873388460929e-14,0.0,5.684341886080802e-14,True,True
4370,f4370,8.038873388460929e-14,2.842170943040401e-14,5.684341886080802e-14,True,True
4371,f4371,8.038873388460929e-14,0.0,5.684341886080802e-14,True,True
4372,f4372,1.1368683772161603e-13,0.0,1.1368683772161603e-13,True,True
4373,f4373,6.355287432313019e-14,6.355287432313019e-14,5.684341886080802e-14,True,True
4374,f4374,6.355287432313019e-14,6.355287432313019e-14,2.842170943040401e-14,True,True
4375,f4375,1.1718571004216928e-13,5.684341886080802e-14,1.1368683772161603e-13,True,True
4376,f4376,1.1718571004216928e-13,1.4210854715202004e-14,1.1368683772161603e-13,True,True
4377,f4377,1.1368683772161603e-13,0.0,1.1368683772161603e-13,True,True
4378,f4378,1.1368683772161603e-13,0.0,1.1368683772161603e-13,True,True
4379,f4379,4.263256414560601e-14,4.263256414560601e-14,3.552713678800501e-14,True,True
4380,f4380,5.684341886080802e-14,2.842170943040401e-14,5.684341886080802e-14,True,True
4381,f4381,1.2710574864626038e-13,8.038873388460929e-14,1.1368683772161603e-13,True,True
4382,f4382,5.684341886080802e-14,5.684341886080802e-14,5.684341886080802e-14,True,True
4383,f4383,5.701662731533487e-14,5.684341886080802e-14,5.684341886080802e-14,True,True
4384,f4384,4.0194366942304644e-14,2.842170943040401e-14,2.842170943040401e-14,True,True
4385,f4385,1.2710574864626038e-13,1.2710574864626038e-13,1.1368683772161603e-13,True,True
4386,f4386,8.038873388460929e-14,2.842170943040401e-14,5.684341886080802e-14,True,True
4387,f4387,1.1368683772161603e-13,0.0,1.1368683772161603e-13,True,True
4388,f4388,8.038873388460929e-14,0.0,5.684341886080802e-14,True,True
4389,f4389,6.355287432313019e-14,0.0,5.684341886080802e-14,True,True
4390,f4390,6.355287432313019e-14,2.842170943040401e-14,5.684341886080802e-14,True,True
4391,f4391,1.2710574864626038e-13,0.0,1.1368683772161603e-13,True,True
4392,f4392,8.038873388460929e-14,5.684341886080802e-14,5.684341886080802e-14,True,True
4393,f4393,1.1718571004216928e-13,0.0,1.1368683772161603e-13,True,True
4394,f4394,1.2710574864626038e-13,5.684341886080802e-14,1.1368683772161603e-13,True,True
4395,f4395,6.07087979554246e-14,2.842170943040401e-14,5.684341886080802e-14,True,True
4396,f4396,6.01080938469374e-14,6.01080938469374e-14,5.684341886080802e-14,True,True
4397,f4397,5.684341886080802e-14,1.4210854715202004e-14,5.684341886080802e-14,True,True
4398,f4398,5.684341886080802e-14,2.842170943040401e-14,5.684341886080802e-14,True,True
4399,f4399,1.2710574864626038e-13,0.0,1.1368683772161603e-13,True,True
4400,f4400,5.684341886080802e-14,2.842170943040401e-14,5.684341886080802e-14,True,True
4401,f4401,2.842170943040401e-14,2.842170943040401e-14,2.842170943040401e-14,True,True
4402,f4402,1.2710574864626038e-13,0.0,1.1368683772161603e-13,True,True
4403,f4403,5.684341886080802e-14,5.684341886080802e-14,5.684341886080802e-14,True,True
4404,f4404,1.1718571004216928e-13,5.684341886080802e-14,1.1368683772161603e-13,True,True
4405,f4405,1.1368683772161603e-13,5.684341886080802e-14,1.1368683772161603e-13,True,True
4406,f4406,5.684341886080802e-14,1.4210854715202004e-14,5.684341886080802e-14,True,True
4407,f4407,5.684341886080802e-14,1.4210854715202004e-14,5.684341886080802e-14,True,True
4408,f4408,2.842170943040401e-14,0.0,2.842170943040401e-14,True,True
4409,f4409,6.355287432313019e-14,6.355287432313019e-14,5.684341886080802e-14,True,True
4410,f4410,1.1368683772161603e-13,0.0,1.1368683772161603e-13,True,True
4411,f4411,5.859285502108464e-14,5.859285502108464e-14,5.684341886080802e-14,True,True
4412,f4412,6.750740292339637e-14,6.750740292339637e-14,5.684341886080802e-14,True,True
4413,f4413,1.2710574864626038e-13,1.1368683772161603e-13,1.1368683772161603e-13,True,True
4414,f4414,8.038873388460929e-14,5.684341886080802e-14,5.684341886080802e-14,True,True
4415,f4415,1.2710574864626038e-13,5.684341886080802e-14,1.1368683772161603e-13,True,True
4416,f4416,6.355287432313019e-14,2.842170943040401e-14,5.684341886080802e-14,True,True
4417,f4417,1.1368683772161603e-13,0.0,1.1368683772161603e-13,True,True
4418,f4418,5.859285502108464e-14,3.1776437161565096e-14,5.684341886080802e-14,True,True
4419,f4419,1.1368683772161603e-13,0.0,1.1368683772161603e-13,True,True
4420,f4420,1.1457157353758233e-13,6.355287432313019e-14,1.1368683772161603e-13,True,True
4421,f4421,4.0194366942304644e-14,4.0194366942304644e-14,2.842170943040401e-14,True,True
4422,f4422,8.038873388460929e-14,8.038873388460929e-14,5.684341886080802e-14,True,True
4423,f4423,8.038873388460929e-14,5.684341886080802e-14,5.684341886080802e-14,True,True
4424,f4424,1.1457157353758233e-13,8.038873388460929e-14,1.1368683772161603e-13,True,True
4425,f4425,6.355287432313019e-14,2.842170943040401e-14,5.684341886080802e-14,True,True
4426,f4426,1.2710574864626038e-13,0.0,1.1368683772161603e-13,True,True
4427,f4427,8.038873388460929e-14,0.0,5.684341886080802e-14,True,True
4428,f4428,1.2710574864626038e-13,1.1368683772161603e-13,1.1368683772161603e-13,True,True
4429,f4429,6.355287432313019e-14,2.842170943040401e-14,5.684341886080802e-14,True,True
4430,f4430,6.355287432313019e-14,2.842170943040401e-14,5.684341886080802e-14,True,True
4431,f4431,1.1457157353758233e-13,0.0,1.1368683772161603e-13,True,True
4432,f4432,1.2710574864626038e-13,5.684341886080802e-14,1.1368683772161603e-13,True,True
4433,f4433,5.684341886080802e-14,5.684341886080802e-14,5.684341886080802e-14,True,True
4434,f4434,1.1368683772161603e-13,0.0,1.1368683772161603e-13,True,True
4435,f4435,1.1368683772161603e-13,0.0,1.1368683772161603e-13,True,True
4436,f4436,7.213408716298969e-14,1.9539925233402755e-14,5.684341886080802e-14,True,True
4437,f4437,1.2710574864626038e-13,1.2710574864626038e-13,5.684341886080802e-14,True,True
4438,f4438,5.684341886080802e-14,2.842170943040401e-14,5.684341886080802e-14,True,True
4439,f4439,1.7053025658242404e-13,5.684341886080802e-14,1.7053025658242404e-13,True,True
4440,f4440,6.355287432313019e-14,1.4210854715202004e-14,5.684341886080802e-14,True,True
4441,f4441,6.355287432313019e-14,2.842170943040401e-14,5.684341886080802e-14,True,True
4442,f4442,5.904883742358415e-14,1.509903313490213e-14,5.684341886080802e-14,True,True
4443,f4443,6.355287432313019e-14,2.842170943040401e-14,5.684341886080802e-14,True,True
4444,f4444,5.684341886080802e-14,3.1776437161565096e-14,5.684341886080802e-14,True,True
4445,f4445,5.684341886080802e-14,0.0,5.684341886080802e-14,True,True
4446,f4446,6.355287432313019e-14,2.842170943040401e-14,5.684341886080802e-14,True,True
4447,f4447,5.684341886080802e-14,2.842170943040401e-14,5.684341886080802e-14,True,True
4448,f4448,3.1776437161565096e-14,0.0,2.842170943040401e-14,True,True
4449,f4449,1.2710574864626038e-13,2.842170943040401e-14,1.1368683772161603e-13,True,True
4450,f4450,8.038873388460929e-14,0.0,5.684341886080802e-14,True,True
4451,f4451,5.684341886080802e-14,0.0,5.684341886080802e-14,True,True
4452,f4452,1.1368683772161603e-13,0.0,1.1368683772161603e-13,True,True
4453,f4453,1.2710574864626038e-13,2.842170943040401e-14,1.1368683772161603e-13,True,True
4454,f4454,5.859285502108464e-14,0.0,5.684341886080802e-14,True,True
4455,f4455,5.684341886080802e-14,0.0,5.684341886080802e-14,True,True
4456,f4456,5.684341886080802e-14,0.0,5.684341886080802e-14,True,True
4457,f4457,1.1718571004216928e-13,2.842170943040401e-14,1.1368683772161603e-13,True,True
4458,f4458,5.123796534383003e-14,1.4210854715202004e-14,4.263256414560601e-14,True,True
4459,f4459,1.2710574864626038e-13,1.2710574864626038e-13,1.1368683772161603e-13,True,True
4460,f4460,6.355287432313019e-14,0.0,5.684341886080802e-14,True,True
4461,f4461,8.038873388460929e-14,6.355287432313019e-14,5.684341886080802e-14,True,True
4462,f4462,6.355287432313019e-14,0.0,5.684341886080802e-14,True,True
4463,f4463,6.355287432313019e-14,0.0,5.684341886080802e-14,True,True
4464,f4464,1.1718571004216928e-13,5.684341886080802e-14,1.1368683772161603e-13,True,True
4465,f4465,8.038873388460929e-14,5.684341886080802e-14,5.684341886080802e-14,True,True
4466,f4466,1.1718571004216928e-13,2.1316282072803006e-14,1.1368683772161603e-13,True,True
4467,f4467,5.684341886080802e-14,2.842170943040401e-14,5.684341886080802e-14,True,True
4468,f4468,1.1368683772161603e-13,0.0,1.1368683772161603e-13,True,True
4469,f4469,5.684341886080802e-14,2.842170943040401e-14,5.684341886080802e-14,True,True
4470,f4470,8.038873388460929e-14,5.684341886080802e-14,5.684341886080802e-14,True,True
4471,f4471,1.1457157353758233e-13,3.552713678800501e-14,1.1368683772161603e-13,True,True
4472,f4472,5.684341886080802e-14,5.684341886080802e-14,5.684341886080802e-14,True,True
4473,f4473,5.684341886080802e-14,2.842170943040401e-14,5.684341886080802e-14,True,True
4474,f4474,6.355287432313019e-14,0.0,5.684341886080802e-14,True,True
4475,f4475,6.355287432313019e-14,0.0,5.684341886080802e-14,True,True
4476,f4476,6.355287432313019e-14,1.4210854715202004e-14,5.684341886080802e-14,True,True
4477,f4477,5.684341886080802e-14,0.0,5.684341886080802e-14,True,True
4478,f4478,8.038873388460929e-14,5.684341886080802e-14,5.684341886080802e-14,True,True
4479,f4479,1.6077746776921858e-13,0.0,1.1368683772161603e-13,True,True
4480,f4480,6.355287432313019e-14,0.0,5.684341886080802e-14,True,True
4481,f4481,3.1776437161565096e-14,1.5888218580782548e-14,2.842170943040401e-14,True,True
4482,f4482,6.355287432313019e-14,4.0194366942304644e-14,5.684341886080802e-14,True,True
4483,f4483,5.684341886080802e-14,5.684341886080802e-14,5.684341886080802e-14,True,True
4484,f4484,1.1418534512577734e-13,1.7763568394002505e-14,1.1368683772161603e-13,True,True
4485,f4485,6.355287432313019e-14,0.0,5.684341886080802e-14,True,True
4486,f4486,1.1368683772161603e-13,2.842170943040401e-14,1.1368683772161603e-13,True,True
4487,f4487,6.355287432313019e-14,2.842170943040401e-14,5.684341886080802e-14,True,True
4488,f4488,1.2710574864626038e-13,0.0,1.1368683772161603e-13,True,True
4489,f4489,8.038873388460929e-14,4.0194366942304644e-14,5.684341886080802e-14,True,True
4490,f4490,1.2710574864626038e-13,0.0,1.1368683772161603e-13,True,True
4491,f4491,6.355287432313019e-14,0.0,5.684341886080802e-14,True,True
4492,f4492,2.5421149729252077e-13,1.1368683772161603e-13,2.2737367544323206e-13,True,True
4493,f4493,2.842170943040401e-14,2.842170943040401e-14,2.842170943040401e-14,True,True
4494,f4494,1.2710574864626038e-13,0.0,1.1368683772161603e-13,True,True
4495,f4495,8.038873388460929e-14,5.684341886080802e-14,5.684341886080802e-14,True,True
4496,f4496,1.1368683772161603e-13,0.0,1.1368683772161603e-13,True,True
4497,f4497,6.355287432313019e-14,0.0,5.684341886080802e-14,True,True
4498,f4498,6.355287432313019e-14,2.842170943040401e-14,5.684341886080802e-14,True,True
4499,f4499,8.038873388460929e-14,5.684341886080802e-14,5.684341886080802e-14,True,True
4500,f4500,1.1368683772161603e-13,0.0,1.1368683772161603e-13,True,True
4501,f4501,6.355287432313019e-14,2.842170943040401e-14,5.684341886080802e-14,True,True
4502,f4502,8.038873388460929e-14,5.684341886080802e-14,5.684341886080802e-14,True,True
4503,f4503,1.1368683772161603e-13,5.684341886080802e-14,1.1368683772161603e-13,True,True
4504,f4504,5.684341886080802e-14,0.0,5.684341886080802e-14,True,True
4505,f4505,1.1368683772161603e-13,5.684341886080802e-14,1.1368683772161603e-13,True,True
4506,f4506,1.1368683772161603e-13,0.0,1.1368683772161603e-13,True,True
4507,f4507,6.355287432313019e-14,2.842170943040401e-14,5.684341886080802e-14,True,True
4508,f4508,5.684341886080802e-14,2.842170943040401e-14,5.684341886080802e-14,True,True
4509,f4509,8.038873388460929e-14,8.038873388460929e-14,5.684341886080802e-14,True,True
4510,f4510,5.728578676879116e-14,1.4210854715202004e-14,5.684341886080802e-14,True,True
4511,f4511,5.859285502108464e-14,0.0,5.684341886080802e-14,True,True
4512,f4512,1.1368683772161603e-13,1.4210854715202004e-14,1.1368683772161603e-13,True,True
4513,f4513,6.355287432313019e-14,2.842170943040401e-14,5.684341886080802e-14,True,True
4514,f4514,6.799062365205315e-14,2.842170943040401e-14,5.684341886080802e-14,True,True
4515,f4515,6.277857184170547e-14,4.263256414560601e-14,5.684341886080802e-14,True,True
4516,f4516,5.684341886080802e-14,2.1316282072803006e-14,5.684341886080802e-14,True,True
4517,f4517,6.355287432313019e-14,5.684341886080802e-14,5.684341886080802e-14,True,True
4518,f4518,4.0194366942304644e-14,2.842170943040401e-14,2.842170943040401e-14,True,True
4519,f4519,8.038873388460929e-14,0.0,5.684341886080802e-14,True,True
4520,f4520,6.355287432313019e-14,5.684341886080802e-14,5.684341886080802e-14,True,True
4521,f4521,1.214175959108492e-13,0.0,1.1368683772161603e-13,True,True
4522,f4522,1.2710574864626038e-13,0.0,1.1368683772161603e-13,True,True
4523,f4523,1.1368683772161603e-13,0.0,1.1368683772161603e-13,True,True
4524,f4524,1.1368683772161603e-13,0.0,1.1368683772161603e-13,True,True
4525,f4525,6.355287432313019e-14,2.842170943040401e-14,5.684341886080802e-14,True,True
4526,f4526,2.2737367544323206e-13,2.2737367544323206e-13,1.1368683772161603e-13,True,True
4527,f4527,6.355287432313019e-14,2.842170943040401e-14,5.684341886080802e-14,True,True
4528,f4528,1.1368683772161603e-13,5.684341886080802e-14,1.1368683772161603e-13,True,True
4529,f4529,1.1718571004216928e-13,5.684341886080802e-14,1.1368683772161603e-13,True,True
4530,f4530,6.355287432313019e-14,2.842170943040401e-14,5.684341886080802e-14,True,True
4531,f4531,1.1718571004216928e-13,0.0,1.1368683772161603e-13,True,True
4532,f4532,4.0194366942304644e-14,0.0,2.842170943040401e-14,True,True
4533,f4533,6.355287432313019e-14,0.0,5.684341886080802e-14,True,True
4534,f4534,2.2737367544323206e-13,0.0,2.2737367544323206e-13,True,True
4535,f4535,5.684341886080802e-14,2.842170943040401e-14,5.684341886080802e-14,True,True
4536,f4536,5.728578676879116e-14,0.0,5.684341886080802e-14,True,True
4537,f4537,1.2710574864626038e-13,1.1368683772161603e-13,1.1368683772161603e-13,True,True
4538,f4538,8.038873388460929e-14,0.0,5.684341886080802e-14,True,True
4539,f4539,6.355287432313019e-14,2.842170943040401e-14,5.684341886080802e-14,True,True
4540,f4540,8.038873388460929e-14,5.684341886080802e-14,5.684341886080802e-14,True,True
4541,f4541,1.1457157353758233e-13,7.105427357601002e-15,1.1368683772161603e-13,True,True
4542,f4542,1.1368683772161603e-13,5.684341886080802e-14,1.1368683772161603e-13,True,True
4543,f4543,5.684341886080802e-14,0.0,5.684341886080802e-14,True,True
4544,f4544,1.1368683772161603e-13,6.355287432313019e-14,1.1368683772161603e-13,True,True
4545,f4545,7.105427357601002e-14,1.4210854715202004e-14,5.684341886080802e-14,True,True
4546,f4546,6.355287432313019e-14,0.0,5.684341886080802e-14,True,True
4547,f4547,1.6077746776921858e-13,1.1368683772161603e-13,1.1368683772161603e-13,True,True
4548,f4548,2.2737367544323206e-13,0.0,2.2737367544323206e-13,True,True
4549,f4549,4.0194366942304644e-14,2.842170943040401e-14,2.842170943040401e-14,True,True
4550,f4550,6.355287432313019e-14,5.859285502108464e-14,5.684341886080802e-14,True,True
4551,f4551,5.123796534383003e-14,3.1776437161565096e-14,4.263256414560601e-14,True,True
4552,f4552,1.1368683772161603e-13,1.1368683772161603e-13,1.1368683772161603e-13,True,True
4553,f4553,5.684341886080802e-14,2.842170943040401e-14,5.684341886080802e-14,True,True
4554,f4554,1.1718571004216928e-13,1.4210854715202004e-14,1.1368683772161603e-13,True,True
4555,f4555,1.1368683772161603e-13,0.0,1.1368683772161603e-13,True,True
4556,f4556,5.859285502108464e-14,1.4210854715202004e-14,5.684341886080802e-14,True,True
4557,f4557,6.355287432313019e-14,0.0,5.684341886080802e-14,True,True
4558,f4558,6.355287432313019e-14,6.355287432313019e-14,5.684341886080802e-14,True,True
4559,f4559,6.355287432313019e-14,5.684341886080802e-14,5.684341886080802e-14,True,True
4560,f4560,5.859285502108464e-14,2.842170943040401e-14,5.684341886080802e-14,True,True
4561,f4561,5.684341886080802e-14,0.0,5.684341886080802e-14,True,True
4562,f4562,1.1368683772161603e-13,1.1368683772161603e-13,1.1368683772161603e-13,True,True
4563,f4563,5.728578676879116e-14,1.4210854715202004e-14,5.684341886080802e-14,True,True
4564,f4564,6.355287432313019e-14,4.263256414560601e-14,5.684341886080802e-14,True,True
4565,f4565,5.684341886080802e-14,3.1776437161565096e-14,5.684341886080802e-14,True,True
4566,f4566,1.2710574864626038e-13,6.355287432313019e-14,1.1368683772161603e-13,True,True
4567,f4567,1.1368683772161603e-13,5.684341886080802e-14,1.1368683772161603e-13,True,True
4568,f4568,1.2710574864626038e-13,8.038873388460929e-14,1.1368683772161603e-13,True,True
4569,f4569,6.355287432313019e-14,4.263256414560601e-14,5.684341886080802e-14,True,True
4570,f4570,6.355287432313019e-14,2.842170943040401e-14,5.684341886080802e-14,True,True
4571,f4571,6.07087979554246e-14,2.842170943040401e-14,5.684341886080802e-14,True,True
4572,f4572,1.1368683772161603e-13,5.684341886080802e-14,1.1368683772161603e-13,True,True
4573,f4573,5.684341886080802e-14,1.4210854715202004e-14,5.684341886080802e-14,True,True
4574,f4574,8.038873388460929e-14,0.0,5.684341886080802e-14,True,True
4575,f4575,1.2710574864626038e-13,0.0,1.1368683772161603e-13,True,True
4576,f4576,5.728578676879116e-14,5.728578676879116e-14,5.684341886080802e-14,True,True
4577,f4577,5.904883742358415e-14,0.0,5.684341886080802e-14,True,True
4578,f4578,2.842170943040401e-14,1.4210854715202004e-14,2.842170943040401e-14,True,True
4579,f4579,1.1368683772161603e-13,5.684341886080802e-14,1.1368683772161603e-13,True,True
4580,f4580,5.684341886080802e-14,0.0,5.684341886080802e-14,True,True
4581,f4581,1.1368683772161603e-13,0.0,1.1368683772161603e-13,True,True
4582,f4582,5.684341886080802e-14,0.0,5.684341886080802e-14,True,True
4583,f4583,1.1718571004216928e-13,2.842170943040401e-14,1.1368683772161603e-13,True,True
4584,f4584,1.2710574864626038e-13,0.0,1.1368683772161603e-13,True,True
4585,f4585,6.355287432313019e-14,2.842170943040401e-14,5.684341886080802e-14,True,True
4586,f4586,1.1368683772161603e-13,0.0,1.1368683772161603e-13,True,True
4587,f4587,5.684341886080802e-14,0.0,5.684341886080802e-14,True,True
4588,f4588,5.859285502108464e-14,0.0,5.684341886080802e-14,True,True
4589,f4589,5.684341886080802e-14,5.684341886080802e-14,5.684341886080802e-14,True,True
4590,f4590,5.684341886080802e-14,5.684341886080802e-14,5.684341886080802e-14,True,True
4591,f4591,1.2710574864626038e-13,5.684341886080802e-14,1.1368683772161603e-13,True,True
4592,f4592,1.1368683772161603e-13,5.684341886080802e-14,1.1368683772161603e-13,True,True
4593,f4593,1.2710574864626038e-13,5.684341886080802e-14,1.1368683772161603e-13,True,True
4594,f4594,1.2710574864626038e-13,2.842170943040401e-14,1.1368683772161603e-13,True,True
4595,f4595,5.859285502108464e-14,1.4210854715202004e-14,5.684341886080802e-14,True,True
4596,f4596,6.355287432313019e-14,2.842170943040401e-14,5.684341886080802e-14,True,True
4597,f4597,1.1368683772161603e-13,0.0,1.1368683772161603e-13,True,True
4598,f4598,6.355287432313019e-14,0.0,5.684341886080802e-14,True,True
4599,f4599,1.2710574864626038e-13,0.0,1.1368683772161603e-13,True,True
4600,f4600,1.1381166927749112e-13,1.1368683772161603e-13,1.1368683772161603e-13,True,True
4601,f4601,1.1718571004216928e-13,1.1718571004216928e-13,1.1368683772161603e-13,True,True
4602,f4602,8.038873388460929e-14,5.684341886080802e-14,5.684341886080802e-14,True,True
4603,f4603,1.2710574864626038e-13,0.0,1.1368683772161603e-13,True,True
4604,f4604,1.1368683772161603e-13,0.0,1.1368683772161603e-13,True,True
4605,f4605,6.355287432313019e-14,2.842170943040401e-14,5.684341886080802e-14,True,True
4606,f4606,8.038873388460929e-14,6.355287432313019e-14,5.684341886080802e-14,True,True
4607,f4607,6.355287432313019e-14,0.0,5.684341886080802e-14,True,True
4608,f4608,6.355287432313019e-14,2.842170943040401e-14,5.684341886080802e-14,True,True
4609,f4609,1.2710574864626038e-13,0.0,1.1368683772161603e-13,True,True
4610,f4610,1.1368683772161603e-13,1.1368683772161603e-13,1.1368683772161603e-13,True,True
4611,f4611,1.2710574864626038e-13,1.1368683772161603e-13,1.1368683772161603e-13,True,True
4612,f4612,6.355287432313019e-14,2.842170943040401e-14,5.684341886080802e-14,True,True
4613,f4613,1.1368683772161603e-13,5.684341886080802e-14,1.1368683772161603e-13,True,True
4614,f4614,5.050135945278633e-14,3.8263897345803626e-14,4.263256414560601e-14,True,True
4615,f4615,5.881458211527255e-14,0.0,5.684341886080802e-14,True,True
4616,f4616,2.3437142008433856e-13,1.1368683772161603e-13,2.2737367544323206e-13,True,True
4617,f4617,1.2710574864626038e-13,0.0,1.1368683772161603e-13,True,True
4618,f4618,1.1368683772161603e-13,5.684341886080802e-14,1.1368683772161603e-13,True,True
4619,f4619,5.684341886080802e-14,1.4210854715202004e-14,5.684341886080802e-14,True,True
4620,f4620,1.2710574864626038e-13,0.0,1.1368683772161603e-13,True,True
4621,f4621,1.1368683772161603e-13,5.684341886080802e-14,1.1368683772161603e-13,True,True
4622,f4622,6.355287432313019e-14,5.684341886080802e-14,5.684341886080802e-14,True,True
4623,f4623,1.1718571004216928e-13,1.4210854715202004e-14,1.1368683772161603e-13,True,True
4624,f4624,7.105427357601002e-14,6.07087979554246e-14,5.684341886080802e-14,True,True
4625,f4625,1.1368683772161603e-13,0.0,1.1368683772161603e-13,True,True
4626,f4626,5.728578676879116e-14,5.728578676879116e-14,5.684341886080802e-14,True,True
4627,f4627,1.1368683772161603e-13,0.0,1.1368683772161603e-13,True,True
4628,f4628,8.038873388460929e-14,0.0,5.684341886080802e-14,True,True
4629,f4629,5.684341886080802e-14,5.684341886080802e-14,5.684341886080802e-14,True,True
4630,f4630,1.1457157353758233e-13,0.0,1.1368683772161603e-13,True,True
4631,f4631,5.684341886080802e-14,2.842170943040401e-14,5.684341886080802e-14,True,True
4632,f4632,6.355287432313019e-14,2.842170943040401e-14,5.684341886080802e-14,True,True
4633,f4633,8.038873388460929e-14,2.842170943040401e-14,5.684341886080802e-14,True,True
4634,f4634,4.0194366942304644e-14,2.929642751054232e-14,3.097522238704187e-14,True,True
4635,f4635,8.038873388460929e-14,5.684341886080802e-14,5.684341886080802e-14,True,True
4636,f4636,8.038873388460929e-14,8.038873388460929e-14,5.684341886080802e-14,True,True
4637,f4637,1.7053025658242404e-13,5.684341886080802e-14,1.7053025658242404e-13,True,True
4638,f4638,8.038873388460929e-14,8.038873388460929e-14,5.684341886080802e-14,True,True
4639,f4639,8.038873388460929e-14,0.0,5.684341886080802e-14,True,True
4640,f4640,8.038873388460929e-14,5.684341886080802e-14,5.684341886080802e-14,True,True
4641,f4641,1.1368683772161603e-13,0.0,1.1368683772161603e-13,True,True
4642,f4642,5.684341886080802e-14,2.842170943040401e-14,5.684341886080802e-14,True,True
4643,f4643,8.038873388460929e-14,8.038873388460929e-14,5.684341886080802e-14,True,True
4644,f4644,1.2710574864626038e-13,0.0,1.1368683772161603e-13,True,True
4645,f4645,1.1368683772161603e-13,0.0,1.1368683772161603e-13,True,True
4646,f4646,2.842170943040401e-14,0.0,2.842170943040401e-14,True,True
4647,f4647,5.684341886080802e-14,0.0,5.684341886080802e-14,True,True
4648,f4648,1.2710574864626038e-13,2.842170943040401e-14,1.1368683772161603e-13,True,True
4649,f4649,1.1368683772161603e-13,0.0,1.1368683772161603e-13,True,True
4650,f4650,1.1368683772161603e-13,3.1776437161565096e-14,1.1368683772161603e-13,True,True
4651,f4651,6.355287432313019e-14,0.0,5.684341886080802e-14,True,True
4652,f4652,1.1718571004216928e-13,1.1368683772161603e-13,1.1368683772161603e-13,True,True
4653,f4653,1.1718571004216928e-13,1.1457157353758233e-13,1.1368683772161603e-13,True,True
4654,f4654,1.2710574864626038e-13,1.1368683772161603e-13,1.1368683772161603e-13,True,True
4655,f4655,6.355287432313019e-14,0.0,5.684341886080802e-14,True,True
4656,f4656,6.355287432313019e-14,6.355287432313019e-14,5.684341886080802e-14,True,True
4657,f4657,8.038873388460929e-14,0.0,5.684341886080802e-14,True,True
4658,f4658,1.6077746776921858e-13,1.1368683772161603e-13,1.1368683772161603e-13,True,True
4659,f4659,8.038873388460929e-14,5.684341886080802e-14,5.684341886080802e-14,True,True
4660,f4660,5.684341886080802e-14,1.4210854715202004e-14,5.684341886080802e-14,True,True
4661,f4661,6.355287432313019e-14,0.0,5.684341886080802e-14,True,True
4662,f4662,1.1368683772161603e-13,0.0,1.1368683772161603e-13,True,True
4663,f4663,8.038873388460929e-14,5.684341886080802e-14,5.684341886080802e-14,True,True
4664,f4664,1.1718571004216928e-13,0.0,1.1368683772161603e-13,True,True
4665,f4665,1.1368683772161603e-13,0.0,1.1368683772161603e-13,True,True
4666,f4666,1.1368683772161603e-13,5.684341886080802e-14,1.1368683772161603e-13,True,True
4667,f4667,1.1718571004216928e-13,1.1718571004216928e-13,1.1368683772161603e-13,True,True
4668,f4668,3.1776437161565096e-14,2.842170943040401e-14,2.842170943040401e-14,True,True
4669,f4669,2.842170943040401e-14,0.0,2.842170943040401e-14,True,True
4670,f4670,1.1368683772161603e-13,5.684341886080802e-14,1.1368683772161603e-13,True,True
4671,f4671,8.038873388460929e-14,8.038873388460929e-14,5.684341886080802e-14,True,True
4672,f4672,1.1368683772161603e-13,1.1368683772161603e-13,1.1368683772161603e-13,True,True
4673,f4673,5.684341886080802e-14,2.842170943040401e-14,5.684341886080802e-14,True,True
4674,f4674,1.7053025658242404e-13,5.684341886080802e-14,1.7053025658242404e-13,True,True
4675,f4675,6.703246762680666e-14,5.684341886080802e-14,5.684341886080802e-14,True,True
4676,f4676,1.1368683772161603e-13,2.842170943040401e-14,1.1368683772161603e-13,True,True
4677,f4677,2.2737367544323206e-13,6.355287432313019e-14,2.2737367544323206e-13,True,True
4678,f4678,5.753312400962914e-14,7.105427357601002e-15,5.684341886080802e-14,True,True
4679,f4679,8.038873388460929e-14,5.684341886080802e-14,5.684341886080802e-14,True,True
4680,f4680,1.1368683772161603e-13,0.0,1.1368683772161603e-13,True,True
4681,f4681,1.2710574864626038e-13,0.0,1.1368683772161603e-13,True,True
4682,f4682,1.2710574864626038e-13,2.842170943040401e-14,1.1368683772161603e-13,True,True
4683,f4683,6.222480645249957e-14,1.4210854715202004e-14,5.684341886080802e-14,True,True
4684,f4684,2.5421149729252077e-13,0.0,2.2737367544323206e-13,True,True
4685,f4685,1.2710574864626038e-13,5.684341886080802e-14,1.1368683772161603e-13,True,True
4686,f4686,2.3437142008433856e-13,0.0,2.2737367544323206e-13,True,True
4687,f4687,1.1368683772161603e-13,8.038873388460929e-14,1.1368683772161603e-13,True,True
4688,f4688,5.955433342649105e-14,6.217248937900877e-15,5.684341886080802e-14,True,True
4689,f4689,6.355287432313019e-14,0.0,5.684341886080802e-14,True,True
4690,f4690,1.2710574864626038e-13,5.684341886080802e-14,1.1368683772161603e-13,True,True
4691,f4691,1.1457157353758233e-13,5.684341886080802e-14,1.1368683772161603e-13,True,True
4692,f4692,5.684341886080802e-14,2.842170943040401e-14,5.684341886080802e-14,True,True
4693,f4693,1.2710574864626038e-13,1.1368683772161603e-13,1.1368683772161603e-13,True,True
4694,f4694,1.2710574864626038e-13,0.0,1.1368683772161603e-13,True,True
4695,f4695,1.1368683772161603e-13,5.684341886080802e-14,1.1368683772161603e-13,True,True
4696,f4696,8.038873388460929e-14,0.0,5.684341886080802e-14,True,True
4697,f4697,1.1718571004216928e-13,4.0194366942304644e-14,1.1368683772161603e-13,True,True
4698,f4698,6.355287432313019e-14,2.842170943040401e-14,5.684341886080802e-14,True,True
4699,f4699,1.1368683772161603e-13,0.0,1.1368683772161603e-13,True,True
4700,f4700,1.1368683772161603e-13,4.0194366942304644e-14,1.1368683772161603e-13,True,True
4701,f4701,4.0194366942304644e-14,4.0194366942304644e-14,2.842170943040401e-14,True,True
4702,f4702,5.684341886080802e-14,0.0,5.684341886080802e-14,True,True
4703,f4703,1.1718571004216928e-13,1.1718571004216928e-13,1.1368683772161603e-13,True,True
4704,f4704,1.1368683772161603e-13,1.1368683772161603e-13,1.1368683772161603e-13,True,True
4705,f4705,1.2710574864626038e-13,1.2710574864626038e-13,5.684341886080802e-14,True,True
4706,f4706,8.038873388460929e-14,0.0,5.684341886080802e-14,True,True
4707,f4707,7.105427357601002e-14,0.0,5.684341886080802e-14,True,True
4708,f4708,1.1368683772161603e-13,8.038873388460929e-14,1.1368683772161603e-13,True,True
4709,f4709,8.038873388460929e-14,5.684341886080802e-14,5.684341886080802e-14,True,True
4710,f4710,1.1457157353758233e-13,5.859285502108464e-14,1.1368683772161603e-13,True,True
4711,f4711,6.355287432313019e-14,0.0,5.684341886080802e-14,True,True
4712,f4712,5.684341886080802e-14,5.684341886080802e-14,5.684341886080802e-14,True,True
4713,f4713,6.355287432313019e-14,0.0,5.684341886080802e-14,True,True
4714,f4714,6.039613253960852e-14,3.1776437161565096e-14,5.3290705182007514e-14,True,True
4715,f4715,5.684341886080802e-14,5.684341886080802e-14,5.684341886080802e-14,True,True
4716,f4716,1.1368683772161603e-13,6.355287432313019e-14,1.1368683772161603e-13,True,True
4717,f4717,1.1457157353758233e-13,0.0,1.1368683772161603e-13,True,True
4718,f4718,1.139086659085919e-13,2.842170943040401e-14,1.1368683772161603e-13,True,True
4719,f4719,5.684341886080802e-14,5.684341886080802e-14,5.684341886080802e-14,True,True
4720,f4720,1.6077746776921858e-13,1.1368683772161603e-13,1.1368683772161603e-13,True,True
4721,f4721,3.1776437161565096e-14,2.0097183471152322e-14,2.842170943040401e-14,True,True
4722,f4722,6.07087979554246e-14,2.842170943040401e-14,5.684341886080802e-14,True,True
4723,f4723,5.684341886080802e-14,2.842170943040401e-14,5.684341886080802e-14,True,True
4724,f4724,8.038873388460929e-14,8.038873388460929e-14,5.684341886080802e-14,True,True
4725,f4725,5.859285502108464e-14,2.842170943040401e-14,5.684341886080802e-14,True,True
4726,f4726,1.2710574864626038e-13,0.0,1.1368683772161603e-13,True,True
4727,f4727,1.1368683772161603e-13,0.0,1.1368683772161603e-13,True,True
4728,f4728,1.1368683772161603e-13,0.0,1.1368683772161603e-13,True,True
4729,f4729,5.684341886080802e-14,0.0,5.684341886080802e-14,True,True
4730,f4730,5.684341886080802e-14,0.0,5.684341886080802e-14,True,True
4731,f4731,8.038873388460929e-14,5.684341886080802e-14,5.684341886080802e-14,True,True
4732,f4732,5.684341886080802e-14,5.684341886080802e-14,5.684341886080802e-14,True,True
4733,f4733,1.1368683772161603e-13,2.842170943040401e-14,1.1368683772161603e-13,True,True
4734,f4734,5.684341886080802e-14,2.842170943040401e-14,5.684341886080802e-14,True,True
4735,f4735,6.07087979554246e-14,5.684341886080802e-14,5.684341886080802e-14,True,True
4736,f4736,1.1368683772161603e-13,5.684341886080802e-14,1.1368683772161603e-13,True,True
4737,f4737,6.355287432313019e-14,2.842170943040401e-14,5.684341886080802e-14,True,True
4738,f4738,6.355287432313019e-14,2.842170943040401e-14,5.684341886080802e-14,True,True
4739,f4739,6.355287432313019e-14,0.0,5.684341886080802e-14,True,True
4740,f4740,6.355287432313019e-14,2.842170943040401e-14,5.684341886080802e-14,True,True
4741,f4741,1.1368683772161603e-13,0.0,1.1368683772161603e-13,True,True
4742,f4742,5.859285502108464e-14,0.0,5.684341886080802e-14,True,True
4743,f4743,1.2710574864626038e-13,1.1368683772161603e-13,1.1368683772161603e-13,True,True
4744,f4744,8.038873388460929e-14,2.842170943040401e-14,5.684341886080802e-14,True,True
4745,f4745,8.038873388460929e-14,8.038873388460929e-14,5.684341886080802e-14,True,True
4746,f4746,5.684341886080802e-14,0.0,5.684341886080802e-14,True,True
4747,f4747,5.859285502108464e-14,5.859285502108464e-14,2.842170943040401e-14,True,True
4748,f4748,8.038873388460929e-14,5.684341886080802e-14,5.684341886080802e-14,True,True
4749,f4749,6.355287432313019e-14,1.2434497875801753e-14,5.684341886080802e-14,True,True
4750,f4750,8.038873388460929e-14,8.038873388460929e-14,5.684341886080802e-14,True,True
4751,f4751,6.355287432313019e-14,0.0,5.684341886080802e-14,True,True
4752,f4752,6.355287432313019e-14,0.0,5.684341886080802e-14,True,True
4753,f4753,6.355287432313019e-14,0.0,5.684341886080802e-14,True,True
4754,f4754,5.684341886080802e-14,0.0,5.684341886080802e-14,True,True
4755,f4755,1.2710574864626038e-13,1.1368683772161603e-13,1.1368683772161603e-13,True,True
4756,f4756,5.684341886080802e-14,0.0,5.684341886080802e-14,True,True
4757,f4757,2.2737367544323206e-13,5.684341886080802e-14,2.2737367544323206e-13,True,True
4758,f4758,5.684341886080802e-14,0.0,5.684341886080802e-14,True,True
4759,f4759,1.2710574864626038e-13,0.0,1.1368683772161603e-13,True,True
4760,f4760,1.1368683772161603e-13,0.0,1.1368683772161603e-13,True,True
4761,f4761,8.038873388460929e-14,0.0,5.684341886080802e-14,True,True
4762,f4762,6.355287432313019e-14,1.4210854715202004e-14,5.684341886080802e-14,True,True
4763,f4763,6.355287432313019e-14,2.842170943040401e-14,5.684341886080802e-14,True,True
4764,f4764,1.2710574864626038e-13,0.0,1.1368683772161603e-13,True,True
4765,f4765,5.684341886080802e-14,5.684341886080802e-14,5.684341886080802e-14,True,True
4766,f4766,1.2710574864626038e-13,1.1368683772161603e-13,1.1368683772161603e-13,True,True
4767,f4767,2.2737367544323206e-13,0.0,2.2737367544323206e-13,True,True
4768,f4768,8.038873388460929e-14,2.842170943040401e-14,5.684341886080802e-14,True,True
4769,f4769,5.684341886080802e-14,0.0,5.684341886080802e-14,True,True
4770,f4770,6.355287432313019e-14,2.842170943040401e-14,5.684341886080802e-14,True,True
4771,f4771,1.2710574864626038e-13,5.684341886080802e-14,1.1368683772161603e-13,True,True
4772,f4772,1.2710574864626038e-13,0.0,1.1368683772161603e-13,True,True
4773,f4773,6.355287432313019e-14,5.684341886080802e-14,5.684341886080802e-14,True,True
4774,f4774,1.1718571004216928e-13,5.684341886080802e-14,1.1368683772161603e-13,True,True
4775,f4775,6.355287432313019e-14,0.0,5.684341886080802e-14,True,True
4776,f4776,5.684341886080802e-14,1.4210854715202004e-14,5.684341886080802e-14,True,True
4777,f4777,1.2710574864626038e-13,1.2710574864626038e-13,1.1368683772161603e-13,True,True
4778,f4778,8.038873388460929e-14,0.0,5.684341886080802e-14,True,True
4779,f4779,8.038873388460929e-14,6.355287432313019e-14,5.684341886080802e-14,True,True
4780,f4780,2.2737367544323206e-13,0.0,2.2737367544323206e-13,True,True
4781,f4781,8.038873388460929e-14,8.038873388460929e-14,5.684341886080802e-14,True,True
4782,f4782,1.1368683772161603e-13,5.684341886080802e-14,1.1368683772161603e-13,True,True
4783,f4783,1.2710574864626038e-13,0.0,1.1368683772161603e-13,True,True
4784,f4784,6.355287432313019e-14,6.355287432313019e-14,5.684341886080802e-14,True,True
4785,f4785,6.355287432313019e-14,2.842170943040401e-14,5.684341886080802e-14,True,True
4786,f4786,6.355287432313019e-14,6.07087979554246e-14,5.684341886080802e-14,True,True
4787,f4787,2.2914314707516465e-13,6.355287432313019e-14,2.2737367544323206e-13,True,True
4788,f4788,1.1368683772161603e-13,5.684341886080802e-14,1.1368683772161603e-13,True,True
4789,f4789,1.2710574864626038e-13,5.684341886080802e-14,1.1368683772161603e-13,True,True
4790,f4790,1.1368683772161603e-13,0.0,1.1368683772161603e-13,True,True
4791,f4791,5.684341886080802e-14,5.684341886080802e-14,5.684341886080802e-14,True,True
4792,f4792,4.5496934130773415e-14,1.4210854715202004e-14,4.263256414560601e-14,True,True
4793,f4793,1.6077746776921858e-13,5.684341886080802e-14,1.1368683772161603e-13,True,True
4794,f4794,1.1718571004216928e-13,5.684341886080802e-14,1.1368683772161603e-13,True,True
4795,f4795,1.2710574864626038e-13,0.0,1.1368683772161603e-13,True,True
4796,f4796,1.2710574864626038e-13,5.684341886080802e-14,1.1368683772161603e-13,True,True
4797,f4797,1.2710574864626038e-13,1.1368683772161603e-13,1.1368683772161603e-13,True,True
4798,f4798,1.1368683772161603e-13,0.0,1.1368683772161603e-13,True,True
4799,f4799,1.1368683772161603e-13,1.1368683772161603e-13,5.684341886080802e-14,True,True
4800,f4800,1.1718571004216928e-13,0.0,1.1368683772161603e-13,True,True
4801,f4801,3.1776437161565096e-14,2.842170943040401e-14,2.842170943040401e-14,True,True
4802,f4802,5.684341886080802e-14,0.0,5.684341886080802e-14,True,True
4803,f4803,8.038873388460929e-14,0.0,5.684341886080802e-14,True,True
4804,f4804,1.1368683772161603e-13,0.0,1.1368683772161603e-13,True,True
4805,f4805,8.038873388460929e-14,5.684341886080802e-14,5.684341886080802e-14,True,True
4806,f4806,1.1368683772161603e-13,2.842170943040401e-14,1.1368683772161603e-13,True,True
4807,f4807,6.355287432313019e-14,2.842170943040401e-14,5.684341886080802e-14,True,True
4808,f4808,1.2710574864626038e-13,5.684341886080802e-14,1.1368683772161603e-13,True,True
4809,f4809,1.1368683772161603e-13,0.0,1.1368683772161603e-13,True,True
4810,f4810,7.105427357601002e-14,0.0,5.684341886080802e-14,True,True
4811,f4811,1.1368683772161603e-13,0.0,1.1368683772161603e-13,True,True
4812,f4812,5.684341886080802e-14,5.684341886080802e-14,5.684341886080802e-14,True,True
4813,f4813,1.1718571004216928e-13,5.684341886080802e-14,1.1368683772161603e-13,True,True
4814,f4814,5.684341886080802e-14,0.0,5.684341886080802e-14,True,True
4815,f4815,1.1368683772161603e-13,5.684341886080802e-14,1.1368683772161603e-13,True,True
4816,f4816,1.1718571004216928e-13,0.0,1.1368683772161603e-13,True,True
4817,f4817,1.2710574864626038e-13,5.684341886080802e-14,1.1368683772161603e-13,True,True
4818,f4818,1.1368683772161603e-13,5.684341886080802e-14,1.1368683772161603e-13,True,True
4819,f4819,1.2710574864626038e-13,8.038873388460929e-14,1.1368683772161603e-13,True,True
4820,f4820,6.355287432313019e-14,0.0,5.684341886080802e-14,True,True
4821,f4821,1.2710574864626038e-13,5.684341886080802e-14,1.1368683772161603e-13,True,True
4822,f4822,6.355287432313019e-14,1.4210854715202004e-14,5.684341886080802e-14,True,True
4823,f4823,1.1718571004216928e-13,5.684341886080802e-14,1.1368683772161603e-13,True,True
4824,f4824,8.038873388460929e-14,0.0,5.684341886080802e-14,True,True
4825,f4825,8.038873388460929e-14,5.684341886080802e-14,5.684341886080802e-14,True,True
4826,f4826,7.105427357601002e-14,1.4210854715202004e-14,5.684341886080802e-14,True,True
4827,f4827,7.815970093361102e-14,3.1776437161565096e-14,7.815970093361102e-14,True,True
4828,f4828,5.684341886080802e-14,0.0,5.684341886080802e-14,True,True
4829,f4829,5.684341886080802e-14,2.842170943040401e-14,5.684341886080802e-14,True,True
4830,f4830,4.0194366942304644e-14,8.881784197001252e-15,3.552713678800501e-14,True,True
4831,f4831,1.1368683772161603e-13,2.842170943040401e-14,1.1368683772161603e-13,True,True
4832,f4832,5.783398860650275e-14,5.783398860650275e-14,5.684341886080802e-14,True,True
4833,f4833,5.123796534383003e-14,2.929642751054232e-14,4.263256414560601e-14,True,True
4834,f4834,8.038873388460929e-14,0.0,5.684341886080802e-14,True,True
4835,f4835,1.1457157353758233e-13,5.859285502108464e-14,1.1368683772161603e-13,True,True
4836,f4836,1.2710574864626038e-13,1.1368683772161603e-13,1.1368683772161603e-13,True,True
4837,f4837,5.684341886080802e-14,0.0,5.684341886080802e-14,True,True
4838,f4838,5.684341886080802e-14,2.842170943040401e-14,5.684341886080802e-14,True,True
4839,f4839,6.355287432313019e-14,0.0,5.684341886080802e-14,True,True
4840,f4840,6.355287432313019e-14,5.684341886080802e-14,5.684341886080802e-14,True,True
4841,f4841,1.1457157353758233e-13,1.4210854715202004e-14,1.1368683772161603e-13,True,True
4842,f4842,3.1776437161565096e-14,1.4210854715202004e-14,2.842170943040401e-14,True,True
4843,f4843,6.355287432313019e-14,0.0,5.684341886080802e-14,True,True
4844,f4844,8.038873388460929e-14,0.0,5.684341886080802e-14,True,True
4845,f4845,4.0194366942304644e-14,0.0,2.842170943040401e-14,True,True
4846,f4846,1.2710574864626038e-13,5.684341886080802e-14,1.1368683772161603e-13,True,True
4847,f4847,1.1457157353758233e-13,7.105427357601002e-15,1.1368683772161603e-13,True,True
4848,f4848,5.684341886080802e-14,7.105427357601002e-15,5.684341886080802e-14,True,True
4849,f4849,6.355287432313019e-14,5.684341886080802e-14,5.684341886080802e-14,True,True
4850,f4850,1.6077746776921858e-13,1.1368683772161603e-13,1.1368683772161603e-13,True,True
4851,f4851,1.1368683772161603e-13,0.0,1.1368683772161603e-13,True,True
4852,f4852,6.355287432313019e-14,1.4210854715202004e-14,5.684341886080802e-14,True,True
4853,f4853,5.684341886080802e-14,2.842170943040401e-14,5.684341886080802e-14,True,True
4854,f4854,8.038873388460929e-14,8.038873388460929e-14,5.684341886080802e-14,True,True
4855,f4855,8.038873388460929e-14,5.684341886080802e-14,5.684341886080802e-14,True,True
4856,f4856,1.2710574864626038e-13,1.2710574864626038e-13,1.1368683772161603e-13,True,True
4857,f4857,1.1718571004216928e-13,1.1457157353758233e-13,1.1368683772161603e-13,True,True
4858,f4858,5.728578676879116e-14,1.2434497875801753e-14,5.684341886080802e-14,True,True
4859,f4859,6.355287432313019e-14,2.842170943040401e-14,5.684341886080802e-14,True,True
4860,f4860,5.859285502108464e-14,0.0,5.684341886080802e-14,True,True
4861,f4861,1.2710574864626038e-13,0.0,1.1368683772161603e-13,True,True
4862,f4862,5.684341886080802e-14,5.684341886080802e-14,5.684341886080802e-14,True,True
4863,f4863,6.355287432313019e-14,5.684341886080802e-14,5.684341886080802e-14,True,True
4864,f4864,1.2710574864626038e-13,1.2710574864626038e-13,1.1368683772161603e-13,True,True
4865,f4865,1.2710574864626038e-13,0.0,1.1368683772161603e-13,True,True
4866,f4866,5.684341886080802e-14,5.684341886080802e-14,5.684341886080802e-14,True,True
4867,f4867,6.355287432313019e-14,6.355287432313019e-14,5.684341886080802e-14,True,True
4868,f4868,6.355287432313019e-14,2.842170943040401e-14,5.684341886080802e-14,True,True
4869,f4869,1.2710574864626038e-13,0.0,1.1368683772161603e-13,True,True
4870,f4870,5.684341886080802e-14,2.842170943040401e-14,5.684341886080802e-14,True,True
4871,f4871,5.684341886080802e-14,5.684341886080802e-14,5.684341886080802e-14,True,True
4872,f4872,2.2737367544323206e-13,0.0,2.2737367544323206e-13,True,True
4873,f4873,1.1718571004216928e-13,6.355287432313019e-14,1.1368683772161603e-13,True,True
4874,f4874,4.0194366942304644e-14,2.842170943040401e-14,2.842170943040401e-14,True,True
4875,f4875,1.1368683772161603e-13,0.0,1.1368683772161603e-13,True,True
4876,f4876,5.753312400962914e-14,5.684341886080802e-14,5.684341886080802e-14,True,True
4877,f4877,5.859285502108464e-14,7.105427357601002e-15,5.684341886080802e-14,True,True
4878,f4878,6.355287432313019e-14,0.0,5.684341886080802e-14,True,True
4879,f4879,5.684341886080802e-14,5.684341886080802e-14,5.684341886080802e-14,True,True
4880,f4880,5.684341886080802e-14,5.684341886080802e-14,5.684341886080802e-14,True,True
4881,f4881,1.1368683772161603e-13,5.684341886080802e-14,1.1368683772161603e-13,True,True
4882,f4882,8.038873388460929e-14,0.0,5.684341886080802e-14,True,True
4883,f4883,1.6077746776921858e-13,5.684341886080802e-14,1.1368683772161603e-13,True,True
4884,f4884,5.684341886080802e-14,5.684341886080802e-14,5.684341886080802e-14,True,True
4885,f4885,6.355287432313019e-14,4.0194366942304644e-14,5.684341886080802e-14,True,True
4886,f4886,2.2737367544323206e-13,5.684341886080802e-14,2.2737367544323206e-13,True,True
4887,f4887,1.1368683772161603e-13,2.842170943040401e-14,1.1368683772161603e-13,True,True
4888,f4888,8.038873388460929e-14,0.0,5.684341886080802e-14,True,True
4889,f4889,4.973799150320701e-14,3.1776437161565096e-14,4.973799150320701e-14,True,True
4890,f4890,8.038873388460929e-14,0.0,5.684341886080802e-14,True,True
4891,f4891,5.859285502108464e-14,5.684341886080802e-14,5.684341886080802e-14,True,True
4892,f4892,5.684341886080802e-14,2.842170943040401e-14,5.684341886080802e-14,True,True
4893,f4893,6.355287432313019e-14,1.4210854715202004e-14,5.684341886080802e-14,True,True
4894,f4894,5.728578676879116e-14,3.019806626980426e-14,4.973799150320701e-14,True,True
4895,f4895,4.0194366942304644e-14,2.842170943040401e-14,2.842170943040401e-14,True,True
4896,f4896,8.038873388460929e-14,5.684341886080802e-14,5.684341886080802e-14,True,True
4897,f4897,6.355287432313019e-14,5.684341886080802e-14,5.684341886080802e-14,True,True
4898,f4898,1.1368683772161603e-13,1.1368683772161603e-13,1.1368683772161603e-13,True,True
4899,f4899,1.2710574864626038e-13,1.2710574864626038e-13,1.1368683772161603e-13,True,True
4900,f4900,1.1718571004216928e-13,2.842170943040401e-14,1.1368683772161603e-13,True,True
4901,f4901,5.684341886080802e-14,0.0,5.684341886080802e-14,True,True
4902,f4902,1.1368683772161603e-13,5.684341886080802e-14,1.1368683772161603e-13,True,True
4903,f4903,5.684341886080802e-14,0.0,5.684341886080802e-14,True,True
4904,f4904,5.684341886080802e-14,2.842170943040401e-14,5.684341886080802e-14,True,True
4905,f4905,1.6077746776921858e-13,5.684341886080802e-14,1.1368683772161603e-13,True,True
4906,f4906,5.859285502108464e-14,3.1776437161565096e-14,5.684341886080802e-14,True,True
4907,f4907,5.684341886080802e-14,0.0,5.684341886080802e-14,True,True
4908,f4908,6.355287432313019e-14,0.0,5.684341886080802e-14,True,True
4909,f4909,6.355287432313019e-14,5.684341886080802e-14,5.684341886080802e-14,True,True
4910,f4910,1.2710574864626038e-13,0.0,1.1368683772161603e-13,True,True
4911,f4911,1.1368683772161603e-13,6.355287432313019e-14,1.1368683772161603e-13,True,True
4912,f4912,1.1718571004216928e-13,1.1718571004216928e-13,1.1368683772161603e-13,True,True
4913,f4913,1.202161876938748e-13,5.728578676879116e-14,1.1368683772161603e-13,True,True
4914,f4914,8.038873388460929e-14,6.355287432313019e-14,5.684341886080802e-14,True,True
4915,f4915,1.1368683772161603e-13,0.0,1.1368683772161603e-13,True,True
4916,f4916,5.684341886080802e-14,0.0,5.684341886080802e-14,True,True
4917,f4917,5.684341886080802e-14,5.684341886080802e-14,5.684341886080802e-14,True,True
4918,f4918,5.684341886080802e-14,1.4210854715202004e-14,5.684341886080802e-14,True,True
4919,f4919,1.1718571004216928e-13,2.842170943040401e-14,1.1368683772161603e-13,True,True
4920,f4920,1.1368683772161603e-13,0.0,1.1368683772161603e-13,True,True
4921,f4921,1.1368683772161603e-13,0.0,1.1368683772161603e-13,True,True
4922,f4922,8.038873388460929e-14,0.0,5.684341886080802e-14,True,True
4923,f4923,5.684341886080802e-14,0.0,5.684341886080802e-14,True,True
4924,f4924,6.07087979554246e-14,2.842170943040401e-14,5.684341886080802e-14,True,True
4925,f4925,5.684341886080802e-14,2.842170943040401e-14,5.684341886080802e-14,True,True
4926,f4926,1.1368683772161603e-13,2.842170943040401e-14,1.1368683772161603e-13,True,True
4927,f4927,3.730349362740526e-14,3.552713678800501e-14,3.730349362740526e-14,True,True
4928,f4928,5.684341886080802e-14,0.0,5.684341886080802e-14,True,True
4929,f4929,6.355287432313019e-14,2.842170943040401e-14,5.684341886080802e-14,True,True
4930,f4930,1.156679772130055e-13,6.07087979554246e-14,1.1368683772161603e-13,True,True
4931,f4931,5.684341886080802e-14,3.1776437161565096e-14,5.684341886080802e-14,True,True
4932,f4932,1.1718571004216928e-13,5.684341886080802e-14,1.1368683772161603e-13,True,True
4933,f4933,5.684341886080802e-14,1.4210854715202004e-14,5.684341886080802e-14,True,True
4934,f4934,4.0194366942304644e-14,2.842170943040401e-14,2.842170943040401e-14,True,True
4935,f4935,1.1368683772161603e-13,0.0,1.1368683772161603e-13,True,True
4936,f4936,1.1368683772161603e-13,5.684341886080802e-14,1.1368683772161603e-13,True,True
4937,f4937,6.355287432313019e-14,0.0,5.684341886080802e-14,True,True
4938,f4938,6.355287432313019e-14,6.355287432313019e-14,5.684341886080802e-14,True,True
4939,f4939,6.355287432313019e-14,4.0194366942304644e-14,5.684341886080802e-14,True,True
4940,f4940,8.198074455012805e-13,0.0,6.821210263296962e-13,True,True
4941,f4941,5.684341886080802e-14,5.684341886080802e-14,5.684341886080802e-14,True,True
4942,f4942,6.355287432313019e-14,3.552713678800501e-14,5.684341886080802e-14,True,True
4943,f4943,1.1368683772161603e-13,0.0,1.1368683772161603e-13,True,True
4944,f4944,1.1368683772161603e-13,5.684341886080802e-14,1.1368683772161603e-13,True,True
4945,f4945,1.1368683772161603e-13,5.684341886080802e-14,1.1368683772161603e-13,True,True
4946,f4946,1.2710574864626038e-13,0.0,1.1368683772161603e-13,True,True
4947,f4947,5.684341886080802e-14,5.684341886080802e-14,5.684341886080802e-14,True,True
4948,f4948,6.355287432313019e-14,5.684341886080802e-14,5.684341886080802e-14,True,True
4949,f4949,1.1368683772161603e-13,5.684341886080802e-14,1.1368683772161603e-13,True,True
4950,f4950,1.2710574864626038e-13,8.038873388460929e-14,1.1368683772161603e-13,True,True
4951,f4951,5.684341886080802e-14,5.684341886080802e-14,5.684341886080802e-14,True,True
4952,f4952,1.1718571004216928e-13,0.0,1.1368683772161603e-13,True,True
4953,f4953,1.1718571004216928e-13,0.0,1.1368683772161603e-13,True,True
4954,f4954,6.355287432313019e-14,3.1776437161565096e-14,5.684341886080802e-14,True,True
4955,f4955,5.684341886080802e-14,2.842170943040401e-14,5.684341886080802e-14,True,True
4956,f4956,6.355287432313019e-14,5.684341886080802e-14,5.684341886080802e-14,True,True
4957,f4957,1.2710574864626038e-13,5.684341886080802e-14,1.1368683772161603e-13,True,True
4958,f4958,8.038873388460929e-14,5.684341886080802e-14,5.684341886080802e-14,True,True
4959,f4959,6.355287432313019e-14,0.0,5.684341886080802e-14,True,True
4960,f4960,2.278173318171838e-13,1.1368683772161603e-13,2.2737367544323206e-13,True,True
4961,f4961,5.783398860650275e-14,1.0658141036401503e-14,5.684341886080802e-14,True,True
4962,f4962,1.1718571004216928e-13,0.0,1.1368683772161603e-13,True,True
4963,f4963,5.883469768860719e-14,3.8263897345803626e-14,5.1514348342607263e-14,True,True
4964,f4964,6.355287432313019e-14,2.842170943040401e-14,5.684341886080802e-14,True,True
4965,f4965,1.1368683772161603e-13,8.038873388460929e-14,1.1368683772161603e-13,True,True
4966,f4966,1.1718571004216928e-13,1.1718571004216928e-13,1.1368683772161603e-13,True,True
4967,f4967,1.2710574864626038e-13,0.0,1.1368683772161603e-13,True,True
4968,f4968,1.1368683772161603e-13,1.1368683772161603e-13,1.1368683772161603e-13,True,True
4969,f4969,5.684341886080802e-14,0.0,5.684341886080802e-14,True,True
4970,f4970,4.0194366942304644e-14,2.842170943040401e-14,2.842170943040401e-14,True,True
4971,f4971,8.038873388460929e-14,5.684341886080802e-14,5.684341886080802e-14,True,True
4972,f4972,1.1368683772161603e-13,5.684341886080802e-14,1.1368683772161603e-13,True,True
4973,f4973,1.2710574864626038e-13,0.0,1.1368683772161603e-13,True,True
4974,f4974,1.1368683772161603e-13,0.0,1.1368683772161603e-13,True,True
4975,f4975,6.355287432313019e-14,0.0,5.684341886080802e-14,True,True
4976,f4976,1.1368683772161603e-13,5.684341886080802e-14,1.1368683772161603e-13,True,True
4977,f4977,6.355287432313019e-14,2.842170943040401e-14,5.684341886080802e-14,True,True
4978,f4978,6.355287432313019e-14,2.842170943040401e-14,5.684341886080802e-14,True,True
4979,f4979,5.684341886080802e-14,2.842170943040401e-14,5.684341886080802e-14,True,True
4980,f4980,8.038873388460929e-14,5.684341886080802e-14,5.684341886080802e-14,True,True
4981,f4981,1.1368683772161603e-13,0.0,1.1368683772161603e-13,True,True
4982,f4982,6.355287432313019e-14,2.842170943040401e-14,5.684341886080802e-14,True,True
4983,f4983,6.355287432313019e-14,5.684341886080802e-14,5.684341886080802e-14,True,True
4984,f4984,6.355287432313019e-14,2.842170943040401e-14,5.684341886080802e-14,True,True
4985,f4985,5.684341886080802e-14,5.684341886080802e-14,5.684341886080802e-14,True,True
4986,f4986,1.1368683772161603e-13,5.684341886080802e-14,1.1368683772161603e-13,True,True
4987,f4987,1.1368683772161603e-13,0.0,1.1368683772161603e-13,True,True
4988,f4988,4.0194366942304644e-14,2.842170943040401e-14,2.842170943040401e-14,True,True
4989,f4989,5.684341886080802e-14,0.0,5.684341886080802e-14,True,True
4990,f4990,8.038873388460929e-14,2.842170943040401e-14,5.684341886080802e-14,True,True
4991,f4991,5.684341886080802e-14,2.842170943040401e-14,5.684341886080802e-14,True,True
4992,f4992,1.2710574864626038e-13,0.0,1.1368683772161603e-13,True,True
4993,f4993,6.355287432313019e-14,5.684341886080802e-14,5.684341886080802e-14,True,True
4994,f4994,8.038873388460929e-14,2.842170943040401e-14,5.684341886080802e-14,True,True
4995,f4995,1.2710574864626038e-13,5.684341886080802e-14,1.1368683772161603e-13,True,True
4996,f4996,5.5067062021407764e-14,4.0194366942304644e-14,5.5067062021407764e-14,True,True
4997,f4997,6.07087979554246e-14,0.0,5.684341886080802e-14,True,True
4998,f4998,6.703246762680666e-14,6.703246762680666e-14,3.552713678800501e-14,True,True
4999,f4999,1.1368683772161603e-13,5.684341886080802e-14,1.1368683772161603e-13,True,True
5000,f5000,1.1368683772161603e-13,2.842170943040401e-14,1.1368683772161603e-13,True,True
5001,f5001,1.2710574864626038e-13,0.0,1.1368683772161603e-13,True,True
5002,f5002,5.684341886080802e-14,7.105427357601002e-15,5.684341886080802e-14,True,True
5003,f5003,2.842170943040401e-14,7.105427357601002e-15,2.842170943040401e-14,True,True
5004,f5004,1.1457157353758233e-13,6.355287432313019e-14,1.1368683772161603e-13,True,True
5005,f5005,1.1368683772161603e-13,2.842170943040401e-14,1.1368683772161603e-13,True,True
5006,f5006,1.1368683772161603e-13,1.4210854715202004e-14,1.1368683772161603e-13,True,True
5007,f5007,8.038873388460929e-14,6.355287432313019e-14,5.684341886080802e-14,True,True
5008,f5008,6.355287432313019e-14,2.842170943040401e-14,5.684341886080802e-14,True,True
5009,f5009,8.038873388460929e-14,0.0,5.684341886080802e-14,True,True
5010,f5010,1.1368683772161603e-13,2.842170943040401e-14,1.1368683772161603e-13,True,True
5011,f5011,5.859285502108464e-14,2.1316282072803006e-14,5.684341886080802e-14,True,True
5012,f5012,8.038873388460929e-14,0.0,5.684341886080802e-14,True,True
5013,f5013,5.955433342649105e-14,5.955433342649105e-14,5.684341886080802e-14,True,True
5014,f5014,1.1718571004216928e-13,2.842170943040401e-14,1.1368683772161603e-13,True,True
5015,f5015,8.038873388460929e-14,5.684341886080802e-14,5.684341886080802e-14,True,True
5016,f5016,9.094947017729282e-13,0.0,9.094947017729282e-13,True,True
5017,f5017,1.1718571004216928e-13,1.1718571004216928e-13,1.1368683772161603e-13,True,True
5018,f5018,5.684341886080802e-14,0.0,5.684341886080802e-14,True,True
5019,f5019,8.038873388460929e-14,0.0,5.684341886080802e-14,True,True
5020,f5020,1.1718571004216928e-13,0.0,1.1368683772161603e-13,True,True
5021,f5021,1.1718571004216928e-13,5.684341886080802e-14,1.1368683772161603e-13,True,True
5022,f5022,8.038873388460929e-14,5.684341886080802e-14,5.684341886080802e-14,True,True
5023,f5023,1.1368683772161603e-13,0.0,1.1368683772161603e-13,True,True
5024,f5024,8.038873388460929e-14,0.0,5.684341886080802e-14,True,True
5025,f5025,6.355287432313019e-14,0.0,5.684341886080802e-14,True,True
5026,f5026,1.1368683772161603e-13,5.684341886080802e-14,1.1368683772161603e-13,True,True
5027,f5027,6.355287432313019e-14,0.0,5.684341886080802e-14,True,True
5028,f5028,8.038873388460929e-14,0.0,5.684341886080802e-14,True,True
5029,f5029,1.1368683772161603e-13,5.684341886080802e-14,1.1368683772161603e-13,True,True
5030,f5030,2.2737367544323206e-13,0.0,2.2737367544323206e-13,True,True
5031,f5031,1.1718571004216928e-13,2.842170943040401e-14,1.1368683772161603e-13,True,True
5032,f5032,1.1368683772161603e-13,0.0,1.1368683772161603e-13,True,True
5033,f5033,2.842170943040401e-14,1.4210854715202004e-14,2.842170943040401e-14,True,True
5034,f5034,6.355287432313019e-14,6.355287432313019e-14,5.684341886080802e-14,True,True
5035,f5035,8.038873388460929e-14,0.0,5.684341886080802e-14,True,True
5036,f5036,1.1368683772161603e-13,1.1368683772161603e-13,5.684341886080802e-14,True,True
5037,f5037,1.2710574864626038e-13,1.1368683772161603e-13,1.1368683772161603e-13,True,True
5038,f5038,6.355287432313019e-14,5.695433295429594e-14,5.684341886080802e-14,True,True
5039,f5039,1.2710574864626038e-13,5.684341886080802e-14,1.1368683772161603e-13,True,True
5040,f5040,8.038873388460929e-14,8.038873388460929e-14,5.684341886080802e-14,True,True
5041,f5041,4.263256414560601e-14,1.4210854715202004e-14,4.263256414560601e-14,True,True
5042,f5042,1.1368683772161603e-13,0.0,1.1368683772161603e-13,True,True
5043,f5043,1.1368683772161603e-13,1.1368683772161603e-13,1.1368683772161603e-13,True,True
5044,f5044,8.038873388460929e-14,8.038873388460929e-14,5.684341886080802e-14,True,True
5045,f5045,8.038873388460929e-14,0.0,5.684341886080802e-14,True,True
5046,f5046,1.1368683772161603e-13,6.355287432313019e-14,1.1368683772161603e-13,True,True
5047,f5047,6.135506694409735e-14,1.4210854715202004e-14,5.684341886080802e-14,True,True
5048,f5048,1.1368683772161603e-13,0.0,1.1368683772161603e-13,True,True
5049,f5049,1.1718571004216928e-13,1.1718571004216928e-13,1.1368683772161603e-13,True,True
5050,f5050,5.684341886080802e-14,1.4210854715202004e-14,5.684341886080802e-14,True,True
5051,f5051,5.859285502108464e-14,5.684341886080802e-14,5.684341886080802e-14,True,True
5052,f5052,1.2710574864626038e-13,0.0,1.1368683772161603e-13,True,True
5053,f5053,8.038873388460929e-14,0.0,5.684341886080802e-14,True,True
5054,f5054,6.355287432313019e-14,0.0,5.684341886080802e-14,True,True
5055,f5055,8.038873388460929e-14,0.0,5.684341886080802e-14,True,True
5056,f5056,2.033691978340166e-12,0.0,1.8189894035458565e-12,True,True
5057,f5057,2.3437142008433856e-13,1.1368683772161603e-13,2.2737367544323206e-13,True,True
5058,f5058,1.2710574864626038e-13,0.0,1.1368683772161603e-13,True,True
5059,f5059,1.1457157353758233e-13,1.4210854715202004e-14,1.1368683772161603e-13,True,True
5060,f5060,5.904883742358415e-14,7.105427357601002e-15,5.684341886080802e-14,True,True
5061,f5061,3.7440697490534786e-14,2.0097183471152322e-14,3.4638958368304884e-14,True,True
5062,f5062,6.703246762680666e-14,2.842170943040401e-14,5.684341886080802e-14,True,True
5063,f5063,1.2710574864626038e-13,0.0,1.1368683772161603e-13,True,True
5064,f5064,8.038873388460929e-14,5.684341886080802e-14,5.684341886080802e-14,True,True
5065,f5065,5.684341886080802e-14,5.684341886080802e-14,5.684341886080802e-14,True,True
5066,f5066,2.2737367544323206e-13,2.842170943040401e-14,2.2737367544323206e-13,True,True
5067,f5067,5.684341886080802e-14,0.0,5.684341886080802e-14,True,True
5068,f5068,6.355287432313019e-14,2.842170943040401e-14,5.684341886080802e-14,True,True
5069,f5069,5.684341886080802e-14,3.1776437161565096e-14,5.684341886080802e-14,True,True
5070,f5070,6.355287432313019e-14,2.842170943040401e-14,5.684341886080802e-14,True,True
5071,f5071,5.684341886080802e-14,0.0,5.684341886080802e-14,True,True
5072,f5072,5.728578676879116e-14,3.03543989777123e-14,5.684341886080802e-14,True,True
5073,f5073,8.038873388460929e-14,8.038873388460929e-14,5.684341886080802e-14,True,True
5074,f5074,8.038873388460929e-14,0.0,5.684341886080802e-14,True,True
5075,f5075,6.355287432313019e-14,2.842170943040401e-14,5.684341886080802e-14,True,True
5076,f5076,1.1368683772161603e-13,1.1368683772161603e-13,1.1368683772161603e-13,True,True
5077,f5077,1.1457157353758233e-13,6.355287432313019e-14,1.1368683772161603e-13,True,True
5078,f5078,8.038873388460929e-14,8.038873388460929e-14,5.684341886080802e-14,True,True
5079,f5079,6.355287432313019e-14,5.684341886080802e-14,5.684341886080802e-14,True,True
5080,f5080,8.038873388460929e-14,0.0,5.684341886080802e-14,True,True
5081,f5081,6.355287432313019e-14,0.0,5.684341886080802e-14,True,True
5082,f5082,1.2710574864626038e-13,0.0,1.1368683772161603e-13,True,True
5083,f5083,5.684341886080802e-14,0.0,5.684341886080802e-14,True,True
5084,f5084,6.521915363565902e-14,7.105427357601002e-15,5.684341886080802e-14,True,True
5085,f5085,1.1718571004216928e-13,5.684341886080802e-14,1.1368683772161603e-13,True,True
5086,f5086,5.684341886080802e-14,0.0,5.684341886080802e-14,True,True
5087,f5087,8.038873388460929e-14,5.684341886080802e-14,5.684341886080802e-14,True,True
5088,f5088,1.1718571004216928e-13,1.1368683772161603e-13,1.1368683772161603e-13,True,True
5089,f5089,5.859285502108464e-14,0.0,5.684341886080802e-14,True,True
5090,f5090,6.355287432313019e-14,5.684341886080802e-14,5.684341886080802e-14,True,True
5091,f5091,1.1457157353758233e-13,5.684341886080802e-14,1.1368683772161603e-13,True,True
5092,f5092,6.355287432313019e-14,2.842170943040401e-14,5.684341886080802e-14,True,True
5093,f5093,6.355287432313019e-14,0.0,5.684341886080802e-14,True,True
5094,f5094,6.355287432313019e-14,5.695433295429594e-14,5.684341886080802e-14,True,True
5095,f5095,6.355287432313019e-14,0.0,5.684341886080802e-14,True,True
5096,f5096,1.7763568394002505e-14,0.0,1.4210854715202004e-14,True,True
5097,f5097,5.859285502108464e-14,1.7763568394002505e-15,5.684341886080802e-14,True,True
5098,f5098,1.1457157353758233e-13,5.859285502108464e-14,1.1368683772161603e-13,True,True
5099,f5099,1.1718571004216928e-13,0.0,1.1368683772161603e-13,True,True
5100,f5100,5.859285502108464e-14,0.0,5.684341886080802e-14,True,True
5101,f5101,8.038873388460929e-14,0.0,5.684341886080802e-14,True,True
5102,f5102,4.0194366942304644e-14,2.842170943040401e-14,2.842170943040401e-14,True,True
5103,f5103,4.263256414560601e-14,4.0194366942304644e-14,4.263256414560601e-14,True,True
5104,f5104,1.1368683772161603e-13,8.038873388460929e-14,1.1368683772161603e-13,True,True
5105,f5105,1.1368683772161603e-13,5.684341886080802e-14,1.1368683772161603e-13,True,True
5106,f5106,1.1457157353758233e-13,3.1776437161565096e-14,1.1368683772161603e-13,True,True
5107,f5107,6.355287432313019e-14,0.0,5.684341886080802e-14,True,True
5108,f5108,5.859285502108464e-14,2.842170943040401e-14,5.684341886080802e-14,True,True
5109,f5109,6.07087979554246e-14,0.0,5.684341886080802e-14,True,True
5110,f5110,8.038873388460929e-14,8.038873388460929e-14,5.684341886080802e-14,True,True
5111,f5111,5.859285502108464e-14,0.0,5.684341886080802e-14,True,True
5112,f5112,1.1368683772161603e-13,5.684341886080802e-14,1.1368683772161603e-13,True,True
5113,f5113,5.955433342649105e-14,2.842170943040401e-14,5.684341886080802e-14,True,True
5114,f5114,5.870214348072552e-14,1.7763568394002505e-14,5.684341886080802e-14,True,True
5115,f5115,1.1368683772161603e-13,2.842170943040401e-14,1.1368683772161603e-13,True,True
5116,f5116,6.355287432313019e-14,0.0,5.684341886080802e-14,True,True
5117,f5117,5.684341886080802e-14,2.842170943040401e-14,5.684341886080802e-14,True,True
5118,f5118,1.1718571004216928e-13,1.1718571004216928e-13,1.1368683772161603e-13,True,True
5119,f5119,1.1368683772161603e-13,0.0,1.1368683772161603e-13,True,True
5120,f5120,8.038873388460929e-14,0.0,5.684341886080802e-14,True,True
5121,f5121,3.552713678800501e-14,2.1316282072803006e-14,3.552713678800501e-14,True,True
5122,f5122,1.6077746776921858e-13,1.2710574864626038e-13,1.1368683772161603e-13,True,True
5123,f5123,1.2710574864626038e-13,5.684341886080802e-14,1.1368683772161603e-13,True,True
5124,f5124,1.1718571004216928e-13,1.4210854715202004e-14,1.1368683772161603e-13,True,True
5125,f5125,1.1718571004216928e-13,5.684341886080802e-14,1.1368683772161603e-13,True,True
5126,f5126,1.1718571004216928e-13,0.0,1.1368683772161603e-13,True,True
5127,f5127,4.5496934130773415e-14,1.9131948672901813e-14,3.552713678800501e-14,True,True
5128,f5128,5.684341886080802e-14,2.842170943040401e-14,5.684341886080802e-14,True,True
5129,f5129,5.728578676879116e-14,7.105427357601002e-15,5.684341886080802e-14,True,True
5130,f5130,5.709267256288867e-14,1.4210854715202004e-14,5.684341886080802e-14,True,True
5131,f5131,8.038873388460929e-14,0.0,5.684341886080802e-14,True,True
5132,f5132,1.1718571004216928e-13,2.842170943040401e-14,1.1368683772161603e-13,True,True
5133,f5133,1.2710574864626038e-13,0.0,1.1368683772161603e-13,True,True
5134,f5134,5.859285502108464e-14,5.684341886080802e-14,5.684341886080802e-14,True,True
5135,f5135,1.2710574864626038e-13,5.684341886080802e-14,1.1368683772161603e-13,True,True
5136,f5136,1.1368683772161603e-13,0.0,1.1368683772161603e-13,True,True
5137,f5137,1.2710574864626038e-13,8.038873388460929e-14,1.1368683772161603e-13,True,True
5138,f5138,1.1368683772161603e-13,8.038873388460929e-14,1.1368683772161603e-13,True,True
5139,f5139,1.1368683772161603e-13,5.684341886080802e-14,1.1368683772161603e-13,True,True
5140,f5140,4.0194366942304644e-14,1.4210854715202004e-14,2.842170943040401e-14,True,True
5141,f5141,1.2710574864626038e-13,6.355287432313019e-14,1.1368683772161603e-13,True,True
5142,f5142,5.684341886080802e-14,0.0,5.684341886080802e-14,True,True
5143,f5143,1.1368683772161603e-13,0.0,1.1368683772161603e-13,True,True
5144,f5144,1.2710574864626038e-13,0.0,1.1368683772161603e-13,True,True
5145,f5145,8.038873388460929e-14,0.0,5.684341886080802e-14,True,True
5146,f5146,1.2710574864626038e-13,5.684341886080802e-14,1.1368683772161603e-13,True,True
5147,f5147,8.038873388460929e-14,0.0,5.684341886080802e-14,True,True
5148,f5148,5.684341886080802e-14,2.842170943040401e-14,5.684341886080802e-14,True,True
5149,f5149,8.038873388460929e-14,0.0,5.684341886080802e-14,True,True
5150,f5150,1.1718571004216928e-13,1.1718571004216928e-13,1.1368683772161603e-13,True,True
5151,f5151,8.038873388460929e-14,0.0,5.684341886080802e-14,True,True
5152,f5152,1.2710574864626038e-13,0.0,1.1368683772161603e-13,True,True
5153,f5153,5.904883742358415e-14,1.7763568394002505e-15,5.684341886080802e-14,True,True
5154,f5154,1.1368683772161603e-13,5.684341886080802e-14,1.1368683772161603e-13,True,True
5155,f5155,6.355287432313019e-14,2.842170943040401e-14,5.684341886080802e-14,True,True
5156,f5156,6.355287432313019e-14,0.0,5.684341886080802e-14,True,True
5157,f5157,1.1368683772161603e-13,0.0,1.1368683772161603e-13,True,True
5158,f5158,6.355287432313019e-14,2.842170943040401e-14,5.684341886080802e-14,True,True
5159,f5159,6.355287432313019e-14,2.842170943040401e-14,5.684341886080802e-14,True,True
5160,f5160,8.038873388460929e-14,5.684341886080802e-14,5.684341886080802e-14,True,True
5161,f5161,5.859285502108464e-13,0.0,4.547473508864641e-13,True,True
5162,f5162,1.1457157353758233e-13,0.0,1.1368683772161603e-13,True,True
5163,f5163,1.1368683772161603e-13,0.0,1.1368683772161603e-13,True,True
5164,f5164,1.1368683772161603e-13,0.0,1.1368683772161603e-13,True,True
5165,f5165,1.1368683772161603e-13,0.0,1.1368683772161603e-13,True,True
5166,f5166,8.038873388460929e-14,0.0,5.684341886080802e-14,True,True
5167,f5167,5.684341886080802e-14,5.684341886080802e-14,4.973799150320701e-14,True,True
5168,f5168,1.1718571004216928e-13,1.1368683772161603e-13,1.1368683772161603e-13,True,True
5169,f5169,6.07087979554246e-14,6.07087979554246e-14,2.842170943040401e-14,True,True
5170,f5170,1.1718571004216928e-13,5.684341886080802e-14,1.1368683772161603e-13,True,True
5171,f5171,8.038873388460929e-14,0.0,5.684341886080802e-14,True,True
5172,f5172,5.695433295429594e-14,1.4210854715202004e-14,5.684341886080802e-14,True,True
5173,f5173,6.355287432313019e-14,1.4210854715202004e-14,5.684341886080802e-14,True,True
5174,f5174,5.684341886080802e-14,0.0,5.684341886080802e-14,True,True
5175,f5175,7.105427357601002e-14,6.355287432313019e-14,5.684341886080802e-14,True,True
5176,f5176,4.7664655742347644e-14,1.4210854715202004e-14,4.263256414560601e-14,True,True
5177,f5177,1.1436482767251642e-13,5.859285502108464e-14,1.1368683772161603e-13,True,True
5178,f5178,1.2710574864626038e-13,1.2710574864626038e-13,1.1368683772161603e-13,True,True
5179,f5179,6.355287432313019e-14,6.355287432313019e-14,5.684341886080802e-14,True,True
5180,f5180,7.105427357601002e-14,5.684341886080802e-14,7.105427357601002e-14,True,True
5181,f5181,1.1368683772161603e-13,1.1368683772161603e-13,5.684341886080802e-14,True,True
5182,f5182,1.2710574864626038e-13,5.684341886080802e-14,1.1368683772161603e-13,True,True
5183,f5183,6.355287432313019e-14,5.684341886080802e-14,5.684341886080802e-14,True,True
5184,f5184,8.038873388460929e-14,2.842170943040401e-14,5.684341886080802e-14,True,True
5185,f5185,5.684341886080802e-14,2.842170943040401e-14,5.684341886080802e-14,True,True
5186,f5186,1.2710574864626038e-13,5.684341886080802e-14,1.1368683772161603e-13,True,True
5187,f5187,5.684341886080802e-14,0.0,5.684341886080802e-14,True,True
5188,f5188,6.355287432313019e-14,6.355287432313019e-14,5.684341886080802e-14,True,True
5189,f5189,8.038873388460929e-14,0.0,5.684341886080802e-14,True,True
5190,f5190,6.07087979554246e-14,5.859285502108464e-14,5.684341886080802e-14,True,True
5191,f5191,1.2710574864626038e-13,1.2710574864626038e-13,5.684341886080802e-14,True,True
5192,f5192,1.1368683772161603e-13,1.1368683772161603e-13,1.1368683772161603e-13,True,True
5193,f5193,6.355287432313019e-14,2.842170943040401e-14,5.684341886080802e-14,True,True
5194,f5194,1.1368683772161603e-13,0.0,1.1368683772161603e-13,True,True
5195,f5195,6.355287432313019e-14,6.355287432313019e-14,5.684341886080802e-14,True,True
5196,f5196,1.1368683772161603e-13,0.0,1.1368683772161603e-13,True,True
5197,f5197,6.355287432313019e-14,2.842170943040401e-14,5.684341886080802e-14,True,True
5198,f5198,5.684341886080802e-14,5.684341886080802e-14,5.684341886080802e-14,True,True
5199,f5199,6.355287432313019e-14,5.684341886080802e-14,5.684341886080802e-14,True,True
5200,f5200,6.355287432313019e-14,0.0,5.684341886080802e-14,True,True
5201,f5201,8.038873388460929e-14,0.0,5.684341886080802e-14,True,True
5202,f5202,1.1457157353758233e-13,1.1457157353758233e-13,1.1368683772161603e-13,True,True
5203,f5203,1.1368683772161603e-13,5.684341886080802e-14,1.1368683772161603e-13,True,True
5204,f5204,7.466115704647213e-14,2.842170943040401e-14,5.684341886080802e-14,True,True
5205,f5205,1.1718571004216928e-13,1.4210854715202004e-14,1.1368683772161603e-13,True,True
5206,f5206,1.1718571004216928e-13,1.4210854715202004e-14,1.1368683772161603e-13,True,True
5207,f5207,1.1368683772161603e-13,0.0,1.1368683772161603e-13,True,True
5208,f5208,1.1718571004216928e-13,0.0,1.1368683772161603e-13,True,True
5209,f5209,1.1368683772161603e-13,1.1368683772161603e-13,5.684341886080802e-14,True,True
5210,f5210,5.767691424926447e-14,2.1316282072803006e-14,5.684341886080802e-14,True,True
5211,f5211,6.355287432313019e-14,5.684341886080802e-14,5.684341886080802e-14,True,True
5212,f5212,8.038873388460929e-14,5.684341886080802e-14,5.684341886080802e-14,True,True
5213,f5213,6.355287432313019e-14,5.684341886080802e-14,5.684341886080802e-14,True,True
5214,f5214,1.1718571004216928e-13,0.0,1.1368683772161603e-13,True,True
5215,f5215,1.2710574864626038e-13,1.2710574864626038e-13,1.1368683772161603e-13,True,True
5216,f5216,5.684341886080802e-14,5.684341886080802e-14,5.684341886080802e-14,True,True
5217,f5217,1.1368683772161603e-13,5.684341886080802e-14,1.1368683772161603e-13,True,True
5218,f5218,1.1368683772161603e-13,2.842170943040401e-14,1.1368683772161603e-13,True,True
5219,f5219,4.0194366942304644e-14,1.4210854715202004e-14,2.842170943040401e-14,True,True
5220,f5220,1.1368683772161603e-13,1.1368683772161603e-13,1.1368683772161603e-13,True,True
5221,f5221,6.355287432313019e-14,5.684341886080802e-14,5.684341886080802e-14,True,True
5222,f5222,6.355287432313019e-14,7.105427357601002e-15,5.684341886080802e-14,True,True
5223,f5223,2.2737367544323206e-13,5.684341886080802e-14,2.2737367544323206e-13,True,True
5224,f5224,1.797546735911271e-13,0.0,1.7053025658242404e-13,True,True
5225,f5225,6.355287432313019e-14,5.684341886080802e-14,5.684341886080802e-14,True,True
5226,f5226,5.684341886080802e-14,0.0,5.684341886080802e-14,True,True
5227,f5227,1.1368683772161603e-13,6.355287432313019e-14,1.1368683772161603e-13,True,True
5228,f5228,1.1368683772161603e-13,2.1316282072803006e-14,1.1368683772161603e-13,True,True
5229,f5229,8.038873388460929e-14,8.038873388460929e-14,5.684341886080802e-14,True,True
5230,f5230,1.2710574864626038e-13,5.684341886080802e-14,1.1368683772161603e-13,True,True
5231,f5231,1.1368683772161603e-13,2.842170943040401e-14,1.1368683772161603e-13,True,True
5232,f5232,8.038873388460929e-14,0.0,5.684341886080802e-14,True,True
5233,f5233,5.684341886080802e-14,0.0,5.684341886080802e-14,True,True
5234,f5234,1.2710574864626038e-13,5.684341886080802e-14,1.1368683772161603e-13,True,True
5235,f5235,1.1718571004216928e-13,1.4210854715202004e-14,1.1368683772161603e-13,True,True
5236,f5236,5.684341886080802e-14,5.684341886080802e-14,5.684341886080802e-14,True,True
5237,f5237,1.6077746776921858e-13,1.2710574864626038e-13,1.1368683772161603e-13,True,True
5238,f5238,5.684341886080802e-14,0.0,5.684341886080802e-14,True,True
5239,f5239,6.355287432313019e-14,0.0,5.684341886080802e-14,True,True
5240,f5240,6.355287432313019e-14,2.842170943040401e-14,5.684341886080802e-14,True,True
5241,f5241,8.038873388460929e-14,2.842170943040401e-14,5.684341886080802e-14,True,True
5242,f5242,1.1368683772161603e-13,0.0,1.1368683772161603e-13,True,True
5243,f5243,6.355287432313019e-14,0.0,5.684341886080802e-14,True,True
5244,f5244,5.859285502108464e-14,3.1776437161565096e-14,5.684341886080802e-14,True,True
5245,f5245,5.859285502108464e-14,0.0,5.684341886080802e-14,True,True
5246,f5246,1.2710574864626038e-13,0.0,1.1368683772161603e-13,True,True
5247,f5247,1.1718571004216928e-13,2.842170943040401e-14,1.1368683772161603e-13,True,True
5248,f5248,5.859285502108464e-14,3.552713678800501e-15,5.684341886080802e-14,True,True
5249,f5249,5.684341886080802e-14,2.842170943040401e-14,5.684341886080802e-14,True,True
5250,f5250,7.494983993364379e-14,7.494983993364379e-14,5.684341886080802e-14,True,True
5251,f5251,6.355287432313019e-14,0.0,5.684341886080802e-14,True,True
5252,f5252,6.355287432313019e-14,2.842170943040401e-14,5.684341886080802e-14,True,True
5253,f5253,6.355287432313019e-14,4.0194366942304644e-14,5.684341886080802e-14,True,True
5254,f5254,1.1457157353758233e-13,6.355287432313019e-14,1.1368683772161603e-13,True,True
5255,f5255,5.684341886080802e-14,0.0,5.684341886080802e-14,True,True
5256,f5256,5.684341886080802e-14,0.0,5.684341886080802e-14,True,True
5257,f5257,6.355287432313019e-14,0.0,5.684341886080802e-14,True,True
5258,f5258,8.038873388460929e-14,8.038873388460929e-14,5.684341886080802e-14,True,True
5259,f5259,1.2710574864626038e-13,0.0,1.1368683772161603e-13,True,True
5260,f5260,4.0194366942304644e-14,1.4210854715202004e-14,2.842170943040401e-14,True,True
5261,f5261,5.123796534383003e-14,3.835655860784681e-14,4.263256414560601e-14,True,True
5262,f5262,1.1368683772161603e-13,0.0,1.1368683772161603e-13,True,True
5263,f5263,1.1368683772161603e-13,0.0,1.1368683772161603e-13,True,True
5264,f5264,6.355287432313019e-14,2.842170943040401e-14,5.684341886080802e-14,True,True
5265,f5265,6.355287432313019e-14,1.4210854715202004e-14,5.684341886080802e-14,True,True
5266,f5266,5.684341886080802e-14,0.0,5.684341886080802e-14,True,True
5267,f5267,1.2710574864626038e-13,5.684341886080802e-14,1.1368683772161603e-13,True,True
5268,f5268,1.1457157353758233e-13,5.684341886080802e-14,1.1368683772161603e-13,True,True
5269,f5269,5.684341886080802e-14,2.842170943040401e-14,5.684341886080802e-14,True,True
5270,f5270,5.728578676879116e-14,2.842170943040401e-14,5.684341886080802e-14,True,True
5271,f5271,5.684341886080802e-14,0.0,5.684341886080802e-14,True,True
5272,f5272,8.038873388460929e-14,5.684341886080802e-14,5.684341886080802e-14,True,True
5273,f5273,1.1368683772161603e-13,0.0,1.1368683772161603e-13,True,True
5274,f5274,1.1368683772161603e-13,0.0,1.1368683772161603e-13,True,True
5275,f5275,1.1368683772161603e-13,5.684341886080802e-14,1.1368683772161603e-13,True,True
5276,f5276,6.355287432313019e-14,2.842170943040401e-14,5.684341886080802e-14,True,True
5277,f5277,4.0194366942304644e-14,1.4210854715202004e-14,3.552713678800501e-14,True,True
5278,f5278,6.07087979554246e-14,0.0,5.684341886080802e-14,True,True
5279,f5279,1.1368683772161603e-13,0.0,1.1368683772161603e-13,True,True
5280,f5280,6.135506694409735e-14,4.263256414560601e-14,5.684341886080802e-14,True,True
5281,f5281,1.1718571004216928e-13,1.1718571004216928e-13,1.1368683772161603e-13,True,True
5282,f5282,1.1368683772161603e-13,0.0,1.1368683772161603e-13,True,True
5283,f5283,1.1368683772161603e-13,5.684341886080802e-14,1.1368683772161603e-13,True,True
5284,f5284,5.859285502108464e-14,0.0,5.684341886080802e-14,True,True
5285,f5285,1.2710574864626038e-13,0.0,1.1368683772161603e-13,True,True
5286,f5286,8.038873388460929e-14,5.684341886080802e-14,5.684341886080802e-14,True,True
5287,f5287,1.2710574864626038e-13,2.842170943040401e-14,1.1368683772161603e-13,True,True
5288,f5288,1.1368683772161603e-13,0.0,1.1368683772161603e-13,True,True
5289,f5289,6.355287432313019e-14,0.0,5.684341886080802e-14,True,True
5290,f5290,6.355287432313019e-14,5.684341886080802e-14,5.684341886080802e-14,True,True
5291,f5291,5.684341886080802e-14,5.684341886080802e-14,5.684341886080802e-14,True,True
5292,f5292,8.038873388460929e-14,5.684341886080802e-14,5.684341886080802e-14,True,True
5293,f5293,5.684341886080802e-14,5.684341886080802e-14,5.684341886080802e-14,True,True
5294,f5294,5.684341886080802e-14,2.842170943040401e-14,5.684341886080802e-14,True,True
5295,f5295,7.553172887309252e-14,6.355287432313019e-14,5.684341886080802e-14,True,True
5296,f5296,1.2710574864626038e-13,0.0,1.1368683772161603e-13,True,True
5297,f5297,5.859285502108464e-14,0.0,5.684341886080802e-14,True,True
5298,f5298,1.156679772130055e-13,1.1457157353758233e-13,1.1368683772161603e-13,True,True
5299,f5299,1.1457157353758233e-13,0.0,1.1368683772161603e-13,True,True
5300,f5300,1.2710574864626038e-13,0.0,1.1368683772161603e-13,True,True
5301,f5301,6.355287432313019e-14,2.842170943040401e-14,5.684341886080802e-14,True,True
5302,f5302,8.038873388460929e-14,5.684341886080802e-14,5.684341886080802e-14,True,True
5303,f5303,1.1718571004216928e-13,2.842170943040401e-14,1.1368683772161603e-13,True,True
5304,f5304,5.684341886080802e-14,2.842170943040401e-14,5.684341886080802e-14,True,True
5305,f5305,6.355287432313019e-14,0.0,5.684341886080802e-14,True,True
5306,f5306,1.2710574864626038e-13,5.684341886080802e-14,1.1368683772161603e-13,True,True
5307,f5307,6.07087979554246e-14,2.842170943040401e-14,5.684341886080802e-14,True,True
5308,f5308,5.684341886080802e-14,0.0,5.684341886080802e-14,True,True
5309,f5309,6.032792960183297e-14,2.842170943040401e-14,5.684341886080802e-14,True,True
5310,f5310,5.859285502108464e-14,2.842170943040401e-14,5.684341886080802e-14,True,True
5311,f5311,1.2710574864626038e-13,5.684341886080802e-14,1.1368683772161603e-13,True,True
5312,f5312,5.870214348072552e-14,2.842170943040401e-14,5.684341886080802e-14,True,True
5313,f5313,6.355287432313019e-14,1.4210854715202004e-14,5.684341886080802e-14,True,True
5314,f5314,5.684341886080802e-14,0.0,5.684341886080802e-14,True,True
5315,f5315,1.1368683772161603e-13,0.0,1.1368683772161603e-13,True,True
5316,f5316,8.038873388460929e-14,8.038873388460929e-14,5.684341886080802e-14,True,True
5317,f5317,5.783398860650275e-14,1.4210854715202004e-14,5.684341886080802e-14,True,True
5318,f5318,1.2710574864626038e-13,0.0,1.1368683772161603e-13,True,True
5319,f5319,6.355287432313019e-14,6.355287432313019e-14,5.684341886080802e-14,True,True
5320,f5320,6.355287432313019e-14,2.842170943040401e-14,5.684341886080802e-14,True,True
5321,f5321,1.2710574864626038e-13,2.842170943040401e-14,1.1368683772161603e-13,True,True
5322,f5322,1.1457157353758233e-13,8.038873388460929e-14,1.1368683772161603e-13,True,True
5323,f5323,5.684341886080802e-14,5.684341886080802e-14,5.684341886080802e-14,True,True
5324,f5324,2.2914314707516465e-13,0.0,2.2737367544323206e-13,True,True
5325,f5325,1.1368683772161603e-13,5.684341886080802e-14,1.1368683772161603e-13,True,True
5326,f5326,4.0194366942304644e-14,2.842170943040401e-14,2.842170943040401e-14,True,True
5327,f5327,5.684341886080802e-14,5.684341886080802e-14,5.684341886080802e-14,True,True
5328,f5328,5.684341886080802e-14,5.684341886080802e-14,5.684341886080802e-14,True,True
5329,f5329,6.355287432313019e-14,2.842170943040401e-14,5.684341886080802e-14,True,True
5330,f5330,1.1368683772161603e-13,5.684341886080802e-14,1.1368683772161603e-13,True,True
5331,f5331,1.2710574864626038e-13,0.0,1.1368683772161603e-13,True,True
5332,f5332,7.105427357601002e-14,1.4210854715202004e-14,5.684341886080802e-14,True,True
5333,f5333,6.355287432313019e-14,0.0,5.684341886080802e-14,True,True
5334,f5334,5.859285502108464e-14,5.684341886080802e-14,5.684341886080802e-14,True,True
5335,f5335,5.684341886080802e-14,5.684341886080802e-14,5.684341886080802e-14,True,True
5336,f5336,1.1368683772161603e-13,0.0,1.1368683772161603e-13,True,True
5337,f5337,1.1368683772161603e-13,0.0,1.1368683772161603e-13,True,True
5338,f5338,6.355287432313019e-14,0.0,5.684341886080802e-14,True,True
5339,f5339,1.2710574864626038e-13,2.842170943040401e-14,1.1368683772161603e-13,True,True
5340,f5340,1.1457157353758233e-13,0.0,1.1368683772161603e-13,True,True
5341,f5341,8.038873388460929e-14,0.0,5.684341886080802e-14,True,True
5342,f5342,1.1368683772161603e-13,0.0,1.1368683772161603e-13,True,True
5343,f5343,1.2710574864626038e-13,5.684341886080802e-14,1.1368683772161603e-13,True,True
5344,f5344,8.038873388460929e-14,8.038873388460929e-14,5.684341886080802e-14,True,True
5345,f5345,1.1368683772161603e-13,5.684341886080802e-14,1.1368683772161603e-13,True,True
5346,f5346,1.1368683772161603e-13,5.684341886080802e-14,1.1368683772161603e-13,True,True
5347,f5347,8.038873388460929e-14,5.684341886080802e-14,5.684341886080802e-14,True,True
5348,f5348,8.038873388460929e-14,2.842170943040401e-14,5.684341886080802e-14,True,True
5349,f5349,6.355287432313019e-14,2.842170943040401e-14,5.684341886080802e-14,True,True
5350,f5350,1.1368683772161603e-13,0.0,1.1368683772161603e-13,True,True
5351,f5351,1.1368683772161603e-13,0.0,1.1368683772161603e-13,True,True
5352,f5352,5.859285502108464e-14,2.929642751054232e-14,5.684341886080802e-14,True,True
5353,f5353,8.038873388460929e-14,0.0,5.684341886080802e-14,True,True
5354,f5354,1.1368683772161603e-13,5.684341886080802e-14,1.1368683772161603e-13,True,True
5355,f5355,5.859285502108464e-14,0.0,5.684341886080802e-14,True,True
5356,f5356,5.684341886080802e-14,0.0,5.684341886080802e-14,True,True
5357,f5357,1.1368683772161603e-13,0.0,1.1368683772161603e-13,True,True
5358,f5358,8.038873388460929e-14,2.842170943040401e-14,5.684341886080802e-14,True,True
5359,f5359,1.1368683772161603e-13,1.1368683772161603e-13,5.684341886080802e-14,True,True
5360,f5360,1.1718571004216928e-13,0.0,1.1368683772161603e-13,True,True
5361,f5361,1.2710574864626038e-13,0.0,1.1368683772161603e-13,True,True
5362,f5362,4.0194366942304644e-14,3.1776437161565096e-14,2.842170943040401e-14,True,True
5363,f5363,1.1368683772161603e-13,0.0,1.1368683772161603e-13,True,True
5364,f5364,1.1718571004216928e-13,0.0,1.1368683772161603e-13,True,True
5365,f5365,8.038873388460929e-14,0.0,5.684341886080802e-14,True,True
5366,f5366,1.2710574864626038e-13,1.1368683772161603e-13,1.1368683772161603e-13,True,True
5367,f5367,8.038873388460929e-14,0.0,5.684341886080802e-14,True,True
5368,f5368,8.038873388460929e-14,8.038873388460929e-14,5.684341886080802e-14,True,True
5369,f5369,6.355287432313019e-14,0.0,5.684341886080802e-14,True,True
5370,f5370,1.2710574864626038e-13,5.684341886080802e-14,1.1368683772161603e-13,True,True
5371,f5371,5.684341886080802e-14,0.0,5.684341886080802e-14,True,True
5372,f5372,6.355287432313019e-14,0.0,5.684341886080802e-14,True,True
5373,f5373,6.355287432313019e-14,7.105427357601002e-15,5.684341886080802e-14,True,True
5374,f5374,5.684341886080802e-14,0.0,5.684341886080802e-14,True,True
5375,f5375,8.038873388460929e-14,5.684341886080802e-14,5.684341886080802e-14,True,True
5376,f5376,8.038873388460929e-14,0.0,5.684341886080802e-14,True,True
5377,f5377,1.1368683772161603e-13,1.1368683772161603e-13,1.1368683772161603e-13,True,True
5378,f5378,6.355287432313019e-14,5.684341886080802e-14,5.684341886080802e-14,True,True
5379,f5379,1.1368683772161603e-13,0.0,1.1368683772161603e-13,True,True
5380,f5380,1.1718571004216928e-13,0.0,1.1368683772161603e-13,True,True
5381,f5381,6.521915363565902e-14,7.105427357601002e-15,5.684341886080802e-14,True,True
5382,f5382,1.1368683772161603e-13,0.0,1.1368683772161603e-13,True,True
5383,f5383,1.2710574864626038e-13,1.2710574864626038e-13,1.1368683772161603e-13,True,True
5384,f5384,5.684341886080802e-14,5.684341886080802e-14,5.684341886080802e-14,True,True
5385,f5385,1.1368683772161603e-13,5.684341886080802e-14,1.1368683772161603e-13,True,True
5386,f5386,1.2710574864626038e-13,5.684341886080802e-14,1.1368683772161603e-13,True,True
5387,f5387,1.1718571004216928e-13,0.0,1.1368683772161603e-13,True,True
5388,f5388,6.355287432313019e-14,0.0,5.684341886080802e-14,True,True
5389,f5389,6.169484474161016e-14,0.0,5.684341886080802e-14,True,True
5390,f5390,1.1368683772161603e-13,6.355287432313019e-14,1.1368683772161603e-13,True,True
5391,f5391,4.0194366942304644e-14,3.1776437161565096e-14,2.842170943040401e-14,True,True
5392,f5392,1.1718571004216928e-13,0.0,1.1368683772161603e-13,True,True
5393,f5393,5.684341886080802e-14,5.684341886080802e-14,5.684341886080802e-14,True,True
5394,f5394,1.1368683772161603e-13,0.0,1.1368683772161603e-13,True,True
5395,f5395,6.355287432313019e-14,6.355287432313019e-14,5.684341886080802e-14,True,True
5396,f5396,6.355287432313019e-14,6.355287432313019e-14,5.684341886080802e-14,True,True
5397,f5397,1.2710574864626038e-13,0.0,1.1368683772161603e-13,True,True
5398,f5398,5.684341886080802e-14,0.0,5.684341886080802e-14,True,True
5399,f5399,6.355287432313019e-14,0.0,5.684341886080802e-14,True,True
5400,f5400,1.1368683772161603e-13,1.4210854715202004e-14,1.1368683772161603e-13,True,True
5401,f5401,1.1368683772161603e-13,5.684341886080802e-14,1.1368683772161603e-13,True,True
5402,f5402,5.955433342649105e-14,3.776586443654626e-14,5.684341886080802e-14,True,True
5403,f5403,8.038873388460929e-14,8.038873388460929e-14,5.684341886080802e-14,True,True
5404,f5404,5.684341886080802e-14,2.842170943040401e-14,5.684341886080802e-14,True,True
5405,f5405,8.038873388460929e-14,0.0,5.684341886080802e-14,True,True
5406,f5406,6.355287432313019e-14,0.0,5.684341886080802e-14,True,True
5407,f5407,1.1368683772161603e-13,5.684341886080802e-14,1.1368683772161603e-13,True,True
5408,f5408,8.038873388460929e-14,0.0,5.684341886080802e-14,True,True
5409,f5409,8.038873388460929e-14,0.0,5.684341886080802e-14,True,True
5410,f5410,2.2737367544323206e-13,5.684341886080802e-14,2.2737367544323206e-13,True,True
5411,f5411,4.263256414560601e-14,2.1316282072803006e-14,4.263256414560601e-14,True,True
5412,f5412,1.2710574864626038e-13,0.0,1.1368683772161603e-13,True,True
5413,f5413,5.684341886080802e-14,0.0,5.684341886080802e-14,True,True
5414,f5414,1.1718571004216928e-13,2.842170943040401e-14,1.1368683772161603e-13,True,True
5415,f5415,5.859285502108464e-14,5.859285502108464e-14,5.684341886080802e-14,True,True
5416,f5416,5.684341886080802e-14,0.0,5.684341886080802e-14,True,True
5417,f5417,1.2710574864626038e-13,2.842170943040401e-14,1.1368683772161603e-13,True,True
5418,f5418,4.4938668397781776e-14,0.0,4.263256414560601e-14,True,True
5419,f5419,6.355287432313019e-14,6.355287432313019e-14,5.684341886080802e-14,True,True
5420,f5420,4.0194366942304644e-14,4.0194366942304644e-14,3.552713678800501e-14,True,True
5421,f5421,6.01080938469374e-14,0.0,5.684341886080802e-14,True,True
5422,f5422,1.1718571004216928e-13,6.355287432313019e-14,1.1368683772161603e-13,True,True
5423,f5423,8.038873388460929e-14,5.684341886080802e-14,5.684341886080802e-14,True,True
5424,f5424,5.848673439562695e-14,2.842170943040401e-14,5.684341886080802e-14,True,True
5425,f5425,8.038873388460929e-14,6.07087979554246e-14,5.684341886080802e-14,True,True
5426,f5426,1.2710574864626038e-13,0.0,1.1368683772161603e-13,True,True
5427,f5427,5.859285502108464e-14,5.753312400962914e-14,5.684341886080802e-14,True,True
5428,f5428,1.1368683772161603e-13,0.0,1.1368683772161603e-13,True,True
5429,f5429,6.355287432313019e-14,5.684341886080802e-14,5.684341886080802e-14,True,True
5430,f5430,6.355287432313019e-14,0.0,5.684341886080802e-14,True,True
5431,f5431,1.1368683772161603e-13,5.684341886080802e-14,1.1368683772161603e-13,True,True
5432,f5432,1.1368683772161603e-13,0.0,1.1368683772161603e-13,True,True
5433,f5433,4.0194366942304644e-14,2.842170943040401e-14,2.842170943040401e-14,True,True
5434,f5434,5.684341886080802e-14,1.4210854715202004e-14,5.684341886080802e-14,True,True
5435,f5435,5.684341886080802e-14,5.684341886080802e-14,5.684341886080802e-14,True,True
5436,f5436,5.859285502108464e-14,1.4210854715202004e-14,5.684341886080802e-14,True,True
5437,f5437,1.2710574864626038e-13,1.2710574864626038e-13,1.1368683772161603e-13,True,True
5438,f5438,8.038873388460929e-14,0.0,5.684341886080802e-14,True,True
5439,f5439,6.703246762680666e-14,5.684341886080802e-14,5.684341886080802e-14,True,True
5440,f5440,1.724530548492318e-13,5.728578676879116e-14,1.2967404927621828e-13,True,True
5441,f5441,1.1368683772161603e-13,5.684341886080802e-14,1.1368683772161603e-13,True,True
5442,f5442,5.684341886080802e-14,0.0,5.684341886080802e-14,True,True
5443,f5443,8.038873388460929e-14,0.0,5.684341886080802e-14,True,True
5444,f5444,4.0194366942304644e-14,0.0,2.842170943040401e-14,True,True
5445,f5445,5.859285502108464e-14,0.0,5.684341886080802e-14,True,True
5446,f5446,1.2710574864626038e-13,0.0,1.1368683772161603e-13,True,True
5447,f5447,5.684341886080802e-14,2.842170943040401e-14,5.684341886080802e-14,True,True
5448,f5448,1.1718571004216928e-13,2.842170943040401e-14,1.1368683772161603e-13,True,True
5449,f5449,8.038873388460929e-14,8.038873388460929e-14,5.684341886080802e-14,True,True
5450,f5450,5.684341886080802e-14,5.684341886080802e-14,5.684341886080802e-14,True,True
5451,f5451,5.684341886080802e-14,1.4210854715202004e-14,5.684341886080802e-14,True,True
5452,f5452,5.684341886080802e-14,0.0,5.684341886080802e-14,True,True
5453,f5453,1.2710574864626038e-13,0.0,1.1368683772161603e-13,True,True
5454,f5454,1.233896894832203e-13,1.4210854715202004e-14,1.1368683772161603e-13,True,True
5455,f5455,6.355287432313019e-14,5.684341886080802e-14,5.684341886080802e-14,True,True
5456,f5456,5.859285502108464e-14,0.0,5.684341886080802e-14,True,True
5457,f5457,7.791709393054201e-14,1.4210854715202004e-14,5.684341886080802e-14,True,True
5458,f5458,6.799062365205315e-14,6.355287432313019e-14,5.684341886080802e-14,True,True
5459,f5459,5.955433342649105e-14,5.123796534383003e-14,5.684341886080802e-14,True,True
5460,f5460,1.1368683772161603e-13,2.842170943040401e-14,1.1368683772161603e-13,True,True
5461,f5461,1.6077746776921858e-13,5.684341886080802e-14,1.1368683772161603e-13,True,True
5462,f5462,7.105427357601002e-14,1.7763568394002505e-14,5.684341886080802e-14,True,True
5463,f5463,1.1718571004216928e-13,0.0,1.1368683772161603e-13,True,True
5464,f5464,6.355287432313019e-14,5.684341886080802e-14,5.684341886080802e-14,True,True
5465,f5465,5.684341886080802e-14,5.684341886080802e-14,5.684341886080802e-14,True,True
5466,f5466,5.684341886080802e-14,2.842170943040401e-14,5.684341886080802e-14,True,True
5467,f5467,8.038873388460929e-14,0.0,5.684341886080802e-14,True,True
5468,f5468,1.1718571004216928e-13,1.1368683772161603e-13,1.1368683772161603e-13,True,True
5469,f5469,1.1718571004216928e-13,2.842170943040401e-14,1.1368683772161603e-13,True,True
5470,f5470,6.355287432313019e-14,0.0,5.684341886080802e-14,True,True
5471,f5471,5.929547246265982e-14,5.859285502108464e-14,5.684341886080802e-14,True,True
5472,f5472,1.6077746776921858e-13,5.684341886080802e-14,1.1368683772161603e-13,True,True
5473,f5473,1.1368683772161603e-13,5.684341886080802e-14,1.1368683772161603e-13,True,True
5474,f5474,1.2710574864626038e-13,6.355287432313019e-14,1.1368683772161603e-13,True,True
5475,f5475,1.1368683772161603e-13,1.1368683772161603e-13,1.1368683772161603e-13,True,True
5476,f5476,8.038873388460929e-14,0.0,5.684341886080802e-14,True,True
5477,f5477,1.1457157353758233e-13,5.684341886080802e-14,1.1368683772161603e-13,True,True
5478,f5478,5.684341886080802e-14,0.0,5.684341886080802e-14,True,True
5479,f5479,6.355287432313019e-14,2.842170943040401e-14,5.684341886080802e-14,True,True
5480,f5480,2.842170943040401e-14,0.0,2.842170943040401e-14,True,True
5481,f5481,5.783398860650275e-14,0.0,5.684341886080802e-14,True,True
5482,f5482,5.684341886080802e-14,0.0,5.684341886080802e-14,True,True
5483,f5483,1.1368683772161603e-13,1.1368683772161603e-13,1.1368683772161603e-13,True,True
5484,f5484,6.355287432313019e-14,5.684341886080802e-14,5.684341886080802e-14,True,True
5485,f5485,5.684341886080802e-14,0.0,5.684341886080802e-14,True,True
5486,f5486,1.1457157353758233e-13,1.1457157353758233e-13,1.1368683772161603e-13,True,True
5487,f5487,1.1457157353758233e-13,1.1457157353758233e-13,1.1368683772161603e-13,True,True
5488,f5488,1.1368683772161603e-13,0.0,1.1368683772161603e-13,True,True
5489,f5489,1.2710574864626038e-13,5.684341886080802e-14,1.1368683772161603e-13,True,True
5490,f5490,1.1718571004216928e-13,2.842170943040401e-14,1.1368683772161603e-13,True,True
5491,f5491,6.355287432313019e-14,0.0,5.684341886080802e-14,True,True
5492,f5492,6.355287432313019e-14,0.0,5.684341886080802e-14,True,True
5493,f5493,8.038873388460929e-14,8.038873388460929e-14,5.684341886080802e-14,True,True
5494,f5494,5.684341886080802e-14,0.0,5.684341886080802e-14,True,True
5495,f5495,1.1368683772161603e-13,0.0,1.1368683772161603e-13,True,True
5496,f5496,1.1718571004216928e-13,5.684341886080802e-14,1.1368683772161603e-13,True,True
5497,f5497,6.355287432313019e-14,2.842170943040401e-14,5.684341886080802e-14,True,True
5498,f5498,1.2710574864626038e-13,1.1368683772161603e-13,1.1368683772161603e-13,True,True
5499,f5499,6.355287432313019e-14,5.684341886080802e-14,5.684341886080802e-14,True,True
5500,f5500,1.6077746776921858e-13,0.0,1.1368683772161603e-13,True,True
5501,f5501,1.1457157353758233e-13,2.842170943040401e-14,1.1368683772161603e-13,True,True
5502,f5502,6.521915363565902e-14,2.6645352591003757e-14,5.684341886080802e-14,True,True
5503,f5503,5.684341886080802e-14,0.0,5.684341886080802e-14,True,True
5504,f5504,5.684341886080802e-14,0.0,5.684341886080802e-14,True,True
5505,f5505,3.552713678800501e-14,3.1776437161565096e-14,3.552713678800501e-14,True,True
5506,f5506,1.1368683772161603e-13,0.0,1.1368683772161603e-13,True,True
5507,f5507,6.277857184170547e-14,2.842170943040401e-14,5.684341886080802e-14,True,True
5508,f5508,7.553172887309252e-14,1.4210854715202004e-14,5.684341886080802e-14,True,True
5509,f5509,8.038873388460929e-14,0.0,5.684341886080802e-14,True,True
5510,f5510,1.1718571004216928e-13,5.684341886080802e-14,1.1368683772161603e-13,True,True
5511,f5511,1.1418534512577734e-13,2.1316282072803006e-14,1.1368683772161603e-13,True,True
5512,f5512,6.355287432313019e-14,5.684341886080802e-14,5.684341886080802e-14,True,True
5513,f5513,1.1368683772161603e-13,0.0,1.1368683772161603e-13,True,True
5514,f5514,1.2710574864626038e-13,1.1368683772161603e-13,1.1368683772161603e-13,True,True
5515,f5515,1.2710574864626038e-13,0.0,1.1368683772161603e-13,True,True
5516,f5516,8.038873388460929e-14,0.0,5.684341886080802e-14,True,True
5517,f5517,1.1368683772161603e-13,5.684341886080802e-14,1.1368683772161603e-13,True,True
5518,f5518,5.684341886080802e-14,0.0,5.684341886080802e-14,True,True
5519,f5519,1.1718571004216928e-13,1.4210854715202004e-14,1.1368683772161603e-13,True,True
5520,f5520,6.355287432313019e-14,5.684341886080802e-14,5.684341886080802e-14,True,True
5521,f5521,8.038873388460929e-14,0.0,5.684341886080802e-14,True,True
5522,f5522,2.2737367544323206e-13,0.0,2.2737367544323206e-13,True,True
5523,f5523,5.684341886080802e-14,0.0,5.684341886080802e-14,True,True
5524,f5524,5.684341886080802e-14,0.0,5.684341886080802e-14,True,True
5525,f5525,6.355287432313019e-14,0.0,5.684341886080802e-14,True,True
5526,f5526,6.355287432313019e-14,2.842170943040401e-14,5.684341886080802e-14,True,True
5527,f5527,1.5967462057804647e-13,5.684341886080802e-14,1.4921397450962104e-13,True,True
5528,f5528,1.1368683772161603e-13,5.684341886080802e-14,1.1368683772161603e-13,True,True
5529,f5529,8.038873388460929e-14,5.684341886080802e-14,5.684341886080802e-14,True,True
5530,f5530,2.1316282072803006e-14,8.881784197001252e-16,2.1316282072803006e-14,True,True
5531,f5531,6.355287432313019e-14,5.684341886080802e-14,5.684341886080802e-14,True,True
5532,f5532,8.038873388460929e-14,0.0,5.684341886080802e-14,True,True
5533,f5533,1.1718571004216928e-13,1.1457157353758233e-13,1.1368683772161603e-13,True,True
5534,f5534,5.684341886080802e-14,0.0,5.684341886080802e-14,True,True
5535,f5535,1.1368683772161603e-13,0.0,1.1368683772161603e-13,True,True
5536,f5536,1.1718571004216928e-13,2.842170943040401e-14,1.1368683772161603e-13,True,True
5537,f5537,2.2737367544323206e-13,0.0,2.2737367544323206e-13,True,True
5538,f5538,4.0194366942304644e-14,0.0,3.019806626980426e-14,True,True
5539,f5539,5.859285502108464e-14,2.842170943040401e-14,5.684341886080802e-14,True,True
5540,f5540,1.2710574864626038e-13,1.1718571004216928e-13,1.1368683772161603e-13,True,True
5541,f5541,1.1718571004216928e-13,5.684341886080802e-14,1.1368683772161603e-13,True,True
5542,f5542,1.2710574864626038e-13,0.0,1.1368683772161603e-13,True,True
5543,f5543,8.038873388460929e-14,6.355287432313019e-14,5.684341886080802e-14,True,True
5544,f5544,6.355287432313019e-14,6.355287432313019e-14,5.684341886080802e-14,True,True
5545,f5545,6.355287432313019e-14,0.0,5.684341886080802e-14,True,True
5546,f5546,1.2710574864626038e-13,0.0,1.1368683772161603e-13,True,True
5547,f5547,1.1457157353758233e-13,0.0,1.1368683772161603e-13,True,True
5548,f5548,1.1457157353758233e-13,5.684341886080802e-14,1.1368683772161603e-13,True,True
5549,f5549,1.1368683772161603e-13,5.684341886080802e-14,1.1368683772161603e-13,True,True
5550,f5550,6.07087979554246e-14,6.07087979554246e-14,5.684341886080802e-14,True,True
5551,f5551,6.355287432313019e-14,2.842170943040401e-14,5.684341886080802e-14,True,True
5552,f5552,6.355287432313019e-14,0.0,5.684341886080802e-14,True,True
5553,f5553,5.684341886080802e-14,2.842170943040401e-14,5.684341886080802e-14,True,True
5554,f5554,1.2710574864626038e-13,0.0,1.1368683772161603e-13,True,True
5555,f5555,1.2710574864626038e-13,0.0,1.1368683772161603e-13,True,True
5556,f5556,1.2710574864626038e-13,5.684341886080802e-14,1.1368683772161603e-13,True,True
5557,f5557,5.859285502108464e-14,2.842170943040401e-14,5.684341886080802e-14,True,True
5558,f5558,1.1718571004216928e-13,1.1718571004216928e-13,1.1368683772161603e-13,True,True
5559,f5559,6.355287432313019e-14,0.0,5.684341886080802e-14,True,True
5560,f5560,2.842170943040401e-14,2.842170943040401e-14,2.842170943040401e-14,True,True
5561,f5561,1.1368683772161603e-13,0.0,1.1368683772161603e-13,True,True
5562,f5562,1.1718571004216928e-13,0.0,1.1368683772161603e-13,True,True
5563,f5563,1.6077746776921858e-13,1.2710574864626038e-13,1.1368683772161603e-13,True,True
5564,f5564,5.859285502108464e-14,2.4868995751603507e-14,5.684341886080802e-14,True,True
5565,f5565,1.1368683772161603e-13,5.684341886080802e-14,1.1368683772161603e-13,True,True
5566,f5566,1.1457157353758233e-13,6.355287432313019e-14,1.1368683772161603e-13,True,True
5567,f5567,6.478833904863593e-14,0.0,5.684341886080802e-14,True,True
5568,f5568,2.2737367544323206e-13,5.859285502108464e-14,2.2737367544323206e-13,True,True
5569,f5569,5.859285502108464e-14,1.4210854715202004e-14,5.684341886080802e-14,True,True
5570,f5570,5.728578676879116e-14,1.4210854715202004e-14,5.684341886080802e-14,True,True
5571,f5571,1.1368683772161603e-13,5.684341886080802e-14,1.1368683772161603e-13,True,True
5572,f5572,6.355287432313019e-14,6.355287432313019e-14,5.684341886080802e-14,True,True
5573,f5573,5.684341886080802e-14,2.842170943040401e-14,5.684341886080802e-14,True,True
5574,f5574,1.1718571004216928e-13,2.842170943040401e-14,1.1368683772161603e-13,True,True
5575,f5575,6.355287432313019e-14,0.0,5.684341886080802e-14,True,True
5576,f5576,5.734256244873857e-14,7.105427357601002e-15,5.684341886080802e-14,True,True
5577,f5577,1.1368683772161603e-13,5.684341886080802e-14,1.1368683772161603e-13,True,True
5578,f5578,8.038873388460929e-14,0.0,5.684341886080802e-14,True,True
5579,f5579,5.684341886080802e-14,0.0,5.684341886080802e-14,True,True
5580,f5580,1.6077746776921858e-13,0.0,1.1368683772161603e-13,True,True
5581,f5581,5.684341886080802e-14,2.842170943040401e-14,5.684341886080802e-14,True,True
5582,f5582,6.521915363565902e-14,2.842170943040401e-14,5.684341886080802e-14,True,True
5583,f5583,6.355287432313019e-14,6.355287432313019e-14,5.684341886080802e-14,True,True
5584,f5584,1.1718571004216928e-13,2.842170943040401e-14,1.1368683772161603e-13,True,True
5585,f5585,6.355287432313019e-14,0.0,5.684341886080802e-14,True,True
5586,f5586,1.1368683772161603e-13,2.842170943040401e-14,1.1368683772161603e-13,True,True
5587,f5587,6.355287432313019e-14,5.684341886080802e-14,5.684341886080802e-14,True,True
5588,f5588,5.684341886080802e-14,2.842170943040401e-14,5.684341886080802e-14,True,True
5589,f5589,1.1718571004216928e-13,1.1368683772161603e-13,1.1368683772161603e-13,True,True
5590,f5590,6.355287432313019e-14,2.1316282072803006e-14,5.684341886080802e-14,True,True
5591,f5591,5.684341886080802e-14,0.0,5.684341886080802e-14,True,True
5592,f5592,6.355287432313019e-14,1.4210854715202004e-14,5.684341886080802e-14,True,True
5593,f5593,8.038873388460929e-14,5.684341886080802e-14,5.684341886080802e-14,True,True
5594,f5594,1.2710574864626038e-13,0.0,1.1368683772161603e-13,True,True
5595,f5595,5.859285502108464e-14,0.0,5.684341886080802e-14,True,True
5596,f5596,1.1718571004216928e-13,5.684341886080802e-14,1.1368683772161603e-13,True,True
5597,f5597,1.2710574864626038e-13,5.684341886080802e-14,1.1368683772161603e-13,True,True
5598,f5598,8.038873388460929e-14,0.0,5.684341886080802e-14,True,True
5599,f5599,6.355287432313019e-14,0.0,5.684341886080802e-14,True,True
5600,f5600,1.156679772130055e-13,5.684341886080802e-14,1.1368683772161603e-13,True,True
5601,f5601,1.1718571004216928e-13,1.1718571004216928e-13,1.1368683772161603e-13,True,True
5602,f5602,8.038873388460929e-14,5.684341886080802e-14,5.684341886080802e-14,True,True
5603,f5603,4.0194366942304644e-14,2.842170943040401e-14,2.842170943040401e-14,True,True
5604,f5604,1.1718571004216928e-13,0.0,1.1368683772161603e-13,True,True
5605,f5605,8.038873388460929e-14,5.684341886080802e-14,5.684341886080802e-14,True,True
5606,f5606,1.1368683772161603e-13,0.0,1.1368683772161603e-13,True,True
5607,f5607,1.1368683772161603e-13,5.684341886080802e-14,1.1368683772161603e-13,True,True
5608,f5608,6.355287432313019e-14,2.842170943040401e-14,5.684341886080802e-14,True,True
5609,f5609,5.684341886080802e-14,0.0,5.684341886080802e-14,True,True
5610,f5610,5.684341886080802e-14,0.0,5.684341886080802e-14,True,True
5611,f5611,1.1368683772161603e-13,5.684341886080802e-14,1.1368683772161603e-13,True,True
5612,f5612,5.728578676879116e-14,1.4210854715202004e-14,5.684341886080802e-14,True,True
5613,f5613,1.1368683772161603e-13,0.0,1.1368683772161603e-13,True,True
5614,f5614,1.1368683772161603e-13,5.684341886080802e-14,1.1368683772161603e-13,True,True
5615,f5615,1.2710574864626038e-13,1.1368683772161603e-13,1.1368683772161603e-13,True,True
5616,f5616,1.1718571004216928e-13,1.1368683772161603e-13,1.1368683772161603e-13,True,True
5617,f5617,1.1368683772161603e-13,0.0,1.1368683772161603e-13,True,True
5618,f5618,1.1368683772161603e-13,0.0,1.1368683772161603e-13,True,True
5619,f5619,1.1368683772161603e-13,5.684341886080802e-14,1.1368683772161603e-13,True,True
5620,f5620,1.1368683772161603e-13,0.0,1.1368683772161603e-13,True,True
5621,f5621,4.725117540338831e-14,2.842170943040401e-14,3.774758283725532e-14,True,True
5622,f5622,2.5579538487363607e-13,0.0,2.5579538487363607e-13,True,True
5623,f5623,1.1368683772161603e-13,1.1368683772161603e-13,1.1368683772161603e-13,True,True
5624,f5624,1.1718571004216928e-13,6.355287432313019e-14,1.1368683772161603e-13,True,True
5625,f5625,1.1457157353758233e-13,5.859285502108464e-14,1.1368683772161603e-13,True,True
5626,f5626,2.2737367544323206e-13,0.0,2.2737367544323206e-13,True,True
5627,f5627,6.01080938469374e-14,1.4210854715202004e-14,5.684341886080802e-14,True,True
5628,f5628,5.968829921520963e-14,2.1316282072803006e-14,5.684341886080802e-14,True,True
5629,f5629,7.105427357601002e-14,7.105427357601002e-15,5.684341886080802e-14,True,True
5630,f5630,8.038873388460929e-14,0.0,5.684341886080802e-14,True,True
5631,f5631,1.1718571004216928e-13,3.552713678800501e-14,1.1368683772161603e-13,True,True
5632,f5632,6.355287432313019e-14,2.842170943040401e-14,5.684341886080802e-14,True,True
5633,f5633,1.2710574864626038e-13,5.684341886080802e-14,1.1368683772161603e-13,True,True
5634,f5634,6.355287432313019e-14,2.842170943040401e-14,5.684341886080802e-14,True,True
5635,f5635,1.6077746776921858e-13,5.684341886080802e-14,1.1368683772161603e-13,True,True
5636,f5636,1.1368683772161603e-13,0.0,1.1368683772161603e-13,True,True
5637,f5637,1.2710574864626038e-13,1.1718571004216928e-13,1.1368683772161603e-13,True,True
5638,f5638,2.3437142008433856e-13,1.1718571004216928e-13,2.2737367544323206e-13,True,True
5639,f5639,5.1728291973635394e-14,0.0,4.973799150320701e-14,True,True
5640,f5640,4.0194366942304644e-14,2.842170943040401e-14,2.842170943040401e-14,True,True
5641,f5641,1.1368683772161603e-13,5.684341886080802e-14,1.1368683772161603e-13,True,True
5642,f5642,1.1368683772161603e-13,2.842170943040401e-14,1.1368683772161603e-13,True,True
5643,f5643,5.859285502108464e-14,5.684341886080802e-14,5.684341886080802e-14,True,True
5644,f5644,6.355287432313019e-14,0.0,5.684341886080802e-14,True,True
5645,f5645,1.1368683772161603e-13,5.684341886080802e-14,1.1368683772161603e-13,True,True
5646,f5646,1.2710574864626038e-13,0.0,1.1368683772161603e-13,True,True
5647,f5647,1.2710574864626038e-13,5.684341886080802e-14,1.1368683772161603e-13,True,True
5648,f5648,8.038873388460929e-14,5.684341886080802e-14,5.684341886080802e-14,True,True
5649,f5649,5.684341886080802e-14,2.842170943040401e-14,5.684341886080802e-14,True,True
5650,f5650,8.038873388460929e-14,0.0,5.684341886080802e-14,True,True
5651,f5651,6.355287432313019e-14,5.684341886080802e-14,5.684341886080802e-14,True,True
5652,f5652,6.355287432313019e-14,2.842170943040401e-14,5.684341886080802e-14,True,True
5653,f5653,1.1368683772161603e-13,0.0,1.1368683772161603e-13,True,True
5654,f5654,5.684341886080802e-14,1.4210854715202004e-14,5.684341886080802e-14,True,True
5655,f5655,8.038873388460929e-14,5.684341886080802e-14,5.684341886080802e-14,True,True
5656,f5656,8.038873388460929e-14,5.684341886080802e-14,5.684341886080802e-14,True,True
5657,f5657,1.1718571004216928e-13,0.0,1.1368683772161603e-13,True,True
5658,f5658,1.2710574864626038e-13,0.0,1.1368683772161603e-13,True,True
5659,f5659,8.038873388460929e-14,5.684341886080802e-14,5.684341886080802e-14,True,True
5660,f5660,5.859285502108464e-14,0.0,5.684341886080802e-14,True,True
5661,f5661,1.2710574864626038e-13,0.0,1.1368683772161603e-13,True,True
5662,f5662,1.2710574864626038e-13,0.0,1.1368683772161603e-13,True,True
5663,f5663,1.1718571004216928e-13,1.1718571004216928e-13,1.1368683772161603e-13,True,True
5664,f5664,1.1368683772161603e-13,0.0,1.1368683772161603e-13,True,True
5665,f5665,4.0194366942304644e-14,2.842170943040401e-14,2.842170943040401e-14,True,True
5666,f5666,7.553172887309252e-14,5.859285502108464e-14,5.684341886080802e-14,True,True
5667,f5667,1.6077746776921858e-13,0.0,1.1368683772161603e-13,True,True
5668,f5668,5.859285502108464e-14,5.684341886080802e-14,5.684341886080802e-14,True,True
5669,f5669,4.7664655742347644e-14,3.552713678800501e-14,4.263256414560601e-14,True,True
5670,f5670,2.5421149729252077e-13,5.684341886080802e-14,2.2737367544323206e-13,True,True
5671,f5671,2.2737367544323206e-13,1.2710574864626038e-13,2.2737367544323206e-13,True,True
5672,f5672,4.0194366942304644e-14,4.0194366942304644e-14,3.552713678800501e-14,True,True
5673,f5673,5.94884806044669e-14,0.0,5.684341886080802e-14,True,True
5674,f5674,1.1368683772161603e-13,5.684341886080802e-14,1.1368683772161603e-13,True,True
5675,f5675,8.038873388460929e-14,0.0,5.684341886080802e-14,True,True
5676,f5676,1.2710574864626038e-13,1.1718571004216928e-13,1.1368683772161603e-13,True,True
5677,f5677,6.355287432313019e-14,0.0,5.684341886080802e-14,True,True
5678,f5678,5.684341886080802e-14,0.0,5.684341886080802e-14,True,True
5679,f5679,5.684341886080802e-14,0.0,5.684341886080802e-14,True,True
5680,f5680,5.684341886080802e-14,2.842170943040401e-14,5.684341886080802e-14,True,True
5681,f5681,1.1718571004216928e-13,1.1718571004216928e-13,1.1368683772161603e-13,True,True
5682,f5682,5.684341886080802e-14,2.842170943040401e-14,5.684341886080802e-14,True,True
5683,f5683,6.355287432313019e-14,0.0,5.684341886080802e-14,True,True
5684,f5684,1.1368683772161603e-13,2.842170943040401e-14,1.1368683772161603e-13,True,True
5685,f5685,5.684341886080802e-14,0.0,5.684341886080802e-14,True,True
5686,f5686,5.684341886080802e-14,5.684341886080802e-14,5.684341886080802e-14,True,True
5687,f5687,6.204547701064548e-14,3.552713678800501e-14,5.684341886080802e-14,True,True
5688,f5688,1.1368683772161603e-13,5.684341886080802e-14,1.1368683772161603e-13,True,True
5689,f5689,6.355287432313019e-14,4.0194366942304644e-14,5.684341886080802e-14,True,True
5690,f5690,1.1368683772161603e-13,0.0,1.1368683772161603e-13,True,True
5691,f5691,6.355287432313019e-14,2.842170943040401e-14,5.684341886080802e-14,True,True
5692,f5692,1.1368683772161603e-13,2.842170943040401e-14,1.1368683772161603e-13,True,True
5693,f5693,5.684341886080802e-14,5.684341886080802e-14,5.684341886080802e-14,True,True
5694,f5694,1.2710574864626038e-13,5.684341886080802e-14,1.1368683772161603e-13,True,True
5695,f5695,1.2710574864626038e-13,0.0,1.1368683772161603e-13,True,True
5696,f5696,5.955433342649105e-14,1.4210854715202004e-14,5.684341886080802e-14,True,True
5697,f5697,6.355287432313019e-14,6.07087979554246e-14,5.684341886080802e-14,True,True
5698,f5698,1.1368683772161603e-13,0.0,1.1368683772161603e-13,True,True
5699,f5699,5.422982071392023e-14,7.105427357601002e-15,4.618527782440651e-14,True,True
5700,f5700,5.859285502108464e-14,0.0,5.684341886080802e-14,True,True
5701,f5701,1.2710574864626038e-13,0.0,1.1368683772161603e-13,True,True
5702,f5702,5.859285502108464e-14,2.842170943040401e-14,5.684341886080802e-14,True,True
5703,f5703,8.038873388460929e-14,2.842170943040401e-14,5.684341886080802e-14,True,True
5704,f5704,5.859285502108464e-14,3.102273850532274e-14,5.684341886080802e-14,True,True
5705,f5705,5.859285502108464e-14,7.105427357601002e-15,5.684341886080802e-14,True,True
5706,f5706,1.1718571004216928e-13,0.0,1.1368683772161603e-13,True,True
5707,f5707,2.842170943040401e-14,2.842170943040401e-14,2.842170943040401e-14,True,True
5708,f5708,6.355287432313019e-14,0.0,5.684341886080802e-14,True,True
5709,f5709,5.684341886080802e-14,5.684341886080802e-14,2.842170943040401e-14,True,True
5710,f5710,8.038873388460929e-14,0.0,5.684341886080802e-14,True,True
5711,f5711,6.355287432313019e-14,5.684341886080802e-14,5.684341886080802e-14,True,True
5712,f5712,8.038873388460929e-14,0.0,5.684341886080802e-14,True,True
5713,f5713,5.859285502108464e-14,2.842170943040401e-14,5.684341886080802e-14,True,True
5714,f5714,1.1368683772161603e-13,0.0,1.1368683772161603e-13,True,True
5715,f5715,6.355287432313019e-14,2.842170943040401e-14,5.684341886080802e-14,True,True
5716,f5716,1.1718571004216928e-13,1.1718571004216928e-13,1.1368683772161603e-13,True,True
5717,f5717,1.1368683772161603e-13,1.1368683772161603e-13,5.684341886080802e-14,True,True
5718,f5718,1.2710574864626038e-13,5.684341886080802e-14,1.1368683772161603e-13,True,True
5719,f5719,6.99803436660041e-14,2.842170943040401e-14,6.394884621840902e-14,True,True
5720,f5720,3.1776437161565096e-14,2.842170943040401e-14,2.842170943040401e-14,True,True
5721,f5721,5.753312400962914e-14,1.4210854715202004e-14,5.684341886080802e-14,True,True
5722,f5722,1.1368683772161603e-13,0.0,1.1368683772161603e-13,True,True
5723,f5723,6.355287432313019e-14,2.842170943040401e-14,5.684341886080802e-14,True,True
5724,f5724,1.1457157353758233e-13,3.552713678800501e-15,1.1368683772161603e-13,True,True
5725,f5725,5.859285502108464e-14,2.842170943040401e-14,5.684341886080802e-14,True,True
5726,f5726,8.038873388460929e-14,5.684341886080802e-14,5.684341886080802e-14,True,True
5727,f5727,1.1368683772161603e-13,5.684341886080802e-14,1.1368683772161603e-13,True,True
5728,f5728,5.684341886080802e-14,2.842170943040401e-14,5.684341886080802e-14,True,True
5729,f5729,1.1457157353758233e-13,1.1457157353758233e-13,1.1368683772161603e-13,True,True
5730,f5730,1.2710574864626038e-13,5.684341886080802e-14,1.1368683772161603e-13,True,True
5731,f5731,1.1718571004216928e-13,2.842170943040401e-14,1.1368683772161603e-13,True,True
5732,f5732,2.2737367544323206e-13,0.0,2.2737367544323206e-13,True,True
5733,f5733,6.355287432313019e-14,2.842170943040401e-14,5.684341886080802e-14,True,True
5734,f5734,7.105427357601002e-14,7.105427357601002e-14,5.684341886080802e-14,True,True
5735,f5735,1.2710574864626038e-13,5.684341886080802e-14,1.1368683772161603e-13,True,True
5736,f5736,8.038873388460929e-14,5.684341886080802e-14,5.684341886080802e-14,True,True
5737,f5737,1.1368683772161603e-13,2.842170943040401e-14,1.1368683772161603e-13,True,True
5738,f5738,5.859285502108464e-14,5.684341886080802e-14,5.684341886080802e-14,True,True
5739,f5739,1.1506624801925828e-13,7.105427357601002e-15,1.1368683772161603e-13,True,True
5740,f5740,1.2710574864626038e-13,0.0,1.1368683772161603e-13,True,True
5741,f5741,1.1368683772161603e-13,5.684341886080802e-14,1.1368683772161603e-13,True,True
5742,f5742,1.1718571004216928e-13,2.842170943040401e-14,1.1368683772161603e-13,True,True
5743,f5743,1.2710574864626038e-13,5.684341886080802e-14,1.1368683772161603e-13,True,True
5744,f5744,5.859285502108464e-14,5.859285502108464e-14,5.684341886080802e-14,True,True
5745,f5745,5.684341886080802e-14,0.0,5.684341886080802e-14,True,True
5746,f5746,5.684341886080802e-14,5.684341886080802e-14,5.684341886080802e-14,True,True
5747,f5747,6.355287432313019e-14,6.355287432313019e-14,5.684341886080802e-14,True,True
5748,f5748,2.2914314707516465e-13,5.684341886080802e-14,2.2737367544323206e-13,True,True
5749,f5749,4.0194366942304644e-14,1.4210854715202004e-14,2.842170943040401e-14,True,True
5750,f5750,1.1368683772161603e-13,1.1368683772161603e-13,5.684341886080802e-14,True,True
5751,f5751,8.038873388460929e-14,5.684341886080802e-14,5.684341886080802e-14,True,True
5752,f5752,6.355287432313019e-14,5.684341886080802e-14,5.684341886080802e-14,True,True
5753,f5753,7.105427357601002e-14,3.552713678800501e-15,7.105427357601002e-14,True,True
5754,f5754,1.2710574864626038e-13,0.0,1.1368683772161603e-13,True,True
5755,f5755,1.2710574864626038e-13,5.684341886080802e-14,1.1368683772161603e-13,True,True
5756,f5756,6.355287432313019e-14,0.0,5.684341886080802e-14,True,True
5757,f5757,1.139086659085919e-13,2.842170943040401e-14,1.1368683772161603e-13,True,True
5758,f5758,8.038873388460929e-14,5.684341886080802e-14,5.684341886080802e-14,True,True
5759,f5759,5.684341886080802e-14,5.684341886080802e-14,5.684341886080802e-14,True,True
5760,f5760,5.684341886080802e-14,0.0,5.684341886080802e-14,True,True
5761,f5761,5.684341886080802e-14,0.0,5.684341886080802e-14,True,True
5762,f5762,6.355287432313019e-14,2.842170943040401e-14,5.684341886080802e-14,True,True
5763,f5763,6.355287432313019e-14,0.0,5.684341886080802e-14,True,True
5764,f5764,6.355287432313019e-14,0.0,5.684341886080802e-14,True,True
5765,f5765,6.135506694409735e-14,5.684341886080802e-14,5.684341886080802e-14,True,True
5766,f5766,1.2710574864626038e-13,1.2710574864626038e-13,1.1368683772161603e-13,True,True
5767,f5767,1.1368683772161603e-13,0.0,1.1368683772161603e-13,True,True
5768,f5768,2.6645352591003757e-14,6.217248937900877e-15,2.6645352591003757e-14,True,True
5769,f5769,1.2710574864626038e-13,1.1368683772161603e-13,1.1368683772161603e-13,True,True
5770,f5770,1.1368683772161603e-13,5.684341886080802e-14,1.1368683772161603e-13,True,True
5771,f5771,4.0194366942304644e-14,2.842170943040401e-14,2.842170943040401e-14,True,True
5772,f5772,5.684341886080802e-14,5.684341886080802e-14,5.684341886080802e-14,True,True
5773,f5773,8.038873388460929e-14,5.684341886080802e-14,5.684341886080802e-14,True,True
5774,f5774,1.1718571004216928e-13,0.0,1.1368683772161603e-13,True,True
5775,f5775,1.1718571004216928e-13,0.0,1.1368683772161603e-13,True,True
5776,f5776,1.2710574864626038e-13,1.2710574864626038e-13,1.1368683772161603e-13,True,True
5777,f5777,1.2710574864626038e-13,0.0,1.1368683772161603e-13,True,True
5778,f5778,1.2710574864626038e-13,0.0,1.1368683772161603e-13,True,True
5779,f5779,1.1718571004216928e-13,2.842170943040401e-14,1.1368683772161603e-13,True,True
5780,f5780,1.1718571004216928e-13,2.842170943040401e-14,1.1368683772161603e-13,True,True
5781,f5781,1.1368683772161603e-13,0.0,1.1368683772161603e-13,True,True
5782,f5782,1.1368683772161603e-13,0.0,1.1368683772161603e-13,True,True
5783,f5783,8.038873388460929e-14,0.0,5.684341886080802e-14,True,True
5784,f5784,1.1368683772161603e-13,5.684341886080802e-14,1.1368683772161603e-13,True,True
5785,f5785,6.355287432313019e-14,2.842170943040401e-14,5.684341886080802e-14,True,True
5786,f5786,1.1368683772161603e-13,8.038873388460929e-14,1.1368683772161603e-13,True,True
5787,f5787,2.428351918216984e-13,5.684341886080802e-14,2.2737367544323206e-13,True,True
5788,f5788,6.355287432313019e-14,5.684341886080802e-14,5.684341886080802e-14,True,True
5789,f5789,1.2710574864626038e-13,2.842170943040401e-14,1.1368683772161603e-13,True,True
5790,f5790,1.1457157353758233e-13,2.1316282072803006e-14,1.1368683772161603e-13,True,True
5791,f5791,5.684341886080802e-14,3.1776437161565096e-14,5.684341886080802e-14,True,True
5792,f5792,6.703246762680666e-14,1.4210854715202004e-14,5.684341886080802e-14,True,True
5793,f5793,6.355287432313019e-14,0.0,5.684341886080802e-14,True,True
5794,f5794,8.038873388460929e-14,8.038873388460929e-14,5.684341886080802e-14,True,True
5795,f5795,1.1368683772161603e-13,0.0,1.1368683772161603e-13,True,True
5796,f5796,6.355287432313019e-14,2.842170943040401e-14,5.684341886080802e-14,True,True
5797,f5797,8.038873388460929e-14,8.038873388460929e-14,5.684341886080802e-14,True,True
5798,f5798,5.684341886080802e-14,0.0,5.684341886080802e-14,True,True
5799,f5799,1.1368683772161603e-13,5.684341886080802e-14,1.1368683772161603e-13,True,True
5800,f5800,3.218344867404965e-14,1.4210854715202004e-14,2.842170943040401e-14,True,True
5801,f5801,8.038873388460929e-14,5.684341886080802e-14,5.684341886080802e-14,True,True
5802,f5802,1.2710574864626038e-13,0.0,1.1368683772161603e-13,True,True
5803,f5803,6.355287432313019e-14,0.0,5.684341886080802e-14,True,True
5804,f5804,5.684341886080802e-14,2.842170943040401e-14,5.684341886080802e-14,True,True
5805,f5805,1.1718571004216928e-13,8.038873388460929e-14,1.1368683772161603e-13,True,True
5806,f5806,6.355287432313019e-14,5.684341886080802e-14,5.684341886080802e-14,True,True
5807,f5807,1.2710574864626038e-13,1.1368683772161603e-13,1.1368683772161603e-13,True,True
5808,f5808,1.2710574864626038e-13,0.0,1.1368683772161603e-13,True,True
5809,f5809,6.355287432313019e-14,0.0,5.684341886080802e-14,True,True
5810,f5810,1.1368683772161603e-13,2.842170943040401e-14,1.1368683772161603e-13,True,True
5811,f5811,8.038873388460929e-14,5.684341886080802e-14,5.684341886080802e-14,True,True
5812,f5812,1.2710574864626038e-13,1.2710574864626038e-13,1.1368683772161603e-13,True,True
5813,f5813,1.6077746776921858e-13,1.1368683772161603e-13,1.1368683772161603e-13,True,True
5814,f5814,8.038873388460929e-14,6.355287432313019e-14,5.684341886080802e-14,True,True
5815,f5815,5.684341886080802e-14,0.0,5.684341886080802e-14,True,True
5816,f5816,6.355287432313019e-14,0.0,5.684341886080802e-14,True,True
5817,f5817,1.139086659085919e-13,1.4210854715202004e-14,1.1368683772161603e-13,True,True
5818,f5818,1.1368683772161603e-13,0.0,1.1368683772161603e-13,True,True
5819,f5819,1.2710574864626038e-13,2.842170943040401e-14,1.1368683772161603e-13,True,True
5820,f5820,1.1368683772161603e-13,5.684341886080802e-14,1.1368683772161603e-13,True,True
5821,f5821,1.1368683772161603e-13,6.355287432313019e-14,1.1368683772161603e-13,True,True
5822,f5822,1.1718571004216928e-13,5.684341886080802e-14,1.1368683772161603e-13,True,True
5823,f5823,1.1457157353758233e-13,5.684341886080802e-14,1.1368683772161603e-13,True,True
5824,f5824,1.1718571004216928e-13,0.0,1.1368683772161603e-13,True,True
5825,f5825,8.038873388460929e-14,5.684341886080802e-14,5.684341886080802e-14,True,True
5826,f5826,8.038873388460929e-14,8.038873388460929e-14,5.684341886080802e-14,True,True
5827,f5827,8.038873388460929e-14,5.684341886080802e-14,5.684341886080802e-14,True,True
5828,f5828,1.191086668529821e-13,5.684341886080802e-14,1.1368683772161603e-13,True,True
5829,f5829,5.684341886080802e-14,0.0,5.684341886080802e-14,True,True
5830,f5830,5.684341886080802e-14,2.842170943040401e-14,5.684341886080802e-14,True,True
5831,f5831,6.355287432313019e-14,5.684341886080802e-14,5.684341886080802e-14,True,True
5832,f5832,8.038873388460929e-14,2.842170943040401e-14,6.039613253960852e-14,True,True
5833,f5833,4.0194366942304644e-14,1.4210854715202004e-14,2.842170943040401e-14,True,True
5834,f5834,6.355287432313019e-14,2.842170943040401e-14,5.684341886080802e-14,True,True
5835,f5835,1.2710574864626038e-13,1.1368683772161603e-13,1.1368683772161603e-13,True,True
5836,f5836,5.728578676879116e-14,2.842170943040401e-14,5.684341886080802e-14,True,True
5837,f5837,6.355287432313019e-14,4.440892098500626e-15,5.684341886080802e-14,True,True
5838,f5838,1.1368683772161603e-13,0.0,1.1368683772161603e-13,True,True
5839,f5839,5.684341886080802e-14,0.0,5.684341886080802e-14,True,True
5840,f5840,1.1718571004216928e-13,2.842170943040401e-14,1.1368683772161603e-13,True,True
5841,f5841,6.355287432313019e-14,0.0,5.684341886080802e-14,True,True
5842,f5842,1.1718571004216928e-13,1.1368683772161603e-13,1.1368683772161603e-13,True,True
5843,f5843,4.0194366942304644e-14,2.842170943040401e-14,2.842170943040401e-14,True,True
5844,f5844,8.038873388460929e-14,0.0,5.684341886080802e-14,True,True
5845,f5845,4.0194366942304644e-14,2.842170943040401e-14,2.842170943040401e-14,True,True
5846,f5846,5.684341886080802e-14,2.842170943040401e-14,5.684341886080802e-14,True,True
5847,f5847,5.728578676879116e-14,5.728578676879116e-14,2.842170943040401e-14,True,True
5848,f5848,5.123796534383003e-14,0.0,4.263256414560601e-14,True,True
5849,f5849,1.1718571004216928e-13,5.684341886080802e-14,1.1368683772161603e-13,True,True
5850,f5850,5.684341886080802e-14,0.0,5.684341886080802e-14,True,True
5851,f5851,1.1368683772161603e-13,6.355287432313019e-14,1.1368683772161603e-13,True,True
5852,f5852,5.684341886080802e-14,2.842170943040401e-14,5.684341886080802e-14,True,True
5853,f5853,5.684341886080802e-14,2.842170943040401e-14,5.684341886080802e-14,True,True
5854,f5854,1.1457157353758233e-13,1.1368683772161603e-13,1.1368683772161603e-13,True,True
5855,f5855,5.684341886080802e-14,2.842170943040401e-14,5.684341886080802e-14,True,True
5856,f5856,8.038873388460929e-14,2.842170943040401e-14,5.684341886080802e-14,True,True
5857,f5857,1.1368683772161603e-13,5.684341886080802e-14,1.1368683772161603e-13,True,True
5858,f5858,1.2710574864626038e-13,3.552713678800501e-14,1.1368683772161603e-13,True,True
5859,f5859,5.684341886080802e-14,0.0,5.684341886080802e-14,True,True
5860,f5860,1.2710574864626038e-13,0.0,1.1368683772161603e-13,True,True
5861,f5861,8.038873388460929e-14,8.038873388460929e-14,5.684341886080802e-14,True,True
5862,f5862,6.355287432313019e-14,2.842170943040401e-14,5.684341886080802e-14,True,True
5863,f5863,8.038873388460929e-14,5.684341886080802e-14,5.684341886080802e-14,True,True
5864,f5864,6.355287432313019e-14,7.105427357601002e-15,5.684341886080802e-14,True,True
5865,f5865,5.684341886080802e-14,2.842170943040401e-14,5.684341886080802e-14,True,True
5866,f5866,1.2710574864626038e-13,5.684341886080802e-14,1.1368683772161603e-13,True,True
5867,f5867,8.038873388460929e-14,0.0,5.684341886080802e-14,True,True
5868,f5868,6.355287432313019e-14,0.0,5.684341886080802e-14,True,True
5869,f5869,4.0194366942304644e-14,2.842170943040401e-14,2.842170943040401e-14,True,True
5870,f5870,6.355287432313019e-14,5.684341886080802e-14,5.684341886080802e-14,True,True
5871,f5871,1.1368683772161603e-13,0.0,1.1368683772161603e-13,True,True
5872,f5872,7.105427357601002e-14,2.842170943040401e-14,5.684341886080802e-14,True,True
5873,f5873,5.859285502108464e-14,5.684341886080802e-14,5.684341886080802e-14,True,True
5874,f5874,2.3437142008433856e-13,6.355287432313019e-14,2.2737367544323206e-13,True,True
5875,f5875,8.038873388460929e-14,5.684341886080802e-14,5.684341886080802e-14,True,True
5876,f5876,5.859285502108464e-14,0.0,5.684341886080802e-14,True,True
5877,f5877,1.2710574864626038e-13,8.038873388460929e-14,1.1368683772161603e-13,True,True
5878,f5878,1.1457157353758233e-13,0.0,1.1368683772161603e-13,True,True
5879,f5879,7.524003635759545e-14,3.552713678800501e-15,5.684341886080802e-14,True,True
5880,f5880,8.038873388460929e-14,8.038873388460929e-14,5.684341886080802e-14,True,True
5881,f5881,1.2710574864626038e-13,0.0,1.1368683772161603e-13,True,True
5882,f5882,8.038873388460929e-14,5.684341886080802e-14,5.684341886080802e-14,True,True
5883,f5883,6.355287432313019e-14,0.0,5.684341886080802e-14,True,True
5884,f5884,6.355287432313019e-14,0.0,5.684341886080802e-14,True,True
5885,f5885,6.355287432313019e-14,2.842170943040401e-14,5.684341886080802e-14,True,True
5886,f5886,2.2737367544323206e-13,2.842170943040401e-14,2.2737367544323206e-13,True,True
5887,f5887,1.2710574864626038e-13,0.0,1.1368683772161603e-13,True,True
5888,f5888,8.038873388460929e-14,5.684341886080802e-14,5.684341886080802e-14,True,True
5889,f5889,1.1368683772161603e-13,0.0,1.1368683772161603e-13,True,True
5890,f5890,6.750740292339637e-14,1.5987211554602254e-14,5.684341886080802e-14,True,True
5891,f5891,1.1457157353758233e-13,0.0,1.1368683772161603e-13,True,True
5892,f5892,6.355287432313019e-14,5.684341886080802e-14,5.684341886080802e-14,True,True
5893,f5893,1.1457157353758233e-13,0.0,1.1368683772161603e-13,True,True
5894,f5894,4.0194366942304644e-14,2.842170943040401e-14,3.552713678800501e-14,True,True
5895,f5895,1.1368683772161603e-13,0.0,1.1368683772161603e-13,True,True
5896,f5896,8.038873388460929e-14,5.684341886080802e-14,5.684341886080802e-14,True,True
5897,f5897,1.1368683772161603e-13,0.0,1.1368683772161603e-13,True,True
5898,f5898,1.1368683772161603e-13,0.0,1.1368683772161603e-13,True,True
5899,f5899,1.1718571004216928e-13,5.684341886080802e-14,1.1368683772161603e-13,True,True
5900,f5900,5.687116766346677e-14,0.0,5.684341886080802e-14,True,True
5901,f5901,1.1368683772161603e-13,2.842170943040401e-14,1.1368683772161603e-13,True,True
5902,f5902,8.038873388460929e-14,0.0,5.684341886080802e-14,True,True
5903,f5903,1.1368683772161603e-13,2.842170943040401e-14,1.1368683772161603e-13,True,True
5904,f5904,8.038873388460929e-14,2.842170943040401e-14,5.684341886080802e-14,True,True
5905,f5905,8.038873388460929e-14,8.038873388460929e-14,5.684341886080802e-14,True,True
5906,f5906,5.859285502108464e-14,1.4210854715202004e-14,5.684341886080802e-14,True,True
5907,f5907,8.038873388460929e-14,2.842170943040401e-14,5.684341886080802e-14,True,True
5908,f5908,1.1718571004216928e-13,5.684341886080802e-14,1.1368683772161603e-13,True,True
5909,f5909,2.3437142008433856e-13,0.0,2.2737367544323206e-13,True,True
5910,f5910,8.038873388460929e-14,8.038873388460929e-14,5.684341886080802e-14,True,True
5911,f5911,6.355287432313019e-14,0.0,5.684341886080802e-14,True,True
5912,f5912,8.038873388460929e-14,2.842170943040401e-14,5.684341886080802e-14,True,True
5913,f5913,5.684341886080802e-14,2.842170943040401e-14,5.684341886080802e-14,True,True
5914,f5914,1.2710574864626038e-13,0.0,1.1368683772161603e-13,True,True
5915,f5915,1.1368683772161603e-13,1.1368683772161603e-13,1.1368683772161603e-13,True,True
5916,f5916,1.2710574864626038e-13,0.0,1.1368683772161603e-13,True,True
5917,f5917,8.038873388460929e-14,0.0,5.684341886080802e-14,True,True
5918,f5918,5.684341886080802e-14,0.0,5.684341886080802e-14,True,True
5919,f5919,3.907985046680551e-14,1.4210854715202004e-14,3.907985046680551e-14,True,True
5920,f5920,6.355287432313019e-14,5.684341886080802e-14,5.684341886080802e-14,True,True
5921,f5921,1.6077746776921858e-13,0.0,1.1368683772161603e-13,True,True
5922,f5922,6.355287432313019e-14,5.684341886080802e-14,5.684341886080802e-14,True,True
5923,f5923,5.684341886080802e-14,5.684341886080802e-14,5.684341886080802e-14,True,True
5924,f5924,1.1368683772161603e-13,0.0,1.1368683772161603e-13,True,True
5925,f5925,1.1368683772161603e-13,1.1368683772161603e-13,1.1368683772161603e-13,True,True
5926,f5926,6.355287432313019e-14,1.4210854715202004e-14,5.684341886080802e-14,True,True
5927,f5927,6.355287432313019e-14,0.0,5.684341886080802e-14,True,True
5928,f5928,5.684341886080802e-14,5.684341886080802e-14,5.684341886080802e-14,True,True
5929,f5929,1.1718571004216928e-13,2.842170943040401e-14,1.1368683772161603e-13,True,True
5930,f5930,1.6077746776921858e-13,2.842170943040401e-14,1.1368683772161603e-13,True,True
5931,f5931,6.355287432313019e-14,0.0,5.684341886080802e-14,True,True
5932,f5932,1.2710574864626038e-13,0.0,1.1368683772161603e-13,True,True
5933,f5933,5.859285502108464e-14,0.0,5.684341886080802e-14,True,True
5934,f5934,6.355287432313019e-14,2.842170943040401e-14,5.684341886080802e-14,True,True
5935,f5935,6.355287432313019e-14,6.355287432313019e-14,5.684341886080802e-14,True,True
5936,f5936,5.859285502108464e-14,5.859285502108464e-14,5.684341886080802e-14,True,True
5937,f5937,8.038873388460929e-14,0.0,5.684341886080802e-14,True,True
5938,f5938,1.2710574864626038e-13,0.0,1.1368683772161603e-13,True,True
5939,f5939,8.038873388460929e-14,5.684341886080802e-14,5.684341886080802e-14,True,True
5940,f5940,6.355287432313019e-14,6.355287432313019e-14,5.684341886080802e-14,True,True
5941,f5941,6.355287432313019e-14,5.684341886080802e-14,5.684341886080802e-14,True,True
5942,f5942,5.695433295429594e-14,1.4210854715202004e-14,5.684341886080802e-14,True,True
5943,f5943,8.038873388460929e-14,5.684341886080802e-14,5.684341886080802e-14,True,True
5944,f5944,1.2710574864626038e-13,0.0,1.1368683772161603e-13,True,True
5945,f5945,5.684341886080802e-14,2.842170943040401e-14,5.684341886080802e-14,True,True
5946,f5946,8.038873388460929e-14,5.684341886080802e-14,5.684341886080802e-14,True,True
5947,f5947,1.2710574864626038e-13,5.684341886080802e-14,1.1368683772161603e-13,True,True
5948,f5948,1.2710574864626038e-13,1.1368683772161603e-13,1.1368683772161603e-13,True,True
5949,f5949,8.038873388460929e-14,2.842170943040401e-14,5.684341886080802e-14,True,True
5950,f5950,6.355287432313019e-14,2.842170943040401e-14,5.684341886080802e-14,True,True
5951,f5951,8.038873388460929e-14,0.0,5.684341886080802e-14,True,True
5952,f5952,1.1368683772161603e-13,0.0,1.1368683772161603e-13,True,True
5953,f5953,6.355287432313019e-14,6.355287432313019e-14,5.684341886080802e-14,True,True
5954,f5954,1.1368683772161603e-13,5.684341886080802e-14,1.1368683772161603e-13,True,True
5955,f5955,1.2710574864626038e-13,6.355287432313019e-14,1.1368683772161603e-13,True,True
5956,f5956,2.3437142008433856e-13,0.0,2.2737367544323206e-13,True,True
5957,f5957,6.355287432313019e-14,5.684341886080802e-14,5.684341886080802e-14,True,True
5958,f5958,8.038873388460929e-14,0.0,5.684341886080802e-14,True,True
5959,f5959,1.2710574864626038e-13,8.038873388460929e-14,1.1368683772161603e-13,True,True
5960,f5960,6.355287432313019e-14,5.684341886080802e-14,5.684341886080802e-14,True,True
5961,f5961,1.139086659085919e-13,1.1368683772161603e-13,1.1368683772161603e-13,True,True
5962,f5962,1.1368683772161603e-13,1.1368683772161603e-13,5.684341886080802e-14,True,True
5963,f5963,8.038873388460929e-14,0.0,5.684341886080802e-14,True,True
5964,f5964,1.2710574864626038e-13,0.0,1.1368683772161603e-13,True,True
5965,f5965,4.0194366942304644e-14,4.0194366942304644e-14,2.842170943040401e-14,True,True
5966,f5966,6.355287432313019e-14,6.355287432313019e-14,5.684341886080802e-14,True,True
5967,f5967,1.1368683772161603e-13,1.1368683772161603e-13,1.1368683772161603e-13,True,True
5968,f5968,6.355287432313019e-14,2.842170943040401e-14,5.684341886080802e-14,True,True
5969,f5969,1.2710574864626038e-13,1.1718571004216928e-13,1.1368683772161603e-13,True,True
5970,f5970,5.684341886080802e-14,2.842170943040401e-14,5.684341886080802e-14,True,True
5971,f5971,1.1368683772161603e-13,5.684341886080802e-14,1.1368683772161603e-13,True,True
5972,f5972,5.684341886080802e-14,0.0,5.684341886080802e-14,True,True
5973,f5973,1.1368683772161603e-13,5.684341886080802e-14,1.1368683772161603e-13,True,True
5974,f5974,6.43668973480993e-14,7.105427357601002e-15,5.684341886080802e-14,True,True
5975,f5975,1.2710574864626038e-13,1.1368683772161603e-13,1.1368683772161603e-13,True,True
5976,f5976,1.1718571004216928e-13,2.842170943040401e-14,1.1368683772161603e-13,True,True
5977,f5977,1.1718571004216928e-13,2.842170943040401e-14,1.1368683772161603e-13,True,True
5978,f5978,8.038873388460929e-14,8.038873388460929e-14,5.684341886080802e-14,True,True
5979,f5979,8.038873388460929e-14,5.684341886080802e-14,5.684341886080802e-14,True,True
5980,f5980,6.799062365205315e-14,4.5496934130773415e-14,5.684341886080802e-14,True,True
5981,f5981,5.684341886080802e-14,1.4210854715202004e-14,5.684341886080802e-14,True,True
5982,f5982,8.038873388460929e-14,0.0,5.684341886080802e-14,True,True
5983,f5983,1.1368683772161603e-13,0.0,1.1368683772161603e-13,True,True
5984,f5984,6.204547701064548e-14,5.684341886080802e-14,5.684341886080802e-14,True,True
5985,f5985,8.038873388460929e-14,0.0,5.684341886080802e-14,True,True
5986,f5986,5.883469768860719e-14,0.0,5.684341886080802e-14,True,True
5987,f5987,8.038873388460929e-14,0.0,5.684341886080802e-14,True,True
5988,f5988,1.2710574864626038e-13,0.0,1.1368683772161603e-13,True,True
5989,f5989,1.1718571004216928e-13,2.842170943040401e-14,1.1368683772161603e-13,True,True
5990,f5990,2.2737367544323206e-13,2.842170943040401e-14,2.2737367544323206e-13,True,True
5991,f5991,1.1368683772161603e-13,0.0,1.1368683772161603e-13,True,True
5992,f5992,5.684341886080802e-14,0.0,5.684341886080802e-14,True,True
5993,f5993,1.1718571004216928e-13,0.0,1.1368683772161603e-13,True,True
5994,f5994,1.1368683772161603e-13,0.0,1.1368683772161603e-13,True,True
5995,f5995,5.684341886080802e-14,0.0,5.684341886080802e-14,True,True
5996,f5996,1.2710574864626038e-13,1.2710574864626038e-13,1.1368683772161603e-13,True,True
5997,f5997,5.684341886080802e-14,0.0,5.684341886080802e-14,True,True
5998,f5998,1.1368683772161603e-13,0.0,1.1368683772161603e-13,True,True
5999,f5999,1.1368683772161603e-13,5.684341886080802e-14,1.1368683772161603e-13,True,True
6000,f6000,5.859285502108464e-14,0.0,5.684341886080802e-14,True,True
6001,f6001,6.355287432313019e-14,1.4210854715202004e-14,5.684341886080802e-14,True,True
6002,f6002,1.1368683772161603e-13,5.684341886080802e-14,1.1368683772161603e-13,True,True
6003,f6003,1.1368683772161603e-13,1.1368683772161603e-13,5.684341886080802e-14,True,True
6004,f6004,1.2710574864626038e-13,5.684341886080802e-14,1.1368683772161603e-13,True,True
6005,f6005,5.684341886080802e-14,2.842170943040401e-14,5.684341886080802e-14,True,True
6006,f6006,4.322062729257126e-14,3.6230712748823524e-14,4.263256414560601e-14,True,True
6007,f6007,1.2710574864626038e-13,2.842170943040401e-14,1.1368683772161603e-13,True,True
6008,f6008,5.859285502108464e-14,5.684341886080802e-14,5.684341886080802e-14,True,True
6009,f6009,4.0194366942304644e-14,4.0194366942304644e-14,2.842170943040401e-14,True,True
6010,f6010,5.684341886080802e-14,5.684341886080802e-14,5.684341886080802e-14,True,True
6011,f6011,8.038873388460929e-14,5.684341886080802e-14,5.684341886080802e-14,True,True
6012,f6012,1.1368683772161603e-13,1.1368683772161603e-13,5.684341886080802e-14,True,True
6013,f6013,6.355287432313019e-14,1.4210854715202004e-14,5.684341886080802e-14,True,True
6014,f6014,1.1368683772161603e-13,5.684341886080802e-14,1.1368683772161603e-13,True,True
6015,f6015,8.038873388460929e-14,0.0,5.684341886080802e-14,True,True
6016,f6016,1.2710574864626038e-13,8.038873388460929e-14,1.1368683772161603e-13,True,True
6017,f6017,8.038873388460929e-14,5.684341886080802e-14,5.684341886080802e-14,True,True
6018,f6018,1.1368683772161603e-13,0.0,1.1368683772161603e-13,True,True
6019,f6019,1.1718571004216928e-13,1.1718571004216928e-13,1.1368683772161603e-13,True,True
6020,f6020,5.684341886080802e-14,5.684341886080802e-14,5.684341886080802e-14,True,True
6021,f6021,8.038873388460929e-14,0.0,5.684341886080802e-14,True,True
6022,f6022,1.1457157353758233e-13,5.684341886080802e-14,1.1368683772161603e-13,True,True
6023,f6023,1.1718571004216928e-13,1.1718571004216928e-13,2.842170943040401e-14,True,True
6024,f6024,2.5421149729252077e-13,5.684341886080802e-14,2.2737367544323206e-13,True,True
6025,f6025,6.355287432313019e-14,5.684341886080802e-14,5.684341886080802e-14,True,True
6026,f6026,6.355287432313019e-14,0.0,5.684341886080802e-14,True,True
6027,f6027,8.038873388460929e-14,6.355287432313019e-14,5.684341886080802e-14,True,True
6028,f6028,8.038873388460929e-14,0.0,5.684341886080802e-14,True,True
6029,f6029,1.1718571004216928e-13,2.842170943040401e-14,1.1368683772161603e-13,True,True
6030,f6030,1.1368683772161603e-13,8.038873388460929e-14,1.1368683772161603e-13,True,True
6031,f6031,1.2710574864626038e-13,2.842170943040401e-14,1.1368683772161603e-13,True,True
6032,f6032,6.355287432313019e-14,2.842170943040401e-14,5.684341886080802e-14,True,True
6033,f6033,6.355287432313019e-14,6.355287432313019e-14,5.684341886080802e-14,True,True
6034,f6034,3.9918655144511616e-14,2.842170943040401e-14,3.730349362740526e-14,True,True
6035,f6035,5.684341886080802e-14,0.0,5.684341886080802e-14,True,True
6036,f6036,2.5421149729252077e-13,0.0,2.2737367544323206e-13,True,True
6037,f6037,1.1457157353758233e-13,7.105427357601002e-15,1.1368683772161603e-13,True,True
6038,f6038,8.038873388460929e-14,2.842170943040401e-14,5.684341886080802e-14,True,True
6039,f6039,1.2710574864626038e-13,0.0,1.1368683772161603e-13,True,True
6040,f6040,6.07087979554246e-14,0.0,5.684341886080802e-14,True,True
6041,f6041,1.1457157353758233e-13,6.355287432313019e-14,1.1368683772161603e-13,True,True
6042,f6042,6.355287432313019e-14,6.355287432313019e-14,5.684341886080802e-14,True,True
6043,f6043,1.1368683772161603e-13,0.0,1.1368683772161603e-13,True,True
6044,f6044,1.2710574864626038e-13,0.0,1.1368683772161603e-13,True,True
6045,f6045,8.038873388460929e-14,0.0,5.684341886080802e-14,True,True
6046,f6046,6.355287432313019e-14,5.684341886080802e-14,5.684341886080802e-14,True,True
6047,f6047,5.684341886080802e-14,2.842170943040401e-14,5.684341886080802e-14,True,True
6048,f6048,5.684341886080802e-14,2.842170943040401e-14,5.684341886080802e-14,True,True
6049,f6049,1.1368683772161603e-13,1.4210854715202004e-14,1.1368683772161603e-13,True,True
6050,f6050,2.5421149729252077e-13,1.2710574864626038e-13,2.2737367544323206e-13,True,True
6051,f6051,1.2710574864626038e-13,0.0,1.1368683772161603e-13,True,True
6052,f6052,1.1368683772161603e-13,0.0,1.1368683772161603e-13,True,True
6053,f6053,5.684341886080802e-14,0.0,5.684341886080802e-14,True,True
6054,f6054,1.2710574864626038e-13,5.684341886080802e-14,1.1368683772161603e-13,True,True
6055,f6055,6.355287432313019e-14,2.842170943040401e-14,5.684341886080802e-14,True,True
6056,f6056,6.355287432313019e-14,2.842170943040401e-14,5.684341886080802e-14,True,True
6057,f6057,6.355287432313019e-14,2.842170943040401e-14,5.684341886080802e-14,True,True
6058,f6058,6.07087979554246e-14,1.4210854715202004e-14,5.684341886080802e-14,True,True
6059,f6059,1.1718571004216928e-13,1.1718571004216928e-13,1.1368683772161603e-13,True,True
6060,f6060,5.859285502108464e-14,3.552713678800501e-15,5.684341886080802e-14,True,True
6061,f6061,6.355287432313019e-14,1.4210854715202004e-14,5.684341886080802e-14,True,True
6062,f6062,6.355287432313019e-14,6.355287432313019e-14,5.684341886080802e-14,True,True
6063,f6063,5.684341886080802e-14,0.0,5.684341886080802e-14,True,True
6064,f6064,1.1368683772161603e-13,0.0,1.1368683772161603e-13,True,True
6065,f6065,1.1368683772161603e-13,0.0,1.1368683772161603e-13,True,True
6066,f6066,5.684341886080802e-14,5.684341886080802e-14,5.684341886080802e-14,True,True
6067,f6067,8.038873388460929e-14,0.0,5.684341886080802e-14,True,True
6068,f6068,1.1368683772161603e-13,5.684341886080802e-14,1.1368683772161603e-13,True,True
6069,f6069,4.0194366942304644e-14,2.842170943040401e-14,2.842170943040401e-14,True,True
6070,f6070,1.2710574864626038e-13,1.2710574864626038e-13,5.684341886080802e-14,True,True
6071,f6071,1.1457157353758233e-13,0.0,1.1368683772161603e-13,True,True
6072,f6072,1.1368683772161603e-13,1.1368683772161603e-13,1.1368683772161603e-13,True,True
6073,f6073,1.6077746776921858e-13,0.0,1.1368683772161603e-13,True,True
6074,f6074,6.355287432313019e-14,5.684341886080802e-14,5.684341886080802e-14,True,True
6075,f6075,5.684341886080802e-14,2.842170943040401e-14,5.684341886080802e-14,True,True
6076,f6076,1.2710574864626038e-13,0.0,1.1368683772161603e-13,True,True
6077,f6077,5.859285502108464e-14,1.4210854715202004e-14,5.684341886080802e-14,True,True
6078,f6078,1.1368683772161603e-13,0.0,1.1368683772161603e-13,True,True
6079,f6079,1.1718571004216928e-13,1.1368683772161603e-13,1.1368683772161603e-13,True,True
6080,f6080,5.859285502108464e-14,5.859285502108464e-14,5.684341886080802e-14,True,True
6081,f6081,8.038873388460929e-14,5.684341886080802e-14,5.684341886080802e-14,True,True
6082,f6082,1.1457157353758233e-13,8.038873388460929e-14,1.1368683772161603e-13,True,True
6083,f6083,1.2710574864626038e-13,0.0,1.1368683772161603e-13,True,True
6084,f6084,6.355287432313019e-14,2.842170943040401e-14,5.684341886080802e-14,True,True
6085,f6085,8.038873388460929e-14,0.0,5.684341886080802e-14,True,True
6086,f6086,6.355287432313019e-14,5.684341886080802e-14,5.684341886080802e-14,True,True
6087,f6087,1.1457157353758233e-13,2.1316282072803006e-14,1.1368683772161603e-13,True,True
6088,f6088,1.1368683772161603e-13,0.0,1.1368683772161603e-13,True,True
6089,f6089,5.684341886080802e-14,1.4210854715202004e-14,5.684341886080802e-14,True,True
6090,f6090,5.728578676879116e-14,0.0,5.684341886080802e-14,True,True
6091,f6091,1.1368683772161603e-13,1.1368683772161603e-13,5.684341886080802e-14,True,True
6092,f6092,1.1368683772161603e-13,2.842170943040401e-14,1.1368683772161603e-13,True,True
6093,f6093,6.355287432313019e-14,0.0,5.684341886080802e-14,True,True
6094,f6094,6.355287432313019e-14,2.842170943040401e-14,5.684341886080802e-14,True,True
6095,f6095,1.1718571004216928e-13,0.0,1.1368683772161603e-13,True,True
6096,f6096,5.859285502108464e-14,2.842170943040401e-14,5.684341886080802e-14,True,True
6097,f6097,2.842170943040401e-14,0.0,2.842170943040401e-14,True,True
6098,f6098,5.684341886080802e-14,5.684341886080802e-14,5.684341886080802e-14,True,True
6099,f6099,6.355287432313019e-14,2.842170943040401e-14,5.684341886080802e-14,True,True
6100,f6100,1.1718571004216928e-13,2.842170943040401e-14,1.1368683772161603e-13,True,True
6101,f6101,7.105427357601002e-14,6.07087979554246e-14,5.684341886080802e-14,True,True
6102,f6102,1.1368683772161603e-13,0.0,1.1368683772161603e-13,True,True
6103,f6103,6.355287432313019e-14,2.842170943040401e-14,5.684341886080802e-14,True,True
6104,f6104,1.1368683772161603e-13,2.842170943040401e-14,1.1368683772161603e-13,True,True
6105,f6105,8.038873388460929e-14,8.038873388460929e-14,5.684341886080802e-14,True,True
6106,f6106,1.1457157353758233e-13,6.355287432313019e-14,1.1368683772161603e-13,True,True
6107,f6107,5.728578676879116e-14,4.0194366942304644e-14,5.684341886080802e-14,True,True
6108,f6108,8.038873388460929e-14,5.684341886080802e-14,5.684341886080802e-14,True,True
6109,f6109,6.355287432313019e-14,0.0,5.684341886080802e-14,True,True
6110,f6110,5.684341886080802e-14,5.684341886080802e-14,5.684341886080802e-14,True,True
6111,f6111,5.684341886080802e-14,3.1776437161565096e-14,5.684341886080802e-14,True,True
6112,f6112,1.2710574864626038e-13,0.0,1.1368683772161603e-13,True,True
6113,f6113,5.684341886080802e-14,2.842170943040401e-14,5.684341886080802e-14,True,True
6114,f6114,6.355287432313019e-14,0.0,5.684341886080802e-14,True,True
6115,f6115,6.703246762680666e-14,1.4210854715202004e-14,5.684341886080802e-14,True,True
6116,f6116,1.1368683772161603e-13,0.0,1.1368683772161603e-13,True,True
6117,f6117,5.684341886080802e-14,0.0,5.684341886080802e-14,True,True
6118,f6118,4.0194366942304644e-14,0.0,2.842170943040401e-14,True,True
6119,f6119,5.859285502108464e-14,7.105427357601002e-15,5.684341886080802e-14,True,True
6120,f6120,1.1457157353758233e-13,0.0,1.1368683772161603e-13,True,True
6121,f6121,1.6077746776921858e-13,1.2710574864626038e-13,1.1368683772161603e-13,True,True
6122,f6122,1.1368683772161603e-13,1.4210854715202004e-14,1.1368683772161603e-13,True,True
6123,f6123,1.1718571004216928e-13,2.842170943040401e-14,1.1368683772161603e-13,True,True
6124,f6124,8.038873388460929e-14,0.0,5.684341886080802e-14,True,True
6125,f6125,1.1368683772161603e-13,0.0,1.1368683772161603e-13,True,True
6126,f6126,1.1718571004216928e-13,5.684341886080802e-14,1.1368683772161603e-13,True,True
6127,f6127,6.355287432313019e-14,5.684341886080802e-14,5.684341886080802e-14,True,True
6128,f6128,1.1718571004216928e-13,5.684341886080802e-14,1.1368683772161603e-13,True,True
6129,f6129,1.1368683772161603e-13,5.684341886080802e-14,1.1368683772161603e-13,True,True
6130,f6130,6.703246762680666e-14,5.695433295429594e-14,5.684341886080802e-14,True,True
6131,f6131,6.355287432313019e-14,2.842170943040401e-14,5.684341886080802e-14,True,True
6132,f6132,5.684341886080802e-14,5.684341886080802e-14,5.684341886080802e-14,True,True
6133,f6133,1.2710574864626038e-13,5.684341886080802e-14,1.1368683772161603e-13,True,True
6134,f6134,1.2710574864626038e-13,2.842170943040401e-14,1.1368683772161603e-13,True,True
6135,f6135,2.842170943040401e-14,0.0,2.842170943040401e-14,True,True
6136,f6136,8.038873388460929e-14,2.842170943040401e-14,5.684341886080802e-14,True,True
6137,f6137,1.1368683772161603e-13,5.684341886080802e-14,1.1368683772161603e-13,True,True
6138,f6138,8.038873388460929e-14,2.929642751054232e-14,5.684341886080802e-14,True,True
6139,f6139,1.1368683772161603e-13,5.684341886080802e-14,1.1368683772161603e-13,True,True
6140,f6140,8.038873388460929e-14,0.0,5.684341886080802e-14,True,True
6141,f6141,1.2710574864626038e-13,0.0,1.1368683772161603e-13,True,True
6142,f6142,6.355287432313019e-14,2.842170943040401e-14,5.684341886080802e-14,True,True
6143,f6143,5.684341886080802e-14,5.684341886080802e-14,5.684341886080802e-14,True,True
6144,f6144,1.1368683772161603e-13,0.0,1.1368683772161603e-13,True,True
6145,f6145,1.1368683772161603e-13,6.355287432313019e-14,1.1368683772161603e-13,True,True
6146,f6146,5.684341886080802e-14,0.0,5.684341886080802e-14,True,True
6147,f6147,1.1457157353758233e-13,5.859285502108464e-14,1.1368683772161603e-13,True,True
6148,f6148,1.1718571004216928e-13,6.355287432313019e-14,1.1368683772161603e-13,True,True
6149,f6149,8.038873388460929e-14,0.0,5.684341886080802e-14,True,True
6150,f6150,8.038873388460929e-14,5.684341886080802e-14,5.684341886080802e-14,True,True
6151,f6151,1.1368683772161603e-13,0.0,1.1368683772161603e-13,True,True
6152,f6152,5.684341886080802e-14,2.842170943040401e-14,5.684341886080802e-14,True,True
6153,f6153,5.684341886080802e-14,2.842170943040401e-14,5.684341886080802e-14,True,True
6154,f6154,4.0194366942304644e-14,2.842170943040401e-14,2.842170943040401e-14,True,True
6155,f6155,5.783398860650275e-14,0.0,5.684341886080802e-14,True,True
6156,f6156,8.038873388460929e-14,0.0,5.684341886080802e-14,True,True
6157,f6157,5.684341886080802e-14,5.684341886080802e-14,5.684341886080802e-14,True,True
6158,f6158,1.2710574864626038e-13,0.0,1.1368683772161603e-13,True,True
6159,f6159,6.355287432313019e-14,2.842170943040401e-14,5.684341886080802e-14,True,True
6160,f6160,6.355287432313019e-14,6.355287432313019e-14,5.684341886080802e-14,True,True
6161,f6161,1.1368683772161603e-13,5.684341886080802e-14,1.1368683772161603e-13,True,True
6162,f6162,1.1368683772161603e-13,2.842170943040401e-14,1.1368683772161603e-13,True,True
6163,f6163,1.1368683772161603e-13,2.842170943040401e-14,1.1368683772161603e-13,True,True
6164,f6164,8.038873388460929e-14,0.0,5.684341886080802e-14,True,True
6165,f6165,5.684341886080802e-14,0.0,5.684341886080802e-14,True,True
6166,f6166,1.1718571004216928e-13,5.684341886080802e-14,1.1368683772161603e-13,True,True
6167,f6167,1.1368683772161603e-13,0.0,1.1368683772161603e-13,True,True
6168,f6168,6.355287432313019e-14,0.0,5.684341886080802e-14,True,True
6169,f6169,1.1718571004216928e-13,1.1368683772161603e-13,1.1368683772161603e-13,True,True
6170,f6170,2.2914314707516465e-13,0.0,2.2737367544323206e-13,True,True
6171,f6171,6.355287432313019e-14,2.842170943040401e-14,5.684341886080802e-14,True,True
6172,f6172,6.703246762680666e-14,6.355287432313019e-14,5.684341886080802e-14,True,True
6173,f6173,1.2710574864626038e-13,0.0,1.1368683772161603e-13,True,True
6174,f6174,1.1368683772161603e-13,0.0,1.1368683772161603e-13,True,True
6175,f6175,1.1368683772161603e-13,0.0,1.1368683772161603e-13,True,True
6176,f6176,1.1368683772161603e-13,5.684341886080802e-14,1.1368683772161603e-13,True,True
6177,f6177,1.6077746776921858e-13,5.684341886080802e-14,1.1368683772161603e-13,True,True
6178,f6178,1.1718571004216928e-13,5.684341886080802e-14,1.1368683772161603e-13,True,True
6179,f6179,5.684341886080802e-14,2.842170943040401e-14,5.684341886080802e-14,True,True
6180,f6180,1.1368683772161603e-13,5.684341886080802e-14,1.1368683772161603e-13,True,True
6181,f6181,1.2710574864626038e-13,1.2710574864626038e-13,1.1368683772161603e-13,True,True
6182,f6182,8.038873388460929e-14,2.842170943040401e-14,5.684341886080802e-14,True,True
6183,f6183,6.355287432313019e-14,0.0,5.684341886080802e-14,True,True
6184,f6184,5.687116766346677e-14,8.881784197001252e-15,5.684341886080802e-14,True,True
6185,f6185,5.684341886080802e-14,2.842170943040401e-14,5.684341886080802e-14,True,True
6186,f6186,1.1368683772161603e-13,0.0,1.1368683772161603e-13,True,True
6187,f6187,5.684341886080802e-14,0.0,5.684341886080802e-14,True,True
6188,f6188,6.355287432313019e-14,0.0,5.684341886080802e-14,True,True
6189,f6189,5.859285502108464e-14,5.695433295429594e-14,5.684341886080802e-14,True,True
6190,f6190,1.1368683772161603e-13,6.355287432313019e-14,1.1368683772161603e-13,True,True
6191,f6191,6.355287432313019e-14,6.355287432313019e-14,5.684341886080802e-14,True,True
6192,f6192,6.355287432313019e-14,2.842170943040401e-14,5.684341886080802e-14,True,True
6193,f6193,3.9503975568966054e-14,1.4210854715202004e-14,3.68594044175552e-14,True,True
6194,f6194,6.355287432313019e-14,0.0,5.684341886080802e-14,True,True
6195,f6195,1.1457157353758233e-13,5.684341886080802e-14,1.1368683772161603e-13,True,True
6196,f6196,8.038873388460929e-14,5.684341886080802e-14,5.684341886080802e-14,True,True
6197,f6197,1.2710574864626038e-13,5.684341886080802e-14,1.1368683772161603e-13,True,True
6198,f6198,1.214175959108492e-13,1.4210854715202004e-14,1.1368683772161603e-13,True,True
6199,f6199,8.038873388460929e-14,8.038873388460929e-14,5.684341886080802e-14,True,True
6200,f6200,1.1368683772161603e-13,8.038873388460929e-14,1.1368683772161603e-13,True,True
6201,f6201,1.2710574864626038e-13,0.0,1.1368683772161603e-13,True,True
6202,f6202,5.684341886080802e-14,5.684341886080802e-14,5.684341886080802e-14,True,True
6203,f6203,5.684341886080802e-14,5.684341886080802e-14,5.684341886080802e-14,True,True
6204,f6204,1.6077746776921858e-13,1.1368683772161603e-13,1.1368683772161603e-13,True,True
6205,f6205,1.1368683772161603e-13,5.684341886080802e-14,1.1368683772161603e-13,True,True
6206,f6206,1.1368683772161603e-13,5.684341886080802e-14,1.1368683772161603e-13,True,True
6207,f6207,1.1368683772161603e-13,5.684341886080802e-14,1.1368683772161603e-13,True,True
6208,f6208,5.684341886080802e-14,0.0,5.684341886080802e-14,True,True
6209,f6209,1.1368683772161603e-13,7.105427357601002e-15,1.1368683772161603e-13,True,True
6210,f6210,1.2710574864626038e-13,5.684341886080802e-14,1.1368683772161603e-13,True,True
6211,f6211,1.2710574864626038e-13,1.1368683772161603e-13,1.1368683772161603e-13,True,True
6212,f6212,1.2710574864626038e-13,0.0,1.1368683772161603e-13,True,True
6213,f6213,1.1368683772161603e-13,0.0,1.1368683772161603e-13,True,True
6214,f6214,8.038873388460929e-14,2.842170943040401e-14,5.684341886080802e-14,True,True
6215,f6215,8.038873388460929e-14,5.684341886080802e-14,5.684341886080802e-14,True,True
6216,f6216,1.1368683772161603e-13,5.684341886080802e-14,1.1368683772161603e-13,True,True
6217,f6217,2.2737367544323206e-13,5.684341886080802e-14,2.2737367544323206e-13,True,True
6218,f6218,1.2710574864626038e-13,0.0,1.1368683772161603e-13,True,True
6219,f6219,6.355287432313019e-14,0.0,5.684341886080802e-14,True,True
6220,f6220,1.1457157353758233e-13,0.0,1.1368683772161603e-13,True,True
6221,f6221,6.355287432313019e-14,5.859285502108464e-14,5.684341886080802e-14,True,True
6222,f6222,8.038873388460929e-14,0.0,5.684341886080802e-14,True,True
6223,f6223,4.0194366942304644e-14,2.842170943040401e-14,2.842170943040401e-14,True,True
6224,f6224,1.1368683772161603e-13,5.684341886080802e-14,1.1368683772161603e-13,True,True
6225,f6225,1.1368683772161603e-13,5.684341886080802e-14,1.1368683772161603e-13,True,True
6226,f6226,5.684341886080802e-14,5.684341886080802e-14,5.684341886080802e-14,True,True
6227,f6227,5.684341886080802e-14,5.684341886080802e-14,5.684341886080802e-14,True,True
6228,f6228,8.038873388460929e-14,6.355287432313019e-14,5.684341886080802e-14,True,True
6229,f6229,6.355287432313019e-14,1.4210854715202004e-14,5.684341886080802e-14,True,True
6230,f6230,1.1368683772161603e-13,1.1368683772161603e-13,5.684341886080802e-14,True,True
6231,f6231,1.6077746776921858e-13,5.684341886080802e-14,1.1368683772161603e-13,True,True
6232,f6232,5.684341886080802e-14,0.0,5.684341886080802e-14,True,True
6233,f6233,1.2710574864626038e-13,1.1368683772161603e-13,1.1368683772161603e-13,True,True
6234,f6234,8.038873388460929e-14,5.684341886080802e-14,5.684341886080802e-14,True,True
6235,f6235,5.859285502108464e-14,2.842170943040401e-14,5.684341886080802e-14,True,True
6236,f6236,1.6077746776921858e-13,0.0,1.1368683772161603e-13,True,True
6237,f6237,8.038873388460929e-14,8.038873388460929e-14,5.684341886080802e-14,True,True
6238,f6238,8.038873388460929e-14,8.038873388460929e-14,5.684341886080802e-14,True,True
6239,f6239,1.1368683772161603e-13,0.0,1.1368683772161603e-13,True,True
6240,f6240,1.2710574864626038e-13,1.2710574864626038e-13,5.684341886080802e-14,True,True
6241,f6241,6.355287432313019e-14,2.842170943040401e-14,5.684341886080802e-14,True,True
6242,f6242,6.355287432313019e-14,2.842170943040401e-14,5.684341886080802e-14,True,True
6243,f6243,6.355287432313019e-14,2.842170943040401e-14,5.684341886080802e-14,True,True
6244,f6244,1.1368683772161603e-13,0.0,1.1368683772161603e-13,True,True
6245,f6245,1.2710574864626038e-13,1.2710574864626038e-13,5.684341886080802e-14,True,True
6246,f6246,5.859285502108464e-14,2.842170943040401e-14,5.684341886080802e-14,True,True
6247,f6247,6.355287432313019e-14,0.0,5.684341886080802e-14,True,True
6248,f6248,5.929547246265982e-14,2.842170943040401e-14,5.684341886080802e-14,True,True
6249,f6249,1.1718571004216928e-13,5.684341886080802e-14,1.1368683772161603e-13,True,True
6250,f6250,6.355287432313019e-14,0.0,5.684341886080802e-14,True,True
6251,f6251,1.6077746776921858e-13,5.684341886080802e-14,1.1368683772161603e-13,True,True
6252,f6252,8.038873388460929e-14,0.0,5.684341886080802e-14,True,True
6253,f6253,8.038873388460929e-14,5.684341886080802e-14,5.684341886080802e-14,True,True
6254,f6254,1.1718571004216928e-13,1.4210854715202004e-14,1.1368683772161603e-13,True,True
6255,f6255,5.684341886080802e-14,0.0,5.684341886080802e-14,True,True
6256,f6256,6.355287432313019e-14,2.842170943040401e-14,5.684341886080802e-14,True,True
6257,f6257,1.1718571004216928e-13,0.0,1.1368683772161603e-13,True,True
6258,f6258,1.1368683772161603e-13,6.355287432313019e-14,1.1368683772161603e-13,True,True
6259,f6259,1.2710574864626038e-13,0.0,1.1368683772161603e-13,True,True
6260,f6260,1.1368683772161603e-13,0.0,1.1368683772161603e-13,True,True
6261,f6261,5.684341886080802e-14,2.842170943040401e-14,5.684341886080802e-14,True,True
6262,f6262,6.848195442259891e-14,5.684341886080802e-14,5.684341886080802e-14,True,True
6263,f6263,1.1368683772161603e-13,2.842170943040401e-14,1.1368683772161603e-13,True,True
6264,f6264,1.1368683772161603e-13,0.0,1.1368683772161603e-13,True,True
6265,f6265,8.038873388460929e-14,0.0,5.684341886080802e-14,True,True
6266,f6266,1.2710574864626038e-13,5.684341886080802e-14,1.1368683772161603e-13,True,True
6267,f6267,8.038873388460929e-14,0.0,5.684341886080802e-14,True,True
6268,f6268,1.1457157353758233e-13,1.139086659085919e-13,1.1368683772161603e-13,True,True
6269,f6269,6.07087979554246e-14,6.07087979554246e-14,5.684341886080802e-14,True,True
6270,f6270,8.038873388460929e-14,8.038873388460929e-14,5.684341886080802e-14,True,True
6271,f6271,5.859285502108464e-14,1.4210854715202004e-14,5.684341886080802e-14,True,True
6272,f6272,1.1368683772161603e-13,0.0,1.1368683772161603e-13,True,True
6273,f6273,1.1718571004216928e-13,0.0,1.1368683772161603e-13,True,True
6274,f6274,6.204547701064548e-14,0.0,5.684341886080802e-14,True,True
6275,f6275,2.2737367544323206e-13,5.684341886080802e-14,2.2737367544323206e-13,True,True
6276,f6276,1.156679772130055e-13,5.684341886080802e-14,1.1368683772161603e-13,True,True
6277,f6277,1.1718571004216928e-13,0.0,1.1368683772161603e-13,True,True
6278,f6278,8.987733679556355e-14,6.355287432313019e-14,8.526512829121202e-14,True,True
6279,f6279,8.038873388460929e-14,5.684341886080802e-14,5.684341886080802e-14,True,True
6280,f6280,1.1368683772161603e-13,0.0,1.1368683772161603e-13,True,True
6281,f6281,8.038873388460929e-14,2.842170943040401e-14,5.684341886080802e-14,True,True
6282,f6282,1.2710574864626038e-13,5.684341886080802e-14,1.1368683772161603e-13,True,True
6283,f6283,1.2710574864626038e-13,0.0,1.1368683772161603e-13,True,True
6284,f6284,5.684341886080802e-14,2.842170943040401e-14,5.684341886080802e-14,True,True
6285,f6285,8.038873388460929e-14,0.0,5.684341886080802e-14,True,True
6286,f6286,5.728578676879116e-14,3.1776437161565096e-14,5.684341886080802e-14,True,True
6287,f6287,1.1368683772161603e-13,2.842170943040401e-14,1.1368683772161603e-13,True,True
6288,f6288,6.07087979554246e-14,1.4210854715202004e-14,5.684341886080802e-14,True,True
6289,f6289,5.684341886080802e-14,0.0,5.684341886080802e-14,True,True
6290,f6290,1.2710574864626038e-13,0.0,1.1368683772161603e-13,True,True
6291,f6291,1.1457157353758233e-13,0.0,1.1368683772161603e-13,True,True
6292,f6292,1.1718571004216928e-13,6.355287432313019e-14,1.1368683772161603e-13,True,True
6293,f6293,5.684341886080802e-14,2.842170943040401e-14,5.684341886080802e-14,True,True
6294,f6294,6.07087979554246e-14,5.859285502108464e-14,5.684341886080802e-14,True,True
6295,f6295,6.355287432313019e-14,2.842170943040401e-14,5.684341886080802e-14,True,True
6296,f6296,8.038873388460929e-14,0.0,5.684341886080802e-14,True,True
6297,f6297,8.038873388460929e-14,5.684341886080802e-14,5.684341886080802e-14,True,True
6298,f6298,1.2710574864626038e-13,5.684341886080802e-14,1.1368683772161603e-13,True,True
6299,f6299,5.695433295429594e-14,1.0658141036401503e-14,5.684341886080802e-14,True,True
6300,f6300,8.038873388460929e-14,8.038873388460929e-14,5.684341886080802e-14,True,True
6301,f6301,8.038873388460929e-14,0.0,5.684341886080802e-14,True,True
6302,f6302,8.038873388460929e-14,0.0,5.684341886080802e-14,True,True
6303,f6303,1.1718571004216928e-13,1.1718571004216928e-13,1.1368683772161603e-13,True,True
6304,f6304,1.1718571004216928e-13,1.1718571004216928e-13,1.1368683772161603e-13,True,True
6305,f6305,8.038873388460929e-14,0.0,5.684341886080802e-14,True,True
6306,f6306,1.2710574864626038e-13,1.1368683772161603e-13,1.1368683772161603e-13,True,True
6307,f6307,6.355287432313019e-14,0.0,5.684341886080802e-14,True,True
6308,f6308,1.2710574864626038e-13,5.684341886080802e-14,1.1368683772161603e-13,True,True
6309,f6309,1.1718571004216928e-13,2.842170943040401e-14,1.1368683772161603e-13,True,True
6310,f6310,1.2710574864626038e-13,1.2710574864626038e-13,1.1368683772161603e-13,True,True
6311,f6311,6.355287432313019e-14,0.0,5.684341886080802e-14,True,True
6312,f6312,1.1368683772161603e-13,0.0,1.1368683772161603e-13,True,True
6313,f6313,5.728578676879116e-14,2.842170943040401e-14,5.684341886080802e-14,True,True
6314,f6314,8.038873388460929e-14,5.684341886080802e-14,5.684341886080802e-14,True,True
6315,f6315,6.355287432313019e-14,2.842170943040401e-14,5.684341886080802e-14,True,True
6316,f6316,1.1718571004216928e-13,0.0,1.1368683772161603e-13,True,True
6317,f6317,6.355287432313019e-14,5.684341886080802e-14,5.684341886080802e-14,True,True
6318,f6318,1.1368683772161603e-13,0.0,1.1368683772161603e-13,True,True
6319,f6319,1.1368683772161603e-13,0.0,1.1368683772161603e-13,True,True
6320,f6320,1.2710574864626038e-13,1.1718571004216928e-13,1.1368683772161603e-13,True,True
6321,f6321,1.1368683772161603e-13,5.684341886080802e-14,1.1368683772161603e-13,True,True
6322,f6322,5.684341886080802e-14,2.842170943040401e-14,5.684341886080802e-14,True,True
6323,f6323,3.1776437161565096e-14,0.0,2.842170943040401e-14,True,True
6324,f6324,5.955433342649105e-14,5.955433342649105e-14,5.684341886080802e-14,True,True
6325,f6325,1.1368683772161603e-13,8.038873388460929e-14,1.1368683772161603e-13,True,True
6326,f6326,6.07087979554246e-14,5.684341886080802e-14,5.684341886080802e-14,True,True
6327,f6327,5.728578676879116e-14,2.842170943040401e-14,4.973799150320701e-14,True,True
6328,f6328,2.2737367544323206e-13,0.0,2.2737367544323206e-13,True,True
6329,f6329,1.1368683772161603e-13,6.355287432313019e-14,1.1368683772161603e-13,True,True
6330,f6330,8.038873388460929e-14,2.842170943040401e-14,5.684341886080802e-14,True,True
6331,f6331,1.1368683772161603e-13,0.0,1.1368683772161603e-13,True,True
6332,f6332,6.204547701064548e-14,6.204547701064548e-14,5.684341886080802e-14,True,True
6333,f6333,1.2710574864626038e-13,1.1718571004216928e-13,1.1368683772161603e-13,True,True
6334,f6334,5.684341886080802e-14,2.842170943040401e-14,5.684341886080802e-14,True,True
6335,f6335,5.684341886080802e-14,0.0,5.684341886080802e-14,True,True
6336,f6336,8.038873388460929e-14,0.0,5.684341886080802e-14,True,True
6337,f6337,1.1718571004216928e-13,0.0,1.1368683772161603e-13,True,True
6338,f6338,5.692835685204889e-14,0.0,5.684341886080802e-14,True,True
6339,f6339,6.01080938469374e-14,3.552713678800501e-15,5.684341886080802e-14,True,True
6340,f6340,5.684341886080802e-14,0.0,5.684341886080802e-14,True,True
6341,f6341,1.2710574864626038e-13,0.0,1.1368683772161603e-13,True,True
6342,f6342,1.1399952529654346e-13,5.728578676879116e-14,1.1368683772161603e-13,True,True
6343,f6343,5.684341886080802e-14,5.684341886080802e-14,5.684341886080802e-14,True,True
6344,f6344,4.0194366942304644e-14,1.4210854715202004e-14,2.842170943040401e-14,True,True
6345,f6345,1.1368683772161603e-13,0.0,1.1368683772161603e-13,True,True
6346,f6346,5.718241383625821e-14,0.0,5.684341886080802e-14,True,True
6347,f6347,1.1368683772161603e-13,5.684341886080802e-14,1.1368683772161603e-13,True,True
6348,f6348,6.306418601296862e-14,1.0658141036401503e-14,5.684341886080802e-14,True,True
6349,f6349,5.684341886080802e-14,4.0194366942304644e-14,5.684341886080802e-14,True,True
6350,f6350,3.1776437161565096e-14,3.1776437161565096e-14,2.842170943040401e-14,True,True
6351,f6351,5.684341886080802e-14,2.842170943040401e-14,5.684341886080802e-14,True,True
6352,f6352,5.684341886080802e-14,0.0,5.684341886080802e-14,True,True
6353,f6353,5.684341886080802e-14,0.0,5.684341886080802e-14,True,True
6354,f6354,8.038873388460929e-14,0.0,5.684341886080802e-14,True,True
6355,f6355,1.1368683772161603e-13,0.0,1.1368683772161603e-13,True,True
6356,f6356,5.94884806044669e-14,0.0,5.684341886080802e-14,True,True
6357,f6357,1.2710574864626038e-13,1.1368683772161603e-13,1.1368683772161603e-13,True,True
6358,f6358,5.859285502108464e-14,0.0,5.684341886080802e-14,True,True
6359,f6359,1.1368683772161603e-13,8.038873388460929e-14,1.1368683772161603e-13,True,True
6360,f6360,1.1457157353758233e-13,2.842170943040401e-14,1.1368683772161603e-13,True,True
6361,f6361,1.2710574864626038e-13,0.0,1.1368683772161603e-13,True,True
6362,f6362,1.1368683772161603e-13,5.684341886080802e-14,1.1368683772161603e-13,True,True
6363,f6363,5.684341886080802e-14,5.684341886080802e-14,5.684341886080802e-14,True,True
6364,f6364,1.2710574864626038e-13,5.684341886080802e-14,1.1368683772161603e-13,True,True
6365,f6365,1.1368683772161603e-13,5.684341886080802e-14,1.1368683772161603e-13,True,True
6366,f6366,1.1718571004216928e-13,2.842170943040401e-14,1.1368683772161603e-13,True,True
6367,f6367,1.1718571004216928e-13,5.684341886080802e-14,1.1368683772161603e-13,True,True
6368,f6368,1.1368683772161603e-13,6.355287432313019e-14,1.1368683772161603e-13,True,True
6369,f6369,5.684341886080802e-14,5.684341886080802e-14,5.684341886080802e-14,True,True
6370,f6370,1.2710574864626038e-13,8.038873388460929e-14,1.1368683772161603e-13,True,True
6371,f6371,1.2710574864626038e-13,5.684341886080802e-14,1.1368683772161603e-13,True,True
6372,f6372,5.728578676879116e-14,0.0,5.684341886080802e-14,True,True
6373,f6373,8.038873388460929e-14,0.0,5.684341886080802e-14,True,True
6374,f6374,5.859285502108464e-14,1.0658141036401503e-14,5.684341886080802e-14,True,True
6375,f6375,5.684341886080802e-14,5.684341886080802e-14,5.684341886080802e-14,True,True
6376,f6376,1.2710574864626038e-13,1.1368683772161603e-13,1.1368683772161603e-13,True,True
6377,f6377,5.859285502108464e-14,5.859285502108464e-14,5.684341886080802e-14,True,True
6378,f6378,6.355287432313019e-14,5.684341886080802e-14,5.684341886080802e-14,True,True
6379,f6379,5.684341886080802e-14,0.0,5.684341886080802e-14,True,True
6380,f6380,5.955433342649105e-14,5.684341886080802e-14,5.684341886080802e-14,True,True
6381,f6381,6.355287432313019e-14,6.355287432313019e-14,5.684341886080802e-14,True,True
6382,f6382,1.1457157353758233e-13,0.0,1.1368683772161603e-13,True,True
6383,f6383,5.709267256288867e-14,3.552713678800501e-14,5.684341886080802e-14,True,True
6384,f6384,5.883469768860719e-14,0.0,5.684341886080802e-14,True,True
6385,f6385,1.1368683772161603e-13,1.1368683772161603e-13,5.684341886080802e-14,True,True
6386,f6386,1.6077746776921858e-13,5.684341886080802e-14,1.1368683772161603e-13,True,True
6387,f6387,1.1718571004216928e-13,0.0,1.1368683772161603e-13,True,True
6388,f6388,1.2710574864626038e-13,1.1368683772161603e-13,1.1368683772161603e-13,True,True
6389,f6389,8.038873388460929e-14,6.355287432313019e-14,5.684341886080802e-14,True,True
6390,f6390,1.1368683772161603e-13,0.0,1.1368683772161603e-13,True,True
6391,f6391,6.355287432313019e-14,0.0,5.684341886080802e-14,True,True
6392,f6392,1.1368683772161603e-13,0.0,1.1368683772161603e-13,True,True
6393,f6393,6.07087979554246e-14,1.4210854715202004e-14,5.684341886080802e-14,True,True
6394,f6394,4.0194366942304644e-14,4.0194366942304644e-14,2.842170943040401e-14,True,True
6395,f6395,2.842170943040401e-14,1.4210854715202004e-14,2.842170943040401e-14,True,True
6396,f6396,8.038873388460929e-14,0.0,5.684341886080802e-14,True,True
6397,f6397,6.07087979554246e-14,3.1776437161565096e-14,5.684341886080802e-14,True,True
6398,f6398,1.1368683772161603e-13,5.684341886080802e-14,1.1368683772161603e-13,True,True
6399,f6399,6.355287432313019e-14,6.355287432313019e-14,5.684341886080802e-14,True,True
6400,f6400,1.1718571004216928e-13,1.1718571004216928e-13,5.684341886080802e-14,True,True
6401,f6401,8.038873388460929e-14,5.684341886080802e-14,5.684341886080802e-14,True,True
6402,f6402,8.038873388460929e-14,0.0,5.684341886080802e-14,True,True
6403,f6403,6.355287432313019e-14,0.0,5.684341886080802e-14,True,True
6404,f6404,1.1718571004216928e-13,2.842170943040401e-14,1.1368683772161603e-13,True,True
6405,f6405,1.2710574864626038e-13,0.0,1.1368683772161603e-13,True,True
6406,f6406,5.684341886080802e-14,0.0,5.684341886080802e-14,True,True
6407,f6407,1.1718571004216928e-13,1.1718571004216928e-13,1.1368683772161603e-13,True,True
6408,f6408,5.859285502108464e-14,0.0,5.684341886080802e-14,True,True
6409,f6409,6.355287432313019e-14,0.0,5.684341886080802e-14,True,True
6410,f6410,6.355287432313019e-14,6.355287432313019e-14,5.684341886080802e-14,True,True
6411,f6411,6.355287432313019e-14,6.355287432313019e-14,5.684341886080802e-14,True,True
6412,f6412,1.1368683772161603e-13,0.0,1.1368683772161603e-13,True,True
6413,f6413,8.038873388460929e-14,0.0,5.684341886080802e-14,True,True
6414,f6414,1.8189894035458565e-12,0.0,1.8189894035458565e-12,True,True
6415,f6415,6.355287432313019e-14,0.0,5.684341886080802e-14,True,True
6416,f6416,1.1368683772161603e-13,5.684341886080802e-14,1.1368683772161603e-13,True,True
6417,f6417,1.1368683772161603e-13,0.0,1.1368683772161603e-13,True,True
6418,f6418,5.684341886080802e-14,0.0,5.684341886080802e-14,True,True
6419,f6419,1.1368683772161603e-13,0.0,1.1368683772161603e-13,True,True
6420,f6420,6.355287432313019e-14,5.123796534383003e-14,5.684341886080802e-14,True,True
6421,f6421,8.038873388460929e-14,0.0,5.684341886080802e-14,True,True
6422,f6422,1.1368683772161603e-13,0.0,1.1368683772161603e-13,True,True
6423,f6423,1.1368683772161603e-13,2.842170943040401e-14,1.1368683772161603e-13,True,True
6424,f6424,8.038873388460929e-14,2.842170943040401e-14,5.684341886080802e-14,True,True
6425,f6425,1.6077746776921858e-13,5.684341886080802e-14,1.1368683772161603e-13,True,True
6426,f6426,1.2710574864626038e-13,5.684341886080802e-14,1.1368683772161603e-13,True,True
6427,f6427,1.1368683772161603e-13,0.0,1.1368683772161603e-13,True,True
6428,f6428,1.1368683772161603e-13,2.842170943040401e-14,1.1368683772161603e-13,True,True
6429,f6429,8.038873388460929e-14,6.355287432313019e-14,5.684341886080802e-14,True,True
6430,f6430,5.684341886080802e-14,0.0,5.684341886080802e-14,True,True
6431,f6431,6.355287432313019e-14,2.842170943040401e-14,5.684341886080802e-14,True,True
6432,f6432,7.32410687763558e-14,2.842170943040401e-14,5.684341886080802e-14,True,True
6433,f6433,6.355287432313019e-14,5.684341886080802e-14,5.684341886080802e-14,True,True
6434,f6434,1.1718571004216928e-13,2.842170943040401e-14,1.1368683772161603e-13,True,True
6435,f6435,1.1368683772161603e-13,0.0,1.1368683772161603e-13,True,True
6436,f6436,8.038873388460929e-14,5.684341886080802e-14,5.684341886080802e-14,True,True
6437,f6437,5.859285502108464e-14,0.0,5.684341886080802e-14,True,True
6438,f6438,1.1368683772161603e-13,0.0,1.1368683772161603e-13,True,True
6439,f6439,6.355287432313019e-14,0.0,5.684341886080802e-14,True,True
6440,f6440,6.355287432313019e-14,2.842170943040401e-14,5.684341886080802e-14,True,True
6441,f6441,6.355287432313019e-14,2.842170943040401e-14,5.684341886080802e-14,True,True
6442,f6442,1.1368683772161603e-13,5.684341886080802e-14,1.1368683772161603e-13,True,True
6443,f6443,1.2710574864626038e-13,5.684341886080802e-14,1.1368683772161603e-13,True,True
6444,f6444,5.859285502108464e-14,0.0,5.684341886080802e-14,True,True
6445,f6445,8.038873388460929e-14,2.842170943040401e-14,5.684341886080802e-14,True,True
6446,f6446,8.038873388460929e-14,5.684341886080802e-14,5.684341886080802e-14,True,True
6447,f6447,5.684341886080802e-14,2.842170943040401e-14,5.684341886080802e-14,True,True
6448,f6448,1.1368683772161603e-13,2.842170943040401e-14,1.1368683772161603e-13,True,True
6449,f6449,1.1368683772161603e-13,5.684341886080802e-14,1.1368683772161603e-13,True,True
6450,f6450,5.728578676879116e-14,3.1776437161565096e-14,5.684341886080802e-14,True,True
6451,f6451,1.1368683772161603e-13,0.0,1.1368683772161603e-13,True,True
6452,f6452,4.0194366942304644e-14,4.0194366942304644e-14,2.842170943040401e-14,True,True
6453,f6453,6.355287432313019e-14,5.684341886080802e-14,5.684341886080802e-14,True,True
6454,f6454,6.355287432313019e-14,0.0,5.684341886080802e-14,True,True
6455,f6455,6.355287432313019e-14,2.842170943040401e-14,5.684341886080802e-14,True,True
6456,f6456,5.737221828412467e-14,8.881784197001252e-15,5.684341886080802e-14,True,True
6457,f6457,8.038873388460929e-14,0.0,5.684341886080802e-14,True,True
6458,f6458,6.355287432313019e-14,2.842170943040401e-14,5.684341886080802e-14,True,True
6459,f6459,4.0194366942304644e-14,3.552713678800501e-14,3.197442310920451e-14,True,True
6460,f6460,6.355287432313019e-14,2.1316282072803006e-14,5.684341886080802e-14,True,True
6461,f6461,1.1718571004216928e-13,2.842170943040401e-14,1.1368683772161603e-13,True,True
6462,f6462,1.2710574864626038e-13,5.684341886080802e-14,1.1368683772161603e-13,True,True
6463,f6463,1.1718571004216928e-13,1.4210854715202004e-14,1.1368683772161603e-13,True,True
6464,f6464,6.355287432313019e-14,2.842170943040401e-14,5.684341886080802e-14,True,True
6465,f6465,1.1368683772161603e-13,1.1368683772161603e-13,1.1368683772161603e-13,True,True
6466,f6466,1.163751005191159e-13,2.842170943040401e-14,1.1368683772161603e-13,True,True
6467,f6467,1.1368683772161603e-13,5.684341886080802e-14,1.1368683772161603e-13,True,True
6468,f6468,6.355287432313019e-14,6.355287432313019e-14,5.684341886080802e-14,True,True
6469,f6469,6.355287432313019e-14,0.0,5.684341886080802e-14,True,True
6470,f6470,1.2710574864626038e-13,0.0,1.1368683772161603e-13,True,True
6471,f6471,1.1368683772161603e-13,1.1368683772161603e-13,1.1368683772161603e-13,True,True
6472,f6472,1.1368683772161603e-13,0.0,1.1368683772161603e-13,True,True
6473,f6473,5.684341886080802e-14,5.684341886080802e-14,5.684341886080802e-14,True,True
6474,f6474,1.1368683772161603e-13,5.684341886080802e-14,1.1368683772161603e-13,True,True
6475,f6475,1.2710574864626038e-13,0.0,1.1368683772161603e-13,True,True
6476,f6476,6.355287432313019e-14,5.684341886080802e-14,5.684341886080802e-14,True,True
6477,f6477,5.684341886080802e-14,5.684341886080802e-14,5.684341886080802e-14,True,True
6478,f6478,6.355287432313019e-14,5.684341886080802e-14,5.684341886080802e-14,True,True
6479,f6479,8.038873388460929e-14,5.684341886080802e-14,5.684341886080802e-14,True,True
6480,f6480,1.1368683772161603e-13,0.0,1.1368683772161603e-13,True,True
6481,f6481,6.355287432313019e-14,0.0,5.684341886080802e-14,True,True
6482,f6482,1.2710574864626038e-13,1.2710574864626038e-13,1.1368683772161603e-13,True,True
6483,f6483,2.842170943040401e-14,0.0,2.842170943040401e-14,True,True
6484,f6484,5.684341886080802e-14,0.0,5.684341886080802e-14,True,True
6485,f6485,8.038873388460929e-14,8.038873388460929e-14,5.684341886080802e-14,True,True
6486,f6486,6.355287432313019e-14,6.07087979554246e-14,5.684341886080802e-14,True,True
6487,f6487,8.038873388460929e-14,2.842170943040401e-14,5.684341886080802e-14,True,True
6488,f6488,1.1368683772161603e-13,1.1368683772161603e-13,1.1368683772161603e-13,True,True
6489,f6489,6.355287432313019e-14,5.684341886080802e-14,5.684341886080802e-14,True,True
6490,f6490,5.684341886080802e-14,5.684341886080802e-14,5.684341886080802e-14,True,True
6491,f6491,1.1457157353758233e-13,0.0,1.1368683772161603e-13,True,True
6492,f6492,1.1718571004216928e-13,5.684341886080802e-14,1.1368683772161603e-13,True,True
6493,f6493,8.038873388460929e-14,0.0,5.684341886080802e-14,True,True
6494,f6494,5.684341886080802e-14,0.0,5.684341886080802e-14,True,True
6495,f6495,5.684341886080802e-14,5.684341886080802e-14,5.684341886080802e-14,True,True
6496,f6496,6.355287432313019e-14,1.9539925233402755e-14,5.684341886080802e-14,True,True
6497,f6497,6.355287432313019e-14,5.684341886080802e-14,5.684341886080802e-14,True,True
6498,f6498,8.038873388460929e-14,0.0,5.684341886080802e-14,True,True
6499,f6499,1.2710574864626038e-13,0.0,1.1368683772161603e-13,True,True
6500,f6500,1.1718571004216928e-13,2.842170943040401e-14,1.1368683772161603e-13,True,True
6501,f6501,1.1368683772161603e-13,5.684341886080802e-14,1.1368683772161603e-13,True,True
6502,f6502,1.1368683772161603e-13,2.842170943040401e-14,1.1368683772161603e-13,True,True
6503,f6503,6.355287432313019e-14,0.0,5.684341886080802e-14,True,True
6504,f6504,8.038873388460929e-14,5.684341886080802e-14,5.684341886080802e-14,True,True
6505,f6505,5.684341886080802e-14,0.0,5.684341886080802e-14,True,True
6506,f6506,6.674942990534282e-14,0.0,6.039613253960852e-14,True,True
6507,f6507,1.2710574864626038e-13,1.1368683772161603e-13,1.1368683772161603e-13,True,True
6508,f6508,5.684341886080802e-14,2.842170943040401e-14,5.684341886080802e-14,True,True
6509,f6509,6.355287432313019e-14,5.684341886080802e-14,5.684341886080802e-14,True,True
6510,f6510,1.2710574864626038e-13,5.684341886080802e-14,1.1368683772161603e-13,True,True
6511,f6511,1.2710574864626038e-13,0.0,1.1368683772161603e-13,True,True
6512,f6512,6.355287432313019e-14,6.355287432313019e-14,5.684341886080802e-14,True,True
6513,f6513,1.1718571004216928e-13,2.842170943040401e-14,1.1368683772161603e-13,True,True
6514,f6514,5.684341886080802e-14,0.0,5.684341886080802e-14,True,True
6515,f6515,6.355287432313019e-14,0.0,5.684341886080802e-14,True,True
6516,f6516,8.038873388460929e-14,2.842170943040401e-14,5.684341886080802e-14,True,True
6517,f6517,8.038873388460929e-14,0.0,5.684341886080802e-14,True,True
6518,f6518,1.1718571004216928e-13,8.038873388460929e-14,1.1368683772161603e-13,True,True
6519,f6519,6.355287432313019e-14,5.684341886080802e-14,5.684341886080802e-14,True,True
6520,f6520,1.1718571004216928e-13,2.842170943040401e-14,1.1368683772161603e-13,True,True
6521,f6521,1.2710574864626038e-13,0.0,1.1368683772161603e-13,True,True
6522,f6522,5.684341886080802e-14,0.0,5.684341886080802e-14,True,True
6523,f6523,5.728578676879116e-14,0.0,5.684341886080802e-14,True,True
6524,f6524,1.1368683772161603e-13,5.684341886080802e-14,1.1368683772161603e-13,True,True
6525,f6525,1.1368683772161603e-13,5.684341886080802e-14,1.1368683772161603e-13,True,True
6526,f6526,1.1718571004216928e-13,1.1368683772161603e-13,1.1368683772161603e-13,True,True
6527,f6527,8.038873388460929e-14,8.038873388460929e-14,5.684341886080802e-14,True,True
6528,f6528,1.1368683772161603e-13,0.0,1.1368683772161603e-13,True,True
6529,f6529,1.156679772130055e-13,5.728578676879116e-14,1.1368683772161603e-13,True,True
6530,f6530,8.038873388460929e-14,5.684341886080802e-14,5.684341886080802e-14,True,True
6531,f6531,1.1368683772161603e-13,0.0,1.1368683772161603e-13,True,True
6532,f6532,6.355287432313019e-14,2.842170943040401e-14,5.684341886080802e-14,True,True
6533,f6533,6.277857184170547e-14,3.552713678800501e-15,5.684341886080802e-14,True,True
6534,f6534,1.2710574864626038e-13,1.1368683772161603e-13,1.1368683772161603e-13,True,True
6535,f6535,1.1718571004216928e-13,5.684341886080802e-14,1.1368683772161603e-13,True,True
6536,f6536,1.7053025658242404e-13,5.684341886080802e-14,1.7053025658242404e-13,True,True
6537,f6537,1.2710574864626038e-13,5.684341886080802e-14,1.1368683772161603e-13,True,True
6538,f6538,7.105427357601002e-14,0.0,5.684341886080802e-14,True,True
6539,f6539,3.351623381340333e-14,1.4210854715202004e-14,2.842170943040401e-14,True,True
6540,f6540,1.1368683772161603e-13,2.842170943040401e-14,1.1368683772161603e-13,True,True
6541,f6541,6.355287432313019e-14,0.0,5.684341886080802e-14,True,True
6542,f6542,1.0247593068766006e-13,0.0,8.526512829121202e-14,True,True
6543,f6543,8.038873388460929e-14,0.0,5.684341886080802e-14,True,True
6544,f6544,1.1368683772161603e-13,5.684341886080802e-14,1.1368683772161603e-13,True,True
6545,f6545,8.038873388460929e-14,0.0,5.684341886080802e-14,True,True
6546,f6546,6.355287432313019e-14,0.0,5.684341886080802e-14,True,True
6547,f6547,2.842170943040401e-14,0.0,2.842170943040401e-14,True,True
6548,f6548,4.0194366942304644e-14,2.842170943040401e-14,2.842170943040401e-14,True,True
6549,f6549,5.684341886080802e-14,5.684341886080802e-14,5.684341886080802e-14,True,True
6550,f6550,6.355287432313019e-14,2.842170943040401e-14,5.684341886080802e-14,True,True
6551,f6551,4.0194366942304644e-14,4.0194366942304644e-14,3.552713678800501e-14,True,True
6552,f6552,6.355287432313019e-14,2.842170943040401e-14,5.684341886080802e-14,True,True
6553,f6553,6.355287432313019e-14,2.842170943040401e-14,5.684341886080802e-14,True,True
6554,f6554,5.728578676879116e-14,2.842170943040401e-14,5.684341886080802e-14,True,True
6555,f6555,8.038873388460929e-14,8.038873388460929e-14,5.684341886080802e-14,True,True
6556,f6556,1.1368683772161603e-13,2.842170943040401e-14,1.1368683772161603e-13,True,True
6557,f6557,6.355287432313019e-14,6.355287432313019e-14,5.684341886080802e-14,True,True
6558,f6558,1.1368683772161603e-13,5.684341886080802e-14,1.1368683772161603e-13,True,True
6559,f6559,1.1368683772161603e-13,5.684341886080802e-14,1.1368683772161603e-13,True,True
6560,f6560,5.859285502108464e-14,1.4210854715202004e-14,5.684341886080802e-14,True,True
6561,f6561,6.355287432313019e-14,5.684341886080802e-14,5.684341886080802e-14,True,True
6562,f6562,1.1368683772161603e-13,0.0,1.1368683772161603e-13,True,True
6563,f6563,5.684341886080802e-14,5.684341886080802e-14,5.684341886080802e-14,True,True
6564,f6564,8.038873388460929e-14,2.842170943040401e-14,5.684341886080802e-14,True,True
6565,f6565,5.859285502108464e-14,2.1316282072803006e-14,5.684341886080802e-14,True,True
6566,f6566,1.2710574864626038e-13,0.0,1.1368683772161603e-13,True,True
6567,f6567,6.355287432313019e-14,6.355287432313019e-14,5.684341886080802e-14,True,True
6568,f6568,5.859285502108464e-14,5.684341886080802e-14,5.684341886080802e-14,True,True
6569,f6569,1.2710574864626038e-13,0.0,1.1368683772161603e-13,True,True
6570,f6570,4.5496934130773415e-14,7.105427357601002e-15,3.552713678800501e-14,True,True
6571,f6571,5.684341886080802e-14,2.842170943040401e-14,5.684341886080802e-14,True,True
6572,f6572,1.188467690262643e-13,2.842170943040401e-14,1.1368683772161603e-13,True,True
6573,f6573,1.1718571004216928e-13,0.0,1.1368683772161603e-13,True,True
6574,f6574,1.2710574864626038e-13,0.0,1.1368683772161603e-13,True,True
6575,f6575,1.1368683772161603e-13,5.859285502108464e-14,1.1368683772161603e-13,True,True
6576,f6576,1.1368683772161603e-13,2.842170943040401e-14,1.1368683772161603e-13,True,True
6577,f6577,8.038873388460929e-14,0.0,5.684341886080802e-14,True,True
6578,f6578,1.1718571004216928e-13,0.0,1.1368683772161603e-13,True,True
6579,f6579,1.1718571004216928e-13,0.0,1.1368683772161603e-13,True,True
6580,f6580,5.684341886080802e-14,0.0,5.684341886080802e-14,True,True
6581,f6581,8.038873388460929e-14,5.684341886080802e-14,5.684341886080802e-14,True,True
6582,f6582,5.684341886080802e-14,0.0,5.684341886080802e-14,True,True
6583,f6583,8.038873388460929e-14,0.0,5.684341886080802e-14,True,True
6584,f6584,1.1457157353758233e-13,1.1457157353758233e-13,1.1368683772161603e-13,True,True
6585,f6585,5.684341886080802e-14,0.0,5.684341886080802e-14,True,True
6586,f6586,1.6077746776921858e-13,0.0,1.1368683772161603e-13,True,True
6587,f6587,6.355287432313019e-14,5.684341886080802e-14,5.684341886080802e-14,True,True
6588,f6588,1.2710574864626038e-13,8.038873388460929e-14,1.1368683772161603e-13,True,True
6589,f6589,5.684341886080802e-14,0.0,5.684341886080802e-14,True,True
6590,f6590,1.2710574864626038e-13,0.0,1.1368683772161603e-13,True,True
6591,f6591,6.355287432313019e-14,4.0194366942304644e-14,5.684341886080802e-14,True,True
6592,f6592,2.5421149729252077e-13,8.038873388460929e-14,2.2737367544323206e-13,True,True
6593,f6593,1.2710574864626038e-13,5.684341886080802e-14,1.1368683772161603e-13,True,True
6594,f6594,6.355287432313019e-14,0.0,5.684341886080802e-14,True,True
6595,f6595,1.1368683772161603e-13,6.355287432313019e-14,1.1368683772161603e-13,True,True
6596,f6596,5.684341886080802e-14,0.0,5.684341886080802e-14,True,True
6597,f6597,6.355287432313019e-14,2.842170943040401e-14,5.684341886080802e-14,True,True
6598,f6598,2.2737367544323206e-13,5.684341886080802e-14,2.2737367544323206e-13,True,True
6599,f6599,6.355287432313019e-14,0.0,5.684341886080802e-14,True,True
6600,f6600,5.684341886080802e-14,5.684341886080802e-14,5.684341886080802e-14,True,True
6601,f6601,1.1368683772161603e-13,5.684341886080802e-14,1.1368683772161603e-13,True,True
6602,f6602,1.2710574864626038e-13,1.2710574864626038e-13,1.1368683772161603e-13,True,True
6603,f6603,6.355287432313019e-14,0.0,5.684341886080802e-14,True,True
6604,f6604,2.2737367544323206e-13,2.842170943040401e-14,2.2737367544323206e-13,True,True
6605,f6605,5.684341886080802e-14,5.684341886080802e-14,2.842170943040401e-14,True,True
6606,f6606,1.1368683772161603e-13,0.0,1.1368683772161603e-13,True,True
6607,f6607,6.355287432313019e-14,0.0,5.684341886080802e-14,True,True
6608,f6608,5.684341886080802e-14,4.0194366942304644e-14,5.684341886080802e-14,True,True
6609,f6609,1.1368683772161603e-13,2.842170943040401e-14,1.1368683772161603e-13,True,True
6610,f6610,1.1457157353758233e-13,5.728578676879116e-14,1.1368683772161603e-13,True,True
6611,f6611,5.684341886080802e-14,0.0,5.684341886080802e-14,True,True
6612,f6612,5.684341886080802e-14,0.0,5.684341886080802e-14,True,True
6613,f6613,1.1368683772161603e-13,0.0,1.1368683772161603e-13,True,True
6614,f6614,1.2710574864626038e-13,1.2710574864626038e-13,1.1368683772161603e-13,True,True
6615,f6615,6.355287432313019e-14,4.0194366942304644e-14,5.684341886080802e-14,True,True
6616,f6616,1.1368683772161603e-13,1.1368683772161603e-13,1.1368683772161603e-13,True,True
6617,f6617,1.1718571004216928e-13,0.0,1.1368683772161603e-13,True,True
6618,f6618,5.818755025955795e-14,1.9984014443252818e-14,5.684341886080802e-14,True,True
6619,f6619,4.007905118896815e-14,2.3092638912203256e-14,4.007905118896815e-14,True,True
6620,f6620,1.2710574864626038e-13,0.0,1.1368683772161603e-13,True,True
6621,f6621,5.684341886080802e-14,2.842170943040401e-14,5.684341886080802e-14,True,True
6622,f6622,1.6077746776921858e-13,0.0,1.1368683772161603e-13,True,True
6623,f6623,1.1368683772161603e-13,5.684341886080802e-14,1.1368683772161603e-13,True,True
6624,f6624,1.1368683772161603e-13,0.0,1.1368683772161603e-13,True,True
6625,f6625,1.1718571004216928e-13,2.842170943040401e-14,1.1368683772161603e-13,True,True
6626,f6626,5.728578676879116e-14,5.728578676879116e-14,4.263256414560601e-14,True,True
6627,f6627,1.1506624801925828e-13,1.4210854715202004e-14,1.1368683772161603e-13,True,True
6628,f6628,8.038873388460929e-14,0.0,5.684341886080802e-14,True,True
6629,f6629,6.355287432313019e-14,2.842170943040401e-14,5.684341886080802e-14,True,True
6630,f6630,5.684341886080802e-14,4.440892098500626e-15,5.684341886080802e-14,True,True
6631,f6631,1.1718571004216928e-13,0.0,1.1368683772161603e-13,True,True
6632,f6632,8.038873388460929e-14,5.684341886080802e-14,5.684341886080802e-14,True,True
6633,f6633,5.684341886080802e-14,0.0,5.684341886080802e-14,True,True
6634,f6634,1.1368683772161603e-13,1.1368683772161603e-13,1.1368683772161603e-13,True,True
6635,f6635,6.355287432313019e-14,0.0,5.684341886080802e-14,True,True
6636,f6636,1.2710574864626038e-13,5.684341886080802e-14,1.1368683772161603e-13,True,True
6637,f6637,5.684341886080802e-14,5.684341886080802e-14,5.684341886080802e-14,True,True
6638,f6638,1.2710574864626038e-13,0.0,1.1368683772161603e-13,True,True
6639,f6639,6.355287432313019e-14,0.0,5.684341886080802e-14,True,True
6640,f6640,1.2710574864626038e-13,5.684341886080802e-14,1.1368683772161603e-13,True,True
6641,f6641,5.728578676879116e-14,1.4210854715202004e-14,5.684341886080802e-14,True,True
6642,f6642,6.355287432313019e-14,6.355287432313019e-14,5.684341886080802e-14,True,True
6643,f6643,1.2710574864626038e-13,8.038873388460929e-14,1.1368683772161603e-13,True,True
6644,f6644,6.355287432313019e-14,2.842170943040401e-14,5.684341886080802e-14,True,True
6645,f6645,6.355287432313019e-14,0.0,5.684341886080802e-14,True,True
6646,f6646,1.7288250917028504e-13,0.0,1.7053025658242404e-13,True,True
6647,f6647,5.684341886080802e-14,2.842170943040401e-14,5.684341886080802e-14,True,True
6648,f6648,8.038873388460929e-14,8.038873388460929e-14,5.684341886080802e-14,True,True
6649,f6649,6.355287432313019e-14,6.355287432313019e-14,5.684341886080802e-14,True,True
6650,f6650,1.1718571004216928e-13,0.0,1.1368683772161603e-13,True,True
6651,f6651,5.684341886080802e-14,3.1776437161565096e-14,5.684341886080802e-14,True,True
6652,f6652,1.1368683772161603e-13,5.684341886080802e-14,1.1368683772161603e-13,True,True
6653,f6653,8.038873388460929e-14,8.038873388460929e-14,5.684341886080802e-14,True,True
6654,f6654,6.355287432313019e-14,0.0,5.684341886080802e-14,True,True
6655,f6655,1.2710574864626038e-13,0.0,1.1368683772161603e-13,True,True
6656,f6656,6.355287432313019e-14,0.0,5.684341886080802e-14,True,True
6657,f6657,6.355287432313019e-14,5.684341886080802e-14,5.684341886080802e-14,True,True
6658,f6658,6.355287432313019e-14,0.0,5.684341886080802e-14,True,True
6659,f6659,5.684341886080802e-14,0.0,5.684341886080802e-14,True,True
6660,f6660,6.07087979554246e-14,5.859285502108464e-14,5.684341886080802e-14,True,True
6661,f6661,2.2737367544323206e-13,0.0,2.2737367544323206e-13,True,True
6662,f6662,6.355287432313019e-14,5.684341886080802e-14,5.684341886080802e-14,True,True
6663,f6663,1.1368683772161603e-13,1.1368683772161603e-13,5.684341886080802e-14,True,True
6664,f6664,8.038873388460929e-14,0.0,5.684341886080802e-14,True,True
6665,f6665,6.355287432313019e-14,0.0,5.684341886080802e-14,True,True
6666,f6666,1.1368683772161603e-13,1.4210854715202004e-14,1.1368683772161603e-13,True,True
6667,f6667,5.684341886080802e-14,0.0,5.684341886080802e-14,True,True
6668,f6668,6.07087979554246e-14,1.2434497875801753e-14,5.684341886080802e-14,True,True
6669,f6669,8.038873388460929e-14,0.0,5.684341886080802e-14,True,True
6670,f6670,8.038873388460929e-14,2.842170943040401e-14,5.684341886080802e-14,True,True
6671,f6671,5.728578676879116e-14,2.842170943040401e-14,5.684341886080802e-14,True,True
6672,f6672,1.1368683772161603e-13,2.842170943040401e-14,1.1368683772161603e-13,True,True
6673,f6673,1.1368683772161603e-13,5.684341886080802e-14,1.1368683772161603e-13,True,True
6674,f6674,6.355287432313019e-14,2.842170943040401e-14,5.684341886080802e-14,True,True
6675,f6675,6.102632492251517e-14,2.842170943040401e-14,6.039613253960852e-14,True,True
6676,f6676,5.929547246265982e-14,5.701662731533487e-14,5.684341886080802e-14,True,True
6677,f6677,5.400124791776761e-13,4.263256414560601e-14,5.400124791776761e-13,True,True
6678,f6678,6.355287432313019e-14,1.4210854715202004e-14,5.684341886080802e-14,True,True
6679,f6679,5.684341886080802e-14,0.0,5.684341886080802e-14,True,True
6680,f6680,6.355287432313019e-14,0.0,5.684341886080802e-14,True,True
6681,f6681,1.2710574864626038e-13,0.0,1.1368683772161603e-13,True,True
6682,f6682,8.038873388460929e-14,8.038873388460929e-14,5.684341886080802e-14,True,True
6683,f6683,1.1368683772161603e-13,0.0,1.1368683772161603e-13,True,True
6684,f6684,1.1371805845725668e-13,2.842170943040401e-14,1.1368683772161603e-13,True,True
6685,f6685,5.684341886080802e-14,2.842170943040401e-14,5.684341886080802e-14,True,True
6686,f6686,5.684341886080802e-14,5.684341886080802e-14,5.684341886080802e-14,True,True
6687,f6687,3.6230712748823524e-14,3.6230712748823524e-14,2.842170943040401e-14,True,True
6688,f6688,1.1368683772161603e-13,6.355287432313019e-14,1.1368683772161603e-13,True,True
6689,f6689,6.355287432313019e-14,0.0,5.684341886080802e-14,True,True
6690,f6690,1.1457157353758233e-13,0.0,1.1368683772161603e-13,True,True
6691,f6691,6.01080938469374e-14,2.842170943040401e-14,5.773159728050814e-14,True,True
6692,f6692,1.1457157353758233e-13,1.1368683772161603e-13,1.1368683772161603e-13,True,True
6693,f6693,6.355287432313019e-14,5.684341886080802e-14,5.684341886080802e-14,True,True
6694,f6694,1.1368683772161603e-13,6.355287432313019e-14,1.1368683772161603e-13,True,True
6695,f6695,6.703246762680666e-14,5.859285502108464e-14,5.684341886080802e-14,True,True
6696,f6696,1.1368683772161603e-13,8.038873388460929e-14,1.1368683772161603e-13,True,True
6697,f6697,1.6077746776921858e-13,0.0,1.1368683772161603e-13,True,True
6698,f6698,1.1718571004216928e-13,5.684341886080802e-14,1.1368683772161603e-13,True,True
6699,f6699,8.038873388460929e-14,0.0,5.684341886080802e-14,True,True
6700,f6700,3.1776437161565096e-14,1.4210854715202004e-14,2.842170943040401e-14,True,True
6701,f6701,1.1368683772161603e-13,2.842170943040401e-14,1.1368683772161603e-13,True,True
6702,f6702,1.1368683772161603e-13,0.0,1.1368683772161603e-13,True,True
6703,f6703,1.6077746776921858e-13,0.0,1.1368683772161603e-13,True,True
6704,f6704,6.355287432313019e-14,2.842170943040401e-14,5.684341886080802e-14,True,True
6705,f6705,5.728578676879116e-14,1.0658141036401503e-14,5.684341886080802e-14,True,True
6706,f6706,1.1506624801925828e-13,1.1374233532693354e-13,1.1368683772161603e-13,True,True
6707,f6707,8.038873388460929e-14,5.684341886080802e-14,5.684341886080802e-14,True,True
6708,f6708,8.038873388460929e-14,6.355287432313019e-14,5.684341886080802e-14,True,True
6709,f6709,5.684341886080802e-14,0.0,5.684341886080802e-14,True,True
6710,f6710,1.1368683772161603e-13,5.684341886080802e-14,1.1368683772161603e-13,True,True
6711,f6711,1.1368683772161603e-13,5.684341886080802e-14,1.1368683772161603e-13,True,True
6712,f6712,1.1368683772161603e-13,0.0,1.1368683772161603e-13,True,True
6713,f6713,8.038873388460929e-14,5.684341886080802e-14,5.684341886080802e-14,True,True
6714,f6714,5.684341886080802e-14,0.0,5.684341886080802e-14,True,True
6715,f6715,5.684341886080802e-14,0.0,5.684341886080802e-14,True,True
6716,f6716,1.1718571004216928e-13,6.355287432313019e-14,1.1368683772161603e-13,True,True
6717,f6717,1.1718571004216928e-13,0.0,1.1368683772161603e-13,True,True
6718,f6718,1.1718571004216928e-13,2.842170943040401e-14,1.1368683772161603e-13,True,True
6719,f6719,2.842170943040401e-14,2.842170943040401e-14,2.842170943040401e-14,True,True
6720,f6720,6.355287432313019e-14,0.0,5.684341886080802e-14,True,True
6721,f6721,1.2710574864626038e-13,5.684341886080802e-14,1.1368683772161603e-13,True,True
6722,f6722,6.355287432313019e-14,5.684341886080802e-14,5.684341886080802e-14,True,True
6723,f6723,6.355287432313019e-14,0.0,5.684341886080802e-14,True,True
6724,f6724,1.2710574864626038e-13,0.0,1.1368683772161603e-13,True,True
6725,f6725,6.355287432313019e-14,0.0,5.684341886080802e-14,True,True
6726,f6726,7.105427357601002e-14,0.0,5.684341886080802e-14,True,True
6727,f6727,1.6077746776921858e-13,0.0,1.1368683772161603e-13,True,True
6728,f6728,5.684341886080802e-14,0.0,5.684341886080802e-14,True,True
6729,f6729,6.355287432313019e-14,6.355287432313019e-14,5.684341886080802e-14,True,True
6730,f6730,1.1368683772161603e-13,8.038873388460929e-14,1.1368683772161603e-13,True,True
6731,f6731,2.2737367544323206e-13,1.1368683772161603e-13,2.2737367544323206e-13,True,True
6732,f6732,1.2710574864626038e-13,0.0,1.1368683772161603e-13,True,True
6733,f6733,5.684341886080802e-14,0.0,5.684341886080802e-14,True,True
6734,f6734,1.2710574864626038e-13,5.684341886080802e-14,1.1368683772161603e-13,True,True
6735,f6735,6.355287432313019e-14,2.842170943040401e-14,5.684341886080802e-14,True,True
6736,f6736,5.859285502108464e-14,2.842170943040401e-14,5.684341886080802e-14,True,True
6737,f6737,1.2710574864626038e-13,1.2710574864626038e-13,1.1368683772161603e-13,True,True
6738,f6738,5.859285502108464e-14,0.0,5.684341886080802e-14,True,True
6739,f6739,1.1368683772161603e-13,0.0,1.1368683772161603e-13,True,True
6740,f6740,8.038873388460929e-14,5.684341886080802e-14,5.684341886080802e-14,True,True
6741,f6741,8.038873388460929e-14,0.0,5.684341886080802e-14,True,True
6742,f6742,1.1368683772161603e-13,0.0,1.1368683772161603e-13,True,True
6743,f6743,8.038873388460929e-14,5.684341886080802e-14,5.684341886080802e-14,True,True
6744,f6744,6.355287432313019e-14,0.0,5.684341886080802e-14,True,True
6745,f6745,6.355287432313019e-14,0.0,5.684341886080802e-14,True,True
6746,f6746,1.156679772130055e-13,0.0,1.1368683772161603e-13,True,True
6747,f6747,8.038873388460929e-14,5.684341886080802e-14,5.684341886080802e-14,True,True
6748,f6748,5.684341886080802e-14,1.4210854715202004e-14,5.684341886080802e-14,True,True
6749,f6749,5.895953283754193e-14,1.0658141036401503e-14,5.684341886080802e-14,True,True
6750,f6750,6.898122193969271e-14,4.085620730620576e-14,5.684341886080802e-14,True,True
6751,f6751,1.2710574864626038e-13,0.0,1.1368683772161603e-13,True,True
6752,f6752,1.2710574864626038e-13,0.0,1.1368683772161603e-13,True,True
6753,f6753,5.684341886080802e-14,0.0,5.684341886080802e-14,True,True
6754,f6754,1.1368683772161603e-13,0.0,1.1368683772161603e-13,True,True
6755,f6755,6.355287432313019e-14,2.842170943040401e-14,5.684341886080802e-14,True,True
6756,f6756,1.1368683772161603e-13,0.0,1.1368683772161603e-13,True,True
6757,f6757,1.2710574864626038e-13,0.0,1.1368683772161603e-13,True,True
6758,f6758,6.355287432313019e-14,0.0,5.684341886080802e-14,True,True
6759,f6759,6.355287432313019e-14,6.355287432313019e-14,5.684341886080802e-14,True,True
6760,f6760,1.2710574864626038e-13,5.684341886080802e-14,1.1368683772161603e-13,True,True
6761,f6761,8.038873388460929e-14,5.684341886080802e-14,5.684341886080802e-14,True,True
6762,f6762,1.2710574864626038e-13,5.684341886080802e-14,1.1368683772161603e-13,True,True
6763,f6763,6.204547701064548e-14,6.135506694409735e-14,5.684341886080802e-14,True,True
6764,f6764,1.6077746776921858e-13,0.0,1.1368683772161603e-13,True,True
6765,f6765,5.684341886080802e-14,0.0,5.684341886080802e-14,True,True
6766,f6766,1.1368683772161603e-13,0.0,1.1368683772161603e-13,True,True
6767,f6767,8.038873388460929e-14,0.0,5.684341886080802e-14,True,True
6768,f6768,8.038873388460929e-14,5.684341886080802e-14,5.684341886080802e-14,True,True
6769,f6769,8.038873388460929e-14,5.684341886080802e-14,5.684341886080802e-14,True,True
6770,f6770,5.684341886080802e-14,5.684341886080802e-14,5.684341886080802e-14,True,True
6771,f6771,6.355287432313019e-14,0.0,5.684341886080802e-14,True,True
6772,f6772,5.684341886080802e-14,0.0,5.684341886080802e-14,True,True
6773,f6773,6.355287432313019e-14,2.842170943040401e-14,5.684341886080802e-14,True,True
6774,f6774,5.684341886080802e-14,5.684341886080802e-14,5.684341886080802e-14,True,True
6775,f6775,8.038873388460929e-14,5.684341886080802e-14,5.684341886080802e-14,True,True
6776,f6776,1.1368683772161603e-13,0.0,1.1368683772161603e-13,True,True
6777,f6777,1.2710574864626038e-13,0.0,1.1368683772161603e-13,True,True
6778,f6778,1.2710574864626038e-13,5.684341886080802e-14,1.1368683772161603e-13,True,True
6779,f6779,5.684341886080802e-14,5.684341886080802e-14,5.684341886080802e-14,True,True
6780,f6780,5.684341886080802e-14,5.684341886080802e-14,5.684341886080802e-14,True,True
6781,f6781,1.2710574864626038e-13,0.0,1.1368683772161603e-13,True,True
6782,f6782,6.355287432313019e-14,1.4210854715202004e-14,5.684341886080802e-14,True,True
6783,f6783,5.684341886080802e-14,5.684341886080802e-14,5.684341886080802e-14,True,True
6784,f6784,1.1368683772161603e-13,0.0,1.1368683772161603e-13,True,True
6785,f6785,8.038873388460929e-14,5.684341886080802e-14,5.684341886080802e-14,True,True
6786,f6786,2.842170943040401e-14,0.0,2.842170943040401e-14,True,True
6787,f6787,1.1457157353758233e-13,6.07087979554246e-14,1.1368683772161603e-13,True,True
6788,f6788,1.2710574864626038e-13,0.0,1.1368683772161603e-13,True,True
6789,f6789,6.355287432313019e-14,0.0,5.684341886080802e-14,True,True
6790,f6790,1.0204145764314626e-12,0.0,9.947598300641403e-13,True,True
6791,f6791,8.038873388460929e-14,5.684341886080802e-14,5.684341886080802e-14,True,True
6792,f6792,1.1718571004216928e-13,0.0,1.1368683772161603e-13,True,True
6793,f6793,6.355287432313019e-14,1.4210854715202004e-14,5.684341886080802e-14,True,True
6794,f6794,5.684341886080802e-14,5.684341886080802e-14,5.684341886080802e-14,True,True
6795,f6795,1.1718571004216928e-13,2.842170943040401e-14,1.1368683772161603e-13,True,True
6796,f6796,1.2710574864626038e-13,0.0,1.1368683772161603e-13,True,True
6797,f6797,1.1368683772161603e-13,0.0,1.1368683772161603e-13,True,True
6798,f6798,8.038873388460929e-14,5.684341886080802e-14,5.684341886080802e-14,True,True
6799,f6799,6.355287432313019e-14,2.842170943040401e-14,5.684341886080802e-14,True,True
6800,f6800,1.2710574864626038e-13,6.355287432313019e-14,1.1368683772161603e-13,True,True
6801,f6801,1.1718571004216928e-13,5.684341886080802e-14,1.1368683772161603e-13,True,True
6802,f6802,1.1718571004216928e-13,1.1718571004216928e-13,1.1368683772161603e-13,True,True
6803,f6803,1.1718571004216928e-13,6.355287432313019e-14,1.1368683772161603e-13,True,True
6804,f6804,3.694822225952521e-13,0.0,3.694822225952521e-13,True,True
6805,f6805,4.4938668397781776e-14,2.5618982671915014e-14,4.263256414560601e-14,True,True
6806,f6806,4.0194366942304644e-14,0.0,2.842170943040401e-14,True,True
6807,f6807,2.2737367544323206e-13,5.684341886080802e-14,2.2737367544323206e-13,True,True
6808,f6808,6.07087979554246e-14,5.728578676879116e-14,5.684341886080802e-14,True,True
6809,f6809,1.1368683772161603e-13,1.1368683772161603e-13,1.1368683772161603e-13,True,True
6810,f6810,6.355287432313019e-14,6.355287432313019e-14,5.684341886080802e-14,True,True
6811,f6811,6.355287432313019e-14,2.842170943040401e-14,5.684341886080802e-14,True,True
6812,f6812,1.1718571004216928e-13,2.842170943040401e-14,1.1368683772161603e-13,True,True
6813,f6813,6.355287432313019e-14,1.4210854715202004e-14,5.684341886080802e-14,True,True
6814,f6814,5.684341886080802e-14,0.0,5.684341886080802e-14,True,True
6815,f6815,6.538308786649235e-14,2.1316282072803006e-14,5.684341886080802e-14,True,True
6816,f6816,8.038873388460929e-14,0.0,5.684341886080802e-14,True,True
6817,f6817,1.1718571004216928e-13,0.0,1.1368683772161603e-13,True,True
6818,f6818,1.2710574864626038e-13,1.2710574864626038e-13,1.1368683772161603e-13,True,True
6819,f6819,1.1368683772161603e-13,1.1368683772161603e-13,5.684341886080802e-14,True,True
6820,f6820,1.1457157353758233e-13,0.0,1.1368683772161603e-13,True,True
6821,f6821,5.859285502108464e-14,0.0,5.684341886080802e-14,True,True
6822,f6822,1.1368683772161603e-13,5.684341886080802e-14,1.1368683772161603e-13,True,True
6823,f6823,8.038873388460929e-14,2.842170943040401e-14,5.684341886080802e-14,True,True
6824,f6824,1.1418534512577734e-13,5.859285502108464e-14,1.1368683772161603e-13,True,True
6825,f6825,1.2710574864626038e-13,8.038873388460929e-14,1.1368683772161603e-13,True,True
6826,f6826,1.1368683772161603e-13,0.0,1.1368683772161603e-13,True,True
6827,f6827,8.038873388460929e-14,5.684341886080802e-14,5.684341886080802e-14,True,True
6828,f6828,5.684341886080802e-14,5.684341886080802e-14,5.684341886080802e-14,True,True
6829,f6829,1.1368683772161603e-13,0.0,1.1368683772161603e-13,True,True
6830,f6830,5.684341886080802e-14,5.684341886080802e-14,5.684341886080802e-14,True,True
6831,f6831,1.2710574864626038e-13,2.842170943040401e-14,1.1368683772161603e-13,True,True
6832,f6832,5.684341886080802e-14,0.0,5.684341886080802e-14,True,True
6833,f6833,1.2710574864626038e-13,1.1368683772161603e-13,1.1368683772161603e-13,True,True
6834,f6834,6.355287432313019e-14,0.0,5.684341886080802e-14,True,True
6835,f6835,1.2710574864626038e-13,0.0,1.1368683772161603e-13,True,True
6836,f6836,1.1718571004216928e-13,5.684341886080802e-14,1.1368683772161603e-13,True,True
6837,f6837,1.1368683772161603e-13,5.684341886080802e-14,1.1368683772161603e-13,True,True
6838,f6838,6.355287432313019e-14,2.842170943040401e-14,5.684341886080802e-14,True,True
6839,f6839,8.038873388460929e-14,5.684341886080802e-14,5.684341886080802e-14,True,True
6840,f6840,6.355287432313019e-14,0.0,5.684341886080802e-14,True,True
6841,f6841,5.684341886080802e-14,0.0,5.684341886080802e-14,True,True
6842,f6842,5.723240073336035e-14,0.0,5.684341886080802e-14,True,True
6843,f6843,1.2710574864626038e-13,1.2710574864626038e-13,1.1368683772161603e-13,True,True
6844,f6844,6.355287432313019e-14,5.859285502108464e-14,5.684341886080802e-14,True,True
6845,f6845,8.038873388460929e-14,8.038873388460929e-14,5.684341886080802e-14,True,True
6846,f6846,6.703246762680666e-14,2.4868995751603507e-14,5.684341886080802e-14,True,True
6847,f6847,2.842170943040401e-14,0.0,2.842170943040401e-14,True,True
6848,f6848,1.1368683772161603e-13,0.0,1.1368683772161603e-13,True,True
6849,f6849,8.038873388460929e-14,8.038873388460929e-14,5.684341886080802e-14,True,True
6850,f6850,1.4210854715202004e-14,1.4210854715202004e-14,1.4210854715202004e-14,True,True
6851,f6851,5.684341886080802e-14,2.842170943040401e-14,5.684341886080802e-14,True,True
6852,f6852,1.1718571004216928e-13,0.0,1.1368683772161603e-13,True,True
6853,f6853,6.355287432313019e-14,6.355287432313019e-14,5.684341886080802e-14,True,True
6854,f6854,5.684341886080802e-14,2.842170943040401e-14,5.684341886080802e-14,True,True
6855,f6855,8.038873388460929e-14,5.684341886080802e-14,5.684341886080802e-14,True,True
6856,f6856,1.156679772130055e-13,5.684341886080802e-14,1.1368683772161603e-13,True,True
6857,f6857,5.684341886080802e-14,2.842170943040401e-14,5.684341886080802e-14,True,True
6858,f6858,1.1368683772161603e-13,0.0,1.1368683772161603e-13,True,True
6859,f6859,1.139086659085919e-13,1.4210854715202004e-14,1.1368683772161603e-13,True,True
6860,f6860,1.2710574864626038e-13,5.684341886080802e-14,1.1368683772161603e-13,True,True
6861,f6861,5.859285502108464e-14,2.842170943040401e-14,5.684341886080802e-14,True,True
6862,f6862,1.1368683772161603e-13,0.0,1.1368683772161603e-13,True,True
6863,f6863,6.521915363565902e-14,1.3322676295501878e-14,5.684341886080802e-14,True,True
6864,f6864,5.859285502108464e-14,1.4210854715202004e-14,5.684341886080802e-14,True,True
6865,f6865,1.1718571004216928e-13,5.684341886080802e-14,1.1368683772161603e-13,True,True
6866,f6866,6.355287432313019e-14,0.0,5.684341886080802e-14,True,True
6867,f6867,1.1718571004216928e-13,2.842170943040401e-14,1.1368683772161603e-13,True,True
6868,f6868,1.2710574864626038e-13,0.0,1.1368683772161603e-13,True,True
6869,f6869,1.2710574864626038e-13,0.0,1.1368683772161603e-13,True,True
6870,f6870,1.2710574864626038e-13,5.684341886080802e-14,1.1368683772161603e-13,True,True
6871,f6871,8.038873388460929e-14,0.0,5.684341886080802e-14,True,True
6872,f6872,2.2737367544323206e-13,0.0,2.2737367544323206e-13,True,True
6873,f6873,6.355287432313019e-14,1.4210854715202004e-14,5.684341886080802e-14,True,True
6874,f6874,1.2710574864626038e-13,1.1368683772161603e-13,1.1368683772161603e-13,True,True
6875,f6875,6.355287432313019e-14,6.355287432313019e-14,5.684341886080802e-14,True,True
6876,f6876,1.1368683772161603e-13,5.684341886080802e-14,1.1368683772161603e-13,True,True
6877,f6877,1.2710574864626038e-13,0.0,1.1368683772161603e-13,True,True
6878,f6878,1.6077746776921858e-13,6.355287432313019e-14,1.1368683772161603e-13,True,True
6879,f6879,8.038873388460929e-14,8.038873388460929e-14,5.684341886080802e-14,True,True
6880,f6880,1.2710574864626038e-13,5.684341886080802e-14,1.1368683772161603e-13,True,True
6881,f6881,5.859285502108464e-14,5.329070518200751e-15,5.684341886080802e-14,True,True
6882,f6882,7.105427357601002e-14,5.684341886080802e-14,5.684341886080802e-14,True,True
6883,f6883,1.1718571004216928e-13,0.0,1.1368683772161603e-13,True,True
6884,f6884,8.038873388460929e-14,0.0,5.684341886080802e-14,True,True
6885,f6885,5.859285502108464e-14,0.0,5.684341886080802e-14,True,True
6886,f6886,1.2710574864626038e-13,1.1368683772161603e-13,1.1368683772161603e-13,True,True
6887,f6887,6.355287432313019e-14,0.0,5.684341886080802e-14,True,True
6888,f6888,1.2710574864626038e-13,0.0,1.1368683772161603e-13,True,True
6889,f6889,7.671311721569361e-14,2.842170943040401e-14,5.684341886080802e-14,True,True
6890,f6890,6.07087979554246e-14,3.1776437161565096e-14,5.684341886080802e-14,True,True
6891,f6891,8.038873388460929e-14,0.0,5.684341886080802e-14,True,True
6892,f6892,1.2710574864626038e-13,1.1368683772161603e-13,1.1368683772161603e-13,True,True
6893,f6893,5.859285502108464e-14,1.4210854715202004e-14,5.684341886080802e-14,True,True
6894,f6894,8.038873388460929e-14,0.0,5.684341886080802e-14,True,True
6895,f6895,9.237055564881302e-14,5.684341886080802e-14,9.237055564881302e-14,True,True
6896,f6896,1.1718571004216928e-13,0.0,1.1368683772161603e-13,True,True
6897,f6897,6.355287432313019e-14,4.0194366942304644e-14,5.684341886080802e-14,True,True
6898,f6898,5.684341886080802e-14,0.0,5.684341886080802e-14,True,True
6899,f6899,6.355287432313019e-14,0.0,5.684341886080802e-14,True,True
6900,f6900,5.684341886080802e-14,0.0,5.684341886080802e-14,True,True
6901,f6901,6.355287432313019e-14,2.842170943040401e-14,5.684341886080802e-14,True,True
6902,f6902,8.038873388460929e-14,2.842170943040401e-14,5.684341886080802e-14,True,True
6903,f6903,4.0194366942304644e-14,2.842170943040401e-14,2.842170943040401e-14,True,True
6904,f6904,6.355287432313019e-14,6.355287432313019e-14,5.684341886080802e-14,True,True
6905,f6905,1.1368683772161603e-13,1.4210854715202004e-14,1.1368683772161603e-13,True,True
6906,f6906,8.038873388460929e-14,5.684341886080802e-14,5.684341886080802e-14,True,True
6907,f6907,1.2710574864626038e-13,0.0,1.1368683772161603e-13,True,True
6908,f6908,6.355287432313019e-14,5.684341886080802e-14,5.684341886080802e-14,True,True
6909,f6909,6.355287432313019e-14,6.355287432313019e-14,5.684341886080802e-14,True,True
6910,f6910,2.3437142008433856e-13,0.0,2.2737367544323206e-13,True,True
6911,f6911,1.1368683772161603e-13,1.4210854715202004e-14,1.1368683772161603e-13,True,True
6912,f6912,5.684341886080802e-14,0.0,5.684341886080802e-14,True,True
6913,f6913,1.1368683772161603e-13,0.0,1.1368683772161603e-13,True,True
6914,f6914,5.684341886080802e-14,0.0,5.684341886080802e-14,True,True
6915,f6915,6.355287432313019e-14,2.842170943040401e-14,5.684341886080802e-14,True,True
6916,f6916,1.6077746776921858e-13,0.0,1.1368683772161603e-13,True,True
6917,f6917,2.3437142008433856e-13,0.0,2.2737367544323206e-13,True,True
6918,f6918,6.355287432313019e-14,2.1316282072803006e-14,5.684341886080802e-14,True,True
6919,f6919,1.2710574864626038e-13,5.684341886080802e-14,1.1368683772161603e-13,True,True
6920,f6920,5.684341886080802e-14,2.842170943040401e-14,5.684341886080802e-14,True,True
6921,f6921,1.1718571004216928e-13,0.0,1.1368683772161603e-13,True,True
6922,f6922,6.355287432313019e-14,6.355287432313019e-14,3.019806626980426e-14,True,True
6923,f6923,1.2710574864626038e-13,0.0,1.1368683772161603e-13,True,True
6924,f6924,1.1368683772161603e-13,6.355287432313019e-14,1.1368683772161603e-13,True,True
6925,f6925,2.2737367544323206e-13,1.1368683772161603e-13,2.2737367544323206e-13,True,True
6926,f6926,1.2710574864626038e-13,2.842170943040401e-14,1.1368683772161603e-13,True,True
6927,f6927,4.0194366942304644e-14,2.842170943040401e-14,3.552713678800501e-14,True,True
6928,f6928,8.038873388460929e-14,5.684341886080802e-14,5.684341886080802e-14,True,True
6929,f6929,1.1368683772161603e-13,1.4210854715202004e-14,1.1368683772161603e-13,True,True
6930,f6930,1.1368683772161603e-13,5.684341886080802e-14,1.1368683772161603e-13,True,True
6931,f6931,1.1368683772161603e-13,5.684341886080802e-14,1.1368683772161603e-13,True,True
6932,f6932,5.684341886080802e-14,5.684341886080802e-14,5.684341886080802e-14,True,True
6933,f6933,1.1368683772161603e-13,0.0,1.1368683772161603e-13,True,True
6934,f6934,6.355287432313019e-14,6.355287432313019e-14,5.684341886080802e-14,True,True
6935,f6935,1.1718571004216928e-13,2.842170943040401e-14,1.1368683772161603e-13,True,True
6936,f6936,5.859285502108464e-14,0.0,5.684341886080802e-14,True,True
6937,f6937,8.038873388460929e-14,1.4210854715202004e-14,5.684341886080802e-14,True,True
6938,f6938,5.684341886080802e-14,5.684341886080802e-14,5.684341886080802e-14,True,True
6939,f6939,1.1368683772161603e-13,0.0,1.1368683772161603e-13,True,True
6940,f6940,8.038873388460929e-14,5.684341886080802e-14,7.105427357601002e-14,True,True
6941,f6941,8.038873388460929e-14,5.684341886080802e-14,5.684341886080802e-14,True,True
6942,f6942,2.2737367544323206e-13,0.0,2.2737367544323206e-13,True,True
6943,f6943,1.2710574864626038e-13,0.0,1.1368683772161603e-13,True,True
6944,f6944,8.038873388460929e-14,2.842170943040401e-14,5.684341886080802e-14,True,True
6945,f6945,5.684341886080802e-14,0.0,5.684341886080802e-14,True,True
6946,f6946,5.859285502108464e-14,1.1546319456101628e-14,5.684341886080802e-14,True,True
6947,f6947,1.1368683772161603e-13,2.842170943040401e-14,1.1368683772161603e-13,True,True
6948,f6948,5.684341886080802e-14,5.684341886080802e-14,2.930988785010413e-14,True,True
6949,f6949,8.038873388460929e-14,8.038873388460929e-14,5.684341886080802e-14,True,True
6950,f6950,8.526512829121202e-14,3.1776437161565096e-14,8.526512829121202e-14,True,True
6951,f6951,1.1718571004216928e-13,1.1718571004216928e-13,1.1368683772161603e-13,True,True
6952,f6952,1.2710574864626038e-13,1.2710574864626038e-13,5.684341886080802e-14,True,True
6953,f6953,5.818755025955795e-14,1.0658141036401503e-14,5.684341886080802e-14,True,True
6954,f6954,1.1718571004216928e-13,2.842170943040401e-14,1.1368683772161603e-13,True,True
6955,f6955,8.038873388460929e-14,0.0,5.684341886080802e-14,True,True
6956,f6956,1.1368683772161603e-13,5.684341886080802e-14,1.1368683772161603e-13,True,True
6957,f6957,5.684341886080802e-14,5.684341886080802e-14,5.684341886080802e-14,True,True
6958,f6958,1.2710574864626038e-13,0.0,1.1368683772161603e-13,True,True
6959,f6959,8.038873388460929e-14,2.842170943040401e-14,5.684341886080802e-14,True,True
6960,f6960,6.355287432313019e-14,0.0,5.684341886080802e-14,True,True
6961,f6961,6.355287432313019e-14,6.355287432313019e-14,5.684341886080802e-14,True,True
6962,f6962,5.684341886080802e-14,0.0,5.684341886080802e-14,True,True
6963,f6963,1.1368683772161603e-13,5.684341886080802e-14,1.1368683772161603e-13,True,True
6964,f6964,8.038873388460929e-14,0.0,5.684341886080802e-14,True,True
6965,f6965,1.1457157353758233e-13,1.1457157353758233e-13,1.1368683772161603e-13,True,True
6966,f6966,1.1368683772161603e-13,0.0,1.1368683772161603e-13,True,True
6967,f6967,1.2710574864626038e-13,4.0194366942304644e-14,1.1368683772161603e-13,True,True
6968,f6968,5.684341886080802e-14,5.684341886080802e-14,5.684341886080802e-14,True,True
6969,f6969,6.355287432313019e-14,2.842170943040401e-14,5.684341886080802e-14,True,True
6970,f6970,1.1718571004216928e-13,0.0,1.1368683772161603e-13,True,True
6971,f6971,5.684341886080802e-14,0.0,5.684341886080802e-14,True,True
6972,f6972,1.1368683772161603e-13,5.684341886080802e-14,1.1368683772161603e-13,True,True
6973,f6973,1.1718571004216928e-13,5.684341886080802e-14,1.1368683772161603e-13,True,True
6974,f6974,1.1368683772161603e-13,1.1368683772161603e-13,5.684341886080802e-14,True,True
6975,f6975,1.1718571004216928e-13,5.684341886080802e-14,1.1368683772161603e-13,True,True
6976,f6976,1.1368683772161603e-13,0.0,1.1368683772161603e-13,True,True
6977,f6977,8.038873388460929e-14,2.842170943040401e-14,5.684341886080802e-14,True,True
6978,f6978,1.2710574864626038e-13,1.2710574864626038e-13,1.1368683772161603e-13,True,True
6979,f6979,7.105427357601002e-14,3.552713678800501e-15,5.684341886080802e-14,True,True
6980,f6980,5.684341886080802e-14,2.842170943040401e-14,5.684341886080802e-14,True,True
6981,f6981,6.355287432313019e-14,0.0,5.684341886080802e-14,True,True
6982,f6982,8.038873388460929e-14,5.684341886080802e-14,5.684341886080802e-14,True,True
6983,f6983,1.1457157353758233e-13,1.4210854715202004e-14,1.1368683772161603e-13,True,True
6984,f6984,1.6077746776921858e-13,5.684341886080802e-14,1.1368683772161603e-13,True,True
6985,f6985,8.038873388460929e-14,0.0,5.684341886080802e-14,True,True
6986,f6986,8.038873388460929e-14,2.842170943040401e-14,5.684341886080802e-14,True,True
6987,f6987,3.1776437161565096e-14,1.4210854715202004e-14,2.842170943040401e-14,True,True
6988,f6988,5.684341886080802e-14,0.0,5.684341886080802e-14,True,True
6989,f6989,8.038873388460929e-14,0.0,5.684341886080802e-14,True,True
6990,f6990,6.355287432313019e-14,5.684341886080802e-14,5.684341886080802e-14,True,True
6991,f6991,8.038873388460929e-14,5.684341886080802e-14,5.684341886080802e-14,True,True
6992,f6992,1.1368683772161603e-13,5.684341886080802e-14,1.1368683772161603e-13,True,True
6993,f6993,5.684341886080802e-14,0.0,5.684341886080802e-14,True,True
6994,f6994,5.684341886080802e-14,0.0,5.684341886080802e-14,True,True
6995,f6995,1.1718571004216928e-13,0.0,1.1368683772161603e-13,True,True
6996,f6996,1.1368683772161603e-13,2.842170943040401e-14,1.1368683772161603e-13,True,True
6997,f6997,6.355287432313019e-14,0.0,5.684341886080802e-14,True,True
6998,f6998,1.1368683772161603e-13,0.0,1.1368683772161603e-13,True,True
6999,f6999,1.2710574864626038e-13,1.1368683772161603e-13,1.1368683772161603e-13,True,True
7000,f7000,1.1368683772161603e-13,8.038873388460929e-14,1.1368683772161603e-13,True,True
7001,f7001,6.355287432313019e-14,0.0,5.684341886080802e-14,True,True
7002,f7002,5.684341886080802e-14,0.0,5.684341886080802e-14,True,True
7003,f7003,5.684341886080802e-14,5.684341886080802e-14,2.842170943040401e-14,True,True
7004,f7004,5.684341886080802e-14,3.1776437161565096e-14,5.684341886080802e-14,True,True
7005,f7005,1.1368683772161603e-13,0.0,1.1368683772161603e-13,True,True
7006,f7006,6.355287432313019e-14,2.842170943040401e-14,5.684341886080802e-14,True,True
7007,f7007,3.1776437161565096e-14,0.0,2.842170943040401e-14,True,True
7008,f7008,1.2710574864626038e-13,0.0,1.1368683772161603e-13,True,True
7009,f7009,1.2710574864626038e-13,0.0,1.1368683772161603e-13,True,True
7010,f7010,1.139086659085919e-13,0.0,1.1368683772161603e-13,True,True
7011,f7011,6.355287432313019e-14,1.4210854715202004e-14,5.684341886080802e-14,True,True
7012,f7012,1.1368683772161603e-13,1.1368683772161603e-13,5.684341886080802e-14,True,True
7013,f7013,1.1368683772161603e-13,1.1368683772161603e-13,1.1368683772161603e-13,True,True
7014,f7014,6.99803436660041e-14,0.0,6.394884621840902e-14,True,True
7015,f7015,1.1368683772161603e-13,0.0,1.1368683772161603e-13,True,True
7016,f7016,3.552713678800501e-14,2.842170943040401e-14,3.197442310920451e-14,True,True
7017,f7017,6.355287432313019e-14,0.0,5.684341886080802e-14,True,True
7018,f7018,5.684341886080802e-14,0.0,5.684341886080802e-14,True,True
7019,f7019,6.355287432313019e-14,6.355287432313019e-14,5.684341886080802e-14,True,True
7020,f7020,1.2710574864626038e-13,1.2710574864626038e-13,1.1368683772161603e-13,True,True
7021,f7021,8.038873388460929e-14,8.038873388460929e-14,5.684341886080802e-14,True,True
7022,f7022,1.1718571004216928e-13,0.0,1.1368683772161603e-13,True,True
7023,f7023,6.355287432313019e-14,6.355287432313019e-14,5.684341886080802e-14,True,True
7024,f7024,6.355287432313019e-14,2.842170943040401e-14,5.684341886080802e-14,True,True
7025,f7025,5.684341886080802e-14,0.0,5.684341886080802e-14,True,True
7026,f7026,6.355287432313019e-14,2.842170943040401e-14,5.684341886080802e-14,True,True
7027,f7027,6.355287432313019e-14,0.0,5.684341886080802e-14,True,True
7028,f7028,7.105427357601002e-14,2.842170943040401e-14,5.684341886080802e-14,True,True
7029,f7029,1.1457157353758233e-13,6.355287432313019e-14,1.1368683772161603e-13,True,True
7030,f7030,8.038873388460929e-14,0.0,5.684341886080802e-14,True,True
7031,f7031,1.1718571004216928e-13,2.842170943040401e-14,1.1368683772161603e-13,True,True
7032,f7032,6.355287432313019e-14,0.0,5.684341886080802e-14,True,True
7033,f7033,5.950795411990839e-14,1.5888218580782548e-14,5.950795411990839e-14,True,True
7034,f7034,6.355287432313019e-14,5.684341886080802e-14,5.684341886080802e-14,True,True
7035,f7035,6.355287432313019e-14,6.355287432313019e-14,2.842170943040401e-14,True,True
7036,f7036,5.859285502108464e-14,5.859285502108464e-14,5.684341886080802e-14,True,True
7037,f7037,7.815970093361102e-14,4.263256414560601e-14,7.815970093361102e-14,True,True
7038,f7038,5.859285502108464e-14,0.0,5.684341886080802e-14,True,True
7039,f7039,1.1368683772161603e-13,5.684341886080802e-14,1.1368683772161603e-13,True,True
7040,f7040,1.156679772130055e-13,1.1368683772161603e-13,1.1368683772161603e-13,True,True
7041,f7041,8.038873388460929e-14,5.684341886080802e-14,5.684341886080802e-14,True,True
7042,f7042,1.1368683772161603e-13,1.1368683772161603e-13,1.1368683772161603e-13,True,True
7043,f7043,5.684341886080802e-14,0.0,5.684341886080802e-14,True,True
7044,f7044,1.1718571004216928e-13,0.0,1.1368683772161603e-13,True,True
7045,f7045,1.1368683772161603e-13,2.842170943040401e-14,1.1368683772161603e-13,True,True
7046,f7046,1.2710574864626038e-13,5.684341886080802e-14,1.1368683772161603e-13,True,True
7047,f7047,1.2710574864626038e-13,1.2710574864626038e-13,1.1368683772161603e-13,True,True
7048,f7048,1.1368683772161603e-13,0.0,1.1368683772161603e-13,True,True
7049,f7049,1.2710574864626038e-13,0.0,1.1368683772161603e-13,True,True
7050,f7050,1.2710574864626038e-13,1.1368683772161603e-13,1.1368683772161603e-13,True,True
7051,f7051,1.1368683772161603e-13,0.0,1.1368683772161603e-13,True,True
7052,f7052,5.684341886080802e-14,5.684341886080802e-14,5.684341886080802e-14,True,True
7053,f7053,6.355287432313019e-14,5.859285502108464e-14,5.684341886080802e-14,True,True
7054,f7054,1.1368683772161603e-13,5.684341886080802e-14,1.1368683772161603e-13,True,True
7055,f7055,5.684341886080802e-14,0.0,5.684341886080802e-14,True,True
7056,f7056,8.038873388460929e-14,5.684341886080802e-14,5.684341886080802e-14,True,True
7057,f7057,6.355287432313019e-14,6.355287432313019e-14,5.684341886080802e-14,True,True
7058,f7058,1.2710574864626038e-13,0.0,1.1368683772161603e-13,True,True
7059,f7059,6.355287432313019e-14,2.842170943040401e-14,5.684341886080802e-14,True,True
7060,f7060,1.1718571004216928e-13,0.0,1.1368683772161603e-13,True,True
7061,f7061,5.684341886080802e-14,0.0,5.684341886080802e-14,True,True
7062,f7062,1.1368683772161603e-13,6.355287432313019e-14,1.1368683772161603e-13,True,True
7063,f7063,8.038873388460929e-14,0.0,5.684341886080802e-14,True,True
7064,f7064,1.1718571004216928e-13,0.0,1.1368683772161603e-13,True,True
7065,f7065,5.684341886080802e-14,4.0194366942304644e-14,5.684341886080802e-14,True,True
7066,f7066,1.2710574864626038e-13,2.842170943040401e-14,1.1368683772161603e-13,True,True
7067,f7067,1.2710574864626038e-13,0.0,1.1368683772161603e-13,True,True
7068,f7068,5.684341886080802e-14,2.842170943040401e-14,5.684341886080802e-14,True,True
7069,f7069,5.684341886080802e-14,2.842170943040401e-14,5.684341886080802e-14,True,True
7070,f7070,1.1368683772161603e-13,2.842170943040401e-14,1.1368683772161603e-13,True,True
7071,f7071,8.038873388460929e-14,5.684341886080802e-14,5.684341886080802e-14,True,True
7072,f7072,8.038873388460929e-14,6.355287432313019e-14,5.684341886080802e-14,True,True
7073,f7073,1.1368683772161603e-13,0.0,1.1368683772161603e-13,True,True
7074,f7074,1.1718571004216928e-13,1.4210854715202004e-14,1.1368683772161603e-13,True,True
7075,f7075,1.1368683772161603e-13,0.0,1.1368683772161603e-13,True,True
7076,f7076,6.355287432313019e-14,6.355287432313019e-14,5.684341886080802e-14,True,True
7077,f7077,5.684341886080802e-14,5.684341886080802e-14,5.684341886080802e-14,True,True
7078,f7078,1.1368683772161603e-13,0.0,1.1368683772161603e-13,True,True
7079,f7079,1.2710574864626038e-13,5.684341886080802e-14,1.1368683772161603e-13,True,True
7080,f7080,6.703246762680666e-14,2.842170943040401e-14,5.684341886080802e-14,True,True
7081,f7081,8.038873388460929e-14,5.684341886080802e-14,5.684341886080802e-14,True,True
7082,f7082,5.684341886080802e-14,0.0,5.684341886080802e-14,True,True
7083,f7083,8.038873388460929e-14,8.038873388460929e-14,5.684341886080802e-14,True,True
7084,f7084,1.1368683772161603e-13,6.355287432313019e-14,1.1368683772161603e-13,True,True
7085,f7085,8.038873388460929e-14,2.842170943040401e-14,5.684341886080802e-14,True,True
7086,f7086,1.2710574864626038e-13,1.2710574864626038e-13,5.684341886080802e-14,True,True
7087,f7087,5.728578676879116e-14,5.728578676879116e-14,2.842170943040401e-14,True,True
7088,f7088,1.1368683772161603e-13,0.0,1.1368683772161603e-13,True,True
7089,f7089,8.038873388460929e-14,8.038873388460929e-14,5.684341886080802e-14,True,True
7090,f7090,1.7053025658242404e-13,1.1368683772161603e-13,1.7053025658242404e-13,True,True
7091,f7091,6.355287432313019e-14,2.842170943040401e-14,5.684341886080802e-14,True,True
7092,f7092,5.684341886080802e-14,0.0,5.684341886080802e-14,True,True
7093,f7093,1.1718571004216928e-13,0.0,1.1368683772161603e-13,True,True
7094,f7094,3.03543989777123e-14,1.4210854715202004e-14,2.842170943040401e-14,True,True
7095,f7095,6.355287432313019e-14,0.0,5.684341886080802e-14,True,True
7096,f7096,5.684341886080802e-14,0.0,5.684341886080802e-14,True,True
7097,f7097,5.684341886080802e-14,2.842170943040401e-14,5.684341886080802e-14,True,True
7098,f7098,1.2710574864626038e-13,0.0,1.1368683772161603e-13,True,True
7099,f7099,5.684341886080802e-14,5.684341886080802e-14,5.684341886080802e-14,True,True
7100,f7100,6.355287432313019e-14,4.0194366942304644e-14,5.684341886080802e-14,True,True
7101,f7101,1.2710574864626038e-13,5.684341886080802e-14,1.1368683772161603e-13,True,True
7102,f7102,1.2710574864626038e-13,5.684341886080802e-14,1.1368683772161603e-13,True,True
7103,f7103,5.684341886080802e-14,2.842170943040401e-14,5.684341886080802e-14,True,True
7104,f7104,4.0194366942304644e-14,0.0,2.842170943040401e-14,True,True
7105,f7105,1.1457157353758233e-13,1.4210854715202004e-14,1.1368683772161603e-13,True,True
7106,f7106,1.6077746776921858e-13,5.684341886080802e-14,1.1368683772161603e-13,True,True
7107,f7107,5.709267256288867e-14,0.0,5.684341886080802e-14,True,True
7108,f7108,8.038873388460929e-14,2.842170943040401e-14,5.684341886080802e-14,True,True
7109,f7109,1.1718571004216928e-13,1.1718571004216928e-13,1.1368683772161603e-13,True,True
7110,f7110,8.038873388460929e-14,0.0,5.684341886080802e-14,True,True
7111,f7111,6.07087979554246e-14,4.0194366942304644e-14,5.684341886080802e-14,True,True
7112,f7112,1.1718571004216928e-13,0.0,1.1368683772161603e-13,True,True
7113,f7113,5.684341886080802e-14,2.842170943040401e-14,5.684341886080802e-14,True,True
7114,f7114,1.2710574864626038e-13,0.0,1.1368683772161603e-13,True,True
7115,f7115,1.2710574864626038e-13,0.0,1.1368683772161603e-13,True,True
7116,f7116,1.2710574864626038e-13,0.0,1.1368683772161603e-13,True,True
7117,f7117,5.684341886080802e-14,5.684341886080802e-14,5.684341886080802e-14,True,True
7118,f7118,1.156679772130055e-13,0.0,1.1368683772161603e-13,True,True
7119,f7119,8.038873388460929e-14,8.038873388460929e-14,5.684341886080802e-14,True,True
7120,f7120,1.1368683772161603e-13,2.842170943040401e-14,1.1368683772161603e-13,True,True
7121,f7121,5.684341886080802e-14,2.842170943040401e-14,5.684341886080802e-14,True,True
7122,f7122,4.0194366942304644e-14,0.0,3.197442310920451e-14,True,True
7123,f7123,1.1718571004216928e-13,1.1368683772161603e-13,1.1368683772161603e-13,True,True
7124,f7124,8.038873388460929e-14,5.684341886080802e-14,5.684341886080802e-14,True,True
7125,f7125,5.684341886080802e-14,2.842170943040401e-14,5.684341886080802e-14,True,True
7126,f7126,6.355287432313019e-14,0.0,5.684341886080802e-14,True,True
7127,f7127,6.355287432313019e-14,5.684341886080802e-14,5.684341886080802e-14,True,True
7128,f7128,1.6077746776921858e-13,8.038873388460929e-14,1.1368683772161603e-13,True,True
7129,f7129,1.2710574864626038e-13,5.684341886080802e-14,1.1368683772161603e-13,True,True
7130,f7130,6.355287432313019e-14,2.842170943040401e-14,5.684341886080802e-14,True,True
7131,f7131,5.684341886080802e-14,0.0,5.684341886080802e-14,True,True
7132,f7132,8.038873388460929e-14,0.0,5.684341886080802e-14,True,True
7133,f7133,1.1718571004216928e-13,1.1368683772161603e-13,1.1368683772161603e-13,True,True
7134,f7134,1.1368683772161603e-13,0.0,1.1368683772161603e-13,True,True
7135,f7135,1.1368683772161603e-13,5.684341886080802e-14,1.1368683772161603e-13,True,True
7136,f7136,8.038873388460929e-14,0.0,5.684341886080802e-14,True,True
7137,f7137,1.1368683772161603e-13,0.0,1.1368683772161603e-13,True,True
7138,f7138,5.684341886080802e-14,0.0,5.684341886080802e-14,True,True
7139,f7139,1.1368683772161603e-13,5.684341886080802e-14,1.1368683772161603e-13,True,True
7140,f7140,6.07087979554246e-14,1.4210854715202004e-14,5.684341886080802e-14,True,True
7141,f7141,8.038873388460929e-14,5.684341886080802e-14,5.684341886080802e-14,True,True
7142,f7142,6.355287432313019e-14,5.684341886080802e-14,5.684341886080802e-14,True,True
7143,f7143,5.859285502108464e-14,1.4210854715202004e-14,5.684341886080802e-14,True,True
7144,f7144,5.684341886080802e-14,0.0,5.684341886080802e-14,True,True
7145,f7145,6.355287432313019e-14,2.842170943040401e-14,5.684341886080802e-14,True,True
7146,f7146,6.355287432313019e-14,5.684341886080802e-14,5.684341886080802e-14,True,True
7147,f7147,6.355287432313019e-14,0.0,5.684341886080802e-14,True,True
7148,f7148,5.859285502108464e-14,1.4210854715202004e-14,5.684341886080802e-14,True,True
7149,f7149,5.684341886080802e-14,0.0,5.684341886080802e-14,True,True
7150,f7150,1.2710574864626038e-13,5.684341886080802e-14,1.1368683772161603e-13,True,True
7151,f7151,1.1368683772161603e-13,0.0,1.1368683772161603e-13,True,True
7152,f7152,6.355287432313019e-14,0.0,5.684341886080802e-14,True,True
7153,f7153,1.1457157353758233e-13,1.4210854715202004e-14,1.1368683772161603e-13,True,True
7154,f7154,6.355287432313019e-14,4.0194366942304644e-14,5.684341886080802e-14,True,True
7155,f7155,6.355287432313019e-14,1.4210854715202004e-14,5.684341886080802e-14,True,True
7156,f7156,1.1372782672711148e-13,3.552713678800501e-15,1.1368683772161603e-13,True,True
7157,f7157,1.1368683772161603e-13,5.684341886080802e-14,1.1368683772161603e-13,True,True
7158,f7158,1.2710574864626038e-13,0.0,1.1368683772161603e-13,True,True
7159,f7159,6.355287432313019e-14,4.0194366942304644e-14,5.684341886080802e-14,True,True
7160,f7160,5.684341886080802e-14,0.0,5.684341886080802e-14,True,True
7161,f7161,5.684341886080802e-14,2.842170943040401e-14,5.684341886080802e-14,True,True
7162,f7162,1.1368683772161603e-13,0.0,1.1368683772161603e-13,True,True
7163,f7163,1.1718571004216928e-13,5.684341886080802e-14,1.1368683772161603e-13,True,True
7164,f7164,5.684341886080802e-14,5.684341886080802e-14,5.684341886080802e-14,True,True
7165,f7165,1.2710574864626038e-13,0.0,1.1368683772161603e-13,True,True
7166,f7166,6.355287432313019e-14,0.0,5.684341886080802e-14,True,True
7167,f7167,6.355287432313019e-14,6.355287432313019e-14,5.684341886080802e-14,True,True
7168,f7168,5.684341886080802e-14,0.0,5.684341886080802e-14,True,True
7169,f7169,1.1718571004216928e-13,2.842170943040401e-14,1.1368683772161603e-13,True,True
7170,f7170,1.1368683772161603e-13,0.0,1.1368683772161603e-13,True,True
7171,f7171,6.355287432313019e-14,0.0,5.684341886080802e-14,True,True
7172,f7172,8.038873388460929e-14,2.842170943040401e-14,5.684341886080802e-14,True,True
7173,f7173,1.1368683772161603e-13,2.842170943040401e-14,1.1368683772161603e-13,True,True
7174,f7174,1.2710574864626038e-13,5.684341886080802e-14,1.1368683772161603e-13,True,True
7175,f7175,5.684341886080802e-14,0.0,5.684341886080802e-14,True,True
7176,f7176,6.355287432313019e-14,6.355287432313019e-14,5.684341886080802e-14,True,True
7177,f7177,1.1718571004216928e-13,5.684341886080802e-14,1.1368683772161603e-13,True,True
7178,f7178,8.038873388460929e-14,5.684341886080802e-14,5.684341886080802e-14,True,True
7179,f7179,1.1368683772161603e-13,0.0,1.1368683772161603e-13,True,True
7180,f7180,6.355287432313019e-14,0.0,5.684341886080802e-14,True,True
7181,f7181,1.1718571004216928e-13,0.0,1.1368683772161603e-13,True,True
7182,f7182,5.684341886080802e-14,0.0,5.684341886080802e-14,True,True
7183,f7183,5.859285502108464e-14,0.0,5.684341886080802e-14,True,True
7184,f7184,5.859285502108464e-14,2.842170943040401e-14,5.684341886080802e-14,True,True
7185,f7185,1.1368683772161603e-13,0.0,1.1368683772161603e-13,True,True
7186,f7186,6.355287432313019e-14,2.842170943040401e-14,5.684341886080802e-14,True,True
7187,f7187,1.1368683772161603e-13,0.0,1.1368683772161603e-13,True,True
7188,f7188,7.105427357601002e-14,0.0,5.684341886080802e-14,True,True
7189,f7189,8.038873388460929e-14,0.0,5.684341886080802e-14,True,True
7190,f7190,8.038873388460929e-14,5.684341886080802e-14,5.684341886080802e-14,True,True
7191,f7191,1.1368683772161603e-13,0.0,1.1368683772161603e-13,True,True
7192,f7192,4.0194366942304644e-14,3.552713678800501e-14,2.842170943040401e-14,True,True
7193,f7193,1.1718571004216928e-13,6.355287432313019e-14,1.1368683772161603e-13,True,True
7194,f7194,5.859285502108464e-14,0.0,5.684341886080802e-14,True,True
7195,f7195,6.355287432313019e-14,1.4210854715202004e-14,5.684341886080802e-14,True,True
7196,f7196,8.038873388460929e-14,0.0,5.684341886080802e-14,True,True
7197,f7197,1.1368683772161603e-13,2.842170943040401e-14,1.1368683772161603e-13,True,True
7198,f7198,6.355287432313019e-14,2.842170943040401e-14,5.684341886080802e-14,True,True
7199,f7199,6.355287432313019e-14,6.355287432313019e-14,5.684341886080802e-14,True,True
7200,f7200,6.355287432313019e-14,6.355287432313019e-14,5.684341886080802e-14,True,True
7201,f7201,6.355287432313019e-14,5.684341886080802e-14,5.684341886080802e-14,True,True
7202,f7202,6.355287432313019e-14,6.355287432313019e-14,5.684341886080802e-14,True,True
7203,f7203,5.684341886080802e-14,0.0,5.684341886080802e-14,True,True
7204,f7204,8.038873388460929e-14,0.0,5.684341886080802e-14,True,True
7205,f7205,1.1718571004216928e-13,0.0,1.1368683772161603e-13,True,True
7206,f7206,1.2710574864626038e-13,1.2710574864626038e-13,1.1368683772161603e-13,True,True
7207,f7207,4.0194366942304644e-14,4.0194366942304644e-14,2.842170943040401e-14,True,True
7208,f7208,1.1718571004216928e-13,0.0,1.1368683772161603e-13,True,True
7209,f7209,6.355287432313019e-14,0.0,5.684341886080802e-14,True,True
7210,f7210,8.038873388460929e-14,6.355287432313019e-14,5.684341886080802e-14,True,True
7211,f7211,1.1368683772161603e-13,2.842170943040401e-14,1.1368683772161603e-13,True,True
7212,f7212,1.1368683772161603e-13,0.0,1.1368683772161603e-13,True,True
7213,f7213,1.1718571004216928e-13,0.0,1.1368683772161603e-13,True,True
7214,f7214,8.038873388460929e-14,0.0,5.684341886080802e-14,True,True
7215,f7215,6.118930520446548e-14,2.353672812205332e-14,5.684341886080802e-14,True,True
7216,f7216,1.2710574864626038e-13,0.0,1.1368683772161603e-13,True,True
7217,f7217,1.1368683772161603e-13,0.0,1.1368683772161603e-13,True,True
7218,f7218,5.859285502108464e-14,7.105427357601002e-15,5.684341886080802e-14,True,True
7219,f7219,1.2710574864626038e-13,5.684341886080802e-14,1.1368683772161603e-13,True,True
7220,f7220,6.355287432313019e-14,5.684341886080802e-14,5.684341886080802e-14,True,True
7221,f7221,5.684341886080802e-14,5.684341886080802e-14,5.684341886080802e-14,True,True
7222,f7222,1.2710574864626038e-13,5.684341886080802e-14,1.1368683772161603e-13,True,True
7223,f7223,6.355287432313019e-14,0.0,5.684341886080802e-14,True,True
7224,f7224,1.1718571004216928e-13,0.0,1.1368683772161603e-13,True,True
7225,f7225,6.543801806874928e-14,2.842170943040401e-14,5.684341886080802e-14,True,True
7226,f7226,5.684341886080802e-14,0.0,5.684341886080802e-14,True,True
7227,f7227,1.1718571004216928e-13,1.1718571004216928e-13,1.1368683772161603e-13,True,True
7228,f7228,4.547473508864641e-13,5.684341886080802e-14,4.547473508864641e-13,True,True
7229,f7229,5.684341886080802e-14,0.0,5.684341886080802e-14,True,True
7230,f7230,1.2710574864626038e-13,8.038873388460929e-14,1.1368683772161603e-13,True,True
7231,f7231,1.1368683772161603e-13,6.355287432313019e-14,1.1368683772161603e-13,True,True
7232,f7232,1.1368683772161603e-13,5.684341886080802e-14,1.1368683772161603e-13,True,True
7233,f7233,1.2710574864626038e-13,0.0,1.1368683772161603e-13,True,True
7234,f7234,5.684341886080802e-14,2.842170943040401e-14,5.684341886080802e-14,True,True
7235,f7235,5.684341886080802e-14,5.684341886080802e-14,5.684341886080802e-14,True,True
7236,f7236,2.5421149729252077e-13,0.0,2.2737367544323206e-13,True,True
7237,f7237,1.1368683772161603e-13,0.0,1.1368683772161603e-13,True,True
7238,f7238,6.07087979554246e-14,0.0,5.684341886080802e-14,True,True
7239,f7239,1.1368683772161603e-13,0.0,1.1368683772161603e-13,True,True
7240,f7240,1.1368683772161603e-13,5.684341886080802e-14,1.1368683772161603e-13,True,True
7241,f7241,8.038873388460929e-14,8.038873388460929e-14,5.684341886080802e-14,True,True
7242,f7242,1.1718571004216928e-13,0.0,1.1368683772161603e-13,True,True
7243,f7243,6.355287432313019e-14,2.842170943040401e-14,5.684341886080802e-14,True,True
7244,f7244,1.1368683772161603e-13,8.038873388460929e-14,1.1368683772161603e-13,True,True
7245,f7245,1.1368683772161603e-13,0.0,1.1368683772161603e-13,True,True
7246,f7246,1.2710574864626038e-13,1.1368683772161603e-13,1.1368683772161603e-13,True,True
7247,f7247,1.1368683772161603e-13,5.684341886080802e-14,1.1368683772161603e-13,True,True
7248,f7248,6.355287432313019e-14,0.0,5.684341886080802e-14,True,True
7249,f7249,6.355287432313019e-14,0.0,5.684341886080802e-14,True,True
7250,f7250,1.2710574864626038e-13,0.0,1.1368683772161603e-13,True,True
7251,f7251,6.355287432313019e-14,5.684341886080802e-14,5.684341886080802e-14,True,True
7252,f7252,6.355287432313019e-14,2.842170943040401e-14,5.684341886080802e-14,True,True
7253,f7253,1.2710574864626038e-13,6.355287432313019e-14,1.1368683772161603e-13,True,True
7254,f7254,6.355287432313019e-14,6.355287432313019e-14,5.684341886080802e-14,True,True
7255,f7255,6.355287432313019e-14,0.0,5.684341886080802e-14,True,True
7256,f7256,5.684341886080802e-14,2.842170943040401e-14,5.684341886080802e-14,True,True
7257,f7257,5.684341886080802e-14,0.0,5.684341886080802e-14,True,True
7258,f7258,7.27188665479861e-14,5.684341886080802e-14,5.684341886080802e-14,True,True
7259,f7259,8.038873388460929e-14,0.0,5.684341886080802e-14,True,True
7260,f7260,1.2710574864626038e-13,5.684341886080802e-14,1.1368683772161603e-13,True,True
7261,f7261,1.1368683772161603e-13,0.0,1.1368683772161603e-13,True,True
7262,f7262,1.1368683772161603e-13,1.1368683772161603e-13,1.1368683772161603e-13,True,True
7263,f7263,1.2710574864626038e-13,5.684341886080802e-14,1.1368683772161603e-13,True,True
7264,f7264,3.907985046680551e-14,1.4210854715202004e-14,3.907985046680551e-14,True,True
7265,f7265,8.038873388460929e-14,5.684341886080802e-14,5.684341886080802e-14,True,True
7266,f7266,5.684341886080802e-14,5.684341886080802e-14,5.684341886080802e-14,True,True
7267,f7267,1.1368683772161603e-13,0.0,1.1368683772161603e-13,True,True
7268,f7268,8.038873388460929e-14,0.0,5.684341886080802e-14,True,True
7269,f7269,8.038873388460929e-14,0.0,5.684341886080802e-14,True,True
7270,f7270,4.2780337774645346e-14,3.552713678800501e-14,4.085620730620576e-14,True,True
7271,f7271,1.1368683772161603e-13,5.684341886080802e-14,1.1368683772161603e-13,True,True
7272,f7272,4.0194366942304644e-14,4.0194366942304644e-14,2.842170943040401e-14,True,True
7273,f7273,6.355287432313019e-14,2.842170943040401e-14,5.684341886080802e-14,True,True
7274,f7274,1.2710574864626038e-13,5.684341886080802e-14,1.1368683772161603e-13,True,True
7275,f7275,5.684341886080802e-14,5.684341886080802e-14,5.684341886080802e-14,True,True
7276,f7276,1.2710574864626038e-13,0.0,1.1368683772161603e-13,True,True
7277,f7277,1.6077746776921858e-13,5.684341886080802e-14,1.1368683772161603e-13,True,True
7278,f7278,1.139086659085919e-13,2.842170943040401e-14,1.1368683772161603e-13,True,True
7279,f7279,1.1368683772161603e-13,0.0,1.1368683772161603e-13,True,True
7280,f7280,6.703246762680666e-14,2.842170943040401e-14,5.684341886080802e-14,True,True
7281,f7281,8.987733679556355e-14,5.684341886080802e-14,8.526512829121202e-14,True,True
7282,f7282,5.684341886080802e-14,0.0,5.684341886080802e-14,True,True
7283,f7283,8.038873388460929e-14,5.684341886080802e-14,5.684341886080802e-14,True,True
7284,f7284,8.038873388460929e-14,0.0,5.684341886080802e-14,True,True
7285,f7285,2.842170943040401e-14,0.0,2.842170943040401e-14,True,True
7286,f7286,6.355287432313019e-14,2.842170943040401e-14,5.684341886080802e-14,True,True
7287,f7287,8.038873388460929e-14,5.684341886080802e-14,5.684341886080802e-14,True,True
7288,f7288,1.1718571004216928e-13,6.355287432313019e-14,1.1368683772161603e-13,True,True
7289,f7289,1.1368683772161603e-13,2.842170943040401e-14,1.1368683772161603e-13,True,True
7290,f7290,1.2710574864626038e-13,0.0,1.1368683772161603e-13,True,True
7291,f7291,8.038873388460929e-14,8.038873388460929e-14,5.684341886080802e-14,True,True
7292,f7292,5.904883742358415e-14,0.0,5.684341886080802e-14,True,True
7293,f7293,5.904883742358415e-14,7.105427357601002e-15,5.684341886080802e-14,True,True
7294,f7294,8.038873388460929e-14,0.0,5.684341886080802e-14,True,True
7295,f7295,8.038873388460929e-14,0.0,5.684341886080802e-14,True,True
7296,f7296,1.2710574864626038e-13,5.684341886080802e-14,1.1368683772161603e-13,True,True
7297,f7297,5.684341886080802e-14,5.684341886080802e-14,2.842170943040401e-14,True,True
7298,f7298,4.0194366942304644e-14,0.0,2.842170943040401e-14,True,True
7299,f7299,5.684341886080802e-14,0.0,5.684341886080802e-14,True,True
7300,f7300,1.2710574864626038e-13,1.2710574864626038e-13,1.1368683772161603e-13,True,True
7301,f7301,8.038873388460929e-14,5.684341886080802e-14,5.684341886080802e-14,True,True
7302,f7302,1.1368683772161603e-13,0.0,1.1368683772161603e-13,True,True
7303,f7303,1.1368683772161603e-13,2.842170943040401e-14,1.1368683772161603e-13,True,True
7304,f7304,1.1368683772161603e-13,5.684341886080802e-14,1.1368683772161603e-13,True,True
7305,f7305,8.038873388460929e-14,2.842170943040401e-14,5.684341886080802e-14,True,True
7306,f7306,1.1718571004216928e-13,2.842170943040401e-14,1.1368683772161603e-13,True,True
7307,f7307,5.684341886080802e-14,5.684341886080802e-14,2.842170943040401e-14,True,True
7308,f7308,1.1368683772161603e-13,0.0,1.1368683772161603e-13,True,True
7309,f7309,5.684341886080802e-14,2.842170943040401e-14,5.684341886080802e-14,True,True
7310,f7310,2.2737367544323206e-13,0.0,2.2737367544323206e-13,True,True
7311,f7311,1.1718571004216928e-13,2.842170943040401e-14,1.1368683772161603e-13,True,True
7312,f7312,5.859285502108464e-14,2.842170943040401e-14,5.684341886080802e-14,True,True
7313,f7313,8.038873388460929e-14,5.684341886080802e-14,5.684341886080802e-14,True,True
7314,f7314,6.07087979554246e-14,0.0,5.684341886080802e-14,True,True
7315,f7315,6.355287432313019e-14,6.355287432313019e-14,5.684341886080802e-14,True,True
7316,f7316,5.684341886080802e-14,2.842170943040401e-14,5.684341886080802e-14,True,True
7317,f7317,1.1718571004216928e-13,1.1718571004216928e-13,5.684341886080802e-14,True,True
7318,f7318,6.355287432313019e-14,2.842170943040401e-14,5.684341886080802e-14,True,True
7319,f7319,1.2710574864626038e-13,2.842170943040401e-14,1.1368683772161603e-13,True,True
7320,f7320,3.410605131648481e-12,5.684341886080802e-14,3.410605131648481e-12,True,True
7321,f7321,6.355287432313019e-14,0.0,5.684341886080802e-14,True,True
7322,f7322,6.355287432313019e-14,6.355287432313019e-14,5.684341886080802e-14,True,True
7323,f7323,1.6077746776921858e-13,0.0,1.1368683772161603e-13,True,True
7324,f7324,1.1368683772161603e-13,0.0,1.1368683772161603e-13,True,True
7325,f7325,6.355287432313019e-14,6.355287432313019e-14,5.684341886080802e-14,True,True
7326,f7326,1.1368683772161603e-13,5.684341886080802e-14,1.1368683772161603e-13,True,True
7327,f7327,5.684341886080802e-14,5.684341886080802e-14,2.842170943040401e-14,True,True
7328,f7328,1.2710574864626038e-13,1.1368683772161603e-13,1.1368683772161603e-13,True,True
7329,f7329,8.038873388460929e-14,5.684341886080802e-14,5.684341886080802e-14,True,True
7330,f7330,2.842170943040401e-14,0.0,2.842170943040401e-14,True,True
7331,f7331,1.1457157353758233e-13,0.0,1.1368683772161603e-13,True,True
7332,f7332,8.038873388460929e-14,0.0,5.684341886080802e-14,True,True
7333,f7333,1.1457157353758233e-13,0.0,1.1368683772161603e-13,True,True
7334,f7334,1.1368683772161603e-13,5.684341886080802e-14,1.1368683772161603e-13,True,True
7335,f7335,8.038873388460929e-14,6.355287432313019e-14,5.684341886080802e-14,True,True
7336,f7336,1.1368683772161603e-13,2.842170943040401e-14,1.1368683772161603e-13,True,True
7337,f7337,1.1368683772161603e-13,5.684341886080802e-14,1.1368683772161603e-13,True,True
7338,f7338,4.0194366942304644e-14,1.4210854715202004e-14,2.842170943040401e-14,True,True
7339,f7339,6.355287432313019e-14,2.842170943040401e-14,5.684341886080802e-14,True,True
7340,f7340,5.684341886080802e-14,1.4210854715202004e-14,5.684341886080802e-14,True,True
7341,f7341,6.355287432313019e-14,2.842170943040401e-14,5.684341886080802e-14,True,True
7342,f7342,3.449061096984636e-14,2.842170943040401e-14,2.842170943040401e-14,True,True
7343,f7343,8.038873388460929e-14,5.684341886080802e-14,5.684341886080802e-14,True,True
7344,f7344,6.204547701064548e-14,3.1086244689504383e-15,5.684341886080802e-14,True,True
7345,f7345,8.038873388460929e-14,6.355287432313019e-14,5.684341886080802e-14,True,True
7346,f7346,5.684341886080802e-14,1.4210854715202004e-14,5.684341886080802e-14,True,True
7347,f7347,8.038873388460929e-14,2.842170943040401e-14,5.684341886080802e-14,True,True
7348,f7348,7.105427357601002e-14,0.0,5.684341886080802e-14,True,True
7349,f7349,1.1718571004216928e-13,0.0,1.1368683772161603e-13,True,True
7350,f7350,5.684341886080802e-14,0.0,5.684341886080802e-14,True,True
7351,f7351,6.799062365205315e-14,2.842170943040401e-14,5.684341886080802e-14,True,True
7352,f7352,1.1368683772161603e-13,0.0,1.1368683772161603e-13,True,True
7353,f7353,3.1776437161565096e-14,1.4210854715202004e-14,2.842170943040401e-14,True,True
7354,f7354,5.684341886080802e-14,2.842170943040401e-14,5.684341886080802e-14,True,True
7355,f7355,8.038873388460929e-14,5.684341886080802e-14,5.684341886080802e-14,True,True
7356,f7356,1.1385671370409777e-13,1.4210854715202004e-14,1.1368683772161603e-13,True,True
7357,f7357,1.2710574864626038e-13,5.684341886080802e-14,1.1368683772161603e-13,True,True
7358,f7358,6.355287432313019e-14,0.0,5.684341886080802e-14,True,True
7359,f7359,6.355287432313019e-14,5.728578676879116e-14,5.684341886080802e-14,True,True
7360,f7360,8.038873388460929e-14,0.0,5.684341886080802e-14,True,True
7361,f7361,1.1368683772161603e-13,0.0,1.1368683772161603e-13,True,True
7362,f7362,8.038873388460929e-14,1.4210854715202004e-14,5.684341886080802e-14,True,True
7363,f7363,1.1718571004216928e-13,0.0,1.1368683772161603e-13,True,True
7364,f7364,2.5421149729252077e-13,0.0,2.2737367544323206e-13,True,True
7365,f7365,1.1368683772161603e-13,2.842170943040401e-14,1.1368683772161603e-13,True,True
7366,f7366,1.1368683772161603e-13,0.0,1.1368683772161603e-13,True,True
7367,f7367,6.355287432313019e-14,0.0,5.684341886080802e-14,True,True
7368,f7368,5.859285502108464e-14,4.263256414560601e-14,5.684341886080802e-14,True,True
7369,f7369,6.355287432313019e-14,2.842170943040401e-14,5.684341886080802e-14,True,True
7370,f7370,1.6077746776921858e-13,2.842170943040401e-14,1.1368683772161603e-13,True,True
7371,f7371,8.038873388460929e-14,5.684341886080802e-14,5.684341886080802e-14,True,True
7372,f7372,1.2710574864626038e-13,0.0,1.1368683772161603e-13,True,True
7373,f7373,1.1368683772161603e-13,0.0,1.1368683772161603e-13,True,True
7374,f7374,5.684341886080802e-14,0.0,5.684341886080802e-14,True,True
7375,f7375,1.1718571004216928e-13,5.684341886080802e-14,1.1368683772161603e-13,True,True
7376,f7376,1.1368683772161603e-13,0.0,1.1368683772161603e-13,True,True
7377,f7377,1.1718571004216928e-13,5.684341886080802e-14,1.1368683772161603e-13,True,True
7378,f7378,8.038873388460929e-14,2.842170943040401e-14,5.684341886080802e-14,True,True
7379,f7379,1.1718571004216928e-13,1.1718571004216928e-13,1.1368683772161603e-13,True,True
7380,f7380,5.684341886080802e-14,5.684341886080802e-14,5.684341886080802e-14,True,True
7381,f7381,6.703246762680666e-14,2.6645352591003757e-14,5.684341886080802e-14,True,True
7382,f7382,1.1368683772161603e-13,5.859285502108464e-14,1.1368683772161603e-13,True,True
7383,f7383,8.038873388460929e-14,0.0,5.684341886080802e-14,True,True
7384,f7384,5.684341886080802e-14,0.0,5.684341886080802e-14,True,True
7385,f7385,1.1368683772161603e-13,5.684341886080802e-14,1.1368683772161603e-13,True,True
7386,f7386,6.355287432313019e-14,5.783398860650275e-14,5.684341886080802e-14,True,True
7387,f7387,8.038873388460929e-14,8.038873388460929e-14,5.684341886080802e-14,True,True
7388,f7388,1.1718571004216928e-13,0.0,1.1368683772161603e-13,True,True
7389,f7389,5.684341886080802e-14,5.684341886080802e-14,5.684341886080802e-14,True,True
7390,f7390,6.703246762680666e-14,1.4210854715202004e-14,5.684341886080802e-14,True,True
7391,f7391,1.1718571004216928e-13,2.842170943040401e-14,1.1368683772161603e-13,True,True
7392,f7392,6.355287432313019e-14,6.355287432313019e-14,5.684341886080802e-14,True,True
7393,f7393,5.859285502108464e-14,0.0,5.684341886080802e-14,True,True
7394,f7394,6.355287432313019e-14,1.4210854715202004e-14,5.684341886080802e-14,True,True
7395,f7395,5.684341886080802e-14,0.0,5.684341886080802e-14,True,True
7396,f7396,5.847369292039505e-14,1.4210854715202004e-14,5.684341886080802e-14,True,True
7397,f7397,4.263256414560601e-14,2.1316282072803006e-14,4.263256414560601e-14,True,True
7398,f7398,5.684341886080802e-14,0.0,5.684341886080802e-14,True,True
7399,f7399,6.355287432313019e-14,0.0,5.684341886080802e-14,True,True
7400,f7400,1.1368683772161603e-13,2.842170943040401e-14,1.1368683772161603e-13,True,True
7401,f7401,3.375077994860476e-14,0.0,3.375077994860476e-14,True,True
7402,f7402,1.2710574864626038e-13,0.0,1.1368683772161603e-13,True,True
7403,f7403,6.355287432313019e-14,0.0,5.684341886080802e-14,True,True
7404,f7404,6.415974920983984e-14,1.5987211554602254e-14,5.684341886080802e-14,True,True
7405,f7405,5.684341886080802e-14,2.842170943040401e-14,5.684341886080802e-14,True,True
7406,f7406,1.2710574864626038e-13,0.0,1.1368683772161603e-13,True,True
7407,f7407,5.728578676879116e-14,1.4210854715202004e-14,5.684341886080802e-14,True,True
7408,f7408,8.038873388460929e-14,5.684341886080802e-14,5.684341886080802e-14,True,True
7409,f7409,1.1718571004216928e-13,5.684341886080802e-14,1.1368683772161603e-13,True,True
7410,f7410,1.1368683772161603e-13,0.0,1.1368683772161603e-13,True,True
7411,f7411,1.1368683772161603e-13,6.355287432313019e-14,1.1368683772161603e-13,True,True
7412,f7412,6.355287432313019e-14,7.105427357601002e-15,5.684341886080802e-14,True,True
7413,f7413,1.1368683772161603e-13,5.684341886080802e-14,1.1368683772161603e-13,True,True
7414,f7414,6.355287432313019e-14,0.0,5.684341886080802e-14,True,True
7415,f7415,5.982526161236347e-14,2.4868995751603507e-14,5.684341886080802e-14,True,True
7416,f7416,6.07087979554246e-14,0.0,5.684341886080802e-14,True,True
7417,f7417,5.684341886080802e-14,2.842170943040401e-14,5.684341886080802e-14,True,True
7418,f7418,6.355287432313019e-14,5.684341886080802e-14,5.684341886080802e-14,True,True
7419,f7419,5.684341886080802e-14,0.0,5.684341886080802e-14,True,True
7420,f7420,1.1368683772161603e-13,5.684341886080802e-14,1.1368683772161603e-13,True,True
7421,f7421,5.684341886080802e-14,2.842170943040401e-14,5.684341886080802e-14,True,True
7422,f7422,8.038873388460929e-14,5.684341886080802e-14,5.684341886080802e-14,True,True
7423,f7423,1.1368683772161603e-13,8.038873388460929e-14,1.1368683772161603e-13,True,True
7424,f7424,1.2710574864626038e-13,5.684341886080802e-14,1.1368683772161603e-13,True,True
7425,f7425,5.684341886080802e-14,0.0,5.684341886080802e-14,True,True
7426,f7426,1.1368683772161603e-13,2.842170943040401e-14,1.1368683772161603e-13,True,True
7427,f7427,1.1368683772161603e-13,0.0,1.1368683772161603e-13,True,True
7428,f7428,5.684341886080802e-14,0.0,5.684341886080802e-14,True,True
7429,f7429,6.355287432313019e-14,6.355287432313019e-14,5.684341886080802e-14,True,True
7430,f7430,1.1718571004216928e-13,1.1368683772161603e-13,1.1368683772161603e-13,True,True
7431,f7431,1.1368683772161603e-13,3.1776437161565096e-14,1.1368683772161603e-13,True,True
7432,f7432,5.684341886080802e-14,0.0,5.684341886080802e-14,True,True
7433,f7433,5.859285502108464e-14,2.842170943040401e-14,5.684341886080802e-14,True,True
7434,f7434,5.783398860650275e-14,5.684341886080802e-14,5.684341886080802e-14,True,True
7435,f7435,1.1368683772161603e-13,1.1368683772161603e-13,5.684341886080802e-14,True,True
7436,f7436,1.1457157353758233e-13,1.4210854715202004e-14,1.1368683772161603e-13,True,True
7437,f7437,5.859285502108464e-14,5.859285502108464e-14,5.684341886080802e-14,True,True
7438,f7438,4.4938668397781776e-14,0.0,4.263256414560601e-14,True,True
7439,f7439,8.038873388460929e-14,5.684341886080802e-14,5.684341886080802e-14,True,True
7440,f7440,5.859285502108464e-14,5.684341886080802e-14,5.684341886080802e-14,True,True
7441,f7441,8.038873388460929e-14,2.842170943040401e-14,5.684341886080802e-14,True,True
7442,f7442,1.1368683772161603e-13,5.684341886080802e-14,1.1368683772161603e-13,True,True
7443,f7443,1.1718571004216928e-13,0.0,1.1368683772161603e-13,True,True
7444,f7444,6.01080938469374e-14,1.7763568394002505e-15,5.684341886080802e-14,True,True
7445,f7445,6.703246762680666e-14,0.0,5.684341886080802e-14,True,True
7446,f7446,6.355287432313019e-14,5.684341886080802e-14,5.684341886080802e-14,True,True
7447,f7447,2.3437142008433856e-13,1.1368683772161603e-13,2.2737367544323206e-13,True,True
7448,f7448,1.2710574864626038e-13,0.0,1.1368683772161603e-13,True,True
7449,f7449,5.859285502108464e-14,7.105427357601002e-15,5.684341886080802e-14,True,True
7450,f7450,1.1718571004216928e-13,5.684341886080802e-14,1.1368683772161603e-13,True,True
7451,f7451,5.684341886080802e-14,0.0,5.684341886080802e-14,True,True
7452,f7452,7.652779469160725e-14,1.4210854715202004e-14,7.105427357601002e-14,True,True
7453,f7453,5.684341886080802e-14,0.0,5.684341886080802e-14,True,True
7454,f7454,1.1368683772161603e-13,2.842170943040401e-14,1.1368683772161603e-13,True,True
7455,f7455,5.684341886080802e-14,5.684341886080802e-14,2.842170943040401e-14,True,True
7456,f7456,1.1718571004216928e-13,1.1368683772161603e-13,1.1368683772161603e-13,True,True
7457,f7457,6.335551673683052e-14,1.4210854715202004e-14,5.684341886080802e-14,True,True
7458,f7458,1.1368683772161603e-13,1.1368683772161603e-13,5.684341886080802e-14,True,True
7459,f7459,5.684341886080802e-14,5.684341886080802e-14,5.684341886080802e-14,True,True
7460,f7460,5.859285502108464e-14,5.684341886080802e-14,5.684341886080802e-14,True,True
7461,f7461,1.1718571004216928e-13,1.4210854715202004e-14,1.1368683772161603e-13,True,True
7462,f7462,1.1718571004216928e-13,5.684341886080802e-14,1.1368683772161603e-13,True,True
7463,f7463,1.1368683772161603e-13,5.684341886080802e-14,1.1368683772161603e-13,True,True
7464,f7464,5.684341886080802e-14,2.842170943040401e-14,5.684341886080802e-14,True,True
7465,f7465,1.2710574864626038e-13,5.684341886080802e-14,1.1368683772161603e-13,True,True
7466,f7466,6.355287432313019e-14,2.842170943040401e-14,5.684341886080802e-14,True,True
7467,f7467,5.684341886080802e-14,5.684341886080802e-14,5.684341886080802e-14,True,True
7468,f7468,1.1368683772161603e-13,5.684341886080802e-14,1.1368683772161603e-13,True,True
7469,f7469,1.2710574864626038e-13,8.038873388460929e-14,1.1368683772161603e-13,True,True
7470,f7470,6.355287432313019e-14,2.842170943040401e-14,5.684341886080802e-14,True,True
7471,f7471,1.1368683772161603e-13,2.842170943040401e-14,1.1368683772161603e-13,True,True
7472,f7472,6.355287432313019e-14,6.355287432313019e-14,5.684341886080802e-14,True,True
7473,f7473,6.355287432313019e-14,5.859285502108464e-14,5.684341886080802e-14,True,True
7474,f7474,1.1368683772161603e-13,0.0,1.1368683772161603e-13,True,True
7475,f7475,2.2737367544323206e-13,5.684341886080802e-14,2.2737367544323206e-13,True,True
7476,f7476,1.1368683772161603e-13,2.842170943040401e-14,1.1368683772161603e-13,True,True
7477,f7477,1.2710574864626038e-13,0.0,1.1368683772161603e-13,True,True
7478,f7478,1.2710574864626038e-13,1.1368683772161603e-13,1.1368683772161603e-13,True,True
7479,f7479,1.1368683772161603e-13,1.1368683772161603e-13,1.1368683772161603e-13,True,True
7480,f7480,8.038873388460929e-14,5.684341886080802e-14,5.684341886080802e-14,True,True
7481,f7481,5.684341886080802e-14,5.684341886080802e-14,5.684341886080802e-14,True,True
7482,f7482,4.0194366942304644e-14,4.0194366942304644e-14,2.842170943040401e-14,True,True
7483,f7483,6.355287432313019e-14,0.0,5.684341886080802e-14,True,True
7484,f7484,6.355287432313019e-14,5.684341886080802e-14,5.684341886080802e-14,True,True
7485,f7485,1.2710574864626038e-13,1.1368683772161603e-13,1.1368683772161603e-13,True,True
7486,f7486,7.105427357601002e-14,1.4210854715202004e-14,5.684341886080802e-14,True,True
7487,f7487,5.684341886080802e-14,0.0,5.684341886080802e-14,True,True
7488,f7488,1.1368683772161603e-13,5.684341886080802e-14,1.1368683772161603e-13,True,True
7489,f7489,0.0,0.0,0.0,True,True
7490,f7490,5.684341886080802e-14,0.0,5.684341886080802e-14,True,True
7491,f7491,1.2710574864626038e-13,0.0,1.1368683772161603e-13,True,True
7492,f7492,1.1368683772161603e-13,0.0,1.1368683772161603e-13,True,True
7493,f7493,8.038873388460929e-14,5.684341886080802e-14,5.684341886080802e-14,True,True
7494,f7494,5.859285502108464e-14,2.842170943040401e-14,5.684341886080802e-14,True,True
7495,f7495,1.1368683772161603e-13,0.0,1.1368683772161603e-13,True,True
7496,f7496,1.2710574864626038e-13,1.2710574864626038e-13,1.1368683772161603e-13,True,True
7497,f7497,6.355287432313019e-14,0.0,5.684341886080802e-14,True,True
7498,f7498,1.1368683772161603e-13,1.1368683772161603e-13,1.1368683772161603e-13,True,True
7499,f7499,5.684341886080802e-14,0.0,5.684341886080802e-14,True,True
7500,f7500,8.038873388460929e-14,5.684341886080802e-14,5.684341886080802e-14,True,True
7501,f7501,1.1368683772161603e-13,8.038873388460929e-14,1.1368683772161603e-13,True,True
7502,f7502,5.783398860650275e-14,5.753312400962914e-14,5.684341886080802e-14,True,True
7503,f7503,1.1506624801925828e-13,5.728578676879116e-14,1.1368683772161603e-13,True,True
7504,f7504,1.2710574864626038e-13,1.1368683772161603e-13,1.1368683772161603e-13,True,True
7505,f7505,6.355287432313019e-14,0.0,5.684341886080802e-14,True,True
7506,f7506,1.2710574864626038e-13,5.684341886080802e-14,1.1368683772161603e-13,True,True
7507,f7507,8.038873388460929e-14,2.842170943040401e-14,5.684341886080802e-14,True,True
7508,f7508,1.1368683772161603e-13,0.0,1.1368683772161603e-13,True,True
7509,f7509,1.1718571004216928e-13,2.842170943040401e-14,1.1368683772161603e-13,True,True
7510,f7510,8.038873388460929e-14,6.355287432313019e-14,5.684341886080802e-14,True,True
7511,f7511,8.038873388460929e-14,5.684341886080802e-14,5.684341886080802e-14,True,True
7512,f7512,8.038873388460929e-14,0.0,5.684341886080802e-14,True,True
7513,f7513,1.2710574864626038e-13,0.0,1.1368683772161603e-13,True,True
7514,f7514,5.859285502108464e-14,0.0,5.684341886080802e-14,True,True
7515,f7515,1.1368683772161603e-13,0.0,1.1368683772161603e-13,True,True
7516,f7516,8.038873388460929e-14,0.0,5.684341886080802e-14,True,True
7517,f7517,1.2710574864626038e-13,5.684341886080802e-14,1.1368683772161603e-13,True,True
7518,f7518,1.2710574864626038e-13,5.684341886080802e-14,1.1368683772161603e-13,True,True
7519,f7519,1.2710574864626038e-13,1.2710574864626038e-13,1.1368683772161603e-13,True,True
7520,f7520,5.859285502108464e-14,0.0,5.684341886080802e-14,True,True
7521,f7521,5.684341886080802e-14,0.0,5.684341886080802e-14,True,True
7522,f7522,2.842170943040401e-14,0.0,2.842170943040401e-14,True,True
7523,f7523,1.139086659085919e-13,1.4210854715202004e-14,1.1368683772161603e-13,True,True
7524,f7524,5.684341886080802e-14,5.684341886080802e-14,2.842170943040401e-14,True,True
7525,f7525,1.2710574864626038e-13,0.0,1.1368683772161603e-13,True,True
7526,f7526,1.2710574864626038e-13,5.684341886080802e-14,1.1368683772161603e-13,True,True
7527,f7527,6.355287432313019e-14,6.355287432313019e-14,5.684341886080802e-14,True,True
7528,f7528,5.859285502108464e-14,5.684341886080802e-14,5.684341886080802e-14,True,True
7529,f7529,5.684341886080802e-14,0.0,5.684341886080802e-14,True,True
7530,f7530,8.038873388460929e-14,2.842170943040401e-14,5.684341886080802e-14,True,True
7531,f7531,1.2710574864626038e-13,0.0,1.1368683772161603e-13,True,True
7532,f7532,8.038873388460929e-14,0.0,5.684341886080802e-14,True,True
7533,f7533,6.355287432313019e-14,2.842170943040401e-14,5.684341886080802e-14,True,True
7534,f7534,5.728578676879116e-14,5.684341886080802e-14,5.684341886080802e-14,True,True
7535,f7535,1.1368683772161603e-13,2.842170943040401e-14,1.1368683772161603e-13,True,True
7536,f7536,6.355287432313019e-14,0.0,5.684341886080802e-14,True,True
7537,f7537,1.2710574864626038e-13,1.4210854715202004e-14,1.2079226507921703e-13,True,True
7538,f7538,6.355287432313019e-14,2.842170943040401e-14,5.684341886080802e-14,True,True
7539,f7539,4.973799150320701e-14,2.842170943040401e-14,4.973799150320701e-14,True,True
7540,f7540,1.1368683772161603e-13,0.0,1.1368683772161603e-13,True,True
7541,f7541,5.684341886080802e-14,5.684341886080802e-14,5.684341886080802e-14,True,True
7542,f7542,5.684341886080802e-14,5.684341886080802e-14,5.684341886080802e-14,True,True
7543,f7543,8.038873388460929e-14,5.684341886080802e-14,5.684341886080802e-14,True,True
7544,f7544,1.2710574864626038e-13,0.0,1.1368683772161603e-13,True,True
7545,f7545,6.355287432313019e-14,5.684341886080802e-14,5.684341886080802e-14,True,True
7546,f7546,8.038873388460929e-14,0.0,5.684341886080802e-14,True,True
7547,f7547,5.859285502108464e-14,3.1776437161565096e-14,5.684341886080802e-14,True,True
7548,f7548,8.038873388460929e-14,0.0,5.684341886080802e-14,True,True
7549,f7549,1.1368683772161603e-13,1.1368683772161603e-13,1.1368683772161603e-13,True,True
7550,f7550,6.355287432313019e-14,6.355287432313019e-14,5.684341886080802e-14,True,True
7551,f7551,5.684341886080802e-14,0.0,5.684341886080802e-14,True,True
7552,f7552,1.1368683772161603e-13,1.4210854715202004e-14,1.1368683772161603e-13,True,True
7553,f7553,1.1368683772161603e-13,0.0,1.1368683772161603e-13,True,True
7554,f7554,1.1368683772161603e-13,0.0,1.1368683772161603e-13,True,True
7555,f7555,5.684341886080802e-14,5.684341886080802e-14,5.684341886080802e-14,True,True
7556,f7556,1.1368683772161603e-13,1.1368683772161603e-13,1.1368683772161603e-13,True,True
7557,f7557,6.355287432313019e-14,1.4210854715202004e-14,5.684341886080802e-14,True,True
7558,f7558,1.1718571004216928e-13,0.0,1.1368683772161603e-13,True,True
7559,f7559,5.684341886080802e-14,2.842170943040401e-14,5.684341886080802e-14,True,True
7560,f7560,5.684341886080802e-14,0.0,5.684341886080802e-14,True,True
7561,f7561,1.1457157353758233e-13,7.105427357601002e-15,1.1368683772161603e-13,True,True
7562,f7562,1.2710574864626038e-13,6.355287432313019e-14,1.1368683772161603e-13,True,True
7563,f7563,8.038873388460929e-14,5.684341886080802e-14,5.684341886080802e-14,True,True
7564,f7564,6.355287432313019e-14,6.355287432313019e-14,5.684341886080802e-14,True,True
7565,f7565,8.038873388460929e-14,5.684341886080802e-14,5.684341886080802e-14,True,True
7566,f7566,1.1457157353758233e-13,1.1368683772161603e-13,1.1368683772161603e-13,True,True
7567,f7567,1.1368683772161603e-13,0.0,1.1368683772161603e-13,True,True
7568,f7568,1.1457157353758233e-13,6.355287432313019e-14,1.1368683772161603e-13,True,True
7569,f7569,1.1368683772161603e-13,0.0,1.1368683772161603e-13,True,True
7570,f7570,6.355287432313019e-14,0.0,5.684341886080802e-14,True,True
7571,f7571,5.859285502108464e-14,1.4210854715202004e-14,5.684341886080802e-14,True,True
7572,f7572,1.6077746776921858e-13,0.0,1.1368683772161603e-13,True,True
7573,f7573,8.038873388460929e-14,5.684341886080802e-14,5.684341886080802e-14,True,True
7574,f7574,8.038873388460929e-14,0.0,5.684341886080802e-14,True,True
7575,f7575,1.1368683772161603e-13,5.684341886080802e-14,1.1368683772161603e-13,True,True
7576,f7576,1.2710574864626038e-13,1.2710574864626038e-13,1.1368683772161603e-13,True,True
7577,f7577,1.2710574864626038e-13,0.0,1.1368683772161603e-13,True,True
7578,f7578,1.1368683772161603e-13,0.0,1.1368683772161603e-13,True,True
7579,f7579,5.684341886080802e-14,5.684341886080802e-14,5.684341886080802e-14,True,True
7580,f7580,6.355287432313019e-14,2.842170943040401e-14,5.684341886080802e-14,True,True
7581,f7581,8.038873388460929e-14,0.0,5.684341886080802e-14,True,True
7582,f7582,1.2710574864626038e-13,1.1368683772161603e-13,1.1368683772161603e-13,True,True
7583,f7583,6.355287432313019e-14,6.355287432313019e-14,5.684341886080802e-14,True,True
7584,f7584,5.684341886080802e-14,5.684341886080802e-14,5.684341886080802e-14,True,True
7585,f7585,1.2710574864626038e-13,0.0,1.1368683772161603e-13,True,True
7586,f7586,1.2710574864626038e-13,1.1368683772161603e-13,1.1368683772161603e-13,True,True
7587,f7587,1.1718571004216928e-13,1.4210854715202004e-14,1.1368683772161603e-13,True,True
7588,f7588,1.1718571004216928e-13,4.0194366942304644e-14,1.1368683772161603e-13,True,True
7589,f7589,1.1368683772161603e-13,5.684341886080802e-14,1.1368683772161603e-13,True,True
7590,f7590,1.2710574864626038e-13,0.0,1.1368683772161603e-13,True,True
7591,f7591,1.1368683772161603e-13,1.1368683772161603e-13,5.684341886080802e-14,True,True
7592,f7592,6.355287432313019e-14,0.0,5.684341886080802e-14,True,True
7593,f7593,0.0,0.0,0.0,True,True
7594,f7594,6.355287432313019e-14,6.355287432313019e-14,5.684341886080802e-14,True,True
7595,f7595,1.1368683772161603e-13,5.684341886080802e-14,1.1368683772161603e-13,True,True
7596,f7596,1.1718571004216928e-13,2.842170943040401e-14,1.1368683772161603e-13,True,True
7597,f7597,6.355287432313019e-14,2.842170943040401e-14,5.684341886080802e-14,True,True
7598,f7598,1.6077746776921858e-13,5.684341886080802e-14,1.1368683772161603e-13,True,True
7599,f7599,1.2710574864626038e-13,0.0,1.1368683772161603e-13,True,True
7600,f7600,5.686466525275167e-14,1.7763568394002505e-14,5.684341886080802e-14,True,True
7601,f7601,5.684341886080802e-14,2.842170943040401e-14,5.684341886080802e-14,True,True
7602,f7602,1.1368683772161603e-13,5.684341886080802e-14,1.1368683772161603e-13,True,True
7603,f7603,8.038873388460929e-14,5.684341886080802e-14,5.684341886080802e-14,True,True
7604,f7604,5.684341886080802e-14,0.0,5.684341886080802e-14,True,True
7605,f7605,1.1368683772161603e-13,1.1368683772161603e-13,1.1368683772161603e-13,True,True
7606,f7606,8.038873388460929e-14,5.684341886080802e-14,5.684341886080802e-14,True,True
7607,f7607,1.1368683772161603e-13,1.4210854715202004e-14,1.1368683772161603e-13,True,True
7608,f7608,6.355287432313019e-14,2.842170943040401e-14,5.684341886080802e-14,True,True
7609,f7609,1.2710574864626038e-13,0.0,1.1368683772161603e-13,True,True
7610,f7610,1.1368683772161603e-13,1.1368683772161603e-13,5.684341886080802e-14,True,True
7611,f7611,1.1457157353758233e-13,0.0,1.1368683772161603e-13,True,True
7612,f7612,1.1718571004216928e-13,5.684341886080802e-14,1.1368683772161603e-13,True,True
7613,f7613,6.07087979554246e-14,0.0,5.684341886080802e-14,True,True
7614,f7614,6.355287432313019e-14,0.0,5.684341886080802e-14,True,True
7615,f7615,6.355287432313019e-14,5.728578676879116e-14,5.684341886080802e-14,True,True
7616,f7616,1.183412339397753e-13,2.842170943040401e-14,1.1368683772161603e-13,True,True
7617,f7617,6.355287432313019e-14,6.355287432313019e-14,5.684341886080802e-14,True,True
7618,f7618,8.038873388460929e-14,5.684341886080802e-14,5.684341886080802e-14,True,True
7619,f7619,5.684341886080802e-14,0.0,5.684341886080802e-14,True,True
7620,f7620,1.2710574864626038e-13,0.0,1.1368683772161603e-13,True,True
7621,f7621,8.038873388460929e-14,8.038873388460929e-14,5.684341886080802e-14,True,True
7622,f7622,8.038873388460929e-14,0.0,5.684341886080802e-14,True,True
7623,f7623,6.848195442259891e-14,0.0,5.684341886080802e-14,True,True
7624,f7624,5.684341886080802e-14,5.684341886080802e-14,5.684341886080802e-14,True,True
7625,f7625,2.2737367544323206e-13,0.0,2.2737367544323206e-13,True,True
7626,f7626,6.355287432313019e-14,2.842170943040401e-14,5.684341886080802e-14,True,True
7627,f7627,1.1368683772161603e-13,0.0,1.1368683772161603e-13,True,True
7628,f7628,5.684341886080802e-14,2.842170943040401e-14,5.684341886080802e-14,True,True
7629,f7629,8.038873388460929e-14,0.0,5.684341886080802e-14,True,True
7630,f7630,1.2710574864626038e-13,5.684341886080802e-14,1.1368683772161603e-13,True,True
7631,f7631,7.553172887309252e-14,7.105427357601002e-15,5.684341886080802e-14,True,True
7632,f7632,1.1368683772161603e-13,0.0,1.1368683772161603e-13,True,True
7633,f7633,5.684341886080802e-14,2.842170943040401e-14,5.684341886080802e-14,True,True
7634,f7634,1.2710574864626038e-13,5.684341886080802e-14,1.1368683772161603e-13,True,True
7635,f7635,5.684341886080802e-14,0.0,5.684341886080802e-14,True,True
7636,f7636,1.2710574864626038e-13,1.1368683772161603e-13,1.1368683772161603e-13,True,True
7637,f7637,1.1718571004216928e-13,1.1718571004216928e-13,1.1368683772161603e-13,True,True
7638,f7638,8.038873388460929e-14,0.0,5.684341886080802e-14,True,True
7639,f7639,6.07087979554246e-14,7.105427357601002e-15,5.684341886080802e-14,True,True
7640,f7640,5.684341886080802e-14,5.684341886080802e-14,5.684341886080802e-14,True,True
7641,f7641,1.1368683772161603e-13,0.0,1.1368683772161603e-13,True,True
7642,f7642,6.355287432313019e-14,5.684341886080802e-14,5.684341886080802e-14,True,True
7643,f7643,6.355287432313019e-14,2.842170943040401e-14,5.684341886080802e-14,True,True
7644,f7644,5.684341886080802e-14,1.4210854715202004e-14,5.684341886080802e-14,True,True
7645,f7645,8.038873388460929e-14,5.684341886080802e-14,5.684341886080802e-14,True,True
7646,f7646,1.1368683772161603e-13,0.0,1.1368683772161603e-13,True,True
7647,f7647,3.1776437161565096e-14,1.4210854715202004e-14,2.842170943040401e-14,True,True
7648,f7648,6.355287432313019e-14,0.0,5.684341886080802e-14,True,True
7649,f7649,1.1718571004216928e-13,0.0,1.1368683772161603e-13,True,True
7650,f7650,6.355287432313019e-14,2.842170943040401e-14,5.684341886080802e-14,True,True
7651,f7651,1.1368683772161603e-13,2.842170943040401e-14,1.1368683772161603e-13,True,True
7652,f7652,8.038873388460929e-14,0.0,5.684341886080802e-14,True,True
7653,f7653,5.684341886080802e-14,5.684341886080802e-14,5.684341886080802e-14,True,True
7654,f7654,6.355287432313019e-14,6.355287432313019e-14,5.684341886080802e-14,True,True
7655,f7655,1.1368683772161603e-13,2.842170943040401e-14,1.1368683772161603e-13,True,True
7656,f7656,5.859285502108464e-14,4.263256414560601e-14,5.684341886080802e-14,True,True
7657,f7657,6.355287432313019e-14,0.0,5.684341886080802e-14,True,True
7658,f7658,1.1718571004216928e-13,0.0,1.1368683772161603e-13,True,True
7659,f7659,5.684341886080802e-14,0.0,5.684341886080802e-14,True,True
7660,f7660,1.1368683772161603e-13,0.0,1.1368683772161603e-13,True,True
7661,f7661,6.355287432313019e-14,0.0,5.684341886080802e-14,True,True
7662,f7662,5.859285502108464e-14,5.684341886080802e-14,5.684341886080802e-14,True,True
7663,f7663,1.1718571004216928e-13,6.355287432313019e-14,1.1368683772161603e-13,True,True
7664,f7664,6.355287432313019e-14,6.355287432313019e-14,5.684341886080802e-14,True,True
7665,f7665,1.1368683772161603e-13,5.684341886080802e-14,1.1368683772161603e-13,True,True
7666,f7666,1.1368683772161603e-13,0.0,1.1368683772161603e-13,True,True
7667,f7667,1.1368683772161603e-13,5.684341886080802e-14,1.1368683772161603e-13,True,True
7668,f7668,5.684341886080802e-14,5.684341886080802e-14,5.684341886080802e-14,True,True
7669,f7669,1.2710574864626038e-13,5.684341886080802e-14,1.1368683772161603e-13,True,True
7670,f7670,1.1368683772161603e-13,0.0,1.1368683772161603e-13,True,True
7671,f7671,1.2710574864626038e-13,0.0,1.1368683772161603e-13,True,True
7672,f7672,2.842170943040401e-14,0.0,2.842170943040401e-14,True,True
7673,f7673,1.2710574864626038e-13,0.0,1.1368683772161603e-13,True,True
7674,f7674,5.955433342649105e-14,5.955433342649105e-14,5.684341886080802e-14,True,True
7675,f7675,1.1368683772161603e-13,6.355287432313019e-14,1.1368683772161603e-13,True,True
7676,f7676,1.1718571004216928e-13,0.0,1.1368683772161603e-13,True,True
7677,f7677,4.263256414560601e-14,1.4210854715202004e-14,4.263256414560601e-14,True,True
7678,f7678,8.038873388460929e-14,0.0,5.684341886080802e-14,True,True
7679,f7679,5.684341886080802e-14,0.0,5.684341886080802e-14,True,True
7680,f7680,5.684341886080802e-14,2.842170943040401e-14,5.684341886080802e-14,True,True
7681,f7681,1.2710574864626038e-13,0.0,1.1368683772161603e-13,True,True
7682,f7682,6.355287432313019e-14,2.842170943040401e-14,5.684341886080802e-14,True,True
7683,f7683,1.1718571004216928e-13,2.842170943040401e-14,1.1368683772161603e-13,True,True
7684,f7684,4.430208338570958e-13,0.0,4.405364961712621e-13,True,True
7685,f7685,6.355287432313019e-14,0.0,5.684341886080802e-14,True,True
7686,f7686,6.355287432313019e-14,0.0,5.684341886080802e-14,True,True
7687,f7687,2.2737367544323206e-13,1.1368683772161603e-13,2.2737367544323206e-13,True,True
7688,f7688,8.038873388460929e-14,5.684341886080802e-14,5.684341886080802e-14,True,True
7689,f7689,6.135506694409735e-14,0.0,5.684341886080802e-14,True,True
7690,f7690,1.6077746776921858e-13,0.0,1.1368683772161603e-13,True,True
7691,f7691,1.2710574864626038e-13,0.0,1.1368683772161603e-13,True,True
7692,f7692,6.355287432313019e-14,2.842170943040401e-14,5.684341886080802e-14,True,True
7693,f7693,5.684341886080802e-14,5.684341886080802e-14,5.684341886080802e-14,True,True
7694,f7694,1.6077746776921858e-13,0.0,1.1368683772161603e-13,True,True
7695,f7695,6.040266291023252e-14,8.881784197001252e-16,5.684341886080802e-14,True,True
7696,f7696,1.1718571004216928e-13,2.842170943040401e-14,1.1368683772161603e-13,True,True
7697,f7697,5.859285502108464e-14,0.0,5.684341886080802e-14,True,True
7698,f7698,1.1718571004216928e-13,5.684341886080802e-14,1.1368683772161603e-13,True,True
7699,f7699,5.684341886080802e-14,0.0,5.684341886080802e-14,True,True
7700,f7700,8.038873388460929e-14,0.0,5.684341886080802e-14,True,True
7701,f7701,8.038873388460929e-14,0.0,5.684341886080802e-14,True,True
7702,f7702,6.355287432313019e-14,1.4210854715202004e-14,5.684341886080802e-14,True,True
7703,f7703,8.038873388460929e-14,5.684341886080802e-14,5.684341886080802e-14,True,True
7704,f7704,8.038873388460929e-14,0.0,5.684341886080802e-14,True,True
7705,f7705,1.2710574864626038e-13,1.1368683772161603e-13,1.1368683772161603e-13,True,True
7706,f7706,1.1718571004216928e-13,6.355287432313019e-14,1.1368683772161603e-13,True,True
7707,f7707,1.2710574864626038e-13,5.684341886080802e-14,1.1368683772161603e-13,True,True
7708,f7708,1.1368683772161603e-13,2.842170943040401e-14,1.1368683772161603e-13,True,True
7709,f7709,1.1457157353758233e-13,0.0,1.1368683772161603e-13,True,True
7710,f7710,6.355287432313019e-14,5.684341886080802e-14,5.684341886080802e-14,True,True
7711,f7711,5.684341886080802e-14,1.4210854715202004e-14,5.684341886080802e-14,True,True
7712,f7712,1.2710574864626038e-13,5.684341886080802e-14,1.1368683772161603e-13,True,True
7713,f7713,8.038873388460929e-14,5.684341886080802e-14,5.684341886080802e-14,True,True
7714,f7714,6.355287432313019e-14,6.355287432313019e-14,5.684341886080802e-14,True,True
7715,f7715,6.355287432313019e-14,2.842170943040401e-14,5.684341886080802e-14,True,True
7716,f7716,5.3290705182007514e-14,1.4210854715202004e-14,5.3290705182007514e-14,True,True
7717,f7717,1.2710574864626038e-13,1.2710574864626038e-13,1.1368683772161603e-13,True,True
7718,f7718,5.684341886080802e-14,5.684341886080802e-14,5.684341886080802e-14,True,True
7719,f7719,5.684341886080802e-14,1.4210854715202004e-14,5.684341886080802e-14,True,True
7720,f7720,1.1368683772161603e-13,0.0,1.1368683772161603e-13,True,True
7721,f7721,2.842170943040401e-14,0.0,2.842170943040401e-14,True,True
7722,f7722,1.1368683772161603e-13,0.0,1.1368683772161603e-13,True,True
7723,f7723,5.684341886080802e-14,0.0,5.684341886080802e-14,True,True
7724,f7724,1.2710574864626038e-13,0.0,1.1368683772161603e-13,True,True
7725,f7725,1.2710574864626038e-13,0.0,1.1368683772161603e-13,True,True
7726,f7726,5.684341886080802e-14,2.842170943040401e-14,5.684341886080802e-14,True,True
7727,f7727,6.204547701064548e-14,6.07087979554246e-14,5.684341886080802e-14,True,True
7728,f7728,1.156679772130055e-13,5.684341886080802e-14,1.1368683772161603e-13,True,True
7729,f7729,5.684341886080802e-14,0.0,5.684341886080802e-14,True,True
7730,f7730,6.355287432313019e-14,2.842170943040401e-14,5.684341886080802e-14,True,True
7731,f7731,7.105427357601002e-14,2.842170943040401e-14,5.684341886080802e-14,True,True
7732,f7732,6.355287432313019e-14,2.842170943040401e-14,5.684341886080802e-14,True,True
7733,f7733,6.355287432313019e-14,0.0,5.684341886080802e-14,True,True
7734,f7734,2.2737367544323206e-13,1.1718571004216928e-13,2.2737367544323206e-13,True,True
7735,f7735,1.1457157353758233e-13,0.0,1.1368683772161603e-13,True,True
7736,f7736,6.355287432313019e-14,0.0,5.684341886080802e-14,True,True
7737,f7737,1.1368683772161603e-13,1.1368683772161603e-13,5.684341886080802e-14,True,True
7738,f7738,5.859285502108464e-14,2.842170943040401e-14,5.684341886080802e-14,True,True
7739,f7739,6.195681131733637e-14,1.4210854715202004e-14,5.684341886080802e-14,True,True
7740,f7740,5.684341886080802e-14,2.842170943040401e-14,5.684341886080802e-14,True,True
7741,f7741,2.5421149729252077e-13,2.842170943040401e-14,2.2737367544323206e-13,True,True
7742,f7742,5.859285502108464e-14,0.0,5.684341886080802e-14,True,True
7743,f7743,1.2710574864626038e-13,0.0,1.1368683772161603e-13,True,True
7744,f7744,1.2710574864626038e-13,0.0,1.1368683772161603e-13,True,True
7745,f7745,5.684341886080802e-14,0.0,5.684341886080802e-14,True,True
7746,f7746,1.1368683772161603e-13,0.0,1.1368683772161603e-13,True,True
7747,f7747,8.038873388460929e-14,0.0,5.684341886080802e-14,True,True
7748,f7748,5.684341886080802e-14,2.842170943040401e-14,5.684341886080802e-14,True,True
7749,f7749,1.1718571004216928e-13,5.684341886080802e-14,1.1368683772161603e-13,True,True
7750,f7750,5.684341886080802e-14,0.0,5.684341886080802e-14,True,True
7751,f7751,6.355287432313019e-14,0.0,5.684341886080802e-14,True,True
7752,f7752,4.0194366942304644e-14,4.0194366942304644e-14,2.842170943040401e-14,True,True
7753,f7753,6.355287432313019e-14,0.0,5.684341886080802e-14,True,True
7754,f7754,1.2710574864626038e-13,0.0,1.1368683772161603e-13,True,True
7755,f7755,5.3290705182007514e-14,0.0,5.3290705182007514e-14,True,True
7756,f7756,1.2710574864626038e-13,5.684341886080802e-14,1.1368683772161603e-13,True,True
7757,f7757,8.038873388460929e-14,5.684341886080802e-14,5.684341886080802e-14,True,True
7758,f7758,1.2710574864626038e-13,0.0,1.1368683772161603e-13,True,True
7759,f7759,5.684341886080802e-14,5.684341886080802e-14,5.684341886080802e-14,True,True
7760,f7760,6.355287432313019e-14,0.0,5.684341886080802e-14,True,True
7761,f7761,5.859285502108464e-14,1.4210854715202004e-14,5.684341886080802e-14,True,True
7762,f7762,5.684341886080802e-14,5.684341886080802e-14,5.684341886080802e-14,True,True
7763,f7763,1.1718571004216928e-13,0.0,1.1368683772161603e-13,True,True
7764,f7764,1.1368683772161603e-13,0.0,1.1368683772161603e-13,True,True
7765,f7765,5.859285502108464e-14,0.0,5.684341886080802e-14,True,True
7766,f7766,1.1368683772161603e-13,5.859285502108464e-14,1.1368683772161603e-13,True,True
7767,f7767,6.355287432313019e-14,2.842170943040401e-14,5.684341886080802e-14,True,True
7768,f7768,1.1368683772161603e-13,0.0,1.1368683772161603e-13,True,True
7769,f7769,8.038873388460929e-14,5.684341886080802e-14,5.684341886080802e-14,True,True
7770,f7770,6.355287432313019e-14,0.0,5.684341886080802e-14,True,True
7771,f7771,6.355287432313019e-14,0.0,5.684341886080802e-14,True,True
7772,f7772,1.1368683772161603e-13,5.684341886080802e-14,1.1368683772161603e-13,True,True
7773,f7773,5.684341886080802e-14,0.0,5.684341886080802e-14,True,True
7774,f7774,3.1776437161565096e-14,2.842170943040401e-14,2.842170943040401e-14,True,True
7775,f7775,1.1368683772161603e-13,0.0,1.1368683772161603e-13,True,True
7776,f7776,1.2710574864626038e-13,5.684341886080802e-14,1.1368683772161603e-13,True,True
7777,f7777,5.684341886080802e-14,0.0,5.684341886080802e-14,True,True
7778,f7778,8.038873388460929e-14,5.684341886080802e-14,5.684341886080802e-14,True,True
7779,f7779,8.038873388460929e-14,8.038873388460929e-14,5.684341886080802e-14,True,True
7780,f7780,6.355287432313019e-14,6.355287432313019e-14,5.684341886080802e-14,True,True
7781,f7781,5.859285502108464e-14,1.2434497875801753e-14,5.684341886080802e-14,True,True
7782,f7782,8.556067554929069e-14,2.774758085844075e-14,8.526512829121202e-14,True,True
7783,f7783,8.038873388460929e-14,5.684341886080802e-14,5.684341886080802e-14,True,True
7784,f7784,5.684341886080802e-14,0.0,5.684341886080802e-14,True,True
7785,f7785,6.572520305780927e-14,2.1316282072803006e-14,6.572520305780927e-14,True,True
7786,f7786,6.61081645103266e-14,0.0,5.684341886080802e-14,True,True
7787,f7787,6.355287432313019e-14,2.842170943040401e-14,5.684341886080802e-14,True,True
7788,f7788,1.1718571004216928e-13,1.1718571004216928e-13,5.684341886080802e-14,True,True
7789,f7789,8.038873388460929e-14,5.684341886080802e-14,5.684341886080802e-14,True,True
7790,f7790,6.898122193969271e-14,2.842170943040401e-14,5.684341886080802e-14,True,True
7791,f7791,5.684341886080802e-14,5.684341886080802e-14,2.842170943040401e-14,True,True
7792,f7792,1.1368683772161603e-13,5.684341886080802e-14,1.1368683772161603e-13,True,True
7793,f7793,1.2710574864626038e-13,5.684341886080802e-14,1.1368683772161603e-13,True,True
7794,f7794,8.038873388460929e-14,8.038873388460929e-14,5.684341886080802e-14,True,True
7795,f7795,1.1457157353758233e-13,1.4210854715202004e-14,1.1368683772161603e-13,True,True
7796,f7796,5.684341886080802e-14,0.0,5.684341886080802e-14,True,True
7797,f7797,1.1718571004216928e-13,8.038873388460929e-14,1.1368683772161603e-13,True,True
7798,f7798,8.038873388460929e-14,5.684341886080802e-14,5.684341886080802e-14,True,True
7799,f7799,5.684341886080802e-14,5.684341886080802e-14,5.684341886080802e-14,True,True
7800,f7800,6.898122193969271e-14,0.0,5.684341886080802e-14,True,True
7801,f7801,8.038873388460929e-14,8.038873388460929e-14,5.684341886080802e-14,True,True
7802,f7802,5.684341886080802e-14,5.684341886080802e-14,5.684341886080802e-14,True,True
7803,f7803,1.1368683772161603e-13,5.684341886080802e-14,1.1368683772161603e-13,True,True
7804,f7804,8.038873388460929e-14,0.0,5.684341886080802e-14,True,True
7805,f7805,1.1368683772161603e-13,0.0,1.1368683772161603e-13,True,True
7806,f7806,1.1718571004216928e-13,5.684341886080802e-14,1.1368683772161603e-13,True,True
7807,f7807,1.1368683772161603e-13,0.0,1.1368683772161603e-13,True,True
7808,f7808,1.1368683772161603e-13,8.038873388460929e-14,1.1368683772161603e-13,True,True
7809,f7809,1.1368683772161603e-13,5.684341886080802e-14,1.1368683772161603e-13,True,True
7810,f7810,8.038873388460929e-14,0.0,5.684341886080802e-14,True,True
7811,f7811,5.859285502108464e-14,0.0,5.684341886080802e-14,True,True
7812,f7812,1.6077746776921858e-13,0.0,1.1368683772161603e-13,True,True
7813,f7813,1.1403325463066973e-13,2.842170943040401e-14,1.1368683772161603e-13,True,True
7814,f7814,6.355287432313019e-14,0.0,5.684341886080802e-14,True,True
7815,f7815,1.1368683772161603e-13,0.0,1.1368683772161603e-13,True,True
7816,f7816,6.07087979554246e-14,2.842170943040401e-14,5.684341886080802e-14,True,True
7817,f7817,1.1718571004216928e-13,0.0,1.1368683772161603e-13,True,True
7818,f7818,5.684341886080802e-14,2.842170943040401e-14,5.684341886080802e-14,True,True
7819,f7819,5.684341886080802e-14,2.842170943040401e-14,5.684341886080802e-14,True,True
7820,f7820,1.2710574864626038e-13,0.0,1.1368683772161603e-13,True,True
7821,f7821,1.1368683772161603e-13,8.038873388460929e-14,1.1368683772161603e-13,True,True
7822,f7822,6.355287432313019e-14,1.4210854715202004e-14,5.684341886080802e-14,True,True
7823,f7823,6.355287432313019e-14,6.355287432313019e-14,5.684341886080802e-14,True,True
7824,f7824,5.684341886080802e-14,5.684341886080802e-14,5.684341886080802e-14,True,True
7825,f7825,2.842170943040401e-14,0.0,2.842170943040401e-14,True,True
7826,f7826,1.1368683772161603e-13,5.684341886080802e-14,1.1368683772161603e-13,True,True
7827,f7827,5.859285502108464e-14,5.684341886080802e-14,5.684341886080802e-14,True,True
7828,f7828,8.038873388460929e-14,6.355287432313019e-14,5.684341886080802e-14,True,True
7829,f7829,1.1457157353758233e-13,4.263256414560601e-14,1.1368683772161603e-13,True,True
7830,f7830,1.1368683772161603e-13,1.1368683772161603e-13,1.1368683772161603e-13,True,True
7831,f7831,1.2710574864626038e-13,5.684341886080802e-14,1.1368683772161603e-13,True,True
7832,f7832,1.1718571004216928e-13,2.842170943040401e-14,1.1368683772161603e-13,True,True
7833,f7833,6.355287432313019e-14,6.355287432313019e-14,6.039613253960852e-14,True,True
7834,f7834,1.2710574864626038e-13,1.1368683772161603e-13,1.1368683772161603e-13,True,True
7835,f7835,8.038873388460929e-14,0.0,5.684341886080802e-14,True,True
7836,f7836,5.684341886080802e-14,2.842170943040401e-14,5.684341886080802e-14,True,True
7837,f7837,1.2710574864626038e-13,0.0,1.1368683772161603e-13,True,True
7838,f7838,2.2737367544323206e-13,5.684341886080802e-14,2.2737367544323206e-13,True,True
7839,f7839,5.684341886080802e-14,2.842170943040401e-14,5.684341886080802e-14,True,True
7840,f7840,8.038873388460929e-14,4.263256414560601e-14,6.394884621840902e-14,True,True
7841,f7841,5.728578676879116e-14,0.0,5.684341886080802e-14,True,True
7842,f7842,1.2710574864626038e-13,0.0,1.1368683772161603e-13,True,True
7843,f7843,1.1368683772161603e-13,5.684341886080802e-14,1.1368683772161603e-13,True,True
7844,f7844,1.2710574864626038e-13,0.0,1.1368683772161603e-13,True,True
7845,f7845,6.355287432313019e-14,0.0,5.684341886080802e-14,True,True
7846,f7846,1.156679772130055e-13,5.684341886080802e-14,1.1368683772161603e-13,True,True
7847,f7847,8.038873388460929e-14,5.684341886080802e-14,5.684341886080802e-14,True,True
7848,f7848,1.1718571004216928e-13,6.355287432313019e-14,1.1368683772161603e-13,True,True
7849,f7849,6.355287432313019e-14,6.355287432313019e-14,5.684341886080802e-14,True,True
7850,f7850,6.355287432313019e-14,6.355287432313019e-14,2.842170943040401e-14,True,True
7851,f7851,1.2710574864626038e-13,0.0,1.1368683772161603e-13,True,True
7852,f7852,5.684341886080802e-14,5.684341886080802e-14,5.684341886080802e-14,True,True
7853,f7853,1.1368683772161603e-13,1.1368683772161603e-13,5.684341886080802e-14,True,True
7854,f7854,6.355287432313019e-14,0.0,5.684341886080802e-14,True,True
7855,f7855,5.859285502108464e-14,5.859285502108464e-14,5.684341886080802e-14,True,True
7856,f7856,6.355287432313019e-14,0.0,5.684341886080802e-14,True,True
7857,f7857,1.1718571004216928e-13,1.4210854715202004e-14,1.1368683772161603e-13,True,True
7858,f7858,1.1718571004216928e-13,1.1718571004216928e-13,1.1368683772161603e-13,True,True
7859,f7859,1.1368683772161603e-13,0.0,1.1368683772161603e-13,True,True
7860,f7860,8.038873388460929e-14,5.684341886080802e-14,5.684341886080802e-14,True,True
7861,f7861,2.278173318171838e-13,1.1718571004216928e-13,2.2737367544323206e-13,True,True
7862,f7862,8.038873388460929e-14,0.0,5.684341886080802e-14,True,True
7863,f7863,1.2710574864626038e-13,1.2710574864626038e-13,1.1368683772161603e-13,True,True
7864,f7864,4.585100121495709e-14,3.6230712748823524e-14,4.529709940470639e-14,True,True
7865,f7865,1.2710574864626038e-13,1.2710574864626038e-13,1.1368683772161603e-13,True,True
7866,f7866,1.2710574864626038e-13,1.1368683772161603e-13,1.1368683772161603e-13,True,True
7867,f7867,6.355287432313019e-14,2.842170943040401e-14,5.684341886080802e-14,True,True
7868,f7868,7.32410687763558e-14,2.1316282072803006e-14,5.684341886080802e-14,True,True
7869,f7869,6.355287432313019e-14,0.0,5.684341886080802e-14,True,True
7870,f7870,5.684341886080802e-14,0.0,5.684341886080802e-14,True,True
7871,f7871,1.2710574864626038e-13,5.684341886080802e-14,1.1368683772161603e-13,True,True
7872,f7872,3.351623381340333e-14,0.0,2.842170943040401e-14,True,True
7873,f7873,6.355287432313019e-14,6.355287432313019e-14,5.684341886080802e-14,True,True
7874,f7874,1.1368683772161603e-13,1.1368683772161603e-13,1.1368683772161603e-13,True,True
7875,f7875,6.355287432313019e-14,0.0,5.684341886080802e-14,True,True
7876,f7876,1.1368683772161603e-13,5.684341886080802e-14,1.1368683772161603e-13,True,True
7877,f7877,1.2710574864626038e-13,0.0,1.1368683772161603e-13,True,True
7878,f7878,1.1718571004216928e-13,0.0,1.1368683772161603e-13,True,True
7879,f7879,6.355287432313019e-14,0.0,5.684341886080802e-14,True,True
7880,f7880,1.1368683772161603e-13,1.1368683772161603e-13,5.684341886080802e-14,True,True
7881,f7881,6.355287432313019e-14,0.0,5.684341886080802e-14,True,True
7882,f7882,1.6077746776921858e-13,5.684341886080802e-14,1.1368683772161603e-13,True,True
7883,f7883,8.038873388460929e-14,8.038873388460929e-14,5.684341886080802e-14,True,True
7884,f7884,3.019806626980426e-14,2.842170943040401e-14,3.019806626980426e-14,True,True
7885,f7885,6.355287432313019e-14,2.842170943040401e-14,5.684341886080802e-14,True,True
7886,f7886,3.1776437161565096e-14,0.0,2.842170943040401e-14,True,True
7887,f7887,4.0194366942304644e-14,2.842170943040401e-14,2.842170943040401e-14,True,True
7888,f7888,1.2710574864626038e-13,0.0,1.1368683772161603e-13,True,True
7889,f7889,1.2710574864626038e-13,5.684341886080802e-14,1.1368683772161603e-13,True,True
7890,f7890,2.842170943040401e-14,0.0,2.842170943040401e-14,True,True
7891,f7891,6.355287432313019e-14,2.842170943040401e-14,5.684341886080802e-14,True,True
7892,f7892,3.552713678800501e-14,2.0097183471152322e-14,3.552713678800501e-14,True,True
7893,f7893,1.1368683772161603e-13,0.0,1.1368683772161603e-13,True,True
7894,f7894,1.1368683772161603e-13,0.0,1.1368683772161603e-13,True,True
7895,f7895,5.684341886080802e-14,2.842170943040401e-14,5.684341886080802e-14,True,True
7896,f7896,1.2710574864626038e-13,2.842170943040401e-14,1.1368683772161603e-13,True,True
7897,f7897,1.1718571004216928e-13,5.859285502108464e-14,1.1368683772161603e-13,True,True
7898,f7898,1.2710574864626038e-13,6.355287432313019e-14,1.1368683772161603e-13,True,True
7899,f7899,5.684341886080802e-14,0.0,5.684341886080802e-14,True,True
7900,f7900,1.1368683772161603e-13,5.684341886080802e-14,1.1368683772161603e-13,True,True
7901,f7901,2.5421149729252077e-13,5.684341886080802e-14,2.2737367544323206e-13,True,True
7902,f7902,1.1368683772161603e-13,5.684341886080802e-14,1.1368683772161603e-13,True,True
7903,f7903,4.0194366942304644e-14,4.0194366942304644e-14,2.842170943040401e-14,True,True
7904,f7904,1.1718571004216928e-13,2.842170943040401e-14,1.1368683772161603e-13,True,True
7905,f7905,1.2710574864626038e-13,1.2710574864626038e-13,1.1368683772161603e-13,True,True
7906,f7906,6.355287432313019e-14,2.842170943040401e-14,5.684341886080802e-14,True,True
7907,f7907,6.898122193969271e-14,0.0,5.684341886080802e-14,True,True
7908,f7908,1.2710574864626038e-13,5.684341886080802e-14,1.1368683772161603e-13,True,True
7909,f7909,5.684341886080802e-14,0.0,5.684341886080802e-14,True,True
7910,f7910,4.5496934130773415e-14,2.842170943040401e-14,3.552713678800501e-14,True,True
7911,f7911,1.1457157353758233e-13,6.355287432313019e-14,1.1368683772161603e-13,True,True
7912,f7912,5.684341886080802e-14,0.0,5.684341886080802e-14,True,True
7913,f7913,6.355287432313019e-14,6.355287432313019e-14,2.842170943040401e-14,True,True
7914,f7914,5.684341886080802e-14,5.684341886080802e-14,2.842170943040401e-14,True,True
7915,f7915,1.1718571004216928e-13,1.1718571004216928e-13,1.1368683772161603e-13,True,True
7916,f7916,6.355287432313019e-14,2.842170943040401e-14,5.684341886080802e-14,True,True
7917,f7917,8.038873388460929e-14,0.0,5.684341886080802e-14,True,True
7918,f7918,2.2737367544323206e-13,1.1368683772161603e-13,2.2737367544323206e-13,True,True
7919,f7919,1.2710574864626038e-13,0.0,1.1368683772161603e-13,True,True
7920,f7920,6.355287432313019e-14,0.0,5.684341886080802e-14,True,True
7921,f7921,6.355287432313019e-14,0.0,5.684341886080802e-14,True,True
7922,f7922,5.684341886080802e-14,5.684341886080802e-14,5.684341886080802e-14,True,True
7923,f7923,8.038873388460929e-14,0.0,5.684341886080802e-14,True,True
7924,f7924,1.1718571004216928e-13,2.842170943040401e-14,1.1368683772161603e-13,True,True
7925,f7925,1.1368683772161603e-13,0.0,1.1368683772161603e-13,True,True
7926,f7926,5.684341886080802e-14,5.684341886080802e-14,5.684341886080802e-14,True,True
7927,f7927,1.1718571004216928e-13,0.0,1.1368683772161603e-13,True,True
7928,f7928,2.5421149729252077e-13,1.2710574864626038e-13,2.2737367544323206e-13,True,True
7929,f7929,8.038873388460929e-14,0.0,5.684341886080802e-14,True,True
7930,f7930,5.684341886080802e-14,0.0,5.684341886080802e-14,True,True
7931,f7931,8.038873388460929e-14,0.0,5.684341886080802e-14,True,True
7932,f7932,9.094947017729282e-13,2.842170943040401e-14,9.094947017729282e-13,True,True
7933,f7933,6.355287432313019e-14,2.842170943040401e-14,5.684341886080802e-14,True,True
7934,f7934,1.1718571004216928e-13,5.684341886080802e-14,1.1368683772161603e-13,True,True
7935,f7935,5.684341886080802e-14,0.0,5.684341886080802e-14,True,True
7936,f7936,5.859285502108464e-14,0.0,5.684341886080802e-14,True,True
7937,f7937,1.2710574864626038e-13,0.0,1.1368683772161603e-13,True,True
7938,f7938,1.2710574864626038e-13,2.842170943040401e-14,1.1368683772161603e-13,True,True
7939,f7939,4.0194366942304644e-14,1.4210854715202004e-14,2.842170943040401e-14,True,True
7940,f7940,1.1368683772161603e-13,5.684341886080802e-14,1.1368683772161603e-13,True,True
7941,f7941,1.2710574864626038e-13,5.684341886080802e-14,1.1368683772161603e-13,True,True
7942,f7942,5.684341886080802e-14,0.0,5.684341886080802e-14,True,True
7943,f7943,5.684341886080802e-14,0.0,5.684341886080802e-14,True,True
7944,f7944,5.684341886080802e-14,0.0,5.684341886080802e-14,True,True
7945,f7945,1.1718571004216928e-13,0.0,1.1368683772161603e-13,True,True
7946,f7946,1.2710574864626038e-13,5.684341886080802e-14,1.1368683772161603e-13,True,True
7947,f7947,1.1368683772161603e-13,0.0,1.1368683772161603e-13,True,True
7948,f7948,1.1368683772161603e-13,0.0,1.1368683772161603e-13,True,True
7949,f7949,6.355287432313019e-14,2.842170943040401e-14,5.684341886080802e-14,True,True
7950,f7950,1.1718571004216928e-13,0.0,1.1368683772161603e-13,True,True
7951,f7951,2.2737367544323206e-13,2.842170943040401e-14,2.2737367544323206e-13,True,True
7952,f7952,8.038873388460929e-14,0.0,5.684341886080802e-14,True,True
7953,f7953,4.263256414560601e-14,0.0,4.263256414560601e-14,True,True
7954,f7954,1.1718571004216928e-13,5.684341886080802e-14,1.1368683772161603e-13,True,True
7955,f7955,1.1368683772161603e-13,0.0,1.1368683772161603e-13,True,True
7956,f7956,5.684341886080802e-14,0.0,5.684341886080802e-14,True,True
7957,f7957,1.1718571004216928e-13,0.0,1.1368683772161603e-13,True,True
7958,f7958,6.355287432313019e-14,5.684341886080802e-14,5.684341886080802e-14,True,True
7959,f7959,1.1368683772161603e-13,6.355287432313019e-14,1.1368683772161603e-13,True,True
7960,f7960,5.955433342649105e-14,3.552713678800501e-15,5.684341886080802e-14,True,True
7961,f7961,1.2710574864626038e-13,0.0,1.1368683772161603e-13,True,True
7962,f7962,5.684341886080802e-14,0.0,5.684341886080802e-14,True,True
7963,f7963,5.818755025955795e-14,7.105427357601002e-15,5.684341886080802e-14,True,True
7964,f7964,5.859285502108464e-14,2.842170943040401e-14,5.684341886080802e-14,True,True
7965,f7965,1.1718571004216928e-13,2.842170943040401e-14,1.1368683772161603e-13,True,True
7966,f7966,5.684341886080802e-14,2.842170943040401e-14,5.684341886080802e-14,True,True
7967,f7967,1.1368683772161603e-13,0.0,1.1368683772161603e-13,True,True
7968,f7968,1.1718571004216928e-13,2.842170943040401e-14,1.1368683772161603e-13,True,True
7969,f7969,5.684341886080802e-14,0.0,5.684341886080802e-14,True,True
7970,f7970,5.684341886080802e-14,2.842170943040401e-14,5.684341886080802e-14,True,True
7971,f7971,1.2710574864626038e-13,0.0,1.1368683772161603e-13,True,True
7972,f7972,1.1718571004216928e-13,0.0,1.1368683772161603e-13,True,True
7973,f7973,8.038873388460929e-14,0.0,5.684341886080802e-14,True,True
7974,f7974,5.684341886080802e-14,5.684341886080802e-14,5.684341886080802e-14,True,True
7975,f7975,6.355287432313019e-14,2.842170943040401e-14,5.684341886080802e-14,True,True
7976,f7976,6.355287432313019e-14,0.0,5.684341886080802e-14,True,True
7977,f7977,6.521915363565902e-14,2.1316282072803006e-14,5.684341886080802e-14,True,True
7978,f7978,1.1368683772161603e-13,0.0,1.1368683772161603e-13,True,True
7979,f7979,6.355287432313019e-14,0.0,5.684341886080802e-14,True,True
7980,f7980,6.61081645103266e-14,5.684341886080802e-14,5.684341886080802e-14,True,True
7981,f7981,1.1368683772161603e-13,0.0,1.1368683772161603e-13,True,True
7982,f7982,1.2710574864626038e-13,2.842170943040401e-14,1.1368683772161603e-13,True,True
7983,f7983,1.2710574864626038e-13,1.1368683772161603e-13,1.1368683772161603e-13,True,True
7984,f7984,6.703246762680666e-14,6.355287432313019e-14,5.684341886080802e-14,True,True
7985,f7985,8.038873388460929e-14,0.0,5.684341886080802e-14,True,True
7986,f7986,1.1368683772161603e-13,5.684341886080802e-14,1.1368683772161603e-13,True,True
7987,f7987,8.038873388460929e-14,0.0,5.684341886080802e-14,True,True
7988,f7988,1.1368683772161603e-13,5.684341886080802e-14,1.1368683772161603e-13,True,True
7989,f7989,2.2914314707516465e-13,0.0,2.2737367544323206e-13,True,True
7990,f7990,1.2710574864626038e-13,0.0,1.1368683772161603e-13,True,True
7991,f7991,5.818755025955795e-14,1.7763568394002505e-14,5.684341886080802e-14,True,True
7992,f7992,1.1368683772161603e-13,0.0,1.1368683772161603e-13,True,True
7993,f7993,5.684341886080802e-14,5.684341886080802e-14,5.684341886080802e-14,True,True
7994,f7994,8.038873388460929e-14,4.263256414560601e-14,5.684341886080802e-14,True,True
7995,f7995,5.684341886080802e-14,0.0,5.684341886080802e-14,True,True
7996,f7996,1.1368683772161603e-13,5.684341886080802e-14,1.1368683772161603e-13,True,True
7997,f7997,1.6077746776921858e-13,0.0,1.1368683772161603e-13,True,True
7998,f7998,1.2710574864626038e-13,5.684341886080802e-14,1.1368683772161603e-13,True,True
7999,f7999,1.1368683772161603e-13,1.4210854715202004e-14,1.1368683772161603e-13,True,True
8000,f8000,1.139086659085919e-13,2.842170943040401e-14,1.1368683772161603e-13,True,True
8001,f8001,1.2710574864626038e-13,0.0,1.1368683772161603e-13,True,True
8002,f8002,8.038873388460929e-14,0.0,5.684341886080802e-14,True,True
8003,f8003,1.1368683772161603e-13,0.0,1.1368683772161603e-13,True,True
8004,f8004,6.355287432313019e-14,0.0,5.684341886080802e-14,True,True
8005,f8005,5.720698182141708e-14,1.7763568394002505e-15,5.684341886080802e-14,True,True
8006,f8006,1.1368683772161603e-13,8.038873388460929e-14,1.1368683772161603e-13,True,True
8007,f8007,6.355287432313019e-14,2.842170943040401e-14,5.684341886080802e-14,True,True
8008,f8008,1.1368683772161603e-13,0.0,1.1368683772161603e-13,True,True
8009,f8009,1.1368683772161603e-13,5.684341886080802e-14,1.1368683772161603e-13,True,True
8010,f8010,6.355287432313019e-14,0.0,5.684341886080802e-14,True,True
8011,f8011,5.859285502108464e-14,0.0,5.684341886080802e-14,True,True
8012,f8012,8.038873388460929e-14,0.0,5.684341886080802e-14,True,True
8013,f8013,8.038873388460929e-14,5.684341886080802e-14,5.684341886080802e-14,True,True
8014,f8014,2.2737367544323206e-13,0.0,2.2737367544323206e-13,True,True
8015,f8015,5.684341886080802e-14,5.684341886080802e-14,5.684341886080802e-14,True,True
8016,f8016,1.1718571004216928e-13,2.842170943040401e-14,1.1368683772161603e-13,True,True
8017,f8017,8.038873388460929e-14,0.0,5.684341886080802e-14,True,True
8018,f8018,6.355287432313019e-14,5.684341886080802e-14,5.684341886080802e-14,True,True
8019,f8019,5.859285502108464e-14,5.684341886080802e-14,5.684341886080802e-14,True,True
8020,f8020,1.1368683772161603e-13,0.0,1.1368683772161603e-13,True,True
8021,f8021,6.355287432313019e-14,5.684341886080802e-14,5.684341886080802e-14,True,True
8022,f8022,5.684341886080802e-14,0.0,5.684341886080802e-14,True,True
8023,f8023,1.1368683772161603e-13,0.0,1.1368683772161603e-13,True,True
8024,f8024,1.1368683772161603e-13,0.0,1.1368683772161603e-13,True,True
8025,f8025,6.355287432313019e-14,0.0,5.684341886080802e-14,True,True
8026,f8026,1.2710574864626038e-13,0.0,1.1368683772161603e-13,True,True
8027,f8027,6.521915363565902e-14,6.355287432313019e-14,5.684341886080802e-14,True,True
8028,f8028,6.07087979554246e-14,3.1776437161565096e-14,5.684341886080802e-14,True,True
8029,f8029,8.038873388460929e-14,0.0,5.684341886080802e-14,True,True
8030,f8030,6.395501382668091e-14,2.842170943040401e-14,5.684341886080802e-14,True,True
8031,f8031,1.1457157353758233e-13,1.1457157353758233e-13,1.1368683772161603e-13,True,True
8032,f8032,6.355287432313019e-14,2.842170943040401e-14,5.684341886080802e-14,True,True
8033,f8033,1.1368683772161603e-13,5.684341886080802e-14,1.1368683772161603e-13,True,True
8034,f8034,1.1368683772161603e-13,8.038873388460929e-14,1.1368683772161603e-13,True,True
8035,f8035,1.1718571004216928e-13,5.684341886080802e-14,1.1368683772161603e-13,True,True
8036,f8036,6.355287432313019e-14,0.0,5.684341886080802e-14,True,True
8037,f8037,5.684341886080802e-14,0.0,5.684341886080802e-14,True,True
8038,f8038,6.277857184170547e-14,1.7763568394002505e-14,5.684341886080802e-14,True,True
8039,f8039,6.355287432313019e-14,2.842170943040401e-14,5.684341886080802e-14,True,True
8040,f8040,2.3437142008433856e-13,1.1368683772161603e-13,2.2737367544323206e-13,True,True
8041,f8041,1.1368683772161603e-13,2.842170943040401e-14,1.1368683772161603e-13,True,True
8042,f8042,1.176291642305451e-13,2.842170943040401e-14,1.1368683772161603e-13,True,True
8043,f8043,5.684341886080802e-14,0.0,5.684341886080802e-14,True,True
8044,f8044,1.1718571004216928e-13,1.1718571004216928e-13,1.1368683772161603e-13,True,True
8045,f8045,6.355287432313019e-14,6.355287432313019e-14,5.684341886080802e-14,True,True
8046,f8046,6.135506694409735e-14,5.859285502108464e-14,5.684341886080802e-14,True,True
8047,f8047,5.684341886080802e-14,0.0,5.684341886080802e-14,True,True
8048,f8048,1.1368683772161603e-13,0.0,1.1368683772161603e-13,True,True
8049,f8049,5.684341886080802e-14,0.0,5.684341886080802e-14,True,True
8050,f8050,5.684341886080802e-14,0.0,5.684341886080802e-14,True,True
8051,f8051,1.1368683772161603e-13,5.684341886080802e-14,1.1368683772161603e-13,True,True
8052,f8052,5.684341886080802e-14,0.0,5.684341886080802e-14,True,True
8053,f8053,1.1718571004216928e-13,1.4210854715202004e-14,1.1368683772161603e-13,True,True
8054,f8054,1.1368683772161603e-13,6.355287432313019e-14,1.1368683772161603e-13,True,True
8055,f8055,5.859285502108464e-14,1.4210854715202004e-14,5.684341886080802e-14,True,True
8056,f8056,6.355287432313019e-14,0.0,5.684341886080802e-14,True,True
8057,f8057,8.038873388460929e-14,0.0,5.684341886080802e-14,True,True
8058,f8058,8.038873388460929e-14,0.0,5.684341886080802e-14,True,True
8059,f8059,5.684341886080802e-14,0.0,5.684341886080802e-14,True,True
8060,f8060,8.038873388460929e-14,5.684341886080802e-14,5.684341886080802e-14,True,True
8061,f8061,1.1368683772161603e-13,6.355287432313019e-14,1.1368683772161603e-13,True,True
8062,f8062,6.355287432313019e-14,2.842170943040401e-14,5.684341886080802e-14,True,True
8063,f8063,1.1368683772161603e-13,5.684341886080802e-14,1.1368683772161603e-13,True,True
8064,f8064,5.859285502108464e-14,2.842170943040401e-14,5.684341886080802e-14,True,True
8065,f8065,1.1718571004216928e-13,2.842170943040401e-14,1.1368683772161603e-13,True,True
8066,f8066,6.355287432313019e-14,0.0,5.684341886080802e-14,True,True
8067,f8067,1.1718571004216928e-13,0.0,1.1368683772161603e-13,True,True
8068,f8068,3.1776437161565096e-14,0.0,2.842170943040401e-14,True,True
8069,f8069,6.355287432313019e-14,0.0,5.684341886080802e-14,True,True
8070,f8070,1.2710574864626038e-13,5.684341886080802e-14,1.1368683772161603e-13,True,True
8071,f8071,3.375077994860476e-14,3.1776437161565096e-14,3.375077994860476e-14,True,True
8072,f8072,1.1368683772161603e-13,1.1368683772161603e-13,5.684341886080802e-14,True,True
8073,f8073,6.355287432313019e-14,6.355287432313019e-14,5.684341886080802e-14,True,True
8074,f8074,8.038873388460929e-14,0.0,5.684341886080802e-14,True,True
8075,f8075,6.355287432313019e-14,2.842170943040401e-14,5.684341886080802e-14,True,True
8076,f8076,1.2710574864626038e-13,0.0,1.1368683772161603e-13,True,True
8077,f8077,6.355287432313019e-14,1.4210854715202004e-14,5.684341886080802e-14,True,True
8078,f8078,1.1457157353758233e-13,2.842170943040401e-14,1.1368683772161603e-13,True,True
8079,f8079,1.2710574864626038e-13,5.684341886080802e-14,1.1368683772161603e-13,True,True
8080,f8080,6.355287432313019e-14,0.0,5.684341886080802e-14,True,True
8081,f8081,1.1368683772161603e-13,5.684341886080802e-14,1.1368683772161603e-13,True,True
8082,f8082,1.2710574864626038e-13,5.684341886080802e-14,1.1368683772161603e-13,True,True
8083,f8083,8.038873388460929e-14,5.684341886080802e-14,5.684341886080802e-14,True,True
8084,f8084,1.1368683772161603e-13,0.0,1.1368683772161603e-13,True,True
8085,f8085,1.1368683772161603e-13,0.0,1.1368683772161603e-13,True,True
8086,f8086,7.105427357601002e-14,3.1776437161565096e-14,5.684341886080802e-14,True,True
8087,f8087,3.1776437161565096e-14,7.105427357601002e-15,2.842170943040401e-14,True,True
8088,f8088,1.1368683772161603e-13,1.1368683772161603e-13,1.1368683772161603e-13,True,True
8089,f8089,1.2710574864626038e-13,0.0,1.1368683772161603e-13,True,True
8090,f8090,8.038873388460929e-14,5.684341886080802e-14,5.684341886080802e-14,True,True
8091,f8091,2.2737367544323206e-13,0.0,2.2737367544323206e-13,True,True
8092,f8092,1.2710574864626038e-13,0.0,1.1368683772161603e-13,True,True
8093,f8093,1.1368683772161603e-13,0.0,1.1368683772161603e-13,True,True
8094,f8094,6.355287432313019e-14,5.859285502108464e-14,5.684341886080802e-14,True,True
8095,f8095,5.684341886080802e-14,0.0,5.684341886080802e-14,True,True
8096,f8096,1.1718571004216928e-13,5.684341886080802e-14,1.1368683772161603e-13,True,True
8097,f8097,6.521915363565902e-14,5.859285502108464e-14,5.684341886080802e-14,True,True
8098,f8098,8.038873388460929e-14,0.0,5.684341886080802e-14,True,True
8099,f8099,5.684341886080802e-14,5.684341886080802e-14,5.684341886080802e-14,True,True
8100,f8100,1.2710574864626038e-13,0.0,1.1368683772161603e-13,True,True
8101,f8101,1.1718571004216928e-13,0.0,1.1368683772161603e-13,True,True
8102,f8102,5.684341886080802e-14,5.684341886080802e-14,5.684341886080802e-14,True,True
8103,f8103,6.355287432313019e-14,4.0194366942304644e-14,5.684341886080802e-14,True,True
8104,f8104,1.1368683772161603e-13,1.1368683772161603e-13,1.1368683772161603e-13,True,True
8105,f8105,1.1368683772161603e-13,8.038873388460929e-14,1.1368683772161603e-13,True,True
8106,f8106,1.2710574864626038e-13,5.684341886080802e-14,1.1368683772161603e-13,True,True
8107,f8107,5.684341886080802e-14,2.842170943040401e-14,5.684341886080802e-14,True,True
8108,f8108,5.684341886080802e-14,2.842170943040401e-14,5.684341886080802e-14,True,True
8109,f8109,6.355287432313019e-14,0.0,5.684341886080802e-14,True,True
8110,f8110,1.2710574864626038e-13,0.0,1.1368683772161603e-13,True,True
8111,f8111,1.1368683772161603e-13,0.0,1.1368683772161603e-13,True,True
8112,f8112,1.1368683772161603e-13,0.0,1.1368683772161603e-13,True,True
8113,f8113,5.684341886080802e-14,1.4210854715202004e-14,5.684341886080802e-14,True,True
8114,f8114,6.355287432313019e-14,5.684341886080802e-14,5.684341886080802e-14,True,True
8115,f8115,1.2710574864626038e-13,1.2710574864626038e-13,1.1368683772161603e-13,True,True
8116,f8116,1.2710574864626038e-13,0.0,1.1368683772161603e-13,True,True
8117,f8117,1.2710574864626038e-13,1.1368683772161603e-13,1.1368683772161603e-13,True,True
8118,f8118,6.355287432313019e-14,0.0,5.684341886080802e-14,True,True
8119,f8119,5.684341886080802e-14,0.0,5.684341886080802e-14,True,True
8120,f8120,1.1368683772161603e-13,1.1368683772161603e-13,1.1368683772161603e-13,True,True
8121,f8121,5.684341886080802e-14,5.684341886080802e-14,5.684341886080802e-14,True,True
8122,f8122,6.355287432313019e-14,2.842170943040401e-14,5.684341886080802e-14,True,True
8123,f8123,6.355287432313019e-14,0.0,5.684341886080802e-14,True,True
8124,f8124,6.355287432313019e-14,2.842170943040401e-14,5.684341886080802e-14,True,True
8125,f8125,1.2710574864626038e-13,5.684341886080802e-14,1.1368683772161603e-13,True,True
8126,f8126,6.355287432313019e-14,0.0,5.684341886080802e-14,True,True
8127,f8127,1.1368683772161603e-13,2.842170943040401e-14,1.1368683772161603e-13,True,True
8128,f8128,1.6077746776921858e-13,5.684341886080802e-14,1.1368683772161603e-13,True,True
8129,f8129,8.038873388460929e-14,5.684341886080802e-14,5.684341886080802e-14,True,True
8130,f8130,6.355287432313019e-14,0.0,5.684341886080802e-14,True,True
8131,f8131,6.355287432313019e-14,0.0,5.684341886080802e-14,True,True
8132,f8132,6.355287432313019e-14,6.355287432313019e-14,5.684341886080802e-14,True,True
8133,f8133,5.684341886080802e-14,2.842170943040401e-14,5.684341886080802e-14,True,True
8134,f8134,6.355287432313019e-14,6.355287432313019e-14,5.684341886080802e-14,True,True
8135,f8135,1.1368683772161603e-13,3.1776437161565096e-14,1.1368683772161603e-13,True,True
8136,f8136,1.2710574864626038e-13,0.0,1.1368683772161603e-13,True,True
8137,f8137,5.684341886080802e-14,2.842170943040401e-14,5.684341886080802e-14,True,True
8138,f8138,5.684341886080802e-14,0.0,5.684341886080802e-14,True,True
8139,f8139,1.2710574864626038e-13,0.0,1.1368683772161603e-13,True,True
8140,f8140,4.796163466380676e-14,1.4210854715202004e-14,4.796163466380676e-14,True,True
8141,f8141,1.1368683772161603e-13,0.0,1.1368683772161603e-13,True,True
8142,f8142,5.684341886080802e-14,1.4210854715202004e-14,5.684341886080802e-14,True,True
8143,f8143,1.2710574864626038e-13,0.0,1.1368683772161603e-13,True,True
8144,f8144,1.2710574864626038e-13,0.0,1.1368683772161603e-13,True,True
8145,f8145,6.355287432313019e-14,1.4210854715202004e-14,5.684341886080802e-14,True,True
8146,f8146,6.355287432313019e-14,2.842170943040401e-14,5.684341886080802e-14,True,True
8147,f8147,5.684341886080802e-14,0.0,5.684341886080802e-14,True,True
8148,f8148,6.355287432313019e-14,0.0,5.684341886080802e-14,True,True
8149,f8149,8.038873388460929e-14,5.684341886080802e-14,5.684341886080802e-14,True,True
8150,f8150,2.2737367544323206e-13,5.684341886080802e-14,2.2737367544323206e-13,True,True
8151,f8151,6.355287432313019e-14,0.0,5.684341886080802e-14,True,True
8152,f8152,8.038873388460929e-14,5.684341886080802e-14,5.684341886080802e-14,True,True
8153,f8153,1.2710574864626038e-13,0.0,1.1368683772161603e-13,True,True
8154,f8154,1.1368683772161603e-13,6.355287432313019e-14,1.1368683772161603e-13,True,True
8155,f8155,8.038873388460929e-14,0.0,5.684341886080802e-14,True,True
8156,f8156,2.2737367544323206e-13,1.1368683772161603e-13,2.2737367544323206e-13,True,True
8157,f8157,2.0495186137532011e-13,5.684341886080802e-14,1.7053025658242404e-13,True,True
8158,f8158,1.1368683772161603e-13,5.684341886080802e-14,1.1368683772161603e-13,True,True
8159,f8159,6.355287432313019e-14,0.0,5.684341886080802e-14,True,True
8160,f8160,5.684341886080802e-14,2.842170943040401e-14,5.684341886080802e-14,True,True
8161,f8161,1.1368683772161603e-13,5.684341886080802e-14,1.1368683772161603e-13,True,True
8162,f8162,5.684341886080802e-14,5.684341886080802e-14,5.684341886080802e-14,True,True
8163,f8163,1.1368683772161603e-13,5.684341886080802e-14,1.1368683772161603e-13,True,True
8164,f8164,8.038873388460929e-14,8.038873388460929e-14,5.684341886080802e-14,True,True
8165,f8165,6.355287432313019e-14,2.842170943040401e-14,5.684341886080802e-14,True,True
8166,f8166,1.1368683772161603e-13,5.684341886080802e-14,1.1368683772161603e-13,True,True
8167,f8167,8.038873388460929e-14,0.0,5.684341886080802e-14,True,True
8168,f8168,1.1368683772161603e-13,0.0,1.1368683772161603e-13,True,True
8169,f8169,5.904883742358415e-14,3.552713678800501e-15,5.684341886080802e-14,True,True
8170,f8170,6.355287432313019e-14,6.355287432313019e-14,5.684341886080802e-14,True,True
8171,f8171,8.038873388460929e-14,5.684341886080802e-14,5.684341886080802e-14,True,True
8172,f8172,1.1368683772161603e-13,2.842170943040401e-14,1.1368683772161603e-13,True,True
8173,f8173,6.355287432313019e-14,0.0,5.684341886080802e-14,True,True
8174,f8174,1.1368683772161603e-13,5.684341886080802e-14,1.1368683772161603e-13,True,True
8175,f8175,8.038873388460929e-14,2.842170943040401e-14,5.684341886080802e-14,True,True
8176,f8176,8.038873388460929e-14,0.0,5.684341886080802e-14,True,True
8177,f8177,6.355287432313019e-14,0.0,5.684341886080802e-14,True,True
8178,f8178,1.6077746776921858e-13,0.0,1.1368683772161603e-13,True,True
8179,f8179,4.0194366942304644e-14,2.842170943040401e-14,2.842170943040401e-14,True,True
8180,f8180,8.038873388460929e-14,5.684341886080802e-14,5.684341886080802e-14,True,True
8181,f8181,5.684341886080802e-14,5.684341886080802e-14,5.684341886080802e-14,True,True
8182,f8182,1.1718571004216928e-13,5.684341886080802e-14,1.1368683772161603e-13,True,True
8183,f8183,8.038873388460929e-14,2.842170943040401e-14,5.684341886080802e-14,True,True
8184,f8184,1.2710574864626038e-13,0.0,1.1368683772161603e-13,True,True
8185,f8185,1.2710574864626038e-13,2.842170943040401e-14,1.1368683772161603e-13,True,True
8186,f8186,1.2710574864626038e-13,0.0,1.1368683772161603e-13,True,True
8187,f8187,8.038873388460929e-14,8.038873388460929e-14,5.684341886080802e-14,True,True
8188,f8188,1.1368683772161603e-13,2.842170943040401e-14,1.1368683772161603e-13,True,True
8189,f8189,8.038873388460929e-14,0.0,5.684341886080802e-14,True,True
8190,f8190,1.1718571004216928e-13,1.1718571004216928e-13,1.1368683772161603e-13,True,True
8191,f8191,1.2710574864626038e-13,0.0,1.1368683772161603e-13,True,True
8192,f8192,8.038873388460929e-14,5.684341886080802e-14,5.684341886080802e-14,True,True
8193,f8193,5.859285502108464e-14,2.842170943040401e-14,5.684341886080802e-14,True,True
8194,f8194,1.1368683772161603e-13,8.038873388460929e-14,1.1368683772161603e-13,True,True
8195,f8195,1.1368683772161603e-13,2.842170943040401e-14,1.1368683772161603e-13,True,True
8196,f8196,1.1718571004216928e-13,0.0,1.1368683772161603e-13,True,True
8197,f8197,1.1368683772161603e-13,5.684341886080802e-14,1.1368683772161603e-13,True,True
8198,f8198,1.1368683772161603e-13,2.842170943040401e-14,1.1368683772161603e-13,True,True
8199,f8199,8.038873388460929e-14,0.0,5.684341886080802e-14,True,True
8200,f8200,1.1368683772161603e-13,0.0,1.1368683772161603e-13,True,True
8201,f8201,5.684341886080802e-14,0.0,5.684341886080802e-14,True,True
8202,f8202,1.2710574864626038e-13,1.1368683772161603e-13,1.1368683772161603e-13,True,True
8203,f8203,1.1368683772161603e-13,5.684341886080802e-14,1.1368683772161603e-13,True,True
8204,f8204,6.355287432313019e-14,1.4210854715202004e-14,5.684341886080802e-14,True,True
8205,f8205,1.1368683772161603e-13,2.842170943040401e-14,1.1368683772161603e-13,True,True
8206,f8206,5.728578676879116e-14,5.728578676879116e-14,5.684341886080802e-14,True,True
8207,f8207,6.355287432313019e-14,0.0,5.684341886080802e-14,True,True
8208,f8208,5.728578676879116e-14,3.552713678800501e-14,5.684341886080802e-14,True,True
8209,f8209,6.355287432313019e-14,6.355287432313019e-14,5.684341886080802e-14,True,True
8210,f8210,8.038873388460929e-14,5.684341886080802e-14,5.684341886080802e-14,True,True
8211,f8211,8.038873388460929e-14,8.038873388460929e-14,5.684341886080802e-14,True,True
8212,f8212,1.1368683772161603e-13,0.0,1.1368683772161603e-13,True,True
8213,f8213,1.1368683772161603e-13,2.842170943040401e-14,1.1368683772161603e-13,True,True
8214,f8214,1.1457157353758233e-13,5.684341886080802e-14,1.1368683772161603e-13,True,True
8215,f8215,8.038873388460929e-14,6.355287432313019e-14,5.684341886080802e-14,True,True
8216,f8216,5.684341886080802e-14,1.4210854715202004e-14,5.684341886080802e-14,True,True
8217,f8217,1.1368683772161603e-13,0.0,1.1368683772161603e-13,True,True
8218,f8218,6.355287432313019e-14,2.842170943040401e-14,5.684341886080802e-14,True,True
8219,f8219,5.684341886080802e-14,0.0,5.684341886080802e-14,True,True
8220,f8220,2.2914314707516465e-13,2.842170943040401e-14,1.9895196601282805e-13,True,True
8221,f8221,1.2710574864626038e-13,0.0,1.1368683772161603e-13,True,True
8222,f8222,5.859285502108464e-14,0.0,5.684341886080802e-14,True,True
8223,f8223,6.355287432313019e-14,2.842170943040401e-14,5.684341886080802e-14,True,True
8224,f8224,5.684341886080802e-14,0.0,5.684341886080802e-14,True,True
8225,f8225,1.1368683772161603e-13,1.1368683772161603e-13,1.1368683772161603e-13,True,True
8226,f8226,4.0194366942304644e-14,0.0,2.842170943040401e-14,True,True
8227,f8227,1.1368683772161603e-13,5.684341886080802e-14,1.1368683772161603e-13,True,True
8228,f8228,1.2710574864626038e-13,5.684341886080802e-14,1.1368683772161603e-13,True,True
8229,f8229,6.355287432313019e-14,0.0,5.684341886080802e-14,True,True
8230,f8230,5.684341886080802e-14,0.0,5.684341886080802e-14,True,True
8231,f8231,8.038873388460929e-14,6.355287432313019e-14,5.684341886080802e-14,True,True
8232,f8232,1.2710574864626038e-13,5.684341886080802e-14,1.1368683772161603e-13,True,True
8233,f8233,8.038873388460929e-14,5.684341886080802e-14,5.684341886080802e-14,True,True
8234,f8234,8.038873388460929e-14,5.684341886080802e-14,5.684341886080802e-14,True,True
8235,f8235,5.684341886080802e-14,0.0,5.684341886080802e-14,True,True
8236,f8236,5.859285502108464e-14,1.4210854715202004e-14,5.684341886080802e-14,True,True
8237,f8237,6.355287432313019e-14,5.684341886080802e-14,5.684341886080802e-14,True,True
8238,f8238,6.355287432313019e-14,5.684341886080802e-14,5.684341886080802e-14,True,True
8239,f8239,5.684341886080802e-14,0.0,5.684341886080802e-14,True,True
8240,f8240,4.0194366942304644e-14,2.842170943040401e-14,2.842170943040401e-14,True,True
8241,f8241,1.1368683772161603e-13,5.684341886080802e-14,1.1368683772161603e-13,True,True
8242,f8242,1.2710574864626038e-13,0.0,1.1368683772161603e-13,True,True
8243,f8243,5.859285502108464e-14,5.859285502108464e-14,5.684341886080802e-14,True,True
8244,f8244,6.355287432313019e-14,6.355287432313019e-14,5.684341886080802e-14,True,True
8245,f8245,1.163751005191159e-13,3.552713678800501e-15,1.1368683772161603e-13,True,True
8246,f8246,6.355287432313019e-14,1.4210854715202004e-14,5.684341886080802e-14,True,True
8247,f8247,2.842170943040401e-14,2.842170943040401e-14,2.842170943040401e-14,True,True
8248,f8248,6.355287432313019e-14,1.4210854715202004e-14,5.684341886080802e-14,True,True
8249,f8249,5.684341886080802e-14,2.842170943040401e-14,5.684341886080802e-14,True,True
8250,f8250,6.355287432313019e-14,0.0,5.684341886080802e-14,True,True
8251,f8251,6.355287432313019e-14,7.105427357601002e-15,5.684341886080802e-14,True,True
8252,f8252,1.2710574864626038e-13,2.842170943040401e-14,1.1368683772161603e-13,True,True
8253,f8253,1.1368683772161603e-13,0.0,1.1368683772161603e-13,True,True
8254,f8254,5.859285502108464e-14,0.0,5.684341886080802e-14,True,True
8255,f8255,2.842170943040401e-14,2.842170943040401e-14,2.842170943040401e-14,True,True
8256,f8256,1.2710574864626038e-13,5.684341886080802e-14,1.1368683772161603e-13,True,True
8257,f8257,8.038873388460929e-14,2.842170943040401e-14,5.684341886080802e-14,True,True
8258,f8258,6.355287432313019e-14,0.0,5.684341886080802e-14,True,True
8259,f8259,8.038873388460929e-14,2.842170943040401e-14,5.684341886080802e-14,True,True
8260,f8260,1.2710574864626038e-13,0.0,1.1368683772161603e-13,True,True
8261,f8261,5.684341886080802e-14,0.0,5.684341886080802e-14,True,True
8262,f8262,1.1368683772161603e-13,0.0,1.1368683772161603e-13,True,True
8263,f8263,6.355287432313019e-14,6.355287432313019e-14,2.842170943040401e-14,True,True
8264,f8264,1.2710574864626038e-13,5.684341886080802e-14,1.1368683772161603e-13,True,True
8265,f8265,6.355287432313019e-14,2.842170943040401e-14,5.684341886080802e-14,True,True
8266,f8266,8.038873388460929e-14,0.0,5.684341886080802e-14,True,True
8267,f8267,1.1368683772161603e-13,0.0,1.1368683772161603e-13,True,True
8268,f8268,6.355287432313019e-14,5.684341886080802e-14,5.684341886080802e-14,True,True
8269,f8269,1.1368683772161603e-13,1.1368683772161603e-13,1.1368683772161603e-13,True,True
8270,f8270,1.1368683772161603e-13,0.0,1.1368683772161603e-13,True,True
8271,f8271,1.2710574864626038e-13,0.0,1.1368683772161603e-13,True,True
8272,f8272,5.728578676879116e-14,5.684341886080802e-14,5.684341886080802e-14,True,True
8273,f8273,6.355287432313019e-14,1.4210854715202004e-14,5.684341886080802e-14,True,True
8274,f8274,6.521915363565902e-14,6.355287432313019e-14,5.684341886080802e-14,True,True
8275,f8275,5.684341886080802e-14,0.0,5.684341886080802e-14,True,True
8276,f8276,1.2710574864626038e-13,5.684341886080802e-14,1.1368683772161603e-13,True,True
8277,f8277,1.1368683772161603e-13,6.355287432313019e-14,1.1368683772161603e-13,True,True
8278,f8278,5.859285502108464e-14,3.1776437161565096e-14,5.684341886080802e-14,True,True
8279,f8279,6.355287432313019e-14,0.0,5.684341886080802e-14,True,True
8280,f8280,1.6077746776921858e-13,0.0,1.1368683772161603e-13,True,True
8281,f8281,5.697607882742775e-14,1.0658141036401503e-14,5.684341886080802e-14,True,True
8282,f8282,1.1457157353758233e-13,0.0,1.1368683772161603e-13,True,True
8283,f8283,1.1368683772161603e-13,0.0,1.1368683772161603e-13,True,True
8284,f8284,1.1718571004216928e-13,5.684341886080802e-14,1.1368683772161603e-13,True,True
8285,f8285,5.684341886080802e-14,5.684341886080802e-14,5.684341886080802e-14,True,True
8286,f8286,1.1368683772161603e-13,8.038873388460929e-14,1.1368683772161603e-13,True,True
8287,f8287,1.1368683772161603e-13,5.684341886080802e-14,1.1368683772161603e-13,True,True
8288,f8288,8.526512829121202e-14,6.355287432313019e-14,8.526512829121202e-14,True,True
8289,f8289,1.1368683772161603e-13,1.1368683772161603e-13,1.1368683772161603e-13,True,True
8290,f8290,5.684341886080802e-14,5.684341886080802e-14,5.684341886080802e-14,True,True
8291,f8291,6.07087979554246e-14,7.105427357601002e-15,5.684341886080802e-14,True,True
8292,f8292,1.1718571004216928e-13,0.0,1.1368683772161603e-13,True,True
8293,f8293,8.038873388460929e-14,0.0,5.684341886080802e-14,True,True
8294,f8294,1.1368683772161603e-13,0.0,1.1368683772161603e-13,True,True
8295,f8295,5.684341886080802e-14,0.0,5.684341886080802e-14,True,True
8296,f8296,1.1368683772161603e-13,2.842170943040401e-14,1.1368683772161603e-13,True,True
8297,f8297,1.1368683772161603e-13,0.0,1.1368683772161603e-13,True,True
8298,f8298,6.394884621840902e-14,3.552713678800501e-15,6.394884621840902e-14,True,True
8299,f8299,1.2710574864626038e-13,1.1368683772161603e-13,1.1368683772161603e-13,True,True
8300,f8300,1.1368683772161603e-13,2.842170943040401e-14,1.1368683772161603e-13,True,True
8301,f8301,4.0194366942304644e-14,2.5618982671915014e-14,3.552713678800501e-14,True,True
8302,f8302,8.038873388460929e-14,5.684341886080802e-14,5.684341886080802e-14,True,True
8303,f8303,1.2710574864626038e-13,1.2710574864626038e-13,1.1368683772161603e-13,True,True
8304,f8304,5.684341886080802e-14,5.684341886080802e-14,5.684341886080802e-14,True,True
8305,f8305,7.105427357601002e-14,5.684341886080802e-14,5.684341886080802e-14,True,True
8306,f8306,7.671311721569361e-14,2.842170943040401e-14,5.684341886080802e-14,True,True
8307,f8307,6.07087979554246e-14,5.728578676879116e-14,5.684341886080802e-14,True,True
8308,f8308,2.2737367544323206e-13,0.0,2.2737367544323206e-13,True,True
8309,f8309,6.355287432313019e-14,5.684341886080802e-14,5.684341886080802e-14,True,True
8310,f8310,1.1368683772161603e-13,5.684341886080802e-14,1.1368683772161603e-13,True,True
8311,f8311,6.355287432313019e-14,6.355287432313019e-14,5.684341886080802e-14,True,True
8312,f8312,5.859285502108464e-14,0.0,5.684341886080802e-14,True,True
8313,f8313,1.1457157353758233e-13,5.859285502108464e-14,1.1368683772161603e-13,True,True
8314,f8314,1.7067822212573437e-13,6.355287432313019e-14,1.7053025658242404e-13,True,True
8315,f8315,8.038873388460929e-14,5.684341886080802e-14,5.684341886080802e-14,True,True
8316,f8316,1.1457157353758233e-13,0.0,1.1368683772161603e-13,True,True
8317,f8317,1.1368683772161603e-13,0.0,1.1368683772161603e-13,True,True
8318,f8318,6.355287432313019e-14,0.0,5.684341886080802e-14,True,True
8319,f8319,6.355287432313019e-14,5.684341886080802e-14,5.684341886080802e-14,True,True
8320,f8320,5.684341886080802e-14,0.0,5.684341886080802e-14,True,True
8321,f8321,6.355287432313019e-14,5.684341886080802e-14,5.684341886080802e-14,True,True
8322,f8322,1.6077746776921858e-13,8.038873388460929e-14,1.1368683772161603e-13,True,True
8323,f8323,5.955433342649105e-14,5.955433342649105e-14,5.684341886080802e-14,True,True
8324,f8324,1.2710574864626038e-13,5.684341886080802e-14,1.1368683772161603e-13,True,True
8325,f8325,6.355287432313019e-14,6.355287432313019e-14,2.842170943040401e-14,True,True
8326,f8326,6.355287432313019e-14,0.0,5.684341886080802e-14,True,True
8327,f8327,1.1718571004216928e-13,0.0,1.1368683772161603e-13,True,True
8328,f8328,6.355287432313019e-14,3.552713678800501e-14,5.684341886080802e-14,True,True
8329,f8329,5.123796534383003e-14,4.0194366942304644e-14,4.263256414560601e-14,True,True
8330,f8330,6.355287432313019e-14,0.0,5.684341886080802e-14,True,True
8331,f8331,1.1718571004216928e-13,1.1718571004216928e-13,5.684341886080802e-14,True,True
8332,f8332,1.1368683772161603e-13,0.0,1.1368683772161603e-13,True,True
8333,f8333,6.355287432313019e-14,2.842170943040401e-14,5.684341886080802e-14,True,True
8334,f8334,8.038873388460929e-14,0.0,5.684341886080802e-14,True,True
8335,f8335,8.038873388460929e-14,0.0,5.684341886080802e-14,True,True
8336,f8336,6.355287432313019e-14,2.842170943040401e-14,5.684341886080802e-14,True,True
8337,f8337,1.2710574864626038e-13,0.0,1.1368683772161603e-13,True,True
8338,f8338,1.1718571004216928e-13,1.1718571004216928e-13,1.1368683772161603e-13,True,True
8339,f8339,8.038873388460929e-14,5.684341886080802e-14,5.684341886080802e-14,True,True
8340,f8340,7.105427357601002e-14,4.263256414560601e-14,7.105427357601002e-14,True,True
8341,f8341,2.3437142008433856e-13,2.842170943040401e-14,2.2737367544323206e-13,True,True
8342,f8342,8.038873388460929e-14,5.684341886080802e-14,5.684341886080802e-14,True,True
8343,f8343,8.038873388460929e-14,2.842170943040401e-14,5.684341886080802e-14,True,True
8344,f8344,1.1368683772161603e-13,1.1368683772161603e-13,5.684341886080802e-14,True,True
8345,f8345,5.684341886080802e-14,0.0,5.684341886080802e-14,True,True
8346,f8346,3.2155493553843715e-13,0.0,2.2737367544323206e-13,True,True
8347,f8347,1.1718571004216928e-13,1.1718571004216928e-13,1.1368683772161603e-13,True,True
8348,f8348,1.2710574864626038e-13,0.0,1.1368683772161603e-13,True,True
8349,f8349,6.355287432313019e-14,0.0,5.684341886080802e-14,True,True
8350,f8350,5.728578676879116e-14,1.4210854715202004e-14,5.684341886080802e-14,True,True
8351,f8351,1.1368683772161603e-13,5.684341886080802e-14,1.1368683772161603e-13,True,True
8352,f8352,8.038873388460929e-14,0.0,5.684341886080802e-14,True,True
8353,f8353,1.2710574864626038e-13,0.0,1.1368683772161603e-13,True,True
8354,f8354,1.6077746776921858e-13,1.1368683772161603e-13,1.1368683772161603e-13,True,True
8355,f8355,6.355287432313019e-14,4.0194366942304644e-14,5.684341886080802e-14,True,True
8356,f8356,6.355287432313019e-14,6.355287432313019e-14,5.684341886080802e-14,True,True
8357,f8357,1.2710574864626038e-13,0.0,1.1368683772161603e-13,True,True
8358,f8358,1.2710574864626038e-13,0.0,1.1368683772161603e-13,True,True
8359,f8359,6.355287432313019e-14,0.0,5.684341886080802e-14,True,True
8360,f8360,3.637978807091713e-12,2.842170943040401e-14,3.637978807091713e-12,True,True
8361,f8361,1.1368683772161603e-13,6.355287432313019e-14,1.1368683772161603e-13,True,True
8362,f8362,6.703246762680666e-14,7.105427357601002e-15,5.684341886080802e-14,True,True
8363,f8363,1.2710574864626038e-13,5.684341886080802e-14,1.1368683772161603e-13,True,True
8364,f8364,1.1368683772161603e-13,2.842170943040401e-14,1.1368683772161603e-13,True,True
8365,f8365,6.799062365205315e-14,2.842170943040401e-14,5.684341886080802e-14,True,True
8366,f8366,1.191086668529821e-13,4.263256414560601e-14,1.1368683772161603e-13,True,True
8367,f8367,8.038873388460929e-14,5.684341886080802e-14,5.684341886080802e-14,True,True
8368,f8368,5.684341886080802e-14,5.684341886080802e-14,5.684341886080802e-14,True,True
8369,f8369,6.355287432313019e-14,2.842170943040401e-14,5.684341886080802e-14,True,True
8370,f8370,1.1368683772161603e-13,0.0,1.1368683772161603e-13,True,True
8371,f8371,1.2710574864626038e-13,0.0,1.1368683772161603e-13,True,True
8372,f8372,5.728578676879116e-14,7.105427357601002e-15,5.684341886080802e-14,True,True
8373,f8373,1.2710574864626038e-13,0.0,1.1368683772161603e-13,True,True
8374,f8374,5.684341886080802e-14,5.684341886080802e-14,5.684341886080802e-14,True,True
8375,f8375,1.1368683772161603e-13,2.842170943040401e-14,1.1368683772161603e-13,True,True
8376,f8376,1.1368683772161603e-13,0.0,1.1368683772161603e-13,True,True
8377,f8377,6.703246762680666e-14,2.842170943040401e-14,5.684341886080802e-14,True,True
8378,f8378,1.1368683772161603e-13,0.0,1.1368683772161603e-13,True,True
8379,f8379,1.2710574864626038e-13,0.0,1.1368683772161603e-13,True,True
8380,f8380,7.553172887309252e-14,7.553172887309252e-14,5.684341886080802e-14,True,True
8381,f8381,1.2710574864626038e-13,1.2710574864626038e-13,1.1368683772161603e-13,True,True
8382,f8382,6.355287432313019e-14,1.4210854715202004e-14,5.684341886080802e-14,True,True
8383,f8383,1.1368683772161603e-13,0.0,1.1368683772161603e-13,True,True
8384,f8384,5.684341886080802e-14,5.684341886080802e-14,2.842170943040401e-14,True,True
8385,f8385,1.1368683772161603e-13,2.842170943040401e-14,1.1368683772161603e-13,True,True
8386,f8386,8.038873388460929e-14,0.0,5.684341886080802e-14,True,True
8387,f8387,8.038873388460929e-14,5.684341886080802e-14,5.684341886080802e-14,True,True
8388,f8388,6.355287432313019e-14,0.0,5.684341886080802e-14,True,True
8389,f8389,5.684341886080802e-14,5.684341886080802e-14,5.684341886080802e-14,True,True
8390,f8390,8.038873388460929e-14,0.0,5.684341886080802e-14,True,True
8391,f8391,5.684341886080802e-14,0.0,5.684341886080802e-14,True,True
8392,f8392,7.105427357601002e-14,5.859285502108464e-14,5.684341886080802e-14,True,True
8393,f8393,6.355287432313019e-14,5.684341886080802e-14,5.684341886080802e-14,True,True
8394,f8394,6.355287432313019e-14,2.842170943040401e-14,5.684341886080802e-14,True,True
8395,f8395,1.1718571004216928e-13,0.0,1.1368683772161603e-13,True,True
8396,f8396,1.1718571004216928e-13,5.783398860650275e-14,1.1368683772161603e-13,True,True
8397,f8397,1.2710574864626038e-13,0.0,1.1368683772161603e-13,True,True
8398,f8398,1.2710574864626038e-13,5.684341886080802e-14,1.1368683772161603e-13,True,True
8399,f8399,1.2710574864626038e-13,0.0,1.1368683772161603e-13,True,True
8400,f8400,9.947598300641403e-14,0.0,9.947598300641403e-14,True,True
8401,f8401,6.355287432313019e-14,5.684341886080802e-14,5.684341886080802e-14,True,True
8402,f8402,6.355287432313019e-14,0.0,5.684341886080802e-14,True,True
8403,f8403,6.355287432313019e-14,1.4210854715202004e-14,5.684341886080802e-14,True,True
8404,f8404,1.1718571004216928e-13,5.684341886080802e-14,1.1368683772161603e-13,True,True
8405,f8405,6.355287432313019e-14,1.4210854715202004e-14,5.684341886080802e-14,True,True
8406,f8406,6.355287432313019e-14,2.842170943040401e-14,5.684341886080802e-14,True,True
8407,f8407,2.2737367544323206e-13,5.684341886080802e-14,2.2737367544323206e-13,True,True
8408,f8408,6.355287432313019e-14,1.4210854715202004e-14,5.684341886080802e-14,True,True
8409,f8409,5.684341886080802e-14,5.684341886080802e-14,5.684341886080802e-14,True,True
8410,f8410,5.859285502108464e-14,0.0,5.684341886080802e-14,True,True
8411,f8411,1.1368683772161603e-13,2.842170943040401e-14,1.1368683772161603e-13,True,True
8412,f8412,8.038873388460929e-14,0.0,5.684341886080802e-14,True,True
8413,f8413,1.1457157353758233e-13,5.684341886080802e-14,1.1368683772161603e-13,True,True
8414,f8414,1.2710574864626038e-13,0.0,1.1368683772161603e-13,True,True
8415,f8415,5.684341886080802e-14,2.842170943040401e-14,5.684341886080802e-14,True,True
8416,f8416,1.0247593068766006e-13,6.355287432313019e-14,8.526512829121202e-14,True,True
8417,f8417,6.355287432313019e-14,0.0,5.684341886080802e-14,True,True
8418,f8418,1.1368683772161603e-13,5.684341886080802e-14,1.1368683772161603e-13,True,True
8419,f8419,6.355287432313019e-14,0.0,5.684341886080802e-14,True,True
8420,f8420,1.1368683772161603e-13,1.1368683772161603e-13,5.684341886080802e-14,True,True
8421,f8421,1.1368683772161603e-13,5.684341886080802e-14,1.1368683772161603e-13,True,True
8422,f8422,1.1718571004216928e-13,6.355287432313019e-14,1.1368683772161603e-13,True,True
8423,f8423,6.355287432313019e-14,0.0,5.684341886080802e-14,True,True
8424,f8424,1.1368683772161603e-13,5.684341886080802e-14,1.1368683772161603e-13,True,True
8425,f8425,6.355287432313019e-14,0.0,5.684341886080802e-14,True,True
8426,f8426,1.2710574864626038e-13,1.4210854715202004e-14,1.1368683772161603e-13,True,True
8427,f8427,1.2710574864626038e-13,0.0,1.1368683772161603e-13,True,True
8428,f8428,5.684341886080802e-14,0.0,5.684341886080802e-14,True,True
8429,f8429,8.038873388460929e-14,8.038873388460929e-14,5.684341886080802e-14,True,True
8430,f8430,1.1368683772161603e-13,0.0,1.1368683772161603e-13,True,True
8431,f8431,1.2710574864626038e-13,0.0,1.1368683772161603e-13,True,True
8432,f8432,1.1368683772161603e-13,0.0,1.1368683772161603e-13,True,True
8433,f8433,1.1368683772161603e-13,0.0,1.1368683772161603e-13,True,True
8434,f8434,1.1718571004216928e-13,0.0,1.1368683772161603e-13,True,True
8435,f8435,1.1718571004216928e-13,0.0,1.1368683772161603e-13,True,True
8436,f8436,8.038873388460929e-14,0.0,5.684341886080802e-14,True,True
8437,f8437,6.355287432313019e-14,2.1316282072803006e-14,5.684341886080802e-14,True,True
8438,f8438,5.684341886080802e-14,5.684341886080802e-14,5.684341886080802e-14,True,True
8439,f8439,1.2710574864626038e-13,1.1368683772161603e-13,1.1368683772161603e-13,True,True
8440,f8440,5.684341886080802e-14,5.684341886080802e-14,5.684341886080802e-14,True,True
8441,f8441,1.1859094492531964e-13,0.0,1.1368683772161603e-13,True,True
8442,f8442,1.4210854715202004e-14,0.0,1.4210854715202004e-14,True,True
8443,f8443,6.355287432313019e-14,5.684341886080802e-14,5.684341886080802e-14,True,True
8444,f8444,8.038873388460929e-14,4.0194366942304644e-14,5.684341886080802e-14,True,True
8445,f8445,8.038873388460929e-14,0.0,5.684341886080802e-14,True,True
8446,f8446,8.038873388460929e-14,5.684341886080802e-14,5.684341886080802e-14,True,True
8447,f8447,1.1368683772161603e-13,1.1368683772161603e-13,1.1368683772161603e-13,True,True
8448,f8448,6.355287432313019e-14,2.842170943040401e-14,5.684341886080802e-14,True,True
8449,f8449,8.038873388460929e-14,2.842170943040401e-14,5.684341886080802e-14,True,True
8450,f8450,8.038873388460929e-14,0.0,5.684341886080802e-14,True,True
8451,f8451,8.644125458514252e-14,3.1776437161565096e-14,8.526512829121202e-14,True,True
8452,f8452,1.2710574864626038e-13,5.684341886080802e-14,1.1368683772161603e-13,True,True
8453,f8453,1.1718571004216928e-13,5.684341886080802e-14,1.1368683772161603e-13,True,True
8454,f8454,8.038873388460929e-14,0.0,5.684341886080802e-14,True,True
8455,f8455,1.2710574864626038e-13,5.684341886080802e-14,1.1368683772161603e-13,True,True
8456,f8456,1.2710574864626038e-13,1.1368683772161603e-13,1.1368683772161603e-13,True,True
8457,f8457,1.1535382849852894e-13,1.4210854715202004e-14,1.1368683772161603e-13,True,True
8458,f8458,6.355287432313019e-14,0.0,5.684341886080802e-14,True,True
8459,f8459,5.684341886080802e-14,2.842170943040401e-14,5.684341886080802e-14,True,True
8460,f8460,5.684341886080802e-14,0.0,5.684341886080802e-14,True,True
8461,f8461,1.1718571004216928e-13,0.0,1.1368683772161603e-13,True,True
8462,f8462,5.684341886080802e-14,0.0,5.684341886080802e-14,True,True
8463,f8463,6.355287432313019e-14,2.842170943040401e-14,5.684341886080802e-14,True,True
8464,f8464,1.2710574864626038e-13,0.0,1.1368683772161603e-13,True,True
8465,f8465,4.0194366942304644e-14,2.842170943040401e-14,2.842170943040401e-14,True,True
8466,f8466,5.859285502108464e-14,2.842170943040401e-14,5.684341886080802e-14,True,True
8467,f8467,5.859285502108464e-14,2.842170943040401e-14,5.684341886080802e-14,True,True
8468,f8468,6.355287432313019e-14,5.684341886080802e-14,5.684341886080802e-14,True,True
8469,f8469,1.2710574864626038e-13,0.0,1.1368683772161603e-13,True,True
8470,f8470,1.2710574864626038e-13,6.355287432313019e-14,1.1368683772161603e-13,True,True
8471,f8471,1.2710574864626038e-13,2.842170943040401e-14,1.1368683772161603e-13,True,True
8472,f8472,6.355287432313019e-14,0.0,5.684341886080802e-14,True,True
8473,f8473,6.355287432313019e-14,2.842170943040401e-14,5.684341886080802e-14,True,True
8474,f8474,4.0194366942304644e-14,2.842170943040401e-14,2.842170943040401e-14,True,True
8475,f8475,1.2710574864626038e-13,0.0,1.1368683772161603e-13,True,True
8476,f8476,1.1718571004216928e-13,1.1368683772161603e-13,1.1368683772161603e-13,True,True
8477,f8477,1.2710574864626038e-13,0.0,1.1368683772161603e-13,True,True
8478,f8478,6.355287432313019e-14,5.684341886080802e-14,5.684341886080802e-14,True,True
8479,f8479,8.038873388460929e-14,2.842170943040401e-14,5.684341886080802e-14,True,True
8480,f8480,6.355287432313019e-14,0.0,5.684341886080802e-14,True,True
8481,f8481,1.2710574864626038e-13,1.1368683772161603e-13,1.1368683772161603e-13,True,True
8482,f8482,5.684341886080802e-14,0.0,5.684341886080802e-14,True,True
8483,f8483,1.1368683772161603e-13,6.355287432313019e-14,1.1368683772161603e-13,True,True
8484,f8484,1.1368683772161603e-13,5.684341886080802e-14,1.1368683772161603e-13,True,True
8485,f8485,5.859285502108464e-14,5.684341886080802e-14,5.684341886080802e-14,True,True
8486,f8486,5.684341886080802e-14,5.684341886080802e-14,5.684341886080802e-14,True,True
8487,f8487,1.1368683772161603e-13,2.842170943040401e-14,1.1368683772161603e-13,True,True
8488,f8488,6.355287432313019e-14,0.0,5.684341886080802e-14,True,True
8489,f8489,1.1368683772161603e-13,5.684341886080802e-14,1.1368683772161603e-13,True,True
8490,f8490,5.684341886080802e-14,2.842170943040401e-14,5.684341886080802e-14,True,True
8491,f8491,6.355287432313019e-14,5.684341886080802e-14,5.684341886080802e-14,True,True
8492,f8492,1.2710574864626038e-13,5.684341886080802e-14,1.1368683772161603e-13,True,True
8493,f8493,5.684341886080802e-14,5.684341886080802e-14,5.684341886080802e-14,True,True
8494,f8494,5.684341886080802e-14,2.842170943040401e-14,5.684341886080802e-14,True,True
8495,f8495,8.038873388460929e-14,0.0,5.684341886080802e-14,True,True
8496,f8496,1.2710574864626038e-13,0.0,1.1368683772161603e-13,True,True
8497,f8497,4.0194366942304644e-14,3.1776437161565096e-14,2.842170943040401e-14,True,True
8498,f8498,1.1368683772161603e-13,0.0,1.1368683772161603e-13,True,True
8499,f8499,1.2710574864626038e-13,1.2710574864626038e-13,1.1368683772161603e-13,True,True
8500,f8500,1.1368683772161603e-13,5.684341886080802e-14,1.1368683772161603e-13,True,True
8501,f8501,8.038873388460929e-14,0.0,5.684341886080802e-14,True,True
8502,f8502,1.1368683772161603e-13,6.355287432313019e-14,1.1368683772161603e-13,True,True
8503,f8503,1.1368683772161603e-13,0.0,1.1368683772161603e-13,True,True
8504,f8504,1.1457157353758233e-13,0.0,1.1368683772161603e-13,True,True
8505,f8505,8.038873388460929e-14,0.0,5.684341886080802e-14,True,True
8506,f8506,1.1368683772161603e-13,5.684341886080802e-14,1.1368683772161603e-13,True,True
8507,f8507,1.1368683772161603e-13,5.684341886080802e-14,1.1368683772161603e-13,True,True
8508,f8508,6.355287432313019e-14,0.0,5.684341886080802e-14,True,True
8509,f8509,5.684341886080802e-14,2.842170943040401e-14,5.684341886080802e-14,True,True
8510,f8510,1.2710574864626038e-13,5.684341886080802e-14,1.1368683772161603e-13,True,True
8511,f8511,6.355287432313019e-14,0.0,5.684341886080802e-14,True,True
8512,f8512,2.2914314707516465e-13,0.0,2.2737367544323206e-13,True,True
8513,f8513,8.038873388460929e-14,0.0,5.684341886080802e-14,True,True
8514,f8514,8.038873388460929e-14,8.038873388460929e-14,5.684341886080802e-14,True,True
8515,f8515,1.2710574864626038e-13,0.0,1.1368683772161603e-13,True,True
8516,f8516,8.038873388460929e-14,8.038873388460929e-14,5.684341886080802e-14,True,True
8517,f8517,1.1718571004216928e-13,0.0,1.1368683772161603e-13,True,True
8518,f8518,6.355287432313019e-14,0.0,5.684341886080802e-14,True,True
8519,f8519,8.038873388460929e-14,5.684341886080802e-14,5.684341886080802e-14,True,True
8520,f8520,8.038873388460929e-14,5.684341886080802e-14,5.684341886080802e-14,True,True
8521,f8521,1.1368683772161603e-13,0.0,1.1368683772161603e-13,True,True
8522,f8522,1.1368683772161603e-13,2.842170943040401e-14,1.1368683772161603e-13,True,True
8523,f8523,6.355287432313019e-14,6.355287432313019e-14,5.684341886080802e-14,True,True
8524,f8524,5.859285502108464e-14,1.4210854715202004e-14,5.684341886080802e-14,True,True
8525,f8525,4.0194366942304644e-14,2.842170943040401e-14,2.842170943040401e-14,True,True
8526,f8526,8.038873388460929e-14,8.038873388460929e-14,5.684341886080802e-14,True,True
8527,f8527,5.859285502108464e-14,5.684341886080802e-14,5.684341886080802e-14,True,True
8528,f8528,1.2710574864626038e-13,0.0,1.1368683772161603e-13,True,True
8529,f8529,2.842170943040401e-14,2.842170943040401e-14,2.842170943040401e-14,True,True
8530,f8530,7.105427357601002e-14,2.842170943040401e-14,5.684341886080802e-14,True,True
8531,f8531,1.1718571004216928e-13,1.1368683772161603e-13,1.1368683772161603e-13,True,True
8532,f8532,8.038873388460929e-14,5.684341886080802e-14,5.684341886080802e-14,True,True
8533,f8533,8.038873388460929e-14,2.842170943040401e-14,5.684341886080802e-14,True,True
8534,f8534,8.526512829121202e-14,6.355287432313019e-14,8.526512829121202e-14,True,True
8535,f8535,6.703246762680666e-14,2.842170943040401e-14,5.684341886080802e-14,True,True
8536,f8536,8.038873388460929e-14,0.0,5.684341886080802e-14,True,True
8537,f8537,1.2710574864626038e-13,0.0,1.1368683772161603e-13,True,True
8538,f8538,8.038873388460929e-14,2.842170943040401e-14,5.684341886080802e-14,True,True
8539,f8539,6.355287432313019e-14,1.4210854715202004e-14,5.684341886080802e-14,True,True
8540,f8540,1.1718571004216928e-13,0.0,1.1368683772161603e-13,True,True
8541,f8541,5.684341886080802e-14,3.552713678800501e-14,5.684341886080802e-14,True,True
8542,f8542,6.355287432313019e-14,0.0,5.684341886080802e-14,True,True
8543,f8543,6.355287432313019e-14,2.842170943040401e-14,5.684341886080802e-14,True,True
8544,f8544,2.6203521364587025e-13,5.684341886080802e-14,2.4868995751603507e-13,True,True
8545,f8545,5.684341886080802e-14,1.4210854715202004e-14,5.684341886080802e-14,True,True
8546,f8546,1.1368683772161603e-13,8.038873388460929e-14,1.1368683772161603e-13,True,True
8547,f8547,1.1368683772161603e-13,2.842170943040401e-14,1.1368683772161603e-13,True,True
8548,f8548,5.684341886080802e-14,0.0,5.684341886080802e-14,True,True
8549,f8549,6.355287432313019e-14,0.0,5.684341886080802e-14,True,True
8550,f8550,1.1368683772161603e-13,8.038873388460929e-14,1.1368683772161603e-13,True,True
8551,f8551,6.07087979554246e-14,3.552713678800501e-15,5.684341886080802e-14,True,True
8552,f8552,1.2710574864626038e-13,1.2710574864626038e-13,1.1368683772161603e-13,True,True
8553,f8553,5.684341886080802e-14,0.0,5.684341886080802e-14,True,True
8554,f8554,2.842170943040401e-14,0.0,2.842170943040401e-14,True,True
8555,f8555,1.1368683772161603e-13,0.0,1.1368683772161603e-13,True,True
8556,f8556,6.355287432313019e-14,0.0,5.684341886080802e-14,True,True
8557,f8557,8.038873388460929e-14,0.0,5.684341886080802e-14,True,True
8558,f8558,6.355287432313019e-14,2.842170943040401e-14,5.684341886080802e-14,True,True
8559,f8559,1.2710574864626038e-13,0.0,1.1368683772161603e-13,True,True
8560,f8560,1.1368683772161603e-13,0.0,1.1368683772161603e-13,True,True
8561,f8561,1.2710574864626038e-13,5.684341886080802e-14,1.1368683772161603e-13,True,True
8562,f8562,1.2710574864626038e-13,0.0,1.1368683772161603e-13,True,True
8563,f8563,5.684341886080802e-14,0.0,5.684341886080802e-14,True,True
8564,f8564,1.1718571004216928e-13,5.684341886080802e-14,1.1368683772161603e-13,True,True
8565,f8565,5.955433342649105e-14,5.955433342649105e-14,5.684341886080802e-14,True,True
8566,f8566,8.038873388460929e-14,8.038873388460929e-14,5.684341886080802e-14,True,True
8567,f8567,1.1718571004216928e-13,5.684341886080802e-14,1.1368683772161603e-13,True,True
8568,f8568,1.2710574864626038e-13,5.684341886080802e-14,1.1368683772161603e-13,True,True
8569,f8569,8.038873388460929e-14,5.684341886080802e-14,5.684341886080802e-14,True,True
8570,f8570,8.038873388460929e-14,5.684341886080802e-14,5.684341886080802e-14,True,True
8571,f8571,2.2737367544323206e-13,1.1368683772161603e-13,2.2737367544323206e-13,True,True
8572,f8572,1.1718571004216928e-13,5.684341886080802e-14,1.1368683772161603e-13,True,True
8573,f8573,5.728578676879116e-14,5.728578676879116e-14,3.552713678800501e-14,True,True
8574,f8574,1.2710574864626038e-13,5.684341886080802e-14,1.1368683772161603e-13,True,True
8575,f8575,1.1718571004216928e-13,0.0,1.1368683772161603e-13,True,True
8576,f8576,5.684341886080802e-14,0.0,5.684341886080802e-14,True,True
8577,f8577,5.955433342649105e-14,1.7763568394002505e-14,5.684341886080802e-14,True,True
8578,f8578,1.1368683772161603e-13,0.0,1.1368683772161603e-13,True,True
8579,f8579,8.038873388460929e-14,0.0,5.684341886080802e-14,True,True
8580,f8580,1.156679772130055e-13,1.1457157353758233e-13,1.1368683772161603e-13,True,True
8581,f8581,6.355287432313019e-14,2.6645352591003757e-15,5.684341886080802e-14,True,True
8582,f8582,1.1368683772161603e-13,5.684341886080802e-14,1.1368683772161603e-13,True,True
8583,f8583,6.355287432313019e-14,2.842170943040401e-14,5.684341886080802e-14,True,True
8584,f8584,4.547473508864641e-13,0.0,4.547473508864641e-13,True,True
8585,f8585,1.2710574864626038e-13,0.0,1.1368683772161603e-13,True,True
8586,f8586,6.355287432313019e-14,2.842170943040401e-14,5.684341886080802e-14,True,True
8587,f8587,1.0247593068766006e-13,2.842170943040401e-14,8.526512829121202e-14,True,True
8588,f8588,1.2710574864626038e-13,5.684341886080802e-14,1.1368683772161603e-13,True,True
8589,f8589,1.1368683772161603e-13,0.0,1.1368683772161603e-13,True,True
8590,f8590,8.038873388460929e-14,0.0,5.684341886080802e-14,True,True
8591,f8591,6.355287432313019e-14,5.684341886080802e-14,5.684341886080802e-14,True,True
8592,f8592,1.1368683772161603e-13,5.684341886080802e-14,1.1368683772161603e-13,True,True
8593,f8593,1.2710574864626038e-13,5.684341886080802e-14,1.1368683772161603e-13,True,True
8594,f8594,1.1718571004216928e-13,5.859285502108464e-14,1.1368683772161603e-13,True,True
8595,f8595,4.0194366942304644e-14,4.0194366942304644e-14,2.842170943040401e-14,True,True
8596,f8596,2.278173318171838e-13,5.728578676879116e-14,2.2737367544323206e-13,True,True
8597,f8597,1.1718571004216928e-13,1.1368683772161603e-13,1.1368683772161603e-13,True,True
8598,f8598,5.684341886080802e-14,2.842170943040401e-14,5.684341886080802e-14,True,True
8599,f8599,5.684341886080802e-14,0.0,5.684341886080802e-14,True,True
8600,f8600,2.2737367544323206e-13,2.842170943040401e-14,2.2737367544323206e-13,True,True
8601,f8601,5.684341886080802e-14,5.684341886080802e-14,5.684341886080802e-14,True,True
8602,f8602,6.07087979554246e-14,2.1316282072803006e-14,5.684341886080802e-14,True,True
8603,f8603,8.038873388460929e-14,0.0,5.684341886080802e-14,True,True
8604,f8604,1.1457157353758233e-13,0.0,1.1368683772161603e-13,True,True
8605,f8605,1.2710574864626038e-13,5.684341886080802e-14,1.1368683772161603e-13,True,True
8606,f8606,6.355287432313019e-14,5.684341886080802e-14,5.684341886080802e-14,True,True
8607,f8607,5.783398860650275e-14,2.842170943040401e-14,5.684341886080802e-14,True,True
8608,f8608,5.859285502108464e-14,5.684341886080802e-14,5.684341886080802e-14,True,True
8609,f8609,1.1457157353758233e-13,1.1457157353758233e-13,1.1368683772161603e-13,True,True
8610,f8610,5.684341886080802e-14,0.0,5.684341886080802e-14,True,True
8611,f8611,5.684341886080802e-14,3.1776437161565096e-14,5.684341886080802e-14,True,True
8612,f8612,6.277857184170547e-14,5.684341886080802e-14,5.684341886080802e-14,True,True
8613,f8613,1.1368683772161603e-13,0.0,1.1368683772161603e-13,True,True
8614,f8614,4.0194366942304644e-14,2.842170943040401e-14,2.842170943040401e-14,True,True
8615,f8615,6.355287432313019e-14,6.355287432313019e-14,5.684341886080802e-14,True,True
8616,f8616,6.355287432313019e-14,6.355287432313019e-14,5.684341886080802e-14,True,True
8617,f8617,6.355287432313019e-14,2.842170943040401e-14,5.684341886080802e-14,True,True
8618,f8618,8.038873388460929e-14,5.684341886080802e-14,5.684341886080802e-14,True,True
8619,f8619,5.684341886080802e-14,0.0,5.684341886080802e-14,True,True
8620,f8620,1.1718571004216928e-13,6.355287432313019e-14,1.1368683772161603e-13,True,True
8621,f8621,1.1368683772161603e-13,0.0,1.1368683772161603e-13,True,True
8622,f8622,5.684341886080802e-14,0.0,5.684341886080802e-14,True,True
8623,f8623,7.553172887309252e-14,5.859285502108464e-14,5.684341886080802e-14,True,True
8624,f8624,1.1368683772161603e-13,0.0,1.1368683772161603e-13,True,True
8625,f8625,5.684341886080802e-14,0.0,5.684341886080802e-14,True,True
8626,f8626,1.1718571004216928e-13,0.0,1.1368683772161603e-13,True,True
8627,f8627,1.1718571004216928e-13,5.684341886080802e-14,1.1368683772161603e-13,True,True
8628,f8628,5.684341886080802e-14,2.842170943040401e-14,5.684341886080802e-14,True,True
8629,f8629,5.684341886080802e-14,5.684341886080802e-14,5.684341886080802e-14,True,True
8630,f8630,5.684341886080802e-14,0.0,5.684341886080802e-14,True,True
8631,f8631,6.355287432313019e-14,5.684341886080802e-14,5.684341886080802e-14,True,True
8632,f8632,1.1368683772161603e-13,1.4210854715202004e-14,1.1368683772161603e-13,True,True
8633,f8633,6.355287432313019e-14,2.842170943040401e-14,5.684341886080802e-14,True,True
8634,f8634,2.3437142008433856e-13,0.0,2.2737367544323206e-13,True,True
8635,f8635,5.684341886080802e-14,0.0,5.684341886080802e-14,True,True
8636,f8636,1.1368683772161603e-13,5.684341886080802e-14,1.1368683772161603e-13,True,True
8637,f8637,4.0194366942304644e-14,0.0,2.842170943040401e-14,True,True
8638,f8638,1.2710574864626038e-13,1.2710574864626038e-13,1.1368683772161603e-13,True,True
8639,f8639,6.355287432313019e-14,6.07087979554246e-14,5.684341886080802e-14,True,True
8640,f8640,1.2710574864626038e-13,1.2710574864626038e-13,1.1368683772161603e-13,True,True
8641,f8641,1.2710574864626038e-13,1.1368683772161603e-13,1.1368683772161603e-13,True,True
8642,f8642,1.2710574864626038e-13,8.038873388460929e-14,1.1368683772161603e-13,True,True
8643,f8643,6.355287432313019e-14,5.684341886080802e-14,5.684341886080802e-14,True,True
8644,f8644,6.355287432313019e-14,0.0,5.684341886080802e-14,True,True
8645,f8645,1.1368683772161603e-13,0.0,1.1368683772161603e-13,True,True
8646,f8646,1.1368683772161603e-13,5.684341886080802e-14,1.1368683772161603e-13,True,True
8647,f8647,1.2710574864626038e-13,0.0,1.1368683772161603e-13,True,True
8648,f8648,1.1368683772161603e-13,0.0,1.1368683772161603e-13,True,True
8649,f8649,1.1368683772161603e-13,1.1368683772161603e-13,1.1368683772161603e-13,True,True
8650,f8650,1.1457157353758233e-13,0.0,1.1368683772161603e-13,True,True
8651,f8651,1.1418534512577734e-13,0.0,1.1368683772161603e-13,True,True
8652,f8652,1.1368683772161603e-13,0.0,1.1368683772161603e-13,True,True
8653,f8653,5.684341886080802e-14,0.0,5.684341886080802e-14,True,True
8654,f8654,5.684341886080802e-14,0.0,5.684341886080802e-14,True,True
8655,f8655,6.355287432313019e-14,6.355287432313019e-14,5.684341886080802e-14,True,True
8656,f8656,2.842170943040401e-14,2.842170943040401e-14,2.842170943040401e-14,True,True
8657,f8657,1.1718571004216928e-13,1.1368683772161603e-13,1.1368683772161603e-13,True,True
8658,f8658,1.1368683772161603e-13,1.4210854715202004e-14,1.1368683772161603e-13,True,True
8659,f8659,4.0194366942304644e-14,0.0,2.842170943040401e-14,True,True
8660,f8660,1.1718571004216928e-13,0.0,1.1368683772161603e-13,True,True
8661,f8661,8.038873388460929e-14,1.4210854715202004e-14,5.684341886080802e-14,True,True
8662,f8662,1.1368683772161603e-13,5.684341886080802e-14,1.1368683772161603e-13,True,True
8663,f8663,3.1776437161565096e-14,0.0,2.842170943040401e-14,True,True
8664,f8664,8.038873388460929e-14,8.038873388460929e-14,5.684341886080802e-14,True,True
8665,f8665,1.1368683772161603e-13,1.1368683772161603e-13,1.1368683772161603e-13,True,True
8666,f8666,8.038873388460929e-14,8.038873388460929e-14,5.684341886080802e-14,True,True
8667,f8667,6.355287432313019e-14,5.684341886080802e-14,5.684341886080802e-14,True,True
8668,f8668,6.355287432313019e-14,2.842170943040401e-14,5.684341886080802e-14,True,True
8669,f8669,8.038873388460929e-14,5.684341886080802e-14,5.684341886080802e-14,True,True
8670,f8670,5.904883742358415e-14,5.904883742358415e-14,5.684341886080802e-14,True,True
8671,f8671,1.1368683772161603e-13,0.0,1.1368683772161603e-13,True,True
8672,f8672,1.1368683772161603e-13,8.038873388460929e-14,1.1368683772161603e-13,True,True
8673,f8673,1.1368683772161603e-13,8.038873388460929e-14,1.1368683772161603e-13,True,True
8674,f8674,6.355287432313019e-14,5.684341886080802e-14,5.684341886080802e-14,True,True
8675,f8675,6.703246762680666e-14,3.552713678800501e-14,5.684341886080802e-14,True,True
8676,f8676,1.6077746776921858e-13,0.0,1.1368683772161603e-13,True,True
8677,f8677,1.2710574864626038e-13,0.0,1.1368683772161603e-13,True,True
8678,f8678,1.1457157353758233e-13,0.0,1.1368683772161603e-13,True,True
8679,f8679,1.2710574864626038e-13,4.0194366942304644e-14,1.1368683772161603e-13,True,True
8680,f8680,6.355287432313019e-14,6.355287432313019e-14,5.684341886080802e-14,True,True
8681,f8681,6.07087979554246e-14,1.4210854715202004e-14,5.684341886080802e-14,True,True
8682,f8682,6.355287432313019e-14,5.684341886080802e-14,5.684341886080802e-14,True,True
8683,f8683,5.684341886080802e-14,0.0,5.684341886080802e-14,True,True
8684,f8684,5.684341886080802e-14,5.684341886080802e-14,5.684341886080802e-14,True,True
8685,f8685,5.684341886080802e-14,2.842170943040401e-14,5.684341886080802e-14,True,True
8686,f8686,1.2710574864626038e-13,5.684341886080802e-14,1.1368683772161603e-13,True,True
8687,f8687,6.355287432313019e-14,2.1316282072803006e-14,5.684341886080802e-14,True,True
8688,f8688,1.1368683772161603e-13,0.0,1.1368683772161603e-13,True,True
8689,f8689,1.2710574864626038e-13,1.1368683772161603e-13,1.1368683772161603e-13,True,True
8690,f8690,5.684341886080802e-14,2.842170943040401e-14,5.684341886080802e-14,True,True
8691,f8691,1.2710574864626038e-13,2.842170943040401e-14,1.1368683772161603e-13,True,True
8692,f8692,1.1368683772161603e-13,0.0,1.1368683772161603e-13,True,True
8693,f8693,7.553172887309252e-14,7.105427357601002e-14,5.684341886080802e-14,True,True
8694,f8694,1.1457157353758233e-13,5.684341886080802e-14,1.1368683772161603e-13,True,True
8695,f8695,1.1718571004216928e-13,2.842170943040401e-14,1.1368683772161603e-13,True,True
8696,f8696,2.8421709430404007e-13,0.0,2.8421709430404007e-13,True,True
8697,f8697,1.1368683772161603e-13,0.0,1.1368683772161603e-13,True,True
8698,f8698,7.105427357601002e-14,1.4210854715202004e-14,5.684341886080802e-14,True,True
8699,f8699,5.859285502108464e-14,1.4210854715202004e-14,5.684341886080802e-14,True,True
8700,f8700,2.3437142008433856e-13,0.0,2.2737367544323206e-13,True,True
8701,f8701,5.684341886080802e-14,0.0,5.684341886080802e-14,True,True
8702,f8702,1.1718571004216928e-13,5.684341886080802e-14,1.1368683772161603e-13,True,True
8703,f8703,5.684341886080802e-14,0.0,5.684341886080802e-14,True,True
8704,f8704,1.1718571004216928e-13,1.1718571004216928e-13,1.1368683772161603e-13,True,True
8705,f8705,6.355287432313019e-14,5.684341886080802e-14,5.684341886080802e-14,True,True
8706,f8706,2.2737367544323206e-13,2.842170943040401e-14,2.2737367544323206e-13,True,True
8707,f8707,8.038873388460929e-14,8.038873388460929e-14,5.684341886080802e-14,True,True
8708,f8708,2.842170943040401e-14,2.842170943040401e-14,2.842170943040401e-14,True,True
8709,f8709,1.1368683772161603e-13,0.0,1.1368683772161603e-13,True,True
8710,f8710,8.038873388460929e-14,5.684341886080802e-14,5.684341886080802e-14,True,True
8711,f8711,1.1368683772161603e-13,2.842170943040401e-14,1.1368683772161603e-13,True,True
8712,f8712,5.695433295429594e-14,5.684341886080802e-14,5.684341886080802e-14,True,True
8713,f8713,1.2710574864626038e-13,5.684341886080802e-14,1.1368683772161603e-13,True,True
8714,f8714,1.1368683772161603e-13,0.0,1.1368683772161603e-13,True,True
8715,f8715,8.038873388460929e-14,0.0,5.684341886080802e-14,True,True
8716,f8716,4.0194366942304644e-14,0.0,2.842170943040401e-14,True,True
8717,f8717,2.5421149729252077e-13,0.0,2.2737367544323206e-13,True,True
8718,f8718,1.1368683772161603e-13,1.1368683772161603e-13,1.1368683772161603e-13,True,True
8719,f8719,8.038873388460929e-14,8.038873388460929e-14,5.684341886080802e-14,True,True
8720,f8720,5.728578676879116e-14,7.105427357601002e-15,5.684341886080802e-14,True,True
8721,f8721,1.156679772130055e-13,0.0,1.1368683772161603e-13,True,True
8722,f8722,1.1368683772161603e-13,5.684341886080802e-14,1.1368683772161603e-13,True,True
8723,f8723,6.355287432313019e-14,2.842170943040401e-14,5.684341886080802e-14,True,True
8724,f8724,4.0194366942304644e-14,2.842170943040401e-14,2.842170943040401e-14,True,True
8725,f8725,5.684341886080802e-14,5.684341886080802e-14,5.684341886080802e-14,True,True
8726,f8726,1.2710574864626038e-13,0.0,1.1368683772161603e-13,True,True
8727,f8727,6.355287432313019e-14,2.842170943040401e-14,5.684341886080802e-14,True,True
8728,f8728,6.355287432313019e-14,0.0,5.684341886080802e-14,True,True
8729,f8729,1.2710574864626038e-13,0.0,1.1368683772161603e-13,True,True
8730,f8730,8.038873388460929e-14,0.0,5.684341886080802e-14,True,True
8731,f8731,1.2710574864626038e-13,5.684341886080802e-14,1.1368683772161603e-13,True,True
8732,f8732,1.1368683772161603e-13,2.842170943040401e-14,1.1368683772161603e-13,True,True
8733,f8733,5.728578676879116e-14,0.0,5.684341886080802e-14,True,True
8734,f8734,1.1368683772161603e-13,0.0,1.1368683772161603e-13,True,True
8735,f8735,1.1370071466249427e-13,1.0658141036401503e-14,1.1368683772161603e-13,True,True
8736,f8736,6.355287432313019e-14,5.684341886080802e-14,5.684341886080802e-14,True,True
8737,f8737,1.2710574864626038e-13,1.1368683772161603e-13,1.1368683772161603e-13,True,True
8738,f8738,5.684341886080802e-14,5.684341886080802e-14,5.684341886080802e-14,True,True
8739,f8739,1.2710574864626038e-13,0.0,1.1368683772161603e-13,True,True
8740,f8740,1.1368683772161603e-13,0.0,1.1368683772161603e-13,True,True
8741,f8741,6.355287432313019e-14,6.355287432313019e-14,5.684341886080802e-14,True,True
8742,f8742,5.684341886080802e-14,5.684341886080802e-14,5.684341886080802e-14,True,True
8743,f8743,8.038873388460929e-14,5.684341886080802e-14,5.684341886080802e-14,True,True
8744,f8744,6.355287432313019e-14,5.684341886080802e-14,5.684341886080802e-14,True,True
8745,f8745,1.1718571004216928e-13,2.842170943040401e-14,1.1368683772161603e-13,True,True
8746,f8746,3.197442310920451e-14,7.105427357601002e-15,3.197442310920451e-14,True,True
8747,f8747,1.1718571004216928e-13,1.1718571004216928e-13,5.684341886080802e-14,True,True
8748,f8748,1.1368683772161603e-13,2.842170943040401e-14,1.1368683772161603e-13,True,True
8749,f8749,1.1368683772161603e-13,6.355287432313019e-14,1.1368683772161603e-13,True,True
8750,f8750,1.6077746776921858e-13,6.355287432313019e-14,1.1368683772161603e-13,True,True
8751,f8751,6.355287432313019e-14,2.842170943040401e-14,5.684341886080802e-14,True,True
8752,f8752,1.2710574864626038e-13,5.684341886080802e-14,1.1368683772161603e-13,True,True
8753,f8753,8.038873388460929e-14,5.684341886080802e-14,5.684341886080802e-14,True,True
8754,f8754,8.038873388460929e-14,0.0,5.684341886080802e-14,True,True
8755,f8755,5.687116766346677e-14,0.0,5.684341886080802e-14,True,True
8756,f8756,1.2710574864626038e-13,5.684341886080802e-14,1.1368683772161603e-13,True,True
8757,f8757,1.1368683772161603e-13,0.0,1.1368683772161603e-13,True,True
8758,f8758,8.038873388460929e-14,0.0,5.684341886080802e-14,True,True
8759,f8759,6.355287432313019e-14,5.684341886080802e-14,5.684341886080802e-14,True,True
8760,f8760,6.355287432313019e-14,1.4210854715202004e-14,5.684341886080802e-14,True,True
8761,f8761,1.1368683772161603e-13,0.0,1.1368683772161603e-13,True,True
8762,f8762,1.2710574864626038e-13,0.0,1.1368683772161603e-13,True,True
8763,f8763,6.355287432313019e-14,5.684341886080802e-14,5.684341886080802e-14,True,True
8764,f8764,8.038873388460929e-14,2.842170943040401e-14,5.684341886080802e-14,True,True
8765,f8765,1.1368683772161603e-13,2.842170943040401e-14,1.1368683772161603e-13,True,True
8766,f8766,1.2710574864626038e-13,0.0,1.1368683772161603e-13,True,True
8767,f8767,1.1368683772161603e-13,1.1368683772161603e-13,5.684341886080802e-14,True,True
8768,f8768,8.038873388460929e-14,8.038873388460929e-14,5.684341886080802e-14,True,True
8769,f8769,1.1368683772161603e-13,5.684341886080802e-14,1.1368683772161603e-13,True,True
8770,f8770,4.0194366942304644e-14,4.0194366942304644e-14,3.197442310920451e-14,True,True
8771,f8771,1.1368683772161603e-13,0.0,1.1368683772161603e-13,True,True
8772,f8772,1.1368683772161603e-13,5.684341886080802e-14,1.1368683772161603e-13,True,True
8773,f8773,6.240678079404622e-14,5.881458211527255e-14,5.684341886080802e-14,True,True
8774,f8774,5.861977570020827e-14,5.684341886080802e-14,5.861977570020827e-14,True,True
8775,f8775,2.2737367544323206e-13,8.038873388460929e-14,2.2737367544323206e-13,True,True
8776,f8776,1.2710574864626038e-13,1.1368683772161603e-13,1.1368683772161603e-13,True,True
8777,f8777,7.105427357601002e-14,7.105427357601002e-14,5.684341886080802e-14,True,True
8778,f8778,1.1368683772161603e-13,0.0,1.1368683772161603e-13,True,True
8779,f8779,1.1368683772161603e-13,5.684341886080802e-14,1.1368683772161603e-13,True,True
8780,f8780,8.038873388460929e-14,5.684341886080802e-14,5.684341886080802e-14,True,True
8781,f8781,6.355287432313019e-14,0.0,5.684341886080802e-14,True,True
8782,f8782,1.5928137233466116e-13,1.4210854715202004e-14,1.4210854715202004e-13,True,True
8783,f8783,5.684341886080802e-14,5.684341886080802e-14,5.684341886080802e-14,True,True
8784,f8784,4.263256414560601e-14,2.842170943040401e-14,4.263256414560601e-14,True,True
8785,f8785,1.2710574864626038e-13,1.1368683772161603e-13,1.1368683772161603e-13,True,True
8786,f8786,5.859285502108464e-14,5.859285502108464e-14,2.842170943040401e-14,True,True
8787,f8787,8.038873388460929e-14,5.684341886080802e-14,5.684341886080802e-14,True,True
8788,f8788,2.2737367544323206e-13,1.2710574864626038e-13,2.2737367544323206e-13,True,True
8789,f8789,5.684341886080802e-14,0.0,5.684341886080802e-14,True,True
8790,f8790,1.2710574864626038e-13,0.0,1.1368683772161603e-13,True,True
8791,f8791,8.348877145181177e-14,1.4210854715202004e-14,8.348877145181177e-14,True,True
8792,f8792,6.355287432313019e-14,0.0,5.684341886080802e-14,True,True
8793,f8793,8.038873388460929e-14,5.684341886080802e-14,5.684341886080802e-14,True,True
8794,f8794,6.01080938469374e-14,5.955433342649105e-14,5.684341886080802e-14,True,True
8795,f8795,1.1368683772161603e-13,2.842170943040401e-14,1.1368683772161603e-13,True,True
8796,f8796,8.038873388460929e-14,0.0,5.684341886080802e-14,True,True
8797,f8797,1.2710574864626038e-13,5.684341886080802e-14,1.1368683772161603e-13,True,True
8798,f8798,1.1718571004216928e-13,0.0,1.1368683772161603e-13,True,True
8799,f8799,8.038873388460929e-14,5.684341886080802e-14,5.684341886080802e-14,True,True
8800,f8800,1.2710574864626038e-13,0.0,1.1368683772161603e-13,True,True
8801,f8801,1.1368683772161603e-13,1.1368683772161603e-13,2.842170943040401e-14,True,True
8802,f8802,1.1718571004216928e-13,0.0,1.1368683772161603e-13,True,True
8803,f8803,1.1368683772161603e-13,2.842170943040401e-14,1.1368683772161603e-13,True,True
8804,f8804,6.355287432313019e-14,5.728578676879116e-14,5.684341886080802e-14,True,True
8805,f8805,8.038873388460929e-14,0.0,5.684341886080802e-14,True,True
8806,f8806,8.038873388460929e-14,5.684341886080802e-14,5.684341886080802e-14,True,True
8807,f8807,1.1368683772161603e-13,5.684341886080802e-14,1.1368683772161603e-13,True,True
8808,f8808,1.2710574864626038e-13,0.0,1.1368683772161603e-13,True,True
8809,f8809,1.2710574864626038e-13,5.684341886080802e-14,1.1368683772161603e-13,True,True
8810,f8810,6.355287432313019e-14,1.4210854715202004e-14,5.684341886080802e-14,True,True
8811,f8811,8.038873388460929e-14,5.684341886080802e-14,5.684341886080802e-14,True,True
8812,f8812,5.684341886080802e-14,0.0,5.684341886080802e-14,True,True
8813,f8813,8.038873388460929e-14,0.0,5.684341886080802e-14,True,True
8814,f8814,1.1368683772161603e-13,0.0,1.1368683772161603e-13,True,True
8815,f8815,1.1368683772161603e-13,0.0,1.1368683772161603e-13,True,True
8816,f8816,1.1718571004216928e-13,2.842170943040401e-14,1.1368683772161603e-13,True,True
8817,f8817,8.038873388460929e-14,8.038873388460929e-14,5.684341886080802e-14,True,True
8818,f8818,1.1718571004216928e-13,1.1718571004216928e-13,1.1368683772161603e-13,True,True
8819,f8819,4.0194366942304644e-14,0.0,2.842170943040401e-14,True,True
8820,f8820,8.038873388460929e-14,2.842170943040401e-14,5.684341886080802e-14,True,True
8821,f8821,5.684341886080802e-14,5.684341886080802e-14,5.684341886080802e-14,True,True
8822,f8822,1.1368683772161603e-13,5.684341886080802e-14,1.1368683772161603e-13,True,True
8823,f8823,5.684341886080802e-14,0.0,5.684341886080802e-14,True,True
8824,f8824,1.2710574864626038e-13,0.0,1.1368683772161603e-13,True,True
8825,f8825,1.2710574864626038e-13,0.0,1.1368683772161603e-13,True,True
8826,f8826,5.684341886080802e-14,5.684341886080802e-14,5.684341886080802e-14,True,True
8827,f8827,5.3290705182007514e-14,1.4210854715202004e-14,5.3290705182007514e-14,True,True
8828,f8828,2.2737367544323206e-13,5.684341886080802e-14,2.2737367544323206e-13,True,True
8829,f8829,1.1368683772161603e-13,0.0,1.1368683772161603e-13,True,True
8830,f8830,7.105427357601002e-14,5.684341886080802e-14,5.684341886080802e-14,True,True
8831,f8831,5.684341886080802e-14,0.0,5.684341886080802e-14,True,True
8832,f8832,1.1368683772161603e-13,5.684341886080802e-14,1.1368683772161603e-13,True,True
8833,f8833,1.1368683772161603e-13,5.684341886080802e-14,1.1368683772161603e-13,True,True
8834,f8834,8.038873388460929e-14,0.0,5.684341886080802e-14,True,True
8835,f8835,8.038873388460929e-14,0.0,5.684341886080802e-14,True,True
8836,f8836,1.1368683772161603e-13,0.0,1.1368683772161603e-13,True,True
8837,f8837,1.1368683772161603e-13,5.684341886080802e-14,1.1368683772161603e-13,True,True
8838,f8838,5.684341886080802e-14,4.0194366942304644e-14,5.684341886080802e-14,True,True
8839,f8839,1.1718571004216928e-13,2.842170943040401e-14,1.1368683772161603e-13,True,True
8840,f8840,1.1368683772161603e-13,0.0,1.1368683772161603e-13,True,True
8841,f8841,6.355287432313019e-14,0.0,5.684341886080802e-14,True,True
8842,f8842,1.1368683772161603e-13,5.684341886080802e-14,1.1368683772161603e-13,True,True
8843,f8843,4.973799150320701e-14,1.4210854715202004e-14,4.973799150320701e-14,True,True
8844,f8844,6.355287432313019e-14,5.684341886080802e-14,5.684341886080802e-14,True,True
8845,f8845,1.1368683772161603e-13,2.842170943040401e-14,1.1368683772161603e-13,True,True
8846,f8846,1.2710574864626038e-13,0.0,1.1368683772161603e-13,True,True
8847,f8847,1.2710574864626038e-13,5.684341886080802e-14,1.1368683772161603e-13,True,True
8848,f8848,1.2710574864626038e-13,5.684341886080802e-14,1.1368683772161603e-13,True,True
8849,f8849,6.355287432313019e-14,2.842170943040401e-14,5.684341886080802e-14,True,True
8850,f8850,5.684341886080802e-14,0.0,5.684341886080802e-14,True,True
8851,f8851,1.1718571004216928e-13,5.684341886080802e-14,1.1368683772161603e-13,True,True
8852,f8852,1.1368683772161603e-13,0.0,1.1368683772161603e-13,True,True
8853,f8853,6.355287432313019e-14,0.0,5.684341886080802e-14,True,True
8854,f8854,7.105427357601002e-14,0.0,7.105427357601002e-14,True,True
8855,f8855,6.355287432313019e-14,0.0,5.684341886080802e-14,True,True
8856,f8856,2.2737367544323206e-13,0.0,2.2737367544323206e-13,True,True
8857,f8857,8.038873388460929e-14,0.0,5.684341886080802e-14,True,True
8858,f8858,1.2710574864626038e-13,1.1368683772161603e-13,1.1368683772161603e-13,True,True
8859,f8859,1.1718571004216928e-13,2.842170943040401e-14,1.1368683772161603e-13,True,True
8860,f8860,1.1368683772161603e-13,0.0,1.1368683772161603e-13,True,True
8861,f8861,4.0194366942304644e-14,0.0,3.907985046680551e-14,True,True
8862,f8862,1.1368683772161603e-13,0.0,1.1368683772161603e-13,True,True
8863,f8863,5.684341886080802e-14,0.0,5.684341886080802e-14,True,True
8864,f8864,1.1368683772161603e-13,0.0,1.1368683772161603e-13,True,True
8865,f8865,6.355287432313019e-14,0.0,5.684341886080802e-14,True,True
8866,f8866,1.1368683772161603e-13,6.355287432313019e-14,1.1368683772161603e-13,True,True
8867,f8867,8.038873388460929e-14,0.0,5.684341886080802e-14,True,True
8868,f8868,5.684341886080802e-14,5.684341886080802e-14,5.684341886080802e-14,True,True
8869,f8869,5.684341886080802e-14,5.684341886080802e-14,5.684341886080802e-14,True,True
8870,f8870,1.2710574864626038e-13,1.2710574864626038e-13,1.1368683772161603e-13,True,True
8871,f8871,5.684341886080802e-14,2.842170943040401e-14,5.684341886080802e-14,True,True
8872,f8872,5.684341886080802e-14,0.0,5.684341886080802e-14,True,True
8873,f8873,6.355287432313019e-14,2.1316282072803006e-14,5.684341886080802e-14,True,True
8874,f8874,8.038873388460929e-14,2.842170943040401e-14,5.684341886080802e-14,True,True
8875,f8875,6.355287432313019e-14,2.842170943040401e-14,5.684341886080802e-14,True,True
8876,f8876,5.684341886080802e-14,0.0,5.684341886080802e-14,True,True
8877,f8877,1.1457157353758233e-13,5.684341886080802e-14,1.1368683772161603e-13,True,True
8878,f8878,5.684341886080802e-14,2.842170943040401e-14,5.684341886080802e-14,True,True
8879,f8879,5.684341886080802e-14,5.684341886080802e-14,5.684341886080802e-14,True,True
8880,f8880,6.355287432313019e-14,5.684341886080802e-14,5.684341886080802e-14,True,True
8881,f8881,1.2710574864626038e-13,2.842170943040401e-14,1.1368683772161603e-13,True,True
8882,f8882,1.1368683772161603e-13,0.0,1.1368683772161603e-13,True,True
8883,f8883,1.2710574864626038e-13,0.0,1.1368683772161603e-13,True,True
8884,f8884,6.355287432313019e-14,5.684341886080802e-14,5.684341886080802e-14,True,True
8885,f8885,6.355287432313019e-14,2.842170943040401e-14,5.684341886080802e-14,True,True
8886,f8886,5.684341886080802e-14,0.0,5.684341886080802e-14,True,True
8887,f8887,8.038873388460929e-14,0.0,5.684341886080802e-14,True,True
8888,f8888,5.904883742358415e-14,0.0,5.684341886080802e-14,True,True
8889,f8889,6.355287432313019e-14,0.0,5.684341886080802e-14,True,True
8890,f8890,6.703246762680666e-14,1.4210854715202004e-14,5.684341886080802e-14,True,True
8891,f8891,1.1368683772161603e-13,0.0,1.1368683772161603e-13,True,True
8892,f8892,1.1457157353758233e-13,2.842170943040401e-14,1.1368683772161603e-13,True,True
8893,f8893,8.038873388460929e-14,0.0,5.684341886080802e-14,True,True
8894,f8894,6.355287432313019e-14,0.0,5.684341886080802e-14,True,True
8895,f8895,6.355287432313019e-14,0.0,5.684341886080802e-14,True,True
8896,f8896,1.1718571004216928e-13,0.0,1.1368683772161603e-13,True,True
8897,f8897,6.355287432313019e-14,6.355287432313019e-14,5.684341886080802e-14,True,True
8898,f8898,2.2737367544323206e-13,6.355287432313019e-14,2.2737367544323206e-13,True,True
8899,f8899,5.684341886080802e-14,0.0,5.684341886080802e-14,True,True
8900,f8900,6.355287432313019e-14,6.355287432313019e-14,5.684341886080802e-14,True,True
8901,f8901,1.1718571004216928e-13,4.0194366942304644e-14,1.1368683772161603e-13,True,True
8902,f8902,6.355287432313019e-14,5.684341886080802e-14,5.684341886080802e-14,True,True
8903,f8903,1.2710574864626038e-13,5.684341886080802e-14,1.1368683772161603e-13,True,True
8904,f8904,8.038873388460929e-14,0.0,5.684341886080802e-14,True,True
8905,f8905,1.2710574864626038e-13,1.2710574864626038e-13,1.1368683772161603e-13,True,True
8906,f8906,1.1718571004216928e-13,5.684341886080802e-14,1.1368683772161603e-13,True,True
8907,f8907,6.127183979409604e-14,1.5987211554602254e-14,5.684341886080802e-14,True,True
8908,f8908,1.1368683772161603e-13,0.0,1.1368683772161603e-13,True,True
8909,f8909,6.355287432313019e-14,0.0,5.684341886080802e-14,True,True
8910,f8910,8.038873388460929e-14,6.355287432313019e-14,5.684341886080802e-14,True,True
8911,f8911,1.1368683772161603e-13,5.684341886080802e-14,1.1368683772161603e-13,True,True
8912,f8912,1.2710574864626038e-13,5.684341886080802e-14,1.1368683772161603e-13,True,True
8913,f8913,1.1368683772161603e-13,0.0,1.1368683772161603e-13,True,True
8914,f8914,5.684341886080802e-14,0.0,5.684341886080802e-14,True,True
8915,f8915,5.684341886080802e-14,1.4210854715202004e-14,5.684341886080802e-14,True,True
8916,f8916,5.684341886080802e-14,5.684341886080802e-14,5.684341886080802e-14,True,True
8917,f8917,6.204547701064548e-14,0.0,5.684341886080802e-14,True,True
8918,f8918,1.2710574864626038e-13,0.0,1.1368683772161603e-13,True,True
8919,f8919,1.1368683772161603e-13,1.1368683772161603e-13,5.684341886080802e-14,True,True
8920,f8920,5.684341886080802e-14,5.684341886080802e-14,5.684341886080802e-14,True,True
8921,f8921,8.038873388460929e-14,0.0,5.684341886080802e-14,True,True
8922,f8922,1.1457157353758233e-13,5.728578676879116e-14,1.1368683772161603e-13,True,True
8923,f8923,6.703246762680666e-14,0.0,5.684341886080802e-14,True,True
8924,f8924,6.355287432313019e-14,0.0,5.684341886080802e-14,True,True
8925,f8925,4.0194366942304644e-14,0.0,2.842170943040401e-14,True,True
8926,f8926,5.753312400962914e-14,0.0,5.684341886080802e-14,True,True
8927,f8927,8.038873388460929e-14,2.842170943040401e-14,5.684341886080802e-14,True,True
8928,f8928,1.2710574864626038e-13,0.0,1.1368683772161603e-13,True,True
8929,f8929,1.1368683772161603e-13,0.0,1.1368683772161603e-13,True,True
8930,f8930,5.684341886080802e-14,0.0,5.684341886080802e-14,True,True
8931,f8931,8.038873388460929e-14,8.038873388460929e-14,5.684341886080802e-14,True,True
8932,f8932,1.1368683772161603e-13,8.038873388460929e-14,1.1368683772161603e-13,True,True
8933,f8933,1.2710574864626038e-13,1.1368683772161603e-13,1.1368683772161603e-13,True,True
8934,f8934,5.684341886080802e-14,0.0,5.684341886080802e-14,True,True
8935,f8935,6.355287432313019e-14,5.684341886080802e-14,5.684341886080802e-14,True,True
8936,f8936,6.355287432313019e-14,0.0,5.684341886080802e-14,True,True
8937,f8937,1.1368683772161603e-13,1.1368683772161603e-13,1.1368683772161603e-13,True,True
8938,f8938,6.355287432313019e-14,2.842170943040401e-14,5.684341886080802e-14,True,True
8939,f8939,8.038873388460929e-14,0.0,5.684341886080802e-14,True,True
8940,f8940,5.859285502108464e-14,1.4210854715202004e-14,5.684341886080802e-14,True,True
8941,f8941,1.1718571004216928e-13,0.0,1.1368683772161603e-13,True,True
8942,f8942,6.355287432313019e-14,5.684341886080802e-14,5.684341886080802e-14,True,True
8943,f8943,1.1718571004216928e-13,5.684341886080802e-14,1.1368683772161603e-13,True,True
8944,f8944,1.1718571004216928e-13,8.038873388460929e-14,1.1368683772161603e-13,True,True
8945,f8945,5.684341886080802e-14,2.842170943040401e-14,5.684341886080802e-14,True,True
8946,f8946,1.1368683772161603e-13,0.0,1.1368683772161603e-13,True,True
8947,f8947,5.123796534383003e-14,3.8263897345803626e-14,4.263256414560601e-14,True,True
8948,f8948,5.684341886080802e-14,4.0194366942304644e-14,5.684341886080802e-14,True,True
8949,f8949,1.2710574864626038e-13,0.0,1.1368683772161603e-13,True,True
8950,f8950,6.355287432313019e-14,0.0,5.684341886080802e-14,True,True
8951,f8951,1.2710574864626038e-13,1.2710574864626038e-13,1.1368683772161603e-13,True,True
8952,f8952,1.1368683772161603e-13,0.0,1.1368683772161603e-13,True,True
8953,f8953,1.1368683772161603e-13,2.842170943040401e-14,1.1368683772161603e-13,True,True
8954,f8954,6.355287432313019e-14,6.355287432313019e-14,5.684341886080802e-14,True,True
8955,f8955,1.1368683772161603e-13,0.0,1.1368683772161603e-13,True,True
8956,f8956,6.204547701064548e-14,6.204547701064548e-14,2.842170943040401e-14,True,True
8957,f8957,1.1718571004216928e-13,5.684341886080802e-14,1.1368683772161603e-13,True,True
8958,f8958,5.684341886080802e-14,0.0,5.684341886080802e-14,True,True
8959,f8959,1.2710574864626038e-13,8.038873388460929e-14,1.1368683772161603e-13,True,True
8960,f8960,6.355287432313019e-14,0.0,5.684341886080802e-14,True,True
8961,f8961,5.684341886080802e-14,0.0,5.684341886080802e-14,True,True
8962,f8962,6.355287432313019e-14,6.355287432313019e-14,5.684341886080802e-14,True,True
8963,f8963,7.105427357601002e-14,5.859285502108464e-14,5.684341886080802e-14,True,True
8964,f8964,7.641561120394337e-14,2.1316282072803006e-14,5.684341886080802e-14,True,True
8965,f8965,6.355287432313019e-14,0.0,5.684341886080802e-14,True,True
8966,f8966,1.2710574864626038e-13,1.2710574864626038e-13,1.1368683772161603e-13,True,True
8967,f8967,1.2710574864626038e-13,5.684341886080802e-14,1.1368683772161603e-13,True,True
8968,f8968,1.2710574864626038e-13,0.0,1.1368683772161603e-13,True,True
8969,f8969,5.695433295429594e-14,0.0,5.684341886080802e-14,True,True
8970,f8970,1.1457157353758233e-13,1.1457157353758233e-13,1.1368683772161603e-13,True,True
8971,f8971,3.552713678800501e-14,1.0658141036401503e-14,2.842170943040401e-14,True,True
8972,f8972,1.1368683772161603e-13,5.684341886080802e-14,1.1368683772161603e-13,True,True
8973,f8973,1.1718571004216928e-13,6.355287432313019e-14,1.1368683772161603e-13,True,True
8974,f8974,7.105427357601002e-14,5.859285502108464e-14,5.684341886080802e-14,True,True
8975,f8975,5.684341886080802e-14,5.684341886080802e-14,5.684341886080802e-14,True,True
8976,f8976,6.355287432313019e-14,2.842170943040401e-14,5.684341886080802e-14,True,True
8977,f8977,1.1368683772161603e-13,0.0,1.1368683772161603e-13,True,True
8978,f8978,5.684341886080802e-14,0.0,5.684341886080802e-14,True,True
8979,f8979,1.1368683772161603e-13,2.842170943040401e-14,1.1368683772161603e-13,True,True
8980,f8980,5.684341886080802e-14,2.842170943040401e-14,5.684341886080802e-14,True,True
8981,f8981,1.1718571004216928e-13,5.684341886080802e-14,1.1368683772161603e-13,True,True
8982,f8982,5.684341886080802e-14,5.684341886080802e-14,5.684341886080802e-14,True,True
8983,f8983,1.2710574864626038e-13,1.1368683772161603e-13,1.1368683772161603e-13,True,True
8984,f8984,5.684341886080802e-14,0.0,5.684341886080802e-14,True,True
8985,f8985,1.2710574864626038e-13,1.1718571004216928e-13,1.1368683772161603e-13,True,True
8986,f8986,1.1457157353758233e-13,5.684341886080802e-14,1.1368683772161603e-13,True,True
8987,f8987,5.123796534383003e-14,3.1776437161565096e-14,4.263256414560601e-14,True,True
8988,f8988,6.07087979554246e-14,2.842170943040401e-14,5.684341886080802e-14,True,True
8989,f8989,5.859285502108464e-14,4.0194366942304644e-14,5.684341886080802e-14,True,True
8990,f8990,8.038873388460929e-14,0.0,5.684341886080802e-14,True,True
8991,f8991,6.355287432313019e-14,4.0194366942304644e-14,5.684341886080802e-14,True,True
8992,f8992,5.684341886080802e-14,0.0,5.684341886080802e-14,True,True
8993,f8993,8.038873388460929e-14,5.684341886080802e-14,5.684341886080802e-14,True,True
8994,f8994,6.674942990534282e-14,0.0,6.039613253960852e-14,True,True
8995,f8995,3.552713678800501e-14,0.0,2.842170943040401e-14,True,True
8996,f8996,6.355287432313019e-14,0.0,5.684341886080802e-14,True,True
8997,f8997,2.2737367544323206e-13,5.684341886080802e-14,2.2737367544323206e-13,True,True
8998,f8998,6.355287432313019e-14,0.0,5.684341886080802e-14,True,True
8999,f8999,1.156679772130055e-13,1.4210854715202004e-14,1.1368683772161603e-13,True,True
9000,f9000,2.5421149729252077e-13,0.0,2.2737367544323206e-13,True,True
9001,f9001,6.703246762680666e-14,5.859285502108464e-14,5.684341886080802e-14,True,True
9002,f9002,8.038873388460929e-14,0.0,5.684341886080802e-14,True,True
9003,f9003,8.038873388460929e-14,5.684341886080802e-14,5.684341886080802e-14,True,True
9004,f9004,1.1368683772161603e-13,5.684341886080802e-14,1.1368683772161603e-13,True,True
9005,f9005,4.0194366942304644e-14,0.0,2.842170943040401e-14,True,True
9006,f9006,5.684341886080802e-14,0.0,5.684341886080802e-14,True,True
9007,f9007,5.684341886080802e-14,2.842170943040401e-14,5.684341886080802e-14,True,True
9008,f9008,1.2710574864626038e-13,0.0,1.1368683772161603e-13,True,True
9009,f9009,3.552713678800501e-14,0.0,3.552713678800501e-14,True,True
9010,f9010,6.355287432313019e-14,0.0,5.684341886080802e-14,True,True
9011,f9011,1.1368683772161603e-13,1.1368683772161603e-13,1.1368683772161603e-13,True,True
9012,f9012,6.355287432313019e-14,1.4210854715202004e-14,5.684341886080802e-14,True,True
9013,f9013,1.156679772130055e-13,1.156679772130055e-13,1.1368683772161603e-13,True,True
9014,f9014,5.989486013256168e-14,2.1316282072803006e-14,5.684341886080802e-14,True,True
9015,f9015,1.1368683772161603e-13,6.355287432313019e-14,1.1368683772161603e-13,True,True
9016,f9016,5.728578676879116e-14,1.4210854715202004e-14,5.684341886080802e-14,True,True
9017,f9017,6.355287432313019e-14,5.859285502108464e-14,5.684341886080802e-14,True,True
9018,f9018,1.1368683772161603e-13,0.0,1.1368683772161603e-13,True,True
9019,f9019,1.1718571004216928e-13,5.684341886080802e-14,1.1368683772161603e-13,True,True
9020,f9020,8.038873388460929e-14,5.684341886080802e-14,5.684341886080802e-14,True,True
9021,f9021,1.2710574864626038e-13,0.0,1.1368683772161603e-13,True,True
9022,f9022,1.2710574864626038e-13,2.842170943040401e-14,1.1368683772161603e-13,True,True
9023,f9023,5.684341886080802e-14,0.0,5.684341886080802e-14,True,True
9024,f9024,8.038873388460929e-14,2.842170943040401e-14,5.684341886080802e-14,True,True
9025,f9025,8.038873388460929e-14,2.842170943040401e-14,5.684341886080802e-14,True,True
9026,f9026,6.355287432313019e-14,2.842170943040401e-14,5.684341886080802e-14,True,True
9027,f9027,6.355287432313019e-14,2.842170943040401e-14,5.684341886080802e-14,True,True
9028,f9028,1.2710574864626038e-13,6.355287432313019e-14,1.1368683772161603e-13,True,True
9029,f9029,8.038873388460929e-14,5.684341886080802e-14,5.684341886080802e-14,True,True
9030,f9030,6.355287432313019e-14,2.842170943040401e-14,5.684341886080802e-14,True,True
9031,f9031,6.355287432313019e-14,0.0,5.684341886080802e-14,True,True
9032,f9032,1.1368683772161603e-13,1.1368683772161603e-13,5.684341886080802e-14,True,True
9033,f9033,8.038873388460929e-14,0.0,5.684341886080802e-14,True,True
9034,f9034,8.038873388460929e-14,0.0,5.684341886080802e-14,True,True
9035,f9035,5.684341886080802e-14,5.684341886080802e-14,5.684341886080802e-14,True,True
9036,f9036,5.684341886080802e-14,0.0,5.684341886080802e-14,True,True
9037,f9037,6.355287432313019e-14,0.0,5.684341886080802e-14,True,True
9038,f9038,6.355287432313019e-14,6.355287432313019e-14,5.684341886080802e-14,True,True
9039,f9039,1.1797821420476678e-13,3.552713678800501e-15,1.1368683772161603e-13,True,True
9040,f9040,1.1368683772161603e-13,5.684341886080802e-14,1.1368683772161603e-13,True,True
9041,f9041,5.859285502108464e-14,0.0,5.684341886080802e-14,True,True
9042,f9042,1.1718571004216928e-13,2.842170943040401e-14,1.1368683772161603e-13,True,True
9043,f9043,6.355287432313019e-14,0.0,5.684341886080802e-14,True,True
9044,f9044,3.019806626980426e-14,1.4210854715202004e-14,2.842170943040401e-14,True,True
9045,f9045,5.684341886080802e-14,2.842170943040401e-14,5.684341886080802e-14,True,True
9046,f9046,1.2710574864626038e-13,5.684341886080802e-14,1.1368683772161603e-13,True,True
9047,f9047,1.2710574864626038e-13,5.684341886080802e-14,1.1368683772161603e-13,True,True
9048,f9048,5.859285502108464e-14,0.0,5.684341886080802e-14,True,True
9049,f9049,1.2710574864626038e-13,1.1368683772161603e-13,1.1368683772161603e-13,True,True
9050,f9050,5.684341886080802e-14,4.0194366942304644e-14,5.684341886080802e-14,True,True
9051,f9051,6.355287432313019e-14,2.842170943040401e-14,5.684341886080802e-14,True,True
9052,f9052,8.038873388460929e-14,2.842170943040401e-14,5.684341886080802e-14,True,True
9053,f9053,6.355287432313019e-14,2.842170943040401e-14,5.684341886080802e-14,True,True
9054,f9054,1.2710574864626038e-13,5.684341886080802e-14,1.1368683772161603e-13,True,True
9055,f9055,8.038873388460929e-14,5.684341886080802e-14,5.684341886080802e-14,True,True
9056,f9056,1.1718571004216928e-13,2.842170943040401e-14,1.1368683772161603e-13,True,True
9057,f9057,5.684341886080802e-14,0.0,5.684341886080802e-14,True,True
9058,f9058,1.1718571004216928e-13,2.842170943040401e-14,1.1368683772161603e-13,True,True
9059,f9059,6.572520305780927e-14,7.105427357601002e-15,6.572520305780927e-14,True,True
9060,f9060,1.1457157353758233e-13,0.0,1.1368683772161603e-13,True,True
9061,f9061,6.355287432313019e-14,2.842170943040401e-14,5.684341886080802e-14,True,True
9062,f9062,6.355287432313019e-14,2.842170943040401e-14,5.684341886080802e-14,True,True
9063,f9063,8.038873388460929e-14,5.684341886080802e-14,5.684341886080802e-14,True,True
9064,f9064,1.1718571004216928e-13,5.684341886080802e-14,1.1368683772161603e-13,True,True
9065,f9065,6.355287432313019e-14,6.355287432313019e-14,5.684341886080802e-14,True,True
9066,f9066,6.355287432313019e-14,0.0,5.684341886080802e-14,True,True
9067,f9067,5.684341886080802e-14,0.0,5.684341886080802e-14,True,True
9068,f9068,8.038873388460929e-14,2.842170943040401e-14,5.684341886080802e-14,True,True
9069,f9069,6.355287432313019e-14,0.0,5.684341886080802e-14,True,True
9070,f9070,6.355287432313019e-14,5.684341886080802e-14,5.684341886080802e-14,True,True
9071,f9071,8.038873388460929e-14,8.038873388460929e-14,5.684341886080802e-14,True,True
9072,f9072,6.355287432313019e-14,0.0,5.684341886080802e-14,True,True
9073,f9073,1.1368683772161603e-13,5.684341886080802e-14,1.1368683772161603e-13,True,True
9074,f9074,1.2710574864626038e-13,0.0,1.1368683772161603e-13,True,True
9075,f9075,6.355287432313019e-14,0.0,5.684341886080802e-14,True,True
9076,f9076,6.355287432313019e-14,0.0,5.684341886080802e-14,True,True
9077,f9077,5.684341886080802e-14,0.0,5.684341886080802e-14,True,True
9078,f9078,1.1368683772161603e-13,0.0,1.1368683772161603e-13,True,True
9079,f9079,1.1368683772161603e-13,2.842170943040401e-14,1.1368683772161603e-13,True,True
9080,f9080,6.355287432313019e-14,0.0,5.684341886080802e-14,True,True
9081,f9081,5.684341886080802e-14,0.0,5.684341886080802e-14,True,True
9082,f9082,6.01080938469374e-14,2.842170943040401e-14,5.684341886080802e-14,True,True
9083,f9083,6.355287432313019e-14,4.973799150320701e-14,5.684341886080802e-14,True,True
9084,f9084,1.1718571004216928e-13,0.0,1.1368683772161603e-13,True,True
9085,f9085,6.355287432313019e-14,5.859285502108464e-14,5.684341886080802e-14,True,True
9086,f9086,1.2710574864626038e-13,0.0,1.1368683772161603e-13,True,True
9087,f9087,6.355287432313019e-14,5.684341886080802e-14,5.684341886080802e-14,True,True
9088,f9088,5.868830978229461e-14,0.0,5.684341886080802e-14,True,True
9089,f9089,2.4127085177880256e-13,2.1316282072803006e-14,2.3447910280083306e-13,True,True
9090,f9090,1.2710574864626038e-13,5.684341886080802e-14,1.1368683772161603e-13,True,True
9091,f9091,1.1368683772161603e-13,6.355287432313019e-14,1.1368683772161603e-13,True,True
9092,f9092,1.2710574864626038e-13,5.684341886080802e-14,1.1368683772161603e-13,True,True
9093,f9093,1.2710574864626038e-13,1.1368683772161603e-13,1.1368683772161603e-13,True,True
9094,f9094,4.4938668397781776e-14,2.2748467065386707e-14,4.263256414560601e-14,True,True
9095,f9095,1.1718571004216928e-13,0.0,1.1368683772161603e-13,True,True
9096,f9096,5.684341886080802e-14,2.842170943040401e-14,5.684341886080802e-14,True,True
9097,f9097,6.355287432313019e-14,2.842170943040401e-14,5.684341886080802e-14,True,True
9098,f9098,1.1368683772161603e-13,0.0,1.1368683772161603e-13,True,True
9099,f9099,6.169484474161016e-14,0.0,5.684341886080802e-14,True,True
9100,f9100,1.1368683772161603e-13,0.0,1.1368683772161603e-13,True,True
9101,f9101,6.355287432313019e-14,0.0,5.684341886080802e-14,True,True
9102,f9102,6.355287432313019e-14,2.842170943040401e-14,5.684341886080802e-14,True,True
9103,f9103,5.684341886080802e-14,2.842170943040401e-14,5.684341886080802e-14,True,True
9104,f9104,6.355287432313019e-14,1.4210854715202004e-14,5.684341886080802e-14,True,True
9105,f9105,1.1718571004216928e-13,0.0,1.1368683772161603e-13,True,True
9106,f9106,6.355287432313019e-14,2.842170943040401e-14,5.684341886080802e-14,True,True
9107,f9107,1.2710574864626038e-13,0.0,1.1368683772161603e-13,True,True
9108,f9108,8.038873388460929e-14,5.684341886080802e-14,5.684341886080802e-14,True,True
9109,f9109,1.214175959108492e-13,0.0,1.1368683772161603e-13,True,True
9110,f9110,5.684341886080802e-14,7.105427357601002e-15,5.684341886080802e-14,True,True
9111,f9111,5.684341886080802e-14,0.0,5.684341886080802e-14,True,True
9112,f9112,4.0194366942304644e-14,2.842170943040401e-14,2.842170943040401e-14,True,True
9113,f9113,6.355287432313019e-14,2.842170943040401e-14,5.684341886080802e-14,True,True
9114,f9114,1.1718571004216928e-13,5.684341886080802e-14,1.1368683772161603e-13,True,True
9115,f9115,1.1368683772161603e-13,1.1368683772161603e-13,5.684341886080802e-14,True,True
9116,f9116,5.684341886080802e-14,0.0,5.684341886080802e-14,True,True
9117,f9117,1.1368683772161603e-13,0.0,1.1368683772161603e-13,True,True
9118,f9118,5.684341886080802e-14,5.684341886080802e-14,5.684341886080802e-14,True,True
9119,f9119,1.2710574864626038e-13,0.0,1.1368683772161603e-13,True,True
9120,f9120,5.684341886080802e-14,0.0,5.684341886080802e-14,True,True
9121,f9121,1.1368683772161603e-13,0.0,1.1368683772161603e-13,True,True
9122,f9122,8.038873388460929e-14,0.0,5.684341886080802e-14,True,True
9123,f9123,6.355287432313019e-14,6.355287432313019e-14,2.842170943040401e-14,True,True
9124,f9124,1.2710574864626038e-13,5.684341886080802e-14,1.1368683772161603e-13,True,True
9125,f9125,6.355287432313019e-14,0.0,5.684341886080802e-14,True,True
9126,f9126,5.728578676879116e-14,0.0,5.684341886080802e-14,True,True
9127,f9127,6.355287432313019e-14,1.4210854715202004e-14,5.684341886080802e-14,True,True
9128,f9128,1.1368683772161603e-13,5.684341886080802e-14,1.1368683772161603e-13,True,True
9129,f9129,5.684341886080802e-14,5.684341886080802e-14,5.684341886080802e-14,True,True
9130,f9130,5.859285502108464e-14,5.684341886080802e-14,5.684341886080802e-14,True,True
9131,f9131,1.1718571004216928e-13,1.4210854715202004e-14,1.1368683772161603e-13,True,True
9132,f9132,8.038873388460929e-14,5.684341886080802e-14,5.684341886080802e-14,True,True
9133,f9133,8.038873388460929e-14,0.0,5.684341886080802e-14,True,True
9134,f9134,8.038873388460929e-14,1.4210854715202004e-14,5.684341886080802e-14,True,True
9135,f9135,1.1368683772161603e-13,1.4210854715202004e-14,1.1368683772161603e-13,True,True
9136,f9136,5.684341886080802e-14,0.0,5.684341886080802e-14,True,True
9137,f9137,6.355287432313019e-14,2.842170943040401e-14,5.684341886080802e-14,True,True
9138,f9138,8.038873388460929e-14,0.0,5.684341886080802e-14,True,True
9139,f9139,6.355287432313019e-14,0.0,5.684341886080802e-14,True,True
9140,f9140,5.859285502108464e-14,0.0,5.684341886080802e-14,True,True
9141,f9141,1.1368683772161603e-13,0.0,1.1368683772161603e-13,True,True
9142,f9142,1.2710574864626038e-13,0.0,1.1368683772161603e-13,True,True
9143,f9143,1.1718571004216928e-13,2.842170943040401e-14,1.1368683772161603e-13,True,True
9144,f9144,1.1368683772161603e-13,0.0,1.1368683772161603e-13,True,True
9145,f9145,6.355287432313019e-14,6.355287432313019e-14,5.684341886080802e-14,True,True
9146,f9146,6.355287432313019e-14,0.0,5.684341886080802e-14,True,True
9147,f9147,8.038873388460929e-14,2.842170943040401e-14,5.684341886080802e-14,True,True
9148,f9148,1.1368683772161603e-13,5.684341886080802e-14,1.1368683772161603e-13,True,True
9149,f9149,1.1718571004216928e-13,0.0,1.1368683772161603e-13,True,True
9150,f9150,1.1718571004216928e-13,1.1718571004216928e-13,1.1368683772161603e-13,True,True
9151,f9151,6.355287432313019e-14,2.842170943040401e-14,5.684341886080802e-14,True,True
9152,f9152,5.859285502108464e-14,0.0,5.684341886080802e-14,True,True
9153,f9153,5.684341886080802e-14,5.684341886080802e-14,5.684341886080802e-14,True,True
9154,f9154,1.1368683772161603e-13,1.4210854715202004e-14,1.1368683772161603e-13,True,True
9155,f9155,5.859285502108464e-14,5.684341886080802e-14,5.684341886080802e-14,True,True
9156,f9156,5.684341886080802e-14,4.0194366942304644e-14,5.684341886080802e-14,True,True
9157,f9157,8.038873388460929e-14,0.0,5.684341886080802e-14,True,True
9158,f9158,8.038873388460929e-14,0.0,5.684341886080802e-14,True,True
9159,f9159,8.038873388460929e-14,0.0,5.684341886080802e-14,True,True
9160,f9160,8.038873388460929e-14,8.038873388460929e-14,5.684341886080802e-14,True,True
9161,f9161,8.038873388460929e-14,2.842170943040401e-14,5.684341886080802e-14,True,True
9162,f9162,8.038873388460929e-14,0.0,5.684341886080802e-14,True,True
9163,f9163,6.355287432313019e-14,5.684341886080802e-14,5.684341886080802e-14,True,True
9164,f9164,8.038873388460929e-14,0.0,5.684341886080802e-14,True,True
9165,f9165,5.684341886080802e-14,0.0,5.684341886080802e-14,True,True
9166,f9166,6.355287432313019e-14,5.684341886080802e-14,5.684341886080802e-14,True,True
9167,f9167,8.038873388460929e-14,5.684341886080802e-14,5.684341886080802e-14,True,True
9168,f9168,1.1368683772161603e-13,8.038873388460929e-14,1.1368683772161603e-13,True,True
9169,f9169,5.684341886080802e-14,0.0,5.684341886080802e-14,True,True
9170,f9170,4.0194366942304644e-14,4.0194366942304644e-14,2.842170943040401e-14,True,True
9171,f9171,6.355287432313019e-14,5.859285502108464e-14,5.684341886080802e-14,True,True
9172,f9172,6.355287432313019e-14,2.842170943040401e-14,5.684341886080802e-14,True,True
9173,f9173,5.684341886080802e-14,0.0,5.684341886080802e-14,True,True
9174,f9174,5.684341886080802e-14,0.0,5.684341886080802e-14,True,True
9175,f9175,8.038873388460929e-14,5.684341886080802e-14,5.684341886080802e-14,True,True
9176,f9176,1.1368683772161603e-13,1.1368683772161603e-13,1.1368683772161603e-13,True,True
9177,f9177,5.684341886080802e-14,5.684341886080802e-14,5.684341886080802e-14,True,True
9178,f9178,1.2710574864626038e-13,5.684341886080802e-14,1.1368683772161603e-13,True,True
9179,f9179,1.1368683772161603e-13,5.684341886080802e-14,1.1368683772161603e-13,True,True
9180,f9180,6.656599510731003e-14,7.105427357601002e-15,5.684341886080802e-14,True,True
9181,f9181,6.355287432313019e-14,0.0,5.684341886080802e-14,True,True
9182,f9182,1.139086659085919e-13,2.842170943040401e-14,1.1368683772161603e-13,True,True
9183,f9183,1.1368683772161603e-13,0.0,1.1368683772161603e-13,True,True
9184,f9184,1.1368683772161603e-13,0.0,1.1368683772161603e-13,True,True
9185,f9185,5.684341886080802e-14,5.684341886080802e-14,5.684341886080802e-14,True,True
9186,f9186,6.355287432313019e-14,2.842170943040401e-14,5.684341886080802e-14,True,True
9187,f9187,8.038873388460929e-14,2.842170943040401e-14,5.684341886080802e-14,True,True
9188,f9188,1.1368683772161603e-13,0.0,1.1368683772161603e-13,True,True
9189,f9189,1.1368683772161603e-13,0.0,1.1368683772161603e-13,True,True
9190,f9190,6.355287432313019e-14,3.1776437161565096e-14,5.684341886080802e-14,True,True
9191,f9191,6.355287432313019e-14,2.842170943040401e-14,5.684341886080802e-14,True,True
9192,f9192,5.859285502108464e-14,5.859285502108464e-14,5.684341886080802e-14,True,True
9193,f9193,5.684341886080802e-14,0.0,5.684341886080802e-14,True,True
9194,f9194,6.355287432313019e-14,2.842170943040401e-14,5.684341886080802e-14,True,True
9195,f9195,2.842170943040401e-14,0.0,2.842170943040401e-14,True,True
9196,f9196,1.1368683772161603e-13,1.1368683772161603e-13,1.1368683772161603e-13,True,True
9197,f9197,1.2710574864626038e-13,0.0,1.1368683772161603e-13,True,True
9198,f9198,5.859285502108464e-14,4.0194366942304644e-14,5.684341886080802e-14,True,True
9199,f9199,6.355287432313019e-14,0.0,5.684341886080802e-14,True,True
9200,f9200,1.1368683772161603e-13,0.0,1.1368683772161603e-13,True,True
9201,f9201,1.7053025658242404e-13,6.355287432313019e-14,1.7053025658242404e-13,True,True
9202,f9202,1.1368683772161603e-13,8.038873388460929e-14,1.1368683772161603e-13,True,True
9203,f9203,5.464282685093744e-14,7.105427357601002e-15,5.417888360170764e-14,True,True
9204,f9204,1.2710574864626038e-13,0.0,1.1368683772161603e-13,True,True
9205,f9205,5.684341886080802e-14,5.684341886080802e-14,5.684341886080802e-14,True,True
9206,f9206,1.4921397450962104e-13,5.728578676879116e-14,1.4921397450962104e-13,True,True
9207,f9207,5.859285502108464e-14,0.0,5.684341886080802e-14,True,True
9208,f9208,5.684341886080802e-14,0.0,5.684341886080802e-14,True,True
9209,f9209,6.355287432313019e-14,0.0,5.684341886080802e-14,True,True
9210,f9210,6.43668973480993e-14,2.842170943040401e-14,5.684341886080802e-14,True,True
9211,f9211,1.2409095402129096e-13,7.105427357601002e-15,1.1368683772161603e-13,True,True
9212,f9212,6.355287432313019e-14,0.0,5.684341886080802e-14,True,True
9213,f9213,8.038873388460929e-14,5.684341886080802e-14,5.684341886080802e-14,True,True
9214,f9214,6.355287432313019e-14,0.0,5.684341886080802e-14,True,True
9215,f9215,5.684341886080802e-14,0.0,5.684341886080802e-14,True,True
9216,f9216,1.1368683772161603e-13,0.0,1.1368683772161603e-13,True,True
9217,f9217,6.355287432313019e-14,6.355287432313019e-14,5.684341886080802e-14,True,True
9218,f9218,5.767691424926447e-14,5.753312400962914e-14,5.684341886080802e-14,True,True
9219,f9219,6.355287432313019e-14,5.684341886080802e-14,5.684341886080802e-14,True,True
9220,f9220,5.684341886080802e-14,2.842170943040401e-14,5.684341886080802e-14,True,True
9221,f9221,1.1368683772161603e-13,5.684341886080802e-14,1.1368683772161603e-13,True,True
9222,f9222,6.355287432313019e-14,5.684341886080802e-14,5.684341886080802e-14,True,True
9223,f9223,8.038873388460929e-14,5.684341886080802e-14,5.684341886080802e-14,True,True
9224,f9224,1.1718571004216928e-13,0.0,1.1368683772161603e-13,True,True
9225,f9225,5.804884719318833e-14,2.842170943040401e-14,5.684341886080802e-14,True,True
9226,f9226,1.1506624801925828e-13,0.0,1.1368683772161603e-13,True,True
9227,f9227,1.2710574864626038e-13,0.0,1.1368683772161603e-13,True,True
9228,f9228,1.2710574864626038e-13,5.684341886080802e-14,1.1368683772161603e-13,True,True
9229,f9229,1.2710574864626038e-13,5.684341886080802e-14,1.1368683772161603e-13,True,True
9230,f9230,1.2710574864626038e-13,5.684341886080802e-14,1.1368683772161603e-13,True,True
9231,f9231,4.973799150320701e-14,4.973799150320701e-14,3.197442310920451e-14,True,True
9232,f9232,5.684341886080802e-14,2.842170943040401e-14,5.684341886080802e-14,True,True
9233,f9233,1.1718571004216928e-13,1.1718571004216928e-13,1.1368683772161603e-13,True,True
9234,f9234,8.038873388460929e-14,0.0,5.684341886080802e-14,True,True
9235,f9235,1.1368683772161603e-13,2.842170943040401e-14,1.1368683772161603e-13,True,True
9236,f9236,6.355287432313019e-14,6.355287432313019e-14,5.684341886080802e-14,True,True
9237,f9237,8.526512829121202e-14,2.842170943040401e-14,8.526512829121202e-14,True,True
9238,f9238,5.859285502108464e-14,5.859285502108464e-14,5.684341886080802e-14,True,True
9239,f9239,6.898122193969271e-14,6.07087979554246e-14,5.684341886080802e-14,True,True
9240,f9240,5.684341886080802e-14,0.0,5.684341886080802e-14,True,True
9241,f9241,5.684341886080802e-14,5.684341886080802e-14,5.684341886080802e-14,True,True
9242,f9242,5.684341886080802e-14,0.0,5.684341886080802e-14,True,True
9243,f9243,5.684341886080802e-14,0.0,5.684341886080802e-14,True,True
9244,f9244,6.355287432313019e-14,0.0,5.684341886080802e-14,True,True
9245,f9245,1.2710574864626038e-13,1.1368683772161603e-13,1.1368683772161603e-13,True,True
9246,f9246,3.1776437161565096e-14,3.1776437161565096e-14,2.842170943040401e-14,True,True
9247,f9247,1.1718571004216928e-13,0.0,1.1368683772161603e-13,True,True
9248,f9248,1.2710574864626038e-13,2.842170943040401e-14,1.1368683772161603e-13,True,True
9249,f9249,1.1718571004216928e-13,1.1718571004216928e-13,5.684341886080802e-14,True,True
9250,f9250,1.2710574864626038e-13,1.2710574864626038e-13,1.1368683772161603e-13,True,True
9251,f9251,5.859285502108464e-14,1.0658141036401503e-14,5.684341886080802e-14,True,True
9252,f9252,1.2710574864626038e-13,0.0,1.1368683772161603e-13,True,True
9253,f9253,5.684341886080802e-14,0.0,5.684341886080802e-14,True,True
9254,f9254,5.684341886080802e-14,2.1316282072803006e-14,5.684341886080802e-14,True,True
9255,f9255,1.1368683772161603e-13,0.0,1.1368683772161603e-13,True,True
9256,f9256,1.1368683772161603e-13,0.0,1.1368683772161603e-13,True,True
9257,f9257,1.1718571004216928e-13,5.684341886080802e-14,1.1368683772161603e-13,True,True
9258,f9258,1.1718571004216928e-13,0.0,1.1368683772161603e-13,True,True
9259,f9259,1.1718571004216928e-13,0.0,1.1368683772161603e-13,True,True
9260,f9260,5.684341886080802e-14,0.0,5.684341886080802e-14,True,True
9261,f9261,1.1718571004216928e-13,2.842170943040401e-14,1.1368683772161603e-13,True,True
9262,f9262,1.2710574864626038e-13,0.0,1.1368683772161603e-13,True,True
9263,f9263,4.0194366942304644e-14,2.842170943040401e-14,2.842170943040401e-14,True,True
9264,f9264,1.2710574864626038e-13,5.684341886080802e-14,1.1368683772161603e-13,True,True
9265,f9265,8.038873388460929e-14,5.684341886080802e-14,5.684341886080802e-14,True,True
9266,f9266,1.6077746776921858e-13,1.1368683772161603e-13,1.1368683772161603e-13,True,True
9267,f9267,6.355287432313019e-14,0.0,5.684341886080802e-14,True,True
9268,f9268,1.1368683772161603e-13,5.684341886080802e-14,1.1368683772161603e-13,True,True
9269,f9269,1.1457157353758233e-13,2.842170943040401e-14,1.1368683772161603e-13,True,True
9270,f9270,1.1368683772161603e-13,0.0,1.1368683772161603e-13,True,True
9271,f9271,6.355287432313019e-14,0.0,5.684341886080802e-14,True,True
9272,f9272,1.2710574864626038e-13,1.1368683772161603e-13,1.1368683772161603e-13,True,True
9273,f9273,6.355287432313019e-14,2.842170943040401e-14,5.684341886080802e-14,True,True
9274,f9274,8.038873388460929e-14,5.684341886080802e-14,5.684341886080802e-14,True,True
9275,f9275,1.1368683772161603e-13,1.1368683772161603e-13,1.1368683772161603e-13,True,True
9276,f9276,1.2710574864626038e-13,5.684341886080802e-14,1.1368683772161603e-13,True,True
9277,f9277,6.355287432313019e-14,6.355287432313019e-14,5.684341886080802e-14,True,True
9278,f9278,8.038873388460929e-14,0.0,5.684341886080802e-14,True,True
9279,f9279,1.1368683772161603e-13,1.1368683772161603e-13,1.1368683772161603e-13,True,True
9280,f9280,1.797546735911271e-13,0.0,1.7053025658242404e-13,True,True
9281,f9281,1.2710574864626038e-13,5.684341886080802e-14,1.1368683772161603e-13,True,True
9282,f9282,5.684341886080802e-14,0.0,5.684341886080802e-14,True,True
9283,f9283,1.1368683772161603e-13,5.684341886080802e-14,1.1368683772161603e-13,True,True
9284,f9284,8.038873388460929e-14,5.684341886080802e-14,5.684341886080802e-14,True,True
9285,f9285,1.2710574864626038e-13,0.0,1.1368683772161603e-13,True,True
9286,f9286,1.2710574864626038e-13,1.1718571004216928e-13,1.1368683772161603e-13,True,True
9287,f9287,1.1457157353758233e-13,0.0,1.1368683772161603e-13,True,True
9288,f9288,2.842170943040401e-14,0.0,2.842170943040401e-14,True,True
9289,f9289,1.1506624801925828e-13,0.0,1.1368683772161603e-13,True,True
9290,f9290,1.2710574864626038e-13,5.684341886080802e-14,1.1368683772161603e-13,True,True
9291,f9291,2.2737367544323206e-13,0.0,2.2737367544323206e-13,True,True
9292,f9292,6.355287432313019e-14,2.842170943040401e-14,5.684341886080802e-14,True,True
9293,f9293,6.355287432313019e-14,2.842170943040401e-14,5.684341886080802e-14,True,True
9294,f9294,8.038873388460929e-14,2.842170943040401e-14,5.684341886080802e-14,True,True
9295,f9295,8.038873388460929e-14,5.684341886080802e-14,5.684341886080802e-14,True,True
9296,f9296,5.684341886080802e-14,3.1776437161565096e-14,5.684341886080802e-14,True,True
9297,f9297,1.1457157353758233e-13,5.684341886080802e-14,1.1368683772161603e-13,True,True
9298,f9298,5.684341886080802e-14,0.0,5.684341886080802e-14,True,True
9299,f9299,5.684341886080802e-14,5.684341886080802e-14,5.684341886080802e-14,True,True
9300,f9300,8.038873388460929e-14,0.0,5.684341886080802e-14,True,True
9301,f9301,6.355287432313019e-14,2.842170943040401e-14,5.684341886080802e-14,True,True
9302,f9302,1.1368683772161603e-13,1.1368683772161603e-13,5.684341886080802e-14,True,True
9303,f9303,1.1368683772161603e-13,5.684341886080802e-14,1.1368683772161603e-13,True,True
9304,f9304,7.105427357601002e-14,5.859285502108464e-14,5.684341886080802e-14,True,True
9305,f9305,6.355287432313019e-14,0.0,5.684341886080802e-14,True,True
9306,f9306,5.684341886080802e-14,0.0,5.684341886080802e-14,True,True
9307,f9307,6.355287432313019e-14,1.4210854715202004e-14,5.684341886080802e-14,True,True
9308,f9308,1.1368683772161603e-13,5.684341886080802e-14,1.1368683772161603e-13,True,True
9309,f9309,5.859285502108464e-14,3.1776437161565096e-14,5.684341886080802e-14,True,True
9310,f9310,4.0194366942304644e-14,0.0,2.842170943040401e-14,True,True
9311,f9311,1.2710574864626038e-13,0.0,1.1368683772161603e-13,True,True
9312,f9312,1.1368683772161603e-13,2.842170943040401e-14,1.1368683772161603e-13,True,True
9313,f9313,1.2710574864626038e-13,2.842170943040401e-14,1.1368683772161603e-13,True,True
9314,f9314,5.859285502108464e-14,0.0,5.684341886080802e-14,True,True
9315,f9315,8.038873388460929e-14,0.0,5.684341886080802e-14,True,True
9316,f9316,6.355287432313019e-14,2.842170943040401e-14,5.684341886080802e-14,True,True
9317,f9317,6.355287432313019e-14,1.4210854715202004e-14,5.684341886080802e-14,True,True
9318,f9318,5.684341886080802e-14,0.0,5.684341886080802e-14,True,True
9319,f9319,1.1368683772161603e-13,1.1368683772161603e-13,1.1368683772161603e-13,True,True
9320,f9320,1.2710574864626038e-13,0.0,1.1368683772161603e-13,True,True
9321,f9321,1.1368683772161603e-13,0.0,1.1368683772161603e-13,True,True
9322,f9322,8.038873388460929e-14,0.0,5.684341886080802e-14,True,True
9323,f9323,1.1368683772161603e-13,0.0,1.1368683772161603e-13,True,True
9324,f9324,1.6077746776921858e-13,1.6077746776921858e-13,1.1368683772161603e-13,True,True
9325,f9325,1.1368683772161603e-13,5.684341886080802e-14,1.1368683772161603e-13,True,True
9326,f9326,5.859285502108464e-14,5.859285502108464e-14,3.552713678800501e-14,True,True
9327,f9327,5.684341886080802e-14,0.0,5.684341886080802e-14,True,True
9328,f9328,8.038873388460929e-14,0.0,5.684341886080802e-14,True,True
9329,f9329,8.038873388460929e-14,8.038873388460929e-14,5.684341886080802e-14,True,True
9330,f9330,1.2710574864626038e-13,5.684341886080802e-14,1.1368683772161603e-13,True,True
9331,f9331,8.038873388460929e-14,5.684341886080802e-14,5.684341886080802e-14,True,True
9332,f9332,4.547473508864641e-13,1.1368683772161603e-13,4.547473508864641e-13,True,True
9333,f9333,6.355287432313019e-14,0.0,5.684341886080802e-14,True,True
9334,f9334,8.038873388460929e-14,8.038873388460929e-14,5.684341886080802e-14,True,True
9335,f9335,5.684341886080802e-14,0.0,5.684341886080802e-14,True,True
9336,f9336,6.355287432313019e-14,1.4210854715202004e-14,5.684341886080802e-14,True,True
9337,f9337,8.038873388460929e-14,5.684341886080802e-14,5.684341886080802e-14,True,True
9338,f9338,8.038873388460929e-14,5.684341886080802e-14,5.684341886080802e-14,True,True
9339,f9339,1.1718571004216928e-13,5.684341886080802e-14,1.1368683772161603e-13,True,True
9340,f9340,1.2710574864626038e-13,0.0,1.1368683772161603e-13,True,True
9341,f9341,1.797546735911271e-13,0.0,1.7053025658242404e-13,True,True
9342,f9342,8.038873388460929e-14,5.684341886080802e-14,5.684341886080802e-14,True,True
9343,f9343,1.1368683772161603e-13,2.842170943040401e-14,1.1368683772161603e-13,True,True
9344,f9344,5.684341886080802e-14,5.684341886080802e-14,5.684341886080802e-14,True,True
9345,f9345,5.728578676879116e-14,5.728578676879116e-14,2.842170943040401e-14,True,True
9346,f9346,6.355287432313019e-14,5.684341886080802e-14,5.684341886080802e-14,True,True
9347,f9347,8.038873388460929e-14,5.684341886080802e-14,5.684341886080802e-14,True,True
9348,f9348,6.355287432313019e-14,2.842170943040401e-14,5.684341886080802e-14,True,True
9349,f9349,1.1368683772161603e-13,2.842170943040401e-14,1.1368683772161603e-13,True,True
9350,f9350,8.038873388460929e-14,0.0,5.684341886080802e-14,True,True
9351,f9351,5.684341886080802e-14,5.684341886080802e-14,2.842170943040401e-14,True,True
9352,f9352,6.355287432313019e-14,2.842170943040401e-14,5.684341886080802e-14,True,True
9353,f9353,1.2710574864626038e-13,5.684341886080802e-14,1.1368683772161603e-13,True,True
9354,f9354,6.355287432313019e-14,6.355287432313019e-14,5.684341886080802e-14,True,True
9355,f9355,6.355287432313019e-14,5.684341886080802e-14,5.684341886080802e-14,True,True
9356,f9356,8.038873388460929e-14,5.684341886080802e-14,5.684341886080802e-14,True,True
9357,f9357,8.038873388460929e-14,8.038873388460929e-14,5.684341886080802e-14,True,True
9358,f9358,6.355287432313019e-14,6.355287432313019e-14,5.684341886080802e-14,True,True
9359,f9359,1.1368683772161603e-13,1.1368683772161603e-13,1.1368683772161603e-13,True,True
9360,f9360,1.1368683772161603e-13,5.684341886080802e-14,1.1368683772161603e-13,True,True
9361,f9361,6.355287432313019e-14,3.1776437161565096e-14,5.684341886080802e-14,True,True
9362,f9362,1.1368683772161603e-13,1.4210854715202004e-14,1.1368683772161603e-13,True,True
9363,f9363,2.842170943040401e-14,2.842170943040401e-14,2.842170943040401e-14,True,True
9364,f9364,5.859285502108464e-14,0.0,5.684341886080802e-14,True,True
9365,f9365,5.684341886080802e-14,0.0,5.684341886080802e-14,True,True
9366,f9366,2.2737367544323206e-13,1.1368683772161603e-13,2.2737367544323206e-13,True,True
9367,f9367,6.355287432313019e-14,2.842170943040401e-14,5.684341886080802e-14,True,True
9368,f9368,6.355287432313019e-14,6.355287432313019e-14,5.684341886080802e-14,True,True
9369,f9369,6.355287432313019e-14,0.0,5.684341886080802e-14,True,True
9370,f9370,6.521915363565902e-14,6.521915363565902e-14,5.684341886080802e-14,True,True
9371,f9371,6.355287432313019e-14,2.842170943040401e-14,5.684341886080802e-14,True,True
9372,f9372,1.1368683772161603e-13,0.0,1.1368683772161603e-13,True,True
9373,f9373,5.684341886080802e-14,0.0,5.684341886080802e-14,True,True
9374,f9374,8.038873388460929e-14,8.038873388460929e-14,5.684341886080802e-14,True,True
9375,f9375,1.1368683772161603e-13,0.0,1.1368683772161603e-13,True,True
9376,f9376,6.07087979554246e-14,6.040266291023252e-14,5.684341886080802e-14,True,True
9377,f9377,5.684341886080802e-14,0.0,5.684341886080802e-14,True,True
9378,f9378,4.9769702052493514e-14,0.0,4.263256414560601e-14,True,True
9379,f9379,8.038873388460929e-14,0.0,5.684341886080802e-14,True,True
9380,f9380,1.1368683772161603e-13,1.1368683772161603e-13,1.1368683772161603e-13,True,True
9381,f9381,1.1368683772161603e-13,5.684341886080802e-14,1.1368683772161603e-13,True,True
9382,f9382,5.684341886080802e-14,2.842170943040401e-14,5.684341886080802e-14,True,True
9383,f9383,5.783398860650275e-14,0.0,5.684341886080802e-14,True,True
9384,f9384,1.2710574864626038e-13,2.842170943040401e-14,1.1368683772161603e-13,True,True
9385,f9385,6.355287432313019e-14,0.0,5.684341886080802e-14,True,True
9386,f9386,1.1368683772161603e-13,0.0,1.1368683772161603e-13,True,True
9387,f9387,5.684341886080802e-14,0.0,5.684341886080802e-14,True,True
9388,f9388,5.684341886080802e-14,0.0,5.684341886080802e-14,True,True
9389,f9389,8.038873388460929e-14,0.0,5.684341886080802e-14,True,True
9390,f9390,1.2710574864626038e-13,2.842170943040401e-14,1.1368683772161603e-13,True,True
9391,f9391,1.1368683772161603e-13,1.1368683772161603e-13,1.1368683772161603e-13,True,True
9392,f9392,1.6077746776921858e-13,0.0,1.1368683772161603e-13,True,True
9393,f9393,1.1368683772161603e-13,0.0,1.1368683772161603e-13,True,True
9394,f9394,8.038873388460929e-14,0.0,5.684341886080802e-14,True,True
9395,f9395,1.1368683772161603e-13,8.038873388460929e-14,1.1368683772161603e-13,True,True
9396,f9396,1.2710574864626038e-13,5.684341886080802e-14,1.1368683772161603e-13,True,True
9397,f9397,1.1457157353758233e-13,8.038873388460929e-14,1.1368683772161603e-13,True,True
9398,f9398,3.552713678800501e-14,1.0048591735576161e-14,3.552713678800501e-14,True,True
9399,f9399,1.2710574864626038e-13,5.684341886080802e-14,1.1368683772161603e-13,True,True
9400,f9400,5.859285502108464e-14,2.842170943040401e-14,5.684341886080802e-14,True,True
9401,f9401,1.214175959108492e-13,5.859285502108464e-14,1.1368683772161603e-13,True,True
9402,f9402,4.547473508864641e-13,0.0,4.547473508864641e-13,True,True
9403,f9403,8.038873388460929e-14,6.355287432313019e-14,5.684341886080802e-14,True,True
9404,f9404,8.038873388460929e-14,8.038873388460929e-14,5.684341886080802e-14,True,True
9405,f9405,1.2710574864626038e-13,1.2710574864626038e-13,1.1368683772161603e-13,True,True
9406,f9406,4.0194366942304644e-14,4.0194366942304644e-14,2.842170943040401e-14,True,True
9407,f9407,8.038873388460929e-14,0.0,5.684341886080802e-14,True,True
9408,f9408,1.1368683772161603e-13,0.0,1.1368683772161603e-13,True,True
9409,f9409,6.974463102504066e-14,6.355287432313019e-14,5.684341886080802e-14,True,True
9410,f9410,5.123796534383003e-14,1.4210854715202004e-14,4.263256414560601e-14,True,True
9411,f9411,4.547473508864641e-13,2.842170943040401e-14,4.547473508864641e-13,True,True
9412,f9412,1.1368683772161603e-13,5.684341886080802e-14,1.1368683772161603e-13,True,True
9413,f9413,5.684341886080802e-14,2.842170943040401e-14,5.684341886080802e-14,True,True
9414,f9414,6.355287432313019e-14,0.0,5.684341886080802e-14,True,True
9415,f9415,1.2710574864626038e-13,0.0,1.1368683772161603e-13,True,True
9416,f9416,5.685035733124713e-14,7.105427357601002e-15,5.684341886080802e-14,True,True
9417,f9417,6.355287432313019e-14,0.0,5.684341886080802e-14,True,True
9418,f9418,1.1718571004216928e-13,1.1718571004216928e-13,1.1368683772161603e-13,True,True
9419,f9419,1.2710574864626038e-13,1.1368683772161603e-13,1.1368683772161603e-13,True,True
9420,f9420,1.2710574864626038e-13,5.684341886080802e-14,1.1368683772161603e-13,True,True
9421,f9421,6.355287432313019e-14,0.0,5.684341886080802e-14,True,True
9422,f9422,1.6077746776921858e-13,0.0,1.1368683772161603e-13,True,True
9423,f9423,1.1368683772161603e-13,0.0,1.1368683772161603e-13,True,True
9424,f9424,1.1368683772161603e-13,0.0,1.1368683772161603e-13,True,True
9425,f9425,8.038873388460929e-14,8.038873388460929e-14,5.684341886080802e-14,True,True
9426,f9426,1.8189894035458565e-12,5.684341886080802e-14,1.8189894035458565e-12,True,True
9427,f9427,6.07087979554246e-14,2.842170943040401e-14,5.684341886080802e-14,True,True
9428,f9428,1.1368683772161603e-13,0.0,1.1368683772161603e-13,True,True
9429,f9429,5.728578676879116e-14,1.4210854715202004e-14,5.684341886080802e-14,True,True
9430,f9430,4.0194366942304644e-14,4.0194366942304644e-14,2.842170943040401e-14,True,True
9431,f9431,6.355287432313019e-14,6.355287432313019e-14,2.842170943040401e-14,True,True
9432,f9432,8.038873388460929e-14,5.684341886080802e-14,5.684341886080802e-14,True,True
9433,f9433,1.1718571004216928e-13,5.684341886080802e-14,1.1368683772161603e-13,True,True
9434,f9434,5.684341886080802e-14,7.105427357601002e-15,5.684341886080802e-14,True,True
9435,f9435,1.1718571004216928e-13,2.842170943040401e-14,1.1368683772161603e-13,True,True
9436,f9436,1.2710574864626038e-13,0.0,1.1368683772161603e-13,True,True
9437,f9437,6.355287432313019e-14,2.1316282072803006e-14,5.684341886080802e-14,True,True
9438,f9438,1.1718571004216928e-13,1.1718571004216928e-13,5.684341886080802e-14,True,True
9439,f9439,6.355287432313019e-14,0.0,5.684341886080802e-14,True,True
9440,f9440,8.038873388460929e-14,8.038873388460929e-14,5.684341886080802e-14,True,True
9441,f9441,5.684341886080802e-14,2.842170943040401e-14,5.684341886080802e-14,True,True
9442,f9442,5.684341886080802e-14,0.0,5.684341886080802e-14,True,True
9443,f9443,5.684341886080802e-14,5.684341886080802e-14,5.684341886080802e-14,True,True
9444,f9444,1.1718571004216928e-13,0.0,1.1368683772161603e-13,True,True
9445,f9445,1.1368683772161603e-13,1.1368683772161603e-13,5.684341886080802e-14,True,True
9446,f9446,6.355287432313019e-14,0.0,5.684341886080802e-14,True,True
9447,f9447,5.684341886080802e-14,5.684341886080802e-14,5.684341886080802e-14,True,True
9448,f9448,5.684341886080802e-14,0.0,5.684341886080802e-14,True,True
9449,f9449,4.0194366942304644e-14,1.4210854715202004e-14,3.552713678800501e-14,True,True
9450,f9450,6.355287432313019e-14,4.0194366942304644e-14,5.684341886080802e-14,True,True
9451,f9451,1.6077746776921858e-13,2.842170943040401e-14,1.1368683772161603e-13,True,True
9452,f9452,5.684341886080802e-14,5.684341886080802e-14,5.684341886080802e-14,True,True
9453,f9453,6.355287432313019e-14,5.684341886080802e-14,5.684341886080802e-14,True,True
9454,f9454,5.684341886080802e-14,5.684341886080802e-14,5.684341886080802e-14,True,True
9455,f9455,6.355287432313019e-14,6.355287432313019e-14,5.684341886080802e-14,True,True
9456,f9456,8.038873388460929e-14,0.0,5.684341886080802e-14,True,True
9457,f9457,5.684341886080802e-14,4.0194366942304644e-14,5.684341886080802e-14,True,True
9458,f9458,1.1718571004216928e-13,0.0,1.1368683772161603e-13,True,True
9459,f9459,8.543149943144392e-14,2.842170943040401e-14,8.526512829121202e-14,True,True
9460,f9460,6.394884621840902e-14,0.0,6.394884621840902e-14,True,True
9461,f9461,1.1368683772161603e-13,1.4210854715202004e-14,1.1368683772161603e-13,True,True
9462,f9462,5.859285502108464e-14,2.842170943040401e-14,5.684341886080802e-14,True,True
9463,f9463,1.2710574864626038e-13,5.684341886080802e-14,1.1368683772161603e-13,True,True
9464,f9464,5.684341886080802e-14,2.842170943040401e-14,5.684341886080802e-14,True,True
9465,f9465,1.2710574864626038e-13,1.1368683772161603e-13,1.1368683772161603e-13,True,True
9466,f9466,1.1718571004216928e-13,5.684341886080802e-14,1.1368683772161603e-13,True,True
9467,f9467,1.2710574864626038e-13,1.1718571004216928e-13,1.1368683772161603e-13,True,True
9468,f9468,5.684341886080802e-14,5.684341886080802e-14,5.684341886080802e-14,True,True
9469,f9469,6.355287432313019e-14,0.0,5.684341886080802e-14,True,True
9470,f9470,2.842170943040401e-14,0.0,2.842170943040401e-14,True,True
9471,f9471,1.2710574864626038e-13,5.684341886080802e-14,1.1368683772161603e-13,True,True
9472,f9472,1.1718571004216928e-13,0.0,1.1368683772161603e-13,True,True
9473,f9473,4.0194366942304644e-14,4.0194366942304644e-14,2.842170943040401e-14,True,True
9474,f9474,5.684341886080802e-14,0.0,5.684341886080802e-14,True,True
9475,f9475,6.355287432313019e-14,0.0,5.684341886080802e-14,True,True
9476,f9476,5.684341886080802e-14,0.0,5.684341886080802e-14,True,True
9477,f9477,5.684341886080802e-14,0.0,5.684341886080802e-14,True,True
9478,f9478,4.0194366942304644e-14,2.842170943040401e-14,2.842170943040401e-14,True,True
9479,f9479,1.1718571004216928e-13,5.684341886080802e-14,1.1368683772161603e-13,True,True
9480,f9480,8.038873388460929e-14,0.0,5.684341886080802e-14,True,True
9481,f9481,1.1368683772161603e-13,5.684341886080802e-14,1.1368683772161603e-13,True,True
9482,f9482,6.355287432313019e-14,2.842170943040401e-14,5.684341886080802e-14,True,True
9483,f9483,8.038873388460929e-14,5.684341886080802e-14,5.684341886080802e-14,True,True
9484,f9484,1.9895196601282805e-13,1.4210854715202004e-14,1.9895196601282805e-13,True,True
9485,f9485,5.684341886080802e-14,0.0,5.684341886080802e-14,True,True
9486,f9486,3.1776437161565096e-14,3.1776437161565096e-14,2.842170943040401e-14,True,True
9487,f9487,8.038873388460929e-14,6.355287432313019e-14,5.684341886080802e-14,True,True
9488,f9488,1.2710574864626038e-13,6.355287432313019e-14,1.1368683772161603e-13,True,True
9489,f9489,8.038873388460929e-14,5.684341886080802e-14,5.684341886080802e-14,True,True
9490,f9490,8.038873388460929e-14,2.842170943040401e-14,5.684341886080802e-14,True,True
9491,f9491,1.1368683772161603e-13,0.0,1.1368683772161603e-13,True,True
9492,f9492,1.1368683772161603e-13,0.0,1.1368683772161603e-13,True,True
9493,f9493,1.1718571004216928e-13,2.842170943040401e-14,1.1368683772161603e-13,True,True
9494,f9494,5.684341886080802e-14,0.0,5.684341886080802e-14,True,True
9495,f9495,1.2710574864626038e-13,2.842170943040401e-14,1.1368683772161603e-13,True,True
9496,f9496,1.1368683772161603e-13,1.1368683772161603e-13,1.1368683772161603e-13,True,True
9497,f9497,8.038873388460929e-14,0.0,5.684341886080802e-14,True,True
9498,f9498,1.1368683772161603e-13,2.842170943040401e-14,1.1368683772161603e-13,True,True
9499,f9499,8.038873388460929e-14,5.684341886080802e-14,5.684341886080802e-14,True,True
9500,f9500,6.355287432313019e-14,0.0,5.684341886080802e-14,True,True
9501,f9501,1.1368683772161603e-13,5.684341886080802e-14,1.1368683772161603e-13,True,True
9502,f9502,6.355287432313019e-14,0.0,5.684341886080802e-14,True,True
9503,f9503,1.1368683772161603e-13,1.4210854715202004e-14,1.1368683772161603e-13,True,True
9504,f9504,1.1368683772161603e-13,0.0,1.1368683772161603e-13,True,True
9505,f9505,1.2710574864626038e-13,0.0,1.1368683772161603e-13,True,True
9506,f9506,5.684341886080802e-14,2.842170943040401e-14,5.684341886080802e-14,True,True
9507,f9507,6.355287432313019e-14,6.355287432313019e-14,5.684341886080802e-14,True,True
9508,f9508,1.1718571004216928e-13,0.0,1.1368683772161603e-13,True,True
9509,f9509,1.1368683772161603e-13,0.0,1.1368683772161603e-13,True,True
9510,f9510,1.2710574864626038e-13,0.0,1.1368683772161603e-13,True,True
9511,f9511,2.2737367544323206e-13,0.0,2.2737367544323206e-13,True,True
9512,f9512,5.123796534383003e-14,5.123796534383003e-14,2.842170943040401e-14,True,True
9513,f9513,1.1368683772161603e-13,5.684341886080802e-14,1.1368683772161603e-13,True,True
9514,f9514,1.2710574864626038e-13,5.684341886080802e-14,1.1368683772161603e-13,True,True
9515,f9515,5.684341886080802e-14,0.0,5.684341886080802e-14,True,True
9516,f9516,6.703246762680666e-14,2.4868995751603507e-14,5.684341886080802e-14,True,True
9517,f9517,1.1457157353758233e-13,2.842170943040401e-14,1.1368683772161603e-13,True,True
9518,f9518,6.355287432313019e-14,0.0,5.684341886080802e-14,True,True
9519,f9519,6.355287432313019e-14,2.842170943040401e-14,5.684341886080802e-14,True,True
9520,f9520,1.2710574864626038e-13,0.0,1.1368683772161603e-13,True,True
9521,f9521,6.355287432313019e-14,5.859285502108464e-14,5.684341886080802e-14,True,True
9522,f9522,5.684341886080802e-14,5.684341886080802e-14,5.684341886080802e-14,True,True
9523,f9523,1.2710574864626038e-13,0.0,1.1368683772161603e-13,True,True
9524,f9524,8.038873388460929e-14,0.0,5.684341886080802e-14,True,True
9525,f9525,1.1368683772161603e-13,2.842170943040401e-14,1.1368683772161603e-13,True,True
9526,f9526,6.703246762680666e-14,6.703246762680666e-14,4.263256414560601e-14,True,True
9527,f9527,6.355287432313019e-14,0.0,5.684341886080802e-14,True,True
9528,f9528,6.07087979554246e-14,5.684341886080802e-14,5.684341886080802e-14,True,True
9529,f9529,1.2710574864626038e-13,5.684341886080802e-14,1.1368683772161603e-13,True,True
9530,f9530,1.1368683772161603e-13,2.842170943040401e-14,1.1368683772161603e-13,True,True
9531,f9531,6.01080938469374e-14,0.0,5.684341886080802e-14,True,True
9532,f9532,6.703246762680666e-14,6.703246762680666e-14,5.684341886080802e-14,True,True
9533,f9533,5.684341886080802e-14,2.842170943040401e-14,5.684341886080802e-14,True,True
9534,f9534,5.684341886080802e-14,5.684341886080802e-14,5.684341886080802e-14,True,True
9535,f9535,5.684341886080802e-14,0.0,5.684341886080802e-14,True,True
9536,f9536,1.2710574864626038e-13,5.684341886080802e-14,1.1368683772161603e-13,True,True
9537,f9537,6.355287432313019e-14,1.4210854715202004e-14,5.684341886080802e-14,True,True
9538,f9538,6.355287432313019e-14,5.684341886080802e-14,5.684341886080802e-14,True,True
9539,f9539,1.1368683772161603e-13,0.0,1.1368683772161603e-13,True,True
9540,f9540,1.2710574864626038e-13,5.684341886080802e-14,1.1368683772161603e-13,True,True
9541,f9541,1.1368683772161603e-13,1.1368683772161603e-13,5.684341886080802e-14,True,True
9542,f9542,5.684341886080802e-14,5.684341886080802e-14,5.684341886080802e-14,True,True
9543,f9543,5.684341886080802e-14,0.0,5.684341886080802e-14,True,True
9544,f9544,6.355287432313019e-14,1.4210854715202004e-14,5.684341886080802e-14,True,True
9545,f9545,1.139086659085919e-13,1.139086659085919e-13,1.1368683772161603e-13,True,True
9546,f9546,2.5421149729252077e-13,1.1368683772161603e-13,2.2737367544323206e-13,True,True
9547,f9547,5.684341886080802e-14,5.684341886080802e-14,5.684341886080802e-14,True,True
9548,f9548,6.355287432313019e-14,5.684341886080802e-14,5.684341886080802e-14,True,True
9549,f9549,5.859285502108464e-14,2.842170943040401e-14,5.684341886080802e-14,True,True
9550,f9550,6.355287432313019e-14,2.842170943040401e-14,5.684341886080802e-14,True,True
9551,f9551,1.1368683772161603e-13,2.842170943040401e-14,1.1368683772161603e-13,True,True
9552,f9552,1.2710574864626038e-13,6.355287432313019e-14,1.1368683772161603e-13,True,True
9553,f9553,6.355287432313019e-14,6.355287432313019e-14,5.684341886080802e-14,True,True
9554,f9554,1.1368683772161603e-13,0.0,1.1368683772161603e-13,True,True
9555,f9555,1.2710574864626038e-13,5.684341886080802e-14,1.1368683772161603e-13,True,True
9556,f9556,6.355287432313019e-14,0.0,5.684341886080802e-14,True,True
9557,f9557,6.355287432313019e-14,4.0194366942304644e-14,5.684341886080802e-14,True,True
9558,f9558,5.684341886080802e-14,2.842170943040401e-14,5.684341886080802e-14,True,True
9559,f9559,5.684341886080802e-14,0.0,5.684341886080802e-14,True,True
9560,f9560,1.1368683772161603e-13,2.842170943040401e-14,1.1368683772161603e-13,True,True
9561,f9561,6.07087979554246e-14,1.4210854715202004e-14,5.684341886080802e-14,True,True
9562,f9562,5.728578676879116e-14,1.4210854715202004e-14,5.684341886080802e-14,True,True
9563,f9563,1.2710574864626038e-13,1.2710574864626038e-13,1.1368683772161603e-13,True,True
9564,f9564,5.728578676879116e-14,0.0,5.684341886080802e-14,True,True
9565,f9565,1.2710574864626038e-13,0.0,1.1368683772161603e-13,True,True
9566,f9566,2.2914314707516465e-13,6.355287432313019e-14,2.2737367544323206e-13,True,True
9567,f9567,6.355287432313019e-14,2.842170943040401e-14,5.684341886080802e-14,True,True
9568,f9568,6.355287432313019e-14,6.355287432313019e-14,5.684341886080802e-14,True,True
9569,f9569,5.684341886080802e-14,0.0,5.684341886080802e-14,True,True
9570,f9570,1.1457157353758233e-13,0.0,1.1368683772161603e-13,True,True
9571,f9571,2.2737367544323206e-13,1.1368683772161603e-13,2.2737367544323206e-13,True,True
9572,f9572,8.82475770564939e-14,1.554312234475219e-14,6.750155989720952e-14,True,True
9573,f9573,5.684341886080802e-14,0.0,5.684341886080802e-14,True,True
9574,f9574,6.355287432313019e-14,6.217248937900877e-15,5.684341886080802e-14,True,True
9575,f9575,4.263256414560601e-14,0.0,4.263256414560601e-14,True,True
9576,f9576,1.1403325463066973e-13,2.1316282072803006e-14,1.1368683772161603e-13,True,True
9577,f9577,1.2710574864626038e-13,1.1368683772161603e-13,1.1368683772161603e-13,True,True
9578,f9578,1.1368683772161603e-13,5.684341886080802e-14,1.1368683772161603e-13,True,True
9579,f9579,6.355287432313019e-14,0.0,5.684341886080802e-14,True,True
9580,f9580,1.1718571004216928e-13,1.1368683772161603e-13,1.1368683772161603e-13,True,True
9581,f9581,1.2710574864626038e-13,0.0,1.1368683772161603e-13,True,True
9582,f9582,5.859285502108464e-14,0.0,5.684341886080802e-14,True,True
9583,f9583,6.355287432313019e-14,0.0,5.684341886080802e-14,True,True
9584,f9584,1.2710574864626038e-13,5.684341886080802e-14,1.1368683772161603e-13,True,True
9585,f9585,8.038873388460929e-14,6.355287432313019e-14,5.684341886080802e-14,True,True
9586,f9586,1.136946437092698e-13,2.842170943040401e-14,1.1368683772161603e-13,True,True
9587,f9587,8.038873388460929e-14,0.0,5.684341886080802e-14,True,True
9588,f9588,1.1368683772161603e-13,5.684341886080802e-14,1.1368683772161603e-13,True,True
9589,f9589,1.1368683772161603e-13,5.684341886080802e-14,1.1368683772161603e-13,True,True
9590,f9590,5.684341886080802e-14,0.0,5.684341886080802e-14,True,True
9591,f9591,5.859285502108464e-14,2.842170943040401e-14,5.684341886080802e-14,True,True
9592,f9592,8.038873388460929e-14,0.0,5.684341886080802e-14,True,True
9593,f9593,1.1368683772161603e-13,5.684341886080802e-14,1.1368683772161603e-13,True,True
9594,f9594,8.038873388460929e-14,0.0,5.684341886080802e-14,True,True
9595,f9595,5.859285502108464e-14,5.687116766346677e-14,5.684341886080802e-14,True,True
9596,f9596,6.355287432313019e-14,2.842170943040401e-14,5.684341886080802e-14,True,True
9597,f9597,1.2710574864626038e-13,1.2710574864626038e-13,5.684341886080802e-14,True,True
9598,f9598,6.478833904863593e-14,5.684341886080802e-14,5.684341886080802e-14,True,True
9599,f9599,6.355287432313019e-14,5.684341886080802e-14,5.684341886080802e-14,True,True
9600,f9600,1.1368683772161603e-13,5.684341886080802e-14,1.1368683772161603e-13,True,True
9601,f9601,6.355287432313019e-14,0.0,5.684341886080802e-14,True,True
9602,f9602,5.684341886080802e-14,5.684341886080802e-14,5.684341886080802e-14,True,True
9603,f9603,6.355287432313019e-14,0.0,5.684341886080802e-14,True,True
9604,f9604,1.1368683772161603e-13,0.0,1.1368683772161603e-13,True,True
9605,f9605,4.7664655742347644e-14,2.2469334198890888e-14,4.440892098500626e-14,True,True
9606,f9606,5.684341886080802e-14,5.684341886080802e-14,5.684341886080802e-14,True,True
9607,f9607,1.1368683772161603e-13,1.1368683772161603e-13,1.1368683772161603e-13,True,True
9608,f9608,8.038873388460929e-14,2.842170943040401e-14,5.684341886080802e-14,True,True
9609,f9609,5.859285502108464e-14,0.0,5.684341886080802e-14,True,True
9610,f9610,8.038873388460929e-14,5.684341886080802e-14,5.684341886080802e-14,True,True
9611,f9611,8.038873388460929e-14,0.0,5.684341886080802e-14,True,True
9612,f9612,1.1377354083340986e-13,1.0658141036401503e-14,1.1368683772161603e-13,True,True
9613,f9613,1.2710574864626038e-13,5.684341886080802e-14,1.1368683772161603e-13,True,True
9614,f9614,5.684341886080802e-14,0.0,5.684341886080802e-14,True,True
9615,f9615,5.859285502108464e-14,2.842170943040401e-14,5.684341886080802e-14,True,True
9616,f9616,5.955433342649105e-14,2.1316282072803006e-14,5.684341886080802e-14,True,True
9617,f9617,1.2710574864626038e-13,2.842170943040401e-14,1.1368683772161603e-13,True,True
9618,f9618,1.2710574864626038e-13,1.1368683772161603e-13,1.1368683772161603e-13,True,True
9619,f9619,6.355287432313019e-14,2.842170943040401e-14,5.684341886080802e-14,True,True
9620,f9620,1.2789769243681803e-13,0.0,1.2789769243681803e-13,True,True
9621,f9621,1.1368683772161603e-13,8.038873388460929e-14,1.1368683772161603e-13,True,True
9622,f9622,8.038873388460929e-14,5.684341886080802e-14,5.684341886080802e-14,True,True
9623,f9623,5.684341886080802e-14,0.0,5.684341886080802e-14,True,True
9624,f9624,6.355287432313019e-14,5.684341886080802e-14,5.684341886080802e-14,True,True
9625,f9625,6.355287432313019e-14,0.0,5.684341886080802e-14,True,True
9626,f9626,6.355287432313019e-14,5.684341886080802e-14,5.684341886080802e-14,True,True
9627,f9627,1.2710574864626038e-13,0.0,1.1368683772161603e-13,True,True
9628,f9628,8.038873388460929e-14,0.0,5.684341886080802e-14,True,True
9629,f9629,1.2710574864626038e-13,2.842170943040401e-14,1.1368683772161603e-13,True,True
9630,f9630,1.1368683772161603e-13,0.0,1.1368683772161603e-13,True,True
9631,f9631,1.1368683772161603e-13,0.0,1.1368683772161603e-13,True,True
9632,f9632,1.1368683772161603e-13,1.0658141036401503e-14,1.1368683772161603e-13,True,True
9633,f9633,8.038873388460929e-14,0.0,5.684341886080802e-14,True,True
9634,f9634,2.2737367544323206e-13,1.1368683772161603e-13,2.2737367544323206e-13,True,True
9635,f9635,6.355287432313019e-14,2.842170943040401e-14,5.684341886080802e-14,True,True
9636,f9636,1.1718571004216928e-13,0.0,1.1368683772161603e-13,True,True
9637,f9637,5.684341886080802e-14,0.0,5.684341886080802e-14,True,True
9638,f9638,8.038873388460929e-14,5.684341886080802e-14,5.684341886080802e-14,True,True
9639,f9639,5.684341886080802e-14,0.0,5.684341886080802e-14,True,True
9640,f9640,1.1368683772161603e-13,0.0,1.1368683772161603e-13,True,True
9641,f9641,4.547473508864641e-13,1.1368683772161603e-13,4.547473508864641e-13,True,True
9642,f9642,5.684341886080802e-14,5.684341886080802e-14,5.684341886080802e-14,True,True
9643,f9643,1.1368683772161603e-13,1.1368683772161603e-13,1.1368683772161603e-13,True,True
9644,f9644,2.842170943040401e-14,0.0,2.842170943040401e-14,True,True
9645,f9645,1.1368683772161603e-13,0.0,1.1368683772161603e-13,True,True
9646,f9646,8.038873388460929e-14,0.0,5.684341886080802e-14,True,True
9647,f9647,1.6077746776921858e-13,0.0,1.1368683772161603e-13,True,True
9648,f9648,5.859285502108464e-14,1.4210854715202004e-14,5.684341886080802e-14,True,True
9649,f9649,6.478833904863593e-14,3.552713678800501e-15,5.684341886080802e-14,True,True
9650,f9650,5.859285502108464e-14,5.684341886080802e-14,5.684341886080802e-14,True,True
9651,f9651,1.1457157353758233e-13,1.4210854715202004e-14,1.1368683772161603e-13,True,True
9652,f9652,1.1368683772161603e-13,0.0,1.1368683772161603e-13,True,True
9653,f9653,6.355287432313019e-14,2.842170943040401e-14,5.684341886080802e-14,True,True
9654,f9654,6.07087979554246e-14,1.7763568394002505e-14,5.684341886080802e-14,True,True
9655,f9655,1.1368683772161603e-13,1.1368683772161603e-13,1.1368683772161603e-13,True,True
9656,f9656,5.684341886080802e-14,0.0,5.684341886080802e-14,True,True
9657,f9657,1.1368683772161603e-13,1.1368683772161603e-13,1.1368683772161603e-13,True,True
9658,f9658,5.684341886080802e-14,0.0,5.684341886080802e-14,True,True
9659,f9659,6.355287432313019e-14,0.0,5.684341886080802e-14,True,True
9660,f9660,1.1368683772161603e-13,5.684341886080802e-14,1.1368683772161603e-13,True,True
9661,f9661,4.0194366942304644e-14,0.0,2.842170943040401e-14,True,True
9662,f9662,8.038873388460929e-14,0.0,5.684341886080802e-14,True,True
9663,f9663,6.355287432313019e-14,0.0,5.684341886080802e-14,True,True
9664,f9664,6.43668973480993e-14,1.4210854715202004e-14,5.684341886080802e-14,True,True
9665,f9665,1.1368683772161603e-13,1.1368683772161603e-13,1.1368683772161603e-13,True,True
9666,f9666,1.1368683772161603e-13,0.0,1.1368683772161603e-13,True,True
9667,f9667,5.684341886080802e-14,5.684341886080802e-14,5.684341886080802e-14,True,True
9668,f9668,5.684341886080802e-14,0.0,5.684341886080802e-14,True,True
9669,f9669,1.2710574864626038e-13,8.038873388460929e-14,1.1368683772161603e-13,True,True
9670,f9670,6.355287432313019e-14,5.684341886080802e-14,5.684341886080802e-14,True,True
9671,f9671,6.355287432313019e-14,2.842170943040401e-14,5.684341886080802e-14,True,True
9672,f9672,6.355287432313019e-14,0.0,5.684341886080802e-14,True,True
9673,f9673,8.038873388460929e-14,5.684341886080802e-14,5.684341886080802e-14,True,True
9674,f9674,8.038873388460929e-14,5.684341886080802e-14,5.684341886080802e-14,True,True
9675,f9675,8.038873388460929e-14,5.684341886080802e-14,5.684341886080802e-14,True,True
9676,f9676,1.1718571004216928e-13,0.0,1.1368683772161603e-13,True,True
9677,f9677,6.355287432313019e-14,2.842170943040401e-14,5.684341886080802e-14,True,True
9678,f9678,1.2710574864626038e-13,5.684341886080802e-14,1.1368683772161603e-13,True,True
9679,f9679,5.859285502108464e-14,5.684341886080802e-14,5.684341886080802e-14,True,True
9680,f9680,8.038873388460929e-14,5.684341886080802e-14,5.684341886080802e-14,True,True
9681,f9681,1.2710574864626038e-13,0.0,1.1368683772161603e-13,True,True
9682,f9682,6.355287432313019e-14,0.0,5.684341886080802e-14,True,True
9683,f9683,8.038873388460929e-14,0.0,5.684341886080802e-14,True,True
9684,f9684,8.038873388460929e-14,0.0,5.684341886080802e-14,True,True
9685,f9685,6.355287432313019e-14,5.684341886080802e-14,5.684341886080802e-14,True,True
9686,f9686,1.2710574864626038e-13,2.842170943040401e-14,1.1368683772161603e-13,True,True
9687,f9687,4.0194366942304644e-14,0.0,2.842170943040401e-14,True,True
9688,f9688,4.0194366942304644e-14,4.0194366942304644e-14,2.842170943040401e-14,True,True
9689,f9689,8.038873388460929e-14,0.0,5.684341886080802e-14,True,True
9690,f9690,1.1368683772161603e-13,1.1368683772161603e-13,1.1368683772161603e-13,True,True
9691,f9691,4.0194366942304644e-14,2.842170943040401e-14,2.842170943040401e-14,True,True
9692,f9692,5.684341886080802e-14,0.0,5.684341886080802e-14,True,True
9693,f9693,1.2710574864626038e-13,0.0,1.1368683772161603e-13,True,True
9694,f9694,6.355287432313019e-14,6.355287432313019e-14,5.684341886080802e-14,True,True
9695,f9695,5.783398860650275e-14,3.019806626980426e-14,5.684341886080802e-14,True,True
9696,f9696,1.1718571004216928e-13,0.0,1.1368683772161603e-13,True,True
9697,f9697,1.6077746776921858e-13,8.038873388460929e-14,1.1368683772161603e-13,True,True
9698,f9698,5.859285502108464e-14,2.842170943040401e-14,5.684341886080802e-14,True,True
9699,f9699,5.684341886080802e-14,5.684341886080802e-14,5.684341886080802e-14,True,True
9700,f9700,3.1776437161565096e-14,0.0,2.842170943040401e-14,True,True
9701,f9701,1.2710574864626038e-13,0.0,1.1368683772161603e-13,True,True
9702,f9702,8.987733679556355e-14,5.684341886080802e-14,8.526512829121202e-14,True,True
9703,f9703,1.1718571004216928e-13,0.0,1.1368683772161603e-13,True,True
9704,f9704,5.684341886080802e-14,0.0,5.684341886080802e-14,True,True
9705,f9705,5.684341886080802e-14,2.842170943040401e-14,5.684341886080802e-14,True,True
9706,f9706,5.684341886080802e-14,0.0,5.684341886080802e-14,True,True
9707,f9707,5.684341886080802e-14,1.4210854715202004e-14,5.684341886080802e-14,True,True
9708,f9708,6.355287432313019e-14,5.684341886080802e-14,5.684341886080802e-14,True,True
9709,f9709,1.1368683772161603e-13,5.684341886080802e-14,1.1368683772161603e-13,True,True
9710,f9710,1.2710574864626038e-13,5.684341886080802e-14,1.1368683772161603e-13,True,True
9711,f9711,5.684341886080802e-14,5.684341886080802e-14,5.684341886080802e-14,True,True
9712,f9712,6.355287432313019e-14,0.0,5.684341886080802e-14,True,True
9713,f9713,1.1457157353758233e-13,1.4210854715202004e-14,1.1368683772161603e-13,True,True
9714,f9714,8.038873388460929e-14,0.0,5.684341886080802e-14,True,True
9715,f9715,7.32410687763558e-14,1.4210854715202004e-14,5.684341886080802e-14,True,True
9716,f9716,5.684341886080802e-14,5.684341886080802e-14,5.684341886080802e-14,True,True
9717,f9717,5.684341886080802e-14,0.0,5.684341886080802e-14,True,True
9718,f9718,5.684341886080802e-14,5.684341886080802e-14,5.684341886080802e-14,True,True
9719,f9719,6.355287432313019e-14,2.842170943040401e-14,5.684341886080802e-14,True,True
9720,f9720,2.2737367544323206e-13,5.684341886080802e-14,2.2737367544323206e-13,True,True
9721,f9721,5.684341886080802e-14,0.0,5.684341886080802e-14,True,True
9722,f9722,6.355287432313019e-14,6.355287432313019e-14,5.684341886080802e-14,True,True
9723,f9723,1.2710574864626038e-13,0.0,1.1368683772161603e-13,True,True
9724,f9724,6.355287432313019e-14,5.684341886080802e-14,5.684341886080802e-14,True,True
9725,f9725,6.355287432313019e-14,5.684341886080802e-14,5.684341886080802e-14,True,True
9726,f9726,1.2710574864626038e-13,1.2710574864626038e-13,1.1368683772161603e-13,True,True
9727,f9727,5.684341886080802e-14,0.0,5.684341886080802e-14,True,True
9728,f9728,1.1718571004216928e-13,6.355287432313019e-14,1.1368683772161603e-13,True,True
9729,f9729,5.684341886080802e-14,0.0,5.684341886080802e-14,True,True
9730,f9730,5.783398860650275e-14,1.7763568394002505e-15,5.684341886080802e-14,True,True
9731,f9731,1.2710574864626038e-13,5.684341886080802e-14,1.1368683772161603e-13,True,True
9732,f9732,5.859285502108464e-14,3.1776437161565096e-14,5.684341886080802e-14,True,True
9733,f9733,6.355287432313019e-14,1.4210854715202004e-14,5.684341886080802e-14,True,True
9734,f9734,1.2710574864626038e-13,5.684341886080802e-14,1.1368683772161603e-13,True,True
9735,f9735,5.684341886080802e-14,0.0,5.684341886080802e-14,True,True
9736,f9736,6.355287432313019e-14,2.842170943040401e-14,5.684341886080802e-14,True,True
9737,f9737,1.1457157353758233e-13,1.4210854715202004e-14,1.1368683772161603e-13,True,True
9738,f9738,1.1368683772161603e-13,5.684341886080802e-14,1.1368683772161603e-13,True,True
9739,f9739,5.684341886080802e-14,0.0,5.684341886080802e-14,True,True
9740,f9740,8.038873388460929e-14,0.0,5.684341886080802e-14,True,True
9741,f9741,8.038873388460929e-14,0.0,5.684341886080802e-14,True,True
9742,f9742,1.2710574864626038e-13,0.0,1.1368683772161603e-13,True,True
9743,f9743,8.038873388460929e-14,5.684341886080802e-14,5.684341886080802e-14,True,True
9744,f9744,1.1393722952373064e-13,0.0,1.1368683772161603e-13,True,True
9745,f9745,8.038873388460929e-14,0.0,5.684341886080802e-14,True,True
9746,f9746,1.1368683772161603e-13,0.0,1.1368683772161603e-13,True,True
9747,f9747,1.1368683772161603e-13,0.0,1.1368683772161603e-13,True,True
9748,f9748,8.038873388460929e-14,2.842170943040401e-14,5.684341886080802e-14,True,True
9749,f9749,1.2710574864626038e-13,0.0,1.1368683772161603e-13,True,True
9750,f9750,4.0194366942304644e-14,2.842170943040401e-14,2.842170943040401e-14,True,True
9751,f9751,4.5496934130773415e-14,2.842170943040401e-14,4.263256414560601e-14,True,True
9752,f9752,3.2155493553843715e-13,5.684341886080802e-14,2.2737367544323206e-13,True,True
9753,f9753,6.355287432313019e-14,6.355287432313019e-14,5.684341886080802e-14,True,True
9754,f9754,5.859285502108464e-14,5.859285502108464e-14,5.684341886080802e-14,True,True
9755,f9755,1.1368683772161603e-13,0.0,1.1368683772161603e-13,True,True
9756,f9756,5.859285502108464e-14,5.859285502108464e-14,5.684341886080802e-14,True,True
9757,f9757,6.355287432313019e-14,2.842170943040401e-14,5.684341886080802e-14,True,True
9758,f9758,6.355287432313019e-14,4.0194366942304644e-14,5.684341886080802e-14,True,True
9759,f9759,5.684341886080802e-14,0.0,5.684341886080802e-14,True,True
9760,f9760,6.355287432313019e-14,2.842170943040401e-14,5.684341886080802e-14,True,True
9761,f9761,1.2710574864626038e-13,0.0,1.1368683772161603e-13,True,True
9762,f9762,6.355287432313019e-14,5.684341886080802e-14,5.684341886080802e-14,True,True
9763,f9763,1.1368683772161603e-13,5.684341886080802e-14,1.1368683772161603e-13,True,True
9764,f9764,8.038873388460929e-14,0.0,5.684341886080802e-14,True,True
9765,f9765,5.684341886080802e-14,5.684341886080802e-14,5.684341886080802e-14,True,True
9766,f9766,5.684341886080802e-14,0.0,5.684341886080802e-14,True,True
9767,f9767,1.1368683772161603e-13,5.684341886080802e-14,1.1368683772161603e-13,True,True
9768,f9768,5.859285502108464e-14,0.0,5.684341886080802e-14,True,True
9769,f9769,5.859285502108464e-14,1.4210854715202004e-14,5.684341886080802e-14,True,True
9770,f9770,1.1368683772161603e-13,0.0,1.1368683772161603e-13,True,True
9771,f9771,1.1718571004216928e-13,0.0,1.1368683772161603e-13,True,True
9772,f9772,8.038873388460929e-14,0.0,5.684341886080802e-14,True,True
9773,f9773,6.355287432313019e-14,5.684341886080802e-14,5.684341886080802e-14,True,True
9774,f9774,1.1368683772161603e-13,0.0,1.1368683772161603e-13,True,True
9775,f9775,1.1368683772161603e-13,0.0,1.1368683772161603e-13,True,True
9776,f9776,1.2710574864626038e-13,0.0,1.1368683772161603e-13,True,True
9777,f9777,5.684341886080802e-14,2.842170943040401e-14,5.684341886080802e-14,True,True
9778,f9778,1.2710574864626038e-13,0.0,1.1368683772161603e-13,True,True
9779,f9779,2.842170943040401e-14,1.4210854715202004e-14,2.842170943040401e-14,True,True
9780,f9780,1.1368683772161603e-13,6.355287432313019e-14,1.1368683772161603e-13,True,True
9781,f9781,1.2710574864626038e-13,5.684341886080802e-14,1.1368683772161603e-13,True,True
9782,f9782,1.6077746776921858e-13,0.0,1.1368683772161603e-13,True,True
9783,f9783,5.859285502108464e-14,1.4210854715202004e-14,5.684341886080802e-14,True,True
9784,f9784,1.1368683772161603e-13,0.0,1.1368683772161603e-13,True,True
9785,f9785,1.1368683772161603e-13,5.684341886080802e-14,1.1368683772161603e-13,True,True
9786,f9786,5.690583463874556e-14,2.4868995751603507e-14,5.684341886080802e-14,True,True
9787,f9787,6.355287432313019e-14,2.842170943040401e-14,5.684341886080802e-14,True,True
9788,f9788,6.355287432313019e-14,0.0,5.684341886080802e-14,True,True
9789,f9789,1.1718571004216928e-13,0.0,1.1368683772161603e-13,True,True
9790,f9790,7.105427357601002e-14,2.842170943040401e-14,7.105427357601002e-14,True,True
9791,f9791,1.2710574864626038e-13,0.0,1.1368683772161603e-13,True,True
9792,f9792,1.2710574864626038e-13,1.2710574864626038e-13,1.1368683772161603e-13,True,True
9793,f9793,8.038873388460929e-14,5.684341886080802e-14,5.684341886080802e-14,True,True
9794,f9794,6.355287432313019e-14,0.0,5.684341886080802e-14,True,True
9795,f9795,8.038873388460929e-14,0.0,5.684341886080802e-14,True,True
9796,f9796,5.684341886080802e-14,2.842170943040401e-14,5.684341886080802e-14,True,True
9797,f9797,1.1457157353758233e-13,0.0,1.1368683772161603e-13,True,True
9798,f9798,1.1718571004216928e-13,6.355287432313019e-14,1.1368683772161603e-13,True,True
9799,f9799,1.1368683772161603e-13,0.0,1.1368683772161603e-13,True,True
9800,f9800,1.2710574864626038e-13,5.684341886080802e-14,1.1368683772161603e-13,True,True
9801,f9801,4.5496934130773415e-14,2.1316282072803006e-14,3.552713678800501e-14,True,True
9802,f9802,8.038873388460929e-14,2.842170943040401e-14,5.684341886080802e-14,True,True
9803,f9803,6.07087979554246e-14,1.4210854715202004e-14,5.684341886080802e-14,True,True
9804,f9804,2.2737367544323206e-13,0.0,2.2737367544323206e-13,True,True
9805,f9805,1.1718571004216928e-13,2.842170943040401e-14,1.1368683772161603e-13,True,True
9806,f9806,5.728578676879116e-14,0.0,5.684341886080802e-14,True,True
9807,f9807,1.6077746776921858e-13,0.0,1.1368683772161603e-13,True,True
9808,f9808,1.1368683772161603e-13,0.0,1.1368683772161603e-13,True,True
9809,f9809,5.684341886080802e-14,0.0,5.684341886080802e-14,True,True
9810,f9810,8.038873388460929e-14,0.0,5.684341886080802e-14,True,True
9811,f9811,5.695433295429594e-14,1.4210854715202004e-14,5.684341886080802e-14,True,True
9812,f9812,1.1718571004216928e-13,2.842170943040401e-14,1.1368683772161603e-13,True,True
9813,f9813,6.355287432313019e-14,6.355287432313019e-14,2.842170943040401e-14,True,True
9814,f9814,5.859285502108464e-14,5.859285502108464e-14,5.684341886080802e-14,True,True
9815,f9815,6.355287432313019e-14,1.4210854715202004e-14,5.684341886080802e-14,True,True
9816,f9816,8.038873388460929e-14,5.684341886080802e-14,5.684341886080802e-14,True,True
9817,f9817,8.038873388460929e-14,5.684341886080802e-14,5.684341886080802e-14,True,True
9818,f9818,6.355287432313019e-14,6.355287432313019e-14,5.684341886080802e-14,True,True
9819,f9819,8.038873388460929e-14,0.0,5.684341886080802e-14,True,True
9820,f9820,2.5421149729252077e-13,5.684341886080802e-14,2.2737367544323206e-13,True,True
9821,f9821,1.1368683772161603e-13,5.684341886080802e-14,1.1368683772161603e-13,True,True
9822,f9822,6.07087979554246e-14,5.684341886080802e-14,5.684341886080802e-14,True,True
9823,f9823,5.684341886080802e-14,0.0,5.684341886080802e-14,True,True
9824,f9824,5.859285502108464e-14,2.842170943040401e-14,5.684341886080802e-14,True,True
9825,f9825,5.684341886080802e-14,2.842170943040401e-14,5.684341886080802e-14,True,True
9826,f9826,6.521915363565902e-14,2.1316282072803006e-14,5.684341886080802e-14,True,True
9827,f9827,1.1368683772161603e-13,5.684341886080802e-14,1.1368683772161603e-13,True,True
9828,f9828,8.038873388460929e-14,5.684341886080802e-14,5.684341886080802e-14,True,True
9829,f9829,8.038873388460929e-14,5.684341886080802e-14,5.684341886080802e-14,True,True
9830,f9830,1.1368683772161603e-13,0.0,1.1368683772161603e-13,True,True
9831,f9831,5.684341886080802e-14,5.684341886080802e-14,5.684341886080802e-14,True,True
9832,f9832,8.038873388460929e-14,1.4210854715202004e-14,5.684341886080802e-14,True,True
9833,f9833,6.355287432313019e-14,0.0,5.684341886080802e-14,True,True
9834,f9834,6.355287432313019e-14,2.842170943040401e-14,5.684341886080802e-14,True,True
9835,f9835,1.2710574864626038e-13,1.1368683772161603e-13,1.1368683772161603e-13,True,True
9836,f9836,6.355287432313019e-14,0.0,5.684341886080802e-14,True,True
9837,f9837,1.1368683772161603e-13,5.684341886080802e-14,1.1368683772161603e-13,True,True
9838,f9838,5.859285502108464e-14,1.4210854715202004e-14,5.684341886080802e-14,True,True
9839,f9839,5.68473218546349e-14,2.842170943040401e-14,5.684341886080802e-14,True,True
9840,f9840,6.355287432313019e-14,5.859285502108464e-14,5.684341886080802e-14,True,True
9841,f9841,4.0194366942304644e-14,4.0194366942304644e-14,2.842170943040401e-14,True,True
9842,f9842,1.2710574864626038e-13,0.0,1.1368683772161603e-13,True,True
9843,f9843,1.2710574864626038e-13,1.2710574864626038e-13,1.1368683772161603e-13,True,True
9844,f9844,1.1368683772161603e-13,0.0,1.1368683772161603e-13,True,True
9845,f9845,1.1718571004216928e-13,0.0,1.1368683772161603e-13,True,True
9846,f9846,5.684341886080802e-14,0.0,5.684341886080802e-14,True,True
9847,f9847,1.1418534512577734e-13,7.105427357601002e-15,1.1368683772161603e-13,True,True
9848,f9848,1.2710574864626038e-13,0.0,1.1368683772161603e-13,True,True
9849,f9849,3.552713678800501e-14,1.1546319456101628e-14,2.842170943040401e-14,True,True
9850,f9850,6.355287432313019e-14,5.859285502108464e-14,5.684341886080802e-14,True,True
9851,f9851,1.1368683772161603e-13,0.0,1.1368683772161603e-13,True,True
9852,f9852,6.355287432313019e-14,1.4210854715202004e-14,5.684341886080802e-14,True,True
9853,f9853,8.038873388460929e-14,0.0,5.684341886080802e-14,True,True
9854,f9854,6.07087979554246e-14,0.0,5.684341886080802e-14,True,True
9855,f9855,5.684341886080802e-14,5.684341886080802e-14,5.684341886080802e-14,True,True
9856,f9856,8.038873388460929e-14,0.0,5.684341886080802e-14,True,True
9857,f9857,1.1368683772161603e-13,6.355287432313019e-14,1.1368683772161603e-13,True,True
9858,f9858,1.1368683772161603e-13,5.684341886080802e-14,1.1368683772161603e-13,True,True
9859,f9859,1.1368683772161603e-13,1.1368683772161603e-13,1.1368683772161603e-13,True,True
9860,f9860,6.355287432313019e-14,5.684341886080802e-14,5.684341886080802e-14,True,True
9861,f9861,1.2710574864626038e-13,5.684341886080802e-14,1.1368683772161603e-13,True,True
9862,f9862,6.355287432313019e-14,4.263256414560601e-14,5.684341886080802e-14,True,True
9863,f9863,6.355287432313019e-14,6.355287432313019e-14,2.842170943040401e-14,True,True
9864,f9864,6.355287432313019e-14,6.355287432313019e-14,5.684341886080802e-14,True,True
9865,f9865,8.038873388460929e-14,2.842170943040401e-14,5.684341886080802e-14,True,True
9866,f9866,8.038873388460929e-14,0.0,5.684341886080802e-14,True,True
9867,f9867,1.1418534512577734e-13,0.0,1.1368683772161603e-13,True,True
9868,f9868,6.355287432313019e-14,0.0,5.684341886080802e-14,True,True
9869,f9869,1.2710574864626038e-13,5.684341886080802e-14,1.1368683772161603e-13,True,True
9870,f9870,8.038873388460929e-14,5.684341886080802e-14,5.684341886080802e-14,True,True
9871,f9871,8.038873388460929e-14,5.859285502108464e-14,5.684341886080802e-14,True,True
9872,f9872,1.2710574864626038e-13,0.0,1.1368683772161603e-13,True,True
9873,f9873,1.1368683772161603e-13,1.4210854715202004e-14,1.1368683772161603e-13,True,True
9874,f9874,2.5421149729252077e-13,5.684341886080802e-14,2.2737367544323206e-13,True,True
9875,f9875,6.135506694409735e-14,4.263256414560601e-14,5.684341886080802e-14,True,True
9876,f9876,7.000288524934473e-14,7.105427357601002e-15,5.684341886080802e-14,True,True
9877,f9877,1.1368683772161603e-13,0.0,1.1368683772161603e-13,True,True
9878,f9878,5.684341886080802e-14,5.684341886080802e-14,5.684341886080802e-14,True,True
9879,f9879,8.038873388460929e-14,8.038873388460929e-14,5.684341886080802e-14,True,True
9880,f9880,8.038873388460929e-14,0.0,5.684341886080802e-14,True,True
9881,f9881,8.038873388460929e-14,0.0,5.684341886080802e-14,True,True
9882,f9882,6.355287432313019e-14,2.842170943040401e-14,5.684341886080802e-14,True,True
9883,f9883,1.1368683772161603e-13,0.0,1.1368683772161603e-13,True,True
9884,f9884,1.1368683772161603e-13,2.842170943040401e-14,1.1368683772161603e-13,True,True
9885,f9885,6.355287432313019e-14,6.355287432313019e-14,5.684341886080802e-14,True,True
9886,f9886,1.2710574864626038e-13,1.1368683772161603e-13,1.1368683772161603e-13,True,True
9887,f9887,6.355287432313019e-14,2.842170943040401e-14,5.684341886080802e-14,True,True
9888,f9888,1.1368683772161603e-13,0.0,1.1368683772161603e-13,True,True
9889,f9889,2.2737367544323206e-13,0.0,2.2737367544323206e-13,True,True
9890,f9890,6.355287432313019e-14,0.0,5.684341886080802e-14,True,True
9891,f9891,1.2710574864626038e-13,0.0,1.1368683772161603e-13,True,True
9892,f9892,2.842170943040401e-14,1.4210854715202004e-14,2.842170943040401e-14,True,True
9893,f9893,8.038873388460929e-14,5.684341886080802e-14,5.684341886080802e-14,True,True
9894,f9894,6.703246762680666e-14,0.0,5.684341886080802e-14,True,True
9895,f9895,5.684341886080802e-14,5.684341886080802e-14,5.684341886080802e-14,True,True
9896,f9896,1.1718571004216928e-13,1.1368683772161603e-13,1.1368683772161603e-13,True,True
9897,f9897,1.2710574864626038e-13,0.0,1.1368683772161603e-13,True,True
9898,f9898,6.355287432313019e-14,6.355287432313019e-14,5.684341886080802e-14,True,True
9899,f9899,1.2710574864626038e-13,0.0,1.1368683772161603e-13,True,True
9900,f9900,1.2710574864626038e-13,5.684341886080802e-14,1.1368683772161603e-13,True,True
9901,f9901,6.355287432313019e-14,0.0,5.684341886080802e-14,True,True
9902,f9902,6.355287432313019e-14,2.842170943040401e-14,5.684341886080802e-14,True,True
9903,f9903,6.07087979554246e-14,5.859285502108464e-14,5.684341886080802e-14,True,True
9904,f9904,1.1368683772161603e-13,5.684341886080802e-14,1.1368683772161603e-13,True,True
9905,f9905,1.1368683772161603e-13,0.0,1.1368683772161603e-13,True,True
9906,f9906,1.2710574864626038e-13,1.1368683772161603e-13,1.1368683772161603e-13,True,True
9907,f9907,6.355287432313019e-14,0.0,5.684341886080802e-14,True,True
9908,f9908,6.355287432313019e-14,1.4210854715202004e-14,5.684341886080802e-14,True,True
9909,f9909,7.553172887309252e-14,1.4210854715202004e-14,5.684341886080802e-14,True,True
9910,f9910,5.684341886080802e-14,4.0194366942304644e-14,5.684341886080802e-14,True,True
9911,f9911,2.842170943040401e-14,2.842170943040401e-14,2.842170943040401e-14,True,True
9912,f9912,1.1368683772161603e-13,5.684341886080802e-14,1.1368683772161603e-13,True,True
9913,f9913,8.038873388460929e-14,0.0,5.684341886080802e-14,True,True
9914,f9914,6.355287432313019e-14,2.842170943040401e-14,5.684341886080802e-14,True,True
9915,f9915,5.684341886080802e-14,0.0,5.684341886080802e-14,True,True
9916,f9916,1.1718571004216928e-13,0.0,1.1368683772161603e-13,True,True
9917,f9917,1.1718571004216928e-13,1.1368683772161603e-13,1.1368683772161603e-13,True,True
9918,f9918,5.684341886080802e-14,5.684341886080802e-14,5.684341886080802e-14,True,True
9919,f9919,5.760335218184686e-14,7.105427357601002e-15,5.684341886080802e-14,True,True
9920,f9920,8.038873388460929e-14,0.0,5.684341886080802e-14,True,True
9921,f9921,5.684341886080802e-14,0.0,5.684341886080802e-14,True,True
9922,f9922,6.355287432313019e-14,2.842170943040401e-14,5.684341886080802e-14,True,True
9923,f9923,1.1368683772161603e-13,0.0,1.1368683772161603e-13,True,True
9924,f9924,5.684341886080802e-14,0.0,5.684341886080802e-14,True,True
9925,f9925,1.1368683772161603e-13,0.0,1.1368683772161603e-13,True,True
9926,f9926,6.355287432313019e-14,0.0,5.684341886080802e-14,True,True
9927,f9927,5.684341886080802e-14,0.0,5.684341886080802e-14,True,True
9928,f9928,1.1368683772161603e-13,0.0,1.1368683772161603e-13,True,True
9929,f9929,5.859285502108464e-14,2.842170943040401e-14,5.684341886080802e-14,True,True
9930,f9930,6.355287432313019e-14,2.842170943040401e-14,5.684341886080802e-14,True,True
9931,f9931,6.355287432313019e-14,5.684341886080802e-14,5.684341886080802e-14,True,True
9932,f9932,6.703246762680666e-14,5.728578676879116e-14,5.684341886080802e-14,True,True
9933,f9933,6.355287432313019e-14,0.0,5.684341886080802e-14,True,True
9934,f9934,6.355287432313019e-14,6.355287432313019e-14,5.684341886080802e-14,True,True
9935,f9935,1.1718571004216928e-13,1.1368683772161603e-13,1.1368683772161603e-13,True,True
9936,f9936,1.2710574864626038e-13,8.038873388460929e-14,1.1368683772161603e-13,True,True
9937,f9937,7.105427357601002e-14,2.842170943040401e-14,5.684341886080802e-14,True,True
9938,f9938,1.1368683772161603e-13,0.0,1.1368683772161603e-13,True,True
9939,f9939,8.038873388460929e-14,0.0,5.684341886080802e-14,True,True
9940,f9940,6.355287432313019e-14,0.0,5.684341886080802e-14,True,True
9941,f9941,6.355287432313019e-14,6.355287432313019e-14,5.684341886080802e-14,True,True
9942,f9942,1.1718571004216928e-13,1.1718571004216928e-13,1.1368683772161603e-13,True,True
9943,f9943,8.526512829121202e-14,3.1776437161565096e-14,8.526512829121202e-14,True,True
9944,f9944,5.859285502108464e-14,1.4210854715202004e-14,5.684341886080802e-14,True,True
9945,f9945,5.684341886080802e-14,2.842170943040401e-14,5.684341886080802e-14,True,True
9946,f9946,2.2737367544323206e-13,0.0,2.2737367544323206e-13,True,True
9947,f9947,5.695433295429594e-14,2.842170943040401e-14,5.684341886080802e-14,True,True
9948,f9948,8.038873388460929e-14,5.684341886080802e-14,5.684341886080802e-14,True,True
9949,f9949,1.2710574864626038e-13,0.0,1.1368683772161603e-13,True,True
9950,f9950,5.692835685204889e-14,1.4210854715202004e-14,5.684341886080802e-14,True,True
9951,f9951,6.07087979554246e-14,5.684341886080802e-14,5.684341886080802e-14,True,True
9952,f9952,1.1368683772161603e-13,1.1368683772161603e-13,5.684341886080802e-14,True,True
9953,f9953,1.1368683772161603e-13,5.684341886080802e-14,1.1368683772161603e-13,True,True
9954,f9954,1.1718571004216928e-13,1.1368683772161603e-13,1.1368683772161603e-13,True,True
9955,f9955,5.684341886080802e-14,0.0,5.684341886080802e-14,True,True
9956,f9956,1.2710574864626038e-13,0.0,1.1368683772161603e-13,True,True
9957,f9957,5.684341886080802e-14,2.842170943040401e-14,5.684341886080802e-14,True,True
9958,f9958,2.929642751054232e-14,1.4210854715202004e-14,2.842170943040401e-14,True,True
9959,f9959,5.684341886080802e-14,5.684341886080802e-14,5.684341886080802e-14,True,True
9960,f9960,8.038873388460929e-14,0.0,5.684341886080802e-14,True,True
9961,f9961,8.038873388460929e-14,0.0,5.684341886080802e-14,True,True
9962,f9962,1.1368683772161603e-13,0.0,1.1368683772161603e-13,True,True
9963,f9963,1.1368683772161603e-13,1.4210854715202004e-14,1.1368683772161603e-13,True,True
9964,f9964,1.1368683772161603e-13,1.1368683772161603e-13,1.1368683772161603e-13,True,True
9965,f9965,5.684341886080802e-14,0.0,5.684341886080802e-14,True,True
9966,f9966,1.1368683772161603e-13,6.355287432313019e-14,1.1368683772161603e-13,True,True
9967,f9967,6.355287432313019e-14,5.329070518200751e-15,5.684341886080802e-14,True,True
9968,f9968,1.2710574864626038e-13,5.684341886080802e-14,1.1368683772161603e-13,True,True
9969,f9969,1.1368683772161603e-13,5.684341886080802e-14,1.1368683772161603e-13,True,True
9970,f9970,1.1368683772161603e-13,6.355287432313019e-14,1.1368683772161603e-13,True,True
9971,f9971,4.0194366942304644e-14,2.842170943040401e-14,2.842170943040401e-14,True,True
9972,f9972,5.684341886080802e-14,0.0,5.684341886080802e-14,True,True
9973,f9973,1.1718571004216928e-13,2.842170943040401e-14,1.1368683772161603e-13,True,True
9974,f9974,8.038873388460929e-14,0.0,5.684341886080802e-14,True,True
9975,f9975,6.355287432313019e-14,0.0,5.684341886080802e-14,True,True
9976,f9976,2.2737367544323206e-13,0.0,2.2737367544323206e-13,True,True
9977,f9977,5.684341886080802e-14,0.0,5.684341886080802e-14,True,True
9978,f9978,1.1457157353758233e-13,8.038873388460929e-14,1.1368683772161603e-13,True,True
9979,f9979,2.842170943040401e-14,2.842170943040401e-14,2.842170943040401e-14,True,True
9980,f9980,5.684341886080802e-14,1.4210854715202004e-14,5.684341886080802e-14,True,True
9981,f9981,6.355287432313019e-14,0.0,5.684341886080802e-14,True,True
9982,f9982,6.898122193969271e-14,6.07087979554246e-14,5.684341886080802e-14,True,True
9983,f9983,1.1718571004216928e-13,8.038873388460929e-14,1.1368683772161603e-13,True,True
9984,f9984,5.684341886080802e-14,0.0,5.684341886080802e-14,True,True
9985,f9985,6.355287432313019e-14,2.842170943040401e-14,5.684341886080802e-14,True,True
9986,f9986,6.750740292339637e-14,2.842170943040401e-14,5.684341886080802e-14,True,True
9987,f9987,5.859285502108464e-14,1.4210854715202004e-14,5.684341886080802e-14,True,True
9988,f9988,1.2710574864626038e-13,0.0,1.1368683772161603e-13,True,True
9989,f9989,1.2710574864626038e-13,0.0,1.1368683772161603e-13,True,True
9990,f9990,5.684341886080802e-14,2.842170943040401e-14,5.684341886080802e-14,True,True
9991,f9991,1.1457157353758233e-13,7.105427357601002e-15,1.1368683772161603e-13,True,True
9992,f9992,1.1368683772161603e-13,0.0,1.1368683772161603e-13,True,True
9993,f9993,8.038873388460929e-14,2.842170943040401e-14,5.684341886080802e-14,True,True
9994,f9994,8.038873388460929e-14,6.355287432313019e-14,5.684341886080802e-14,True,True
9995,f9995,1.2710574864626038e-13,1.2710574864626038e-13,1.1368683772161603e-13,True,True
9996,f9996,1.1368683772161603e-13,2.842170943040401e-14,1.1368683772161603e-13,True,True
9997,f9997,1.1718571004216928e-13,2.842170943040401e-14,1.1368683772161603e-13,True,True
9998,f9998,1.2710574864626038e-13,5.684341886080802e-14,1.1368683772161603e-13,True,True
9999,f9999,6.948825512889077e-14,1.4210854715202004e-14,5.684341886080802e-14,True,True
