usable_id,diagnostic_mode,amodal_px,visible_px,visible_fraction,f_total_record,runtime_s,n_cargo_placed,n_context_placed,explicit_occluder_placed,explicit_selected_object,occluder_side_actual,camera_distance_actual_m,projected_size_actual
400,cargo-only,6370,5766,0.9051805337519623,0.09481946624803772,6.1445512771606445,2,0,False,,,4.003243418827631,0.18280538728727164
401,cargo-only,48439,47777,0.986333326451826,0.013666673548173969,6.006070852279663,2,0,False,,,1.6821256665656619,0.9413398843610714
402,cargo-only,134795,134795,1.0,0.0,9.451968908309937,0,0,False,,,1.7764259236241002,0.7849391714205882
403,cargo-only,1530,1312,0.857516339869281,0.142483660130719,7.14198899269104,2,0,False,,,6.189297586759074,0.1306797001834606
404,cargo-only,3879,3374,0.8698118071667955,0.13018819283320449,5.901691198348999,1,0,False,,,7.805878757639197,0.21291892735428108
405,cargo-only,4608,4608,1.0,0.0,7.757601976394653,2,0,False,,,4.430638933375308,0.30919449938225135
406,cargo-only,78895,60790,0.7705177767919387,0.22948222320806133,10.477745294570923,1,0,False,,,2.3173415048360235,0.5766545486850975
407,cargo-only,7147,5653,0.790961242479362,0.20903875752063805,6.049811840057373,2,0,False,,,7.102626931281485,0.12059680611495244
408,cargo-only,21643,17014,0.7861202236288869,0.2138797763711131,6.216039419174194,1,0,False,,,3.1554418841334804,0.34072059575779
409,cargo-only,1911,1568,0.8205128205128205,0.17948717948717952,6.21716570854187,1,0,False,,,7.178660199942954,0.14919161173659345
410,cargo-only,1226,1226,1.0,0.0,7.410800933837891,2,0,False,,,8.17461407777526,0.15360693426227606
411,cargo-only,1208,962,0.7963576158940397,0.20364238410596025,5.860755681991577,2,0,False,,,9.133729945699864,0.0856597871628266
412,cargo-only,13466,10195,0.7570919352443191,0.24290806475568094,6.8507750034332275,2,0,False,,,5.09846169758501,0.24113690767346027
413,cargo-only,9110,7413,0.813721185510428,0.18627881448957195,7.645238637924194,2,0,False,,,3.4762799048513315,0.18656503716847433
414,cargo-only,145359,145359,1.0,0.0,7.805340766906738,0,0,False,,,1.126004475735493,1.938491697192368
415,cargo-only,22421,19875,0.8864457428303822,0.11355425716961776,5.524791717529297,1,0,False,,,3.9044195292124604,0.40454882936954506
416,cargo-only,53294,53294,1.0,0.0,9.715850830078125,0,0,False,,,2.6169671157324514,0.6231932505120955
417,cargo-only,26832,20844,0.7768336314847942,0.22316636851520577,5.397921800613403,2,0,False,,,2.398459516302603,0.5915056878457956
418,cargo-only,17668,14384,0.814127235680326,0.18587276431967403,5.609996557235718,2,0,False,,,1.9624071935397385,0.2759410438850924
419,cargo-only,46600,45996,0.9870386266094421,0.012961373390557918,6.013497591018677,2,0,False,,,1.1751155632090202,0.8265544061734745
420,cargo-only,44959,44959,1.0,0.0,7.629964590072632,0,0,False,,,2.512501612444736,0.569672105686447
421,cargo-only,11233,9022,0.8031692335084127,0.19683076649158726,5.157065391540527,2,0,False,,,3.236659853757866,0.3661803880694383
422,cargo-only,7314,5514,0.7538966365873667,0.24610336341263328,10.222793579101562,1,0,False,,,6.744505711252202,0.2101295571803365
423,cargo-only,64186,60029,0.9352350979964478,0.06476490200355223,4.746262788772583,2,0,False,,,1.417485695486352,1.3665779875282251
424,cargo-only,3647,2920,0.800658075130244,0.199341924869756,7.322925806045532,1,0,False,,,9.413022142617812,0.1006287719505515
425,cargo-only,25992,20628,0.7936288088642659,0.2063711911357341,5.224590063095093,2,0,False,,,1.9309386166623783,0.5389556354610916
426,cargo-only,33719,32296,0.9577982739701651,0.04220172602983485,6.511965036392212,2,0,False,,,1.851907711787415,0.7017934954252454
427,cargo-only,2673,2211,0.8271604938271605,0.1728395061728395,10.441741228103638,1,0,False,,,7.8862880148749195,0.10534356472654416
428,cargo-only,6848,5356,0.782126168224299,0.21787383177570097,5.418832302093506,2,0,False,,,3.39091814160658,0.23753532928161283
429,cargo-only,102552,102552,1.0,0.0,7.876715183258057,0,0,False,,,1.1702452258119944,0.4168642879392685
430,cargo-only,94817,83698,0.8827319995359482,0.11726800046405184,7.312206983566284,2,0,False,,,1.1976475015716055,1.572289378264361
431,cargo-only,206594,206594,1.0,0.0,7.852022647857666,0,0,False,,,0.917080665792749,0.8493825167193837
432,cargo-only,50706,50706,1.0,0.0,6.440852403640747,2,0,False,,,1.4241118413014962,1.1113292663421188
433,cargo-only,1360,1360,1.0,0.0,5.923733472824097,2,0,False,,,5.208152939559162,0.1237839519660809
434,cargo-only,14181,14136,0.996826740004231,0.0031732599957690066,5.604868173599243,2,0,False,,,2.7362137162623785,0.4359066764569175
435,cargo-only,51189,38674,0.7555138799351423,0.2444861200648577,5.7072975635528564,2,0,False,,,1.7131850238945259,0.607281455534795
436,cargo-only,5919,4601,0.7773272512248691,0.22267274877513088,14.803789615631104,1,0,False,,,8.822667177178943,0.16558068134641152
437,cargo-only,23275,18661,0.8017615467239527,0.19823845327604728,5.635300874710083,2,0,False,,,2.399524974283484,0.5174001791792954
438,cargo-only,59823,51629,0.863029269678886,0.13697073032111395,5.345901966094971,2,0,False,,,1.3421372033825647,1.3708536587129754
439,cargo-only,2172,1823,0.8393186003683242,0.16068139963167583,7.385491132736206,2,0,False,,,8.860008596431744,0.11501399888606136
440,cargo-only,2790,2383,0.8541218637992831,0.14587813620071688,6.198484897613525,2,0,False,,,4.763364253645369,0.10536966927258859
441,cargo-only,5962,5541,0.9293861120429386,0.07061388795706136,7.216257810592651,2,0,False,,,3.9379351740746915,0.4377361058642606
442,cargo-only,12250,9447,0.7711836734693878,0.22881632653061224,8.105764150619507,1,0,False,,,6.0684435685271545,0.1674876208359025
443,cargo-only,67786,58242,0.8592039654205883,0.1407960345794117,5.22425389289856,2,0,False,,,1.8087967948735768,0.8971044792334956
444,cargo-only,1627,1245,0.7652120467117394,0.23478795328826063,7.107114315032959,2,0,False,,,9.683465166232557,0.12692148709371293
445,cargo-only,116782,116782,1.0,0.0,7.905161619186401,0,0,False,,,1.7182433861751787,0.4424839019790212
446,cargo-only,1317,1189,0.9028094153378892,0.09719058466211083,5.338565826416016,2,0,False,,,4.8339528281588455,0.15599398540781034
447,cargo-only,18984,18509,0.9749789296249474,0.025021070375052634,5.206413507461548,2,0,False,,,2.7927347032423295,0.5143349236821705
448,cargo-only,144292,123181,0.8536925124054001,0.14630748759459988,10.312040567398071,1,0,False,,,1.2783404654473234,1.6132858083919956
449,cargo-only,37213,28563,0.7675543492865396,0.23244565071346035,7.6027305126190186,1,0,False,,,2.169097060627511,0.4107914253458402
450,cargo-only,6823,6823,1.0,0.0,7.906035661697388,0,0,False,,,5.376767212553257,0.11364547222540787
451,cargo-only,25294,25294,1.0,0.0,5.564464092254639,2,0,False,,,1.540669928820483,1.1462979775898285
452,cargo-only,49361,43182,0.8748202021839103,0.12517979781608968,5.592158794403076,2,0,False,,,1.2064924285665906,1.0478413923711547
453,cargo-only,82796,73823,0.8916251992849896,0.10837480071501038,6.960832357406616,2,0,False,,,1.545064624544572,0.976495127779671
454,cargo-only,11789,11789,1.0,0.0,10.20371150970459,0,0,False,,,6.225448044650143,0.17983786911065855
455,cargo-only,3673,3407,0.9275796351756058,0.07242036482439418,5.368300914764404,2,0,False,,,3.703592215656686,0.3561030045784905
456,cargo-only,60862,60862,1.0,0.0,13.435701847076416,0,0,False,,,2.402332005956504,0.6839094204400264
457,cargo-only,2173,1776,0.8173032673722964,0.18269673262770358,5.373927593231201,2,0,False,,,9.928984964709345,0.1042548820279145
458,cargo-only,3131,2739,0.8748003832641329,0.1251996167358671,5.040628433227539,2,0,False,,,8.58565267204373,0.2294544034755451
459,cargo-only,1902,1563,0.8217665615141956,0.17823343848580442,7.750078201293945,2,0,False,,,9.719930548317231,0.10650092090061397
460,cargo-only,158134,158134,1.0,0.0,7.295946836471558,0,0,False,,,1.134961069658749,1.8696293039561458
461,cargo-only,58363,58363,1.0,0.0,7.52641487121582,0,0,False,,,2.219464371987176,0.792563518998884
462,cargo-only,15312,15312,1.0,0.0,10.895790338516235,0,0,False,,,4.303096241615854,0.3229868652380336
463,cargo-only,1652,1247,0.7548426150121066,0.2451573849878934,6.497186183929443,1,0,False,,,8.196262235626683,0.09585997658011733
464,cargo-only,52044,44387,0.8528744908154638,0.14712550918453615,5.349880218505859,2,0,False,,,1.8535628191982392,0.6725423617929109
465,cargo-only,125138,125138,1.0,0.0,8.232260704040527,0,0,False,,,1.2456137930153734,0.556395373218726
466,cargo-only,2370,2370,1.0,0.0,7.7545061111450195,0,0,False,,,8.956164771550494,0.1469032070050951
467,cargo-only,5026,4346,0.8647035415837644,0.1352964584162356,6.159521818161011,1,0,False,,,7.7312630746312525,0.17674099011808836
468,cargo-only,78376,78376,1.0,0.0,7.308072090148926,2,0,False,,,1.1418670596189162,1.671474026723012
469,cargo-only,16760,13238,0.7898568019093078,0.21014319809069215,6.729360580444336,1,0,False,,,2.7112322086286924,0.21555388358046237
470,cargo-only,108774,108774,1.0,0.0,7.285322189331055,0,0,False,,,1.8610874248937068,0.8091331975657337
471,cargo-only,3015,2550,0.845771144278607,0.154228855721393,6.149886846542358,1,0,False,,,5.801936193366284,0.1403930211328956
472,cargo-only,171343,161742,0.9439661964597328,0.05603380354026721,7.116272926330566,2,0,False,,,1.1212427357411863,1.2114424798216679
473,cargo-only,38119,32259,0.8462708885332774,0.15372911146672263,7.847740888595581,2,0,False,,,3.1128402097863663,0.46286190371554625
474,cargo-only,115164,103813,0.9014362127053593,0.09856378729464066,5.970093250274658,1,0,False,,,1.8696484095673127,0.8882864086252708
475,cargo-only,769,634,0.8244473342002601,0.17555266579973994,4.786129474639893,2,0,False,,,9.309895519648892,0.11374101328614745
476,cargo-only,6642,5337,0.8035230352303523,0.1964769647696477,5.445233106613159,2,0,False,,,6.140754257767262,0.27829994207924946
477,cargo-only,116432,116432,1.0,0.0,5.427035570144653,2,0,False,,,1.2008901220380142,0.8844385902943909
478,cargo-only,23969,19657,0.8201009637448371,0.1798990362551629,7.149991512298584,2,0,False,,,2.692963317505279,0.47424137844632525
479,cargo-only,6526,5105,0.7822555930125651,0.2177444069874349,7.66300892829895,1,0,False,,,7.127969329315478,0.20107623307085093
480,cargo-only,1477,1336,0.9045362220717671,0.0954637779282329,5.962501049041748,2,0,False,,,8.748656422942632,0.10489377267561154
481,cargo-only,17959,17959,1.0,0.0,4.444511413574219,2,0,False,,,1.625526345486808,0.9392810878531452
482,cargo-only,77778,73499,0.9449844429015917,0.05501555709840833,7.876709699630737,2,0,False,,,1.261456669412651,1.3178163406926642
483,cargo-only,45780,35708,0.7799912625600699,0.2200087374399301,8.476526260375977,1,0,False,,,2.837093194244859,0.3668156570926363
484,cargo-only,2515,2160,0.8588469184890656,0.14115308151093442,5.713054180145264,2,0,False,,,7.234170535878956,0.14252354766818756
485,cargo-only,53853,42599,0.7910237126993853,0.20897628730061468,10.354215621948242,1,0,False,,,2.6096578169201563,0.573387980304795
486,cargo-only,9850,8076,0.8198984771573604,0.18010152284263958,10.17951250076294,1,0,False,,,3.096132391878056,0.27529842307618324
487,cargo-only,24166,18609,0.7700488289332119,0.22995117106678808,7.47852897644043,1,0,False,,,2.9473556828707443,0.4557512592758531
488,cargo-only,2791,2791,1.0,0.0,7.394288063049316,2,0,False,,,3.0554721289872866,0.14756526505704592
489,cargo-only,3759,3410,0.9071561585528066,0.09284384144719338,4.770798206329346,2,0,False,,,7.283862862025855,0.18590176944370546
490,cargo-only,3286,2556,0.7778454047474133,0.22215459525258674,7.914648056030273,1,0,False,,,9.678782232702469,0.06411456491540322
491,cargo-only,36887,29961,0.8122373736004554,0.18776262639954455,5.2044878005981445,2,0,False,,,2.525433382420233,0.6190284098108136
492,cargo-only,9383,7706,0.8212725141212832,0.17872748587871679,7.229616641998291,2,0,False,,,4.71132359904255,0.3567078520055138
493,cargo-only,95775,87828,0.9170242756460454,0.08297572435395462,7.471721887588501,1,0,False,,,1.0608341199801765,0.6507074224384028
494,cargo-only,1851,1851,1.0,0.0,7.83556866645813,2,0,False,,,7.133278712061188,0.1508658768217689
495,cargo-only,6967,6151,0.8828764173962969,0.11712358260370315,5.252863883972168,2,0,False,,,4.388326255843775,0.2268830887233158
496,cargo-only,6195,5742,0.9268765133171912,0.07312348668280877,5.450383901596069,2,0,False,,,3.9338464222534704,0.33023595100034064
497,cargo-only,140906,108230,0.7681007196286886,0.23189928037131136,7.654061555862427,2,0,False,,,1.4231595861619797,1.07836037332962
498,cargo-only,3604,3347,0.9286903440621531,0.07130965593784688,5.6183531284332275,2,0,False,,,3.3499078267794973,0.18638920213624324
499,cargo-only,43847,43847,1.0,0.0,7.877792596817017,0,0,False,,,2.9335300684213035,0.4551268368519152
500,cargo-only,3510,2844,0.8102564102564103,0.18974358974358974,10.654701709747314,1,0,False,,,7.873192986765867,0.1308190899091217
501,cargo-only,19367,19202,0.9914803531780865,0.008519646821913529,5.746288537979126,2,0,False,,,2.048334314681611,0.5026061948577483
502,cargo-only,1979,1562,0.7892875189489641,0.2107124810510359,5.768639326095581,2,0,False,,,7.7665296855337385,0.11697260728847247
503,cargo-only,4351,3527,0.8106182486784648,0.18938175132153523,7.497666120529175,2,0,False,,,9.387034889576224,0.14871198201374636
504,cargo-only,16229,16196,0.9979666029946392,0.0020333970053607597,5.264756917953491,2,0,False,,,2.798262336795878,0.6577572810332015
505,cargo-only,30073,30073,1.0,0.0,7.715161085128784,0,0,False,,,2.243865416046229,0.4268422560521937
506,cargo-only,30179,25948,0.8598031743927896,0.14019682560721036,5.00382924079895,2,0,False,,,1.9754183710118611,0.7916114806967667
507,cargo-only,1278,1217,0.9522691705790297,0.04773082942097029,6.9734930992126465,1,0,False,,,9.610692114232828,0.11132547935216487
508,cargo-only,94558,84196,0.890416463969204,0.10958353603079596,5.670471429824829,2,0,False,,,1.380608870985263,0.8267861501367916
509,cargo-only,39693,34662,0.8732522107172549,0.1267477892827451,7.045743703842163,1,0,False,,,2.5129313522660763,0.3330125768373469
510,cargo-only,1679,1307,0.7784395473496128,0.22156045265038715,5.44116735458374,2,0,False,,,8.306202571197948,0.15906502283962773
511,cargo-only,5250,4279,0.815047619047619,0.18495238095238098,10.939385652542114,2,0,False,,,7.788165496621522,0.1622413350037375
512,cargo-only,3849,3674,0.9545336451026241,0.04546635489737594,7.195580720901489,2,0,False,,,4.449795955136182,0.3358532277729009
513,cargo-only,3015,2461,0.8162520729684909,0.1837479270315091,6.458142518997192,2,0,False,,,9.669282863465407,0.17079634137024452
514,cargo-only,122709,98688,0.8042441874679119,0.19575581253208807,5.67485237121582,2,0,False,,,1.5187267407448295,0.7533550202669776
515,cargo-only,17593,17512,0.9953958960950378,0.004604103904962242,4.814390659332275,2,0,False,,,1.590334346641729,0.5714533697487505
516,cargo-only,9599,7692,0.8013334722366913,0.19866652776330873,10.50926399230957,1,0,False,,,4.1121906405431385,0.21455733540982524
517,cargo-only,21167,21167,1.0,0.0,5.21780800819397,2,0,False,,,1.8656602993275127,0.9473517559935634
518,cargo-only,4284,3332,0.7777777777777778,0.2222222222222222,8.729857444763184,1,0,False,,,6.055932637902808,0.13700521520023265
519,cargo-only,8563,7236,0.8450309470979797,0.15496905290202034,5.610269069671631,2,0,False,,,4.391415777585711,0.351089664637393
520,cargo-only,38458,35775,0.930235581673514,0.06976441832648606,4.9136457443237305,2,0,False,,,1.9119596787471094,0.7350155192357851
521,cargo-only,5715,5059,0.8852143482064742,0.11478565179352584,5.460891246795654,2,0,False,,,5.865392620036408,0.2888883460784238
522,cargo-only,7479,5640,0.7541115122342559,0.24588848776574412,10.785560369491577,1,0,False,,,3.9144978058160684,0.12804837196911786
523,cargo-only,50247,41421,0.8243477222520748,0.17565227774792525,7.3138532638549805,2,0,False,,,1.9412557009543447,0.7560306105544945
524,cargo-only,5507,5507,1.0,0.0,7.652596473693848,0,0,False,,,6.559181787613808,0.24134497893867835
525,cargo-only,42778,38942,0.9103277385572023,0.08967226144279772,6.91789436340332,1,0,False,,,3.095844119430751,0.40855382334211254
526,cargo-only,831,715,0.8604091456077015,0.13959085439229846,6.124156475067139,1,0,False,,,8.987042925462458,0.08932206432622852
527,cargo-only,196449,196449,1.0,0.0,7.815506219863892,0,0,False,,,1.2593874196937322,0.8135154076715729
528,cargo-only,7950,6774,0.8520754716981133,0.14792452830188674,7.510651588439941,2,0,False,,,3.281658514283917,0.3100885739855966
529,cargo-only,10829,9094,0.839782066672823,0.16021793332717704,4.530893802642822,2,0,False,,,5.9345115450833115,0.2425532274911185
530,cargo-only,771,732,0.9494163424124513,0.05058365758754868,5.183902263641357,2,0,False,,,6.92129095249462,0.11853485947406864
531,cargo-only,2300,1820,0.7913043478260869,0.20869565217391306,7.6674580574035645,1,0,False,,,8.780509479048439,0.1109506577883593
532,cargo-only,19595,18986,0.9689206430211789,0.031079356978821138,5.97254753112793,2,0,False,,,1.6865547413809814,0.356137816808532
533,cargo-only,4290,3854,0.8983682983682983,0.10163170163170165,7.3216187953948975,1,0,False,,,7.589254285418946,0.19326489516183407
534,cargo-only,20908,16042,0.7672661182322555,0.23273388176774445,5.422317981719971,2,0,False,,,3.07848006171794,0.3750277678897261
535,cargo-only,61183,56542,0.9241455959988886,0.07585440400111143,4.688723802566528,2,0,False,,,1.184347257221844,0.9439105506696986
536,cargo-only,1546,1286,0.8318240620957309,0.1681759379042691,10.99068021774292,2,0,False,,,9.846098975293527,0.14574248142871227
537,cargo-only,2288,2181,0.9532342657342657,0.04676573426573427,5.9138572216033936,2,0,False,,,8.713930226917874,0.12058844593201125
538,cargo-only,38610,34382,0.8904946904946905,0.10950530950530946,5.655430793762207,1,0,False,,,2.788914977507501,0.3940664206495793
539,cargo-only,1438,1060,0.7371349095966621,0.26286509040333794,11.003039121627808,2,0,False,,,8.840004133764005,0.10644880448255419
540,cargo-only,2751,2751,1.0,0.0,5.056567668914795,2,0,False,,,6.483176366016367,0.28464772419306794
541,cargo-only,97063,76977,0.7930622379279437,0.20693776207205627,4.8267645835876465,2,0,False,,,1.5725988198918535,0.7676085882078115
542,cargo-only,24437,19097,0.7814789049392314,0.21852109506076856,5.728418827056885,2,0,False,,,2.595616631093819,0.6129983728470197
543,cargo-only,42429,38191,0.9001154870489524,0.09988451295104761,9.631511449813843,1,0,False,,,2.7906512221375372,0.4417259391357439
544,cargo-only,16578,13427,0.8099288213294727,0.19007117867052725,5.944661378860474,2,0,False,,,4.068005328176748,0.3059476248448192
545,cargo-only,4790,3763,0.7855949895615867,0.2144050104384133,7.986883163452148,2,0,False,,,7.769664525403436,0.12311637946114515
546,cargo-only,22975,22975,1.0,0.0,4.535557270050049,2,0,False,,,1.626729722122018,0.8919599345534482
547,cargo-only,160503,160503,1.0,0.0,8.1208815574646,0,0,False,,,0.8804046282008172,0.8588983291032357
548,cargo-only,79107,79107,1.0,0.0,9.408388614654541,0,0,False,,,1.3765817272525018,1.3490285625256218
549,cargo-only,33645,33645,1.0,0.0,6.973941326141357,0,0,False,,,3.019022079770394,0.5848666973863585
550,cargo-only,474,473,0.9978902953586498,0.002109704641350185,7.111473083496094,2,0,False,,,9.062297032753344,0.11209591103309897
551,cargo-only,15571,15571,1.0,0.0,7.447119235992432,0,0,False,,,5.355005918673642,0.3181653313816172
552,cargo-only,15713,14379,0.9151021447209318,0.08489785527906824,6.654536962509155,1,0,False,,,3.2289692241134764,0.18917253565742667
553,cargo-only,5247,4177,0.7960739470173432,0.20392605298265676,7.420799970626831,2,0,False,,,7.1482611962423,0.1347341630694609
554,cargo-only,19439,17132,0.8813210556098565,0.11867894439014348,5.183314561843872,2,0,False,,,2.0494780113702493,0.6052153749837561
555,cargo-only,2026,1620,0.7996051332675223,0.20039486673247775,7.653060436248779,2,0,False,,,9.962212213477137,0.1694658591969113
556,cargo-only,12251,9370,0.764835523630724,0.23516447636927595,6.576003551483154,1,0,False,,,4.052028476937598,0.1280874257441864
557,cargo-only,10669,10088,0.9455431624332178,0.05445683756678221,4.4587719440460205,2,0,False,,,2.976595127299336,0.43819596188859916
558,cargo-only,24961,19337,0.7746885140819678,0.22531148591803218,5.353697776794434,2,0,False,,,2.365523168898331,0.8115194764558853
559,cargo-only,23309,21387,0.9175425801192673,0.08245741988073274,7.560182094573975,2,0,False,,,2.64933367969369,0.529598092389269
560,cargo-only,37886,32725,0.8637755371377289,0.13622446286227108,8.717634916305542,1,0,False,,,1.740594276202326,0.605730229120569
561,cargo-only,4071,4071,1.0,0.0,7.67148494720459,0,0,False,,,7.531497435263135,0.11613056080093524
562,cargo-only,131773,124378,0.9438807646482967,0.05611923535170327,7.190385103225708,2,0,False,,,1.1960252915940126,1.361746286689436
563,cargo-only,86765,75438,0.8694519679594307,0.1305480320405693,6.147956848144531,2,0,False,,,1.62226471082355,0.9915916812721655
564,cargo-only,2053,1778,0.8660496833901608,0.13395031660983925,8.94802451133728,1,0,False,,,7.759348567902824,0.11082223003418949
565,cargo-only,3136,2626,0.8373724489795918,0.16262755102040816,5.223961591720581,2,0,False,,,3.958914947359777,0.2210786048153683
566,cargo-only,17129,13105,0.7650767703893981,0.23492322961060186,7.1145384311676025,2,0,False,,,3.0055645397962287,0.3900278160638801
567,cargo-only,57747,57747,1.0,0.0,9.597901821136475,0,0,False,,,2.3307322479190247,0.6493011560944142
568,cargo-only,831,796,0.9578820697954272,0.04211793020457277,4.9471704959869385,2,0,False,,,9.9547011538643,0.15365046848346947
569,cargo-only,12687,9642,0.7599905414991723,0.24000945850082767,6.975886106491089,2,0,False,,,5.474117416452075,0.24839356001207294
570,cargo-only,22951,19293,0.8406169665809768,0.15938303341902316,4.8962037563323975,2,0,False,,,2.2797712449364544,0.4559141293062078
571,cargo-only,20233,19129,0.9454356743933179,0.05456432560668212,5.219259262084961,2,0,False,,,2.2485781825306637,0.5550931036324755
572,cargo-only,9257,9257,1.0,0.0,11.574776649475098,0,0,False,,,6.194738832487447,0.16217746534549585
573,cargo-only,678,597,0.8805309734513275,0.11946902654867253,5.187433242797852,2,0,False,,,8.38925734552248,0.08530632604204101
574,cargo-only,32351,26745,0.8267132391579859,0.1732867608420141,4.796146631240845,2,0,False,,,2.3031979608539834,0.492817355848535
575,cargo-only,8671,8226,0.9486795064006458,0.0513204935993542,4.701526403427124,2,0,False,,,4.065866596608627,0.4172129214707179
576,cargo-only,6645,6645,1.0,0.0,13.301813840866089,0,0,False,,,8.095220175813198,0.13268565296907806
577,cargo-only,4861,4785,0.984365356922444,0.01563464307755602,4.819224119186401,2,0,False,,,4.445126784661112,0.3113517471794126
578,cargo-only,111304,85977,0.7724520232875728,0.2275479767124272,7.432300329208374,1,0,False,,,1.9198534449495834,0.745799147025574
579,cargo-only,28414,27690,0.9745196030125994,0.025480396987400566,7.14882230758667,2,0,False,,,1.3263835517091684,0.9419108658841594
580,cargo-only,11342,9632,0.8492329395168401,0.1507670604831599,4.6782190799713135,2,0,False,,,3.6767444577487085,0.44796617772703995
581,cargo-only,15571,12259,0.7872968980797637,0.21270310192023634,7.723660230636597,2,0,False,,,4.305968204409013,0.24619463606127875
582,cargo-only,1187,960,0.8087615838247684,0.19123841617523163,5.335344552993774,2,0,False,,,8.452135592439156,0.08003604473680319
583,cargo-only,50447,40636,0.8055186631514263,0.19448133684857372,6.090014696121216,1,0,False,,,1.7473664095951673,0.6209008135822998
584,cargo-only,3424,2637,0.7701518691588785,0.22984813084112155,10.492297887802124,1,0,False,,,8.184864842323814,0.10834857094141562
585,cargo-only,65972,51069,0.7741011338143455,0.22589886618565447,5.265684127807617,2,0,False,,,2.3741732935942697,0.3292105915343726
586,cargo-only,1544,1352,0.8756476683937824,0.12435233160621761,4.577945947647095,2,0,False,,,7.745549482867559,0.13842785743420832
587,cargo-only,200893,171794,0.8551517474476462,0.14484825255235378,8.396274328231812,2,0,False,,,1.1219318737549748,0.9184843007195799
588,cargo-only,20857,20857,1.0,0.0,8.029166460037231,0,0,False,,,3.471332055822693,0.4149216018874127
589,cargo-only,3037,2317,0.762923938096806,0.23707606190319397,6.36314845085144,2,0,False,,,7.975513387804353,0.223232901083027
590,cargo-only,987,867,0.878419452887538,0.12158054711246202,5.534389495849609,2,0,False,,,9.421151395579402,0.10583959668635319
591,cargo-only,53513,46757,0.8737503036645301,0.1262496963354699,5.484877824783325,2,0,False,,,1.4233908643461335,1.2157437464473566
592,cargo-only,2778,2544,0.9157667386609071,0.08423326133909292,7.391383409500122,1,0,False,,,9.915542222805444,0.09667719931789938
593,cargo-only,38621,38620,0.9999741073509231,2.5892649076930674e-05,5.507037401199341,2,0,False,,,1.3344583172247366,1.618760661531829
594,cargo-only,14785,11570,0.7825498816367941,0.21745011836320594,7.5553717613220215,2,0,False,,,4.926332399248531,0.3371613707175329
595,cargo-only,43238,43238,1.0,0.0,9.338584423065186,0,0,False,,,2.0621559532887925,0.7432977357459418
596,cargo-only,4090,3553,0.8687041564792176,0.13129584352078238,5.906934976577759,2,0,False,,,7.9088947424626745,0.13261318289831484
597,cargo-only,5593,4758,0.8507062399427856,0.1492937600572144,5.091232776641846,2,0,False,,,4.898826701680249,0.3190727205507696
598,cargo-only,7755,6549,0.8444874274661509,0.1555125725338491,8.101508617401123,2,0,False,,,4.395767234950967,0.20782165268043093
599,cargo-only,7636,7121,0.9325563122053431,0.06744368779465693,7.653990745544434,2,0,False,,,2.7670119818317107,0.24276569701587064
600,cargo-only,32263,30637,0.9496017109382264,0.05039828906177357,6.828556537628174,1,0,False,,,1.9429771848818431,0.4015198036982784
601,cargo-only,30456,25305,0.8308707643814027,0.16912923561859727,4.862231731414795,2,0,False,,,2.5748445766357944,0.7206050797757559
602,cargo-only,850,817,0.9611764705882353,0.0388235294117647,4.733974456787109,2,0,False,,,8.329282964293583,0.11216045835516483
603,cargo-only,1991,1988,0.9984932194876946,0.0015067805123053502,4.645380258560181,2,0,False,,,6.555548619366699,0.244017628718322
604,cargo-only,66680,54099,0.8113227354529094,0.18867726454709055,6.153505802154541,1,0,False,,,2.296158744890712,0.6103170226678211
605,cargo-only,22790,22790,1.0,0.0,5.964883089065552,2,0,False,,,2.192598477837575,0.5233733047373931
606,cargo-only,1201,942,0.7843463780183181,0.21565362198168192,7.474468231201172,1,0,False,,,9.61357877550953,0.07092485683868016
607,cargo-only,6996,5467,0.7814465408805031,0.21855345911949686,8.310889959335327,1,0,False,,,7.228433641683536,0.2017123523138004
608,cargo-only,131738,124865,0.9478282651930346,0.05217173480696535,7.543553352355957,2,0,False,,,1.2361660362740414,0.8984187716850777
609,cargo-only,166919,157340,0.9426128840934824,0.05738711590651757,7.45056414604187,1,0,False,,,1.2539212677080975,1.2727788604321923
610,cargo-only,3873,3230,0.8339788277820811,0.1660211722179189,11.015276670455933,1,0,False,,,9.586750175478292,0.0827629541716251
611,cargo-only,53758,45679,0.8497153911975892,0.1502846088024108,4.862072467803955,2,0,False,,,1.6332855960673507,0.7184863960415515
612,cargo-only,2939,2253,0.7665872745831915,0.23341272541680846,8.37417221069336,1,0,False,,,9.189338477939632,0.1487941028598742
613,cargo-only,936,897,0.9583333333333334,0.04166666666666663,5.724247932434082,1,0,False,,,9.97754212975621,0.1315144482925997
614,cargo-only,23175,17430,0.7521035598705501,0.2478964401294499,5.081578969955444,2,0,False,,,3.4460958978657903,0.27190444410431347
615,cargo-only,30517,26896,0.8813448241963496,0.11865517580365037,5.634542942047119,2,0,False,,,1.8842975688211292,0.657152596477245
616,cargo-only,1438,1292,0.8984700973574409,0.10152990264255912,4.674185037612915,2,0,False,,,6.052080326268311,0.1885028871658468
617,cargo-only,37466,33140,0.884535312016228,0.11546468798377196,4.883668661117554,2,0,False,,,2.2471683162895575,0.7666337778903706
618,cargo-only,4252,3290,0.7737535277516463,0.2262464722483537,10.323952674865723,1,0,False,,,8.072347793963758,0.12821513130661683
619,cargo-only,28223,26063,0.9234666761152251,0.07653332388477485,7.070598602294922,2,0,False,,,1.9570980562866247,0.8400207187178236
620,cargo-only,2242,2104,0.9384478144513827,0.0615521855486173,5.234879493713379,2,0,False,,,5.720692756376973,0.11855826636186204
621,cargo-only,3105,2361,0.7603864734299517,0.2396135265700483,6.026655435562134,2,0,False,,,6.380816810238894,0.10666210609427051
622,cargo-only,4877,4877,1.0,0.0,5.9605913162231445,2,0,False,,,3.2287542877104225,0.5757219447049471
623,cargo-only,137209,137209,1.0,0.0,9.749222993850708,0,0,False,,,1.4810107152911802,1.0486655128212774
624,cargo-only,44478,40435,0.9091011286478708,0.09089887135212915,8.21966552734375,1,0,False,,,2.9926321652941863,0.5090309832413445
625,cargo-only,1822,1371,0.752469813391877,0.24753018660812298,5.083083152770996,2,0,False,,,8.346956370737352,0.16417520229215654
626,cargo-only,158509,145862,0.920212732400053,0.07978726759994703,8.079202651977539,2,0,False,,,1.0996915176281108,1.3215603470390895
627,cargo-only,3281,2624,0.7997561718988113,0.20024382810118868,7.606049060821533,2,0,False,,,5.974287866676455,0.197643490314449
628,cargo-only,13039,11975,0.9183986502032364,0.08160134979676359,7.332692384719849,1,0,False,,,5.23457344610058,0.304224508162015
629,cargo-only,1583,1330,0.8401768793430195,0.15982312065698046,8.986377477645874,1,0,False,,,5.61130993468911,0.09369266307839184
630,cargo-only,39350,31924,0.8112833545108005,0.18871664548919953,7.057157278060913,2,0,False,,,2.4914201124271957,0.536210339818785
631,cargo-only,83808,83808,1.0,0.0,10.859869003295898,0,0,False,,,2.2231345166509153,0.7064265691864469
632,cargo-only,7782,7781,0.9998714983294783,0.0001285016705216968,5.410213470458984,2,0,False,,,2.8390574913888065,0.4413016583605203
633,cargo-only,17407,13994,0.8039294536680646,0.19607054633193544,5.718161582946777,2,0,False,,,2.3151405352458374,0.23150675855917743
634,cargo-only,27227,26700,0.9806442134645756,0.019355786535424357,5.553708076477051,2,0,False,,,2.567346378725334,0.6113884931326972
635,cargo-only,909,777,0.8547854785478548,0.1452145214521452,7.1430888175964355,2,0,False,,,9.509628186173218,0.18516399674256337
636,cargo-only,5239,4080,0.7787745753006299,0.22122542469937012,6.10345721244812,1,0,False,,,9.215756233284143,0.1577934725938467
637,cargo-only,22039,20673,0.9380189663777848,0.06198103362221519,5.879546165466309,2,0,False,,,1.591740310281846,0.39306503345877325
638,cargo-only,3282,3282,1.0,0.0,7.822571516036987,0,0,False,,,6.474434500302497,0.1471426919667181
639,cargo-only,3229,2545,0.7881697119851347,0.21183028801486525,4.944666147232056,2,0,False,,,9.447854458915918,0.1328605310107092
640,cargo-only,5995,5995,1.0,0.0,9.494027853012085,0,0,False,,,4.59135772495465,0.2115800982755509
641,cargo-only,29183,28883,0.9897200424904911,0.010279957509508941,7.121936082839966,2,0,False,,,1.8380801443389643,0.8357405268561987
642,cargo-only,45331,36162,0.7977322362180407,0.20226776378195932,6.041429042816162,2,0,False,,,1.71313550866775,0.3244701122903164
643,cargo-only,36125,35246,0.9756678200692042,0.02433217993079584,4.619682550430298,2,0,False,,,1.4788164019172574,0.7540262598779183
644,cargo-only,944,869,0.9205508474576272,0.07944915254237284,5.074195861816406,2,0,False,,,5.863258971340165,0.11310247211685298
645,cargo-only,33484,25708,0.7677696810416915,0.23223031895830848,6.915950059890747,1,0,False,,,3.7134311220873557,0.35676133234273527
646,cargo-only,88526,88526,1.0,0.0,13.924611568450928,0,0,False,,,1.122166232018045,0.4512943495610329
647,cargo-only,5839,5148,0.881657818119541,0.11834218188045897,7.1494903564453125,2,0,False,,,3.517703116945076,0.3302561269287232
648,cargo-only,107630,107630,1.0,0.0,9.393803358078003,0,0,False,,,0.891062088153617,1.5262933878906022
649,cargo-only,184736,184736,1.0,0.0,6.094006061553955,2,0,False,,,0.7524404609063428,2.717248287578867
650,cargo-only,3622,2803,0.7738818332413031,0.2261181667586969,5.528111219406128,2,0,False,,,9.594842786680418,0.1708400605483445
651,cargo-only,41002,41002,1.0,0.0,7.353700637817383,0,0,False,,,2.7210946181448348,0.5803971317714239
652,cargo-only,1874,1614,0.8612593383137673,0.13874066168623267,6.998761415481567,2,0,False,,,9.91858960659965,0.15755722148126933
653,cargo-only,12982,9728,0.7493452472654445,0.2506547527345555,5.493210792541504,2,0,False,,,4.206660995692384,0.22633134196511778
654,cargo-only,89575,78085,0.8717276025676807,0.12827239743231933,7.036776304244995,2,0,False,,,1.398255244177838,1.2642585334388756
655,cargo-only,9190,9189,0.9998911860718172,0.0001088139281828493,5.6671178340911865,2,0,False,,,3.334258769168561,0.2632805108139739
656,cargo-only,21932,20836,0.9500273572861572,0.04997264271384283,4.604424953460693,2,0,False,,,2.2816059213921673,0.6076681544897155
657,cargo-only,2232,1776,0.7956989247311828,0.20430107526881724,6.59302830696106,1,0,False,,,8.298970780485027,0.09859910880383574
658,cargo-only,22644,17848,0.7881999646705529,0.21180003532944713,8.576539278030396,1,0,False,,,3.1880865857269742,0.3928598790698855
659,cargo-only,29738,24652,0.8289730311386105,0.17102696886138946,5.2448039054870605,2,0,False,,,2.446024666985404,0.6861091413462127
660,cargo-only,16552,15094,0.9119139681005317,0.08808603189946829,14.443460464477539,1,0,False,,,3.7685101816042015,0.3276873554521061
661,cargo-only,8046,7106,0.8831717623663933,0.11682823763360672,6.585700511932373,1,0,False,,,6.610462084183013,0.11755533313702765
662,cargo-only,638,562,0.8808777429467085,0.11912225705329149,4.874741077423096,2,0,False,,,7.923865653266952,0.09634503978405225
663,cargo-only,90624,68543,0.75634489759887,0.24365510240112997,7.797583341598511,1,0,False,,,1.8965065430002765,0.7231842406410716
664,cargo-only,1540,1245,0.8084415584415584,0.1915584415584416,7.428590774536133,1,0,False,,,7.995323693782204,0.09791885898368857
665,cargo-only,55709,51865,0.9309985819167459,0.0690014180832541,7.76659083366394,2,0,False,,,1.7799579855852778,0.6424641712047257
666,cargo-only,1454,1332,0.9160935350756534,0.08390646492434661,4.887041330337524,2,0,False,,,5.265677635432615,0.14114511957215176
667,cargo-only,20853,18337,0.8793458974727857,0.12065410252721431,6.892784118652344,2,0,False,,,2.3959556202097954,0.5036232042872096
668,cargo-only,2551,2551,1.0,0.0,7.515869855880737,0,0,False,,,9.272273023309278,0.14913730233418648
669,cargo-only,31738,31738,1.0,0.0,5.345743656158447,2,0,False,,,1.4316174005425073,1.215863382451211
670,cargo-only,2555,2486,0.9729941291585127,0.02700587084148731,5.210563659667969,2,0,False,,,5.169179157048566,0.21390429983091405
671,cargo-only,81474,64704,0.794167464467192,0.205832535532808,5.18654203414917,2,0,False,,,1.8862020488465776,0.8143579996534852
672,cargo-only,80741,68068,0.8430413296838037,0.15695867031619626,10.716694116592407,1,0,False,,,1.7494443437361369,0.4899843668763645
673,cargo-only,5936,4431,0.7464622641509434,0.2535377358490566,6.188275337219238,1,0,False,,,7.594040026320653,0.1698982374394148
674,cargo-only,1276,932,0.7304075235109718,0.2695924764890282,5.960851430892944,2,0,False,,,7.80284944934799,0.07311514670587478
675,cargo-only,55031,55031,1.0,0.0,7.250306606292725,0,0,False,,,2.3905938591060356,0.7287249739491988
676,cargo-only,4074,3212,0.7884143348060874,0.21158566519391264,10.11273455619812,1,0,False,,,7.2697639450356375,0.19881876077909072
677,cargo-only,647,584,0.9026275115919629,0.09737248840803714,6.4165637493133545,2,0,False,,,9.742163881173234,0.10077436494739808
678,cargo-only,38771,38401,0.9904567847102216,0.009543215289778417,8.347158432006836,2,0,False,,,1.8261767098344115,0.5691404713758198
679,cargo-only,47957,47957,1.0,0.0,5.616886615753174,2,0,False,,,1.2354580626675593,0.7470833781005398
680,cargo-only,1123,920,0.8192341941228851,0.18076580587711488,5.917424917221069,1,0,False,,,6.98015583223495,0.09906883789858281
681,cargo-only,47405,40929,0.8633899377702774,0.1366100622297226,6.996796369552612,2,0,False,,,1.4107412227285536,1.2144996899262477
682,cargo-only,23621,18555,0.7855298251555819,0.2144701748444181,8.971084356307983,1,0,False,,,3.7674708256134335,0.3304221020520525
683,cargo-only,5847,4727,0.8084487771506755,0.19155122284932447,6.026973247528076,1,0,False,,,3.431020419069554,0.26206026823910233
684,cargo-only,2617,2287,0.8739014138326328,0.12609858616736724,6.172721862792969,1,0,False,,,9.7314789421639,0.12659046465259705
685,cargo-only,23839,19145,0.8030957674399094,0.1969042325600906,6.469308376312256,1,0,False,,,2.9369251923120787,0.2859222267169598
686,cargo-only,4018,3687,0.9176207068193131,0.08237929318068693,7.666161060333252,2,0,False,,,5.934505501024434,0.26877148739478024
687,cargo-only,17301,17069,0.9865903704988152,0.01340962950118485,5.578958034515381,2,0,False,,,2.9286840547067,0.6054081624030417
688,cargo-only,49350,38620,0.7825734549138804,0.21742654508611958,4.658640384674072,2,0,False,,,1.90782774333017,0.762822676419586
689,cargo-only,12171,10228,0.8403582285761235,0.15964177142387648,6.516576766967773,2,0,False,,,2.318092016018967,0.25298055334075414
690,cargo-only,79662,76765,0.9636338530290477,0.03636614697095231,5.951480865478516,2,0,False,,,1.1203453564651558,1.2990135701259478
691,cargo-only,3478,2991,0.8599769982748706,0.14002300172512938,7.335794687271118,2,0,False,,,9.918185950335278,0.13925883454676233
692,cargo-only,18797,16741,0.8906208437516625,0.1093791562483375,5.413586378097534,1,0,False,,,2.6856333643711365,0.6828382721967461
693,cargo-only,5921,4459,0.7530822496199966,0.2469177503800034,8.269279718399048,1,0,False,,,7.1011765576063395,0.13567695602419746
694,cargo-only,20291,18761,0.9245971120201074,0.07540288797989259,7.367290496826172,1,0,False,,,4.081974501322477,0.437085640037135
695,cargo-only,3707,3328,0.8977609927164824,0.10223900728351765,5.9639809131622314,2,0,False,,,3.012079849573822,0.23352636437335783
696,cargo-only,37507,30976,0.8258725037992908,0.17412749620070922,4.86106538772583,2,0,False,,,1.4612028742286036,0.851578857191414
697,cargo-only,2604,2168,0.8325652841781874,0.16743471582181257,5.154809236526489,2,0,False,,,7.242158867046989,0.10632343665225014
698,cargo-only,101466,101466,1.0,0.0,13.689662456512451,0,0,False,,,1.4730861108979518,0.8430140828713636
699,cargo-only,73474,69406,0.9446334757873533,0.05536652421264665,5.431320667266846,1,0,False,,,1.1938030593879674,1.4047310852550579
700,cargo-only,26997,20671,0.7656776678890247,0.2343223321109753,5.7836997509002686,2,0,False,,,2.1592141304108385,0.30125021764709203
701,cargo-only,12101,11409,0.9428146434178993,0.057185356582100666,5.149439096450806,2,0,False,,,2.0880827790553544,0.570340168165081
702,cargo-only,2095,2056,0.9813842482100239,0.018615751789976098,5.597551107406616,2,0,False,,,4.1484255258740195,0.1839022631070831
703,cargo-only,94849,90678,0.9560248394817025,0.04397516051829753,5.490624666213989,2,0,False,,,1.3953352065115614,0.755800956228745
704,cargo-only,38077,38077,1.0,0.0,4.451411008834839,2,0,False,,,1.2558914316990575,1.4437515553368458
705,cargo-only,17375,13338,0.7676546762589928,0.23234532374100725,7.379764556884766,2,0,False,,,3.6862275740755193,0.38323076779085924
706,cargo-only,2975,2343,0.787563025210084,0.21243697478991597,7.219850540161133,1,0,False,,,9.176855273851169,0.1274759618552201
707,cargo-only,142278,130568,0.9176963409662773,0.08230365903372272,5.697515964508057,2,0,False,,,1.0023275966907088,1.498056337903563
708,cargo-only,2783,2245,0.8066834351419332,0.1933165648580668,10.79800796508789,2,0,False,,,9.391991535004182,0.12306000496410176
709,cargo-only,12572,10889,0.866131084950684,0.13386891504931597,5.604503870010376,1,0,False,,,3.8546965582316766,0.32050837998333775
710,cargo-only,93304,72393,0.775883134699477,0.224116865300523,6.169978618621826,1,0,False,,,1.809657942139686,0.95419343780889
711,cargo-only,14007,13002,0.9282501606339687,0.0717498393660313,7.069106817245483,1,0,False,,,4.730972636243017,0.16896211747756182
712,cargo-only,94452,71056,0.7522974632617626,0.2477025367382374,5.385705471038818,2,0,False,,,1.9382128942843246,0.77703068994328
713,cargo-only,1390,1119,0.8050359712230216,0.19496402877697838,7.381967544555664,2,0,False,,,8.555599597348499,0.11179025199567777
714,cargo-only,10477,8409,0.8026152524577647,0.19738474754223534,10.19204592704773,1,0,False,,,5.626115861714219,0.24634738547291185
715,cargo-only,16135,12744,0.7898357607685157,0.2101642392314843,6.165363073348999,1,0,False,,,3.350434393928921,0.2669261463418267
716,cargo-only,117533,93637,0.7966868879378558,0.2033131120621442,4.5955259799957275,2,0,False,,,1.6264926974198843,0.8190857843721577
717,cargo-only,1594,1194,0.7490589711417817,0.25094102885821834,7.12031626701355,2,0,False,,,5.8609734656358246,0.128937675434757
718,cargo-only,2696,2696,1.0,0.0,5.7679338455200195,2,0,False,,,5.829992631001231,0.1450423388947926
719,cargo-only,15266,15151,0.9924669199528364,0.007533080047163576,4.960434913635254,2,0,False,,,2.645982184311363,0.6081638225119332
720,cargo-only,164873,164873,1.0,0.0,10.017723798751831,0,0,False,,,0.9452946595008865,1.8650764022512167
721,cargo-only,253931,199210,0.7845044519968023,0.2154955480031977,8.231518268585205,1,0,False,,,1.1126321670662964,0.8703904973464328
722,cargo-only,12896,10370,0.8041253101736973,0.19587468982630274,5.135540008544922,2,0,False,,,2.8040446051055685,0.6338812057108107
723,cargo-only,5076,5076,1.0,0.0,10.377054452896118,0,0,False,,,8.126399093162673,0.20090826812733403
724,cargo-only,1054,924,0.8766603415559773,0.12333965844402273,5.20832085609436,2,0,False,,,8.262342150887259,0.132477538454083
725,cargo-only,999,837,0.8378378378378378,0.16216216216216217,5.952914237976074,1,0,False,,,6.97916481583797,0.0881050316162361
726,cargo-only,148365,118887,0.8013143261550905,0.19868567384490954,7.5665857791900635,2,0,False,,,1.3446937683561986,0.8069345249589369
727,cargo-only,14052,11348,0.807571875889553,0.19242812411044696,8.782179832458496,1,0,False,,,5.30458875375905,0.28273893551021373
728,cargo-only,6814,5649,0.8290284707954212,0.1709715292045788,6.9644105434417725,1,0,False,,,4.242079459141415,0.202807237739181
729,cargo-only,12216,12216,1.0,0.0,7.29271674156189,2,0,False,,,3.1284541750057904,0.49818931077443807
730,cargo-only,244240,244240,1.0,0.0,7.750878095626831,0,0,False,,,1.0579094667630915,0.9843424188104142
731,cargo-only,64188,54972,0.8564217610768368,0.14357823892316324,7.0184266567230225,2,0,False,,,2.1668663400024517,0.6308893794578034
732,cargo-only,5712,4701,0.8230042016806722,0.17699579831932777,6.1135945320129395,2,0,False,,,4.975766290275978,0.1854890793303426
733,cargo-only,21027,16276,0.7740524088077234,0.2259475911922766,6.381892204284668,1,0,False,,,3.8713694669459358,0.2710292380997681
734,cargo-only,1383,1383,1.0,0.0,7.807133197784424,0,0,False,,,9.959111985639794,0.10000100771360447
735,cargo-only,71780,69259,0.9648787963220953,0.03512120367790472,4.621711254119873,2,0,False,,,0.9714489026621957,1.7201078598509405
736,cargo-only,30955,26821,0.8664513002745922,0.13354869972540784,10.844813823699951,2,0,False,,,2.527557287139957,0.5422229937269315
737,cargo-only,5330,4409,0.827204502814259,0.17279549718574105,5.08465838432312,2,0,False,,,7.361812612571154,0.10646617331757179
738,cargo-only,13808,13808,1.0,0.0,5.5287230014801025,2,0,False,,,2.0620043398293397,0.5316740337596243
739,cargo-only,167350,150775,0.900956080071706,0.09904391992829398,7.211220026016235,1,0,False,,,1.4798106069003192,0.9461272108852821
740,cargo-only,2159,1740,0.8059286706808708,0.19407132931912918,7.276656866073608,1,0,False,,,4.6161806062048365,0.12652959987097664
741,cargo-only,4020,3661,0.9106965174129353,0.08930348258706466,5.909862279891968,2,0,False,,,5.947334270073851,0.16737861558622863
742,cargo-only,84232,74001,0.8785378478487985,0.12146215215120149,5.579221725463867,2,0,False,,,1.660807215958224,0.9968327681020629
743,cargo-only,31896,31895,0.9999686481063457,3.135189365433e-05,6.233892202377319,2,0,False,,,1.7223803172836523,0.8452415954896016
744,cargo-only,11636,11442,0.9833276039876246,0.016672396012375357,6.953376531600952,2,0,False,,,2.144798058504772,0.43413734893874806
745,cargo-only,5432,4573,0.8418630338733432,0.15813696612665684,4.5222814083099365,2,0,False,,,4.005615540795637,0.3531707876377662
746,cargo-only,66642,52708,0.7909126376759401,0.2090873623240599,5.435157299041748,2,0,False,,,2.2182369557065282,0.6064575319130071
747,cargo-only,13781,10758,0.7806400116101879,0.21935998838981208,6.2423484325408936,1,0,False,,,3.7342771401467263,0.2779232949094184
748,cargo-only,26998,21433,0.793873620268168,0.206126379731832,7.128038167953491,1,0,False,,,2.401007218810588,0.42713627059852255
749,cargo-only,72620,63561,0.8752547507573671,0.12474524924263286,4.766844272613525,2,0,False,,,1.434874919708242,1.24121435924924
750,cargo-only,2008,1690,0.8416334661354582,0.1583665338645418,5.018182039260864,2,0,False,,,7.150755255440482,0.16806123773865056
751,cargo-only,4170,3467,0.8314148681055156,0.16858513189448443,8.133325815200806,2,0,False,,,5.468269116647045,0.13105657010810218
752,cargo-only,6566,5173,0.7878464818763327,0.21215351812366734,4.974251985549927,2,0,False,,,6.578866446339554,0.2971502275519617
753,cargo-only,2560,2038,0.79609375,0.20390624999999996,7.315481185913086,1,0,False,,,6.132179575021832,0.09820025914234129
754,cargo-only,68967,68310,0.9904737048153465,0.009526295184653533,5.348080635070801,2,0,False,,,1.293620990845194,1.2753926439169123
755,cargo-only,126122,126122,1.0,0.0,12.325102090835571,0,0,False,,,1.7503932220541534,0.8712836581372855
756,cargo-only,30936,30936,1.0,0.0,7.579896688461304,0,0,False,,,1.681785619669507,0.403588713956767
757,cargo-only,79027,71722,0.9075632378807243,0.09243676211927565,6.825302362442017,2,0,False,,,1.3929554138759352,0.6798178237456443
758,cargo-only,16694,14984,0.8975679884988619,0.10243201150113812,5.889854669570923,1,0,False,,,3.095120848347794,0.41831078859334847
759,cargo-only,8632,6778,0.7852177942539388,0.21478220574606122,7.207025051116943,2,0,False,,,6.092550940887253,0.1960232819233628
760,cargo-only,27559,26604,0.96534707355129,0.034652926448709986,6.089559078216553,2,0,False,,,2.231565534167673,0.49384441970928566
761,cargo-only,2254,2075,0.9205856255545697,0.07941437444543031,5.194637775421143,2,0,False,,,5.301573321917491,0.2346567509160593
762,cargo-only,85645,78960,0.9219452390682469,0.07805476093175312,6.828896999359131,2,0,False,,,1.2438043564557273,0.8676065078805049
763,cargo-only,2494,2443,0.979550922213312,0.02044907778668803,6.80198073387146,1,0,False,,,8.748886302015466,0.16425865334098438
764,cargo-only,27018,27018,1.0,0.0,7.339824914932251,0,0,False,,,3.641639215770474,0.40899811527339497
765,cargo-only,1595,1240,0.7774294670846394,0.22257053291536055,5.895730018615723,1,0,False,,,9.50889936472107,0.12800285210009274
766,cargo-only,105268,103747,0.9855511646464262,0.014448835353573775,7.008404016494751,1,0,False,,,1.5983699888871306,1.0186596675958457
767,cargo-only,4697,4150,0.8835426868213754,0.11645731317862462,11.375468492507935,2,0,False,,,7.0792232728290365,0.19339657066139743
768,cargo-only,16487,13148,0.7974767999029538,0.20252320009704616,10.478885650634766,1,0,False,,,5.2081679418091085,0.18433493208126248
769,cargo-only,55602,45352,0.815654113161397,0.18434588683860298,5.257290601730347,2,0,False,,,2.2088395049418206,0.6844524784629877
770,cargo-only,929,731,0.7868675995694295,0.21313240043057047,4.528335094451904,2,0,False,,,8.95253213985929,0.12060702319352745
771,cargo-only,41155,37253,0.9051877050176164,0.09481229498238364,4.770370960235596,2,0,False,,,1.2668225155133468,0.7652085947516488
772,cargo-only,6572,6161,0.93746195982958,0.06253804017041997,5.017149209976196,2,0,False,,,2.708732697857476,0.18839182256386072
773,cargo-only,54194,54194,1.0,0.0,9.90875792503357,0,0,False,,,2.4506384727353097,0.41244543638058545
774,cargo-only,3177,2568,0.8083097261567517,0.19169027384324833,6.709534168243408,2,0,False,,,3.9505747666776916,0.16044910634126328
775,cargo-only,6671,6629,0.993704092339979,0.006295907660020972,6.404942512512207,2,0,False,,,2.8935371634348432,0.5145626263375526
776,cargo-only,28106,22739,0.8090443321710666,0.19095566782893336,10.85840892791748,2,0,False,,,3.2281906016487474,0.5254090899282139
777,cargo-only,861,684,0.794425087108014,0.20557491289198604,5.242820978164673,2,0,False,,,8.824875676396422,0.1076902450139717
778,cargo-only,1735,1446,0.8334293948126801,0.16657060518731992,7.270865201950073,1,0,False,,,6.463809890765125,0.1346881234800696
779,cargo-only,7248,7173,0.9896523178807947,0.010347682119205337,4.541208982467651,2,0,False,,,2.9484119288925683,0.3781565259827967
780,cargo-only,120110,120110,1.0,0.0,9.954663038253784,0,0,False,,,1.709790161361982,0.5955359243784442
781,cargo-only,19192,15549,0.8101813255523135,0.18981867444768652,7.1755757331848145,1,0,False,,,4.114483293816099,0.2967717613769862
782,cargo-only,6695,5329,0.79596713965646,0.20403286034353996,5.0439722537994385,2,0,False,,,2.9776847671932005,0.23822069087681486
783,cargo-only,1850,1454,0.7859459459459459,0.2140540540540541,6.7441771030426025,2,0,False,,,7.103139223703064,0.137642247767719
784,cargo-only,295767,236215,0.7986523175337343,0.20134768246626567,8.003227233886719,2,0,False,,,0.6645919558402736,2.359804487010512
785,cargo-only,97430,81795,0.8395258134044955,0.1604741865955045,4.557094573974609,2,0,False,,,1.284376747649039,1.5327240382949077
786,cargo-only,2104,1695,0.8056083650190115,0.19439163498098855,6.125356674194336,2,0,False,,,5.504284737523354,0.15654882732381464
787,cargo-only,26301,20670,0.7859016767423291,0.21409832325767086,5.319647789001465,2,0,False,,,2.522039999363633,0.5799229905447771
788,cargo-only,1329,1112,0.836719337848006,0.163280662151994,5.222276926040649,2,0,False,,,6.881604469087624,0.12819976261576152
789,cargo-only,47316,36248,0.7660833544678333,0.23391664553216673,10.220176219940186,1,0,False,,,3.059731666844578,0.4412866561052961
790,cargo-only,47897,44890,0.9372194500699418,0.06278054993005822,4.661519527435303,2,0,False,,,1.4596944570337638,0.8791351118010649
791,cargo-only,75972,75972,1.0,0.0,10.115082025527954,0,0,False,,,2.4104575906074075,0.4243345849958459
792,cargo-only,69895,69895,1.0,0.0,5.179865837097168,2,0,False,,,1.273617289457501,1.0108312649969267
793,cargo-only,6564,5102,0.7772699573430835,0.22273004265691654,10.22110104560852,1,0,False,,,7.965522312320542,0.22783768738421525
794,cargo-only,2527,1888,0.7471309853581322,0.25286901464186784,4.969856262207031,2,0,False,,,5.342948295341799,0.11506798575938607
795,cargo-only,69380,59955,0.8641539348515422,0.13584606514845776,6.165302515029907,1,0,False,,,2.2317642860461366,0.45717921314411675
796,cargo-only,3682,3085,0.8378598587724063,0.16214014122759368,7.9983813762664795,2,0,False,,,5.211715838547439,0.14195350083318636
797,cargo-only,4130,4019,0.9731234866828087,0.02687651331719132,6.886499643325806,2,0,False,,,5.939371636900237,0.2905339724145984
798,cargo-only,22160,19736,0.8906137184115523,0.10938628158844765,5.439011335372925,2,0,False,,,3.0409552368749595,0.4227515582052495
799,cargo-only,130292,130292,1.0,0.0,7.3173627853393555,0,0,False,,,1.6914741286175563,0.8109659268974209
800,context-rich,8025,7339,0.9145171339563863,0.08548286604361366,22.907906532287598,2,3,False,,,3.2873754579690937,0.24929817260071716
801,context-rich,24136,24136,1.0,0.0,8.395285606384277,0,3,False,,,1.7328302792593366,0.8640800054007828
802,context-rich,13074,13073,0.9999235123145174,7.648768548262908e-05,8.040517091751099,0,3,False,,,4.379453235473795,0.3408729720273127
803,context-rich,1223,1223,1.0,0.0,9.609708309173584,0,3,False,,,8.899523898775556,0.14515804566151852
804,context-rich,1757,1224,0.6966420034149118,0.3033579965850882,17.70290994644165,2,3,False,,,7.677151805156849,0.15097496948024328
805,context-rich,3441,3441,1.0,0.0,12.144616603851318,0,3,False,,,3.4983795536804494,0.1534486363512279
806,context-rich,23425,23425,1.0,0.0,22.615551948547363,2,3,False,,,2.082588221250443,0.588643372268255
807,context-rich,15150,15150,1.0,0.0,8.617765188217163,0,3,False,,,3.4152838787041424,0.4555868326498551
808,context-rich,2848,2848,1.0,0.0,15.263241291046143,0,3,False,,,6.857757126249136,0.12408146051718613
809,context-rich,3514,3514,1.0,0.0,8.525514125823975,0,3,False,,,8.116086493917411,0.13797208993260904
810,context-rich,13236,13236,1.0,0.0,13.125932931900024,0,3,False,,,3.2051679011000274,0.1821901884957412
811,context-rich,7404,7404,1.0,0.0,6.679600954055786,2,0,False,,,3.1575190039555667,0.3246968929169976
812,context-rich,113662,112499,0.989767908359874,0.010232091640125951,16.81238842010498,0,2,False,,,1.1298108903368194,0.7317554143055436
813,context-rich,22190,18708,0.8430824695808923,0.15691753041910772,33.29118990898132,2,2,False,,,2.632833404714435,0.4041078974191125
814,context-rich,726,726,1.0,0.0,14.946223020553589,0,3,False,,,6.3646117387089305,0.11467659151332826
815,context-rich,23076,23076,1.0,0.0,26.794682025909424,0,3,False,,,3.9570032180453576,0.24727742804525085
816,context-rich,1918,1697,0.8847758081334723,0.11522419186652766,41.75178146362305,2,3,False,,,8.32790162403561,0.22841104291370662
817,context-rich,194081,194081,1.0,0.0,6.857568979263306,0,0,False,,,1.105314703537004,1.9265350455950518
818,context-rich,93973,93973,1.0,0.0,11.10246753692627,0,1,False,,,1.7455436736999195,0.608978774352463
819,context-rich,45718,45718,1.0,0.0,19.131582498550415,0,3,False,,,2.706445787946429,0.32879734961388446
820,context-rich,2668,2064,0.7736131934032984,0.22638680659670163,17.364354610443115,1,3,False,,,9.126515015649913,0.12999632921834423
821,context-rich,24302,21802,0.8971278084108304,0.1028721915891696,16.06872272491455,1,3,False,,,4.076815247385612,0.3715899801520168
822,context-rich,2647,2647,1.0,0.0,10.986629009246826,0,3,False,,,7.19382587310052,0.12565713669353373
823,context-rich,133770,133770,1.0,0.0,12.576871633529663,0,1,False,,,1.3536525992268673,0.9461228134512123
824,context-rich,16945,16945,1.0,0.0,9.937310695648193,0,3,False,,,4.4218986333509545,0.2254233913117238
825,context-rich,949,799,0.8419388830347735,0.1580611169652265,29.240635633468628,0,3,False,,,9.868563321298783,0.15700005783745305
826,context-rich,33611,30678,0.9127369016095921,0.08726309839040791,22.67554235458374,2,3,False,,,1.2952922066899972,0.7600843105091014
827,context-rich,305235,305235,1.0,0.0,5.245147228240967,0,0,False,,,0.9185300386336777,1.8422745408054382
828,context-rich,11269,8891,0.7889786138965303,0.21102138610346965,15.575308322906494,1,3,False,,,3.8214825696112884,0.21740162289163878
829,context-rich,95353,69599,0.7299088649544325,0.2700911350455675,20.848809719085693,1,3,False,,,1.8068485709785276,0.9448074986302932
830,context-rich,82324,81496,0.9899421796802876,0.010057820319712363,20.3271267414093,0,3,False,,,1.6264154594166138,0.7614472108802567
831,context-rich,4362,3427,0.7856487849610271,0.21435121503897292,30.27969193458557,1,3,False,,,8.614739536953893,0.09331158353240264
832,context-rich,22362,19044,0.8516232895089885,0.14837671049101153,31.923633575439453,2,2,False,,,1.728794768504173,0.5572686944312807
833,context-rich,3292,3292,1.0,0.0,12.280057668685913,0,3,False,,,7.448302547918073,0.14452896972990054
834,context-rich,18507,18507,1.0,0.0,15.239062786102295,0,3,False,,,4.235488099196712,0.3259783544950846
835,context-rich,11647,9365,0.8040697175238258,0.19593028247617417,18.703408002853394,1,3,False,,,4.512289799419552,0.23860147069167922
836,context-rich,9222,9222,1.0,0.0,10.217512607574463,0,3,False,,,3.592725584848834,0.4153050364890303
837,context-rich,95476,72247,0.7567032552683397,0.2432967447316603,13.378138303756714,1,3,False,,,2.0746123321640377,0.6765928352859275
838,context-rich,8061,6275,0.7784393995782161,0.22156060042178394,12.186804294586182,2,3,False,,,5.474012474749067,0.26301200189230656
839,context-rich,5765,5765,1.0,0.0,24.95899200439453,0,3,False,,,8.214320629827625,0.1925561304690377
840,context-rich,1844,1588,0.8611713665943601,0.1388286334056399,18.605403900146484,2,3,False,,,4.716139135722815,0.09481544548764838
841,context-rich,175276,175276,1.0,0.0,10.779520273208618,2,0,False,,,1.1209658482815892,1.1713411947591665
842,context-rich,53968,51167,0.948098873406463,0.05190112659353696,17.256685972213745,0,3,False,,,2.1955279115053776,0.5764080970196355
843,context-rich,9037,9037,1.0,0.0,25.610695362091064,0,3,False,,,3.8363130543172748,0.372000701326516
844,context-rich,61491,54249,0.8822266673171684,0.11777333268283163,16.43565845489502,2,3,False,,,1.5289151564234154,0.681311856223499
845,context-rich,2770,2185,0.7888086642599278,0.2111913357400722,9.626767873764038,1,0,False,,,7.114789882118684,0.16876714391884823
846,context-rich,135242,135242,1.0,0.0,9.412211418151855,0,3,False,,,1.4854652431859738,0.9034924166957111
847,context-rich,5100,5100,1.0,0.0,12.530778884887695,0,3,False,,,7.788415464707111,0.20723715719726557
848,context-rich,14804,14804,1.0,0.0,12.722573041915894,0,3,False,,,2.518501329585698,0.6708323422825266
849,context-rich,1572,1572,1.0,0.0,10.062331199645996,0,3,False,,,9.63725562010974,0.16119288727469205
850,context-rich,1650,1439,0.8721212121212121,0.12787878787878793,17.37455725669861,2,3,False,,,9.240889104446245,0.11011388730075104
851,context-rich,19459,15213,0.7817976257772753,0.2182023742227247,21.652379035949707,2,3,False,,,3.008491934698203,0.4482721155930303
852,context-rich,72390,72366,0.9996684624948198,0.00033153750518022385,12.604938507080078,0,3,False,,,2.21261992648934,0.5781696041985477
853,context-rich,17453,15488,0.8874119062625336,0.11258809373746637,21.772881746292114,0,1,False,,,2.4792038695454655,0.616738387897265
854,context-rich,6007,6007,1.0,0.0,22.510549306869507,0,3,False,,,7.731831455836837,0.11761322747361866
855,context-rich,7509,6720,0.8949260886935677,0.10507391130643229,12.699948787689209,2,2,False,,,2.2747540904681345,0.30380450808920445
856,context-rich,9372,9372,1.0,0.0,22.98404335975647,0,3,False,,,5.921042780367755,0.2366009052606192
857,context-rich,48869,40555,0.829871697804334,0.170128302195666,19.049394130706787,1,3,False,,,1.901769120593285,0.3592375348429003
858,context-rich,27058,27058,1.0,0.0,14.447986602783203,0,3,False,,,1.848882834289625,0.7252009578923473
859,context-rich,68433,68433,1.0,0.0,7.001506567001343,2,0,False,,,1.0103418698235611,1.008127199816791
860,context-rich,36309,36309,1.0,0.0,12.726851224899292,0,3,False,,,2.526988049408246,0.39511014991146737
861,context-rich,1991,1601,0.8041185334003014,0.19588146659969863,17.475691318511963,2,3,False,,,8.471427830474466,0.1704114341629619
862,context-rich,3592,2825,0.7864699331848553,0.21353006681514475,14.691917181015015,1,3,False,,,9.255162934416457,0.1109590455823921
863,context-rich,195224,195224,1.0,0.0,12.087709426879883,0,1,False,,,1.044189666357483,1.2696128559171276
864,context-rich,5488,4846,0.8830174927113703,0.11698250728862969,11.449107646942139,0,3,False,,,3.7831229878630537,0.22950672120764842
865,context-rich,63356,62624,0.9884462402929478,0.011553759707052191,10.472969770431519,0,3,False,,,2.138168347404635,0.7143597544746461
866,context-rich,11877,10450,0.8798518144312537,0.12014818556874629,22.77794361114502,2,3,False,,,3.8489663250165997,0.4204576229969331
867,context-rich,2788,2788,1.0,0.0,8.431440591812134,0,3,False,,,8.232842563962855,0.12820617256205188
868,context-rich,2419,2419,1.0,0.0,11.950559616088867,0,3,False,,,7.234494252871481,0.11650782490929715
869,context-rich,2496,2157,0.8641826923076923,0.1358173076923077,10.87861943244934,1,3,False,,,9.675956158362867,0.1652242028350571
870,context-rich,50043,38894,0.777211598025698,0.22278840197430205,30.833335876464844,2,3,False,,,2.3326350346531153,0.5953514959922954
871,context-rich,48923,44102,0.9014573922286041,0.0985426077713959,22.203251600265503,0,3,False,,,2.6115018556107503,0.36907308864507765
872,context-rich,112706,107112,0.9503664401185385,0.04963355988146145,11.488072633743286,0,3,False,,,1.6608879951002031,0.574384858376245
873,context-rich,2476,2154,0.869951534733441,0.130048465266559,16.643898963928223,2,3,False,,,8.258339144796054,0.19759188974939842
874,context-rich,947,947,1.0,0.0,8.28157901763916,0,3,False,,,8.822184812321598,0.11935017166489859
875,context-rich,76553,61074,0.7978002168432328,0.20219978315676723,16.855540990829468,1,3,False,,,1.4697738769520565,1.1492371007792062
876,context-rich,21096,19519,0.9252464922260144,0.0747535077739856,24.113003730773926,0,3,False,,,2.335711549163206,0.8097100347234196
877,context-rich,62379,62379,1.0,0.0,9.260377883911133,0,3,False,,,1.989912476715377,0.40689052625143424
878,context-rich,5346,4639,0.8677515899738122,0.1322484100261878,11.372199296951294,2,3,False,,,4.593350437763351,0.20647848384310025
879,context-rich,130828,130828,1.0,0.0,8.16730260848999,0,3,False,,,1.4128925941887716,0.8087486817533935
880,context-rich,28323,22982,0.8114253433605197,0.18857465663948025,34.21204948425293,2,3,False,,,2.5362481236099845,0.4074626767197709
881,context-rich,75984,75984,1.0,0.0,14.459512710571289,0,3,False,,,1.2849209941831445,0.9901097719730355
882,context-rich,3715,3366,0.9060565275908479,0.09394347240915213,14.964999914169312,1,3,False,,,8.145227288437018,0.13350685796331044
883,context-rich,1591,1591,1.0,0.0,7.81994104385376,0,3,False,,,6.0877643819752425,0.14159866372331517
884,context-rich,75994,75329,0.991249309155986,0.00875069084401403,28.589202404022217,0,3,False,,,1.8226459580906016,0.6740736044278051
885,context-rich,96692,96692,1.0,0.0,11.987887382507324,0,3,False,,,1.8627550009102851,0.46483635596049655
886,context-rich,1934,1547,0.7998965873836608,0.20010341261633924,12.648887395858765,2,3,False,,,9.80143428346134,0.12733594184427816
887,context-rich,62594,62594,1.0,0.0,12.535097122192383,0,3,False,,,1.2778329092121308,1.1593035536523497
888,context-rich,3133,3133,1.0,0.0,8.21131157875061,0,3,False,,,4.886489425664563,0.1666269073644451
889,context-rich,85710,76716,0.8950647532376619,0.10493524676233812,30.538361072540283,2,3,False,,,1.0831419377654856,0.7457846494207748
890,context-rich,2101,2101,1.0,0.0,12.16244888305664,0,3,False,,,9.588646934604512,0.11909883292609773
891,context-rich,14079,11645,0.8271184032956886,0.17288159670431136,10.70884108543396,1,3,False,,,4.507752285499179,0.3990622632679146
892,context-rich,217283,217283,1.0,0.0,11.443081378936768,0,3,False,,,0.7125352326796927,127.11851813802349
893,context-rich,36013,36013,1.0,0.0,5.3414530754089355,0,0,False,,,1.8088460713614158,0.880334072410992
894,context-rich,4060,3432,0.8453201970443349,0.15467980295566508,23.75605821609497,2,3,False,,,4.05808292710708,0.18698109499322363
895,context-rich,11148,11148,1.0,0.0,7.713908672332764,0,3,False,,,4.026845311355144,0.47208567640045607
896,context-rich,132996,132996,1.0,0.0,26.627792358398438,0,1,False,,,1.4250204052285789,0.8837321338851145
897,context-rich,14195,12663,0.8920746741810497,0.10792532581895031,11.454871654510498,1,3,False,,,4.041521356369422,0.19100584627467398
898,context-rich,6241,6241,1.0,0.0,22.176835775375366,0,3,False,,,8.072768928987344,0.1386662490764042
899,context-rich,67067,66921,0.9978230724499382,0.0021769275500618246,13.747884035110474,0,3,False,,,2.340583358581623,0.5690761774836325
900,context-rich,2891,2891,1.0,0.0,14.336087942123413,0,3,False,,,9.751983516901205,0.11389535778831564
901,context-rich,18939,18939,1.0,0.0,16.783236265182495,0,3,False,,,4.495212309594276,0.2506813798027424
902,context-rich,2756,2756,1.0,0.0,5.170501232147217,0,0,False,,,4.343058672396499,0.2148573947093379
903,context-rich,1224,1109,0.9060457516339869,0.09395424836601307,24.09526252746582,1,3,False,,,8.553314841794021,0.106090714646826
904,context-rich,98926,98926,1.0,0.0,7.533650875091553,0,0,False,,,1.1320882680966462,1.8670687359104996
905,context-rich,6183,4821,0.779718583212033,0.22028141678796698,23.009829998016357,1,3,False,,,5.252429199757251,0.14390301857296794
906,context-rich,122879,122879,1.0,0.0,10.837632179260254,0,3,False,,,1.6796700669913904,0.6463740082830666
907,context-rich,2611,2611,1.0,0.0,26.16939115524292,0,3,False,,,9.77429537796818,0.1576901826639433
908,context-rich,10432,8327,0.7982170245398773,0.2017829754601227,14.90339732170105,1,3,False,,,4.825551551070364,0.3159021511909133
909,context-rich,128357,119570,0.9315424947607065,0.0684575052392935,13.224393606185913,1,3,False,,,0.9752928616661418,1.7369704268646176
910,context-rich,4107,4107,1.0,0.0,44.509400606155396,0,3,False,,,6.715497096211544,0.13698040768847797
911,context-rich,8867,6732,0.7592195782113454,0.24078042178865455,20.34394931793213,2,3,False,,,3.8595036058883214,0.42206041510409903
912,context-rich,119532,119532,1.0,0.0,9.158796072006226,0,3,False,,,1.243444590423094,0.7787633973851958
913,context-rich,28400,21317,0.7505985915492958,0.24940140845070424,24.176498889923096,1,3,False,,,2.6988331761331206,0.4120046420047448
914,context-rich,11550,10409,0.9012121212121212,0.09878787878787876,23.180202960968018,0,3,False,,,2.4345794842362785,0.26861781525273026
915,context-rich,67789,62036,0.9151337237604921,0.08486627623950793,8.75635313987732,0,3,False,,,1.3459516249838588,1.2374049584048605
916,context-rich,28945,28945,1.0,0.0,10.486164093017578,0,3,False,,,1.4822917026640428,0.5234331171640705
917,context-rich,4811,3723,0.773851590106007,0.22614840989399299,13.282849788665771,2,3,False,,,7.485758527049329,0.1803514469355556
918,context-rich,1578,1578,1.0,0.0,11.828049898147583,0,3,False,,,8.076789366204329,0.1007037254228603
919,context-rich,4860,4474,0.9205761316872428,0.07942386831275716,11.433652877807617,2,3,False,,,6.203137578331865,0.17085652604204654
920,context-rich,23356,23356,1.0,0.0,12.584911584854126,0,3,False,,,2.00000613112266,0.7789720697026941
921,context-rich,19848,15664,0.7891979040709391,0.21080209592906085,11.145755767822266,1,3,False,,,2.331418773741298,0.39003268426483056
922,context-rich,2309,2309,1.0,0.0,17.26518416404724,0,3,False,,,6.168242557309079,0.20392757904790026
923,context-rich,68400,58372,0.853391812865497,0.14660818713450297,14.475945472717285,1,3,False,,,1.2472926139209888,1.3737599939285534
924,context-rich,35600,29253,0.8217134831460674,0.1782865168539326,15.286798000335693,2,3,False,,,2.2727530289470623,0.4579806903713897
925,context-rich,1999,1999,1.0,0.0,6.788514137268066,0,0,False,,,9.72085866917117,0.17570950736491528
926,context-rich,35900,30563,0.8513370473537605,0.14866295264623952,12.53643012046814,2,3,False,,,1.9084355925416976,0.49326544047746673
927,context-rich,69559,69559,1.0,0.0,13.123483180999756,0,3,False,,,1.899565210334642,0.8884931063678488
928,context-rich,7856,5943,0.7564918533604889,0.24350814663951115,15.024021863937378,2,3,False,,,6.018867726280807,0.26555187355072263
929,context-rich,5639,5639,1.0,0.0,9.233852863311768,0,3,False,,,9.602111345319315,0.11769115745668153
930,context-rich,46035,45641,0.9914412946671011,0.00855870533289893,13.41152310371399,2,1,False,,,1.1609735146710196,1.0282249776882382
931,context-rich,103651,103651,1.0,0.0,10.62753438949585,0,3,False,,,1.0693886002559316,0.8293718396030492
932,context-rich,4386,4386,1.0,0.0,12.486517190933228,0,3,False,,,9.56718804166297,0.12383664389856411
933,context-rich,55161,50092,0.908105364297239,0.09189463570276102,9.638076305389404,2,3,False,,,1.5644872693747982,0.9677460962409616
934,context-rich,4932,4932,1.0,0.0,6.0551066398620605,0,0,False,,,6.7566307600096,0.17423773450144786
935,context-rich,19981,15577,0.7795906110805265,0.22040938891947348,14.932763814926147,2,3,False,,,3.2940432812617266,0.29103057386788367
936,context-rich,14480,14480,1.0,0.0,7.690375566482544,0,3,False,,,2.9415405265707246,0.6184080840016513
937,context-rich,7529,7529,1.0,0.0,12.290170431137085,0,3,False,,,2.570334971074311,0.22962533973380475
938,context-rich,9071,9071,1.0,0.0,6.3073601722717285,2,0,False,,,2.3333416097909843,0.4966130575799014
939,context-rich,55923,42883,0.7668222377197218,0.2331777622802782,19.294825315475464,1,3,False,,,2.3387341151535574,0.5756422817877452
940,context-rich,3706,3706,1.0,0.0,8.263470888137817,0,3,False,,,8.936716849124956,0.1080451658109992
941,context-rich,229037,229037,1.0,0.0,8.813044309616089,0,3,False,,,1.0272432357085952,1.0586572389913955
942,context-rich,82710,82710,1.0,0.0,28.744519472122192,0,2,False,,,1.264661492984804,1.390274544907243
943,context-rich,8893,8893,1.0,0.0,4.757762670516968,0,0,False,,,2.0183036662641167,0.4035455446402551
944,context-rich,5084,4311,0.8479543666404405,0.15204563335955945,18.91251039505005,2,3,False,,,6.8549208511970585,0.2625851372388962
945,context-rich,4018,3204,0.7974116475858636,0.20258835241413642,11.004109621047974,2,3,False,,,6.942867222097819,0.1017876871687454
946,context-rich,126030,122678,0.9734031579782592,0.02659684202174084,9.708742618560791,0,3,False,,,1.4742078313869702,0.8141318400991675
947,context-rich,14246,11964,0.8398146848238102,0.16018531517618984,13.586979866027832,2,3,False,,,4.178644345604696,0.34672234373283933
948,context-rich,332971,332971,1.0,0.0,5.798056602478027,0,0,False,,,0.6172497119830038,2.333972226831148
949,context-rich,3552,3251,0.915259009009009,0.08474099099099097,17.06432819366455,1,3,False,,,9.84950984696356,0.13935202781896558
950,context-rich,69245,69245,1.0,0.0,12.08316159248352,0,3,False,,,1.7785221736694263,0.8062281592095528
951,context-rich,106424,76649,0.720222882056679,0.27977711794332105,16.81847643852234,2,3,False,,,1.7384456573313007,0.5622476738576744
952,context-rich,7034,7034,1.0,0.0,7.8840556144714355,0,3,False,,,7.13332013932083,0.20427171397682953
953,context-rich,2410,2157,0.8950207468879668,0.10497925311203316,18.380785703659058,1,3,False,,,7.625726320975994,0.1108362832948028
954,context-rich,26869,24445,0.9097845100301463,0.09021548996985373,62.49510979652405,0,3,False,,,1.5527232892428924,1.0711689782186082
955,context-rich,1913,1596,0.8342916884474647,0.1657083115525353,12.24740219116211,2,1,False,,,9.883418461581199,0.10457267581857442
956,context-rich,30314,30314,1.0,0.0,11.152220487594604,0,3,False,,,3.170301333519171,0.4412505750716414
957,context-rich,5579,5579,1.0,0.0,13.622621774673462,0,3,False,,,6.256630322856446,0.20910685619093322
958,context-rich,117430,93321,0.7946947117431662,0.2053052882568338,30.62490153312683,2,2,False,,,1.5425540182838935,1.036723016932604
959,context-rich,50830,50830,1.0,0.0,17.72192883491516,0,3,False,,,1.4175717379284154,0.48793502432957253
960,context-rich,1067,1067,1.0,0.0,20.460930109024048,0,3,False,,,9.862743610297613,0.1581325576596054
961,context-rich,203590,203590,1.0,0.0,17.236554861068726,0,3,False,,,1.3844808691609172,0.7449124275499595
962,context-rich,28197,28197,1.0,0.0,10.788631916046143,0,3,False,,,2.4477169955625624,0.4224922993821082
963,context-rich,69816,57010,0.8165749971353271,0.1834250028646729,14.805132150650024,1,3,False,,,2.129714087123799,0.6612564083478455
964,context-rich,96887,96887,1.0,0.0,7.1291115283966064,0,1,False,,,1.3209587916434888,1.397001673587504
965,context-rich,2971,2481,0.8350723662066645,0.16492763379333553,17.17696523666382,1,3,False,,,7.421723808064975,0.10872155521894626
966,context-rich,25500,25500,1.0,0.0,30.36486029624939,0,3,False,,,1.7846437473576446,0.5528826413416207
967,context-rich,5271,5271,1.0,0.0,21.246718645095825,0,3,False,,,7.6302817376200025,0.13553159384304206
968,context-rich,167291,167291,1.0,0.0,21.074061393737793,0,3,False,,,1.3627174716333574,1.2869834740341328
969,context-rich,21747,19247,0.8850416149353934,0.11495838506460665,14.656443357467651,0,2,False,,,1.4585388231336236,0.6871055029326536
970,context-rich,55367,49798,0.8994166200083082,0.10058337999169176,12.031635761260986,1,3,False,,,1.5498065093683786,0.872277636617314
971,context-rich,1151,1151,1.0,0.0,41.265076875686646,0,3,False,,,6.961143001931441,0.14931586569160782
972,context-rich,7792,6510,0.8354722792607803,0.16452772073921973,10.265183448791504,2,3,False,,,4.220423291272842,0.19490727199272376
973,context-rich,33914,33096,0.9758801674824557,0.02411983251754435,10.855631113052368,2,3,False,,,2.1824440669515917,0.5070684850425046
974,context-rich,209691,209691,1.0,0.0,5.254204750061035,0,0,False,,,0.9838392938616359,1.7187147146725614
975,context-rich,2360,2360,1.0,0.0,13.359849452972412,0,3,False,,,8.33242565247596,0.09541705181118572
976,context-rich,19464,17576,0.9030004110152076,0.09699958898479244,10.255743503570557,1,3,False,,,2.988107300786367,0.5932407529181718
977,context-rich,5791,5791,1.0,0.0,8.395666122436523,0,3,False,,,7.600228592975734,0.19682131616411844
978,context-rich,2738,2433,0.8886048210372535,0.11139517896274653,14.813990116119385,2,3,False,,,4.940891622694115,0.11563803718302296
979,context-rich,645,645,1.0,0.0,4.332789659500122,0,0,False,,,9.991011094923955,0.15212207368930172
980,context-rich,26638,23888,0.8967640213229221,0.1032359786770779,12.25691556930542,1,3,False,,,2.5789136385215254,0.33147803164985745
981,context-rich,406519,406519,1.0,0.0,8.40919017791748,0,0,False,,,0.9043032715131989,1.8209656870722255
982,context-rich,96296,96296,1.0,0.0,13.07735562324524,0,3,False,,,1.4488948734997955,0.9460853083724302
983,context-rich,8445,7655,0.9064535227945529,0.09354647720544707,21.21985101699829,1,3,False,,,6.062932690406311,0.262437776042922
984,context-rich,53766,47253,0.8788639660752148,0.12113603392478522,15.958213329315186,0,3,False,,,1.3661128769045903,0.6956255876699295
985,context-rich,3833,3833,1.0,0.0,7.427241563796997,0,0,False,,,9.243325016377051,0.0952620000551659
986,context-rich,57335,43121,0.7520886020755211,0.24791139792447892,23.043972492218018,1,3,False,,,2.8158318321066473,0.5084031692078328
987,context-rich,1752,1509,0.8613013698630136,0.13869863013698636,22.424744844436646,1,3,False,,,7.513175927871959,0.12104504524517117
988,context-rich,824,824,1.0,0.0,16.487427473068237,0,3,False,,,9.58144738414293,0.11864043565584322
989,context-rich,44779,36053,0.8051318698497063,0.1948681301502937,10.839058876037598,2,3,False,,,3.000446410420527,0.2824341279884652
990,context-rich,1360,1136,0.8352941176470589,0.16470588235294115,23.348700761795044,2,3,False,,,7.262777058619625,0.14251678619271888
991,context-rich,34663,34533,0.9962496033234285,0.00375039667657151,9.988419532775879,0,3,False,,,1.980434261904225,0.6200280777648035
992,context-rich,1094,849,0.7760511882998172,0.22394881170018277,13.500974416732788,2,3,False,,,7.6202477028389115,0.09032287828609688
993,context-rich,71793,54277,0.7560207819703871,0.24397921802961287,10.039294719696045,2,3,False,,,1.8270497090737037,0.6480871494368655
994,context-rich,30395,30395,1.0,0.0,14.550783157348633,0,3,False,,,2.5766986442655466,0.430640244732718
995,context-rich,1570,1517,0.9662420382165605,0.03375796178343948,10.257554054260254,0,3,False,,,7.355475275678404,0.24273976799608957
996,context-rich,70744,59841,0.8458809227637679,0.15411907723623208,10.540947675704956,2,3,False,,,1.692613702930972,0.6393542311361465
997,context-rich,3118,2483,0.7963438101347017,0.20365618986529832,10.424956798553467,2,3,False,,,5.989803355694147,0.12632803790026462
998,context-rich,4742,4059,0.8559679460143399,0.1440320539856601,14.598620653152466,1,3,False,,,4.040001865604505,0.24083872158923034
999,context-rich,19993,16055,0.8030310608713049,0.19696893912869506,12.822823524475098,2,3,False,,,3.7674023566735397,0.4807134328657485
1000,context-rich,52012,46254,0.8892947781281243,0.1107052218718757,35.68986201286316,0,3,False,,,1.6975490423777075,0.7944095935391591
1001,context-rich,1723,1302,0.7556587347649448,0.24434126523505517,11.034810304641724,1,3,False,,,5.796834208809177,0.08737261742135576
1002,context-rich,98368,93191,0.9473710962914769,0.052628903708523134,28.50307559967041,1,3,False,,,1.8054263647757252,0.8005699318090791
1003,context-rich,699,699,1.0,0.0,41.776333808898926,0,3,False,,,9.087955062782779,0.058830228127736306
1004,context-rich,2907,2408,0.8283453732370141,0.17165462676298593,7.6290013790130615,2,0,False,,,7.732492680479415,0.18668714935066824
1005,context-rich,15337,15337,1.0,0.0,21.569418907165527,0,3,False,,,2.0224324412179904,0.5978996187438265
1006,context-rich,152642,152642,1.0,0.0,8.420498847961426,0,3,False,,,0.9990175512397362,0.9855350877203023
1007,context-rich,25944,25944,1.0,0.0,9.64351201057434,0,3,False,,,3.9313675368537813,0.2635716764606168
1008,context-rich,26708,20677,0.7741875093604912,0.2258124906395088,10.721387386322021,2,3,False,,,3.58125486371256,0.45172949858697997
1009,context-rich,85491,85491,1.0,0.0,7.902594089508057,0,3,False,,,1.774725332344502,0.8312146837151719
1010,context-rich,9925,9925,1.0,0.0,10.122055530548096,0,3,False,,,7.601226120977539,0.22023880593956724
1011,context-rich,3981,3981,1.0,0.0,27.97697162628174,0,3,False,,,9.341710709408499,0.13993272664493475
1012,context-rich,1674,1674,1.0,0.0,14.763256549835205,2,3,False,,,7.926332466939082,0.13060225379984125
1013,context-rich,44240,44240,1.0,0.0,10.807243824005127,0,3,False,,,2.1155928155652646,0.44912892963837947
1014,context-rich,82481,75548,0.915944278076163,0.08405572192383703,22.354287147521973,1,3,False,,,2.0713255586685757,0.6478347410762979
1015,context-rich,40496,36486,0.9009778743579613,0.09902212564203872,11.275035381317139,2,2,False,,,1.3699191642579456,1.546237997110211
1016,context-rich,11338,9115,0.8039336743693773,0.19606632563062265,10.389486312866211,2,3,False,,,4.2962862689665124,0.24257278401557614
1017,context-rich,18155,16810,0.9259157256954007,0.0740842743045993,24.364113092422485,0,3,False,,,1.9841797388230036,0.6332808892423589
1018,context-rich,4851,3898,0.8035456606885178,0.19645433931148215,11.507532596588135,2,3,False,,,7.28172019600085,0.14855559835898927
1019,context-rich,73011,73011,1.0,0.0,6.769616365432739,0,0,False,,,1.3094299110958039,1.44546275564645
1020,context-rich,42885,39663,0.9248688352570829,0.07513116474291714,12.537110328674316,0,3,False,,,1.380371524690795,0.669995891991952
1021,context-rich,1946,1552,0.7975334018499486,0.2024665981500514,68.27236104011536,2,3,False,,,8.616649208861602,0.1129304640892232
1022,context-rich,96449,81101,0.8408692676958808,0.15913073230411923,17.46587347984314,2,2,False,,,1.0456583057014868,2.5160389749977377
1023,context-rich,3973,3973,1.0,0.0,33.11410188674927,0,3,False,,,9.979592260518325,0.10450716853916044
1024,context-rich,4431,4141,0.9345520198600767,0.06544798013992326,16.250157356262207,2,3,False,,,6.745363595283139,0.2905685772388334
1025,context-rich,50653,46022,0.9085740232562731,0.09142597674372688,10.624054908752441,0,3,False,,,1.7547903901741357,1.0262045565237279
1026,context-rich,3719,3719,1.0,0.0,21.560801029205322,0,3,False,,,9.72580478567084,0.12325131572296123
1027,context-rich,9613,8235,0.8566524498075523,0.14334755019244771,9.66035008430481,1,3,False,,,6.145106958273101,0.23902330409691652
1028,context-rich,31377,31377,1.0,0.0,10.605340242385864,0,3,False,,,1.9822819505210432,0.4356183962057814
1029,context-rich,1070,812,0.7588785046728972,0.2411214953271028,54.72442626953125,1,3,False,,,9.919226976838527,0.07537342587414893
1030,context-rich,35735,32207,0.9012732615083252,0.09872673849167479,14.485183238983154,0,3,False,,,2.2014348417759098,0.5214681029902519
1031,context-rich,15653,11702,0.7475883217274644,0.25241167827253563,12.34308385848999,1,3,False,,,4.799442813448912,0.27886769165272235
1032,context-rich,123485,123485,1.0,0.0,22.323496341705322,0,2,False,,,0.9083345548931977,1.9347235565613872
1033,context-rich,54704,54704,1.0,0.0,8.523674011230469,0,3,False,,,2.71752208926925,0.4833456545116495
1034,context-rich,12697,11983,0.9437662439946444,0.05623375600535563,22.399874210357666,0,3,False,,,2.6590068003092937,0.40673202081674525
1035,context-rich,12124,11453,0.9446552292972616,0.055344770702738355,15.56868577003479,0,3,False,,,5.479065228541409,0.21024449178333934
1036,context-rich,104028,104028,1.0,0.0,13.478305101394653,0,3,False,,,1.2296453967616843,1.4197910311538324
1037,context-rich,1321,1321,1.0,0.0,7.434498071670532,0,0,False,,,7.74979924682896,0.10061741523917327
1038,context-rich,26272,22662,0.8625913520097442,0.13740864799025576,9.95499849319458,2,3,False,,,2.1467367668304593,0.9121242264870812
1039,context-rich,1649,1237,0.7501516070345664,0.2498483929654336,13.05535626411438,2,3,False,,,9.202838462152956,0.11854984271040295
1040,context-rich,92100,92100,1.0,0.0,19.36667037010193,0,3,False,,,0.9927798048783895,2.3053854082277754
1041,context-rich,63527,63527,1.0,0.0,33.41255831718445,2,2,False,,,1.451242652798349,0.7824679232817467
1042,context-rich,12201,12201,1.0,0.0,5.1491899490356445,0,0,False,,,3.3395423489843044,0.5164866930324884
1043,context-rich,746,746,1.0,0.0,12.001367807388306,0,3,False,,,9.49929342183867,0.1556686348644078
1044,context-rich,28216,21166,0.7501417635384179,0.24985823646158212,15.364506244659424,1,3,False,,,2.257384567530404,0.2750670739467109
1045,context-rich,33583,26025,0.7749456570288539,0.22505434297114613,23.397337675094604,2,2,False,,,1.674514229789322,0.43095477958315076
1046,context-rich,146175,146175,1.0,0.0,11.948974847793579,0,3,False,,,1.489527619700369,0.9528892514170668
1047,context-rich,7556,6126,0.8107464266807834,0.18925357331921655,17.070005178451538,1,3,False,,,4.522528935496158,0.14601803683539477
1048,context-rich,23054,23054,1.0,0.0,25.710886240005493,0,1,False,,,2.6075867394278314,0.7039132673523945
1049,context-rich,89240,72464,0.812012550425818,0.187987449574182,16.071402072906494,2,3,False,,,1.6985115640504596,0.8631985368741294
1050,context-rich,2868,2686,0.9365411436541143,0.06345885634588566,12.47352147102356,0,3,False,,,7.1807910892531,0.12674862871085532
1051,context-rich,108969,108969,1.0,0.0,14.637347936630249,0,3,False,,,1.0251655994559976,0.8870711312986822
1052,context-rich,1817,1628,0.8959823885525592,0.10401761144744082,9.834862470626831,2,3,False,,,9.742193090650032,0.16502212723274629
1053,context-rich,7425,7425,1.0,0.0,26.910811185836792,0,3,False,,,2.8773105255454685,0.3753850004063602
1054,context-rich,2086,1825,0.8748801534036433,0.12511984659635667,16.78424644470215,2,3,False,,,4.480941814647777,0.10866206865497603
1055,context-rich,13383,13168,0.9839348427109019,0.016065157289098075,12.54077696800232,0,3,False,,,2.8895432844286653,0.46511726442154605
1056,context-rich,3743,3671,0.9807640929735506,0.019235907026449395,8.542670249938965,0,3,False,,,3.1089077665348617,0.18144859781411823
1057,context-rich,13724,9925,0.7231856601573885,0.2768143398426115,15.252390623092651,2,3,False,,,5.320828408537484,0.24248626925432495
1058,context-rich,512,512,1.0,0.0,10.176383018493652,0,3,False,,,9.777724662905152,0.08717578268196702
1059,context-rich,37379,37379,1.0,0.0,13.25839352607727,0,3,False,,,3.5323059857831107,0.44851027744256877
1060,context-rich,1613,1613,1.0,0.0,11.398412942886353,0,3,False,,,8.315024945065458,0.08092195949044481
1061,context-rich,1017,872,0.8574237954768928,0.14257620452310715,20.418323755264282,2,3,False,,,6.955784446327406,0.1331818267173876
1062,context-rich,53456,53456,1.0,0.0,10.71799087524414,0,3,False,,,1.7643499844545776,0.7577526969844313
1063,context-rich,6351,6351,1.0,0.0,10.073687553405762,0,3,False,,,8.73217914156634,0.20033709025963478
1064,context-rich,4259,3418,0.8025358065273538,0.1974641934726462,11.694021224975586,1,3,False,,,8.430488329087197,0.12013787688491187
1065,context-rich,77260,56818,0.7354128915350764,0.2645871084649236,17.54259753227234,1,3,False,,,2.3744344242610875,0.6688669141292957
1066,context-rich,185390,185390,1.0,0.0,8.688343286514282,0,1,False,,,1.1169503657647983,1.8120919273830498
1067,context-rich,66264,66264,1.0,0.0,15.010506629943848,2,3,False,,,1.1421191416240315,0.7908863968968854
1068,context-rich,1991,1991,1.0,0.0,15.894450902938843,0,3,False,,,8.78388401383487,0.1306792182748672
1069,context-rich,12807,12807,1.0,0.0,13.894397497177124,0,3,False,,,3.2230200298987244,0.46085058470859286
1070,context-rich,140125,125585,0.896235504014273,0.10376449598572701,20.782780170440674,1,2,False,,,1.673695910559989,0.7466248941169253
1071,context-rich,55699,53224,0.9555647318623315,0.044435268137668515,12.57097864151001,2,3,False,,,1.5236697684875062,0.9363839584009632
1072,context-rich,4219,4131,0.9791419767717469,0.020858023228253142,15.491255283355713,0,3,False,,,6.617004537905703,0.1568719394505265
1073,context-rich,2980,2980,1.0,0.0,16.602120637893677,0,3,False,,,9.766511686902081,0.13229339229909004
1074,context-rich,7207,7207,1.0,0.0,11.092315435409546,0,3,False,,,6.320308179469602,0.23004575659555496
1075,context-rich,114188,106336,0.9312362069569482,0.0687637930430518,17.534600496292114,2,3,False,,,1.0042382758086863,1.1986402583585793
1076,context-rich,9286,8498,0.9151410725823821,0.08485892741761791,10.87278938293457,2,3,False,,,3.5850405833727415,0.4052162723897258
1077,context-rich,4221,4221,1.0,0.0,33.05931067466736,0,3,False,,,6.303062090813128,0.21168396491560698
1078,context-rich,14831,14831,1.0,0.0,10.413717269897461,0,3,False,,,4.3813030856364215,0.33301825327489715
1079,context-rich,1500,1255,0.8366666666666667,0.16333333333333333,23.863348245620728,2,3,False,,,6.778368229974601,0.08083425391801093
1080,context-rich,4918,3766,0.7657584383895892,0.23424156161041076,43.10121393203735,1,3,False,,,7.7246704767722365,0.12350876188255823
1081,context-rich,119342,113745,0.9531011714233044,0.046898828576695584,19.528021097183228,2,3,False,,,1.168387563207541,0.8217784009237886
1082,context-rich,30237,30237,1.0,0.0,9.0545654296875,0,3,False,,,2.3411058490818073,0.5450210376758228
1083,context-rich,1653,1520,0.9195402298850575,0.08045977011494254,14.628248453140259,1,3,False,,,7.004024622108472,0.1284076108822143
1084,context-rich,35353,35053,0.9915141572143806,0.008485842785619369,8.111507654190063,0,3,False,,,3.3116366296818036,0.4527539047179913
1085,context-rich,9633,9341,0.9696875324405688,0.030312467559431178,14.938198566436768,0,3,False,,,3.205747490401997,0.247453587038661
1086,context-rich,64227,64227,1.0,0.0,20.522963762283325,2,2,False,,,1.050197073678949,1.9135135302475135
1087,context-rich,74054,74054,1.0,0.0,14.094787120819092,0,3,False,,,2.35325557116661,0.48004207713170716
1088,context-rich,84344,64765,0.7678673053210661,0.23213269467893394,16.298798322677612,2,3,False,,,1.7976084101771386,0.8990250401125205
1089,context-rich,149751,121245,0.8096440090550313,0.1903559909449687,32.82829213142395,2,3,False,,,1.5503193513771643,0.5770890183013315
1090,context-rich,3764,3029,0.8047290116896918,0.1952709883103082,16.582417011260986,1,3,False,,,7.298376108144594,0.14091597989122268
1091,context-rich,1893,1893,1.0,0.0,10.567173957824707,0,3,False,,,8.52710382245119,0.12248089705107112
1092,context-rich,15055,15055,1.0,0.0,10.326239109039307,0,3,False,,,3.816436685714103,0.42516612167152196
1093,context-rich,92681,84415,0.9108123563621454,0.08918764363785459,10.612083911895752,2,1,False,,,1.1549018919297684,1.3904787235132485
1094,context-rich,29704,23690,0.7975356854295718,0.20246431457042824,20.19001841545105,2,3,False,,,3.781344312409052,0.40980626563468475
1095,context-rich,4525,4097,0.905414364640884,0.09458563535911602,11.088977336883545,0,3,False,,,8.189010037006657,0.11229382207877071
1096,context-rich,7549,6709,0.8887269837064512,0.1112730162935488,12.011668920516968,2,3,False,,,4.770101356218712,0.337232996189034
1097,context-rich,3089,3089,1.0,0.0,6.640039682388306,0,0,False,,,8.476076139913356,0.13727825853441952
1098,context-rich,2876,2599,0.9036856745479833,0.09631432545201668,13.727332830429077,0,3,False,,,6.781215910374817,0.2039923754873893
1099,context-rich,18284,15072,0.824327280682564,0.175672719317436,17.576892614364624,1,3,False,,,1.768973979388307,0.27776058457292435
1100,context-rich,90372,83193,0.9205616783959634,0.07943832160403663,13.405737161636353,1,3,False,,,2.111442521053468,0.6328525155581218
1101,context-rich,91245,85092,0.932566168009206,0.067433831990794,17.48508906364441,0,3,False,,,1.9719885972086766,0.8630728789808852
1102,context-rich,184942,184942,1.0,0.0,10.324142694473267,0,1,False,,,1.2122611090166548,0.9927883869252315
1103,context-rich,6385,6385,1.0,0.0,10.205889701843262,0,3,False,,,5.703715636972903,0.28372887341655734
1104,context-rich,90511,90221,0.9967959695506623,0.0032040304493377025,22.166024208068848,0,3,False,,,1.8138536545906268,0.8016784947915905
1105,context-rich,120741,112701,0.9334111859269014,0.06658881407309858,35.04322934150696,2,3,False,,,1.2711088677277331,1.0043121110222366
1106,context-rich,1362,1362,1.0,0.0,4.9293341636657715,0,0,False,,,7.851668360874067,0.250114190181438
1107,context-rich,63667,63667,1.0,0.0,11.052397727966309,0,3,False,,,1.3889108535839712,0.41203878232074814
1108,context-rich,822,822,1.0,0.0,14.69674038887024,2,2,False,,,8.534562503399643,0.11604466208075861
1109,context-rich,9081,9081,1.0,0.0,11.826417684555054,0,3,False,,,4.480335827502853,0.27785175860368966
1110,context-rich,2678,2678,1.0,0.0,7.99338173866272,0,3,False,,,8.825389293140569,0.128467219732498
1111,context-rich,21178,16198,0.7648503163660403,0.23514968363395972,25.28353214263916,2,3,False,,,3.758053394966334,0.33088797787296165
1112,context-rich,8315,8315,1.0,0.0,9.915358781814575,0,3,False,,,4.058524521717651,0.3359976758321311
1113,context-rich,5520,5520,1.0,0.0,19.38982319831848,0,3,False,,,5.77655879421675,0.2071640957714048
1114,context-rich,1670,1558,0.932934131736527,0.06706586826347305,9.984041452407837,2,3,False,,,9.23221590986273,0.16914594874354041
1115,context-rich,341617,341617,1.0,0.0,9.761100053787231,0,1,False,,,0.9224923949731689,1.2306255871737475
1116,context-rich,2260,2059,0.9110619469026549,0.08893805309734515,14.327183723449707,0,3,False,,,8.339189772203621,0.17852649486571487
1117,context-rich,58030,58030,1.0,0.0,12.422438859939575,0,3,False,,,2.3575724247597636,0.6832708423126468
1118,context-rich,37625,28116,0.7472691029900332,0.25273089700996676,13.619734287261963,2,3,False,,,2.15664086485648,0.41369530208488764
1119,context-rich,893,785,0.8790593505039194,0.12094064949608063,15.410013675689697,2,3,False,,,8.421157871349552,0.08297423330064717
1120,context-rich,12920,11946,0.9246130030959753,0.07538699690402473,14.171121597290039,0,3,False,,,5.6660031221209595,0.331922613957759
1121,context-rich,5213,4050,0.7769038941108767,0.22309610588912332,55.61795663833618,2,3,False,,,7.308959314726048,0.13176883508228504
1122,context-rich,6983,6983,1.0,0.0,11.570000648498535,0,3,False,,,6.1666774348842655,0.17533651664755884
1123,context-rich,82329,82329,1.0,0.0,17.732492923736572,0,3,False,,,1.5699023422892564,0.8066983098341708
1124,context-rich,4372,4372,1.0,0.0,13.357841730117798,0,3,False,,,8.872090151960888,0.14850826975279902
1125,context-rich,149789,115180,0.768948320637697,0.23105167936230298,12.594935894012451,2,3,False,,,1.5438692612237375,0.8712418480185344
1126,context-rich,1517,1517,1.0,0.0,11.422771215438843,0,3,False,,,8.068206393012472,0.12523660733421044
1127,context-rich,12220,11683,0.9560556464811784,0.043944353518821644,9.902836322784424,2,3,False,,,1.9651855358502324,0.30577176478150503
1128,context-rich,11728,11728,1.0,0.0,8.603962898254395,0,3,False,,,6.433375730800725,0.3007646209910145
1129,context-rich,17457,17457,1.0,0.0,22.41618537902832,0,3,False,,,2.0960042909683185,0.27758432415342627
1130,context-rich,1509,1219,0.807819748177601,0.19218025182239895,15.063775062561035,1,3,False,,,8.95896036739614,0.12629805870088096
1131,context-rich,3781,3354,0.8870669135149432,0.11293308648505684,9.728323459625244,2,3,False,,,7.077849224847466,0.22223611790600742
1132,context-rich,34386,34386,1.0,0.0,13.934064388275146,0,3,False,,,1.9582993458758282,0.5590556514687691
1133,context-rich,2296,2056,0.8954703832752613,0.1045296167247387,30.195508241653442,1,3,False,,,8.600235302749716,0.07999737694798169
1134,context-rich,121246,114111,0.941152697820959,0.058847302179040994,19.064313650131226,1,2,False,,,1.6533422904540898,0.9093700592582159
1135,context-rich,4273,4273,1.0,0.0,10.449392795562744,0,3,False,,,7.918889918516706,0.17892989973320195
1136,context-rich,17525,17525,1.0,0.0,17.07879662513733,0,1,False,,,2.7389320534339725,0.622346513730049
1137,context-rich,3812,3701,0.970881427072403,0.02911857292759701,13.806032419204712,2,3,False,,,5.551374812511992,0.2658227848800878
1138,context-rich,138933,138933,1.0,0.0,8.694788694381714,0,3,False,,,1.0849610286007547,0.9220942809874131
1139,context-rich,89953,89953,1.0,0.0,6.967130661010742,2,0,False,,,1.2320813287977332,1.0095763112503946
1140,context-rich,20077,20077,1.0,0.0,11.829917430877686,0,3,False,,,2.924991363110532,0.4465341823693575
1141,context-rich,159214,149051,0.9361676736970367,0.06383232630296332,24.156770706176758,2,2,False,,,0.8688085065475117,2.2257786935054997
1142,context-rich,2439,2353,0.964739647396474,0.035260352603526,12.346222162246704,0,3,False,,,9.729094789297514,0.15513277090350855
1143,context-rich,2440,2440,1.0,0.0,52.22628307342529,0,3,False,,,6.256790864188651,0.08058454330129466
1144,context-rich,10364,10364,1.0,0.0,12.713846683502197,0,3,False,,,3.0028103454316795,0.3699427182103765
1145,context-rich,6357,6357,1.0,0.0,11.485559463500977,0,3,False,,,6.992617766422827,0.12497730558510647
1146,context-rich,15486,14005,0.9043652331137801,0.09563476688621986,16.54975461959839,0,3,False,,,3.21433483736081,0.5734622582347189
1147,context-rich,3802,3802,1.0,0.0,13.210607767105103,0,3,False,,,8.073272540896355,0.2295193408760469
1148,context-rich,15631,15050,0.9628302731751007,0.037169726824899274,26.416245698928833,2,3,False,,,1.8365193671792586,0.7747527129975602
1149,context-rich,149829,148543,0.9914168819120464,0.008583118087953645,11.613429307937622,0,3,False,,,1.6312522547776973,0.9366004079445709
1150,context-rich,7046,5967,0.8468634686346863,0.1531365313653137,25.127923250198364,2,3,False,,,2.821180090393394,0.2393006924397278
1151,context-rich,2019,1321,0.654284299157999,0.345715700842001,22.680243730545044,1,3,False,,,9.236766155028366,0.1365624612985658
1152,context-rich,52660,47321,0.898613748575769,0.10138625142423097,31.24612593650818,0,3,False,,,1.8595153549038148,0.6898800456406775
1153,context-rich,7962,7679,0.9644561667922632,0.0355438332077368,10.999144315719604,2,3,False,,,3.770431595691635,0.4751020710421897
1154,context-rich,145245,141161,0.9718819924954387,0.028118007504561282,8.385287284851074,0,3,False,,,1.411313514922513,1.1171584906002734
1155,context-rich,2528,2528,1.0,0.0,9.817630052566528,0,3,False,,,8.326010112881162,0.13700209261336996
1156,context-rich,39088,39088,1.0,0.0,11.31895661354065,0,3,False,,,2.8856692241875868,0.3405343822829819
1157,context-rich,5468,5468,1.0,0.0,11.756740093231201,0,3,False,,,4.356194945421786,0.2436949729548738
1158,context-rich,8429,6424,0.7621307391149602,0.2378692608850398,16.80108642578125,2,3,False,,,6.3127217227094174,0.25872299239933333
1159,context-rich,38287,37551,0.9807767649593857,0.019223235040614295,10.046512365341187,2,3,False,,,1.216520526477934,0.5829512581880898
1160,context-rich,3226,2687,0.8329200247985121,0.16707997520148787,15.47001028060913,2,3,False,,,7.281715055264971,0.1241689623037227
1161,context-rich,8193,7117,0.8686683754424509,0.1313316245575491,13.569897651672363,2,3,False,,,6.008622973083583,0.24398021853516946
1162,context-rich,60839,60839,1.0,0.0,11.827213525772095,0,3,False,,,2.5582433797302606,0.5306519472403555
1163,context-rich,6761,6761,1.0,0.0,20.165398597717285,0,1,False,,,4.29247956313664,0.3662804823918759
1164,context-rich,2827,2219,0.7849310222851079,0.21506897771489208,19.677977800369263,1,3,False,,,9.775725008410364,0.1460294735092127
1165,context-rich,1794,1794,1.0,0.0,14.76510739326477,0,3,False,,,6.523506125941575,0.10448009670527192
1166,context-rich,991,959,0.9677093844601413,0.03229061553985868,14.309388637542725,2,3,False,,,6.222599871136995,0.13905076717452744
1167,context-rich,57997,45552,0.7854199355139059,0.21458006448609412,14.235888481140137,2,3,False,,,2.1734449523921198,0.44479923103262925
1168,context-rich,172478,172478,1.0,0.0,9.317174434661865,0,1,False,,,1.0028360005772063,1.52744071713037
1169,context-rich,36927,36105,0.977739865139329,0.02226013486067102,31.56587529182434,0,3,False,,,1.7025585201332893,0.7671938780570423
1170,context-rich,23680,21924,0.9258445945945946,0.07415540540540544,14.76537537574768,2,3,False,,,1.8245726307163426,0.826439220832847
1171,context-rich,85274,85274,1.0,0.0,11.42493224143982,0,3,False,,,1.727719040364141,0.3345250336782609
1172,context-rich,3980,3342,0.8396984924623115,0.16030150753768846,20.3224995136261,2,3,False,,,3.7567393868224537,0.26337753372681166
1173,context-rich,2453,2453,1.0,0.0,12.711092233657837,0,3,False,,,8.903003867833519,0.11978201656373644
1174,context-rich,2365,2088,0.8828752642706131,0.11712473572938686,8.903929471969604,2,0,False,,,7.427220151710745,0.12602938247098408
1175,context-rich,5682,5682,1.0,0.0,11.208155632019043,0,3,False,,,8.986453595626326,0.15982801553673368
1176,context-rich,38687,38687,1.0,0.0,7.93588662147522,0,3,False,,,2.8239727412308975,0.3266102037044191
1177,context-rich,41519,40050,0.9646186083479853,0.035381391652014704,32.00444149971008,0,3,False,,,1.8758844863398543,0.7851162526994173
1178,context-rich,44837,37025,0.8257688962241007,0.17423110377589934,32.182315826416016,2,3,False,,,2.004706746739044,0.5139530084663008
1179,context-rich,24253,19100,0.7875314394095576,0.2124685605904424,12.958503723144531,2,3,False,,,3.226369137488278,0.27666384988965215
1180,context-rich,3504,3504,1.0,0.0,51.92403197288513,0,3,False,,,9.823108683892343,0.13264515259030168
1181,context-rich,3852,3571,0.9270508826583593,0.07294911734164067,17.45445680618286,2,3,False,,,2.9199241835082153,0.2819784057876314
1182,context-rich,13771,11517,0.8363227071381889,0.1636772928618111,10.152160167694092,2,3,False,,,3.973065213169201,0.3376931872202942
1183,context-rich,1672,1672,1.0,0.0,10.157554864883423,0,3,False,,,6.195745341446036,0.10720064517054209
1184,context-rich,105529,96033,0.9100152564697855,0.08998474353021446,28.617859840393066,0,3,False,,,1.312758127622757,0.987464951071558
1185,context-rich,24555,20855,0.8493178578700875,0.1506821421299125,12.407941818237305,2,3,False,,,2.1341436730279453,0.7352415526136769
1186,context-rich,11451,10986,0.9593921928215876,0.04060780717841239,22.653780221939087,1,3,False,,,3.67482867797599,0.47750437084879654
1187,context-rich,33538,33538,1.0,0.0,23.321004390716553,0,3,False,,,2.203322715436399,0.6383086126404696
1188,context-rich,5357,4235,0.7905544147843943,0.20944558521560575,9.6726553440094,2,3,False,,,5.921912411651945,0.2589168016453713
1189,context-rich,1455,1337,0.9189003436426116,0.08109965635738836,6.00306248664856,2,0,False,,,9.943893947221106,0.17217304490572208
1190,context-rich,11817,11817,1.0,0.0,8.052011251449585,0,3,False,,,4.4112374941250065,0.20105136356553147
1191,context-rich,67633,67633,1.0,0.0,7.914747714996338,0,3,False,,,2.3885378884990796,0.6612696362835608
1192,context-rich,13242,11412,0.8618033529678296,0.13819664703217038,32.00040340423584,2,3,False,,,3.0555442761209823,0.34636932940306286
1193,context-rich,3228,2498,0.7738537794299876,0.22614622057001244,16.50041151046753,2,3,False,,,5.126017999349177,0.15550721467779335
1194,context-rich,168618,159348,0.945023662954133,0.05497633704586702,27.84290862083435,0,1,False,,,1.3816075261776284,1.1830599862725681
1195,context-rich,4174,3781,0.9058457115476761,0.09415428845232388,10.897011756896973,0,3,False,,,3.8780011772747236,0.3564480297549298
1196,context-rich,177326,177326,1.0,0.0,6.6959428787231445,2,0,False,,,1.047821006820166,1.3922379241578986
1197,context-rich,1849,1579,0.8539751216873986,0.14602487831260136,31.070098876953125,2,3,False,,,6.540801975559138,0.24008856987053573
1198,context-rich,93098,89822,0.9648112741412275,0.03518872585877253,14.66264295578003,0,3,False,,,1.524003230561475,0.6877384604045242
1199,context-rich,51617,45766,0.8866458724838716,0.11335412751612839,15.51859450340271,0,3,False,,,1.9438329732468866,0.7319701880059426
1200,context-rich,3952,3186,0.8061740890688259,0.19382591093117407,14.325329065322876,2,3,False,,,6.558944041376201,0.22794395541180887
1201,context-rich,180264,180264,1.0,0.0,12.967717170715332,0,3,False,,,0.9109552257796407,1.1000992846180107
1202,context-rich,3571,3189,0.8930271632595912,0.1069728367404088,24.881758451461792,1,3,False,,,9.888551143872697,0.1584995891794761
1203,context-rich,24796,19886,0.8019841909985481,0.19801580900145188,37.384521484375,1,3,False,,,2.9529764193020247,0.43760553349744835
1204,context-rich,7095,6526,0.9198026779422128,0.08019732205778718,10.199919700622559,0,3,False,,,5.409288641984453,0.3024812142823262
1205,context-rich,471,390,0.8280254777070064,0.1719745222929936,16.107531309127808,2,3,False,,,8.961467816394478,0.06255543255233731
1206,context-rich,1768,1768,1.0,0.0,12.576934814453125,0,3,False,,,6.265363975090993,0.12142394461583957
1207,context-rich,27168,24312,0.8948763250883393,0.10512367491166075,33.039896965026855,0,3,False,,,3.287214319416107,0.37121989398403377
1208,context-rich,165612,165612,1.0,0.0,6.628627300262451,2,0,False,,,1.1535686162812364,1.3084893328471228
1209,context-rich,14901,14901,1.0,0.0,9.829146146774292,0,1,False,,,2.580927877217211,0.6920498786992497
1210,context-rich,26693,21736,0.8142958828157195,0.18570411718428048,15.001622438430786,1,3,False,,,2.831469409967203,0.5839807517051155
1211,context-rich,174889,174889,1.0,0.0,9.971468925476074,0,3,False,,,1.123221018462789,0.7575999722913294
1212,context-rich,104477,104477,1.0,0.0,28.077484607696533,0,3,False,,,1.3178346539417203,1.241903459544024
1213,context-rich,9327,9327,1.0,0.0,13.25981593132019,0,3,False,,,2.5480354598064543,0.19992034191074481
1214,context-rich,2335,2335,1.0,0.0,16.76613974571228,0,3,False,,,6.760330677921988,0.09864175816382774
1215,context-rich,15958,15958,1.0,0.0,8.17023229598999,0,3,False,,,2.5442159322285636,0.5551350031605536
1216,context-rich,1883,1636,0.8688263409453001,0.1311736590546999,9.58515191078186,2,3,False,,,5.970263739797781,0.23022129603678881
1217,context-rich,63717,62854,0.9864557339485538,0.013544266051446208,12.964330434799194,0,3,False,,,1.9626633804439977,0.7544230318790899
1218,context-rich,2262,1641,0.7254641909814323,0.27453580901856767,19.42998480796814,2,3,False,,,9.656083982889289,0.17253900815716056
1219,context-rich,116638,116638,1.0,0.0,39.0341100692749,0,2,False,,,1.4820235780676514,0.8412400800544744
1220,context-rich,182452,182452,1.0,0.0,8.033839225769043,0,3,False,,,0.8662284720783132,3.0891948457886973
1221,context-rich,31018,24349,0.7849958088851634,0.2150041911148366,19.736934900283813,1,3,False,,,3.123736131007442,0.4282181302216865
1222,context-rich,2993,2282,0.7624457066488474,0.23755429335115263,10.736897706985474,2,0,False,,,9.75344965527071,0.08451868478558353
1223,context-rich,79338,79338,1.0,0.0,17.628835201263428,2,3,False,,,1.1874557531041892,0.9458783241375514
1224,context-rich,96113,94434,0.9825309791599471,0.017469020840052862,12.597720623016357,0,3,False,,,1.6429961488271754,1.0035940630897562
1225,context-rich,2455,2167,0.8826883910386966,0.11731160896130344,15.27769136428833,1,3,False,,,8.748560877538422,0.1076351322396882
1226,context-rich,35729,35708,0.9994122421562316,0.0005877578437684106,9.260175228118896,0,3,False,,,3.1442152643279835,0.44354399498963415
1227,context-rich,5118,3839,0.7500976944118797,0.24990230558812032,18.296431064605713,1,3,False,,,8.202935936801268,0.13140617908846414
1228,context-rich,26722,26722,1.0,0.0,25.246312141418457,0,3,False,,,2.128588485475988,0.5633128386843419
1229,context-rich,117640,86347,0.7339935396123768,0.2660064603876232,22.49355435371399,2,3,False,,,1.9309345366948152,0.6823678929476958
1230,context-rich,113678,103732,0.9125072573409103,0.08749274265908968,20.671135187149048,0,2,False,,,1.1537705826344922,1.0557048121532886
1231,context-rich,5836,5836,1.0,0.0,9.97832465171814,0,3,False,,,6.458092294742478,0.2604492217108863
1232,context-rich,1236,1236,1.0,0.0,16.36602282524109,0,3,False,,,8.699292212234658,0.06572088578364657
1233,context-rich,1673,1182,0.7065152420800956,0.29348475791990436,14.18039870262146,2,3,False,,,7.7761962856461775,0.09271090168582491
1234,context-rich,3945,3945,1.0,0.0,13.241168737411499,0,3,False,,,4.13983027175697,0.30670520265287055
1235,context-rich,92968,92841,0.9986339385595043,0.0013660614404956695,8.568977117538452,0,3,False,,,1.8976953197626512,0.790955976644538
1236,context-rich,17744,16140,0.9096032461677187,0.0903967538322813,14.970643043518066,2,3,False,,,3.082585164483347,0.3551231546346185
1237,context-rich,1414,1212,0.8571428571428571,0.1428571428571429,25.468944311141968,2,3,False,,,6.391567884842817,0.13680111054436617
1238,context-rich,60665,60665,1.0,0.0,11.854626893997192,0,1,False,,,1.2958307415319568,0.8761225707156973
1239,context-rich,121057,115497,0.9540712226471827,0.04592877735281731,17.855478286743164,1,3,False,,,1.6377365222626652,0.6635126367323557
1240,context-rich,31260,31260,1.0,0.0,15.063726663589478,0,3,False,,,3.2987211359248887,0.5348491170449178
1241,context-rich,87909,62848,0.7149211116040451,0.28507888839595485,25.715392351150513,1,2,False,,,1.940993215848705,0.7393622056629074
1242,context-rich,3807,3807,1.0,0.0,11.265547752380371,0,3,False,,,5.140046863365112,0.1260940540202982
1243,context-rich,78597,65486,0.8331870173161825,0.1668129826838175,11.191125631332397,2,3,False,,,1.3383190733277577,1.2512847617482983
1244,context-rich,11360,8975,0.7900528169014085,0.2099471830985915,10.788604974746704,1,3,False,,,2.9827840281569777,0.25046277436576336
1245,context-rich,6382,6382,1.0,0.0,8.374186754226685,0,3,False,,,4.323412064653175,0.19026583943891862
1246,context-rich,8555,8555,1.0,0.0,7.098634958267212,0,0,False,,,2.5546125813534903,0.4897045787298812
1247,context-rich,79407,76131,0.9587441913181458,0.04125580868185419,10.56435251235962,2,3,False,,,1.023424739363836,1.0097969094926433
1248,context-rich,1948,1480,0.7597535934291582,0.24024640657084184,14.528558731079102,1,3,False,,,6.992159570949807,0.12235777512448412
1249,context-rich,47316,47316,1.0,0.0,7.846211671829224,0,3,False,,,1.7679645970664368,0.8054484970791556
1250,context-rich,10745,8368,0.7787808282922289,0.22121917170777106,12.420109033584595,2,3,False,,,5.082048339566802,0.270649889447096
1251,context-rich,80632,68349,0.8476659390812581,0.1523340609187419,18.152195930480957,2,3,False,,,1.406689834200121,0.9286350170971266
1252,context-rich,3412,2827,0.8285463071512309,0.1714536928487691,19.91056776046753,1,3,False,,,9.755794438708666,0.14468598789983864
1253,context-rich,2134,2134,1.0,0.0,18.12897753715515,0,3,False,,,6.1763664631040776,0.11737038472903985
1254,context-rich,47743,47396,0.9927319188153237,0.007268081184676256,51.257439374923706,0,3,False,,,1.7099558433494557,0.6383525698175367
1255,context-rich,60813,54359,0.8938713761860129,0.10612862381398713,15.6183500289917,2,3,False,,,1.5831960428082026,0.8066969742444239
1256,context-rich,66846,66846,1.0,0.0,10.971871852874756,0,3,False,,,1.2029823323660824,1.1673590038300667
1257,context-rich,58814,44373,0.7544632230421329,0.24553677695786713,19.407429218292236,1,3,False,,,2.540118426938603,0.4196528401597701
1258,context-rich,34369,34369,1.0,0.0,14.144588232040405,0,3,False,,,2.150775574867214,0.7979714650764258
1259,context-rich,6179,6179,1.0,0.0,10.30970549583435,0,3,False,,,4.003746933498886,0.15534880158641406
1260,context-rich,1528,1158,0.7578534031413613,0.2421465968586387,12.581819772720337,2,3,False,,,9.22771629393182,0.131178423003049
1261,context-rich,2163,2163,1.0,0.0,5.08135724067688,0,0,False,,,4.588295892800662,0.30114546214523613
1262,context-rich,1343,1105,0.8227848101265823,0.17721518987341767,17.122103691101074,2,3,False,,,7.607167217620045,0.07347324417767252
1263,context-rich,5127,5127,1.0,0.0,10.356106519699097,0,3,False,,,8.66438262703537,0.18320523917520332
1264,context-rich,9929,8327,0.8386544465706516,0.16134555342934842,13.376262664794922,2,3,False,,,5.457634865826826,0.2926897749486477
1265,context-rich,175736,158124,0.8997814904174444,0.10021850958255563,15.363725662231445,1,3,False,,,1.3966814889821606,0.7344267312774445
1266,context-rich,41477,41477,1.0,0.0,7.739459037780762,0,3,False,,,2.862761816466394,0.5043602325871992
1267,context-rich,1178,1168,0.9915110356536503,0.008488964346349714,10.96313214302063,0,3,False,,,9.998488303884479,0.16448218438468737
1268,context-rich,22696,21947,0.9669985900599225,0.0330014099400775,18.282855987548828,2,2,False,,,1.5200798353408622,0.40006823551799836
1269,context-rich,1219,1219,1.0,0.0,11.611438512802124,0,3,False,,,9.807520627026442,0.09902034976923196
1270,context-rich,5890,4641,0.7879456706281833,0.21205432937181667,23.57152485847473,2,3,False,,,4.9278978513765335,0.1874475273962414
1271,context-rich,21369,17870,0.8362581309373391,0.16374186906266086,13.416013956069946,2,3,False,,,2.4595794887363147,0.6393406090911669
1272,context-rich,7003,5999,0.8566328716264459,0.14336712837355414,9.215139627456665,2,3,False,,,2.5276056953489308,0.39108535957455515
1273,context-rich,5108,5108,1.0,0.0,19.03489851951599,0,3,False,,,6.711433620249591,0.2268593754124825
1274,context-rich,2231,2231,1.0,0.0,11.011021614074707,0,3,False,,,7.585523187923042,0.14145512250297532
1275,context-rich,15990,15947,0.9973108192620388,0.0026891807379612054,16.69237518310547,2,2,False,,,3.145459675395346,0.5167580103388897
1276,context-rich,1312,1312,1.0,0.0,8.714995861053467,0,3,False,,,7.0600227636245,0.13274640940015583
1277,context-rich,19986,19986,1.0,0.0,13.694487810134888,0,3,False,,,3.4867597119237277,0.24483975421412835
1278,context-rich,45687,43134,0.9441197714886073,0.05588022851139274,37.465020179748535,0,3,False,,,2.3612582212275366,0.7130008685293422
1279,context-rich,940,936,0.9957446808510638,0.004255319148936176,9.21316909790039,2,3,False,,,9.847205173603305,0.17642340061776024
1280,context-rich,2528,2528,1.0,0.0,8.20315670967102,0,3,False,,,7.168791866647642,0.14609576670220728
1281,context-rich,52658,50184,0.9530175851722436,0.04698241482775645,11.390605211257935,2,3,False,,,1.5355227404902783,0.7917350422431554
1282,context-rich,1261,1261,1.0,0.0,26.017717838287354,0,3,False,,,7.770415508365276,0.2306361154344124
1283,context-rich,34180,26750,0.7826214160327677,0.2173785839672323,11.327511072158813,1,3,False,,,3.2300905288529744,0.4813038044738176
1284,context-rich,148700,134087,0.9017283120376597,0.09827168796234032,16.79788088798523,1,3,False,,,1.3855642331599607,0.9345150287132065
1285,context-rich,74848,74847,0.9999866395895682,1.3360410431761949e-05,11.905334949493408,0,3,False,,,1.8225793276777573,0.5697427237163736
1286,context-rich,11180,11180,1.0,0.0,12.115999460220337,0,3,False,,,4.801742335068117,0.27527414698660646
1287,context-rich,15037,12885,0.8568863470107069,0.14311365298929313,15.777670860290527,2,3,False,,,1.7847509330825397,0.6962536709849446
1288,context-rich,41897,39021,0.9313554669785427,0.06864453302145734,71.02003598213196,0,1,False,,,2.0045188704159513,0.7440574580856117
1289,context-rich,21394,19331,0.9035710946994484,0.09642890530055159,19.245686054229736,2,3,False,,,3.134099655961576,0.4054191600188907
1290,context-rich,608,582,0.9572368421052632,0.042763157894736836,14.613085508346558,2,3,False,,,9.95409271058546,0.12096102003003661
1291,context-rich,1427,1427,1.0,0.0,13.323164701461792,0,3,False,,,9.655532360349197,0.11744549259903639
1292,context-rich,162053,162053,1.0,0.0,16.531881093978882,0,2,False,,,1.1164013190828495,1.287986898981278
1293,context-rich,10881,10881,1.0,0.0,11.524487257003784,0,3,False,,,3.0078353135489513,0.15523776941742712
1294,context-rich,41898,38360,0.9155568284882333,0.08444317151176672,19.94416904449463,2,3,False,,,2.005889460823515,0.608562416378336
1295,context-rich,14643,14643,1.0,0.0,62.8401460647583,0,3,False,,,3.749614720073567,0.4379254484768912
1296,context-rich,36753,36250,0.9863140423910973,0.013685957608902677,9.08881163597107,0,3,False,,,1.7808237471161994,0.9818047795448442
1297,context-rich,19976,15598,0.7808370044052864,0.21916299559471364,18.103891372680664,2,3,False,,,4.156351990554443,0.2908682993463885
1298,context-rich,2357,2115,0.8973271107339839,0.10267288926601614,16.501555919647217,1,3,False,,,9.171893112694894,0.10997389412908438
1299,context-rich,514,396,0.7704280155642024,0.22957198443579763,10.470523834228516,2,3,False,,,9.691833986538557,0.07902863357591201
1300,context-rich,14025,14025,1.0,0.0,9.814486980438232,0,3,False,,,2.7631139281552723,0.32709420171990217
1301,context-rich,130161,119514,0.9182013045382257,0.08179869546177432,46.32669806480408,1,3,False,,,1.7405501543278543,0.8303297610901448
1302,context-rich,6997,5412,0.7734743461483493,0.2265256538516507,23.181118726730347,1,3,False,,,6.94042066152762,0.14624555030785777
1303,context-rich,268399,268285,0.9995752592222773,0.0004247407777226986,8.602445840835571,0,3,False,,,1.0807315225186545,0.9646271264961009
1304,context-rich,2695,2695,1.0,0.0,4.9761481285095215,0,0,False,,,9.31948833317543,0.14271746891803216
1305,context-rich,16977,14208,0.8368969782647111,0.1631030217352889,12.783960342407227,2,3,False,,,2.0680389133657653,0.5062020314375778
1306,context-rich,129205,101855,0.7883208854146512,0.21167911458534883,44.55507969856262,2,3,False,,,1.1226521758784016,0.871470729370986
1307,context-rich,26096,26096,1.0,0.0,11.794061422348022,0,3,False,,,3.2373816874852444,0.33751955104684456
1308,context-rich,6610,6610,1.0,0.0,17.114150524139404,0,3,False,,,4.206522778685303,0.13276971412996003
1309,context-rich,75948,66802,0.8795754990256491,0.12042450097435087,17.704572200775146,2,2,False,,,1.0830585679803406,1.401571858263194
1310,context-rich,2369,2369,1.0,0.0,15.29545521736145,0,3,False,,,9.535023778681978,0.17155005706128526
1311,context-rich,27763,26074,0.9391636350538487,0.0608363649461513,14.007998943328857,0,3,False,,,3.189274671801335,0.4851413205806604
1312,context-rich,7173,7173,1.0,0.0,17.948941469192505,0,3,False,,,6.043205676018222,0.15126441861021506
1313,context-rich,35288,33951,0.9621117660394468,0.037888233960553186,17.895939111709595,0,3,False,,,2.9953209547683413,0.365533064504539
1314,context-rich,117787,117532,0.9978350751780757,0.002164924821924319,27.433500051498413,0,2,False,,,1.5581797594245783,0.7118183916706441
1315,context-rich,2080,1655,0.7956730769230769,0.20432692307692313,24.809336185455322,1,3,False,,,9.379424877161936,0.1728154294347169
1316,context-rich,44089,37724,0.8556329243121867,0.14436707568781326,12.817947387695312,2,3,False,,,1.7010745175118336,0.5459911663532069
1317,context-rich,3080,3080,1.0,0.0,15.803153991699219,0,3,False,,,6.365366076737268,0.10352111253693769
1318,context-rich,78958,76624,0.9704399807492591,0.02956001925074092,16.636271476745605,1,3,False,,,1.2397138366179183,1.6349304921152572
1319,context-rich,3664,3664,1.0,0.0,5.6210410594940186,0,0,False,,,4.751574523808093,0.28805909046269157
1320,context-rich,43049,43049,1.0,0.0,10.52715516090393,0,3,False,,,1.8058586508290932,0.8440082481014199
1321,context-rich,128134,128134,1.0,0.0,7.833358287811279,0,3,False,,,1.3333410627697084,0.9178078201036464
1322,context-rich,1323,1153,0.871504157218443,0.128495842781557,21.37970781326294,1,3,False,,,7.591609987699646,0.06643788822587773
1323,context-rich,4691,4169,0.8887230867618845,0.1112769132381155,21.35915184020996,2,3,False,,,3.1231643459737843,0.3022384468968082
1324,context-rich,10433,8814,0.8448193233010639,0.1551806766989361,12.778013706207275,2,3,False,,,2.446003300746266,0.32363768056570963
1325,context-rich,59831,59831,1.0,0.0,7.885270595550537,0,3,False,,,1.3083641159031345,0.9049144361926473
1326,context-rich,1809,1809,1.0,0.0,7.041550397872925,0,0,False,,,9.535462360033756,0.12294959812823723
1327,context-rich,4822,4822,1.0,0.0,7.84964394569397,0,3,False,,,8.917085224012116,0.17286125334042435
1328,context-rich,133654,133654,1.0,0.0,31.219542264938354,0,3,False,,,1.6348598843983395,0.5346933909512079
1329,context-rich,42017,40815,0.9713925315943547,0.02860746840564532,18.2949001789093,2,3,False,,,2.195956506175346,0.6283063825572832
1330,context-rich,1723,1572,0.9123621590249564,0.08763784097504357,29.200541734695435,1,3,False,,,7.971319132641917,0.07858111094644382
1331,context-rich,12290,11659,0.9486574450772987,0.051342554922701344,12.4483323097229,0,3,False,,,2.0907373805281737,0.48899111145281526
1332,context-rich,4717,4717,1.0,0.0,13.178614616394043,0,3,False,,,6.5296631846398405,0.19918142388245538
1333,context-rich,123769,123769,1.0,0.0,10.742588758468628,0,3,False,,,0.9549113248139671,1.1490889466422747
1334,context-rich,1515,1515,1.0,0.0,19.527138233184814,0,3,False,,,8.726519709199026,0.10166592046666102
1335,context-rich,106701,79956,0.749346304158349,0.250653695841651,15.748095989227295,2,3,False,,,1.76640401898347,0.8273066585042514
1336,context-rich,9069,9015,0.9940456500165399,0.005954349983460117,13.044055938720703,2,2,False,,,3.103161302829334,0.6118579246263655
1337,context-rich,1860,1860,1.0,0.0,11.182421445846558,0,3,False,,,7.610781122403909,0.08855232608064192
1338,context-rich,2605,2605,1.0,0.0,7.83085823059082,0,3,False,,,5.425940342684086,0.13192310971553217
1339,context-rich,29031,26049,0.8972822155626744,0.1027177844373256,41.735591411590576,0,3,False,,,2.309785791897635,0.47761150568666844
1340,context-rich,5491,4414,0.8038608632307412,0.19613913676925876,13.436616659164429,2,3,False,,,4.717692610144256,0.2883768703016484
1341,context-rich,117931,117931,1.0,0.0,57.46453285217285,0,3,False,,,1.5145726042906318,0.7756939379861492
1342,context-rich,1096,1096,1.0,0.0,10.00613260269165,0,3,False,,,9.72818860367399,0.10715713207254725
1343,context-rich,103433,78996,0.7637407790550405,0.23625922094495955,14.947641849517822,1,3,False,,,1.0414980160278084,2.0757266264175644
1344,context-rich,71097,71097,1.0,0.0,11.248018026351929,0,3,False,,,1.5127970416832242,0.7373376162738302
1345,context-rich,929,865,0.9311087190527448,0.06889128094725516,10.01630449295044,2,3,False,,,7.387522347817128,0.12578698479414166
1346,context-rich,8255,8255,1.0,0.0,17.991204500198364,0,3,False,,,3.8049536117510754,0.29203889561931945
1347,context-rich,19719,19719,1.0,0.0,29.97272253036499,0,3,False,,,2.1972670708329995,0.42586199441410094
1348,context-rich,36077,32486,0.9004628987997894,0.09953710120021064,20.673224449157715,0,3,False,,,1.2883870580406693,0.586131577951038
1349,context-rich,9488,9488,1.0,0.0,13.745489597320557,0,3,False,,,3.418989165000251,0.1785977395876411
1350,context-rich,4722,4026,0.8526048284625158,0.14739517153748416,12.026695013046265,2,3,False,,,4.979134418894363,0.2607405001890546
1351,context-rich,647,647,1.0,0.0,8.521381378173828,0,3,False,,,7.817586938507358,0.0556811038347357
1352,context-rich,126829,126829,1.0,0.0,12.385689973831177,0,3,False,,,1.1446541535749164,1.5017299352295113
1353,context-rich,94527,86577,0.9158970452886477,0.08410295471135232,12.951504707336426,0,3,False,,,1.9789895566827163,0.7449623501968936
1354,context-rich,80507,80507,1.0,0.0,10.80911898612976,0,1,False,,,1.5646106489966463,0.7995767317430174
1355,context-rich,13611,12516,0.9195503636764382,0.08044963632356184,24.052329063415527,0,3,False,,,2.764942862065813,0.44679383437214426
1356,context-rich,31538,23861,0.756579364576067,0.243420635423933,14.529809474945068,1,3,False,,,3.2801947911190386,0.5204105003282186
1357,context-rich,3593,2737,0.7617589757862511,0.23824102421374893,13.587707996368408,2,3,False,,,8.876088528369479,0.07955054626889346
1358,context-rich,6441,5297,0.8223878279770223,0.17761217202297774,10.57163381576538,2,3,False,,,5.301949734449498,0.23741096845388243
1359,context-rich,21062,18613,0.8837242427119931,0.11627575728800688,8.892480850219727,0,3,False,,,3.170011113502321,0.306313201194583
1360,context-rich,80962,75574,0.9334502606160915,0.06654973938390851,19.215197801589966,1,3,False,,,1.4204036213242763,1.2785644697075988
1361,context-rich,561,493,0.8787878787878788,0.12121212121212122,13.80713176727295,0,3,False,,,9.846722840073133,0.08746163143227177
1362,context-rich,78920,78920,1.0,0.0,12.983471870422363,0,3,False,,,1.3598890577707647,0.3949486732615408
1363,context-rich,3012,3012,1.0,0.0,14.30281400680542,0,2,False,,,5.287109239094515,0.16603347540573374
1364,context-rich,33553,29916,0.8916043274818943,0.10839567251810567,9.747780084609985,2,3,False,,,2.3321301742740537,0.5097359057861939
1365,context-rich,1880,1770,0.9414893617021277,0.058510638297872286,7.698895454406738,0,3,False,,,9.974754397765933,0.123113224645369
1366,context-rich,33764,30043,0.8897938632863405,0.11020613671365953,32.009496212005615,0,3,False,,,1.4967982518419913,1.1302006931365185
1367,context-rich,3247,3247,1.0,0.0,16.15143895149231,0,3,False,,,8.836304431541654,0.1463107879074065
1368,context-rich,52076,52076,1.0,0.0,7.775799512863159,0,3,False,,,1.594377518911854,0.5516517873452724
1369,context-rich,201232,201232,1.0,0.0,15.426953315734863,0,3,False,,,1.0377098300165333,1.1204010063449454
1370,context-rich,2136,2136,1.0,0.0,11.66742730140686,0,0,False,,,9.840045524869574,0.1404007798101279
1371,context-rich,10997,8379,0.7619350732017823,0.23806492679821767,24.114048957824707,2,3,False,,,4.441148968923867,0.36434038485734055
1372,context-rich,7553,7553,1.0,0.0,10.57685923576355,0,3,False,,,5.282313129367405,0.32123882536856074
1373,context-rich,747,747,1.0,0.0,18.103151082992554,0,3,False,,,8.65905531817811,0.07703113868729439
1374,context-rich,142605,142605,1.0,0.0,21.463305950164795,0,2,False,,,0.9869783582568865,2.5966408866804533
1375,context-rich,37854,29004,0.7662070058646379,0.23379299413536214,16.7396297454834,2,3,False,,,2.9570073547592695,0.5511102278607457
1376,context-rich,3839,3839,1.0,0.0,22.685365200042725,0,3,False,,,6.713894540093227,0.15381697610242145
1377,context-rich,5317,5317,1.0,0.0,10.576755046844482,0,3,False,,,3.132360147478171,0.16601820400697953
1378,context-rich,58319,56724,0.9726504226752859,0.027349577324714103,7.4599573612213135,2,0,False,,,1.2216775737312755,1.6808891651785824
1379,context-rich,159409,159409,1.0,0.0,5.768995523452759,0,0,False,,,0.9292284980650061,1.1305312197621287
1380,context-rich,8634,8634,1.0,0.0,10.908792972564697,0,3,False,,,4.1594660405668415,0.39637736504364945
1381,context-rich,36843,30535,0.8287870151724887,0.17121298482751135,18.473268747329712,2,2,False,,,1.7533249773410515,0.8103317755297951
1382,context-rich,7698,7698,1.0,0.0,13.657501697540283,0,3,False,,,7.806803155990102,0.21981532715983887
1383,context-rich,2794,2292,0.8203292770221904,0.17967072297780962,11.24722695350647,1,3,False,,,9.95956800131399,0.1336876086626285
1384,context-rich,1381,1381,1.0,0.0,8.080857753753662,0,0,False,,,8.92693957931738,0.12080589249244363
1385,context-rich,171132,171132,1.0,0.0,12.7262601852417,0,3,False,,,1.4466726508063066,0.9734942040958919
1386,context-rich,23991,23991,1.0,0.0,15.35879921913147,2,3,False,,,1.789906380870954,0.9967808254132764
1387,context-rich,34353,33830,0.9847757110004949,0.01522428899950512,14.310245513916016,0,3,False,,,2.580584366013987,0.5662342632286994
1388,context-rich,20317,15815,0.778412167150662,0.22158783284933803,15.325003862380981,2,3,False,,,2.4398420445449918,0.23907201043851495
1389,context-rich,10710,8587,0.8017740429505136,0.19822595704948642,18.468944549560547,1,3,False,,,5.4790991189100415,0.26361575863601694
1390,context-rich,11698,11698,1.0,0.0,19.62884521484375,0,3,False,,,2.5428241005573353,0.36998437909728216
1391,context-rich,2055,1574,0.7659367396593674,0.23406326034063263,11.689094543457031,1,3,False,,,6.533925217846818,0.1019512431904281
1392,context-rich,155660,155660,1.0,0.0,11.701593399047852,0,3,False,,,0.9776706496538837,1.3643308942993033
1393,context-rich,29157,25591,0.8776966080186576,0.12230339198134244,11.334437131881714,0,3,False,,,1.4904207188380736,0.8765589664044933
1394,context-rich,77359,77359,1.0,0.0,17.36404275894165,2,3,False,,,1.1027588250357596,1.6663129142577986
1395,context-rich,5387,4091,0.7594208279190644,0.2405791720809356,10.945812702178955,1,3,False,,,6.70405450172624,0.22923058116269637
1396,context-rich,277031,277031,1.0,0.0,20.99318552017212,0,3,False,,,1.3044798735588186,0.8898388223850611
1397,context-rich,1279,1022,0.799061767005473,0.20093823299452696,16.93716549873352,2,3,False,,,9.260090135947449,0.10009766396566838
1398,context-rich,20350,15760,0.7744471744471745,0.22555282555282552,17.84418511390686,1,3,False,,,3.871188370921606,0.22594612756265212
1399,context-rich,107229,106646,0.9945630379841274,0.005436962015872626,8.934959888458252,0,3,False,,,1.8830166108024282,0.7940616165277182
1400,controlled-occlusion,803,625,0.7783312577833126,0.22166874221668742,24.17514419555664,2,3,True,Dist_Closetmaid_Premium_Fabric_Cube_Red,left,9.915984794827029,0.17343395509855514
1401,controlled-occlusion,40012,23422,0.5853743876836949,0.4146256123163051,50.17114043235779,0,0,True,Dist_water_dispenser_01,right,2.9303577157859864,0.4564012732252083
1402,controlled-occlusion,57963,48650,0.8393285371702638,0.1606714628297362,40.006958961486816,0,0,True,Dist_utility_box_01,bottom,2.930968301504536,0.5592936737605667
1403,controlled-occlusion,2673,2248,0.8410026187803965,0.1589973812196035,44.19861030578613,0,0,True,Dist_water_dispenser_01,bottom,9.274368728900152,0.14072412489093636
1404,controlled-occlusion,11838,6781,0.5728163541138706,0.42718364588612945,36.24650478363037,0,3,True,Dist_Shelf_01,right,3.2028915484544984,0.4925650050305864
1405,controlled-occlusion,5233,2908,0.555704184979935,0.444295815020065,40.36307692527771,2,3,True,Dist_utility_box_01,bottom,8.377704841937957,0.13836790281378347
1406,controlled-occlusion,126154,112460,0.8914501323778874,0.1085498676221126,41.25158214569092,0,0,True,Dist_water_dispenser_01,bottom,1.9216661931234775,0.5543182373680778
1407,controlled-occlusion,174060,157576,0.9052970240147076,0.09470297598529243,38.19563364982605,0,0,True,Dist_metal_tool_chest,bottom,1.487138040263057,0.9942003358245979
1408,controlled-occlusion,2121,1156,0.545025931164545,0.454974068835455,30.425670862197876,1,3,True,Dist_chinese_screen_panels,left,8.992944972024906,0.09300641369361244
1409,controlled-occlusion,17135,14232,0.8305806828129559,0.16941931718704406,33.05774426460266,2,1,True,Dist_utility_box_01,left,1.8980542675321215,0.5508755649419916
1410,controlled-occlusion,67956,66172,0.9737477191123668,0.026252280887633206,35.412379026412964,0,0,True,Dist_utility_box_01,right,2.191642814216722,0.6950317515915521
1411,controlled-occlusion,6790,4414,0.6500736377025037,0.3499263622974963,23.615650177001953,2,3,True,Dist_utility_box_01,right,6.012927679736246,0.26320629938223283
1412,controlled-occlusion,25009,21004,0.8398576512455516,0.16014234875444844,41.10901165008545,2,0,True,Dist_utility_box_01,right,2.5838809074787843,0.6831807476970918
1413,controlled-occlusion,82124,59830,0.7285324631045735,0.27146753689542646,35.53940415382385,0,0,True,Dist_chinese_screen_panels,right,1.6585327771656915,0.4796841296031644
1414,controlled-occlusion,17797,15405,0.8655953250547845,0.13440467494521546,30.765265226364136,0,0,True,Dist_utility_box_01,right,2.1742695266085135,0.7605148808908112
1415,controlled-occlusion,4225,2201,0.5209467455621302,0.47905325443786984,33.79117727279663,2,3,True,Dist_utility_box_01,right,7.602095405287918,0.22445328152186603
1416,controlled-occlusion,5855,4193,0.7161400512382579,0.28385994876174214,24.062201023101807,0,3,True,Dist_water_dispenser_01,left,7.599822729977622,0.13938631299686624
1417,controlled-occlusion,756,617,0.8161375661375662,0.18386243386243384,40.070794343948364,0,3,True,Dist_Shelf_01,left,6.679623660902503,0.12314267892031569
1418,controlled-occlusion,6235,4709,0.755252606255012,0.244747393744988,107.77822208404541,1,3,True,Dist_Shelf_01,left,7.5036434090772035,0.1551444862451838
1419,controlled-occlusion,25509,16816,0.6592183151044729,0.34078168489552707,63.78000545501709,0,3,True,Dist_chinese_screen_panels,right,3.3191691895266104,0.4117029802239983
1420,controlled-occlusion,5416,4392,0.810930576070901,0.18906942392909898,73.32292938232422,0,3,True,Dist_plastic_crate_01,bottom,4.778221768047954,0.21696738467786902
1421,controlled-occlusion,10152,6152,0.6059889676910953,0.39401103230890466,65.0837094783783,0,0,True,Dist_chinese_screen_panels,left,2.5186688196653724,0.3373056466808692
1422,controlled-occlusion,3309,1655,0.5001511030522816,0.4998488969477184,60.7548623085022,2,3,True,Dist_delivery_van_01,bottom,9.875925763760234,0.1392818282846935
1423,controlled-occlusion,15500,13845,0.8932258064516129,0.10677419354838713,69.73193907737732,0,2,True,Dist_water_dispenser_01,left,2.149731693081733,0.29609433931231793
1424,controlled-occlusion,25182,20794,0.8257485505519816,0.1742514494480184,51.29627180099487,0,0,True,Dist_wine_barrel_01,right,2.827280881812977,0.42081738668259516
1425,controlled-occlusion,49097,35963,0.7324887467666049,0.2675112532333951,70.14474296569824,1,0,True,Dist_water_dispenser_01,bottom,2.77018908580471,0.5640074822470929
1426,controlled-occlusion,18938,16053,0.8476607878339846,0.15233921216601543,37.93773579597473,0,3,True,Dist_water_dispenser_01,bottom,2.9543699490248314,0.2952766606039271
1427,controlled-occlusion,8332,5492,0.6591454632741238,0.3408545367258762,48.3002712726593,0,3,True,Dist_chinese_screen_panels,left,5.3361636891491715,0.2721312022417955
1428,controlled-occlusion,55163,44816,0.8124286206333956,0.1875713793666044,59.49296522140503,2,0,True,Dist_chinese_screen_panels,right,1.659273868639164,0.5858361416821396
1429,controlled-occlusion,11335,8500,0.7498897220996912,0.2501102779003088,37.41971445083618,0,0,True,Dist_chinese_screen_panels,right,3.342753744811214,0.34303686750083184
1430,controlled-occlusion,5563,3395,0.6102822218227575,0.3897177781772425,44.34172248840332,1,3,True,Dist_utility_box_01,right,5.604719801476003,0.1798369861709146
1431,controlled-occlusion,44114,36445,0.8261549621435372,0.17384503785646277,32.236406087875366,0,0,True,Dist_water_dispenser_01,left,2.1099050928491008,0.7407315654617042
1432,controlled-occlusion,5880,5772,0.9816326530612245,0.01836734693877551,37.014662742614746,0,3,True,Dist_water_dispenser_01,left,3.106320928123962,0.288407376582407
1433,controlled-occlusion,5535,3530,0.6377597109304426,0.3622402890695574,43.9638032913208,0,3,True,Dist_utility_box_01,left,7.04049372715352,0.13841811680077498
1434,controlled-occlusion,9864,5899,0.5980332522303325,0.40196674776966745,53.32256102561951,1,3,True,Dist_Shelf_01,bottom,7.474912248309039,0.12304657830364576
1435,controlled-occlusion,14681,10158,0.6919147197057421,0.30808528029425786,49.63322615623474,0,3,True,Dist_utility_box_01,right,4.636455765372091,0.3340899963266472
1436,controlled-occlusion,1046,872,0.8336520076481836,0.1663479923518164,32.290055990219116,0,3,True,Dist_water_dispenser_01,right,9.989876142950969,0.14800469122921625
1437,controlled-occlusion,57398,39994,0.6967838600648106,0.30321613993518937,47.96038770675659,1,0,True,Dist_utility_box_01,right,1.9485470808830134,0.553751926971773
1438,controlled-occlusion,5749,5432,0.9448599756479388,0.05514002435206122,79.89986681938171,0,2,True,Dist_construction_sign_01,bottom,5.764288417085927,0.30344902904378596
1439,controlled-occlusion,2046,1465,0.7160312805474096,0.2839687194525904,43.15779709815979,2,3,True,Dist_Shelf_01,left,7.790052625875536,0.10485537222572422
1440,controlled-occlusion,1801,1137,0.6313159355913381,0.36868406440866186,88.10426449775696,2,3,True,Dist_utility_box_01,right,8.676579057798277,0.20964556174089619
1441,controlled-occlusion,2880,2591,0.8996527777777777,0.10034722222222225,23.66667127609253,0,3,True,Dist_water_dispenser_01,bottom,9.884259341869024,0.13114033489285673
1442,controlled-occlusion,66344,64221,0.9680001205836247,0.031999879416375276,64.62047863006592,0,0,True,Dist_Cole_Hardware_Mug_Classic_Blue,bottom,1.3960202274157332,0.8001364621685246
1443,controlled-occlusion,29942,25271,0.8439983969006747,0.15600160309932531,66.65731430053711,0,1,True,Dist_utility_box_01,left,2.3225996833506026,0.6926954281244275
1444,controlled-occlusion,1437,893,0.6214335421016005,0.3785664578983995,49.02507543563843,2,3,True,Dist_utility_box_01,left,8.852995294025423,0.1221125883169489
1445,controlled-occlusion,109667,98716,0.9001431606590862,0.09985683934091383,81.48150897026062,1,0,True,Dist_water_dispenser_01,bottom,1.8839554177342162,0.5378065229852693
1446,controlled-occlusion,35036,28513,0.8138200707843362,0.18617992921566384,33.96573829650879,0,3,True,Dist_chinese_screen_panels,left,1.8458314485646312,0.7121726600801387
1447,controlled-occlusion,49627,38196,0.7696616761037338,0.23033832389626618,74.75482273101807,0,2,True,Dist_water_dispenser_01,right,1.8070022804458674,0.5154789938567713
1448,controlled-occlusion,3066,1962,0.639921722113503,0.36007827788649704,111.64423203468323,2,3,True,Dist_construction_sign_01,bottom,7.557598240967853,0.20069817711527732
