name,filepath_raw,resolved,exists,sha256
Image_0,//textures\Image_0.jpg,E:\CODING\GitHub\FoundationPose\data\pallet\assets\scenes\production\blender_scene\textures\Image_0.jpg,True,99226af2303c83a3019bf887dbbd6ce1f8373a9b28a48c07f48b0601cd1b1dd1
Image_0.001,//textures\Image_0.001.png,E:\CODING\GitHub\FoundationPose\data\pallet\assets\scenes\production\blender_scene\textures\Image_0.001.png,True,df41a4b0d184b212a53c6eaa4c452272e2440fcd74ce359fd3361857cdf5a62c
Image_0.002,//textures\Image_0.002.png,E:\CODING\GitHub\FoundationPose\data\pallet\assets\scenes\production\blender_scene\textures\Image_0.002.png,True,c86f232ef6b3e87e7f3e830b2d6590d70f11388a68af0c5e102987ee641c7b1f
Image_0.003,//textures\Image_0.003.png,E:\CODING\GitHub\FoundationPose\data\pallet\assets\scenes\production\blender_scene\textures\Image_0.003.png,True,c5fe0ec64e42242ce15327c960eb105b437d2cc758e808bb9c98d8142c695fd5
Image_0.004,//textures\Image_0.004.png,E:\CODING\GitHub\FoundationPose\data\pallet\assets\scenes\production\blender_scene\textures\Image_0.004.png,True,6bccc35e7a9001fcaeefba1a023aec993e2e83db181125263704e24937cfb13b
Image_0.005,//textures\Image_0.005.jpg,E:\CODING\GitHub\FoundationPose\data\pallet\assets\scenes\production\blender_scene\textures\Image_0.005.jpg,True,23435b9d9d02e75e198fe6d3eb6653e375ee965ba4fac099880b073a20d6d5fa
Image_0.006,//textures\Image_0.006.png,E:\CODING\GitHub\FoundationPose\data\pallet\assets\scenes\production\blender_scene\textures\Image_0.006.png,True,8e13b29b61eff40feba95e077941852a3e1b018f24d21f186baebf08e938b1ae
Image_0.007,//textures\Image_0.007.jpg,E:\CODING\GitHub\FoundationPose\data\pallet\assets\scenes\production\blender_scene\textures\Image_0.007.jpg,True,2ee1b92972bdebe65d4d5312ae1e5d0e4431afb058580f46e65bf88656023653
Image_0.008,//textures\Image_0.008.jpg,E:\CODING\GitHub\FoundationPose\data\pallet\assets\scenes\production\blender_scene\textures\Image_0.008.jpg,True,c204c1f55b08722c9e360131f17cd8258e5cdf7ac4ed8be8078110a19d51cd30
Image_0.009,//textures\Image_0.009.png,E:\CODING\GitHub\FoundationPose\data\pallet\assets\scenes\production\blender_scene\textures\Image_0.009.png,True,841c3862661987dc96709a9fddea299e349225b77aae77a5f35dd57eee54ccbb
Image_0.010,//textures\Image_0.010.png,E:\CODING\GitHub\FoundationPose\data\pallet\assets\scenes\production\blender_scene\textures\Image_0.010.png,True,cc38e2221f71c3b1e5eeaddd8a4c2edea71f9da50ab1af6b25eb4efee0dfb57e
Image_0.011,//textures\Image_0.011.jpg,E:\CODING\GitHub\FoundationPose\data\pallet\assets\scenes\production\blender_scene\textures\Image_0.011.jpg,True,90d5a772d0d0400fd7231a8d2a558e2c353682c409dced15e6eb848b5e272c4c
Image_0.012,//textures\Image_0.012.png,E:\CODING\GitHub\FoundationPose\data\pallet\assets\scenes\production\blender_scene\textures\Image_0.012.png,True,c1fe7071f2e5d55fe924d0aea3f1df06e468d7f218acfd3f2f60841b3d9f4310
Image_0.013,//textures\Image_0.013.png,E:\CODING\GitHub\FoundationPose\data\pallet\assets\scenes\production\blender_scene\textures\Image_0.013.png,True,552b058db71f759763caed775b9e1665967987e17f1f76e19558fc826f209d15
Image_1,//textures\Image_1.png,E:\CODING\GitHub\FoundationPose\data\pallet\assets\scenes\production\blender_scene\textures\Image_1.png,True,333210578fd6ba31ff8c03ef83d422f66191985887b555e8a35ad9b16e192ead
Image_1.001,//textures\Image_1.001.png,E:\CODING\GitHub\FoundationPose\data\pallet\assets\scenes\production\blender_scene\textures\Image_1.001.png,True,412f3da9f7959daf49e6cbb6ccfa3147e2f98f6b344d9365a92dbdbbb2016c75
Image_1.002,//textures\Image_1.002.png,E:\CODING\GitHub\FoundationPose\data\pallet\assets\scenes\production\blender_scene\textures\Image_1.002.png,True,3ee25712f1ee7640543b14ca8a9ea1174ae1a3012f7af1a755263dc5ed3f8abb
Image_1.003,//textures\Image_1.003.png,E:\CODING\GitHub\FoundationPose\data\pallet\assets\scenes\production\blender_scene\textures\Image_1.003.png,True,402a9eb5c0b061c870d0c96a5013a708ba77d4213026383af0ac14545e6a9593
Image_1.004,//textures\Image_1.004.png,E:\CODING\GitHub\FoundationPose\data\pallet\assets\scenes\production\blender_scene\textures\Image_1.004.png,True,0fbaf594e07c046ea2f9ddd8fe18f45a108c8196fd1a1b025a2f995dcd843522
Image_1.005,//textures\Image_1.005.png,E:\CODING\GitHub\FoundationPose\data\pallet\assets\scenes\production\blender_scene\textures\Image_1.005.png,True,e79a97c68e6b1a3d887b9363d48f36a378ca092b6ab6ce8187fe2f694dba7fc7
Image_1.006,//textures\Image_1.006.png,E:\CODING\GitHub\FoundationPose\data\pallet\assets\scenes\production\blender_scene\textures\Image_1.006.png,True,066f18f20e4610cb90a1ebc2f6fa308d880077e613cb8749b7c0e4c2ce4ed577
Image_1.007,//textures\Image_1.007.png,E:\CODING\GitHub\FoundationPose\data\pallet\assets\scenes\production\blender_scene\textures\Image_1.007.png,True,268043a0b3c0c4a5140b7d4ed5b02e1fee26ac5f394b4271343c0ed8639daf4e
Image_1.008,//textures\Image_1.008.png,E:\CODING\GitHub\FoundationPose\data\pallet\assets\scenes\production\blender_scene\textures\Image_1.008.png,True,723b18ac9c56249e0b7b127dcd74ddcacf6c9bbe68e681d5e632da2ecddfd2e6
Image_1.009,//textures\Image_1.009.png,E:\CODING\GitHub\FoundationPose\data\pallet\assets\scenes\production\blender_scene\textures\Image_1.009.png,True,43d65f63974521951b2957f6f8da64559d1d8eeb83311a17f35faa5d5b062902
Image_1.010,//textures\Image_1.010.png,E:\CODING\GitHub\FoundationPose\data\pallet\assets\scenes\production\blender_scene\textures\Image_1.010.png,True,ca55b54ab8eb4504f7fb49f843ea63d1020dc4ae5f9214d95202108a8a604b43
Image_1.011,//textures\Image_1.011.png,E:\CODING\GitHub\FoundationPose\data\pallet\assets\scenes\production\blender_scene\textures\Image_1.011.png,True,6418ade31e94591bfcc693822bf5a6626429dab4228fc7307fe5b7820d68c5af
Image_10,//textures\Image_10.png,E:\CODING\GitHub\FoundationPose\data\pallet\assets\scenes\production\blender_scene\textures\Image_10.png,True,8910b7d62ce86180df66993ef2c99a76b0753d93b092270d00d5c63a6eedcd02
Image_10.001,//textures\Image_10.001.png,E:\CODING\GitHub\FoundationPose\data\pallet\assets\scenes\production\blender_scene\textures\Image_10.001.png,True,0110ff124f2b57f968021a3ef60327f7b35fc7521bb79f3a72acea811f611b75
Image_100,//textures\Image_100.png,E:\CODING\GitHub\FoundationPose\data\pallet\assets\scenes\production\blender_scene\textures\Image_100.png,True,d8e9d8e65e1b5fe23f5e7b2ffac636e48abf7a077e2b74fd8d119d5231c54191
Image_101,//textures\Image_101.jpg,E:\CODING\GitHub\FoundationPose\data\pallet\assets\scenes\production\blender_scene\textures\Image_101.jpg,True,0197fa9f8be1444aa624e6bfdcbd3f2f41c6fe94214b6115c98f166c87af997c
Image_102,//textures\Image_102.png,E:\CODING\GitHub\FoundationPose\data\pallet\assets\scenes\production\blender_scene\textures\Image_102.png,True,bfa2a581b74e24e71defe975af30991aa7f1540bbc62a98cf4d52d7a36540846
Image_103,//textures\Image_103.png,E:\CODING\GitHub\FoundationPose\data\pallet\assets\scenes\production\blender_scene\textures\Image_103.png,True,3b76126aba72c77aef9853dcb851301fa807a8eba2adb487721f1ffd732afc9a
Image_11,//textures\Image_11.png,E:\CODING\GitHub\FoundationPose\data\pallet\assets\scenes\production\blender_scene\textures\Image_11.png,True,15f840dd0313090a7bf55f93d3e02b74e8f9f73394629e0b5d78c72bbe03277f
Image_11.001,//textures\Image_11.001.png,E:\CODING\GitHub\FoundationPose\data\pallet\assets\scenes\production\blender_scene\textures\Image_11.001.png,True,d948d48a16bde827578eabb7ac1fb48d184ad8c3adad1e21c4e43255c7a60507
Image_12,//textures\Image_12.png,E:\CODING\GitHub\FoundationPose\data\pallet\assets\scenes\production\blender_scene\textures\Image_12.png,True,9c9815f193396c8ed8e177475707e25eb9cc43d683cd33019f4f4a4cc3e8d3e2
Image_12.001,//textures\Image_12.001.png,E:\CODING\GitHub\FoundationPose\data\pallet\assets\scenes\production\blender_scene\textures\Image_12.001.png,True,5191413d689a881810e9a006c3017437575004fa881b76ac05440492101847e1
Image_13,//textures\Image_13.png,E:\CODING\GitHub\FoundationPose\data\pallet\assets\scenes\production\blender_scene\textures\Image_13.png,True,485580cb960f0126ea3ba2b24f94b6824d0f0e152539a8393d9ac64d7473fcf2
Image_14,//textures\Image_14.png,E:\CODING\GitHub\FoundationPose\data\pallet\assets\scenes\production\blender_scene\textures\Image_14.png,True,e7caebb33191e2179725fddf179c0e78038d9eaf41ce8a73edc7a675390a6e56
Image_15,//textures\Image_15.jpg,E:\CODING\GitHub\FoundationPose\data\pallet\assets\scenes\production\blender_scene\textures\Image_15.jpg,True,a4ec9ab6aeece977b75ebc5b462c1c227fe7d501dd5c0d536977df8b5288d6db
Image_16,//textures\Image_16.png,E:\CODING\GitHub\FoundationPose\data\pallet\assets\scenes\production\blender_scene\textures\Image_16.png,True,d30a111c466fe7b298cab9e04047672e1bb77cf5d25f62002d37a71fdc090e36
Image_17,//textures\Image_17.png,E:\CODING\GitHub\FoundationPose\data\pallet\assets\scenes\production\blender_scene\textures\Image_17.png,True,668b3195683ec1043b2d80df9f61c4b4b32f1b10c30e8e8bc5d391ed2ace3552
Image_18,//textures\Image_18.png,E:\CODING\GitHub\FoundationPose\data\pallet\assets\scenes\production\blender_scene\textures\Image_18.png,True,9ad1f27b2045d8e717aa5962f9875a872ed8f267d90fd68f9d3caf7a0af08a4e
Image_19,//textures\Image_19.png,E:\CODING\GitHub\FoundationPose\data\pallet\assets\scenes\production\blender_scene\textures\Image_19.png,True,f074232a7ed3f4691eb32f7c10de96dfda2b81a997273902e07dd26ea793fa67
Image_2,//textures\Image_2.png,E:\CODING\GitHub\FoundationPose\data\pallet\assets\scenes\production\blender_scene\textures\Image_2.png,True,8564efb9182fe338193d13348a0561164ea0324dd3edfb9760b5b2aeea64ff99
Image_2.001,//textures\Image_2.001.png,E:\CODING\GitHub\FoundationPose\data\pallet\assets\scenes\production\blender_scene\textures\Image_2.001.png,True,df41a4b0d184b212a53c6eaa4c452272e2440fcd74ce359fd3361857cdf5a62c
Image_2.002,//textures\Image_2.002.png,E:\CODING\GitHub\FoundationPose\data\pallet\assets\scenes\production\blender_scene\textures\Image_2.002.png,True,9f83de7c761ed493464ab41ff732b131d3d9ea85182695175c5812acf4dc06f6
Image_2.003,//textures\Image_2.003.png,E:\CODING\GitHub\FoundationPose\data\pallet\assets\scenes\production\blender_scene\textures\Image_2.003.png,True,3d6dd874ca205d6ca6b94523c1d789c261e75cd4b1e7422475b578067809f93b
Image_2.004,//textures\Image_2.004.png,E:\CODING\GitHub\FoundationPose\data\pallet\assets\scenes\production\blender_scene\textures\Image_2.004.png,True,75a1d2dcadbc498286577147d640cb7cea75b9438456c890e5feedf0e543b377
Image_2.005,//textures\Image_2.005.png,E:\CODING\GitHub\FoundationPose\data\pallet\assets\scenes\production\blender_scene\textures\Image_2.005.png,True,21270cbdbdfa9ac045a9d183aa7437a9a128107f857da7e1c1f07b2dee7a9bb6
Image_2.006,//textures\Image_2.006.png,E:\CODING\GitHub\FoundationPose\data\pallet\assets\scenes\production\blender_scene\textures\Image_2.006.png,True,0eb699002350c9efea76433e822e34bdc2c47d8ed7347108fe5edbf44eefe117
Image_2.007,//textures\Image_2.007.png,E:\CODING\GitHub\FoundationPose\data\pallet\assets\scenes\production\blender_scene\textures\Image_2.007.png,True,7f70fecc565d77972299337e8159c3557c5063af235b2f39d60b9cc095485be7
Image_2.008,//textures\Image_2.008.png,E:\CODING\GitHub\FoundationPose\data\pallet\assets\scenes\production\blender_scene\textures\Image_2.008.png,True,cec435753626dafd4c55bfe2fbc9c116ce883b0574f564efe4ff43021780b0b6
Image_2.009,//textures\Image_2.009.png,E:\CODING\GitHub\FoundationPose\data\pallet\assets\scenes\production\blender_scene\textures\Image_2.009.png,True,a8ec980f646c398d7b75e6067e7259f1148e3fe06078aeedc4b021a9ed16b0ce
Image_2.010,//textures\Image_2.010.png,E:\CODING\GitHub\FoundationPose\data\pallet\assets\scenes\production\blender_scene\textures\Image_2.010.png,True,cf7e75850578807912065f40c196f3a8e8cd16b9b32a37f3e0e37f9fd009e6ac
Image_20,//textures\Image_20.png,E:\CODING\GitHub\FoundationPose\data\pallet\assets\scenes\production\blender_scene\textures\Image_20.png,True,994a93c2a48c09de89a9201177e722120c6abb6853d16919b9883f7368e98f1f
Image_21,//textures\Image_21.jpg,E:\CODING\GitHub\FoundationPose\data\pallet\assets\scenes\production\blender_scene\textures\Image_21.jpg,True,40b5d84c08c7c209f9c7a23a5b7d09c4014b33d876593ee4a00f273297b6ecfd
Image_22,//textures\Image_22.png,E:\CODING\GitHub\FoundationPose\data\pallet\assets\scenes\production\blender_scene\textures\Image_22.png,True,db0dbdca27985036ee397046ac05195a45741019ba1c0de66d96e58901764c79
Image_23,//textures\Image_23.jpg,E:\CODING\GitHub\FoundationPose\data\pallet\assets\scenes\production\blender_scene\textures\Image_23.jpg,True,378327b88396d5f1540fc014cca18d6a0cc3d84f230fc40f5cb462c4fce19c56
Image_24,//textures\Image_24.png,E:\CODING\GitHub\FoundationPose\data\pallet\assets\scenes\production\blender_scene\textures\Image_24.png,True,65025e51adea4f4d900f69370dcef05e7e258055c51370be8fb46de48d47fcd5
Image_25,//textures\Image_25.png,E:\CODING\GitHub\FoundationPose\data\pallet\assets\scenes\production\blender_scene\textures\Image_25.png,True,09cf8728f809da735ea65a350bf2b784d43e37145e9f970538b5ae8a8dce0d3d
Image_26,//textures\Image_26.jpg,E:\CODING\GitHub\FoundationPose\data\pallet\assets\scenes\production\blender_scene\textures\Image_26.jpg,True,223ed2be7bba709f591e58cbdb72f699e6d909b974dd9ca47dac04023f3b1997
Image_27,//textures\Image_27.png,E:\CODING\GitHub\FoundationPose\data\pallet\assets\scenes\production\blender_scene\textures\Image_27.png,True,d468c8a8b3efcbab6d3350693efb7bf8dacb2aef13487341e278815bfc75b1cc
Image_28,//textures\Image_28.png,E:\CODING\GitHub\FoundationPose\data\pallet\assets\scenes\production\blender_scene\textures\Image_28.png,True,56a7a67dd5eb0fafa1b89b84682e1bbbb34de971365523a6fb8413c0f728a715
Image_29,//textures\Image_29.jpg,E:\CODING\GitHub\FoundationPose\data\pallet\assets\scenes\production\blender_scene\textures\Image_29.jpg,True,904adbc8c6e4f6b8fed525665d320280e5fc4ba07cb460a36ed9878000e13c32
Image_3,//textures\Image_3.png,E:\CODING\GitHub\FoundationPose\data\pallet\assets\scenes\production\blender_scene\textures\Image_3.png,True,dfcf0b32057b9a06e296fca1f47eeed64d09f6bbcc28377594104253f7d9a162
Image_3.001,//textures\Image_3.001.png,E:\CODING\GitHub\FoundationPose\data\pallet\assets\scenes\production\blender_scene\textures\Image_3.001.png,True,763aed47bd666a03ef815e52d39c629cdcf84948c38f106abfafb0a1aa0dc220
Image_3.002,//textures\Image_3.002.png,E:\CODING\GitHub\FoundationPose\data\pallet\assets\scenes\production\blender_scene\textures\Image_3.002.png,True,93ec173a019a0ba7769e16c5652887fce619629c3575b4260293841a42e1eb0c
Image_3.003,//textures\Image_3.003.png,E:\CODING\GitHub\FoundationPose\data\pallet\assets\scenes\production\blender_scene\textures\Image_3.003.png,True,d381aa6d2d294ebc251c226729bbd483f8eeea3ec4dbabd84071eebb5efa1712
Image_3.004,//textures\Image_3.004.png,E:\CODING\GitHub\FoundationPose\data\pallet\assets\scenes\production\blender_scene\textures\Image_3.004.png,True,3809157b5e90f496c9211b3709e5a9186778669d7e2f8e1a7c5f96e08d8f8c13
Image_30,//textures\Image_30.png,E:\CODING\GitHub\FoundationPose\data\pallet\assets\scenes\production\blender_scene\textures\Image_30.png,True,09af4c9281e1cb727c4b8ba4fbf00e9cf9346c1b88df6585fbb95c06b536eb0b
Image_31,//textures\Image_31.png,E:\CODING\GitHub\FoundationPose\data\pallet\assets\scenes\production\blender_scene\textures\Image_31.png,True,b9c14aaab3d3d6bc1bc250159c5e84e9b864051b1ac9e013258fa81e2c09e372
Image_32,//textures\Image_32.jpg,E:\CODING\GitHub\FoundationPose\data\pallet\assets\scenes\production\blender_scene\textures\Image_32.jpg,True,223ed2be7bba709f591e58cbdb72f699e6d909b974dd9ca47dac04023f3b1997
Image_33,//textures\Image_33.png,E:\CODING\GitHub\FoundationPose\data\pallet\assets\scenes\production\blender_scene\textures\Image_33.png,True,fd52d0c0231e6ac41ade8eba9b0f9978aa4bfba43570ec615a4ff32706ef6a11
Image_34,//textures\Image_34.png,E:\CODING\GitHub\FoundationPose\data\pallet\assets\scenes\production\blender_scene\textures\Image_34.png,True,56a7a67dd5eb0fafa1b89b84682e1bbbb34de971365523a6fb8413c0f728a715
Image_35,//textures\Image_35.jpg,E:\CODING\GitHub\FoundationPose\data\pallet\assets\scenes\production\blender_scene\textures\Image_35.jpg,True,86970a92f25dc9f68a3c9ead7f0f4824588e27570a57de46a5e08ee7625e78d7
Image_36,//textures\Image_36.png,E:\CODING\GitHub\FoundationPose\data\pallet\assets\scenes\production\blender_scene\textures\Image_36.png,True,aaec99815a31f69210c45b1b2090c7ecd5536c9ce90fb5d145b23bf2bce644e6
Image_37,//textures\Image_37.png,E:\CODING\GitHub\FoundationPose\data\pallet\assets\scenes\production\blender_scene\textures\Image_37.png,True,1c44f9e93a32c89476f194ce97197c664775a486bd970721dba9149a5c1f14c1
Image_38,//textures\Image_38.jpg,E:\CODING\GitHub\FoundationPose\data\pallet\assets\scenes\production\blender_scene\textures\Image_38.jpg,True,0b3cb5d0f1bc72a72a4c317fd0a5715de892d30e7a73429fd4ab556656a667b9
Image_39,//textures\Image_39.png,E:\CODING\GitHub\FoundationPose\data\pallet\assets\scenes\production\blender_scene\textures\Image_39.png,True,6abaa36121d730aba16763e268d71c751940f99831cb1d7885c9b51d7a970d91
Image_4,//textures\Image_4.png,E:\CODING\GitHub\FoundationPose\data\pallet\assets\scenes\production\blender_scene\textures\Image_4.png,True,9509e956cc77eb2562088d15ac5675dc843e0ae207b48f04960578828b8b55a7
Image_4.001,//textures\Image_4.001.png,E:\CODING\GitHub\FoundationPose\data\pallet\assets\scenes\production\blender_scene\textures\Image_4.001.png,True,cd4dadec8b2877a3fa8649313cba0ffbfef41ed149889da95a90921d2e0cdf99
Image_4.002,//textures\Image_4.002.png,E:\CODING\GitHub\FoundationPose\data\pallet\assets\scenes\production\blender_scene\textures\Image_4.002.png,True,6efc5538d011b9e7cb2f528017a442aee0ed5bbcae1e3876f6237d160a435dca
Image_4.003,//textures\Image_4.003.png,E:\CODING\GitHub\FoundationPose\data\pallet\assets\scenes\production\blender_scene\textures\Image_4.003.png,True,dec62defb603f4cc999110a987eac2c85dac0a8aaadc1a79765b04f47d1f9fdb
Image_40,//textures\Image_40.png,E:\CODING\GitHub\FoundationPose\data\pallet\assets\scenes\production\blender_scene\textures\Image_40.png,True,e6bde95b09a9f0db29049e5b0241dc50d6ac758cd17b8737448e895fb97f6da6
Image_41,//textures\Image_41.jpg,E:\CODING\GitHub\FoundationPose\data\pallet\assets\scenes\production\blender_scene\textures\Image_41.jpg,True,0d389d1b66db25ccc423c50d3c8c7858147a14d6d3c846749048742995fc00c5
Image_42,//textures\Image_42.png,E:\CODING\GitHub\FoundationPose\data\pallet\assets\scenes\production\blender_scene\textures\Image_42.png,True,996af8057398a93e85715920cdd0c14fc31ade6132c9cce998fe9fdc92b8071f
Image_43,//textures\Image_43.jpg,E:\CODING\GitHub\FoundationPose\data\pallet\assets\scenes\production\blender_scene\textures\Image_43.jpg,True,7335187ac7ac0be712e81fab8df1cfd38b9adeb467a13895a0070f798312f530
Image_44,//textures\Image_44.png,E:\CODING\GitHub\FoundationPose\data\pallet\assets\scenes\production\blender_scene\textures\Image_44.png,True,0c33fb7c782d4f2f535262f857564d1abc62e235bc171dd8c7bfbf91bdd94825
Image_45,//textures\Image_45.png,E:\CODING\GitHub\FoundationPose\data\pallet\assets\scenes\production\blender_scene\textures\Image_45.png,True,a6cec53af112ef49890533743996e26f9e801ce1b0a35e98f5e36321c2c1b006
Image_46,//textures\Image_46.jpg,E:\CODING\GitHub\FoundationPose\data\pallet\assets\scenes\production\blender_scene\textures\Image_46.jpg,True,c749b0ccc4c11676e3a3b0ae0f3be443cadc2dedbbdacf7dd2cac28a1db79e39
Image_47,//textures\Image_47.png,E:\CODING\GitHub\FoundationPose\data\pallet\assets\scenes\production\blender_scene\textures\Image_47.png,True,f8729eb17d1787bfa79d5ce5d0a3c4f22e2f0f39fa993c041982977d2062adb9
Image_48,//textures\Image_48.png,E:\CODING\GitHub\FoundationPose\data\pallet\assets\scenes\production\blender_scene\textures\Image_48.png,True,b7783c763e7b8d742aed03927283bca380e07f14020c94ecf251a3e5774232ba
Image_49,//textures\Image_49.jpg,E:\CODING\GitHub\FoundationPose\data\pallet\assets\scenes\production\blender_scene\textures\Image_49.jpg,True,e83a275f9f72994c77326c401dca1abde695c80fa17a8ad5c8bf5dbe88adb10a
Image_5,//textures\Image_5.png,E:\CODING\GitHub\FoundationPose\data\pallet\assets\scenes\production\blender_scene\textures\Image_5.png,True,eaf9677ae4ad474a821a54d134f3dd637dfd7d359145e8bf0928416e1f7db344
Image_5.001,//textures\Image_5.001.png,E:\CODING\GitHub\FoundationPose\data\pallet\assets\scenes\production\blender_scene\textures\Image_5.001.png,True,ade0c258f64950e7976c615b36b6a4bdf526bf44c3fb74855796ba27e55cc366
Image_5.002,//textures\Image_5.002.png,E:\CODING\GitHub\FoundationPose\data\pallet\assets\scenes\production\blender_scene\textures\Image_5.002.png,True,516457153704b644d879099ad48adedd9bae4ed7c08a2138b8315dcca26c91d2
Image_5.003,//textures\Image_5.003.png,E:\CODING\GitHub\FoundationPose\data\pallet\assets\scenes\production\blender_scene\textures\Image_5.003.png,True,029873cd2797c51c8eaff626f08067e88759fc510e91faba555f5da50337b000
Image_50,//textures\Image_50.png,E:\CODING\GitHub\FoundationPose\data\pallet\assets\scenes\production\blender_scene\textures\Image_50.png,True,0a9acd65eae4d456e3142f44a8731dd60a897f00ea5c2c5c2b551755c2504e70
Image_51,//textures\Image_51.png,E:\CODING\GitHub\FoundationPose\data\pallet\assets\scenes\production\blender_scene\textures\Image_51.png,True,719fb3bf3ac56ac5569b7a3f2141d486e7eec9b340e744c34ee0f6e2e93c9f51
Image_52,//textures\Image_52.jpg,E:\CODING\GitHub\FoundationPose\data\pallet\assets\scenes\production\blender_scene\textures\Image_52.jpg,True,cefbcf814edf3518254c15de853a81c235febe21a7c620901e16991a7d09a579
Image_53,//textures\Image_53.png,E:\CODING\GitHub\FoundationPose\data\pallet\assets\scenes\production\blender_scene\textures\Image_53.png,True,debafdeb481af42e24e2ab2f90f6f26b435813f74abf90ed28cf12865d4171c3
Image_54,//textures\Image_54.png,E:\CODING\GitHub\FoundationPose\data\pallet\assets\scenes\production\blender_scene\textures\Image_54.png,True,ff3b9aeb9252c2a052c0248848e293a97e9782a56c65d8310541645efd4684b5
Image_55,//textures\Image_55.jpg,E:\CODING\GitHub\FoundationPose\data\pallet\assets\scenes\production\blender_scene\textures\Image_55.jpg,True,b95a6f0e5da372183c7c07e9982d15901d22aaf1a8ff0bdef30fafde914b01b4
Image_56,//textures\Image_56.png,E:\CODING\GitHub\FoundationPose\data\pallet\assets\scenes\production\blender_scene\textures\Image_56.png,True,4ed0f16890a71d181b6ea85ccb4abcbb4bdfca447de39e875ea53ee57be4e9e6
Image_57,//textures\Image_57.png,E:\CODING\GitHub\FoundationPose\data\pallet\assets\scenes\production\blender_scene\textures\Image_57.png,True,4f1bb545f8725e29f89cf63a8cac4cea66d2fb9799fd492aab797ff47ac153b2
Image_58,//textures\Image_58.jpg,E:\CODING\GitHub\FoundationPose\data\pallet\assets\scenes\production\blender_scene\textures\Image_58.jpg,True,1e2af42c373109bdf8f1e0418c094db160b8d87abe4d1a84bc113c67d84ca6f5
Image_59,//textures\Image_59.png,E:\CODING\GitHub\FoundationPose\data\pallet\assets\scenes\production\blender_scene\textures\Image_59.png,True,e010fa48e1b89704cf330503edcc94451f539a3600f96bb3b6866beb362c85b4
Image_6,//textures\Image_6.png,E:\CODING\GitHub\FoundationPose\data\pallet\assets\scenes\production\blender_scene\textures\Image_6.png,True,87e9aabd71eb3a36e516b9f1b6f441f3972f97465114ae66df0a6302bf57e45b
Image_6.001,//textures\Image_6.001.png,E:\CODING\GitHub\FoundationPose\data\pallet\assets\scenes\production\blender_scene\textures\Image_6.001.png,True,3978e33f7fa5a6010f555d888f2802e66fbd41a8d0a5cb8a0296df4a532d06fe
Image_6.002,//textures\Image_6.002.png,E:\CODING\GitHub\FoundationPose\data\pallet\assets\scenes\production\blender_scene\textures\Image_6.002.png,True,a90d7145633a4a4ad7d87068ed3903da227799238dc260f4bbc54668c996c345
Image_60,//textures\Image_60.png,E:\CODING\GitHub\FoundationPose\data\pallet\assets\scenes\production\blender_scene\textures\Image_60.png,True,8a1d917abf7f15452bfd1add6bb8710a3e081447bd8eecebae8c6b8f3cd7f1f3
Image_61,//textures\Image_61.png,E:\CODING\GitHub\FoundationPose\data\pallet\assets\scenes\production\blender_scene\textures\Image_61.png,True,902390ba83aa8fc8edbbd703059c761abdda712d03de8122d79c41a4e12b5fa1
Image_62,//textures\Image_62.png,E:\CODING\GitHub\FoundationPose\data\pallet\assets\scenes\production\blender_scene\textures\Image_62.png,True,6f65ba17f74e8f97f098c6c977c40e0570d3a3ad065fdb3a0a6007ac52494206
Image_63,//textures\Image_63.png,E:\CODING\GitHub\FoundationPose\data\pallet\assets\scenes\production\blender_scene\textures\Image_63.png,True,14a193557cb73d32eabdbb682860f9336bddd8c9008c4eafb4a8db3ba952c1e9
Image_64,//textures\Image_64.jpg,E:\CODING\GitHub\FoundationPose\data\pallet\assets\scenes\production\blender_scene\textures\Image_64.jpg,True,b6ace42b45813a235cff5d8201500851e36766b2ccb6a0917f330458fe1ca89e
Image_65,//textures\Image_65.png,E:\CODING\GitHub\FoundationPose\data\pallet\assets\scenes\production\blender_scene\textures\Image_65.png,True,50bd366e34671186415ba83c852ce73a202e002e3f26463230607d41797b438c
Image_66,//textures\Image_66.png,E:\CODING\GitHub\FoundationPose\data\pallet\assets\scenes\production\blender_scene\textures\Image_66.png,True,f6b90bd2ada833c9924f089167e2e3924974d33be5d82e86e84ac9f493e0d533
Image_67,//textures\Image_67.jpg,E:\CODING\GitHub\FoundationPose\data\pallet\assets\scenes\production\blender_scene\textures\Image_67.jpg,True,6e00647f9324209e9788b6905e546813677db173651f7c20971561a1e5d524bb
Image_68,//textures\Image_68.jpg,E:\CODING\GitHub\FoundationPose\data\pallet\assets\scenes\production\blender_scene\textures\Image_68.jpg,True,536491cb47b4f57cd927cddbe75bc45b1701fe42dea49bc17b047ce96e347a2d
Image_69,//textures\Image_69.png,E:\CODING\GitHub\FoundationPose\data\pallet\assets\scenes\production\blender_scene\textures\Image_69.png,True,0b904c03b011f4eb611010c9b0c6254473ab09501dc1eafa6c5a2b3d100ab125
Image_7,//textures\Image_7.png,E:\CODING\GitHub\FoundationPose\data\pallet\assets\scenes\production\blender_scene\textures\Image_7.png,True,df41a4b0d184b212a53c6eaa4c452272e2440fcd74ce359fd3361857cdf5a62c
Image_7.001,//textures\Image_7.001.png,E:\CODING\GitHub\FoundationPose\data\pallet\assets\scenes\production\blender_scene\textures\Image_7.001.png,True,79483233b864111ecc7dc10d666cfbc7edc87d9132b5459ae1a4a850aed93fc9
Image_7.002,//textures\Image_7.002.png,E:\CODING\GitHub\FoundationPose\data\pallet\assets\scenes\production\blender_scene\textures\Image_7.002.png,True,838fd4e13f42bebef3b325ad810a7b3d2106479a4d4f1463e75d0e83c7e127f2
Image_70,//textures\Image_70.png,E:\CODING\GitHub\FoundationPose\data\pallet\assets\scenes\production\blender_scene\textures\Image_70.png,True,c8f30148a058e61d573f790eea55eaaa8605fd8dd80c0eabb78bc15b6630c06f
Image_71,//textures\Image_71.jpg,E:\CODING\GitHub\FoundationPose\data\pallet\assets\scenes\production\blender_scene\textures\Image_71.jpg,True,8aced1ac9601671e01f7fc0026b2546543cf8fa11ceaf8719fe54618ca3f40bf
Image_72,//textures\Image_72.png,E:\CODING\GitHub\FoundationPose\data\pallet\assets\scenes\production\blender_scene\textures\Image_72.png,True,189108bc4bb49c9fc0e8e8083c50c3c69a2f2781f361d6aacd36e116e2046141
Image_73,//textures\Image_73.png,E:\CODING\GitHub\FoundationPose\data\pallet\assets\scenes\production\blender_scene\textures\Image_73.png,True,e31759f742b8a3a4f64214fe9dbeb07a027a02ec73faba906963aa6719b4e80b
Image_74,//textures\Image_74.jpg,E:\CODING\GitHub\FoundationPose\data\pallet\assets\scenes\production\blender_scene\textures\Image_74.jpg,True,7f962aa7678ed737dba6474da3c6bfae1aa9ea280a588c7e210759d8c0e6efeb
Image_75,//textures\Image_75.png,E:\CODING\GitHub\FoundationPose\data\pallet\assets\scenes\production\blender_scene\textures\Image_75.png,True,7ea304f19c310e4df10246a2a6b18f41895bc57dca33682b481a45af83972c16
Image_76,//textures\Image_76.png,E:\CODING\GitHub\FoundationPose\data\pallet\assets\scenes\production\blender_scene\textures\Image_76.png,True,56a7a67dd5eb0fafa1b89b84682e1bbbb34de971365523a6fb8413c0f728a715
Image_77,//textures\Image_77.jpg,E:\CODING\GitHub\FoundationPose\data\pallet\assets\scenes\production\blender_scene\textures\Image_77.jpg,True,a1b47afa12a456d9edd89c48ae265a161b92777b22b39c97a4c5c9738a06571e
Image_78,//textures\Image_78.png,E:\CODING\GitHub\FoundationPose\data\pallet\assets\scenes\production\blender_scene\textures\Image_78.png,True,7e28cdf4320440e1ccbf93a755843e9685ba325abc331de7be350b55ac2c21ce
Image_79,//textures\Image_79.png,E:\CODING\GitHub\FoundationPose\data\pallet\assets\scenes\production\blender_scene\textures\Image_79.png,True,932a1bfee18ad58a292311e93bd1335f3c4129d6f7425eab55b584a57f6aff3d
Image_8,//textures\Image_8.png,E:\CODING\GitHub\FoundationPose\data\pallet\assets\scenes\production\blender_scene\textures\Image_8.png,True,4f2ea9b406d9be5546a10bc85b2c441dfe691f4edd95fb462cf16fa2a6a6775c
Image_8.001,//textures\Image_8.001.png,E:\CODING\GitHub\FoundationPose\data\pallet\assets\scenes\production\blender_scene\textures\Image_8.001.png,True,4566dfb3874367cd413fa839cc4ad433b672ad74ccf2fefb1262f805d637c569
Image_8.002,//textures\Image_8.002.png,E:\CODING\GitHub\FoundationPose\data\pallet\assets\scenes\production\blender_scene\textures\Image_8.002.png,True,d1fe206e2bfb7021b682ae2ce609af94590c003ed30cd426ec2b48c24127b27c
Image_80,//textures\Image_80.jpg,E:\CODING\GitHub\FoundationPose\data\pallet\assets\scenes\production\blender_scene\textures\Image_80.jpg,True,f7ecf31e3cabc4f3ba6ceee6713d6c784a512d063c45807de113e565071a3013
Image_81,//textures\Image_81.png,E:\CODING\GitHub\FoundationPose\data\pallet\assets\scenes\production\blender_scene\textures\Image_81.png,True,7c3de410ee5bc4369b9f600767cd0b84829fb4b21a32410402abf86d93d3a2a5
Image_82,//textures\Image_82.png,E:\CODING\GitHub\FoundationPose\data\pallet\assets\scenes\production\blender_scene\textures\Image_82.png,True,56a7a67dd5eb0fafa1b89b84682e1bbbb34de971365523a6fb8413c0f728a715
Image_83,//textures\Image_83.jpg,E:\CODING\GitHub\FoundationPose\data\pallet\assets\scenes\production\blender_scene\textures\Image_83.jpg,True,55d4ff3fd0613bdd51b0a4d02566651fb72bebab1eec5cb3f03ee82a3e0aa37d
Image_84,//textures\Image_84.png,E:\CODING\GitHub\FoundationPose\data\pallet\assets\scenes\production\blender_scene\textures\Image_84.png,True,ac0f9dba3cd24469e3b00f147abf68c31830b4e07e3da0985f03d73161d898b3
Image_85,//textures\Image_85.jpg,E:\CODING\GitHub\FoundationPose\data\pallet\assets\scenes\production\blender_scene\textures\Image_85.jpg,True,07eefc0e7cdc6fcd6fe95b383ea17b4daff767818ab649d167f44f0b26c9706c
Image_86,//textures\Image_86.png,E:\CODING\GitHub\FoundationPose\data\pallet\assets\scenes\production\blender_scene\textures\Image_86.png,True,d00187e98838a6cb7b86cab96f5758c851997353b489fe9aaa163a6d9471dea3
Image_87,//textures\Image_87.png,E:\CODING\GitHub\FoundationPose\data\pallet\assets\scenes\production\blender_scene\textures\Image_87.png,True,8a1d917abf7f15452bfd1add6bb8710a3e081447bd8eecebae8c6b8f3cd7f1f3
Image_88,//textures\Image_88.jpg,E:\CODING\GitHub\FoundationPose\data\pallet\assets\scenes\production\blender_scene\textures\Image_88.jpg,True,10a9f54f1bfbcab70d1c247b6030f1f356154aa8ef2e3363a5807bff84dbabd6
Image_89,//textures\Image_89.png,E:\CODING\GitHub\FoundationPose\data\pallet\assets\scenes\production\blender_scene\textures\Image_89.png,True,796f5eeb9aadde342c5ff7f1cab3340d5b550ce07c3d676783b6a95e522478bb
Image_9,//textures\Image_9.png,E:\CODING\GitHub\FoundationPose\data\pallet\assets\scenes\production\blender_scene\textures\Image_9.png,True,df41a4b0d184b212a53c6eaa4c452272e2440fcd74ce359fd3361857cdf5a62c
Image_9.001,//textures\Image_9.001.png,E:\CODING\GitHub\FoundationPose\data\pallet\assets\scenes\production\blender_scene\textures\Image_9.001.png,True,88a3398af390d9b7d1fc9b968ce500fc0e2ff36657d54e8c074d177dbb0b5611
Image_90,//textures\Image_90.png,E:\CODING\GitHub\FoundationPose\data\pallet\assets\scenes\production\blender_scene\textures\Image_90.png,True,8a1d917abf7f15452bfd1add6bb8710a3e081447bd8eecebae8c6b8f3cd7f1f3
Image_91,//textures\Image_91.jpg,E:\CODING\GitHub\FoundationPose\data\pallet\assets\scenes\production\blender_scene\textures\Image_91.jpg,True,7e00d56ad4112529b99523a44b854629358b980817c498cf8a3ec93c50f30d3b
Image_92,//textures\Image_92.png,E:\CODING\GitHub\FoundationPose\data\pallet\assets\scenes\production\blender_scene\textures\Image_92.png,True,83a9fd6b18691b986cedf57131f6375012ed159b8fa9cbe7316da7985dd78008
Image_93,//textures\Image_93.png,E:\CODING\GitHub\FoundationPose\data\pallet\assets\scenes\production\blender_scene\textures\Image_93.png,True,8a1d917abf7f15452bfd1add6bb8710a3e081447bd8eecebae8c6b8f3cd7f1f3
Image_94,//textures\Image_94.png,E:\CODING\GitHub\FoundationPose\data\pallet\assets\scenes\production\blender_scene\textures\Image_94.png,True,05c1c18769d77d6b29209e11f03e6825d2f7a3caaffd6e8b6412fff6a41728c1
Image_95,//textures\Image_95.png,E:\CODING\GitHub\FoundationPose\data\pallet\assets\scenes\production\blender_scene\textures\Image_95.png,True,27e0ee0e2afeab0ffeed06b980426e356dce8679ceab45bd9089d1d0a05a98d4
Image_96,//textures\Image_96.png,E:\CODING\GitHub\FoundationPose\data\pallet\assets\scenes\production\blender_scene\textures\Image_96.png,True,de9e0c2e9700a17d47daeae80f149b2a7cde8f15045053e0c40fe035aa96db87
Image_97,//textures\Image_97.jpg,E:\CODING\GitHub\FoundationPose\data\pallet\assets\scenes\production\blender_scene\textures\Image_97.jpg,True,d2019edfd87e9db28467acbef4925b25db744b9d54f4f8a4eec13d52d057c699
Image_98,//textures\Image_98.png,E:\CODING\GitHub\FoundationPose\data\pallet\assets\scenes\production\blender_scene\textures\Image_98.png,True,32a7d8362128ffe52f475ab95f1ab5996e752ddf02ee6f8b54b34dc81342cfe0
Image_99,//textures\Image_99.png,E:\CODING\GitHub\FoundationPose\data\pallet\assets\scenes\production\blender_scene\textures\Image_99.png,True,66fbd086ad2c9205b11861063b9f6196d51b9e5af1d5491c24345288ca2a7167
SchoolChair_01_diff,//..\..\..\distractors\library\medium\ph__SchoolChair_01\textures\SchoolChair_01_diff_1k.jpg,E:\CODING\GitHub\FoundationPose\data\pallet\assets\distractors\library\medium\ph__SchoolChair_01\textures\SchoolChair_01_diff_1k.jpg,True,f10ae4dbddfb056ef716770ebd96e0eff0aa6f0b5ad0f263ff51c5cade6e1d8f
SchoolChair_01_metallic-SchoolChair_01_roughness,//..\..\..\distractors\library\medium\ph__SchoolChair_01\textures\SchoolChair_01_arm_1k.jpg,E:\CODING\GitHub\FoundationPose\data\pallet\assets\distractors\library\medium\ph__SchoolChair_01\textures\SchoolChair_01_arm_1k.jpg,True,ff773eb01c9d59130dc3cc0274951ac626d73fa1b2f7eee519af4ca80835568b
SchoolChair_01_nor_gl,//..\..\..\distractors\library\medium\ph__SchoolChair_01\textures\SchoolChair_01_nor_gl_1k.jpg,E:\CODING\GitHub\FoundationPose\data\pallet\assets\distractors\library\medium\ph__SchoolChair_01\textures\SchoolChair_01_nor_gl_1k.jpg,True,4ee930562ad26e8c98af75e8aa6577d01cb56f6d22628f4e95c385e5364f0623
SchoolDesk_01_diff,//..\..\..\distractors\library\medium\ph__SchoolDesk_01\textures\SchoolDesk_01_diff_1k.jpg,E:\CODING\GitHub\FoundationPose\data\pallet\assets\distractors\library\medium\ph__SchoolDesk_01\textures\SchoolDesk_01_diff_1k.jpg,True,4fed6d98265c6be27b9e6c9b010a5bba55a9aca4edfcc3fae9a12309ca6a5b94
SchoolDesk_01_metallic-SchoolDesk_01_roughness,//..\..\..\distractors\library\medium\ph__SchoolDesk_01\textures\SchoolDesk_01_arm_1k.jpg,E:\CODING\GitHub\FoundationPose\data\pallet\assets\distractors\library\medium\ph__SchoolDesk_01\textures\SchoolDesk_01_arm_1k.jpg,True,ee1e2ea17ca21471b8a4822400ddc6bd3a4d441822a7eb429bef8cb1ab6dd43d
SchoolDesk_01_nor_gl,//..\..\..\distractors\library\medium\ph__SchoolDesk_01\textures\SchoolDesk_01_nor_gl_1k.jpg,E:\CODING\GitHub\FoundationPose\data\pallet\assets\distractors\library\medium\ph__SchoolDesk_01\textures\SchoolDesk_01_nor_gl_1k.jpg,True,64de8791fec46894945136190504127d194c1fc8d999e15c639dc94d053581be
Shelf_01_diff.png,//..\..\..\distractors\library\indoor\ph__Shelf_01\textures\Shelf_01_diff_1k.jpg,E:\CODING\GitHub\FoundationPose\data\pallet\assets\distractors\library\indoor\ph__Shelf_01\textures\Shelf_01_diff_1k.jpg,True,875bb8110dec4f409d9127cba95f7c0ead02bdfeef6dd47232df939e4de35a5c
Shelf_01_metallic.png-Shelf_01_roughness,//..\..\..\distractors\library\indoor\ph__Shelf_01\textures\Shelf_01_arm_1k.jpg,E:\CODING\GitHub\FoundationPose\data\pallet\assets\distractors\library\indoor\ph__Shelf_01\textures\Shelf_01_arm_1k.jpg,True,d5d180b15c48ed6ab7b27a663de8f399f813ed0c32ff2706520d677a1e387cdc
Shelf_01_nor_gl.png,//..\..\..\distractors\library\indoor\ph__Shelf_01\textures\Shelf_01_nor_gl_1k.jpg,E:\CODING\GitHub\FoundationPose\data\pallet\assets\distractors\library\indoor\ph__Shelf_01\textures\Shelf_01_nor_gl_1k.jpg,True,c817d7966974be2da13e4b0a57918e8e142edc50eb41d438229c3bad70df0f91
WetFloorSign_01_diff,//..\..\..\distractors\library\road\ph__WetFloorSign_01\textures\WetFloorSign_01_diff_1k.jpg,E:\CODING\GitHub\FoundationPose\data\pallet\assets\distractors\library\road\ph__WetFloorSign_01\textures\WetFloorSign_01_diff_1k.jpg,True,01e18486a858defc0f44a73ec5037c4bee770bae88e7fed5beb6877df120fa90
WetFloorSign_01_metallic-WetFloorSign_01_roughness,//..\..\..\distractors\library\road\ph__WetFloorSign_01\textures\WetFloorSign_01_arm_1k.jpg,E:\CODING\GitHub\FoundationPose\data\pallet\assets\distractors\library\road\ph__WetFloorSign_01\textures\WetFloorSign_01_arm_1k.jpg,True,6cd1d7c6648c36d2d66a7ddfc620ea78374ac770a5726f879b6914366e133e1a
WetFloorSign_01_nor_gl,//..\..\..\distractors\library\road\ph__WetFloorSign_01\textures\WetFloorSign_01_nor_gl_1k.jpg,E:\CODING\GitHub\FoundationPose\data\pallet\assets\distractors\library\road\ph__WetFloorSign_01\textures\WetFloorSign_01_nor_gl_1k.jpg,True,62269358f3b30569783c1872613d1d70d5eda36babe5b5f04fcfd5e92de1af62
adjustable_wrench_diff,//..\..\..\distractors\library\small\ph__adjustable_wrench\textures\adjustable_wrench_diff_1k.jpg,E:\CODING\GitHub\FoundationPose\data\pallet\assets\distractors\library\small\ph__adjustable_wrench\textures\adjustable_wrench_diff_1k.jpg,True,d4725eb3c741e337c28c0ed57712ecdfb5f3ee34f130907e34cea0b8e7809595
adjustable_wrench_metal-adjustable_wrench_rough,//..\..\..\distractors\library\small\ph__adjustable_wrench\textures\adjustable_wrench_arm_1k.jpg,E:\CODING\GitHub\FoundationPose\data\pallet\assets\distractors\library\small\ph__adjustable_wrench\textures\adjustable_wrench_arm_1k.jpg,True,0fe9de7c2fce586621364cc02549d524e31b99831d93b330a51175b42e4a276a
adjustable_wrench_nor_gl,//..\..\..\distractors\library\small\ph__adjustable_wrench\textures\adjustable_wrench_nor_gl_1k.jpg,E:\CODING\GitHub\FoundationPose\data\pallet\assets\distractors\library\small\ph__adjustable_wrench\textures\adjustable_wrench_nor_gl_1k.jpg,True,68eb00858eefe4d80a75640c81dc4b202a3b946fd5800d7d2ea3cad29d8e0120
ammo_box_diff,//..\..\..\distractors\library\medium\ph__ammo_box\textures\ammo_box_diff_1k.jpg,E:\CODING\GitHub\FoundationPose\data\pallet\assets\distractors\library\medium\ph__ammo_box\textures\ammo_box_diff_1k.jpg,True,6a21a1ca96526f97bd05b52808986152d3266a056d1dbe90204bf191697f0f56
ammo_box_metal-ammo_box_rough,//..\..\..\distractors\library\medium\ph__ammo_box\textures\ammo_box_arm_1k.jpg,E:\CODING\GitHub\FoundationPose\data\pallet\assets\distractors\library\medium\ph__ammo_box\textures\ammo_box_arm_1k.jpg,True,fc4ce56bc139d7482ea6e59e5410a19f58af07631d02840a6f0bbf08a1b33189
ammo_box_nor_gl,//..\..\..\distractors\library\medium\ph__ammo_box\textures\ammo_box_nor_gl_1k.jpg,E:\CODING\GitHub\FoundationPose\data\pallet\assets\distractors\library\medium\ph__ammo_box\textures\ammo_box_nor_gl_1k.jpg,True,5fc921d93f97646944b4bacae9e8eed1325091103766a8e6477c54bf199e5579
barrel_stove_diff,//..\..\..\distractors\library\large\ph__barrel_stove\textures\barrel_stove_diff_1k.jpg,E:\CODING\GitHub\FoundationPose\data\pallet\assets\distractors\library\large\ph__barrel_stove\textures\barrel_stove_diff_1k.jpg,True,7661395a02b37db8dde222dd16947e41fa3b06d2ee9a198c57b6d015222afaeb
barrel_stove_metal-barrel_stove_rough,//..\..\..\distractors\library\large\ph__barrel_stove\textures\barrel_stove_arm_1k.jpg,E:\CODING\GitHub\FoundationPose\data\pallet\assets\distractors\library\large\ph__barrel_stove\textures\barrel_stove_arm_1k.jpg,True,f0ec5ddee6660953cad654e883e641f60e0c814afcbab2fa7c90a75843790145
barrel_stove_nor_gl,//..\..\..\distractors\library\large\ph__barrel_stove\textures\barrel_stove_nor_gl_1k.jpg,E:\CODING\GitHub\FoundationPose\data\pallet\assets\distractors\library\large\ph__barrel_stove\textures\barrel_stove_nor_gl_1k.jpg,True,533b75cb95ae236aab74c3a5b8ccbeff567b4a402c5bc3373c20c9afea48d680
bleach_bottle_01_diff,//..\..\..\distractors\library\small\ph__bleach_bottle\textures\bleach_bottle_01_diff_1k.jpg,E:\CODING\GitHub\FoundationPose\data\pallet\assets\distractors\library\small\ph__bleach_bottle\textures\bleach_bottle_01_diff_1k.jpg,True,340329a562c3b5a1d5441577cb9ecbb4e1bbbd3e5221439681a392db566b08a1
bleach_bottle_01_nor_gl,//..\..\..\distractors\library\small\ph__bleach_bottle\textures\bleach_bottle_01_nor_gl_1k.jpg,E:\CODING\GitHub\FoundationPose\data\pallet\assets\distractors\library\small\ph__bleach_bottle\textures\bleach_bottle_01_nor_gl_1k.jpg,True,cc16f4c13f17c7f511e36a614a91b2e932cdf85263788bba9ea58d2a94e049bf
bleach_bottle_01_rough,//..\..\..\distractors\library\small\ph__bleach_bottle\textures\bleach_bottle_01_arm_1k.jpg,E:\CODING\GitHub\FoundationPose\data\pallet\assets\distractors\library\small\ph__bleach_bottle\textures\bleach_bottle_01_arm_1k.jpg,True,7aec58d92d982aaeb8a23b6ebc3486aa959641badf848eaf2893c271ec767112
can_rusted_diff,//..\..\..\distractors\library\small\ph__can_rusted\textures\can_rusted_diff_1k.jpg,E:\CODING\GitHub\FoundationPose\data\pallet\assets\distractors\library\small\ph__can_rusted\textures\can_rusted_diff_1k.jpg,True,ed838bd8c1f0bd73d5a2914cebb68b394d97b18e191785f214b919a233b4b246
can_rusted_metal-can_rusted_rough,//..\..\..\distractors\library\small\ph__can_rusted\textures\can_rusted_arm_1k.jpg,E:\CODING\GitHub\FoundationPose\data\pallet\assets\distractors\library\small\ph__can_rusted\textures\can_rusted_arm_1k.jpg,True,d1eb839ad1f4c3eca3032de0298176ce5ef7ae49e10cd0c13dd789945ce36849
can_rusted_nor_gl,//..\..\..\distractors\library\small\ph__can_rusted\textures\can_rusted_nor_gl_1k.jpg,E:\CODING\GitHub\FoundationPose\data\pallet\assets\distractors\library\small\ph__can_rusted\textures\can_rusted_nor_gl_1k.jpg,True,f4f049846ec80e39d65b29dee588ea643643e0e3ca12b56d6f6374acffefd366
cardboard_box_01_diff.001,//..\..\..\distractors\library\small\ph__cardboard_box_01\textures\cardboard_box_01_diff_1k.jpg,E:\CODING\GitHub\FoundationPose\data\pallet\assets\distractors\library\small\ph__cardboard_box_01\textures\cardboard_box_01_diff_1k.jpg,True,122c7ba8c5935e289804a730b480677a4bffdf74a45c91970cba682df92e171c
cardboard_box_01_nor_gl.001,//..\..\..\distractors\library\small\ph__cardboard_box_01\textures\cardboard_box_01_nor_gl_1k.jpg,E:\CODING\GitHub\FoundationPose\data\pallet\assets\distractors\library\small\ph__cardboard_box_01\textures\cardboard_box_01_nor_gl_1k.jpg,True,d2d1f529a851966b65411b5094510dd9eba03cd5c0a89921f79325c377a8e8eb
cardboard_box_01_rough.001,//..\..\..\distractors\library\small\ph__cardboard_box_01\textures\cardboard_box_01_arm_1k.jpg,E:\CODING\GitHub\FoundationPose\data\pallet\assets\distractors\library\small\ph__cardboard_box_01\textures\cardboard_box_01_arm_1k.jpg,True,5db63828d0f904c6a8d9c83afc912260b2a27261c15a28d06360519384574d2b
cement_bag_diff,//..\..\..\distractors\library\small\ph__cement_bag\textures\cement_bag_diff_1k.jpg,E:\CODING\GitHub\FoundationPose\data\pallet\assets\distractors\library\small\ph__cement_bag\textures\cement_bag_diff_1k.jpg,True,0f1a45ba37e569b744325976b0a4514bc9e0b073bc12f1adb4d3232f6e90ed3e
cement_bag_nor_gl,//..\..\..\distractors\library\small\ph__cement_bag\textures\cement_bag_nor_gl_1k.jpg,E:\CODING\GitHub\FoundationPose\data\pallet\assets\distractors\library\small\ph__cement_bag\textures\cement_bag_nor_gl_1k.jpg,True,4f9b5ff34b029b47744dca27b864d35c167472792073a2141a5f69fc4cb39ddd
cement_bag_rough,//..\..\..\distractors\library\small\ph__cement_bag\textures\cement_bag_arm_1k.jpg,E:\CODING\GitHub\FoundationPose\data\pallet\assets\distractors\library\small\ph__cement_bag\textures\cement_bag_arm_1k.jpg,True,ab39330e5c00b8d8c3febc58076717394d261daea50faba1c9fa90d8c51f06a4
chinese_screen_panels_diff,//..\..\..\distractors\library\large\ph__chinese_screen_panels\textures\chinese_screen_panels_diff_1k.jpg,E:\CODING\GitHub\FoundationPose\data\pallet\assets\distractors\library\large\ph__chinese_screen_panels\textures\chinese_screen_panels_diff_1k.jpg,True,2240dd186b02a778871cc55348e392f05f9bc451882896ec7457895cf7cbcb9d
chinese_screen_panels_metal-chinese_screen_panels_rough,//..\..\..\distractors\library\large\ph__chinese_screen_panels\textures\chinese_screen_panels_arm_1k.jpg,E:\CODING\GitHub\FoundationPose\data\pallet\assets\distractors\library\large\ph__chinese_screen_panels\textures\chinese_screen_panels_arm_1k.jpg,True,fec093ccc5d21ed333c3ef489c0b71cc067359a6fbda62146fb39826425d5f93
chinese_screen_panels_nor_gl,//..\..\..\distractors\library\large\ph__chinese_screen_panels\textures\chinese_screen_panels_nor_gl_1k.jpg,E:\CODING\GitHub\FoundationPose\data\pallet\assets\distractors\library\large\ph__chinese_screen_panels\textures\chinese_screen_panels_nor_gl_1k.jpg,True,e887b7e2ce2483fe835ddc8978dd42704505d110ec72e07c84bfef916205ef80
compost_bags_diff,//..\..\..\distractors\library\medium\ph__compost_bags\textures\compost_bags_diff_1k.jpg,E:\CODING\GitHub\FoundationPose\data\pallet\assets\distractors\library\medium\ph__compost_bags\textures\compost_bags_diff_1k.jpg,True,20e0c2d0cc3f8706d8e602a67a450963b5ece5ed571175a2155e60b566dc6ca0
compost_bags_metal-compost_bags_rough,//..\..\..\distractors\library\medium\ph__compost_bags\textures\compost_bags_arm_1k.jpg,E:\CODING\GitHub\FoundationPose\data\pallet\assets\distractors\library\medium\ph__compost_bags\textures\compost_bags_arm_1k.jpg,True,602437897781a5ff00e5edf5a29f881b884ea7f4965d9b26c770b5c5ff47ca72
compost_bags_nor_gl,//..\..\..\distractors\library\medium\ph__compost_bags\textures\compost_bags_nor_gl_1k.jpg,E:\CODING\GitHub\FoundationPose\data\pallet\assets\distractors\library\medium\ph__compost_bags\textures\compost_bags_nor_gl_1k.jpg,True,84b10f72764874621df259a0e62e0e9d0e069f273da9911224eb9ab521863a01
compost_bags_sss,//..\..\..\distractors\library\medium\ph__compost_bags\textures\compost_bags_sss_1k.jpg,E:\CODING\GitHub\FoundationPose\data\pallet\assets\distractors\library\medium\ph__compost_bags\textures\compost_bags_sss_1k.jpg,True,e537888b2e5c63aba0f74ce5947471ad1ccb739534368f1c257bfd2af94204e6
concrete_road_barrier_02_diff,//..\..\..\distractors\library\road\ph__concrete_road_barrier_02\textures\concrete_road_barrier_02_diff_1k.jpg,E:\CODING\GitHub\FoundationPose\data\pallet\assets\distractors\library\road\ph__concrete_road_barrier_02\textures\concrete_road_barrier_02_diff_1k.jpg,True,9329260ebfc8632a5d47d9b344ab6f916e26604e73ebd2c495fee544df4bdefa
concrete_road_barrier_02_nor_gl,//..\..\..\distractors\library\road\ph__concrete_road_barrier_02\textures\concrete_road_barrier_02_nor_gl_1k.jpg,E:\CODING\GitHub\FoundationPose\data\pallet\assets\distractors\library\road\ph__concrete_road_barrier_02\textures\concrete_road_barrier_02_nor_gl_1k.jpg,True,42ec702843df209f0aef1d247c76dfb91385f0bf3b226b752d22a4c0e3780a31
concrete_road_barrier_02_rough,//..\..\..\distractors\library\road\ph__concrete_road_barrier_02\textures\concrete_road_barrier_02_arm_1k.jpg,E:\CODING\GitHub\FoundationPose\data\pallet\assets\distractors\library\road\ph__concrete_road_barrier_02\textures\concrete_road_barrier_02_arm_1k.jpg,True,6fb282f242ce86a3e44663678c2e0366c37de8244b08acc003d99771cb780e53
concrete_road_barrier_diff.001,//..\..\..\distractors\library\road\ph__concrete_road_barrier\textures\concrete_road_barrier_diff_1k.jpg,E:\CODING\GitHub\FoundationPose\data\pallet\assets\distractors\library\road\ph__concrete_road_barrier\textures\concrete_road_barrier_diff_1k.jpg,True,88b2d79829ffec7b11ac4d9c8554328f30b665d2c17f634197fde4f1ca8696fe
concrete_road_barrier_nor_gl.001,//..\..\..\distractors\library\road\ph__concrete_road_barrier\textures\concrete_road_barrier_nor_gl_1k.jpg,E:\CODING\GitHub\FoundationPose\data\pallet\assets\distractors\library\road\ph__concrete_road_barrier\textures\concrete_road_barrier_nor_gl_1k.jpg,True,c1072f51ff5c3d7158f0fbb0aa26e82b816b745b9f03639c4816832af2b37c52
concrete_road_barrier_rough.001,//..\..\..\distractors\library\road\ph__concrete_road_barrier\textures\concrete_road_barrier_arm_1k.jpg,E:\CODING\GitHub\FoundationPose\data\pallet\assets\distractors\library\road\ph__concrete_road_barrier\textures\concrete_road_barrier_arm_1k.jpg,True,b940847648012f2db8c24b16e07ad1e39b3bd33ea493203364deca209606e4b4
covered_car_diff,//..\..\..\distractors\library\large\ph__covered_car\textures\covered_car_diff_1k.jpg,E:\CODING\GitHub\FoundationPose\data\pallet\assets\distractors\library\large\ph__covered_car\textures\covered_car_diff_1k.jpg,True,c4616a5c7c1327e4bc127b600e59d9dcb2123f8926f1570a1ca4a068d97f4d34
covered_car_metal-covered_car_rough,//..\..\..\distractors\library\large\ph__covered_car\textures\covered_car_arm_1k.jpg,E:\CODING\GitHub\FoundationPose\data\pallet\assets\distractors\library\large\ph__covered_car\textures\covered_car_arm_1k.jpg,True,e77f73234311701dd8088ec572e61d4ec7838bd28e9ea13ffe5e28f79da8e085
covered_car_nor_gl,//..\..\..\distractors\library\large\ph__covered_car\textures\covered_car_nor_gl_1k.jpg,E:\CODING\GitHub\FoundationPose\data\pallet\assets\distractors\library\large\ph__covered_car\textures\covered_car_nor_gl_1k.jpg,True,6769694abe28c53e5c35ad1cefdd462b56416e7d89a6bcf5a9d9f6c922b46d05
crowbar_01_diff,//..\..\..\distractors\library\small\ph__crowbar_01\textures\crowbar_01_diff_1k.jpg,E:\CODING\GitHub\FoundationPose\data\pallet\assets\distractors\library\small\ph__crowbar_01\textures\crowbar_01_diff_1k.jpg,True,940d6566a26806daf0e729cbe1a641a964d96a0bc073aba769973f757a92adb3
crowbar_01_metal-crowbar_01_rough,//..\..\..\distractors\library\small\ph__crowbar_01\textures\crowbar_01_arm_1k.jpg,E:\CODING\GitHub\FoundationPose\data\pallet\assets\distractors\library\small\ph__crowbar_01\textures\crowbar_01_arm_1k.jpg,True,e6a836987045f155b6856f739369081fd0aa93578282c57723318cc834a3d739
crowbar_01_nor_gl,//..\..\..\distractors\library\small\ph__crowbar_01\textures\crowbar_01_nor_gl_1k.jpg,E:\CODING\GitHub\FoundationPose\data\pallet\assets\distractors\library\small\ph__crowbar_01\textures\crowbar_01_nor_gl_1k.jpg,True,09689be72e5dedb35ba6be5eaca4cc7865f5fb0899d9a91f856f040adec3a31e
drawer_cabinet_diff,//..\..\..\distractors\library\indoor\ph__drawer_cabinet\textures\drawer_cabinet_diff_1k.jpg,E:\CODING\GitHub\FoundationPose\data\pallet\assets\distractors\library\indoor\ph__drawer_cabinet\textures\drawer_cabinet_diff_1k.jpg,True,0fe270409b54a5609662dda14afaa94af4bd3267dcd83dd824e05fa880d96efb
drawer_cabinet_metallic.png-drawer_cabinet_roughness.png,//..\..\..\distractors\library\indoor\ph__drawer_cabinet\textures\drawer_cabinet_arm_1k.jpg,E:\CODING\GitHub\FoundationPose\data\pallet\assets\distractors\library\indoor\ph__drawer_cabinet\textures\drawer_cabinet_arm_1k.jpg,True,8f8eefaaadcee247204c5658c2f4d9cac598222336918b01eb48e4190317788c
drawer_cabinet_nor_gl,//..\..\..\distractors\library\indoor\ph__drawer_cabinet\textures\drawer_cabinet_nor_gl_1k.jpg,E:\CODING\GitHub\FoundationPose\data\pallet\assets\distractors\library\indoor\ph__drawer_cabinet\textures\drawer_cabinet_nor_gl_1k.jpg,True,26d0904ad341353e095ef619d157a5f416be014500475976f1144827cc849faa
dustpan_diff,//..\..\..\distractors\library\indoor\ph__dustpan\textures\dustpan_diff_1k.jpg,E:\CODING\GitHub\FoundationPose\data\pallet\assets\distractors\library\indoor\ph__dustpan\textures\dustpan_diff_1k.jpg,True,6dbfaddae00c9d1cd323c4ab3a9350441c3c55c378cd8068cfd786680faa8a20
dustpan_metal-dustpan_rough,//..\..\..\distractors\library\indoor\ph__dustpan\textures\dustpan_arm_1k.jpg,E:\CODING\GitHub\FoundationPose\data\pallet\assets\distractors\library\indoor\ph__dustpan\textures\dustpan_arm_1k.jpg,True,6b8f2ad6da74821f4773b217329db3a135760e6c96fcfad29d2c3263747b9763
dustpan_nor_gl,//..\..\..\distractors\library\indoor\ph__dustpan\textures\dustpan_nor_gl_1k.jpg,E:\CODING\GitHub\FoundationPose\data\pallet\assets\distractors\library\indoor\ph__dustpan\textures\dustpan_nor_gl_1k.jpg,True,28f228e904c6402d66b15dc958a74e3a51c54d95d69f058fa45408b5a8b0950f
factory_yard_2k.hdr,//..\..\..\lighting\hdri\library\factory_yard_2k.hdr,E:\CODING\GitHub\FoundationPose\data\pallet\assets\lighting\hdri\library\factory_yard_2k.hdr,True,71d5b32c0e179f5b59f652c59cc4eac18b390e0639e3de2e6049de6bae95caf4
fire_hydrant_aged_diff,//..\..\..\distractors\library\road\ph__fire_hydrant\textures\fire_hydrant_aged_diff_1k.jpg,E:\CODING\GitHub\FoundationPose\data\pallet\assets\distractors\library\road\ph__fire_hydrant\textures\fire_hydrant_aged_diff_1k.jpg,True,3198cabcaf5107e59109bd07dfe8e4c87b3f0533173d10fafdaf86f8024a291e
fire_hydrant_aged_metal-fire_hydrant_aged_rough,//..\..\..\distractors\library\road\ph__fire_hydrant\textures\fire_hydrant_aged_arm_1k.jpg,E:\CODING\GitHub\FoundationPose\data\pallet\assets\distractors\library\road\ph__fire_hydrant\textures\fire_hydrant_aged_arm_1k.jpg,True,9c46b014735a4e8df5a80e4c030ddb321c9aeaa715ad4ea3eb60e6f0909c9d0a
fire_hydrant_aged_nor_gl,//..\..\..\distractors\library\road\ph__fire_hydrant\textures\fire_hydrant_aged_nor_gl_1k.jpg,E:\CODING\GitHub\FoundationPose\data\pallet\assets\distractors\library\road\ph__fire_hydrant\textures\fire_hydrant_aged_nor_gl_1k.jpg,True,6fadc78fd5d696bf594ff021aaf93a0c6aced761830f9aa6971c51b17c869c35
fire_hydrant_diff,//..\..\..\distractors\library\road\ph__fire_hydrant\textures\fire_hydrant_diff_1k.jpg,E:\CODING\GitHub\FoundationPose\data\pallet\assets\distractors\library\road\ph__fire_hydrant\textures\fire_hydrant_diff_1k.jpg,True,a3d0b8b6fcd8a39c8d5067f8ef95e3290053131887398f89baf57c1f8d24ab45
fire_hydrant_metal-fire_hydrant_rough,//..\..\..\distractors\library\road\ph__fire_hydrant\textures\fire_hydrant_arm_1k.jpg,E:\CODING\GitHub\FoundationPose\data\pallet\assets\distractors\library\road\ph__fire_hydrant\textures\fire_hydrant_arm_1k.jpg,True,d15bf8fc6389ae48a1060a38057c2093469e62f585c8033d300b80af81d40f9d
fire_hydrant_nor_gl,//..\..\..\distractors\library\road\ph__fire_hydrant\textures\fire_hydrant_nor_gl_1k.jpg,E:\CODING\GitHub\FoundationPose\data\pallet\assets\distractors\library\road\ph__fire_hydrant\textures\fire_hydrant_nor_gl_1k.jpg,True,f6786775276c7b48f0582fdd7c43984b63b15b7a8e0ea0e2f2af8cdab98c06d7
hand_truck_diff,//..\..\..\distractors\library\medium\ph__hand_truck\textures\hand_truck_diff_1k.jpg,E:\CODING\GitHub\FoundationPose\data\pallet\assets\distractors\library\medium\ph__hand_truck\textures\hand_truck_diff_1k.jpg,True,a1c528e0c88a03a96b89215eab228083f9dd66a502174936bccc0fe427ce345a
hand_truck_metal-hand_truck_rough,//..\..\..\distractors\library\medium\ph__hand_truck\textures\hand_truck_arm_1k.jpg,E:\CODING\GitHub\FoundationPose\data\pallet\assets\distractors\library\medium\ph__hand_truck\textures\hand_truck_arm_1k.jpg,True,30ceadb1fa303f36dc0372a5681203e69715546219838e1bc0634c274407204c
hand_truck_nor_gl,//..\..\..\distractors\library\medium\ph__hand_truck\textures\hand_truck_nor_gl_1k.jpg,E:\CODING\GitHub\FoundationPose\data\pallet\assets\distractors\library\medium\ph__hand_truck\textures\hand_truck_nor_gl_1k.jpg,True,8674bbaa5562c24efceef0ab77f374ffe32fa583ef5dc2a44846305aa0fd8f79
industrial_storage_cart_diff,//..\..\..\distractors\library\medium\ph__industrial_storage_cart\textures\industrial_storage_cart_diff_1k.jpg,E:\CODING\GitHub\FoundationPose\data\pallet\assets\distractors\library\medium\ph__industrial_storage_cart\textures\industrial_storage_cart_diff_1k.jpg,True,7e779d7f7385307ebb332aec41bafff10c21972aaf92382f30cacb16957e7d37
industrial_storage_cart_metal-industrial_storage_cart_rough,//..\..\..\distractors\library\medium\ph__industrial_storage_cart\textures\industrial_storage_cart_arm_1k.jpg,E:\CODING\GitHub\FoundationPose\data\pallet\assets\distractors\library\medium\ph__industrial_storage_cart\textures\industrial_storage_cart_arm_1k.jpg,True,956ee8d02021aba0b5fdbf393029b0aaabd7d29076caa3a5678e394f79adcca1
industrial_storage_cart_nor_gl,//..\..\..\distractors\library\medium\ph__industrial_storage_cart\textures\industrial_storage_cart_nor_gl_1k.jpg,E:\CODING\GitHub\FoundationPose\data\pallet\assets\distractors\library\medium\ph__industrial_storage_cart\textures\industrial_storage_cart_nor_gl_1k.jpg,True,a4fcd4309516e6005b5f3636399bd801df72fc75986831fad9cc5c31b737070a
korean_fire_extinguisher_01_body_diff.png,//..\..\..\distractors\library\medium\ph__korean_fire_extinguisher_01\textures\korean_fire_extinguisher_01_body_diff_1k.jpg,E:\CODING\GitHub\FoundationPose\data\pallet\assets\distractors\library\medium\ph__korean_fire_extinguisher_01\textures\korean_fire_extinguisher_01_body_diff_1k.jpg,True,2d874513cfb6d7485b67e936ee32e7af14992da6a5eedf980dbdfc32a2119987
korean_fire_extinguisher_01_body_metal.png-korean_fire_extinguisher_01_body_rough.png,//..\..\..\distractors\library\medium\ph__korean_fire_extinguisher_01\textures\korean_fire_extinguisher_01_body_arm_1k.jpg,E:\CODING\GitHub\FoundationPose\data\pallet\assets\distractors\library\medium\ph__korean_fire_extinguisher_01\textures\korean_fire_extinguisher_01_body_arm_1k.jpg,True,2c8fa0a85d5acc5f4e784ecefd8bfd16e1aafd112e553bfcece0c81c9b129eea
korean_fire_extinguisher_01_body_nor_gl,//..\..\..\distractors\library\medium\ph__korean_fire_extinguisher_01\textures\korean_fire_extinguisher_01_body_nor_gl_1k.jpg,E:\CODING\GitHub\FoundationPose\data\pallet\assets\distractors\library\medium\ph__korean_fire_extinguisher_01\textures\korean_fire_extinguisher_01_body_nor_gl_1k.jpg,True,b6ba7a7cafa04557c93dc63b44260b635863f0a95f8ba1445b75758dac3443d3
korean_fire_extinguisher_01_glass_diff,//..\..\..\distractors\library\medium\ph__korean_fire_extinguisher_01\textures\korean_fire_extinguisher_01_glass_diff_1k.jpg,E:\CODING\GitHub\FoundationPose\data\pallet\assets\distractors\library\medium\ph__korean_fire_extinguisher_01\textures\korean_fire_extinguisher_01_glass_diff_1k.jpg,True,ca7e49959126aa51e2d4ab440aeb9f7ff17a8a6d025b116f6327f2343ee041af
korean_fire_extinguisher_01_glass_metal-korean_fire_extinguisher_01_glass_rough,//..\..\..\distractors\library\medium\ph__korean_fire_extinguisher_01\textures\korean_fire_extinguisher_01_glass_arm_1k.jpg,E:\CODING\GitHub\FoundationPose\data\pallet\assets\distractors\library\medium\ph__korean_fire_extinguisher_01\textures\korean_fire_extinguisher_01_glass_arm_1k.jpg,True,412712fddc3654d801949889f78c9ee92d8855624a1fe1057be29a38e766bda0
korean_fire_extinguisher_01_glass_nor_gl,//..\..\..\distractors\library\medium\ph__korean_fire_extinguisher_01\textures\korean_fire_extinguisher_01_glass_nor_gl_1k.jpg,E:\CODING\GitHub\FoundationPose\data\pallet\assets\distractors\library\medium\ph__korean_fire_extinguisher_01\textures\korean_fire_extinguisher_01_glass_nor_gl_1k.jpg,True,3b299c54cb9b6f72d4f79e6ecd2f8cfcc618292c87881de1d17892b5ca668896
korean_fire_extinguisher_01_paper_diff-korean_fire_extinguisher_01_paper_opacity,//..\..\..\distractors\library\medium\ph__korean_fire_extinguisher_01\textures\korean_fire_extinguisher_01_paper_diff_1k.jpg,E:\CODING\GitHub\FoundationPose\data\pallet\assets\distractors\library\medium\ph__korean_fire_extinguisher_01\textures\korean_fire_extinguisher_01_paper_diff_1k.jpg,True,2d56948aa72a9bad6133db3e6b17fa0df1a56cdf25db4b7e21e6ceb21999a038
korean_fire_extinguisher_01_paper_metal-korean_fire_extinguisher_01_paper_rough,//..\..\..\distractors\library\medium\ph__korean_fire_extinguisher_01\textures\korean_fire_extinguisher_01_paper_arm_1k.jpg,E:\CODING\GitHub\FoundationPose\data\pallet\assets\distractors\library\medium\ph__korean_fire_extinguisher_01\textures\korean_fire_extinguisher_01_paper_arm_1k.jpg,True,542b45184bb0ea66cdd2f180792148c45d45862a12f1ac341f798e53029015b9
korean_fire_extinguisher_01_paper_nor_gl,//..\..\..\distractors\library\medium\ph__korean_fire_extinguisher_01\textures\korean_fire_extinguisher_01_paper_nor_gl_1k.jpg,E:\CODING\GitHub\FoundationPose\data\pallet\assets\distractors\library\medium\ph__korean_fire_extinguisher_01\textures\korean_fire_extinguisher_01_paper_nor_gl_1k.jpg,True,caaa26dd438e827e994c69605091d58ecc6a152813ece776cc561e0b24a8433a
ladder_sectioned_01_diff,//..\..\..\distractors\library\large\ph__ladder_sectioned_01\textures\ladder_sectioned_01_diff_1k.jpg,E:\CODING\GitHub\FoundationPose\data\pallet\assets\distractors\library\large\ph__ladder_sectioned_01\textures\ladder_sectioned_01_diff_1k.jpg,True,3154595e9a43befafb994f7faf60f084cb929bbdf4b29be24d7d3cee62fa6a34
ladder_sectioned_01_metal-ladder_sectioned_01_rough,//..\..\..\distractors\library\large\ph__ladder_sectioned_01\textures\ladder_sectioned_01_arm_1k.jpg,E:\CODING\GitHub\FoundationPose\data\pallet\assets\distractors\library\large\ph__ladder_sectioned_01\textures\ladder_sectioned_01_arm_1k.jpg,True,40cd96307107f0fc068b174c496d2f5611495160f915a4c293f55e2109235b13
ladder_sectioned_01_nor_gl,//..\..\..\distractors\library\large\ph__ladder_sectioned_01\textures\ladder_sectioned_01_nor_gl_1k.jpg,E:\CODING\GitHub\FoundationPose\data\pallet\assets\distractors\library\large\ph__ladder_sectioned_01\textures\ladder_sectioned_01_nor_gl_1k.jpg,True,e8dc89873db016f78d585747aa7f2bb253ce4f620269ad4aeac2eba42d9e4ebd
metal_jerrycan_diff,//..\..\..\distractors\library\small\ph__metal_jerrycan\textures\metal_jerrycan_diff_1k.jpg,E:\CODING\GitHub\FoundationPose\data\pallet\assets\distractors\library\small\ph__metal_jerrycan\textures\metal_jerrycan_diff_1k.jpg,True,64781939c4b3f739c52c335d26473def75d736173f3cc11a50ac2876d511d123
metal_jerrycan_metal-metal_jerrycan_rough,//..\..\..\distractors\library\small\ph__metal_jerrycan\textures\metal_jerrycan_arm_1k.jpg,E:\CODING\GitHub\FoundationPose\data\pallet\assets\distractors\library\small\ph__metal_jerrycan\textures\metal_jerrycan_arm_1k.jpg,True,fda20dd47d809fd5bd4cd29cd11e77fc2de97bd35569a7efb51fbf78705e659c
metal_jerrycan_nor_gl,//..\..\..\distractors\library\small\ph__metal_jerrycan\textures\metal_jerrycan_nor_gl_1k.jpg,E:\CODING\GitHub\FoundationPose\data\pallet\assets\distractors\library\small\ph__metal_jerrycan\textures\metal_jerrycan_nor_gl_1k.jpg,True,88dd8f6566cc5faa8fee658777115b518642508f23ffa1917128dba9539ae14d
metal_office_desk_diff,//..\..\..\distractors\library\medium\ph__metal_office_desk\textures\metal_office_desk_diff_1k.jpg,E:\CODING\GitHub\FoundationPose\data\pallet\assets\distractors\library\medium\ph__metal_office_desk\textures\metal_office_desk_diff_1k.jpg,True,1f02e3e77e8f82a3600664c991bd45c1c187452d61e9ede4336c6f90f7fa3139
metal_office_desk_metal-metal_office_desk_rough,//..\..\..\distractors\library\medium\ph__metal_office_desk\textures\metal_office_desk_arm_1k.jpg,E:\CODING\GitHub\FoundationPose\data\pallet\assets\distractors\library\medium\ph__metal_office_desk\textures\metal_office_desk_arm_1k.jpg,True,752916dd9bf8a163dc7e0d3673900791ee6d558bbe23894263ac92b42387f51b
metal_office_desk_nor_gl,//..\..\..\distractors\library\medium\ph__metal_office_desk\textures\metal_office_desk_nor_gl_1k.jpg,E:\CODING\GitHub\FoundationPose\data\pallet\assets\distractors\library\medium\ph__metal_office_desk\textures\metal_office_desk_nor_gl_1k.jpg,True,f57eb004937e46392151b803e0cb1d88983958d01ad11d93df78a82cfcc6c407
metal_stool_01_diff,//..\..\..\distractors\library\medium\ph__metal_stool_01\textures\metal_stool_01_diff_1k.jpg,E:\CODING\GitHub\FoundationPose\data\pallet\assets\distractors\library\medium\ph__metal_stool_01\textures\metal_stool_01_diff_1k.jpg,True,79d83b4dc2d3455139dbf6a8bf96fb2abd63fdc72c4aa4f29696e2aa4582f13c
metal_stool_01_metal-metal_stool_01_rough,//..\..\..\distractors\library\medium\ph__metal_stool_01\textures\metal_stool_01_arm_1k.jpg,E:\CODING\GitHub\FoundationPose\data\pallet\assets\distractors\library\medium\ph__metal_stool_01\textures\metal_stool_01_arm_1k.jpg,True,2adae2a8617a0693fbdb6286c87a3920e0bfb204f9a84e65c8a3a819e31df4fe
metal_stool_01_nor_gl,//..\..\..\distractors\library\medium\ph__metal_stool_01\textures\metal_stool_01_nor_gl_1k.jpg,E:\CODING\GitHub\FoundationPose\data\pallet\assets\distractors\library\medium\ph__metal_stool_01\textures\metal_stool_01_nor_gl_1k.jpg,True,0e7bb58644b309f6396f417ef35eeebb74db13fb3b8876c6eb79c882a0f407e8
metal_tool_chest_diff,//..\..\..\distractors\library\medium\ph__metal_tool_chest\textures\metal_tool_chest_diff_1k.jpg,E:\CODING\GitHub\FoundationPose\data\pallet\assets\distractors\library\medium\ph__metal_tool_chest\textures\metal_tool_chest_diff_1k.jpg,True,da37ba2a8d064637c7206cb091597275986e788ce379bee58a96c949cce06511
metal_tool_chest_metal-metal_tool_chest_rough,//..\..\..\distractors\library\medium\ph__metal_tool_chest\textures\metal_tool_chest_arm_1k.jpg,E:\CODING\GitHub\FoundationPose\data\pallet\assets\distractors\library\medium\ph__metal_tool_chest\textures\metal_tool_chest_arm_1k.jpg,True,d5552ee63ac9bc53527ee1bf19bcbd31d8424bcc15fe9861f79bba917e857828
metal_tool_chest_nor_gl,//..\..\..\distractors\library\medium\ph__metal_tool_chest\textures\metal_tool_chest_nor_gl_1k.jpg,E:\CODING\GitHub\FoundationPose\data\pallet\assets\distractors\library\medium\ph__metal_tool_chest\textures\metal_tool_chest_nor_gl_1k.jpg,True,bc5a4009a544a9504849b951afd984d6ac7c5adb0d43c5a08c0a834f8e811a01
metal_toolbox_diff,//..\..\..\distractors\library\medium\ph__metal_toolbox\textures\metal_toolbox_diff_1k.jpg,E:\CODING\GitHub\FoundationPose\data\pallet\assets\distractors\library\medium\ph__metal_toolbox\textures\metal_toolbox_diff_1k.jpg,True,21e1d21880e49db3fde0457d53b78a70db61234a201da9f0181dd0880b110473
metal_toolbox_metal-metal_toolbox_rough,//..\..\..\distractors\library\medium\ph__metal_toolbox\textures\metal_toolbox_arm_1k.jpg,E:\CODING\GitHub\FoundationPose\data\pallet\assets\distractors\library\medium\ph__metal_toolbox\textures\metal_toolbox_arm_1k.jpg,True,97676b2324b105b710904b20bfdeb32bfce3c6b4ccaaf215827b37961fc22763
metal_toolbox_nor_gl,//..\..\..\distractors\library\medium\ph__metal_toolbox\textures\metal_toolbox_nor_gl_1k.jpg,E:\CODING\GitHub\FoundationPose\data\pallet\assets\distractors\library\medium\ph__metal_toolbox\textures\metal_toolbox_nor_gl_1k.jpg,True,7ba19a233bcfff9c3d95b62c3a992c8e19cb2d6355c98d6e12bdc756a8af44cf
metal_trash_can_diff,//..\..\..\distractors\library\medium\ph__metal_trash_can\textures\metal_trash_can_diff_1k.jpg,E:\CODING\GitHub\FoundationPose\data\pallet\assets\distractors\library\medium\ph__metal_trash_can\textures\metal_trash_can_diff_1k.jpg,True,920c895a31b1cd2c000123c0592c70c33d46562752987da98070e7e0eebb662f
metal_trash_can_metal-metal_trash_can_rough,//..\..\..\distractors\library\medium\ph__metal_trash_can\textures\metal_trash_can_arm_1k.jpg,E:\CODING\GitHub\FoundationPose\data\pallet\assets\distractors\library\medium\ph__metal_trash_can\textures\metal_trash_can_arm_1k.jpg,True,b23dcdb2ed40c1c6cfbd2d2779c6f075025b7269bfbbed2a70c6bdb7167e47fb
metal_trash_can_nor_gl,//..\..\..\distractors\library\medium\ph__metal_trash_can\textures\metal_trash_can_nor_gl_1k.jpg,E:\CODING\GitHub\FoundationPose\data\pallet\assets\distractors\library\medium\ph__metal_trash_can\textures\metal_trash_can_nor_gl_1k.jpg,True,b977f17aa9d4718ffc91a62868b7171b4479578b8cffd1d32001d92552af81a4
metal_trash_can_rust_diff,//..\..\..\distractors\library\medium\ph__metal_trash_can\textures\metal_trash_can_rust_diff_1k.jpg,E:\CODING\GitHub\FoundationPose\data\pallet\assets\distractors\library\medium\ph__metal_trash_can\textures\metal_trash_can_rust_diff_1k.jpg,True,51c44248305b111d978f7e0cbfe4a71ab7f49549968ce37c54b635d74c2cfba1
metal_trash_can_rust_metal-metal_trash_can_rust_rough,//..\..\..\distractors\library\medium\ph__metal_trash_can\textures\metal_trash_can_rust_arm_1k.jpg,E:\CODING\GitHub\FoundationPose\data\pallet\assets\distractors\library\medium\ph__metal_trash_can\textures\metal_trash_can_rust_arm_1k.jpg,True,31a6269e98a3a8b2a2d6db8f58724e0151d5312b5137e6d59b5a2ba873989159
metal_trash_can_rust_nor_gl,//..\..\..\distractors\library\medium\ph__metal_trash_can\textures\metal_trash_can_rust_nor_gl_1k.jpg,E:\CODING\GitHub\FoundationPose\data\pallet\assets\distractors\library\medium\ph__metal_trash_can\textures\metal_trash_can_rust_nor_gl_1k.jpg,True,a5497588e00e5e56db72e701457fc8a46d3a1fa7d9dd7bf9d79e02cada09e84b
modular_chainlink_fence_posts_diff,//..\..\..\distractors\library\road\ph__modular_chainlink_fence\textures\modular_chainlink_fence_posts_diff_1k.jpg,E:\CODING\GitHub\FoundationPose\data\pallet\assets\distractors\library\road\ph__modular_chainlink_fence\textures\modular_chainlink_fence_posts_diff_1k.jpg,True,ec273fedef04fbcac26460b996beeeceeff3f91c1bea73ed2c6db1d0fdb30b73
modular_chainlink_fence_posts_metal-modular_chainlink_fence_posts_rough,//..\..\..\distractors\library\road\ph__modular_chainlink_fence\textures\modular_chainlink_fence_posts_arm_1k.jpg,E:\CODING\GitHub\FoundationPose\data\pallet\assets\distractors\library\road\ph__modular_chainlink_fence\textures\modular_chainlink_fence_posts_arm_1k.jpg,True,1694ecc2746ddaa93951ea5d2f2b830f544adf929f7ac9fae855f8b8fdfbad50
modular_chainlink_fence_posts_nor_gl,//..\..\..\distractors\library\road\ph__modular_chainlink_fence\textures\modular_chainlink_fence_posts_nor_gl_1k.jpg,E:\CODING\GitHub\FoundationPose\data\pallet\assets\distractors\library\road\ph__modular_chainlink_fence\textures\modular_chainlink_fence_posts_nor_gl_1k.jpg,True,b43b8214c90a55bb84222d2a27430b31080d68dc14879632b86dbd316cb5f060
modular_chainlink_fence_wire_diff-modular_chainlink_fence_wire_opacity,//..\..\..\distractors\library\road\ph__modular_chainlink_fence\textures\modular_chainlink_fence_wire_diff_1k.jpg,E:\CODING\GitHub\FoundationPose\data\pallet\assets\distractors\library\road\ph__modular_chainlink_fence\textures\modular_chainlink_fence_wire_diff_1k.jpg,True,79253847a00b67a616148d753df8f4e44ba4615f848b82310426618b5a8dd79b
modular_chainlink_fence_wire_metal-modular_chainlink_fence_wire_rough,//..\..\..\distractors\library\road\ph__modular_chainlink_fence\textures\modular_chainlink_fence_wire_arm_1k.jpg,E:\CODING\GitHub\FoundationPose\data\pallet\assets\distractors\library\road\ph__modular_chainlink_fence\textures\modular_chainlink_fence_wire_arm_1k.jpg,True,88af8364890b0645cd730eca11b30e6cd1c7578ad3aa1f012bb84915b9be5a03
modular_chainlink_fence_wire_nor_gl,//..\..\..\distractors\library\road\ph__modular_chainlink_fence\textures\modular_chainlink_fence_wire_nor_gl_1k.jpg,E:\CODING\GitHub\FoundationPose\data\pallet\assets\distractors\library\road\ph__modular_chainlink_fence\textures\modular_chainlink_fence_wire_nor_gl_1k.jpg,True,5cbf280f80e948de2422f0bb2fe2223a3b6f8e6fc75f54b00cd8d3e070938230
multi_cleaner_5_litre_diff,//..\..\..\distractors\library\indoor\ph__multi_cleaner_5_litre\textures\multi_cleaner_5_litre_diff_1k.jpg,E:\CODING\GitHub\FoundationPose\data\pallet\assets\distractors\library\indoor\ph__multi_cleaner_5_litre\textures\multi_cleaner_5_litre_diff_1k.jpg,True,dc59d4cdb8f85c6ef09b3730f17d2bdb7ec2b819de29b8e03e56e69cc0d76a9e
multi_cleaner_5_litre_nor_gl,//..\..\..\distractors\library\indoor\ph__multi_cleaner_5_litre\textures\multi_cleaner_5_litre_nor_gl_1k.jpg,E:\CODING\GitHub\FoundationPose\data\pallet\assets\distractors\library\indoor\ph__multi_cleaner_5_litre\textures\multi_cleaner_5_litre_nor_gl_1k.jpg,True,893673ea82d00f4afe84fbcf29ac0d92cde7057a13fb6b5f8b0d719530bfca2b
multi_cleaner_5_litre_rough,//..\..\..\distractors\library\indoor\ph__multi_cleaner_5_litre\textures\multi_cleaner_5_litre_arm_1k.jpg,E:\CODING\GitHub\FoundationPose\data\pallet\assets\distractors\library\indoor\ph__multi_cleaner_5_litre\textures\multi_cleaner_5_litre_arm_1k.jpg,True,570f40e4989ccd5ed4f59385c9dce05605d7c5f855ba7e422de3a4b38b235ed0
oil_tin_diff,//..\..\..\distractors\library\small\ph__oil_tin\textures\oil_tin_diff_1k.jpg,E:\CODING\GitHub\FoundationPose\data\pallet\assets\distractors\library\small\ph__oil_tin\textures\oil_tin_diff_1k.jpg,True,6ceb66c99081fb1b5528176b2ee57423b951b0a7c9f4624c85f144715e9b6fb5
oil_tin_metal-oil_tin_rough,//..\..\..\distractors\library\small\ph__oil_tin\textures\oil_tin_arm_1k.jpg,E:\CODING\GitHub\FoundationPose\data\pallet\assets\distractors\library\small\ph__oil_tin\textures\oil_tin_arm_1k.jpg,True,d1877a3a060addbbe0a1390c2ccbff1f5f3fa7358115f88c3bd9bdf48782066b
oil_tin_nor_gl,//..\..\..\distractors\library\small\ph__oil_tin\textures\oil_tin_nor_gl_1k.jpg,E:\CODING\GitHub\FoundationPose\data\pallet\assets\distractors\library\small\ph__oil_tin\textures\oil_tin_nor_gl_1k.jpg,True,6002933496c5f9cab97f24daa6a1b743f8b052f98ae45135fc052bbdd35b0d19
old_military_compressor_diff,//..\..\..\distractors\library\large\ph__old_military_compressor\textures\old_military_compressor_diff_1k.jpg,E:\CODING\GitHub\FoundationPose\data\pallet\assets\distractors\library\large\ph__old_military_compressor\textures\old_military_compressor_diff_1k.jpg,True,cb02b7b02cee27c7f04187be26b9a9079a58725353c56726c939b051178424a4
old_military_compressor_metal-old_military_compressor_rough,//..\..\..\distractors\library\large\ph__old_military_compressor\textures\old_military_compressor_arm_1k.jpg,E:\CODING\GitHub\FoundationPose\data\pallet\assets\distractors\library\large\ph__old_military_compressor\textures\old_military_compressor_arm_1k.jpg,True,41a93c81e36e45073de5985de94afde0bcd83ce68c00cea2f5398aafe015e4d2
old_military_compressor_nor_gl,//..\..\..\distractors\library\large\ph__old_military_compressor\textures\old_military_compressor_nor_gl_1k.jpg,E:\CODING\GitHub\FoundationPose\data\pallet\assets\distractors\library\large\ph__old_military_compressor\textures\old_military_compressor_nor_gl_1k.jpg,True,f7e289152c3edf5c4edd406ac470b9d69412dceb8c700a5d7b3e5e0cb7f6e7b8
old_military_crate_diff,//..\..\..\distractors\library\medium\ph__old_military_crate\textures\old_military_crate_diff_1k.jpg,E:\CODING\GitHub\FoundationPose\data\pallet\assets\distractors\library\medium\ph__old_military_crate\textures\old_military_crate_diff_1k.jpg,True,9e74a72787364fee09a450e442db97a687d237051e98f8ed709af516434e895d
old_military_crate_metal-old_military_crate_rough,//..\..\..\distractors\library\medium\ph__old_military_crate\textures\old_military_crate_arm_1k.jpg,E:\CODING\GitHub\FoundationPose\data\pallet\assets\distractors\library\medium\ph__old_military_crate\textures\old_military_crate_arm_1k.jpg,True,7b3a94f18f15783d9940fe4bd25316e8daffd0bdcbdfbe3e234b3cbb636bf5da
old_military_crate_nor_gl,//..\..\..\distractors\library\medium\ph__old_military_crate\textures\old_military_crate_nor_gl_1k.jpg,E:\CODING\GitHub\FoundationPose\data\pallet\assets\distractors\library\medium\ph__old_military_crate\textures\old_military_crate_nor_gl_1k.jpg,True,88935171626be79c4a44d0c52a33bc8d88b7b232ae48157d639a9ada0ab6e92b
old_tyre_diff,//..\..\..\distractors\library\medium\ph__old_tyre\textures\old_tyre_diff_1k.jpg,E:\CODING\GitHub\FoundationPose\data\pallet\assets\distractors\library\medium\ph__old_tyre\textures\old_tyre_diff_1k.jpg,True,0e34ce658c0844c0c94022233226d495930d514c917a5fa15ffee4760567439e
old_tyre_nor_gl,//..\..\..\distractors\library\medium\ph__old_tyre\textures\old_tyre_nor_gl_1k.jpg,E:\CODING\GitHub\FoundationPose\data\pallet\assets\distractors\library\medium\ph__old_tyre\textures\old_tyre_nor_gl_1k.jpg,True,34b716e140408985ddbab7d4bf1d8d430edf834cd2fd4639d82b14cb393fa73e
old_tyre_rough,//..\..\..\distractors\library\medium\ph__old_tyre\textures\old_tyre_arm_1k.jpg,E:\CODING\GitHub\FoundationPose\data\pallet\assets\distractors\library\medium\ph__old_tyre\textures\old_tyre_arm_1k.jpg,True,3bcf192f5b99a7a574f9e21e75927043e6726c601a5da15e3210a31db05e12d4
painted_wooden_cabinet_diff,//..\..\..\distractors\library\indoor\ph__painted_wooden_cabinet\textures\painted_wooden_cabinet_diff_1k.jpg,E:\CODING\GitHub\FoundationPose\data\pallet\assets\distractors\library\indoor\ph__painted_wooden_cabinet\textures\painted_wooden_cabinet_diff_1k.jpg,True,2dbed9f9ec8e49fc2e87de8cd86e2029a80e9001b5102b4e47c7dfa913f34d89
painted_wooden_cabinet_metal-painted_wooden_cabinet_rough,//..\..\..\distractors\library\indoor\ph__painted_wooden_cabinet\textures\painted_wooden_cabinet_arm_1k.jpg,E:\CODING\GitHub\FoundationPose\data\pallet\assets\distractors\library\indoor\ph__painted_wooden_cabinet\textures\painted_wooden_cabinet_arm_1k.jpg,True,34e0bcb00a62704d85161d41e844e798d4f894e416e7769079d50a21d561d171
painted_wooden_cabinet_nor_gl,//..\..\..\distractors\library\indoor\ph__painted_wooden_cabinet\textures\painted_wooden_cabinet_nor_gl_1k.jpg,E:\CODING\GitHub\FoundationPose\data\pallet\assets\distractors\library\indoor\ph__painted_wooden_cabinet\textures\painted_wooden_cabinet_nor_gl_1k.jpg,True,e94edf68faeaf68016c28da9b9f299bb38c57463acd94130ecf98dcaef790016
planter_box_01_diff,//..\..\..\distractors\library\medium\ph__planter_box_01\textures\planter_box_01_diff_1k.jpg,E:\CODING\GitHub\FoundationPose\data\pallet\assets\distractors\library\medium\ph__planter_box_01\textures\planter_box_01_diff_1k.jpg,True,5ad77068bf07ca371e18322c04641754a7758f4479e2835b93f671b4a5143bee
planter_box_01_metal-planter_box_01_rough,//..\..\..\distractors\library\medium\ph__planter_box_01\textures\planter_box_01_arm_1k.jpg,E:\CODING\GitHub\FoundationPose\data\pallet\assets\distractors\library\medium\ph__planter_box_01\textures\planter_box_01_arm_1k.jpg,True,b80b08f88166360af32a076082daaed820f0d364a5bef0acea651485017ccbd6
planter_box_01_nor_gl,//..\..\..\distractors\library\medium\ph__planter_box_01\textures\planter_box_01_nor_gl_1k.jpg,E:\CODING\GitHub\FoundationPose\data\pallet\assets\distractors\library\medium\ph__planter_box_01\textures\planter_box_01_nor_gl_1k.jpg,True,7d2ad01fdfc8ea9e39af0ddc1db710380afad859dc3848302ff72d21a6e21a27
plastic_bottle_gallon_diff,//..\..\..\distractors\library\small\ph__plastic_bottle_gallon\textures\plastic_bottle_gallon_diff_1k.jpg,E:\CODING\GitHub\FoundationPose\data\pallet\assets\distractors\library\small\ph__plastic_bottle_gallon\textures\plastic_bottle_gallon_diff_1k.jpg,True,b763c4dd071baf9aa319eb3a94e8045614fa7f52404fda9e61c660164f8444f2
plastic_bottle_gallon_nor_gl,//..\..\..\distractors\library\small\ph__plastic_bottle_gallon\textures\plastic_bottle_gallon_nor_gl_1k.jpg,E:\CODING\GitHub\FoundationPose\data\pallet\assets\distractors\library\small\ph__plastic_bottle_gallon\textures\plastic_bottle_gallon_nor_gl_1k.jpg,True,8cefc29b47a68200fa9c8b4330a6c76a9c21153d0e5e95ef45a4c45793d110a6
plastic_bottle_gallon_rough,//..\..\..\distractors\library\small\ph__plastic_bottle_gallon\textures\plastic_bottle_gallon_arm_1k.jpg,E:\CODING\GitHub\FoundationPose\data\pallet\assets\distractors\library\small\ph__plastic_bottle_gallon\textures\plastic_bottle_gallon_arm_1k.jpg,True,9586b0b81719f6a97213f59682822331e77dbf5291b29869413ee526b18403d4
plastic_broom_diff,//..\..\..\distractors\library\indoor\ph__plastic_broom\textures\plastic_broom_diff_1k.jpg,E:\CODING\GitHub\FoundationPose\data\pallet\assets\distractors\library\indoor\ph__plastic_broom\textures\plastic_broom_diff_1k.jpg,True,fcffd470ca8e8dd126e072c6d5b0a604fbffc07ff38da442efcda50db29965e6
plastic_broom_metal-plastic_broom_rough,//..\..\..\distractors\library\indoor\ph__plastic_broom\textures\plastic_broom_arm_1k.jpg,E:\CODING\GitHub\FoundationPose\data\pallet\assets\distractors\library\indoor\ph__plastic_broom\textures\plastic_broom_arm_1k.jpg,True,9d7bce015163853e93f9dd35f5299e8c351b3eaca8d0399fbaed05f89e845757
plastic_broom_nor_gl,//..\..\..\distractors\library\indoor\ph__plastic_broom\textures\plastic_broom_nor_gl_1k.jpg,E:\CODING\GitHub\FoundationPose\data\pallet\assets\distractors\library\indoor\ph__plastic_broom\textures\plastic_broom_nor_gl_1k.jpg,True,b5bed424a1f8347d839add0f329fb856ea02ced5929f7cdb4f558f7ae581552c
plastic_crate_01_diff,//..\..\..\distractors\library\small\ph__plastic_crate_01\textures\plastic_crate_01_diff_1k.jpg,E:\CODING\GitHub\FoundationPose\data\pallet\assets\distractors\library\small\ph__plastic_crate_01\textures\plastic_crate_01_diff_1k.jpg,True,d9109a42e397e39bbd7f42976d93122dbd5ccdef8ff64bce353571e1c1b994f6
plastic_crate_01_metal-plastic_crate_01_rough,//..\..\..\distractors\library\small\ph__plastic_crate_01\textures\plastic_crate_01_arm_1k.jpg,E:\CODING\GitHub\FoundationPose\data\pallet\assets\distractors\library\small\ph__plastic_crate_01\textures\plastic_crate_01_arm_1k.jpg,True,9a4af28d6fe8d5459a3c1a8706c0f8877221873ac9b83de580e6cfa63c3ecaa0
plastic_crate_01_nor_gl,//..\..\..\distractors\library\small\ph__plastic_crate_01\textures\plastic_crate_01_nor_gl_1k.jpg,E:\CODING\GitHub\FoundationPose\data\pallet\assets\distractors\library\small\ph__plastic_crate_01\textures\plastic_crate_01_nor_gl_1k.jpg,True,6f0c44778216d50672d6a23660b22dec8b96bb6e71518d699c24630c34cf9217
plastic_crate_03_diff,//..\..\..\distractors\library\small\ph__plastic_crate_03\textures\plastic_crate_03_diff_1k.jpg,E:\CODING\GitHub\FoundationPose\data\pallet\assets\distractors\library\small\ph__plastic_crate_03\textures\plastic_crate_03_diff_1k.jpg,True,fb7f0b70da651e260aec7ee3506ecdc8aad62e65d2bf9341609e2a18749591bd
plastic_crate_03_nor_gl,//..\..\..\distractors\library\small\ph__plastic_crate_03\textures\plastic_crate_03_nor_gl_1k.jpg,E:\CODING\GitHub\FoundationPose\data\pallet\assets\distractors\library\small\ph__plastic_crate_03\textures\plastic_crate_03_nor_gl_1k.jpg,True,a7d01166ab720a51036e9390cb6aa2f8ef057b9d976062bf78205a089100e087
plastic_crate_03_rough,//..\..\..\distractors\library\small\ph__plastic_crate_03\textures\plastic_crate_03_arm_1k.jpg,E:\CODING\GitHub\FoundationPose\data\pallet\assets\distractors\library\small\ph__plastic_crate_03\textures\plastic_crate_03_arm_1k.jpg,True,b102504f012af9f5b8d3e229a106f6cd74df485f3650558e03fad22b33147452
plastic_monobloc_chair_01_diff,//..\..\..\distractors\library\medium\ph__plastic_monobloc_chair_01\textures\plastic_monobloc_chair_01_diff_1k.jpg,E:\CODING\GitHub\FoundationPose\data\pallet\assets\distractors\library\medium\ph__plastic_monobloc_chair_01\textures\plastic_monobloc_chair_01_diff_1k.jpg,True,fdd1255a02bf684cfcff2eae75c0e3eea0db1fb5ecbfbd8c4f9beab8fd83ff6c
plastic_monobloc_chair_01_metal-plastic_monobloc_chair_01_rough,//..\..\..\distractors\library\medium\ph__plastic_monobloc_chair_01\textures\plastic_monobloc_chair_01_arm_1k.jpg,E:\CODING\GitHub\FoundationPose\data\pallet\assets\distractors\library\medium\ph__plastic_monobloc_chair_01\textures\plastic_monobloc_chair_01_arm_1k.jpg,True,78a67659a19a9df9efc0ef71789de0c949a727db62ade4c4c8887cd2c803c1a2
plastic_monobloc_chair_01_nor_gl,//..\..\..\distractors\library\medium\ph__plastic_monobloc_chair_01\textures\plastic_monobloc_chair_01_nor_gl_1k.jpg,E:\CODING\GitHub\FoundationPose\data\pallet\assets\distractors\library\medium\ph__plastic_monobloc_chair_01\textures\plastic_monobloc_chair_01_nor_gl_1k.jpg,True,9ffa876b37d72ae1c0aed84d4dc1f62c956c844b3efec1f786f9080c10f63c9e
portable_generator_diff,//..\..\..\distractors\library\large\ph__portable_generator\textures\portable_generator_diff_1k.jpg,E:\CODING\GitHub\FoundationPose\data\pallet\assets\distractors\library\large\ph__portable_generator\textures\portable_generator_diff_1k.jpg,True,32acc300105a2df2290d872889b24e1b29ff1ca2c56c0a0cf8fbba0c5966a063
portable_generator_metal-portable_generator_rough,//..\..\..\distractors\library\large\ph__portable_generator\textures\portable_generator_arm_1k.jpg,E:\CODING\GitHub\FoundationPose\data\pallet\assets\distractors\library\large\ph__portable_generator\textures\portable_generator_arm_1k.jpg,True,10236e967baddd90ec7d4ab68969b06fb419f98782a2796db94edc0249b0dad2
portable_generator_nor_gl,//..\..\..\distractors\library\large\ph__portable_generator\textures\portable_generator_nor_gl_1k.jpg,E:\CODING\GitHub\FoundationPose\data\pallet\assets\distractors\library\large\ph__portable_generator\textures\portable_generator_nor_gl_1k.jpg,True,8a868edab1a2f5ffa50b2b1680c2c342491b3eeeac443734178c445c7286c25d
portable_generator_spec,//..\..\..\distractors\library\large\ph__portable_generator\textures\portable_generator_spec_1k.jpg,E:\CODING\GitHub\FoundationPose\data\pallet\assets\distractors\library\large\ph__portable_generator\textures\portable_generator_spec_1k.jpg,True,acf30e81c367898eb846f353d77e404f6831ac23bf071e0e718fddb8881b86cb
portable_welding_cart_diff,//..\..\..\distractors\library\large\ph__portable_welding_cart\textures\portable_welding_cart_diff_1k.jpg,E:\CODING\GitHub\FoundationPose\data\pallet\assets\distractors\library\large\ph__portable_welding_cart\textures\portable_welding_cart_diff_1k.jpg,True,3efec798f2f63c7dc68bd22deee74d12de0453195ee7f568f9e171d848624208
portable_welding_cart_metal-portable_welding_cart_rough,//..\..\..\distractors\library\large\ph__portable_welding_cart\textures\portable_welding_cart_arm_1k.jpg,E:\CODING\GitHub\FoundationPose\data\pallet\assets\distractors\library\large\ph__portable_welding_cart\textures\portable_welding_cart_arm_1k.jpg,True,6b5036f5ff4d8aa1b25da4aeb504a92d1a29373e22299080b3186b6385b6504d
portable_welding_cart_nor_gl,//..\..\..\distractors\library\large\ph__portable_welding_cart\textures\portable_welding_cart_nor_gl_1k.jpg,E:\CODING\GitHub\FoundationPose\data\pallet\assets\distractors\library\large\ph__portable_welding_cart\textures\portable_welding_cart_nor_gl_1k.jpg,True,1ed87f8854486f3ba5fd426b1947584cdae3374e27f441ef46ef513fbfbc39a2
potted_plant_01_leaves_diff.png,//..\..\..\distractors\library\medium\ph__potted_plant_01\textures\potted_plant_01_leaves_diff_1k.jpg,E:\CODING\GitHub\FoundationPose\data\pallet\assets\distractors\library\medium\ph__potted_plant_01\textures\potted_plant_01_leaves_diff_1k.jpg,True,b73891a0a606e139d0fcdd9e6fe503cd1210be3fc9c55fbd033941288231ccaa
potted_plant_01_leaves_nor_gl.png,//..\..\..\distractors\library\medium\ph__potted_plant_01\textures\potted_plant_01_leaves_nor_gl_1k.jpg,E:\CODING\GitHub\FoundationPose\data\pallet\assets\distractors\library\medium\ph__potted_plant_01\textures\potted_plant_01_leaves_nor_gl_1k.jpg,True,2faa756e0ee2b8341c752b283b93599157bf56f4083a9f61b825cdfa0c7138ff
potted_plant_01_leaves_rough.png,//..\..\..\distractors\library\medium\ph__potted_plant_01\textures\potted_plant_01_leaves_rough_1k.jpg,E:\CODING\GitHub\FoundationPose\data\pallet\assets\distractors\library\medium\ph__potted_plant_01\textures\potted_plant_01_leaves_rough_1k.jpg,True,765e3bd1bfdad39dd0d1cd755eafd1f9f1d46cbbb6013988cbfd1197de27a1f9
potted_plant_01_pot_diff,//..\..\..\distractors\library\medium\ph__potted_plant_01\textures\potted_plant_01_pot_diff_1k.jpg,E:\CODING\GitHub\FoundationPose\data\pallet\assets\distractors\library\medium\ph__potted_plant_01\textures\potted_plant_01_pot_diff_1k.jpg,True,51c9d80e8abe585bd3dbcebe7cba1d3ed1a22b137c7cb66baf0e462c08dca312
potted_plant_01_pot_nor_gl,//..\..\..\distractors\library\medium\ph__potted_plant_01\textures\potted_plant_01_pot_nor_gl_1k.jpg,E:\CODING\GitHub\FoundationPose\data\pallet\assets\distractors\library\medium\ph__potted_plant_01\textures\potted_plant_01_pot_nor_gl_1k.jpg,True,ec02e51751e0822d229d48bea1373b06e2675c3725ff04fd1f87ac516719e620
potted_plant_01_pot_rough,//..\..\..\distractors\library\medium\ph__potted_plant_01\textures\potted_plant_01_pot_rough_1k.jpg,E:\CODING\GitHub\FoundationPose\data\pallet\assets\distractors\library\medium\ph__potted_plant_01\textures\potted_plant_01_pot_rough_1k.jpg,True,1256199fe3a88a0534bcd4c8bf141cfa9a28b68fce3f286193d0713796fd8561
power_box_01_diff,//..\..\..\distractors\library\road\ph__power_box_01\textures\power_box_01_diff_1k.jpg,E:\CODING\GitHub\FoundationPose\data\pallet\assets\distractors\library\road\ph__power_box_01\textures\power_box_01_diff_1k.jpg,True,845c425ebc0ded263a7d49909e2c26710dd6160da11c0ca44aebd723f4f6f168
power_box_01_metal-power_box_01_rough,//..\..\..\distractors\library\road\ph__power_box_01\textures\power_box_01_arm_1k.jpg,E:\CODING\GitHub\FoundationPose\data\pallet\assets\distractors\library\road\ph__power_box_01\textures\power_box_01_arm_1k.jpg,True,4601e901e2f7c1584ab5ecf65e0e192a99a4be86da505527f1622658e1b1e527
power_box_01_nor_gl,//..\..\..\distractors\library\road\ph__power_box_01\textures\power_box_01_nor_gl_1k.jpg,E:\CODING\GitHub\FoundationPose\data\pallet\assets\distractors\library\road\ph__power_box_01\textures\power_box_01_nor_gl_1k.jpg,True,199b6fe93776aa0934f7bc36d8c82f1b4db9be9243e82e0cb3727bbcf25d85f1
propane_tank_diff,//..\..\..\distractors\library\medium\ph__propane_tank\textures\propane_tank_diff_1k.jpg,E:\CODING\GitHub\FoundationPose\data\pallet\assets\distractors\library\medium\ph__propane_tank\textures\propane_tank_diff_1k.jpg,True,09ae9f12f41ed0c8c7fb8e22f16871727b9b6ed7e06cde98ec9b8052395f46a4
propane_tank_metal-propane_tank_rough,//..\..\..\distractors\library\medium\ph__propane_tank\textures\propane_tank_arm_1k.jpg,E:\CODING\GitHub\FoundationPose\data\pallet\assets\distractors\library\medium\ph__propane_tank\textures\propane_tank_arm_1k.jpg,True,c56b34618f8d3a2681f559e66bbd4616010ba092b8266ee4249940e1dfecf820
propane_tank_nor_gl,//..\..\..\distractors\library\medium\ph__propane_tank\textures\propane_tank_nor_gl_1k.jpg,E:\CODING\GitHub\FoundationPose\data\pallet\assets\distractors\library\medium\ph__propane_tank\textures\propane_tank_nor_gl_1k.jpg,True,e17827f800150fb069dbe36ff4464eaf9f8c4d2d4608f1cc87a48dea0fe3d8f0
russian_food_cans_01_diff,//..\..\..\distractors\library\small\ph__russian_food_cans_01\textures\russian_food_cans_01_diff_1k.jpg,E:\CODING\GitHub\FoundationPose\data\pallet\assets\distractors\library\small\ph__russian_food_cans_01\textures\russian_food_cans_01_diff_1k.jpg,True,e146ea577102e36c58a2a1445b7b140e2b57f8047049a9182d5d60e174b6a8da
russian_food_cans_01_metallic-russian_food_cans_01_rough,//..\..\..\distractors\library\small\ph__russian_food_cans_01\textures\russian_food_cans_01_arm_1k.jpg,E:\CODING\GitHub\FoundationPose\data\pallet\assets\distractors\library\small\ph__russian_food_cans_01\textures\russian_food_cans_01_arm_1k.jpg,True,1f22207ed5e6bb9ae5c887a7bee1d1ec7ea8365f5ebc3671e71bda0b57dbbf67
russian_food_cans_01_nor_gl,//..\..\..\distractors\library\small\ph__russian_food_cans_01\textures\russian_food_cans_01_nor_gl_1k.jpg,E:\CODING\GitHub\FoundationPose\data\pallet\assets\distractors\library\small\ph__russian_food_cans_01\textures\russian_food_cans_01_nor_gl_1k.jpg,True,b4d24b5704dd114f244e4ba1c18051e4279372427762cff65d6915888ffe9d69
sledgehammer_01_diff,//..\..\..\distractors\library\small\ph__sledgehammer_01\textures\sledgehammer_01_diff_1k.jpg,E:\CODING\GitHub\FoundationPose\data\pallet\assets\distractors\library\small\ph__sledgehammer_01\textures\sledgehammer_01_diff_1k.jpg,True,7da22edba16c2bc18d4ff82b475adf016714e5780c119fa79245bb64aa728c52
sledgehammer_01_metal-sledgehammer_01_rough,//..\..\..\distractors\library\small\ph__sledgehammer_01\textures\sledgehammer_01_arm_1k.jpg,E:\CODING\GitHub\FoundationPose\data\pallet\assets\distractors\library\small\ph__sledgehammer_01\textures\sledgehammer_01_arm_1k.jpg,True,4b232405acdf35d8b2fa9a498d10df8f159c4f88f4c0ec8931b045a39ceea385
sledgehammer_01_nor_gl,//..\..\..\distractors\library\small\ph__sledgehammer_01\textures\sledgehammer_01_nor_gl_1k.jpg,E:\CODING\GitHub\FoundationPose\data\pallet\assets\distractors\library\small\ph__sledgehammer_01\textures\sledgehammer_01_nor_gl_1k.jpg,True,876cb4773511179ce459e73ea85fbdaf2639c7edab0bb56220650c50156ecfb9
steel_frame_shelves_01_diff,//..\..\..\distractors\library\large\ph__steel_frame_shelves_01\textures\steel_frame_shelves_01_diff_1k.jpg,E:\CODING\GitHub\FoundationPose\data\pallet\assets\distractors\library\large\ph__steel_frame_shelves_01\textures\steel_frame_shelves_01_diff_1k.jpg,True,85e205b334e15e05bec9b02be1258da6ab949ae908aa57e0bee6b94ba45b4415
steel_frame_shelves_01_metal-steel_frame_shelves_01_rough,//..\..\..\distractors\library\large\ph__steel_frame_shelves_01\textures\steel_frame_shelves_01_arm_1k.jpg,E:\CODING\GitHub\FoundationPose\data\pallet\assets\distractors\library\large\ph__steel_frame_shelves_01\textures\steel_frame_shelves_01_arm_1k.jpg,True,858629eeaa8f68ddb4fc1a813afe6ed988ded3d6d49184ec45a14611760f0bb3
steel_frame_shelves_01_nor_gl,//..\..\..\distractors\library\large\ph__steel_frame_shelves_01\textures\steel_frame_shelves_01_nor_gl_1k.jpg,E:\CODING\GitHub\FoundationPose\data\pallet\assets\distractors\library\large\ph__steel_frame_shelves_01\textures\steel_frame_shelves_01_nor_gl_1k.jpg,True,2a67ed7dd4f53c3e225396e6381992b768fe58b5261be703d540678e366e46ed
steel_frame_shelves_02_diff,//..\..\..\distractors\library\indoor\ph__steel_frame_shelves_02\textures\steel_frame_shelves_02_diff_1k.jpg,E:\CODING\GitHub\FoundationPose\data\pallet\assets\distractors\library\indoor\ph__steel_frame_shelves_02\textures\steel_frame_shelves_02_diff_1k.jpg,True,2b41f59f3fbc6464e10ce11ee17c80f35173de8321865e4c4a966c55f5898f15
steel_frame_shelves_02_metal-steel_frame_shelves_02_rough,//..\..\..\distractors\library\indoor\ph__steel_frame_shelves_02\textures\steel_frame_shelves_02_arm_1k.jpg,E:\CODING\GitHub\FoundationPose\data\pallet\assets\distractors\library\indoor\ph__steel_frame_shelves_02\textures\steel_frame_shelves_02_arm_1k.jpg,True,7fbcad4858018270eec05cbcdfec886adf4de39a057a8fc15a3c1d1d009f0307
steel_frame_shelves_02_nor_gl,//..\..\..\distractors\library\indoor\ph__steel_frame_shelves_02\textures\steel_frame_shelves_02_nor_gl_1k.jpg,E:\CODING\GitHub\FoundationPose\data\pallet\assets\distractors\library\indoor\ph__steel_frame_shelves_02\textures\steel_frame_shelves_02_nor_gl_1k.jpg,True,c0033947364a267d17307943df975bc9d81268b51532c73340dd0bf45d204990
steel_frame_shelves_03_diff,//..\..\..\distractors\library\large\ph__steel_frame_shelves_03\textures\steel_frame_shelves_03_diff_1k.jpg,E:\CODING\GitHub\FoundationPose\data\pallet\assets\distractors\library\large\ph__steel_frame_shelves_03\textures\steel_frame_shelves_03_diff_1k.jpg,True,1bbaf63d2905ddfa94a83c9aa1fe01ec8d867c0b073308cc02821ae624e31b9a
steel_frame_shelves_03_drawers_diff,//..\..\..\distractors\library\large\ph__steel_frame_shelves_03\textures\steel_frame_shelves_03_drawers_diff_1k.jpg,E:\CODING\GitHub\FoundationPose\data\pallet\assets\distractors\library\large\ph__steel_frame_shelves_03\textures\steel_frame_shelves_03_drawers_diff_1k.jpg,True,5128e44871e33eebe494fe93fba2c572b9a7970d37864ae294c6d25fc59064eb
steel_frame_shelves_03_drawers_nor_gl,//..\..\..\distractors\library\large\ph__steel_frame_shelves_03\textures\steel_frame_shelves_03_drawers_nor_gl_1k.jpg,E:\CODING\GitHub\FoundationPose\data\pallet\assets\distractors\library\large\ph__steel_frame_shelves_03\textures\steel_frame_shelves_03_drawers_nor_gl_1k.jpg,True,e686d0d595eca83cc6ef2186cd199c2d2dde5729788f607e2b1f996d133415af
steel_frame_shelves_03_drawers_rough,//..\..\..\distractors\library\large\ph__steel_frame_shelves_03\textures\steel_frame_shelves_03_drawers_arm_1k.jpg,E:\CODING\GitHub\FoundationPose\data\pallet\assets\distractors\library\large\ph__steel_frame_shelves_03\textures\steel_frame_shelves_03_drawers_arm_1k.jpg,True,cfa78c59c402b8aa26e200a9993ffd260cebbb1b7768cc9a6f8c5c0c0b28ca6e
steel_frame_shelves_03_metal-steel_frame_shelves_03_rough,//..\..\..\distractors\library\large\ph__steel_frame_shelves_03\textures\steel_frame_shelves_03_arm_1k.jpg,E:\CODING\GitHub\FoundationPose\data\pallet\assets\distractors\library\large\ph__steel_frame_shelves_03\textures\steel_frame_shelves_03_arm_1k.jpg,True,9cbeebb818f340837554f59a46cd482e4a7ed6bf3fb7eb0a4707fe775473ad32
steel_frame_shelves_03_nor_gl,//..\..\..\distractors\library\large\ph__steel_frame_shelves_03\textures\steel_frame_shelves_03_nor_gl_1k.jpg,E:\CODING\GitHub\FoundationPose\data\pallet\assets\distractors\library\large\ph__steel_frame_shelves_03\textures\steel_frame_shelves_03_nor_gl_1k.jpg,True,0e069fedd3573fe09096d766ca950e79903e8f971baaf6078ac7326d3c3dcfc8
street_lamp_01_diff,//..\..\..\distractors\library\road\ph__street_lamp_01\textures\street_lamp_01_diff_1k.jpg,E:\CODING\GitHub\FoundationPose\data\pallet\assets\distractors\library\road\ph__street_lamp_01\textures\street_lamp_01_diff_1k.jpg,True,3e9d3471b33eb1f8075ed741c2b1932103598626d057ca12ef38005ea5fcb165
street_lamp_01_metal-street_lamp_01_rough,//..\..\..\distractors\library\road\ph__street_lamp_01\textures\street_lamp_01_arm_1k.jpg,E:\CODING\GitHub\FoundationPose\data\pallet\assets\distractors\library\road\ph__street_lamp_01\textures\street_lamp_01_arm_1k.jpg,True,4b5487a6c7ee300c3cf5449629e01c35409e5c7ac1695edb9fe69d4821853c7c
street_lamp_01_nor_gl,//..\..\..\distractors\library\road\ph__street_lamp_01\textures\street_lamp_01_nor_gl_1k.jpg,E:\CODING\GitHub\FoundationPose\data\pallet\assets\distractors\library\road\ph__street_lamp_01\textures\street_lamp_01_nor_gl_1k.jpg,True,172af0fd7ed4999e9f520b9f56e1f357a6dba87adbd7b8aa87e0a0b95840c63d
texture.png,//..\..\..\distractors\library\small\gso__Clue_Board_Game_Classic_Edition\materials\textures\texture.png,E:\CODING\GitHub\FoundationPose\data\pallet\assets\distractors\library\small\gso__Clue_Board_Game_Classic_Edition\materials\textures\texture.png,True,e99af593a7bdecb608289d39d1815c54c4ed9925a196565ccfab44f32cec44e6
texture.png.001,//..\..\..\distractors\library\small\gso__CoQ10\materials\textures\texture.png,E:\CODING\GitHub\FoundationPose\data\pallet\assets\distractors\library\small\gso__CoQ10\materials\textures\texture.png,True,16422a6e7306579fb1848ab10360f5fb52c29461e69e85c22fe7712689b0c43e
texture.png.002,//..\..\..\distractors\library\small\gso__Crunch_Girl_Scouts_Candy_Bars_Peanut_Butter_Creme_78_oz_box\materials\textures\texture.png,E:\CODING\GitHub\FoundationPose\data\pallet\assets\distractors\library\small\gso__Crunch_Girl_Scouts_Candy_Bars_Peanut_Butter_Creme_78_oz_box\materials\textures\texture.png,True,6b01db3e21054400ac1c1b8e4a0831db73bf9817cd7e087e644d0af512695aab
texture.png.003,//..\..\..\distractors\library\small\gso__DPC_Handmade_Hat_Brown\materials\textures\texture.png,E:\CODING\GitHub\FoundationPose\data\pallet\assets\distractors\library\small\gso__DPC_Handmade_Hat_Brown\materials\textures\texture.png,True,a4388225500bf97976c86295738d63e2bedb963de7363de98c568d1cb488ca1d
texture.png.004,//..\..\..\distractors\library\small\gso__DPC_tropical_Trends_Hat\materials\textures\texture.png,E:\CODING\GitHub\FoundationPose\data\pallet\assets\distractors\library\small\gso__DPC_tropical_Trends_Hat\materials\textures\texture.png,True,2eaf13ddc63e9a391a5fa8923dbd70948f289a16ab24944b5468744e149f5cb2
texture.png.005,//..\..\..\distractors\library\small\gso__Digital_Camo_Double_Decker_Lunch_Bag\materials\textures\texture.png,E:\CODING\GitHub\FoundationPose\data\pallet\assets\distractors\library\small\gso__Digital_Camo_Double_Decker_Lunch_Bag\materials\textures\texture.png,True,2cd9ed5d0693257fbfb081395b6c6f54e9850d6ec3acdafe446d98359723c320
texture.png.006,//..\..\..\distractors\library\small\gso__Don_Franciscos_Gourmet_Coffee_Medium_Decaf_100_Colombian_12_oz_340_g\materials\textures\texture.png,E:\CODING\GitHub\FoundationPose\data\pallet\assets\distractors\library\small\gso__Don_Franciscos_Gourmet_Coffee_Medium_Decaf_100_Colombian_12_oz_340_g\materials\textures\texture.png,True,be1688162c7a0baa3bf1e0da71257632d804b4a98d3c8eed1fb75270aaaeb03f
texture.png.007,//..\..\..\distractors\library\small\gso__Hasbro_Monopoly_Hotels_Game\materials\textures\texture.png,E:\CODING\GitHub\FoundationPose\data\pallet\assets\distractors\library\small\gso__Hasbro_Monopoly_Hotels_Game\materials\textures\texture.png,True,da17ac27c8dcac59f89de889861724333ffcbb501f71fa3d7eb0c61f2e2421a3
texture.png.008,//..\..\..\distractors\library\small\gso__Jansport_School_Backpack_Blue_Streak\materials\textures\texture.png,E:\CODING\GitHub\FoundationPose\data\pallet\assets\distractors\library\small\gso__Jansport_School_Backpack_Blue_Streak\materials\textures\texture.png,True,63fb44985112382ed53e394e703b96be060aaf7aa8432b4f63f77144f74d27d0
texture.png.009,//..\..\..\distractors\library\small\gso__KS_Chocolate_Cube_Box_Assortment_By_Neuhaus_2010_Ounces\materials\textures\texture.png,E:\CODING\GitHub\FoundationPose\data\pallet\assets\distractors\library\small\gso__KS_Chocolate_Cube_Box_Assortment_By_Neuhaus_2010_Ounces\materials\textures\texture.png,True,ffcee7b1ff5d3e2002bf425df78f6b7c6d8134cee3df211d5292ad27fbfaa077
texture.png.010,//..\..\..\distractors\library\small\gso__Mens_Striper_Sneaker_in_White_rnp8HUli59Y\materials\textures\texture.png,E:\CODING\GitHub\FoundationPose\data\pallet\assets\distractors\library\small\gso__Mens_Striper_Sneaker_in_White_rnp8HUli59Y\materials\textures\texture.png,True,67e6dac0c93f9f9c32f6f2a2f388883a68654a63108667586a540b20921b32b1
texture.png.011,//..\..\..\distractors\library\small\gso__Nescafe_Tasters_Choice_Instant_Coffee_Decaf_House_Blend_Light_7_oz\materials\textures\texture.png,E:\CODING\GitHub\FoundationPose\data\pallet\assets\distractors\library\small\gso__Nescafe_Tasters_Choice_Instant_Coffee_Decaf_House_Blend_Light_7_oz\materials\textures\texture.png,True,d6732861e536bef5aff7804cc64fe95f81f8eaba68ae92e4318bd1b1af8387b1
texture.png.012,//..\..\..\distractors\library\small\gso__Nestle_Nesquik_Chocolate_Powder_Flavored_Milk_Additive_109_Oz_Canister\materials\textures\texture.png,E:\CODING\GitHub\FoundationPose\data\pallet\assets\distractors\library\small\gso__Nestle_Nesquik_Chocolate_Powder_Flavored_Milk_Additive_109_Oz_Canister\materials\textures\texture.png,True,a97e1efb1f35941ae27520106d9f7fed67838bdc0c11cf33c4ab92cbbd800cf8
texture.png.013,//..\..\..\distractors\library\small\gso__Olive_Kids_Dinosaur_Land_Sidekick_Backpack\materials\textures\texture.png,E:\CODING\GitHub\FoundationPose\data\pallet\assets\distractors\library\small\gso__Olive_Kids_Dinosaur_Land_Sidekick_Backpack\materials\textures\texture.png,True,3a6f2f860b026acaa83a4b91e20af191ffe78c9dd6c1a818d945171cdeec893c
texture.png.014,//..\..\..\distractors\library\small\gso__Organic_Whey_Protein_Vanilla\materials\textures\texture.png,E:\CODING\GitHub\FoundationPose\data\pallet\assets\distractors\library\small\gso__Organic_Whey_Protein_Vanilla\materials\textures\texture.png,True,505ea8e1a0cbb3fe32df01f9c56746082b4570832625e36c0d6f48308aa2dcb0
texture.png.015,//..\..\..\distractors\library\small\gso__Timberland_Mens_Earthkeepers_Newmarket_6Inch_Cupsole_Boot\materials\textures\texture.png,E:\CODING\GitHub\FoundationPose\data\pallet\assets\distractors\library\small\gso__Timberland_Mens_Earthkeepers_Newmarket_6Inch_Cupsole_Boot\materials\textures\texture.png,True,4f3f06bf85bcdbbdad8f9a1afaebe77f39ca3fc020ef35a5371ee6baae85658a
texture.png.016,//..\..\..\distractors\library\small\gso__Twinlab_100_Whey_Protein_Fuel_Chocolate\materials\textures\texture.png,E:\CODING\GitHub\FoundationPose\data\pallet\assets\distractors\library\small\gso__Twinlab_100_Whey_Protein_Fuel_Chocolate\materials\textures\texture.png,True,0dde90374a1c8b44fa73e08555f25199bfe62a985577003608d8401536d8d044
texture.png.017,//..\..\..\distractors\library\small\gso__UGG_Classic_Tall_Womens_Boots_Chestnut_7\materials\textures\texture.png,E:\CODING\GitHub\FoundationPose\data\pallet\assets\distractors\library\small\gso__UGG_Classic_Tall_Womens_Boots_Chestnut_7\materials\textures\texture.png,True,8f272ef27ea9e09cc965538353b81613427b8e37d93936de927445819799998b
texture.png.018,//..\..\..\distractors\library\small\gso__US_Army_Stash_Lunch_Bag\materials\textures\texture.png,E:\CODING\GitHub\FoundationPose\data\pallet\assets\distractors\library\small\gso__US_Army_Stash_Lunch_Bag\materials\textures\texture.png,True,a80e0e7c7a4140d2b3551f61b2a8ce73d2788345058126a4190fb3093a15a95c
texture.png.019,//..\..\..\distractors\library\small\gso__U_By_Kotex_Sleek_Regular_Unscented_Tampons_36_Ct_Box\materials\textures\texture.png,E:\CODING\GitHub\FoundationPose\data\pallet\assets\distractors\library\small\gso__U_By_Kotex_Sleek_Regular_Unscented_Tampons_36_Ct_Box\materials\textures\texture.png,True,99ece9018983d4295e25fe14ab9d7461b3aa9134def9ddafdab1d85aa55df0ed
texture.png.020,//..\..\..\distractors\library\small\gso__Vans_Cereal_Honey_Nut_Crunch_11_oz_box\materials\textures\texture.png,E:\CODING\GitHub\FoundationPose\data\pallet\assets\distractors\library\small\gso__Vans_Cereal_Honey_Nut_Crunch_11_oz_box\materials\textures\texture.png,True,a8d20a316353504800253efbafbf143a7a26a5e265420541bf52a7a486e1b697
texture.png.021,//..\..\..\distractors\library\small\gso__Vtech_Stack_Sing_Rings_636_Months\materials\textures\texture.png,E:\CODING\GitHub\FoundationPose\data\pallet\assets\distractors\library\small\gso__Vtech_Stack_Sing_Rings_636_Months\materials\textures\texture.png,True,3fc37dee409d40e9f2c98b90f6394d6b9622b3f88c82850e5a3524853a85c884
texture.png.022,//..\..\..\distractors\library\small\gso__Weisshai_Great_White_Shark\materials\textures\texture.png,E:\CODING\GitHub\FoundationPose\data\pallet\assets\distractors\library\small\gso__Weisshai_Great_White_Shark\materials\textures\texture.png,True,ba9ce34f7a97ae62a35d62c34710ab56597f58ba0014363d8a38535d5f744858
texture.png.023,//..\..\..\distractors\library\small\gso__Wooden_ABC_123_Blocks_50_pack\materials\textures\texture.png,E:\CODING\GitHub\FoundationPose\data\pallet\assets\distractors\library\small\gso__Wooden_ABC_123_Blocks_50_pack\materials\textures\texture.png,True,d07c0d4c951c623e20d8a1c6b3319934a662bbbe963c3a444351d660ac203ec0
texture.png.024,//..\..\..\distractors\library\indoor\gso__Central_Garden_Flower_Pot_Goo_425\materials\textures\texture.png,E:\CODING\GitHub\FoundationPose\data\pallet\assets\distractors\library\indoor\gso__Central_Garden_Flower_Pot_Goo_425\materials\textures\texture.png,True,5d5ca65c0e92708d268f7e1323b77ce6439ec068ad985524d3a8540715eddfe7
texture.png.025,//..\..\..\distractors\library\indoor\gso__Ecoforms_Plant_Container_URN_NAT\materials\textures\texture.png,E:\CODING\GitHub\FoundationPose\data\pallet\assets\distractors\library\indoor\gso__Ecoforms_Plant_Container_URN_NAT\materials\textures\texture.png,True,36f2b888d70dd4f4ac4375621a8dc5b4ebe15b92bee9887477a0e9281c53df39
texture.png.026,//..\..\..\distractors\library\indoor\gso__Snack_Catcher_Snack_Dispenser\materials\textures\texture.png,E:\CODING\GitHub\FoundationPose\data\pallet\assets\distractors\library\indoor\gso__Snack_Catcher_Snack_Dispenser\materials\textures\texture.png,True,6d4a31e932bcc1271df9fb4c476d93334c1360a2428408b303c768d6a07457bf
texture.png.027,//..\..\..\distractors\library\indoor\gso__Squirt_Strain_Fruit_Basket\materials\textures\texture.png,E:\CODING\GitHub\FoundationPose\data\pallet\assets\distractors\library\indoor\gso__Squirt_Strain_Fruit_Basket\materials\textures\texture.png,True,981a13be1505fccf9209919450b49d27a48f1dd0a8ae0ed849d989c9568d71b3
texture.png.028,//..\..\..\distractors\library\indoor\gso__Target_Basket_Medium\materials\textures\texture.png,E:\CODING\GitHub\FoundationPose\data\pallet\assets\distractors\library\indoor\gso__Target_Basket_Medium\materials\textures\texture.png,True,3f5811e2b81fd6159a4db10a2e9ea4b249b1e93baa768eec7fb4072c93d1a015
texture.png.029,//..\..\..\distractors\library\indoor\gso__Threshold_Porcelain_Teapot_White\materials\textures\texture.png,E:\CODING\GitHub\FoundationPose\data\pallet\assets\distractors\library\indoor\gso__Threshold_Porcelain_Teapot_White\materials\textures\texture.png,True,dd50c3b27df09948ed2c91b9d5b11c56e9b8b1a7e040002c6aa922afe591e0e8
texture.png.030,//..\..\..\distractors\library\indoor\gso__TriStar_Products_PPC_Power_Pressure_Cooker_XL_in_Black\materials\textures\texture.png,E:\CODING\GitHub\FoundationPose\data\pallet\assets\distractors\library\indoor\gso__TriStar_Products_PPC_Power_Pressure_Cooker_XL_in_Black\materials\textures\texture.png,True,08aa5c67f2f2ff344e2bf0a58048cac7775ec9ce2ff05163faf36e20ca951610
texture.png.031,//..\..\..\distractors\library\indoor\gso__Utana_5_Porcelain_Ramekin_Large\materials\textures\texture.png,E:\CODING\GitHub\FoundationPose\data\pallet\assets\distractors\library\indoor\gso__Utana_5_Porcelain_Ramekin_Large\materials\textures\texture.png,True,bec8949f79b1baf8034e6d7cb24b3bf594f13ec299427f2bc16bd17bb80f880e
texture.png.032,//..\..\..\distractors\library\indoor\gso__ACE_Coffee_Mug_Kristen_16_oz_cup\materials\textures\texture.png,E:\CODING\GitHub\FoundationPose\data\pallet\assets\distractors\library\indoor\gso__ACE_Coffee_Mug_Kristen_16_oz_cup\materials\textures\texture.png,True,056fe075297343bd294678be0f8df694a4f4e0563f42033bb167ce6b5bd0b3a9
texture.png.033,//..\..\..\distractors\library\indoor\gso__Closetmaid_Premium_Fabric_Cube_Red\materials\textures\texture.png,E:\CODING\GitHub\FoundationPose\data\pallet\assets\distractors\library\indoor\gso__Closetmaid_Premium_Fabric_Cube_Red\materials\textures\texture.png,True,63ae7f12ccb38326297aca63ac3a079bd2028a8ae09d7a151065215c18ab9ac1
texture.png.034,//..\..\..\distractors\library\indoor\gso__Cole_Hardware_Flower_Pot_1025\materials\textures\texture.png,E:\CODING\GitHub\FoundationPose\data\pallet\assets\distractors\library\indoor\gso__Cole_Hardware_Flower_Pot_1025\materials\textures\texture.png,True,1aabcb2e9ad479161a823c14a29b510db3ee479c9ed95455e1997db90ff9f2d4
texture.png.035,//..\..\..\distractors\library\indoor\gso__Cole_Hardware_Mug_Classic_Blue\materials\textures\texture.png,E:\CODING\GitHub\FoundationPose\data\pallet\assets\distractors\library\indoor\gso__Cole_Hardware_Mug_Classic_Blue\materials\textures\texture.png,True,b6f207ccdc25ed41c45acef5301b0812ae6ac18a1094db312e0615fc6016aa26
texture.png.036,//..\..\..\distractors\library\indoor\gso__Curver_Storage_Bin_Black_Small\materials\textures\texture.png,E:\CODING\GitHub\FoundationPose\data\pallet\assets\distractors\library\indoor\gso__Curver_Storage_Bin_Black_Small\materials\textures\texture.png,True,6cf3d72cab602cc64726cd1d08bc31481dab9fda7cdbad46112f0c47cd3030b8
texture.png.037,//..\..\..\distractors\library\indoor\gso__Down_To_Earth_Orchid_Pot_Ceramic_Red\materials\textures\texture.png,E:\CODING\GitHub\FoundationPose\data\pallet\assets\distractors\library\indoor\gso__Down_To_Earth_Orchid_Pot_Ceramic_Red\materials\textures\texture.png,True,0c20a1619b99c7b1865bdd8c10f2a58f0bc0ba304ece82b4e3901116733af150
texture.png.038,//..\..\..\distractors\library\indoor\gso__Ecoforms_Garden_Pot_GP16ATurquois\materials\textures\texture.png,E:\CODING\GitHub\FoundationPose\data\pallet\assets\distractors\library\indoor\gso__Ecoforms_Garden_Pot_GP16ATurquois\materials\textures\texture.png,True,c93c520c63a886572b58d425eeb7f0b5100b80b3911070444c09ac2f24d723c6
texture.png.039,//..\..\..\distractors\library\indoor\gso__Ecoforms_Plant_Bowl_Turquoise_7\materials\textures\texture.png,E:\CODING\GitHub\FoundationPose\data\pallet\assets\distractors\library\indoor\gso__Ecoforms_Plant_Bowl_Turquoise_7\materials\textures\texture.png,True,4f532a4d138fd09dd2c6d26bc98f22d204190fdf9ecfc23da8b2d2c8dd33ae1a
texture.png.040,//..\..\..\distractors\library\indoor\gso__Ecoforms_Plant_Container_QP_Turquoise\materials\textures\texture.png,E:\CODING\GitHub\FoundationPose\data\pallet\assets\distractors\library\indoor\gso__Ecoforms_Plant_Container_QP_Turquoise\materials\textures\texture.png,True,e1e58b4a522e5bcbef20e1b6f10bdb2e36a7e0ecdb6d803ae2340db3eec07c3b
texture.png.041,//..\..\..\distractors\library\indoor\gso__Ecoforms_Plant_Container_URN_SAN\materials\textures\texture.png,E:\CODING\GitHub\FoundationPose\data\pallet\assets\distractors\library\indoor\gso__Ecoforms_Plant_Container_URN_SAN\materials\textures\texture.png,True,e78bc9710be165c6fe006a276010e9c558765e16cbda57bb2148037176725f55
texture.png.042,//..\..\..\distractors\library\indoor\gso__Hefty_Waste_Basket_Decorative_Bronze_85_liter\materials\textures\texture.png,E:\CODING\GitHub\FoundationPose\data\pallet\assets\distractors\library\indoor\gso__Hefty_Waste_Basket_Decorative_Bronze_85_liter\materials\textures\texture.png,True,b8896320c215b63181d14af5e052b3b7e6d1966c62d7236a681332d90690939d
texture.png.043,//..\..\..\distractors\library\indoor\gso__Markings_Desk_Caddy\materials\textures\texture.png,E:\CODING\GitHub\FoundationPose\data\pallet\assets\distractors\library\indoor\gso__Markings_Desk_Caddy\materials\textures\texture.png,True,ea07fb85ab5ef7167040e459ae4442827d114d778aaf4f6a8229bc3898406238
texture.png.044,//..\..\..\distractors\library\indoor\gso__Now_Designs_Bowl_Akita_Black\materials\textures\texture.png,E:\CODING\GitHub\FoundationPose\data\pallet\assets\distractors\library\indoor\gso__Now_Designs_Bowl_Akita_Black\materials\textures\texture.png,True,8a646d98b084b7400dd91beed9c83e10b4a4dca572896b3974356b7937a4bd85
texture.png.045,//..\..\..\distractors\library\indoor\gso__Room_Essentials_Bowl_Turquiose\materials\textures\texture.png,E:\CODING\GitHub\FoundationPose\data\pallet\assets\distractors\library\indoor\gso__Room_Essentials_Bowl_Turquiose\materials\textures\texture.png,True,46df34ea8856890379e385f75ce5b68801e2fed05a3a5491c1885dd5d4b4056a
texture.png.046,//..\..\..\distractors\library\indoor\gso__Room_Essentials_Fabric_Cube_Lavender\materials\textures\texture.png,E:\CODING\GitHub\FoundationPose\data\pallet\assets\distractors\library\indoor\gso__Room_Essentials_Fabric_Cube_Lavender\materials\textures\texture.png,True,f993d32e092d7d036e795b490523a1828ddf96f32b0d51f5a6637a4efe1b9de3
texture.png.047,//..\..\..\distractors\library\indoor\gso__Room_Essentials_Mug_White_Yellow\materials\textures\texture.png,E:\CODING\GitHub\FoundationPose\data\pallet\assets\distractors\library\indoor\gso__Room_Essentials_Mug_White_Yellow\materials\textures\texture.png,True,152a4b711c33e8cb6956233043580331bd0f54d5b3dbc13a9bc870201b295890
texture.png.048,//..\..\..\distractors\library\indoor\gso__Sapota_Threshold_4_Ceramic_Round_Planter_Red\materials\textures\texture.png,E:\CODING\GitHub\FoundationPose\data\pallet\assets\distractors\library\indoor\gso__Sapota_Threshold_4_Ceramic_Round_Planter_Red\materials\textures\texture.png,True,b1648241e519bdee0a97d6d07abc31d440df11799ab377ecda640043c5a25524
texture.png.049,//..\..\..\distractors\library\indoor\gso__Spritz_Easter_Basket_Plastic_Teal\materials\textures\texture.png,E:\CODING\GitHub\FoundationPose\data\pallet\assets\distractors\library\indoor\gso__Spritz_Easter_Basket_Plastic_Teal\materials\textures\texture.png,True,05e75891ad0e47c0c4a38f751c50d6c4a50c6eeba9cd50b8f44ee44b30cd3666
texture.png.050,//..\..\..\distractors\library\indoor\gso__Threshold_Basket_Natural_Finish_Fabric_Liner_Small\materials\textures\texture.png,E:\CODING\GitHub\FoundationPose\data\pallet\assets\distractors\library\indoor\gso__Threshold_Basket_Natural_Finish_Fabric_Liner_Small\materials\textures\texture.png,True,89c2107a39ce27d7dffc383153153e021958408cd6fffd8bf8f318a0bb2c302b
texture.png.051,//..\..\..\distractors\library\indoor\gso__Threshold_Porcelain_Pitcher_White\materials\textures\texture.png,E:\CODING\GitHub\FoundationPose\data\pallet\assets\distractors\library\indoor\gso__Threshold_Porcelain_Pitcher_White\materials\textures\texture.png,True,3c4679ddda21ef372d9ca11737e13d4f592d32d087086802d40b394668cac58f
texture.png.052,//..\..\..\distractors\library\indoor\gso__Threshold_Porcelain_Serving_Bowl_Coupe_White\materials\textures\texture.png,E:\CODING\GitHub\FoundationPose\data\pallet\assets\distractors\library\indoor\gso__Threshold_Porcelain_Serving_Bowl_Coupe_White\materials\textures\texture.png,True,b93445b91dc7c717e482c4934b1e14889f1395ed600f45dd66db7b556d794bbf
texture.png.053,//..\..\..\distractors\library\small\gso__3M_Vinyl_Tape_Green_1_x_36_yd\materials\textures\texture.png,E:\CODING\GitHub\FoundationPose\data\pallet\assets\distractors\library\small\gso__3M_Vinyl_Tape_Green_1_x_36_yd\materials\textures\texture.png,True,7eb30f94e5861b201356dd2c0493d03f897e38f3779d7b1a293d1d852baa08a2
texture.png.054,//..\..\..\distractors\library\small\gso__Animal_Crossing_New_Leaf_Nintendo_3DS_Game\materials\textures\texture.png,E:\CODING\GitHub\FoundationPose\data\pallet\assets\distractors\library\small\gso__Animal_Crossing_New_Leaf_Nintendo_3DS_Game\materials\textures\texture.png,True,327181ccc9a073f93fcf8baefd3f297c46a40d18d0cfa335906dd59ecd19b626
texture.png.055,//..\..\..\distractors\library\small\gso__Asus_Z97AR_LGA_1150_Intel_ATX_Motherboard\materials\textures\texture.png,E:\CODING\GitHub\FoundationPose\data\pallet\assets\distractors\library\small\gso__Asus_Z97AR_LGA_1150_Intel_ATX_Motherboard\materials\textures\texture.png,True,b21a5a148bfcb6fc58934e1c9a9bbd30b5fbf7ed5f26abc7dc5b0f55d77e2541
texture.png.056,//..\..\..\distractors\library\small\gso__Balderdash_Game\materials\textures\texture.png,E:\CODING\GitHub\FoundationPose\data\pallet\assets\distractors\library\small\gso__Balderdash_Game\materials\textures\texture.png,True,369d8681fa772380deb5214215580926408406264c407355b5dd4a4263c58df2
texture.png.057,//..\..\..\distractors\library\small\gso__Blue_Jasmine_Includes_Digital_Copy_UltraViolet_DVD\materials\textures\texture.png,E:\CODING\GitHub\FoundationPose\data\pallet\assets\distractors\library\small\gso__Blue_Jasmine_Includes_Digital_Copy_UltraViolet_DVD\materials\textures\texture.png,True,b663147aabc64292cbd3b93b06b42366eb745474c630c3175030b854df5dde0b
texture.png.058,//..\..\..\distractors\library\small\gso__Brother_Ink_Cartridge_Magenta_LC75M\materials\textures\texture.png,E:\CODING\GitHub\FoundationPose\data\pallet\assets\distractors\library\small\gso__Brother_Ink_Cartridge_Magenta_LC75M\materials\textures\texture.png,True,8726a0a431436d27f6eb6fbfbe2354e35bfc6fe51f2e16cffc828f43f2cbfaff
texture.png.059,//..\..\..\distractors\library\small\gso__Canon_Pixma_Ink_Cartridge_251_M\materials\textures\texture.png,E:\CODING\GitHub\FoundationPose\data\pallet\assets\distractors\library\small\gso__Canon_Pixma_Ink_Cartridge_251_M\materials\textures\texture.png,True,10050846e3df1b3bfc1f4fee77a20bd6036e08a6368481bcebef2d6d19b7d391
texture.png.060,//..\..\..\distractors\library\small\gso__Clorox_Premium_Choice_Gloves_SM_1_pair\materials\textures\texture.png,E:\CODING\GitHub\FoundationPose\data\pallet\assets\distractors\library\small\gso__Clorox_Premium_Choice_Gloves_SM_1_pair\materials\textures\texture.png,True,e509e39b208430d72b5182535cfa115d089df1c63feffd22cae88b9003a84ed0
texture.png.061,//..\..\..\distractors\library\small\gso__Cole_Hardware_Hammer_Black\materials\textures\texture.png,E:\CODING\GitHub\FoundationPose\data\pallet\assets\distractors\library\small\gso__Cole_Hardware_Hammer_Black\materials\textures\texture.png,True,96e01eb662cbd0f23b3620c2e159a21a7a63eb8f1169a1693ec7e91ed282773d
texture.png.062,//..\..\..\distractors\library\small\gso__Craftsman_Grip_Screwdriver_Phillips_Cushion\materials\textures\texture.png,E:\CODING\GitHub\FoundationPose\data\pallet\assets\distractors\library\small\gso__Craftsman_Grip_Screwdriver_Phillips_Cushion\materials\textures\texture.png,True,fb1651cb9e4f060d893d63ffd9795d4bf1efbc67894d19fc4282f212ab04cab6
texture.png.063,//..\..\..\distractors\library\small\gso__Crayola_Crayons_24_count\materials\textures\texture.png,E:\CODING\GitHub\FoundationPose\data\pallet\assets\distractors\library\small\gso__Crayola_Crayons_24_count\materials\textures\texture.png,True,a5addafcec74ca8e7bb7b5832dcb6c2d2e1c5bd409c5465010aa32b3616fea1b
texture.png.064,//..\..\..\distractors\library\small\gso__Crayola_Washable_Sidewalk_Chalk_16_pack\materials\textures\texture.png,E:\CODING\GitHub\FoundationPose\data\pallet\assets\distractors\library\small\gso__Crayola_Washable_Sidewalk_Chalk_16_pack\materials\textures\texture.png,True,231438ea0abe569468900cc3fc63920f3b14be69da52b96b803a27179c5985e6
texture.png.065,//..\..\..\distractors\library\small\gso__Creatine_Monohydrate\materials\textures\texture.png,E:\CODING\GitHub\FoundationPose\data\pallet\assets\distractors\library\small\gso__Creatine_Monohydrate\materials\textures\texture.png,True,8a28b2bd3316d4286fc6b5871f9b91cec46bd4272d547e628e3345fddce764fb
texture.png.066,//..\..\..\distractors\library\small\gso__Crosley_Alarm_Clock_Vintage_Metal\materials\textures\texture.png,E:\CODING\GitHub\FoundationPose\data\pallet\assets\distractors\library\small\gso__Crosley_Alarm_Clock_Vintage_Metal\materials\textures\texture.png,True,ef239ad22f49fa3db52aa1765caa77e41b4a5af7b62fe89f05fea169c0f7116e
texture.png.067,//..\..\..\distractors\library\small\gso__Diet_Pepsi_Soda_Cola12_Pack_12_oz_Cans\materials\textures\texture.png,E:\CODING\GitHub\FoundationPose\data\pallet\assets\distractors\library\small\gso__Diet_Pepsi_Soda_Cola12_Pack_12_oz_Cans\materials\textures\texture.png,True,5c13308d257f51c4f546be786d3cd3f364dd5abc80e19e5141262a9ee7feb5f3
texture.png.068,//..\..\..\distractors\library\small\gso__DPC_Thinsulate_Isolate_Gloves_Brown\materials\textures\texture.png,E:\CODING\GitHub\FoundationPose\data\pallet\assets\distractors\library\small\gso__DPC_Thinsulate_Isolate_Gloves_Brown\materials\textures\texture.png,True,79c10862c68cc6a852f17efc38bccfc0f6fb42ec3dc4d07a491c458c2aaaa106
texture.png.069,//..\..\..\distractors\library\small\gso__Epson_273XL_Ink_Cartridge_Magenta\materials\textures\texture.png,E:\CODING\GitHub\FoundationPose\data\pallet\assets\distractors\library\small\gso__Epson_273XL_Ink_Cartridge_Magenta\materials\textures\texture.png,True,e8b79872b48c15d65a8a6b52b526c7aed9c70b0a1b2c08a526edefba7eb2c6bb
texture.png.070,//..\..\..\distractors\library\small\gso__Fisher_price_Classic_Toys_Buzzy_Bee\materials\textures\texture.png,E:\CODING\GitHub\FoundationPose\data\pallet\assets\distractors\library\small\gso__Fisher_price_Classic_Toys_Buzzy_Bee\materials\textures\texture.png,True,a80e4459a8d40bec56df83064a25b498982ded0597bba0f9cc20b3aea332b57b
texture.png.071,//..\..\..\distractors\library\small\gso__Folic_Acid\materials\textures\texture.png,E:\CODING\GitHub\FoundationPose\data\pallet\assets\distractors\library\small\gso__Folic_Acid\materials\textures\texture.png,True,38665cc117115cd74dbf3274f015ab0b18904cbe7d252073e26347c0f40551cf
texture.png.072,//..\..\..\distractors\library\small\gso__Fresca_Peach_Citrus_Sparkling_Flavored_Soda_12_PK\materials\textures\texture.png,E:\CODING\GitHub\FoundationPose\data\pallet\assets\distractors\library\small\gso__Fresca_Peach_Citrus_Sparkling_Flavored_Soda_12_PK\materials\textures\texture.png,True,8028201680eb10f4700dcee94029aea439aa5aa0de32ec233cea2e259eafe4c8
texture.png.073,//..\..\..\distractors\library\small\gso__Frozen_Scrabble_Jr\materials\textures\texture.png,E:\CODING\GitHub\FoundationPose\data\pallet\assets\distractors\library\small\gso__Frozen_Scrabble_Jr\materials\textures\texture.png,True,7f47079e7643a36d20ceb5a541d060ec963568087c21a279daa2af4969863858
texture.png.074,//..\..\..\distractors\library\small\gso__Gigabyte_GA78LMTUSB3_50_Motherboard_Micro_ATX_Socket_AM3\materials\textures\texture.png,E:\CODING\GitHub\FoundationPose\data\pallet\assets\distractors\library\small\gso__Gigabyte_GA78LMTUSB3_50_Motherboard_Micro_ATX_Socket_AM3\materials\textures\texture.png,True,5612ff6965d2f5f4e3c2671e0726ab5d94782ef8553a0c6579dae6fed83baf2c
texture.png.075,//..\..\..\distractors\library\small\gso__Google_Cardboard_Original_package\materials\textures\texture.png,E:\CODING\GitHub\FoundationPose\data\pallet\assets\distractors\library\small\gso__Google_Cardboard_Original_package\materials\textures\texture.png,True,77d9847ae7982853000cc824627cab53594fe1e106c2a86be4ade9a47640092f
texture.png.076,//..\..\..\distractors\library\small\gso__Hasbro_Trivial_Pursuit_Family_Edition_Game\materials\textures\texture.png,E:\CODING\GitHub\FoundationPose\data\pallet\assets\distractors\library\small\gso__Hasbro_Trivial_Pursuit_Family_Edition_Game\materials\textures\texture.png,True,1f8b23e13a39cd2735a5670e75ce805eadd4b027fd8d8bd38a88d14ea287e295
texture.png.077,//..\..\..\distractors\library\small\gso__HeavyDuty_Flashlight\materials\textures\texture.png,E:\CODING\GitHub\FoundationPose\data\pallet\assets\distractors\library\small\gso__HeavyDuty_Flashlight\materials\textures\texture.png,True,63e85d37f4ac01e7df18c554997fe951510d0f5f06711db42b3e0c3588eee33a
texture.png.078,//..\..\..\distractors\library\small\gso__House_of_Cards_The_Complete_First_Season_4_Discs_DVD\materials\textures\texture.png,E:\CODING\GitHub\FoundationPose\data\pallet\assets\distractors\library\small\gso__House_of_Cards_The_Complete_First_Season_4_Discs_DVD\materials\textures\texture.png,True,52e950ad2d5189181fbade96c8c5d79ab79ec380e0fa4024b01ba633e6fd2f32
texture.png.079,//..\..\..\distractors\library\small\gso__Hyaluronic_Acid\materials\textures\texture.png,E:\CODING\GitHub\FoundationPose\data\pallet\assets\distractors\library\small\gso__Hyaluronic_Acid\materials\textures\texture.png,True,8b559a1383ee8e77e88d166094b9f402d39638a98505088e572ce5121d0a780e
texture.png.080,//..\..\..\distractors\library\small\gso__HyperX_Cloud_II_Headset_Red\materials\textures\texture.png,E:\CODING\GitHub\FoundationPose\data\pallet\assets\distractors\library\small\gso__HyperX_Cloud_II_Headset_Red\materials\textures\texture.png,True,e7956cea4242f90dc0d04d18303752614662f484b91356ffee8c0fcd1e4eb0cd
texture.png.081,//..\..\..\distractors\library\small\gso__JBL_Charge_Speaker_portable_wireless_wired_Green\materials\textures\texture.png,E:\CODING\GitHub\FoundationPose\data\pallet\assets\distractors\library\small\gso__JBL_Charge_Speaker_portable_wireless_wired_Green\materials\textures\texture.png,True,8fc01bc261a2f1599221ddff73ee22f47ff0518cb224ce35231a9127af1c04a5
texture.png.082,//..\..\..\distractors\library\small\gso__Justified_The_Complete_Fourth_Season_3_Discs_DVD\materials\textures\texture.png,E:\CODING\GitHub\FoundationPose\data\pallet\assets\distractors\library\small\gso__Justified_The_Complete_Fourth_Season_3_Discs_DVD\materials\textures\texture.png,True,d0b2918e19703b79597070f667cb7e602faab56bff9d6e26bee2d5f796e3e4ab
texture.png.083,//..\..\..\distractors\library\small\gso__Kanex_MultiSync_Wireless_Keyboard\materials\textures\texture.png,E:\CODING\GitHub\FoundationPose\data\pallet\assets\distractors\library\small\gso__Kanex_MultiSync_Wireless_Keyboard\materials\textures\texture.png,True,f01ed0737861fc0b14171018e594d9c59f97b296c32ea0ef202ce14308d045e4
texture.png.084,//..\..\..\distractors\library\small\gso__LEGO_Bricks_More_Creative_Suitcase\materials\textures\texture.png,E:\CODING\GitHub\FoundationPose\data\pallet\assets\distractors\library\small\gso__LEGO_Bricks_More_Creative_Suitcase\materials\textures\texture.png,True,761fbbbfb63d4f1aef96e7a8c5ee9c48368a72dd1b893cc7247a423548f72d88
texture.png.085,//..\..\..\distractors\library\small\gso__LEGO_City_Advent_Calendar\materials\textures\texture.png,E:\CODING\GitHub\FoundationPose\data\pallet\assets\distractors\library\small\gso__LEGO_City_Advent_Calendar\materials\textures\texture.png,True,8d712e8daec57a7ccf0028bfcbf0c0ac0abd699f1fb16267f4dc9c072ac0db44
texture.png.086,//..\..\..\distractors\library\small\gso__LEGO_Duplo_Build_and_Play_Box_4629\materials\textures\texture.png,E:\CODING\GitHub\FoundationPose\data\pallet\assets\distractors\library\small\gso__LEGO_Duplo_Build_and_Play_Box_4629\materials\textures\texture.png,True,63f838f12b8dc88181feb916ed352ea98ccc110031ab242bf7bd00a57865661e
texture.png.087,//..\..\..\distractors\library\small\gso__LEGO_Star_Wars_Advent_Calendar\materials\textures\texture.png,E:\CODING\GitHub\FoundationPose\data\pallet\assets\distractors\library\small\gso__LEGO_Star_Wars_Advent_Calendar\materials\textures\texture.png,True,1b7b66ac6b2805102d11a1ee2b0e53544b2a5d21d318ba9fc46b97ef3bf8cef4
texture.png.088,//..\..\..\distractors\library\small\gso__Little_Debbie_Chocolate_Cupcakes_8_ct\materials\textures\texture.png,E:\CODING\GitHub\FoundationPose\data\pallet\assets\distractors\library\small\gso__Little_Debbie_Chocolate_Cupcakes_8_ct\materials\textures\texture.png,True,7c3067f4f02216962fbc3711b1258a779d0f4d29e1b2801d4a39ca2f47aff66d
texture.png.089,//..\..\..\distractors\library\small\gso__Little_Debbie_Cloud_Cakes_10_ct\materials\textures\texture.png,E:\CODING\GitHub\FoundationPose\data\pallet\assets\distractors\library\small\gso__Little_Debbie_Cloud_Cakes_10_ct\materials\textures\texture.png,True,324076d46be2849550b247d0915e2e0a8090ccfe1f8d3db914356046e2e88498
texture.png.090,//..\..\..\distractors\library\small\gso__Little_Debbie_Donut_Sticks_6_cake_donuts_10_oz_total\materials\textures\texture.png,E:\CODING\GitHub\FoundationPose\data\pallet\assets\distractors\library\small\gso__Little_Debbie_Donut_Sticks_6_cake_donuts_10_oz_total\materials\textures\texture.png,True,54b3442be2828816b4cd73c3ebd63c089ae7ccfd19055b56f8c89cdb2e03333b
texture.png.091,//..\..\..\distractors\library\small\gso__Mario_Party_9_Wii_Game\materials\textures\texture.png,E:\CODING\GitHub\FoundationPose\data\pallet\assets\distractors\library\small\gso__Mario_Party_9_Wii_Game\materials\textures\texture.png,True,f8d694157f91efbf8349bb8cbe52a869d81b56ff7183d8ba475b2cf74143ec8d
texture.png.092,//..\..\..\distractors\library\small\gso__Markings_Letter_Holder\materials\textures\texture.png,E:\CODING\GitHub\FoundationPose\data\pallet\assets\distractors\library\small\gso__Markings_Letter_Holder\materials\textures\texture.png,True,c87c8afbbc0a0a9f7a53c1e3a263d34c627f978dc8feddda8a684a021cf42a6f
texture.png.093,//..\..\..\distractors\library\small\gso__Mastic_Gum\materials\textures\texture.png,E:\CODING\GitHub\FoundationPose\data\pallet\assets\distractors\library\small\gso__Mastic_Gum\materials\textures\texture.png,True,f72689b1425133092fe0f30989e7f2535b11ce860b42fd0cf3d8f99cedb8ec74
texture.png.094,//..\..\..\distractors\library\small\gso__My_Monopoly_Board_Game\materials\textures\texture.png,E:\CODING\GitHub\FoundationPose\data\pallet\assets\distractors\library\small\gso__My_Monopoly_Board_Game\materials\textures\texture.png,True,db7061c74c6f425b7ce8614a369ee1ca25cd3ca4ec28f7c9b36bf8c1787b4dd7
texture.png.095,//..\..\..\distractors\library\small\gso__Nestle_Carnation_Cinnamon_Coffeecake_Kit_1913OZ\materials\textures\texture.png,E:\CODING\GitHub\FoundationPose\data\pallet\assets\distractors\library\small\gso__Nestle_Carnation_Cinnamon_Coffeecake_Kit_1913OZ\materials\textures\texture.png,True,00c81ea880e86bca30f9b47a81d0098c0bcf399ec7caa545fb126e686623dbdf
texture.png.096,//..\..\..\distractors\library\small\gso__Netgear_N750_Wireless_Dual_Band_Gigabit_Router\materials\textures\texture.png,E:\CODING\GitHub\FoundationPose\data\pallet\assets\distractors\library\small\gso__Netgear_N750_Wireless_Dual_Band_Gigabit_Router\materials\textures\texture.png,True,5c3bc9e55bc8fda122a93f6caad8f9fda58a1c0d4132eeb145a41533b3878ffa
texture.png.097,//..\..\..\distractors\library\small\gso__New_Super_Mario_BrosWii_Wii_Game\materials\textures\texture.png,E:\CODING\GitHub\FoundationPose\data\pallet\assets\distractors\library\small\gso__New_Super_Mario_BrosWii_Wii_Game\materials\textures\texture.png,True,38c5b7434473761c87da450aee1c25c61192d2f109a39e7aff366d3ccc0aa41f
texture.png.098,//..\..\..\distractors\library\small\gso__Nikon_1_AW1_w11275mm_Lens_Silver\materials\textures\texture.png,E:\CODING\GitHub\FoundationPose\data\pallet\assets\distractors\library\small\gso__Nikon_1_AW1_w11275mm_Lens_Silver\materials\textures\texture.png,True,6203baeb6c8475340e7a9d0f187920a3a72702a8b7fff44ee7498c8c2eb27154
texture.png.099,//..\..\..\distractors\library\small\gso__Nintendo_Wii_Party_U_with_Controller_Wii_U_Game\materials\textures\texture.png,E:\CODING\GitHub\FoundationPose\data\pallet\assets\distractors\library\small\gso__Nintendo_Wii_Party_U_with_Controller_Wii_U_Game\materials\textures\texture.png,True,a54caedb7ec3b9f7a25753c8755207cc054d63ea2846460b5833199fbdbdedea
texture.png.100,//..\..\..\distractors\library\small\gso__Office_Depot_Canon_CLI_221BK_Ink_Cartridge_Black_2946B001\materials\textures\texture.png,E:\CODING\GitHub\FoundationPose\data\pallet\assets\distractors\library\small\gso__Office_Depot_Canon_CLI_221BK_Ink_Cartridge_Black_2946B001\materials\textures\texture.png,True,ca776c9a9a01618d894b65ef77b60c8d2d6343d60e3b788b7bd944301d71d801
texture.png.101,//..\..\..\distractors\library\small\gso__Office_Depot_HP_564XL_Ink_Cartridge_Black_CN684WN\materials\textures\texture.png,E:\CODING\GitHub\FoundationPose\data\pallet\assets\distractors\library\small\gso__Office_Depot_HP_564XL_Ink_Cartridge_Black_CN684WN\materials\textures\texture.png,True,c456b76a5ce9115e118f941f4af0999954d9616582beea4421051253ac56c3d7
texture.png.102,//..\..\..\distractors\library\small\gso__Organic_Whey_Protein_Unflavored\materials\textures\texture.png,E:\CODING\GitHub\FoundationPose\data\pallet\assets\distractors\library\small\gso__Organic_Whey_Protein_Unflavored\materials\textures\texture.png,True,c8716fe080122b1d2e5e773f0953afc263d8caf52216fdcf86984b6d59ffd386
texture.png.103,//..\..\..\distractors\library\small\gso__OXO_Soft_Works_Can_Opener_SnapLock\materials\textures\texture.png,E:\CODING\GitHub\FoundationPose\data\pallet\assets\distractors\library\small\gso__OXO_Soft_Works_Can_Opener_SnapLock\materials\textures\texture.png,True,ac19a07d7f1d24ca456f0ccf3cb32efeb760c953a44383a6c5361271f1de34e5
texture.png.104,//..\..\..\distractors\library\small\gso__Pass_The_Popcorn_Movie_Guessing_Game\materials\textures\texture.png,E:\CODING\GitHub\FoundationPose\data\pallet\assets\distractors\library\small\gso__Pass_The_Popcorn_Movie_Guessing_Game\materials\textures\texture.png,True,29f88e13f73ecb09f1ea2232c1186b508d4e2dba93ea257db0cb373dfc6ab2dc
texture.png.105,//..\..\..\distractors\library\small\gso__Pepsi_Caffeine_Free_Diet_12_CT\materials\textures\texture.png,E:\CODING\GitHub\FoundationPose\data\pallet\assets\distractors\library\small\gso__Pepsi_Caffeine_Free_Diet_12_CT\materials\textures\texture.png,True,f95638f8897019319b9cfeabc272278658d26dc2e14cf9f00c8066a94d6ee271
texture.png.106,//..\..\..\distractors\library\small\gso__Pony_C_Clamp_1440\materials\textures\texture.png,E:\CODING\GitHub\FoundationPose\data\pallet\assets\distractors\library\small\gso__Pony_C_Clamp_1440\materials\textures\texture.png,True,394ce475c8477f8dc2f28c90dbb0f2d90509b9b3d2afa5a3b7f8fb154151e2a5
texture.png.107,//..\..\..\distractors\library\small\gso__Poppin_File_Sorter_Blue\materials\textures\texture.png,E:\CODING\GitHub\FoundationPose\data\pallet\assets\distractors\library\small\gso__Poppin_File_Sorter_Blue\materials\textures\texture.png,True,419ecf225d8c390b1a2a956c57334e737576f4d85578abfcbfec88e244a470f9
texture.png.108,//..\..\..\distractors\library\small\gso__Poppin_File_Sorter_White\materials\textures\texture.png,E:\CODING\GitHub\FoundationPose\data\pallet\assets\distractors\library\small\gso__Poppin_File_Sorter_White\materials\textures\texture.png,True,b3ea0934beb1e8a6590f6fbb622777537466c50c99dbeafed33d1cfd8738cfcf
texture.png.109,//..\..\..\distractors\library\small\gso__Quercetin_500\materials\textures\texture.png,E:\CODING\GitHub\FoundationPose\data\pallet\assets\distractors\library\small\gso__Quercetin_500\materials\textures\texture.png,True,03932cdfb45b3108fba5b8bcb5b5cfb454bd6bca3646209a9278f919c55bb96a
texture.png.110,//..\..\..\distractors\library\small\gso__Razer_Abyssus_Ambidextrous_Gaming_Mouse\materials\textures\texture.png,E:\CODING\GitHub\FoundationPose\data\pallet\assets\distractors\library\small\gso__Razer_Abyssus_Ambidextrous_Gaming_Mouse\materials\textures\texture.png,True,853127af6c90e2ad2a697de816272938802cd5b30466c5689d16214d06fc9faf
texture.png.111,//..\..\..\distractors\library\small\gso__Razer_Kraken_Pro_headset_Full_size_Black\materials\textures\texture.png,E:\CODING\GitHub\FoundationPose\data\pallet\assets\distractors\library\small\gso__Razer_Kraken_Pro_headset_Full_size_Black\materials\textures\texture.png,True,c5ddeaa93d198c6f62cf65f7ea5d179c3c9048e4813858825b56f84dc03d83ca
texture.png.112,//..\..\..\distractors\library\small\gso__Razer_Taipan_Black_Ambidextrous_Gaming_Mouse\materials\textures\texture.png,E:\CODING\GitHub\FoundationPose\data\pallet\assets\distractors\library\small\gso__Razer_Taipan_Black_Ambidextrous_Gaming_Mouse\materials\textures\texture.png,True,b7064a1ae486073500684b657767fa355e588c026ec729fe5f27e6c619f7dd49
texture.png.113,//..\..\..\distractors\library\small\gso__ReadytoUse_Rolled_Fondant_Pure_White_24_oz_box\materials\textures\texture.png,E:\CODING\GitHub\FoundationPose\data\pallet\assets\distractors\library\small\gso__ReadytoUse_Rolled_Fondant_Pure_White_24_oz_box\materials\textures\texture.png,True,d56cb285b1aef4df9783aff1597b02c388823214131d92604016c3b4c211c514
texture.png.114,//..\..\..\distractors\library\small\gso__Rexy_Glove_Heavy_Duty_Large\materials\textures\texture.png,E:\CODING\GitHub\FoundationPose\data\pallet\assets\distractors\library\small\gso__Rexy_Glove_Heavy_Duty_Large\materials\textures\texture.png,True,ae720fc106a325860618b56892833796b2ec56d21930aef4a6b8b3a67eba98d2
texture.png.115,//..\..\..\distractors\library\small\gso__Samsung_CLTC406S_Toner_Cartridge_Cyan_1pack\materials\textures\texture.png,E:\CODING\GitHub\FoundationPose\data\pallet\assets\distractors\library\small\gso__Samsung_CLTC406S_Toner_Cartridge_Cyan_1pack\materials\textures\texture.png,True,d3b92487378f100ab9a73e0aca2ce4416991ad15b5280350ccce3bdb6badfaf6
texture.png.116,//..\..\..\distractors\library\small\gso__Seagate_1TB_Backup_Plus_portable_drive_Blue\materials\textures\texture.png,E:\CODING\GitHub\FoundationPose\data\pallet\assets\distractors\library\small\gso__Seagate_1TB_Backup_Plus_portable_drive_Blue\materials\textures\texture.png,True,5b20c261a9a639a5eb4a92043d21061cdc74427d81de60ea6178dced06ad7001
texture.png.117,//..\..\..\distractors\library\small\gso__Shurtape_Gaffers_Tape_Silver_2_x_60_yd\materials\textures\texture.png,E:\CODING\GitHub\FoundationPose\data\pallet\assets\distractors\library\small\gso__Shurtape_Gaffers_Tape_Silver_2_x_60_yd\materials\textures\texture.png,True,0202c7b605ba460d48a10d8a969f28295917a6779b4c23d9e05cd972a74c933c
texture.png.118,//..\..\..\distractors\library\small\gso__Sonny_School_Bus\materials\textures\texture.png,E:\CODING\GitHub\FoundationPose\data\pallet\assets\distractors\library\small\gso__Sonny_School_Bus\materials\textures\texture.png,True,119191543e6dba141e2ef22edb3560350913c3d416b36655a51e8d3a3b233d84
texture.png.119,//..\..\..\distractors\library\small\gso__Sorry_Sliders_Board_Game\materials\textures\texture.png,E:\CODING\GitHub\FoundationPose\data\pallet\assets\distractors\library\small\gso__Sorry_Sliders_Board_Game\materials\textures\texture.png,True,523eeea2e5343704fdcb04eacd3b2338a0db05f95d41b2e93324ee1bedb84e1c
texture.png.120,//..\..\..\distractors\library\small\gso__Super_Mario_3D_World_Wii_U_Game\materials\textures\texture.png,E:\CODING\GitHub\FoundationPose\data\pallet\assets\distractors\library\small\gso__Super_Mario_3D_World_Wii_U_Game\materials\textures\texture.png,True,136de929a563c0de5bf8962ba9c5cfd04343faceded35a4e71f885e718e66b86
texture.png.121,//..\..\..\distractors\library\small\gso__Supernatural_Ouija_Board_Game\materials\textures\texture.png,E:\CODING\GitHub\FoundationPose\data\pallet\assets\distractors\library\small\gso__Supernatural_Ouija_Board_Game\materials\textures\texture.png,True,97dd32a7f9e30312676da9ce75a5c6b94ec39f214170dc63ca69f318b31eb43f
texture.png.122,//..\..\..\distractors\library\small\gso__Swiss_Miss_Hot_Cocoa_KCups_Milk_Chocolate_12_count\materials\textures\texture.png,E:\CODING\GitHub\FoundationPose\data\pallet\assets\distractors\library\small\gso__Swiss_Miss_Hot_Cocoa_KCups_Milk_Chocolate_12_count\materials\textures\texture.png,True,203341082f6bb2eb5d2817358d2c2fb9f5a238e0b6e1194c79e5aae96af1790c
texture.png.123,//..\..\..\distractors\library\small\gso__Tetris_Link_Game\materials\textures\texture.png,E:\CODING\GitHub\FoundationPose\data\pallet\assets\distractors\library\small\gso__Tetris_Link_Game\materials\textures\texture.png,True,f9215eb8d65e6d00fa6d2ef42a79efdc095dff439840553a45c418e11f016366
texture.png.124,//..\..\..\distractors\library\small\gso__Twinlab_100_Whey_Protein_Fuel_Vanilla\materials\textures\texture.png,E:\CODING\GitHub\FoundationPose\data\pallet\assets\distractors\library\small\gso__Twinlab_100_Whey_Protein_Fuel_Vanilla\materials\textures\texture.png,True,3ba650ff42d87fb6f2575ca06a42681bc2397d414d81d8485e3e482c1cee20b6
texture.png.125,//..\..\..\distractors\library\small\gso__Victor_Reversible_Bookend\materials\textures\texture.png,E:\CODING\GitHub\FoundationPose\data\pallet\assets\distractors\library\small\gso__Victor_Reversible_Bookend\materials\textures\texture.png,True,71ccf020a97b92dc07e6d85e2d6c6b893b7e8066c59399e31caeaf58d8dfa97b
texture.png.126,//..\..\..\distractors\library\small\gso__Winning_Moves_1180_Aggravation_Board_Game\materials\textures\texture.png,E:\CODING\GitHub\FoundationPose\data\pallet\assets\distractors\library\small\gso__Winning_Moves_1180_Aggravation_Board_Game\materials\textures\texture.png,True,3f555481654e11f4cb5412308dbf0c0eb238f2617d7a2f502f68571da3416750
texture.png.127,//..\..\..\distractors\library\small\gso__Xyli_Pure_Xylitol\materials\textures\texture.png,E:\CODING\GitHub\FoundationPose\data\pallet\assets\distractors\library\small\gso__Xyli_Pure_Xylitol\materials\textures\texture.png,True,286e23a29218633f18ce0d4a837340ecacb685439ff139d615885cfbb3b1f78a
tool_cart_diff,//..\..\..\distractors\library\medium\ph__tool_cart\textures\tool_cart_diff_1k.jpg,E:\CODING\GitHub\FoundationPose\data\pallet\assets\distractors\library\medium\ph__tool_cart\textures\tool_cart_diff_1k.jpg,True,3a3e18efa54d18f2d01ad51cb40f8edd9af76e054a6a9c21324bc14fe49be965
tool_cart_metal-tool_cart_rough,//..\..\..\distractors\library\medium\ph__tool_cart\textures\tool_cart_arm_1k.jpg,E:\CODING\GitHub\FoundationPose\data\pallet\assets\distractors\library\medium\ph__tool_cart\textures\tool_cart_arm_1k.jpg,True,2b928779ab242468c90e6074ab72567bc58ecf3e0240fd709e4507b59764aef7
tool_cart_nor_gl,//..\..\..\distractors\library\medium\ph__tool_cart\textures\tool_cart_nor_gl_1k.jpg,E:\CODING\GitHub\FoundationPose\data\pallet\assets\distractors\library\medium\ph__tool_cart\textures\tool_cart_nor_gl_1k.jpg,True,fa995e77eacad81c78f650e28a6d4c1c7b9d6c74a3f314d5f5ebdddf6de510fc
utility_box_01_diff,//..\..\..\distractors\library\road\ph__utility_box_01\textures\utility_box_01_diff_1k.jpg,E:\CODING\GitHub\FoundationPose\data\pallet\assets\distractors\library\road\ph__utility_box_01\textures\utility_box_01_diff_1k.jpg,True,6a703a4cdf20c3fc3d0400fa815e5a1834836c96c207bdb57ba9e4a5db3a5532
utility_box_01_metal-utility_box_01_rough,//..\..\..\distractors\library\road\ph__utility_box_01\textures\utility_box_01_arm_1k.jpg,E:\CODING\GitHub\FoundationPose\data\pallet\assets\distractors\library\road\ph__utility_box_01\textures\utility_box_01_arm_1k.jpg,True,e65428774e94b6a8aeb7a23802e0af8f1568952ea79e21a7a3475b957e34956b
utility_box_01_nor_gl,//..\..\..\distractors\library\road\ph__utility_box_01\textures\utility_box_01_nor_gl_1k.jpg,E:\CODING\GitHub\FoundationPose\data\pallet\assets\distractors\library\road\ph__utility_box_01\textures\utility_box_01_nor_gl_1k.jpg,True,1c4e377906c13e864c9c7ffbd31a7d86075f28b948bf54872d6ad3ab38a08124
watering_can_metal_01_diff,//..\..\..\distractors\library\indoor\ph__watering_can_metal_01\textures\watering_can_metal_01_diff_1k.jpg,E:\CODING\GitHub\FoundationPose\data\pallet\assets\distractors\library\indoor\ph__watering_can_metal_01\textures\watering_can_metal_01_diff_1k.jpg,True,e684096ed02bf20dbe46875185aeef02bbc50d31730badfe5853a36ccc5ee2fe
watering_can_metal_01_metal-watering_can_metal_01_rough,//..\..\..\distractors\library\indoor\ph__watering_can_metal_01\textures\watering_can_metal_01_arm_1k.jpg,E:\CODING\GitHub\FoundationPose\data\pallet\assets\distractors\library\indoor\ph__watering_can_metal_01\textures\watering_can_metal_01_arm_1k.jpg,True,966f78fca72dd7ae358c3199f6f7734830a7b09c782673e3e4bdfd0ce2d16689
watering_can_metal_01_nor_gl,//..\..\..\distractors\library\indoor\ph__watering_can_metal_01\textures\watering_can_metal_01_nor_gl_1k.jpg,E:\CODING\GitHub\FoundationPose\data\pallet\assets\distractors\library\indoor\ph__watering_can_metal_01\textures\watering_can_metal_01_nor_gl_1k.jpg,True,13aaedd908aba518ab28d3401881529c9d2ee656459a110f5619b9aad2e86be7
wicker_basket_01_diff,//..\..\..\distractors\library\small\ph__wicker_basket_01\textures\wicker_basket_01_diff_1k.jpg,E:\CODING\GitHub\FoundationPose\data\pallet\assets\distractors\library\small\ph__wicker_basket_01\textures\wicker_basket_01_diff_1k.jpg,True,15156c7855d5642f6bb594edfad5bcdcfe11f87f3e109956cb9e8fdb15fef921
wicker_basket_01_nor_gl,//..\..\..\distractors\library\small\ph__wicker_basket_01\textures\wicker_basket_01_nor_gl_1k.jpg,E:\CODING\GitHub\FoundationPose\data\pallet\assets\distractors\library\small\ph__wicker_basket_01\textures\wicker_basket_01_nor_gl_1k.jpg,True,d06024a37ef330d05bf128b8488f72769af05e72d266ffbc810d7f09ea2b32f9
wicker_basket_01_rough,//..\..\..\distractors\library\small\ph__wicker_basket_01\textures\wicker_basket_01_arm_1k.jpg,E:\CODING\GitHub\FoundationPose\data\pallet\assets\distractors\library\small\ph__wicker_basket_01\textures\wicker_basket_01_arm_1k.jpg,True,5150638cbcd8f1bc07b76af3b60b31a4c5e7d38ce66ac8906b9c3192f3283b9a
wine_barrel_01_diff,//..\..\..\distractors\library\large\ph__wine_barrel_01\textures\wine_barrel_01_diff_1k.jpg,E:\CODING\GitHub\FoundationPose\data\pallet\assets\distractors\library\large\ph__wine_barrel_01\textures\wine_barrel_01_diff_1k.jpg,True,6bea25b4fadda0636b6b7e46e0cc15153eda21ef62c823d5ee2e06a5a7589214
wine_barrel_01_metal-wine_barrel_01_rough,//..\..\..\distractors\library\large\ph__wine_barrel_01\textures\wine_barrel_01_arm_1k.jpg,E:\CODING\GitHub\FoundationPose\data\pallet\assets\distractors\library\large\ph__wine_barrel_01\textures\wine_barrel_01_arm_1k.jpg,True,be658e1389dbe8669e847b8fc7df8affdce46d6582f01ac701555b6446a40b9d
wine_barrel_01_nor_gl,//..\..\..\distractors\library\large\ph__wine_barrel_01\textures\wine_barrel_01_nor_gl_1k.jpg,E:\CODING\GitHub\FoundationPose\data\pallet\assets\distractors\library\large\ph__wine_barrel_01\textures\wine_barrel_01_nor_gl_1k.jpg,True,86cdb0729b44d1687c75d895e6d0ef650f7580d70f3bcb52bce6fedc5fd79b6f
wine_bottles_01_diff,//..\..\..\distractors\library\small\ph__wine_bottles_01\textures\wine_bottles_01_diff_1k.jpg,E:\CODING\GitHub\FoundationPose\data\pallet\assets\distractors\library\small\ph__wine_bottles_01\textures\wine_bottles_01_diff_1k.jpg,True,f440b6364c87eb440c9ca201759cfdaf2735e3147488eadc24be334f1e457a09
wine_bottles_01_label_clearwater_crystals_01_diff-wine_bottles_01_label_clearwater_crystals_01_alpha,//..\..\..\distractors\library\small\ph__wine_bottles_01\textures\wine_bottles_01_label_clearwater_crystals_01_diff_1k.jpg,E:\CODING\GitHub\FoundationPose\data\pallet\assets\distractors\library\small\ph__wine_bottles_01\textures\wine_bottles_01_label_clearwater_crystals_01_diff_1k.jpg,True,fca5e598c73d877c636e3c28345254fb9f6320e765fdd0b923fdb4ead5769ccf
wine_bottles_01_label_clearwater_crystals_01_rough,//..\..\..\distractors\library\small\ph__wine_bottles_01\textures\wine_bottles_01_label_clearwater_crystals_01_arm_1k.jpg,E:\CODING\GitHub\FoundationPose\data\pallet\assets\distractors\library\small\ph__wine_bottles_01\textures\wine_bottles_01_label_clearwater_crystals_01_arm_1k.jpg,True,67041443fc09702bc93c9481d1492aeaad659cdb9a5a5dab478a86f41017e83c
wine_bottles_01_label_ftero_vinea_01_diff,//..\..\..\distractors\library\small\ph__wine_bottles_01\textures\wine_bottles_01_label_ftero_vinea_01_diff_1k.jpg,E:\CODING\GitHub\FoundationPose\data\pallet\assets\distractors\library\small\ph__wine_bottles_01\textures\wine_bottles_01_label_ftero_vinea_01_diff_1k.jpg,True,3d1f02a201c8d573b155b2ea2265b31bf1d532e4c9a7baf2dfe54e2633e5e9c0
wine_bottles_01_label_ftero_vinea_01_rough,//..\..\..\distractors\library\small\ph__wine_bottles_01\textures\wine_bottles_01_label_ftero_vinea_01_arm_1k.jpg,E:\CODING\GitHub\FoundationPose\data\pallet\assets\distractors\library\small\ph__wine_bottles_01\textures\wine_bottles_01_label_ftero_vinea_01_arm_1k.jpg,True,5808aed6b27b1812bbead8c6d733d412c1ed56adf587770dedf5f5e9d2e5310f
wine_bottles_01_label_ftero_vinea_02_diff-wine_bottles_01_label_ftero_vinea_02_alpha,//..\..\..\distractors\library\small\ph__wine_bottles_01\textures\wine_bottles_01_label_ftero_vinea_02_diff_1k.jpg,E:\CODING\GitHub\FoundationPose\data\pallet\assets\distractors\library\small\ph__wine_bottles_01\textures\wine_bottles_01_label_ftero_vinea_02_diff_1k.jpg,True,5a35e83b08e3be62ae42773727d94d5c41da3df55b79fd7e53fca3fadc382a17
wine_bottles_01_label_ftero_vinea_02_rough,//..\..\..\distractors\library\small\ph__wine_bottles_01\textures\wine_bottles_01_label_ftero_vinea_02_arm_1k.jpg,E:\CODING\GitHub\FoundationPose\data\pallet\assets\distractors\library\small\ph__wine_bottles_01\textures\wine_bottles_01_label_ftero_vinea_02_arm_1k.jpg,True,c07bcbd4cde7bf713b0512d52345b949c4684ec0735c5798ac79a0fb4719b92c
wine_bottles_01_label_intertwine_01_diff-wine_bottles_01_label_intertwine_01_alpha,//..\..\..\distractors\library\small\ph__wine_bottles_01\textures\wine_bottles_01_label_intertwine_01_diff_1k.jpg,E:\CODING\GitHub\FoundationPose\data\pallet\assets\distractors\library\small\ph__wine_bottles_01\textures\wine_bottles_01_label_intertwine_01_diff_1k.jpg,True,e5571a24e0f025361dfeecd7a09f4c3ee9be36dadf817177ee75919078002513
wine_bottles_01_label_intertwine_01_rough,//..\..\..\distractors\library\small\ph__wine_bottles_01\textures\wine_bottles_01_label_intertwine_01_arm_1k.jpg,E:\CODING\GitHub\FoundationPose\data\pallet\assets\distractors\library\small\ph__wine_bottles_01\textures\wine_bottles_01_label_intertwine_01_arm_1k.jpg,True,712d20fa4caabdf830e454ddc240643319700843e3bda349ae0c3c98dccbd582
wine_bottles_01_metal-wine_bottles_01_rough,//..\..\..\distractors\library\small\ph__wine_bottles_01\textures\wine_bottles_01_arm_1k.jpg,E:\CODING\GitHub\FoundationPose\data\pallet\assets\distractors\library\small\ph__wine_bottles_01\textures\wine_bottles_01_arm_1k.jpg,True,c3deadf0db4c9c98ad39f389e95fe2b09d8df0e3abb95a47f01478f31fd261a9
wine_bottles_01_nor_gl,//..\..\..\distractors\library\small\ph__wine_bottles_01\textures\wine_bottles_01_nor_gl_1k.jpg,E:\CODING\GitHub\FoundationPose\data\pallet\assets\distractors\library\small\ph__wine_bottles_01\textures\wine_bottles_01_nor_gl_1k.jpg,True,ed92387b827b7aebf4602e655c8e9cbaf53bbed24b7228106b04b3456e2d779c
wine_bottles_01_paper_nor_gl,//..\..\..\distractors\library\small\ph__wine_bottles_01\textures\wine_bottles_01_paper_nor_gl_1k.jpg,E:\CODING\GitHub\FoundationPose\data\pallet\assets\distractors\library\small\ph__wine_bottles_01\textures\wine_bottles_01_paper_nor_gl_1k.jpg,True,b05b6f021b942032d45f23e46066da715c4f9624acea7d8db77928a90076a049
wooden_bookshelf_worn_diff,//..\..\..\distractors\library\indoor\ph__wooden_bookshelf_worn\textures\wooden_bookshelf_worn_diff_1k.jpg,E:\CODING\GitHub\FoundationPose\data\pallet\assets\distractors\library\indoor\ph__wooden_bookshelf_worn\textures\wooden_bookshelf_worn_diff_1k.jpg,True,970f60178decadd0d8fb1e5872f718350a49b027fd69469210c41ead350cba56
wooden_bookshelf_worn_metal-wooden_bookshelf_worn_rough,//..\..\..\distractors\library\indoor\ph__wooden_bookshelf_worn\textures\wooden_bookshelf_worn_arm_1k.jpg,E:\CODING\GitHub\FoundationPose\data\pallet\assets\distractors\library\indoor\ph__wooden_bookshelf_worn\textures\wooden_bookshelf_worn_arm_1k.jpg,True,41b3aca38fb55cb300d971016a597c80425da3744a6d33d82fe78f9dbe609eaa
wooden_bookshelf_worn_nor_gl,//..\..\..\distractors\library\indoor\ph__wooden_bookshelf_worn\textures\wooden_bookshelf_worn_nor_gl_1k.jpg,E:\CODING\GitHub\FoundationPose\data\pallet\assets\distractors\library\indoor\ph__wooden_bookshelf_worn\textures\wooden_bookshelf_worn_nor_gl_1k.jpg,True,90ffb1b3f7bb638d5a7e1a2b244a260d623e314a6010a6b8c23c57203e510ac9
wooden_broom_bristles_diff-wooden_broom_bristles_alpha,//..\..\..\distractors\library\indoor\ph__wooden_broom\textures\wooden_broom_bristles_diff_1k.jpg,E:\CODING\GitHub\FoundationPose\data\pallet\assets\distractors\library\indoor\ph__wooden_broom\textures\wooden_broom_bristles_diff_1k.jpg,True,deebfae62affe0007c73bc57b5afcd216d920ec69c2f67d8399a5aab6a9088a8
wooden_broom_diff,//..\..\..\distractors\library\indoor\ph__wooden_broom\textures\wooden_broom_diff_1k.jpg,E:\CODING\GitHub\FoundationPose\data\pallet\assets\distractors\library\indoor\ph__wooden_broom\textures\wooden_broom_diff_1k.jpg,True,525f5ba0cb4669b4e0c9d1ea0ca45471bcc28d3e061e0e1e5ab72a3c0c8edb81
wooden_broom_metal-wooden_broom_rough,//..\..\..\distractors\library\indoor\ph__wooden_broom\textures\wooden_broom_arm_1k.jpg,E:\CODING\GitHub\FoundationPose\data\pallet\assets\distractors\library\indoor\ph__wooden_broom\textures\wooden_broom_arm_1k.jpg,True,43692c6109afa9a3a694a4295c69051e21edcbe30d8750ba434cc1674bb9db0c
wooden_broom_nor_gl,//..\..\..\distractors\library\indoor\ph__wooden_broom\textures\wooden_broom_nor_gl_1k.jpg,E:\CODING\GitHub\FoundationPose\data\pallet\assets\distractors\library\indoor\ph__wooden_broom\textures\wooden_broom_nor_gl_1k.jpg,True,6ecda3297647a6b8b36b6a2d96240fa6c3ba973e4c795d307a5e8829e661b1be
wooden_crate_01_diff,//..\..\..\distractors\library\small\ph__wooden_crate_01\textures\wooden_crate_01_diff_1k.jpg,E:\CODING\GitHub\FoundationPose\data\pallet\assets\distractors\library\small\ph__wooden_crate_01\textures\wooden_crate_01_diff_1k.jpg,True,16653f4abaf4c1d9bca94bde3bd8c54d0ea9a5298d1648abcf57de1f7ecc34cc
wooden_crate_01_metal-wooden_crate_01_rough,//..\..\..\distractors\library\small\ph__wooden_crate_01\textures\wooden_crate_01_arm_1k.jpg,E:\CODING\GitHub\FoundationPose\data\pallet\assets\distractors\library\small\ph__wooden_crate_01\textures\wooden_crate_01_arm_1k.jpg,True,cd0b031c3924905e16ffd78ead062c2cc274148c4104d09635310097738b4679
wooden_crate_01_nor_gl,//..\..\..\distractors\library\small\ph__wooden_crate_01\textures\wooden_crate_01_nor_gl_1k.jpg,E:\CODING\GitHub\FoundationPose\data\pallet\assets\distractors\library\small\ph__wooden_crate_01\textures\wooden_crate_01_nor_gl_1k.jpg,True,f4ea44c7dc1686123d337039cb713d74e8a2dbc6d1bd2beeac276d06f5df3fab
wooden_ladder_diff,//..\..\..\distractors\library\large\ph__wooden_ladder\textures\wooden_ladder_diff_1k.jpg,E:\CODING\GitHub\FoundationPose\data\pallet\assets\distractors\library\large\ph__wooden_ladder\textures\wooden_ladder_diff_1k.jpg,True,c4219c7c0516099c04a1620e74967d358e70438dda042eb99a18cf8471462cfb
wooden_ladder_metal-wooden_ladder_rough,//..\..\..\distractors\library\large\ph__wooden_ladder\textures\wooden_ladder_arm_1k.jpg,E:\CODING\GitHub\FoundationPose\data\pallet\assets\distractors\library\large\ph__wooden_ladder\textures\wooden_ladder_arm_1k.jpg,True,ed5fc0f9b1f053dbb43adbfb1e8db0429c42f01af49da117499a44f743db5a91
wooden_ladder_nor_gl,//..\..\..\distractors\library\large\ph__wooden_ladder\textures\wooden_ladder_nor_gl_1k.jpg,E:\CODING\GitHub\FoundationPose\data\pallet\assets\distractors\library\large\ph__wooden_ladder\textures\wooden_ladder_nor_gl_1k.jpg,True,4539a49d3834e423b0940d1f04c06704acb56025c5fda24a5451ea7120efac50
worn_metal_rack_diff,//..\..\..\distractors\library\large\ph__worn_metal_rack\textures\worn_metal_rack_diff_1k.jpg,E:\CODING\GitHub\FoundationPose\data\pallet\assets\distractors\library\large\ph__worn_metal_rack\textures\worn_metal_rack_diff_1k.jpg,True,295c2d48ad55289fed76b7438513520cadd94516639ab8ffd8790ffe7c903dbb
worn_metal_rack_metal-worn_metal_rack_rough,//..\..\..\distractors\library\large\ph__worn_metal_rack\textures\worn_metal_rack_arm_1k.jpg,E:\CODING\GitHub\FoundationPose\data\pallet\assets\distractors\library\large\ph__worn_metal_rack\textures\worn_metal_rack_arm_1k.jpg,True,b3523f947b3ebd960d508361bb323cec5a959d0b7043a8a7118ffab781925a65
worn_metal_rack_nor_gl,//..\..\..\distractors\library\large\ph__worn_metal_rack\textures\worn_metal_rack_nor_gl_1k.jpg,E:\CODING\GitHub\FoundationPose\data\pallet\assets\distractors\library\large\ph__worn_metal_rack\textures\worn_metal_rack_nor_gl_1k.jpg,True,3222c47e6fac0d103afec06b8a53476828777f5282d6703266010ecf587ad49e
