2026/08/02 16:58:27.869, 20, 25, 2367, 17.29, 45, 210
2026/08/02 16:58:28.071, 20, 25, 2367, 17.29, 45, 210
2026/08/02 16:58:28.272, 17, 23, 2367, 17.48, 45, 210
2026/08/02 16:58:28.488, 17, 23, 2367, 17.48, 45, 210
2026/08/02 16:58:28.689, 17, 23, 2367, 17.47, 45, 210
2026/08/02 16:58:28.890, 17, 23, 2367, 17.47, 45, 210
2026/08/02 16:58:29.093, 17, 23, 2367, 17.47, 45, 210
2026/08/02 16:58:29.296, 19, 24, 2367, 17.32, 45, 210
2026/08/02 16:58:29.499, 19, 24, 2367, 17.32, 45, 210
2026/08/02 16:58:29.700, 20, 24, 2367, 17.25, 45, 210
2026/08/02 16:58:29.902, 20, 24, 2367, 17.25, 45, 210
2026/08/02 16:58:30.106, 20, 24, 2367, 17.25, 45, 210
2026/08/02 16:58:30.307, 15, 22, 2367, 17.36, 45, 210
2026/08/02 16:58:30.509, 15, 22, 2367, 17.36, 45, 210
2026/08/02 16:58:30.714, 19, 25, 2367, 17.43, 45, 210
2026/08/02 16:58:30.916, 19, 25, 2367, 17.43, 45, 210
2026/08/02 16:58:31.120, 12, 21, 2367, 17.37, 45, 210
2026/08/02 16:58:31.323, 12, 21, 2367, 17.37, 45, 210
2026/08/02 16:58:31.528, 12, 21, 2367, 17.37, 45, 210
2026/08/02 16:58:31.731, 19, 24, 2367, 17.35, 45, 210
2026/08/02 16:58:31.936, 19, 24, 2367, 17.35, 45, 210
2026/08/02 16:58:32.138, 16, 22, 2367, 17.41, 45, 210
2026/08/02 16:58:32.341, 16, 22, 2367, 17.41, 45, 210
2026/08/02 16:58:32.544, 16, 22, 2367, 17.41, 45, 210
2026/08/02 16:58:32.748, 19, 25, 2367, 17.46, 45, 210
2026/08/02 16:58:32.950, 19, 25, 2367, 17.46, 45, 210
2026/08/02 16:58:33.153, 22, 26, 2367, 17.36, 45, 210
2026/08/02 16:58:33.356, 22, 26, 2367, 17.36, 45, 210
2026/08/02 16:58:33.559, 22, 26, 2367, 17.36, 45, 210
2026/08/02 16:58:33.761, 20, 24, 2519, 17.33, 45, 210
2026/08/02 16:58:33.965, 20, 24, 2364, 17.33, 45, 210
2026/08/02 16:58:34.168, 10, 1, 3003, 24.69, 46, 2475
2026/08/02 16:58:34.381, 10, 1, 2521, 24.69, 46, 2475
2026/08/02 16:58:34.592, 10, 1, 2372, 24.69, 46, 2475
2026/08/02 16:58:34.795, 17, 2, 3003, 33.68, 46, 2475
2026/08/02 16:58:34.996, 17, 2, 2537, 33.68, 46, 2475
2026/08/02 16:58:35.201, 23, 3, 2367, 37.06, 46, 2475
2026/08/02 16:58:35.403, 23, 3, 2367, 37.06, 46, 2475
2026/08/02 16:58:35.619, 3, 1, 2367, 36.31, 46, 2475
2026/08/02 16:58:35.820, 3, 1, 2367, 36.31, 46, 2475
2026/08/02 16:58:36.023, 3, 1, 2507, 36.31, 46, 2475
2026/08/02 16:58:36.226, 15, 2, 2851, 35.40, 46, 2475
2026/08/02 16:58:36.428, 15, 2, 2601, 35.40, 46, 2475
2026/08/02 16:58:36.631, 16, 3, 2367, 36.08, 46, 1575
2026/08/02 16:58:36.834, 16, 3, 2505, 36.08, 46, 1575
2026/08/02 16:58:37.041, 16, 3, 2851, 36.08, 46, 1575
2026/08/02 16:58:37.245, 16, 2, 3003, 35.23, 46, 2475
2026/08/02 16:58:37.448, 16, 2, 2367, 35.23, 46, 2475
2026/08/02 16:58:37.651, 3, 1, 2367, 34.41, 46, 1545
2026/08/02 16:58:37.853, 3, 1, 2367, 34.41, 46, 1545
2026/08/02 16:58:38.056, 3, 1, 2375, 34.41, 46, 1545
2026/08/02 16:58:38.259, 8, 13, 3471, 31.62, 46, 2475
2026/08/02 16:58:38.464, 8, 13, 2601, 31.62, 46, 2475
2026/08/02 16:58:38.666, 34, 4, 2367, 31.91, 46, 2475
2026/08/02 16:58:38.869, 34, 4, 2377, 31.91, 46, 2475
2026/08/02 16:58:39.070, 34, 4, 2913, 31.91, 46, 2475
2026/08/02 16:58:39.274, 36, 4, 2601, 35.25, 46, 2475
2026/08/02 16:58:39.478, 36, 4, 2367, 35.25, 46, 2475
2026/08/02 16:58:39.686, 3, 1, 2527, 36.11, 46, 1485
2026/08/02 16:58:39.898, 3, 1, 2367, 36.11, 46, 1485
2026/08/02 16:58:40.102, 3, 1, 3007, 36.11, 46, 1485
2026/08/02 16:58:40.307, 22, 3, 2367, 36.29, 46, 2475
2026/08/02 16:58:40.509, 22, 3, 2375, 36.29, 46, 2475
2026/08/02 16:58:40.711, 9, 1, 3009, 35.80, 46, 2475
2026/08/02 16:58:40.915, 9, 1, 2601, 35.80, 46, 2475
2026/08/02 16:58:41.116, 21, 3, 2367, 36.63, 47, 2475
2026/08/02 16:58:41.319, 21, 3, 3013, 36.63, 47, 2475
2026/08/02 16:58:41.522, 21, 3, 2503, 36.63, 47, 2475
2026/08/02 16:58:41.724, 12, 2, 3051, 37.11, 47, 2475
2026/08/02 16:58:41.929, 12, 2, 2594, 37.11, 47, 2475
2026/08/02 16:58:42.132, 38, 4, 2412, 37.43, 47, 2475
2026/08/02 16:58:42.333, 38, 4, 3053, 37.43, 47, 2475
2026/08/02 16:58:42.538, 38, 4, 2413, 37.43, 47, 2475
2026/08/02 16:58:42.740, 4, 2, 2413, 37.20, 47, 1590
2026/08/02 16:58:42.945, 4, 2, 2413, 37.20, 47, 1590
2026/08/02 16:58:43.150, 3, 2, 2426, 32.85, 46, 1350
2026/08/02 16:58:43.354, 3, 2, 2427, 32.85, 46, 1350
2026/08/02 16:58:43.558, 3, 2, 2433, 32.85, 46, 1350
2026/08/02 16:58:43.761, 14, 17, 2438, 27.49, 46, 1125
2026/08/02 16:58:43.966, 14, 17, 2438, 27.49, 46, 1125
2026/08/02 16:58:44.169, 13, 15, 2486, 24.25, 46, 1005
2026/08/02 16:58:44.373, 13, 15, 2512, 24.25, 46, 1005
2026/08/02 16:58:44.580, 13, 15, 2634, 24.25, 46, 1005
2026/08/02 16:58:44.781, 16, 12, 2513, 22.64, 46, 2475
2026/08/02 16:58:44.986, 16, 12, 2977, 22.64, 46, 2475
2026/08/02 16:58:45.188, 5, 1, 2739, 29.68, 47, 2475
2026/08/02 16:58:45.390, 5, 1, 2615, 29.68, 47, 2475
2026/08/02 16:58:45.591, 5, 1, 2479, 29.68, 47, 2475
2026/08/02 16:58:45.797, 33, 4, 3129, 36.47, 47, 2475
2026/08/02 16:58:46.006, 33, 4, 2641, 36.47, 47, 2475
2026/08/02 16:58:46.220, 20, 2, 2476, 37.30, 47, 2475
2026/08/02 16:58:46.423, 20, 2, 3093, 37.30, 47, 2475
2026/08/02 16:58:46.628, 7, 2, 2582, 37.13, 47, 2475
2026/08/02 16:58:46.831, 7, 2, 2437, 37.13, 47, 2475
2026/08/02 16:58:47.034, 7, 2, 2437, 37.13, 47, 2475
2026/08/02 16:58:47.238, 3, 1, 2437, 36.03, 47, 2475
2026/08/02 16:58:47.443, 3, 1, 2437, 36.03, 47, 2475
2026/08/02 16:58:47.648, 4, 1, 2437, 34.49, 47, 1260
2026/08/02 16:58:47.852, 4, 1, 2437, 34.49, 47, 1260
2026/08/02 16:58:48.054, 4, 1, 2437, 34.49, 47, 1260
2026/08/02 16:58:48.258, 3, 2, 3498, 30.70, 46, 1065
2026/08/02 16:58:48.461, 3, 2, 2660, 30.70, 46, 1065
2026/08/02 16:58:48.663, 8, 1, 3043, 31.11, 47, 2475
2026/08/02 16:58:48.867, 8, 1, 2454, 31.11, 47, 2475
2026/08/02 16:58:49.073, 8, 1, 2733, 31.11, 47, 2475
2026/08/02 16:58:49.277, 8, 1, 3601, 34.99, 47, 2475
2026/08/02 16:58:49.481, 8, 1, 2624, 34.99, 47, 2475
2026/08/02 16:58:49.685, 10, 1, 3035, 36.54, 47, 2475
2026/08/02 16:58:49.888, 10, 1, 2414, 36.54, 47, 2475
2026/08/02 16:58:50.090, 10, 1, 2694, 36.54, 47, 2475
2026/08/02 16:58:50.293, 7, 1, 3417, 36.53, 47, 2475
2026/08/02 16:58:50.496, 7, 1, 2537, 36.53, 47, 2475
2026/08/02 16:58:50.699, 11, 1, 2692, 36.59, 47, 2475
2026/08/02 16:58:50.903, 11, 1, 3763, 36.59, 47, 2475
2026/08/02 16:58:51.106, 11, 1, 2592, 36.59, 47, 2475
2026/08/02 16:58:51.307, 11, 2, 2944, 36.51, 47, 2475
2026/08/02 16:58:51.510, 11, 2, 2388, 36.51, 47, 2475
2026/08/02 16:58:51.712, 9, 1, 2623, 36.42, 47, 2475
2026/08/02 16:58:51.915, 9, 1, 3412, 36.42, 47, 2475
2026/08/02 16:58:52.118, 3, 1, 2530, 36.33, 47, 2475
2026/08/02 16:58:52.324, 3, 1, 2523, 36.33, 47, 2475
2026/08/02 16:58:52.527, 3, 1, 2673, 36.33, 47, 2475
2026/08/02 16:58:52.732, 20, 2, 2386, 36.34, 47, 2475
2026/08/02 16:58:52.934, 20, 2, 2620, 36.34, 47, 2475
2026/08/02 16:58:53.138, 18, 2, 3317, 36.25, 47, 2475
2026/08/02 16:58:53.338, 18, 2, 2537, 36.25, 47, 2475
2026/08/02 16:58:53.543, 18, 2, 2683, 36.25, 47, 2475
2026/08/02 16:58:53.746, 21, 2, 2804, 36.29, 47, 2475
2026/08/02 16:58:53.948, 21, 2, 2618, 36.29, 47, 2475
2026/08/02 16:58:54.150, 13, 2, 3009, 36.31, 47, 2475
2026/08/02 16:58:54.354, 13, 2, 2378, 36.31, 47, 2475
2026/08/02 16:58:54.555, 13, 2, 2378, 36.31, 47, 2475
2026/08/02 16:58:54.759, 4, 1, 2612, 36.09, 47, 2475
2026/08/02 16:58:54.962, 4, 1, 3394, 36.09, 47, 2475
2026/08/02 16:58:55.163, 23, 3, 2517, 35.83, 47, 2475
2026/08/02 16:58:55.368, 23, 3, 2671, 35.83, 47, 2475
2026/08/02 16:58:55.571, 23, 3, 3194, 35.83, 47, 2475
2026/08/02 16:58:55.773, 30, 4, 2371, 35.94, 47, 2475
2026/08/02 16:58:55.975, 30, 4, 2359, 35.94, 47, 2475
2026/08/02 16:58:56.178, 3, 1, 2355, 35.79, 47, 2475
2026/08/02 16:58:56.380, 3, 1, 2355, 35.79, 47, 2475
2026/08/02 16:58:56.583, 3, 1, 2355, 35.79, 47, 2475
2026/08/02 16:58:56.785, 3, 1, 2355, 35.10, 47, 1350
2026/08/02 16:58:56.988, 3, 1, 2355, 35.10, 47, 1350
2026/08/02 16:58:57.190, 5, 2, 2355, 31.21, 47, 1140
2026/08/02 16:58:57.394, 5, 2, 2355, 31.21, 47, 1140
2026/08/02 16:58:57.598, 5, 2, 2355, 31.21, 47, 1140
2026/08/02 16:58:57.801, 5, 11, 2355, 25.81, 46, 900
2026/08/02 16:58:58.004, 5, 11, 2355, 25.81, 46, 900
2026/08/02 16:58:58.208, 10, 15, 2410, 22.35, 46, 765
2026/08/02 16:58:58.411, 10, 15, 2645, 22.35, 46, 765
2026/08/02 16:58:58.616, 17, 2, 3029, 24.60, 47, 2475
2026/08/02 16:58:58.820, 17, 2, 2419, 24.60, 47, 2475
2026/08/02 16:58:59.024, 17, 2, 2709, 24.60, 47, 2475
2026/08/02 16:58:59.226, 8, 1, 3943, 31.47, 47, 2475
2026/08/02 16:58:59.429, 8, 1, 2613, 31.47, 47, 2475
2026/08/02 16:58:59.634, 6, 1, 2901, 36.08, 47, 2475
2026/08/02 16:58:59.839, 6, 1, 2410, 36.08, 47, 2475
2026/08/02 16:59:00.042, 6, 1, 2645, 36.08, 47, 2475
2026/08/02 16:59:00.246, 7, 1, 3000, 36.13, 47, 2475
2026/08/02 16:59:00.448, 7, 1, 2390, 36.13, 47, 2475
2026/08/02 16:59:00.652, 11, 2, 2709, 36.32, 47, 2475
2026/08/02 16:59:00.858, 11, 2, 3437, 36.32, 47, 2475
2026/08/02 16:59:01.063, 11, 2, 2410, 36.32, 47, 2475
2026/08/02 16:59:01.268, 3, 1, 2411, 36.22, 47, 2475
2026/08/02 16:59:01.472, 3, 1, 2410, 36.22, 47, 2475
2026/08/02 16:59:01.678, 2, 1, 2410, 35.50, 47, 1380
2026/08/02 16:59:01.884, 2, 1, 2410, 35.50, 47, 1380
2026/08/02 16:59:02.088, 2, 1, 2410, 35.50, 47, 1380
2026/08/02 16:59:02.291, 6, 13, 2410, 30.78, 47, 1170
2026/08/02 16:59:02.495, 6, 13, 2410, 30.78, 47, 1170
2026/08/02 16:59:02.701, 6, 12, 2381, 24.53, 47, 930
2026/08/02 16:59:02.903, 6, 12, 2381, 24.53, 47, 930
2026/08/02 16:59:03.108, 6, 12, 2407, 24.53, 47, 930
2026/08/02 16:59:03.311, 14, 18, 2407, 21.10, 46, 795
2026/08/02 16:59:03.514, 14, 18, 2407, 21.10, 46, 795
2026/08/02 16:59:03.718, 8, 12, 2407, 20.77, 46, 645
2026/08/02 16:59:03.918, 8, 12, 2562, 20.77, 46, 645
2026/08/02 16:59:04.121, 7, 1, 2994, 23.84, 47, 2475
2026/08/02 16:59:04.325, 7, 1, 2416, 23.84, 47, 2475
2026/08/02 16:59:04.527, 7, 1, 3064, 23.84, 47, 2475
2026/08/02 16:59:04.732, 24, 2, 3168, 30.97, 47, 2475
2026/08/02 16:59:04.937, 24, 2, 2574, 30.97, 47, 2475
2026/08/02 16:59:05.151, 27, 3, 3086, 36.25, 47, 2475
2026/08/02 16:59:05.359, 27, 3, 2407, 36.25, 47, 2475
2026/08/02 16:59:05.562, 27, 3, 3052, 36.25, 47, 2475
2026/08/02 16:59:05.769, 22, 3, 3085, 36.48, 47, 2475
2026/08/02 16:59:05.972, 22, 3, 2531, 36.48, 47, 2475
2026/08/02 16:59:06.174, 16, 2, 3033, 36.40, 47, 2475
2026/08/02 16:59:06.380, 16, 2, 3129, 36.40, 47, 2475
2026/08/02 16:59:06.585, 16, 2, 2576, 36.40, 47, 2475
2026/08/02 16:59:06.789, 10, 2, 3086, 36.29, 47, 2475
2026/08/02 16:59:06.990, 10, 2, 2635, 36.29, 47, 2475
2026/08/02 16:59:07.193, 3, 1, 2407, 36.41, 47, 2475
2026/08/02 16:59:07.397, 3, 1, 2415, 36.41, 47, 2475
2026/08/02 16:59:07.602, 3, 1, 3064, 36.41, 47, 2475
2026/08/02 16:59:07.806, 20, 3, 3152, 35.93, 48, 2475
2026/08/02 16:59:08.010, 20, 3, 2560, 35.93, 48, 2475
2026/08/02 16:59:08.213, 17, 2, 2898, 35.73, 47, 2475
2026/08/02 16:59:08.416, 17, 2, 2407, 35.73, 47, 2475
2026/08/02 16:59:08.618, 9, 1, 2633, 36.17, 47, 2475
2026/08/02 16:59:08.822, 9, 1, 3050, 36.17, 47, 2475
2026/08/02 16:59:09.026, 9, 1, 2374, 36.17, 47, 2475
2026/08/02 16:59:09.231, 7, 1, 3025, 36.16, 48, 2475
2026/08/02 16:59:09.434, 7, 1, 2511, 36.16, 48, 2475
2026/08/02 16:59:09.640, 24, 4, 2374, 36.85, 48, 2475
2026/08/02 16:59:09.844, 24, 4, 2573, 36.85, 48, 2475
2026/08/02 16:59:10.048, 24, 4, 3049, 36.85, 48, 2475
2026/08/02 16:59:10.254, 7, 1, 2370, 36.79, 48, 2475
2026/08/02 16:59:10.458, 7, 1, 3015, 36.79, 48, 2475
2026/08/02 16:59:10.660, 28, 3, 2370, 36.59, 48, 2475
2026/08/02 16:59:10.863, 28, 3, 2370, 36.59, 48, 2475
2026/08/02 16:59:11.064, 28, 3, 2370, 36.59, 48, 2475
2026/08/02 16:59:11.268, 3, 1, 2370, 35.76, 47, 2475
2026/08/02 16:59:11.470, 3, 1, 2370, 35.76, 47, 2475
2026/08/02 16:59:11.673, 3, 1, 2370, 35.15, 47, 1305
2026/08/02 16:59:11.879, 3, 1, 2360, 35.15, 47, 1305
2026/08/02 16:59:12.082, 3, 1, 2357, 35.15, 47, 1305
2026/08/02 16:59:12.283, 30, 4, 2595, 32.77, 47, 2475
2026/08/02 16:59:12.486, 30, 4, 2979, 32.77, 47, 2475
2026/08/02 16:59:12.688, 24, 3, 2365, 33.29, 48, 2475
2026/08/02 16:59:12.893, 24, 3, 2595, 33.29, 48, 2475
2026/08/02 16:59:13.097, 24, 3, 3107, 33.29, 48, 2475
2026/08/02 16:59:13.299, 27, 3, 2417, 36.14, 48, 2475
2026/08/02 16:59:13.502, 27, 3, 2699, 36.14, 48, 2475
2026/08/02 16:59:13.704, 8, 1, 3154, 36.23, 48, 2475
2026/08/02 16:59:13.906, 8, 1, 2540, 36.23, 48, 2475
2026/08/02 16:59:14.109, 8, 1, 2706, 36.23, 48, 2475
2026/08/02 16:59:14.312, 7, 1, 3162, 36.49, 48, 2475
2026/08/02 16:59:14.514, 7, 1, 2544, 36.49, 48, 2475
2026/08/02 16:59:14.719, 11, 2, 2706, 36.47, 48, 2475
2026/08/02 16:59:14.923, 11, 2, 4034, 36.47, 48, 2475
2026/08/02 16:59:15.128, 5, 1, 2403, 36.24, 48, 2475
2026/08/02 16:59:15.330, 5, 1, 2623, 36.24, 48, 2475
2026/08/02 16:59:15.534, 5, 1, 2994, 36.24, 48, 2475
2026/08/02 16:59:15.738, 35, 3, 2371, 35.89, 48, 2475
2026/08/02 16:59:15.939, 35, 3, 2610, 35.89, 48, 2475
2026/08/02 16:59:16.142, 17, 2, 3058, 35.66, 48, 2475
2026/08/02 16:59:16.346, 17, 2, 2856, 35.66, 48, 2475
2026/08/02 16:59:16.547, 17, 2, 2384, 35.66, 48, 2475
2026/08/02 16:59:16.750, 7, 1, 2674, 36.02, 48, 2475
2026/08/02 16:59:16.954, 7, 1, 3144, 36.02, 48, 2475
2026/08/02 16:59:17.155, 23, 3, 2510, 36.07, 48, 2475
2026/08/02 16:59:17.359, 23, 3, 2674, 36.07, 48, 2475
2026/08/02 16:59:17.561, 23, 3, 3526, 36.07, 48, 2475
2026/08/02 16:59:17.765, 29, 3, 2371, 36.10, 48, 2475
2026/08/02 16:59:17.969, 29, 3, 2610, 36.10, 48, 2475
2026/08/02 16:59:18.171, 8, 1, 2930, 35.98, 48, 2475
2026/08/02 16:59:18.374, 8, 1, 2371, 35.98, 48, 2475
2026/08/02 16:59:18.578, 8, 1, 2610, 35.98, 48, 2475
2026/08/02 16:59:18.780, 8, 1, 3107, 36.09, 48, 2475
2026/08/02 16:59:18.986, 8, 1, 2356, 36.09, 48, 2475
2026/08/02 16:59:19.190, 4, 1, 2531, 36.24, 48, 2475
2026/08/02 16:59:19.394, 4, 1, 2659, 36.24, 48, 2475
2026/08/02 16:59:19.600, 4, 1, 3415, 36.24, 48, 2475
2026/08/02 16:59:19.802, 32, 3, 2625, 36.19, 48, 2475
2026/08/02 16:59:20.007, 32, 3, 2834, 36.19, 48, 2475
2026/08/02 16:59:20.210, 39, 3, 3998, 36.17, 48, 2475
2026/08/02 16:59:20.412, 39, 3, 2404, 36.17, 48, 2475
2026/08/02 16:59:20.614, 11, 2, 2642, 36.51, 48, 2475
2026/08/02 16:59:20.819, 11, 2, 3150, 36.51, 48, 2475
2026/08/02 16:59:21.023, 11, 2, 2418, 36.51, 48, 2475
2026/08/02 16:59:21.226, 9, 1, 2702, 36.56, 48, 2475
2026/08/02 16:59:21.430, 9, 1, 3552, 36.56, 48, 2475
2026/08/02 16:59:21.636, 14, 2, 2383, 36.34, 48, 2475
2026/08/02 16:59:21.839, 14, 2, 2606, 36.34, 48, 2475
2026/08/02 16:59:22.044, 14, 2, 2707, 36.34, 48, 2475
2026/08/02 16:59:22.248, 14, 2, 3999, 35.95, 48, 2475
2026/08/02 16:59:22.450, 14, 2, 2611, 35.95, 48, 2475
2026/08/02 16:59:22.655, 9, 1, 2899, 36.18, 48, 2475
2026/08/02 16:59:22.861, 9, 1, 2949, 36.18, 48, 2475
2026/08/02 16:59:23.064, 9, 1, 2425, 36.18, 48, 2475
2026/08/02 16:59:23.268, 5, 1, 2707, 36.41, 48, 2475
2026/08/02 16:59:23.470, 5, 1, 3557, 36.41, 48, 2475
2026/08/02 16:59:23.674, 28, 3, 2548, 36.29, 48, 2475
2026/08/02 16:59:23.877, 28, 3, 2704, 36.29, 48, 2475
2026/08/02 16:59:24.079, 28, 3, 3554, 36.29, 48, 2475
2026/08/02 16:59:24.282, 28, 3, 2401, 36.17, 48, 2475
2026/08/02 16:59:24.485, 28, 3, 2608, 36.17, 48, 2475
2026/08/02 16:59:24.690, 10, 1, 2831, 36.16, 48, 2475
2026/08/02 16:59:24.895, 10, 1, 2941, 36.16, 48, 2475
2026/08/02 16:59:25.099, 10, 1, 2603, 36.16, 48, 2475
2026/08/02 16:59:25.306, 13, 2, 2891, 36.23, 48, 2475
2026/08/02 16:59:25.521, 13, 2, 2881, 36.23, 48, 2475
2026/08/02 16:59:25.728, 14, 2, 2533, 36.31, 48, 1590
2026/08/02 16:59:25.933, 14, 2, 2692, 36.31, 48, 1590
2026/08/02 16:59:26.136, 26, 3, 3134, 34.85, 48, 2475
2026/08/02 16:59:26.340, 26, 3, 2528, 34.85, 48, 2475
2026/08/02 16:59:26.543, 26, 3, 2692, 34.85, 48, 2475
2026/08/02 16:59:26.748, 7, 1, 3528, 34.80, 48, 2475
2026/08/02 16:59:26.952, 7, 1, 2369, 34.80, 48, 2475
2026/08/02 16:59:27.153, 7, 1, 2608, 36.28, 48, 2475
2026/08/02 16:59:27.358, 7, 1, 2928, 36.28, 48, 2475
2026/08/02 16:59:27.559, 7, 1, 2369, 36.28, 48, 2475
2026/08/02 16:59:27.762, 19, 2, 2608, 36.19, 48, 2475
2026/08/02 16:59:27.965, 19, 2, 2932, 36.19, 48, 2475
2026/08/02 16:59:28.167, 33, 4, 2857, 36.09, 48, 2475
2026/08/02 16:59:28.370, 33, 4, 2503, 36.09, 48, 2475
2026/08/02 16:59:28.573, 33, 4, 2669, 36.09, 48, 2475
2026/08/02 16:59:28.779, 9, 1, 3519, 35.89, 48, 2475
2026/08/02 16:59:28.983, 9, 1, 2521, 35.89, 48, 2475
2026/08/02 16:59:29.187, 10, 1, 2669, 36.15, 48, 2475
2026/08/02 16:59:29.393, 10, 1, 3521, 36.15, 48, 2475
2026/08/02 16:59:29.598, 10, 1, 2367, 36.15, 48, 2475
2026/08/02 16:59:29.800, 3, 1, 2605, 36.00, 48, 1695
2026/08/02 16:59:30.004, 3, 1, 3053, 36.00, 48, 1695
2026/08/02 16:59:30.208, 34, 4, 2375, 35.03, 48, 2475
2026/08/02 16:59:30.414, 34, 4, 2605, 35.03, 48, 2475
2026/08/02 16:59:30.619, 24, 3, 3117, 35.07, 48, 2475
2026/08/02 16:59:30.825, 24, 3, 2367, 35.07, 48, 2475
2026/08/02 16:59:31.028, 24, 3, 2551, 35.07, 48, 2475
2026/08/02 16:59:31.232, 11, 2, 2669, 36.42, 48, 2475
2026/08/02 16:59:31.435, 11, 2, 2993, 36.42, 48, 2475
2026/08/02 16:59:31.639, 8, 1, 2589, 36.41, 48, 2475
2026/08/02 16:59:31.848, 8, 1, 2861, 36.41, 48, 2475
2026/08/02 16:59:32.065, 8, 1, 2377, 36.41, 48, 2475
2026/08/02 16:59:32.269, 21, 3, 2503, 36.40, 48, 2475
2026/08/02 16:59:32.476, 21, 3, 2669, 36.40, 48, 2475
2026/08/02 16:59:32.681, 21, 2, 3521, 35.86, 48, 2475
2026/08/02 16:59:32.894, 21, 2, 2543, 35.86, 48, 2475
2026/08/02 16:59:33.104, 21, 2, 2729, 35.86, 48, 2475
2026/08/02 16:59:33.310, 7, 1, 4030, 35.95, 48, 2475
2026/08/02 16:59:33.514, 7, 1, 2368, 35.95, 48, 2475
2026/08/02 16:59:33.719, 8, 1, 2606, 36.19, 48, 2475
2026/08/02 16:59:33.923, 8, 1, 3118, 36.19, 48, 2475
2026/08/02 16:59:34.127, 22, 3, 2504, 36.14, 48, 2475
2026/08/02 16:59:34.331, 22, 3, 2666, 36.14, 48, 2475
2026/08/02 16:59:34.535, 22, 3, 3516, 36.14, 48, 2475
2026/08/02 16:59:34.740, 23, 3, 2363, 36.14, 49, 2475
2026/08/02 16:59:34.943, 23, 3, 2570, 36.14, 49, 2475
2026/08/02 16:59:35.147, 10, 2, 2794, 35.91, 48, 2475
2026/08/02 16:59:35.348, 10, 2, 3894, 35.91, 48, 2475
2026/08/02 16:59:35.552, 10, 2, 2570, 35.91, 48, 2475
2026/08/02 16:59:35.756, 13, 2, 2858, 36.08, 48, 2475
2026/08/02 16:59:35.958, 13, 2, 4026, 36.08, 48, 2475
2026/08/02 16:59:36.159, 4, 1, 2356, 36.11, 49, 2475
2026/08/02 16:59:36.362, 4, 1, 2595, 36.11, 49, 2475
2026/08/02 16:59:36.566, 4, 1, 2979, 36.11, 49, 2475
2026/08/02 16:59:36.770, 24, 3, 2356, 35.87, 49, 2475
2026/08/02 16:59:36.975, 24, 3, 2626, 35.87, 49, 2475
2026/08/02 16:59:37.180, 8, 1, 3010, 35.86, 49, 2475
2026/08/02 16:59:37.387, 8, 1, 2388, 35.86, 49, 2475
2026/08/02 16:59:37.590, 8, 1, 2388, 35.86, 49, 2475
2026/08/02 16:59:37.795, 3, 1, 2388, 36.23, 48, 1590
2026/08/02 16:59:37.998, 3, 1, 2383, 36.23, 48, 1590
2026/08/02 16:59:38.201, 3, 11, 2383, 31.79, 48, 1350
2026/08/02 16:59:38.403, 3, 11, 2383, 31.79, 48, 1350
2026/08/02 16:59:38.605, 3, 11, 2383, 31.79, 48, 1350
2026/08/02 16:59:38.809, 7, 13, 2383, 25.25, 48, 1065
2026/08/02 16:59:39.013, 7, 13, 2363, 25.25, 48, 1065
2026/08/02 16:59:39.216, 7, 13, 2363, 21.41, 48, 900
2026/08/02 16:59:39.419, 7, 13, 2363, 21.41, 48, 900
2026/08/02 16:59:39.621, 4, 10, 2363, 20.89, 48, 720
2026/08/02 16:59:39.822, 4, 10, 2363, 20.89, 48, 720
2026/08/02 16:59:40.026, 4, 10, 2363, 20.89, 48, 720
2026/08/02 16:59:40.232, 6, 12, 2363, 20.69, 48, 615
2026/08/02 16:59:40.437, 6, 12, 2923, 20.69, 48, 615
2026/08/02 16:59:40.641, 5, 1, 3021, 23.87, 48, 2475
2026/08/02 16:59:40.856, 5, 1, 2572, 23.87, 48, 2475
2026/08/02 16:59:41.068, 5, 1, 3079, 23.87, 48, 2475
2026/08/02 16:59:41.269, 21, 2, 2408, 31.19, 48, 2475
2026/08/02 16:59:41.471, 21, 2, 3057, 31.19, 48, 2475
2026/08/02 16:59:41.674, 26, 3, 3091, 36.63, 49, 2475
2026/08/02 16:59:41.879, 26, 3, 2545, 36.63, 49, 2475
2026/08/02 16:59:42.085, 26, 3, 3091, 36.63, 49, 2475
2026/08/02 16:59:42.291, 20, 3, 3353, 36.48, 49, 2475
2026/08/02 16:59:42.495, 20, 3, 2627, 36.48, 49, 2475
2026/08/02 16:59:42.697, 22, 3, 3091, 36.47, 49, 2475
2026/08/02 16:59:42.900, 22, 3, 2408, 36.47, 49, 2475
2026/08/02 16:59:43.104, 22, 3, 2991, 36.47, 49, 2475
2026/08/02 16:59:43.308, 14, 2, 3077, 36.48, 49, 2475
2026/08/02 16:59:43.514, 14, 2, 2568, 36.48, 49, 2475
2026/08/02 16:59:43.725, 13, 2, 3078, 36.43, 49, 2475
2026/08/02 16:59:43.936, 13, 2, 2408, 36.43, 49, 2475
2026/08/02 16:59:44.139, 11, 2, 3056, 36.52, 49, 2475
2026/08/02 16:59:44.341, 11, 2, 3091, 36.52, 49, 2475
2026/08/02 16:59:44.544, 11, 2, 2545, 36.52, 49, 2475
2026/08/02 16:59:44.746, 8, 1, 3091, 36.56, 49, 2475
2026/08/02 16:59:44.950, 8, 1, 3173, 36.56, 49, 2475
2026/08/02 16:59:45.155, 14, 2, 2591, 36.48, 49, 2475
2026/08/02 16:59:45.366, 14, 2, 3089, 36.48, 49, 2475
2026/08/02 16:59:45.577, 14, 2, 2401, 36.48, 49, 2475
2026/08/02 16:59:45.780, 18, 3, 2988, 36.60, 49, 1410
2026/08/02 16:59:45.982, 18, 3, 3070, 36.60, 49, 1410
2026/08/02 16:59:46.189, 21, 3, 2562, 36.13, 49, 2475
2026/08/02 16:59:46.439, 21, 3, 3043, 36.13, 49, 2475
2026/08/02 16:59:46.655, 5, 1, 2395, 35.92, 49, 2475
2026/08/02 16:59:46.859, 5, 1, 3032, 35.92, 49, 2475
2026/08/02 16:59:47.063, 5, 1, 3072, 35.92, 49, 2475
2026/08/02 16:59:47.265, 3, 1, 2420, 36.68, 49, 2475
2026/08/02 16:59:47.469, 3, 1, 3072, 36.68, 49, 2475
2026/08/02 16:59:47.672, 10, 1, 3294, 36.55, 49, 2475
2026/08/02 16:59:47.876, 10, 1, 2636, 36.55, 49, 2475
2026/08/02 16:59:48.081, 10, 1, 3072, 36.55, 49, 2475
2026/08/02 16:59:48.285, 16, 2, 2401, 36.34, 49, 2475
2026/08/02 16:59:48.488, 16, 2, 2401, 36.34, 49, 2475
2026/08/02 16:59:48.692, 3, 1, 2394, 36.04, 49, 1230
2026/08/02 16:59:48.898, 3, 1, 2394, 36.04, 49, 1230
2026/08/02 16:59:49.102, 3, 1, 2394, 36.04, 49, 1230
2026/08/02 16:59:49.303, 4, 11, 2394, 30.32, 48, 1050
2026/08/02 16:59:49.508, 4, 11, 2394, 30.32, 48, 1050
2026/08/02 16:59:49.713, 9, 13, 2930, 23.49, 48, 840
2026/08/02 16:59:49.918, 9, 13, 2556, 23.49, 48, 840
2026/08/02 16:59:50.123, 38, 4, 2382, 27.23, 49, 2475
2026/08/02 16:59:50.328, 38, 4, 2864, 27.23, 49, 2475
2026/08/02 16:59:50.530, 38, 4, 2626, 27.23, 49, 2475
2026/08/02 16:59:50.734, 21, 3, 2526, 34.42, 49, 2475
2026/08/02 16:59:50.939, 21, 3, 2373, 34.42, 49, 2475
2026/08/02 16:59:51.145, 8, 1, 2622, 36.97, 49, 2475
2026/08/02 16:59:51.347, 8, 1, 2526, 36.97, 49, 2475
2026/08/02 16:59:51.549, 8, 1, 2616, 36.97, 49, 2475
2026/08/02 16:59:51.753, 27, 3, 2572, 37.02, 49, 1635
2026/08/02 16:59:51.957, 27, 3, 2419, 37.02, 49, 1635
2026/08/02 16:59:52.160, 12, 2, 3058, 36.05, 49, 2475
2026/08/02 16:59:52.361, 12, 2, 2427, 36.05, 49, 2475
2026/08/02 16:59:52.564, 12, 2, 3319, 36.05, 49, 2475
2026/08/02 16:59:52.766, 26, 3, 2647, 36.06, 49, 2475
2026/08/02 16:59:52.969, 26, 3, 2437, 36.06, 49, 2475
2026/08/02 16:59:53.173, 13, 2, 3459, 36.80, 49, 2475
2026/08/02 16:59:53.376, 13, 2, 2663, 36.80, 49, 2475
2026/08/02 16:59:53.579, 13, 2, 2437, 36.80, 49, 2475
2026/08/02 16:59:53.781, 17, 2, 2959, 37.02, 49, 2475
2026/08/02 16:59:53.985, 17, 2, 2651, 37.02, 49, 2475
2026/08/02 16:59:54.188, 34, 4, 2414, 37.07, 49, 2475
2026/08/02 16:59:54.392, 34, 4, 2414, 37.07, 49, 2475
2026/08/02 16:59:54.595, 34, 4, 2388, 37.07, 49, 2475
2026/08/02 16:59:54.798, 3, 1, 2384, 36.31, 49, 1365
2026/08/02 16:59:55.003, 3, 1, 2384, 36.31, 49, 1365
2026/08/02 16:59:55.206, 4, 2, 2384, 32.07, 48, 1155
2026/08/02 16:59:55.409, 4, 2, 2612, 32.07, 48, 1155
2026/08/02 16:59:55.616, 12, 2, 2607, 30.66, 49, 2475
2026/08/02 16:59:55.821, 12, 2, 3393, 30.66, 49, 2475
2026/08/02 16:59:56.036, 12, 2, 2549, 30.66, 49, 2475
2026/08/02 16:59:56.245, 14, 2, 2799, 34.06, 49, 2475
2026/08/02 16:59:56.449, 14, 2, 2372, 34.06, 49, 2475
2026/08/02 16:59:56.653, 12, 2, 2607, 36.68, 49, 2475
2026/08/02 16:59:56.855, 12, 2, 3393, 36.68, 49, 2475
2026/08/02 16:59:57.067, 12, 2, 2537, 36.68, 49, 2475
2026/08/02 16:59:57.282, 10, 2, 2795, 36.79, 49, 2475
2026/08/02 16:59:57.484, 10, 2, 2359, 36.79, 49, 2475
2026/08/02 16:59:57.687, 7, 1, 2840, 36.74, 49, 2475
2026/08/02 16:59:57.890, 7, 1, 2579, 36.74, 49, 2475
2026/08/02 16:59:58.096, 7, 1, 2986, 36.74, 49, 2475
2026/08/02 16:59:58.302, 19, 2, 2508, 36.72, 49, 2475
2026/08/02 16:59:58.507, 19, 2, 2662, 36.72, 49, 2475
2026/08/02 16:59:58.711, 17, 2, 2363, 36.75, 49, 2475
2026/08/02 16:59:58.915, 17, 2, 2598, 36.75, 49, 2475
2026/08/02 16:59:59.118, 19, 2, 3384, 36.74, 49, 2475
2026/08/02 16:59:59.320, 19, 2, 2516, 36.74, 49, 2475
2026/08/02 16:59:59.525, 19, 2, 2726, 36.74, 49, 2475
2026/08/02 16:59:59.731, 20, 2, 2363, 36.74, 49, 2475
2026/08/02 16:59:59.935, 20, 2, 2591, 36.74, 49, 2475
2026/08/02 17:00:00.139, 9, 1, 2580, 37.16, 49, 2475
2026/08/02 17:00:00.343, 9, 1, 3366, 37.16, 49, 2475
2026/08/02 17:00:00.552, 9, 1, 2518, 37.16, 49, 2475
2026/08/02 17:00:00.768, 10, 1, 2836, 37.12, 49, 2475
2026/08/02 17:00:00.971, 10, 1, 2366, 37.12, 49, 2475
2026/08/02 17:00:01.177, 13, 2, 2644, 36.80, 49, 2475
2026/08/02 17:00:01.382, 13, 2, 3260, 36.80, 49, 2475
2026/08/02 17:00:01.585, 13, 2, 2580, 36.80, 49, 2475
2026/08/02 17:00:01.787, 12, 2, 2964, 36.75, 49, 2475
2026/08/02 17:00:01.990, 12, 2, 2357, 36.75, 49, 2475
2026/08/02 17:00:02.194, 3, 1, 2357, 36.51, 49, 2475
2026/08/02 17:00:02.400, 3, 1, 2357, 36.51, 49, 2475
2026/08/02 17:00:02.603, 3, 1, 2357, 36.51, 49, 2475
2026/08/02 17:00:02.807, 3, 1, 2357, 35.76, 49, 1290
2026/08/02 17:00:03.008, 3, 1, 2357, 35.76, 49, 1290
2026/08/02 17:00:03.212, 5, 2, 2357, 31.71, 49, 1095
2026/08/02 17:00:03.414, 5, 2, 2357, 31.71, 49, 1095
2026/08/02 17:00:03.617, 5, 13, 2357, 26.17, 49, 855
2026/08/02 17:00:03.820, 5, 13, 2357, 26.17, 49, 855
2026/08/02 17:00:04.023, 5, 13, 2357, 26.17, 49, 855
2026/08/02 17:00:04.227, 6, 12, 2357, 22.59, 49, 735
2026/08/02 17:00:04.431, 6, 12, 2357, 22.59, 49, 735
2026/08/02 17:00:04.638, 8, 13, 2357, 21.13, 48, 585
2026/08/02 17:00:04.841, 8, 13, 2357, 21.13, 48, 585
2026/08/02 17:00:05.043, 8, 13, 2357, 21.13, 48, 585
2026/08/02 17:00:05.245, 9, 12, 2357, 20.84, 48, 495
2026/08/02 17:00:05.448, 9, 12, 2494, 20.84, 48, 495
2026/08/02 17:00:05.656, 14, 2, 2946, 22.44, 49, 2475
2026/08/02 17:00:05.871, 14, 2, 2364, 22.44, 49, 2475
2026/08/02 17:00:06.073, 14, 2, 2603, 22.44, 49, 2475
2026/08/02 17:00:06.288, 12, 2, 3051, 29.57, 49, 2475
2026/08/02 17:00:06.495, 12, 2, 3549, 29.57, 49, 2475
2026/08/02 17:00:06.697, 3, 1, 2364, 36.44, 49, 2475
2026/08/02 17:00:06.902, 3, 1, 2603, 36.44, 49, 2475
2026/08/02 17:00:07.108, 3, 1, 3051, 36.44, 49, 2475
2026/08/02 17:00:07.311, 16, 2, 3549, 36.29, 49, 2475
2026/08/02 17:00:07.515, 16, 2, 2364, 36.29, 49, 2475
2026/08/02 17:00:07.719, 4, 1, 2603, 36.28, 49, 2475
2026/08/02 17:00:07.925, 4, 1, 3051, 36.28, 49, 2475
2026/08/02 17:00:08.132, 27, 3, 3551, 36.53, 49, 2475
2026/08/02 17:00:08.333, 27, 3, 2364, 36.53, 49, 2475
2026/08/02 17:00:08.537, 27, 3, 2603, 36.53, 49, 2475
2026/08/02 17:00:08.739, 7, 1, 3051, 36.14, 49, 2475
2026/08/02 17:00:08.944, 7, 1, 3551, 36.14, 49, 2475
2026/08/02 17:00:09.146, 9, 1, 2364, 36.20, 49, 2475
2026/08/02 17:00:09.350, 9, 1, 2603, 36.20, 49, 2475
2026/08/02 17:00:09.553, 9, 1, 3051, 36.20, 49, 2475
2026/08/02 17:00:09.761, 31, 3, 3551, 36.15, 49, 2475
2026/08/02 17:00:09.977, 31, 3, 2364, 36.15, 49, 2475
2026/08/02 17:00:10.180, 3, 1, 2364, 36.11, 49, 2475
2026/08/02 17:00:10.384, 3, 1, 2364, 36.11, 49, 2475
2026/08/02 17:00:10.586, 3, 1, 2364, 36.11, 49, 2475
2026/08/02 17:00:10.791, 3, 1, 2364, 35.52, 49, 1185
2026/08/02 17:00:10.995, 3, 1, 2363, 35.52, 49, 1185
2026/08/02 17:00:11.200, 5, 11, 2363, 31.03, 49, 1005
2026/08/02 17:00:11.403, 5, 11, 2363, 31.03, 49, 1005
2026/08/02 17:00:11.608, 5, 11, 2363, 31.03, 49, 1005
2026/08/02 17:00:11.812, 4, 11, 2363, 24.98, 49, 795
2026/08/02 17:00:12.016, 4, 11, 2363, 24.98, 49, 795
2026/08/02 17:00:12.220, 8, 13, 2363, 21.33, 49, 690
2026/08/02 17:00:12.424, 8, 13, 2363, 21.33, 49, 690
2026/08/02 17:00:12.627, 7, 12, 2363, 20.94, 49, 540
2026/08/02 17:00:12.828, 7, 12, 2360, 20.94, 49, 540
2026/08/02 17:00:13.030, 7, 12, 2360, 20.94, 49, 540
2026/08/02 17:00:13.234, 7, 11, 2360, 20.68, 49, 465
2026/08/02 17:00:13.438, 7, 11, 2360, 20.68, 49, 465
2026/08/02 17:00:13.641, 11, 23, 2360, 20.20, 48, 390
2026/08/02 17:00:13.845, 11, 23, 2360, 20.20, 48, 390
2026/08/02 17:00:14.049, 11, 23, 2360, 20.20, 48, 390
2026/08/02 17:00:14.252, 21, 27, 2360, 19.03, 48, 345
2026/08/02 17:00:14.456, 21, 27, 2360, 19.03, 48, 345
2026/08/02 17:00:14.661, 14, 24, 2360, 18.04, 48, 285
2026/08/02 17:00:14.864, 14, 24, 2360, 18.04, 48, 285
2026/08/02 17:00:15.067, 14, 24, 2360, 18.04, 48, 285
2026/08/02 17:00:15.272, 14, 23, 2360, 17.91, 48, 255
2026/08/02 17:00:15.476, 14, 23, 2360, 17.91, 48, 255
2026/08/02 17:00:15.679, 22, 25, 2360, 17.81, 48, 225
2026/08/02 17:00:15.883, 22, 25, 2360, 17.81, 48, 225
2026/08/02 17:00:16.088, 22, 25, 2360, 17.81, 48, 225
2026/08/02 17:00:16.303, 24, 27, 2360, 17.81, 48, 210
2026/08/02 17:00:16.503, 24, 27, 2360, 17.81, 48, 210
2026/08/02 17:00:16.707, 18, 23, 2360, 17.78, 48, 210
2026/08/02 17:00:16.909, 18, 23, 2360, 17.78, 48, 210
2026/08/02 17:00:17.114, 18, 23, 2360, 17.78, 48, 210
2026/08/02 17:00:17.314, 11, 21, 2497, 17.70, 48, 210
2026/08/02 17:00:17.516, 11, 21, 2405, 17.70, 48, 210
2026/08/02 17:00:17.720, 8, 1, 2647, 21.99, 49, 2475
2026/08/02 17:00:17.924, 8, 1, 2895, 21.99, 49, 2475
2026/08/02 17:00:18.127, 9, 1, 2595, 30.76, 49, 2475
2026/08/02 17:00:18.330, 9, 1, 2979, 30.76, 49, 2475
2026/08/02 17:00:18.536, 9, 1, 2503, 30.76, 49, 2475
2026/08/02 17:00:18.740, 9, 1, 2659, 37.02, 49, 2475
2026/08/02 17:00:18.941, 9, 1, 2360, 37.02, 49, 2475
2026/08/02 17:00:19.147, 10, 2, 2595, 37.09, 49, 2475
2026/08/02 17:00:19.350, 10, 2, 3383, 37.09, 49, 2475
2026/08/02 17:00:19.552, 10, 2, 2515, 37.09, 49, 2475
2026/08/02 17:00:19.757, 9, 1, 2539, 37.03, 49, 2475
2026/08/02 17:00:19.959, 9, 1, 2839, 37.03, 49, 2475
2026/08/02 17:00:20.161, 32, 4, 2365, 37.02, 49, 2475
2026/08/02 17:00:20.365, 32, 4, 2659, 37.02, 49, 2475
2026/08/02 17:00:20.568, 32, 4, 3667, 37.02, 49, 2475
2026/08/02 17:00:20.772, 35, 4, 2579, 36.99, 49, 2475
2026/08/02 17:00:20.976, 35, 4, 2979, 36.99, 49, 2475
2026/08/02 17:00:21.179, 31, 4, 2497, 37.02, 50, 2475
2026/08/02 17:00:21.383, 31, 4, 2659, 37.02, 50, 2475
2026/08/02 17:00:21.589, 31, 4, 2846, 37.02, 50, 2475
2026/08/02 17:00:21.791, 37, 4, 2596, 36.97, 50, 2475
2026/08/02 17:00:21.996, 37, 4, 2994, 36.97, 50, 2475
2026/08/02 17:00:22.199, 31, 3, 2500, 37.10, 50, 2475
2026/08/02 17:00:22.403, 31, 3, 2660, 37.10, 50, 2475
2026/08/02 17:00:22.608, 31, 3, 3476, 37.10, 50, 2475
2026/08/02 17:00:22.812, 34, 4, 3012, 37.10, 50, 2475
2026/08/02 17:00:23.015, 34, 4, 2552, 37.10, 50, 2475
2026/08/02 17:00:23.221, 10, 1, 2968, 37.29, 50, 2475
2026/08/02 17:00:23.427, 10, 1, 2502, 37.29, 50, 2475
2026/08/02 17:00:23.629, 10, 1, 2660, 37.45, 50, 2475
2026/08/02 17:00:23.835, 10, 1, 2717, 37.45, 50, 2475
2026/08/02 17:00:24.039, 10, 1, 2596, 37.45, 50, 2475
2026/08/02 17:00:24.243, 10, 1, 3382, 37.06, 50, 2475
2026/08/02 17:00:24.449, 10, 1, 2556, 37.06, 50, 2475
2026/08/02 17:00:24.653, 9, 1, 2724, 36.97, 50, 2475
2026/08/02 17:00:24.859, 9, 1, 2361, 36.97, 50, 2475
2026/08/02 17:00:25.064, 9, 1, 2596, 36.97, 50, 2475
2026/08/02 17:00:25.268, 10, 1, 2916, 36.95, 50, 2475
2026/08/02 17:00:25.472, 10, 1, 2380, 36.95, 50, 2475
2026/08/02 17:00:25.678, 9, 1, 2617, 36.88, 50, 2475
2026/08/02 17:00:25.881, 9, 1, 3405, 36.88, 50, 2475
2026/08/02 17:00:26.086, 9, 1, 2384, 36.88, 50, 2475
2026/08/02 17:00:26.291, 6, 1, 2619, 36.85, 50, 2475
2026/08/02 17:00:26.493, 6, 1, 3409, 36.85, 50, 2475
2026/08/02 17:00:26.703, 30, 4, 2561, 36.88, 50, 2475
2026/08/02 17:00:26.914, 30, 4, 2811, 36.88, 50, 2475
2026/08/02 17:00:27.116, 30, 4, 2384, 36.95, 50, 2475
2026/08/02 17:00:27.319, 30, 4, 2384, 36.95, 50, 2475
2026/08/02 17:00:27.523, 30, 4, 2386, 36.95, 50, 2475
2026/08/02 17:00:27.727, 5, 1, 2637, 36.48, 50, 2475
2026/08/02 17:00:27.929, 5, 1, 3037, 36.48, 50, 2475
2026/08/02 17:00:28.131, 27, 3, 2561, 36.66, 50, 2475
2026/08/02 17:00:28.334, 27, 3, 2722, 36.66, 50, 2475
2026/08/02 17:00:28.536, 27, 3, 3933, 36.66, 50, 2475
2026/08/02 17:00:28.739, 31, 4, 2625, 37.08, 50, 2475
2026/08/02 17:00:28.954, 31, 4, 2913, 37.08, 50, 2475
2026/08/02 17:00:29.170, 27, 3, 2422, 37.22, 50, 2475
2026/08/02 17:00:29.371, 27, 3, 2651, 37.22, 50, 2475
2026/08/02 17:00:29.571, 27, 3, 3035, 37.22, 50, 2475
2026/08/02 17:00:29.772, 16, 2, 2416, 36.92, 50, 2475
2026/08/02 17:00:29.975, 16, 2, 2651, 36.92, 50, 2475
2026/08/02 17:00:30.175, 11, 2, 3167, 36.96, 50, 2475
2026/08/02 17:00:30.389, 11, 2, 2569, 36.96, 50, 2475
2026/08/02 17:00:30.591, 11, 2, 2723, 36.96, 50, 2475
2026/08/02 17:00:30.793, 13, 2, 2964, 37.35, 50, 2475
2026/08/02 17:00:30.995, 13, 2, 2417, 37.35, 50, 2475
2026/08/02 17:00:31.197, 3, 1, 2417, 37.28, 50, 2475
2026/08/02 17:00:31.399, 3, 1, 2417, 37.28, 50, 2475
2026/08/02 17:00:31.601, 3, 1, 2417, 37.28, 50, 2475
2026/08/02 17:00:31.801, 3, 1, 2417, 36.11, 50, 1395
2026/08/02 17:00:32.004, 3, 1, 2417, 36.11, 50, 1395
2026/08/02 17:00:32.207, 4, 2, 2558, 32.12, 49, 1185
2026/08/02 17:00:32.407, 4, 2, 2552, 32.12, 49, 1185
2026/08/02 17:00:32.610, 4, 2, 2899, 32.12, 49, 1185
2026/08/02 17:00:32.813, 24, 3, 3051, 31.85, 50, 2475
2026/08/02 17:00:33.033, 24, 3, 2573, 31.85, 50, 2475
2026/08/02 17:00:33.246, 10, 2, 2421, 35.20, 50, 2475
2026/08/02 17:00:33.447, 10, 2, 3553, 35.20, 50, 2475
2026/08/02 17:00:33.666, 9, 2, 2573, 37.16, 50, 1575
2026/08/02 17:00:33.880, 9, 2, 2417, 37.16, 50, 1575
2026/08/02 17:00:34.095, 9, 2, 2953, 37.16, 50, 1575
2026/08/02 17:00:34.310, 24, 3, 2408, 36.77, 50, 2475
2026/08/02 17:00:34.514, 24, 3, 2574, 36.77, 50, 2475
2026/08/02 17:00:34.714, 16, 2, 2406, 36.32, 50, 2475
2026/08/02 17:00:34.916, 16, 2, 3044, 36.32, 50, 2475
2026/08/02 17:00:35.117, 10, 2, 2399, 37.14, 50, 2475
2026/08/02 17:00:35.317, 10, 2, 2399, 37.14, 50, 2475
2026/08/02 17:00:35.519, 10, 2, 2535, 37.14, 50, 2475
2026/08/02 17:00:35.719, 8, 1, 2817, 36.89, 50, 2475
2026/08/02 17:00:35.921, 8, 1, 3034, 36.89, 50, 2475
2026/08/02 17:00:36.137, 29, 3, 2396, 36.94, 50, 2475
2026/08/02 17:00:36.352, 29, 3, 2626, 36.94, 50, 2475
2026/08/02 17:00:36.566, 29, 3, 2398, 36.94, 50, 2475
2026/08/02 17:00:36.769, 15, 2, 3199, 37.57, 50, 2475
2026/08/02 17:00:36.969, 15, 2, 2395, 37.57, 50, 2475
2026/08/02 17:00:37.184, 9, 1, 3125, 37.29, 50, 2475
2026/08/02 17:00:37.398, 9, 1, 2620, 37.29, 50, 2475
2026/08/02 17:00:37.612, 9, 1, 2387, 37.29, 50, 2475
2026/08/02 17:00:37.825, 30, 4, 2390, 37.83, 50, 2475
2026/08/02 17:00:38.028, 30, 4, 3044, 37.83, 50, 2475
2026/08/02 17:00:38.230, 26, 3, 2552, 37.95, 50, 2475
2026/08/02 17:00:38.433, 26, 3, 2893, 37.95, 50, 2475
2026/08/02 17:00:38.648, 4, 1, 2417, 37.76, 50, 1665
2026/08/02 17:00:38.863, 4, 1, 2893, 37.76, 50, 1665
2026/08/02 17:00:39.078, 4, 1, 2606, 37.76, 50, 1665
2026/08/02 17:00:39.293, 14, 2, 2413, 36.81, 50, 2475
2026/08/02 17:00:39.508, 14, 2, 2550, 36.81, 50, 2475
2026/08/02 17:00:39.724, 8, 1, 2413, 35.99, 50, 2475
2026/08/02 17:00:39.939, 8, 1, 3050, 35.99, 50, 2475
2026/08/02 17:00:40.153, 30, 3, 2423, 37.20, 50, 2475
2026/08/02 17:00:40.354, 30, 3, 3056, 37.20, 50, 2475
2026/08/02 17:00:40.569, 30, 3, 2583, 37.20, 50, 2475
2026/08/02 17:00:40.784, 7, 1, 2937, 37.64, 50, 2475
2026/08/02 17:00:40.999, 7, 1, 2679, 37.64, 50, 2475
2026/08/02 17:00:41.200, 22, 3, 2451, 37.66, 50, 2475
2026/08/02 17:00:41.402, 22, 3, 3082, 37.66, 50, 2475
2026/08/02 17:00:41.603, 22, 3, 2441, 37.66, 50, 2475
2026/08/02 17:00:41.817, 9, 2, 2481, 37.58, 50, 1650
2026/08/02 17:00:42.032, 9, 2, 2494, 37.58, 50, 1650
2026/08/02 17:00:42.247, 1, 1, 2494, 33.46, 50, 1395
2026/08/02 17:00:42.463, 1, 1, 2490, 33.46, 50, 1395
2026/08/02 17:00:42.663, 9, 13, 2494, 26.87, 50, 1110
2026/08/02 17:00:42.878, 9, 13, 2470, 26.87, 50, 1110
2026/08/02 17:00:43.093, 9, 13, 2468, 26.87, 50, 1110
2026/08/02 17:00:43.308, 28, 4, 2747, 25.39, 50, 2475
2026/08/02 17:00:43.510, 28, 4, 3956, 25.39, 50, 2475
2026/08/02 17:00:43.715, 27, 4, 2642, 31.33, 50, 2475
2026/08/02 17:00:43.921, 27, 4, 2930, 31.33, 50, 2475
2026/08/02 17:00:44.126, 33, 4, 2473, 37.77, 50, 2475
2026/08/02 17:00:44.330, 33, 4, 2702, 37.77, 50, 2475
2026/08/02 17:00:44.535, 33, 4, 3058, 37.77, 50, 2475
2026/08/02 17:00:44.741, 24, 3, 2575, 37.47, 50, 2475
2026/08/02 17:00:44.945, 24, 3, 2734, 37.47, 50, 2475
2026/08/02 17:00:45.150, 27, 3, 2980, 37.37, 50, 2475
2026/08/02 17:00:45.354, 27, 3, 2654, 37.37, 50, 2475
2026/08/02 17:00:45.555, 27, 3, 3048, 37.37, 50, 2475
2026/08/02 17:00:45.761, 16, 2, 2431, 37.59, 50, 2475
2026/08/02 17:00:45.965, 16, 2, 2668, 37.59, 50, 2475
2026/08/02 17:00:46.167, 10, 1, 3462, 37.59, 50, 2475
2026/08/02 17:00:46.371, 10, 1, 2606, 37.59, 50, 2475
2026/08/02 17:00:46.576, 10, 1, 2737, 37.59, 50, 2475
2026/08/02 17:00:46.780, 8, 1, 2930, 37.56, 50, 2475
2026/08/02 17:00:46.983, 8, 1, 2437, 37.56, 50, 2475
2026/08/02 17:00:47.185, 4, 1, 2437, 37.28, 50, 2475
2026/08/02 17:00:47.388, 4, 1, 2437, 37.28, 50, 2475
2026/08/02 17:00:47.591, 4, 1, 2436, 37.28, 50, 2475
2026/08/02 17:00:47.793, 3, 1, 2435, 36.52, 50, 1320
2026/08/02 17:00:47.996, 3, 1, 2460, 36.52, 50, 1320
2026/08/02 17:00:48.198, 1, 1, 2493, 32.47, 50, 1125
2026/08/02 17:00:48.402, 1, 1, 2624, 32.47, 50, 1125
2026/08/02 17:00:48.605, 1, 1, 2614, 32.47, 50, 1125
2026/08/02 17:00:48.808, 25, 4, 2776, 29.08, 50, 2475
2026/08/02 17:00:49.011, 25, 4, 3237, 29.08, 50, 2475
2026/08/02 17:00:49.213, 27, 3, 2492, 31.82, 50, 2475
2026/08/02 17:00:49.417, 27, 3, 2730, 31.82, 50, 2475
2026/08/02 17:00:49.622, 17, 2, 3213, 36.77, 50, 2475
2026/08/02 17:00:49.825, 17, 2, 2577, 36.77, 50, 2475
2026/08/02 17:00:50.027, 17, 2, 2691, 36.77, 50, 2475
2026/08/02 17:00:50.231, 4, 1, 3212, 37.38, 50, 2475
2026/08/02 17:00:50.436, 4, 1, 2443, 37.38, 50, 2475
2026/08/02 17:00:50.640, 14, 2, 2749, 37.79, 50, 2475
2026/08/02 17:00:50.846, 14, 2, 3511, 37.79, 50, 2475
2026/08/02 17:00:51.050, 14, 2, 2579, 37.79, 50, 2475
2026/08/02 17:00:51.255, 8, 1, 2749, 37.77, 50, 2475
2026/08/02 17:00:51.456, 8, 1, 3602, 37.77, 50, 2475
2026/08/02 17:00:51.661, 15, 2, 2614, 37.58, 50, 2475
2026/08/02 17:00:51.865, 15, 2, 2876, 37.58, 50, 2475
2026/08/02 17:00:52.069, 15, 2, 3806, 37.58, 50, 2475
2026/08/02 17:00:52.273, 25, 3, 2433, 36.86, 50, 2475
2026/08/02 17:00:52.476, 25, 3, 2430, 36.86, 50, 2475
2026/08/02 17:00:52.678, 3, 1, 2430, 36.09, 50, 1500
2026/08/02 17:00:52.880, 3, 1, 2430, 36.09, 50, 1500
2026/08/02 17:00:53.084, 3, 1, 2430, 36.09, 50, 1500
2026/08/02 17:00:53.287, 5, 2, 2415, 32.71, 50, 1275
2026/08/02 17:00:53.489, 5, 2, 2405, 32.71, 50, 1275
2026/08/02 17:00:53.694, 5, 2, 2405, 28.90, 50, 1005
2026/08/02 17:00:53.898, 5, 2, 2405, 28.90, 50, 1005
2026/08/02 17:00:54.103, 5, 2, 2405, 28.90, 50, 1005
2026/08/02 17:00:54.305, 6, 11, 2404, 25.28, 50, 855
2026/08/02 17:00:54.509, 6, 11, 2559, 25.28, 50, 855
2026/08/02 17:00:54.711, 14, 10, 2540, 23.22, 50, 2475
2026/08/02 17:00:54.915, 14, 10, 2947, 23.22, 50, 2475
2026/08/02 17:00:55.118, 8, 1, 2645, 29.99, 50, 2475
2026/08/02 17:00:55.320, 8, 1, 2415, 29.99, 50, 2475
2026/08/02 17:00:55.523, 8, 1, 3555, 29.99, 50, 2475
2026/08/02 17:00:55.726, 42, 5, 2603, 38.07, 51, 2475
2026/08/02 17:00:55.929, 42, 5, 2403, 38.07, 51, 2475
2026/08/02 17:00:56.133, 15, 2, 3054, 38.96, 51, 2475
2026/08/02 17:00:56.339, 15, 2, 2409, 38.96, 51, 2475
2026/08/02 17:00:56.544, 15, 2, 2652, 38.96, 51, 2475
2026/08/02 17:00:56.748, 14, 2, 2414, 38.66, 51, 2475
2026/08/02 17:00:56.952, 14, 2, 3450, 38.66, 51, 2475
2026/08/02 17:00:57.155, 16, 3, 2560, 38.06, 50, 2475
2026/08/02 17:00:57.361, 16, 3, 2405, 38.06, 50, 2475
2026/08/02 17:00:57.565, 16, 3, 2405, 38.06, 50, 2475
2026/08/02 17:00:57.768, 3, 1, 2411, 37.62, 50, 1455
2026/08/02 17:00:57.971, 3, 1, 3424, 37.62, 50, 1455
2026/08/02 17:00:58.174, 29, 3, 2614, 35.46, 50, 2475
2026/08/02 17:00:58.376, 29, 3, 2403, 35.46, 50, 2475
2026/08/02 17:00:58.581, 29, 3, 2401, 35.46, 50, 2475
2026/08/02 17:00:58.786, 4, 1, 2416, 35.17, 50, 1635
2026/08/02 17:00:58.989, 4, 1, 3065, 35.17, 50, 1635
2026/08/02 17:00:59.190, 40, 5, 2558, 35.54, 51, 2475
2026/08/02 17:00:59.391, 40, 5, 2902, 35.54, 51, 2475
2026/08/02 17:00:59.593, 40, 5, 2974, 35.54, 51, 2475
2026/08/02 17:00:59.798, 8, 1, 2440, 35.86, 51, 2475
2026/08/02 17:01:00.000, 8, 1, 2610, 35.86, 51, 2475
2026/08/02 17:01:00.215, 16, 2, 2443, 37.97, 51, 2475
2026/08/02 17:01:00.421, 16, 2, 3090, 37.97, 51, 2475
2026/08/02 17:01:00.624, 20, 2, 2582, 37.78, 50, 1725
2026/08/02 17:01:00.828, 20, 2, 2432, 37.78, 50, 1725
2026/08/02 17:01:01.033, 20, 2, 2432, 37.78, 50, 1725
2026/08/02 17:01:01.238, 3, 1, 3130, 37.31, 51, 2475
2026/08/02 17:01:01.453, 3, 1, 2682, 37.31, 51, 2475
2026/08/02 17:01:01.658, 25, 3, 2463, 37.14, 51, 2475
2026/08/02 17:01:01.863, 25, 3, 2935, 37.14, 51, 2475
2026/08/02 17:01:02.066, 25, 3, 2457, 37.14, 51, 2475
2026/08/02 17:01:02.270, 1, 1, 3607, 37.39, 51, 2475
2026/08/02 17:01:02.477, 1, 1, 2673, 37.39, 51, 2475
2026/08/02 17:01:02.680, 25, 3, 2443, 37.60, 51, 2475
2026/08/02 17:01:02.884, 25, 3, 2443, 37.60, 51, 2475
2026/08/02 17:01:03.089, 25, 3, 2442, 37.60, 51, 2475
2026/08/02 17:01:03.293, 0, 1, 3086, 37.53, 51, 2475
2026/08/02 17:01:03.498, 0, 1, 2565, 37.53, 51, 2475
2026/08/02 17:01:03.702, 9, 1, 2975, 37.69, 51, 2475
2026/08/02 17:01:03.906, 9, 1, 2427, 37.69, 51, 2475
2026/08/02 17:01:04.109, 9, 1, 2435, 37.69, 51, 2475
2026/08/02 17:01:04.313, 3, 1, 3074, 37.08, 51, 2475
2026/08/02 17:01:04.516, 3, 1, 2573, 37.08, 51, 2475
2026/08/02 17:01:04.719, 8, 1, 3523, 37.47, 51, 2475
2026/08/02 17:01:04.924, 8, 1, 2429, 37.47, 51, 2475
2026/08/02 17:01:05.129, 3, 1, 2428, 37.50, 51, 2475
2026/08/02 17:01:05.333, 3, 1, 2428, 37.50, 51, 2475
2026/08/02 17:01:05.535, 3, 1, 2424, 37.50, 51, 2475
2026/08/02 17:01:05.741, 3, 1, 2442, 36.68, 51, 1365
2026/08/02 17:01:05.944, 3, 1, 2436, 36.68, 51, 1365
2026/08/02 17:01:06.149, 4, 2, 2978, 32.61, 50, 2475
2026/08/02 17:01:06.353, 4, 2, 2603, 32.61, 50, 2475
2026/08/02 17:01:06.559, 4, 2, 2910, 32.61, 50, 2475
2026/08/02 17:01:06.762, 5, 1, 2449, 32.68, 51, 2475
2026/08/02 17:01:06.966, 5, 1, 2691, 32.68, 51, 2475
2026/08/02 17:01:07.169, 6, 1, 3319, 35.84, 51, 2475
2026/08/02 17:01:07.373, 6, 1, 2593, 35.84, 51, 2475
2026/08/02 17:01:07.576, 6, 1, 2749, 35.84, 51, 2475
2026/08/02 17:01:07.780, 9, 1, 2934, 36.94, 51, 2475
2026/08/02 17:01:07.986, 9, 1, 2685, 36.94, 51, 2475
2026/08/02 17:01:08.189, 9, 2, 3471, 36.95, 51, 2475
2026/08/02 17:01:08.394, 9, 2, 2591, 36.95, 51, 2475
2026/08/02 17:01:08.599, 9, 2, 2586, 36.95, 51, 2475
2026/08/02 17:01:08.804, 22, 3, 2734, 37.24, 51, 2475
2026/08/02 17:01:09.011, 22, 3, 2447, 37.24, 51, 2475
2026/08/02 17:01:09.216, 14, 2, 2682, 37.13, 51, 2475
2026/08/02 17:01:09.420, 14, 2, 3467, 37.13, 51, 2475
2026/08/02 17:01:09.624, 15, 2, 2605, 37.27, 51, 2475
2026/08/02 17:01:09.826, 15, 2, 2871, 37.27, 51, 2475
2026/08/02 17:01:10.029, 15, 2, 2444, 37.27, 51, 2475
2026/08/02 17:01:10.232, 13, 2, 2679, 37.17, 51, 2475
2026/08/02 17:01:10.438, 13, 2, 3955, 37.17, 51, 2475
2026/08/02 17:01:10.641, 12, 2, 3001, 37.28, 51, 2475
2026/08/02 17:01:10.844, 12, 2, 2635, 37.28, 51, 2475
2026/08/02 17:01:11.048, 12, 2, 2987, 37.28, 51, 2475
2026/08/02 17:01:11.251, 15, 2, 2581, 37.35, 51, 2475
2026/08/02 17:01:11.453, 15, 2, 2731, 37.35, 51, 2475
2026/08/02 17:01:11.656, 23, 2, 2929, 37.18, 51, 2475
2026/08/02 17:01:11.859, 23, 2, 2662, 37.18, 51, 2475
2026/08/02 17:01:12.063, 23, 2, 3448, 37.18, 51, 2475
2026/08/02 17:01:12.275, 26, 3, 2601, 37.16, 51, 2475
2026/08/02 17:01:12.487, 26, 3, 2852, 37.16, 51, 2475
2026/08/02 17:01:12.691, 21, 2, 2437, 37.05, 51, 2475
2026/08/02 17:01:12.895, 21, 2, 2428, 37.05, 51, 2475
2026/08/02 17:01:13.099, 21, 2, 2650, 37.05, 51, 2475
2026/08/02 17:01:13.302, 11, 2, 3438, 37.35, 51, 2475
2026/08/02 17:01:13.504, 11, 2, 2614, 37.35, 51, 2475
2026/08/02 17:01:13.708, 11, 2, 2905, 37.42, 51, 2475
2026/08/02 17:01:13.910, 11, 2, 2434, 37.42, 51, 2475
2026/08/02 17:01:14.112, 11, 2, 2712, 37.42, 51, 2475
2026/08/02 17:01:14.318, 9, 1, 3732, 37.13, 51, 2475
2026/08/02 17:01:14.522, 9, 1, 2647, 37.13, 51, 2475
2026/08/02 17:01:14.728, 8, 1, 3031, 37.03, 51, 2475
2026/08/02 17:01:14.934, 8, 1, 2422, 37.03, 51, 2475
2026/08/02 17:01:15.137, 2, 1, 2422, 36.84, 51, 2475
2026/08/02 17:01:15.341, 2, 1, 2422, 36.84, 51, 2475
2026/08/02 17:01:15.545, 2, 1, 2415, 36.84, 51, 2475
2026/08/02 17:01:15.748, 1, 1, 2415, 35.94, 51, 1230
2026/08/02 17:01:15.952, 1, 1, 2413, 35.94, 51, 1230
2026/08/02 17:01:16.154, 1, 10, 2405, 30.28, 50, 1035
2026/08/02 17:01:16.357, 1, 10, 2431, 30.28, 50, 1035
2026/08/02 17:01:16.561, 1, 10, 2429, 30.28, 50, 1035
2026/08/02 17:01:16.765, 13, 14, 2428, 24.33, 50, 825
2026/08/02 17:01:16.970, 13, 14, 2428, 24.33, 50, 825
2026/08/02 17:01:17.174, 4, 10, 2428, 21.67, 50, 720
2026/08/02 17:01:17.378, 4, 10, 2448, 21.67, 50, 720
2026/08/02 17:01:17.580, 4, 10, 2497, 21.67, 50, 720
2026/08/02 17:01:17.785, 9, 10, 2477, 21.16, 50, 570
2026/08/02 17:01:17.988, 9, 10, 2471, 21.16, 50, 570
2026/08/02 17:01:18.192, 10, 11, 2467, 20.80, 50, 495
2026/08/02 17:01:18.398, 10, 11, 2467, 20.80, 50, 495
2026/08/02 17:01:18.599, 10, 11, 2526, 20.80, 50, 495
2026/08/02 17:01:18.805, 20, 16, 2515, 20.58, 50, 405
2026/08/02 17:01:19.009, 20, 16, 2515, 20.58, 50, 405
2026/08/02 17:01:19.213, 8, 9, 2515, 19.95, 50, 420
2026/08/02 17:01:19.416, 8, 9, 2514, 19.95, 50, 420
2026/08/02 17:01:19.618, 6, 10, 2503, 19.34, 50, 420
2026/08/02 17:01:19.822, 6, 10, 2486, 19.34, 50, 420
2026/08/02 17:01:20.023, 6, 10, 2470, 19.34, 50, 420
2026/08/02 17:01:20.228, 3, 11, 2472, 19.16, 50, 420
2026/08/02 17:01:20.431, 3, 11, 2454, 19.16, 50, 420
2026/08/02 17:01:20.635, 10, 14, 2446, 19.38, 50, 210
2026/08/02 17:01:20.836, 10, 14, 2447, 19.38, 50, 210
2026/08/02 17:01:21.038, 10, 14, 2451, 19.38, 50, 210
2026/08/02 17:01:21.242, 27, 28, 2452, 18.97, 50, 210
2026/08/02 17:01:21.444, 27, 28, 2425, 18.97, 50, 210
2026/08/02 17:01:21.648, 35, 33, 2645, 18.45, 50, 2475
2026/08/02 17:01:21.851, 35, 33, 3029, 18.45, 50, 2475
2026/08/02 17:01:22.056, 35, 33, 2442, 18.45, 50, 2475
2026/08/02 17:01:22.260, 10, 2, 2708, 26.73, 51, 2475
2026/08/02 17:01:22.465, 10, 2, 3795, 26.73, 51, 2475
2026/08/02 17:01:22.669, 13, 2, 2420, 35.01, 51, 1695
2026/08/02 17:01:22.874, 13, 2, 2419, 35.01, 51, 1695
2026/08/02 17:01:23.078, 13, 2, 2419, 35.01, 51, 1695
2026/08/02 17:01:23.279, 4, 2, 2609, 33.20, 50, 1440
2026/08/02 17:01:23.481, 4, 2, 3010, 33.20, 50, 1440
2026/08/02 17:01:23.685, 30, 3, 2412, 31.80, 51, 2475
2026/08/02 17:01:23.889, 30, 3, 2690, 31.80, 51, 2475
2026/08/02 17:01:24.096, 30, 3, 3923, 31.80, 51, 2475
2026/08/02 17:01:24.301, 22, 3, 2397, 34.57, 51, 2475
2026/08/02 17:01:24.504, 22, 3, 2396, 34.57, 51, 2475
2026/08/02 17:01:24.707, 3, 1, 2395, 36.65, 51, 1575
2026/08/02 17:01:24.911, 3, 1, 2395, 36.65, 51, 1575
2026/08/02 17:01:25.113, 3, 1, 2601, 36.65, 51, 1575
2026/08/02 17:01:25.316, 3, 2, 2943, 33.07, 51, 2475
2026/08/02 17:01:25.518, 3, 2, 2417, 33.07, 51, 2475
2026/08/02 17:01:25.721, 5, 1, 2695, 33.36, 51, 2475
2026/08/02 17:01:25.926, 5, 1, 3419, 33.36, 51, 2475
2026/08/02 17:01:26.130, 14, 3, 2408, 36.76, 51, 2475
2026/08/02 17:01:26.334, 14, 3, 2408, 36.76, 51, 2475
2026/08/02 17:01:26.538, 14, 3, 2408, 36.76, 51, 2475
2026/08/02 17:01:26.744, 1, 1, 2407, 35.67, 51, 1275
2026/08/02 17:01:26.948, 1, 1, 2407, 35.67, 51, 1275
2026/08/02 17:01:27.153, 1, 2, 2407, 31.54, 50, 1065
2026/08/02 17:01:27.358, 1, 2, 2406, 31.54, 50, 1065
2026/08/02 17:01:27.562, 1, 2, 2386, 31.54, 50, 1065
2026/08/02 17:01:27.765, 6, 7, 2378, 25.38, 50, 825
2026/08/02 17:01:27.968, 6, 7, 2378, 25.38, 50, 825
2026/08/02 17:01:28.171, 8, 14, 2378, 22.17, 50, 705
2026/08/02 17:01:28.375, 8, 14, 2378, 22.17, 50, 705
2026/08/02 17:01:28.576, 8, 14, 2378, 22.17, 50, 705
2026/08/02 17:01:28.780, 7, 12, 2518, 21.26, 50, 555
2026/08/02 17:01:28.981, 7, 12, 2673, 21.26, 50, 555
2026/08/02 17:01:29.184, 8, 1, 2933, 26.35, 51, 2475
2026/08/02 17:01:29.388, 8, 1, 2609, 26.35, 51, 2475
2026/08/02 17:01:29.592, 8, 1, 2993, 26.35, 51, 2475
2026/08/02 17:01:29.794, 8, 1, 2385, 33.71, 51, 2475
2026/08/02 17:01:29.996, 8, 1, 2384, 33.71, 51, 2475
2026/08/02 17:01:30.200, 3, 1, 2384, 36.96, 51, 2475
2026/08/02 17:01:30.404, 3, 1, 2370, 36.96, 51, 2475
2026/08/02 17:01:30.607, 3, 1, 2575, 36.96, 51, 2475
2026/08/02 17:01:30.809, 9, 1, 3361, 36.40, 51, 2475
2026/08/02 17:01:31.012, 9, 1, 2489, 36.40, 51, 2475
2026/08/02 17:01:31.216, 8, 1, 2639, 36.67, 51, 2475
2026/08/02 17:01:31.418, 8, 1, 3383, 36.67, 51, 2475
2026/08/02 17:01:31.621, 13, 2, 2352, 36.82, 51, 1680
2026/08/02 17:01:31.822, 13, 2, 2361, 36.82, 51, 1680
2026/08/02 17:01:32.026, 13, 2, 2631, 36.82, 51, 1680
2026/08/02 17:01:32.230, 10, 2, 3383, 35.12, 51, 2475
2026/08/02 17:01:32.434, 10, 2, 2521, 35.12, 51, 2475
2026/08/02 17:01:32.638, 8, 1, 2719, 35.26, 51, 2475
2026/08/02 17:01:32.841, 8, 1, 3617, 35.26, 51, 2475
2026/08/02 17:01:33.046, 8, 1, 2368, 35.26, 51, 2475
2026/08/02 17:01:33.252, 3, 1, 2368, 37.32, 51, 2475
2026/08/02 17:01:33.455, 3, 1, 2368, 37.32, 51, 2475
2026/08/02 17:01:33.659, 4, 2, 2373, 36.17, 51, 1275
2026/08/02 17:01:33.861, 4, 2, 2386, 36.17, 51, 1275
2026/08/02 17:01:34.067, 4, 2, 2416, 36.17, 51, 1275
2026/08/02 17:01:34.271, 11, 13, 2425, 30.19, 50, 1110
2026/08/02 17:01:34.474, 11, 13, 2425, 30.19, 50, 1110
2026/08/02 17:01:34.675, 9, 11, 2434, 23.99, 50, 885
2026/08/02 17:01:34.878, 9, 11, 2657, 23.99, 50, 885
2026/08/02 17:01:35.082, 9, 11, 3046, 23.99, 50, 885
2026/08/02 17:01:35.284, 6, 1, 2440, 27.22, 51, 2475
2026/08/02 17:01:35.489, 6, 1, 2663, 27.22, 51, 2475
2026/08/02 17:01:35.695, 18, 2, 3453, 34.24, 51, 2475
2026/08/02 17:01:35.899, 18, 2, 2440, 34.24, 51, 2475
2026/08/02 17:01:36.103, 18, 2, 2440, 34.24, 51, 2475
2026/08/02 17:01:36.308, 4, 1, 2435, 37.47, 51, 2475
2026/08/02 17:01:36.512, 4, 1, 2431, 37.47, 51, 2475
2026/08/02 17:01:36.716, 5, 2, 2431, 35.99, 51, 1275
2026/08/02 17:01:36.920, 5, 2, 2431, 35.99, 51, 1275
2026/08/02 17:01:37.123, 5, 2, 2431, 31.96, 50, 1095
2026/08/02 17:01:37.331, 5, 2, 2578, 31.96, 50, 1095
2026/08/02 17:01:37.545, 5, 2, 2894, 31.96, 50, 1095
2026/08/02 17:01:37.746, 35, 4, 2415, 31.25, 51, 2475
2026/08/02 17:01:37.949, 35, 4, 2638, 31.25, 51, 2475
2026/08/02 17:01:38.153, 8, 1, 3426, 34.61, 51, 2475
2026/08/02 17:01:38.357, 8, 1, 2415, 34.61, 51, 2475
2026/08/02 17:01:38.559, 8, 1, 2702, 34.61, 51, 2475
2026/08/02 17:01:38.760, 8, 1, 3417, 36.70, 51, 2475
2026/08/02 17:01:38.964, 8, 1, 2570, 36.70, 51, 2475
2026/08/02 17:01:39.166, 11, 2, 2702, 37.04, 51, 2475
2026/08/02 17:01:39.369, 11, 2, 2580, 37.04, 51, 2475
2026/08/02 17:01:39.571, 11, 2, 2629, 37.04, 51, 2475
2026/08/02 17:01:39.772, 6, 1, 3029, 37.42, 51, 2475
2026/08/02 17:01:39.976, 6, 1, 2543, 37.42, 51, 2475
2026/08/02 17:01:40.180, 10, 2, 2693, 37.89, 51, 2475
2026/08/02 17:01:40.386, 10, 2, 3918, 37.89, 51, 2475
2026/08/02 17:01:40.588, 10, 2, 2584, 37.89, 51, 2475
2026/08/02 17:01:40.790, 11, 2, 2872, 37.87, 51, 2475
2026/08/02 17:01:40.994, 11, 2, 2391, 37.87, 51, 2475
2026/08/02 17:01:41.198, 5, 1, 2391, 37.52, 51, 2475
2026/08/02 17:01:41.401, 5, 1, 2391, 37.52, 51, 2475
2026/08/02 17:01:41.606, 5, 1, 2391, 37.52, 51, 2475
2026/08/02 17:01:41.809, 3, 2, 2412, 36.35, 51, 1575
2026/08/02 17:01:42.012, 3, 2, 2422, 36.35, 51, 1575
2026/08/02 17:01:42.254, 5, 2, 3002, 33.09, 51, 2475
2026/08/02 17:01:42.463, 5, 2, 2413, 33.09, 51, 2475
2026/08/02 17:01:42.668, 8, 1, 2636, 33.59, 51, 2475
2026/08/02 17:01:42.871, 8, 1, 3422, 33.59, 51, 2475
2026/08/02 17:01:43.072, 8, 1, 3447, 33.59, 51, 2475
2026/08/02 17:01:43.276, 4, 1, 2415, 36.97, 51, 2475
2026/08/02 17:01:43.480, 4, 1, 2629, 36.97, 51, 2475
2026/08/02 17:01:43.681, 24, 2, 3415, 36.98, 51, 2475
2026/08/02 17:01:43.884, 24, 2, 3447, 36.98, 51, 2475
2026/08/02 17:01:44.088, 24, 2, 2414, 36.98, 51, 2475
2026/08/02 17:01:44.290, 18, 3, 2629, 37.14, 51, 2475
2026/08/02 17:01:44.495, 18, 3, 3415, 37.14, 51, 2475
2026/08/02 17:01:44.698, 13, 1, 3445, 37.44, 51, 2475
2026/08/02 17:01:44.901, 13, 1, 2449, 37.44, 51, 2475
2026/08/02 17:01:45.105, 13, 1, 2691, 37.44, 51, 2475
2026/08/02 17:01:45.310, 11, 1, 3445, 37.26, 51, 2475
2026/08/02 17:01:45.515, 11, 1, 4033, 37.26, 51, 2475
2026/08/02 17:01:45.721, 5, 1, 2595, 37.62, 51, 2475
2026/08/02 17:01:45.926, 5, 1, 2944, 37.62, 51, 2475
2026/08/02 17:01:46.135, 28, 3, 3433, 37.79, 51, 2475
2026/08/02 17:01:46.337, 28, 3, 2952, 37.79, 51, 2475
2026/08/02 17:01:46.541, 28, 3, 2407, 37.79, 51, 2475
2026/08/02 17:01:46.746, 5, 2, 2562, 37.37, 51, 1470
2026/08/02 17:01:46.948, 5, 2, 2709, 37.37, 51, 1470
2026/08/02 17:01:47.154, 21, 2, 3442, 36.62, 51, 2475
2026/08/02 17:01:47.368, 21, 2, 3465, 36.62, 51, 2475
2026/08/02 17:01:47.582, 21, 2, 2422, 36.62, 51, 2475
2026/08/02 17:01:47.797, 8, 3, 2727, 36.18, 51, 1425
2026/08/02 17:01:48.012, 8, 3, 3111, 36.18, 51, 1425
2026/08/02 17:01:48.214, 28, 3, 3550, 37.02, 51, 2475
2026/08/02 17:01:48.417, 28, 3, 2490, 37.02, 51, 2475
2026/08/02 17:01:48.632, 12, 2, 2714, 37.00, 51, 2475
2026/08/02 17:01:48.848, 12, 2, 3500, 37.00, 51, 2475
2026/08/02 17:01:49.063, 12, 2, 3531, 37.00, 51, 2475
2026/08/02 17:01:49.279, 3, 1, 2498, 37.30, 51, 2475
2026/08/02 17:01:49.494, 3, 1, 2712, 37.30, 51, 2475
2026/08/02 17:01:49.694, 19, 2, 3496, 36.81, 51, 2475
2026/08/02 17:01:49.909, 19, 2, 2487, 36.81, 51, 2475
2026/08/02 17:01:50.111, 19, 2, 2507, 36.81, 51, 2475
2026/08/02 17:01:50.312, 8, 1, 2773, 36.89, 51, 2475
2026/08/02 17:01:50.516, 8, 1, 3494, 36.89, 51, 2475
2026/08/02 17:01:50.716, 23, 2, 3521, 37.42, 51, 2475
2026/08/02 17:01:50.931, 23, 2, 2487, 37.42, 51, 2475
2026/08/02 17:01:51.135, 12, 2, 2701, 36.91, 51, 2475
2026/08/02 17:01:51.335, 12, 2, 3324, 36.91, 51, 2475
2026/08/02 17:01:51.536, 12, 2, 2461, 36.91, 51, 2475
2026/08/02 17:01:51.737, 5, 2, 2480, 36.83, 51, 1680
2026/08/02 17:01:51.938, 5, 2, 2695, 36.83, 51, 1680
2026/08/02 17:01:52.138, 8, 1, 3480, 35.65, 51, 2475
2026/08/02 17:01:52.349, 8, 1, 3511, 35.65, 51, 2475
2026/08/02 17:01:52.549, 8, 1, 2466, 35.65, 51, 2475
2026/08/02 17:01:52.750, 2, 1, 2685, 34.78, 51, 1380
2026/08/02 17:01:52.964, 2, 1, 3069, 34.78, 51, 1380
2026/08/02 17:01:53.178, 26, 2, 2471, 36.29, 51, 2475
2026/08/02 17:01:53.379, 26, 2, 2598, 36.29, 51, 2475
2026/08/02 17:01:53.594, 26, 2, 2747, 36.29, 51, 2475
2026/08/02 17:01:53.808, 6, 1, 3501, 36.23, 51, 2475
2026/08/02 17:01:54.023, 6, 1, 3814, 36.23, 51, 2475
2026/08/02 17:01:54.237, 9, 1, 2611, 36.92, 51, 2475
2026/08/02 17:01:54.452, 9, 1, 2743, 36.92, 51, 2475
2026/08/02 17:01:54.655, 25, 3, 3482, 36.66, 52, 2475
2026/08/02 17:01:54.855, 25, 3, 2473, 36.66, 52, 2475
2026/08/02 17:01:55.056, 25, 3, 2643, 36.66, 52, 2475
2026/08/02 17:01:55.272, 6, 1, 2761, 36.96, 52, 2475
2026/08/02 17:01:55.487, 6, 1, 3528, 36.96, 52, 2475
2026/08/02 17:01:55.702, 2, 1, 4030, 37.10, 51, 2475
2026/08/02 17:01:55.916, 2, 1, 2640, 37.10, 51, 2475
2026/08/02 17:01:56.117, 2, 1, 2784, 37.10, 51, 2475
2026/08/02 17:01:56.333, 6, 1, 3537, 36.72, 52, 2475
2026/08/02 17:01:56.533, 6, 1, 2500, 36.72, 52, 2475
2026/08/02 17:01:56.734, 2, 1, 2723, 36.35, 52, 1590
2026/08/02 17:01:56.934, 2, 1, 3108, 36.35, 52, 1590
2026/08/02 17:01:57.135, 19, 1, 3543, 36.67, 52, 2475
2026/08/02 17:01:57.351, 19, 1, 2976, 36.67, 52, 2475
2026/08/02 17:01:57.554, 19, 1, 2677, 36.67, 52, 2475
2026/08/02 17:01:57.760, 8, 1, 2907, 36.61, 52, 2475
2026/08/02 17:01:57.975, 8, 1, 3675, 36.61, 52, 2475
2026/08/02 17:01:58.189, 2, 1, 2494, 37.28, 52, 2475
2026/08/02 17:01:58.405, 2, 1, 2712, 37.28, 52, 2475
2026/08/02 17:01:58.618, 2, 1, 3084, 37.28, 52, 2475
2026/08/02 17:01:58.835, 25, 3, 3516, 36.99, 52, 2475
2026/08/02 17:01:59.047, 25, 3, 2475, 36.99, 52, 2475
2026/08/02 17:01:59.262, 4, 1, 2698, 36.88, 52, 2475
2026/08/02 17:01:59.477, 4, 1, 3083, 36.88, 52, 2475
2026/08/02 17:01:59.692, 26, 2, 2704, 37.49, 52, 2475
2026/08/02 17:01:59.908, 26, 2, 2495, 37.49, 52, 2475
2026/08/02 17:02:00.123, 10, 2, 2763, 37.01, 52, 2475
2026/08/02 17:02:00.336, 10, 2, 3485, 37.01, 52, 2475
2026/08/02 17:02:00.552, 10, 2, 3583, 37.01, 52, 2475
2026/08/02 17:02:00.752, 20, 3, 2486, 37.09, 52, 2475
2026/08/02 17:02:00.966, 20, 3, 2770, 37.09, 52, 2475
2026/08/02 17:02:01.180, 26, 3, 3492, 36.90, 52, 2475
2026/08/02 17:02:01.394, 26, 3, 2487, 36.90, 52, 2475
2026/08/02 17:02:01.610, 26, 3, 2495, 36.90, 52, 2475
2026/08/02 17:02:01.824, 1, 1, 2774, 36.62, 52, 1500
2026/08/02 17:02:02.040, 1, 1, 3514, 36.62, 52, 1500
2026/08/02 17:02:02.255, 17, 1, 3612, 36.57, 52, 2475
2026/08/02 17:02:02.455, 17, 1, 2593, 36.57, 52, 2475
2026/08/02 17:02:02.670, 7, 1, 2771, 36.36, 52, 2475
2026/08/02 17:02:02.874, 7, 1, 3498, 36.36, 52, 2475
2026/08/02 17:02:03.079, 7, 1, 2489, 36.36, 52, 2475
2026/08/02 17:02:03.281, 3, 1, 2680, 37.44, 52, 2475
2026/08/02 17:02:03.486, 3, 1, 2967, 37.44, 52, 2475
2026/08/02 17:02:03.694, 16, 3, 3529, 37.39, 52, 2475
2026/08/02 17:02:03.896, 16, 3, 4003, 37.39, 52, 2475
2026/08/02 17:02:04.098, 16, 3, 2643, 37.39, 52, 2475
2026/08/02 17:02:04.301, 11, 2, 2770, 37.13, 52, 2475
2026/08/02 17:02:04.506, 11, 2, 3506, 37.13, 52, 2475
2026/08/02 17:02:04.711, 24, 3, 2479, 37.46, 52, 2475
2026/08/02 17:02:04.916, 24, 3, 2498, 37.46, 52, 2475
2026/08/02 17:02:05.119, 24, 3, 2766, 37.46, 52, 2475
2026/08/02 17:02:05.320, 9, 1, 3494, 37.09, 52, 2475
2026/08/02 17:02:05.525, 9, 1, 3520, 37.09, 52, 2475
2026/08/02 17:02:05.730, 22, 3, 2488, 37.21, 52, 2475
2026/08/02 17:02:05.933, 22, 3, 2766, 37.21, 52, 2475
2026/08/02 17:02:06.139, 31, 4, 3488, 37.17, 52, 2475
2026/08/02 17:02:06.342, 31, 4, 2486, 37.17, 52, 2475
2026/08/02 17:02:06.547, 31, 4, 2676, 37.17, 52, 2475
2026/08/02 17:02:06.752, 8, 1, 3028, 37.29, 52, 2475
2026/08/02 17:02:06.957, 8, 1, 3513, 37.29, 52, 2475
2026/08/02 17:02:07.162, 20, 3, 2472, 37.58, 52, 2475
2026/08/02 17:02:07.364, 20, 3, 2688, 37.58, 52, 2475
2026/08/02 17:02:07.568, 20, 3, 3072, 37.58, 52, 2475
2026/08/02 17:02:07.773, 27, 3, 3012, 37.10, 52, 2475
2026/08/02 17:02:07.977, 27, 3, 2465, 37.10, 52, 2475
2026/08/02 17:02:08.180, 8, 1, 2672, 37.29, 52, 2475
2026/08/02 17:02:08.383, 8, 1, 3072, 37.29, 52, 2475
2026/08/02 17:02:08.588, 8, 1, 3506, 37.29, 52, 2475
2026/08/02 17:02:08.803, 2, 1, 2465, 37.35, 52, 2475
2026/08/02 17:02:09.007, 2, 1, 2688, 37.35, 52, 2475
2026/08/02 17:02:09.209, 7, 1, 3072, 36.79, 52, 2475
2026/08/02 17:02:09.414, 7, 1, 3010, 36.79, 52, 2475
2026/08/02 17:02:09.618, 7, 1, 2483, 36.79, 52, 2475
2026/08/02 17:02:09.820, 4, 2, 2750, 36.39, 52, 1605
2026/08/02 17:02:10.023, 4, 2, 3490, 36.39, 52, 1605
2026/08/02 17:02:10.227, 16, 1, 3585, 36.72, 52, 2475
2026/08/02 17:02:10.431, 16, 1, 2601, 36.72, 52, 2475
2026/08/02 17:02:10.635, 9, 1, 2749, 36.56, 52, 2475
2026/08/02 17:02:10.840, 9, 1, 3493, 36.56, 52, 2475
2026/08/02 17:02:11.046, 9, 1, 2464, 36.56, 52, 2475
2026/08/02 17:02:11.251, 5, 1, 2687, 37.32, 52, 2475
2026/08/02 17:02:11.455, 5, 1, 3071, 37.32, 52, 2475
2026/08/02 17:02:11.658, 22, 2, 3505, 37.41, 52, 2475
2026/08/02 17:02:11.864, 22, 2, 2464, 37.41, 52, 2475
2026/08/02 17:02:12.069, 22, 2, 2688, 37.41, 52, 2475
2026/08/02 17:02:12.275, 9, 1, 3094, 36.99, 52, 2475
2026/08/02 17:02:12.480, 9, 1, 2465, 36.99, 52, 2475
2026/08/02 17:02:12.682, 5, 2, 2602, 37.06, 52, 1485
2026/08/02 17:02:12.884, 5, 2, 2752, 37.06, 52, 1485
2026/08/02 17:02:13.088, 5, 2, 3506, 37.06, 52, 1485
2026/08/02 17:02:13.291, 30, 3, 3588, 36.42, 52, 2475
2026/08/02 17:02:13.494, 30, 3, 2602, 36.42, 52, 2475
2026/08/02 17:02:13.699, 10, 1, 2752, 35.73, 52, 2475
2026/08/02 17:02:13.905, 10, 1, 3480, 35.73, 52, 2475
2026/08/02 17:02:14.108, 10, 1, 2465, 35.73, 52, 2475
2026/08/02 17:02:14.310, 4, 1, 2465, 36.69, 52, 2475
2026/08/02 17:02:14.511, 4, 1, 2465, 36.69, 52, 2475
2026/08/02 17:02:14.715, 5, 2, 2465, 35.62, 52, 1440
2026/08/02 17:02:14.919, 5, 2, 2465, 35.62, 52, 1440
2026/08/02 17:02:15.125, 6, 2, 2465, 31.69, 51, 1140
2026/08/02 17:02:15.329, 6, 2, 2465, 31.69, 51, 1140
2026/08/02 17:02:15.533, 6, 2, 2465, 31.69, 51, 1140
2026/08/02 17:02:15.737, 6, 12, 2465, 25.92, 51, 990
2026/08/02 17:02:15.938, 6, 12, 2465, 25.92, 51, 990
2026/08/02 17:02:16.139, 9, 14, 2470, 22.68, 51, 780
2026/08/02 17:02:16.341, 9, 14, 2471, 22.68, 51, 780
2026/08/02 17:02:16.544, 9, 14, 2471, 22.68, 51, 780
2026/08/02 17:02:16.749, 10, 14, 2472, 21.68, 51, 675
2026/08/02 17:02:16.953, 10, 14, 2609, 21.68, 51, 675
2026/08/02 17:02:17.160, 22, 3, 3059, 24.02, 52, 2475
2026/08/02 17:02:17.375, 22, 3, 2472, 24.02, 52, 2475
2026/08/02 17:02:17.579, 22, 3, 3109, 24.02, 52, 2475
2026/08/02 17:02:17.783, 20, 3, 3143, 30.96, 52, 2475
2026/08/02 17:02:17.985, 20, 3, 2609, 30.96, 52, 2475
2026/08/02 17:02:18.189, 22, 3, 3155, 37.18, 52, 2475
2026/08/02 17:02:18.394, 22, 3, 3237, 37.18, 52, 2475
2026/08/02 17:02:18.600, 22, 3, 2655, 37.18, 52, 2475
2026/08/02 17:02:18.803, 14, 2, 3156, 37.36, 52, 2475
2026/08/02 17:02:19.006, 14, 2, 3052, 37.36, 52, 2475
2026/08/02 17:02:19.209, 7, 1, 2754, 37.67, 52, 2475
2026/08/02 17:02:19.419, 7, 1, 3207, 37.67, 52, 2475
2026/08/02 17:02:19.634, 22, 4, 2532, 39.13, 52, 2475
2026/08/02 17:02:19.841, 22, 4, 3119, 39.13, 52, 2475
2026/08/02 17:02:20.056, 22, 4, 3691, 39.13, 52, 2475
2026/08/02 17:02:20.259, 18, 3, 2785, 39.67, 52, 2475
2026/08/02 17:02:20.472, 18, 3, 3260, 39.67, 52, 2475
2026/08/02 17:02:20.685, 12, 2, 2589, 39.00, 52, 2475
2026/08/02 17:02:20.889, 12, 2, 3244, 39.00, 52, 2475
2026/08/02 17:02:21.093, 12, 2, 3272, 39.00, 52, 2475
2026/08/02 17:02:21.299, 7, 1, 2730, 37.84, 52, 2475
2026/08/02 17:02:21.511, 7, 1, 3248, 37.84, 52, 2475
2026/08/02 17:02:21.727, 3, 1, 2793, 37.78, 52, 2475
2026/08/02 17:02:21.932, 3, 1, 3213, 37.78, 52, 2475
2026/08/02 17:02:22.134, 4, 1, 3247, 37.89, 52, 2475
2026/08/02 17:02:22.338, 4, 1, 2558, 37.89, 52, 2475
2026/08/02 17:02:22.561, 4, 1, 3143, 37.89, 52, 2475
2026/08/02 17:02:22.762, 3, 1, 3040, 37.76, 52, 2475
2026/08/02 17:02:22.965, 3, 1, 3193, 37.76, 52, 2475
2026/08/02 17:02:23.170, 18, 2, 3227, 37.75, 52, 2475
2026/08/02 17:02:23.372, 18, 2, 2564, 37.75, 52, 2475
2026/08/02 17:02:23.579, 18, 2, 3214, 37.75, 52, 2475
2026/08/02 17:02:23.782, 25, 2, 3464, 37.74, 52, 2475
2026/08/02 17:02:23.988, 25, 2, 2790, 37.74, 52, 2475
2026/08/02 17:02:24.194, 27, 3, 3225, 37.78, 52, 2475
2026/08/02 17:02:24.409, 27, 3, 2562, 37.78, 52, 2475
2026/08/02 17:02:24.613, 27, 3, 3205, 37.78, 52, 2475
2026/08/02 17:02:24.815, 19, 3, 3302, 37.75, 52, 2475
2026/08/02 17:02:25.020, 19, 3, 2703, 37.75, 52, 2475
2026/08/02 17:02:25.224, 20, 3, 3133, 37.86, 52, 2475
2026/08/02 17:02:25.430, 20, 3, 2542, 37.86, 52, 2475
2026/08/02 17:02:25.632, 21, 3, 3199, 37.76, 52, 2475
2026/08/02 17:02:25.835, 21, 3, 3285, 37.76, 52, 2475
2026/08/02 17:02:26.041, 21, 3, 2686, 37.76, 52, 2475
2026/08/02 17:02:26.243, 13, 2, 3202, 37.53, 52, 2475
2026/08/02 17:02:26.447, 13, 2, 3015, 37.53, 52, 2475
2026/08/02 17:02:26.650, 15, 2, 3167, 37.58, 52, 2475
2026/08/02 17:02:26.853, 15, 2, 3200, 37.58, 52, 2475
2026/08/02 17:02:27.059, 15, 2, 2666, 37.58, 52, 2475
2026/08/02 17:02:27.296, 11, 2, 3199, 37.72, 52, 2475
2026/08/02 17:02:27.500, 11, 2, 2527, 37.72, 52, 2475
2026/08/02 17:02:27.703, 3, 1, 2680, 37.45, 52, 1440
2026/08/02 17:02:27.905, 3, 1, 3199, 37.45, 52, 1440
2026/08/02 17:02:28.111, 3, 1, 3053, 37.45, 52, 1440
2026/08/02 17:02:28.316, 18, 3, 2761, 36.62, 51, 2475
2026/08/02 17:02:28.520, 18, 3, 2525, 36.62, 51, 2475
2026/08/02 17:02:28.725, 4, 2, 2759, 36.14, 51, 1605
2026/08/02 17:02:28.929, 4, 2, 3195, 36.14, 51, 1605
2026/08/02 17:02:29.132, 19, 3, 2531, 37.15, 51, 2475
2026/08/02 17:02:29.334, 19, 3, 3168, 37.15, 51, 2475
2026/08/02 17:02:29.537, 19, 3, 2513, 37.15, 51, 2475
2026/08/02 17:02:29.740, 4, 1, 2513, 37.01, 51, 1425
2026/08/02 17:02:29.944, 4, 1, 2512, 37.01, 51, 1425
2026/08/02 17:02:30.146, 15, 2, 3148, 34.35, 51, 2475
2026/08/02 17:02:30.349, 15, 2, 3182, 34.35, 51, 2475
2026/08/02 17:02:30.551, 15, 2, 2531, 34.35, 51, 2475
2026/08/02 17:02:30.753, 9, 1, 3175, 33.97, 51, 2475
2026/08/02 17:02:30.956, 9, 1, 2504, 33.97, 51, 2475
2026/08/02 17:02:31.158, 2, 1, 2504, 37.45, 51, 2475
2026/08/02 17:02:31.363, 2, 1, 2671, 37.45, 51, 2475
2026/08/02 17:02:31.579, 2, 1, 3175, 37.45, 51, 2475
2026/08/02 17:02:31.784, 3, 1, 2504, 37.28, 51, 2475
2026/08/02 17:02:31.988, 3, 1, 3141, 37.28, 51, 2475
2026/08/02 17:02:32.192, 28, 3, 2504, 37.40, 51, 2475
2026/08/02 17:02:32.396, 28, 3, 2504, 37.40, 51, 2475
2026/08/02 17:02:32.600, 28, 3, 2513, 37.40, 51, 2475
2026/08/02 17:02:32.804, 4, 1, 3175, 36.71, 51, 2475
2026/08/02 17:02:33.007, 4, 1, 3257, 36.71, 51, 2475
2026/08/02 17:02:33.214, 13, 2, 2679, 36.81, 51, 2475
2026/08/02 17:02:33.429, 13, 2, 2504, 36.81, 51, 2475
2026/08/02 17:02:33.633, 4, 1, 2522, 36.93, 51, 1380
2026/08/02 17:02:33.838, 4, 1, 2522, 36.93, 51, 1380
2026/08/02 17:02:34.041, 4, 1, 2558, 36.93, 51, 1380
2026/08/02 17:02:34.245, 8, 12, 2558, 31.47, 50, 1125
2026/08/02 17:02:34.449, 8, 12, 2605, 31.47, 50, 1125
2026/08/02 17:02:34.650, 9, 14, 2597, 24.38, 50, 975
2026/08/02 17:02:34.855, 9, 14, 2581, 24.38, 50, 975
2026/08/02 17:02:35.058, 9, 14, 2578, 24.38, 50, 975
2026/08/02 17:02:35.261, 7, 13, 2579, 22.26, 50, 780
2026/08/02 17:02:35.463, 7, 13, 2570, 22.26, 50, 780
2026/08/02 17:02:35.666, 6, 12, 2567, 21.89, 50, 675
2026/08/02 17:02:35.871, 6, 12, 2569, 21.89, 50, 675
2026/08/02 17:02:36.076, 6, 12, 2569, 21.89, 50, 675
2026/08/02 17:02:36.280, 7, 12, 2569, 21.71, 50, 540
2026/08/02 17:02:36.483, 7, 12, 2536, 21.71, 50, 540
2026/08/02 17:02:36.685, 8, 11, 2521, 21.08, 50, 465
2026/08/02 17:02:36.889, 8, 11, 2510, 21.08, 50, 465
2026/08/02 17:02:37.093, 8, 11, 2510, 21.08, 50, 465
2026/08/02 17:02:37.294, 14, 26, 2510, 20.02, 50, 390
2026/08/02 17:02:37.498, 14, 26, 2510, 20.02, 50, 390
2026/08/02 17:02:37.700, 11, 23, 2510, 18.94, 50, 345
2026/08/02 17:02:37.903, 11, 23, 2747, 18.94, 50, 345
2026/08/02 17:02:38.110, 11, 23, 3196, 18.94, 50, 345
2026/08/02 17:02:38.324, 8, 1, 2515, 23.93, 50, 2475
2026/08/02 17:02:38.529, 8, 1, 3152, 23.93, 50, 2475
2026/08/02 17:02:38.731, 24, 2, 2515, 32.65, 51, 2475
2026/08/02 17:02:38.935, 24, 2, 2515, 32.65, 51, 2475
2026/08/02 17:02:39.141, 3, 1, 2515, 36.83, 50, 2475
2026/08/02 17:02:39.345, 3, 1, 2515, 36.83, 50, 2475
2026/08/02 17:02:39.550, 3, 1, 2538, 36.83, 50, 2475
2026/08/02 17:02:39.755, 4, 1, 2534, 35.99, 50, 1155
2026/08/02 17:02:39.960, 4, 1, 2534, 35.99, 50, 1155
2026/08/02 17:02:40.164, 5, 12, 2534, 29.89, 50, 930
2026/08/02 17:02:40.368, 5, 12, 2534, 29.89, 50, 930
2026/08/02 17:02:40.571, 5, 12, 2534, 29.89, 50, 930
2026/08/02 17:02:40.777, 6, 12, 2534, 23.41, 50, 795
2026/08/02 17:02:40.980, 6, 12, 2535, 23.41, 50, 795
2026/08/02 17:02:41.184, 13, 16, 2536, 21.40, 50, 645
2026/08/02 17:02:41.388, 13, 16, 2724, 21.40, 50, 645
2026/08/02 17:02:41.599, 13, 16, 3206, 21.40, 50, 645
2026/08/02 17:02:41.811, 11, 2, 2534, 25.28, 50, 2475
2026/08/02 17:02:42.014, 11, 2, 3171, 25.28, 50, 2475
2026/08/02 17:02:42.218, 29, 3, 2531, 32.62, 50, 2475
2026/08/02 17:02:42.419, 29, 3, 2531, 32.62, 50, 2475
2026/08/02 17:02:42.624, 3, 1, 2531, 36.33, 50, 1560
2026/08/02 17:02:42.826, 3, 1, 2531, 36.33, 50, 1560
2026/08/02 17:02:43.029, 3, 1, 2531, 36.33, 50, 1560
2026/08/02 17:02:43.229, 6, 2, 3144, 32.34, 50, 1215
2026/08/02 17:02:43.434, 6, 2, 3174, 32.34, 50, 1215
2026/08/02 17:02:43.638, 16, 3, 2512, 32.31, 50, 2475
2026/08/02 17:02:43.841, 16, 3, 3152, 32.31, 50, 2475
2026/08/02 17:02:44.046, 16, 3, 2503, 32.31, 50, 2475
2026/08/02 17:02:44.248, 3, 1, 2503, 35.65, 50, 2475
2026/08/02 17:02:44.452, 3, 1, 2503, 35.65, 50, 2475
2026/08/02 17:02:44.658, 3, 1, 2503, 35.65, 50, 1455
2026/08/02 17:02:44.861, 3, 1, 2530, 35.65, 50, 1455
2026/08/02 17:02:45.066, 3, 1, 2530, 35.65, 50, 1455
2026/08/02 17:02:45.270, 5, 2, 2692, 31.55, 50, 1155
2026/08/02 17:02:45.476, 5, 2, 3219, 31.55, 50, 1155
2026/08/02 17:02:45.678, 3, 1, 3031, 30.74, 50, 2475
2026/08/02 17:02:45.882, 3, 1, 3183, 30.74, 50, 2475
2026/08/02 17:02:46.088, 3, 1, 2565, 30.74, 50, 2475
2026/08/02 17:02:46.291, 6, 1, 3211, 34.54, 50, 2475
2026/08/02 17:02:46.496, 6, 1, 2703, 34.54, 50, 2475
2026/08/02 17:02:46.711, 22, 3, 2547, 37.26, 50, 2475
2026/08/02 17:02:46.915, 22, 3, 3175, 37.26, 50, 2475
2026/08/02 17:02:47.120, 22, 3, 2679, 37.26, 50, 2475
2026/08/02 17:02:47.326, 5, 1, 3151, 37.76, 50, 2475
2026/08/02 17:02:47.531, 5, 1, 2539, 37.76, 50, 2475
2026/08/02 17:02:47.736, 3, 1, 2539, 37.37, 50, 1605
2026/08/02 17:02:47.940, 3, 1, 2515, 37.37, 50, 1605
2026/08/02 17:02:48.142, 3, 2, 2515, 32.74, 49, 1260
2026/08/02 17:02:48.345, 3, 2, 2515, 32.74, 49, 1260
2026/08/02 17:02:48.549, 3, 2, 2515, 32.74, 49, 1260
2026/08/02 17:02:48.753, 4, 2, 2515, 28.42, 49, 1065
2026/08/02 17:02:48.958, 4, 2, 3366, 28.42, 49, 1065
2026/08/02 17:02:49.162, 8, 1, 2738, 29.20, 50, 2475
2026/08/02 17:02:49.367, 8, 1, 3010, 29.20, 50, 2475
2026/08/02 17:02:49.573, 8, 1, 3054, 29.20, 50, 2475
2026/08/02 17:02:49.775, 22, 2, 2754, 33.43, 50, 2475
2026/08/02 17:02:49.978, 22, 2, 3010, 33.43, 50, 2475
2026/08/02 17:02:50.186, 28, 3, 3030, 37.04, 50, 2475
2026/08/02 17:02:50.389, 28, 3, 2700, 37.04, 50, 2475
2026/08/02 17:02:50.591, 28, 3, 2860, 37.04, 50, 2475
2026/08/02 17:02:50.796, 11, 2, 3648, 37.06, 50, 2475
2026/08/02 17:02:50.998, 11, 2, 2636, 37.06, 50, 2475
2026/08/02 17:02:51.201, 11, 2, 2807, 37.41, 50, 2475
2026/08/02 17:02:51.404, 11, 2, 3261, 37.41, 50, 2475
2026/08/02 17:02:51.606, 11, 2, 2513, 37.41, 50, 2475
2026/08/02 17:02:51.810, 3, 1, 2807, 37.15, 50, 1950
2026/08/02 17:02:52.012, 3, 1, 3255, 37.15, 50, 1950
2026/08/02 17:02:52.216, 30, 4, 2504, 37.00, 50, 2475
2026/08/02 17:02:52.420, 30, 4, 2504, 37.00, 50, 2475
2026/08/02 17:02:52.621, 30, 4, 2743, 37.00, 50, 2475
2026/08/02 17:02:52.828, 11, 2, 3063, 36.73, 50, 2475
2026/08/02 17:02:53.032, 11, 2, 2989, 36.73, 50, 2475
2026/08/02 17:02:53.237, 4, 1, 2721, 37.13, 50, 2475
2026/08/02 17:02:53.442, 4, 1, 2929, 37.13, 50, 2475
2026/08/02 17:02:53.646, 24, 3, 3655, 37.13, 50, 2475
2026/08/02 17:02:53.851, 24, 3, 2498, 37.13, 50, 2475
2026/08/02 17:02:54.053, 24, 3, 2498, 37.13, 50, 2475
2026/08/02 17:02:54.256, 3, 1, 2498, 36.50, 50, 2475
2026/08/02 17:02:54.459, 3, 1, 2498, 36.50, 50, 2475
2026/08/02 17:02:54.661, 3, 1, 2507, 35.86, 50, 1350
2026/08/02 17:02:54.864, 3, 1, 2801, 35.86, 50, 1350
2026/08/02 17:02:55.069, 3, 1, 3249, 35.86, 50, 1350
2026/08/02 17:02:55.272, 28, 3, 2507, 35.48, 50, 2475
2026/08/02 17:02:55.476, 28, 3, 2741, 35.48, 50, 2475
2026/08/02 17:02:55.681, 3, 1, 3061, 36.02, 50, 2475
2026/08/02 17:02:55.885, 3, 1, 3047, 36.02, 50, 2475
2026/08/02 17:02:56.089, 3, 1, 2502, 36.02, 50, 2475
2026/08/02 17:02:56.294, 3, 1, 2705, 37.01, 49, 2475
2026/08/02 17:02:56.497, 3, 1, 2929, 37.01, 49, 2475
2026/08/02 17:02:56.701, 27, 3, 3741, 36.68, 49, 2475
2026/08/02 17:02:56.903, 27, 3, 2705, 36.68, 49, 2475
2026/08/02 17:02:57.107, 27, 3, 2993, 36.68, 49, 2475
2026/08/02 17:02:57.311, 18, 2, 4161, 36.64, 49, 2475
2026/08/02 17:02:57.515, 18, 2, 2497, 36.64, 49, 2475
2026/08/02 17:02:57.724, 4, 1, 2664, 36.80, 49, 1650
2026/08/02 17:02:57.937, 4, 1, 2860, 36.80, 49, 1650
2026/08/02 17:02:58.142, 28, 3, 4090, 36.00, 49, 2475
2026/08/02 17:02:58.345, 28, 3, 2652, 36.00, 49, 2475
2026/08/02 17:02:58.550, 28, 3, 2800, 36.00, 49, 2475
2026/08/02 17:02:58.753, 8, 1, 3248, 35.44, 49, 2475
2026/08/02 17:02:58.955, 8, 1, 2497, 35.44, 49, 2475
2026/08/02 17:02:59.159, 3, 1, 2506, 36.00, 49, 2475
2026/08/02 17:02:59.365, 3, 1, 2800, 36.00, 49, 2475
2026/08/02 17:02:59.570, 3, 1, 3250, 36.00, 49, 2475
2026/08/02 17:02:59.774, 28, 3, 2506, 36.01, 49, 2475
2026/08/02 17:02:59.979, 28, 3, 2736, 36.01, 49, 2475
2026/08/02 17:03:00.183, 10, 1, 3184, 36.21, 49, 2475
2026/08/02 17:03:00.397, 10, 1, 2497, 36.21, 49, 2475
2026/08/02 17:03:00.601, 10, 1, 2497, 36.21, 49, 2475
2026/08/02 17:03:00.806, 3, 1, 2736, 36.47, 49, 1800
2026/08/02 17:03:01.012, 3, 1, 3184, 36.47, 49, 1800
2026/08/02 17:03:01.213, 25, 3, 2497, 35.82, 49, 2475
2026/08/02 17:03:01.418, 25, 3, 2732, 35.82, 49, 2475
2026/08/02 17:03:01.623, 11, 1, 2988, 35.80, 49, 2475
2026/08/02 17:03:01.827, 11, 1, 3802, 35.80, 49, 2475
2026/08/02 17:03:02.032, 11, 1, 2493, 35.80, 49, 2475
2026/08/02 17:03:02.234, 4, 1, 2700, 36.92, 49, 2475
2026/08/02 17:03:02.437, 4, 1, 2988, 36.92, 49, 2475
2026/08/02 17:03:02.638, 22, 3, 3996, 36.88, 49, 2475
2026/08/02 17:03:02.840, 22, 3, 2676, 36.88, 49, 2475
2026/08/02 17:03:03.044, 22, 3, 2796, 36.88, 49, 2475
2026/08/02 17:03:03.247, 15, 2, 3646, 36.79, 49, 2475
2026/08/02 17:03:03.450, 15, 2, 2493, 36.79, 49, 2475
2026/08/02 17:03:03.662, 5, 2, 2686, 36.79, 49, 1545
2026/08/02 17:03:03.870, 5, 2, 2836, 36.79, 49, 1545
2026/08/02 17:03:04.075, 5, 2, 3686, 36.79, 49, 1545
2026/08/02 17:03:04.276, 30, 4, 2554, 36.50, 49, 2475
2026/08/02 17:03:04.480, 30, 4, 2836, 36.50, 49, 2475
2026/08/02 17:03:04.685, 5, 1, 3220, 36.46, 49, 2475
2026/08/02 17:03:04.888, 5, 1, 3018, 36.46, 49, 2475
2026/08/02 17:03:05.094, 5, 1, 2533, 36.46, 49, 2475
2026/08/02 17:03:05.301, 3, 1, 2772, 37.04, 49, 2475
2026/08/02 17:03:05.507, 3, 1, 3073, 37.04, 49, 2475
2026/08/02 17:03:05.710, 25, 3, 3022, 36.68, 49, 2475
2026/08/02 17:03:05.911, 25, 3, 2719, 36.68, 49, 2475
2026/08/02 17:03:06.115, 25, 3, 2836, 36.68, 49, 2475
2026/08/02 17:03:06.320, 8, 2, 4196, 36.69, 49, 2475
2026/08/02 17:03:06.523, 8, 2, 2531, 36.69, 49, 2475
2026/08/02 17:03:06.729, 3, 1, 2738, 36.71, 49, 1860
2026/08/02 17:03:06.933, 3, 1, 2962, 36.71, 49, 1860
2026/08/02 17:03:07.138, 28, 3, 4124, 35.77, 49, 2475
2026/08/02 17:03:07.342, 28, 3, 2686, 35.77, 49, 2475
2026/08/02 17:03:07.543, 28, 3, 2834, 35.77, 49, 2475
2026/08/02 17:03:07.748, 10, 2, 3684, 35.66, 49, 2475
2026/08/02 17:03:07.948, 10, 2, 2504, 35.66, 49, 2475
2026/08/02 17:03:08.152, 3, 1, 2504, 36.75, 49, 2475
2026/08/02 17:03:08.355, 3, 1, 2742, 36.75, 49, 2475
2026/08/02 17:03:08.559, 3, 1, 3126, 36.75, 49, 2475
2026/08/02 17:03:08.764, 37, 3, 2514, 36.57, 49, 2475
2026/08/02 17:03:08.966, 37, 3, 2710, 36.57, 49, 2475
2026/08/02 17:03:09.169, 7, 1, 2870, 36.67, 49, 2475
2026/08/02 17:03:09.371, 7, 1, 4166, 36.67, 49, 2475
2026/08/02 17:03:09.586, 7, 1, 2504, 36.67, 49, 2475
2026/08/02 17:03:09.789, 3, 1, 2504, 36.98, 49, 1740
2026/08/02 17:03:09.994, 3, 1, 2504, 36.98, 49, 1740
2026/08/02 17:03:10.198, 3, 2, 2504, 32.88, 48, 1350
2026/08/02 17:03:10.400, 3, 2, 2504, 32.88, 48, 1350
2026/08/02 17:03:10.603, 3, 2, 2504, 32.88, 48, 1350
2026/08/02 17:03:10.806, 28, 4, 2727, 29.61, 49, 2475
2026/08/02 17:03:11.009, 28, 4, 3513, 29.61, 49, 2475
2026/08/02 17:03:11.211, 27, 4, 2673, 33.01, 49, 2475
2026/08/02 17:03:11.415, 27, 4, 2969, 33.01, 49, 2475
2026/08/02 17:03:11.618, 27, 4, 2499, 33.01, 49, 2475
2026/08/02 17:03:11.819, 18, 3, 2777, 37.38, 49, 2475
2026/08/02 17:03:12.022, 18, 3, 3704, 37.38, 49, 2475
2026/08/02 17:03:12.227, 19, 3, 2737, 37.45, 49, 2475
2026/08/02 17:03:12.433, 19, 3, 3072, 37.45, 49, 2475
2026/08/02 17:03:12.636, 25, 3, 2538, 37.34, 49, 2475
2026/08/02 17:03:12.841, 25, 3, 2816, 37.34, 49, 2475
2026/08/02 17:03:13.044, 25, 3, 3076, 37.34, 49, 2475
2026/08/02 17:03:13.249, 18, 2, 2697, 37.27, 49, 2475
2026/08/02 17:03:13.453, 18, 2, 3009, 37.27, 49, 2475
2026/08/02 17:03:13.659, 31, 4, 2533, 37.16, 49, 2475
2026/08/02 17:03:13.863, 31, 4, 2812, 37.16, 49, 2475
2026/08/02 17:03:14.067, 31, 4, 3776, 37.16, 49, 2475
2026/08/02 17:03:14.272, 27, 4, 2668, 36.96, 49, 2475
2026/08/02 17:03:14.477, 27, 4, 2791, 36.96, 49, 2475
2026/08/02 17:03:14.681, 28, 3, 2531, 36.77, 49, 2475
2026/08/02 17:03:14.885, 28, 3, 2752, 36.77, 49, 2475
2026/08/02 17:03:15.089, 28, 3, 3538, 36.77, 49, 2475
2026/08/02 17:03:15.295, 35, 4, 2538, 36.78, 49, 2475
2026/08/02 17:03:15.496, 35, 4, 2816, 36.78, 49, 2475
2026/08/02 17:03:15.701, 23, 3, 3074, 36.73, 49, 2475
2026/08/02 17:03:15.905, 23, 3, 2752, 36.73, 49, 2475
2026/08/02 17:03:16.111, 23, 3, 3136, 36.73, 49, 2475
2026/08/02 17:03:16.315, 22, 3, 2531, 36.59, 49, 2475
2026/08/02 17:03:16.518, 22, 3, 2767, 36.59, 49, 2475
2026/08/02 17:03:16.722, 8, 1, 3865, 36.41, 49, 2475
2026/08/02 17:03:16.924, 8, 1, 2735, 36.41, 49, 2475
2026/08/02 17:03:17.126, 7, 1, 3023, 36.59, 49, 2475
2026/08/02 17:03:17.329, 7, 1, 2544, 36.59, 49, 2475
2026/08/02 17:03:17.533, 7, 1, 2767, 36.59, 49, 2475
2026/08/02 17:03:17.737, 7, 1, 3171, 36.69, 49, 2475
2026/08/02 17:03:17.940, 7, 1, 2685, 36.69, 49, 2475
2026/08/02 17:03:18.143, 5, 1, 2829, 36.59, 49, 2475
2026/08/02 17:03:18.345, 5, 1, 2542, 36.59, 49, 2475
2026/08/02 17:03:18.548, 5, 1, 2749, 36.59, 49, 2475
2026/08/02 17:03:18.751, 9, 1, 3122, 36.53, 49, 2475
2026/08/02 17:03:18.956, 9, 1, 2524, 36.53, 49, 2475
2026/08/02 17:03:19.161, 10, 1, 2802, 36.63, 49, 2475
2026/08/02 17:03:19.361, 10, 1, 4032, 36.63, 49, 2475
2026/08/02 17:03:19.562, 10, 1, 2670, 36.63, 49, 2475
2026/08/02 17:03:19.767, 12, 2, 2866, 36.56, 49, 2475
2026/08/02 17:03:19.970, 12, 2, 2515, 36.56, 49, 2475
2026/08/02 17:03:20.173, 11, 2, 2738, 36.63, 49, 2475
2026/08/02 17:03:20.380, 11, 2, 3526, 36.63, 49, 2475
2026/08/02 17:03:20.584, 11, 2, 2679, 36.63, 49, 2475
2026/08/02 17:03:20.788, 8, 2, 2832, 36.77, 48, 2475
2026/08/02 17:03:20.994, 8, 2, 3549, 36.77, 48, 2475
2026/08/02 17:03:21.199, 5, 1, 2770, 36.84, 49, 2475
2026/08/02 17:03:21.403, 5, 1, 3154, 36.84, 49, 2475
2026/08/02 17:03:21.605, 5, 1, 2535, 36.84, 49, 2475
2026/08/02 17:03:21.809, 16, 3, 2757, 36.66, 49, 1635
2026/08/02 17:03:22.013, 16, 3, 3543, 36.66, 49, 1635
2026/08/02 17:03:22.216, 28, 4, 2688, 36.05, 48, 2475
2026/08/02 17:03:22.418, 28, 4, 2822, 36.05, 48, 2475
2026/08/02 17:03:22.622, 28, 4, 3020, 36.05, 48, 2475
2026/08/02 17:03:22.825, 29, 4, 2726, 36.07, 48, 2475
2026/08/02 17:03:23.028, 29, 4, 2822, 36.07, 48, 2475
2026/08/02 17:03:23.230, 12, 2, 3080, 36.50, 48, 2475
2026/08/02 17:03:23.432, 12, 2, 2770, 36.50, 48, 2475
2026/08/02 17:03:23.634, 20, 2, 3153, 36.58, 48, 2475
2026/08/02 17:03:23.838, 20, 2, 2546, 36.58, 48, 2475
2026/08/02 17:03:24.041, 20, 2, 2768, 36.58, 48, 2475
2026/08/02 17:03:24.244, 9, 1, 3554, 36.60, 48, 2475
2026/08/02 17:03:24.445, 9, 1, 2690, 36.60, 48, 2475
2026/08/02 17:03:24.649, 6, 1, 2842, 36.64, 48, 2475
2026/08/02 17:03:24.852, 6, 1, 3796, 36.64, 48, 2475
2026/08/02 17:03:25.054, 6, 1, 2598, 36.64, 48, 2475
2026/08/02 17:03:25.257, 7, 1, 2842, 36.76, 48, 2475
2026/08/02 17:03:25.463, 7, 1, 4052, 36.76, 48, 2475
2026/08/02 17:03:25.676, 5, 1, 2700, 36.58, 48, 2475
2026/08/02 17:03:25.888, 5, 1, 2824, 36.58, 48, 2475
2026/08/02 17:03:26.092, 5, 1, 3128, 36.58, 48, 2475
2026/08/02 17:03:26.293, 28, 4, 2789, 36.28, 48, 2475
2026/08/02 17:03:26.496, 28, 4, 3063, 36.28, 48, 2475
2026/08/02 17:03:26.700, 31, 4, 2605, 35.98, 48, 2475
2026/08/02 17:03:26.904, 31, 4, 2881, 35.98, 48, 2475
2026/08/02 17:03:27.109, 31, 4, 3607, 35.98, 48, 2475
2026/08/02 17:03:27.313, 32, 4, 2733, 36.58, 48, 2475
2026/08/02 17:03:27.517, 32, 4, 2881, 36.58, 48, 2475
2026/08/02 17:03:27.722, 22, 2, 3086, 36.60, 48, 2475
2026/08/02 17:03:27.927, 22, 2, 2823, 36.60, 48, 2475
2026/08/02 17:03:28.133, 22, 2, 3229, 36.53, 48, 2475
2026/08/02 17:03:28.338, 22, 2, 2600, 36.53, 48, 2475
2026/08/02 17:03:28.543, 22, 2, 2823, 36.53, 48, 2475
2026/08/02 17:03:28.746, 9, 1, 3207, 36.41, 48, 2475
2026/08/02 17:03:28.949, 9, 1, 2613, 36.41, 48, 2475
2026/08/02 17:03:29.152, 11, 2, 2889, 36.55, 48, 2475
2026/08/02 17:03:29.357, 11, 2, 3613, 36.55, 48, 2475
2026/08/02 17:03:29.560, 11, 2, 2602, 36.55, 48, 2475
2026/08/02 17:03:29.763, 4, 1, 2887, 36.30, 48, 2475
2026/08/02 17:03:29.966, 4, 1, 3715, 36.30, 48, 2475
2026/08/02 17:03:30.169, 4, 1, 2781, 36.14, 48, 2475
2026/08/02 17:03:30.370, 4, 1, 3069, 36.14, 48, 2475
2026/08/02 17:03:30.575, 4, 1, 2570, 36.14, 48, 2475
2026/08/02 17:03:30.779, 4, 1, 2793, 35.94, 48, 1665
2026/08/02 17:03:30.981, 4, 1, 3049, 35.94, 48, 1665
2026/08/02 17:03:31.184, 31, 4, 2570, 35.57, 48, 2475
2026/08/02 17:03:31.386, 31, 4, 2790, 35.57, 48, 2475
2026/08/02 17:03:31.589, 31, 4, 2926, 35.57, 48, 2475
2026/08/02 17:03:31.792, 5, 1, 2996, 35.52, 48, 2475
2026/08/02 17:03:31.994, 5, 1, 2656, 35.52, 48, 2475
2026/08/02 17:03:32.196, 9, 1, 2798, 36.56, 48, 2475
2026/08/02 17:03:32.399, 9, 1, 4026, 36.56, 48, 2475
2026/08/02 17:03:32.602, 9, 1, 2664, 36.56, 48, 2475
2026/08/02 17:03:32.807, 8, 1, 2798, 36.51, 48, 2475
2026/08/02 17:03:33.010, 8, 1, 3058, 36.51, 48, 2475
2026/08/02 17:03:33.214, 10, 2, 2666, 36.37, 48, 2475
2026/08/02 17:03:33.416, 10, 2, 2862, 36.37, 48, 2475
2026/08/02 17:03:33.619, 10, 2, 2502, 36.37, 48, 2475
2026/08/02 17:03:33.822, 32, 4, 2733, 36.28, 48, 2475
2026/08/02 17:03:34.025, 32, 4, 3135, 36.28, 48, 2475
2026/08/02 17:03:34.228, 27, 3, 2529, 36.17, 48, 2475
2026/08/02 17:03:34.432, 27, 3, 2752, 36.17, 48, 2475
2026/08/02 17:03:34.633, 8, 1, 3072, 35.99, 48, 2475
2026/08/02 17:03:34.837, 8, 1, 2530, 35.99, 48, 2475
2026/08/02 17:03:35.039, 8, 1, 2838, 35.99, 48, 2475
2026/08/02 17:03:35.241, 7, 1, 3562, 36.15, 48, 2475
2026/08/02 17:03:35.447, 7, 1, 2551, 36.15, 48, 2475
2026/08/02 17:03:35.650, 4, 1, 2551, 35.94, 48, 1725
2026/08/02 17:03:35.854, 4, 1, 2550, 35.94, 48, 1725
2026/08/02 17:03:36.056, 4, 1, 2546, 35.94, 48, 1725
2026/08/02 17:03:36.260, 3, 2, 2546, 31.98, 47, 1350
2026/08/02 17:03:36.463, 3, 2, 2546, 31.98, 47, 1350
2026/08/02 17:03:36.666, 5, 12, 2700, 25.66, 47, 2475
2026/08/02 17:03:36.870, 5, 12, 2674, 25.66, 47, 2475
2026/08/02 17:03:37.073, 5, 12, 2829, 25.66, 47, 2475
2026/08/02 17:03:37.276, 8, 1, 3099, 28.57, 48, 2475
2026/08/02 17:03:37.478, 8, 1, 2773, 28.57, 48, 2475
2026/08/02 17:03:37.679, 10, 1, 3173, 34.72, 48, 2475
2026/08/02 17:03:37.883, 10, 1, 2573, 34.72, 48, 2475
2026/08/02 17:03:38.085, 10, 1, 2918, 34.72, 48, 2475
2026/08/02 17:03:38.291, 12, 2, 3863, 36.58, 48, 2475
2026/08/02 17:03:38.496, 12, 2, 2853, 36.58, 48, 2475
2026/08/02 17:03:38.701, 8, 1, 3237, 36.65, 48, 2475
2026/08/02 17:03:38.906, 8, 1, 2618, 36.65, 48, 2475
2026/08/02 17:03:39.109, 8, 1, 3100, 36.65, 48, 2475
2026/08/02 17:03:39.313, 25, 4, 2840, 36.87, 48, 2475
2026/08/02 17:03:39.518, 25, 4, 3221, 36.87, 48, 2475
2026/08/02 17:03:39.722, 33, 4, 2623, 36.65, 48, 2475
2026/08/02 17:03:39.926, 33, 4, 2912, 36.65, 48, 2475
2026/08/02 17:03:40.131, 25, 3, 3625, 36.67, 48, 2475
2026/08/02 17:03:40.332, 25, 3, 2745, 36.67, 48, 2475
2026/08/02 17:03:40.537, 25, 3, 2891, 36.67, 48, 2475
2026/08/02 17:03:40.739, 18, 2, 3137, 36.71, 48, 2475
2026/08/02 17:03:40.941, 18, 2, 2795, 36.71, 48, 2475
2026/08/02 17:03:41.144, 9, 1, 3083, 36.57, 48, 2475
2026/08/02 17:03:41.346, 9, 1, 2576, 36.57, 48, 2475
2026/08/02 17:03:41.548, 9, 1, 2811, 36.57, 48, 2475
2026/08/02 17:03:41.752, 6, 1, 3195, 36.60, 48, 2475
2026/08/02 17:03:41.954, 6, 1, 2631, 36.60, 48, 2475
2026/08/02 17:03:42.159, 12, 2, 2808, 36.73, 48, 2475
2026/08/02 17:03:42.361, 12, 2, 3598, 36.73, 48, 2475
2026/08/02 17:03:42.564, 12, 2, 2716, 36.73, 48, 2475
2026/08/02 17:03:42.766, 9, 1, 2582, 36.57, 48, 2475
2026/08/02 17:03:42.969, 9, 1, 2796, 36.57, 48, 2475
2026/08/02 17:03:43.173, 16, 2, 3531, 36.24, 48, 2475
2026/08/02 17:03:43.377, 16, 2, 2692, 36.24, 48, 2475
2026/08/02 17:03:43.592, 16, 2, 2854, 36.24, 48, 2475
2026/08/02 17:03:43.796, 9, 1, 3930, 36.36, 48, 2475
2026/08/02 17:03:44.001, 9, 1, 2750, 36.36, 48, 2475
2026/08/02 17:03:44.205, 10, 2, 2874, 36.53, 48, 2475
2026/08/02 17:03:44.409, 10, 2, 3093, 36.53, 48, 2475
2026/08/02 17:03:44.612, 10, 2, 2809, 36.53, 48, 2475
2026/08/02 17:03:44.815, 13, 2, 3193, 36.41, 48, 2475
2026/08/02 17:03:45.030, 13, 2, 2575, 36.41, 48, 2475
2026/08/02 17:03:45.235, 4, 1, 2809, 36.28, 48, 2475
2026/08/02 17:03:45.437, 4, 1, 3179, 36.28, 48, 2475
2026/08/02 17:03:45.645, 20, 3, 2581, 36.46, 48, 2475
2026/08/02 17:03:45.849, 20, 3, 2870, 36.46, 48, 2475
2026/08/02 17:03:46.051, 20, 3, 3723, 36.46, 48, 2475
2026/08/02 17:03:46.255, 29, 4, 2577, 36.42, 48, 2475
2026/08/02 17:03:46.459, 29, 4, 2869, 36.42, 48, 2475
2026/08/02 17:03:46.663, 22, 2, 3595, 36.35, 48, 2475
2026/08/02 17:03:46.867, 22, 2, 2725, 36.35, 48, 2475
2026/08/02 17:03:47.070, 22, 2, 2869, 36.35, 48, 2475
2026/08/02 17:03:47.274, 7, 1, 3800, 36.26, 48, 2475
2026/08/02 17:03:47.477, 7, 1, 2555, 36.26, 48, 2475
2026/08/02 17:03:47.680, 3, 1, 2555, 36.24, 47, 1725
2026/08/02 17:03:47.883, 3, 1, 2555, 36.24, 47, 1725
2026/08/02 17:03:48.084, 3, 1, 2555, 36.24, 47, 1725
2026/08/02 17:03:48.288, 3, 2, 2503, 32.57, 47, 1350
2026/08/02 17:03:48.493, 3, 2, 2503, 32.57, 47, 1350
2026/08/02 17:03:48.697, 6, 13, 2503, 26.12, 47, 1140
2026/08/02 17:03:48.900, 6, 13, 2503, 26.12, 47, 1140
2026/08/02 17:03:49.103, 6, 13, 2503, 26.12, 47, 1140
2026/08/02 17:03:49.305, 5, 12, 2646, 22.35, 47, 900
2026/08/02 17:03:49.509, 5, 12, 2802, 22.35, 47, 900
2026/08/02 17:03:49.712, 17, 2, 3048, 25.49, 47, 2475
2026/08/02 17:03:49.917, 17, 2, 2744, 25.49, 47, 2475
2026/08/02 17:03:50.123, 17, 2, 3128, 25.49, 47, 2475
2026/08/02 17:03:50.328, 17, 2, 2648, 32.34, 47, 2475
2026/08/02 17:03:50.533, 17, 2, 2808, 32.34, 47, 2475
2026/08/02 17:03:50.737, 13, 2, 3130, 36.61, 47, 2475
2026/08/02 17:03:50.942, 13, 2, 2738, 36.61, 47, 2475
2026/08/02 17:03:51.145, 7, 1, 3111, 36.65, 47, 2475
2026/08/02 17:03:51.349, 7, 1, 2537, 36.65, 47, 2475
2026/08/02 17:03:51.554, 7, 1, 2791, 36.65, 47, 2475
2026/08/02 17:03:51.757, 8, 1, 4023, 36.72, 47, 2475
2026/08/02 17:03:51.961, 8, 1, 2683, 36.72, 47, 2475
2026/08/02 17:03:52.167, 9, 1, 2919, 36.73, 47, 2475
2026/08/02 17:03:52.369, 9, 1, 2977, 36.73, 47, 2475
2026/08/02 17:03:52.573, 9, 1, 2493, 36.73, 47, 2475
2026/08/02 17:03:52.777, 3, 1, 2493, 36.41, 47, 1530
2026/08/02 17:03:52.981, 3, 1, 2493, 36.41, 47, 1530
2026/08/02 17:03:53.184, 5, 2, 2493, 32.24, 47, 1200
2026/08/02 17:03:53.386, 5, 2, 2493, 32.24, 47, 1200
2026/08/02 17:03:53.589, 5, 2, 2489, 32.24, 47, 1200
2026/08/02 17:03:53.792, 5, 11, 2489, 27.55, 47, 1020
2026/08/02 17:03:53.995, 5, 11, 2489, 27.55, 47, 1020
2026/08/02 17:03:54.198, 5, 12, 2489, 24.00, 47, 810
2026/08/02 17:03:54.402, 5, 12, 2666, 24.00, 47, 810
2026/08/02 17:03:54.605, 5, 12, 2644, 24.00, 47, 810
2026/08/02 17:03:54.807, 8, 1, 2489, 25.04, 47, 2475
2026/08/02 17:03:55.011, 8, 1, 3140, 25.04, 47, 2475
2026/08/02 17:03:55.215, 33, 4, 2680, 32.00, 47, 2475
2026/08/02 17:03:55.420, 33, 4, 2489, 32.00, 47, 2475
2026/08/02 17:03:55.623, 33, 4, 3138, 32.00, 47, 2475
2026/08/02 17:03:55.827, 13, 2, 2647, 37.00, 47, 2475
2026/08/02 17:03:56.032, 13, 2, 2631, 37.00, 47, 2475
2026/08/02 17:03:56.236, 11, 2, 2494, 37.19, 47, 2475
2026/08/02 17:03:56.438, 11, 2, 3143, 37.19, 47, 2475
2026/08/02 17:03:56.647, 4, 1, 2667, 37.14, 47, 2475
2026/08/02 17:03:56.858, 4, 1, 2498, 37.14, 47, 2475
2026/08/02 17:03:57.061, 4, 1, 3629, 37.14, 47, 2475
2026/08/02 17:03:57.264, 33, 4, 2965, 36.93, 47, 2475
2026/08/02 17:03:57.470, 33, 4, 2657, 36.93, 47, 2475
2026/08/02 17:03:57.687, 29, 3, 2499, 36.45, 47, 2475
2026/08/02 17:03:57.888, 29, 3, 3056, 36.45, 47, 2475
2026/08/02 17:03:58.093, 29, 3, 2821, 36.45, 47, 2475
2026/08/02 17:03:58.297, 15, 2, 2709, 36.71, 47, 2475
2026/08/02 17:03:58.498, 15, 2, 2570, 36.71, 47, 2475
2026/08/02 17:03:58.700, 4, 1, 2570, 36.83, 47, 1740
2026/08/02 17:03:58.904, 4, 1, 2570, 36.83, 47, 1740
2026/08/02 17:03:59.105, 4, 1, 2570, 36.83, 47, 1740
2026/08/02 17:03:59.309, 5, 2, 2570, 32.56, 47, 1365
2026/08/02 17:03:59.513, 5, 2, 2706, 32.56, 47, 1365
2026/08/02 17:03:59.715, 10, 6, 2580, 28.38, 47, 2475
2026/08/02 17:03:59.918, 10, 6, 2859, 28.38, 47, 2475
2026/08/02 17:04:00.120, 10, 6, 3646, 28.38, 47, 2475
2026/08/02 17:04:00.324, 28, 3, 2750, 31.52, 47, 2475
2026/08/02 17:04:00.526, 28, 3, 3039, 31.52, 47, 2475
2026/08/02 17:04:00.732, 27, 3, 2560, 35.46, 47, 2475
2026/08/02 17:04:00.935, 27, 3, 2734, 35.46, 47, 2475
2026/08/02 17:04:01.139, 15, 2, 3112, 35.79, 47, 2475
2026/08/02 17:04:01.341, 15, 2, 2648, 35.79, 47, 2475
2026/08/02 17:04:01.544, 15, 2, 2798, 35.79, 47, 2475
2026/08/02 17:04:01.748, 13, 2, 2996, 35.97, 47, 2475
2026/08/02 17:04:01.951, 13, 2, 2662, 35.97, 47, 2475
2026/08/02 17:04:02.153, 7, 1, 2790, 35.88, 47, 2475
2026/08/02 17:04:02.356, 7, 1, 3942, 35.88, 47, 2475
2026/08/02 17:04:02.559, 7, 1, 2690, 35.88, 47, 2475
2026/08/02 17:04:02.760, 13, 2, 2854, 35.81, 47, 2475
2026/08/02 17:04:02.962, 13, 2, 2992, 35.81, 47, 2475
2026/08/02 17:04:03.166, 4, 1, 2675, 35.65, 47, 2475
2026/08/02 17:04:03.370, 4, 1, 2916, 35.65, 47, 2475
2026/08/02 17:04:03.574, 4, 1, 2563, 35.65, 47, 2475
2026/08/02 17:04:03.777, 19, 2, 2786, 35.90, 47, 2475
2026/08/02 17:04:03.980, 19, 2, 3170, 35.90, 47, 2475
2026/08/02 17:04:04.185, 24, 3, 2563, 35.61, 47, 2475
2026/08/02 17:04:04.391, 24, 3, 2572, 35.61, 47, 2475
2026/08/02 17:04:04.596, 24, 3, 2788, 35.61, 47, 2475
2026/08/02 17:04:04.801, 9, 1, 3358, 35.45, 47, 2475
2026/08/02 17:04:05.004, 9, 1, 2577, 35.45, 47, 2475
2026/08/02 17:04:05.209, 12, 2, 2843, 35.68, 47, 2475
2026/08/02 17:04:05.415, 12, 2, 3567, 35.68, 47, 2475
2026/08/02 17:04:05.617, 12, 2, 2556, 35.68, 47, 2475
2026/08/02 17:04:05.821, 4, 1, 2779, 35.57, 47, 1845
2026/08/02 17:04:06.026, 4, 1, 3532, 35.57, 47, 1845
2026/08/02 17:04:06.228, 31, 4, 2660, 34.98, 47, 2475
2026/08/02 17:04:06.431, 31, 4, 2810, 34.98, 47, 2475
2026/08/02 17:04:06.634, 27, 3, 4042, 34.79, 47, 2475
2026/08/02 17:04:06.835, 27, 3, 2540, 34.79, 47, 2475
2026/08/02 17:04:07.038, 27, 3, 2803, 34.79, 47, 2475
2026/08/02 17:04:07.242, 7, 1, 3527, 35.75, 47, 2475
2026/08/02 17:04:07.446, 7, 1, 2707, 35.75, 47, 2475
2026/08/02 17:04:07.648, 8, 1, 3064, 36.00, 47, 2475
2026/08/02 17:04:07.850, 8, 1, 2521, 36.00, 47, 2475
2026/08/02 17:04:08.053, 8, 1, 2744, 36.00, 47, 2475
2026/08/02 17:04:08.256, 9, 1, 3132, 35.93, 47, 2475
2026/08/02 17:04:08.460, 9, 1, 2518, 35.93, 47, 2475
2026/08/02 17:04:08.665, 9, 1, 2786, 36.10, 47, 2475
2026/08/02 17:04:08.869, 9, 1, 3510, 36.10, 47, 2475
2026/08/02 17:04:09.072, 9, 1, 2499, 36.10, 47, 2475
2026/08/02 17:04:09.275, 4, 1, 2722, 35.97, 47, 2475
2026/08/02 17:04:09.480, 4, 1, 3510, 35.97, 47, 2475
2026/08/02 17:04:09.684, 20, 3, 2635, 35.97, 47, 2475
2026/08/02 17:04:09.886, 20, 3, 2783, 35.97, 47, 2475
2026/08/02 17:04:10.090, 20, 3, 3507, 35.97, 47, 2475
2026/08/02 17:04:10.294, 27, 3, 2496, 35.88, 47, 2475
2026/08/02 17:04:10.496, 27, 3, 2719, 35.88, 47, 2475
2026/08/02 17:04:10.699, 9, 1, 3103, 35.83, 47, 2475
2026/08/02 17:04:10.903, 9, 1, 2633, 35.83, 47, 2475
2026/08/02 17:04:11.109, 9, 1, 2783, 35.83, 47, 2475
2026/08/02 17:04:11.311, 8, 1, 3605, 35.93, 47, 2475
2026/08/02 17:04:11.513, 8, 1, 2504, 35.93, 47, 2475
2026/08/02 17:04:11.715, 7, 1, 2719, 35.95, 47, 2475
2026/08/02 17:04:11.919, 7, 1, 3505, 35.95, 47, 2475
2026/08/02 17:04:12.122, 7, 1, 2633, 35.95, 47, 2475
2026/08/02 17:04:12.326, 11, 2, 2783, 35.89, 47, 2475
2026/08/02 17:04:12.531, 11, 2, 3387, 35.89, 47, 2475
2026/08/02 17:04:12.736, 19, 2, 2503, 36.01, 47, 2475
2026/08/02 17:04:12.939, 19, 2, 2782, 36.01, 47, 2475
2026/08/02 17:04:13.142, 29, 3, 4012, 35.79, 47, 2475
2026/08/02 17:04:13.347, 29, 3, 2674, 35.79, 47, 2475
2026/08/02 17:04:13.551, 29, 3, 2782, 35.79, 47, 2475
2026/08/02 17:04:13.756, 4, 1, 3038, 35.73, 47, 2475
2026/08/02 17:04:13.961, 4, 1, 2686, 35.73, 47, 2475
2026/08/02 17:04:14.166, 5, 1, 2782, 36.12, 47, 2475
2026/08/02 17:04:14.371, 5, 1, 3114, 36.12, 47, 2475
2026/08/02 17:04:14.574, 5, 1, 2686, 36.12, 47, 2475
2026/08/02 17:04:14.776, 12, 2, 2910, 36.17, 47, 2475
2026/08/02 17:04:14.981, 12, 2, 2495, 36.17, 47, 2475
2026/08/02 17:04:15.185, 4, 1, 2686, 35.92, 47, 2475
2026/08/02 17:04:15.391, 4, 1, 2910, 35.92, 47, 2475
2026/08/02 17:04:15.598, 4, 1, 2495, 35.92, 47, 2475
2026/08/02 17:04:15.801, 20, 3, 2782, 36.04, 47, 1545
2026/08/02 17:04:16.004, 20, 3, 3928, 36.04, 47, 1545
2026/08/02 17:04:16.211, 19, 3, 2632, 35.66, 47, 2475
2026/08/02 17:04:16.413, 19, 3, 2782, 35.66, 47, 2475
2026/08/02 17:04:16.615, 19, 3, 3506, 35.66, 47, 2475
2026/08/02 17:04:16.817, 27, 3, 2640, 35.65, 47, 2475
2026/08/02 17:04:17.021, 27, 3, 2782, 35.65, 47, 2475
2026/08/02 17:04:17.225, 12, 2, 3120, 35.98, 47, 2475
2026/08/02 17:04:17.429, 12, 2, 2495, 35.98, 47, 2475
2026/08/02 17:04:17.633, 3, 1, 2495, 36.21, 46, 1635
2026/08/02 17:04:17.839, 3, 1, 2718, 36.21, 46, 1635
2026/08/02 17:04:18.042, 3, 1, 3102, 36.21, 46, 1635
2026/08/02 17:04:18.246, 25, 3, 2504, 34.70, 47, 2475
2026/08/02 17:04:18.450, 25, 3, 2782, 34.70, 47, 2475
2026/08/02 17:04:18.652, 10, 1, 3102, 34.57, 47, 2475
2026/08/02 17:04:18.858, 10, 1, 2495, 34.57, 47, 2475
2026/08/02 17:04:19.060, 10, 1, 2495, 34.57, 47, 2475
2026/08/02 17:04:19.264, 3, 1, 2495, 36.05, 47, 2475
2026/08/02 17:04:19.466, 3, 1, 2495, 36.05, 47, 2475
2026/08/02 17:04:19.669, 3, 1, 2495, 35.33, 46, 1155
2026/08/02 17:04:19.874, 3, 1, 2495, 35.33, 46, 1155
2026/08/02 17:04:20.075, 3, 1, 2495, 35.33, 46, 1155
2026/08/02 17:04:20.278, 7, 13, 2495, 30.35, 46, 930
2026/08/02 17:04:20.481, 7, 13, 2495, 30.35, 46, 930
2026/08/02 17:04:20.685, 7, 12, 2495, 24.04, 46, 795
2026/08/02 17:04:20.889, 7, 12, 2495, 24.04, 46, 795
2026/08/02 17:04:21.094, 7, 12, 2503, 24.04, 46, 795
2026/08/02 17:04:21.299, 11, 14, 2503, 20.81, 46, 630
2026/08/02 17:04:21.504, 11, 14, 2518, 20.81, 46, 630
2026/08/02 17:04:21.707, 8, 10, 2520, 20.41, 46, 540
2026/08/02 17:04:21.912, 8, 10, 2520, 20.41, 46, 540
2026/08/02 17:04:22.116, 8, 10, 2539, 20.41, 46, 540
2026/08/02 17:04:22.319, 8, 12, 2556, 20.25, 46, 435
2026/08/02 17:04:22.523, 8, 12, 2558, 20.25, 46, 435
2026/08/02 17:04:22.726, 26, 29, 2568, 20.28, 46, 405
2026/08/02 17:04:22.929, 26, 29, 2567, 20.28, 46, 405
2026/08/02 17:04:23.135, 24, 27, 2576, 19.50, 46, 375
2026/08/02 17:04:23.337, 24, 27, 2856, 19.50, 46, 375
2026/08/02 17:04:23.543, 24, 27, 3251, 19.50, 46, 375
2026/08/02 17:04:23.747, 29, 4, 2641, 24.50, 46, 2475
2026/08/02 17:04:23.951, 29, 4, 2907, 24.50, 46, 2475
2026/08/02 17:04:24.155, 12, 2, 3249, 32.25, 46, 2475
2026/08/02 17:04:24.361, 12, 2, 2620, 32.25, 46, 2475
2026/08/02 17:04:24.565, 12, 2, 2827, 32.25, 46, 2475
2026/08/02 17:04:24.768, 12, 2, 3103, 35.99, 46, 2475
2026/08/02 17:04:24.973, 12, 2, 2609, 35.99, 46, 2475
2026/08/02 17:04:25.179, 6, 1, 2832, 35.89, 46, 2475
2026/08/02 17:04:25.381, 6, 1, 3088, 35.89, 46, 2475
2026/08/02 17:04:25.585, 6, 1, 2615, 35.89, 46, 2475
2026/08/02 17:04:25.791, 33, 5, 2754, 36.33, 46, 2475
2026/08/02 17:04:25.993, 33, 5, 2896, 36.33, 46, 2475
2026/08/02 17:04:26.195, 26, 3, 3154, 36.05, 46, 2475
2026/08/02 17:04:26.397, 26, 3, 2832, 36.05, 46, 2475
2026/08/02 17:04:26.600, 26, 3, 3088, 36.05, 46, 2475
2026/08/02 17:04:26.803, 10, 1, 2580, 36.12, 46, 2475
2026/08/02 17:04:27.005, 10, 1, 2580, 36.12, 46, 2475
2026/08/02 17:04:27.210, 3, 1, 2580, 35.80, 46, 2475
2026/08/02 17:04:27.414, 3, 1, 2580, 35.80, 46, 2475
2026/08/02 17:04:27.616, 3, 1, 2803, 35.80, 46, 2475
2026/08/02 17:04:27.820, 12, 2, 3187, 35.29, 46, 2475
2026/08/02 17:04:28.022, 12, 2, 2601, 35.29, 46, 2475
2026/08/02 17:04:28.225, 10, 1, 2867, 35.44, 46, 2475
2026/08/02 17:04:28.428, 10, 1, 4085, 35.44, 46, 2475
2026/08/02 17:04:28.632, 8, 2, 2565, 36.17, 46, 1965
2026/08/02 17:04:28.836, 8, 2, 2843, 36.17, 46, 1965
2026/08/02 17:04:29.038, 8, 2, 3285, 36.17, 46, 1965
2026/08/02 17:04:29.240, 21, 3, 2560, 35.73, 46, 2475
2026/08/02 17:04:29.443, 21, 3, 2775, 35.73, 46, 2475
2026/08/02 17:04:29.646, 13, 2, 3177, 35.67, 46, 2475
2026/08/02 17:04:29.849, 13, 2, 2552, 35.67, 46, 2475
2026/08/02 17:04:30.054, 13, 2, 2775, 35.67, 46, 2475
2026/08/02 17:04:30.257, 9, 1, 3159, 36.32, 46, 2475
2026/08/02 17:04:30.460, 9, 1, 2542, 36.32, 46, 2475
2026/08/02 17:04:30.662, 10, 2, 2761, 36.49, 46, 2475
2026/08/02 17:04:30.865, 10, 2, 3145, 36.49, 46, 2475
2026/08/02 17:04:31.067, 10, 2, 2538, 36.49, 46, 2475
2026/08/02 17:04:31.270, 8, 1, 2679, 36.34, 46, 2475
2026/08/02 17:04:31.474, 8, 1, 2825, 36.34, 46, 2475
2026/08/02 17:04:31.678, 27, 3, 3083, 36.11, 46, 2475
2026/08/02 17:04:31.881, 27, 3, 2745, 36.11, 46, 2475
2026/08/02 17:04:32.085, 27, 3, 2952, 36.11, 46, 2475
2026/08/02 17:04:32.289, 9, 1, 2537, 35.95, 46, 2475
2026/08/02 17:04:32.491, 9, 1, 2537, 35.95, 46, 2475
2026/08/02 17:04:32.694, 4, 1, 2760, 36.28, 46, 2475
2026/08/02 17:04:32.897, 4, 1, 3144, 36.28, 46, 2475
2026/08/02 17:04:33.102, 4, 1, 2546, 36.28, 46, 2475
2026/08/02 17:04:33.305, 14, 2, 2824, 36.24, 46, 2475
2026/08/02 17:04:33.508, 14, 2, 3546, 36.24, 46, 2475
2026/08/02 17:04:33.711, 32, 4, 2536, 36.25, 46, 2475
2026/08/02 17:04:33.916, 32, 4, 2758, 36.25, 46, 2475
2026/08/02 17:04:34.117, 32, 4, 3142, 36.25, 46, 2475
2026/08/02 17:04:34.324, 17, 2, 2553, 36.06, 46, 2475
2026/08/02 17:04:34.527, 17, 2, 2809, 36.06, 46, 2475
2026/08/02 17:04:34.729, 8, 1, 3533, 36.14, 46, 2475
2026/08/02 17:04:34.933, 8, 1, 2521, 36.14, 46, 2475
2026/08/02 17:04:35.135, 3, 1, 2521, 35.93, 46, 2475
2026/08/02 17:04:35.337, 3, 1, 2673, 35.93, 46, 2475
2026/08/02 17:04:35.541, 3, 1, 2870, 35.93, 46, 2475
2026/08/02 17:04:35.744, 13, 2, 3003, 35.43, 46, 2475
2026/08/02 17:04:35.949, 13, 2, 2742, 35.43, 46, 2475
2026/08/02 17:04:36.153, 12, 2, 3147, 35.55, 46, 2475
2026/08/02 17:04:36.358, 12, 2, 2520, 35.55, 46, 2475
2026/08/02 17:04:36.561, 12, 2, 2517, 35.55, 46, 2475
2026/08/02 17:04:36.764, 3, 1, 2517, 36.01, 46, 1815
2026/08/02 17:04:36.969, 3, 1, 2517, 36.01, 46, 1815
2026/08/02 17:04:37.170, 3, 2, 2517, 32.13, 46, 1425
2026/08/02 17:04:37.375, 3, 2, 2517, 32.13, 46, 1425
2026/08/02 17:04:37.577, 3, 2, 2517, 32.13, 46, 1425
2026/08/02 17:04:37.779, 5, 13, 2703, 26.67, 46, 1200
2026/08/02 17:04:37.984, 5, 13, 3059, 26.67, 46, 1200
2026/08/02 17:04:38.189, 31, 4, 2524, 27.66, 46, 2475
2026/08/02 17:04:38.396, 31, 4, 2803, 27.66, 46, 2475
2026/08/02 17:04:38.601, 31, 4, 4039, 27.66, 46, 2475
2026/08/02 17:04:38.806, 37, 4, 2707, 32.61, 46, 2475
2026/08/02 17:04:39.011, 37, 4, 3122, 32.61, 46, 2475
2026/08/02 17:04:39.217, 33, 4, 2515, 36.14, 46, 2475
2026/08/02 17:04:39.419, 33, 4, 2515, 36.14, 46, 2475
2026/08/02 17:04:39.622, 33, 4, 2515, 36.14, 46, 2475
2026/08/02 17:04:39.824, 3, 1, 2515, 35.83, 46, 1560
2026/08/02 17:04:40.029, 3, 1, 2514, 35.83, 46, 1560
2026/08/02 17:04:40.231, 5, 2, 2514, 32.05, 46, 1215
2026/08/02 17:04:40.434, 5, 2, 2514, 32.05, 46, 1215
2026/08/02 17:04:40.637, 3, 11, 2514, 26.50, 45, 1035
2026/08/02 17:04:40.843, 3, 11, 2526, 26.50, 45, 1035
2026/08/02 17:04:41.044, 3, 11, 2752, 26.50, 45, 1035
2026/08/02 17:04:41.248, 10, 1, 3072, 27.67, 46, 2475
2026/08/02 17:04:41.449, 10, 1, 3060, 27.67, 46, 2475
2026/08/02 17:04:41.654, 4, 1, 2700, 32.58, 46, 2475
2026/08/02 17:04:41.860, 4, 1, 2828, 32.58, 46, 2475
2026/08/02 17:04:42.066, 4, 1, 3677, 32.58, 46, 2475
2026/08/02 17:04:42.268, 33, 4, 2649, 35.58, 46, 2475
2026/08/02 17:04:42.472, 33, 4, 2827, 35.58, 46, 2475
2026/08/02 17:04:42.676, 2, 1, 3211, 35.64, 46, 2475
2026/08/02 17:04:42.878, 2, 1, 2512, 35.64, 46, 2475
2026/08/02 17:04:43.082, 2, 1, 2762, 35.64, 46, 2475
2026/08/02 17:04:43.284, 12, 2, 3210, 36.26, 46, 2475
2026/08/02 17:04:43.487, 12, 2, 2511, 36.26, 46, 2475
2026/08/02 17:04:43.690, 3, 1, 2762, 36.23, 46, 2475
2026/08/02 17:04:43.892, 3, 1, 2954, 36.23, 46, 2475
2026/08/02 17:04:44.096, 3, 1, 3688, 36.23, 46, 2475
2026/08/02 17:04:44.301, 30, 3, 2666, 35.96, 46, 2475
2026/08/02 17:04:44.503, 30, 3, 2826, 35.96, 46, 2475
2026/08/02 17:04:44.707, 12, 2, 3677, 35.65, 46, 2475
2026/08/02 17:04:44.913, 12, 2, 2647, 35.65, 46, 2475
2026/08/02 17:04:45.118, 12, 2, 2825, 35.65, 46, 2475
2026/08/02 17:04:45.322, 10, 1, 3209, 35.97, 46, 2475
2026/08/02 17:04:45.529, 10, 1, 2995, 35.97, 46, 2475
2026/08/02 17:04:45.733, 14, 2, 2510, 35.90, 46, 1515
2026/08/02 17:04:45.938, 14, 2, 2510, 35.90, 46, 1515
2026/08/02 17:04:46.139, 3, 2, 2510, 32.17, 45, 1215
2026/08/02 17:04:46.342, 3, 2, 2510, 32.17, 45, 1215
2026/08/02 17:04:46.545, 3, 2, 2510, 32.17, 45, 1215
2026/08/02 17:04:46.748, 5, 12, 2510, 26.88, 45, 1035
2026/08/02 17:04:46.952, 5, 12, 2510, 26.88, 45, 1035
2026/08/02 17:04:47.155, 6, 8, 2510, 22.98, 45, 825
2026/08/02 17:04:47.357, 6, 8, 2510, 22.98, 45, 825
2026/08/02 17:04:47.559, 6, 8, 2510, 22.98, 45, 825
2026/08/02 17:04:47.762, 4, 12, 2510, 20.97, 45, 705
2026/08/02 17:04:47.964, 4, 12, 2510, 20.97, 45, 705
2026/08/02 17:04:48.170, 6, 11, 2510, 20.71, 45, 555
2026/08/02 17:04:48.375, 6, 11, 2510, 20.71, 45, 555
2026/08/02 17:04:48.577, 6, 11, 2510, 20.71, 45, 555
2026/08/02 17:04:48.781, 7, 13, 2510, 20.50, 45, 480
2026/08/02 17:04:48.985, 7, 13, 2510, 20.50, 45, 480
2026/08/02 17:04:49.189, 8, 12, 2510, 19.99, 45, 390
2026/08/02 17:04:49.394, 8, 12, 2510, 19.99, 45, 390
2026/08/02 17:04:49.600, 8, 12, 3097, 19.99, 45, 390
2026/08/02 17:04:49.802, 17, 3, 3057, 20.76, 46, 2475
2026/08/02 17:04:50.005, 17, 3, 2749, 20.76, 46, 2475
2026/08/02 17:04:50.208, 10, 1, 3133, 28.01, 46, 2475
2026/08/02 17:04:50.441, 10, 1, 3697, 28.01, 46, 2475
2026/08/02 17:04:50.643, 3, 1, 4283, 35.76, 46, 2475
2026/08/02 17:04:50.849, 3, 1, 2677, 35.76, 46, 2475
2026/08/02 17:04:51.051, 3, 1, 2813, 35.76, 46, 2475
2026/08/02 17:04:51.254, 8, 1, 3663, 35.38, 46, 2475
2026/08/02 17:04:51.461, 8, 1, 3695, 35.38, 46, 2475
2026/08/02 17:04:51.664, 19, 3, 2519, 35.32, 46, 2475
2026/08/02 17:04:51.867, 19, 3, 2749, 35.32, 46, 2475
2026/08/02 17:04:52.073, 19, 3, 3261, 35.32, 46, 2475
2026/08/02 17:04:52.280, 32, 3, 3695, 35.45, 46, 2475
2026/08/02 17:04:52.496, 32, 3, 2510, 35.45, 46, 2475
2026/08/02 17:04:52.701, 4, 1, 2749, 35.45, 46, 2475
2026/08/02 17:04:52.903, 4, 1, 3005, 35.45, 46, 2475
2026/08/02 17:04:53.105, 4, 1, 3695, 35.45, 46, 2475
2026/08/02 17:04:53.309, 23, 3, 3775, 35.44, 46, 2475
2026/08/02 17:04:53.513, 23, 3, 2510, 35.44, 46, 2475
2026/08/02 17:04:53.718, 3, 1, 2667, 35.08, 46, 1560
2026/08/02 17:04:53.932, 3, 1, 2813, 35.08, 46, 1560
2026/08/02 17:04:54.136, 19, 2, 3663, 34.58, 46, 2475
2026/08/02 17:04:54.339, 19, 2, 3697, 34.58, 46, 2475
2026/08/02 17:04:54.543, 19, 2, 2510, 34.58, 46, 2475
2026/08/02 17:04:54.746, 4, 1, 2749, 34.88, 46, 2475
2026/08/02 17:04:54.949, 4, 1, 2941, 34.88, 46, 2475
2026/08/02 17:04:55.151, 26, 3, 3687, 35.46, 46, 2475
2026/08/02 17:04:55.354, 26, 3, 2510, 35.46, 46, 2475
2026/08/02 17:04:55.558, 26, 3, 2510, 35.46, 46, 2475
2026/08/02 17:04:55.761, 3, 1, 2697, 35.27, 46, 1380
2026/08/02 17:04:55.964, 3, 1, 2813, 35.27, 46, 1380
2026/08/02 17:04:56.168, 32, 3, 3662, 34.82, 46, 2475
2026/08/02 17:04:56.373, 32, 3, 3700, 34.82, 46, 2475
2026/08/02 17:04:56.575, 32, 3, 2508, 34.82, 46, 2475
2026/08/02 17:04:56.778, 6, 1, 2742, 34.58, 46, 2475
2026/08/02 17:04:56.982, 6, 1, 3062, 34.58, 46, 2475
2026/08/02 17:04:57.183, 24, 2, 3700, 35.18, 46, 2475
2026/08/02 17:04:57.385, 24, 2, 2504, 35.18, 46, 2475
2026/08/02 17:04:57.588, 24, 2, 2504, 35.18, 46, 2475
2026/08/02 17:04:57.790, 3, 1, 2504, 35.02, 46, 1425
2026/08/02 17:04:57.993, 3, 1, 2644, 35.02, 46, 1425
2026/08/02 17:04:58.196, 14, 2, 2806, 32.66, 46, 2475
2026/08/02 17:04:58.400, 14, 2, 3256, 32.66, 46, 2475
2026/08/02 17:04:58.606, 14, 2, 3717, 32.66, 46, 2475
2026/08/02 17:04:58.807, 21, 2, 3072, 32.76, 46, 2475
2026/08/02 17:04:59.012, 21, 2, 2734, 32.76, 46, 2475
2026/08/02 17:04:59.218, 12, 2, 2830, 35.66, 46, 2475
2026/08/02 17:04:59.419, 12, 2, 3680, 35.66, 46, 2475
2026/08/02 17:04:59.625, 12, 2, 2528, 35.66, 46, 2475
2026/08/02 17:04:59.830, 32, 4, 2780, 36.07, 46, 2475
2026/08/02 17:05:00.033, 32, 4, 2912, 36.07, 46, 2475
2026/08/02 17:05:00.238, 15, 2, 3720, 36.09, 46, 2475
2026/08/02 17:05:00.442, 15, 2, 3117, 36.09, 46, 2475
2026/08/02 17:05:00.645, 9, 2, 2797, 36.91, 46, 2475
2026/08/02 17:05:00.849, 9, 2, 2893, 36.91, 46, 2475
2026/08/02 17:05:01.057, 9, 2, 3743, 36.91, 46, 2475
2026/08/02 17:05:01.261, 19, 3, 2590, 36.61, 46, 2475
2026/08/02 17:05:01.465, 19, 3, 2797, 36.61, 46, 2475
2026/08/02 17:05:01.667, 6, 1, 2957, 35.98, 46, 2475
2026/08/02 17:05:01.870, 6, 1, 3741, 35.98, 46, 2475
2026/08/02 17:05:02.073, 6, 1, 2574, 35.98, 46, 2475
2026/08/02 17:05:02.276, 15, 2, 2813, 36.23, 46, 2475
2026/08/02 17:05:02.479, 15, 2, 3069, 36.23, 46, 2475
2026/08/02 17:05:02.682, 32, 3, 3763, 35.88, 46, 2475
2026/08/02 17:05:02.886, 32, 3, 2567, 35.88, 46, 2475
2026/08/02 17:05:03.091, 32, 3, 2559, 35.88, 46, 2475
2026/08/02 17:05:03.294, 3, 1, 2559, 35.81, 46, 2475
2026/08/02 17:05:03.497, 3, 1, 2559, 35.81, 46, 2475
2026/08/02 17:05:03.703, 3, 1, 2559, 35.30, 45, 1455
2026/08/02 17:05:03.906, 3, 1, 2559, 35.30, 45, 1455
2026/08/02 17:05:04.110, 3, 1, 2559, 35.30, 45, 1455
2026/08/02 17:05:04.311, 6, 2, 2559, 31.32, 45, 1140
2026/08/02 17:05:04.513, 6, 2, 2558, 31.32, 45, 1140
2026/08/02 17:05:04.716, 3, 11, 2557, 26.37, 45, 975
2026/08/02 17:05:04.920, 3, 11, 2556, 26.37, 45, 975
2026/08/02 17:05:05.122, 3, 11, 2556, 26.37, 45, 975
2026/08/02 17:05:05.325, 6, 12, 2556, 22.60, 45, 765
2026/08/02 17:05:05.527, 6, 12, 2541, 22.60, 45, 765
2026/08/02 17:05:05.730, 7, 13, 2540, 20.36, 45, 660
2026/08/02 17:05:05.935, 7, 13, 3088, 20.36, 45, 660
2026/08/02 17:05:06.138, 15, 2, 2708, 23.05, 45, 2475
2026/08/02 17:05:06.339, 15, 2, 2527, 23.05, 45, 2475
2026/08/02 17:05:06.542, 15, 2, 3256, 23.05, 45, 2475
2026/08/02 17:05:06.746, 38, 4, 2755, 30.78, 46, 2475
2026/08/02 17:05:06.949, 38, 4, 2523, 30.78, 46, 2475
2026/08/02 17:05:07.154, 17, 2, 3058, 36.86, 46, 2475
2026/08/02 17:05:07.361, 17, 2, 2753, 36.86, 46, 2475
2026/08/02 17:05:07.566, 17, 2, 2510, 36.86, 46, 2475
2026/08/02 17:05:07.770, 3, 1, 2509, 36.97, 45, 1740
2026/08/02 17:05:07.974, 3, 1, 2509, 36.97, 45, 1740
2026/08/02 17:05:08.175, 4, 2, 2751, 32.80, 45, 2475
2026/08/02 17:05:08.381, 4, 2, 2518, 32.80, 45, 2475
2026/08/02 17:05:08.583, 4, 2, 3664, 32.80, 45, 2475
2026/08/02 17:05:08.785, 29, 3, 2541, 32.28, 46, 2475
2026/08/02 17:05:09.001, 29, 3, 2541, 32.28, 46, 2475
2026/08/02 17:05:09.204, 4, 1, 2550, 34.84, 45, 2475
2026/08/02 17:05:09.408, 4, 1, 3633, 34.84, 45, 2475
2026/08/02 17:05:09.609, 4, 1, 2758, 34.84, 45, 2475
2026/08/02 17:05:09.813, 8, 1, 2539, 35.74, 46, 2475
2026/08/02 17:05:10.017, 8, 1, 2538, 35.74, 46, 2475
2026/08/02 17:05:10.222, 3, 1, 2537, 35.72, 45, 2475
2026/08/02 17:05:10.425, 3, 1, 2713, 35.72, 45, 2475
2026/08/02 17:05:10.631, 41, 4, 2542, 35.63, 46, 2475
2026/08/02 17:05:10.836, 41, 4, 3173, 35.63, 46, 2475
2026/08/02 17:05:11.040, 41, 4, 2527, 35.63, 46, 2475
2026/08/02 17:05:11.243, 3, 1, 2527, 35.62, 46, 2475
2026/08/02 17:05:11.449, 3, 1, 2527, 35.62, 46, 2475
2026/08/02 17:05:11.652, 12, 2, 3469, 35.58, 46, 2475
2026/08/02 17:05:11.856, 12, 2, 2765, 35.58, 46, 2475
2026/08/02 17:05:12.057, 12, 2, 2527, 35.58, 46, 2475
2026/08/02 17:05:12.261, 14, 2, 2527, 35.67, 46, 2475
2026/08/02 17:05:12.466, 14, 2, 2527, 35.67, 46, 2475
2026/08/02 17:05:12.668, 4, 1, 2725, 35.63, 45, 2475
2026/08/02 17:05:12.871, 4, 1, 2527, 35.63, 45, 2475
2026/08/02 17:05:13.075, 4, 1, 3173, 35.63, 45, 2475
2026/08/02 17:05:13.280, 24, 3, 2527, 35.32, 46, 2475
2026/08/02 17:05:13.485, 24, 3, 2531, 35.32, 46, 2475
2026/08/02 17:05:13.689, 3, 1, 2539, 35.37, 45, 1485
2026/08/02 17:05:13.892, 3, 1, 3684, 35.37, 45, 1485
2026/08/02 17:05:14.094, 3, 1, 2741, 35.37, 45, 1485
2026/08/02 17:05:14.297, 9, 1, 2518, 34.53, 46, 2475
2026/08/02 17:05:14.501, 9, 1, 2518, 34.53, 46, 2475
2026/08/02 17:05:14.703, 3, 1, 2518, 34.38, 45, 1590
2026/08/02 17:05:14.907, 3, 1, 2761, 34.38, 45, 1590
2026/08/02 17:05:15.109, 3, 1, 2527, 34.38, 45, 1590
2026/08/02 17:05:15.312, 28, 3, 3645, 33.72, 45, 2475
2026/08/02 17:05:15.513, 28, 3, 2512, 33.72, 45, 2475
2026/08/02 17:05:15.716, 3, 1, 2512, 33.85, 45, 1620
2026/08/02 17:05:15.919, 3, 1, 2520, 33.85, 45, 1620
2026/08/02 17:05:16.121, 3, 1, 3375, 33.85, 45, 1620
2026/08/02 17:05:16.325, 15, 4, 2703, 31.58, 45, 2475
2026/08/02 17:05:16.526, 15, 4, 2518, 31.58, 45, 2475
2026/08/02 17:05:16.729, 13, 2, 2518, 31.55, 45, 1500
2026/08/02 17:05:16.933, 13, 2, 2511, 31.55, 45, 1500
2026/08/02 17:05:17.145, 5, 2, 2695, 32.26, 45, 2475
2026/08/02 17:05:17.356, 5, 2, 2523, 32.26, 45, 2475
2026/08/02 17:05:17.561, 5, 2, 3170, 32.26, 45, 2475
2026/08/02 17:05:17.764, 27, 3, 2523, 31.87, 46, 2475
2026/08/02 17:05:17.964, 27, 3, 2523, 31.87, 46, 2475
2026/08/02 17:05:18.168, 3, 1, 2523, 34.14, 45, 2475
2026/08/02 17:05:18.375, 3, 1, 3170, 34.14, 45, 2475
2026/08/02 17:05:18.578, 3, 1, 2694, 34.14, 45, 2475
2026/08/02 17:05:18.780, 9, 1, 2523, 35.04, 45, 2475
2026/08/02 17:05:18.985, 9, 1, 2523, 35.04, 45, 2475
2026/08/02 17:05:19.187, 3, 1, 2513, 35.29, 45, 2475
2026/08/02 17:05:19.389, 3, 1, 2674, 35.29, 45, 2475
2026/08/02 17:05:19.591, 3, 1, 2513, 35.29, 45, 2475
2026/08/02 17:05:19.794, 40, 4, 3158, 35.41, 45, 2475
2026/08/02 17:05:19.997, 40, 4, 2513, 35.41, 45, 2475
2026/08/02 17:05:20.200, 3, 1, 2513, 35.53, 45, 2475
2026/08/02 17:05:20.404, 3, 1, 2513, 35.53, 45, 2475
2026/08/02 17:05:20.607, 3, 1, 3158, 35.53, 45, 2475
2026/08/02 17:05:20.809, 12, 2, 2656, 35.49, 45, 2475
2026/08/02 17:05:21.014, 12, 2, 2998, 35.49, 45, 2475
2026/08/02 17:05:21.216, 18, 2, 2513, 35.61, 45, 2475
2026/08/02 17:05:21.419, 18, 2, 2513, 35.61, 45, 2475
2026/08/02 17:05:21.623, 18, 2, 2662, 35.61, 45, 2475
2026/08/02 17:05:21.827, 3, 1, 2523, 35.58, 45, 2475
2026/08/02 17:05:22.031, 3, 1, 3184, 35.58, 45, 2475
2026/08/02 17:05:22.233, 22, 3, 2539, 35.11, 46, 2475
2026/08/02 17:05:22.437, 22, 3, 2539, 35.11, 46, 2475
2026/08/02 17:05:22.639, 3, 1, 2539, 35.15, 45, 1515
2026/08/02 17:05:22.843, 3, 1, 3180, 35.15, 45, 1515
2026/08/02 17:05:23.047, 3, 1, 2690, 35.15, 45, 1515
2026/08/02 17:05:23.250, 8, 1, 2535, 34.43, 45, 2475
2026/08/02 17:05:23.453, 8, 1, 2535, 34.43, 45, 2475
2026/08/02 17:05:23.657, 3, 1, 2528, 34.44, 45, 1545
2026/08/02 17:05:23.863, 3, 1, 2669, 34.44, 45, 1545
2026/08/02 17:05:24.063, 3, 1, 2528, 34.44, 45, 1545
2026/08/02 17:05:24.265, 33, 4, 3173, 33.80, 45, 2475
2026/08/02 17:05:24.465, 33, 4, 2528, 33.80, 45, 2475
2026/08/02 17:05:24.668, 4, 1, 2528, 33.81, 45, 1620
2026/08/02 17:05:24.873, 4, 1, 2528, 33.81, 45, 1620
2026/08/02 17:05:25.078, 4, 1, 3173, 33.81, 45, 1620
2026/08/02 17:05:25.281, 16, 4, 2673, 31.43, 45, 2475
2026/08/02 17:05:25.484, 16, 4, 2528, 31.43, 45, 2475
2026/08/02 17:05:25.689, 5, 1, 2528, 31.45, 45, 1725
2026/08/02 17:05:25.894, 5, 1, 2528, 31.45, 45, 1725
2026/08/02 17:05:26.097, 5, 1, 2671, 31.45, 45, 1725
2026/08/02 17:05:26.301, 5, 2, 2528, 32.28, 45, 2475
2026/08/02 17:05:26.508, 5, 2, 3175, 32.28, 45, 2475
2026/08/02 17:05:26.711, 30, 3, 2525, 32.21, 45, 2475
2026/08/02 17:05:26.914, 30, 3, 2498, 32.21, 45, 2475
2026/08/02 17:05:27.116, 30, 3, 2498, 32.21, 45, 2475
2026/08/02 17:05:27.319, 3, 1, 3145, 34.52, 45, 2475
2026/08/02 17:05:27.525, 3, 1, 2673, 34.52, 45, 2475
2026/08/02 17:05:27.741, 15, 2, 2498, 35.22, 45, 2475
2026/08/02 17:05:27.944, 15, 2, 2498, 35.22, 45, 2475
2026/08/02 17:05:28.146, 3, 1, 2498, 35.25, 45, 2475
2026/08/02 17:05:28.348, 3, 1, 2669, 35.25, 45, 2475
2026/08/02 17:05:28.553, 3, 1, 2504, 35.25, 45, 2475
2026/08/02 17:05:28.758, 22, 3, 3145, 35.20, 45, 2475
2026/08/02 17:05:28.961, 22, 3, 2498, 35.20, 45, 2475
2026/08/02 17:05:29.163, 4, 1, 2498, 35.08, 45, 2475
2026/08/02 17:05:29.369, 4, 1, 2498, 35.08, 45, 2475
2026/08/02 17:05:29.573, 4, 1, 3145, 35.08, 45, 2475
2026/08/02 17:05:29.776, 17, 2, 2665, 35.06, 46, 2475
2026/08/02 17:05:29.979, 17, 2, 2498, 35.06, 46, 2475
2026/08/02 17:05:30.180, 4, 1, 2498, 35.56, 45, 2475
2026/08/02 17:05:30.383, 4, 1, 2498, 35.56, 45, 2475
2026/08/02 17:05:30.589, 4, 1, 2498, 35.56, 45, 2475
2026/08/02 17:05:30.792, 3, 1, 2498, 35.49, 45, 1410
2026/08/02 17:05:30.996, 3, 1, 2498, 35.49, 45, 1410
2026/08/02 17:05:31.199, 4, 2, 2498, 30.98, 45, 1125
2026/08/02 17:05:31.402, 4, 2, 2498, 30.98, 45, 1125
2026/08/02 17:05:31.607, 4, 2, 2498, 30.98, 45, 1125
2026/08/02 17:05:31.811, 9, 14, 2498, 25.92, 45, 945
2026/08/02 17:05:32.013, 9, 14, 2519, 25.92, 45, 945
2026/08/02 17:05:32.217, 13, 14, 2519, 22.16, 45, 765
2026/08/02 17:05:32.419, 13, 14, 2674, 22.16, 45, 765
2026/08/02 17:05:32.622, 13, 14, 3106, 22.16, 45, 765
2026/08/02 17:05:32.826, 22, 3, 2528, 22.71, 45, 2475
2026/08/02 17:05:33.029, 22, 3, 3186, 22.71, 45, 2475
2026/08/02 17:05:33.231, 27, 3, 3272, 29.73, 45, 2475
2026/08/02 17:05:33.435, 27, 3, 2690, 29.73, 45, 2475
2026/08/02 17:05:33.652, 20, 3, 3204, 35.74, 46, 2475
2026/08/02 17:05:33.855, 20, 3, 2519, 35.74, 46, 2475
2026/08/02 17:05:34.059, 20, 3, 3160, 35.74, 46, 2475
2026/08/02 17:05:34.264, 22, 3, 3194, 35.84, 45, 2475
2026/08/02 17:05:34.469, 22, 3, 2650, 35.84, 45, 2475
2026/08/02 17:05:34.714, 18, 2, 3196, 35.94, 45, 2475
2026/08/02 17:05:34.925, 18, 2, 2511, 35.94, 45, 2475
2026/08/02 17:05:35.129, 10, 1, 3136, 35.84, 45, 2475
2026/08/02 17:05:35.331, 10, 1, 2511, 35.84, 45, 2475
2026/08/02 17:05:35.536, 10, 1, 3170, 35.84, 45, 2475
2026/08/02 17:05:35.740, 22, 3, 2654, 36.24, 45, 2475
2026/08/02 17:05:35.947, 22, 3, 3704, 36.24, 45, 2475
2026/08/02 17:05:36.149, 13, 2, 2682, 36.64, 45, 2475
2026/08/02 17:05:36.352, 13, 2, 3098, 36.64, 45, 2475
2026/08/02 17:05:36.558, 13, 2, 2648, 36.64, 45, 2475
2026/08/02 17:05:36.761, 4, 1, 3178, 36.22, 45, 2475
2026/08/02 17:05:36.964, 4, 1, 3264, 36.22, 45, 2475
2026/08/02 17:05:37.170, 19, 3, 2659, 35.76, 45, 2475
2026/08/02 17:05:37.375, 19, 3, 3181, 35.76, 45, 2475
2026/08/02 17:05:37.576, 19, 3, 2498, 35.76, 45, 2475
2026/08/02 17:05:37.779, 20, 3, 3147, 35.74, 45, 2475
2026/08/02 17:05:37.982, 20, 3, 3181, 35.74, 45, 2475
2026/08/02 17:05:38.188, 9, 1, 2518, 35.82, 45, 2475
2026/08/02 17:05:38.390, 9, 1, 3192, 35.82, 45, 2475
2026/08/02 17:05:38.595, 9, 1, 3282, 35.82, 45, 2475
2026/08/02 17:05:38.795, 3, 1, 2517, 35.85, 45, 2475
2026/08/02 17:05:38.999, 3, 1, 2771, 35.85, 45, 2475
2026/08/02 17:05:39.201, 21, 3, 3209, 35.55, 45, 2475
2026/08/02 17:05:39.419, 21, 3, 2533, 35.55, 45, 2475
2026/08/02 17:05:39.621, 21, 3, 3183, 35.55, 45, 2475
2026/08/02 17:05:39.826, 14, 2, 2524, 35.23, 45, 2475
2026/08/02 17:05:40.030, 14, 2, 2771, 35.23, 45, 2475
2026/08/02 17:05:40.231, 19, 2, 3209, 35.90, 45, 2475
2026/08/02 17:05:40.435, 19, 2, 2527, 35.90, 45, 2475
2026/08/02 17:05:40.639, 14, 2, 3178, 36.12, 45, 2475
2026/08/02 17:05:40.843, 14, 2, 2519, 36.12, 45, 2475
2026/08/02 17:05:41.048, 14, 2, 2770, 36.12, 45, 2475
2026/08/02 17:05:41.253, 14, 2, 3204, 36.01, 45, 2475
2026/08/02 17:05:41.457, 14, 2, 2528, 36.01, 45, 2475
2026/08/02 17:05:41.659, 10, 2, 3178, 36.07, 45, 2475
2026/08/02 17:05:41.863, 10, 2, 2519, 36.07, 45, 2475
2026/08/02 17:05:42.066, 10, 2, 2788, 36.07, 45, 2475
2026/08/02 17:05:42.270, 15, 2, 3202, 36.16, 45, 2475
2026/08/02 17:05:42.475, 15, 2, 2521, 36.16, 45, 2475
2026/08/02 17:05:42.679, 10, 1, 3170, 36.14, 45, 2475
2026/08/02 17:05:42.883, 10, 1, 2513, 36.14, 45, 2475
2026/08/02 17:05:43.087, 10, 1, 2699, 36.14, 45, 2475
2026/08/02 17:05:43.292, 9, 1, 3205, 35.97, 45, 2475
2026/08/02 17:05:43.494, 9, 1, 2520, 35.97, 45, 2475
2026/08/02 17:05:43.699, 13, 2, 3169, 35.69, 45, 2475
2026/08/02 17:05:43.902, 13, 2, 2520, 35.69, 45, 2475
2026/08/02 17:05:44.109, 13, 2, 2666, 35.69, 45, 2475
2026/08/02 17:05:44.325, 5, 1, 3194, 35.75, 45, 2475
2026/08/02 17:05:44.527, 5, 1, 2509, 35.75, 45, 2475
2026/08/02 17:05:44.728, 16, 3, 3158, 35.99, 45, 2475
2026/08/02 17:05:44.933, 16, 3, 2509, 35.99, 45, 2475
2026/08/02 17:05:45.133, 4, 1, 2700, 35.73, 45, 2475
2026/08/02 17:05:45.337, 4, 1, 3192, 35.73, 45, 2475
2026/08/02 17:05:45.543, 4, 1, 2509, 35.73, 45, 2475
2026/08/02 17:05:45.746, 17, 3, 3158, 36.04, 45, 2475
2026/08/02 17:05:45.950, 17, 3, 2509, 36.04, 45, 2475
2026/08/02 17:05:46.154, 5, 1, 2756, 35.75, 45, 2475
2026/08/02 17:05:46.360, 5, 1, 3192, 35.75, 45, 2475
2026/08/02 17:05:46.561, 5, 1, 2517, 35.75, 45, 2475
2026/08/02 17:05:46.763, 17, 3, 3166, 36.03, 45, 2475
2026/08/02 17:05:46.965, 17, 3, 2509, 36.03, 45, 2475
2026/08/02 17:05:47.168, 3, 1, 2720, 36.08, 45, 2475
2026/08/02 17:05:47.371, 3, 1, 3194, 36.08, 45, 2475
2026/08/02 17:05:47.574, 3, 1, 2509, 36.08, 45, 2475
2026/08/02 17:05:47.775, 21, 3, 3158, 36.26, 45, 2475
2026/08/02 17:05:47.977, 21, 3, 2508, 36.26, 45, 2475
2026/08/02 17:05:48.181, 4, 1, 2702, 35.78, 45, 2475
2026/08/02 17:05:48.388, 4, 1, 3186, 35.78, 45, 2475
2026/08/02 17:05:48.592, 4, 1, 2503, 35.78, 45, 2475
2026/08/02 17:05:48.794, 21, 3, 3152, 35.76, 45, 2475
2026/08/02 17:05:48.998, 21, 3, 2503, 35.76, 45, 2475
2026/08/02 17:05:49.201, 4, 1, 2698, 36.11, 45, 2475
2026/08/02 17:05:49.404, 4, 1, 3188, 36.11, 45, 2475
2026/08/02 17:05:49.607, 4, 1, 2503, 36.11, 45, 2475
2026/08/02 17:05:49.811, 9, 1, 3152, 36.15, 45, 2475
2026/08/02 17:05:50.013, 9, 1, 2519, 36.15, 45, 2475
2026/08/02 17:05:50.216, 5, 1, 2666, 36.06, 45, 2475
2026/08/02 17:05:50.421, 5, 1, 3212, 36.06, 45, 2475
2026/08/02 17:05:50.626, 5, 1, 3294, 36.06, 45, 2475
2026/08/02 17:05:50.828, 2, 1, 2712, 35.99, 45, 2475
2026/08/02 17:05:51.033, 2, 1, 3013, 35.99, 45, 2475
2026/08/02 17:05:51.236, 28, 3, 2538, 35.98, 45, 2475
2026/08/02 17:05:51.438, 28, 3, 3178, 35.98, 45, 2475
2026/08/02 17:05:51.644, 26, 2, 3240, 36.32, 45, 2475
2026/08/02 17:05:51.846, 26, 2, 2564, 36.32, 45, 2475
2026/08/02 17:05:52.048, 26, 2, 3209, 36.32, 45, 2475
2026/08/02 17:05:52.263, 21, 3, 2551, 36.26, 46, 2475
2026/08/02 17:05:52.464, 21, 3, 2737, 36.26, 46, 2475
2026/08/02 17:05:52.667, 23, 3, 3235, 36.15, 45, 2475
2026/08/02 17:05:52.881, 23, 3, 2551, 36.15, 45, 2475
2026/08/02 17:05:53.096, 23, 3, 3207, 36.15, 45, 2475
2026/08/02 17:05:53.310, 16, 2, 2564, 36.34, 45, 2475
2026/08/02 17:05:53.526, 16, 2, 2724, 36.34, 45, 2475
2026/08/02 17:05:53.730, 12, 2, 3269, 36.40, 45, 2475
2026/08/02 17:05:53.942, 12, 2, 3137, 36.40, 45, 2475
2026/08/02 17:05:54.144, 12, 2, 2811, 36.35, 45, 2475
2026/08/02 17:05:54.358, 12, 2, 2608, 36.35, 45, 2475
2026/08/02 17:05:54.574, 12, 2, 2747, 36.35, 45, 2475
2026/08/02 17:05:54.776, 3, 1, 3291, 36.19, 45, 2475
2026/08/02 17:05:54.991, 3, 1, 3803, 36.19, 45, 2475
2026/08/02 17:05:55.194, 21, 3, 2818, 36.33, 45, 2475
2026/08/02 17:05:55.395, 21, 3, 2595, 36.33, 45, 2475
2026/08/02 17:05:55.596, 21, 3, 2608, 36.33, 45, 2475
2026/08/02 17:05:55.798, 4, 1, 3260, 36.12, 45, 2475
2026/08/02 17:05:56.014, 4, 1, 3364, 36.12, 45, 2475
2026/08/02 17:05:56.229, 7, 1, 2850, 36.02, 45, 2475
2026/08/02 17:05:56.431, 7, 1, 2617, 36.02, 45, 2475
2026/08/02 17:05:56.633, 7, 1, 2634, 36.02, 45, 2475
2026/08/02 17:05:56.836, 4, 1, 3287, 35.66, 45, 1680
2026/08/02 17:05:57.040, 4, 1, 3363, 35.66, 45, 1680
2026/08/02 17:05:57.244, 19, 3, 2757, 35.92, 45, 2475
2026/08/02 17:05:57.445, 19, 3, 3771, 35.92, 45, 2475
2026/08/02 17:05:57.646, 17, 3, 2614, 35.24, 45, 1575
2026/08/02 17:05:57.848, 17, 3, 2614, 35.24, 45, 1575
2026/08/02 17:05:58.049, 17, 3, 2723, 35.24, 45, 1575
2026/08/02 17:05:58.253, 19, 2, 3308, 32.85, 45, 2475
2026/08/02 17:05:58.469, 19, 2, 3793, 32.85, 45, 2475
2026/08/02 17:05:58.673, 18, 3, 2830, 32.48, 45, 2475
2026/08/02 17:05:58.874, 18, 3, 3693, 32.48, 45, 2475
2026/08/02 17:05:59.075, 18, 3, 2610, 32.48, 45, 2475
2026/08/02 17:05:59.291, 4, 1, 2602, 36.00, 45, 2475
2026/08/02 17:05:59.491, 4, 1, 2601, 36.00, 45, 2475
2026/08/02 17:05:59.692, 3, 1, 2597, 34.67, 45, 1365
2026/08/02 17:05:59.893, 3, 1, 2597, 34.67, 45, 1365
2026/08/02 17:06:00.095, 3, 1, 2596, 34.67, 45, 1365
2026/08/02 17:06:00.297, 7, 11, 2596, 30.27, 45, 1095
2026/08/02 17:06:00.499, 7, 11, 2582, 30.27, 45, 1095
2026/08/02 17:06:00.700, 8, 13, 2582, 24.00, 44, 930
2026/08/02 17:06:00.901, 8, 13, 2587, 24.00, 44, 930
2026/08/02 17:06:01.103, 8, 13, 2581, 24.00, 44, 930
2026/08/02 17:06:01.304, 5, 12, 2580, 20.59, 44, 750
2026/08/02 17:06:01.506, 5, 12, 2580, 20.59, 44, 750
2026/08/02 17:06:01.708, 6, 11, 2580, 20.18, 44, 645
2026/08/02 17:06:01.909, 6, 11, 2575, 20.18, 44, 645
2026/08/02 17:06:02.124, 6, 11, 2575, 20.18, 44, 645
2026/08/02 17:06:02.330, 7, 12, 2574, 20.06, 44, 525
2026/08/02 17:06:02.530, 7, 12, 2574, 20.06, 44, 525
2026/08/02 17:06:02.731, 12, 13, 2573, 19.74, 44, 450
2026/08/02 17:06:02.933, 12, 13, 2573, 19.74, 44, 450
2026/08/02 17:06:03.135, 8, 22, 2572, 18.84, 44, 390
2026/08/02 17:06:03.336, 8, 22, 2562, 18.84, 44, 390
2026/08/02 17:06:03.537, 8, 22, 2542, 18.84, 44, 390
2026/08/02 17:06:03.738, 10, 21, 2535, 17.75, 44, 345
2026/08/02 17:06:03.942, 10, 21, 2742, 17.75, 44, 345
2026/08/02 17:06:04.148, 22, 2, 3218, 21.66, 45, 2475
2026/08/02 17:06:04.361, 22, 2, 2534, 21.66, 45, 2475
2026/08/02 17:06:04.577, 22, 2, 3190, 21.66, 45, 2475
2026/08/02 17:06:04.792, 16, 2, 2534, 30.19, 45, 2475
2026/08/02 17:06:04.994, 16, 2, 2534, 30.19, 45, 2475
2026/08/02 17:06:05.195, 3, 1, 2534, 35.35, 45, 2475
2026/08/02 17:06:05.397, 3, 1, 2534, 35.35, 45, 2475
2026/08/02 17:06:05.598, 3, 1, 2546, 35.35, 45, 2475
2026/08/02 17:06:05.799, 4, 1, 2546, 34.48, 45, 1275
2026/08/02 17:06:06.000, 4, 1, 2553, 34.48, 45, 1275
2026/08/02 17:06:06.202, 7, 2, 2718, 30.67, 44, 1020
2026/08/02 17:06:06.410, 7, 2, 3240, 30.67, 44, 1020
2026/08/02 17:06:06.620, 7, 2, 2557, 30.67, 44, 1020
2026/08/02 17:06:06.822, 3, 1, 2827, 31.33, 45, 2475
2026/08/02 17:06:07.023, 3, 1, 2558, 31.33, 45, 2475
2026/08/02 17:06:07.227, 5, 1, 2805, 35.30, 45, 2475
2026/08/02 17:06:07.429, 5, 1, 3243, 35.30, 45, 2475
2026/08/02 17:06:07.633, 8, 1, 2558, 36.34, 45, 2475
2026/08/02 17:06:07.835, 8, 1, 3207, 36.34, 45, 2475
2026/08/02 17:06:08.039, 8, 1, 2558, 36.34, 45, 2475
2026/08/02 17:06:08.242, 3, 1, 2552, 36.12, 45, 2475
2026/08/02 17:06:08.445, 3, 1, 2830, 36.12, 45, 2475
2026/08/02 17:06:08.653, 23, 3, 3258, 36.22, 45, 2475
2026/08/02 17:06:08.856, 23, 3, 2569, 36.22, 45, 2475
2026/08/02 17:06:09.059, 23, 3, 3212, 36.22, 45, 2475
2026/08/02 17:06:09.261, 26, 3, 2563, 35.94, 45, 2475
2026/08/02 17:06:09.464, 26, 3, 2705, 35.94, 45, 2475
2026/08/02 17:06:09.667, 15, 2, 3252, 36.04, 45, 2475
2026/08/02 17:06:09.870, 15, 2, 3334, 36.04, 45, 2475
2026/08/02 17:06:10.073, 15, 2, 2718, 36.04, 45, 2475
2026/08/02 17:06:10.276, 15, 2, 3548, 36.04, 45, 2475
2026/08/02 17:06:10.481, 15, 2, 2558, 36.04, 45, 2475
2026/08/02 17:06:10.685, 3, 1, 2558, 35.54, 45, 1560
2026/08/02 17:06:10.889, 3, 1, 2711, 35.54, 45, 1560
2026/08/02 17:06:11.091, 3, 1, 3251, 35.54, 45, 1560
2026/08/02 17:06:11.294, 33, 3, 2733, 34.35, 45, 2475
2026/08/02 17:06:11.499, 33, 3, 3043, 34.35, 45, 2475
2026/08/02 17:06:11.702, 17, 3, 2816, 34.49, 45, 2475
2026/08/02 17:06:11.904, 17, 3, 2579, 34.49, 45, 2475
2026/08/02 17:06:12.106, 17, 3, 2580, 34.49, 45, 2475
2026/08/02 17:06:12.311, 5, 1, 2580, 37.29, 45, 2475
2026/08/02 17:06:12.513, 5, 1, 2580, 37.29, 45, 2475
2026/08/02 17:06:12.716, 4, 1, 2580, 36.01, 45, 1530
2026/08/02 17:06:12.920, 4, 1, 2580, 36.01, 45, 1530
2026/08/02 17:06:13.123, 4, 1, 2588, 36.01, 45, 1530
2026/08/02 17:06:13.325, 6, 2, 3057, 31.75, 44, 1230
2026/08/02 17:06:13.529, 6, 2, 2771, 31.75, 44, 1230
2026/08/02 17:06:13.736, 7, 1, 3145, 32.13, 45, 2475
2026/08/02 17:06:13.941, 7, 1, 2545, 32.13, 45, 2475
2026/08/02 17:06:14.146, 5, 1, 2767, 35.62, 45, 2475
2026/08/02 17:06:14.350, 5, 1, 3555, 35.62, 45, 2475
2026/08/02 17:06:14.555, 5, 1, 2669, 35.62, 45, 2475
2026/08/02 17:06:14.758, 4, 1, 2831, 36.45, 45, 2475
2026/08/02 17:06:14.963, 4, 1, 3365, 36.45, 45, 2475
2026/08/02 17:06:15.169, 11, 2, 2693, 36.62, 45, 2475
2026/08/02 17:06:15.373, 11, 2, 2915, 36.62, 45, 2475
2026/08/02 17:06:15.579, 11, 2, 2488, 36.62, 45, 2475
2026/08/02 17:06:15.784, 34, 4, 2723, 36.72, 45, 2475
2026/08/02 17:06:15.989, 34, 4, 3107, 36.72, 45, 2475
2026/08/02 17:06:16.191, 25, 3, 2488, 36.58, 45, 2475
2026/08/02 17:06:16.395, 25, 3, 2722, 36.58, 45, 2475
2026/08/02 17:06:16.599, 25, 3, 3106, 36.58, 45, 2475
2026/08/02 17:06:16.803, 34, 4, 2482, 36.28, 45, 2475
2026/08/02 17:06:17.005, 34, 4, 2716, 36.28, 45, 2475
2026/08/02 17:06:17.206, 12, 2, 3502, 36.41, 45, 2475
2026/08/02 17:06:17.409, 12, 2, 2483, 36.41, 45, 2475
2026/08/02 17:06:17.611, 12, 2, 2483, 36.41, 45, 2475
2026/08/02 17:06:17.813, 3, 1, 2483, 35.92, 45, 1575
2026/08/02 17:06:18.016, 3, 1, 2483, 35.92, 45, 1575
2026/08/02 17:06:18.220, 5, 12, 2483, 31.44, 44, 1260
2026/08/02 17:06:18.422, 5, 12, 2483, 31.44, 44, 1260
2026/08/02 17:06:18.627, 5, 12, 2483, 31.44, 44, 1260
2026/08/02 17:06:18.833, 5, 12, 2497, 24.86, 44, 1080
2026/08/02 17:06:19.039, 5, 12, 3054, 24.86, 44, 1080
2026/08/02 17:06:19.245, 17, 3, 2692, 24.59, 45, 2475
2026/08/02 17:06:19.448, 17, 3, 2498, 24.59, 45, 2475
2026/08/02 17:06:19.651, 12, 2, 3183, 31.47, 45, 2475
2026/08/02 17:06:19.853, 12, 2, 2731, 31.47, 45, 2475
2026/08/02 17:06:20.056, 12, 2, 2549, 31.47, 45, 2475
2026/08/02 17:06:20.259, 11, 2, 3188, 37.09, 45, 2475
2026/08/02 17:06:20.465, 11, 2, 2730, 37.09, 45, 2475
2026/08/02 17:06:20.669, 28, 3, 2548, 37.29, 45, 2475
2026/08/02 17:06:20.874, 28, 3, 2687, 37.29, 45, 2475
2026/08/02 17:06:21.075, 28, 3, 3319, 37.29, 45, 2475
2026/08/02 17:06:21.277, 24, 3, 2789, 36.92, 45, 2475
2026/08/02 17:06:21.479, 24, 3, 2546, 36.92, 45, 2475
2026/08/02 17:06:21.682, 6, 2, 2697, 36.21, 45, 1665
2026/08/02 17:06:21.886, 6, 2, 2542, 36.21, 45, 1665
2026/08/02 17:06:22.090, 6, 2, 3179, 36.21, 45, 1665
2026/08/02 17:06:22.294, 26, 3, 2542, 36.47, 45, 2475
2026/08/02 17:06:22.496, 26, 3, 3027, 36.47, 45, 2475
2026/08/02 17:06:22.700, 24, 3, 2682, 36.37, 45, 2475
2026/08/02 17:06:22.903, 24, 3, 3028, 36.37, 45, 2475
2026/08/02 17:06:23.104, 24, 3, 2552, 36.37, 45, 2475
2026/08/02 17:06:23.307, 4, 1, 3696, 36.56, 45, 2475
2026/08/02 17:06:23.512, 4, 1, 2778, 36.56, 45, 2475
2026/08/02 17:06:23.715, 33, 4, 2543, 36.81, 45, 2475
2026/08/02 17:06:23.922, 33, 4, 2770, 36.81, 45, 2475
2026/08/02 17:06:24.138, 17, 3, 2551, 36.53, 45, 2475
2026/08/02 17:06:24.340, 17, 3, 3184, 36.53, 45, 2475
2026/08/02 17:06:24.545, 17, 3, 2548, 36.53, 45, 2475
2026/08/02 17:06:24.749, 9, 2, 3177, 36.36, 45, 2475
2026/08/02 17:06:24.954, 9, 2, 2657, 36.36, 45, 2475
2026/08/02 17:06:25.156, 26, 3, 3100, 36.60, 45, 2475
2026/08/02 17:06:25.360, 26, 3, 2517, 36.60, 45, 2475
2026/08/02 17:06:25.565, 26, 3, 3159, 36.60, 45, 2475
2026/08/02 17:06:25.770, 24, 2, 2689, 36.52, 45, 2475
2026/08/02 17:06:25.975, 24, 2, 2488, 36.52, 45, 2475
2026/08/02 17:06:26.178, 5, 1, 2651, 36.56, 45, 2475
2026/08/02 17:06:26.381, 5, 1, 2487, 36.56, 45, 2475
2026/08/02 17:06:26.584, 5, 1, 3128, 36.56, 45, 2475
2026/08/02 17:06:26.787, 34, 4, 2487, 37.05, 45, 2475
2026/08/02 17:06:26.989, 34, 4, 3120, 37.05, 45, 2475
2026/08/02 17:06:27.193, 13, 2, 2628, 36.81, 45, 2475
2026/08/02 17:06:27.396, 13, 2, 2483, 36.81, 45, 2475
2026/08/02 17:06:27.601, 13, 2, 2620, 36.81, 45, 2475
2026/08/02 17:06:27.804, 9, 2, 2647, 36.62, 45, 2475
2026/08/02 17:06:28.010, 9, 2, 3120, 36.62, 45, 2475
2026/08/02 17:06:28.213, 27, 3, 2483, 36.73, 45, 2475
2026/08/02 17:06:28.417, 27, 3, 3120, 36.73, 45, 2475
2026/08/02 17:06:28.623, 27, 3, 2621, 36.73, 45, 2475
2026/08/02 17:06:28.825, 10, 2, 2967, 36.28, 45, 2475
2026/08/02 17:06:29.028, 10, 2, 2484, 36.28, 45, 2475
2026/08/02 17:06:29.233, 11, 2, 3117, 36.14, 45, 2475
2026/08/02 17:06:29.437, 11, 2, 2707, 36.14, 45, 2475
2026/08/02 17:06:29.643, 16, 2, 2476, 36.19, 45, 2475
2026/08/02 17:06:29.845, 16, 2, 2661, 36.19, 45, 2475
2026/08/02 17:06:30.047, 16, 2, 2473, 36.19, 45, 2475
2026/08/02 17:06:30.251, 8, 1, 3113, 36.48, 45, 2475
2026/08/02 17:06:30.456, 8, 1, 2475, 36.48, 45, 2475
2026/08/02 17:06:30.658, 16, 2, 3113, 36.31, 45, 2475
2026/08/02 17:06:30.858, 16, 2, 2622, 36.31, 45, 2475
2026/08/02 17:06:31.063, 16, 2, 2972, 36.31, 45, 2475
2026/08/02 17:06:31.267, 15, 2, 2621, 36.54, 45, 2475
2026/08/02 17:06:31.472, 15, 2, 3040, 36.54, 45, 2475
2026/08/02 17:06:31.677, 9, 2, 2730, 36.58, 45, 2475
2026/08/02 17:06:31.880, 9, 2, 2495, 36.58, 45, 2475
2026/08/02 17:06:32.083, 9, 2, 2690, 36.58, 45, 2475
2026/08/02 17:06:32.289, 13, 2, 2495, 36.19, 45, 2475
2026/08/02 17:06:32.491, 13, 2, 3199, 36.19, 45, 2475
2026/08/02 17:06:32.697, 10, 2, 2558, 36.15, 45, 1635
2026/08/02 17:06:32.901, 10, 2, 3195, 36.15, 45, 1635
2026/08/02 17:06:33.106, 10, 2, 2707, 36.15, 45, 1635
2026/08/02 17:06:33.310, 8, 1, 3387, 35.39, 45, 2475
2026/08/02 17:06:33.513, 8, 1, 2580, 35.39, 45, 2475
2026/08/02 17:06:33.716, 14, 2, 3126, 35.01, 45, 2475
2026/08/02 17:06:33.920, 14, 2, 2806, 35.01, 45, 2475
2026/08/02 17:06:34.122, 14, 2, 2572, 35.01, 45, 2475
2026/08/02 17:06:34.324, 3, 1, 2806, 36.33, 45, 2475
2026/08/02 17:06:34.528, 3, 1, 2580, 36.33, 45, 2475
2026/08/02 17:06:34.731, 17, 2, 3425, 36.60, 45, 2475
2026/08/02 17:06:34.936, 17, 2, 2552, 36.60, 45, 2475
2026/08/02 17:06:35.138, 23, 3, 3196, 36.26, 45, 2475
2026/08/02 17:06:35.341, 23, 3, 2742, 36.26, 45, 2475
2026/08/02 17:06:35.542, 23, 3, 2492, 36.26, 45, 2475
2026/08/02 17:06:35.746, 6, 2, 2492, 36.32, 45, 1605
2026/08/02 17:06:35.950, 6, 2, 2492, 36.32, 45, 1605
2026/08/02 17:06:36.154, 3, 2, 2492, 32.34, 44, 1320
2026/08/02 17:06:36.359, 3, 2, 2491, 32.34, 44, 1320
2026/08/02 17:06:36.564, 3, 2, 2491, 32.34, 44, 1320
2026/08/02 17:06:36.770, 5, 2, 2491, 27.75, 44, 1125
2026/08/02 17:06:36.974, 5, 2, 3048, 27.75, 44, 1125
2026/08/02 17:06:37.178, 8, 1, 2678, 27.78, 45, 2475
2026/08/02 17:06:37.382, 8, 1, 3034, 27.78, 45, 2475
2026/08/02 17:06:37.589, 8, 1, 2499, 27.78, 45, 2475
2026/08/02 17:06:37.792, 9, 2, 2726, 31.27, 45, 2475
2026/08/02 17:06:37.995, 9, 2, 3110, 31.27, 45, 2475
2026/08/02 17:06:38.201, 27, 4, 2510, 35.39, 45, 2475
2026/08/02 17:06:38.404, 27, 4, 2791, 35.39, 45, 2475
2026/08/02 17:06:38.620, 27, 4, 3527, 35.39, 45, 2475
2026/08/02 17:06:38.823, 27, 3, 2656, 35.37, 45, 2475
2026/08/02 17:06:39.025, 27, 3, 2814, 35.37, 45, 2475
2026/08/02 17:06:39.231, 17, 2, 4052, 36.06, 45, 2475
2026/08/02 17:06:39.437, 17, 2, 2727, 36.06, 45, 2475
2026/08/02 17:06:39.642, 8, 1, 2915, 36.14, 45, 2475
2026/08/02 17:06:39.843, 8, 1, 3100, 36.14, 45, 2475
2026/08/02 17:06:40.045, 8, 1, 2756, 36.14, 45, 2475
2026/08/02 17:06:40.249, 9, 2, 2980, 36.28, 45, 2475
2026/08/02 17:06:40.451, 9, 2, 3038, 36.28, 45, 2475
2026/08/02 17:06:40.656, 9, 2, 3110, 36.01, 45, 2475
2026/08/02 17:06:40.861, 9, 2, 2760, 36.01, 45, 2475
2026/08/02 17:06:41.066, 9, 2, 3096, 36.01, 45, 2475
2026/08/02 17:06:41.270, 30, 3, 2543, 35.78, 45, 2475
2026/08/02 17:06:41.474, 30, 3, 2777, 35.78, 45, 2475
2026/08/02 17:06:41.676, 14, 2, 3161, 36.00, 45, 2475
2026/08/02 17:06:41.878, 14, 2, 2553, 36.00, 45, 2475
2026/08/02 17:06:42.083, 14, 2, 2841, 36.00, 45, 2475
2026/08/02 17:06:42.285, 8, 1, 3568, 36.19, 45, 2475
2026/08/02 17:06:42.488, 8, 1, 2578, 36.19, 45, 2475
2026/08/02 17:06:42.691, 15, 2, 2804, 36.42, 45, 2475
2026/08/02 17:06:42.896, 15, 2, 3590, 36.42, 45, 2475
2026/08/02 17:06:43.099, 15, 2, 2706, 36.42, 45, 2475
2026/08/02 17:06:43.303, 9, 1, 2866, 36.26, 45, 2475
2026/08/02 17:06:43.504, 9, 1, 3590, 36.26, 45, 2475
2026/08/02 17:06:43.711, 13, 2, 2567, 36.00, 45, 2475
2026/08/02 17:06:43.915, 13, 2, 2802, 36.00, 45, 2475
2026/08/02 17:06:44.117, 13, 2, 3121, 36.00, 45, 2475
2026/08/02 17:06:44.321, 18, 2, 2566, 35.66, 45, 2475
2026/08/02 17:06:44.524, 18, 2, 2798, 35.66, 45, 2475
2026/08/02 17:06:44.727, 8, 1, 3303, 35.61, 45, 2475
2026/08/02 17:06:44.931, 8, 1, 2581, 35.61, 45, 2475
2026/08/02 17:06:45.132, 8, 1, 2566, 35.61, 45, 2475
2026/08/02 17:06:45.339, 26, 4, 2561, 36.11, 45, 2475
2026/08/02 17:06:45.542, 26, 4, 2566, 36.11, 45, 2475
2026/08/02 17:06:45.756, 5, 2, 2791, 35.19, 45, 1500
2026/08/02 17:06:45.958, 5, 2, 3115, 35.19, 45, 1500
2026/08/02 17:06:46.159, 31, 5, 2561, 35.47, 45, 2475
2026/08/02 17:06:46.374, 31, 5, 2795, 35.47, 45, 2475
2026/08/02 17:06:46.590, 31, 5, 3185, 35.47, 45, 2475
2026/08/02 17:06:46.806, 28, 3, 2569, 35.90, 45, 2475
2026/08/02 17:06:47.007, 28, 3, 3054, 35.90, 45, 2475
2026/08/02 17:06:47.208, 6, 1, 2738, 36.60, 45, 2475
2026/08/02 17:06:47.408, 6, 1, 2977, 36.60, 45, 2475
2026/08/02 17:06:47.623, 6, 1, 2551, 36.60, 45, 2475
2026/08/02 17:06:47.839, 18, 2, 2791, 36.38, 45, 2475
2026/08/02 17:06:48.040, 18, 2, 3055, 36.38, 45, 2475
2026/08/02 17:06:48.242, 22, 3, 3046, 35.80, 45, 2475
2026/08/02 17:06:48.456, 22, 3, 3308, 35.80, 45, 2475
2026/08/02 17:06:48.672, 5, 2, 2558, 35.86, 45, 1650
2026/08/02 17:06:48.872, 5, 2, 2572, 35.86, 45, 1650
2026/08/02 17:06:49.075, 5, 2, 2572, 35.86, 45, 1650
2026/08/02 17:06:49.276, 5, 2, 2560, 32.12, 44, 1410
2026/08/02 17:06:49.477, 5, 2, 2570, 32.12, 44, 1410
2026/08/02 17:06:49.678, 9, 14, 2603, 25.66, 44, 1125
2026/08/02 17:06:49.880, 9, 14, 2591, 25.66, 44, 1125
2026/08/02 17:06:50.082, 9, 14, 3142, 25.66, 44, 1125
2026/08/02 17:06:50.284, 29, 4, 2831, 24.67, 44, 2475
2026/08/02 17:06:50.487, 29, 4, 2604, 24.67, 44, 2475
2026/08/02 17:06:50.691, 22, 3, 3133, 30.51, 45, 2475
2026/08/02 17:06:50.892, 22, 3, 2819, 30.51, 45, 2475
2026/08/02 17:06:51.093, 22, 3, 2606, 30.51, 45, 2475
2026/08/02 17:06:51.296, 11, 2, 3074, 36.89, 45, 2475
2026/08/02 17:06:51.498, 11, 2, 2740, 36.89, 45, 2475
2026/08/02 17:06:51.699, 27, 3, 2584, 36.50, 45, 2475
2026/08/02 17:06:51.900, 27, 3, 3222, 36.50, 45, 2475
2026/08/02 17:06:52.102, 27, 3, 2581, 36.50, 45, 2475
2026/08/02 17:06:52.303, 5, 1, 3215, 36.01, 45, 2475
2026/08/02 17:06:52.505, 5, 1, 2770, 36.01, 45, 2475
2026/08/02 17:06:52.708, 34, 4, 2571, 36.36, 45, 2475
2026/08/02 17:06:52.908, 34, 4, 3207, 36.36, 45, 2475
2026/08/02 17:06:53.124, 34, 4, 2714, 36.36, 45, 2475
2026/08/02 17:06:53.325, 10, 2, 2569, 36.04, 45, 2475
2026/08/02 17:06:53.528, 10, 2, 2735, 36.04, 45, 2475
2026/08/02 17:06:53.729, 25, 3, 2568, 35.96, 45, 2475
2026/08/02 17:06:53.930, 25, 3, 3652, 35.96, 45, 2475
2026/08/02 17:06:54.131, 25, 3, 2694, 35.96, 45, 2475
2026/08/02 17:06:54.336, 7, 1, 3102, 35.94, 45, 2475
2026/08/02 17:06:54.536, 7, 1, 2792, 35.94, 45, 2475
2026/08/02 17:06:54.737, 34, 4, 2694, 36.38, 45, 2475
2026/08/02 17:06:54.953, 34, 4, 3042, 36.38, 45, 2475
2026/08/02 17:06:55.154, 11, 2, 2794, 36.34, 45, 2475
2026/08/02 17:06:55.355, 11, 2, 2698, 36.34, 45, 2475
2026/08/02 17:06:55.570, 11, 2, 2561, 36.34, 45, 2475
2026/08/02 17:06:55.772, 19, 3, 2800, 36.63, 45, 2475
2026/08/02 17:06:55.974, 19, 3, 2539, 36.63, 45, 2475
2026/08/02 17:06:56.188, 6, 1, 2547, 36.21, 45, 2475
2026/08/02 17:06:56.403, 6, 1, 2547, 36.21, 45, 2475
2026/08/02 17:06:56.618, 6, 1, 2541, 36.21, 45, 2475
2026/08/02 17:06:56.819, 5, 2, 2511, 34.97, 45, 1320
2026/08/02 17:06:57.020, 5, 2, 2511, 34.97, 45, 1320
2026/08/02 17:06:57.221, 7, 13, 2511, 30.19, 44, 1125
2026/08/02 17:06:57.435, 7, 13, 2509, 30.19, 44, 1125
2026/08/02 17:06:57.636, 7, 13, 2509, 24.05, 44, 900
2026/08/02 17:06:57.852, 7, 13, 2510, 24.05, 44, 900
2026/08/02 17:06:58.066, 7, 13, 2510, 24.05, 44, 900
2026/08/02 17:06:58.266, 8, 13, 2510, 20.89, 44, 780
2026/08/02 17:06:58.481, 8, 13, 2510, 20.89, 44, 780
2026/08/02 17:06:58.681, 7, 12, 2510, 20.40, 44, 615
2026/08/02 17:06:58.896, 7, 12, 2646, 20.40, 44, 615
2026/08/02 17:06:59.119, 7, 12, 3096, 20.40, 44, 615
2026/08/02 17:06:59.327, 4, 1, 2508, 23.48, 44, 2475
2026/08/02 17:06:59.528, 4, 1, 3153, 23.48, 44, 2475
2026/08/02 17:06:59.729, 18, 1, 3187, 30.51, 45, 2475
2026/08/02 17:06:59.929, 18, 1, 2649, 30.51, 45, 2475
2026/08/02 17:07:00.131, 18, 1, 3187, 30.51, 45, 2475
2026/08/02 17:07:00.345, 28, 3, 3589, 35.64, 45, 2475
2026/08/02 17:07:00.559, 28, 3, 2751, 35.64, 45, 2475
2026/08/02 17:07:00.759, 21, 3, 3187, 35.66, 45, 2475
2026/08/02 17:07:00.974, 21, 3, 2517, 35.66, 45, 2475
2026/08/02 17:07:01.177, 16, 2, 3156, 35.76, 45, 2475
2026/08/02 17:07:01.381, 16, 2, 3181, 35.76, 45, 2475
2026/08/02 17:07:01.584, 16, 2, 2529, 35.76, 45, 2475
2026/08/02 17:07:01.787, 10, 2, 3184, 35.77, 45, 2475
2026/08/02 17:07:01.993, 10, 2, 3263, 35.77, 45, 2475
2026/08/02 17:07:02.197, 17, 3, 2518, 35.89, 45, 2475
2026/08/02 17:07:02.403, 17, 3, 2537, 35.89, 45, 2475
2026/08/02 17:07:02.605, 17, 3, 3175, 35.89, 45, 2475
2026/08/02 17:07:02.815, 26, 3, 3263, 35.54, 45, 2475
2026/08/02 17:07:03.030, 26, 3, 2653, 35.54, 45, 2475
2026/08/02 17:07:03.231, 17, 2, 3189, 35.67, 45, 2475
2026/08/02 17:07:03.434, 17, 2, 2517, 35.67, 45, 2475
2026/08/02 17:07:03.636, 4, 2, 2517, 35.49, 45, 1305
2026/08/02 17:07:03.849, 4, 2, 2517, 35.49, 45, 1305
2026/08/02 17:07:04.050, 4, 2, 3161, 35.49, 45, 1305
2026/08/02 17:07:04.250, 27, 2, 3196, 33.67, 44, 2475
2026/08/02 17:07:04.465, 27, 2, 2661, 33.67, 44, 2475
2026/08/02 17:07:04.673, 21, 3, 3201, 33.41, 45, 2475
2026/08/02 17:07:04.885, 21, 3, 2541, 33.41, 45, 2475
2026/08/02 17:07:05.100, 21, 3, 2541, 33.41, 45, 2475
2026/08/02 17:07:05.316, 8, 2, 2541, 36.15, 45, 2475
2026/08/02 17:07:05.517, 8, 2, 2540, 36.15, 45, 2475
2026/08/02 17:07:05.719, 4, 1, 2565, 35.27, 44, 1140
2026/08/02 17:07:05.923, 4, 1, 2565, 35.27, 44, 1140
2026/08/02 17:07:06.123, 4, 1, 2565, 35.27, 44, 1140
2026/08/02 17:07:06.324, 13, 16, 2571, 30.57, 44, 975
2026/08/02 17:07:06.525, 13, 16, 2584, 30.57, 44, 975
2026/08/02 17:07:06.727, 15, 6, 3238, 25.22, 44, 2475
2026/08/02 17:07:06.928, 15, 6, 3252, 25.22, 44, 2475
2026/08/02 17:07:07.143, 7, 1, 2726, 28.90, 44, 2475
2026/08/02 17:07:07.346, 7, 1, 3252, 28.90, 44, 2475
2026/08/02 17:07:07.547, 7, 1, 2571, 28.90, 44, 2475
2026/08/02 17:07:07.748, 4, 1, 2570, 35.28, 45, 1590
2026/08/02 17:07:07.950, 4, 1, 2570, 35.28, 45, 1590
2026/08/02 17:07:08.151, 3, 2, 2570, 31.75, 44, 1350
2026/08/02 17:07:08.354, 3, 2, 3214, 31.75, 44, 1350
2026/08/02 17:07:08.554, 3, 2, 3250, 31.75, 44, 1350
2026/08/02 17:07:08.769, 7, 1, 2580, 30.92, 44, 2475
2026/08/02 17:07:08.970, 7, 1, 3230, 30.92, 44, 2475
2026/08/02 17:07:09.172, 18, 3, 2565, 34.90, 45, 2475
2026/08/02 17:07:09.374, 18, 3, 2574, 34.90, 45, 2475
2026/08/02 17:07:09.575, 18, 3, 3235, 34.90, 45, 2475
2026/08/02 17:07:09.776, 24, 2, 3321, 35.99, 44, 2475
2026/08/02 17:07:09.991, 24, 2, 2713, 35.99, 44, 2475
2026/08/02 17:07:10.196, 18, 3, 3235, 35.59, 45, 2475
2026/08/02 17:07:10.396, 18, 3, 2552, 35.59, 45, 2475
2026/08/02 17:07:10.598, 18, 3, 2735, 35.59, 45, 2475
2026/08/02 17:07:10.804, 16, 2, 3231, 36.01, 45, 2475
2026/08/02 17:07:11.015, 16, 2, 2552, 36.01, 45, 2475
2026/08/02 17:07:11.217, 8, 1, 2917, 35.95, 45, 2475
2026/08/02 17:07:11.417, 8, 1, 2552, 35.95, 45, 2475
2026/08/02 17:07:11.619, 8, 1, 2543, 35.95, 45, 2475
2026/08/02 17:07:11.834, 5, 2, 3188, 35.80, 45, 1545
2026/08/02 17:07:12.035, 5, 2, 3224, 35.80, 45, 1545
2026/08/02 17:07:12.236, 22, 3, 2678, 35.12, 44, 2475
2026/08/02 17:07:12.452, 22, 3, 3220, 35.12, 44, 2475
2026/08/02 17:07:12.654, 4, 1, 2518, 34.53, 45, 1395
2026/08/02 17:07:12.857, 4, 1, 2662, 34.53, 45, 1395
2026/08/02 17:07:13.109, 4, 1, 3198, 34.53, 45, 1395
2026/08/02 17:07:13.322, 13, 2, 2518, 33.83, 45, 2475
2026/08/02 17:07:13.526, 13, 2, 2768, 33.83, 45, 2475
2026/08/02 17:07:13.727, 28, 3, 2518, 33.71, 45, 2475
2026/08/02 17:07:13.928, 28, 3, 2518, 33.71, 45, 2475
2026/08/02 17:07:14.143, 18, 2, 3162, 35.52, 45, 2475
2026/08/02 17:07:14.358, 18, 2, 3198, 35.52, 45, 2475
2026/08/02 17:07:14.559, 18, 2, 2662, 35.52, 45, 2475
2026/08/02 17:07:14.760, 16, 2, 3198, 35.59, 45, 2475
2026/08/02 17:07:14.975, 16, 2, 2518, 35.59, 45, 2475
2026/08/02 17:07:15.176, 4, 1, 2688, 35.53, 44, 2475
2026/08/02 17:07:15.395, 4, 1, 3198, 35.53, 44, 2475
2026/08/02 17:07:15.607, 4, 1, 2516, 35.53, 44, 2475
2026/08/02 17:07:15.809, 14, 2, 3167, 35.60, 45, 2475
2026/08/02 17:07:16.011, 14, 2, 2515, 35.60, 45, 2475
2026/08/02 17:07:16.212, 3, 1, 2529, 35.51, 45, 2475
2026/08/02 17:07:16.414, 3, 1, 3185, 35.51, 45, 2475
2026/08/02 17:07:16.616, 3, 1, 3281, 35.51, 45, 2475
2026/08/02 17:07:16.817, 6, 1, 2658, 35.39, 45, 2475
2026/08/02 17:07:17.018, 6, 1, 3194, 35.39, 45, 2475
2026/08/02 17:07:17.233, 16, 3, 2512, 35.53, 45, 2475
2026/08/02 17:07:17.448, 16, 3, 2512, 35.53, 45, 2475
2026/08/02 17:07:17.650, 3, 1, 2512, 34.69, 44, 1350
2026/08/02 17:07:17.850, 3, 1, 2518, 34.69, 44, 1350
2026/08/02 17:07:18.051, 3, 1, 2510, 34.69, 44, 1350
2026/08/02 17:07:18.266, 6, 12, 2510, 30.06, 44, 1155
2026/08/02 17:07:18.467, 6, 12, 2510, 30.06, 44, 1155
2026/08/02 17:07:18.671, 7, 13, 2510, 23.88, 44, 930
2026/08/02 17:07:18.875, 7, 13, 2512, 23.88, 44, 930
2026/08/02 17:07:19.079, 7, 13, 2514, 23.88, 44, 930
2026/08/02 17:07:19.285, 8, 12, 2505, 20.49, 44, 2475
2026/08/02 17:07:19.489, 8, 12, 3153, 20.49, 44, 2475
2026/08/02 17:07:19.699, 19, 8, 2661, 27.08, 44, 1545
2026/08/02 17:07:19.913, 19, 8, 2506, 27.08, 44, 1545
2026/08/02 17:07:20.117, 19, 8, 3164, 27.08, 44, 1545
2026/08/02 17:07:20.321, 17, 2, 2644, 33.64, 44, 2475
2026/08/02 17:07:20.526, 17, 2, 2980, 33.64, 44, 2475
2026/08/02 17:07:20.727, 10, 2, 3047, 34.94, 45, 1740
2026/08/02 17:07:20.930, 10, 2, 2664, 34.94, 45, 1740
2026/08/02 17:07:21.132, 10, 2, 2493, 34.94, 45, 1740
2026/08/02 17:07:21.336, 30, 3, 3152, 35.98, 45, 2475
2026/08/02 17:07:21.539, 30, 3, 2666, 35.98, 45, 2475
2026/08/02 17:07:21.741, 24, 3, 2497, 35.97, 44, 2475
2026/08/02 17:07:21.945, 24, 3, 3151, 35.97, 44, 2475
2026/08/02 17:07:22.149, 7, 1, 2649, 36.61, 44, 2475
2026/08/02 17:07:22.351, 7, 1, 3011, 36.61, 44, 2475
2026/08/02 17:07:22.553, 7, 1, 2747, 36.61, 44, 2475
2026/08/02 17:07:22.756, 27, 3, 2493, 36.49, 45, 2475
2026/08/02 17:07:22.957, 27, 3, 2503, 36.49, 45, 2475
2026/08/02 17:07:23.160, 11, 2, 2753, 36.25, 45, 2475
2026/08/02 17:07:23.363, 11, 2, 2642, 36.25, 45, 2475
2026/08/02 17:07:23.566, 11, 2, 2501, 36.25, 45, 2475
2026/08/02 17:07:23.770, 17, 2, 2755, 36.38, 45, 2475
2026/08/02 17:07:23.974, 17, 2, 2636, 36.38, 45, 2475
2026/08/02 17:07:24.176, 24, 3, 2984, 36.35, 45, 2475
2026/08/02 17:07:24.381, 24, 3, 2515, 36.35, 45, 2475
2026/08/02 17:07:24.584, 24, 3, 3255, 36.35, 45, 2475
2026/08/02 17:07:24.787, 34, 4, 2754, 36.36, 45, 2475
2026/08/02 17:07:24.990, 34, 4, 2569, 36.36, 45, 2475
2026/08/02 17:07:25.194, 5, 1, 2570, 36.08, 44, 2475
2026/08/02 17:07:25.401, 5, 1, 2816, 36.08, 44, 2475
2026/08/02 17:07:25.607, 5, 1, 2576, 36.08, 44, 2475
2026/08/02 17:07:25.811, 16, 3, 3233, 35.93, 45, 1575
2026/08/02 17:07:26.013, 16, 3, 2567, 35.93, 45, 1575
2026/08/02 17:07:26.218, 2, 1, 2570, 35.39, 44, 2475
2026/08/02 17:07:26.420, 2, 1, 3234, 35.39, 44, 2475
2026/08/02 17:07:26.624, 2, 1, 2739, 35.39, 44, 2475
2026/08/02 17:07:26.840, 9, 1, 3378, 35.90, 44, 2475
2026/08/02 17:07:27.044, 9, 1, 2701, 35.90, 44, 2475
2026/08/02 17:07:27.247, 14, 2, 3223, 36.19, 45, 2475
2026/08/02 17:07:27.450, 14, 2, 2682, 36.19, 45, 2475
2026/08/02 17:07:27.652, 30, 3, 3367, 36.33, 44, 2475
2026/08/02 17:07:27.857, 30, 3, 2743, 36.33, 44, 2475
2026/08/02 17:07:28.060, 30, 3, 2777, 36.33, 44, 2475
2026/08/02 17:07:28.262, 17, 3, 2740, 36.67, 45, 2475
2026/08/02 17:07:28.465, 17, 3, 2969, 36.67, 45, 2475
2026/08/02 17:07:28.668, 5, 2, 2484, 36.29, 44, 1500
2026/08/02 17:07:28.870, 5, 2, 2479, 36.29, 44, 1500
2026/08/02 17:07:29.073, 5, 2, 2479, 36.29, 44, 1500
2026/08/02 17:07:29.277, 4, 2, 2480, 31.88, 44, 1290
2026/08/02 17:07:29.479, 4, 2, 2480, 31.88, 44, 1290
2026/08/02 17:07:29.682, 7, 13, 2480, 26.55, 44, 1020
2026/08/02 17:07:29.885, 7, 13, 2480, 26.55, 44, 1020
2026/08/02 17:07:30.092, 7, 13, 2480, 26.55, 44, 1020
2026/08/02 17:07:30.296, 5, 12, 2635, 23.22, 44, 885
2026/08/02 17:07:30.500, 5, 12, 2633, 23.22, 44, 885
2026/08/02 17:07:30.706, 20, 3, 2480, 26.16, 44, 2475
2026/08/02 17:07:30.909, 20, 3, 3131, 26.16, 44, 2475
2026/08/02 17:07:31.110, 20, 3, 2655, 26.16, 44, 2475
2026/08/02 17:07:31.315, 9, 1, 2489, 33.16, 44, 2475
2026/08/02 17:07:31.519, 9, 1, 3645, 33.16, 44, 2475
2026/08/02 17:07:31.724, 17, 3, 2564, 36.38, 44, 1560
2026/08/02 17:07:31.930, 17, 3, 2642, 36.38, 44, 1560
2026/08/02 17:07:32.133, 17, 3, 2487, 36.38, 44, 1560
2026/08/02 17:07:32.336, 25, 3, 3630, 36.10, 45, 2475
2026/08/02 17:07:32.538, 25, 3, 2698, 36.10, 45, 2475
2026/08/02 17:07:32.742, 21, 3, 2488, 36.10, 44, 2475
2026/08/02 17:07:32.945, 21, 3, 3285, 36.10, 44, 2475
2026/08/02 17:07:33.147, 11, 2, 2717, 36.78, 44, 2475
2026/08/02 17:07:33.351, 11, 2, 2477, 36.78, 44, 2475
2026/08/02 17:07:33.556, 11, 2, 3127, 36.78, 44, 2475
2026/08/02 17:07:33.762, 24, 3, 2481, 36.61, 44, 2475
2026/08/02 17:07:33.966, 24, 3, 2481, 36.61, 44, 2475
2026/08/02 17:07:34.168, 3, 1, 2481, 35.56, 44, 2475
2026/08/02 17:07:34.372, 3, 1, 2481, 35.56, 44, 2475
2026/08/02 17:07:34.573, 3, 1, 2491, 35.56, 44, 2475
2026/08/02 17:07:34.776, 4, 1, 2491, 34.57, 44, 1245
2026/08/02 17:07:34.979, 4, 1, 2491, 34.57, 44, 1245
2026/08/02 17:07:35.183, 5, 2, 2646, 30.45, 44, 2475
2026/08/02 17:07:35.386, 5, 2, 2628, 30.45, 44, 2475
2026/08/02 17:07:35.590, 5, 2, 2501, 30.45, 44, 2475
2026/08/02 17:07:35.791, 27, 3, 3128, 31.20, 44, 2475
2026/08/02 17:07:35.995, 27, 3, 2614, 31.20, 44, 2475
2026/08/02 17:07:36.198, 19, 2, 2541, 35.15, 44, 2475
2026/08/02 17:07:36.400, 19, 2, 3176, 35.15, 44, 2475
2026/08/02 17:07:36.603, 19, 2, 2682, 35.15, 44, 2475
2026/08/02 17:07:36.804, 8, 2, 2539, 36.44, 44, 2475
2026/08/02 17:07:37.008, 8, 2, 2548, 36.44, 44, 2475
2026/08/02 17:07:37.211, 16, 2, 3086, 35.94, 44, 2475
2026/08/02 17:07:37.417, 16, 2, 2774, 35.94, 44, 2475
2026/08/02 17:07:37.620, 16, 2, 2560, 35.94, 44, 2475
2026/08/02 17:07:37.821, 4, 1, 2539, 35.55, 44, 2475
2026/08/02 17:07:38.023, 4, 1, 2576, 35.55, 44, 2475
2026/08/02 17:07:38.226, 16, 3, 3696, 35.60, 44, 2475
2026/08/02 17:07:38.431, 16, 3, 2754, 35.60, 44, 2475
2026/08/02 17:07:38.637, 23, 3, 2551, 35.75, 45, 2475
2026/08/02 17:07:38.839, 23, 3, 2550, 35.75, 45, 2475
2026/08/02 17:07:39.044, 23, 3, 2550, 35.75, 45, 2475
2026/08/02 17:07:39.247, 4, 1, 2501, 35.99, 44, 2475
2026/08/02 17:07:39.453, 4, 1, 2566, 35.99, 44, 2475
2026/08/02 17:07:39.656, 3, 1, 2566, 34.59, 44, 1260
2026/08/02 17:07:39.860, 3, 1, 2708, 34.59, 44, 1260
2026/08/02 17:07:40.067, 3, 1, 2690, 34.59, 44, 1260
2026/08/02 17:07:40.272, 10, 2, 2840, 32.66, 44, 2475
2026/08/02 17:07:40.476, 10, 2, 3159, 32.66, 44, 2475
2026/08/02 17:07:40.680, 8, 2, 2770, 33.01, 44, 2475
2026/08/02 17:07:40.885, 8, 2, 2881, 33.01, 44, 2475
2026/08/02 17:07:41.089, 8, 2, 3653, 33.01, 44, 2475
2026/08/02 17:07:41.291, 31, 4, 2791, 35.40, 44, 2475
2026/08/02 17:07:41.494, 31, 4, 2964, 35.40, 44, 2475
2026/08/02 17:07:41.697, 37, 5, 3098, 35.72, 44, 2475
2026/08/02 17:07:41.902, 37, 5, 2836, 35.72, 44, 2475
2026/08/02 17:07:42.106, 37, 5, 3149, 35.72, 44, 2475
2026/08/02 17:07:42.310, 16, 2, 2606, 35.99, 44, 2475
2026/08/02 17:07:42.511, 16, 2, 2790, 35.99, 44, 2475
2026/08/02 17:07:42.716, 8, 1, 3022, 35.83, 44, 2475
2026/08/02 17:07:42.920, 8, 1, 2607, 35.83, 44, 2475
2026/08/02 17:07:43.127, 8, 1, 2829, 35.83, 44, 2475
2026/08/02 17:07:43.332, 12, 2, 3213, 35.76, 44, 2475
2026/08/02 17:07:43.536, 12, 2, 2605, 35.76, 44, 2475
2026/08/02 17:07:43.737, 3, 1, 2605, 35.50, 44, 1455
2026/08/02 17:07:43.942, 3, 1, 2605, 35.50, 44, 1455
2026/08/02 17:07:44.145, 5, 2, 2603, 31.58, 44, 1230
2026/08/02 17:07:44.351, 5, 2, 2603, 31.58, 44, 1230
2026/08/02 17:07:44.556, 5, 2, 2603, 31.58, 44, 1230
2026/08/02 17:07:44.758, 6, 12, 2603, 26.39, 44, 960
2026/08/02 17:07:44.959, 6, 12, 2603, 26.39, 44, 960
2026/08/02 17:07:45.163, 7, 12, 2599, 22.87, 44, 825
2026/08/02 17:07:45.366, 7, 12, 2599, 22.87, 44, 825
2026/08/02 17:07:45.569, 7, 12, 2599, 22.87, 44, 825
2026/08/02 17:07:45.772, 5, 11, 2599, 20.37, 44, 660
2026/08/02 17:07:45.976, 5, 11, 2599, 20.37, 44, 660
2026/08/02 17:07:46.178, 7, 12, 2598, 20.10, 43, 570
2026/08/02 17:07:46.383, 7, 12, 2596, 20.10, 43, 570
2026/08/02 17:07:46.585, 7, 12, 2589, 20.10, 43, 570
2026/08/02 17:07:46.788, 8, 11, 2589, 19.82, 43, 450
2026/08/02 17:07:46.991, 8, 11, 2588, 19.82, 43, 450
2026/08/02 17:07:47.192, 10, 22, 2588, 19.46, 43, 405
2026/08/02 17:07:47.397, 10, 22, 2587, 19.46, 43, 405
2026/08/02 17:07:47.600, 10, 22, 2587, 19.46, 43, 405
2026/08/02 17:07:47.805, 15, 24, 2586, 18.45, 43, 330
2026/08/02 17:07:48.007, 15, 24, 2586, 18.45, 43, 330
2026/08/02 17:07:48.208, 27, 31, 2808, 17.47, 43, 2475
2026/08/02 17:07:48.411, 27, 31, 3191, 17.47, 43, 2475
2026/08/02 17:07:48.616, 27, 31, 2584, 17.47, 43, 2475
2026/08/02 17:07:48.818, 16, 2, 2806, 25.25, 44, 2475
2026/08/02 17:07:49.024, 16, 2, 3189, 25.25, 44, 2475
2026/08/02 17:07:49.230, 28, 3, 2578, 33.21, 44, 2475
2026/08/02 17:07:49.433, 28, 3, 2577, 33.21, 44, 2475
2026/08/02 17:07:49.637, 3, 1, 2577, 34.52, 44, 1500
2026/08/02 17:07:49.841, 3, 1, 2576, 34.52, 44, 1500
2026/08/02 17:07:50.043, 3, 1, 2576, 34.52, 44, 1500
2026/08/02 17:07:50.245, 4, 2, 2575, 30.85, 44, 1275
2026/08/02 17:07:50.448, 4, 2, 2574, 30.85, 44, 1275
2026/08/02 17:07:50.653, 5, 2, 2716, 26.75, 43, 2475
2026/08/02 17:07:50.858, 5, 2, 3160, 26.75, 43, 2475
2026/08/02 17:07:51.059, 5, 2, 2572, 26.75, 43, 2475
2026/08/02 17:07:51.263, 6, 1, 2857, 29.94, 44, 2475
2026/08/02 17:07:51.468, 6, 1, 3579, 29.94, 44, 2475
2026/08/02 17:07:51.671, 12, 1, 3613, 34.18, 44, 2475
2026/08/02 17:07:51.877, 12, 1, 2579, 34.18, 44, 2475
2026/08/02 17:07:52.080, 12, 1, 2805, 34.18, 44, 2475
2026/08/02 17:07:52.284, 7, 1, 3189, 34.98, 44, 2475
2026/08/02 17:07:52.491, 7, 1, 3691, 34.98, 44, 2475
2026/08/02 17:07:52.695, 8, 1, 2637, 35.11, 44, 2475
2026/08/02 17:07:52.897, 8, 1, 2872, 35.11, 44, 2475
2026/08/02 17:07:53.100, 8, 1, 3256, 35.11, 44, 2475
2026/08/02 17:07:53.305, 27, 3, 3692, 35.35, 44, 2475
2026/08/02 17:07:53.508, 27, 3, 2637, 35.35, 44, 2475
2026/08/02 17:07:53.710, 7, 2, 2872, 35.34, 44, 2475
2026/08/02 17:07:53.913, 7, 2, 3128, 35.34, 44, 2475
2026/08/02 17:07:54.122, 7, 2, 3692, 35.34, 44, 2475
2026/08/02 17:07:54.336, 22, 3, 3173, 35.74, 44, 2475
2026/08/02 17:07:54.551, 22, 3, 3183, 35.74, 44, 2475
2026/08/02 17:07:54.756, 19, 3, 3215, 35.81, 44, 2475
2026/08/02 17:07:54.967, 19, 3, 2789, 35.81, 44, 2475
2026/08/02 17:07:55.180, 9, 1, 3082, 35.83, 44, 2475
2026/08/02 17:07:55.382, 9, 1, 3638, 35.83, 44, 2475
2026/08/02 17:07:55.585, 9, 1, 4212, 35.83, 44, 2475
2026/08/02 17:07:55.793, 19, 3, 2758, 35.78, 44, 2475
2026/08/02 17:07:55.994, 19, 3, 2896, 35.78, 44, 2475
2026/08/02 17:07:56.196, 26, 3, 3650, 35.71, 44, 2475
2026/08/02 17:07:56.400, 26, 3, 3732, 35.71, 44, 2475
2026/08/02 17:07:56.604, 26, 3, 2742, 35.71, 44, 2475
2026/08/02 17:07:56.807, 8, 1, 2896, 35.94, 44, 2475
2026/08/02 17:07:57.010, 8, 1, 3654, 35.94, 44, 2475
2026/08/02 17:07:57.215, 5, 1, 3734, 36.06, 44, 2475
2026/08/02 17:07:57.419, 5, 1, 2719, 36.06, 44, 2475
2026/08/02 17:07:57.622, 5, 1, 2873, 36.06, 44, 2475
2026/08/02 17:07:57.826, 10, 2, 3595, 35.64, 44, 2475
2026/08/02 17:07:58.030, 10, 2, 3629, 35.64, 44, 2475
2026/08/02 17:07:58.234, 18, 3, 2713, 35.59, 44, 2475
2026/08/02 17:07:58.435, 18, 3, 2873, 35.59, 44, 2475
2026/08/02 17:07:58.641, 27, 3, 3628, 35.70, 44, 2475
2026/08/02 17:07:58.845, 27, 3, 2608, 35.70, 44, 2475
2026/08/02 17:07:59.050, 27, 3, 2912, 35.70, 44, 2475
2026/08/02 17:07:59.253, 9, 1, 3634, 35.75, 44, 2475
2026/08/02 17:07:59.455, 9, 1, 2613, 35.75, 44, 2475
2026/08/02 17:07:59.659, 12, 2, 3200, 36.06, 44, 2475
2026/08/02 17:07:59.863, 12, 2, 3675, 36.06, 44, 2475
2026/08/02 17:08:00.069, 12, 2, 2805, 36.06, 44, 2475
2026/08/02 17:08:00.273, 11, 1, 3146, 35.75, 44, 2475
2026/08/02 17:08:00.481, 11, 1, 3627, 35.75, 44, 2475
2026/08/02 17:08:00.684, 8, 1, 3050, 35.53, 44, 2475
2026/08/02 17:08:00.888, 8, 1, 2761, 35.53, 44, 2475
2026/08/02 17:08:01.093, 8, 1, 2985, 35.53, 44, 2475
2026/08/02 17:08:01.306, 14, 2, 3608, 35.49, 44, 2475
2026/08/02 17:08:01.516, 14, 2, 3492, 35.49, 44, 2475
2026/08/02 17:08:01.717, 10, 2, 2774, 35.28, 44, 2475
2026/08/02 17:08:01.924, 10, 2, 3174, 35.28, 44, 2475
2026/08/02 17:08:02.141, 15, 2, 3610, 35.23, 44, 2475
2026/08/02 17:08:02.344, 15, 2, 2555, 35.23, 44, 2475
2026/08/02 17:08:02.549, 15, 2, 2790, 35.23, 44, 2475
2026/08/02 17:08:02.753, 6, 1, 3174, 35.14, 44, 2475
2026/08/02 17:08:02.961, 6, 1, 3610, 35.14, 44, 2475
2026/08/02 17:08:03.174, 10, 2, 2554, 35.34, 44, 2475
2026/08/02 17:08:03.376, 10, 2, 2777, 35.34, 44, 2475
2026/08/02 17:08:03.578, 10, 2, 3026, 35.34, 44, 2475
2026/08/02 17:08:03.796, 19, 2, 3656, 35.34, 44, 2475
2026/08/02 17:08:03.998, 19, 2, 3787, 35.34, 44, 2475
2026/08/02 17:08:04.202, 18, 3, 2779, 35.62, 44, 2475
2026/08/02 17:08:04.403, 18, 3, 2844, 35.62, 44, 2475
2026/08/02 17:08:04.607, 18, 3, 3228, 35.62, 44, 2475
2026/08/02 17:08:04.812, 25, 3, 2609, 35.52, 44, 2475
2026/08/02 17:08:05.015, 25, 3, 2812, 35.52, 44, 2475
2026/08/02 17:08:05.218, 10, 1, 3100, 35.71, 44, 2475
2026/08/02 17:08:05.421, 10, 1, 3656, 35.71, 44, 2475
2026/08/02 17:08:05.624, 10, 1, 3896, 35.71, 44, 2475
2026/08/02 17:08:05.828, 9, 1, 2778, 35.79, 44, 2475
2026/08/02 17:08:06.031, 9, 1, 2878, 35.79, 44, 2475
2026/08/02 17:08:06.236, 19, 2, 4144, 35.50, 44, 2475
2026/08/02 17:08:06.438, 19, 2, 2690, 35.50, 44, 2475
2026/08/02 17:08:06.639, 10, 1, 2842, 35.80, 44, 2475
2026/08/02 17:08:06.843, 10, 1, 3596, 35.80, 44, 2475
2026/08/02 17:08:07.045, 10, 1, 3678, 35.80, 44, 2475
2026/08/02 17:08:07.250, 22, 3, 2684, 35.99, 44, 2475
2026/08/02 17:08:07.453, 22, 3, 2842, 35.99, 44, 2475
2026/08/02 17:08:07.654, 26, 3, 3564, 35.49, 44, 2475
2026/08/02 17:08:07.856, 26, 3, 2552, 35.49, 44, 2475
2026/08/02 17:08:08.060, 26, 3, 2842, 35.49, 44, 2475
2026/08/02 17:08:08.262, 8, 1, 3564, 35.73, 44, 2475
2026/08/02 17:08:08.465, 8, 1, 3596, 35.73, 44, 2475
2026/08/02 17:08:08.669, 19, 3, 2543, 35.88, 44, 2475
2026/08/02 17:08:08.873, 19, 3, 2778, 35.88, 44, 2475
2026/08/02 17:08:09.077, 19, 3, 3162, 35.88, 44, 2475
2026/08/02 17:08:09.280, 26, 3, 2537, 35.38, 44, 2475
2026/08/02 17:08:09.482, 26, 3, 2741, 35.38, 44, 2475
2026/08/02 17:08:09.684, 9, 1, 3074, 35.62, 44, 2475
2026/08/02 17:08:09.888, 9, 1, 3570, 35.62, 44, 2475
2026/08/02 17:08:10.091, 9, 1, 3894, 35.62, 44, 2475
2026/08/02 17:08:10.292, 22, 3, 2698, 35.78, 44, 2475
2026/08/02 17:08:10.496, 22, 3, 2874, 35.78, 44, 2475
2026/08/02 17:08:10.698, 22, 2, 4097, 35.32, 44, 2475
2026/08/02 17:08:10.903, 22, 2, 2683, 35.32, 44, 2475
2026/08/02 17:08:11.106, 22, 2, 2843, 35.32, 44, 2475
2026/08/02 17:08:11.308, 8, 1, 3599, 35.55, 44, 2475
2026/08/02 17:08:11.511, 8, 1, 3665, 35.55, 44, 2475
2026/08/02 17:08:11.714, 19, 3, 2589, 35.60, 44, 2475
2026/08/02 17:08:11.917, 19, 3, 2843, 35.60, 44, 2475
2026/08/02 17:08:12.121, 19, 3, 3565, 35.60, 44, 2475
2026/08/02 17:08:12.323, 21, 2, 2554, 35.18, 44, 2475
2026/08/02 17:08:12.526, 21, 2, 2844, 35.18, 44, 2475
2026/08/02 17:08:12.730, 9, 2, 3566, 35.46, 44, 2475
2026/08/02 17:08:12.933, 9, 2, 3600, 35.46, 44, 2475
2026/08/02 17:08:13.136, 9, 2, 3090, 35.46, 44, 2475
2026/08/02 17:08:13.337, 21, 3, 2748, 35.59, 44, 2475
2026/08/02 17:08:13.541, 21, 3, 2844, 35.59, 44, 2475
2026/08/02 17:08:13.745, 17, 2, 3584, 35.20, 44, 2475
2026/08/02 17:08:13.948, 17, 2, 2680, 35.20, 44, 2475
2026/08/02 17:08:14.150, 11, 2, 2842, 35.76, 44, 2475
2026/08/02 17:08:14.353, 11, 2, 3586, 35.76, 44, 2475
2026/08/02 17:08:14.555, 11, 2, 3601, 35.76, 44, 2475
2026/08/02 17:08:14.758, 8, 1, 2556, 35.87, 44, 2475
2026/08/02 17:08:14.963, 8, 1, 2782, 35.87, 44, 2475
2026/08/02 17:08:15.167, 3, 1, 3166, 35.60, 44, 2475
2026/08/02 17:08:15.372, 3, 1, 2548, 35.60, 44, 2475
2026/08/02 17:08:15.576, 3, 1, 2769, 35.60, 44, 2475
2026/08/02 17:08:15.778, 13, 2, 3105, 35.93, 44, 2475
2026/08/02 17:08:15.984, 13, 2, 3604, 35.93, 44, 2475
2026/08/02 17:08:16.200, 3, 1, 3156, 35.75, 44, 2475
2026/08/02 17:08:16.401, 3, 1, 2752, 35.75, 44, 2475
2026/08/02 17:08:16.606, 3, 1, 2976, 35.75, 44, 2475
2026/08/02 17:08:16.809, 10, 1, 3193, 35.32, 44, 2475
2026/08/02 17:08:17.013, 10, 1, 2703, 35.32, 44, 2475
2026/08/02 17:08:17.217, 10, 1, 2975, 35.52, 44, 2475
2026/08/02 17:08:17.420, 10, 1, 3623, 35.52, 44, 2475
2026/08/02 17:08:17.625, 10, 1, 3949, 35.52, 44, 2475
2026/08/02 17:08:17.830, 7, 1, 2722, 35.62, 44, 2475
2026/08/02 17:08:18.036, 7, 1, 2866, 35.62, 44, 2475
2026/08/02 17:08:18.241, 14, 2, 3616, 35.34, 44, 2475
2026/08/02 17:08:18.445, 14, 2, 2704, 35.34, 44, 2475
2026/08/02 17:08:18.651, 9, 1, 2866, 35.67, 44, 2475
2026/08/02 17:08:18.857, 9, 1, 3615, 35.67, 44, 2475
2026/08/02 17:08:19.060, 9, 1, 3622, 35.67, 44, 2475
2026/08/02 17:08:19.265, 9, 1, 2588, 35.99, 44, 2475
2026/08/02 17:08:19.471, 9, 1, 2867, 35.99, 44, 2475
2026/08/02 17:08:19.677, 15, 2, 3588, 35.65, 44, 2475
2026/08/02 17:08:19.881, 15, 2, 2555, 35.65, 44, 2475
2026/08/02 17:08:20.086, 15, 2, 2791, 35.65, 44, 2475
2026/08/02 17:08:20.291, 11, 1, 3175, 35.90, 44, 2475
2026/08/02 17:08:20.499, 11, 1, 3624, 35.90, 44, 2475
2026/08/02 17:08:20.701, 7, 1, 2570, 35.75, 44, 2475
2026/08/02 17:08:20.916, 7, 1, 2805, 35.75, 44, 2475
2026/08/02 17:08:21.120, 7, 1, 3061, 35.75, 44, 2475
2026/08/02 17:08:21.324, 9, 1, 3099, 35.35, 44, 2475
2026/08/02 17:08:21.526, 9, 1, 2773, 35.35, 44, 2475
2026/08/02 17:08:21.729, 10, 1, 3060, 35.85, 44, 2475
2026/08/02 17:08:21.933, 10, 1, 3618, 35.85, 44, 2475
2026/08/02 17:08:22.135, 10, 1, 3816, 35.85, 44, 2475
2026/08/02 17:08:22.339, 8, 1, 2747, 35.86, 44, 2475
2026/08/02 17:08:22.543, 8, 1, 2927, 35.86, 44, 2475
2026/08/02 17:08:22.746, 15, 2, 4106, 35.34, 44, 2475
2026/08/02 17:08:22.949, 15, 2, 2684, 35.34, 44, 2475
2026/08/02 17:08:23.152, 9, 1, 2846, 35.66, 44, 2475
2026/08/02 17:08:23.354, 9, 1, 3597, 35.66, 44, 2475
2026/08/02 17:08:23.559, 9, 1, 3603, 35.66, 44, 2475
2026/08/02 17:08:23.761, 8, 1, 2567, 35.74, 44, 2475
2026/08/02 17:08:23.963, 8, 1, 2847, 35.74, 44, 2475
2026/08/02 17:08:24.167, 16, 2, 3569, 35.31, 44, 2475
2026/08/02 17:08:24.370, 16, 2, 2549, 35.31, 44, 2475
2026/08/02 17:08:24.573, 16, 2, 2784, 35.31, 44, 2475
2026/08/02 17:08:24.775, 9, 1, 3103, 35.44, 44, 2475
2026/08/02 17:08:24.982, 9, 1, 3603, 35.44, 44, 2475
2026/08/02 17:08:25.186, 3, 1, 3688, 35.45, 44, 2475
2026/08/02 17:08:25.386, 3, 1, 2572, 35.45, 44, 2475
2026/08/02 17:08:25.589, 3, 1, 2786, 35.45, 44, 2475
2026/08/02 17:08:25.792, 6, 1, 3166, 35.15, 44, 2475
2026/08/02 17:08:25.994, 6, 1, 2547, 35.15, 44, 2475
2026/08/02 17:08:26.196, 3, 1, 2750, 35.45, 44, 2475
2026/08/02 17:08:26.401, 3, 1, 2974, 35.45, 44, 2475
2026/08/02 17:08:26.625, 3, 1, 3591, 35.45, 44, 2475
2026/08/02 17:08:26.836, 24, 3, 3982, 35.75, 44, 2475
2026/08/02 17:08:27.040, 24, 3, 2702, 35.75, 44, 2475
2026/08/02 17:08:27.243, 13, 1, 2962, 35.46, 44, 2475
2026/08/02 17:08:27.445, 13, 1, 3082, 35.46, 44, 2475
2026/08/02 17:08:27.648, 4, 1, 2690, 35.83, 44, 2475
2026/08/02 17:08:27.851, 4, 1, 2834, 35.83, 44, 2475
2026/08/02 17:08:28.053, 4, 1, 2535, 35.83, 44, 2475
2026/08/02 17:08:28.257, 3, 1, 2535, 35.30, 44, 2475
2026/08/02 17:08:28.460, 3, 1, 2535, 35.30, 44, 2475
2026/08/02 17:08:28.662, 3, 1, 2526, 34.13, 44, 1245
2026/08/02 17:08:28.866, 3, 1, 2526, 34.13, 44, 1245
2026/08/02 17:08:29.070, 3, 1, 2526, 34.13, 44, 1245
2026/08/02 17:08:29.274, 4, 11, 2526, 29.22, 44, 1065
2026/08/02 17:08:29.479, 4, 11, 2526, 29.22, 44, 1065
2026/08/02 17:08:29.682, 6, 12, 2526, 23.11, 43, 840
2026/08/02 17:08:29.886, 6, 12, 2526, 23.11, 43, 840
2026/08/02 17:08:30.089, 6, 12, 2526, 23.11, 43, 840
2026/08/02 17:08:30.291, 7, 13, 2526, 20.27, 43, 720
2026/08/02 17:08:30.492, 7, 13, 2526, 20.27, 43, 720
2026/08/02 17:08:30.695, 8, 13, 2526, 20.04, 43, 570
2026/08/02 17:08:30.897, 8, 13, 2520, 20.04, 43, 570
2026/08/02 17:08:31.115, 8, 13, 2520, 20.04, 43, 570
2026/08/02 17:08:31.319, 9, 12, 2520, 20.10, 43, 495
2026/08/02 17:08:31.521, 9, 12, 2520, 20.10, 43, 495
2026/08/02 17:08:31.725, 7, 11, 2520, 19.76, 43, 405
2026/08/02 17:08:31.927, 7, 11, 2520, 19.76, 43, 405
2026/08/02 17:08:32.132, 7, 11, 2520, 19.76, 43, 405
2026/08/02 17:08:32.336, 12, 24, 2520, 18.57, 43, 360
2026/08/02 17:08:32.551, 12, 24, 2520, 18.57, 43, 360
2026/08/02 17:08:32.753, 14, 24, 2520, 17.65, 43, 300
2026/08/02 17:08:32.956, 14, 24, 2520, 17.65, 43, 300
2026/08/02 17:08:33.160, 18, 25, 2520, 17.48, 43, 270
2026/08/02 17:08:33.364, 18, 25, 2520, 17.48, 43, 270
2026/08/02 17:08:33.566, 18, 25, 2520, 17.48, 43, 270
2026/08/02 17:08:33.772, 13, 23, 2520, 17.51, 43, 225
2026/08/02 17:08:33.975, 13, 23, 2520, 17.51, 43, 225
2026/08/02 17:08:34.175, 24, 28, 2520, 17.55, 43, 210
2026/08/02 17:08:34.377, 24, 28, 2520, 17.55, 43, 210
2026/08/02 17:08:34.579, 24, 28, 2520, 17.55, 43, 210
2026/08/02 17:08:34.782, 18, 25, 2520, 17.44, 43, 210
2026/08/02 17:08:34.985, 18, 25, 2520, 17.44, 43, 210
2026/08/02 17:08:35.200, 19, 24, 2520, 17.35, 43, 210
2026/08/02 17:08:35.403, 19, 24, 2520, 17.35, 43, 210
2026/08/02 17:08:35.603, 19, 24, 2520, 17.35, 43, 210
2026/08/02 17:08:35.819, 14, 25, 2520, 17.33, 43, 210
2026/08/02 17:08:36.022, 14, 25, 2516, 17.33, 43, 210
2026/08/02 17:08:36.226, 23, 26, 2516, 17.39, 43, 210
2026/08/02 17:08:36.430, 23, 26, 2516, 17.39, 43, 210
2026/08/02 17:08:36.634, 23, 26, 2516, 17.39, 43, 210
2026/08/02 17:08:36.837, 14, 23, 2516, 17.36, 43, 210
2026/08/02 17:08:37.039, 14, 23, 2516, 17.36, 43, 210
2026/08/02 17:08:37.241, 15, 24, 2516, 17.29, 43, 210
2026/08/02 17:08:37.442, 15, 24, 2516, 17.29, 43, 210
2026/08/02 17:08:37.644, 14, 24, 2516, 17.17, 43, 210
2026/08/02 17:08:37.847, 14, 24, 2516, 17.17, 43, 210
2026/08/02 17:08:38.050, 14, 24, 2516, 17.17, 43, 210
2026/08/02 17:08:38.251, 16, 23, 2516, 17.18, 43, 210
2026/08/02 17:08:38.453, 16, 23, 2516, 17.18, 43, 210
2026/08/02 17:08:38.654, 14, 25, 2516, 17.23, 43, 210
2026/08/02 17:08:38.868, 14, 25, 2516, 17.23, 43, 210
2026/08/02 17:08:39.073, 14, 25, 2509, 17.23, 43, 210
2026/08/02 17:08:39.274, 21, 25, 2509, 17.19, 43, 210
2026/08/02 17:08:39.477, 21, 25, 2509, 17.19, 43, 210
2026/08/02 17:08:39.679, 22, 28, 2509, 17.21, 43, 210
2026/08/02 17:08:39.881, 22, 28, 2509, 17.21, 43, 210
2026/08/02 17:08:40.085, 22, 28, 2509, 17.21, 43, 210
2026/08/02 17:08:40.287, 21, 25, 2509, 17.30, 43, 210
2026/08/02 17:08:40.493, 21, 25, 2521, 17.30, 43, 210
2026/08/02 17:08:40.696, 18, 25, 2521, 17.33, 43, 210
2026/08/02 17:08:40.899, 18, 25, 2521, 17.33, 43, 210
2026/08/02 17:08:41.102, 18, 25, 2521, 17.33, 43, 210
2026/08/02 17:08:41.306, 24, 26, 2521, 17.19, 43, 210
2026/08/02 17:08:41.509, 24, 26, 2521, 17.19, 43, 210
2026/08/02 17:08:41.712, 21, 25, 2521, 17.03, 43, 210
2026/08/02 17:08:41.914, 21, 25, 2521, 17.03, 43, 210
2026/08/02 17:08:42.118, 21, 25, 2521, 17.03, 43, 210
2026/08/02 17:08:42.322, 20, 25, 2521, 17.02, 43, 210
2026/08/02 17:08:42.526, 20, 25, 2521, 17.02, 43, 210
2026/08/02 17:08:42.729, 14, 23, 2521, 17.16, 42, 210
2026/08/02 17:08:42.932, 14, 23, 2521, 17.16, 42, 210
2026/08/02 17:08:43.147, 18, 24, 2521, 17.31, 42, 210
2026/08/02 17:08:43.348, 18, 24, 2521, 17.31, 42, 210
2026/08/02 17:08:43.550, 18, 24, 2521, 17.31, 42, 210
2026/08/02 17:08:43.753, 17, 24, 2521, 17.34, 42, 210
2026/08/02 17:08:43.957, 17, 24, 2521, 17.34, 42, 210
2026/08/02 17:08:44.161, 20, 25, 2521, 17.33, 42, 210
2026/08/02 17:08:44.366, 20, 25, 2521, 17.33, 42, 210
2026/08/02 17:08:44.570, 20, 25, 2521, 17.33, 42, 210
2026/08/02 17:08:44.775, 14, 24, 2521, 17.29, 42, 210
2026/08/02 17:08:44.981, 14, 24, 2521, 17.29, 42, 210
2026/08/02 17:08:45.186, 21, 25, 2521, 17.29, 42, 210
2026/08/02 17:08:45.393, 21, 25, 2521, 17.29, 42, 210
2026/08/02 17:08:45.597, 21, 25, 2521, 17.29, 42, 210
2026/08/02 17:08:45.802, 17, 24, 2521, 17.26, 42, 210
2026/08/02 17:08:46.006, 17, 24, 2521, 17.26, 42, 210
2026/08/02 17:08:46.209, 18, 24, 2521, 17.23, 42, 210
2026/08/02 17:08:46.423, 18, 24, 2521, 17.23, 42, 210
2026/08/02 17:08:46.625, 18, 24, 2521, 17.23, 42, 210
2026/08/02 17:08:46.827, 15, 23, 2521, 17.16, 42, 210
2026/08/02 17:08:47.031, 15, 23, 2521, 17.16, 42, 210
2026/08/02 17:08:47.233, 18, 25, 2521, 17.12, 42, 210
2026/08/02 17:08:47.434, 18, 25, 2521, 17.12, 42, 210
2026/08/02 17:08:47.637, 18, 25, 2521, 17.12, 42, 210
2026/08/02 17:08:47.841, 17, 24, 2527, 17.12, 42, 210
2026/08/02 17:08:48.043, 17, 24, 2540, 17.12, 42, 210
2026/08/02 17:08:48.247, 31, 30, 2554, 17.14, 42, 210
2026/08/02 17:08:48.448, 31, 30, 2578, 17.14, 42, 210
2026/08/02 17:08:48.652, 62, 51, 2573, 18.05, 42, 585
2026/08/02 17:08:48.854, 62, 51, 2573, 18.05, 42, 585
2026/08/02 17:08:49.055, 62, 51, 2573, 18.05, 42, 585
2026/08/02 17:08:49.258, 9, 11, 2573, 19.02, 42, 585
2026/08/02 17:08:49.461, 9, 11, 2569, 19.02, 42, 585
2026/08/02 17:08:49.664, 8, 13, 2561, 19.18, 42, 585
2026/08/02 17:08:49.867, 8, 13, 2562, 19.18, 42, 585
2026/08/02 17:08:50.070, 8, 13, 2562, 19.18, 42, 585
2026/08/02 17:08:50.272, 9, 13, 2562, 19.09, 42, 585
2026/08/02 17:08:50.473, 9, 13, 2562, 19.09, 42, 585
2026/08/02 17:08:50.689, 13, 24, 2567, 18.77, 42, 225
2026/08/02 17:08:50.889, 13, 24, 2567, 18.77, 42, 225
2026/08/02 17:08:51.090, 13, 24, 2566, 18.77, 42, 225
2026/08/02 17:08:51.294, 62, 45, 2565, 18.26, 42, 240
2026/08/02 17:08:51.494, 62, 45, 2559, 18.26, 42, 240
2026/08/02 17:08:51.697, 8, 21, 2559, 17.73, 42, 345
2026/08/02 17:08:51.901, 8, 21, 2559, 17.73, 42, 345
2026/08/02 17:08:52.104, 8, 21, 2546, 17.73, 42, 345
2026/08/02 17:08:52.307, 60, 51, 2546, 17.79, 42, 345
2026/08/02 17:08:52.509, 60, 51, 2546, 17.79, 42, 345
2026/08/02 17:08:52.723, 13, 13, 2546, 18.55, 42, 555
2026/08/02 17:08:52.927, 13, 13, 2546, 18.55, 42, 555
2026/08/02 17:08:53.130, 13, 13, 2546, 18.55, 42, 555
2026/08/02 17:08:53.333, 11, 13, 2545, 19.59, 42, 555
2026/08/02 17:08:53.535, 11, 13, 2541, 19.59, 42, 555
2026/08/02 17:08:53.737, 8, 12, 2538, 19.27, 42, 555
2026/08/02 17:08:53.939, 8, 12, 2538, 19.27, 42, 555
2026/08/02 17:08:54.140, 20, 24, 2537, 18.91, 42, 240
2026/08/02 17:08:54.345, 20, 24, 2537, 18.91, 42, 240
2026/08/02 17:08:54.547, 20, 24, 2536, 18.91, 42, 240
2026/08/02 17:08:54.748, 17, 24, 2536, 17.90, 42, 210
2026/08/02 17:08:54.951, 17, 24, 2536, 17.90, 42, 210
2026/08/02 17:08:55.152, 27, 27, 2534, 16.95, 42, 210
2026/08/02 17:08:55.356, 27, 27, 2540, 16.95, 42, 210
2026/08/02 17:08:55.558, 27, 27, 2540, 16.95, 42, 210
2026/08/02 17:08:55.762, 19, 24, 2540, 16.93, 42, 210
2026/08/02 17:08:55.965, 19, 24, 2547, 16.93, 42, 210
2026/08/02 17:08:56.165, 16, 23, 2547, 16.94, 42, 210
2026/08/02 17:08:56.367, 16, 23, 2558, 16.94, 42, 210
2026/08/02 17:08:56.573, 16, 23, 2558, 16.94, 42, 210
2026/08/02 17:08:56.777, 49, 42, 2558, 17.62, 42, 450
2026/08/02 17:08:56.981, 49, 42, 2649, 17.62, 42, 450
2026/08/02 17:08:57.183, 14, 13, 2651, 18.61, 42, 450
2026/08/02 17:08:57.388, 14, 13, 2655, 18.61, 42, 450
